text_id,token,label
000047-001,Selama,O
000047-001,masa-masa,O
000047-001,itu,O
000047-001,orang-orang,O
000047-001,Quraisy,O
000047-001,juga,O
000047-001,disibukkan,O
000047-001,urusan,O
000047-001,lain,O
000047-001,",",O
000047-001,yaitu,O
000047-001,semakin,O
000047-001,dekatnya,O
000047-001,jarak,O
000047-001,antara,O
000047-001,dakwah,O
000047-001,secara,O
000047-001,terang-terangan,O
000047-001,dengan,O
000047-001,musim,O
000047-001,haji,O
000047-001,.,O
000047-001,Mereka,O
000047-001,menyadari,O
000047-001,bahwa,O
000047-001,berbagai,O
000047-001,utusan,O
000047-001,dari,O
000047-001,seluruh,O
000047-001,Jazirah,B_LOCATION
000047-001,Arab,I_LOCATION
000047-001,akan,O
000047-001,mendatangi,O
000047-001,mereka,O
000047-001,.,O
000047-001,Oleh,O
000047-001,karena,O
000047-001,itu,O
000047-001,mereka,O
000047-001,berpendapat,O
000047-001,untuk,O
000047-001,mengeluarkan,O
000047-001,satu,O
000047-001,pernyataan,O
000047-001,resmi,O
000047-001,yang,O
000047-001,disampaikan,O
000047-001,kepada,O
000047-001,bangsa,O
000047-001,Arab,O
000047-001,tentang,O
000047-001,status,O
000047-001,Muhammad,B_PERSON
000047-001,",",O
000047-001,agar,O
000047-001,dakwah,O
000047-001,beliau,O
000047-001,tidak,O
000047-001,meninggalkan,O
000047-001,pengaruh,O
000047-001,di,O
000047-001,dalam,O
000047-001,jiwa,O
000047-001,mereka,O
000047-001,.,O
000047-001,Mereka,O
000047-001,pun,O
000047-001,berkumpul,O
000047-001,di,O
000047-001,tempat,O
000047-001,Al-Walid,B_PERSON
000047-001,bin,I_PERSON
000047-001,Al-Mughirah,I_PERSON
000047-001,",",O
000047-001,memperbincangkan,O
000047-001,masalah,O
000047-001,ini,O
000047-001,.,O
000047-001,Al-Walid,O
000047-001,berkata,O
000047-001,",",O
000047-001,Ambil,O
000047-001,satu,O
000047-001,kesimpulan,O
000047-001,tentang,O
000047-001,masalah,O
000047-001,ini,O
000047-001,",",O
000047-001,dan,O
000047-001,jangan,O
000047-001,sampai,O
000047-001,kalian,O
000047-001,saling,O
000047-001,berbeda,O
000047-001,pendapat,O
000047-001,",",O
000047-001,sehingga,O
000047-001,sebagian,O
000047-001,di,O
000047-001,antara,O
000047-001,kalian,O
000047-001,mendustakan,O
000047-001,sebagian,O
000047-001,yang,O
000047-001,lain,O
000047-001,",",O
000047-001,sebagian,O
000047-001,menyanggah,O
000047-001,sebagian,O
000047-001,yang,O
000047-001,lain,O
000047-001,".""""",O
000047-001,"""",O
000047-001,Pendapatmu,O
000047-001,sendiri,O
000047-001,bagaimana,O
000047-001,"?""",O
000047-001,tanya,O
000047-001,mereka,O
000047-001,.,O
000047-001,"""",O
000047-001,Sampaikan,O
000047-001,dulu,O
000047-001,pendapat,O
000047-001,kalian,O
000047-001,",",O
000047-001,biar,O
000047-001,aku,O
000047-001,mendengarnya,O
000047-001,",""",O
000047-001,kata,O
000047-001,Al-Walid,O
000047-001,"""",O
000047-001,Kita,O
000047-001,katakan,O
000047-001,saja,O
000047-001,bahwa,O
000047-001,dia,O
000047-001,adalah,O
000047-001,seorang,O
000047-001,dukun,O
000047-001,".""",O
000047-001,"""",O
000047-001,Tidak,O
000047-001,",",O
000047-001,demi,O
000047-001,Allah,O
000047-001,",",O
000047-001,dia,O
000047-001,bukanlah,O
000047-001,seorang,O
000047-001,dukun,O
000047-001,",""",O
000047-001,jawab,O
000047-001,Al-Walid,O
000047-001,",",O
000047-001,toh,O
000047-001,kita,O
000047-001,pernah,O
000047-001,melihat,O
000047-001,para,O
000047-001,dukun,O
000047-001,.,O
000047-001,Dia,O
000047-001,sama,O
000047-001,sekali,O
000047-001,tidak,O
000047-001,menggunakan,O
000047-001,sajak,O
000047-001,dan,O
000047-001,mantera,O
000047-001,seperti,O
000047-001,dukun,O
000047-001,".""",O
000047-001,"""",O
000047-001,Kita,O
000047-001,katakan,O
000047-001,saja,O
000047-001,",",O
000047-001,dia,O
000047-001,orang,O
000047-001,sinting,O
000047-001,",""",O
000047-001,kata,O
000047-001,mereka,O
000047-001,.,O
000047-001,"""",O
000047-001,Dia,O
000047-001,bukanlah,O
000047-001,orang,O
000047-001,sinting,O
000047-001,",""",O
000047-001,kata,O
000047-001,Al-Walid,O
000047-001,",",O
000047-001,"""",O
000047-001,toh,O
000047-001,kita,O
000047-001,sudah,O
000047-001,melihat,O
000047-001,orang-orang,O
000047-001,sinting,O
000047-001,dan,O
000047-001,mengetahuinya,O
000047-001,.,O
000047-001,Dia,O
000047-001,tidak,O
000047-001,menangis,O
000047-001,tersedu-sedu,O
000047-001,tidak,O
000047-001,bertindak,O
000047-001,sekenanya,O
000047-001,dan,O
000047-001,tidak,O
000047-001,berbisik-bisik,O
000047-001,layaknya,O
000047-001,orang,O
000047-001,sinting,O
000047-001,".""",O
000047-001,"""",O
000047-001,Kita,O
000047-001,katakan,O
000047-001,saja,O
000047-001,",",O
000047-001,dia,O
000047-001,seorang,O
000047-001,penyair,O
000047-001,",""",O
000047-001,kata,O
000047-001,mereka,O
000047-001,.,O
000049-011,Setelah,O
000049-011,itu,O
000049-011,dia,O
000049-011,disuruh,O
000049-011,duduk,O
000049-011,dan,O
000049-011,di,O
000049-011,bawah,O
000049-011,terik,O
000049-011,matahari,O
000049-011,dan,O
000049-011,dibiarkan,O
000049-011,kelaparan,O
000049-011,.,O
000049-011,Penyiksaan,O
000049-011,paling,O
000049-011,keras,O
000049-011,yang,O
000049-011,dialaminya,O
000049-011,",",O
000049-011,suatu,O
000049-011,hari,O
000049-011,dia,O
000049-011,dibawa,O
000049-011,keluar,O
000049-011,selagi,O
000049-011,matahari,O
000049-011,tepat,O
000049-011,di,O
000049-011,tengah,O
000049-011,ufuk,O
000049-011,.,O
000049-011,lalu,O
000049-011,dia,O
000049-011,ditelentangkan,O
000049-011,di,O
000049-011,atas,O
000049-011,padang,O
000049-011,pasir,O
000049-011,Makkah,B_LOCATION
000049-011,.,O
000049-011,Umayyah,B_PERSON
000049-011,meminta,O
000049-011,sebuah,O
000049-011,batu,O
000049-011,yang,O
000049-011,besar,O
000049-011,lalu,O
000049-011,diletakkan,O
000049-011,di,O
000049-011,atas,O
000049-011,dada,O
000049-011,Bilal,B_PERSON
000049-011,",",O
000049-011,seraya,O
000049-011,berkata,O
000049-011,",",O
000049-011,"""",O
000049-011,Tidak,O
000049-011,demi,O
000049-011,Allah,O
000049-011,",",O
000049-011,kamu,O
000049-011,tetap,O
000049-011,seperti,O
000049-011,ini,O
000049-011,hingga,O
000049-011,kamu,O
000049-011,mati,O
000049-011,atau,O
000049-011,mengingkari,O
000049-011,Muhammad,B_PERSON
000049-011,serta,O
000049-011,menyembah,O
000049-011,Lata,O
000049-011,dan,O
000049-011,Uzza,O
000049-011,".""",O
000049-011,Bilal,B_PERSON
000049-011,hanya,O
000049-011,mampu,O
000049-011,berucap,O
000049-011,",",O
000049-011,"""",O
000049-011,Ahad,O
000049-011,",",O
000049-011,Ahad,O
000049-011,...,O
000049-011,Suatu,O
000049-011,hari,O
000049-011,Abu,B_PERSON
000049-011,Bakar,I_PERSON
000049-011,lewat,O
000049-011,selagi,O
000049-011,orang-orang,O
000049-011,Quraisy,O
000049-011,berbuat,O
000049-011,seperti,O
000049-011,itu,O
000049-011,terhadap,O
000049-011,Bilal,B_PERSON
000049-011,.,O
000049-011,Lalu,O
000049-011,Abu,B_PERSON
000049-011,Bakar,I_PERSON
000049-011,membeli,O
000049-011,Bilal,B_PERSON
000049-011,dengan,O
000049-011,seorang,O
000049-011,pemuda,O
000049-011,berkulit,O
000049-011,hitam,O
000049-011,.,O
000049-011,Ada,O
000049-011,yang,O
000049-011,berpendapat,O
000049-011,",",O
000049-011,Abu,B_PERSON
000049-011,Bakar,I_PERSON
000049-011,membelinya,O
000049-011,dengan,O
000049-011,tujuh,O
000049-011,uqiyah,O
000049-011,atau,O
000049-011,lima,O
000049-011,keping,O
000049-011,perak,O
000049-011,",",O
000049-011,lalu,O
000049-011,Ammar,B_PERSON
000049-011,bin,I_PERSON
000049-011,Yasir,I_PERSON
000049-011,",",O
000049-011,budak,O
000049-011,Bani,O
000049-011,Makhzum,O
000049-011,",",O
000049-011,masuk,O
000049-011,Islam,O
000049-011,bersama,O
000049-011,ibu,O
000049-011,dan,O
000049-011,bapaknya,O
000049-011,.,O
000049-011,Orang-orang,O
000049-011,musyrik,O
000049-011,yang,O
000049-011,dipimpin,O
000049-011,Abu,B_PERSON
000049-011,Jahal,I_PERSON
000049-011,menyeret,O
000049-011,mereka,O
000049-011,ke,O
000049-011,tengah,O
000049-011,padang,O
000049-011,pasir,O
000049-011,yang,O
000049-011,panas,O
000049-011,membara,O
000049-011,lalu,O
000049-011,menyiksa,O
000049-011,mereka,O
000049-011,.,O
000049-011,Nabi,O
000049-011,lewat,O
000049-011,selagi,O
000049-011,mereka,O
000049-011,disiksa,O
000049-011,.,O
000049-011,Beliau,O
000049-011,bersabda,O
000049-011,",",O
000049-011,"""",O
000049-011,Sabarlah,O
000049-011,wahai,O
000049-011,keluarga,O
000049-011,Yasir,O
000049-011,!,O
000049-011,Sesungguhnya,O
000049-011,tempat,O
000049-011,yang,O
000049-011,sudah,O
000049-011,dijanjikan,O
000049-011,bagi,O
000049-011,kalian,O
000049-011,adalah,O
000049-011,surga.',O
000049-011,Yasir,B_PERSON
000049-011,meninggal,O
000049-011,dunia,O
000049-011,dalam,O
000049-011,penyiksaan,O
000049-011,itu,O
000049-011,",",O
000049-011,dan,O
000049-011,ibu,O
000049-011,Ammar,B_PERSON
000049-011,",",O
000049-011,Sumayyah,B_PERSON
000049-011,ditikam,O
000049-011,Abu,B_PERSON
000049-011,Jahal,I_PERSON
000049-011,dengan,O
000049-011,menggunakan,O
000049-011,tombak,O
000049-011,",",O
000049-011,hingga,O
000049-011,meninggal,O
000049-011,dunia,O
000049-011,Dialah,O
000049-011,wanita,O
000049-011,pertama,O
000049-011,yang,O
000049-011,mati,O
000049-011,syahid,O
000049-011,dalam,O
000049-011,Islam,O
000049-011,.,O
000049-011,Sedangkan,O
000049-011,Ammar,B_PERSON
000049-011,yang,O
000049-011,masih,O
000049-011,hidup,O
000049-011,harus,O
000049-011,menghadapi,O
000049-011,penyiksaan,O
000049-011,yang,O
000049-011,lebih,O
000049-011,menyakitkan,O
000049-011,lagi,O
000049-011,Sebuah,O
000049-011,batu,O
000049-011,yang,O
000049-011,panas,O
000049-011,diletakkan,O
000049-011,di,O
000049-011,dadanya,O
000049-011,dan,O
000049-011,sebagian,O
000049-011,tubuhnya,O
000049-011,yang,O
000049-011,lain,O
000049-011,dibenamkan,O
000049-011,di,O
000049-011,dalam,O
000049-011,pasir,O
000049-011,yang,O
000049-011,panas,O
000049-011,membara,O
000049-011,.,O
000051-003,Rasulullah,B_PERSON
000051-003,sudah,O
000051-003,tahu,O
000051-003,bahwa,O
000051-003,Ashhamah,O
000051-003,An-Najasyi,B_PERSON
000051-003,",",O
000051-003,raja,O
000051-003,yang,O
000051-003,berkuasa,O
000051-003,di,O
000051-003,Habasyah,B_LOCATION
000051-003,adalah,O
000051-003,seorang,O
000051-003,raja,O
000051-003,yang,O
000051-003,adil,O
000051-003,",",O
000051-003,tak,O
000051-003,bakal,O
000051-003,ada,O
000051-003,seorang,O
000051-003,pun,O
000051-003,yang,O
000051-003,teraniaya,O
000051-003,di,O
000051-003,sisinya,O
000051-003,.,O
000051-003,Oleh,O
000051-003,karena,O
000051-003,itu,O
000051-003,beliau,O
000051-003,memerintahkan,O
000051-003,agar,O
000051-003,beberapa,O
000051-003,orang,O
000051-003,Muslim,O
000051-003,hijrah,O
000051-003,ke,O
000051-003,Habasyah,B_LOCATION
000051-003,",",O
000051-003,melepaskan,O
000051-003,diri,O
000051-003,dari,O
000051-003,cobaan,O
000051-003,sambil,O
000051-003,membawa,O
000051-003,agamanya,O
000051-003,.,O
000051-003,Pada,O
000051-003,bulan,B_TIME
000051-003,Rajab,I_TIME
000051-003,tahun,O
000051-003,kelima,O
000051-003,dari,O
000051-003,nubuwah,O
000051-003,",",O
000051-003,sekelompok,O
000051-003,sahabat,O
000051-003,hijrah,O
000051-003,yang,O
000051-003,pertama,O
000051-003,kali,O
000051-003,ke,O
000051-003,Habasyah,B_LOCATION
000051-003,",",O
000051-003,terdiri,O
000051-003,dari,O
000051-003,dua,O
000051-003,belas,O
000051-003,orang,O
000051-003,laki-laki,O
000051-003,dan,O
000051-003,empat,O
000051-003,orang,O
000051-003,wanita,O
000051-003,",",O
000051-003,yang,O
000051-003,dipimpin,O
000051-003,Utsman,B_PERSON
000051-003,bin,I_PERSON
000051-003,Affan,I_PERSON
000051-003,.,O
000051-003,Dalam,O
000051-003,rombongan,O
000051-003,ini,O
000051-003,ikut,O
000051-003,pula,O
000051-003,Sayyidah,O
000051-003,Ruqayyah,B_PERSON
000051-003,",",O
000051-003,putri,O
000051-003,Rasulullah,B_PERSON
000051-003,.,O
000051-003,Beliau,O
000051-003,bersabda,O
000051-003,tentang,O
000051-003,keduanya,O
000051-003,",",O
000051-003,"""",O
000051-003,Mereka,O
000051-003,berdua,O
000051-003,adalah,O
000051-003,penduduk,O
000051-003,Baitul-Haram,B_LOCATION
000051-003,pertama,O
000051-003,yang,O
000051-003,hijrah,O
000051-003,di,O
000051-003,jalan,O
000051-003,Allah,O
000051-003,setelah,O
000051-003,Ibrahim,B_PERSON
000051-003,dan,O
000051-003,83,O
000051-003,Mukhashar,O
000051-003,Siratir-Rasul,O
000051-003,",",O
000051-003,Syaikh,O
000051-003,Abdullah,B_PERSON
000051-003,An-Najdi,O
000051-003,",",O
000051-003,hal,O
000051-003,.,O
000051-003,92-93,O
000051-003,;,O
000051-003,Zadul-Ma'd,O
000051-003,",",O
000051-003,1/24,O
000051-003,;,O
000051-003,Rahmah,O
000051-003,Lil-,O
000051-003,'alamin,O
000051-003,",",O
000051-003,1/61,O
000051-003,.,O
000051-003,Dengan,O
000051-003,berjalan,O
000051-003,mengendap-ngendap,O
000051-003,di,O
000051-003,tengah,O
000051-003,malam,O
000051-003,",",O
000051-003,mereka,O
000051-003,pergi,O
000051-003,menuju,O
000051-003,pinggir,O
000051-003,pantai,O
000051-003,",",O
000051-003,agar,O
000051-003,tidak,O
000051-003,diketahui,O
000051-003,orang-orang,O
000051-003,Quraisy,O
000051-003,.,O
000051-003,Secara,O
000051-003,kebetulan,O
000051-003,saat,O
000051-003,mereka,O
000051-003,tiba,O
000051-003,di,O
000051-003,pelabuhan,O
000051-003,Syaiban,B_LOCATION
000051-003,",",O
000051-003,ada,O
000051-003,dua,O
000051-003,kapal,O
000051-003,datang,O
000051-003,yang,O
000051-003,bertolak,O
000051-003,menuju,O
000051-003,Habasyah,B_LOCATION
000051-003,.,O
000051-003,Setelah,O
000051-003,orang-orang,O
000051-003,Quraisy,O
000051-003,mengetahui,O
000051-003,kepergian,O
000051-003,orang-orang,O
000051-003,Muslim,O
000051-003,ini,O
000051-003,",",O
000051-003,mereka,O
000051-003,segera,O
000051-003,mengejar,O
000051-003,.,O
000051-003,Tetapi,O
000051-003,tatkala,O
000051-003,mereka,O
000051-003,tiba,O
000051-003,di,O
000051-003,pinggir,O
000051-003,pantai,O
000051-003,",",O
000051-003,orang-orang,O
000051-003,Muslim,O
000051-003,sudah,O
000051-003,bertolak,O
000051-003,dengan,O
000051-003,selamat,O
000051-003,.,O
000051-003,Orang,O
000051-003,orang,O
000051-003,Muslim,O
000051-003,hidup,O
000051-003,di,O
000051-003,sana,O
000051-003,dengan,O
000051-003,mendapat,O
000051-003,perlakuan,O
000051-003,yang,O
000051-003,baik,O
000051-003,.,O
000051-003,Pada,O
000051-003,bulan,B_TIME
000051-003,Ramadhan,I_TIME
000051-003,di,O
000051-003,tahun,O
000051-003,yang,O
000051-003,sama,O
000051-003,",",O
000051-003,Nabi,O
000051-003,keluar,O
000051-003,dari,O
000051-003,Masjidil,B_LOCATION
000051-003,Haram,I_LOCATION
000051-003,",",O
000051-003,yang,O
000051-003,saat,O
000051-003,itu,O
000051-003,para,O
000051-003,pemuka,O
000051-003,dan,O
000051-003,pembesar,O
000051-003,Quraisy,O
000051-003,sedang,O
000051-003,berkumpul,O
000051-003,di,O
000051-003,sana,O
000051-003,.,O
000052-004,Lalu,O
000052-004,kaum,O
000052-004,kami,O
000052-004,memusuhi,O
000052-004,kami,O
000052-004,",",O
000052-004,menyiksa,O
000052-004,kami,O
000052-004,dan,O
000052-004,menimbulkan,O
000052-004,cobaan,O
000052-004,terhadap,O
000052-004,agama,O
000052-004,kami,O
000052-004,",",O
000052-004,dengan,O
000052-004,tujuan,O
000052-004,untuk,O
000052-004,mengembalikan,O
000052-004,kami,O
000052-004,kepada,O
000052-004,penyembahan,O
000052-004,terhadap,O
000052-004,patung,O
000052-004,",",O
000052-004,tanpa,O
000052-004,diperbolehkan,O
000052-004,menyembah,O
000052-004,Allah,O
000052-004,",",O
000052-004,agar,O
000052-004,kami,O
000052-004,menghalalkan,O
000052-004,berbagai,O
000052-004,macam,O
000052-004,keburukan,O
000052-004,seperti,O
000052-004,dahulu,O
000052-004,.,O
000052-004,Setelah,O
000052-004,mereka,O
000052-004,menekan,O
000052-004,",",O
000052-004,berbuat,O
000052-004,semena-mena,O
000052-004,",",O
000052-004,mempersempit,O
000052-004,gerak,O
000052-004,kami,O
000052-004,dan,O
000052-004,menghalangi,O
000052-004,diri,O
000052-004,kami,O
000052-004,dari,O
000052-004,agama,O
000052-004,kami,O
000052-004,",",O
000052-004,maka,O
000052-004,kami,O
000052-004,pun,O
000052-004,pergi,O
000052-004,ke,O
000052-004,negeri,O
000052-004,tuan,O
000052-004,dan,O
000052-004,memilih,O
000052-004,tuan,O
000052-004,daripada,O
000052-004,orang,O
000052-004,lain,O
000052-004,.,O
000052-004,Kami,O
000052-004,gembira,O
000052-004,mendapat,O
000052-004,perlindungan,O
000052-004,tuan,O
000052-004,dan,O
000052-004,kami,O
000052-004,tetap,O
000052-004,berharap,O
000052-004,agar,O
000052-004,kami,O
000052-004,tidak,O
000052-004,dizhalimi,O
000052-004,di,O
000052-004,sisi,O
000052-004,tuan,O
000052-004,",",O
000052-004,wahai,O
000052-004,tuan,O
000052-004,Raja,O
000052-004,"!""""",O
000052-004,"""",O
000052-004,Apakah,O
000052-004,engkau,O
000052-004,bisa,O
000052-004,membacakan,O
000052-004,sedikit,O
000052-004,ajaran,O
000052-004,dari,O
000052-004,Allah,O
000052-004,yang,O
000052-004,dibawa,O
000052-004,(,O
000052-004,Rasulullah,B_PERSON
000052-004,")?""",O
000052-004,tanya,O
000052-004,Najasyi,B_PERSON
000052-004,.,O
000052-004,"""",O
000052-004,Ya,O
000052-004,".""",O
000052-004,Jawab,O
000052-004,Ja'far,O
000052-004,.,O
000052-004,"""",O
000052-004,Kalau,O
000052-004,begitu,O
000052-004,bacakanlah,O
000052-004,kepadaku,O
000052-004,"!""",O
000052-004,Lalu,O
000052-004,Ja'far,O
000052-004,membacakan,O
000052-004,dengan,O
000052-004,menghafal,O
000052-004,",",O
000052-004,dari,O
000052-004,",",O
000052-004,"""",O
000052-004,Kaf,O
000052-004,ha'ya',O
000052-004,ain,O
000052-004,shad,O
000052-004,""".",O
000052-004,Dari,O
000052-004,surat,O
000052-004,Maryam,B_PERSON
000052-004,.,O
000052-004,Demi,O
000052-004,Allah,O
000052-004,",",O
000052-004,Najasyi,B_PERSON
000052-004,menangis,O
000052-004,hingga,O
000052-004,membasahi,O
000052-004,jenggotnya,O
000052-004,",",O
000052-004,begitu,O
000052-004,pula,O
000052-004,para,O
000052-004,uskupnya,O
000052-004,hingga,O
000052-004,jenggot,O
000052-004,mereka,O
000052-004,basah,O
000052-004,oleh,O
000052-004,air,O
000052-004,mata,O
000052-004,",",O
000052-004,tatkala,O
000052-004,mendengar,O
000052-004,apa,O
000052-004,yang,O
000052-004,dibacakan,O
000052-004,kepada,O
000052-004,mereka,O
000052-004,.,O
000052-004,Kemudian,O
000052-004,Najasyi,B_PERSON
000052-004,berkata,O
000052-004,",",O
000052-004,"""",O
000052-004,Sesungguhnya,O
000052-004,ini,O
000052-004,dan,O
000052-004,yang,O
000052-004,dibawa,O
000052-004,Isa,B_PERSON
000052-004,benar-,O
000052-004,benar,O
000052-004,keluar,O
000052-004,dari,O
000052-004,satu,O
000052-004,misykat,O
000052-004,.,O
000052-004,Pergilah,O
000052-004,kalian,O
000052-004,berdua,O
000052-004,.,O
000052-004,Demi,O
000052-004,Allah,O
000052-004,aku,O
000052-004,tidak,O
000052-004,akan,O
000052-004,menyerahkan,O
000052-004,mereka,O
000052-004,kepada,O
000052-004,kalian,O
000052-004,berdua,O
000052-004,dan,O
000052-004,sama,O
000052-004,sekali,O
000052-004,tidak,O
000052-004,".""",O
000052-004,Maka,O
000052-004,keduanya,O
000052-004,beranjak,O
000052-004,pergi,O
000052-004,dari,O
000052-004,hadapan,O
000052-004,Najasyi,B_PERSON
000052-004,.,O
000058-002,98,O
000058-002,Tarikhu,O
000058-002,Umar,B_PERSON
000058-002,bin,I_PERSON
000058-002,Al-Khaththab,I_PERSON
000058-002,",",O
000058-002,hal,O
000058-002,.,O
000058-002,13,O
000058-002,99_,O
000058-002,Shahihul-Bukhari,O
000058-002,",",O
000058-002,bab,O
000058-002,Islamu,O
000058-002,Umar,B_PERSON
000058-002,bin,I_PERSON
000058-002,Al-Khaththab,I_PERSON
000058-002,",",O
000058-002,1/545,O
000058-002,Maka,O
000058-002,Utbah,B_PERSON
000058-002,menghampiri,O
000058-002,beliau,O
000058-002,dan,O
000058-002,duduk,O
000058-002,di,O
000058-002,hadapan,O
000058-002,beliau,O
000058-002,",",O
000058-002,lalu,O
000058-002,berkata,O
000058-002,.,O
000058-002,"""",O
000058-002,Wahai,O
000058-002,anak,O
000058-002,saudaraku,O
000058-002,",",O
000058-002,engkau,O
000058-002,termasuk,O
000058-002,golongan,O
000058-002,kami,O
000058-002,.,O
000058-002,Dari,O
000058-002,segi,O
000058-002,keluarga,O
000058-002,dan,O
000058-002,keturunan,O
000058-002,",",O
000058-002,aku,O
000058-002,juga,O
000058-002,tahu,O
000058-002,kedudukanmu,O
000058-002,.,O
000058-002,Engkau,O
000058-002,telah,O
000058-002,membawa,O
000058-002,satu,O
000058-002,urusan,O
000058-002,yang,O
000058-002,besar,O
000058-002,kepada,O
000058-002,kaummu,O
000058-002,",",O
000058-002,yang,O
000058-002,dengan,O
000058-002,urusan,O
000058-002,itu,O
000058-002,engkau,O
000058-002,memecah,O
000058-002,belah,O
000058-002,persatuan,O
000058-002,mereka,O
000058-002,",",O
000058-002,membodohkan,O
000058-002,harapan-harapan,O
000058-002,mereka,O
000058-002,",",O
000058-002,mencela,O
000058-002,sesembahan,O
000058-002,dan,O
000058-002,agama,O
000058-002,mereka,O
000058-002,dan,O
000058-002,mengingkari,O
000058-002,siapa,O
000058-002,pun,O
000058-002,yang,O
000058-002,termasuk,O
000058-002,dalam,O
000058-002,golongan,O
000058-002,leluhur,O
000058-002,mereka,O
000058-002,.,O
000058-002,Sekarang,O
000058-002,dengarkanlah,O
000058-002,",",O
000058-002,aku,O
000058-002,akan,O
000058-002,menawarkan,O
000058-002,beberapa,O
000058-002,hal,O
000058-002,kepadamu,O
000058-002,dan,O
000058-002,engkau,O
000058-002,bisa,O
000058-002,memeriksanya,O
000058-002,",",O
000058-002,siapa,O
000058-002,tahu,O
000058-002,engkau,O
000058-002,mau,O
000058-002,menerima,O
000058-002,sebagian,O
000058-002,di,O
000058-002,antaranya,O
000058-002,".""",O
000058-002,Beliau,O
000058-002,bersabda,O
000058-002,",",O
000058-002,"""",O
000058-002,Katakanlah,O
000058-002,wahai,O
000058-002,Abul,B_PERSON
000058-002,Walid,I_PERSON
000058-002,",",O
000058-002,biar,O
000058-002,kudengarkan,O
000058-002,".""",O
000058-002,"""",O
000058-002,Wahai,O
000058-002,anak,O
000058-002,saudaraku,O
000058-002,",",O
000058-002,jika,O
000058-002,engkau,O
000058-002,menginginkan,O
000058-002,harta,O
000058-002,kekayaan,O
000058-002,sebagai,O
000058-002,pengganti,O
000058-002,dari,O
000058-002,apa,O
000058-002,yang,O
000058-002,engkau,O
000058-002,bawa,O
000058-002,ini,O
000058-002,",",O
000058-002,maka,O
000058-002,kami,O
000058-002,siap,O
000058-002,menghimpun,O
000058-002,harta,O
000058-002,kami,O
000058-002,untuk,O
000058-002,diserahkan,O
000058-002,kepadamu,O
000058-002,",",O
000058-002,sehingga,O
000058-002,engkau,O
000058-002,menjadi,O
000058-002,orang,O
000058-002,yang,O
000058-002,paling,O
000058-002,kaya,O
000058-002,di,O
000058-002,antara,O
000058-002,kami,O
000058-002,.,O
000058-002,Jika,O
000058-002,engkau,O
000058-002,menginginkan,O
000058-002,kedudukan,O
000058-002,",",O
000058-002,maka,O
000058-002,kami,O
000058-002,akan,O
000058-002,mengangkatmu,O
000058-002,sebagai,O
000058-002,pemimpin,O
000058-002,kami,O
000058-002,",",O
000058-002,dan,O
000058-002,kami,O
000058-002,tidak,O
000058-002,akan,O
000058-002,menyisakannya,O
000058-002,bagi,O
000058-002,orang,O
000058-002,selain,O
000058-002,dirimu,O
000058-002,.,O
000058-002,Jika,O
000058-002,engkau,O
000058-002,menginginkan,O
000058-002,kerajaan,O
000058-002,",",O
000058-002,maka,O
000058-002,kami,O
000058-002,akan,O
000058-002,mengangkatmu,O
000058-002,sebagai,O
000058-002,raja,O
000058-002,kami,O
000058-002,.,O
000058-002,Jika,O
000058-002,engkau,O
000058-002,tertimpa,O
000058-002,penyakit,O
000058-002,yang,O
000058-002,tidak,O
000058-002,bisa,O
000058-002,engkau,O
000058-002,obati,O
000058-002,sendiri,O
000058-002,",",O
000058-002,maka,O
000058-002,kami,O
000058-002,carikan,O
000058-002,obat,O
000058-002,bagimu,O
000058-002,dan,O
000058-002,kami,O
000058-002,juga,O
000058-002,siap,O
000058-002,mengeluarkan,O
000058-002,biaya,O
000058-002,hingga,O
000058-002,engkau,O
000058-002,sembuh,O
000058-002,.,O
000120-001,Setelah,O
000120-001,persiapan,O
000120-001,dianggap,O
000120-001,selesai,O
000120-001,",",O
000120-001,mereka,O
000120-001,pun,O
000120-001,berangkat,O
000120-001,meninggalkan,O
000120-001,tempat,O
000120-001,mereka,O
000120-001,.,O
000120-001,Sikap,O
000120-001,mereka,O
000120-001,telah,O
000120-001,digambarkan,O
000120-001,Allah,O
000120-001,dalam,O
000120-001,firman-Nya,O
000120-001,.,O
000120-001,"""...",O
000120-001,dengan,O
000120-001,rasa,O
000120-001,angkuh,O
000120-001,dan,O
000120-001,dengan,O
000120-001,maksud,O
000120-001,riya',O
000120-001,kepada,O
000120-001,manusia,O
000120-001,serta,O
000120-001,menghalangi,O
000120-001,(,O
000120-001,orang,O
000120-001,),O
000120-001,dari,O
000120-001,jalan,O
000120-001,Allah,O
000120-001,.,O
000120-001,"""",O
000120-001,(,O
000120-001,Al-Anfal,O
000120-001,:,O
000120-001,47,O
000120-001,),O
000120-001,Mereka,O
000120-001,datang,O
000120-001,seperti,O
000120-001,yang,O
000120-001,digambarkan,O
000120-001,Rasulullah,B_PERSON
000120-001,",",O
000120-001,"""",O
000120-001,Dengan,O
000120-001,membawa,O
000120-001,kemarahan,O
000120-001,dan,O
000120-001,senjata,O
000120-001,mereka,O
000120-001,.,O
000120-001,Mereka,O
000120-001,memusuhi,O
000120-001,Allah,O
000120-001,dan,O
000120-001,Rasul-Nya,O
000120-001,".""",O
000120-001,Mereka,O
000120-001,pergi,O
000120-001,dengan,O
000120-001,membawa,O
000120-001,kemurkaan,O
000120-001,dan,O
000120-001,kedengkian,O
000120-001,terhadap,O
000120-001,Rasulullah,B_PERSON
000120-001,serta,O
000120-001,para,O
000120-001,sahabat,O
000120-001,",",O
000120-001,di,O
000120-001,samping,O
000120-001,untuk,O
000120-001,menyelamatkan,O
000120-001,kafilah,O
000120-001,dagang,O
000120-001,mereka,O
000120-001,.,O
000120-001,Mereka,O
000120-001,bergerak,O
000120-001,dengan,O
000120-001,cepat,O
000120-001,",",O
000120-001,lurus,O
000120-001,ke,O
000120-001,arah,O
000120-001,utara,O
000120-001,menuju,O
000120-001,Badr,B_LOCATION
000120-001,.,O
000120-001,Mereka,O
000120-001,melewati,O
000120-001,jalur,O
000120-001,Usfan,O
000120-001,",",O
000120-001,Qadid,O
000120-001,",",O
000120-001,dan,O
000120-001,Al-Juhfah,O
000120-001,.,O
000120-001,Di,O
000120-001,sana,O
000120-001,datang,O
000120-001,surat,O
000120-001,dari,O
000120-001,Abu,B_PERSON
000120-001,Sufyan,I_PERSON
000120-001,yang,O
000120-001,isinya,O
000120-001,:,O
000120-001,"""",O
000120-001,Sesungguhnya,O
000120-001,kalian,O
000120-001,keluar,O
000120-001,hanya,O
000120-001,untuk,O
000120-001,menyelamatkan,O
000120-001,kafilah,O
000120-001,dagang,O
000120-001,",",O
000120-001,orang-orang,O
000120-001,kalian,O
000120-001,dan,O
000120-001,harta,O
000120-001,benda,O
000120-001,kalian,O
000120-001,.,O
000120-001,Allah,O
000120-001,telah,O
000120-001,menyelamatkan,O
000120-001,semuanya,O
000120-001,.,O
000120-001,Karena,O
000120-001,itu,O
000120-001,lebih,O
000120-001,baik,O
000120-001,kembalilah,O
000120-001,".""",O
000131-002,Kami,O
000131-002,tidak,O
000131-002,membutuhkan,O
000131-002,kalian,O
000131-002,.,O
000131-002,Kami,O
000131-002,hanya,O
000131-002,menginginkan,O
000131-002,kerabat,O
000131-002,pamanku,O
000131-002,".""",O
000131-002,Lalu,O
000131-002,ada,O
000131-002,di,O
000131-002,antara,O
000131-002,orang-orang,O
000131-002,musyrik,O
000131-002,itu,O
000131-002,yang,O
000131-002,berseru,O
000131-002,dengan,O
000131-002,suara,O
000131-002,lantang,O
000131-002,",",O
000131-002,Hai,O
000131-002,Muhammad,B_PERSON
000131-002,",",O
000131-002,keluarkan,O
000131-002,orang-orang,O
000131-002,yang,O
000131-002,terpandang,O
000131-002,yang,O
000131-002,berasal,O
000131-002,dari,O
000131-002,kaum,O
000131-002,kalian,O
000131-002,".""",O
000131-002,Rasulullah,B_PERSON
000131-002,bersabda,O
000131-002,",",O
000131-002,"""",O
000131-002,Bangunlah,O
000131-002,wahai,O
000131-002,Ubaidah,B_PERSON
000131-002,bin,I_PERSON
000131-002,Al-Harits,I_PERSON
000131-002,",",O
000131-002,engkau,O
000131-002,Hamzah,B_PERSON
000131-002,dan,O
000131-002,engkau,O
000131-002,Ali,B_PERSON
000131-002,"!""",O
000131-002,Tatkala,O
000131-002,tiga,O
000131-002,orang,O
000131-002,Muslim,O
000131-002,ini,O
000131-002,berdiri,O
000131-002,dan,O
000131-002,menghampiri,O
000131-002,tiga,O
000131-002,orang,O
000131-002,musyrik,O
000131-002,itu,O
000131-002,",",O
000131-002,mereka,O
000131-002,bertanya,O
000131-002,",",O
000131-002,"""",O
000131-002,Siapa,O
000131-002,kalian,O
000131-002,ini,O
000131-002,"?""",O
000131-002,Setelah,O
000131-002,pertanyaan,O
000131-002,ini,O
000131-002,dijawab,O
000131-002,",",O
000131-002,mereka,O
000131-002,pun,O
000131-002,berkata,O
000131-002,",",O
000131-002,"""",O
000131-002,Memang,O
000131-002,kalian,O
000131-002,orang-orang,O
000131-002,terpandang,O
000131-002,".""",O
000131-002,Ubaidah,B_PERSON
000131-002,yang,O
000131-002,paling,O
000131-002,tua,O
000131-002,di,O
000131-002,antara,O
000131-002,mereka,O
000131-002,",",O
000131-002,berhadapan,O
000131-002,dengan,O
000131-002,Utbah,B_PERSON
000131-002,bin,I_PERSON
000131-002,Rabi'ah,I_PERSON
000131-002,",",O
000131-002,Hamzah,B_PERSON
000131-002,berhadapan,O
000131-002,dengan,O
000131-002,Syaibah,B_PERSON
000131-002,bin,I_PERSON
000131-002,Rabi'ah,I_PERSON
000131-002,dan,O
000131-002,Ali,B_PERSON
000131-002,berhadapan,O
000131-002,dengan,O
000131-002,Al-Walid,O
000131-002,.,O
000131-002,153,O
000131-002,Hamzah,B_PERSON
000131-002,dan,O
000131-002,Ali,B_PERSON
000131-002,tidak,O
000131-002,terlalu,O
000131-002,kesulitan,O
000131-002,melibas,O
000131-002,lawan,O
000131-002,tandingnya,O
000131-002,.,O
000131-002,Lain,O
000131-002,halnya,O
000131-002,dengan,O
000131-002,Ubaidah,O
000131-002,dan,O
000131-002,lawan,O
000131-002,tandingnya,O
000131-002,.,O
000131-002,Masing-masing,O
000131-002,saling,O
000131-002,melancarkan,O
000131-002,serangan,O
000131-002,hingga,O
000131-002,dua,O
000131-002,kali,O
000131-002,",",O
000131-002,dan,O
000131-002,masing-masing,O
000131-002,melukai,O
000131-002,lawannya,O
000131-002,Kemudian,O
000131-002,Hamzah,B_PERSON
000131-002,dan,O
000131-002,Ali,B_PERSON
000131-002,menghampiri,O
000131-002,Utbah,B_PERSON
000131-002,lalu,O
000131-002,membunuhnya,O
000131-002,.,O
000131-002,Setelah,O
000131-002,itu,O
000131-002,mereka,O
000131-002,berdua,O
000131-002,memapah,O
000131-002,tubuh,O
000131-002,Ubaidah,O
000131-002,yang,O
000131-002,sudah,O
000131-002,lemah,O
000131-002,",",O
000131-002,karena,O
000131-002,kakinya,O
000131-002,tertebas,O
000131-002,hingga,O
000131-002,putus,O
000131-002,.,O
000131-002,Dia,O
000131-002,sama,O
000131-002,sekali,O
000131-002,tidak,O
000131-002,mengeluh,O
000131-002,hingga,O
000131-002,meninggal,O
000131-002,dunia,O
000131-002,di,O
000131-002,Ash-Shafra',B_LOCATION
000131-002,",",O
000131-002,empat,O
000131-002,atau,O
000131-002,lima,O
000131-002,hari,O
000131-002,setelah,O
000131-002,Perang,B_EVENT
000131-002,Badr,I_EVENT
000131-002,",",O
000131-002,di,O
000131-002,tengah,O
000131-002,perjalanan,O
000131-002,pulang,O
000131-002,ke,O
000131-002,Madinah,B_LOCATION
000131-002,.,O
000131-002,Pada,O
000131-002,saat,O
000131-002,itu,O
000131-002,Ali,B_PERSON
000131-002,bersumpah,O
000131-002,kepada,O
000131-002,Allah,O
000131-002,",",O
000131-002,hingga,O
000131-002,karenanya,O
000131-002,turun,O
000131-002,ayat,O
000131-002,tentang,O
000131-002,kiprahnya,O
000131-002,",",O
000131-002,A:z,O
000131-002,"""",O
000131-002,Inilah,O
000131-002,dua,O
000131-002,golongan,O
000131-002,(,O
000131-002,golongan,O
000131-002,Mukmin,O
000131-002,dan,O
000131-002,golongan,O
000131-002,kafir,O
000131-002,),O
000131-002,yang,O
000131-002,bertengkar,O
000131-002,",",O
000131-002,mereka,O
000131-002,saling,O
000131-002,bertengkar,O
000131-002,karena,O
000131-002,Rabb,O
000131-002,mereka,O
000131-002,.,O
000131-002,"""",O
000131-002,Kesudahan,O
000131-002,adu,O
000131-002,tanding,O
000131-002,ini,O
000131-002,merupakan,O
000131-002,awal,O
000131-002,yang,O
000131-002,buruk,O
000131-002,bagi,O
000131-002,orang,O
000131-002,.,O
000134-003,155,O
000134-003,Haizum,O
000134-003,adalah,O
000134-003,nama,O
000134-003,kuda,O
000134-003,Jibril,B_PERSON
000134-003,.,O
000134-003,Ada,O
000134-003,yang,O
000134-003,berpendapat,O
000134-003,",",O
000134-003,namanya,O
000134-003,adalah,O
000134-003,Jzizum,O
000134-003,",",O
000134-003,pent,O
000134-003,.,O
000134-003,Anshar,O
000134-003,yang,O
000134-003,melihat,O
000134-003,kejadian,O
000134-003,ini,O
000134-003,menuturkannya,O
000134-003,kepada,O
000134-003,Rasulullah,B_PERSON
000134-003,.,O
000134-003,Maka,O
000134-003,beliau,O
000134-003,bersabda,O
000134-003,",",O
000134-003,Engkau,O
000134-003,benar,O
000134-003,.,O
000134-003,Itulah,O
000134-003,pertolongan,O
000134-003,dari,O
000134-003,langit,O
000134-003,yang,O
000134-003,Abu,B_PERSON
000134-003,Dawud,I_PERSON
000134-003,Al-Mazini,O
000134-003,berkata,O
000134-003,",",O
000134-003,"""",O
000134-003,Selagi,O
000134-003,aku,O
000134-003,mengejar,O
000134-003,salah,O
000134-003,seorang,O
000134-003,musyrikin,O
000134-003,untuk,O
000134-003,menebasnya,O
000134-003,",",O
000134-003,tiba-tiba,O
000134-003,kepalanya,O
000134-003,sudah,O
000134-003,tertebas,O
000134-003,sebelum,O
000134-003,pedangku,O
000134-003,mengenainya,O
000134-003,.,O
000134-003,Aku,O
000134-003,sadar,O
000134-003,bahwa,O
000134-003,rupanya,O
000134-003,dia,O
000134-003,telah,O
000134-003,dibunuh,O
000134-003,seseorang,O
000134-003,selain,O
000134-003,diriku,O
000134-003,".""",O
000134-003,Ada,O
000134-003,seorang,O
000134-003,Anshar,O
000134-003,datang,O
000134-003,membawa,O
000134-003,Al-Abbas,B_PERSON
000134-003,bin,I_PERSON
000134-003,Abdul,I_PERSON
000134-003,Muththalib,I_PERSON
000134-003,sebagai,O
000134-003,tawanan,O
000134-003,.,O
000134-003,Al-Abbas,B_PERSON
000134-003,berkata,O
000134-003,",",O
000134-003,"""",O
000134-003,Demi,O
000134-003,Allah,O
000134-003,",",O
000134-003,bukan,O
000134-003,orang,O
000134-003,ini,O
000134-003,yang,O
000134-003,tadi,O
000134-003,menawanku,O
000134-003,.,O
000134-003,Tadi,O
000134-003,aku,O
000134-003,ditawan,O
000134-003,seorang,O
000134-003,laki-laki,O
000134-003,botak,O
000134-003,yang,O
000134-003,wajahnya,O
000134-003,sangat,O
000134-003,tampan,O
000134-003,menunggu,O
000134-003,seekor,O
000134-003,kuda,O
000134-003,yang,O
000134-003,gagah,O
000134-003,.,O
000134-003,Aku,O
000134-003,tidak,O
000134-003,pernah,O
000134-003,melihatnya,O
000134-003,ada,O
000134-003,di,O
000134-003,tengah-tengah,O
000134-003,mereka,O
000134-003,".""",O
000134-003,Orang,O
000134-003,Anshar,O
000134-003,itu,O
000134-003,menyahut,O
000134-003,",",O
000134-003,"""",O
000134-003,Akulah,O
000134-003,yang,O
000134-003,telah,O
000134-003,menawannya,O
000134-003,wahai,O
000134-003,Rasulullah,B_PERSON
000134-003,".""",O
000134-003,Beliau,O
000134-003,bersabda,O
000134-003,",",O
000134-003,"""",O
000134-003,Diamlah,O
000134-003,kau,O
000134-003,",",O
000134-003,karena,O
000134-003,Allah,O
000134-003,telah,O
000134-003,membantumu,O
000134-003,dengan,O
000134-003,seorang,O
000134-003,malaikat,O
000134-003,yang,O
000134-003,mulia,O
000134-003,".""",O
000138-005,Baju-baju,O
000138-005,besiku,O
000138-005,sudah,O
000138-005,hilang,O
000138-005,dan,O
000138-005,hatiku,O
000138-005,menjadi,O
000138-005,galau,O
000138-005,gara-gara,O
000138-005,tawananku,O
000138-005,",""",O
000138-005,kataku,O
000138-005,.,O
000138-005,Di,O
000138-005,dalam,O
000138-005,Zadul-Ma,O
000138-005,'ad,O
000138-005,disebutkan,O
000138-005,bahwa,O
000138-005,Abdurrahman,B_PERSON
000138-005,bin,I_PERSON
000138-005,Auf,I_PERSON
000138-005,berkata,O
000138-005,kepada,O
000138-005,Umayyah,B_PERSON
000138-005,",",O
000138-005,"""",O
000138-005,Telentangkan,O
000138-005,badanmu,O
000138-005,"!""",O
000138-005,Maka,O
000138-005,Umayyah,B_PERSON
000138-005,pun,O
000138-005,menelentangkan,O
000138-005,badannya,O
000138-005,",",O
000138-005,lalu,O
000138-005,Abdurrahman,B_PERSON
000138-005,menelentangkan,O
000138-005,badan,O
000138-005,di,O
000138-005,atas,O
000138-005,badan,O
000138-005,Umayyah,B_PERSON
000138-005,.,O
000138-005,Namun,O
000138-005,mereka,O
000138-005,tetap,O
000138-005,menusuk-nusukkan,O
000138-005,pedang,O
000138-005,ke,O
000138-005,badan,O
000138-005,Umayyah,B_PERSON
000138-005,yang,O
000138-005,ditindih,O
000138-005,Abdurrahman,O
000138-005,.,O
000138-005,Akibatnya,O
000138-005,ada,O
000138-005,di,O
000138-005,antara,O
000138-005,pedang,O
000138-005,mereka,O
000138-005,yang,O
000138-005,juga,O
000138-005,mengenai,O
000138-005,badan,O
000138-005,Abdurrahman,O
000138-005,.,O
000138-005,4,O
000138-005,.,O
000138-005,Dalam,O
000138-005,peperangan,O
000138-005,itu,O
000138-005,Umar,B_PERSON
000138-005,bin,I_PERSON
000138-005,Al-Khaththab,I_PERSON
000138-005,membunuh,O
000138-005,pamannya,O
000138-005,sendiri,O
000138-005,",",O
000138-005,Al-Ash,B_PERSON
000138-005,bin,I_PERSON
000138-005,Hisyam,I_PERSON
000138-005,bin,I_PERSON
000138-005,Al-Mughirah,I_PERSON
000138-005,.,O
000138-005,Saat,O
000138-005,peperangan,O
000138-005,itu,O
000138-005,Abu,B_PERSON
000138-005,Bakar,I_PERSON
000138-005,Ash-Shiddiq,I_PERSON
000138-005,memanggil,O
000138-005,anaknya,O
000138-005,yang,O
000138-005,bergabung,O
000138-005,dengan,O
000138-005,pasukan,O
000138-005,musyrikin,O
000138-005,",",O
000138-005,"""",O
000138-005,Dimanakah,O
000138-005,hartaku,O
000138-005,wahai,O
000138-005,anak,O
000138-005,kecil,O
000138-005,yang,O
000138-005,buruk,O
000138-005,"?""",O
000138-005,Abdurrahman,B_PERSON
000138-005,menjawab,O
000138-005,",",O
000138-005,"""",O
000138-005,Yang,O
000138-005,ada,O
000138-005,pada,O
000138-005,saat,O
000138-005,ini,O
000138-005,adalah,O
000138-005,senjata,O
000138-005,dan,O
000138-005,kuda,O
000138-005,.,O
000138-005,serta,O
000138-005,pedang,O
000138-005,tajam,O
000138-005,yang,O
000138-005,siap,O
000138-005,membabat,O
000138-005,orang,O
000138-005,tua,O
000138-005,yang,O
000138-005,renta,O
000138-005,".""",O
000138-005,6,O
000138-005,.,O
000138-005,Tatkala,O
000138-005,banyak,O
000138-005,pasukan,O
000138-005,musuh,O
000138-005,yang,O
000138-005,menyerah,O
000138-005,dan,O
000138-005,kemudian,O
000138-005,ditawan,O
000138-005,",",O
000138-005,sementara,O
000138-005,saat,O
000138-005,itu,O
000138-005,Rasulullah,B_PERSON
000138-005,berada,O
000138-005,di,O
000138-005,tenda,O
000138-005,bersama,O
000138-005,Sa'd,B_PERSON
000138-005,bin,I_PERSON
000138-005,Mu'adz,I_PERSON
000138-005,yang,O
000138-005,berdiri,O
000138-005,di,O
000138-005,pintu,O
000138-005,tenda,O
000138-005,melihat,O
000138-005,ada,O
000138-005,rona,O
000138-005,ketidaksukaan,O
000138-005,di,O
000138-005,wajah,O
000138-005,Sa'd,O
000138-005,atas,O
000138-005,apa,O
000138-005,yang,O
000138-005,dilakukan,O
000138-005,orang-orang,O
000138-005,.,O
000138-005,Beliau,O
000138-005,bersabda,O
000138-005,kepadanya,O
000138-005,",",O
000138-005,"""",O
000138-005,Demi,O
000138-005,Allah,O
000138-005,",",O
000138-005,sepertinya,O
000138-005,engkau,O
000138-005,tidak,O
000138-005,suka,O
000138-005,melihat,O
000138-005,apa,O
000138-005,yang,O
000138-005,dilakukan,O
000138-005,orang-,O
000138-005,orang,O
000138-005,itu,O
000138-005,wahai,O
000138-005,Sa'd,O
000138-005,".""",O
000138-005,"""",O
000138-005,Demi,O
000138-005,Allah,O
000138-005,",",O
000138-005,begitulah,O
000138-005,wahai,O
000138-005,Rasulullah,B_PERSON
000138-005,",",O
000138-005,"""",O
000138-005,jawabnya,O
000138-005,",",O
000138-005,Ini,O
000138-005,adalah,O
000138-005,peristiwa,O
000138-005,pertama,O
000138-005,yang,O
000138-005,ditimpakan,O
000138-005,Allah,O
000138-005,terhadap,O
000138-005,orang-orang,O
000138-005,musyrik,O
000138-005,.,O
000145-003,Betapa,O
000145-003,mengesankan,O
000145-003,Id,O
000145-003,yang,O
000145-003,penuh,O
000145-003,kebahagiaan,O
000145-003,ini,O
000145-003,",",O
000145-003,setelah,O
000145-003,Allah,O
000145-003,menyematkan,O
000145-003,mahkota,O
000145-003,kemenangan,O
000145-003,dan,O
000145-003,keperkasaan,O
000145-003,kepada,O
000145-003,mereka,O
000145-003,.,O
000145-003,Betapa,O
000145-003,mengagumkan,O
000145-003,shalat,O
000145-003,Idul,O
000145-003,Fitri,O
000145-003,yang,O
000145-003,mereka,O
000145-003,lakukan,O
000145-003,saat,O
000145-003,itu,O
000145-003,",",O
000145-003,setelah,O
000145-003,mereka,O
000145-003,keluar,O
000145-003,dari,O
000145-003,rumah,O
000145-003,dengan,O
000145-003,menyerukan,O
000145-003,suara,O
000145-003,takbir,O
000145-003,",",O
000145-003,tahmid,O
000145-003,",",O
000145-003,dan,O
000145-003,tauhid,O
000145-003,.,O
000145-003,Hat,O
000145-003,mereka,O
000145-003,mekar,O
000145-003,dipenuhi,O
000145-003,kecintaan,O
000145-003,kepada,O
000145-003,Allah,O
000145-003,",",O
000145-003,sambil,O
000145-003,tetap,O
000145-003,mengharapkan,O
000145-003,rahmat,O
000145-003,dan,O
000145-003,keridhaan-Nya,O
000145-003,",",O
000145-003,setelah,O
000145-003,Dia,O
000145-003,memuliakan,O
000145-003,mereka,O
000145-003,dengan,O
000145-003,nikmat,O
000145-003,dan,O
000145-003,menguatkan,O
000145-003,mereka,O
000145-003,dengan,O
000145-003,pertolongan-Nya,O
000145-003,.,O
000145-003,Lalu,O
000145-003,Allah,O
000145-003,mengingatkan,O
000145-003,mereka,O
000145-003,tentang,O
000145-003,semua,O
000145-003,ini,O
000145-003,dengan,O
000145-003,berfirman,O
000145-003,",",O
000145-003,81,O
000145-003,I,O
000145-003,x,O
000145-003,i,O
000145-003,"""",O
000145-003,"Dan,ingatlah",O
000145-003,(,O
000145-003,hai,O
000145-003,para,O
000145-003,Muhajirin,O
000145-003,),O
000145-003,ketika,O
000145-003,kalian,O
000145-003,masih,O
000145-003,berjumlah,O
000145-003,sedikit,O
000145-003,lagi,O
000145-003,tertindas,O
000145-003,di,O
000145-003,bumi,O
000145-003,(,O
000145-003,Makkah,B_LOCATION
000145-003,).,O
000145-003,Kalian,O
000145-003,takut,O
000145-003,orang-orang,O
000145-003,(,O
000145-003,Makkah,B_LOCATION
000145-003,),O
000145-003,akar,O
000145-003,menculik,O
000145-003,kalian,O
000145-003,",",O
000145-003,maka,O
000145-003,Allah,O
000145-003,memberi,O
000145-003,kalian,O
000145-003,tempat,O
000145-003,menetap,O
000145-003,(,O
000145-003,Madinah,B_LOCATION
000145-003,),O
000145-003,dan,O
000145-003,dijadikan-Nya,O
000145-003,kalian,O
000145-003,kuat,O
000145-003,dengan,O
000145-003,pertolongan-Nya,O
000145-003,dan,O
000145-003,diberi-Nya,O
000145-003,kalian,O
000145-003,rezeki,O
000145-003,dari,O
000145-003,yang,O
000145-003,baik-baik,O
000145-003,agar,O
000145-003,kalian,O
000145-003,bersyukur,O
000145-003,.,O
000145-003,"""",O
000145-003,(,O
000145-003,Al-Anfal,O
000145-003,:,O
000145-003,26,O
000145-003,),O
000145-003,Sumur,O
000145-003,Badr,B_LOCATION
000177-002,Aku,O
000177-002,menungguinya,O
000177-002,beberapa,O
000177-002,saat,O
000177-002,hingga,O
000177-002,dia,O
000177-002,benar-benar,O
000177-002,meninggal,O
000177-002,.,O
000177-002,Setelah,O
000177-002,itu,O
000177-002,baru,O
000177-002,kuhampiri,O
000177-002,jasadnya,O
000177-002,dan,O
000177-002,kucabut,O
000177-002,tombakku,O
000177-002,.,O
000177-002,Kemudian,O
000177-002,aku,O
000177-002,kembali,O
000177-002,lagi,O
000177-002,ke,O
000177-002,tenda,O
000177-002,dan,O
000177-002,duduk,O
000177-002,di,O
000177-002,sana,O
000177-002,.,O
000177-002,Aku,O
000177-002,tidak,O
000177-002,mempunyai,O
000177-002,kepentingan,O
000177-002,lain,O
000177-002,.,O
000177-002,Aku,O
000177-002,membunuh,O
000177-002,Hamzah,B_PERSON
000177-002,dengan,O
000177-002,tujuan,O
000177-002,agar,O
000177-002,aku,O
000177-002,menjadi,O
000177-002,orang,O
000177-002,merdeka,O
000177-002,.,O
000177-002,Maka,O
000177-002,setiba,O
000177-002,di,O
000177-002,Makkah,B_LOCATION
000177-002,",",O
000177-002,aku,O
000177-002,pun,O
000177-002,176,O
000177-002,Sirah,O
000177-002,An-Nabawiyah,O
000177-002,",",O
000177-002,Ibnu,B_PERSON
000177-002,Hisyam,I_PERSON
000177-002,",",O
000177-002,2/69-72,O
000177-002,;,O
000177-002,Shahih,O
000177-002,Al-Bukhari,O
000177-002,",",O
000177-002,2/583,O
000177-002,.,O
000177-002,Akhirnya,O
000177-002,Wahsyi,B_PERSON
000177-002,masuk,O
000177-002,Islam,O
000177-002,setelah,O
000177-002,Perang,B_EVENT
000177-002,Tha'if,I_EVENT
000177-002,dan,O
000177-002,akhirnya,O
000177-002,dia,O
000177-002,dapat,O
000177-002,membunuh,O
000177-002,Musailamah,O
000177-002,Al-Kadzdzab,O
000177-002,dengan,O
000177-002,tombaknya,O
000177-002,itu,O
000177-002,pula,O
000177-002,.,O
000177-002,Dia,O
000177-002,juga,O
000177-002,ikut,O
000177-002,bergabung,O
000177-002,dalam,O
000177-002,Perang,B_EVENT
000177-002,Yarmuk,I_EVENT
000177-002,melawan,O
000177-002,pasukan,O
000177-002,Romawi,O
000177-002,.,O
000181-001,Begitulah,O
000181-001,roda,O
000181-001,pertempuran,O
000181-001,terus,O
000181-001,berputar,O
000181-001,dan,O
000181-001,pasukan,O
000181-001,Muslimin,O
000181-001,yang,O
000181-001,kecil,O
000181-001,justru,O
000181-001,menguasai,O
000181-001,seluruh,O
000181-001,keadaan,O
000181-001,",",O
000181-001,sehingga,O
000181-001,sempat,O
000181-001,menyurutkan,O
000181-001,ambisi,O
000181-001,para,O
000181-001,dedengkot,O
000181-001,musyrikin,O
000181-001,",",O
000181-001,dan,O
000181-001,membuat,O
000181-001,barisan,O
000181-001,mereka,O
000181-001,berlari,O
000181-001,menghindar,O
000181-001,ke,O
000181-001,kanan,O
000181-001,",",O
000181-001,ke,O
000181-001,kiri,O
000181-001,",",O
000181-001,ke,O
000181-001,depan,O
000181-001,",",O
000181-001,dan,O
000181-001,ke,O
000181-001,belakang,O
000181-001,.,O
000181-001,Seakan-akan,O
000181-001,tiga,O
000181-001,ribu,O
000181-001,prajurit,O
000181-001,musyrikin,O
000181-001,harus,O
000181-001,berhadapan,O
000181-001,dengan,O
000181-001,tiga,O
000181-001,puluh,O
000181-001,ribu,O
000181-001,prajurit,O
000181-001,Muslim,O
000181-001,.,O
000181-001,Keberanian,O
000181-001,pasukan,O
000181-001,Muslimin,O
000181-001,terlihat,O
000181-001,jelas,O
000181-001,.,O
000181-001,Setelah,O
000181-001,Quraisy,O
000181-001,habis-habisan,O
000181-001,menguras,O
000181-001,tenaganya,O
000181-001,untuk,O
000181-001,menghadang,O
000181-001,serbuan,O
000181-001,pasukan,O
000181-001,Muslimin,O
000181-001,",",O
000181-001,maka,O
000181-001,terlihat,O
000181-001,semangat,O
000181-001,mereka,O
000181-001,yang,O
000181-001,turun,O
000181-001,drastis,O
000181-001,Bahkan,O
000181-001,tak,O
000181-001,seorang,O
000181-001,pun,O
000181-001,di,O
000181-001,antara,O
000181-001,mereka,O
000181-001,yang,O
000181-001,berani,O
000181-001,mendekati,O
000181-001,bendera,O
000181-001,.,O
000181-001,setelah,O
000181-001,terbunuhnya,O
000181-001,pembawa,O
000181-001,bendera,O
000181-001,mereka,O
000181-001,yang,O
000181-001,terakhir,O
000181-001,",",O
000181-001,yaitu,O
000181-001,Shu,B_PERSON
000181-001,ab,I_PERSON
000181-001,.,O
000181-001,Tak,O
000181-001,seorang,O
000181-001,pun,O
000181-001,berani,O
000181-001,mengambil,O
000181-001,bendera,O
000181-001,itu,O
000181-001,agar,O
000181-001,pertempuran,O
000181-001,berlangsung,O
000181-001,seru,O
000181-001,di,O
000181-001,sekitarnya,O
000181-001,.,O
000181-001,Mereka,O
000181-001,sudah,O
000181-001,ancang-ancang,O
000181-001,untuk,O
000181-001,mundur,O
000181-001,dan,O
000181-001,melarikan,O
000181-001,diri,O
000181-001,",",O
000181-001,seakan,O
000181-001,mereka,O
000181-001,lupa,O
000181-001,apa,O
000181-001,yang,O
000181-001,pernah,O
000181-001,bergejolak,O
000181-001,di,O
000181-001,dalam,O
000181-001,hati,O
000181-001,mereka,O
000181-001,sebelum,O
000181-001,itu,O
000181-001,",",O
000181-001,yaitu,O
000181-001,dendam,O
000181-001,kesumat,O
000181-001,dan,O
000181-001,keinginan,O
000181-001,untuk,O
000181-001,mengembalikan,O
000181-001,kejayaan,O
000181-001,",",O
000181-001,kehormatan,O
000181-001,",",O
000181-001,dan,O
000181-001,wibawa,O
000181-001,.,O
000181-001,Ibnu,B_PERSON
000181-001,Ishaq,I_PERSON
000181-001,berkata,O
000181-001,",",O
000181-001,"""",O
000181-001,Kemudian,O
000181-001,Allah,O
000181-001,menurunkan,O
000181-001,pertolongan-Nya,O
000181-001,kepada,O
000181-001,orang-orang,O
000181-001,Muslim,O
000181-001,dan,O
000181-001,memenuhi,O
000181-001,janji-Nya,O
000181-001,",",O
000181-001,sehingga,O
000181-001,mereka,O
000181-001,bisa,O
000181-001,menceraiberaikan,O
000181-001,musuh,O
000181-001,.,O
000185-001,Saat,O
000185-001,pasukan,O
000185-001,Muslimin,O
000185-001,terjepit,O
000185-001,",",O
000185-001,banyak,O
000185-001,di,O
000185-001,antara,O
000185-001,mereka,O
000185-001,yang,O
000185-001,hilang,O
000185-001,kendalinya,O
000185-001,.,O
000185-001,Tidak,O
000185-001,ada,O
000185-001,yang,O
000185-001,dipikirkan,O
000185-001,kecuali,O
000185-001,keselamatan,O
000185-001,diri,O
000185-001,sendiri,O
000185-001,.,O
000185-001,Mereka,O
000185-001,lari,O
000185-001,dan,O
000185-001,meninggalkan,O
000185-001,kancah,O
000185-001,pertempuran,O
000185-001,.,O
000185-001,Mereka,O
000185-001,tidak,O
000185-001,tahu,O
000185-001,apa,O
000185-001,yang,O
000185-001,terjadi,O
000185-001,di,O
000185-001,belakang,O
000185-001,mereka,O
000185-001,setelah,O
000185-001,itu,O
000185-001,.,O
000185-001,Bahkan,O
000185-001,di,O
000185-001,antara,O
000185-001,mereka,O
000185-001,ada,O
000185-001,yang,O
000185-001,kembali,O
000185-001,ke,O
000185-001,Madinah,B_LOCATION
000185-001,.,O
000185-001,Sebagian,O
000185-001,yang,O
000185-001,lain,O
000185-001,ada,O
000185-001,yang,O
000185-001,melarikan,O
000185-001,diri,O
000185-001,ke,O
000185-001,atas,O
000185-001,gunung,O
000185-001,dan,O
000185-001,sebagian,O
000185-001,lain,O
000185-001,ada,O
000185-001,yang,O
000185-001,berbaur,O
000185-001,dengan,O
000185-001,orang-orang,O
000185-001,musyrik,O
000185-001,.,O
000185-001,Dua,O
000185-001,pasukan,O
000185-001,saling,O
000185-001,bercampur,O
000185-001,baur,O
000185-001,dan,O
000185-001,sulit,O
000185-001,dibeda-bedakan,O
000185-001,",",O
000185-001,sehingga,O
000185-001,tak,O
000185-001,jarang,O
000185-001,orang,O
000185-001,Muslim,O
000185-001,ada,O
000185-001,yang,O
000185-001,menyerang,O
000185-001,orang,O
000185-001,Muslim,O
000185-001,lainnya,O
000185-001,.,O
000185-001,Al-Bukhari,O
000185-001,meriwayatkan,O
000185-001,dari,O
000185-001,Aisyah,B_PERSON
000185-001,",",O
000185-001,dia,O
000185-001,berkata,O
000185-001,",",O
000185-001,"""",O
000185-001,Pada,O
000185-001,saat,O
000185-001,Perang,B_EVENT
000185-001,Uhud,I_EVENT
000185-001,",",O
000185-001,orang-orang,O
000185-001,musyrik,O
000185-001,sudah,O
000185-001,kalah,O
000185-001,telak,O
000185-001,.,O
000185-001,Lalu,O
000185-001,ada,O
000185-001,iblis,O
000185-001,yang,O
000185-001,berseru,O
000185-001,.,O
000185-001,'Hai,O
000185-001,hamba-hamba,O
000185-001,Allah,O
000185-001,",",O
000185-001,waspadailah,O
000185-001,orang-orang,O
000185-001,di,O
000185-001,belakang,O
000185-001,kalian,O
000185-001,!,O
000185-001,Keadaan,O
000185-001,menjadi,O
000185-001,berbalik,O
000185-001,dan,O
000185-001,mereka,O
000185-001,menjadi,O
000185-001,campur,O
000185-001,aduk,O
000185-001,.,O
000185-001,Hudzifah,B_PERSON
000185-001,segera,O
000185-001,menyadari,O
000185-001,hal,O
000185-001,ini,O
000185-001,.,O
000185-001,Dia,O
000185-001,yang,O
000185-001,bersama,O
000185-001,ayahnya,O
000185-001,",",O
000185-001,Al-Yaman,B_PERSON
000185-001,",",O
000185-001,berteriak-teriak,O
000185-001,"""",O
000185-001,Hai,O
000185-001,hamba-hamba,O
000185-001,Allah,O
000185-001,",",O
000185-001,dia,O
000185-001,adalah,O
000185-001,ayahku,O
000185-001,"!""",O
000185-001,Dia,O
000185-001,khawatir,O
000185-001,ayahnya,O
000185-001,menjadi,O
000185-001,korban,O
000185-001,salah,O
000185-001,sasaran,O
000185-001,.,O
000185-001,Namun,O
000185-001,tak,O
000185-001,ada,O
000185-001,orang,O
000185-001,yang,O
000185-001,menghalangi,O
000185-001,mereka,O
000185-001,",",O
000185-001,tatkala,O
000185-001,mereka,O
000185-001,membunuh,O
000185-001,ayahnya,O
000185-001,.,O
000185-001,Akhinya,O
000185-001,Hudzaifah,B_PERSON
000185-001,hanya,O
000185-001,bisa,O
000185-001,berkata,O
000185-001,",",O
000185-001,"""",O
000185-001,Semoga,O
000185-001,Allah,O
000185-001,mengampuni,O
000185-001,kalian,O
000185-001,".""",O
000185-001,Ini,O
000185-001,terjadi,O
000185-001,saat,O
000185-001,barisan,O
000185-001,menjadi,O
000185-001,kacau,O
000185-001,balau,O
000185-001,",",O
000185-001,centang,O
000185-001,perenang,O
000185-001,dan,O
000185-001,keadaan,O
000185-001,menjadi,O
000185-001,hingar,O
000185-001,bingar,O
000185-001,.,O
000185-001,Mereka,O
000185-001,tidak,O
000185-001,tahu,O
000185-001,harus,O
000185-001,menghadang,O
000185-001,ke,O
000185-001,mana,O
000185-001,.,O
000187-003,Sambil,O
000187-003,mengusap,O
000187-003,darah,O
000187-003,y,O
000187-003,ang,O
000187-003,mengalir,O
000187-003,dari,O
000187-003,lukanya,O
000187-003,",",O
000187-003,beliau,O
000187-003,bersabda,O
000187-003,",",O
000187-003,"""",O
000187-003,Bagaimana,O
000187-003,mungkin,O
000187-003,suatu,O
000187-003,kaum,O
000187-003,mendapat,O
000187-003,keberuntungan,O
000187-003,jika,O
000187-003,mereka,O
000187-003,melukai,O
000187-003,wajah,O
000187-003,Rasul-Nya,O
000187-003,dan,O
000187-003,memecahkan,O
000187-003,gigi,O
000187-003,serinya,O
000187-003,",",O
000187-003,padahal,O
000187-003,dia,O
000187-003,mendoakan,O
000187-003,mereka,O
000187-003,kepada,O
000187-003,Allah,O
000187-003,"?""",O
000187-003,Lalu,O
000187-003,Allah,O
000187-003,menurunkan,O
000187-003,ayat,O
000187-003,",",O
000187-003,JTg,O
000187-003,"""",O
000187-003,Tak,O
000187-003,ada,O
000187-003,sedikit,O
000187-003,pun,O
000187-003,campur,O
000187-003,tanganmu,O
000187-003,dalam,O
000187-003,urusan,O
000187-003,mereka,O
000187-003,itu,O
000187-003,atau,O
000187-003,Allah,O
000187-003,menerima,O
000187-003,taubat,O
000187-003,mereka,O
000187-003,atau,O
000187-003,mengadzab,O
000187-003,mereka,O
000187-003,itu,O
000187-003,",",O
000187-003,karena,O
000187-003,sesungguhnya,O
000187-003,mereka,O
000187-003,itu,O
000187-003,orang-orang,O
000187-003,yang,O
000187-003,zhalim,O
000187-003,.,O
000187-003,"""",O
000187-003,(,O
000187-003,Ali-Imran,B_PERSON
000187-003,:,O
000187-003,128,O
000187-003,),O
000187-003,Dalam,O
000187-003,riwayat,O
000187-003,Ath-Thabarani,B_PERSON
000187-003,disebutkan,O
000187-003,",",O
000187-003,beliau,O
000187-003,bersabda,O
000187-003,saat,O
000187-003,itu,O
000187-003,",",O
000187-003,"""",O
000187-003,Amat,O
000187-003,besar,O
000187-003,kemarahan,O
000187-003,Allah,O
000187-003,terhadap,O
000187-003,suatu,O
000187-003,kaum,O
000187-003,yang,O
000187-003,membuat,O
000187-003,wajah,O
000187-003,Rasul-Nya,O
000187-003,berdarah,O
000187-003,".""",O
000187-003,Setelah,O
000187-003,diam,O
000187-003,sejenak,O
000187-003,beliau,O
000187-003,bersabda,O
000187-003,lagi,O
000187-003,",",O
000187-003,"""",O
000187-003,Ya,O
000187-003,Allah,O
000187-003,",",O
000187-003,ampunilah,O
000187-003,kaumku,O
000187-003,",",O
000187-003,karena,O
000187-003,sesungguhnya,O
000187-003,mereka,O
000187-003,tidak,O
000187-003,mengetahui,O
000187-003,".""",O
000187-003,Begitu,O
000187-003,pula,O
000187-003,yang,O
000187-003,disebutkan,O
000187-003,dalam,O
000187-003,Shahih,O
000187-003,Muslim,O
000187-003,",",O
000187-003,beliau,O
000187-003,bersabda,O
000187-003,",",O
000187-003,"""",O
000187-003,Ya,O
000187-003,Rabbi,O
000187-003,",",O
000187-003,ampunilah,O
000187-003,kaumku,O
000187-003,",",O
000187-003,karena,O
000187-003,sesungguhnya,O
000187-003,mereka,O
000187-003,tidak,O
000187-003,mengetahui,O
000187-003,".""",O
000187-003,Di,O
000187-003,dalam,O
000187-003,Asy-Shifa,O
000187-003,",",O
000187-003,karangan,O
000187-003,Al-Qadhy,O
000187-003,Iyadh,O
000187-003,",",O
000187-003,beliau,O
000187-003,bersabda,O
000187-003,",",O
000187-003,"""",O
000187-003,Ya,O
000187-003,Allah,O
000187-003,",",O
000187-003,berikanlah,O
000187-003,petunjuk,O
000187-003,kepada,O
000187-003,kaumku,O
000187-003,",",O
000187-003,karena,O
000187-003,sesungguhnya,O
000187-003,mereka,O
000187-003,tidak,O
000187-003,mengetahui,O
000187-003,".""",O
000187-003,Tidak,O
000187-003,dapat,O
000187-003,diragukan,O
000187-003,bahwa,O
000187-003,orang-orang,O
000187-003,musyrik,O
000187-003,bermaksud,O
000187-003,hendak,O
000187-003,membunuh,O
000187-003,Rasulullah,B_PERSON
000187-003,.,O
000187-003,Hanya,O
000187-003,saja,O
000187-003,dua,O
000187-003,orang,O
000187-003,sahabat,O
000187-003,yang,O
000187-003,menyertai,O
000187-003,beliau,O
000187-003,",",O
000187-003,Sa'd,B_PERSON
000187-003,bin,I_PERSON
000187-003,Abi,I_PERSON
000187-003,Waqqash,I_PERSON
000187-003,dan,O
000187-003,Thalhah,B_PERSON
000187-003,bin,I_PERSON
000187-003,Ubaidillah,I_PERSON
000187-003,berjuang,O
000187-003,dengan,O
000187-003,segenap,O
000187-003,keberanian,O
000187-003,dan,O
000187-003,kepahlawanan,O
000187-003,yang,O
000187-003,jarang,O
000187-003,ditemui,O
000187-003,.,O
000187-003,Mereka,O
000187-003,berdua,O
000187-003,",",O
000187-003,sekalipun,O
000187-003,hanya,O
000187-003,berdua,O
000187-003,di,O
000187-003,sisi,O
000187-003,beliau,O
000187-003,tidak,O
000187-003,memberi,O
000187-003,kesempatan,O
000187-003,kepada,O
000187-003,orang-orang,O
000187-003,musyrik,O
000187-003,untuk,O
000187-003,mewujudkan,O
000187-003,maksudnya,O
000187-003,.,O
000206-007,Keduanya,O
000206-007,dapat,O
000206-007,menyusul,O
000206-007,Mu,O
000206-007,awiyah,O
000206-007,lalu,O
000206-007,membunuhnya,O
000206-007,.,O
000206-007,199,O
000206-007,Yang,O
000206-007,pasti,O
000206-007,",",O
000206-007,Perang,B_EVENT
000206-007,Hamra'ul,I_EVENT
000206-007,Asad,I_EVENT
000206-007,ini,O
000206-007,bukan,O
000206-007,merupakan,O
000206-007,peperangan,O
000206-007,yang,O
000206-007,berdiri,O
000206-007,sendiri,O
000206-007,",",O
000206-007,tetapi,O
000206-007,merupakan,O
000206-007,bagian,O
000206-007,dari,O
000206-007,Perang,B_EVENT
000206-007,Uhud,I_EVENT
000206-007,dan,O
000206-007,kelanjutannya,O
000206-007,.,O
000206-007,Itulah,O
000206-007,Perang,B_EVENT
000206-007,Uhud,I_EVENT
000206-007,dengan,O
000206-007,seluruh,O
000206-007,tahapan,O
000206-007,dan,O
000206-007,rinciannya,O
000206-007,.,O
000206-007,Para,O
000206-007,pengkaji,O
000206-007,telah,O
000206-007,menguraikan,O
000206-007,peristiwa,O
000206-007,ini,O
000206-007,panjang,O
000206-007,lebar,O
000206-007,.,O
000206-007,Lalu,O
000206-007,pihak,O
000206-007,manakah,O
000206-007,yang,O
000206-007,bisa,O
000206-007,dikatakan,O
000206-007,kalah,O
000206-007,atau,O
000206-007,menang,O
000206-007,?,O
000206-007,Yang,O
000206-007,pasti,O
000206-007,",",O
000206-007,pada,O
000206-007,putaran,O
000206-007,kedua,O
000206-007,pasukan,O
000206-007,Quraisy,O
000206-007,lebih,O
000206-007,unggul,O
000206-007,dan,O
000206-007,mereka,O
000206-007,bisa,O
000206-007,menguasai,O
000206-007,keadaan,O
000206-007,.,O
000206-007,Sementara,O
000206-007,jumlah,O
000206-007,korban,O
000206-007,di,O
000206-007,pasukan,O
000206-007,Islam,O
000206-007,juga,O
000206-007,lebih,O
000206-007,banyak,O
000206-007,serta,O
000206-007,lebih,O
000206-007,parah,O
000206-007,.,O
000206-007,Bahkan,O
000206-007,ada,O
000206-007,satu,O
000206-007,kelompok,O
000206-007,pasukan,O
000206-007,Muslimin,O
000206-007,yang,O
000206-007,kalah,O
000206-007,total,O
000206-007,.,O
000206-007,Tetapi,O
000206-007,semua,O
000206-007,ini,O
000206-007,belum,O
000206-007,cukup,O
000206-007,bagi,O
000206-007,kita,O
000206-007,199,O
000206-007,Pembahasan,O
000206-007,tentang,O
000206-007,Perang,B_EVENT
000206-007,Uhud,I_EVENT
000206-007,dan,O
000206-007,Hamra'ul,B_EVENT
000206-007,Asad,I_EVENT
000206-007,ini,O
000206-007,kami,O
000206-007,kutip,O
000206-007,dari,O
000206-007,Sirah,O
000206-007,An-Nabawiyah,O
000206-007,.,O
000206-007,Ibnu,B_PERSON
000206-007,Hisyam,I_PERSON
000206-007,",",O
000206-007,2/60-129,O
000206-007,;,O
000206-007,Zadul-Ma'ad,O
000206-007,",",O
000206-007,2/91-108,O
000206-007,;,O
000206-007,Fathul-Bari,O
000206-007,",",O
000206-007,7/345-377,O
000206-007,;,O
000206-007,Mukhtashar,O
000206-007,Siratir-Rasul,O
000206-007,",",O
000206-007,Syaikh,O
000206-007,Abdullah,B_PERSON
000206-007,An-Najdi,O
000206-007,",",O
000206-007,hal,O
000206-007,.,O
000206-007,242-257,O
000206-007,.,O
000206-007,Kami,O
000206-007,juga,O
000206-007,menulisnya,O
000206-007,dari,O
000206-007,rujukan-rujukan,O
000206-007,yang,O
000206-007,lain,O
000206-007,.,O
000206-007,untuk,O
000206-007,beranggapan,O
000206-007,bahwa,O
000206-007,ini,O
000206-007,sudah,O
000206-007,mencerminkan,O
000206-007,kemenangan,O
000206-007,bagi,O
000206-007,pasukan,O
000206-007,Quraisy,O
000206-007,.,O
000206-007,Yang,O
000206-007,tidak,O
000206-007,dapat,O
000206-007,diragukan,O
000206-007,",",O
000206-007,pasukan,O
000206-007,Quraisy,O
000206-007,tidak,O
000206-007,mampu,O
000206-007,melibas,O
000206-007,pasukan,O
000206-007,Muslimin,O
000206-007,.,O
000206-007,Sekalipun,O
000206-007,pasukan,O
000206-007,Muslimin,O
000206-007,sempat,O
000206-007,kacau,O
000206-007,balau,O
000206-007,",",O
000206-007,tetapi,O
000206-007,hampir,O
000206-007,mereka,O
000206-007,semua,O
000206-007,tidak,O
000206-007,melarikan,O
000206-007,diri,O
000206-007,.,O
000206-007,Mereka,O
000206-007,terus,O
000206-007,bertempur,O
000206-007,dengan,O
000206-007,gagah,O
000206-007,berani,O
000206-007,hingga,O
000206-007,dapat,O
000206-007,berhimpun,O
000206-007,kembali,O
000206-007,dengan,O
000206-007,komandan,O
000206-007,pasukan,O
000206-007,.,O
000206-007,Mereka,O
000206-007,sama,O
000206-007,sekali,O
000206-007,tidak,O
000206-007,jatuh,O
000206-007,ke,O
000206-007,tangan,O
000206-007,pasukan,O
000206-007,Quraisy,O
000206-007,dan,O
000206-007,tak,O
000206-007,seorang,O
000206-007,pun,O
000206-007,di,O
000206-007,antara,O
000206-007,mereka,O
000206-007,yang,O
000206-007,tertawan,O
000206-007,.,O
000206-007,Di,O
000206-007,samping,O
000206-007,itu,O
000206-007,",",O
000206-007,pasukan,O
000206-007,Quraisy,O
000206-007,tak,O
000206-007,mendapatkan,O
000206-007,barang,O
000206-007,rampasan,O
000206-007,walau,O
000206-007,sedikit,O
000206-007,pun,O
000206-007,.,O
000240-001,Pada,O
000240-001,saat,O
000240-001,itu,O
000240-001,ada,O
000240-001,beberapa,O
000240-001,wanita,O
000240-001,Mukminah,O
000240-001,yang,O
000240-001,datang,O
000240-001,menemui,O
000240-001,beliau,O
000240-001,.,O
000240-001,Para,O
000240-001,wali,O
000240-001,wanita-wanita,O
000240-001,itu,O
000240-001,meminta,O
000240-001,untuk,O
000240-001,mengembalikan,O
000240-001,mereka,O
000240-001,kepada,O
000240-001,Quraisy,O
000240-001,sesuai,O
000240-001,dengan,O
000240-001,isi,O
000240-001,perjanjian,O
000240-001,yang,O
000240-001,sudah,O
000240-001,dikukuhkan,O
000240-001,di,O
000240-001,Hudaibiyah,B_LOCATION
000240-001,Namun,O
000240-001,beliau,O
000240-001,menolak,O
000240-001,permintaan,O
000240-001,ini,O
000240-001,",",O
000240-001,karena,O
000240-001,kalimat,O
000240-001,yang,O
000240-001,tertulis,O
000240-001,dalam,O
000240-001,perjanjian,O
000240-001,sama,O
000240-001,sekali,O
000240-001,tidak,O
000240-001,menunjukkan,O
000240-001,bahwa,O
000240-001,wanita,O
000240-001,juga,O
000240-001,termasuk,O
000240-001,dalam,O
000240-001,perjanjian,O
000240-001,itu,O
000240-001,.,O
000240-001,Tentang,O
000240-001,kasus,O
000240-001,ini,O
000240-001,Allah,O
000240-001,menurunkan,O
000240-001,ayat,O
000240-001,",",O
000240-001,Ix,O
000240-001,t,O
000240-001,"""",O
000240-001,Hai,O
000240-001,orang-orang,O
000240-001,yang,O
000240-001,beriman,O
000240-001,",",O
000240-001,apabila,O
000240-001,datang,O
000240-001,berhijrah,O
000240-001,kepada,O
000240-001,kalian,O
000240-001,perempuan-perempuan,O
000240-001,yang,O
000240-001,beriman,O
000240-001,",",O
000240-001,maka,O
000240-001,kalian,O
000240-001,hendaklah,O
000240-001,uji,O
000240-001,(,O
000240-001,keimanan,O
000240-001,mereka,O
000240-001,).,O
000240-001,Allah,O
000240-001,lebih,O
000240-001,mengetahui,O
000240-001,tentang,O
000240-001,keimanan,O
000240-001,mereka,O
000240-001,;,O
000240-001,maka,O
000240-001,jika,O
000240-001,kalian,O
000240-001,telah,O
000240-001,mengetahui,O
000240-001,bahwa,O
000240-001,mereka,O
000240-001,(,O
000240-001,benar-benar,O
000240-001,beriman,O
000240-001,),O
000240-001,maka,O
000240-001,janganlah,O
000240-001,kalian,O
000240-001,kembalikan,O
000240-001,mereka,O
000240-001,kepada,O
000240-001,(,O
000240-001,suami-suami,O
000240-001,mereka,O
000240-001,),O
000240-001,orang-orang,O
000240-001,kafir,O
000240-001,.,O
000240-001,Mereka,O
000240-001,tiada,O
000240-001,pula,O
000240-001,halal,O
000240-001,bagi,O
000240-001,mereka,O
000240-001,.,O
000240-001,Dan,O
000240-001,berikanlah,O
000240-001,kepada,O
000240-001,(,O
000240-001,suami-suami,O
000240-001,),O
000240-001,mereka,O
000240-001,mahar,O
000240-001,yang,O
000240-001,telah,O
000240-001,mereka,O
000240-001,bayar,O
000240-001,.,O
000240-001,Dan,O
000240-001,tiada,O
000240-001,dosa,O
000240-001,atas,O
000240-001,kalian,O
000240-001,mengawini,O
000240-001,mereka,O
000240-001,apabila,O
000240-001,kalian,O
000240-001,bayar,O
000240-001,kepada,O
000240-001,mereka,O
000240-001,maharnya,O
000240-001,.,O
000240-001,Dan,O
000240-001,",",O
000240-001,janganlah,O
000240-001,kalian,O
000240-001,tetap,O
000240-001,berpegang,O
000240-001,kepada,O
000240-001,tali,O
000240-001,(,O
000240-001,perkawinan,O
000240-001,),O
000240-001,dengan,O
000240-001,perempuan-perempuan,O
000240-001,kafir,O
000240-001,.,O
000249-002,Dengan,O
000249-002,congkak,O
000249-002,dia,O
000249-002,berkata,O
000249-002,",",O
000249-002,"""",O
000249-002,Seorang,O
000249-002,budak,O
000249-002,yang,O
000249-002,hina,O
000249-002,dina,O
000249-002,dari,O
000249-002,rakyatku,O
000249-002,pernah,O
000249-002,menulis,O
000249-002,namanya,O
000249-002,sebelum,O
000249-002,aku,O
000249-002,berkuasa,O
000249-002,".""",O
000249-002,Setelah,O
000249-002,mendengar,O
000249-002,apa,O
000249-002,yang,O
000249-002,dilakukan,O
000249-002,Kisra,B_PERSON
000249-002,",",O
000249-002,Nabi,O
000249-002,bersabda,O
000249-002,",",O
000249-002,"""",O
000249-002,Allah,O
000249-002,akan,O
000249-002,mencabik-cabik,O
000249-002,kerajaannya,O
000249-002,".""",O
000249-002,Kisra,B_PERSON
000249-002,benar-benar,O
000249-002,akan,O
000249-002,mengalami,O
000249-002,seperti,O
000249-002,apa,O
000249-002,yang,O
000249-002,disabdakan,O
000249-002,beliau,O
000249-002,ini,O
000249-002,.,O
000249-002,Setelah,O
000249-002,itu,O
000249-002,Kisra,B_PERSON
000249-002,menulis,O
000249-002,surat,O
000249-002,kepada,O
000249-002,Badzan,B_PERSON
000249-002,",",O
000249-002,gubernurnya,O
000249-002,di,O
000249-002,Yaman,B_LOCATION
000249-002,",",O
000249-002,yang,O
000249-002,isinya,O
000249-002,:,O
000249-002,"""",O
000249-002,Utuslah,O
000249-002,dua,O
000249-002,orang,O
000249-002,yang,O
000249-002,gagah,O
000249-002,perkasa,O
000249-002,untuk,O
000249-002,menemui,O
000249-002,orang,O
000249-002,dari,O
000249-002,Hijaz,B_LOCATION
000249-002,ini,O
000249-002,",",O
000249-002,dan,O
000249-002,setelah,O
000249-002,itu,O
000249-002,hendaklah,O
000249-002,mereka,O
000249-002,membawanya,O
000249-002,untuk,O
000249-002,menemuiku,O
000249-002,".""",O
000249-002,Maka,O
000249-002,Badzan,O
000249-002,menunjuk,O
000249-002,dua,O
000249-002,orang,O
000249-002,bawahannya,O
000249-002,",",O
000249-002,membawa,O
000249-002,surat,O
000249-002,yang,O
000249-002,disampaikan,O
000249-002,kepada,O
000249-002,Rasulullah,B_PERSON
000249-002,",",O
000249-002,dan,O
000249-002,pulangnya,O
000249-002,disuruh,O
000249-002,langsung,O
000249-002,menemui,O
000249-002,Kisra,B_PERSON
000249-002,.,O
000249-002,Setelah,O
000249-002,dua,O
000249-002,utusan,O
000249-002,itu,O
000249-002,tiba,O
000249-002,di,O
000249-002,Madinah,B_LOCATION
000249-002,dan,O
000249-002,menghadap,O
000249-002,beliau,O
000249-002,",",O
000249-002,salah,O
000249-002,seorang,O
000249-002,di,O
000249-002,antara,O
000249-002,dua,O
000249-002,orang,O
000249-002,itu,O
000249-002,berkata,O
000249-002,",",O
000249-002,Sesungguhnya,O
000249-002,Syahinsyah,O
000249-002,(,O
000249-002,Raja,O
000249-002,Diraja,O
000249-002,),O
000249-002,Kisra,B_PERSON
000249-002,telah,O
000249-002,mengirim,O
000249-002,surat,O
000249-002,kepada,O
000249-002,Raja,O
000249-002,Badzan,O
000249-002,",",O
000249-002,agar,O
000249-002,dia,O
000249-002,mengirim,O
000249-002,utusan,O
000249-002,untuk,O
000249-002,menemui,O
000249-002,tuan,O
000249-002,",",O
000249-002,lalu,O
000249-002,membawa,O
000249-002,tuan,O
000249-002,ke,O
000249-002,hadapannya,O
000249-002,".""",O
000249-002,Kata-katanya,O
000249-002,bernada,O
000249-002,ancaman,O
000249-002,.,O
000249-002,Nabi,O
000249-002,menyuruh,O
000249-002,agar,O
000249-002,keduanya,O
000249-002,menemui,O
000249-002,beliau,O
000249-002,lagi,O
000249-002,esok,O
000249-002,harinya,O
000249-002,Pada,O
000249-002,saat,O
000249-002,yang,O
000249-002,sama,O
000249-002,di,O
000249-002,Persia,B_LOCATION
000249-002,terjadi,O
000249-002,pemberontakan,O
000249-002,besar-besaran,O
000249-002,terhadap,O
000249-002,Kisra,B_PERSON
000249-002,",",O
000249-002,yang,O
000249-002,justru,O
000249-002,berasal,O
000249-002,dari,O
000249-002,keluarganya,O
000249-002,sendiri,O
000249-002,.,O
000249-002,Padahal,O
000249-002,sebelum,O
000249-002,itu,O
000249-002,mereka,O
000249-002,juga,O
000249-002,mengalami,O
000249-002,banyak,O
000249-002,kekalahan,O
000249-002,cukup,O
000249-002,telak,O
000249-002,dari,O
000249-002,pasukan,O
000249-002,Qaishar,O
000249-002,.,O
000249-002,Pemberontakan,O
000249-002,ini,O
000249-002,dimotori,O
000249-002,oleh,O
000249-002,putra,O
000249-002,Kisra,B_PERSON
000249-002,sendiri,O
000249-002,",",O
000249-002,Syiruyah,B_PERSON
000249-002,.,O
000249-002,Dia,O
000249-002,bangkit,O
000249-002,melawan,O
000249-002,ayahnya,O
000249-002,dan,O
000249-002,membunuhnya,O
000249-002,lalu,O
000249-002,merebut,O
000249-002,kerajannya,O
000249-002,.,O
000249-002,Hal,O
000249-002,ini,O
000249-002,terjadi,O
000249-002,pada,O
000249-002,malam,B_TIME
000249-002,Selasa,I_TIME
000249-002,tanggal,I_TIME
000249-002,10,I_TIME
000249-002,Jumadal,I_TIME
000249-002,Rasulullah,B_PERSON
000249-002,mengetahuinya,O
000249-002,lewat,O
000249-002,pemberitaan,O
000249-002,wahyu,O
000249-002,.,O
000251-001,Nabi,O
000251-001,menulis,O
000251-001,surat,O
000251-001,kepada,O
000251-001,Al-Mundzir,B_PERSON
000251-001,bin,I_PERSON
000251-001,Sawa,I_PERSON
000251-001,",",O
000251-001,pemimpin,O
000251-001,Bahrain,O
000251-001,.,O
000251-001,berisi,O
000251-001,seruan,O
000251-001,agar,O
000251-001,dia,O
000251-001,masuk,O
000251-001,Islam,O
000251-001,.,O
000251-001,Beliau,O
000251-001,mengutus,O
000251-001,Al-Ala',B_PERSON
000251-001,bin,I_PERSON
000251-001,Hadhrami,I_PERSON
000251-001,untuk,O
000251-001,mengantarkannya,O
000251-001,.,O
000251-001,Setelah,O
000251-001,menerima,O
000251-001,dan,O
000251-001,membaca,O
000251-001,surat,O
000251-001,beliau,O
000251-001,",",O
000251-001,Al-Mundzir,O
000251-001,menulis,O
000251-001,balasannya,O
000251-001,sebagai,O
000251-001,berikut,O
000251-001,:,O
000251-001,"""",O
000251-001,Amma,O
000251-001,ba'd,O
000251-001,.,O
000251-001,Wahai,O
000251-001,Rasulullah,B_PERSON
000251-001,",",O
000251-001,saya,O
000251-001,sudah,O
000251-001,membaca,O
000251-001,surat,O
000251-001,tuan,O
000251-001,yang,O
000251-001,226,O
000251-001,Shahih,O
000251-001,Bukhari,O
000251-001,",",O
000251-001,1/4,O
000251-001,;,O
000251-001,Shahih,O
000251-001,Muslim,O
000251-001,",",O
000251-001,2/98-99,O
000251-001,tertuju,O
000251-001,kepada,O
000251-001,rakyat,O
000251-001,Bahrain,O
000251-001,.,O
000251-001,Di,O
000251-001,antara,O
000251-001,mereka,O
000251-001,ada,O
000251-001,yang,O
000251-001,menyukai,O
000251-001,Islam,O
000251-001,dar,O
000251-001,kagum,O
000251-001,kepadanya,O
000251-001,lalu,O
000251-001,memeluknya,O
000251-001,",",O
000251-001,dan,O
000251-001,di,O
000251-001,antara,O
000251-001,mereka,O
000251-001,ada,O
000251-001,pula,O
000251-001,yang,O
000251-001,tidak,O
000251-001,menyukainya,O
000251-001,.,O
000251-001,Sementara,O
000251-001,di,O
000251-001,negeriku,O
000251-001,ada,O
000251-001,orang-orang,O
000251-001,Majusi,O
000251-001,dan,O
000251-001,Yahudi,O
000251-001,.,O
000251-001,Maka,O
000251-001,tulislah,O
000251-001,lagi,O
000251-001,surat,O
000251-001,kepadaku,O
000251-001,yang,O
000251-001,bisa,O
000251-001,menjelaskan,O
000251-001,urusan,O
000251-001,tuan,O
000251-001,".""",O
000251-001,Maka,O
000251-001,Rasulullah,B_PERSON
000251-001,menulis,O
000251-001,surat,O
000251-001,lagi,O
000251-001,"""",O
000251-001,Bismillahir,O
000251-001,rahmanir,O
000251-001,rahim,O
000251-001,.,O
000251-001,Dari,O
000251-001,Muhammad,B_PERSON
000251-001,Rasul,O
000251-001,Allah,O
000251-001,kepada,O
000251-001,Al-Mundzir,B_PERSON
000251-001,bin,I_PERSON
000251-001,Sawa,I_PERSON
000251-001,.,O
000251-001,Kesejahteraan,O
000251-001,bagi,O
000251-001,dirimu,O
000251-001,.,O
000251-001,Aku,O
000251-001,memuji,O
000251-001,bagimu,O
000251-001,kepada,O
000251-001,Allah,O
000251-001,yang,O
000251-001,tiada,O
000251-001,Illah,O
000251-001,selain-Nya,O
000251-001,Aku,O
000251-001,bersaksi,O
000251-001,bahwa,O
000251-001,Muhammad,B_PERSON
000251-001,adalah,O
000251-001,hamba,O
000251-001,dan,O
000251-001,Rasul-Nya,O
000251-001,",",O
000251-001,amma,O
000251-001,ba,O
000251-001,'d,O
000251-001,.,O
000251-001,Aku,O
000251-001,mengingatkanmu,O
000251-001,terhadap,O
000251-001,Allah,O
000251-001,.,O
000251-001,Barangsiapa,O
000251-001,yang,O
000251-001,memberi,O
000251-001,nasihat,O
000251-001,kepada,O
000251-001,dirinya,O
000251-001,sendiri,O
000251-001,",",O
000251-001,dan,O
000251-001,siapa,O
000251-001,yang,O
000251-001,menaati,O
000251-001,utusan-utusanku,O
000251-001,dan,O
000251-001,mengikuti,O
000251-001,mereka,O
000251-001,",",O
000251-001,berarti,O
000251-001,dia,O
000251-001,telah,O
000251-001,menaatiku,O
000251-001,.,O
000251-001,Barangsiapa,O
000251-001,memberi,O
000251-001,nasihat,O
000251-001,kepada,O
000251-001,mereka,O
000251-001,",",O
000251-001,berarti,O
000251-001,dia,O
000251-001,telah,O
000251-001,memberi,O
000251-001,nasihat,O
000251-001,karena,O
000251-001,aku,O
000251-001,.,O
000251-001,Sesungguhnya,O
000251-001,para,O
000251-001,utusanku,O
000251-001,telah,O
000251-001,menyampaikan,O
000251-001,pujian,O
000251-001,y,O
000251-001,ang,O
000251-001,baik,O
000251-001,atas,O
000251-001,dirimu,O
000251-001,.,O
000251-001,Aku,O
000251-001,telah,O
000251-001,memberi,O
000251-001,syafaat,O
000251-001,kepadamu,O
000251-001,tentang,O
000251-001,kaummu,O
000251-001,.,O
000251-001,Biarkanlah,O
000251-001,orang-orang,O
000251-001,Muslim,O
000251-001,karena,O
000251-001,mereka,O
000251-001,telah,O
000251-001,masuk,O
000251-001,Islam,O
000251-001,",",O
000251-001,kuampuni,O
000251-001,orang-orang,O
000251-001,yang,O
000251-001,telah,O
000251-001,berbuat,O
000251-001,dosa,O
000251-001,dan,O
000251-001,terimalah,O
000251-001,mereka,O
000251-001,.,O
000254-005,Lalu,O
000254-005,dia,O
000254-005,berkata,O
000254-005,",",O
000254-005,"""",O
000254-005,Katakan,O
000254-005,apa,O
000254-005,keperluanmu,O
000254-005,"!""",O
000254-005,Aku,O
000254-005,menyerahkan,O
000254-005,surat,O
000254-005,Rasulullah,B_PERSON
000254-005,yang,O
000254-005,masih,O
000254-005,terbungkus,O
000254-005,dengan,O
000254-005,cincin,O
000254-005,stempelnya,O
000254-005,.,O
000254-005,Setelah,O
000254-005,menerima,O
000254-005,surat,O
000254-005,beliau,O
000254-005,",",O
000254-005,Jaifar,O
000254-005,merobek,O
000254-005,tutupnya,O
000254-005,dan,O
000254-005,membacanya,O
000254-005,hingga,O
000254-005,selesai,O
000254-005,",",O
000254-005,lalu,O
000254-005,menyerahkannya,O
000254-005,kepada,O
000254-005,saudaranya,O
000254-005,",",O
000254-005,Abd,O
000254-005,.,O
000254-005,yang,O
000254-005,juga,O
000254-005,membacanya,O
000254-005,hingga,O
000254-005,selesai,O
000254-005,"""",O
000254-005,Maukah,O
000254-005,engkau,O
000254-005,memberitahukan,O
000254-005,kepadaku,O
000254-005,apa,O
000254-005,yang,O
000254-005,dilakukan,O
000254-005,Quraisy,O
000254-005,"?""""",O
000254-005,Tanya,O
000254-005,Jaifar,O
000254-005,kepadaku,O
000254-005,.,O
000254-005,Aku,O
000254-005,menjawab,O
000254-005,",",O
000254-005,"""",O
000254-005,Mereka,O
000254-005,sudah,O
000254-005,banyak,O
000254-005,yang,O
000254-005,mengikuti,O
000254-005,beliau,O
000254-005,",",O
000254-005,entah,O
000254-005,karena,O
000254-005,memang,O
000254-005,menyenangi,O
000254-005,agamanya,O
000254-005,entah,O
000254-005,karena,O
000254-005,kalah,O
000254-005,dalam,O
000254-005,peperangan,O
000254-005,.,O
000254-005,"""",O
000254-005,Siapa,O
000254-005,saja,O
000254-005,yang,O
000254-005,bersamanya,O
000254-005,(,O
000254-005,Rasulullah,B_PERSON
000254-005,")?""",O
000254-005,Tanya,O
000254-005,Jaifar,O
000254-005,.,O
000254-005,"""",O
000254-005,Sudah,O
000254-005,cukup,O
000254-005,banyak,O
000254-005,orang,O
000254-005,yang,O
000254-005,menyenangi,O
000254-005,Islam,O
000254-005,dan,O
000254-005,memeluknya,O
000254-005,.,O
000254-005,Dengan,O
000254-005,akalnya,O
000254-005,dan,O
000254-005,berkat,O
000254-005,petunjuk,O
000254-005,Allah,O
000254-005,mereka,O
000254-005,sudah,O
000254-005,sadar,O
000254-005,bahwa,O
000254-005,mereka,O
000254-005,sebelumnya,O
000254-005,berada,O
000254-005,dalam,O
000254-005,kesesatan,O
000254-005,.,O
000254-005,Dalam,O
000254-005,kepasrahan,O
000254-005,ini,O
000254-005,aku,O
000254-005,tidak,O
000254-005,melihat,O
000254-005,seorang,O
000254-005,pun,O
000254-005,yang,O
000254-005,masih,O
000254-005,tersisa,O
000254-005,selain,O
000254-005,diri,O
000254-005,tuan,O
000254-005,.,O
000254-005,Jika,O
000254-005,saat,O
000254-005,ini,O
000254-005,tuan,O
000254-005,tidak,O
000254-005,mau,O
000254-005,masuk,O
000254-005,Islam,O
000254-005,dan,O
000254-005,mengikuti,O
000254-005,beliau,O
000254-005,",",O
000254-005,maka,O
000254-005,sepasukan,O
000254-005,berkuda,O
000254-005,akan,O
000254-005,datang,O
000254-005,ke,O
000254-005,sini,O
000254-005,dan,O
000254-005,merebut,O
000254-005,harta,O
000254-005,benda,O
000254-005,tuan,O
000254-005,.,O
000254-005,Maka,O
000254-005,masuklah,O
000254-005,Islam,O
000254-005,",",O
000254-005,niscaya,O
000254-005,tuan,O
000254-005,akan,O
000254-005,selamat,O
000254-005,dan,O
000254-005,beliau,O
000254-005,tetap,O
000254-005,akan,O
000254-005,mengangkat,O
000254-005,tuan,O
000254-005,sebagai,O
000254-005,pemimpin,O
000254-005,kaum,O
000254-005,tuan,O
000254-005,.,O
000254-005,Jangan,O
000254-005,sampai,O
000254-005,ada,O
000254-005,pasukan,O
000254-005,yang,O
000254-005,menyerang,O
000254-005,tuan,O
000254-005,".""",O
000254-005,"""",O
000254-005,Akan,O
000254-005,kupertimbangkan,O
000254-005,hari,O
000254-005,ini,O
000254-005,juga,O
000254-005,dan,O
000254-005,besok,O
000254-005,silahkan,O
000254-005,datang,O
000254-005,lagi,O
000254-005,ke,O
000254-005,sini,O
000254-005,"!""",O
000254-005,kata,O
000254-005,Jaifar,O
000254-005,.,O
000254-005,Aku,O
000254-005,kembali,O
000254-005,menemui,O
000254-005,Abd,O
000254-005,.,O
000254-005,Dia,O
000254-005,berkata,O
000254-005,",",O
000254-005,"""",O
000254-005,Wahai,O
000254-005,Amr,O
000254-005,",",O
000254-005,aku,O
000254-005,benar-,O
000254-005,benar,O
000254-005,berharap,O
000254-005,dia,O
000254-005,masuk,O
000254-005,Islam,O
000254-005,asalkan,O
000254-005,dia,O
000254-005,tidak,O
000254-005,merasa,O
000254-005,sayang,O
000254-005,terhadap,O
000254-005,kerajaannya,O
000254-005,".""",O
000254-005,Besoknya,O
000254-005,aku,O
000254-005,hendak,O
000254-005,menemui,O
000254-005,Jaifar,O
000254-005,.,O
000262-001,Dalam,O
000262-001,perjalanannya,O
000262-001,ke,O
000262-001,Khaibar,B_LOCATION
000262-001,",",O
000262-001,Rasulullah,B_PERSON
000262-001,mengambil,O
000262-001,jalan,O
000262-001,lewat,O
000262-001,Gunung,O
000262-001,Ashr,O
000262-001,(,O
000262-001,ada,O
000262-001,yang,O
000262-001,membaca,O
000262-001,Ishr,O
000262-001,).,O
000262-001,Setelah,O
000262-001,melewati,O
000262-001,Ash-Shahba',O
000262-001,",",O
000262-001,beliau,O
000262-001,bermalam,O
000262-001,di,O
000262-001,suatu,O
000262-001,lembah,O
000262-001,yang,O
000262-001,disebut,O
000262-001,Ar-Raji',O
000262-001,.,O
000262-001,Dari,O
000262-001,tempat,O
000262-001,ini,O
000262-001,ke,O
000262-001,Ghathafan,O
000262-001,ditempuh,O
000262-001,dengan,O
000262-001,perjalanan,O
000262-001,sehari,O
000262-001,semalam,O
000262-001,.,O
000262-001,Orang-orang,O
000262-001,Ghathafan,O
000262-001,sudah,O
000262-001,mengadakan,O
000262-001,persiapan,O
000262-001,secara,O
000262-001,matang,O
000262-001,dan,O
000262-001,berangkat,O
000262-001,ke,O
000262-001,Khaibar,B_LOCATION
000262-001,untuk,O
000262-001,mengulurkan,O
000262-001,bantuan,O
000262-001,kepada,O
000262-001,orang-orang,O
000262-001,Yahudi,O
000262-001,.,O
000262-001,Tak,O
000262-001,seberapa,O
000262-001,jauh,O
000262-001,berjalan,O
000262-001,.,O
000262-001,mereka,O
000262-001,mendengar,O
000262-001,suara,O
000262-001,gaduh,O
000262-001,dan,O
000262-001,hiruk,O
000262-001,pikuk,O
000262-001,dari,O
000262-001,arah,O
000262-001,belakang,O
000262-001,.,O
000262-001,Mereka,O
000262-001,mengira,O
000262-001,orang-orang,O
000262-001,Muslim,O
000262-001,menyerbu,O
000262-001,keluarga,O
000262-001,dan,O
000262-001,harta,O
000262-001,benda,O
000262-001,yang,O
000262-001,mereka,O
000262-001,tinggalkan,O
000262-001,di,O
000262-001,Ghathafan,O
000262-001,.,O
000262-001,Karena,O
000262-001,itu,O
000262-001,mereka,O
000262-001,kembali,O
000262-001,lagi,O
000262-001,dan,O
000262-001,membatalkan,O
000262-001,niat,O
000262-001,untuk,O
000262-001,membantu,O
000262-001,orang-orang,O
000262-001,Yahudi,O
000262-001,",",O
000262-001,karena,O
000262-001,khawatir,O
000262-001,suatu,O
000262-001,saat,O
000262-001,orang-orang,O
000262-001,Muslim,O
000262-001,justru,O
000262-001,menyerang,O
000262-001,keluarga,O
000262-001,dan,O
000262-001,harta,O
000262-001,benda,O
000262-001,yang,O
000262-001,mereka,O
000262-001,tinggalkan,O
000262-001,.,O
000262-001,Mereka,O
000262-001,tidak,O
000262-001,ingin,O
000262-001,ikut,O
000262-001,campur,O
000262-001,lagi,O
000262-001,urusan,O
000262-001,antara,O
000262-001,Nabi,O
000262-001,dan,O
000262-001,orang-orang,O
000262-001,Yahudi,O
000262-001,Khaibar,B_LOCATION
000262-001,.,O
000262-001,Kemudian,O
000262-001,beliau,O
000262-001,menunjuk,O
000262-001,dua,O
000262-001,orang,O
000262-001,penunjuk,O
000262-001,jalan,O
000262-001,yang,O
000262-001,ikut,O
000262-001,serta,O
000262-001,dalam,O
000262-001,rombongan,O
000262-001,pasukan,O
000262-001,.,O
000262-001,Salah,O
000262-001,seorang,O
000262-001,di,O
000262-001,antara,O
000262-001,keduanya,O
000262-001,bernama,O
000262-001,Husail,O
000262-001,.,O
000262-001,Mereka,O
000262-001,berdua,O
000262-001,menunjukkan,O
000262-001,jalan,O
000262-001,yang,O
000262-001,lebih,O
000262-001,pas,O
000262-001,untuk,O
000262-001,memasuki,O
000262-001,Khaibar,B_LOCATION
000262-001,dari,O
000262-001,arah,O
000262-001,utara,O
000262-001,",",O
000262-001,tepatnya,O
000262-001,dari,O
000262-001,jalur,O
000262-001,Syam,B_LOCATION
000262-001,.,O
000262-001,Dengan,O
000262-001,begitu,O
000262-001,pasukan,O
000262-001,Muslimin,O
000262-001,bisa,O
000262-001,menghadang,O
000262-001,kemungkinan,O
000262-001,orang-orang,O
000262-001,Yahudi,O
000262-001,akan,O
000262-001,melarikan,O
000262-001,diri,O
000262-001,ke,O
000262-001,arah,O
000262-001,Syam,B_LOCATION
000262-001,atau,O
000262-001,ke,O
000262-001,Ghathafan,O
000262-001,.,O
000262-001,"""",O
000262-001,Aku,O
000262-001,akan,O
000262-001,menunjukkan,O
000262-001,jalan,O
000262-001,kepada,O
000262-001,engkau,O
000262-001,wahai,O
000262-001,Rasulullah,B_PERSON
000262-001,",""",O
000262-001,kata,O
000262-001,penunjuk,O
000262-001,jalan,O
000262-001,itu,O
000262-001,.,O
000265-002,Benteng,O
000265-002,Ubay,O
000265-002,5,O
000265-002,.,O
000265-002,Benteng,O
000265-002,An-Nizar,O
000265-002,Tiga,O
000265-002,benteng,O
000265-002,yang,O
000265-002,pertama,O
000265-002,terletak,O
000265-002,di,O
000265-002,wilayah,O
000265-002,Nathat,O
000265-002,",",O
000265-002,sedangkan,O
000265-002,dua,O
000265-002,benteng,O
000265-002,yang,O
000265-002,terakhir,O
000265-002,berada,O
000265-002,di,O
000265-002,wilayah,O
000265-002,Asy-Syiq,O
000265-002,.,O
000265-002,Sedangkan,O
000265-002,paroh,O
000265-002,kedua,O
000265-002,yang,O
000265-002,juga,O
000265-002,disebut,O
000265-002,Al-Katibah,O
000265-002,",",O
000265-002,memiliki,O
000265-002,tiga,O
000265-002,benteng,O
000265-002,",",O
000265-002,yaitu,O
000265-002,:,O
000265-002,1,O
000265-002,.,O
000265-002,Benteng,O
000265-002,Al-Qamush,O
000265-002,",",O
000265-002,benteng,O
000265-002,milik,O
000265-002,Bani,O
000265-002,Abul,B_PERSON
000265-002,Huqaiq,I_PERSON
000265-002,dari,O
000265-002,Bani,O
000265-002,Nadhir,O
000265-002,2,O
000265-002,.,O
000265-002,Benteng,O
000265-002,Al-Wathih,O
000265-002,3,O
000265-002,.,O
000265-002,Benteng,O
000265-002,As-Salalim,O
000265-002,Sebenarnya,O
000265-002,di,O
000265-002,Khaibar,B_LOCATION
000265-002,masih,O
000265-002,ada,O
000265-002,beberapa,O
000265-002,benteng,O
000265-002,selain,O
000265-002,delapan,O
000265-002,benteng,O
000265-002,ini,O
000265-002,",",O
000265-002,namun,O
000265-002,benteng-benteng,O
000265-002,itu,O
000265-002,relatif,O
000265-002,lebih,O
000265-002,kecil,O
000265-002,",",O
000265-002,tidak,O
000265-002,sebesar,O
000265-002,dan,O
000265-002,sekuat,O
000265-002,benteng-benteng,O
000265-002,tersebut,O
000265-002,.,O
000265-002,Pertempuran,O
000265-002,yang,O
000265-002,seru,O
000265-002,meletus,O
000265-002,di,O
000265-002,sekitar,O
000265-002,benteng-,O
000265-002,benteng,O
000265-002,paroh,O
000265-002,yang,O
000265-002,pertama,O
000265-002,.,O
000265-002,Sekalipun,O
000265-002,benteng-benteng,O
000265-002,di,O
000265-002,paroh,O
000265-002,kedua,O
000265-002,lebih,O
000265-002,besar,O
000265-002,dan,O
000265-002,lebih,O
000265-002,banyak,O
000265-002,jumlah,O
000265-002,prajuritnya,O
000265-002,",",O
000265-002,tetapi,O
000265-002,mereka,O
000265-002,justru,O
000265-002,menyerah,O
000265-002,begitu,O
000265-002,saja,O
000265-002,",",O
000265-002,tanpa,O
000265-002,ada,O
000265-002,pertempuran,O
000265-002,.,O
000268-001,Setelah,O
000268-001,benteng,O
000268-001,An-Na'im,O
000268-001,dan,O
000268-001,Ash-Sha'b,O
000268-001,dapat,O
000268-001,ditaklukan,O
000268-001,",",O
000268-001,orang-orang,O
000268-001,Yahudi,O
000268-001,yang,O
000268-001,berada,O
000268-001,di,O
000268-001,setiap,O
000268-001,benteng,O
000268-001,di,O
000268-001,wilayah,O
000268-001,Nathat,O
000268-001,",",O
000268-001,berpindah,O
000268-001,ke,O
000268-001,benteng,O
000268-001,Az-Zubair,B_PERSON
000268-001,",",O
000268-001,sebuah,O
000268-001,benteng,O
000268-001,yang,O
000268-001,kokoh,O
000268-001,",",O
000268-001,terletak,O
000268-001,di,O
000268-001,sebuah,O
000268-001,puncak,O
000268-001,bukit,O
000268-001,",",O
000268-001,yang,O
000268-001,tidak,O
000268-001,bisa,O
000268-001,dijangkau,O
000268-001,kuda,O
000268-001,atau,O
000268-001,pejalan,O
000268-001,kaki,O
000268-001,",",O
000268-001,karena,O
000268-001,perjalanan,O
000268-001,ke,O
000268-001,sana,O
000268-001,cukup,O
000268-001,terjal,O
000268-001,dan,O
000268-001,sulit,O
000268-001,",",O
000268-001,di,O
000268-001,samping,O
000268-001,benteng,O
000268-001,itu,O
000268-001,sendiri,O
000268-001,yang,O
000268-001,sangat,O
000268-001,kokoh,O
000268-001,.,O
000268-001,Rasulullah,B_PERSON
000268-001,memerintahkan,O
000268-001,untuk,O
000268-001,mengepung,O
000268-001,benteng,O
000268-001,ini,O
000268-001,.,O
000268-001,Pengepungan,O
000268-001,berjalan,O
000268-001,selama,O
000268-001,tiga,O
000268-001,hari,O
000268-001,.,O
000268-001,Ada,O
000268-001,seorang,O
000268-001,Yahudi,O
000268-001,menemui,O
000268-001,beliau,O
000268-001,seraya,O
000268-001,berkata,O
000268-001,",",O
000268-001,"""",O
000268-001,Wahai,O
000268-001,Abdul,B_PERSON
000268-001,Qasim,I_PERSON
000268-001,",",O
000268-001,sekalipun,O
000268-001,engkau,O
000268-001,berada,O
000268-001,di,O
000268-001,sini,O
000268-001,selama,O
000268-001,sebulan,O
000268-001,",",O
000268-001,mereka,O
000268-001,tak,O
000268-001,akan,O
000268-001,ambil,O
000268-001,pusing,O
000268-001,",",O
000268-001,sebab,O
000268-001,mereka,O
000268-001,mempunyai,O
000268-001,mata,O
000268-001,air,O
000268-001,dan,O
000268-001,cadangan,O
000268-001,minuman,O
000268-001,di,O
000268-001,bawah,O
000268-001,tanah,O
000268-001,.,O
000268-001,Mereka,O
000268-001,bisa,O
000268-001,pergi,O
000268-001,ke,O
000268-001,sana,O
000268-001,pada,O
000268-001,malam,O
000268-001,hari,O
000268-001,dan,O
000268-001,mengambil,O
000268-001,minum,O
000268-001,dari,O
000268-001,sana,O
000268-001,",",O
000268-001,lalu,O
000268-001,kembali,O
000268-001,lagi,O
000268-001,ke,O
000268-001,benteng,O
000268-001,untuk,O
000268-001,bertahan,O
000268-001,di,O
000268-001,sana,O
000268-001,.,O
000268-001,Jika,O
000268-001,engkau,O
000268-001,hendak,O
000268-001,memotong,O
000268-001,jalan,O
000268-001,mereka,O
000268-001,ke,O
000268-001,mata,O
000268-001,air,O
000268-001,",",O
000268-001,tentu,O
000268-001,mereka,O
000268-001,akan,O
000268-001,keluar,O
000268-001,untuk,O
000268-001,berhadapan,O
000268-001,denganmu,O
000268-001,".""",O
000268-001,Maka,O
000268-001,beliau,O
000268-001,memutuskan,O
000268-001,untuk,O
000268-001,menghadang,O
000268-001,jalan,O
000268-001,ke,O
000268-001,mata,O
000268-001,air,O
000268-001,ini,O
000268-001,.,O
000268-001,Karena,O
000268-001,itu,O
000268-001,",",O
000268-001,orang-orang,O
000268-001,Yahudi,O
000268-001,keluar,O
000268-001,bertempur,O
000268-001,hebat,O
000268-001,untuk,O
000268-001,mempertahankan,O
000268-001,mata,O
000268-001,air,O
000268-001,itu,O
000268-001,.,O
000268-001,Dalam,O
000268-001,pertempuran,O
000268-001,ini,O
000268-001,ada,O
000268-001,seorang,O
000268-001,Muslim,O
000268-001,yang,O
000268-001,menjadi,O
000268-001,korban,O
000268-001,",",O
000268-001,sedangkan,O
000268-001,dari,O
000268-001,pihak,O
000268-001,Yahudi,O
000268-001,ada,O
000268-001,sepuluh,O
000268-001,orang,O
000268-001,.,O
000268-001,Tak,O
000268-001,lama,O
000268-001,kemudian,O
000268-001,beliau,O
000268-001,dapat,O
000268-001,menaklukkan,O
000268-001,benteng,O
000268-001,ini,O
000270-002,Orang-orang,O
000270-002,Yahudi,O
000270-002,mengalami,O
000270-002,kekalahan,O
000270-002,secara,O
000270-002,telak,O
000270-002,.,O
000270-002,karena,O
000270-002,mereka,O
000270-002,sudah,O
000270-002,tidak,O
000270-002,memiliki,O
000270-002,jalan,O
000270-002,untuk,O
000270-002,menyelinap,O
000270-002,dari,O
000270-002,benteng,O
000270-002,ini,O
000270-002,seperti,O
000270-002,yang,O
000270-002,mereka,O
000270-002,lakukan,O
000270-002,ketika,O
000270-002,masih,O
000270-002,bertahan,O
000270-002,di,O
000270-002,benteng-benteng,O
000270-002,lain,O
000270-002,sebelumnya,O
000270-002,.,O
000270-002,Karena,O
000270-002,itu,O
000270-002,sebisa,O
000270-002,mungkin,O
000270-002,mereka,O
000270-002,melarikan,O
000270-002,diri,O
000270-002,bagi,O
000270-002,yang,O
000270-002,bisa,O
000270-002,melarikan,O
000270-002,diri,O
000270-002,",",O
000270-002,dan,O
000270-002,meninggalkan,O
000270-002,para,O
000270-002,wanita,O
000270-002,dan,O
000270-002,anak-anak,O
000270-002,menjadi,O
000270-002,tawanan,O
000270-002,orang-orang,O
000270-002,Muslim,O
000270-002,.,O
000270-002,Dengan,O
000270-002,ditaklukkanya,O
000270-002,benteng,O
000270-002,yang,O
000270-002,kokoh,O
000270-002,ini,O
000270-002,",",O
000270-002,maka,O
000270-002,tuntaslah,O
000270-002,sudah,O
000270-002,penaklukkan,O
000270-002,seluruh,O
000270-002,benteng,O
000270-002,Khaibar,B_LOCATION
000270-002,dalam,O
000270-002,paroh,O
000270-002,pertama,O
000270-002,yang,O
000270-002,yang,O
000270-002,berada,O
000270-002,di,O
000270-002,wilayah,O
000270-002,Nathat,O
000270-002,dan,O
000270-002,Asy-Syiq,O
000270-002,.,O
000270-002,Sebenarnya,O
000270-002,masih,O
000270-002,ada,O
000270-002,benteng-benteng,O
000270-002,lain,O
000270-002,yang,O
000270-002,lebih,O
000270-002,kecil,O
000270-002,.,O
000270-002,Tetapi,O
000270-002,dengan,O
000270-002,takluknya,O
000270-002,benteng,O
000270-002,An-Nizar,O
000270-002,ini,O
000270-002,",",O
000270-002,benteng,O
000270-002,benteng,O
000270-002,lain,O
000270-002,yang,O
000270-002,kecil,O
000270-002,langsung,O
000270-002,ditinggalkan,O
000270-002,begitu,O
000270-002,saja,O
000270-002,.,O
000270-002,Setelah,O
000270-002,itu,O
000270-002,mereka,O
000270-002,melarikan,O
000270-002,diri,O
000270-002,ke,O
000270-002,benteng,O
000270-002,paroh,O
000270-002,kedua,O
000270-002,di,O
000270-002,Khaibar,B_LOCATION
000270-002,.,O
000280-001,Setelah,O
000280-001,urusan,O
000280-001,Khaibar,B_EVENT
000280-001,selesai,O
000280-001,",",O
000280-001,Rasulullah,B_PERSON
000280-001,mengalihkan,O
000280-001,sasaran,O
000280-001,ke,O
000280-001,Wadil,O
000280-001,Qura,O
000280-001,.,O
000280-001,Di,O
000280-001,sana,O
000280-001,ada,O
000280-001,segolongan,O
000280-001,orang-orang,O
000280-001,Yahudi,O
000280-001,yang,O
000280-001,hidup,O
000280-001,bersama,O
000280-001,segolongan,O
000280-001,orang-orang,O
000280-001,Arab,O
000280-001,.,O
000280-001,Saat,O
000280-001,orang-orang,O
000280-001,Muslim,O
000280-001,tiba,O
000280-001,di,O
000280-001,sana,O
000280-001,",",O
000280-001,orang-orang,O
000280-001,Yahudi,O
000280-001,menyambut,O
000280-001,mereka,O
000280-001,dengan,O
000280-001,lemparan,O
000280-001,anak,O
000280-001,panah,O
000280-001,",",O
000280-001,hingga,O
000280-001,mengenai,O
000280-001,seorang,O
000280-001,pembantu,O
000280-001,Rasulullah,B_PERSON
000280-001,hingga,O
000280-001,meninggal,O
000280-001,dunia,O
000280-001,.,O
000280-001,Orang-orang,O
000280-001,berkata,O
000280-001,",",O
000280-001,"""",O
000280-001,Selamat,O
000280-001,atas,O
000280-001,surga,O
000280-001,yang,O
000280-001,diperolehnya,O
000280-001,".""",O
000280-001,Beliau,O
000280-001,bersabda,O
000280-001,",",O
000280-001,Sama,O
000280-001,sekali,O
000280-001,tidak,O
000280-001,.,O
000280-001,Demi,O
000280-001,yang,O
000280-001,diriku,O
000280-001,ada,O
000280-001,di,O
000280-001,tangan-Nya,O
000280-001,mantel,O
000280-001,yang,O
000280-001,dia,O
000280-001,curi,O
000280-001,dari,O
000280-001,harta,O
000280-001,rampasan,O
000280-001,Khaibar,B_EVENT
000280-001,",",O
000280-001,padahal,O
000280-001,dia,O
000280-001,tidak,O
000280-001,mendapat,O
000280-001,bagian,O
000280-001,dari,O
000280-001,harta,O
000280-001,rampasan,O
000280-001,itu,O
000280-001,",",O
000280-001,benar-benar,O
000280-001,menjadi,O
000280-001,api,O
000280-001,yang,O
000280-001,membakarnya,O
000280-001,".""",O
000280-001,Saat,O
000280-001,orang-orang,O
000280-001,mendengarkan,O
000280-001,sabda,O
000280-001,beliau,O
000280-001,ini,O
000280-001,",",O
000280-001,tiba-tiba,O
000280-001,muncul,O
000280-001,seseorang,O
000280-001,ke,O
000280-001,hadapan,O
000280-001,beliau,O
000280-001,sambil,O
000280-001,membawa,O
000280-001,satu,O
000280-001,atau,O
000280-001,dua,O
000280-001,tali,O
000280-001,terompah,O
000280-001,Beliau,O
000280-001,bersabda,O
000280-001,",",O
000280-001,"""",O
000280-001,Ini,O
000280-001,adalan,O
000280-001,terompah,O
000280-001,dari,O
000280-001,api,O
000280-001,233,O
000280-001,Sirah,O
000280-001,An-Nabawiyah,O
000280-001,",",O
000280-001,Ibnu,B_PERSON
000280-001,Hisyam,I_PERSON
000280-001,",",O
000280-001,2/337-353,O
000280-001,234,O
000280-001,Shahih,O
000280-001,Al-Bukhari,O
000280-001,",",O
000280-001,2/608,O
000280-001,.,O
000280-001,Nabi,O
000280-001,menyiapkan,O
000280-001,para,O
000280-001,sahabat,O
000280-001,untuk,O
000280-001,berperang,O
000280-001,dan,O
000280-001,membariskan,O
000280-001,mereka,O
000280-001,.,O
000280-001,Satu,O
000280-001,bendera,O
000280-001,diserahkan,O
000280-001,kepada,O
000280-001,Sa'd,B_PERSON
000280-001,bin,I_PERSON
000280-001,Ubadah,I_PERSON
000280-001,",",O
000280-001,satu,O
000280-001,bendera,O
000280-001,lagi,O
000280-001,diserahkan,O
000280-001,kepada,O
000280-001,Al-Hubab,B_PERSON
000280-001,bin,I_PERSON
000280-001,Al-Mundzir,I_PERSON
000280-001,dan,O
000280-001,satu,O
000280-001,bendera,O
000280-001,lagi,O
000280-001,diserahkan,O
000280-001,kepada,O
000280-001,kepada,O
000280-001,Abbad,B_PERSON
000280-001,bin,I_PERSON
000280-001,Bisyr,I_PERSON
000280-001,.,O
000280-001,Beliau,O
000280-001,menyeru,O
000280-001,agar,O
000280-001,mereka,O
000280-001,mau,O
000280-001,masuk,O
000280-001,Islam,O
000280-001,",",O
000280-001,namun,O
000280-001,mereka,O
000280-001,menolaknya,O
000280-001,.,O
000280-001,Muncul,O
000280-001,salah,O
000280-001,seorang,O
000280-001,dari,O
000280-001,mereka,O
000280-001,yang,O
000280-001,mengajak,O
000280-001,adu,O
000280-001,tanding,O
000280-001,.,O
000280-001,Az-Zubair,B_PERSON
000280-001,bin,I_PERSON
000280-001,Al-Awwam,I_PERSON
000280-001,melayani,O
000280-001,tantangannya,O
000280-001,dan,O
000280-001,dapat,O
000280-001,membunuhnya,O
000280-001,.,O
000280-001,Muncul,O
000280-001,orang,O
000280-001,kedua,O
000280-001,dari,O
000280-001,mereka,O
000280-001,dan,O
000280-001,akhirnya,O
000280-001,dapat,O
000280-001,dibunuh,O
000280-001,lagi,O
000280-001,oleh,O
000280-001,Az-Zubair,B_PERSON
000280-001,.,O
000299-002,Kedua,O
000299-002,belah,O
000299-002,pihak,O
000299-002,bertempur,O
000299-002,seru,O
000299-002,.,O
000299-002,Secara,O
000299-002,diam-diam,O
000299-002,Quraisy,O
000299-002,memberi,O
000299-002,bantuan,O
000299-002,persenjataan,O
000299-002,kepada,O
000299-002,Bani,O
000299-002,Bakr,O
000299-002,",",O
000299-002,dan,O
000299-002,bahkan,O
000299-002,beberapa,O
000299-002,orang,O
000299-002,Quraisy,O
000299-002,juga,O
000299-002,ada,O
000299-002,yang,O
000299-002,ikut,O
000299-002,terlibat,O
000299-002,langsung,O
000299-002,dalam,O
000299-002,pertempuran,O
000299-002,membantu,O
000299-002,Bani,O
000299-002,Bakr,O
000299-002,pada,O
000299-002,malam,O
000299-002,hari,O
000299-002,.,O
000299-002,Khuza'ah,O
000299-002,terdesak,O
000299-002,hingga,O
000299-002,ke,O
000299-002,tanah,O
000299-002,suci,O
000299-002,.,O
000299-002,Sesampainya,O
000299-002,di,O
000299-002,sana,O
000299-002,",",O
000299-002,orang-orang,O
000299-002,dari,O
000299-002,Bani,O
000299-002,Bakr,O
000299-002,mengingatkan,O
000299-002,",",O
000299-002,"""",O
000299-002,Wahai,O
000299-002,Naufal,O
000299-002,",",O
000299-002,kita,O
000299-002,sudah,O
000299-002,memasuki,O
000299-002,tanah,O
000299-002,suci,O
000299-002,Ingatlah,O
000299-002,tuhanmu,O
000299-002,",",O
000299-002,tuhanmu,O
000299-002,"!""",O
000299-002,Dia,O
000299-002,memberi,O
000299-002,jawaban,O
000299-002,dengan,O
000299-002,kata-kata,O
000299-002,yang,O
000299-002,tidak,O
000299-002,bisa,O
000299-002,dianggap,O
000299-002,enteng,O
000299-002,",",O
000299-002,"""",O
000299-002,Tidak,O
000299-002,ada,O
000299-002,tuhan,O
000299-002,pada,O
000299-002,hari,O
000299-002,ini,O
000299-002,.,O
000299-002,Wahai,O
000299-002,Bani,O
000299-002,Bakr,O
000299-002,",",O
000299-002,lampiaskan,O
000299-002,dendam,O
000299-002,kalian,O
000299-002,.,O
000299-002,Demi,O
000299-002,Allah,O
000299-002,",",O
000299-002,kalau,O
000299-002,perlu,O
000299-002,kalian,O
000299-002,boleh,O
000299-002,mencuri,O
000299-002,di,O
000299-002,tanah,O
000299-002,suci,O
000299-002,.,O
000299-002,Apakah,O
000299-002,kalian,O
000299-002,tidak,O
000299-002,ingin,O
000299-002,melampiaskan,O
000299-002,dendam,O
000299-002,di,O
000299-002,tanah,O
000299-002,suci,O
000299-002,"?""",O
000299-002,Ketika,O
000299-002,penduduk,O
000299-002,Khuza'ah,O
000299-002,benar-benar,O
000299-002,sudah,O
000299-002,memasuki,O
000299-002,Makkah,B_LOCATION
000299-002,mereka,O
000299-002,segera,O
000299-002,berlindung,O
000299-002,ke,O
000299-002,rumah,O
000299-002,Budail,B_PERSON
000299-002,bin,I_PERSON
000299-002,Warqa',I_PERSON
000299-002,Al-Khuza'i,O
000299-002,dan,O
000299-002,rumah,O
000299-002,pembantunya,O
000299-002,yang,O
000299-002,bernama,O
000299-002,Rafi,O
000299-002,.,O
000299-002,Sementara,O
000299-002,pada,O
000299-002,saat,O
000299-002,yang,O
000299-002,sama,O
000299-002,Amr,B_PERSON
000299-002,bin,I_PERSON
000299-002,Salim,I_PERSON
000299-002,Al-Khuza'i,O
000299-002,cepat-cepat,O
000299-002,pergi,O
000299-002,ke,O
000299-002,Madinah,B_LOCATION
000299-002,hendak,O
000299-002,menemui,O
000299-002,Rasulullah,B_PERSON
000299-002,.,O
000299-002,Setibanya,O
000299-002,di,O
000299-002,sana,O
000299-002,dia,O
000299-002,berdiri,O
000299-002,di,O
000299-002,hadapan,O
000299-002,beliau,O
000299-002,yang,O
000299-002,sedang,O
000299-002,duduk-duduk,O
000299-002,di,O
000299-002,masjid,O
000299-002,",",O
000299-002,dikelilingi,O
000299-002,beberapa,O
000299-002,orang,O
000299-002,Muslim,O
000299-002,.,O
000320-001,Setelah,O
000320-001,suasana,O
000320-001,menjadi,O
000320-001,tenang,O
000320-001,",",O
000320-001,beliau,O
000320-001,mengirim,O
000320-001,beberapa,O
000320-001,satuan,O
000320-001,perang,O
000320-001,dan,O
000320-001,utusan,O
000320-001,",",O
000320-001,di,O
000320-001,antaranya,O
000320-001,l,O
000320-001,.,O
000320-001,Pengiriman,O
000320-001,Khalid,B_PERSON
000320-001,bin,I_PERSON
000320-001,Al-Walid,I_PERSON
000320-001,untuk,O
000320-001,mendatangi,O
000320-001,berhala,O
000320-001,Uzza,O
000320-001,di,O
000320-001,Nakhlah,O
000320-001,dan,O
000320-001,menghancurkannya,O
000320-001,",",O
000320-001,tepatnya,O
000320-001,lima,O
000320-001,hari,O
000320-001,sebelum,O
000320-001,habisnya,O
000320-001,bulan,B_TIME
000320-001,Ramadhan,I_TIME
000320-001,.,O
000320-001,Berhala,O
000320-001,ini,O
000320-001,milik,O
000320-001,orang-orang,O
000320-001,Quraisy,O
000320-001,dan,O
000320-001,semua,O
000320-001,Bani,O
000320-001,Kinanah,O
000320-001,",",O
000320-001,juga,O
000320-001,termasuk,O
000320-001,berhala,O
000320-001,mereka,O
000320-001,yang,O
000320-001,paling,O
000320-001,besar,O
000320-001,.,O
000320-001,Penjaga,O
000320-001,berhala,O
000320-001,ini,O
000320-001,adalah,O
000320-001,Bani,O
000320-001,Syaiban,O
000320-001,.,O
000320-001,Khalid,B_PERSON
000320-001,pergi,O
000320-001,ke,O
000320-001,sana,O
000320-001,bersama,O
000320-001,30,O
000320-001,orang,O
000320-001,penunggang,O
000320-001,kuda,O
000320-001,",",O
000320-001,hingga,O
000320-001,tiba,O
000320-001,di,O
000320-001,sana,O
000320-001,dan,O
000320-001,merobohkannya,O
000320-001,.,O
000320-001,Setelah,O
000320-001,Khalid,B_PERSON
000320-001,kembali,O
000320-001,",",O
000320-001,Rasulullah,B_PERSON
000320-001,bertanya,O
000320-001,",",O
000320-001,"""",O
000320-001,Apakah,O
000320-001,engkau,O
000320-001,melihat,O
000320-001,sesuatu,O
000320-001,"?""",O
000320-001,"""",O
000320-001,Tidak,O
000320-001,",""",O
000320-001,jawab,O
000320-001,Khalid,B_PERSON
000320-001,.,O
000320-001,"""",O
000320-001,Kalau,O
000320-001,begitu,O
000320-001,engkau,O
000320-001,belum,O
000320-001,benar-benar,O
000320-001,merobohkannya,O
000320-001,.,O
000320-001,Kembalilah,O
000320-001,ke,O
000320-001,sana,O
000320-001,lagi,O
000320-001,dan,O
000320-001,robohkanlah,O
000320-001,"!""",O
000320-001,sabda,O
000320-001,beliau,O
000320-001,.,O
000320-001,Dengan,O
000320-001,hati,O
000320-001,bergejolak,O
000320-001,Khalid,B_PERSON
000320-001,pergi,O
000320-001,lagi,O
000320-001,sambil,O
000320-001,menghunus,O
000320-001,pedangnya,O
000320-001,.,O
000320-001,Di,O
000320-001,sana,O
000320-001,ada,O
000320-001,seorang,O
000320-001,wanita,O
000320-001,berkulit,O
000320-001,hitam,O
000320-001,yang,O
000320-001,keluar,O
000320-001,di,O
000320-001,hadapannya,O
000320-001,dalam,O
000320-001,keadaan,O
000320-001,telanjang,O
000320-001,dan,O
000320-001,menggeraikan,O
000320-001,rambutnya,O
000320-001,.,O
000320-001,Orang-orang,O
000320-001,berteriak,O
000320-001,karena,O
000320-001,ulah,O
000320-001,wanita,O
000320-001,ini,O
000320-001,.,O
000320-001,Khalid,B_PERSON
000320-001,menebaskan,O
000320-001,pedangnya,O
000320-001,ke,O
000320-001,tubuh,O
000320-001,wanita,O
000320-001,itu,O
000320-001,dan,O
000320-001,memotongnya,O
000320-001,menjadi,O
000320-001,dua,O
000320-001,bagian,O
000320-001,.,O
000320-001,Setelah,O
000320-001,itu,O
000320-001,",",O
000320-001,Khalid,B_PERSON
000320-001,kembali,O
000320-001,dan,O
000320-001,memberitahukannya,O
000320-001,apa,O
000320-001,yang,O
000320-001,terjadi,O
000320-001,kepada,O
000320-001,Rasulullah,B_PERSON
000320-001,.,O
000320-001,Kemudian,O
000320-001,beliau,O
000320-001,bersabda,O
000320-001,",",O
000320-001,"""",O
000320-001,Dulu,O
000320-001,aku,O
000320-001,sempat,O
000320-001,putus,O
000320-001,asa,O
000320-001,kalau-kalau,O
000320-001,Uzza,O
000320-001,akan,O
000320-001,disembah,O
000320-001,selama-lamanya,O
000320-001,di,O
000320-001,negeri,O
000320-001,kalian,O
000320-001,ini,O
000320-001,".""",O
000320-001,2,O
000320-001,.,O
000320-001,Pada,O
000320-001,bulan,O
000320-001,itu,O
000320-001,Amru,B_PERSON
000320-001,bin,I_PERSON
000320-001,Al-Ash,I_PERSON
000320-001,juga,O
000320-001,diutus,O
000320-001,untuk,O
000320-001,menghancurkan,O
000320-001,Suwa',O
000320-001,.,O
000320-001,berhala,O
000320-001,milik,O
000320-001,Hudzail,O
000320-001,di,O
000320-001,Ruhath,O
000320-001,",",O
000320-001,sejauh,O
000320-001,3,O
000320-001,mil,O
000320-001,dari,O
000320-001,Makkah,B_LOCATION
000320-001,.,O
000320-006,322-351,O
000320-006,.,O
000320-006,Kekuasaan,O
000320-006,yang,O
000320-006,sudah,O
000320-006,terpegang,O
000320-006,di,O
000320-006,tangan,O
000320-006,ini,O
000320-006,benar-benar,O
000320-006,membantu,O
000320-006,untuk,O
000320-006,menguasai,O
000320-006,keadaan,O
000320-006,.,O
000320-006,Tidak,O
000320-006,ada,O
000320-006,pilihan,O
000320-006,bagi,O
000320-006,kaum,O
000320-006,Arab,O
000320-006,kecuali,O
000320-006,mengirim,O
000320-006,utusan,O
000320-006,kepada,O
000320-006,Rasulullah,B_PERSON
000320-006,",",O
000320-006,lalu,O
000320-006,mereka,O
000320-006,menyatakan,O
000320-006,kesediaan,O
000320-006,untuk,O
000320-006,masuk,O
000320-006,Islam,O
000320-006,dan,O
000320-006,menyebarkan,O
000320-006,dakwahnya,O
000320-006,ke,O
000320-006,seluruh,O
000320-006,dunia,O
000320-006,.,O
000320-006,Misi,O
000320-006,dakwah,O
000320-006,ke,O
000320-006,seluruh,O
000320-006,dunia,O
000320-006,ini,O
000320-006,dapat,O
000320-006,ditempuh,O
000320-006,selama,O
000320-006,dua,O
000320-006,tahun,O
000320-006,setelah,O
000320-006,itu,O
000320-006,Tempat,O
000320-006,Shuluh,O
000320-006,Al-Hudaibiyah,O
