text_id,token,label
000043-001,Langkah,O
000043-001,pertama,O
000043-001,yang,O
000043-001,dilakukan,O
000043-001,Rasulullah,B_PERSON
000043-001,setelah,O
000043-001,turun,O
000043-001,ayat,O
000043-001,di,O
000043-001,atas,O
000043-001,ialah,O
000043-001,mengundang,O
000043-001,Bani,O
000043-001,Hasyim,O
000043-001,.,O
000043-001,Mereka,O
000043-001,memenuhi,O
000043-001,undangan,O
000043-001,ini,O
000043-001,",",O
000043-001,yaitu,O
000043-001,beberapa,O
000043-001,orang,O
000043-001,dari,O
000043-001,Bani,O
000043-001,Al-Muththalib,O
000043-001,bin,I_PERSON
000043-001,Abdi,I_PERSON
000043-001,Manaf,O
000043-001,",",O
000043-001,yang,O
000043-001,jumlahnya,O
000043-001,ada,O
000043-001,45,O
000043-001,orang,O
000043-001,.,O
000043-001,Sebelum,O
000043-001,beliau,O
000043-001,berbicara,O
000043-001,",",O
000043-001,Abu,B_PERSON
000043-001,Lahab,I_PERSON
000043-001,sudah,O
000043-001,mendahului,O
000043-001,angkat,O
000043-001,bicara,O
000043-001,",",O
000043-001,"""",O
000043-001,Mereka,O
000043-001,yang,O
000043-001,hadir,O
000043-001,di,O
000043-001,sini,O
000043-001,adalah,O
000043-001,paman-pamanmu,O
000043-001,sendiri,O
000043-001,dan,O
000043-001,anak-,O
000043-001,anaknya,O
000043-001,.,O
000043-001,Maka,O
000043-001,bicaralah,O
000043-001,jika,O
000043-001,ingin,O
000043-001,berbicara,O
000043-001,dan,O
000043-001,tidak,O
000043-001,perlu,O
000043-001,bersikap,O
000043-001,kekanak-,O
000043-001,kanakan,O
000043-001,.,O
000043-001,Ketahuilah,O
000043-001,bahwa,O
000043-001,tidak,O
000043-001,ada,O
000043-001,orang,O
000043-001,Arab,O
000043-001,yang,O
000043-001,berani,O
000043-001,mengernyitkan,O
000043-001,dahi,O
000043-001,terhadap,O
000043-001,kaummu,O
000043-001,.,O
000043-001,Dengan,O
000043-001,begitu,O
000043-001,aku,O
000043-001,berhak,O
000043-001,menghukummu,O
000043-001,.,O
000043-001,Biarkanlah,O
000043-001,urusan,O
000043-001,bani,O
000043-001,bapakmu,O
000043-001,.,O
000043-001,Jika,O
000043-001,engkau,O
000043-001,tetap,O
000043-001,bertahan,O
000043-001,pada,O
000043-001,urusanmu,O
000043-001,ini,O
000043-001,",",O
000043-001,maka,O
000043-001,itu,O
000043-001,lebih,O
000043-001,mudah,O
000043-001,bagi,O
000043-001,mereka,O
000043-001,daripada,O
000043-001,seluruh,O
000043-001,kabilah,O
000043-001,Quraisy,O
000043-001,menerkammu,O
000043-001,dan,O
000043-001,semua,O
000043-001,bangsa,O
000043-001,Arab,O
000043-001,ikut,O
000043-001,campur,O
000043-001,tangan,O
000043-001,.,O
000043-001,Engkau,O
000043-001,tidak,O
000043-001,pernah,O
000043-001,melihat,O
000043-001,seorang,O
000043-001,pun,O
000043-001,dari,O
000043-001,bani,O
000043-001,bapaknya,O
000043-001,yang,O
000043-001,pernah,O
000043-001,berbuat,O
000043-001,macam-macam,O
000043-001,seperti,O
000043-001,engkau,O
000043-001,perbuat,O
000043-001,saat,O
000043-001,ini,O
000043-001,".""",O
000043-001,Rasulullah,B_PERSON
000043-001,hanya,O
000043-001,diam,O
000043-001,dan,O
000043-001,sama,O
000043-001,sekali,O
000043-001,tidak,O
000043-001,berbicara,O
000043-001,dalam,O
000043-001,pertemuan,O
000043-001,itu,O
000043-001,.,O
000043-001,Kemudian,O
000043-001,beliau,O
000043-001,mengundang,O
000043-001,mereka,O
000043-001,untuk,O
000043-001,yang,O
000043-001,kedua,O
000043-001,kalinya,O
000043-001,",",O
000043-001,dan,O
000043-001,dalam,O
000043-001,pertemuan,O
000043-001,itu,O
000043-001,beliau,O
000043-001,bersabda,O
000043-001,",",O
000043-001,"""",O
000043-001,Segala,O
000043-001,puji,O
000043-001,bagi,O
000043-001,Allah,O
000043-001,dan,O
000043-001,aku,O
000043-001,memuji-Nya,O
000043-001,",",O
000043-001,memohon,O
000043-001,pertolongan,O
000043-001,",",O
000043-001,percaya,O
000043-001,dan,O
000043-001,tawakal,O
000043-001,kepada-Nya,O
000043-001,.,O
000043-001,Aku,O
000043-001,bersaksi,O
000043-001,bahwa,O
000043-001,tiada,O
000043-001,Ilah,O
000043-001,selain,O
000043-001,Allah,O
000043-001,semata,O
000043-001,yang,O
000043-001,tiada,O
000043-001,sekutu,O
000043-001,bagi-Nya,O
000043-001,".""",O
000043-001,Kemudian,O
000043-001,beliau,O
000043-001,melanjutkan,O
000043-001,lagi,O
000043-001,",",O
000043-001,Sesungguhnya,O
000043-001,seorang,O
000043-001,pemandu,O
000043-001,itu,O
000043-001,tidak,O
000043-001,akan,O
000043-001,mendustakan,O
000043-001,keluarganya,O
000043-001,.,O
000043-001,Demi,O
000043-001,Allah,O
000043-001,yang,O
000043-001,tidak,O
000043-001,ada,O
000043-001,Ilah,O
000043-001,selain,O
000043-001,Dia,O
000043-001,",",O
000043-001,sesungguhnya,O
000043-001,aku,O
000043-001,adalah,O
000043-001,utusan,O
000043-001,Allah,O
000043-001,kepada,O
000043-001,kalian,O
000043-001,secara,O
000043-001,khusus,O
000043-001,dan,O
000043-001,kepada,O
000043-001,manusia,O
000043-001,secara,O
000043-001,umum,O
000043-001,.,O
000048-006,Allah,O
000048-006,berfirman,O
000048-006,",",O
000048-006,"""",O
000048-006,Maka,O
000048-006,mereka,O
000048-006,menginginkan,O
000048-006,supaya,O
000048-006,kamu,O
000048-006,bersikap,O
000048-006,lunak,O
000048-006,lalu,O
000048-006,mereka,O
000048-006,bersikap,O
000048-006,lunak,O
000048-006,(,O
000048-006,pula,O
000048-006,kepadamu,O
000048-006,).,O
000048-006,"""",O
000048-006,(,O
000048-006,Al-Qalam,O
000048-006,:,O
000048-006,9,O
000048-006,),O
000048-006,Ada,O
000048-006,riwayat,O
000048-006,Ibnu,B_PERSON
000048-006,Jarir,I_PERSON
000048-006,dan,O
000048-006,Ath-Thabarani,B_PERSON
000048-006,yang,O
000048-006,menyebutkan,O
000048-006,bahwa,O
000048-006,orang-,O
000048-006,orang,O
000048-006,musyrik,O
000048-006,menawarkan,O
000048-006,kepada,O
000048-006,Rasulullah,B_PERSON
000048-006,",",O
000048-006,agar,O
000048-006,beliau,O
000048-006,menyembah,O
000048-006,sesembahan,O
000048-006,mereka,O
000048-006,selama,O
000048-006,setahun,O
000048-006,dan,O
000048-006,mereka,O
000048-006,menyembah,O
000048-006,Rabb,O
000048-006,beliau,O
000048-006,selama,O
000048-006,setahun,O
000048-006,kemudian,O
000048-006,.,O
000048-006,Riwayat,O
000048-006,lain,O
000048-006,menutur,O
000048-006,Abd,B_PERSON
000048-006,bin,I_PERSON
000048-006,Humaid,I_PERSON
000048-006,menyebutkan,O
000048-006,bahwa,O
000048-006,mereka,O
000048-006,berkata,O
000048-006,",""",O
000048-006,Andaikan,O
000048-006,engkau,O
000048-006,mau,O
000048-006,menerima,O
000048-006,sesembahan,O
000048-006,kami,O
000048-006,.,O
000048-006,kami,O
000048-006,pun,O
000048-006,mau,O
000048-006,menyembah,O
000048-006,Ibnu,B_PERSON
000048-006,Ishaq,I_PERSON
000048-006,meriwayatkan,O
000048-006,dengan,O
000048-006,sanadnya,O
000048-006,",",O
000048-006,dia,O
000048-006,berkata,O
000048-006,",",O
000048-006,Selagi,O
000048-006,Rasulullah,B_PERSON
000048-006,74,O
000048-006,Sirah,O
000048-006,An-Nabawiyah,O
000048-006,",",O
000048-006,Ibnu,B_PERSON
000048-006,Hisyam,I_PERSON
000048-006,",",O
000048-006,1/299-300,O
000048-006,",",O
000048-006,358,O
000048-006,;,O
000048-006,Mukhtashar,O
000048-006,Siratir-Rasul,O
000048-006,",",O
000048-006,Syaikh,O
000048-006,Abdullah,B_PERSON
000048-006,An-Najdi,O
000048-006,",",O
000048-006,hal,O
000048-006,.,O
000048-006,117-118,O
000048-006,.,O
000048-006,75,O
000048-006,Tafhimul-Qur'an,O
000048-006,",",O
000048-006,6/501,O
000048-006,.,O
000048-006,sedang,O
000048-006,thawaf,O
000048-006,di,O
000048-006,Ka'bah,B_PERSON
000048-006,",",O
000048-006,beliau,O
000048-006,berpapasan,O
000048-006,dengan,O
000048-006,Al-Aswad,O
000048-006,bin,I_PERSON
000048-006,Al-Muththalib,O
000048-006,bin,I_PERSON
000048-006,Asad,I_PERSON
000048-006,bin,I_PERSON
000048-006,Abdul,I_PERSON
000048-006,Uzza,I_PERSON
000048-006,dan,O
000048-006,Al-Walid,O
000048-006,bin,I_PERSON
000048-006,Al-Mughirah,O
000048-006,bin,I_PERSON
000048-006,Khalaf,O
000048-006,dan,O
000048-006,Al-Ash,O
000048-006,bin,I_PERSON
000048-006,Wa'il,I_PERSON
000048-006,As-Sahmi,O
000048-006,",",O
000048-006,yang,O
000048-006,mereka,O
000048-006,ini,O
000048-006,adalah,O
000048-006,para,O
000048-006,tetua,O
000048-006,kaumnya,O
000048-006,.,O
000048-006,Mereka,O
000048-006,berkata,O
000048-006,",",O
000048-006,"""",O
000048-006,Wahai,O
000048-006,Muhammad,B_PERSON
000048-006,",",O
000048-006,kesinilah,O
000048-006,!,O
000048-006,Kami,O
000048-006,mau,O
000048-006,menyembah,O
000048-006,apa,O
000048-006,yang,O
000048-006,engkau,O
000048-006,sembah,O
000048-006,dan,O
000048-006,engkau,O
000048-006,juga,O
000048-006,harus,O
000048-006,menyembah,O
000048-006,apa,O
000048-006,yang,O
000048-006,kami,O
000048-006,sembah,O
000048-006,.,O
000048-006,sehingga,O
000048-006,kita,O
000048-006,bisa,O
000048-006,saling,O
000048-006,bersekutu,O
000048-006,dalam,O
000048-006,masalah,O
000048-006,ini,O
000048-006,.,O
000048-006,Jika,O
000048-006,apa,O
000048-006,yang,O
000048-006,engkau,O
000048-006,sembah,O
000048-006,ternyata,O
000048-006,lebih,O
000048-006,baik,O
000048-006,dari,O
000048-006,apa,O
000048-006,yang,O
000048-006,kami,O
000048-006,sembah,O
000048-006,",",O
000048-006,maka,O
000048-006,kami,O
000048-006,boleh,O
000048-006,melepas,O
000048-006,apa,O
000048-006,yang,O
000048-006,seharusnya,O
000048-006,menjadi,O
000048-006,bagian,O
000048-006,kami,O
000048-006,",",O
000048-006,dan,O
000048-006,jika,O
000048-006,apa,O
000048-006,yang,O
000048-006,kami,O
000048-006,sembah,O
000048-006,ternyata,O
000048-006,lebih,O
000048-006,baik,O
000048-006,dari,O
000048-006,apa,O
000048-006,yang,O
000048-006,engkau,O
000048-006,sembah,O
000048-006,",",O
000048-006,maka,O
000048-006,engkau,O
000048-006,harus,O
000048-006,melepas,O
000048-006,bagianmu,O
000048-006,".""",O
000048-006,Lalu,O
000048-006,Allah,O
000048-006,menurunkan,O
000048-006,surah,O
000048-006,Al-Kafirun,O
000048-006,.,O
000049-011,Setelah,O
000049-011,itu,O
000049-011,dia,O
000049-011,disuruh,O
000049-011,duduk,O
000049-011,dan,O
000049-011,di,O
000049-011,bawah,O
000049-011,terik,O
000049-011,matahari,O
000049-011,dan,O
000049-011,dibiarkan,O
000049-011,kelaparan,O
000049-011,.,O
000049-011,Penyiksaan,O
000049-011,paling,O
000049-011,keras,O
000049-011,yang,O
000049-011,dialaminya,O
000049-011,",",O
000049-011,suatu,O
000049-011,hari,O
000049-011,dia,O
000049-011,dibawa,O
000049-011,keluar,O
000049-011,selagi,O
000049-011,matahari,O
000049-011,tepat,O
000049-011,di,O
000049-011,tengah,O
000049-011,ufuk,O
000049-011,.,O
000049-011,lalu,O
000049-011,dia,O
000049-011,ditelentangkan,O
000049-011,di,O
000049-011,atas,O
000049-011,padang,O
000049-011,pasir,O
000049-011,Makkah,B_LOCATION
000049-011,.,O
000049-011,Umayyah,B_PERSON
000049-011,meminta,O
000049-011,sebuah,O
000049-011,batu,O
000049-011,yang,O
000049-011,besar,O
000049-011,lalu,O
000049-011,diletakkan,O
000049-011,di,O
000049-011,atas,O
000049-011,dada,O
000049-011,Bilal,B_PERSON
000049-011,",",O
000049-011,seraya,O
000049-011,berkata,O
000049-011,",",O
000049-011,"""",O
000049-011,Tidak,O
000049-011,demi,O
000049-011,Allah,O
000049-011,",",O
000049-011,kamu,O
000049-011,tetap,O
000049-011,seperti,O
000049-011,ini,O
000049-011,hingga,O
000049-011,kamu,O
000049-011,mati,O
000049-011,atau,O
000049-011,mengingkari,O
000049-011,Muhammad,B_PERSON
000049-011,serta,O
000049-011,menyembah,O
000049-011,Lata,O
000049-011,dan,O
000049-011,Uzza,O
000049-011,".""",O
000049-011,Bilal,B_PERSON
000049-011,hanya,O
000049-011,mampu,O
000049-011,berucap,O
000049-011,",",O
000049-011,"""",O
000049-011,Ahad,O
000049-011,",",O
000049-011,Ahad,O
000049-011,...,O
000049-011,Suatu,O
000049-011,hari,O
000049-011,Abu,B_PERSON
000049-011,Bakar,I_PERSON
000049-011,lewat,O
000049-011,selagi,O
000049-011,orang-orang,O
000049-011,Quraisy,O
000049-011,berbuat,O
000049-011,seperti,O
000049-011,itu,O
000049-011,terhadap,O
000049-011,Bilal,B_PERSON
000049-011,.,O
000049-011,Lalu,O
000049-011,Abu,B_PERSON
000049-011,Bakar,I_PERSON
000049-011,membeli,O
000049-011,Bilal,B_PERSON
000049-011,dengan,O
000049-011,seorang,O
000049-011,pemuda,O
000049-011,berkulit,O
000049-011,hitam,O
000049-011,.,O
000049-011,Ada,O
000049-011,yang,O
000049-011,berpendapat,O
000049-011,",",O
000049-011,Abu,B_PERSON
000049-011,Bakar,I_PERSON
000049-011,membelinya,O
000049-011,dengan,O
000049-011,tujuh,O
000049-011,uqiyah,O
000049-011,atau,O
000049-011,lima,O
000049-011,keping,O
000049-011,perak,O
000049-011,",",O
000049-011,lalu,O
000049-011,Ammar,O
000049-011,bin,I_PERSON
000049-011,Yasir,O
000049-011,",",O
000049-011,budak,O
000049-011,Bani,O
000049-011,Makhzum,O
000049-011,",",O
000049-011,masuk,O
000049-011,Islam,O
000049-011,bersama,O
000049-011,ibu,O
000049-011,dan,O
000049-011,bapaknya,O
000049-011,.,O
000049-011,Orang-orang,O
000049-011,musyrik,O
000049-011,yang,O
000049-011,dipimpin,O
000049-011,Abu,B_PERSON
000049-011,Jahal,I_PERSON
000049-011,menyeret,O
000049-011,mereka,O
000049-011,ke,O
000049-011,tengah,O
000049-011,padang,O
000049-011,pasir,O
000049-011,yang,O
000049-011,panas,O
000049-011,membara,O
000049-011,lalu,O
000049-011,menyiksa,O
000049-011,mereka,O
000049-011,.,O
000049-011,Nabi,O
000049-011,lewat,O
000049-011,selagi,O
000049-011,mereka,O
000049-011,disiksa,O
000049-011,.,O
000049-011,Beliau,O
000049-011,bersabda,O
000049-011,",",O
000049-011,"""",O
000049-011,Sabarlah,O
000049-011,wahai,O
000049-011,keluarga,O
000049-011,Yasir,O
000049-011,!,O
000049-011,Sesungguhnya,O
000049-011,tempat,O
000049-011,yang,O
000049-011,sudah,O
000049-011,dijanjikan,O
000049-011,bagi,O
000049-011,kalian,O
000049-011,adalah,O
000049-011,surga.',O
000049-011,Yasir,O
000049-011,meninggal,O
000049-011,dunia,O
000049-011,dalam,O
000049-011,penyiksaan,O
000049-011,itu,O
000049-011,",",O
000049-011,dan,O
000049-011,ibu,O
000049-011,Ammar,O
000049-011,",",O
000049-011,Sumayyah,I_PERSON
000049-011,ditikam,O
000049-011,Abu,B_PERSON
000049-011,Jahal,I_PERSON
000049-011,dengan,O
000049-011,menggunakan,O
000049-011,tombak,O
000049-011,",",O
000049-011,hingga,O
000049-011,meninggal,O
000049-011,dunia,O
000049-011,Dialah,O
000049-011,wanita,O
000049-011,pertama,O
000049-011,yang,O
000049-011,mati,O
000049-011,syahid,O
000049-011,dalam,O
000049-011,Islam,O
000049-011,.,O
000049-011,Sedangkan,O
000049-011,Ammar,B_PERSON
000049-011,yang,O
000049-011,masih,O
000049-011,hidup,O
000049-011,harus,O
000049-011,menghadapi,O
000049-011,penyiksaan,O
000049-011,yang,O
000049-011,lebih,O
000049-011,menyakitkan,O
000049-011,lagi,O
000049-011,Sebuah,O
000049-011,batu,O
000049-011,yang,O
000049-011,panas,O
000049-011,diletakkan,O
000049-011,di,O
000049-011,dadanya,O
000049-011,dan,O
000049-011,sebagian,O
000049-011,tubuhnya,O
000049-011,yang,O
000049-011,lain,O
000049-011,dibenamkan,O
000049-011,di,O
000049-011,dalam,O
000049-011,pasir,O
000049-011,yang,O
000049-011,panas,O
000049-011,membara,O
000049-011,.,O
000051-004,Pada,O
000051-004,bulan,B_TIME
000051-004,Ramadhan,I_TIME
000051-004,di,O
000051-004,tahun,O
000051-004,yang,O
000051-004,sama,O
000051-004,",",O
000051-004,Nabi,O
000051-004,keluar,O
000051-004,dari,O
000051-004,Masjidil,B_LOCATION
000051-004,Haram,I_LOCATION
000051-004,",",O
000051-004,yang,O
000051-004,saat,O
000051-004,itu,O
000051-004,para,O
000051-004,pemuka,O
000051-004,dan,O
000051-004,pembesar,O
000051-004,Quraisy,O
000051-004,sedang,O
000051-004,berkumpul,O
000051-004,di,O
000051-004,sana,O
000051-004,.,O
000051-004,Beliau,O
000051-004,berdiri,O
000051-004,di,O
000051-004,hadapan,O
000051-004,mereka,O
000051-004,",",O
000051-004,lalu,O
000051-004,seketika,O
000051-004,itu,O
000051-004,pula,O
000051-004,membacakan,O
000051-004,surat,O
000051-004,An-Najm,O
000051-004,.,O
000051-004,Orang-orang,O
000051-004,kafir,O
000051-004,itu,O
000051-004,tidak,O
000051-004,pernah,O
000051-004,mendengarkan,O
000051-004,kalam,O
000051-004,Allah,O
000051-004,yang,O
000051-004,seperti,O
000051-004,itu,O
000051-004,sebelumnya,O
000051-004,.,O
000051-004,Sebab,O
000051-004,redaksi,O
000051-004,mereka,O
000051-004,panjang-panjang,O
000051-004,seperti,O
000051-004,biasanya,O
000051-004,",",O
000051-004,memaksa,O
000051-004,sebagian,O
000051-004,di,O
000051-004,antara,O
000051-004,mereka,O
000051-004,untuk,O
000051-004,menjelaskan,O
000051-004,kepada,O
000051-004,sebagian,O
000051-004,yang,O
000051-004,lain,O
000051-004,",",O
000051-004,seperti,O
000051-004,yang,O
000051-004,dijelaskan,O
000051-004,Allah,O
000051-004,",",O
000051-004,"""",O
000051-004,Dan,O
000051-004,orang-orang,O
000051-004,yang,O
000051-004,kafir,O
000051-004,berkata,O
000051-004,",",O
000051-004,Janganlah,O
000051-004,kalian,O
000051-004,mendengar,O
000051-004,dengan,O
000051-004,sungguh-sungguh,O
000051-004,akan,O
000051-004,Al-Qur'an,O
000051-004,ini,O
000051-004,dan,O
000051-004,buatlah,O
000051-004,hiruk,O
000051-004,pikuk,O
000051-004,terhadapnya,O
000051-004,",",O
000051-004,supaya,O
000051-004,kalian,O
000051-004,dapat,O
000051-004,mengalahkannya,O
000051-004,".""",O
000051-004,(,O
000051-004,Fushshilat,O
000051-004,:,O
000051-004,26,O
000051-004,),O
000051-004,Tetapi,O
000051-004,tatkala,O
000051-004,dilantunkan,O
000051-004,bacaan,O
000051-004,surat,O
000051-004,ini,O
000051-004,",",O
000051-004,gendang,O
000051-004,telinga,O
000051-004,mereka,O
000051-004,diketuk,O
000051-004,kalam,O
000051-004,Ilahi,O
000051-004,yang,O
000051-004,indah,O
000051-004,menawan,O
000051-004,",",O
000051-004,yang,O
000051-004,keindahannya,O
000051-004,sulit,O
000051-004,dilukiskan,O
000051-004,dengan,O
000051-004,suatu,O
000051-004,gambaran,O
000051-004,",",O
000051-004,mereka,O
000051-004,pun,O
000051-004,diam,O
000051-004,terpesona,O
000051-004,",",O
000051-004,menyimak,O
000051-004,isinya,O
000051-004,dan,O
000051-004,semua,O
000051-004,orang,O
000051-004,khidmat,O
000051-004,mendengarnya,O
000051-004,",",O
000051-004,sehingga,O
000051-004,tidak,O
000051-004,ada,O
000051-004,pikiran,O
000051-004,lain,O
000051-004,yang,O
000051-004,melintas,O
000051-004,di,O
000051-004,dalam,O
000051-004,benak,O
000051-004,mereka,O
000051-004,.,O
000051-004,Tatkala,O
000051-004,beliau,O
000051-004,membacakan,O
000051-004,penutup,O
000051-004,surat,O
000051-004,ini,O
000051-004,",",O
000051-004,hati,O
000051-004,mereka,O
000051-004,serasa,O
000051-004,terbang,O
000051-004,.,O
000051-004,Akhirnya,O
000051-004,beliau,O
000051-004,membaca,O
000051-004,ayat,O
000051-004,terakhir,O
000051-004,",",O
000051-004,'Maka,O
000051-004,bersujudlah,O
000051-004,kepada,O
000051-004,Allah,O
000051-004,dan,O
000051-004,sembahlah,O
000051-004,(,O
000051-004,Dia,O
000051-004,),O
000051-004,""".",O
000051-004,(,O
000051-004,An-Najam,O
000051-004,:,O
000051-004,62,O
000051-004,),O
000051-004,Mereka,O
000051-004,pun,O
000051-004,sujud,O
000051-004,.,O
000051-004,Tak,O
000051-004,seorang,O
000051-004,pun,O
000051-004,mampu,O
000051-004,menguasai,O
000051-004,diri,O
000051-004,",",O
000051-004,dan,O
000051-004,mereka,O
000051-004,semua,O
000051-004,merunduk,O
000051-004,dalam,O
000051-004,keadaan,O
000051-004,sujud,O
000051-004,.,O
000051-004,Sebenarnya,O
000051-004,sinar-sinar,O
000051-004,kebenaran,O
000051-004,telah,O
000051-004,merasuk,O
000051-004,ke,O
000051-004,dalam,O
000051-004,jiwa,O
000051-004,orang-orang,O
000051-004,yang,O
000051-004,sombong,O
000051-004,dan,O
000051-004,selalu,O
000051-004,mengolok-ngolok,O
000051-004,itu,O
000051-004,.,O
000051-004,Mereka,O
000051-004,tidak,O
000051-004,mampu,O
000051-004,menahan,O
000051-004,diri,O
000051-004,untuk,O
000051-004,sujud,O
000051-004,.,O
000051-004,4,O
000051-004,84,O
000051-004,Tafhimul-Qur,B_LOCATION
000051-004,'an,O
000051-004,",",O
000051-004,5/188,O
000051-004,.,O
000052-002,Kami,O
000052-002,diutus,O
000052-002,para,O
000052-002,pembesar,O
000052-002,kaum,O
000052-002,mereka,O
000052-002,",",O
000052-002,dari,O
000052-002,bapak-bapak,O
000052-002,",",O
000052-002,paman,O
000052-002,dan,O
000052-002,keluarga,O
000052-002,mereka,O
000052-002,untuk,O
000052-002,menemui,O
000052-002,tuan,O
000052-002,",",O
000052-002,agar,O
000052-002,tuan,O
000052-002,berkenan,O
000052-002,mengembaikan,O
000052-002,orang-orang,O
000052-002,ini,O
000052-002,kepada,O
000052-002,mereka,O
000052-002,.,O
000052-002,Sebab,O
000052-002,mereka,O
000052-002,itu,O
000052-002,lebih,O
000052-002,berhak,O
000052-002,terhadap,O
000052-002,orang-orang,O
000052-002,tersebut,O
000052-002,dan,O
000052-002,lebih,O
000052-002,tahu,O
000052-002,apa,O
000052-002,yang,O
000052-002,telah,O
000052-002,mendorong,O
000052-002,orang-orang,O
000052-002,tersebut,O
000052-002,mencela,O
000052-002,dan,O
000052-002,mencaci,O
000052-002,mereka,O
000052-002,".""",O
000052-002,Benar,O
000052-002,apa,O
000052-002,yang,O
000052-002,dikatakan,O
000052-002,mereka,O
000052-002,berdua,O
000052-002,",",O
000052-002,wahai,O
000052-002,Baginda,O
000052-002,Raja,O
000052-002,.,O
000052-002,Maka,O
000052-002,serahkanlah,O
000052-002,mereka,O
000052-002,itu,O
000052-002,kepada,O
000052-002,mereka,O
000052-002,berdua,O
000052-002,",",O
000052-002,agar,O
000052-002,keduanya,O
000052-002,mengembalikan,O
000052-002,mereka,O
000052-002,ke,O
000052-002,kaum,O
000052-002,dan,O
000052-002,negerinya,O
000052-002,",""",O
000052-002,kata,O
000052-002,para,O
000052-002,uskup,O
000052-002,.,O
000052-002,Tetapi,O
000052-002,Raja,O
000052-002,Naj,B_PERSON
000052-002,asyi,I_PERSON
000052-002,merasa,O
000052-002,perlu,O
000052-002,untuk,O
000052-002,meneliti,O
000052-002,secara,O
000052-002,detil,O
000052-002,masalah,O
000052-002,ini,O
000052-002,dan,O
000052-002,mendengarkan,O
000052-002,dari,O
000052-002,masing-masing,O
000052-002,pihak,O
000052-002,.,O
000052-002,Maka,O
000052-002,Raja,O
000052-002,Najasyi,B_PERSON
000052-002,mengirim,O
000052-002,utusan,O
000052-002,untuk,O
000052-002,menemui,O
000052-002,orang-orang,O
000052-002,Muslim,O
000052-002,dan,O
000052-002,mendatangkan,O
000052-002,mereka,O
000052-002,ke,O
000052-002,hadapannya,O
000052-002,.,O
000052-002,Setelah,O
000052-002,para,O
000052-002,Muhajirin,O
000052-002,yang,O
000052-002,dari,O
000052-002,penampilannya,O
000052-002,saja,O
000052-002,sudah,O
000052-002,menampakkan,O
000052-002,kejujuran,O
000052-002,itu,O
000052-002,sudah,O
000052-002,menghadap,O
000052-002,",",O
000052-002,maka,O
000052-002,Najasyi,B_PERSON
000052-002,berkata,O
000052-002,.,O
000052-002,"""",O
000052-002,Macam,O
000052-002,apakah,O
000052-002,agama,O
000052-002,kalian,O
000052-002,",",O
000052-002,yang,O
000052-002,karena,O
000052-002,agama,O
000052-002,itu,O
000052-002,kalian,O
000052-002,memecah,O
000052-002,belah,O
000052-002,kaum,O
000052-002,kalian,O
000052-002,",",O
000052-002,dan,O
000052-002,kalian,O
000052-002,juga,O
000052-002,tidak,O
000052-002,masuk,O
000052-002,agama,O
000052-002,kalian,O
000052-002,serta,O
000052-002,tidak,O
000052-002,satu,O
000052-002,pun,O
000052-002,agama-agama,O
000052-002,ini,O
000052-002,"?""",O
000052-002,Ja'far,O
000052-002,bin,I_PERSON
000052-002,Abu,B_PERSON
000052-002,Thalib,I_PERSON
000052-002,yang,O
000052-002,menjadi,O
000052-002,juru,O
000052-002,bicara,O
000052-002,orang-orang,O
000052-002,Muslim,O
000052-002,menjawab,O
000052-002,",",O
000052-002,Wahai,O
000052-002,Tuan,O
000052-002,Raja,O
000052-002,",",O
000052-002,dulu,O
000052-002,kami,O
000052-002,adalah,O
000052-002,pemeluk,O
000052-002,agama,O
000052-002,jahiliyah,O
000052-002,.,O
000052-002,Kami,O
000052-002,menyembah,O
000052-002,berhala-berhala,O
000052-002,",",O
000052-002,memakan,O
000052-002,bangkai,O
000052-002,",",O
000052-002,berbuat,O
000052-002,mesum,O
000052-002,",",O
000052-002,memutuskan,O
000052-002,tali,O
000052-002,persaudaraan,O
000052-002,",",O
000052-002,menyakiti,O
000052-002,tetangga,O
000052-002,dan,O
000052-002,yang,O
000052-002,kuat,O
000052-002,di,O
000052-002,antara,O
000052-002,kita,O
000052-002,memakan,O
000052-002,yang,O
000052-002,lemah,O
000052-002,.,O
000052-002,Begitulah,O
000052-002,gambaran,O
000052-002,kami,O
000052-002,dahulu,O
000052-002,",",O
000052-002,hingga,O
000052-002,Allah,O
000052-002,mengutus,O
000052-002,seorang,O
000052-002,rasul,O
000052-002,dari,O
000052-002,kalangan,O
000052-002,kami,O
000052-002,sendiri,O
000052-002,",",O
000052-002,yang,O
000052-002,kami,O
000052-002,ketahui,O
000052-002,nasab,O
000052-002,",",O
000052-002,kejujuran,O
000052-002,",",O
000052-002,amanah,O
000052-002,",",O
000052-002,dan,O
000052-002,kesucian,O
000052-002,dirinya,O
000052-002,.,O
000055-001,Setelah,O
000055-001,orang-orang,O
000055-001,Quraisy,O
000055-001,mengalami,O
000055-001,kegagalan,O
000055-001,dalam,O
000055-001,dua,O
000055-001,kali,O
000055-001,kedatangan,O
000055-001,mereka,O
000055-001,untuk,O
000055-001,mempengaruhi,O
000055-001,Abu,B_PERSON
000055-001,Thalib,I_PERSON
000055-001,",",O
000055-001,maka,O
000055-001,mereka,O
000055-001,kembali,O
000055-001,bersikap,O
000055-001,keras,O
000055-001,dan,O
000055-001,bengis,O
000055-001,",",O
000055-001,bahkan,O
000055-001,jauh,O
000055-001,lebih,O
000055-001,keras,O
000055-001,dari,O
000055-001,sebelumnya,O
000055-001,.,O
000055-001,Pada,O
000055-001,hari-,O
000055-001,hari,O
000055-001,itu,O
000055-001,",",O
000055-001,tiba-tiba,O
000055-001,muncul,O
000055-001,ide,O
000055-001,di,O
000055-001,kepala,O
000055-001,para,O
000055-001,thaghut,O
000055-001,mereka,O
000055-001,untuk,O
000055-001,menghabisi,O
000055-001,Nabi,O
000055-001,dengan,O
000055-001,cara,O
000055-001,lain,O
000055-001,.,O
000055-001,Tetapi,O
000055-001,justru,O
000055-001,kebengisan,O
000055-001,dan,O
000055-001,munculnya,O
000055-001,ide,O
000055-001,semacam,O
000055-001,itu,O
000055-001,yang,O
000055-001,semakin,O
000055-001,mengkokohkan,O
000055-001,posisi,O
000055-001,Islam,O
000055-001,",",O
000055-001,dengan,O
000055-001,masuknya,O
000055-001,dua,O
000055-001,pahlawan,O
000055-001,Makkah,B_LOCATION
000055-001,yaitu,O
000055-001,Hamzah,B_PERSON
000055-001,bin,I_PERSON
000055-001,Abdul,I_PERSON
000055-001,Muththalib,I_PERSON
000055-001,dan,O
000055-001,Umar,B_PERSON
000055-001,bin,I_PERSON
000055-001,Al-Khaththab,I_PERSON
000055-001,Di,O
000055-001,antara,O
000055-001,bentuk,O
000055-001,kebengisan,O
000055-001,itu,O
000055-001,",",O
000055-001,suatu,O
000055-001,hari,O
000055-001,Uthbah,B_PERSON
000055-001,bin,I_PERSON
000055-001,Abu,I_PERSON
000055-001,Lahab,I_PERSON
000055-001,menemui,O
000055-001,Rasulullah,B_PERSON
000055-001,",",O
000055-001,seraya,O
000055-001,berkata,O
000055-001,",",O
000055-001,"""",O
000055-001,Aku,O
000055-001,mengingkari,O
000055-001,ayat,O
000055-001,",",O
000055-001,Demi,O
000055-001,bintang,O
000055-001,ketika,O
000055-001,87_,O
000055-001,Sirah,O
000055-001,An-Nabawiyah,O
000055-001,",",O
000055-001,Ibnu,B_PERSON
000055-001,terbenam',O
000055-001,",",O
000055-001,dan,O
000055-001,Yang,O
000055-001,mendekati,O
000055-001,lalu,O
000055-001,bertambah,O
000055-001,dekat,O
000055-001,lagi,O
000055-001,(,O
000055-001,Jibril,B_PERSON
000055-001,")"".",O
000055-001,Kemudian,O
000055-001,dia,O
000055-001,mulai,O
000055-001,mengganggu,O
000055-001,beliau,O
000055-001,",",O
000055-001,merobek,O
000055-001,baju,O
000055-001,beliau,O
000055-001,dan,O
000055-001,meludah,O
000055-001,ke,O
000055-001,muka,O
000055-001,beliau,O
000055-001,.,O
000055-001,Untungnya,O
000055-001,ludah,O
000055-001,itu,O
000055-001,tidak,O
000055-001,mengenai,O
000055-001,sasaran,O
000055-001,.,O
000055-001,Saat,O
000055-001,itu,O
000055-001,beliau,O
000055-001,berdoa,O
000055-001,",",O
000055-001,"""",O
000055-001,Ya,O
000055-001,Allah,O
000055-001,",",O
000055-001,buatlah,O
000055-001,dia,O
000055-001,dilahap,O
000055-001,seekor,O
000055-001,anjing,O
000055-001,dari,O
000055-001,ciptaan-Mu,O
000055-001,".""",O
000055-001,Doa,O
000055-001,beliau,O
000055-001,benar-benar,O
000055-001,dikabulkan,O
000055-001,.,O
000055-001,Suatu,O
000055-001,kali,O
000055-001,Utbah,B_PERSON
000055-001,pergi,O
000055-001,ke,O
000055-001,Syam,B_LOCATION
000055-001,bersama,O
000055-001,rombongan,O
000055-001,Quraisy,O
000055-001,.,O
000055-001,Suatu,O
000055-001,malam,O
000055-001,tatkala,O
000055-001,mereka,O
000055-001,sedang,O
000055-001,singgah,O
000055-001,di,O
000055-001,suatu,O
000055-001,tempat,O
000055-001,di,O
000055-001,Syam,B_LOCATION
000055-001,",",O
000055-001,tepatnya,O
000055-001,di,O
000055-001,Az-Zarqa',O
000055-001,",",O
000055-001,tiba-tiba,O
000055-001,ada,O
000055-001,seekor,O
000055-001,singa,O
000055-001,yang,O
000055-001,mengelilingi,O
000055-001,mereka,O
000055-001,.,O
000055-001,Saat,O
000055-001,itulah,O
000055-001,Utbah,B_PERSON
000055-001,berkata,O
000055-001,",",O
000055-001,"""",O
000055-001,Sungguh,O
000055-001,celaka,O
000055-001,saudaraku,O
000055-001,.,O
000055-001,Demi,O
000055-001,Allah,O
000055-001,",",O
000055-001,singa,O
000055-001,itu,O
000055-001,akan,O
000055-001,mencaplokku,O
000055-001,seperti,O
000055-001,doa,O
000055-001,yang,O
000055-001,dibaca,O
000055-001,Muhammad,B_PERSON
000055-001,atas,O
000055-001,diriku,O
000055-001,.,O
000055-003,Orang-orang,O
000055-003,Quraisy,O
000055-003,mendekati,O
000055-003,Abu,B_PERSON
000055-003,Jahal,I_PERSON
000055-003,dan,O
000055-003,bertanya,O
000055-003,",",O
000055-003,"""",O
000055-003,Apa,O
000055-003,yang,O
000055-003,terjadi,O
000055-003,wahai,O
000055-003,Abul,B_PERSON
000055-003,Hakam,I_PERSON
000055-003,"?""",O
000055-003,"""",O
000055-003,Aku,O
000055-003,menghampirinya,O
000055-003,seperti,O
000055-003,kukatakan,O
000055-003,semalam,O
000055-003,kepada,O
000055-003,kalian,O
000055-003,.,O
000055-003,Tatkala,O
000055-003,aku,O
000055-003,sudah,O
000055-003,dekat,O
000055-003,dengannya,O
000055-003,",",O
000055-003,tiba-tiba,O
000055-003,ada,O
000055-003,seekor,O
000055-003,onta,O
000055-003,yang,O
000055-003,menghalangi,O
000055-003,diriku,O
000055-003,dan,O
000055-003,dirinya,O
000055-003,.,O
000055-003,Tidak,O
000055-003,",",O
000055-003,demi,O
000055-003,Allah,O
000055-003,",",O
000055-003,aku,O
000055-003,tidak,O
000055-003,melihat,O
000055-003,onta,O
000055-003,itu,O
000055-003,seperti,O
000055-003,lazimnya,O
000055-003,.,O
000055-003,88_,O
000055-003,Tafhimul-Qur'an,O
000055-003,",",O
000055-003,6/522,O
000055-003,;,O
000055-003,Mukhtashar,O
000055-003,Siratir-Rasul,O
000055-003,",",O
000055-003,Syaikh,O
000055-003,Abdullah,O
000055-003,An-Najdi,O
000055-003,",",O
000055-003,hal,O
000055-003,.,O
000055-003,135,O
000055-003,tinggi,O
000055-003,maupun,O
000055-003,pendeknya,O
000055-003,",",O
000055-003,tidak,O
000055-003,pula,O
000055-003,taringnya,O
000055-003,sekalipun,O
000055-003,itu,O
000055-003,onta,O
000055-003,pejantan,O
000055-003,.,O
000055-003,Onta,O
000055-003,itu,O
000055-003,mendekatiku,O
000055-003,dan,O
000055-003,hendak,O
000055-003,mencaplokku,O
000055-003,".""",O
000055-003,Ibnu,B_PERSON
000055-003,Ishaq,I_PERSON
000055-003,menuturkan,O
000055-003,",",O
000055-003,Rasulullah,B_PERSON
000055-003,bersabda,O
000055-003,",",O
000055-003,Itulah,O
000055-003,Jibril,B_PERSON
000055-003,.,O
000055-003,Andaikata,O
000055-003,dia,O
000055-003,mendekati,O
000055-003,lagi,O
000055-003,",",O
000055-003,tentu,O
000055-003,Jibril,B_PERSON
000055-003,akan,O
000055-003,mengambil,O
000055-003,tindakan,O
000055-003,terhadap,O
000055-003,Karena,O
000055-003,perbuatan,O
000055-003,Abu,B_PERSON
000055-003,Jahal,I_PERSON
000055-003,terhadap,O
000055-003,Rasulullah,B_PERSON
000055-003,itulah,O
000055-003,yang,O
000055-003,mendorong,O
000055-003,Hamzah,B_PERSON
000055-003,masuk,O
000055-003,Islam,O
000055-003,setelah,O
000055-003,itu,O
000055-003,.,O
000055-003,Masalah,O
000055-003,ini,O
000055-003,akan,O
000055-003,disampaikan,O
000055-003,di,O
000055-003,bagian,O
000055-003,mendatang,O
000055-003,.,O
000055-003,Sekalipun,O
000055-003,begitu,O
000055-003,ide,O
000055-003,untuk,O
000055-003,menghabisi,O
000055-003,Rasulullah,B_PERSON
000055-003,tetap,O
000055-003,belum,O
000055-003,hilang,O
000055-003,dari,O
000055-003,hati,O
000055-003,para,O
000055-003,thaghut,O
000055-003,Quraisy,O
000055-003,.,O
000055-003,Ibnu,B_PERSON
000055-003,Ishaq,I_PERSON
000055-003,meriwayatkan,O
000055-003,dari,O
000055-003,Abdullah,B_PERSON
000055-003,bin,I_PERSON
000055-003,Amru,I_PERSON
000055-003,bin,I_PERSON
000055-003,Al-Ash,O
000055-003,",",O
000055-003,dia,O
000055-003,berkata,O
000055-003,",",O
000055-003,"""",O
000055-003,Aku,O
000055-003,mendatangi,O
000055-003,mereka,O
000055-003,yang,O
000055-003,sedang,O
000055-003,berkumpul,O
000055-003,di,O
000055-003,Hijir,I_PERSON
000055-003,.,O
000055-003,Mereka,O
000055-003,membicarakan,O
000055-003,Rasulullah,B_PERSON
000055-003,",",O
000055-003,lalu,O
000055-003,berkata,O
000055-003,",",O
000055-003,"""",O
000055-003,Kami,O
000055-003,tidak,O
000055-003,pernah,O
000055-003,bersabar,O
000055-003,seperti,O
000055-003,kesabaran,O
000055-003,kami,O
000055-003,menghadapi,O
000055-003,urusan,O
000055-003,orang,O
000055-003,ini,O
000055-003,.,O
000055-003,Kami,O
000055-003,benar-benar,O
000055-003,telah,O
000055-003,bersabar,O
000055-003,menghadapinya,O
000055-003,karena,O
000055-003,suatu,O
000055-003,urusan,O
000055-003,yang,O
000055-003,besar,O
000055-003,".""",O
000055-003,Selagi,O
000055-003,mereka,O
000055-003,dalam,O
000055-003,keadaan,O
000055-003,seperti,O
000055-003,itu,O
000055-003,",",O
000055-003,tiba-tiba,O
000055-003,beliau,O
000055-003,muncul,O
000055-003,dar,O
000055-003,berjalan,O
000055-003,hingga,O
000055-003,tiba,O
000055-003,di,O
000055-003,dekat,O
000055-003,Hajar,I_PERSON
000055-003,Aswad,I_PERSON
000055-003,dan,O
000055-003,mengusapnya,O
000055-003,.,O
000055-003,Kemudian,O
000055-003,beliau,O
000055-003,melewati,O
000055-003,mereka,O
000055-003,dalam,O
000055-003,keadaan,O
000055-003,thawaf,O
000055-003,mengelilingi,O
000055-003,Ka'bah,B_LOCATION
000055-003,.,O
000055-005,An-Nabawiyah,O
000055-005,",",O
000055-005,Ibnu,B_PERSON
000055-005,Ibnu,I_PERSON
000055-005,Amru,I_PERSON
000055-005,berkata,O
000055-005,",",O
000055-005,"""",O
000055-005,Itulah,O
000055-005,kondisi,O
000055-005,paling,O
000055-005,keras,O
000055-005,yang,O
000055-005,dilakukan,O
000055-005,Quraisy,O
000055-005,.,O
000055-005,yang,O
000055-005,pernah,O
000055-005,kulihat,O
000055-005,".""",O
000055-005,Dalam,O
000055-005,riwayat,O
000055-005,Al-Bukhari,O
000055-005,dari,O
000055-005,Urwah,B_PERSON
000055-005,bin,I_PERSON
000055-005,Az-Zubair,I_PERSON
000055-005,",",O
000055-005,dia,O
000055-005,berkata,O
000055-005,",",O
000055-005,"""",O
000055-005,Aku,O
000055-005,berkata,O
000055-005,kepada,O
000055-005,Ibnu,B_PERSON
000055-005,Amru,I_PERSON
000055-005,bin,I_PERSON
000055-005,Al-Ash,I_PERSON
000055-005,",",O
000055-005,Sampaikanlah,O
000055-005,padaku,O
000055-005,keadaan,O
000055-005,paling,O
000055-005,keras,O
000055-005,yang,O
000055-005,dilakukan,O
000055-005,Quraisy,O
000055-005,terhadap,O
000055-005,Nabi,O
000055-005,".""",O
000055-005,Dia,O
000055-005,menjawab,O
000055-005,",",O
000055-005,"""",O
000055-005,Tatkala,O
000055-005,Nabi,O
000055-005,shalat,O
000055-005,di,O
000055-005,dalam,O
000055-005,Ka'bah,B_LOCATION
000055-005,",",O
000055-005,tiba-tiba,O
000055-005,muncul,O
000055-005,Uqbah,B_PERSON
000055-005,bin,I_PERSON
000055-005,Abu,I_PERSON
000055-005,Mu'aith,I_PERSON
000055-005,",",O
000055-005,lalu,O
000055-005,dia,O
000055-005,melingkarkan,O
000055-005,pakaiannya,O
000055-005,di,O
000055-005,leher,O
000055-005,beliau,O
000055-005,",",O
000055-005,lalu,O
000055-005,menjerat,O
000055-005,beliau,O
000055-005,dengan,O
000055-005,tarikan,O
000055-005,yang,O
000055-005,keras,O
000055-005,.,O
000055-005,Lalu,O
000055-005,Abu,B_PERSON
000055-005,Bakar,I_PERSON
000055-005,tiba,O
000055-005,dan,O
000055-005,langsung,O
000055-005,mencengkeram,O
000055-005,pundaknya,O
000055-005,serta,O
000055-005,menyingkirkan,O
000055-005,dari,O
000055-005,sisi,O
000055-005,beliau,O
000055-005,",",O
000055-005,seraya,O
000055-005,berkata,O
000055-005,.,O
000055-005,"""",O
000055-005,Apakah,O
000055-005,kalian,O
000055-005,tega,O
000055-005,membunuh,O
000055-005,seorang,O
000055-005,yang,O
000055-005,mengatakan,O
000055-005,",",O
000055-005,Rabb-ku,O
000055-005,adalah,O
000057-002,Yang,O
000057-002,pasti,O
000057-002,",",O
000057-002,di,O
000057-002,dalam,O
000057-002,hatinya,O
000057-002,bergolak,O
000057-002,berbagai,O
000057-002,perasaan,O
000057-002,yang,O
000057-002,sebenarnya,O
000057-002,saling,O
000057-002,bertentangan,O
000057-002,.,O
000057-002,Penghormatannya,O
000057-002,terhadap,O
000057-002,tradisi-tradisi,O
000057-002,leluhur,O
000057-002,",",O
000057-002,kebebasan,O
000057-002,menenggak,O
000057-002,minuman,O
000057-002,keras,O
000057-002,hingga,O
000057-002,mabuk,O
000057-002,dan,O
000057-002,bercanda,O
000057-002,ria,O
000057-002,",",O
000057-002,bercampur,O
000057-002,baur,O
000057-002,dengan,O
000057-002,ketaajubannya,O
000057-002,terhadap,O
000057-002,ketabahan,O
000057-002,dan,O
000057-002,kesabaran,O
000057-002,orang-orang,O
000057-002,Muslim,O
000057-002,dalam,O
000057-002,menghadapi,O
000057-002,cobaan,O
000057-002,dalam,O
000057-002,rangka,O
000057-002,mempertahankan,O
000057-002,akidahnya,O
000057-002,.,O
000057-002,Keadaan,O
000057-002,ini,O
000057-002,masih,O
000057-002,ditambah,O
000057-002,lagi,O
000057-002,dengan,O
000057-002,keragu-raguan,O
000057-002,yang,O
000057-002,menari-nari,O
000057-002,di,O
000057-002,dalam,O
000057-002,benaknya,O
000057-002,dan,O
000057-002,benak,O
000057-002,siapa,O
000057-002,pun,O
000057-002,yang,O
000057-002,berakal,O
000057-002,",",O
000057-002,bahwa,O
000057-002,apa,O
000057-002,yang,O
000057-002,diserukan,O
000057-002,Islam,O
000057-002,jauh,O
000057-002,lebih,O
000057-002,bagus,O
000057-002,dan,O
000057-002,agung,O
000057-002,daripada,O
000057-002,yang,O
000057-002,lain,O
000057-002,.,O
000057-002,Umar,B_PERSON
000057-002,benar-benar,O
000057-002,bingung,O
000057-002,hingga,O
000057-002,dia,O
000057-002,menjadi,O
000057-002,lemas,O
000057-002,sendiri,O
000057-002,.,O
000057-002,Begitulah,O
000057-002,yang,O
000057-002,dikatakan,O
000057-002,Muhammad,B_PERSON
000057-002,Inilah,O
000057-002,kesimpulan,O
000057-002,dari,O
000057-002,beberapa,O
000057-002,riwayat,O
000057-002,tentang,O
000057-002,keislamannya,O
000057-002,dan,O
000057-002,setelah,O
000057-002,mengompromikan,O
000057-002,riwayat-riwayat,O
000057-002,tersebut,O
000057-002,",",O
000057-002,bahwa,O
000057-002,suatu,O
000057-002,malam,O
000057-002,dia,O
000057-002,kelua,O
000057-002,rumah,O
000057-002,hingga,O
000057-002,dia,O
000057-002,tiba,O
000057-002,di,O
000057-002,Baitul-Haram,B_LOCATION
000057-002,.,O
000057-002,Dia,O
000057-002,menyibak,O
000057-002,kain,O
000057-002,penutup,O
000057-002,Ka'bah,B_LOCATION
000057-002,90,O
000057-002,Mukhtashar,O
000057-002,Siratir-Rasul,O
000057-002,",",O
000057-002,hal,O
000057-002,.,O
000057-002,66,O
000057-002,;,O
000057-002,Rahmah,O
000057-002,Lil-,O
000057-002,alamin,O
000057-002,",",O
000057-002,1/68,O
000057-002,;,O
000057-002,Sirah,O
000057-002,An-Nabawiyah,O
000057-002,",",O
000057-002,Ibnu,B_PERSON
000057-002,Hisyam,I_PERSON
000057-002,",",O
000057-002,1/291-292,O
000057-002,92-93,O
000057-002,dan,O
000057-002,dilihatnya,O
000057-002,Nabi,O
000057-002,sedang,O
000057-002,berdiri,O
000057-002,melaksanakan,O
000057-002,shalat,O
000057-002,.,O
000057-002,Saat,O
000057-002,itu,O
000057-002,beliau,O
000057-002,membaca,O
000057-002,surah,O
000057-002,Al-Haqqah,O
000057-002,.,O
000057-002,Umar,B_PERSON
000057-002,menyimak,O
000057-002,bacaan,O
000057-002,Al-Qur,O
000057-002,an,O
000057-002,itu,O
000057-002,dan,O
000057-002,dia,O
000057-002,merasa,O
000057-002,taajub,O
000057-002,terhadap,O
000057-002,susunan,O
000057-002,bahasanya,O
000057-002,.,O
000057-002,Dia,O
000057-002,berkata,O
000057-002,di,O
000057-002,dalam,O
000057-002,hati,O
000057-002,",",O
000057-002,"""",O
000057-002,Demi,O
000057-002,Allah,O
000057-002,tentunya,O
000057-002,ini,O
000057-002,adalah,O
000057-002,ucapan,O
000057-002,seorang,O
000057-002,penyair,O
000057-002,seperti,O
000057-002,yang,O
000057-002,biasa,O
000057-002,diucapkan,O
000057-002,orang-orang,O
000057-002,Quraisy,O
000057-002,".""",O
000057-002,Lalu,O
000057-002,beliau,O
000057-002,membaca,O
000057-002,ayat,O
000057-002,",",O
000057-002,ucJ,O
000057-002,O,O
000057-002,"JJ,X",O
000057-002,1-2,O
000057-002,:,O
000057-002,"""",O
000057-002,Sesungguhnya,O
000057-002,Al-Qur'an,O
000057-002,itu,O
000057-002,adalah,O
000057-002,benar-benar,O
000057-002,wahyu,O
000057-002,(,O
000057-002,Allah,O
000057-002,yang,O
000057-002,diturunkan,O
000057-002,kepada,O
000057-002,),O
000057-002,Rasul,O
000057-002,yang,O
000057-002,mulia,O
000057-002,",",O
000057-002,dan,O
000057-002,Al-Qur'an,O
000057-002,itu,O
000057-002,bukanlah,O
000057-002,perkataan,O
000057-002,seorang,O
000057-002,penyair,O
000057-002,.,O
000057-003,Dia,O
000057-003,berkata,O
000057-003,di,O
000057-003,dalam,O
000057-003,hati,O
000057-003,",",O
000057-003,"""",O
000057-003,Demi,O
000057-003,Allah,O
000057-003,tentunya,O
000057-003,ini,O
000057-003,adalah,O
000057-003,ucapan,O
000057-003,seorang,O
000057-003,penyair,O
000057-003,seperti,O
000057-003,yang,O
000057-003,biasa,O
000057-003,diucapkan,O
000057-003,orang-orang,O
000057-003,Quraisy,O
000057-003,".""",O
000057-003,Lalu,O
000057-003,beliau,O
000057-003,membaca,O
000057-003,ayat,O
000057-003,",",O
000057-003,ucJ,O
000057-003,O,O
000057-003,"JJ,X",O
000057-003,1-2,O
000057-003,:,O
000057-003,"""",O
000057-003,Sesungguhnya,O
000057-003,Al-Qur'an,O
000057-003,itu,O
000057-003,adalah,O
000057-003,benar-benar,O
000057-003,wahyu,O
000057-003,(,O
000057-003,Allah,O
000057-003,yang,O
000057-003,diturunkan,O
000057-003,kepada,O
000057-003,),O
000057-003,Rasul,O
000057-003,yang,O
000057-003,mulia,O
000057-003,",",O
000057-003,dan,O
000057-003,Al-Qur'an,O
000057-003,itu,O
000057-003,bukanlah,O
000057-003,perkataan,O
000057-003,seorang,O
000057-003,penyair,O
000057-003,.,O
000057-003,Sedikit,O
000057-003,sekali,O
000057-003,kalian,O
000057-003,beriman,O
000057-003,kepadanya,O
000057-003,.,O
000057-003,(,O
000057-003,Al-Haqqah,O
000057-003,:,O
000057-003,40-41,O
000057-003,),O
000057-003,Umar,B_PERSON
000057-003,berkata,O
000057-003,di,O
000057-003,dalam,O
000057-003,hati,O
000057-003,",",O
000057-003,"""",O
000057-003,Kalau,O
000057-003,begitu,O
000057-003,ucapan,O
000057-003,tukang,O
000057-003,tenung,O
000057-003,".""",O
000057-003,Beliau,O
000057-003,membaca,O
000057-003,",",O
000057-003,"""",O
000057-003,Dan,O
000057-003,",",O
000057-003,bukan,O
000057-003,pula,O
000057-003,perkataaan,O
000057-003,tukang,O
000057-003,tenung,O
000057-003,.,O
000057-003,Sedikit,O
000057-003,sekali,O
000057-003,kalian,O
000057-003,mengambil,O
000057-003,pelajaran,O
000057-003,darinya,O
000057-003,.,O
000057-003,Ia,O
000057-003,adalah,O
000057-003,wahyu,O
000057-003,yang,O
000057-003,diturunkan,O
000057-003,dari,O
000057-003,Rabb,O
000057-003,semesta,O
000057-003,alam,O
000057-003,.,O
000057-003,"""",O
000057-003,Beliau,O
000057-003,meneruskan,O
000057-003,bacaannya,O
000057-003,hinga,O
000057-003,akhir,O
000057-003,surat,O
000057-003,.,O
000057-003,Seperti,O
000057-003,yang,O
000057-003,diceritakan,O
000057-003,Umar,B_PERSON
000057-003,sendiri,O
000057-003,",",O
000057-003,mulai,O
000057-003,saat,O
000057-003,itulah,O
000057-003,Islam,O
000057-003,mulai,O
000057-003,menyusup,O
000057-003,ke,O
000057-003,dalam,O
000057-003,Inilah,O
000057-003,awal,O
000057-003,mula,O
000057-003,benih-benih,O
000057-003,Islam,O
000057-003,merasuk,O
000057-003,ke,O
000057-003,dalam,O
000057-003,hati,O
000057-003,Umar,B_PERSON
000057-003,bin,I_PERSON
000057-003,Al-Khaththab,O
000057-003,.,O
000057-003,Tetapi,O
000057-003,",",O
000057-003,selubung,O
000057-003,Jahiliyah,I_PERSON
000057-003,dan,O
000057-003,fanatisme,O
000057-003,terhadap,O
000057-003,tradisi,O
000057-003,yang,O
000057-003,sudah,O
000057-003,mendarah,O
000057-003,daging,O
000057-003,serta,O
000057-003,pengagungan,O
000057-003,terhadap,O
000057-003,agama,O
000057-003,leluhur,O
000057-003,tetap,O
000057-003,tampil,O
000057-003,sebagai,O
000057-003,pemenang,O
000057-003,dari,O
000057-003,inti,O
000057-003,hakikat,O
000057-003,yang,O
000057-003,merasuk,O
000057-003,ke,O
000057-003,dalam,O
000057-003,hatinya,O
000057-003,.,O
000057-003,Sehingga,O
000057-003,dia,O
000057-003,tetap,O
000057-003,berkeras,O
000057-003,memusuhi,O
000057-003,Islam,O
000057-003,",",O
000057-003,tidak,O
000057-003,peduli,O
000057-003,terhadap,O
000057-003,perasaan,O
000057-003,yang,O
000057-003,bersembunyi,O
000057-003,di,O
000057-003,balik,O
000057-003,selubung,O
000057-003,itu,O
000057-003,.,O
000057-003,Di,O
000057-003,antara,O
000057-003,gambaran,O
000057-003,wataknya,O
000057-003,yang,O
000057-003,temperamental,O
000057-003,dan,O
000057-003,permusuhannya,O
000057-003,yang,O
000057-003,sengit,O
000057-003,terhadap,O
000057-003,Rasulullah,B_PERSON
000057-003,",",O
000057-003,suatu,O
000057-003,hari,O
000057-003,dia,O
000057-003,keluar,O
000057-003,rumah,O
000057-003,sambil,O
000057-003,menghunus,O
000057-003,pedangnya,O
000057-003,",",O
000057-003,dengan,O
000057-003,maksud,O
000057-003,ingin,O
000057-003,menghabisi,O
000057-003,beliau,O
000057-003,.,O
000057-011,Apalagi,O
000057-011,jika,O
000057-011,pertemuan,O
000057-011,itu,O
000057-011,satu,O
000057-011,lawan,O
000057-011,satu,O
000057-011,.,O
000057-011,Tatkala,O
000057-011,mereka,O
000057-011,bergerombol,O
000057-011,dan,O
000057-011,tahu,O
000057-011,keislaman,O
000057-011,Umar,B_PERSON
000057-011,",",O
000057-011,mereka,O
000057-011,pun,O
000057-011,berani,O
000057-011,mengeroyoknya,O
000057-011,dan,O
000057-011,terjadilah,O
000057-011,apa,O
000057-011,yang,O
000057-011,terjadi,O
000057-011,",",O
000057-011,pent,O
000057-011,.,O
000057-011,itulah,O
000057-011,Rasulullah,B_PERSON
000057-011,menjuluki,O
000057-011,"""",O
000057-011,Al-Faruq,O
000057-011,"""",O
000057-011,(,O
000057-011,yang,O
000057-011,suka,O
000057-011,memisahkan,O
000057-011,antara,O
000057-011,haq,O
000057-011,dan,O
000057-011,Ibnu,B_PERSON
000057-011,Mas'ud,I_PERSON
000057-011,"berkata,""Hampir-hampir",O
000057-011,kami,O
000057-011,tidak,O
000057-011,bisa,O
000057-011,mendirikan,O
000057-011,shalat,O
000057-011,di,O
000057-011,dekat,O
000057-011,Ka'bah,B_LOCATION
000057-011,hingga,O
000057-011,Umar,B_PERSON
000057-011,masuk,O
000057-011,Dari,O
000057-011,Shuhaib,B_PERSON
000057-011,bin,I_PERSON
000057-011,Sinar,I_PERSON
000057-011,Ar-Rumi,O
000057-011,",",O
000057-011,dia,O
000057-011,berkata,O
000057-011,",",O
000057-011,"""",O
000057-011,Setelah,O
000057-011,Umar,B_PERSON
000057-011,masuk,O
000057-011,Islam,O
000057-011,",",O
000057-011,maka,O
000057-011,Islam,O
000057-011,menjadi,O
000057-011,tampak,O
000057-011,dan,O
000057-011,dakwah,O
000057-011,kepadanya,O
000057-011,dilakukan,O
000057-011,secara,O
000057-011,terang-terangan,O
000057-011,.,O
000057-011,Kami,O
000057-011,bisa,O
000057-011,duduk,O
000057-011,membuat,O
000057-011,lingkaran,O
000057-011,di,O
000057-011,sekitar,O
000057-011,Baitul-Haram,O
000057-011,",",O
000057-011,thawaf,O
000057-011,di,O
000057-011,sekeliling,O
000057-011,Ka'bah,B_LOCATION
000057-011,",",O
000057-011,berani,O
000057-011,mengambil,O
000057-011,tindakan,O
000057-011,terhadap,O
000057-011,orang,O
000057-011,yang,O
000057-011,berlaku,O
000057-011,kasar,O
000057-011,kepada,O
000057-011,kami,O
000057-011,dan,O
000057-011,Diriwayatkan,O
000057-011,dari,O
000057-011,Abdullah,B_PERSON
000057-011,bin,I_PERSON
000057-011,Mas'ud,I_PERSON
000057-011,",",O
000057-011,dia,O
000057-011,berkata,O
000057-011,",",O
000057-011,"""",O
000057-011,Kami,O
000057-011,merasa,O
000057-011,kuat,O
000058-002,98,O
000058-002,Tarikhu,O
000058-002,Umar,B_PERSON
000058-002,bin,I_PERSON
000058-002,Al-Khaththab,I_PERSON
000058-002,",",O
000058-002,hal,O
000058-002,.,O
000058-002,13,O
000058-002,99_,O
000058-002,Shahihul-Bukhari,O
000058-002,",",O
000058-002,bab,O
000058-002,Islamu,O
000058-002,Umar,B_PERSON
000058-002,bin,I_PERSON
000058-002,Al-Khaththab,I_PERSON
000058-002,",",O
000058-002,1/545,O
000058-002,Maka,O
000058-002,Utbah,B_PERSON
000058-002,menghampiri,O
000058-002,beliau,O
000058-002,dan,O
000058-002,duduk,O
000058-002,di,O
000058-002,hadapan,O
000058-002,beliau,O
000058-002,",",O
000058-002,lalu,O
000058-002,berkata,O
000058-002,.,O
000058-002,"""",O
000058-002,Wahai,O
000058-002,anak,O
000058-002,saudaraku,O
000058-002,",",O
000058-002,engkau,O
000058-002,termasuk,O
000058-002,golongan,O
000058-002,kami,O
000058-002,.,O
000058-002,Dari,O
000058-002,segi,O
000058-002,keluarga,O
000058-002,dan,O
000058-002,keturunan,O
000058-002,",",O
000058-002,aku,O
000058-002,juga,O
000058-002,tahu,O
000058-002,kedudukanmu,O
000058-002,.,O
000058-002,Engkau,O
000058-002,telah,O
000058-002,membawa,O
000058-002,satu,O
000058-002,urusan,O
000058-002,yang,O
000058-002,besar,O
000058-002,kepada,O
000058-002,kaummu,O
000058-002,",",O
000058-002,yang,O
000058-002,dengan,O
000058-002,urusan,O
000058-002,itu,O
000058-002,engkau,O
000058-002,memecah,O
000058-002,belah,O
000058-002,persatuan,O
000058-002,mereka,O
000058-002,",",O
000058-002,membodohkan,O
000058-002,harapan-harapan,O
000058-002,mereka,O
000058-002,",",O
000058-002,mencela,O
000058-002,sesembahan,O
000058-002,dan,O
000058-002,agama,O
000058-002,mereka,O
000058-002,dan,O
000058-002,mengingkari,O
000058-002,siapa,O
000058-002,pun,O
000058-002,yang,O
000058-002,termasuk,O
000058-002,dalam,O
000058-002,golongan,O
000058-002,leluhur,O
000058-002,mereka,O
000058-002,.,O
000058-002,Sekarang,O
000058-002,dengarkanlah,O
000058-002,",",O
000058-002,aku,O
000058-002,akan,O
000058-002,menawarkan,O
000058-002,beberapa,O
000058-002,hal,O
000058-002,kepadamu,O
000058-002,dan,O
000058-002,engkau,O
000058-002,bisa,O
000058-002,memeriksanya,O
000058-002,",",O
000058-002,siapa,O
000058-002,tahu,O
000058-002,engkau,O
000058-002,mau,O
000058-002,menerima,O
000058-002,sebagian,O
000058-002,di,O
000058-002,antaranya,O
000058-002,".""",O
000058-002,Beliau,O
000058-002,bersabda,O
000058-002,",",O
000058-002,"""",O
000058-002,Katakanlah,O
000058-002,wahai,O
000058-002,Abul,B_PERSON
000058-002,Walid,B_PERSON
000058-002,",",O
000058-002,biar,O
000058-002,kudengarkan,O
000058-002,".""",O
000058-002,"""",O
000058-002,Wahai,O
000058-002,anak,O
000058-002,saudaraku,O
000058-002,",",O
000058-002,jika,O
000058-002,engkau,O
000058-002,menginginkan,O
000058-002,harta,O
000058-002,kekayaan,O
000058-002,sebagai,O
000058-002,pengganti,O
000058-002,dari,O
000058-002,apa,O
000058-002,yang,O
000058-002,engkau,O
000058-002,bawa,O
000058-002,ini,O
000058-002,",",O
000058-002,maka,O
000058-002,kami,O
000058-002,siap,O
000058-002,menghimpun,O
000058-002,harta,O
000058-002,kami,O
000058-002,untuk,O
000058-002,diserahkan,O
000058-002,kepadamu,O
000058-002,",",O
000058-002,sehingga,O
000058-002,engkau,O
000058-002,menjadi,O
000058-002,orang,O
000058-002,yang,O
000058-002,paling,O
000058-002,kaya,O
000058-002,di,O
000058-002,antara,O
000058-002,kami,O
000058-002,.,O
000058-002,Jika,O
000058-002,engkau,O
000058-002,menginginkan,O
000058-002,kedudukan,O
000058-002,",",O
000058-002,maka,O
000058-002,kami,O
000058-002,akan,O
000058-002,mengangkatmu,O
000058-002,sebagai,O
000058-002,pemimpin,O
000058-002,kami,O
000058-002,",",O
000058-002,dan,O
000058-002,kami,O
000058-002,tidak,O
000058-002,akan,O
000058-002,menyisakannya,O
000058-002,bagi,O
000058-002,orang,O
000058-002,selain,O
000058-002,dirimu,O
000058-002,.,O
000058-002,Jika,O
000058-002,engkau,O
000058-002,menginginkan,O
000058-002,kerajaan,O
000058-002,",",O
000058-002,maka,O
000058-002,kami,O
000058-002,akan,O
000058-002,mengangkatmu,O
000058-002,sebagai,O
000058-002,raja,O
000058-002,kami,O
000058-002,.,O
000058-002,Jika,O
000058-002,engkau,O
000058-002,tertimpa,O
000058-002,penyakit,O
000058-002,yang,O
000058-002,tidak,O
000058-002,bisa,O
000058-002,engkau,O
000058-002,obati,O
000058-002,sendiri,O
000058-002,",",O
000058-002,maka,O
000058-002,kami,O
000058-002,carikan,O
000058-002,obat,O
000058-002,bagimu,O
000058-002,dan,O
000058-002,kami,O
000058-002,juga,O
000058-002,siap,O
000058-002,mengeluarkan,O
000058-002,biaya,O
000058-002,hingga,O
000058-002,engkau,O
000058-002,sembuh,O
000058-002,.,O
000058-003,Jika,O
000058-003,engkau,O
000058-003,tertimpa,O
000058-003,penyakit,O
000058-003,yang,O
000058-003,tidak,O
000058-003,bisa,O
000058-003,engkau,O
000058-003,obati,O
000058-003,sendiri,O
000058-003,",",O
000058-003,maka,O
000058-003,kami,O
000058-003,carikan,O
000058-003,obat,O
000058-003,bagimu,O
000058-003,dan,O
000058-003,kami,O
000058-003,juga,O
000058-003,siap,O
000058-003,mengeluarkan,O
000058-003,biaya,O
000058-003,hingga,O
000058-003,engkau,O
000058-003,sembuh,O
000058-003,.,O
000058-003,Terlalu,O
000058-003,mudah,O
000058-003,bagi,O
000058-003,pelayan,O
000058-003,kami,O
000058-003,mencari,O
000058-003,seseorang,O
000058-003,yang,O
000058-003,bisa,O
000058-003,mengobati,O
000058-003,".""",O
000058-003,Dalam,O
000058-003,lafazh,O
000058-003,lain,O
000058-003,disebutkan,O
000058-003,:,O
000058-003,Tatkala,O
000058-003,Utbah,B_PERSON
000058-003,selesai,O
000058-003,bicara,O
000058-003,dan,O
000058-003,Rasulullah,B_PERSON
000058-003,mendengarkannya,O
000058-003,",",O
000058-003,maka,O
000058-003,beliau,O
000058-003,bertanya,O
000058-003,",",O
000058-003,"""",O
000058-003,Apakah,O
000058-003,engkau,O
000058-003,sudah,O
000058-003,selesai,O
000058-003,bicara,O
000058-003,wahai,O
000058-003,Abul,B_PERSON
000058-003,Walid,I_PERSON
000058-003,"?""",O
000058-003,"""",O
000058-003,Ya,O
000058-003,",""",O
000058-003,jawab,O
000058-003,Utbah,B_PERSON
000058-003,yang,O
000058-003,juga,O
000058-003,biasa,O
000058-003,dipanggil,O
000058-003,Abul,B_PERSON
000058-003,Walid,I_PERSON
000058-003,.,O
000058-003,"""",O
000058-003,Sekarang,O
000058-003,ganti,O
000058-003,dengarkan,O
000058-003,ucapanku,O
000058-003,"!!""",O
000058-003,"""",O
000058-003,Akan,O
000058-003,kulakukan,O
000058-003,".""",O
000058-003,Beliau,O
000058-003,"bersabda,""Bismillahir-rahmanir-rahim",O
000058-003,"...""",O
000058-003,lalu,O
000058-003,beliau,O
000058-003,membaca,O
000058-003,.,O
000058-003,xI,O
000058-003,"""",O
000058-003,Ha,O
000058-003,Mim,O
000058-003,.,O
000058-003,Diturunkan,O
000058-003,dari,O
000058-003,Yang,O
000058-003,Maha,O
000058-003,Pemurah,O
000058-003,lagi,O
000058-003,Maha,O
000058-003,Penyayang,O
000058-003,.,O
000058-003,Kitab,O
000058-003,yang,O
000058-003,dijelaskan,O
000058-003,ayat-ayatnya,O
000058-003,",",O
000058-003,yakni,O
000058-003,bacaan,O
000058-003,dalam,O
000058-003,bahasa,O
000058-003,Arab,O
000058-003,untuk,O
000058-003,kaum,O
000058-003,yang,O
000058-003,mengetahui,O
000058-003,",",O
000058-003,yang,O
000058-003,membawa,O
000058-003,berita,O
000058-003,gembira,O
000058-003,dan,O
000058-003,membawa,O
000058-003,peringatan,O
000058-003,",",O
000058-003,tetapi,O
000058-003,kebanyakan,O
000058-003,mereka,O
000058-003,berpaling,O
000058-003,(,O
000058-003,darinya,O
000058-003,);,O
000058-003,maka,O
000058-003,mereka,O
000058-003,tidak,O
000058-003,(,O
000058-003,mau,O
000058-003,),O
000058-003,mendengarkan,O
000058-003,.,O
000058-003,Mereka,O
000058-003,berkata,O
000058-003,",",O
000058-003,'Hati,O
000058-003,kami,O
000058-003,berada,O
000058-003,dalam,O
000058-003,tutupan,O
000058-003,(,O
000058-003,yang,O
000058-003,menutupi,O
000058-003,),O
000058-003,apa,O
000058-003,yang,O
000058-003,kamu,O
000058-003,seru,O
000058-003,kami,O
000058-003,kepadanya,O
000058-003,.,O
000058-003,"""",O
000058-003,Beliau,O
000058-003,terus,O
000058-003,membaca,O
000058-003,.,O
000058-003,Dengan,O
000058-003,bertumpu,O
000058-003,kepada,O
000058-003,kedua,O
000058-003,tangannya,O
000058-003,yang,O
000058-003,diletakkan,O
000058-003,di,O
000058-003,belakang,O
000058-003,punggungnya,O
000058-003,.,O
000058-003,Utbah,B_PERSON
000058-003,mendengarkan,O
000058-003,dan,O
000058-003,menyimak,O
000058-003,bacaan,O
000058-003,beliau,O
000058-003,",",O
000058-003,hingga,O
000058-003,sampai,O
000058-003,ayat,O
000058-003,sajdah,O
000058-003,",",O
000058-003,lalu,O
000058-003,beliau,O
000058-003,sujud,O
000058-003,.,O
000058-003,Kemudian,O
000058-003,beliau,O
000058-003,bersabda,O
000058-003,",",O
000058-003,"""",O
000058-003,Wahai,O
000058-003,Abul,B_PERSON
000058-003,Walid,B_PERSON
000058-003,",",O
000058-003,engkau,O
000058-003,telah,O
000058-003,mendengarkan,O
000058-003,apa,O
000058-003,yang,O
000058-003,baru,O
000058-003,saja,O
000058-003,engkau,O
000058-003,dengarkan,O
000058-003,.,O
000124-001,Melihat,O
000124-001,perkembangan,O
000124-001,yang,O
000124-001,cukup,O
000124-001,rawan,O
000124-001,dan,O
000124-001,tidak,O
000124-001,terduga-duga,O
000124-001,ini,O
000124-001,",",O
000124-001,maka,O
000124-001,Rasulullah,B_PERSON
000124-001,menyelenggarakan,O
000124-001,majlis,O
000124-001,musyawarah,O
000124-001,militer,O
000124-001,.,O
000124-001,Dalam,O
000124-001,majlis,O
000124-001,ini,O
000124-001,beliau,O
000124-001,mengisyaratkan,O
000124-001,posisi,O
000124-001,mereka,O
000124-001,yang,O
000124-001,harus,O
000124-001,dipertaruhkan,O
000124-001,secara,O
000124-001,mati-,O
000124-001,matian,O
000124-001,dan,O
000124-001,membuka,O
000124-001,kesempatan,O
000124-001,kepada,O
000124-001,setiap,O
000124-001,anggota,O
000124-001,pasukan,O
000124-001,dan,O
000124-001,para,O
000124-001,komandannya,O
000124-001,untuk,O
000124-001,mengemukakan,O
000124-001,pendapat,O
000124-001,.,O
000124-001,Pada,O
000124-001,saat,O
000124-001,itu,O
000124-001,ada,O
000124-001,sebagian,O
000124-001,di,O
000124-001,antara,O
000124-001,mereka,O
000124-001,yang,O
000124-001,hatinya,O
000124-001,menjadi,O
000124-001,kecil,O
000124-001,dan,O
000124-001,takut,O
000124-001,terjun,O
000124-001,dalam,O
000124-001,pertempuran,O
000124-001,.,O
000124-001,Mereka,O
000124-001,inilah,O
000124-001,yang,O
000124-001,diisyaratkan,O
000124-001,Allah,O
000124-001,dalam,O
000124-001,firman-Nya,O
000124-001,",",O
000124-001,9,O
000124-001,"""",O
000124-001,Sebagaimana,O
000124-001,Rabbmu,O
000124-001,menyuruhmu,O
000124-001,pergi,O
000124-001,dari,O
000124-001,rumahmu,O
000124-001,dengan,O
000124-001,kebenaran,O
000124-001,",",O
000124-001,padahal,O
000124-001,sesungguhnya,O
000124-001,sebagian,O
000124-001,dari,O
000124-001,orang-orang,O
000124-001,yang,O
000124-001,beriman,O
000124-001,itu,O
000124-001,tidak,O
000124-001,menyukainya,O
000124-001,",",O
000124-001,mereka,O
000124-001,membantahmu,O
000124-001,tetang,O
000124-001,kebenaran,O
000124-001,sesudah,O
000124-001,nyata,O
000124-001,(,O
000124-001,bahwa,O
000124-001,mereka,O
000124-001,pasti,O
000124-001,menang,O
000124-001,"),",O
000124-001,seolah-olah,O
000124-001,mereka,O
000124-001,dihalau,O
000124-001,kepada,O
000124-001,kematian,O
000124-001,",",O
000124-001,sedang,O
000124-001,mereka,O
000124-001,melihat,O
000124-001,(,O
000124-001,sebab-sebab,O
000124-001,kematian,O
000124-001,itu,O
000124-001,).,O
000124-001,"""",O
000124-001,(,O
000124-001,Al-Anfal,I_PERSON
000124-001,:,O
000124-001,5-6,O
000124-001,),O
000124-001,Sedangkan,O
000124-001,para,O
000124-001,komandan,O
000124-001,pasukan,O
000124-001,",",O
000124-001,seperti,O
000124-001,Abu,I_PERSON
000124-001,Bakar,I_PERSON
000124-001,dan,O
000124-001,Umar,B_PERSON
000124-001,bin,I_PERSON
000124-001,Al-Khaththab,I_PERSON
000124-001,",",O
000124-001,sama,O
000124-001,sekali,O
000124-001,tidak,O
000124-001,kendor,O
000124-001,semangatnya,O
000124-001,dan,O
000124-001,maju,O
000124-001,terus,O
000124-001,.,O
000124-001,Kemudian,O
000124-001,Al-Miqdad,I_PERSON
000124-001,bin,I_PERSON
000124-001,Amr,I_PERSON
000124-001,berdiri,O
000124-001,seraya,O
000124-001,berkata,O
000124-001,",",O
000124-001,"""",O
000124-001,Wahai,O
000124-001,Rasulullah,B_PERSON
000124-001,majulah,O
000124-001,terus,O
000124-001,seperti,O
000124-001,diperlihatkan,O
000124-001,Allah,O
000124-001,kepada,O
000124-001,engkau,O
000124-001,.,O
000124-001,Kami,O
000124-001,akan,O
000124-001,bersama,O
000124-001,engkau,O
000124-001,.,O
000124-001,Demi,O
000124-001,Allah,O
000124-001,.,O
000124-001,kami,O
000124-001,tidak,O
000124-001,akan,O
000124-001,berkata,O
000124-001,kepada,O
000124-001,engkau,O
000124-001,sebagaimana,O
000124-001,Bani,O
000124-001,Israel,O
000124-001,yang,O
000124-001,berkata,O
000124-001,kepada,O
000124-001,Musa,B_PERSON
000124-001,.,O
000124-001,Pergi,O
000124-001,engkau,O
000124-001,sendiri,O
000124-001,bersama,O
000124-001,Rabb-mu,O
000124-001,lalu,O
000124-001,berperanglah,O
000124-001,kalian,O
000124-001,berdua,O
000124-001,.,O
000124-001,Sesungguhnya,O
000124-001,kami,O
000124-001,ingin,O
000124-001,duduk,O
000124-001,menanti,O
000124-001,di,O
000124-001,sini,O
000124-001,saja',O
000124-001,.,O
000124-001,Tetapi,O
000124-001,pergilah,O
000124-001,engkau,O
000124-001,bersama,O
000124-001,Rabb-mu,O
000124-001,lalu,O
000124-001,berperanglah,O
000124-001,kalian,O
000124-001,berdua,O
000124-001,",",O
000124-001,dan,O
000124-001,sesungguhnya,O
000124-001,kami,O
000124-001,akan,O
000124-001,berperang,O
000124-001,bersama,O
000124-001,kalian,O
000124-001,berdua,O
000124-001,.,O
000127-002,Tatkala,O
000127-002,orang-orang,O
000127-002,Muslim,O
000127-002,sudah,O
000127-002,berhenti,O
000127-002,di,O
000127-002,tempat,O
000127-002,yang,O
000127-002,dimaksudkan,O
000127-002,.,O
000127-002,dekat,O
000127-002,dengan,O
000127-002,mata,O
000127-002,air,O
000127-002,",",O
000127-002,maka,O
000127-002,Sa'd,B_PERSON
000127-002,bin,I_PERSON
000127-002,Mu'adz,I_PERSON
000127-002,mengusulkan,O
000127-002,kepada,O
000127-002,Rasulullah,B_PERSON
000127-002,",",O
000127-002,bagaimana,O
000127-002,jika,O
000127-002,orang-orang,O
000127-002,Muslim,O
000127-002,membuat,O
000127-002,tempat,O
000127-002,khusus,O
000127-002,bagi,O
000127-002,beliau,O
000127-002,untuk,O
000127-002,memberikan,O
000127-002,komando,O
000127-002,",",O
000127-002,sekaligus,O
000127-002,sebagai,O
000127-002,antisipasi,O
000127-002,adanya,O
000127-002,serangan,O
000127-002,mendadak,O
000127-002,serta,O
000127-002,kemungkinan,O
000127-002,jika,O
000127-002,mereka,O
000127-002,terdesak,O
000127-002,dan,O
000127-002,sebelum,O
000127-002,memastikan,O
000127-002,kemenangan,O
000127-002,.,O
000127-002,Dia,O
000127-002,berkata,O
000127-002,",",O
000127-002,"""",O
000127-002,Wahai,O
000127-002,Nabi,O
000127-002,Allah,O
000127-002,",",O
000127-002,bagaimana,O
000127-002,jika,O
000127-002,kami,O
000127-002,membuat,O
000127-002,sebuah,O
000127-002,tenda,O
000127-002,bagi,O
000127-002,engkau,O
000127-002,dan,O
000127-002,kami,O
000127-002,siapkan,O
000127-002,kendaraan,O
000127-002,di,O
000127-002,sisi,O
000127-002,engkau,O
000127-002,",",O
000127-002,kemudian,O
000127-002,biarlah,O
000127-002,kami,O
000127-002,menghadapi,O
000127-002,musuh,O
000127-002,?,O
000127-002,Jika,O
000127-002,Allah,O
000127-002,memberikan,O
000127-002,kemenangan,O
000127-002,kepada,O
000127-002,kita,O
000127-002,atau,O
000127-002,musuh,O
000127-002,",",O
000127-002,maka,O
000127-002,memang,O
000127-002,itulah,O
000127-002,yang,O
000127-002,kami,O
000127-002,sukai,O
000127-002,.,O
000127-002,Tetapi,O
000127-002,jika,O
000127-002,hasilnya,O
000127-002,lain,O
000127-002,",",O
000127-002,maka,O
000127-002,engkau,O
000127-002,bisa,O
000127-002,langsung,O
000127-002,duduk,O
000127-002,di,O
000127-002,atas,O
000127-002,kendaraan,O
000127-002,",",O
000127-002,lalu,O
000127-002,bisa,O
000127-002,menyusul,O
000127-002,orang-orang,O
000127-002,di,O
000127-002,belakang,O
000127-002,kami,O
000127-002,.,O
000127-002,Di,O
000127-002,sana,O
000127-002,masih,O
000127-002,ada,O
000127-002,beberapa,O
000127-002,orang,O
000127-002,yang,O
000127-002,tidak,O
000127-002,ikut,O
000127-002,bergabung,O
000127-002,dengan,O
000127-002,kami,O
000127-002,.,O
000127-002,Wahai,O
000127-002,Nabi,O
000127-002,Allah,O
000127-002,",",O
000127-002,mereka,O
000127-002,jauh,O
000127-002,lebih,O
000127-002,mencintai,O
000127-002,engkau,O
000127-002,daripada,O
000127-002,cinta,O
000127-002,kami,O
000127-002,kepada,O
000127-002,engkau,O
000127-002,.,O
000127-002,Jika,O
000127-002,mereka,O
000127-002,menganggap,O
000127-002,bahwa,O
000127-002,engkau,O
000127-002,harus,O
000127-002,menghadapi,O
000127-002,perang,O
000127-002,",",O
000127-002,tentu,O
000127-002,mereka,O
000127-002,tidak,O
000127-002,akan,O
000127-002,mangkir,O
000127-002,dari,O
000127-002,sisi,O
000127-002,engkau,O
000127-002,.,O
000127-002,Allah,O
000127-002,pasti,O
000127-002,akan,O
000127-002,membela,O
000127-002,engkau,O
000127-002,bersama,O
000127-002,mereka,O
000127-002,",",O
000127-002,memberikan,O
000127-002,nasihat,O
000127-002,kepada,O
000127-002,engkau,O
000127-002,dan,O
000127-002,berjihad,O
000127-002,bersama,O
000127-002,engkau,O
000127-002,".""",O
000127-002,Maka,O
000127-002,Rasulullah,B_PERSON
000127-002,memohon,O
000127-002,dan,O
000127-002,mendoakan,O
000127-002,kebaikan,O
000127-002,bagi,O
000127-002,Sa'd,O
000127-002,.,O
000127-002,Lalu,O
000127-002,orang-orang,O
000127-002,Muslim,O
000127-002,membuat,O
000127-002,sebuah,O
000127-002,tenda,O
000127-002,di,O
000127-002,tempat,O
000127-002,yang,O
000127-002,tinggi,O
000127-002,",",O
000127-002,tepatnya,O
000127-002,di,O
000127-002,sebelah,O
000127-002,timur,O
000127-002,laut,O
000127-002,dari,O
000127-002,medan,O
000127-002,perang,O
000127-002,.,O
000127-002,Ada,O
000127-002,beberapa,O
000127-002,pemuda,O
000127-002,Anshar,O
000127-002,yang,O
000127-002,telah,O
000127-002,ditunjuk,O
000127-002,menyertai,O
000127-002,Sa'd,O
000127-002,bin,I_PERSON
000127-002,Mu'adz,I_PERSON
000127-002,",",O
000127-002,yang,O
000127-002,berjaga-jaga,O
000127-002,di,O
000127-002,sekitar,O
000127-002,Rasulullah,B_PERSON
000128-001,Kemudian,O
000128-001,Rasulullah,B_PERSON
000128-001,mempersiapkan,O
000128-001,pasukan,O
000128-001,",",O
000128-001,berkeliling,O
000128-001,di,O
000128-001,sekitar,O
000128-001,arena,O
000128-001,yang,O
000128-001,akan,O
000128-001,dijadikan,O
000128-001,ajang,O
000128-001,pertempuran,O
000128-001,.,O
000128-001,Beliau,O
000128-001,menunjukkan,O
000128-001,jarinya,O
000128-001,ke,O
000128-001,suatu,O
000128-001,tempat,O
000128-001,sambil,O
000128-001,bersabda,O
000128-001,",",O
000128-001,Ini,O
000128-001,tempat,O
000128-001,kematian,O
000128-001,Fulan,O
000128-001,esok,O
000128-001,hari,O
000128-001,insya,O
000128-001,Allah,O
000128-001,",",O
000128-001,dan,O
000128-001,ini,O
000128-001,tempat,O
000128-001,kematiannya,O
000128-001,Fulan,O
000128-001,insya,O
000128-001,Allah,O
000128-001,".""",O
000128-001,Pada,O
000128-001,malam,O
000128-001,itu,O
000128-001,beliau,O
000128-001,sering,O
000128-001,melaksanakan,O
000128-001,shalat,O
000128-001,di,O
000128-001,dekat,O
000128-001,pangkal,O
000128-001,pohon,O
000128-001,yang,O
000128-001,tumbuh,O
000128-001,di,O
000128-001,sana,O
000128-001,.,O
000128-001,Sedangkan,O
000128-001,orang-orang,O
000128-001,Muslim,O
000128-001,tidur,O
000128-001,dengan,O
000128-001,hembusan,O
000128-001,napas,O
000128-001,yang,O
000128-001,tenang,O
000128-001,seakan,O
000128-001,menyinari,O
000128-001,angkasa,O
000128-001,.,O
000128-001,Hati,O
000128-001,mereka,O
000128-001,ditaburi,O
000128-001,keyakinan,O
000128-001,Mereka,O
000128-001,cukup,O
000128-001,istirahat,O
000128-001,pada,O
000128-001,malam,O
000128-001,itu,O
000128-001,",",O
000128-001,dengan,O
000128-001,harapan,O
000128-001,esok,O
000128-001,paginya,O
000128-001,dapat,O
000128-001,melihat,O
000128-001,kabar,O
000128-001,gembira,O
000128-001,dari,O
000128-001,Allah,O
000128-001,"""(",O
000128-001,Ingatlah,O
000128-001,),O
000128-001,ketika,O
000128-001,Allah,O
000128-001,menjadikan,O
000128-001,kalian,O
000128-001,mengantuk,O
000128-001,sebagai,O
000128-001,suatu,O
000128-001,penentram,O
000128-001,dari-Nya,O
000128-001,",",O
000128-001,dan,O
000128-001,Allah,O
000128-001,menurunkan,O
000128-001,kepada,O
000128-001,kalian,O
000128-001,hujan,O
000128-001,dari,O
000128-001,langit,O
000128-001,untuk,O
000128-001,mensucikan,O
000128-001,kalian,O
000128-001,dengan,O
000128-001,hujan,O
000128-001,itu,O
000128-001,dan,O
000128-001,menghilangkan,O
000128-001,dari,O
000128-001,kalian,O
000128-001,gangguan-gangguan,O
000128-001,setan,O
000128-001,dan,O
000128-001,untuk,O
000128-001,menguatkan,O
000128-001,hati,O
000128-001,kalian,O
000128-001,dan,O
000128-001,memperteguh,O
000128-001,dengannya,O
000128-001,telapak,O
000128-001,kaki,O
000128-001,(,O
000128-001,kalian,O
000128-001,).,O
000128-001,"""",O
000128-001,(,O
000128-001,Al-Anfal,O
000128-001,:,O
000128-001,11,I_TIME
000128-001,),O
000128-001,Malam,O
000128-001,itu,O
000128-001,adalah,O
000128-001,malam,O
000128-001,Jum'at,I_TIME
000128-001,",",O
000128-001,tanggal,I_TIME
000128-001,17,O
000128-001,Ramadhan,I_TIME
000128-001,2,O
000128-001,H,I_TIME
000128-001,.,O
000128-001,Sementara,O
000128-001,keberangkatan,O
000128-001,beliau,O
000128-001,pada,O
000128-001,tanggal,I_TIME
000128-001,8,I_TIME
000128-001,atau,O
000128-001,12,I_TIME
000128-001,dari,O
000128-001,bulan,B_TIME
000128-001,yang,O
000128-001,sama,O
000128-001,.,O
000129-003,Maka,O
000129-003,akulah,O
000129-003,yang,O
000129-003,akan,O
000129-003,menangani,O
000129-003,masalah,O
000129-003,tebusannya,O
000129-003,dan,O
000129-003,harta,O
000129-003,yang,O
000129-003,seharusnya,O
000129-003,milik,O
000129-003,dia,O
000129-003,".""",O
000129-003,Kemudian,O
000129-003,Utbah,B_PERSON
000129-003,berkata,O
000129-003,kepada,O
000129-003,Hakim,B_PERSON
000129-003,bin,I_PERSON
000129-003,Hizam,I_PERSON
000129-003,",",O
000129-003,"""",O
000129-003,Kalau,O
000129-003,begitu,O
000129-003,temuilah,O
000129-003,Abu,B_PERSON
000129-003,Jahl,I_PERSON
000129-003,.,O
000129-003,Aku,O
000129-003,tidak,O
000129-003,takut,O
000129-003,jika,O
000129-003,urusan,O
000129-003,orang-orang,O
000129-003,ini,O
000129-003,menjadi,O
000129-003,terpecah,O
000129-003,karena,O
000129-003,dia,O
000129-003,".""",O
000129-003,Lalu,O
000129-003,Utbah,B_PERSON
000129-003,bin,I_PERSON
000129-003,Rabi'ah,I_PERSON
000129-003,berdiri,O
000129-003,di,O
000129-003,hadapan,O
000129-003,mereka,O
000129-003,dan,O
000129-003,berkata,O
000129-003,",",O
000129-003,"""",O
000129-003,Wahai,O
000129-003,semua,O
000129-003,orang,O
000129-003,Quraisy,O
000129-003,",",O
000129-003,demi,O
000129-003,Allah,O
000129-003,",",O
000129-003,sebenarnya,O
000129-003,tak,O
000129-003,ada,O
000129-003,gunanya,O
000129-003,kalian,O
000129-003,memerangi,O
000129-003,Muhammad,B_PERSON
000129-003,dan,O
000129-003,rekan-rekannya,O
000129-003,.,O
000129-003,Demi,O
000129-003,Allah,O
000129-003,",",O
000129-003,kalau,O
000129-003,pun,O
000129-003,kalian,O
000129-003,bisa,O
000129-003,mengalahkannya,O
000129-003,",",O
000129-003,toh,O
000129-003,seseorang,O
000129-003,di,O
000129-003,antara,O
000129-003,kalian,O
000129-003,tetap,O
000129-003,memandang,O
000129-003,wajah,O
000129-003,seseorang,O
000129-003,yang,O
000129-003,membuatnya,O
000129-003,benci,O
000129-003,tatkala,O
000129-003,melihatnya,O
000129-003,",",O
000129-003,karena,O
000129-003,anak,O
000129-003,pamannya,O
000129-003,atau,O
000129-003,seseorang,O
000129-003,di,O
000129-003,antara,O
000129-003,kerabatnya,O
000129-003,ikut,O
000129-003,menjadi,O
000129-003,korban,O
000129-003,.,O
000129-003,Pulanglah,O
000129-003,dan,O
000129-003,biarkanlah,O
000129-003,urusan,O
000129-003,Muhammad,B_PERSON
000129-003,dengan,O
000129-003,orang-orang,O
000129-003,Arab,O
000129-003,.,O
000129-003,Jika,O
000129-003,mereka,O
000129-003,dapat,O
000129-003,mengalahkannya,O
000129-003,",",O
000129-003,maka,O
000129-003,biarkan,O
000129-003,saja,O
000129-003,kalian,O
000129-003,tidak,O
000129-003,mendapatkan,O
000129-003,apa,O
000129-003,yang,O
000129-003,kalian,O
000129-003,inginkan,O
000129-003,".""",O
000129-003,Hakim,B_PERSON
000129-003,bin,I_PERSON
000129-003,Hizam,I_PERSON
000129-003,menemui,O
000129-003,Abu,B_PERSON
000129-003,Jahl,I_PERSON
000129-003,yang,O
000129-003,sedang,O
000129-003,mempersiapkan,O
000129-003,baju,O
000129-003,besinya,O
000129-003,",",O
000129-003,seraya,O
000129-003,berkata,O
000129-003,",",O
000129-003,"""",O
000129-003,Wahai,O
000129-003,Abul,B_PERSON
000129-003,Hakam,I_PERSON
000129-003,",",O
000129-003,sesungguhnya,O
000129-003,Utbah,B_PERSON
000129-003,mengutusku,O
000129-003,untuk,O
000129-003,berkata,O
000129-003,begini,O
000129-003,dan,O
000129-003,begini,O
000129-003,".""",O
000129-003,Abu,B_PERSON
000129-003,Jahl,I_PERSON
000129-003,berkata,O
000129-003,",",O
000129-003,Demi,O
000129-003,Allah,O
000129-003,",",O
000129-003,rupanya,O
000129-003,dia,O
000129-003,benar-benar,O
000129-003,ketakutan,O
000129-003,tatkala,O
000129-003,melihat,O
000129-003,Muhammad,B_PERSON
000129-003,dan,O
000129-003,rekan-rekannya,O
000129-003,.,O
000129-003,Demi,O
000129-003,Allah,O
000129-003,",",O
000129-003,kita,O
000129-003,tidak,O
000129-003,akan,O
000129-003,kembali,O
000129-003,sebelum,O
000129-003,Allah,O
000129-003,memutuskan,O
000129-003,perkara,O
000129-003,antara,O
000129-003,kita,O
000129-003,dan,O
000129-003,Muhammad,B_PERSON
000129-003,.,O
000129-003,Biarkan,O
000129-003,saja,O
000129-003,Utbah,B_PERSON
000129-003,dan,O
000129-003,perkataannya,O
000129-003,.,O
000129-004,Biarkan,O
000129-004,saja,O
000129-004,Utbah,B_PERSON
000129-004,dan,O
000129-004,perkataannya,O
000129-004,.,O
000129-004,Yang,O
000129-004,pasti,O
000129-004,",",O
000129-004,dia,O
000129-004,sudah,O
000129-004,melihat,O
000129-004,bahwa,O
000129-004,Muhammad,B_PERSON
000129-004,adalah,O
000129-004,pemakan,O
000129-004,hewan,O
000129-004,yang,O
000129-004,sudah,O
000129-004,dipotong,O
000129-004,dan,O
000129-004,di,O
000129-004,tengah,O
000129-004,mereka,O
000129-004,ada,O
000129-004,anaknya,O
000129-004,",",O
000129-004,sehingga,O
000129-004,dia,O
000129-004,menakut-nakuti,O
000129-004,kalian,O
000129-004,untuk,O
000129-004,berhadapan,O
000129-004,dengannya,O
000129-004,".""",O
000129-004,Yang,O
000129-004,dimaksudkan,O
000129-004,dengan,O
000129-004,anaknya,O
000129-004,adalah,O
000129-004,Hudzaifah,B_PERSON
000129-004,bin,I_PERSON
000129-004,Utbah,I_PERSON
000129-004,yang,O
000129-004,sudah,O
000129-004,sejak,O
000129-004,lama,O
000129-004,masuk,O
000129-004,Islam,O
000129-004,dan,O
000129-004,juga,O
000129-004,ikut,O
000129-004,hijrah,O
000129-004,.,O
000129-004,Tatkala,O
000129-004,Utbah,B_PERSON
000129-004,mendengar,O
000129-004,ucapan,O
000129-004,Abu,B_PERSON
000129-004,Jahl,I_PERSON
000129-004,",",O
000129-004,"""",O
000129-004,Demi,O
000129-004,Allah,O
000129-004,",",O
000129-004,rupanya,O
000129-004,dia,O
000129-004,benar-benar,O
000129-004,ketakutan,O
000129-004,",""",O
000129-004,maka,O
000129-004,dia,O
000129-004,berkata,O
000129-004,",",O
000129-004,"""",O
000129-004,Perlu,O
000129-004,dilihat,O
000129-004,pantat,O
000129-004,siapa,O
000129-004,yang,O
000129-004,lebih,O
000129-004,takut,O
000129-004,",",O
000129-004,entah,O
000129-004,dia,O
000129-004,atau,O
000129-004,aku,O
000129-004,".""",O
000129-004,Karena,O
000129-004,merasa,O
000129-004,khawatir,O
000129-004,aksi,O
000129-004,penentangan,O
000129-004,ini,O
000129-004,semakin,O
000129-004,kuat,O
000129-004,dan,O
000129-004,untuk,O
000129-004,menghentikan,O
000129-004,dialog,O
000129-004,ini,O
000129-004,",",O
000129-004,maka,O
000129-004,Abu,B_PERSON
000129-004,Jahl,I_PERSON
000129-004,segera,O
000129-004,memanggil,O
000129-004,Amir,O
000129-004,bin,I_PERSON
000129-004,Al-Hadhrami,I_PERSON
000129-004,",",O
000129-004,saudara,O
000129-004,Amr,I_PERSON
000129-004,bin,I_PERSON
000129-004,Al-Hadhrami,I_PERSON
000129-004,yang,O
000129-004,menjadi,O
000129-004,korban,O
000129-004,di,O
000129-004,Nakhlah,O
000129-004,",",O
000129-004,seraya,O
000129-004,berkata,O
000129-004,kepadanya,O
000129-004,",",O
000129-004,"""",O
000129-004,Ini,O
000129-004,sekutumu,O
000129-004,ingin,O
000129-004,mengajak,O
000129-004,orang-orang,O
000129-004,untuk,O
000129-004,pulang,O
000129-004,.,O
000129-004,Padahal,O
000129-004,engkau,O
000129-004,tahu,O
000129-004,sendiri,O
000129-004,siapa,O
000129-004,orang,O
000129-004,yang,O
000129-004,hendak,O
000129-004,engkau,O
000129-004,tuntut,O
000129-004,balas,O
000129-004,.,O
000129-004,Maka,O
000129-004,bangkitlah,O
000129-004,dan,O
000129-004,carilah,O
000129-004,orang,O
000129-004,yang,O
000129-004,hendak,O
000129-004,engkau,O
000129-004,balas,O
000129-004,dan,O
000129-004,yang,O
000129-004,membunuh,O
000129-004,saudaramu,O
000129-004,".""",O
000129-004,Maka,O
000129-004,Amir,I_PERSON
000129-004,bangkit,O
000129-004,sambil,O
000129-004,menampakkan,O
000129-004,pantatnya,O
000129-004,",",O
000129-004,lalu,O
000129-004,berkata,O
000129-004,",",O
000129-004,"""",O
000129-004,Demi,O
000129-004,Allah,O
000129-004,",",O
000129-004,Demi,O
000129-004,Allah,O
000129-004,",",O
000129-004,perang,O
000129-004,sudah,O
000129-004,berkobar,O
000129-004,dan,O
000129-004,orang-orang,O
000129-004,sudah,O
000129-004,tidak,O
000129-004,sabar,O
000129-004,lagi,O
000129-004,.,O
000129-004,Mereka,O
000129-004,sudah,O
000129-004,berkumpul,O
000129-004,untuk,O
000129-004,menuntut,O
000129-004,balas,O
000129-004,.,O
000129-004,Sementara,O
000129-004,mereka,O
000129-004,sudah,O
000129-004,dikacaukan,O
000129-004,karena,O
000129-004,pendapat,O
000129-004,yang,O
000129-004,disampaikan,O
000129-004,Utbah,B_PERSON
000129-004,.,O
000129-004,"""",O
000129-004,Ternyata,O
000129-004,sikap,O
000129-004,gegabah,O
000129-004,telah,O
000129-004,mengalahkan,O
000129-004,sikap,O
000129-004,bijaksana,O
000129-004,",",O
000129-004,sehingga,O
000129-004,penentang,O
000129-004,yang,O
000129-004,disampaikan,O
000129-004,Hakim,B_PERSON
000129-004,itu,O
000129-004,tidak,O
000129-004,banyak,O
000129-004,berarti,O
000129-004,.,O
000131-002,Kami,O
000131-002,tidak,O
000131-002,membutuhkan,O
000131-002,kalian,O
000131-002,.,O
000131-002,Kami,O
000131-002,hanya,O
000131-002,menginginkan,O
000131-002,kerabat,O
000131-002,pamanku,O
000131-002,".""",O
000131-002,Lalu,O
000131-002,ada,O
000131-002,di,O
000131-002,antara,O
000131-002,orang-orang,O
000131-002,musyrik,O
000131-002,itu,O
000131-002,yang,O
000131-002,berseru,O
000131-002,dengan,O
000131-002,suara,O
000131-002,lantang,O
000131-002,",",O
000131-002,Hai,O
000131-002,Muhammad,B_PERSON
000131-002,",",O
000131-002,keluarkan,O
000131-002,orang-orang,O
000131-002,yang,O
000131-002,terpandang,O
000131-002,yang,O
000131-002,berasal,O
000131-002,dari,O
000131-002,kaum,O
000131-002,kalian,O
000131-002,".""",O
000131-002,Rasulullah,B_PERSON
000131-002,bersabda,O
000131-002,",",O
000131-002,"""",O
000131-002,Bangunlah,O
000131-002,wahai,O
000131-002,Ubaidah,B_PERSON
000131-002,bin,I_PERSON
000131-002,Al-Harits,I_PERSON
000131-002,",",O
000131-002,engkau,O
000131-002,Hamzah,B_PERSON
000131-002,dan,O
000131-002,engkau,O
000131-002,Ali,B_PERSON
000131-002,"!""",O
000131-002,Tatkala,O
000131-002,tiga,O
000131-002,orang,O
000131-002,Muslim,O
000131-002,ini,O
000131-002,berdiri,O
000131-002,dan,O
000131-002,menghampiri,O
000131-002,tiga,O
000131-002,orang,O
000131-002,musyrik,O
000131-002,itu,O
000131-002,",",O
000131-002,mereka,O
000131-002,bertanya,O
000131-002,",",O
000131-002,"""",O
000131-002,Siapa,O
000131-002,kalian,O
000131-002,ini,O
000131-002,"?""",O
000131-002,Setelah,O
000131-002,pertanyaan,O
000131-002,ini,O
000131-002,dijawab,O
000131-002,",",O
000131-002,mereka,O
000131-002,pun,O
000131-002,berkata,O
000131-002,",",O
000131-002,"""",O
000131-002,Memang,O
000131-002,kalian,O
000131-002,orang-orang,O
000131-002,terpandang,O
000131-002,".""",O
000131-002,Ubaidah,B_PERSON
000131-002,yang,O
000131-002,paling,O
000131-002,tua,O
000131-002,di,O
000131-002,antara,O
000131-002,mereka,O
000131-002,",",O
000131-002,berhadapan,O
000131-002,dengan,O
000131-002,Utbah,B_PERSON
000131-002,bin,I_PERSON
000131-002,Rabi'ah,I_PERSON
000131-002,",",O
000131-002,Hamzah,B_PERSON
000131-002,berhadapan,O
000131-002,dengan,O
000131-002,Syaibah,O
000131-002,bin,I_PERSON
000131-002,Rabi'ah,I_PERSON
000131-002,dan,O
000131-002,Ali,B_PERSON
000131-002,berhadapan,O
000131-002,dengan,O
000131-002,Al-Walid,I_PERSON
000131-002,.,O
000131-002,153,O
000131-002,Hamzah,B_PERSON
000131-002,dan,O
000131-002,Ali,B_PERSON
000131-002,tidak,O
000131-002,terlalu,O
000131-002,kesulitan,O
000131-002,melibas,O
000131-002,lawan,O
000131-002,tandingnya,O
000131-002,.,O
000131-002,Lain,O
000131-002,halnya,O
000131-002,dengan,O
000131-002,Ubaidah,I_PERSON
000131-002,dan,O
000131-002,lawan,O
000131-002,tandingnya,O
000131-002,.,O
000131-002,Masing-masing,O
000131-002,saling,O
000131-002,melancarkan,O
000131-002,serangan,O
000131-002,hingga,O
000131-002,dua,O
000131-002,kali,O
000131-002,",",O
000131-002,dan,O
000131-002,masing-masing,O
000131-002,melukai,O
000131-002,lawannya,O
000131-002,Kemudian,O
000131-002,Hamzah,B_PERSON
000131-002,dan,O
000131-002,Ali,B_PERSON
000131-002,menghampiri,O
000131-002,Utbah,B_PERSON
000131-002,lalu,O
000131-002,membunuhnya,O
000131-002,.,O
000131-002,Setelah,O
000131-002,itu,O
000131-002,mereka,O
000131-002,berdua,O
000131-002,memapah,O
000131-002,tubuh,O
000131-002,Ubaidah,I_PERSON
000131-002,yang,O
000131-002,sudah,O
000131-002,lemah,O
000131-002,",",O
000131-002,karena,O
000131-002,kakinya,O
000131-002,tertebas,O
000131-002,hingga,O
000131-002,putus,O
000131-002,.,O
000131-002,Dia,O
000131-002,sama,O
000131-002,sekali,O
000131-002,tidak,O
000131-002,mengeluh,O
000131-002,hingga,O
000131-002,meninggal,O
000131-002,dunia,O
000131-002,di,O
000131-002,Ash-Shafra',I_PERSON
000131-002,",",O
000131-002,empat,O
000131-002,atau,O
000131-002,lima,O
000131-002,hari,O
000131-002,setelah,O
000131-002,Perang,B_EVENT
000131-002,Badr,I_EVENT
000131-002,",",O
000131-002,di,O
000131-002,tengah,O
000131-002,perjalanan,O
000131-002,pulang,O
000131-002,ke,O
000131-002,Madinah,B_LOCATION
000131-002,.,O
000131-002,Pada,O
000131-002,saat,O
000131-002,itu,O
000131-002,Ali,B_PERSON
000131-002,bersumpah,O
000131-002,kepada,O
000131-002,Allah,O
000131-002,",",O
000131-002,hingga,O
000131-002,karenanya,O
000131-002,turun,O
000131-002,ayat,O
000131-002,tentang,O
000131-002,kiprahnya,O
000131-002,",",O
000131-002,A:z,I_PERSON
000131-002,"""",O
000131-002,Inilah,O
000131-002,dua,O
000131-002,golongan,O
000131-002,(,O
000131-002,golongan,O
000131-002,Mukmin,O
000131-002,dan,O
000131-002,golongan,O
000131-002,kafir,O
000131-002,),O
000131-002,yang,O
000131-002,bertengkar,O
000131-002,",",O
000131-002,mereka,O
000131-002,saling,O
000131-002,bertengkar,O
000131-002,karena,O
000131-002,Rabb,O
000131-002,mereka,O
000131-002,.,O
000131-002,"""",O
000131-002,Kesudahan,O
000131-002,adu,O
000131-002,tanding,O
000131-002,ini,O
000131-002,merupakan,O
000131-002,awal,O
000131-002,yang,O
000131-002,buruk,O
000131-002,bagi,O
000131-002,orang,O
000131-002,.,O
000137-003,Beliau,O
000137-003,memandang,O
000137-003,pedang,O
000137-003,milik,O
000137-003,mereka,O
000137-003,berdua,O
000137-003,",",O
000137-003,lalu,O
000137-003,bersabda,O
000137-003,",",O
000137-003,"""",O
000137-003,Kalian,O
000137-003,berdua,O
000137-003,telah,O
000137-003,membunuhnya,O
000137-003,".""",O
000137-003,Rasulullah,B_PERSON
000137-003,menyerahkan,O
000137-003,harta,O
000137-003,rampasan,O
000137-003,miliknya,O
000137-003,secara,O
000137-003,khusus,O
000137-003,kepada,O
000137-003,Mu'adz,B_PERSON
000137-003,bin,I_PERSON
000137-003,Amr,I_PERSON
000137-003,Al-Jamuh,O
000137-003,.,O
000137-003,Dua,O
000137-003,pemuda,O
000137-003,itu,O
000137-003,adalah,O
000137-003,Mu',B_PERSON
000137-003,adz,O
000137-003,bin,I_PERSON
000137-003,Amr,I_PERSON
000137-003,Al-Jamuh,O
000137-003,dan,O
000137-003,Mu'awwidz,B_PERSON
000137-003,bin,I_PERSON
000137-003,Ibnu,I_PERSON
000137-003,Ishaq,I_PERSON
000137-003,menuturkan,O
000137-003,",",O
000137-003,"""",O
000137-003,Mu'adz,B_PERSON
000137-003,bin,I_PERSON
000137-003,Amr,I_PERSON
000137-003,bin,I_PERSON
000137-003,Al-Jamuh,I_PERSON
000137-003,berkata,O
000137-003,",",O
000137-003,"""",O
000137-003,Aku,O
000137-003,mencari,O
000137-003,informasi,O
000137-003,dari,O
000137-003,orang-orang,O
000137-003,.,O
000137-003,Sementara,O
000137-003,saat,O
000137-003,itu,O
000137-003,Abu,B_PERSON
000137-003,Jahal,I_PERSON
000137-003,berada,O
000137-003,di,O
000137-003,dekat,O
000137-003,pohon,O
000137-003,yang,O
000137-003,rimbun,O
000137-003,",",O
000137-003,berbaur,O
000137-003,dengan,O
000137-003,orang-orang,O
000137-003,musyrik,O
000137-003,yang,O
000137-003,membawa,O
000137-003,tombak,O
000137-003,dan,O
000137-003,pedang,O
000137-003,yang,O
000137-003,memang,O
000137-003,bergerombol,O
000137-003,di,O
000137-003,sekitarnya,O
000137-003,untuk,O
000137-003,melindunginya,O
000137-003,.,O
000137-003,Orang-orang,O
000137-003,berkata,O
000137-003,",",O
000137-003,"""",O
000137-003,Abul,O
000137-003,Hakam,I_PERSON
000137-003,(,O
000137-003,Abu,B_PERSON
000137-003,Jahal,I_PERSON
000137-003,),O
000137-003,tidak,O
000137-003,akan,O
000137-003,bisa,O
000137-003,lolos,O
000137-003,".""",O
000137-003,Tatkala,O
000137-003,kudengar,O
000137-003,tentang,O
000137-003,dirinya,O
000137-003,",",O
000137-003,maka,O
000137-003,aku,O
000137-003,mempersiapkan,O
000137-003,diri,O
000137-003,lalu,O
000137-003,mendekati,O
000137-003,dirinya,O
000137-003,.,O
000137-003,Selagi,O
000137-003,jarak,O
000137-003,sudah,O
000137-003,memungkinkan,O
000137-003,",",O
000137-003,aku,O
000137-003,segera,O
000137-003,menyerangnya,O
000137-003,dan,O
000137-003,dapat,O
000137-003,menyabetnya,O
000137-003,hingga,O
000137-003,kakinya,O
000137-003,putus,O
000137-003,pada,O
000137-003,bagian,O
000137-003,betis,O
000137-003,.,O
000137-003,Namun,O
000137-003,kemudian,O
000137-003,anaknya,O
000137-003,",",O
000137-003,Ikrimah,B_PERSON
000137-003,",",O
000137-003,menyerangku,O
000137-003,dan,O
000137-003,mengenai,O
000137-003,pundakku,O
000137-003,.,O
000137-003,hingga,O
000137-003,tanganku,O
000137-003,putus,O
000137-003,dan,O
000137-003,bergelantungan,O
000137-003,",",O
000137-003,karena,O
000137-003,kulitnya,O
000137-003,masih,O
000137-003,belum,O
000137-003,putus,O
000137-003,.,O
000137-003,Pertempuran,O
000137-003,yang,O
000137-003,terus,O
000137-003,berkecamuk,O
000137-003,membuatku,O
000137-003,tersingkir,O
000137-003,dari,O
000137-003,kancah,O
000137-003,pertempuran,O
000137-003,.,O
000137-003,Setelah,O
000137-003,berhasil,O
000137-003,membunuh,O
000137-003,sekian,O
000137-003,banyak,O
000137-003,musuh,O
000137-003,pada,O
000137-003,hari,O
000137-003,ini,O
000137-003,.,O
000137-003,akhirnya,O
000137-003,aku,O
000137-003,agak,O
000137-003,mundur,O
000137-003,ke,O
000137-003,belakang,O
000137-003,.,O
000137-003,Karena,O
000137-003,rasa,O
000137-003,sakit,O
000137-003,yang,O
000137-003,amat,O
000137-003,sangat,O
000137-003,",",O
000137-003,tanganku,O
000137-003,yang,O
000137-003,tertebas,O
000137-003,kuputus,O
000137-003,dan,O
000137-003,kubuang,O
000137-003,.,O
000137-003,Pada,O
000137-003,saat,O
000137-003,itu,O
000137-003,Mu,I_PERSON
000137-003,awwidz,O
000137-003,bin,I_PERSON
000137-003,Afra,I_PERSON
000137-003,mendekati,O
000137-003,Abu,B_PERSON
000137-003,Jahal,I_PERSON
000137-003,dan,O
000137-003,menyabetnya,O
000137-003,hingga,O
000137-003,tersungkur,O
000137-003,dan,O
000137-003,membiarkannya,O
000137-003,dalam,O
000137-003,keadaan,O
000137-003,sekarat,O
000137-003,.,O
000138-003,Kami,O
000138-003,tidak,O
000138-003,akan,O
000138-003,membiarkan,O
000138-003,temanmu,O
000138-003,",""",O
000138-003,jawab,O
000138-003,Al-Mujadzdzar,O
000138-003,.,O
000138-003,"""",O
000138-003,Demi,O
000138-003,Allah,O
000138-003,",",O
000138-003,kalau,O
000138-003,begitu,O
000138-003,aku,O
000138-003,akan,O
000138-003,mati,O
000138-003,bersama-sama,O
000138-003,dengannya,O
000138-003,",""",O
000138-003,jawab,O
000138-003,Abul,B_PERSON
000138-003,Bakhtari,I_PERSON
000138-003,.,O
000138-003,Lalu,O
000138-003,mereka,O
000138-003,berdua,O
000138-003,melancarkan,O
000138-003,serangan,O
000138-003,sehingga,O
000138-003,terpaksa,O
000138-003,Al-Mujadzdz,B_PERSON
000138-003,membunuh,O
000138-003,Abul,B_PERSON
000138-003,Bakhtari,I_PERSON
000138-003,.,O
000138-003,3,O
000138-003,.,O
000138-003,Abdurrahman,B_PERSON
000138-003,bin,I_PERSON
000138-003,Auf,I_PERSON
000138-003,dan,O
000138-003,Umayyah,B_PERSON
000138-003,bin,I_PERSON
000138-003,Khalaf,I_PERSON
000138-003,merupakan,O
000138-003,teman,O
000138-003,karib,O
000138-003,semasa,O
000138-003,Jahiliyah,O
000138-003,di,O
000138-003,Makkah,B_LOCATION
000138-003,.,O
000138-003,Pada,O
000138-003,Perang,B_EVENT
000138-003,Badr,I_EVENT
000138-003,itu,O
000138-003,Abdurrahman,O
000138-003,melewati,O
000138-003,Umayyah,B_PERSON
000138-003,bin,I_PERSON
000138-003,Khalaf,I_PERSON
000138-003,yang,O
000138-003,sedang,O
000138-003,berpegangan,O
000138-003,tangan,O
000138-003,dengan,O
000138-003,anaknya,O
000138-003,",",O
000138-003,Ali,B_PERSON
000138-003,bin,I_PERSON
000138-003,Umayyah,I_PERSON
000138-003,.,O
000138-003,Sementara,O
000138-003,saat,O
000138-003,itu,O
000138-003,Abdurrahman,O
000138-003,membawa,O
000138-003,beberapa,O
000138-003,buah,O
000138-003,baju,O
000138-003,besi,O
000138-003,dari,O
000138-003,hasil,O
000138-003,rampasan,O
000138-003,.,O
000138-003,Tatkala,O
000138-003,melihatnya,O
000138-003,",",O
000138-003,Umayyah,B_PERSON
000138-003,bertanya,O
000138-003,",",O
000138-003,"""",O
000138-003,Apakah,O
000138-003,engkau,O
000138-003,ada,O
000138-003,perlu,O
000138-003,denganku,O
000138-003,?,O
000138-003,Aku,O
000138-003,lebih,O
000138-003,baik,O
000138-003,daripada,O
000138-003,baju-baju,O
000138-003,besi,O
000138-003,yang,O
000138-003,engkau,O
000138-003,bawa,O
000138-003,itu,O
000138-003,.,O
000138-003,Aku,O
000138-003,tidak,O
000138-003,pernah,O
000138-003,mengalami,O
000138-003,kejadian,O
000138-003,seperti,O
000138-003,hari,O
000138-003,ini,O
000138-003,.,O
000138-003,Apakah,O
000138-003,kalian,O
000138-003,membutuhkan,O
000138-003,susu,O
000138-003,"?""",O
000138-003,Artinya,O
000138-003,",",O
000138-003,Umayyah,B_PERSON
000138-003,akan,O
000138-003,memberi,O
000138-003,tebusan,O
000138-003,berupa,O
000138-003,beberapa,O
000138-003,onta,O
000138-003,yang,O
000138-003,banyak,O
000138-003,menghasilkan,O
000138-003,air,O
000138-003,susu,O
000138-003,jika,O
000138-003,dia,O
000138-003,tertawan,O
000138-003,.,O
000138-003,Abdurrahman,O
000138-003,membuang,O
000138-003,baju-baju,O
000138-003,besi,O
000138-003,yang,O
000138-003,dibawanya,O
000138-003,",",O
000138-003,lalu,O
000138-003,menuntun,O
000138-003,Umayyah,B_PERSON
000138-003,dan,O
000138-003,anaknya,O
000138-003,untuk,O
000138-003,jalan,O
000138-003,.,O
000138-003,Inilah,O
000138-003,penuturannya,O
000138-003,",",O
000138-003,"""",O
000138-003,Tatkala,O
000138-003,aku,O
000138-003,sedang,O
000138-003,berjalan,O
000138-003,sambil,O
000138-003,mengempit,O
000138-003,tangan,O
000138-003,mereka,O
000138-003,berdua,O
000138-003,di,O
000138-003,kanan,O
000138-003,kiriku,O
000138-003,.,O
000138-003,Ummayah,B_PERSON
000138-003,bin,I_PERSON
000138-003,Khalaf,I_PERSON
000138-003,bertanya,O
000138-003,kepadaku,O
000138-003,",",O
000138-003,"""",O
000138-003,Siapakah,O
000138-003,seseorang,O
000138-003,di,O
000138-003,antara,O
000138-003,kalian,O
000138-003,yang,O
000138-003,mengenakan,O
000138-003,tanda,O
000138-003,pengenal,O
000138-003,di,O
000138-003,dadanya,O
000138-003,berupa,O
000138-003,sehelai,O
000138-003,bulu,O
000138-003,burung,O
000138-003,onta,O
000138-003,"?""",O
000138-003,"""",O
000138-003,Dia,O
000138-003,adalah,O
000138-003,Hamzah,B_PERSON
000138-003,bin,I_PERSON
000138-003,Abdul,I_PERSON
000138-003,Muththalib,I_PERSON
000138-003,",""",O
000138-003,jawabku,O
000138-003,.,O
000138-003,"""",O
000138-003,Dialah,O
000138-003,orang,O
000138-003,y,O
000138-003,ang,O
000138-003,paling,O
000138-003,bany,O
000138-003,ak,O
000138-003,menimpakan,O
000138-003,bencana,O
000138-003,di,O
000138-003,pasukan,O
000138-003,kami,O
000138-003,",""",O
000138-003,kata,O
000138-003,Umayyah,I_PERSON
000138-003,.,O
000138-005,Baju-baju,O
000138-005,besiku,O
000138-005,sudah,O
000138-005,hilang,O
000138-005,dan,O
000138-005,hatiku,O
000138-005,menjadi,O
000138-005,galau,O
000138-005,gara-gara,O
000138-005,tawananku,O
000138-005,",""",O
000138-005,kataku,O
000138-005,.,O
000138-005,Di,O
000138-005,dalam,O
000138-005,Zadul-Ma,O
000138-005,'ad,O
000138-005,disebutkan,O
000138-005,bahwa,O
000138-005,Abdurrahman,B_PERSON
000138-005,bin,I_PERSON
000138-005,Auf,I_PERSON
000138-005,berkata,O
000138-005,kepada,O
000138-005,Umayyah,B_PERSON
000138-005,",",O
000138-005,"""",O
000138-005,Telentangkan,O
000138-005,badanmu,O
000138-005,"!""",O
000138-005,Maka,O
000138-005,Umayyah,B_PERSON
000138-005,pun,O
000138-005,menelentangkan,O
000138-005,badannya,O
000138-005,",",O
000138-005,lalu,O
000138-005,Abdurrahman,O
000138-005,menelentangkan,O
000138-005,badan,O
000138-005,di,O
000138-005,atas,O
000138-005,badan,O
000138-005,Umayyah,O
000138-005,.,O
000138-005,Namun,O
000138-005,mereka,O
000138-005,tetap,O
000138-005,menusuk-nusukkan,O
000138-005,pedang,O
000138-005,ke,O
000138-005,badan,O
000138-005,Umayyah,O
000138-005,yang,O
000138-005,ditindih,O
000138-005,Abdurrahman,O
000138-005,.,O
000138-005,Akibatnya,O
000138-005,ada,O
000138-005,di,O
000138-005,antara,O
000138-005,pedang,O
000138-005,mereka,O
000138-005,yang,O
000138-005,juga,O
000138-005,mengenai,O
000138-005,badan,O
000138-005,Abdurrahman,O
000138-005,.,O
000138-005,4,O
000138-005,.,O
000138-005,Dalam,O
000138-005,peperangan,O
000138-005,itu,O
000138-005,Umar,B_PERSON
000138-005,bin,I_PERSON
000138-005,Al-Khaththab,I_PERSON
000138-005,membunuh,O
000138-005,pamannya,O
000138-005,sendiri,O
000138-005,",",O
000138-005,Al-Ash,B_PERSON
000138-005,bin,I_PERSON
000138-005,Hisyam,I_PERSON
000138-005,bin,I_PERSON
000138-005,Al-Mughirah,I_PERSON
000138-005,.,O
000138-005,Saat,O
000138-005,peperangan,O
000138-005,itu,O
000138-005,Abu,B_PERSON
000138-005,Bakar,I_PERSON
000138-005,Ash-Shiddiq,I_PERSON
000138-005,memanggil,O
000138-005,anaknya,O
000138-005,yang,O
000138-005,bergabung,O
000138-005,dengan,O
000138-005,pasukan,O
000138-005,musyrikin,O
000138-005,",",O
000138-005,"""",O
000138-005,Dimanakah,O
000138-005,hartaku,O
000138-005,wahai,O
000138-005,anak,O
000138-005,kecil,O
000138-005,yang,O
000138-005,buruk,O
000138-005,"?""",O
000138-005,Abdurrahman,O
000138-005,menjawab,O
000138-005,",",O
000138-005,"""",O
000138-005,Yang,O
000138-005,ada,O
000138-005,pada,O
000138-005,saat,O
000138-005,ini,O
000138-005,adalah,O
000138-005,senjata,O
000138-005,dan,O
000138-005,kuda,O
000138-005,.,O
000138-005,serta,O
000138-005,pedang,O
000138-005,tajam,O
000138-005,yang,O
000138-005,siap,O
000138-005,membabat,O
000138-005,orang,O
000138-005,tua,O
000138-005,yang,O
000138-005,renta,O
000138-005,".""",O
000138-005,6,O
000138-005,.,O
000138-005,Tatkala,O
000138-005,banyak,O
000138-005,pasukan,O
000138-005,musuh,O
000138-005,yang,O
000138-005,menyerah,O
000138-005,dan,O
000138-005,kemudian,O
000138-005,ditawan,O
000138-005,",",O
000138-005,sementara,O
000138-005,saat,O
000138-005,itu,O
000138-005,Rasulullah,B_PERSON
000138-005,berada,O
000138-005,di,O
000138-005,tenda,O
000138-005,bersama,O
000138-005,Sa'd,O
000138-005,bin,I_PERSON
000138-005,Mu'adz,I_PERSON
000138-005,yang,O
000138-005,berdiri,O
000138-005,di,O
000138-005,pintu,O
000138-005,tenda,O
000138-005,melihat,O
000138-005,ada,O
000138-005,rona,O
000138-005,ketidaksukaan,O
000138-005,di,O
000138-005,wajah,O
000138-005,Sa'd,O
000138-005,atas,O
000138-005,apa,O
000138-005,yang,O
000138-005,dilakukan,O
000138-005,orang-orang,O
000138-005,.,O
000138-005,Beliau,O
000138-005,bersabda,O
000138-005,kepadanya,O
000138-005,",",O
000138-005,"""",O
000138-005,Demi,O
000138-005,Allah,O
000138-005,",",O
000138-005,sepertinya,O
000138-005,engkau,O
000138-005,tidak,O
000138-005,suka,O
000138-005,melihat,O
000138-005,apa,O
000138-005,yang,O
000138-005,dilakukan,O
000138-005,orang-,O
000138-005,orang,O
000138-005,itu,O
000138-005,wahai,O
000138-005,Sa'd,B_PERSON
000138-005,".""",O
000138-005,"""",O
000138-005,Demi,O
000138-005,Allah,O
000138-005,",",O
000138-005,begitulah,O
000138-005,wahai,O
000138-005,Rasulullah,B_PERSON
000138-005,",",O
000138-005,"""",O
000138-005,jawabnya,O
000138-005,",",O
000138-005,Ini,O
000138-005,adalah,O
000138-005,peristiwa,O
000138-005,pertama,O
000138-005,yang,O
000138-005,ditimpakan,O
000138-005,Allah,O
000138-005,terhadap,O
000138-005,orang-orang,O
000138-005,musyrik,O
000138-005,.,O
000139-001,Peperangan,O
000139-001,sudah,O
000139-001,usai,O
000139-001,dengan,O
000139-001,kekalahan,O
000139-001,telak,O
000139-001,di,O
000139-001,pihak,O
000139-001,orang-orang,O
000139-001,musyrik,O
000139-001,dan,O
000139-001,kemenangan,O
000139-001,yang,O
000139-001,nyata,O
000139-001,di,O
000139-001,pihak,O
000139-001,orang-orang,O
000139-001,Muslim,O
000139-001,.,O
000139-001,Yang,O
000139-001,mati,O
000139-001,syahid,O
000139-001,dari,O
000139-001,pasukan,O
000139-001,Muslimin,O
000139-001,dalam,O
000139-001,peperangan,O
000139-001,ini,O
000139-001,ada,O
000139-001,empat,O
000139-001,belas,O
000139-001,orang,O
000139-001,",",O
000139-001,enam,O
000139-001,dari,O
000139-001,Muhajirin,O
000139-001,dan,O
000139-001,delapan,O
000139-001,dari,O
000139-001,Anshar,O
000139-001,.,O
000139-001,Sedangkan,O
000139-001,orang-orang,O
000139-001,musyrik,O
000139-001,mengalami,O
000139-001,kerugian,O
000139-001,yang,O
000139-001,amat,O
000139-001,banyak,O
000139-001,Korban,O
000139-001,di,O
000139-001,antara,O
000139-001,mereka,O
000139-001,ada,O
000139-001,tujuh,O
000139-001,puluh,O
000139-001,orang,O
000139-001,dan,O
000139-001,tujuh,O
000139-001,puluh,O
000139-001,orang,O
000139-001,pula,O
000139-001,yang,O
000139-001,tertawan,O
000139-001,",",O
000139-001,yang,O
000139-001,kebanyakan,O
000139-001,justru,O
000139-001,terdiri,O
000139-001,dari,O
000139-001,para,O
000139-001,pemuka,O
000139-001,dan,O
000139-001,pemimpin,O
000139-001,mereka,O
000139-001,.,O
000139-001,Setelah,O
000139-001,peperangan,O
000139-001,usai,O
000139-001,",",O
000139-001,Rasulullah,B_PERSON
000139-001,berkeliling,O
000139-001,hingga,O
000139-001,berdiri,O
000139-001,di,O
000139-001,dekat,O
000139-001,korban,O
000139-001,dari,O
000139-001,orang-orang,O
000139-001,musyrik,O
000139-001,",",O
000139-001,"""",O
000139-001,Keluarga,O
000139-001,yang,O
000139-001,paling,O
000139-001,buruk,O
000139-001,terhadap,O
000139-001,nabi,O
000139-001,kalian,O
000139-001,adalah,O
000139-001,diri,O
000139-001,kalian,O
000139-001,.,O
000139-001,Kalian,O
000139-001,mendustakan,O
000139-001,aku,O
000139-001,selagi,O
000139-001,orang-orang,O
000139-001,membenarkan,O
000139-001,aku,O
000139-001,.,O
000139-001,Kalian,O
000139-001,menelantarkan,O
000139-001,aku,O
000139-001,selagi,O
000139-001,orang-orang,O
000139-001,menolongku,O
000139-001,.,O
000139-001,Kalian,O
000139-001,mengusir,O
000139-001,aku,O
000139-001,selagi,O
000139-001,orang-orang,O
000139-001,melindungi,O
000139-001,aku,O
000139-001,".""",O
000139-001,Lalu,O
000139-001,beliau,O
000139-001,memerintahkan,O
000139-001,agar,O
000139-001,tubuh,O
000139-001,mereka,O
000139-001,dimasukkan,O
000139-001,ke,O
000139-001,dalam,O
000139-001,sumur,O
000139-001,.,O
000139-001,Diriwayatkan,O
000139-001,dari,O
000139-001,Abu,B_PERSON
000139-001,Thalhah,I_PERSON
000139-001,",",O
000139-001,bahwa,O
000139-001,Nabi,O
000139-001,Allah,O
000139-001,memerintahkan,O
000139-001,untuk,O
000139-001,mengumpulkan,O
000139-001,dua,O
000139-001,puluh,O
000139-001,empat,O
000139-001,pemuka,O
000139-001,Quraisy,O
000139-001,yang,O
000139-001,terbunuh,O
000139-001,",",O
000139-001,lalu,O
000139-001,mereka,O
000139-001,dilemparkan,O
000139-001,ke,O
000139-001,dalam,O
000139-001,sumur,O
000139-001,yang,O
000139-001,kotor,O
000139-001,dan,O
000139-001,bau,O
000139-001,.,O
000139-001,Sebelum,O
000139-001,itu,O
000139-001,",",O
000139-001,jika,O
000139-001,ada,O
000139-001,suatu,O
000139-001,kaum,O
000139-001,mendapatkan,O
000139-001,suatu,O
000139-001,kemenangan,O
000139-001,",",O
000139-001,maka,O
000139-001,mereka,O
000139-001,mengadakan,O
000139-001,pesta,O
000139-001,di,O
000139-001,Badr,I_EVENT
000139-001,selama,O
000139-001,tiga,O
000139-001,malam,O
000139-001,.,O
000139-001,Pada,O
000139-001,hari,O
000139-001,ketiga,O
000139-001,dari,O
000139-001,Perang,B_EVENT
000139-001,Badr,I_EVENT
000139-001,",",O
000139-001,beliau,O
000139-001,meminta,O
000139-001,hewan,O
000139-001,kendaraannya,O
000139-001,dan,O
000139-001,mengikatnya,O
000139-001,.,O
000139-001,Kemudian,O
000139-001,beliau,O
000139-001,berjalan,O
000139-001,mengikuti,O
000139-001,para,O
000139-001,sahabat,O
000139-001,",",O
000139-001,hingga,O
000139-001,beliau,O
000139-001,berdiri,O
000139-001,di,O
000139-001,bibir,O
000139-001,sumur,O
000139-001,.,O
000139-001,Beliau,O
000139-001,menyebutkan,O
000139-001,nama,O
000139-001,orang-orang,O
000139-001,musyrik,O
000139-001,yang,O
000139-001,jasadnya,O
000139-001,dilemparkan,O
000139-001,ke,O
000139-001,dalam,O
000139-001,sumur,O
000139-001,itu,O
000139-001,",",O
000139-001,begitu,O
000139-001,nama,O
000139-001,bapak-bapak,O
000139-001,mereka,O
000139-001,.,O
000140-004,Namun,O
000140-004,karena,O
000140-004,mereka,O
000140-004,takut,O
000140-004,akan,O
000140-004,dicemooh,O
000140-004,sebagai,O
000140-004,akibat,O
000140-004,dari,O
000140-004,tindakannya,O
000140-004,ini,O
000140-004,",",O
000140-004,mereka,O
000140-004,pun,O
000140-004,membuatkan,O
000140-004,sebuah,O
000140-004,lubang,O
000140-004,di,O
000140-004,dekatnya,O
000140-004,.,O
000140-004,lalu,O
000140-004,mendorong,O
000140-004,tubuhnya,O
000140-004,masuk,O
000140-004,ke,O
000140-004,dalam,O
000140-004,lubang,O
000140-004,itu,O
000140-004,",",O
000140-004,lalu,O
000140-004,mereka,O
000140-004,menimbun,O
000140-004,lubang,O
000140-004,kuburan,O
000140-004,dengan,O
000140-004,cara,O
000140-004,melemparkan,O
000140-004,batu,O
000140-004,dari,O
000140-004,kejauhan,O
000140-004,Begitulah,O
000140-004,penduduk,O
000140-004,Makkah,B_LOCATION
000140-004,menerima,O
000140-004,kabar,O
000140-004,kekalahan,O
000140-004,telak,O
000140-004,di,O
000140-004,medan,O
000140-004,Perang,B_EVENT
000140-004,Badr,I_EVENT
000140-004,.,O
000140-004,Tentu,O
000140-004,saja,O
000140-004,hal,O
000140-004,ini,O
000140-004,menimbulkan,O
000140-004,pengaruh,O
000140-004,yang,O
000140-004,buruk,O
000140-004,.,O
000140-004,Bahkan,O
000140-004,mereka,O
000140-004,melarang,O
000140-004,untuk,O
000140-004,meratapi,O
000140-004,orang-orang,O
000140-004,yang,O
000140-004,mati,O
000140-004,terbunuh,O
000140-004,",",O
000140-004,agar,O
000140-004,mereka,O
000140-004,tidak,O
000140-004,semakin,O
000140-004,terpuruk,O
000140-004,karena,O
000140-004,dicerca,O
000140-004,orang-orang,O
000140-004,Muslim,O
000140-004,.,O
000140-004,Dalam,O
000140-004,Perang,B_EVENT
000140-004,Badr,I_EVENT
000140-004,ini,O
000140-004,Al-Aswad,B_PERSON
000140-004,bin,I_PERSON
000140-004,Al-Muththalib,I_PERSON
000140-004,kehilangan,O
000140-004,tiga,O
000140-004,anaknya,O
000140-004,.,O
000140-004,Karena,O
000140-004,buta,O
000140-004,",",O
000140-004,dia,O
000140-004,lebih,O
000140-004,suka,O
000140-004,menangisi,O
000140-004,nasib,O
000140-004,yang,O
000140-004,menimpa,O
000140-004,mereka,O
000140-004,.,O
000140-004,Suatu,O
000140-004,malam,O
000140-004,dia,O
000140-004,mendengar,O
000140-004,suara,O
000140-004,ratap,O
000140-004,tangis,O
000140-004,.,O
000140-004,Dia,O
000140-004,mengutus,O
000140-004,pembantunya,O
000140-004,dengan,O
000140-004,berkata,O
000140-004,",",O
000140-004,"""",O
000140-004,Lihatlah,O
000140-004,",",O
000140-004,apakah,O
000140-004,ratap,O
000140-004,tangis,O
000140-004,memang,O
000140-004,diperbolehkan,O
000140-004,?,O
000140-004,Apakah,O
000140-004,orang-orang,O
000140-004,Quraisy,O
000140-004,juga,O
000140-004,menangisi,O
000140-004,meratapi,O
000140-004,para,O
000140-004,korban,O
000140-004,yang,O
000140-004,mati,O
000140-004,?,O
000140-004,Karena,O
000140-004,aku,O
000140-004,pun,O
000140-004,ingin,O
000140-004,meratapi,O
000140-004,Abu,B_PERSON
000140-004,Hakimah,O
000140-004,(,O
000140-004,anaknya,O
000140-004,"),",O
000140-004,karena,O
000140-004,kelopak,O
000140-004,mataku,O
000140-004,sudah,O
000140-004,hampir,O
000140-004,terbakar,O
000140-004,".""",O
000140-004,Setelah,O
000140-004,menyelidiki,O
000140-004,",",O
000140-004,pembantunya,O
000140-004,kembali,O
000140-004,lagi,O
000140-004,dan,O
000140-004,berkata,O
000140-004,",",O
000140-004,"""",O
000140-004,Yang,O
000140-004,menangis,O
000140-004,itu,O
000140-004,adalah,O
000140-004,seorang,O
000140-004,wanita,O
000140-004,yang,O
000140-004,meratapi,O
000140-004,ontanya,O
000140-004,yang,O
000140-004,lepas,O
000140-004,".""",O
000140-004,Al-Aswad,O
000140-004,hampir,O
000140-004,tak,O
000140-004,mampu,O
000140-004,menguasai,O
000140-004,dirinya,O
000140-004,.,O
000140-004,Lalu,O
000140-004,dia,O
000140-004,menurunkan,O
000140-004,sebuah,O
000140-004,syair,O
000140-004,yang,O
000140-004,sendu,O
000142-001,Seusai,O
000142-001,perang,O
000142-001,",",O
000142-001,Rasulullah,B_PERSON
000142-001,masih,O
000142-001,berada,O
000142-001,di,O
000142-001,Badr,B_LOCATION
000142-001,selama,O
000142-001,tiga,O
000142-001,hari,O
000142-001,Sebelum,O
000142-001,meninggalkan,O
000142-001,kancah,O
000142-001,peperangan,O
000142-001,",",O
000142-001,terjadi,O
000142-001,silang,O
000142-001,pendapat,O
000142-001,di,O
000142-001,antara,O
000142-001,anggota,O
000142-001,pasukan,O
000142-001,tentang,O
000142-001,pembagian,O
000142-001,harta,O
000142-001,rampasan,O
000142-001,.,O
000142-001,Ketika,O
000142-001,silang,O
000142-001,pendapat,O
000142-001,ini,O
000142-001,semakin,O
000142-001,meruncing,O
000142-001,maka,O
000142-001,beliau,O
000142-001,memerintahkan,O
000142-001,agar,O
000142-001,semua,O
000142-001,harta,O
000142-001,rampasan,O
000142-001,di,O
000142-001,tangan,O
000142-001,mereka,O
000142-001,diserahkan,O
000142-001,.,O
000142-001,Mereka,O
000142-001,pun,O
000142-001,menurutinya,O
000142-001,",",O
000142-001,lalu,O
000142-001,turun,O
000142-001,wahyu,O
000142-001,yang,O
000142-001,memecahkan,O
000142-001,masalah,O
000142-001,ini,O
000142-001,.,O
000142-001,Dari,O
000142-001,Ubadah,B_PERSON
000142-001,bin,I_PERSON
000142-001,Ash-Shamit,I_PERSON
000142-001,",",O
000142-001,dia,O
000142-001,berkata,O
000142-001,",",O
000142-001,"""",O
000142-001,Kami,O
000142-001,pergi,O
000142-001,bersama,O
000142-001,Nabi,O
000142-001,bergabung,O
000142-001,dalam,O
000142-001,Perang,B_EVENT
000142-001,Badr,I_EVENT
000142-001,.,O
000142-001,Dua,O
000142-001,pasukan,O
000142-001,saling,O
000142-001,berhadapan,O
000142-001,dan,O
000142-001,Allah,O
000142-001,mengalahkan,O
000142-001,pasukan,O
000142-001,musuh,O
000142-001,.,O
000142-001,Ada,O
000142-001,segolongan,O
000142-001,pasukan,O
000142-001,Muslimin,O
000142-001,yang,O
000142-001,mengejar,O
000142-001,musuh,O
000142-001,",",O
000142-001,mengusir,O
000142-001,dan,O
000142-001,membunuh,O
000142-001,.,O
000142-001,Ada,O
000142-001,pula,O
000142-001,sebagian,O
000142-001,lain,O
000142-001,y,O
000142-001,ang,O
000142-001,meng-,O
000142-001,uasai,O
000142-001,harta,O
000142-001,rampasan,O
000142-001,yang,O
000142-001,telah,O
000142-001,dikumpulkan,O
000142-001,.,O
000142-001,Ada,O
000142-001,pula,O
000142-001,sebagian,O
000142-001,lain,O
000142-001,yang,O
000142-001,menjaga,O
000142-001,Rasulullah,B_PERSON
000142-001,dan,O
000142-001,tidak,O
000142-001,berhadapan,O
000142-001,langsung,O
000142-001,dengan,O
000142-001,musuh,O
000142-001,.,O
000142-001,Pada,O
000142-001,malam,O
000142-001,harinya,O
000142-001,",",O
000142-001,selagi,O
000142-001,sebagian,O
000142-001,sudah,O
000142-001,berkumpul,O
000142-001,dengan,O
000142-001,sebagian,O
000142-001,yang,O
000142-001,lain,O
000142-001,mereka,O
000142-001,yang,O
000142-001,berhasil,O
000142-001,mengumpulkan,O
000142-001,harta,O
000142-001,rampasan,O
000142-001,berkata,O
000142-001,",",O
000142-001,"""",O
000142-001,Kamilah,O
000142-001,yang,O
000142-001,telah,O
000142-001,mengumpulkan,O
000142-001,dan,O
000142-001,siapa,O
000142-001,pun,O
000142-001,tidak,O
000142-001,boleh,O
000142-001,mengusiknya,O
000142-001,".""",O
000142-001,Sedangkan,O
000142-001,mereka,O
000142-001,yang,O
000142-001,bertugas,O
000142-001,mengejar,O
000142-001,musuh,O
000142-001,menyahut,O
000142-001,",",O
000142-001,"""",O
000142-001,Kalian,O
000142-001,tidak,O
000142-001,lebih,O
000142-001,berhak,O
000142-001,daripada,O
000142-001,kami,O
000142-001,.,O
000142-001,Kamilah,O
000142-001,yang,O
000142-001,sebenarnya,O
000142-001,telah,O
000142-001,mengumpulkan,O
000142-001,harta,O
000142-001,rampasan,O
000142-001,itu,O
000142-001,dan,O
000142-001,mengalahkan,O
000142-001,musuh,O
000142-001,".""",O
000142-001,Sedangkan,O
000142-001,mereka,O
000142-001,yang,O
000142-001,bertugas,O
000142-001,menjaga,O
000142-001,beliau,O
000142-001,berkata,O
000142-001,",",O
000142-001,"""",O
000142-001,Kami,O
000142-001,khawatir,O
000142-001,musuh,O
000142-001,akan,O
000142-001,menyerang,O
000142-001,beliau,O
000142-001,",",O
000142-001,maka,O
000142-001,sejak,O
000142-001,awal,O
000142-001,kami,O
000142-001,melindungi,O
000142-001,beliau,O
000142-001,".""",O
000142-001,Maka,O
000142-001,kemudian,O
000142-001,Allah,O
000142-001,menurunkan,O
000142-001,ayat,O
000142-001,",",O
000142-001,JWJT,O
000142-001,"""",O
000142-001,Mereka,O
000142-001,menanyakan,O
000142-001,kepadamu,O
000142-001,tentang,O
000142-001,(,O
000142-001,pembagian,O
000142-001,),O
000142-001,harta,O
000142-001,rampasan,O
000142-001,.,O
000142-001,"Katakanlah,'Harta",O
000142-001,perang,O
000142-001,itu,O
000142-001,kepunyaan,O
000142-001,Allah,O
000142-001,dan,O
000142-001,Rasul,O
000142-001,.,O
000142-002,"Katakanlah,'Harta",O
000142-002,perang,O
000142-002,itu,O
000142-002,kepunyaan,O
000142-002,Allah,O
000142-002,dan,O
000142-002,Rasul,O
000142-002,.,O
000142-002,Sebab,O
000142-002,itu,O
000142-002,bertawakalah,O
000142-002,kepada,O
000142-002,Allah,O
000142-002,dan,O
000142-002,perbaikilah,O
000142-002,hubungan,O
000142-002,di,O
000142-002,antara,O
000142-002,sesama,O
000142-002,kalian,O
000142-002,dan,O
000142-002,taatlah,O
000142-002,kepada,O
000142-002,Allah,O
000142-002,dan,O
000142-002,Rasul-Nya,O
000142-002,jika,O
000142-002,kalian,O
000142-002,adalah,O
000142-002,orang,O
000142-002,.,O
000142-002,orang,O
000142-002,yang,O
000142-002,beriman,O
000142-002,.,O
000142-002,"""",O
000142-002,Setelah,O
000142-002,tiga,O
000142-002,hari,O
000142-002,berada,O
000142-002,di,O
000142-002,Badr,B_LOCATION
000142-002,",",O
000142-002,pasukan,O
000142-002,Rasulullah,B_PERSON
000142-002,bergerak,O
000142-002,ke,O
000142-002,Madinah,B_LOCATION
000142-002,sambil,O
000142-002,membawa,O
000142-002,tawanan,O
000142-002,dan,O
000142-002,harta,O
000142-002,rampasan,O
000142-002,yang,O
000142-002,diperoleh,O
000142-002,dari,O
000142-002,orang-orang,O
000142-002,musyrik,O
000142-002,",",O
000142-002,yang,O
000142-002,penanganannya,O
000142-002,diserahkan,O
000142-002,kepada,O
000142-002,Abdullah,B_PERSON
000142-002,bin,I_PERSON
000142-002,Ka'b,I_PERSON
000142-002,.,O
000142-002,Setelah,O
000142-002,melewati,O
000142-002,celah,O
000142-002,Ash-Shafra',O
000142-002,",",O
000142-002,beliau,O
000142-002,menghentikan,O
000142-002,pasukan,O
000142-002,dan,O
000142-002,membagi,O
000142-002,harta,O
000142-002,rampasan,O
000142-002,di,O
000142-002,sana,O
000142-002,secara,O
000142-002,merata,O
000142-002,di,O
000142-002,antara,O
000142-002,orang-orang,O
000142-002,Muslim,O
000142-002,setelah,O
000142-002,mengambil,O
000142-002,seperlimanya,O
000142-002,.,O
000142-002,Setiba,O
000142-002,di,O
000142-002,Ash-Shafra',O
000142-002,",",O
000142-002,An-Nadhr,O
000142-002,bin,I_PERSON
000142-002,Al-Harits,O
000142-002,diperintahkan,O
000142-002,untuk,O
000142-002,dibunuh,O
000142-002,",",O
000142-002,karena,O
000142-002,dia,O
000142-002,adalah,O
000142-002,pembawa,O
000142-002,bendera,O
000142-002,pasukan,O
000142-002,musyrikin,O
000142-002,dan,O
000142-002,dia,O
000142-002,termasuk,O
000142-002,pemuka,O
000142-002,Quraisy,O
000142-002,yang,O
000142-002,amat,O
000142-002,jahat,O
000142-002,",",O
000142-002,paling,O
000142-002,banyak,O
000142-002,memperdayai,O
000142-002,Islam,O
000142-002,dan,O
000142-002,menyiksa,O
000142-002,Rasulullah,B_PERSON
000142-002,.,O
000142-002,Akhirnya,O
000142-002,dia,O
000142-002,dipenggal,O
000142-002,oleh,O
000142-002,Ali,B_PERSON
000142-002,bin,I_PERSON
000142-002,Abu,B_PERSON
000142-002,Thalib,I_PERSON
000142-002,Setibanya,O
000142-002,di,O
000142-002,Irquzh,O
000142-002,Zhabyah,O
000142-002,",",O
000142-002,beliau,O
000142-002,juga,O
000142-002,memerintahkan,O
000142-002,untuk,O
000142-002,membunuh,O
000142-002,Uqbah,I_PERSON
000142-002,bin,I_PERSON
000142-002,Abu,B_PERSON
000142-002,Mu'aith,I_PERSON
000142-002,.,O
000142-002,Di,O
000142-002,bagian,O
000142-002,terdahulu,O
000142-002,sudah,O
000142-002,kami,O
000142-002,paparkan,O
000142-002,tentang,O
000142-002,penyiksaan,O
000142-002,terhadap,O
000142-002,Rasulullah,B_PERSON
000142-002,.,O
000142-002,Dialah,O
000142-002,yang,O
000142-002,melontarkan,O
000142-002,kotoran,O
000142-002,isi,O
000142-002,perut,O
000142-002,binatang,O
000142-002,yang,O
000142-002,sudah,O
000142-002,disembelih,O
000142-002,ke,O
000142-002,kepala,O
000142-002,beliau,O
000142-002,saat,O
000142-002,sedang,O
000142-002,shalat,O
000142-002,.,O
000142-002,Dia,O
000142-002,pula,O
000142-002,yang,O
000142-002,menjerat,O
000142-002,leher,O
000142-002,beliau,O
000142-002,dengan,O
000142-002,mantelnya,O
000142-002,.,O
000142-002,Selagi,O
000142-002,dia,O
000142-002,hampir,O
000142-002,dibunuh,O
000142-002,",",O
000142-002,Abu,B_PERSON
000142-002,Bakar,I_PERSON
000142-002,menahannya,O
000142-002,.,O
000142-002,Tatkala,O
000142-002,beliau,O
000142-002,tetap,O
000142-002,memerintahkan,O
000142-002,untuk,O
000142-002,membunuhnya,O
000142-002,Uqbah,I_PERSON
000142-002,bertanya,O
000142-002,",",O
000142-002,"""",O
000142-002,Bagaimana,O
000142-002,dengan,O
000142-002,anak-anakku,O
000142-002,wahai,O
000142-002,Muhammad,B_PERSON
000142-002,"?""",O
000142-002,Beliau,O
000142-002,menjawab,O
000142-002,",",O
000142-002,"""",O
000142-002,Masuk,O
000142-002,neraka,O
000142-002,".""",O
000142-002,Lalu,O
000142-002,dia,O
000142-002,dibunuh,O
000142-002,Ashim,I_PERSON
000142-002,bin,I_PERSON
000142-002,Tsabit,I_PERSON
000142-002,Al-Anshari,O
000142-002,.,O
000144-003,Kemudian,O
000144-003,mereka,O
000144-003,bisa,O
000144-003,menerima,O
000144-003,tebusan,O
000144-003,",",O
000144-003,tidak,O
000144-003,hanya,O
000144-003,dari,O
000144-003,orang-orang,O
000144-003,jahat,O
000144-003,yang,O
000144-003,tidak,O
000144-003,menjadi,O
000144-003,tawanan,O
000144-003,di,O
000144-003,medan,O
000144-003,perang,O
000144-003,",",O
000144-003,tetapi,O
000144-003,juga,O
000144-003,dari,O
000144-003,para,O
000144-003,penjahat,O
000144-003,perang,O
000144-003,.,O
000144-003,Padahal,O
000144-003,biasanya,O
000144-003,para,O
000144-003,penjahat,O
000144-003,perang,O
000144-003,itu,O
000144-003,dijatuhi,O
000144-003,hukuman,O
000144-003,mati,O
000144-003,atau,O
000144-003,dipenjara,O
000144-003,seumur,O
000144-003,hidup,O
000144-003,.,O
000144-003,161,O
000144-003,Tarikh,O
000144-003,Umar,B_PERSON
000144-003,bin,I_PERSON
000144-003,Al-Khaththab,I_PERSON
000144-003,",",O
000144-003,Ibnul,B_PERSON
000144-003,Jauzi,I_PERSON
000144-003,",",O
000144-003,hal,O
000144-003,.,O
000144-003,36,O
000144-003,Jadi,O
000144-003,pendapat,O
000144-003,Abu,B_PERSON
000144-003,Bakarlah,I_PERSON
000144-003,yang,O
000144-003,diterapkan,O
000144-003,",",O
000144-003,dengan,O
000144-003,mengambil,O
000144-003,tebusan,O
000144-003,dari,O
000144-003,para,O
000144-003,tawanan,O
000144-003,.,O
000144-003,Adapun,O
000144-003,nilai,O
000144-003,tebusannya,O
000144-003,ada,O
000144-003,yang,O
000144-003,empat,O
000144-003,ribu,O
000144-003,dirham,O
000144-003,",",O
000144-003,tiga,O
000144-003,ribu,O
000144-003,dirham,O
000144-003,dan,O
000144-003,seribu,O
000144-003,dirham,O
000144-003,.,O
000144-003,Siapa,O
000144-003,yang,O
000144-003,tidak,O
000144-003,sanggup,O
000144-003,menebus,O
000144-003,",",O
000144-003,maka,O
000144-003,dia,O
000144-003,bisa,O
000144-003,mengajari,O
000144-003,sepuluh,O
000144-003,anak-anak,O
000144-003,Madinah,B_LOCATION
000144-003,",",O
000144-003,sebagai,O
000144-003,ganti,O
000144-003,tebusannya,O
000144-003,.,O
000144-003,Jika,O
000144-003,anak-anak,O
000144-003,itu,O
000144-003,sudah,O
000144-003,mahir,O
000144-003,",",O
000144-003,maka,O
000144-003,tebusannya,O
000144-003,dianggap,O
000144-003,lunas,O
000144-003,.,O
000144-003,Bahkan,O
000144-003,Rasulullah,B_PERSON
000144-003,bermurah,O
000144-003,hati,O
000144-003,kepada,O
000144-003,sebagian,O
000144-003,tawanan,O
000144-003,",",O
000144-003,mem-,O
000144-003,bebaskan,O
000144-003,tanpa,O
000144-003,tebusan,O
000144-003,sama,O
000144-003,sekali,O
000144-003,",",O
000144-003,seperti,O
000144-003,Al-Muththalib,I_PERSON
000144-003,bin,I_PERSON
000144-003,Hanthab,I_PERSON
000144-003,",",O
000144-003,Shaifl,I_PERSON
000144-003,bin,I_PERSON
000144-003,Abu,B_PERSON
000144-003,Rifa'ah,I_PERSON
000144-003,",",O
000144-003,Abu,B_PERSON
000144-003,Azzah,I_PERSON
000144-003,Al-Jumahi,O
000144-003,",",O
000144-003,namun,O
000144-003,kemudian,O
000144-003,dia,O
000144-003,dibunuh,O
000144-003,selag,O
000144-003,!,O
000144-003,menjadi,O
000144-003,tawanan,O
000144-003,di,O
000144-003,Uhud,B_LOCATION
000144-003,.,O
000144-003,Beliau,O
000144-003,juga,O
000144-003,membebaskan,O
000144-003,menantunya,O
000144-003,",",O
000144-003,Abul,B_PERSON
000144-003,Ash,I_PERSON
000144-003,",",O
000144-003,tetapi,O
000144-003,dengan,O
000144-003,syarat,O
000144-003,.,O
000144-003,dia,O
000144-003,harus,O
000144-003,melepaskan,O
000144-003,Zainab,B_PERSON
000144-003,",",O
000144-003,putri,O
000144-003,beliau,O
000144-003,yang,O
000144-003,menjadi,O
000144-003,istrinya,O
000144-003,.,O
000144-003,Sementara,O
000144-003,Zainab,B_PERSON
000144-003,sendiri,O
000144-003,sudah,O
000144-003,mengirim,O
000144-003,utusan,O
000144-003,untuk,O
000144-003,menebus,O
000144-003,suaminya,O
000144-003,.,O
000144-003,Tebusan,O
000144-003,berupa,O
000144-003,sebuah,O
000144-003,kalung,O
000144-003,yang,O
000144-003,dulu,O
000144-003,pernah,O
000144-003,dipakai,O
000144-003,Khadijah,B_PERSON
000144-003,.,O
000144-003,Maka,O
000144-003,tatkala,O
000144-003,Rasulullah,B_PERSON
000144-003,melihat,O
000144-003,kalung,O
000144-003,itu,O
000144-003,",",O
000144-003,hati,O
000144-003,beliau,O
000144-003,menjadi,O
000144-003,amat,O
000144-003,trenyuh,O
000144-003,.,O
000144-003,Lalu,O
000144-003,beliau,O
000144-003,meminta,O
000144-003,kepada,O
000144-003,para,O
000144-003,sahabat,O
000144-003,untuk,O
000144-003,membebaskan,O
000144-003,Abul,B_PERSON
000144-003,Ash,I_PERSON
000144-003,",",O
000144-003,dan,O
000144-003,mereka,O
000144-003,pun,O
000144-003,melaksanakannya,O
000144-003,.,O
000144-003,Tetapi,O
000144-003,tetap,O
000144-003,dengan,O
000144-003,syarat,O
000144-003,di,O
000144-003,atas,O
000144-003,.,O
000144-003,Akhirnya,O
000144-003,dia,O
000144-003,melepaskan,O
000144-003,Zainab,B_PERSON
000144-003,",",O
000144-003,yang,O
000144-003,kemudian,O
000144-003,hijrah,O
000144-003,ke,O
000144-003,Madinah,B_LOCATION
000144-003,.,O
000144-004,Akhirnya,O
000144-004,dia,O
000144-004,melepaskan,O
000144-004,Zainab,B_PERSON
000144-004,",",O
000144-004,yang,O
000144-004,kemudian,O
000144-004,hijrah,O
000144-004,ke,O
000144-004,Madinah,B_LOCATION
000144-004,.,O
000144-004,Untuk,O
000144-004,menyusul,O
000144-004,Zainab,B_PERSON
000144-004,",",O
000144-004,beliau,O
000144-004,mengutus,O
000144-004,Zaid,B_PERSON
000144-004,bin,I_PERSON
000144-004,Haritsah,I_PERSON
000144-004,dan,O
000144-004,seseorang,O
000144-004,dari,O
000144-004,Anshar,O
000144-004,.,O
000144-004,Beliau,O
000144-004,bersabda,O
000144-004,kepada,O
000144-004,keduanya,O
000144-004,",",O
000144-004,"""",O
000144-004,Tunggulah,O
000144-004,di,O
000144-004,perkampungan,O
000144-004,Ya'juj,O
000144-004,hingga,O
000144-004,Zainab,B_PERSON
000144-004,lewat,O
000144-004,di,O
000144-004,sana,O
000144-004,.,O
000144-004,dan,O
000144-004,setelah,O
000144-004,itu,O
000144-004,temanilah,O
000144-004,dia,O
000144-004,"!""",O
000144-004,Maka,O
000144-004,mereka,O
000144-004,berdua,O
000144-004,pergi,O
000144-004,untuk,O
000144-004,menyusul,O
000144-004,Zainab,B_PERSON
000144-004,",",O
000144-004,hingga,O
000144-004,dapat,O
000144-004,membawanya,O
000144-004,ke,O
000144-004,Madinah,B_LOCATION
000144-004,.,O
000144-004,Kisah,O
000144-004,hijrahnya,O
000144-004,ini,O
000144-004,amat,O
000144-004,panjang,O
000144-004,dan,O
000144-004,juga,O
000144-004,memilukan,O
000144-004,Di,O
000144-004,antara,O
000144-004,tawanan,O
000144-004,itu,O
000144-004,ada,O
000144-004,pula,O
000144-004,Suhail,B_PERSON
000144-004,bin,I_PERSON
000144-004,Amr,I_PERSON
000144-004,",",O
000144-004,seorang,O
000144-004,orator,O
000144-004,yang,O
000144-004,ulung,O
000144-004,.,O
000144-004,Umar,B_PERSON
000144-004,berkata,O
000144-004,",",O
000144-004,Wahai,O
000144-004,Rasulullah,B_PERSON
000144-004,",",O
000144-004,cabutlah,O
000144-004,dua,O
000144-004,gigi,O
000144-004,seri,O
000144-004,Suhail,B_PERSON
000144-004,bin,I_PERSON
000144-004,Amr,I_PERSON
000144-004,",",O
000144-004,agar,O
000144-004,lidahnya,O
000144-004,teriulur,O
000144-004,saat,O
000144-004,berbicara,O
000144-004,dan,O
000144-004,tidak,O
000144-004,bisa,O
000144-004,lancar,O
000144-004,berpidato,O
000144-004,di,O
000144-004,mana,O
000144-004,pun,O
000144-004,dia,O
000144-004,berada,O
000144-004,untuk,O
000144-004,memusuhi,O
000144-004,engkau,O
000144-004,".""",O
000144-004,Namun,O
000144-004,beliau,O
000144-004,menolak,O
000144-004,permintaan,O
000144-004,Umar,B_PERSON
000144-004,ini,O
000144-004,.,O
000144-004,sebagai,O
000144-004,langkah,O
000144-004,untuk,O
000144-004,menjaga,O
000144-004,pamor,O
000144-004,beliau,O
000144-004,dan,O
000144-004,celaan,O
000144-004,Allah,O
000144-004,pada,O
000144-004,hari,O
000144-004,kiamat,O
000144-004,.,O
000144-004,Saat,O
000144-004,itu,O
000144-004,Sa'd,I_EVENT
000144-004,An-Nu'man,O
000144-004,pergi,O
000144-004,ke,O
000144-004,Makkah,B_LOCATION
000144-004,untuk,O
000144-004,umrah,O
000144-004,.,O
000144-004,Tapi,O
000144-004,di,O
000144-004,sana,O
000144-004,dia,O
000144-004,ditawan,O
000144-004,Abu,B_PERSON
000144-004,Sufyan,I_PERSON
000144-004,.,O
000144-004,Sementara,O
000144-004,anak,O
000144-004,Abu,B_PERSON
000144-004,Sufyan,I_PERSON
000144-004,",",O
000144-004,Amr,I_PERSON
000144-004,menjadi,O
000144-004,tawanan,O
000144-004,dalam,O
000144-004,Perang,B_EVENT
000144-004,Badr,I_EVENT
000144-004,itu,O
000144-004,.,O
000144-004,Maka,O
000144-004,orang-orang,O
000144-004,Muslim,O
000144-004,membebaskan,O
000144-004,Amr,I_PERSON
000144-004,",",O
000144-004,lalu,O
000144-004,Abu,B_PERSON
000144-004,Sufyan,I_PERSON
000144-004,juga,O
000144-004,melepaskan,O
000144-004,Sa'd,I_EVENT
000144-004,.,O
000153-001,Shafwan,B_PERSON
000153-001,bin,I_PERSON
000153-001,Umayyah,I_PERSON
000153-001,menjalin,O
000153-001,persekongkolan,O
000153-001,dan,O
000153-001,konspirasi,O
000153-001,dengan,O
000153-001,orang-orang,O
000153-001,Yahudi,O
000153-001,serta,O
000153-001,munafik,O
000153-001,.,O
000153-001,Abu,B_PERSON
000153-001,Sofy,I_PERSON
000153-001,an,O
000153-001,berpikir,O
000153-001,untuk,O
000153-001,melakukan,O
000153-001,suatu,O
000153-001,tindakan,O
000153-001,yang,O
000153-001,sedikit,O
000153-001,menyerempet,O
000153-001,bahaya,O
000153-001,",",O
000153-001,dengan,O
000153-001,maksud,O
000153-001,untuk,O
000153-001,menjaga,O
000153-001,kedudukan,O
000153-001,kaumnya,O
000153-001,dan,O
000153-001,menunjukkan,O
000153-001,kekuatan,O
000153-001,yang,O
000153-001,mereka,O
000153-001,miliki,O
000153-001,.,O
000153-001,Dia,O
000153-001,sendiri,O
000153-001,sudah,O
000153-001,bernadzar,O
000153-001,untuk,O
000153-001,tidak,O
000153-001,membasahi,O
000153-001,rambutnya,O
000153-001,dengan,O
000153-001,air,O
000153-001,sekalipun,O
000153-001,junub,O
000153-001,",",O
000153-001,hingga,O
000153-001,dia,O
000153-001,dapat,O
000153-001,menyerang,O
000153-001,Muhammad,B_PERSON
000153-001,.,O
000153-001,Maka,O
000153-001,bersama,O
000153-001,dua,O
000153-001,ratus,O
000153-001,orang,O
000153-001,dia,O
000153-001,pergi,O
000153-001,untuk,O
000153-001,melaksanakan,O
000153-001,sumpahnya,O
000153-001,itu,O
000153-001,",",O
000153-001,hingga,O
000153-001,dia,O
000153-001,tiba,O
000153-001,di,O
000153-001,suatu,O
000153-001,jalan,O
000153-001,terusan,O
000153-001,di,O
000153-001,sebuah,O
000153-001,gunung,O
000153-001,yang,O
000153-001,bernama,O
000153-001,Naib,O
000153-001,.,O
000153-001,Jaraknya,O
000153-001,dari,O
000153-001,Madinah,B_LOCATION
000153-001,kira-kira,O
000153-001,12,O
000153-001,mil,O
000153-001,.,O
000153-001,Namun,O
000153-001,tidak,O
000153-001,berani,O
000153-001,masuk,O
000153-001,ke,O
000153-001,Madinah,B_LOCATION
000153-001,secara,O
000153-001,terang-terangan,O
000153-001,.,O
000153-001,Maka,O
000153-001,layaknya,O
000153-001,seorang,O
000153-001,perampok,O
000153-001,",",O
000153-001,dia,O
000153-001,mengendap-ngendap,O
000153-001,masuk,O
000153-001,Madinah,B_LOCATION
000153-001,pada,O
000153-001,malam,O
000153-001,hari,O
000153-001,yang,O
000153-001,gelap,O
000153-001,dan,O
000153-001,mendatangi,O
000153-001,rumah,O
000153-001,Huyai,I_PERSON
000153-001,bin,I_PERSON
000153-001,Akhtab,I_PERSON
000153-001,.,O
000153-001,Dia,O
000153-001,meminta,O
000153-001,izin,O
000153-001,untuk,O
000153-001,masuk,O
000153-001,rumah,O
000153-001,",",O
000153-001,namun,O
000153-001,Huyai,B_PERSON
000153-001,menolaknya,O
000153-001,karena,O
000153-001,dia,O
000153-001,takut,O
000153-001,.,O
000153-001,Maka,O
000153-001,dia,O
000153-001,beranjak,O
000153-001,pergi,O
000153-001,dan,O
000153-001,mendatangi,O
000153-001,rumah,O
000153-001,Sallam,I_PERSON
000153-001,bin,I_PERSON
000153-001,Misykam,O
000153-001,",",O
000153-001,pemimpin,O
000153-001,Bani,O
000153-001,Nadhir,O
000153-001,.,O
000153-001,Abu,B_PERSON
000153-001,Sofyan,I_PERSON
000153-001,meminta,O
000153-001,agar,O
000153-001,kedatangannya,O
000153-001,ini,O
000153-001,dirahasiakan,O
000153-001,dari,O
000153-001,siapa,O
000153-001,pun,O
000153-001,.,O
000153-001,Setelah,O
000153-001,dijamu,O
000153-001,dan,O
000153-001,disuguhi,O
000153-001,arak,O
000153-001,",",O
000153-001,pada,O
000153-001,akhir,O
000153-001,malam,O
000153-001,Abu,B_PERSON
000153-001,Sofyan,I_PERSON
000153-001,keluar,O
000153-001,rumah,O
000153-001,dan,O
000153-001,kembali,O
000153-001,lagi,O
000153-001,menemui,O
000153-001,rekan-rekannya,O
000153-001,.,O
000153-001,Dia,O
000153-001,mengutus,O
000153-001,beberapa,O
000153-001,orang,O
000153-001,pilihan,O
000153-001,di,O
000153-001,antara,O
000153-001,tentaranya,O
000153-001,agar,O
000153-001,pergi,O
000153-001,ke,O
000153-001,arah,O
000153-001,Madinah,B_LOCATION
000153-001,dan,O
000153-001,berhenti,O
000153-001,di,O
000153-001,Al-Uraidh,O
000153-001,.,O
000153-001,Di,O
000153-001,sana,O
000153-001,mereka,O
000153-001,membabati,O
000153-001,pohon,O
000153-001,dan,O
000153-001,166,O
000153-001,Zadul-Ma'ad,O
000153-001,",",O
000153-001,2/71,O
000153-001,;,O
000153-001,Sirah,O
000153-001,An-Nabawiyah,O
000153-001,",",O
000153-001,Ibnu,B_PERSON
000153-001,Hisyam,I_PERSON
000153-001,",",O
000153-001,2/47-49,O
000153-001,membakar,O
000153-001,pagar-pagar,O
000153-001,kebun,O
000153-001,korma,O
000153-001,.,O
000153-001,Mereka,O
000153-001,mendapatkan,O
000153-001,seorang,O
000153-001,Anshar,O
000153-001,dan,O
000153-001,rekannya,O
000153-001,di,O
000153-001,kebun,O
000153-001,itu,O
000153-001,",",O
000153-001,lalu,O
000153-001,mereka,O
000153-001,membunuh,O
000153-001,keduanya,O
000153-001,.,O
000158-002,Maka,O
000158-002,tolonglah,O
000158-002,kami,O
000158-002,dengan,O
000158-002,harta,O
000158-002,kalian,O
000158-002,untuk,O
000158-002,memeranginya,O
000158-002,.,O
000158-002,Siapa,O
000158-002,tahu,O
000158-002,kita,O
000158-002,bisa,O
000158-002,menuntut,O
000158-002,balas,O
000158-002,".""",O
000158-002,Mereka,O
000158-002,memenuhi,O
000158-002,himbauan,O
000158-002,ini,O
000158-002,",",O
000158-002,hingga,O
000158-002,terkumpul,O
000158-002,seribu,O
000158-002,onta,O
000158-002,dan,O
000158-002,seribu,O
000158-002,lima,O
000158-002,ratus,O
000158-002,dinar,O
000158-002,.,O
000158-002,Tentang,O
000158-002,hal,O
000158-002,ini,O
000158-002,Allah,O
000158-002,menurunkan,O
000158-002,ayat,O
000158-002,.,O
000158-002,XI,O
000158-002,"""",O
000158-002,Sesungguhnya,O
000158-002,orang-orang,O
000158-002,kafir,O
000158-002,itu,O
000158-002,",",O
000158-002,menafkahkan,O
000158-002,harta,O
000158-002,mereka,O
000158-002,untuk,O
000158-002,menghalangi,O
000158-002,(,O
000158-002,orang,O
000158-002,),O
000158-002,dari,O
000158-002,jalan,O
000158-002,Allah,O
000158-002,.,O
000158-002,Mereka,O
000158-002,akan,O
000158-002,menafkahkan,O
000158-002,harta,O
000158-002,itu,O
000158-002,",",O
000158-002,kemudian,O
000158-002,menjadi,O
000158-002,sesalan,O
000158-002,bagi,O
000158-002,mereka,O
000158-002,",",O
000158-002,dan,O
000158-002,mereka,O
000158-002,akan,O
000158-002,dikalahkan,O
000158-002,.,O
000158-002,"""",O
000158-002,(,O
000158-002,Al-Anfal,O
000158-002,:,O
000158-002,36,O
000158-002,Mereka,O
000158-002,membukakan,O
000158-002,pintu,O
000158-002,dukungan,O
000158-002,bagi,O
000158-002,siapa,O
000158-002,pun,O
000158-002,yang,O
000158-002,hendak,O
000158-002,ikut,O
000158-002,andil,O
000158-002,untuk,O
000158-002,memerangi,O
000158-002,orang-orang,O
000158-002,Muslim,O
000158-002,",",O
000158-002,entah,O
000158-002,dia,O
000158-002,berasal,O
000158-002,dari,O
000158-002,Habasyah,B_LOCATION
000158-002,.,O
000158-002,Kinanah,O
000158-002,",",O
000158-002,atau,O
000158-002,pun,O
000158-002,Tihamah,O
000158-002,.,O
000158-002,Untuk,O
000158-002,keperluan,O
000158-002,ini,O
000158-002,mereka,O
000158-002,menggunakan,O
000158-002,segala,O
000158-002,cara,O
000158-002,untuk,O
000158-002,membangkitkan,O
000158-002,semangat,O
000158-002,manusia,O
000158-002,.,O
000158-002,Bahkan,O
000158-002,Shafwan,B_PERSON
000158-002,bin,I_PERSON
000158-002,Umayyah,I_PERSON
000158-002,membujuk,O
000158-002,Abu,B_PERSON
000158-002,Azzah,I_PERSON
000158-002,",",O
000158-002,seorang,O
000158-002,penyair,O
000158-002,yang,O
000158-002,tertawan,O
000158-002,di,O
000158-002,Perang,B_EVENT
000158-002,Badr,I_EVENT
000158-002,",",O
000158-002,namun,O
000158-002,kemudian,O
000158-002,dibebaskan,O
000158-002,Rasulullah,B_PERSON
000158-002,tanpa,O
000158-002,tebusan,O
000158-002,apa,O
000158-002,pun,O
000158-002,",",O
000158-002,dengan,O
000158-002,syarat,O
000158-002,dia,O
000158-002,tidak,O
000158-002,boleh,O
000158-002,memerangi,O
000158-002,beliau,O
000158-002,lagi,O
000158-002,dalam,O
000158-002,bentuk,O
000158-002,apa,O
000158-002,pun,O
000158-002,.,O
000158-002,Abu,B_PERSON
000158-002,Shafwan,B_PERSON
000158-002,mem-,O
000158-002,bunjuknya,O
000158-002,agar,O
000158-002,menggugah,O
000158-002,semangat,O
000158-002,berbagai,O
000158-002,kabilah,O
000158-002,untuk,O
000158-002,memerangi,O
000158-002,kaum,O
000158-002,Muslimin,O
000158-002,.,O
000158-002,Dia,O
000158-002,berjanji,O
000158-002,",",O
000158-002,jika,O
000158-002,Abu,B_PERSON
000158-002,Azzah,I_PERSON
000158-002,kembali,O
000158-002,dari,O
000158-002,perang,O
000158-002,dalam,O
000158-002,keadaan,O
000158-002,selamat,O
000158-002,",",O
000158-002,maka,O
000158-002,dia,O
000158-002,akan,O
000158-002,memberinya,O
000158-002,harta,O
000158-002,yang,O
000158-002,melimpah,O
000158-002,.,O
000158-002,Jika,O
000158-002,tidak,O
000158-002,",",O
000158-002,maka,O
000158-002,anak-anaknya,O
000158-002,akan,O
000158-002,mendapatkan,O
000158-002,perlindungan,O
000158-002,.,O
000158-002,Maka,O
000158-002,Abu,B_PERSON
000158-002,Azzah,I_PERSON
000158-002,bangkit,O
000158-002,membangkitkan,O
000158-002,semangat,O
000158-002,berbagai,O
000158-002,kabilah,O
000158-002,dengan,O
000158-002,syair-syairnya,O
000158-002,.,O
000162-001,Madinah,B_LOCATION
000162-001,dalam,O
000162-001,keadaan,O
000162-001,siaga,O
000162-001,satu,O
000162-001,.,O
000162-001,Tak,O
000162-001,seorang,O
000162-001,pun,O
000162-001,lepas,O
000162-001,dari,O
000162-001,senjatanya,O
000162-001,.,O
000162-001,Sekalipun,O
000162-001,sedang,O
000162-001,shalat,O
000162-001,mereka,O
000162-001,tetap,O
000162-001,dalam,O
000162-001,keadaan,O
000162-001,siaga,O
000162-001,untuk,O
000162-001,menghadapi,O
000162-001,segala,O
000162-001,kemungkinan,O
000162-001,yang,O
000162-001,bakal,O
000162-001,terjadi,O
000162-001,.,O
000162-001,Ada,O
000162-001,sekumpulan,O
000162-001,Anshar,O
000162-001,",",O
000162-001,seperti,O
000162-001,Sa'd,B_PERSON
000162-001,bin,I_PERSON
000162-001,Mu'adz,I_PERSON
000162-001,",",O
000162-001,Usaid,B_PERSON
000162-001,bin,I_PERSON
000162-001,Hudhair,I_PERSON
000162-001,dan,O
000162-001,Sa'd,B_PERSON
000162-001,bin,I_PERSON
000162-001,Ubadah,I_PERSON
000162-001,yang,O
000162-001,senantiasa,O
000162-001,menjaga,O
000162-001,Rasulullah,B_PERSON
000162-001,.,O
000162-001,Mereka,O
000162-001,selalu,O
000162-001,berada,O
000162-001,di,O
000162-001,dekat,O
000162-001,pintu,O
000162-001,rumah,O
000162-001,beliau,O
000162-001,.,O
000162-001,Setiap,O
000162-001,pintu,O
000162-001,gerbang,O
000162-001,Madinah,B_LOCATION
000162-001,pasti,O
000162-001,ada,O
000162-001,sekumpulan,O
000162-001,penjaga,O
000162-001,",",O
000162-001,karena,O
000162-001,dikhwatirkan,O
000162-001,musuh,O
000162-001,menyerang,O
000162-001,secara,O
000162-001,tiba-tiba,O
000162-001,.,O
000162-001,Ada,O
000162-001,pula,O
000162-001,sekumpulan,O
000162-001,orang-,O
000162-001,orang,O
000162-001,Muslim,O
000162-001,yang,O
000162-001,bertugas,O
000162-001,memata-matai,O
000162-001,setiap,O
000162-001,gerakan,O
000162-001,musuh,O
000162-001,.,O
000162-001,Mereka,O
000162-001,berputar-putar,O
000162-001,di,O
000162-001,setiap,O
000162-001,jalur,O
000162-001,yang,O
000162-001,bisa,O
000162-001,saja,O
000162-001,dilalui,O
000162-001,orang-orang,O
000162-001,musyrik,O
000162-001,untuk,O
000162-001,menyerang,O
000162-001,orang-orang,O
000162-001,Muslim,O
000162-001,.,O
000163-001,Pasukan,O
000163-001,Makkah,B_LOCATION
000163-001,meneruskan,O
000163-001,perjalanan,O
000163-001,",",O
000163-001,mengambil,O
000163-001,jalur,O
000163-001,utama,O
000163-001,ke,O
000163-001,arah,O
000163-001,barat,O
000163-001,menuju,O
000163-001,Madinah,B_LOCATION
000163-001,.,O
000163-001,Setiba,O
000163-001,di,O
000163-001,Abwa',O
000163-001,",",O
000163-001,Hindun,B_PERSON
000163-001,bin,I_PERSON
000163-001,Uthbah,I_PERSON
000163-001,",",O
000163-001,istri,O
000163-001,Abu,B_PERSON
000163-001,Sufyan,I_PERSON
000163-001,mengusulkan,O
000163-001,untuk,O
000163-001,menggali,O
000163-001,kuburan,O
000163-001,ibunda,O
000163-001,Rasulullah,B_PERSON
000163-001,.,O
000163-001,Namun,O
000163-001,para,O
000163-001,komandan,O
000163-001,pasukan,O
000163-001,Quraisy,O
000163-001,menolak,O
000163-001,usulan,O
000163-001,ini,O
000163-001,.,O
000163-001,Kali,O
000163-001,ini,O
000163-001,mereka,O
000163-001,bersikap,O
000163-001,sangat,O
000163-001,hati-hati,O
000163-001,terhadap,O
000163-001,akibat,O
000163-001,yang,O
000163-001,harus,O
000163-001,dihadapi,O
000163-001,jika,O
000163-001,mereka,O
000163-001,berbuat,O
000163-001,seperti,O
000163-001,itu,O
000163-001,.,O
000163-001,Maka,O
000163-001,pasukan,O
000163-001,melanjutkan,O
000163-001,perjalanan,O
000163-001,hingga,O
000163-001,mendekati,O
000163-001,Madinah,B_LOCATION
000163-001,.,O
000163-001,Mereka,O
000163-001,melewati,O
000163-001,Wadi,O
000163-001,Al-Aqiq,O
000163-001,",",O
000163-001,lalu,O
000163-001,membelok,O
000163-001,ke,O
000163-001,arah,O
000163-001,kanan,O
000163-001,hingga,O
000163-001,tiba,O
000163-001,di,O
000163-001,dekat,O
000163-001,bukit,O
000163-001,Uhud,B_LOCATION
000163-001,",",O
000163-001,di,O
000163-001,suatu,O
000163-001,tempat,O
000163-001,disebut,O
000163-001,Ainain,O
000163-001,",",O
000163-001,di,O
000163-001,sebelah,O
000163-001,utara,O
000163-001,Madinah,B_LOCATION
000163-001,.,O
000163-001,Pasukan,O
000163-001,Quraisy,O
000163-001,mengambil,O
000163-001,tempat,O
000163-001,di,O
000163-001,sana,O
000163-001,pada,O
000163-001,hari,B_TIME
000163-001,Jum'at,I_TIME
000163-001,tanggal,I_TIME
000163-001,6,I_TIME
000163-001,Syawwal,I_TIME
000163-001,3,O
000163-001,H,I_PERSON
000163-001,.,O
000166-001,Setibanya,O
000166-001,di,O
000166-001,suatu,O
000166-001,tempat,O
000166-001,yang,O
000166-001,disebut,O
000166-001,Asy-Syaikhani,O
000166-001,",",O
000166-001,beliau,O
000166-001,meng,O
000166-001,.,O
000166-001,inspeksi,O
000166-001,pasukan,O
000166-001,dan,O
000166-001,menolak,O
000166-001,keikutsertaan,O
000166-001,prajurit,O
000166-001,yang,O
000166-001,usianya,O
000166-001,terlalu,O
000166-001,muda,O
000166-001,dan,O
000166-001,dianggap,O
000166-001,belum,O
000166-001,mampu,O
000166-001,terjun,O
000166-001,ke,O
000166-001,kancah,O
000166-001,perang,O
000166-001,.,O
000166-001,Anak-anak,O
000166-001,yang,O
000166-001,ditolak,O
000166-001,ini,O
000166-001,adalah,O
000166-001,Abdullah,B_PERSON
000166-001,bin,I_PERSON
000166-001,Umar,I_PERSON
000166-001,bin,I_PERSON
000166-001,Al-Khaththab,I_PERSON
000166-001,",",O
000166-001,Usamah,B_PERSON
000166-001,bin,I_PERSON
000166-001,Zaid,I_PERSON
000166-001,",",O
000166-001,Usaid,B_PERSON
000166-001,bin,I_PERSON
000166-001,Zhuhair,I_PERSON
000166-001,",",O
000166-001,Zaid,B_PERSON
000166-001,bin,I_PERSON
000166-001,Tsabit,I_PERSON
000166-001,",",O
000166-001,Zaid,B_PERSON
000166-001,bin,I_PERSON
000166-001,Arqam,I_PERSON
000166-001,",",O
000166-001,Amr,B_PERSON
000166-001,bin,I_PERSON
000166-001,Hazm,I_PERSON
000166-001,",",O
000166-001,Abu,B_PERSON
000166-001,Sa'id,I_PERSON
000166-001,Al-Khudri,O
000166-001,.,O
000166-001,dan,O
000166-001,Sa'd,B_PERSON
000166-001,bin,I_PERSON
000166-001,Habbah,I_PERSON
000166-001,.,O
000166-001,Di,O
000166-001,antara,O
000166-001,mereka,O
000166-001,ini,O
000166-001,pula,O
000166-001,nama,O
000166-001,Al-Barra',B_PERSON
000166-001,bin,I_PERSON
000166-001,Azib,I_PERSON
000166-001,.,O
000166-001,Tetapi,O
000166-001,Al-Bukhari,O
000166-001,menyebutkan,O
000166-001,bahwa,O
000166-001,Al-Barra',O
000166-001,mati,O
000166-001,syahid,O
000166-001,dalam,O
000166-001,Perang,B_EVENT
000166-001,Uhud,I_EVENT
000166-001,ini,O
000166-001,Sedangkan,O
000166-001,Rafi',I_PERSON
000166-001,bin,I_PERSON
000166-001,Khadij,I_PERSON
000166-001,dan,O
000166-001,Samurah,I_PERSON
000166-001,bin,I_PERSON
000166-001,Jundab,I_PERSON
000166-001,diperbolehkan,O
000166-001,bergabung,O
000166-001,sekalipun,O
000166-001,usia,O
000166-001,mereka,O
000166-001,masih,O
000166-001,terlalu,O
000166-001,muda,O
000166-001,.,O
000166-001,Rafi',I_PERSON
000166-001,bin,I_PERSON
000166-001,Khadij,I_PERSON
000166-001,diperbolehkan,O
000166-001,karena,O
000166-001,dia,O
000166-001,diketahui,O
000166-001,mahir,O
000166-001,melepaskan,O
000166-001,anak,O
000166-001,panah,O
000166-001,.,O
000166-001,Setelah,O
000166-001,tahu,O
000166-001,Rafi',I_PERSON
000166-001,diperbolehkan,O
000166-001,",",O
000166-001,maka,O
000166-001,Samurah,I_PERSON
000166-001,protes,O
000166-001,",",O
000166-001,dengan,O
000166-001,berkata,O
000166-001,",",O
000166-001,"""",O
000166-001,Aku,O
000166-001,lebih,O
000166-001,kuat,O
000166-001,170,O
000166-001,Jumlah,O
000166-001,penunggang,O
000166-001,kuda,O
000166-001,ini,O
000166-001,seperti,O
000166-001,yang,O
000166-001,dikatakan,O
000166-001,Ibnul,B_PERSON
000166-001,Qayyim,I_PERSON
000166-001,di,O
000166-001,dalam,O
000166-001,Al-Huda,O
000166-001,",",O
000166-001,2/92,O
000166-001,.,O
000166-001,Namun,O
000166-001,Ibnu,B_PERSON
000166-001,Hajar,I_PERSON
000166-001,membantah,O
000166-001,dengan,O
000166-001,berkata,O
000166-001,",",O
000166-001,"""",O
000166-001,Ini,O
000166-001,merupakan,O
000166-001,kesalahan,O
000166-001,yang,O
000166-001,sangat,O
000166-001,mencolok,O
000166-001,",""",O
000166-001,Musa,I_PERSON
000166-001,bin,I_PERSON
000166-001,Uqbah,I_PERSON
000166-001,menegaskan,O
000166-001,bahwa,O
000166-001,tak,O
000166-001,seorang,O
000166-001,pun,O
000166-001,penunggang,O
000166-001,kuda,O
000166-001,saat,O
000166-001,Perang,B_EVENT
000166-001,Uhud,I_EVENT
000166-001,.,O
000166-001,Kami,O
000166-001,lebih,O
000166-001,cenderung,O
000166-001,kepada,O
000166-001,pendapat,O
000166-001,Al-Waqidi,O
000166-001,",",O
000166-001,bahwa,O
000166-001,di,O
000166-001,sana,O
000166-001,ada,O
000166-001,kuda,O
000166-001,milik,O
000166-001,Rasulullah,B_PERSON
000166-001,dan,O
000166-001,kuda,O
000166-001,milik,O
000166-001,Abu,B_PERSON
000166-001,Burdah,I_PERSON
000166-001,.,O
000166-001,Lihat,O
000166-001,Fathul-Bari,O
000166-001,",",O
000166-001,7/350,I_TIME
000166-001,.,O
000166-001,dari,O
000166-001,Rafi',I_PERSON
000166-001,",",O
000166-001,karena,O
000166-001,aku,O
000166-001,pernah,O
000166-001,mengalahkannya,O
000166-001,".""",O
000166-001,Tatkala,O
000166-001,hal,O
000166-001,ini,O
000166-001,disampaikan,O
000166-001,kepada,O
000166-001,Rasulullah,B_PERSON
000166-001,",",O
000166-001,maka,O
000166-001,beliau,O
000166-001,memerintahkan,O
000166-001,agar,O
000166-001,keduanya,O
000166-001,bertanding,O
000166-001,di,O
000166-001,hadapan,O
000166-001,beliau,O
000166-001,",",O
000166-001,dan,O
000166-001,ternyata,O
000166-001,Samurah,I_PERSON
000166-001,dapat,O
000166-001,mengalahkan,O
000166-001,Raft',I_PERSON
000166-001,.,O
000169-001,Di,O
000169-001,sana,O
000169-001,Rasulullah,B_PERSON
000169-001,membagi,O
000169-001,tugas,O
000169-001,pasukannya,O
000169-001,dan,O
000169-001,membariskan,O
000169-001,mereka,O
000169-001,sebagai,O
000169-001,persiapan,O
000169-001,untuk,O
000169-001,menghadapi,O
000169-001,pertempuran,O
000169-001,.,O
000169-001,Beliau,O
000169-001,menunjuk,O
000169-001,satu,O
000169-001,detasemen,O
000169-001,yang,O
000169-001,terdiri,O
000169-001,dari,O
000169-001,para,O
000169-001,pemanah,O
000169-001,ulung,O
000169-001,.,O
000169-001,Komandan,O
000169-001,detasemen,O
000169-001,ini,O
000169-001,diserahkan,O
000169-001,kepada,O
000169-001,Abdullah,B_PERSON
000169-001,bin,I_PERSON
000169-001,Jubair,I_PERSON
000169-001,bin,I_PERSON
000169-001,An-Nu'man,I_PERSON
000169-001,Al-Anshari,O
000169-001,Al-Ausi,O
000169-001,Beliau,O
000169-001,memerintahkan,O
000169-001,agar,O
000169-001,mereka,O
000169-001,menempati,O
000169-001,posisi,O
000169-001,di,O
000169-001,atas,O
000169-001,bukit,O
000169-001,",",O
000169-001,sebelah,O
000169-001,selatan,O
000169-001,Wadi,B_LOCATION
000169-001,Qanat,O
000169-001,",",O
000169-001,yang,O
000169-001,di,O
000169-001,kemudian,O
000169-001,hari,O
000169-001,dikenal,O
000169-001,dengan,O
000169-001,nama,O
000169-001,Jabal,O
000169-001,Rumat,O
000169-001,.,O
000169-001,Posisi,O
000169-001,tepatnya,O
000169-001,kira-kira,O
000169-001,150,O
000169-001,m,O
000169-001,dari,O
000169-001,posisi,O
000169-001,pasukan,O
000169-001,Muslimin,O
000169-001,.,O
000169-001,Tujuan,O
000169-001,dari,O
000169-001,penempatan-penempatan,O
000169-001,detasemen,O
000169-001,ini,O
000169-001,tercermin,O
000169-001,dari,O
000169-001,penjelasan,O
000169-001,yang,O
000169-001,disampaikan,O
000169-001,Rasulullah,B_PERSON
000169-001,kepada,O
000169-001,para,O
000169-001,pemanah,O
000169-001,.,O
000169-001,Beliau,O
000169-001,bersabda,O
000169-001,kepada,O
000169-001,pemimpin,O
000169-001,mereka,O
000169-001,",",O
000169-001,"""",O
000169-001,Lindungilah,O
000169-001,kami,O
000169-001,dengan,O
000169-001,anak,O
000169-001,panah,O
000169-001,",",O
000169-001,agar,O
000169-001,musuh,O
000169-001,tidak,O
000169-001,menyerang,O
000169-001,kami,O
000169-001,dari,O
000169-001,arah,O
000169-001,belakang,O
000169-001,.,O
000169-001,Tetaplah,O
000169-001,di,O
000169-001,tempatmu,O
000169-001,",",O
000169-001,entah,O
000169-001,kita,O
000169-001,di,O
000169-001,atas,O
000169-001,angin,O
000169-001,atau,O
000169-001,pun,O
000169-001,terdesak,O
000169-001,",",O
000169-001,agar,O
000169-001,kita,O
000169-001,tidak,O
000169-001,diserang,O
000169-001,dari,O
000169-001,173,O
000169-001,Sirah,O
000169-001,An-Nabawiyah,O
000169-001,",",O
000169-001,Ibnu,B_PERSON
000169-001,Hisyam,I_PERSON
000169-001,",",O
000169-001,2/65-66,O
000169-001,Beliau,O
000169-001,juga,O
000169-001,bersabda,O
000169-001,kepada,O
000169-001,para,O
000169-001,pemanah,O
000169-001,itu,O
000169-001,",",O
000169-001,"""",O
000169-001,Lindungilah,O
000169-001,punggung,O
000169-001,kami,O
000169-001,.,O
000169-001,Jika,O
000169-001,kalian,O
000169-001,melihat,O
000169-001,kami,O
000169-001,sedang,O
000169-001,bertempur,O
000169-001,",",O
000169-001,maka,O
000169-001,kalian,O
000169-001,tak,O
000169-001,perlu,O
000169-001,membantu,O
000169-001,kami,O
000169-001,.,O
000169-001,Jika,O
000169-001,kalian,O
000169-001,melihat,O
000169-001,kami,O
000169-001,telah,O
000169-001,mengumpulkan,O
000169-001,harta,O
000169-001,rampasan,O
000169-001,",",O
000169-001,maka,O
000169-001,janganlah,O
000169-001,kalian,O
000169-001,turun,O
000169-001,bergabung,O
000169-001,bersama,O
000169-001,Dalam,O
000169-001,riwayat,O
000169-001,Al-Bukhari,O
000169-001,disebutkan,O
000169-001,",",O
000169-001,beliau,O
000169-001,bersabda,O
000169-001,",",O
000169-001,"""",O
000169-001,Jika,O
000169-001,kalian,O
000169-001,melihat,O
000169-001,kami,O
000169-001,disambar,O
000169-001,burung,O
000169-001,sekalipun,O
000169-001,",",O
000169-001,maka,O
000169-001,janganlah,O
000169-001,kalian,O
000169-001,meninggalkan,O
000169-001,tempat,O
000169-001,itu,O
000169-001,",",O
000169-001,kecuali,O
000169-001,ada,O
000169-001,utusan,O
000169-001,yang,O
000169-001,datang,O
000169-001,kepada,O
000169-001,kalian,O
000169-001,.,O
000172-001,Sebelum,O
000172-001,pecah,O
000172-001,peperangan,O
000172-001,",",O
000172-001,pihak,O
000172-001,Quraisy,O
000172-001,berusaha,O
000172-001,menciptakan,O
000172-001,per-,O
000172-001,pecahan,O
000172-001,di,O
000172-001,dalam,O
000172-001,barisan,O
000172-001,pasukan,O
000172-001,Muslimin,O
000172-001,.,O
000172-001,Abu,B_PERSON
000172-001,Sufyan,I_PERSON
000172-001,mengirim,O
000172-001,surat,O
000172-001,yang,O
000172-001,ditujukan,O
000172-001,kepada,O
000172-001,orang-orang,O
000172-001,Anshar,O
000172-001,",",O
000172-001,yang,O
000172-001,isinya,O
000172-001,:,O
000172-001,"""",O
000172-001,Biarkanlah,O
000172-001,urusan,O
000172-001,kami,O
000172-001,dengan,O
000172-001,anak,O
000172-001,paman,O
000172-001,kami,O
000172-001,",",O
000172-001,dan,O
000172-001,setelah,O
000172-001,itu,O
000172-001,kami,O
000172-001,akan,O
000172-001,pulang,O
000172-001,tanpa,O
000172-001,mengusik,O
000172-001,kalian,O
000172-001,",",O
000172-001,karena,O
000172-001,tidak,O
000172-001,ada,O
000172-001,gunanya,O
000172-001,kami,O
000172-001,memerangi,O
000172-001,kalian,O
000172-001,.,O
000172-001,Tetapi,O
000172-001,apalah,O
000172-001,artinya,O
000172-001,usaha,O
000172-001,ini,O
000172-001,di,O
000172-001,hadapan,O
000172-001,iman,O
000172-001,yang,O
000172-001,tidak,O
000172-001,akan,O
000172-001,goyah,O
000172-001,layaknya,O
000172-001,gunung,O
000172-001,.,O
000172-001,Orang-orang,O
000172-001,Anshar,O
000172-001,membalas,O
000172-001,surat,O
000172-001,Abu,B_PERSON
000172-001,Sufyan,I_PERSON
000172-001,itu,O
000172-001,dengan,O
000172-001,balasan,O
000172-001,yang,O
000172-001,pedas,O
000172-001,",",O
000172-001,yang,O
000172-001,membuat,O
000172-001,merah,O
000172-001,telinga,O
000172-001,saat,O
000172-001,mendengarnya,O
000172-001,Detik-detik,O
000172-001,pertempuran,O
000172-001,semakin,O
000172-001,dekat,O
000172-001,.,O
000172-001,Dua,O
000172-001,belah,O
000172-001,pihak,O
000172-001,sudah,O
000172-001,saling,O
000172-001,merangsek,O
000172-001,maju,O
000172-001,.,O
000172-001,Orang-orang,O
000172-001,Quraisy,O
000172-001,berusaha,O
000172-001,lagi,O
000172-001,untuk,O
000172-001,tujuan,O
000172-001,yang,O
000172-001,sama,O
000172-001,.,O
000172-001,Ada,O
000172-001,seorang,O
000172-001,pesuruh,O
000172-001,pengkhianat,O
000172-001,yang,O
000172-001,biasa,O
000172-001,dipanggil,O
000172-001,Abu,B_PERSON
000172-001,Amir,O
000172-001,",",O
000172-001,seorang,O
000172-001,laki-,O
000172-001,laki,O
000172-001,fasik,O
000172-001,",",O
000172-001,yang,O
000172-001,nama,O
000172-001,aslinya,O
000172-001,adalah,O
000172-001,Abd,O
000172-001,Amr,I_PERSON
000172-001,bin,I_PERSON
000172-001,Shaifi,O
000172-001,.,O
000172-001,Dia,O
000172-001,juga,O
000172-001,biasa,O
000172-001,disebut,O
000172-001,si,O
000172-001,Rahib,I_PERSON
000172-001,.,O
000172-001,Namun,O
000172-001,Rasulullah,B_PERSON
000172-001,menyebutnya,O
000172-001,si,O
000172-001,Fasik,I_PERSON
000172-001,.,O
000172-001,Dahulu,O
000172-001,dia,O
000172-001,termasuk,O
000172-001,pemuka,O
000172-001,Aus,O
000172-001,semasa,O
000172-001,Jahiliyah,I_PERSON
000172-001,.,O
000172-001,Tatkala,O
000172-001,Islam,O
000172-001,muncul,O
000172-001,di,O
000172-001,Madinah,B_LOCATION
000172-001,",",O
000172-001,dia,O
000172-001,terang,O
000172-001,terangan,O
000172-001,memusuhi,O
000172-001,beliau,O
000172-001,.,O
000172-001,Dia,O
000172-001,pindah,O
000172-001,dari,O
000172-001,Madinah,B_LOCATION
000172-001,dan,O
000172-001,bergabung,O
000172-001,dengan,O
000172-001,pihak,O
000172-001,Quraisy,O
000172-001,",",O
000172-001,membujuk,O
000172-001,dan,O
000172-001,menganjurkan,O
000172-001,agar,O
000172-001,mereka,O
000172-001,memerangi,O
000172-001,beliau,O
000172-001,.,O
000172-001,Dia,O
000172-001,menyatakan,O
000172-001,kepada,O
000172-001,mereka,O
000172-001,",",O
000172-001,bahwa,O
000172-001,jika,O
000172-001,kaumnya,O
000172-001,melihat,O
000172-001,kehadirannya,O
000172-001,",",O
000172-001,tentu,O
000172-001,mereka,O
000172-001,akan,O
000172-001,patuh,O
000172-001,kepadanya,O
000172-001,dan,O
000172-001,berpihak,O
000172-001,kepadanya,O
000172-001,.,O
000172-001,Dialah,O
000172-001,yang,O
000172-001,pertama,O
000172-001,kali,O
000172-001,muncul,O
000172-001,di,O
000172-001,hadapan,O
000172-001,orang-orang,O
000172-001,Muslim,O
000172-001,bersama,O
000172-001,beberapa,O
000172-001,orang,O
000172-001,dan,O
000172-001,dua,O
000172-001,hamba,O
000172-001,sahaya,O
000172-001,milik,O
000172-001,penduduk,O
000172-001,Makkah,B_LOCATION
000172-001,.,O
000175-001,Setelah,O
000175-001,itu,O
000175-001,pertempuran,O
000175-001,pun,O
000175-001,meletus,O
000175-001,dan,O
000175-001,semakin,O
000175-001,mengganas,O
000175-001,di,O
000175-001,antara,O
000175-001,kedua,O
000175-001,belah,O
000175-001,pihak,O
000175-001,.,O
000175-001,Semua,O
000175-001,sudut,O
000175-001,menjadi,O
000175-001,kancah,O
000175-001,pertempuran,O
000175-001,yang,O
000175-001,hebat,O
000175-001,.,O
000175-001,Pertempuran,O
000175-001,yang,O
000175-001,paling,O
000175-001,berat,O
000175-001,ada,O
000175-001,di,O
000175-001,sekitar,O
000175-001,bendera,O
000175-001,orang-orang,O
000175-001,musyrik,O
000175-001,.,O
000175-001,Secara,O
000175-001,bergantian,O
000175-001,orang-orang,O
000175-001,Bani,O
000175-001,Abdid-Dar,O
000175-001,bertugas,O
000175-001,membawa,O
000175-001,bendera,O
000175-001,perang,O
000175-001,setelah,O
000175-001,pemimpin,O
000175-001,mereka,O
000175-001,",",O
000175-001,Thalhah,B_PERSON
000175-001,bin,I_PERSON
000175-001,Abu,I_PERSON
000175-001,Thalhah,I_PERSON
000175-001,terbunuh,O
000175-001,di,O
000175-001,tangan,O
000175-001,Az-Zubair,O
000175-001,.,O
000175-001,Bendera,O
000175-001,itu,O
000175-001,kini,O
000175-001,dibawa,O
000175-001,saudaranya,O
000175-001,Abu,B_PERSON
000175-001,Syaibah,I_PERSON
000175-001,Utsman,B_PERSON
000175-001,bin,I_PERSON
000175-001,Abu,I_PERSON
000175-001,Thalhah,I_PERSON
000175-001,.,O
000175-001,Dia,O
000175-001,maju,O
000175-001,untuk,O
000175-001,berperang,O
000175-001,sambil,O
000175-001,berkata,O
000175-001,",",O
000175-001,"""",O
000175-001,Ada,O
000175-001,kewajiban,O
000175-001,di,O
000175-001,tangan,O
000175-001,pembawa,O
000175-001,bendera,O
000175-001,",",O
000175-001,untuk,O
000175-001,menjadikan,O
000175-001,pohon,O
000175-001,menjulang,O
000175-001,ke,O
000175-001,atas,O
000175-001,ataukan,O
000175-001,tumbang,O
000175-001,di,O
000175-001,atas,O
000175-001,tanah,O
000175-001,".""",O
000175-001,Setelah,O
000175-001,maju,O
000175-001,ke,O
000175-001,depan,O
000175-001,dia,O
000175-001,langsung,O
000175-001,disongsong,O
000175-001,Hamzah,B_PERSON
000175-001,bin,I_PERSON
000175-001,Abdul,I_PERSON
000175-001,Muththtalib,I_PERSON
000175-001,yang,O
000175-001,menyabetnya,O
000175-001,dengan,O
000175-001,sekali,O
000175-001,tebasan,O
000175-001,di,O
000175-001,bagian,O
000175-001,pundak,O
000175-001,hingga,O
000175-001,tangannya,O
000175-001,putus,O
000175-001,.,O
000175-001,Bahkan,O
000175-001,sabetan,O
000175-001,pedang,O
000175-001,Hamzah,B_PERSON
000175-001,itu,O
000175-001,melesat,O
000175-001,ke,O
000175-001,bawah,O
000175-001,hingga,O
000175-001,ke,O
000175-001,pusar,O
000175-001,dan,O
000175-001,mengeluarkan,O
000175-001,jantungnya,O
000175-001,.,O
000175-001,Setelah,O
000175-001,itu,O
000175-001,bendera,O
000175-001,pasukan,O
000175-001,Quraisy,O
000175-001,diambil,O
000175-001,alih,O
000175-001,oleh,O
000175-001,Abu,I_PERSON
000175-001,Sa'd,B_PERSON
000175-001,bin,I_PERSON
000175-001,Abu,I_PERSON
000175-001,Thalhah,I_PERSON
000175-001,.,O
000175-001,Namun,O
000175-001,Sa'd,I_PERSON
000175-001,bin,I_PERSON
000175-001,Abi,I_PERSON
000175-001,Waqqash,I_PERSON
000175-001,memanah,O
000175-001,Abu,I_PERSON
000175-001,Sa'd,I_PERSON
000175-001,tepat,O
000175-001,mengenai,O
000175-001,tenggorokannya,O
000175-001,",",O
000175-001,membuat,O
000175-001,lidahnya,O
000175-001,terjulur,O
000175-001,keluar,O
000175-001,dan,O
000175-001,tak,O
000175-001,seberapa,O
000175-001,lama,O
000175-001,kemudian,O
000175-001,dia,O
000175-001,tersungkur,O
000175-001,ke,O
000175-001,tanah,O
000175-001,",",O
000175-001,mati,O
000175-001,.,O
000175-001,Ada,O
000175-001,suatu,O
000175-001,pendapat,O
000175-001,yang,O
000175-001,mengatakan,O
000175-001,bahwa,O
000175-001,dia,O
000175-001,dibunuh,O
000175-001,Ali,B_PERSON
000175-001,bin,I_PERSON
000175-001,Abu,I_PERSON
000175-001,Thalib,I_PERSON
000175-001,.,O
000175-001,Pada,O
000175-001,saat,O
000175-001,Abu,B_PERSON
000175-001,Sa'd,I_PERSON
000175-001,keluar,O
000175-001,dari,O
000175-001,kancah,O
000175-001,peperangan,O
000175-001,untuk,O
000175-001,buang,O
000175-001,air,O
000175-001,besar,O
000175-001,.,O
000175-001,Ali,B_PERSON
000175-001,bin,I_PERSON
000175-001,Abu,I_PERSON
000175-001,Thalib,I_PERSON
000175-001,memergokinya,O
000175-001,dan,O
000175-001,menyabetkan,O
000175-001,pedang,O
000175-001,ke,O
000175-001,arahnya,O
000175-001,.,O
000175-001,Dua,O
000175-001,kali,O
000175-001,luput,O
000175-001,",",O
000175-001,lalu,O
000175-001,disusul,O
000175-001,dengan,O
000175-001,sabetan,O
000175-001,yang,O
000175-001,ketiga,O
000175-001,kali,O
000175-001,hingga,O
000175-001,dapat,O
000175-001,membunuhnya,O
000175-001,.,O
000176-001,Pertempuran,O
000176-001,semakin,O
000176-001,lama,O
000176-001,semakin,O
000176-001,panas,O
000176-001,dan,O
000176-001,yang,O
000176-001,paling,O
000176-001,berat,O
000176-001,berkisar,O
000176-001,di,O
000176-001,sekitar,O
000176-001,orang-orang,O
000176-001,musyrik,O
000176-001,.,O
000176-001,Pertempuran,O
000176-001,berkecamuk,O
000176-001,di,O
000176-001,setiap,O
000176-001,kancah,O
000176-001,peperangan,O
000176-001,.,O
000176-001,Sementara,O
000176-001,iman,O
000176-001,menguasai,O
000176-001,barisan,O
000176-001,orang-orang,O
000176-001,Muslim,O
000176-001,.,O
000176-001,Mereka,O
000176-001,menyerbu,O
000176-001,ke,O
000176-001,tengah,O
000176-001,pasukan,O
000176-001,musyrik,O
000176-001,layaknya,O
000176-001,air,O
000176-001,bah,O
000176-001,yang,O
000176-001,menjebol,O
000176-001,tembok,O
000176-001,bendungan,O
000176-001,",",O
000176-001,sambil,O
000176-001,berkata,O
000176-001,",",O
000176-001,"""",O
000176-001,Matilah,O
000176-001,",",O
000176-001,matilah,O
000176-001,"!""",O
000176-001,Begitu,O
000176-001,seruan,O
000176-001,mereka,O
000176-001,pada,O
000176-001,waktu,O
000176-001,Perang,B_EVENT
000176-001,Uhud,I_EVENT
000176-001,.,O
000176-001,Abu,B_PERSON
000176-001,Dujanah,I_PERSON
000176-001,datang,O
000176-001,menyeruak,O
000176-001,sambil,O
000176-001,mengikatkan,O
000176-001,sorban,O
000176-001,berwarna,O
000176-001,merah,O
000176-001,di,O
000176-001,kepalanya,O
000176-001,",",O
000176-001,membawa,O
000176-001,pedang,O
000176-001,Rasulullah,B_PERSON
000176-001,",",O
000176-001,dengan,O
000176-001,satu,O
000176-001,tekad,O
000176-001,untuk,O
000176-001,memenuhi,O
000176-001,hak,O
000176-001,pedang,O
000176-001,itu,O
000176-001,.,O
000176-001,Maka,O
000176-001,dia,O
000176-001,pun,O
000176-001,bertempur,O
000176-001,menyelusup,O
000176-001,kesana,O
000176-001,kemari,O
000176-001,di,O
000176-001,tengah,O
000176-001,manusia,O
000176-001,.,O
000176-001,Siapa,O
000176-001,pun,O
000176-001,orang,O
000176-001,musyrik,O
000176-001,yang,O
000176-001,berpapasan,O
000176-001,dengannya,O
000176-001,pasti,O
000176-001,dibabatnya,O
000176-001,hingga,O
000176-001,meninggal,O
000176-001,.,O
000176-001,Dia,O
000176-001,benar-benar,O
000176-001,telah,O
000176-001,mengacak-ngacak,O
000176-001,barisan,O
000176-001,orang-orang,O
000176-001,musyrik,O
000176-001,.,O
000176-001,Az-Zubair,O
000176-001,bin,I_PERSON
000176-001,Al-Awwam,O
000176-001,berkata,O
000176-001,",",O
000176-001,"""",O
000176-001,Ada,O
000176-001,yang,O
000176-001,terasa,O
000176-001,mengganjal,O
000176-001,di,O
000176-001,dalam,O
000176-001,sanubari,O
000176-001,tatkala,O
000176-001,aku,O
000176-001,meminta,O
000176-001,pedang,O
000176-001,kepada,O
000176-001,Rasulullah,B_PERSON
000176-001,",",O
000176-001,namun,O
000176-001,beliau,O
000176-001,menolak,O
000176-001,permintaanku,O
000176-001,dan,O
000176-001,memberikanya,O
000176-001,kepada,O
000176-001,Abu,B_PERSON
000176-001,Dujanah,I_PERSON
000176-001,.,O
000176-001,Aku,O
000176-001,bertanya-,O
000176-001,tanya,O
000176-001,kepada,O
000176-001,diri,O
000176-001,sendiri,O
000176-001,",",O
000176-001,'Toh,O
000176-001,aku,O
000176-001,adalah,O
000176-001,anak,O
000176-001,Shafiyah,O
000176-001,",",O
000176-001,bibi,O
000176-001,beliau,O
000176-001,",",O
000176-001,juga,O
000176-001,berasal,O
000176-001,dari,O
000176-001,Quraisy,O
000176-001,.,O
000176-001,Aku,O
000176-001,sudah,O
000176-001,berusaha,O
000176-001,menemui,O
000176-001,beliau,O
000176-001,dan,O
000176-001,meminta,O
000176-001,pedang,O
000176-001,itu,O
000176-001,sebelum,O
000176-001,Abu,B_PERSON
000176-001,Dujanah,I_PERSON
000176-001,.,O
000176-001,Namun,O
000176-001,justru,O
000176-001,beliau,O
000176-001,memberikannya,O
000176-001,kepada,O
000176-001,Abu,B_PERSON
000176-001,Dujanah,I_PERSON
000176-001,dan,O
000176-001,meninggalkan,O
000176-001,aku,O
000176-001,.,O
000176-001,Demi,O
000176-001,Allah,O
000176-001,aku,O
000176-001,benar-benar,O
000176-001,ingin,O
000176-001,melihat,O
000176-001,apa,O
000176-001,yang,O
000176-001,bisa,O
000176-001,dilakukan,O
000176-001,Abu,B_PERSON
000176-001,Dujanah',I_PERSON
000176-001,.,O
000176-001,Maka,O
000176-001,aku,O
000176-001,menguntitnya,O
000176-001,.,O
000176-001,Dia,O
000176-001,mengeluarkan,O
000176-001,sorban,O
000176-001,merahnya,O
000176-001,lalu,O
000176-001,mengikatnya,O
000176-001,di,O
000176-001,kepala,O
000176-001,.,O
000176-001,Orang-orang,O
000176-001,Anshar,O
000176-001,berkata,O
000176-001,.,O
000176-001,"""",O
000176-001,Abu,B_PERSON
000176-001,Dujanah,I_PERSON
000176-001,telah,O
000176-001,mengeluarkan,O
000176-001,sorban,O
000176-001,kematian,O
000176-001,""".",O
000176-003,Az-Zubair,B_PERSON
000176-003,bin,I_PERSON
000176-003,Al-Awwam,I_PERSON
000176-003,berkata,O
000176-003,",",O
000176-003,"""",O
000176-003,Kulihat,O
000176-003,Abu,B_PERSON
000176-003,Dujanah,I_PERSON
000176-003,telah,O
000176-003,mengayunkan,O
000176-003,pedangnya,O
000176-003,persis,O
000176-003,di,O
000176-003,bagian,O
000176-003,tengah,O
000176-003,kepala,O
000176-003,Hindun,B_PERSON
000176-003,binti,I_PERSON
000176-003,Utbah,I_PERSON
000176-003,.,O
000176-003,Namun,O
000176-003,kemudian,O
000176-003,dia,O
000176-003,membelokkan,O
000176-003,ke,O
000176-003,arah,O
000176-003,sabetan,O
000176-003,pedang,O
000176-003,.,O
000176-003,Aku,O
000176-003,"bergumam,'Allah",O
000176-003,dan,O
000176-003,Rasul-Nya,O
000176-003,lebih,O
000176-003,mengetahui,O
000176-003,".""",O
000176-003,Sedangkan,O
000176-003,Hamzah,B_PERSON
000176-003,bin,I_PERSON
000176-003,Abdul,I_PERSON
000176-003,Muthalib,I_PERSON
000176-003,bertempur,O
000176-003,bagaikan,O
000176-003,singa,O
000176-003,yang,O
000176-003,sedang,O
000176-003,mengamuk,O
000176-003,.,O
000176-003,Dia,O
000176-003,menyusup,O
000176-003,ke,O
000176-003,tengah,O
000176-003,barisan,O
000176-003,pasukan,O
000176-003,musyrikin,O
000176-003,tanpa,O
000176-003,mengenal,O
000176-003,rasa,O
000176-003,takut,O
000176-003,",",O
000176-003,tanpa,O
000176-003,ada,O
000176-003,tandingannya,O
000176-003,.,O
000176-003,Sehingga,O
000176-003,orang-orang,O
000176-003,175,O
000176-003,Sirah,O
000176-003,An-Nabawiyah,O
000176-003,",",O
000176-003,Ibnu,B_PERSON
000176-003,Hisyam,I_PERSON
000176-003,",",O
000176-003,2/68-69,O
000176-003,.,O
000176-003,yang,O
000176-003,gagah,O
000176-003,berani,O
000176-003,dari,O
000176-003,pihak,O
000176-003,musuh,O
000176-003,pun,O
000176-003,dibuatnya,O
000176-003,seperti,O
000176-003,daun-daun,O
000176-003,kering,O
000176-003,yang,O
000176-003,berterbangan,O
000176-003,dihembus,O
000176-003,angin,O
000176-003,.,O
000176-003,Terlebih,O
000176-003,lagi,O
000176-003,andilnya,O
000176-003,yang,O
000176-003,nyata,O
000176-003,dalam,O
000176-003,menghabisi,O
000176-003,para,O
000176-003,pembawa,O
000176-003,bendera,O
000176-003,musuh,O
000176-003,.,O
000176-003,Dia,O
000176-003,terus,O
000176-003,menerjang,O
000176-003,dan,O
000176-003,mengejar,O
000176-003,tokoh-tokoh,O
000176-003,musuh,O
000176-003,",",O
000176-003,hingga,O
000176-003,akhirnya,O
000176-003,dia,O
000176-003,terbunuh,O
000176-003,di,O
000176-003,barisan,O
000176-003,paling,O
000176-003,depan,O
000176-003,.,O
000176-003,bukan,O
000176-003,terbunuh,O
000176-003,seperti,O
000176-003,dalam,O
000176-003,dua,O
000176-003,adu,O
000176-003,tanding,O
000176-003,semata,O
000176-003,",",O
000176-003,tetapi,O
000176-003,dia,O
000176-003,terbunuh,O
000176-003,layaknya,O
000176-003,orang,O
000176-003,baik-baik,O
000176-003,yang,O
000176-003,terbunuh,O
000176-003,di,O
000176-003,tengah,O
000176-003,kegelapan,O
000176-003,malam,O
000176-003,.,O
000177-002,Aku,O
000177-002,menungguinya,O
000177-002,beberapa,O
000177-002,saat,O
000177-002,hingga,O
000177-002,dia,O
000177-002,benar-benar,O
000177-002,meninggal,O
000177-002,.,O
000177-002,Setelah,O
000177-002,itu,O
000177-002,baru,O
000177-002,kuhampiri,O
000177-002,jasadnya,O
000177-002,dan,O
000177-002,kucabut,O
000177-002,tombakku,O
000177-002,.,O
000177-002,Kemudian,O
000177-002,aku,O
000177-002,kembali,O
000177-002,lagi,O
000177-002,ke,O
000177-002,tenda,O
000177-002,dan,O
000177-002,duduk,O
000177-002,di,O
000177-002,sana,O
000177-002,.,O
000177-002,Aku,O
000177-002,tidak,O
000177-002,mempunyai,O
000177-002,kepentingan,O
000177-002,lain,O
000177-002,.,O
000177-002,Aku,O
000177-002,membunuh,O
000177-002,Hamzah,B_PERSON
000177-002,dengan,O
000177-002,tujuan,O
000177-002,agar,O
000177-002,aku,O
000177-002,menjadi,O
000177-002,orang,O
000177-002,merdeka,O
000177-002,.,O
000177-002,Maka,O
000177-002,setiba,O
000177-002,di,O
000177-002,Makkah,B_LOCATION
000177-002,",",O
000177-002,aku,O
000177-002,pun,O
000177-002,176,O
000177-002,Sirah,O
000177-002,An-Nabawiyah,O
000177-002,",",O
000177-002,Ibnu,B_PERSON
000177-002,Hisyam,I_PERSON
000177-002,",",O
000177-002,2/69-72,O
000177-002,;,O
000177-002,Shahih,O
000177-002,Al-Bukhari,O
000177-002,",",O
000177-002,2/583,O
000177-002,.,O
000177-002,Akhirnya,O
000177-002,Wahsyi,O
000177-002,masuk,O
000177-002,Islam,O
000177-002,setelah,O
000177-002,Perang,B_EVENT
000177-002,Tha'if,I_EVENT
000177-002,dan,O
000177-002,akhirnya,O
000177-002,dia,O
000177-002,dapat,O
000177-002,membunuh,O
000177-002,Musailamah,O
000177-002,Al-Kadzdzab,O
000177-002,dengan,O
000177-002,tombaknya,O
000177-002,itu,O
000177-002,pula,O
000177-002,.,O
000177-002,Dia,O
000177-002,juga,O
000177-002,ikut,O
000177-002,bergabung,O
000177-002,dalam,O
000177-002,Perang,O
000177-002,Yarmuk,B_LOCATION
000177-002,melawan,O
000177-002,pasukan,O
000177-002,Romawi,O
000177-002,.,O
000179-001,Di,O
000179-001,antara,O
000179-001,pahlawan,O
000179-001,perang,O
000179-001,yang,O
000179-001,bertempur,O
000179-001,tanpa,O
000179-001,mengenal,O
000179-001,rasa,O
000179-001,takut,O
000179-001,pada,O
000179-001,waktu,O
000179-001,itu,O
000179-001,adalah,O
000179-001,Hanzhalah,B_PERSON
000179-001,bin,I_PERSON
000179-001,Abu,I_PERSON
000179-001,Amir,I_PERSON
000179-001,.,O
000179-001,Ayahnya,O
000179-001,adalah,O
000179-001,seorang,O
000179-001,tabib,O
000179-001,yang,O
000179-001,disebut,O
000179-001,si,O
000179-001,Fasik,O
000179-001,",",O
000179-001,yang,O
000179-001,sudah,O
000179-001,kami,O
000179-001,singgung,O
000179-001,di,O
000179-001,atas,O
000179-001,.,O
000179-001,Hanzhalah,O
000179-001,baru,O
000179-001,saja,O
000179-001,melangsungkan,O
000179-001,pernikahan,O
000179-001,.,O
000179-001,Saat,O
000179-001,mendengar,O
000179-001,gemuruh,O
000179-001,pertempuran,O
000179-001,",",O
000179-001,yang,O
000179-001,saat,O
000179-001,itu,O
000179-001,dia,O
000179-001,masih,O
000179-001,berada,O
000179-001,di,O
000179-001,dalam,O
000179-001,pelukan,O
000179-001,istrinya,O
000179-001,",",O
000179-001,maka,O
000179-001,dia,O
000179-001,segera,O
000179-001,melepaskan,O
000179-001,pelukan,O
000179-001,istrinya,O
000179-001,dan,O
000179-001,langsung,O
000179-001,beranjak,O
000179-001,untuk,O
000179-001,berjihad,O
000179-001,.,O
000179-001,Saat,O
000179-001,sudah,O
000179-001,terjun,O
000179-001,ke,O
000179-001,kancah,O
000179-001,pertempuran,O
000179-001,berhadapan,O
000179-001,dengan,O
000179-001,pasukan,O
000179-001,musyrikin,O
000179-001,",",O
000179-001,dia,O
000179-001,menyibak,O
000179-001,barisan,O
000179-001,hingga,O
000179-001,dapat,O
000179-001,berhadapan,O
000179-001,langsung,O
000179-001,dengan,O
000179-001,komandan,O
000179-001,pasukan,O
000179-001,musuh,O
000179-001,",",O
000179-001,Abu,B_PERSON
000179-001,Sufyan,I_PERSON
000179-001,bin,I_PERSON
000179-001,Harb,I_PERSON
000179-001,.,O
000179-001,Sebenarnya,O
000179-001,saat,O
000179-001,itu,O
000179-001,dia,O
000179-001,sudah,O
000179-001,dapat,O
000179-001,menundukkan,O
000179-001,Abu,B_PERSON
000179-001,Sufyan,I_PERSON
000179-001,.,O
000179-001,Namun,O
000179-001,hal,O
000179-001,itu,O
000179-001,diketahui,O
000179-001,Shaddad,O
000179-001,bin,I_PERSON
000179-001,Al-Aswad,O
000179-001,yang,O
000179-001,kemudian,O
000179-001,menikamnya,O
000179-001,hingga,O
000179-001,meninggal,O
000179-001,dunia,O
000179-001,sebagai,O
000179-001,syahid,O
000187-001,Setelah,O
000187-001,jatuhnya,O
000187-001,Umarah,B_PERSON
000187-001,bin,I_PERSON
000187-001,As-Sakan,I_PERSON
000187-001,",",O
000187-001,beliau,O
000187-001,tinggal,O
000187-001,bersama,O
000187-001,dua,O
000187-001,orang,O
000187-001,dari,O
000187-001,Muhajirin,O
000187-001,.,O
000187-001,Di,O
000187-001,dalam,O
000187-001,Ash-Shahih,O
000187-001,disebutkan,O
000187-001,dari,O
000187-001,Abu,B_PERSON
000187-001,Utsman,I_PERSON
000187-001,",",O
000187-001,dia,O
000187-001,berkata,O
000187-001,.,O
000187-001,"""",O
000187-001,Pada,O
000187-001,saat,O
000187-001,peperangan,O
000187-001,itu,O
000187-001,",",O
000187-001,tidak,O
000187-001,ada,O
000187-001,yang,O
000187-001,bersama,O
000187-001,Nabi,O
000187-001,selain,O
000187-001,Thalhah,B_PERSON
000187-001,bin,I_PERSON
000187-001,Ubaidillah,I_PERSON
000187-001,dan,O
000187-001,Sa'd,B_PERSON
000187-001,bin,I_PERSON
000187-001,Abu,I_PERSON
000187-001,Waqqash,I_PERSON
000187-001,.,O
000187-001,Itu,O
000187-001,merupakan,O
000187-001,saat,O
000187-001,yang,O
000187-001,paling,O
000187-001,kritis,O
000187-001,dalam,O
000187-001,kehidupan,O
000187-001,Rasulullah,B_PERSON
000187-001,",",O
000187-001,sebaliknya,O
000187-001,merupakan,O
000187-001,kesempatan,O
000187-001,emas,O
000187-001,bagi,O
000187-001,orang-orang,O
000187-001,musyrik,O
000187-001,.,O
000187-001,Namun,O
000187-001,ternyata,O
000187-001,kesempatan,O
000187-001,ini,O
000187-001,tidak,O
000187-001,bisa,O
000187-001,mereka,O
000187-001,pergunakan,O
000187-001,dengan,O
000187-001,baik,O
000187-001,.,O
000187-001,Padahal,O
000187-001,sejak,O
000187-001,sebelumnya,O
000187-001,serangan,O
000187-001,mereka,O
000187-001,selalu,O
000187-001,terarah,O
000187-001,kepada,O
000187-001,diri,O
000187-001,beliau,O
000187-001,dan,O
000187-001,mereka,O
000187-001,sangat,O
000187-001,berambisi,O
000187-001,untuk,O
000187-001,membunuh,O
000187-001,beliau,O
000187-001,.,O
000187-001,Dalam,O
000187-001,kondisi,O
000187-001,yang,O
000187-001,sangat,O
000187-001,kritis,O
000187-001,itu,O
000187-001,Uthbah,B_PERSON
000187-001,bin,I_PERSON
000187-001,Abu,I_PERSON
000187-001,Waqqash,I_PERSON
000187-001,melempar,O
000187-001,beliau,O
000187-001,dengan,O
000187-001,batu,O
000187-001,hingga,O
000187-001,mengenai,O
000187-001,lambung,O
000187-001,beliau,O
000187-001,dan,O
000187-001,gigi,O
000187-001,seri,O
000187-001,beliau,O
000187-001,yang,O
000187-001,berdekatan,O
000187-001,dengan,O
000187-001,gigi,O
000187-001,taring,O
000187-001,yang,O
000187-001,kanan,O
000187-001,bagian,O
000187-001,bawah,O
000187-001,serta,O
000187-001,melukai,O
000187-001,bibir,O
000187-001,bawah,O
000187-001,beliau,O
000187-001,.,O
000187-001,Abdullah,B_PERSON
000187-001,bin,I_PERSON
000187-001,Syihab,I_PERSON
000187-001,Az-Zuhri,O
000187-001,mendekati,O
000187-001,beliau,O
000187-001,dan,O
000187-001,memukul,O
000187-001,hingga,O
000187-001,melukai,O
000187-001,kening,O
000187-001,beliau,O
000187-001,.,O
000187-001,Datang,O
000187-001,pula,O
000187-001,seorang,O
000187-001,penunggang,O
000187-001,kuda,O
000187-001,yang,O
000187-001,beringas,O
000187-001,",",O
000187-001,yaitu,O
000187-001,Abdullah,B_PERSON
000187-001,bin,I_PERSON
000187-001,Qami,I_PERSON
000187-001,ah,O
000187-001,.,O
000187-001,Dia,O
000187-001,memukulkan,O
000187-001,pedang,O
000187-001,ke,O
000187-001,bahu,O
000187-001,beliau,O
000187-001,dengan,O
000187-001,pukulan,O
000187-001,yang,O
000187-001,keras,O
000187-001,",",O
000187-001,hingga,O
000187-001,beliau,O
000187-001,masih,O
000187-001,merasa,O
000187-001,kesakitan,O
000187-001,hingga,O
000187-001,lebih,O
000187-001,dari,O
000187-001,sebulan,O
000187-001,karena,O
000187-001,pukulan,O
000187-001,itu,O
000187-001,.,O
000187-001,Hanya,O
000187-001,saja,O
000187-001,pukulan,O
000187-001,itu,O
000187-001,tak,O
000187-001,sampai,O
000187-001,menembus,O
000187-001,dan,O
000187-001,merusak,O
000187-001,baju,O
000187-001,besi,O
000187-001,yang,O
000187-001,beliau,O
000187-001,kenakan,O
000187-001,.,O
000187-001,Lalu,O
000187-001,dia,O
000187-001,memukul,O
000187-001,beliau,O
000187-001,pada,O
000187-001,bagian,O
000187-001,tulang,O
000187-001,pipi,O
000187-001,sekeras,O
000187-001,pukulan,O
000187-001,yang,O
000187-001,pertama,O
000187-001,",",O
000187-001,hingga,O
000187-001,ada,O
000187-001,dua,O
000187-001,keping,O
000187-001,lingkaran,O
000187-001,rantai,O
000187-001,topi,O
000187-001,besi,O
000187-001,yang,O
000187-001,lepas,O
000187-001,dan,O
000187-001,mengenai,O
000187-001,kening,O
000187-001,beliau,O
000187-001,.,O
000187-001,Abdullah,B_PERSON
000187-001,bin,I_PERSON
000187-001,Qami'ah,I_PERSON
000187-001,berkata,O
000187-001,",",O
000187-001,"""",O
000187-001,Ambilah,B_PERSON
000187-001,barang,O
000187-001,itu,O
000187-001,untukmu,O
000187-001,.,O
000187-006,"""",O
000187-006,Jika,O
000187-006,Abu,B_PERSON
000187-006,Bakar,I_PERSON
000187-006,mengingat,O
000187-006,Perang,B_EVENT
000187-006,Uhud,I_EVENT
000187-006,",",O
000187-006,maka,O
000187-006,dia,O
000187-006,berkata,O
000187-006,",",O
000187-006,'Hari,O
000187-006,itu,O
000187-006,semuanya,O
000187-006,milik,O
000187-006,Thalhah',B_PERSON
000187-006,".""",O
000187-006,Dia,O
000187-006,juga,O
000187-006,berkata,O
000187-006,",",O
000187-006,"""",O
000187-006,Wahai,O
000187-006,Thalhah,B_PERSON
000187-006,bin,I_PERSON
000187-006,Ubaidillah,I_PERSON
000187-006,",",O
000187-006,sudah,O
000187-006,selayaknya,O
000187-006,jika,O
000187-006,engkau,O
000187-006,mendapat,O
000187-006,surga,O
000187-006,dan,O
000187-006,duduk,O
000187-006,di,O
000187-006,atas,O
000187-006,kristal-kristal,O
000187-006,mutiara,O
000187-006,yang,O
000187-006,indah,O
000187-006,".""",O
000187-006,Pada,O
000187-006,saat,O
000187-006,yang,O
000187-006,kritis,O
000187-006,itu,O
000187-006,Allah,O
000187-006,menurunkan,O
000187-006,pertolongan,O
000187-006,secara,O
000187-006,gaib,O
000187-006,.,O
000187-006,Di,O
000187-006,dalam,O
000187-006,Ash-Shahihain,O
000187-006,dari,O
000187-006,Sa',O
000187-006,d,O
000187-006,",",O
000187-006,dia,O
000187-006,berkata,O
000187-006,",",O
000187-006,"""",O
000187-006,Kulihat,O
000187-006,Rasulullah,B_PERSON
000187-006,pada,O
000187-006,Perang,B_EVENT
000187-006,Uhud,I_EVENT
000187-006,bersama,O
000187-006,dua,O
000187-006,orang,O
000187-006,yang,O
000187-006,bertempur,O
000187-006,dengan,O
000187-006,gigih,O
000187-006,",",O
000187-006,mengenakan,O
000187-006,pakaian,O
000187-006,berwarna,O
000187-006,putih,O
000187-006,.,O
000187-006,Dua,O
000187-006,orang,O
000187-006,itu,O
000187-006,tidak,O
000187-006,pernah,O
000187-006,kulihat,O
000187-006,sebelum,O
000187-006,maupun,O
000187-006,sesudah,O
000187-006,itu,O
000187-006,".""",O
000187-006,Dalam,O
000187-006,suatu,O
000187-006,riwayat,O
000187-006,disebutkan,O
000187-006,",",O
000187-006,bahwa,O
000187-006,dua,O
000187-006,orang,O
000187-006,itu,O
000187-006,adalah,O
000187-006,Malaikat,O
000187-006,Jibril,O
000187-006,dan,O
000187-006,Mika'il,B_PERSON
000187-006,.,O
000188-001,Semua,O
000188-001,peristiwa,O
000188-001,ini,O
000188-001,berjalan,O
000188-001,dengan,O
000188-001,cepat,O
000188-001,.,O
000188-001,Jika,O
000188-001,tidak,O
000188-001,",",O
000188-001,orang-orang,O
000188-001,Muslim,O
000188-001,pilihan,O
000188-001,yang,O
000188-001,bertempur,O
000188-001,di,O
000188-001,front,O
000188-001,terdepan,O
000188-001,saat,O
000188-001,berlangsungnya,O
000188-001,pertempuran,O
000188-001,",",O
000188-001,hampir,O
000188-001,tidak,O
000188-001,tahu-menahu,O
000188-001,perkembangan,O
000188-001,situasi,O
000188-001,demi,O
000188-001,situasi,O
000188-001,.,O
000188-001,Saat,O
000188-001,terdengar,O
000188-001,suara,O
000188-001,Rasulullah,B_PERSON
000188-001,",",O
000188-001,mereka,O
000188-001,segera,O
000188-001,menghampiri,O
000188-001,beliau,O
000188-001,",",O
000188-001,agar,O
000188-001,tidak,O
000188-001,ada,O
000188-001,sesuatu,O
000188-001,yang,O
000188-001,tidak,O
000188-001,diinginkan,O
000188-001,menimpa,O
000188-001,beliau,O
000188-001,.,O
000188-001,Namun,O
000188-001,saat,O
000188-001,mereka,O
000188-001,tiba,O
000188-001,",",O
000188-001,beliau,O
000188-001,sudah,O
000188-001,mendapatkan,O
000188-001,luka-luka,O
000188-001,tersebut,O
000188-001,",",O
000188-001,enam,O
000188-001,orang,O
000188-001,Anshar,O
000188-001,sudah,O
000188-001,terbunuh,O
000188-001,",",O
000188-001,orang,O
000188-001,yang,O
000188-001,ketujuh,O
000188-001,sudah,O
000188-001,tak,O
000188-001,mampu,O
000188-001,berbuat,O
000188-001,apa-apa,O
000188-001,karena,O
000188-001,banyaknya,O
000188-001,luka,O
000188-001,dan,O
000188-001,Sa'd,O
000188-001,serta,O
000188-001,Thalhah,O
000188-001,bertempur,O
000188-001,mati-matian,O
000188-001,.,O
000188-001,Setelah,O
000188-001,tiba,O
000188-001,",",O
000188-001,mereka,O
000188-001,berdiri,O
000188-001,di,O
000188-001,sekitar,O
000188-001,beliau,O
000188-001,menjadikan,O
000188-001,badan,O
000188-001,dan,O
000188-001,senjata,O
000188-001,mereka,O
000188-001,sebagai,O
000188-001,pagar,O
000188-001,.,O
000188-001,Dengan,O
000188-001,begitu,O
000188-001,mereka,O
000188-001,bisa,O
000188-001,melindungi,O
000188-001,beliau,O
000188-001,dari,O
000188-001,serbuan,O
000188-001,musuh,O
000188-001,dan,O
000188-001,bahkan,O
000188-001,bisa,O
000188-001,membalas,O
000188-001,serangan,O
000188-001,mereka,O
000188-001,.,O
000188-001,Orang,O
000188-001,yang,O
000188-001,pertama,O
000188-001,kali,O
000188-001,tiba,O
000188-001,di,O
000188-001,dekat,O
000188-001,beliau,O
000188-001,adalah,O
000188-001,rekan,O
000188-001,beliau,O
000188-001,di,O
000188-001,gua,O
000188-001,",",O
000188-001,Abu,B_PERSON
000188-001,Bakar,I_PERSON
000188-001,Ash-Shiddiq,I_PERSON
000188-001,Ibnu,B_PERSON
000188-001,Hibban,I_PERSON
000188-001,meriwayatkan,O
000188-001,di,O
000188-001,dalam,O
000188-001,Shahih-nya,O
000188-001,",",O
000188-001,dari,O
000188-001,Aisyah,B_PERSON
000188-001,",",O
000188-001,dia,O
000188-001,berkata,O
000188-001,.,O
000188-001,"""",O
000188-001,Abu,B_PERSON
000188-001,Bakar,I_PERSON
000188-001,Ash-Shidddiq,I_PERSON
000188-001,"berkata,'Pada",O
000188-001,waktu,O
000188-001,Perang,B_EVENT
000188-001,Uhud,I_EVENT
000188-001,semua,O
000188-001,orang,O
000188-001,hendak,O
000188-001,menghampiri,O
000188-001,Rasulullah,B_PERSON
000188-001,.,O
000188-001,Aku,O
000188-001,adalah,O
000188-001,orang,O
000188-001,yang,O
000188-001,pertama,O
000188-001,kali,O
000188-001,menghampiri,O
000188-001,beliau,O
000188-001,.,O
000188-001,Kulihat,I_PERSON
000188-001,di,O
000188-001,hadapan,O
000188-001,beliau,O
000188-001,ada,O
000188-001,seseorang,O
000188-001,yang,O
000188-001,bertempur,O
000188-001,menjaga,O
000188-001,dan,O
000188-001,melindungi,O
000188-001,beliau,O
000188-001,.,O
000188-001,Aku,O
000188-001,berkata,O
000188-001,",",O
000188-001,Panahlah,O
000188-001,terus,O
000188-001,wahai,O
000188-001,Thalhah,B_PERSON
000188-001,.,O
000188-001,ayah,O
000188-001,dan,O
000188-001,ibuku,O
000188-001,sebagai,O
000188-001,tebusanmu',O
000188-001,.,O
000188-001,Aku,O
000188-001,tidak,O
000188-001,begitu,O
000188-001,bisa,O
000188-001,melihat,O
000188-001,sosok,O
000188-001,Abu,B_PERSON
000188-001,Ubaidah,I_PERSON
000188-001,",",O
000188-001,karena,O
000188-001,dia,O
000188-001,bertempur,O
000188-001,seperti,O
000188-001,seekor,O
000188-001,burung,O
000188-001,",",O
000188-001,hingga,O
000188-001,akhirnya,O
000188-001,aku,O
000188-001,bisa,O
000188-001,mendekatinya,O
000188-001,.,O
000188-001,Lalu,O
000188-001,kami,O
000188-001,bersama-sama,O
000188-001,mendekati,O
000188-001,Nabi,O
000188-001,",",O
000188-001,yang,O
000188-001,ternyata,O
000188-001,saat,O
000188-001,itu,O
000188-001,Thalhah,B_PERSON
000188-001,sudah,O
000188-001,tersungkur,O
000188-001,di,O
000188-001,tanah,O
000188-001,di,O
000188-001,hadapan,O
000188-001,beliau,O
000188-001,.,O
000188-002,Lalu,O
000188-002,kami,O
000188-002,bersama-sama,O
000188-002,mendekati,O
000188-002,Nabi,O
000188-002,",",O
000188-002,yang,O
000188-002,ternyata,O
000188-002,saat,O
000188-002,itu,O
000188-002,Thalhah,B_PERSON
000188-002,sudah,O
000188-002,tersungkur,O
000188-002,di,O
000188-002,tanah,O
000188-002,di,O
000188-002,hadapan,O
000188-002,beliau,O
000188-002,.,O
000188-002,Beliau,O
000188-002,bersabda,O
000188-002,.,O
000188-002,"""",O
000188-002,Biarkan,O
000188-002,saja,O
000188-002,saudaramu,O
000188-002,",",O
000188-002,toh,O
000188-002,dia,O
000188-002,sudah,O
000188-002,berada,O
000188-002,di,O
000188-002,surga,O
000188-002,".""",O
000188-002,Saat,O
000188-002,itu,O
000188-002,beliau,O
000188-002,terkena,O
000188-002,lemparan,O
000188-002,anak,O
000188-002,panah,O
000188-002,pada,O
000188-002,bagian,O
000188-002,tulang,O
000188-002,pipinya,O
000188-002,hingga,O
000188-002,melepaskan,O
000188-002,dua,O
000188-002,keping,O
000188-002,lingkaran,O
000188-002,topi,O
000188-002,besinya,O
000188-002,yang,O
000188-002,ada,O
000188-002,di,O
000188-002,bagian,O
000188-002,itu,O
000188-002,.,O
000188-002,Aku,O
000188-002,mendekati,O
000188-002,beliau,O
000188-002,untuk,O
000188-002,mencopot,O
000188-002,dua,O
000188-002,keping,O
000188-002,rantai,O
000188-002,topi,O
000188-002,besi,O
000188-002,di,O
000188-002,kepala,O
000188-002,beliau,O
000188-002,.,O
000188-002,Abu,B_PERSON
000188-002,Ubaidah,I_PERSON
000188-002,berkata,O
000188-002,.,O
000188-002,"""",O
000188-002,Demi,O
000188-002,Allah,O
000188-002,",",O
000188-002,aku,O
000188-002,memohon,O
000188-002,kepadamu,O
000188-002,wahai,O
000188-002,Abu,B_PERSON
000188-002,Bakar,I_PERSON
000188-002,",",O
000188-002,biarlah,O
000188-002,kutangani,O
000188-002,sendiri,O
000188-002,".""",O
000188-002,Abu,B_PERSON
000188-002,Bakar,I_PERSON
000188-002,menuturkan,O
000188-002,berikutnya,O
000188-002,",",O
000188-002,Abu,B_PERSON
000188-002,Ubaidah,I_PERSON
000188-002,mengigit,O
000188-002,kepingan,O
000188-002,rantai,O
000188-002,topi,O
000188-002,besi,O
000188-002,dengan,O
000188-002,giginya,O
000188-002,karena,O
000188-002,khawatir,O
000188-002,akan,O
000188-002,menyakiti,O
000188-002,Rasulullah,B_PERSON
000188-002,",",O
000188-002,lalu,O
000188-002,melepasnya,O
000188-002,",",O
000188-002,hingga,O
000188-002,gigi,O
000188-002,serinya,O
000188-002,Abu,B_PERSON
000188-002,Ubaidah,I_PERSON
000188-002,menjadi,O
000188-002,goyah,O
000188-002,.,O
000188-002,Kemudian,O
000188-002,aku,O
000188-002,hendak,O
000188-002,mencopot,O
000188-002,potongan,O
000188-002,yang,O
000188-002,satunya,O
000188-002,lagi,O
000188-002,.,O
000188-002,Namun,O
000188-002,Abu,B_PERSON
000188-002,Ubaidah,I_PERSON
000188-002,berkata,O
000188-002,.,O
000188-002,"""",O
000188-002,Demi,O
000188-002,Allah,O
000188-002,",",O
000188-002,aku,O
000188-002,mohon,O
000188-002,kepadamu,O
000188-002,wahai,O
000188-002,Abu,B_PERSON
000188-002,Bakar,I_PERSON
000188-002,",",O
000188-002,biarlah,O
000188-002,kutangani,O
000188-002,sendiri,O
000188-002,"!""",O
000188-002,Maka,O
000188-002,Abu,B_PERSON
000188-002,Ubaidah,I_PERSON
000188-002,berbuat,O
000188-002,seperti,O
000188-002,yang,O
000188-002,pertama,O
000188-002,hingga,O
000188-002,dapat,O
000188-002,melepas,O
000188-002,potongan,O
000188-002,yang,O
000188-002,kedua,O
000188-002,",",O
000188-002,akibatnya,O
000188-002,gigi,O
000188-002,serinya,O
000188-002,yang,O
000188-002,lain,O
000188-002,ikut,O
000188-002,goyah,O
000188-002,.,O
000188-002,Lalu,O
000188-002,kami,O
000188-002,menghampiri,O
000188-002,Thalhah,I_PERSON
000188-002,untuk,O
000188-002,mengurusinya,O
000188-002,.,O
000188-002,Ternyata,O
000188-002,dia,O
000188-002,mendapat,O
000188-002,luka,O
000188-002,lebih,O
000188-002,dari,O
000188-002,sepuluh,O
000188-002,luka,O
000188-002,.,O
000188-002,Tak,O
000188-002,seberapa,O
000188-002,lama,O
000188-002,setelah,O
000188-002,melewati,O
000188-002,saat-saat,O
000188-002,yang,O
000188-002,sangat,O
000188-002,kritis,O
000188-002,ini,O
000188-002,",",O
000188-002,ada,O
000188-002,beberapa,O
000188-002,sahabat,O
000188-002,yang,O
000188-002,sudah,O
000188-002,berhimpun,O
000188-002,di,O
000188-002,sekitar,O
000188-002,beliau,O
000188-002,",",O
000188-002,seperti,O
000188-002,Abu,B_PERSON
000188-002,Dujanah,I_PERSON
000188-002,.,O
000188-002,Mush'ab,I_PERSON
000188-002,bin,I_PERSON
000188-002,Umair,I_PERSON
000188-002,",",O
000188-002,Ali,B_PERSON
000188-002,bin,I_PERSON
000188-002,Abu,B_PERSON
000188-002,Thalib,I_PERSON
000188-002,",",O
000188-002,Sahl,B_PERSON
000188-002,bin,I_PERSON
000188-002,Hanif,I_PERSON
000188-002,",",O
000188-002,Malik,I_PERSON
000188-002,bin,I_PERSON
000188-002,Sinan,O
000188-002,",",O
000188-002,ayah,O
000188-002,Abu,B_PERSON
000188-002,Sa'id,B_PERSON
000188-002,Al-Khudri,I_PERSON
000188-002,",",O
000188-002,Ummu,B_PERSON
000188-002,Ammarah,I_PERSON
000188-002,Nasibah,B_PERSON
000188-002,binti,I_PERSON
000188-002,Ka'b,B_PERSON
000188-002,Al-Maziniyah,I_PERSON
000188-002,",",O
000188-002,Qatadah,I_PERSON
000188-002,bin,I_PERSON
000188-002,An-Nu'man,O
000188-002,",",O
000188-002,Umar,B_PERSON
000188-002,bin,I_PERSON
000188-002,Al-Khaththab,O
000188-002,",",O
000188-002,Hathib,I_PERSON
000188-002,bin,I_PERSON
000188-002,Abu,B_PERSON
000188-002,Balta'ah,I_PERSON
000188-002,",",O
000188-002,dan,O
000188-002,Abu,B_PERSON
000188-002,Thalhah,B_PERSON
000189-001,Dalam,O
000189-001,setiap,O
000189-001,peperangan,O
000189-001,",",O
000189-001,jumlah,O
000189-001,orang-orang,O
000189-001,Quraisy,O
000189-001,pasti,O
000189-001,lebih,O
000189-001,besar,O
000189-001,sekian,O
000189-001,lipat,O
000189-001,.,O
000189-001,Maka,O
000189-001,tidak,O
000189-001,heran,O
000189-001,jika,O
000189-001,mereka,O
000189-001,juga,O
000189-001,bisa,O
000189-001,melancarkan,O
000189-001,serangan,O
000189-001,yang,O
000189-001,lebih,O
000189-001,gencar,O
000189-001,dan,O
000189-001,menekan,O
000189-001,orang-orang,O
000189-001,Muslim,O
000189-001,.,O
000189-001,Pada,O
000189-001,saat,O
000189-001,berjalan,O
000189-001,",",O
000189-001,Rasulullah,B_PERSON
000189-001,terperosok,O
000189-001,ke,O
000189-001,dalam,O
000189-001,lubang,O
000189-001,yang,O
000189-001,sengaja,O
000189-001,dibuat,O
000189-001,Abu,B_PERSON
000189-001,Amir,I_PERSON
000189-001,si,O
000189-001,Fasik,O
000189-001,.,O
000189-001,Ali,B_PERSON
000189-001,segera,O
000189-001,meraih,O
000189-001,tangan,O
000189-001,beliau,O
000189-001,",",O
000189-001,lalu,O
000189-001,Thalhah,B_PERSON
000189-001,bin,I_PERSON
000189-001,Ubaidillah,I_PERSON
000189-001,merangkulnya,O
000189-001,hingga,O
000189-001,beliau,O
000189-001,bisa,O
000189-001,berdiri,O
000189-001,lagi,O
000189-001,Naf',B_PERSON
000189-001,bin,I_PERSON
000189-001,Jubair,I_PERSON
000189-001,berkata,O
000189-001,",",O
000189-001,"""",O
000189-001,Aku,O
000189-001,mendengar,O
000189-001,ada,O
000189-001,seseorang,O
000189-001,dari,O
000189-001,Muhajirin,O
000189-001,berkata,O
000189-001,",",O
000189-001,Aku,O
000189-001,ikut,O
000189-001,dalam,O
000189-001,Perang,B_EVENT
000189-001,Uhud,I_EVENT
000189-001,.,O
000189-001,Kulihat,O
000189-001,bagaimana,O
000189-001,anak,O
000189-001,panah,O
000189-001,melesat,O
000189-001,dari,O
000189-001,segala,O
000189-001,arah,O
000189-001,",",O
000189-001,tertuju,O
000189-001,kepada,O
000189-001,Rasulullah,B_PERSON
000189-001,.,O
000189-001,Namun,O
000189-001,semua,O
000189-001,anak,O
000189-001,panah,O
000189-001,itu,O
000189-001,sama,O
000189-001,sekali,O
000189-001,tidak,O
000189-001,mengenai,O
000189-001,beliau,O
000189-001,.,O
000189-001,Kulihat,O
000189-001,Abdullah,B_PERSON
000189-001,bin,I_PERSON
000189-001,Syihab,O
000189-001,Az-Zuhri,O
000189-001,berkata,O
000189-001,saat,O
000189-001,itu,O
000189-001,",",O
000189-001,Tunjukkan,O
000189-001,kepadaku,O
000189-001,di,O
000189-001,mana,O
000189-001,Muhammad,B_PERSON
000189-001,.,O
000189-001,Aku,O
000189-001,tidak,O
000189-001,akan,O
000189-001,selamat,O
000189-001,jika,O
000189-001,dia,O
000189-001,masih,O
000189-001,selamat',O
000189-001,.,O
000189-001,Padahal,O
000189-001,saat,O
000189-001,itu,O
000189-001,beliau,O
000189-001,ada,O
000189-001,di,O
000189-001,dekatnya,O
000189-001,",",O
000189-001,tak,O
000189-001,ada,O
000189-001,seorang,O
000189-001,pun,O
000189-001,di,O
000189-001,sisi,O
000189-001,beliau,O
000189-001,.,O
000189-001,Bahkan,O
000189-001,kemudian,O
000189-001,dia,O
000189-001,melewati,O
000189-001,beliau,O
000189-001,.,O
000189-001,Setelah,O
000189-001,itu,O
000189-001,Shafwan,O
000189-001,mengolok-oloknya,O
000189-001,.,O
000189-001,Namun,O
000189-001,dia,O
000189-001,menjawab,O
000189-001,",",O
000189-001,Demi,O
000189-001,Allah,O
000189-001,",",O
000189-001,aku,O
000189-001,tidak,O
000189-001,bisa,O
000189-001,melihatnya,O
000189-001,.,O
000189-001,Aku,O
000189-001,berani,O
000189-001,sumpah,O
000189-001,demi,O
000189-001,Allah,O
000189-001,",",O
000189-001,pasti,O
000189-001,ada,O
000189-001,yang,O
000189-001,menghalangi,O
000189-001,pandangi,O
000189-001,kami,O
000189-001,".""",O
000190-001,Orang-orang,O
000190-001,Muslim,O
000190-001,bangkit,O
000190-001,dengan,O
000190-001,patriotisme,O
000190-001,dan,O
000190-001,pengorbanan,O
000190-001,yang,O
000190-001,jarang,O
000190-001,terjadi,O
000190-001,seperti,O
000190-001,itu,O
000190-001,dan,O
000190-001,bahkan,O
000190-001,tidak,O
000190-001,pernah,O
000190-001,ada,O
000190-001,tandingannya,O
000190-001,dalam,O
000190-001,sejarah,O
000190-001,.,O
000190-001,Abu,B_PERSON
000190-001,Thalhah,I_PERSON
000190-001,menjadikan,O
000190-001,dirinya,O
000190-001,sebagai,O
000190-001,pagar,O
000190-001,di,O
000190-001,hadapan,O
000190-001,Rasulullah,B_PERSON
000190-001,.,O
000190-001,Dia,O
000190-001,membusungkan,O
000190-001,dadanya,O
000190-001,menerima,O
000190-001,hujaman,O
000190-001,anak,O
000190-001,panah,O
000190-001,yang,O
000190-001,dilontarkan,O
000190-001,musuh,O
000190-001,karena,O
000190-001,hendak,O
000190-001,melindungi,O
000190-001,beliau,O
000190-001,Anas,O
000190-001,berkata,O
000190-001,",",O
000190-001,"""",O
000190-001,Pada,O
000190-001,saat,O
000190-001,Perang,B_EVENT
000190-001,Uhud,I_EVENT
000190-001,",",O
000190-001,musuh,O
000190-001,memusatkan,O
000190-001,serangan,O
000190-001,terhadap,O
000190-001,Rasulullah,B_PERSON
000190-001,",",O
000190-001,sementara,O
000190-001,Abu,B_PERSON
000190-001,Thalhah,I_PERSON
000190-001,berada,O
000190-001,di,O
000190-001,hadapan,O
000190-001,beliau,O
000190-001,melindungi,O
000190-001,diri,O
000190-001,dengan,O
000190-001,tamengnya,O
000190-001,.,O
000190-001,Dia,O
000190-001,adalah,O
000190-001,seorang,O
000190-001,pemanah,O
000190-001,ulung,O
000190-001,yang,O
000190-001,jarang,O
000190-001,meleset,O
000190-001,bidikannya,O
000190-001,.,O
000190-001,Saat,O
000190-001,itu,O
000190-001,dia,O
000190-001,sampai,O
000190-001,mematahkan,O
000190-001,dua,O
000190-001,atau,O
000190-001,tiga,O
000190-001,busur,O
000190-001,Ada,O
000190-001,satu,O
000190-001,orang,O
000190-001,lagi,O
000190-001,yang,O
000190-001,bersamanya,O
000190-001,sambil,O
000190-001,memegangi,O
000190-001,kantong,O
000190-001,anak,O
000190-001,panah,O
000190-001,Dia,O
000190-001,berkata,O
000190-001,",",O
000190-001,"""",O
000190-001,Sediakan,O
000190-001,anak,O
000190-001,panah,O
000190-001,yang,O
000190-001,banyak,O
000190-001,bagi,O
000190-001,Abu,B_PERSON
000190-001,Thalhah,I_PERSON
000190-001,"!""",O
000190-001,Sementara,O
000190-001,itu,O
000190-001,",",O
000190-001,Nabi,O
000190-001,terus,O
000190-001,mengawasi,O
000190-001,dengan,O
000190-001,seksama,O
000190-001,",",O
000190-001,melihat,O
000190-001,ke,O
000190-001,arah,O
000190-001,musuh,O
000190-001,.,O
000190-001,Abu,B_PERSON
000190-001,Thalhah,I_PERSON
000190-001,berkata,O
000190-001,",",O
000190-001,"""",O
000190-001,Demi,O
000190-001,ayah,O
000190-001,dan,O
000190-001,ibuku,O
000190-001,",",O
000190-001,engkau,O
000190-001,tidak,O
000190-001,perlu,O
000190-001,mengawasi,O
000190-001,seperti,O
000190-001,itu,O
000190-001,karena,O
000190-001,takut,O
000190-001,terkena,O
000190-001,anak,O
000190-001,panah,O
000190-001,mereka,O
000190-001,.,O
000190-001,Leherku,O
000190-001,akan,O
000190-001,melindungi,O
000190-001,leher,O
000190-001,engkau,O
000190-001,".""",O
000190-001,Juga,O
000190-001,diriwayatkan,O
000190-001,dari,O
000190-001,Anas,O
000190-001,",",O
000190-001,dia,O
000190-001,berkata,O
000190-001,",",O
000190-001,"""",O
000190-001,Abu,B_PERSON
000190-001,Thalhah,I_PERSON
000190-001,menggunakan,O
000190-001,satu,O
000190-001,tameng,O
000190-001,bersama,O
000190-001,Nabi,O
000190-001,.,O
000190-001,Abu,B_PERSON
000190-001,Talhah,I_PERSON
000190-001,adalah,O
000190-001,seorang,O
000190-001,pemanah,O
000190-001,ulung,O
000190-001,.,O
000190-001,Jika,O
000190-001,dia,O
000190-001,melepaskan,O
000190-001,anak,O
000190-001,panah,O
000190-001,",",O
000190-001,maka,O
000190-001,beliau,O
000190-001,terus,O
000190-001,mengawasi,O
000190-001,anak,O
000190-001,panah,O
000190-001,itu,O
000190-001,hingga,O
000190-001,mengenai,O
000190-001,sasarannya,O
000190-001,".""""",O
000190-001,Abu,B_PERSON
000190-001,Dujanah,I_PERSON
000190-001,berdiri,O
000190-001,di,O
000190-001,hadapan,O
000190-001,Rasulullah,B_PERSON
000190-001,menjadikan,O
000190-001,punggungnya,O
000190-001,sebagai,O
000190-001,tameng,O
000190-001,untuk,O
000190-001,melindungi,O
000190-001,beliau,O
000190-001,.,O
000192-002,Utsman,B_PERSON
000192-002,bin,I_PERSON
000192-002,Abdullah,I_PERSON
000192-002,bin,I_PERSON
000192-002,Al-Mughirah,I_PERSON
000192-002,",",O
000192-002,salah,O
000192-002,seorang,O
000192-002,penunggang,O
000192-002,kuda,O
000192-002,dari,O
000192-002,pasukan,O
000192-002,musyrikin,O
000192-002,merangsek,O
000192-002,ke,O
000192-002,hadapan,O
000192-002,Nabi,O
000192-002,sambil,O
000192-002,berkata,O
000192-002,"""",O
000192-002,Aku,O
000192-002,tidak,O
000192-002,selamat,O
000192-002,selagi,O
000192-002,dia,O
000192-002,masih,O
000192-002,selamat,O
000192-002,".""",O
000192-002,Lalu,O
000192-002,beliau,O
000192-002,bangkit,O
000192-002,untuk,O
000192-002,menghadapinya,O
000192-002,.,O
000192-002,Hanya,O
000192-002,saja,O
000192-002,kuda,O
000192-002,Utsman,B_PERSON
000192-002,bin,I_PERSON
000192-002,Abdullah,I_PERSON
000192-002,terperosok,O
000192-002,ke,O
000192-002,sebuah,O
000192-002,lubang,O
000192-002,.,O
000192-002,Al-Harits,B_PERSON
000192-002,bin,I_PERSON
000192-002,Ash-Shimmah,I_PERSON
000192-002,menghampiri,O
000192-002,Utsman,B_PERSON
000192-002,dan,O
000192-002,membabat,O
000192-002,kakinya,O
000192-002,hingga,O
000192-002,terduduk,O
000192-002,.,O
000192-002,Kemudian,O
000192-002,dia,O
000192-002,meringkusnya,O
000192-002,dan,O
000192-002,melucuti,O
000192-002,senjatanya,O
000192-002,",",O
000192-002,lalu,O
000192-002,bermaksud,O
000192-002,membawanya,O
000192-002,ke,O
000192-002,hadapan,O
000192-002,Rasulullah,B_PERSON
000192-002,.,O
000192-002,Namun,O
000192-002,Abdullah,B_PERSON
000192-002,bin,I_PERSON
000192-002,Jabir,I_PERSON
000192-002,mengejar,O
000192-002,Al-Harits,O
000192-002,dan,O
000192-002,menyabetkan,O
000192-002,pedang,O
000192-002,ke,O
000192-002,pundak,O
000192-002,Al-Harits,O
000192-002,hingga,O
000192-002,terluka,O
000192-002,.,O
000192-002,Abu,B_PERSON
000192-002,Dujanah,I_PERSON
000192-002,",",O
000192-002,seorang,O
000192-002,prajurit,O
000192-002,yang,O
000192-002,heroik,O
000192-002,dengan,O
000192-002,sorban,O
000192-002,merah,O
000192-002,yang,O
000192-002,diikatkan,O
000192-002,di,O
000192-002,kepala,O
000192-002,menyerang,O
000192-002,Abdullah,B_PERSON
000192-002,bin,I_PERSON
000192-002,Jabir,I_PERSON
000192-002,dan,O
000192-002,menyabetkan,O
000192-002,pedang,O
000192-002,ke,O
000192-002,arahnya,O
000192-002,hingga,O
000192-002,kepalanya,O
000192-002,terpenggal,O
000192-002,.,O
000192-002,Justru,O
000192-002,pada,O
000192-002,saat,O
000192-002,peperangan,O
000192-002,yang,O
000192-002,pahit,O
000192-002,itu,O
000192-002,",",O
000192-002,orang-orang,O
000192-002,Muslim,O
000192-002,dikuasai,O
000192-002,rasa,O
000192-002,kantuk,O
000192-002,sebagai,O
000192-002,suatu,O
000192-002,penentram,O
000192-002,hati,O
000192-002,yang,O
000192-002,datangnya,O
000192-002,dari,O
000192-002,Allah,O
000192-002,",",O
000192-002,seperti,O
000192-002,disebutkan,O
000192-002,di,O
000192-002,dalam,O
000192-002,Al-Qur'an,O
000192-002,.,O
000192-002,Abu,B_PERSON
000192-002,Thalhah,I_PERSON
000192-002,berkata,O
000192-002,",",O
000192-002,"""",O
000192-002,Aku,O
000192-002,termasuk,O
000192-002,yang,O
000192-002,tak,O
000192-002,mampu,O
000192-002,membendung,O
000192-002,rasa,O
000192-002,kantuk,O
000192-002,saat,O
000192-002,Perang,B_EVENT
000192-002,Uhud,I_EVENT
000192-002,",",O
000192-002,hingga,O
000192-002,pedangku,O
000192-002,jatuh,O
000192-002,dari,O
000192-002,tangan,O
000192-002,beberapa,O
000192-002,kali,O
000192-002,.,O
000192-002,Pedang,O
000192-002,itu,O
000192-002,jatuh,O
000192-002,lalu,O
000192-002,kuambil,O
000192-002,",",O
000192-002,jatuh,O
000192-002,lagi,O
000192-002,lalu,O
000192-002,kuambil,O
000192-002,lagi,O
000192-002,".""",O
000192-002,Dengan,O
000192-002,gambaran,O
000192-002,keberanian,O
000192-002,seperti,O
000192-002,itu,O
000192-002,",",O
000192-002,beliau,O
000192-002,dan,O
000192-002,para,O
000192-002,sahabat,O
000192-002,yang,O
000192-002,bersamanya,O
000192-002,dapat,O
000192-002,mencapai,O
000192-002,jalan,O
000192-002,bukit,O
000192-002,dan,O
000192-002,memberi,O
000192-002,jalan,O
000192-002,bagi,O
000192-002,sisa-sisa,O
000192-002,pasukan,O
000192-002,yang,O
000192-002,lain,O
000192-002,untuk,O
000192-002,melewatinya,O
000192-002,hingga,O
000192-002,mencapai,O
000192-002,tempat,O
000192-002,yang,O
000192-002,aman,O
000192-002,.,O
000192-002,Dengan,O
000192-002,begitu,O
000192-002,mereka,O
000192-002,bisa,O
000192-002,saling,O
000192-002,bertemu,O
000192-002,di,O
000192-002,bukit,O
000192-002,.,O
000192-002,Seperti,O
000192-002,apa,O
000192-002,pun,O
000192-002,kecerdikan,O
000192-002,Khalid,B_PERSON
000192-002,bin,I_PERSON
000192-002,Al-Walid,O
000192-002,masih,O
000192-002,kalah,O
000192-002,dengan,O
000192-002,kecerdikan,O
000192-002,Rasulullah,B_PERSON
000193-001,Ibnu,B_PERSON
000193-001,Ishaq,I_PERSON
000193-001,menuturkan,O
000193-001,",",O
000193-001,setelah,O
000193-001,Rasulullah,B_PERSON
000193-001,bisa,O
000193-001,berlindung,O
000193-001,di,O
000193-001,jalan,O
000193-001,bukit,O
000193-001,itu,O
000193-001,",",O
000193-001,Ubay,B_PERSON
000193-001,bin,I_PERSON
000193-001,Khalaf,I_PERSON
000193-001,memergoki,O
000193-001,beliau,O
000193-001,",",O
000193-001,seraya,O
000193-001,berkata,O
000193-001,",",O
000193-001,"""",O
000193-001,Di,O
000193-001,mana,O
000193-001,Muhammad,B_PERSON
000193-001,?,O
000193-001,Aku,O
000193-001,tidak,O
000193-001,akan,O
000193-001,selamat,O
000193-001,selagi,O
000193-001,dia,O
000193-001,masih,O
000193-001,selamat,O
000193-001,".""",O
000193-001,Orang-orang,O
000193-001,bertanya,O
000193-001,",",O
000193-001,"""",O
000193-001,Wahai,O
000193-001,Rasulullah,B_PERSON
000193-001,",",O
000193-001,adakah,O
000193-001,seseorang,O
000193-001,di,O
000193-001,antara,O
000193-001,kita,O
000193-001,yang,O
000193-001,membuntuti,O
000193-001,di,O
000193-001,belakangnya,O
000193-001,"?""",O
000193-001,"""",O
000193-001,Biarkan,O
000193-001,saja,O
000193-001,",""",O
000193-001,jawab,O
000193-001,Rasulullah,B_PERSON
000193-001,.,O
000193-001,Setelah,O
000193-001,dekat,O
000193-001,",",O
000193-001,beliau,O
000193-001,mengambil,O
000193-001,tombak,O
000193-001,pendek,O
000193-001,dari,O
000193-001,Al-Harits,B_PERSON
000193-001,bin,I_PERSON
000193-001,Ash-Shimmah,I_PERSON
000193-001,.,O
000193-001,Setelah,O
000193-001,tombak,O
000193-001,berada,O
000193-001,di,O
000193-001,tangan,O
000193-001,",",O
000193-001,beliau,O
000193-001,mengibas-ngibaskan,O
000193-001,sehingga,O
000193-001,lalat-lalat,O
000193-001,y,O
000193-001,ang,O
000193-001,hinggap,O
000193-001,di,O
000193-001,punggung,O
000193-001,onta,O
000193-001,pun,O
000193-001,beterbangan,O
000193-001,.,O
000193-001,Kemudian,O
000193-001,beliau,O
000193-001,memapasi,O
000193-001,Ubay,I_PERSON
000193-001,dan,O
000193-001,melihat,O
000193-001,tulang,O
000193-001,selangkanya,O
000193-001,di,O
000193-001,balik,O
000193-001,celah,O
000193-001,antara,O
000193-001,baju,O
000193-001,besi,O
000193-001,dan,O
000193-001,topi,O
000193-001,besi,O
000193-001,.,O
000193-001,Beliau,O
000193-001,memukulkan,O
000193-001,tombak,O
000193-001,ke,O
000193-001,tulang,O
000193-001,selangka,O
000193-001,Ubay,O
000193-001,itu,O
000193-001,hingga,O
000193-001,beberapa,O
000193-001,kali,O
000193-001,dia,O
000193-001,limbung,O
000193-001,dari,O
000193-001,punggung,O
000193-001,kudanya,O
000193-001,.,O
000193-001,Saat,O
000193-001,kembali,O
000193-001,ke,O
000193-001,Makkah,B_LOCATION
000193-001,",",O
000193-001,luka,O
000193-001,di,O
000193-001,tulang,O
000193-001,selangkanya,O
000193-001,menjadi,O
000193-001,bengkak,O
000193-001,.,O
000193-001,sekalipun,O
000193-001,sebenarnya,O
000193-001,luka,O
000193-001,itu,O
000193-001,hanya,O
000193-001,luka,O
000193-001,kecil,O
000193-001,.,O
000193-001,Melihat,O
000193-001,luka,O
000193-001,yang,O
000193-001,semakin,O
000193-001,membengkak,O
000193-001,itu,O
000193-001,",",O
000193-001,dia,O
000193-001,berkata,O
000193-001,",",O
000193-001,"""",O
000193-001,Demi,O
000193-001,Allah,O
000193-001,",",O
000193-001,Muhammad,B_PERSON
000193-001,telah,O
000193-001,membunuhku,O
000193-001,",""",O
000193-001,Orang-orang,O
000193-001,berkata,O
000193-001,kepadanya,O
000193-001,",",O
000193-001,"""",O
000193-001,Demi,O
000193-001,Allah,O
000193-001,",",O
000193-001,rupanya,O
000193-001,jantungmu,O
000193-001,sudah,O
000193-001,copot,O
000193-001,.,O
000193-001,Demi,O
000193-001,Allah,O
000193-001,",",O
000193-001,engkau,O
000193-001,sudah,O
000193-001,tidak,O
000193-001,mempunyai,O
000193-001,kekuatan,O
000193-001,lagi,O
000193-001,".""",O
000193-001,Ubay,I_PERSON
000193-001,berkata,O
000193-001,",",O
000193-001,"""",O
000193-001,Selagi,O
000193-001,masih,O
000193-001,di,O
000193-001,Makkah,B_LOCATION
000193-001,dulu,O
000193-001,dia,O
000193-001,pernah,O
000193-001,berkata,O
000193-001,kepadaku,O
000193-001,.,O
000193-001,Aku,O
000193-001,akan,O
000193-001,membunuhmu',O
000193-001,.,O
000193-002,Aku,O
000193-002,akan,O
000193-002,membunuhmu',O
000193-002,.,O
000193-002,Demi,O
000193-002,Allah,O
000193-002,",",O
000193-002,andaikan,O
000193-002,dia,O
000193-002,meludahiku,O
000193-002,",",O
000193-002,maka,O
000193-002,ludahnya,O
000193-002,itu,O
000193-002,pun,O
000193-002,sudah,O
000193-002,bisa,O
000193-002,Akhirnya,O
000193-002,musuh,O
000193-002,Allah,O
000193-002,ini,O
000193-002,mati,O
000193-002,di,O
000193-002,Sarif,O
000193-002,",",O
000193-002,selagi,O
000193-002,orang-orang,O
000193-002,Quraisy,O
000193-002,pulang,O
000193-002,bersamanya,O
000193-002,ke,O
000193-002,Makkah,B_LOCATION
000193-002,Dalam,O
000193-002,riwayat,O
000193-002,Abul,B_PERSON
000193-002,Aswad,I_PERSON
000193-002,dari,O
000193-002,Urwah,O
000193-002,disebutkan,O
000193-002,bahwa,O
000193-002,Ubay,O
000193-002,melenguh,O
000193-002,seperti,O
000193-002,sapi,O
000193-002,yang,O
000193-002,sedang,O
000193-002,melenguh,O
000193-002,",",O
000193-002,seraya,O
000193-002,berkata,O
000193-002,",",O
000193-002,"""",O
000193-002,Demi,O
000193-002,yang,O
000193-002,diriku,O
000193-002,ada,O
000193-002,di,O
000193-002,tangan-Nya,O
000193-002,",",O
000193-002,andaikata,O
000193-002,yang,O
000193-002,terjadi,O
000193-002,pada,O
000193-002,diriku,O
000193-002,ini,O
000193-002,adalah,O
000193-002,pada,O
000193-002,penduduk,O
000193-002,Dzil-Majaz,O
000193-002,",",O
000193-002,tentulah,O
000193-002,mereka,O
000193-002,akan,O
000193-002,mati,O
000193-002,Pada,O
000193-002,saat,O
000193-002,mundur,O
000193-002,ke,O
000193-002,jalan,O
000193-002,bukit,O
000193-002,itu,O
000193-002,",",O
000193-002,mereka,O
000193-002,harus,O
000193-002,melewati,O
000193-002,gundukan,O
000193-002,pasir,O
000193-002,yang,O
000193-002,cukup,O
000193-002,tinggi,O
000193-002,.,O
000193-002,Rasulullah,B_PERSON
000193-002,berusaha,O
000193-002,mendaki,O
000193-002,gundukan,O
000193-002,itu,O
000193-002,",",O
000193-002,namun,O
000193-002,181,O
000193-002,Sewaktu,O
000193-002,di,O
000193-002,Makkah,B_LOCATION
000193-002,pula,O
000193-002,",",O
000193-002,Ubay,I_PERSON
000193-002,pernah,O
000193-002,menemui,O
000193-002,Rasulullah,B_PERSON
000193-002,sambil,O
000193-002,berkata,O
000193-002,",",O
000193-002,"""",O
000193-002,Sesungguhnya,O
000193-002,aku,O
000193-002,mempunyai,O
000193-002,kandang,O
000193-002,kuda,O
000193-002,.,O
000193-002,Setiap,O
000193-002,hari,O
000193-002,aku,O
000193-002,memberinya,O
000193-002,makan,O
000193-002,beberapa,O
000193-002,takar,O
000193-002,biji,O
000193-002,jangung,O
000193-002,Aku,O
000193-002,akan,O
000193-002,membunuhmu,O
000193-002,di,O
000193-002,sana,O
000193-002,".""",O
000193-002,Beliau,O
000193-002,menjawab,O
000193-002,"""",O
000193-002,Justru,O
000193-002,akulah,O
000193-002,yang,O
000193-002,akan,O
000193-002,membunuhmu,O
000193-002,dengan,O
000193-002,seizin,O
000193-002,Allah.',O
000193-002,182,O
000193-002,Mukhtashar,O
000193-002,Siratir-Rasul,O
000193-002,",",O
000193-002,Syaikh,O
000193-002,Abdullah,B_PERSON
000193-002,An-Najdi,O
000193-002,",",O
000193-002,hal,O
000193-002,.,O
000193-002,250,O
000193-002,.,O
000193-002,tidak,O
000193-002,bisa,O
000193-002,",",O
000193-002,sebab,O
000193-002,beliau,O
000193-002,mengenakan,O
000193-002,dua,O
000193-002,lapis,O
000193-002,baju,O
000193-002,besi,O
000193-002,",",O
000193-002,di,O
000193-002,samping,O
000193-002,luka,O
000193-002,yang,O
000193-002,cukup,O
000193-002,menganggu,O
000193-002,gerakan,O
000193-002,beliau,O
000193-002,.,O
000193-002,Akhirnya,O
000193-002,Thalhah,B_PERSON
000193-002,bin,I_PERSON
000193-002,Ubaidillah,I_PERSON
000193-002,jongkok,O
000193-002,di,O
000193-002,bawah,O
000193-002,",",O
000193-002,lalu,O
000193-002,beliau,O
000193-002,berdiri,O
000193-002,di,O
000193-002,atas,O
000193-002,Thalhah,B_PERSON
000193-002,hingga,O
000193-002,dapat,O
000193-002,mendaki,O
000193-002,gundukan,O
000193-002,itu,O
000193-002,.,O
000193-002,Saat,O
000193-002,itu,O
000193-002,beliau,O
000193-002,bersabda,O
000193-002,",",O
000193-002,"""",O
000193-002,Sudah,O
000193-002,seharusnya,O
000193-002,Thalhah,B_PERSON
000193-002,masuk,O
000193-002,surga,O
000193-002,".""",O
000196-001,Pada,O
000196-001,detik-detik,O
000196-001,terakhir,O
000196-001,ini,O
000196-001,ada,O
000196-001,dua,O
000196-001,peristiwa,O
000196-001,yang,O
000196-001,menunjukkan,O
000196-001,seberapa,O
000196-001,jauh,O
000196-001,kesiapan,O
000196-001,para,O
000196-001,pahlawan,O
000196-001,Muslim,O
000196-001,untuk,O
000196-001,terus,O
000196-001,berperang,O
000196-001,dan,O
000196-001,seberapa,O
000196-001,jauh,O
000196-001,keteguhan,O
000196-001,hati,O
000196-001,mereka,O
000196-001,di,O
000196-001,jalan,O
000196-001,Allah,O
000196-001,.,O
000196-001,Inilah,O
000196-001,dua,O
000196-001,peristiwa,O
000196-001,tersebut,O
000196-001,.,O
000196-001,Ka'b,B_PERSON
000196-001,bin,I_PERSON
000196-001,Malik,I_PERSON
000196-001,menuturkan,O
000196-001,",",O
000196-001,"""",O
000196-001,Aku,O
000196-001,termasuk,O
000196-001,orang-orang,O
000196-001,yang,O
000196-001,bergabung,O
000196-001,1,O
000196-001,.,O
000196-001,dalam,O
000196-001,peperangan,O
000196-001,.,O
000196-001,Setelah,O
000196-001,kulihat,O
000196-001,tindakan,O
000196-001,orang-orang,O
000196-001,musyrik,O
000196-001,terhadap,O
000196-001,tubuh,O
000196-001,orang-orang,O
000196-001,Muslim,O
000196-001,yang,O
000196-001,terbunuh,O
000196-001,",",O
000196-001,maka,O
000196-001,aku,O
000196-001,pun,O
000196-001,berlalu,O
000196-001,ke,O
000196-001,sana,O
000196-001,dan,O
000196-001,mengintip,O
000196-001,.,O
000196-001,Kulihat,O
000196-001,ada,O
000196-001,seorang,O
000196-001,musyrik,O
000196-001,yang,O
000196-001,mengumpulkan,O
000196-001,baju-,O
000196-001,baju,O
000196-001,besi,O
000196-001,yang,O
000196-001,di,O
000196-001,dalamnya,O
000196-001,masih,O
000196-001,ada,O
000196-001,jasad,O
000196-001,orang-orang,O
000196-001,Muslim,O
000196-001,seraya,O
000196-001,berkata,O
000196-001,",",O
000196-001,"""",O
000196-001,Kumpulkanlah,O
000196-001,sebagaimana,O
000196-001,kalian,O
000196-001,mengumpulkan,O
000196-001,kambing,O
000196-001,kambing,O
000196-001,yang,O
000196-001,sudah,O
000196-001,disembelih,O
000196-001,".""",O
000196-001,Ternyata,O
000196-001,ada,O
000196-001,seorang,O
000196-001,Muslim,O
000196-001,yang,O
000196-001,sudah,O
000196-001,menunggu,O
000196-001,kedatangannya,O
000196-001,sejak,O
000196-001,tadi,O
000196-001,sambil,O
000196-001,mengenakan,O
000196-001,baju,O
000196-001,besinya,O
000196-001,.,O
000196-001,Aku,O
000196-001,berjalan,O
000196-001,mendekat,O
000196-001,di,O
000196-001,belakangnya,O
000196-001,dan,O
000196-001,telah,O
000196-001,kuperkirakan,O
000196-001,jarak,O
000196-001,antara,O
000196-001,diriku,O
000196-001,dan,O
000196-001,orang,O
000196-001,Muslim,O
000196-001,serta,O
000196-001,orang,O
000196-001,musyrik,O
000196-001,itu,O
000196-001,hingga,O
000196-001,semuanya,O
000196-001,bisa,O
000196-001,kulihat,O
000196-001,dengan,O
000196-001,jelas,O
000196-001,.,O
000196-001,Ternyata,O
000196-001,orang,O
000196-001,musyrik,O
000196-001,itu,O
000196-001,lebih,O
000196-001,lengkap,O
000196-001,dan,O
000196-001,lebih,O
000196-001,baik,O
000196-001,keadaannya,O
000196-001,.,O
000196-001,Aku,O
000196-001,terus,O
000196-001,mengawasi,O
000196-001,keduanya,O
000196-001,hingga,O
000196-001,mereka,O
000196-001,saling,O
000196-001,berhadapan,O
000196-001,.,O
000196-001,Lalu,O
000196-001,orang,O
000196-001,Muslim,O
000196-001,memukul,O
000196-001,orang,O
000196-001,musyrik,O
000196-001,hingga,O
000196-001,terputus,O
000196-001,menjadi,O
000196-001,dua,O
000196-001,bagian,O
000196-001,.,O
000196-001,Orang,O
000196-001,Muslim,O
000196-001,itu,O
000196-001,menampakkan,O
000196-001,wajahnya,O
000196-001,dan,O
000196-001,bertanya,O
000196-001,kepadaku,O
000196-001,",",O
000196-001,"""",O
000196-001,Bagaimana,O
000196-001,menurut,O
000196-001,pendapatmu,O
000196-001,wahai,O
000196-001,Ka'b,B_PERSON
000196-001,?,O
000196-001,Aku,O
000196-001,adalah,O
000196-001,Abu,B_PERSON
000196-001,2,O
000196-001,.,O
000196-001,Ada,O
000196-001,beberapa,O
000196-001,wanita,O
000196-001,Mukminah,O
000196-001,yang,O
000196-001,datang,O
000196-001,ke,O
000196-001,medan,O
000196-001,peperangan,O
000196-001,setelah,O
000196-001,pertempuran,O
000196-001,usai,O
000196-001,.,O
000196-003,Beliau,O
000196-003,tersenyum,O
000196-003,hingga,O
000196-003,terlihat,O
000196-003,gigi,O
000196-003,gerahamnya,O
000196-003,.,O
000196-003,Saat,O
000196-003,itu,O
000196-003,beliau,O
000196-003,bersabda,O
000196-003,",",O
000196-003,"""",O
000196-003,Sa'd,O
000196-003,telah,O
000196-003,melecehkan,O
000196-003,Hibban,O
000196-003,untuk,O
000196-003,Ummu,B_PERSON
000196-003,Aiman,I_PERSON
000196-003,.,O
000196-003,Allah,O
000196-003,telah,O
000196-003,memenuhi,O
000196-003,doanya,O
000196-003,".""",O
000199-001,Mereka,O
000199-001,memeriksa,O
000199-001,dan,O
000199-001,mencari,O
000199-001,orang-orang,O
000199-001,yang,O
000199-001,terluka,O
000199-001,dan,O
000199-001,terbunuh,O
000199-001,setelah,O
000199-001,orang-orang,O
000199-001,Quraisy,O
000199-001,pulang,O
000199-001,.,O
000199-001,Zaid,B_PERSON
000199-001,bin,I_PERSON
000199-001,Tsabit,I_PERSON
000199-001,berkata,O
000199-001,",",O
000199-001,"""",O
000199-001,Rasulullah,B_PERSON
000199-001,mengutusku,O
000199-001,agar,O
000199-001,mencari,O
000199-001,Sa'd,B_PERSON
000199-001,bin,I_PERSON
000199-001,Ar-Rabi',I_PERSON
000199-001,.,O
000199-001,Beliau,O
000199-001,bersabda,O
000199-001,",",O
000199-001,"""",O
000199-001,Jika,O
000199-001,engkau,O
000199-001,188,O
000199-001,Sirah,O
000199-001,An-Nabawiyah,O
000199-001,",",O
000199-001,Ibnu,B_PERSON
000199-001,Hisyam,I_PERSON
000199-001,",",O
000199-001,2/94,O
000199-001,menemukannya,O
000199-001,",",O
000199-001,sampaikan,O
000199-001,salamku,O
000199-001,kepadanya,O
000199-001,.,O
000199-001,Katakan,O
000199-001,juga,O
000199-001,kepadanya,O
000199-001,",",O
000199-001,'Rasulullah,O
000199-001,bertanya,O
000199-001,"kepadamu,'Bagaimana",O
000199-001,yang,O
000199-001,engkau,O
000199-001,rasakan,O
000199-001,"?""",O
000199-001,Zaid,B_PERSON
000199-001,bin,I_PERSON
000199-001,Tsabit,I_PERSON
000199-001,menuturkan,O
000199-001,",",O
000199-001,"""",O
000199-001,Kemudian,O
000199-001,aku,O
000199-001,berputar-putar,O
000199-001,di,O
000199-001,antara,O
000199-001,orang-orang,O
000199-001,yang,O
000199-001,terbunuh,O
000199-001,",",O
000199-001,hingga,O
000199-001,aku,O
000199-001,menemukannya,O
000199-001,dengan,O
000199-001,sebuah,O
000199-001,tombak,O
000199-001,terakhir,O
000199-001,yang,O
000199-001,mengenainya,O
000199-001,.,O
000199-001,Sementara,O
000199-001,di,O
000199-001,sekujur,O
000199-001,tubuhnya,O
000199-001,ada,O
000199-001,tujuh,O
000199-001,puluh,O
000199-001,luka,O
000199-001,.,O
000199-001,entah,O
000199-001,karena,O
000199-001,sabetan,O
000199-001,pedang,O
000199-001,",",O
000199-001,hujaman,O
000199-001,anak,O
000199-001,panah,O
000199-001,atau,O
000199-001,pun,O
000199-001,tikaman,O
000199-001,tombak,O
000199-001,.,O
000199-001,"""",O
000199-001,Wahai,O
000199-001,Sa'd,O
000199-001,",""",O
000199-001,kataku,O
000199-001,",",O
000199-001,"""",O
000199-001,Sesungguhnya,O
000199-001,Rasulullah,B_PERSON
000199-001,menyampaikan,O
000199-001,salam,O
000199-001,kepadamu,O
000199-001,dan,O
000199-001,bersabda,O
000199-001,kepadamu,O
000199-001,",",O
000199-001,Sampaikan,O
000199-001,kepadaku,O
000199-001,bagaimana,O
000199-001,yang,O
000199-001,engkau,O
000199-001,rasakan?',O
000199-001,Sa'd,O
000199-001,bertanya,O
000199-001,",",O
000199-001,"""",O
000199-001,Jadi,O
000199-001,Rasulullah,B_PERSON
000199-001,menyampaikan,O
000199-001,salam,O
000199-001,kepadaku,O
000199-001,?,O
000199-001,Sampaikan,O
000199-001,kepada,O
000199-001,beliau,O
000199-001,",",O
000199-001,Wahai,O
000199-001,Rasulullah,B_PERSON
000199-001,",",O
000199-001,aku,O
000199-001,mencium,O
000199-001,bau,O
000199-001,surga,O
000199-001,.,O
000199-001,Katakan,O
000199-001,pula,O
000199-001,kepada,O
000199-001,kaumku,O
000199-001,Anshar,O
000199-001,",",O
000199-001,Kalian,O
000199-001,tidak,O
000199-001,perlu,O
000199-001,lagi,O
000199-001,mencari,O
000199-001,alasan,O
000199-001,di,O
000199-001,sisi,O
000199-001,Allah,O
000199-001,jika,O
000199-001,memang,O
000199-001,Rasulullah,B_PERSON
000199-001,sudah,O
000199-001,selamat,O
000199-001,dan,O
000199-001,ada,O
000199-001,mata,O
000199-001,yang,O
000199-001,melihatnya',O
000199-001,".""",O
000199-001,Setelah,O
000199-001,itu,O
000199-001,dia,O
000199-001,langsung,O
000199-001,menghembuskan,O
000199-001,napasnya,O
000199-001,yang,O
000199-001,terakhir,O
000199-001,.,O
000199-001,189,O
000199-001,Di,O
000199-001,antara,O
000199-001,orang-orang,O
000199-001,yang,O
000199-001,terluka,O
000199-001,itu,O
000199-001,mereka,O
000199-001,juga,O
000199-001,menemukan,O
000199-001,Al-Ushairim,O
000199-001,dari,O
000199-001,Bani,O
000199-001,Abdul,I_PERSON
000199-001,Ashal,I_PERSON
000199-001,Amr,I_PERSON
000199-001,bin,I_PERSON
000199-001,Tsabit,O
000199-001,.,O
000199-001,Di,O
000199-001,badannya,O
000199-001,masih,O
000199-001,terhujam,O
000199-001,tombak,O
000199-001,kecil,O
000199-001,.,O
000199-001,Sebelum,O
000199-001,itu,O
000199-001,mereka,O
000199-001,menawarinya,O
000199-001,agar,O
000199-001,masuk,O
000199-001,Islam,O
000199-001,",",O
000199-001,namun,O
000199-001,Al-Ushairim,O
000199-001,menolaknya,O
000199-001,.,O
000199-001,"""",O
000199-001,Bukankah,O
000199-001,ini,O
000199-001,Al-Ushairim,I_PERSON
000199-001,?,O
000199-003,Kalau,O
000199-003,tidak,O
000199-003,karena,O
000199-003,itu,O
000199-003,",",O
000199-003,aku,O
000199-003,tak,O
000199-003,kan,O
000199-003,sudi,O
000199-003,berperang,O
000199-003,".""",O
000199-003,Karena,O
000199-003,merasa,O
000199-003,tidak,O
000199-003,tahan,O
000199-003,lagi,O
000199-003,dengan,O
000199-003,sakit,O
000199-003,yang,O
000199-003,dideritanya,O
000199-003,",",O
000199-003,maka,O
000199-003,dia,O
000199-003,pun,O
000199-003,bunuh,O
000199-003,diri,O
000199-003,.,O
000199-003,Setelah,O
000199-003,mendengar,O
000199-003,kabarnya,O
000199-003,",",O
000199-003,Rasulullah,B_PERSON
000199-003,bersabda,O
000199-003,",",O
000199-003,"""",O
000199-003,Jika,O
000199-003,dia,O
000199-003,berkata,O
000199-003,seperti,O
000199-003,itu,O
000199-003,",",O
000199-003,maka,O
000199-003,dia,O
000199-003,termasuk,O
000199-003,penghuni,O
000199-003,neraka,O
000199-003,".""",O
000199-003,Begitulah,O
000199-003,akhir,O
000199-003,perjalanan,O
000199-003,orang-orang,O
000199-003,yang,O
000199-003,berperang,O
000199-003,karena,O
000199-003,membela,O
000199-003,kesukuannya,O
000199-003,atau,O
000199-003,karena,O
000199-003,berjuang,O
000199-003,untuk,O
000199-003,meninggikan,O
000199-003,kalimat,O
000199-003,Allah,O
000199-003,",",O
000199-003,sekalipun,O
000199-003,mereka,O
000199-003,berperang,O
000199-003,di,O
000199-003,bawah,O
000199-003,bendera,O
000199-003,Islam,O
000199-003,dan,O
000199-003,bergabung,O
000199-003,bersama,O
000199-003,pasukan,O
000199-003,Rasulullah,B_PERSON
000199-003,dan,O
000199-003,para,O
000199-003,sahabat,O
000199-003,.,O
000199-003,Sebaliknya,O
000199-003,",",O
000199-003,di,O
000199-003,antara,O
000199-003,orang-orang,O
000199-003,yang,O
000199-003,terbunuh,O
000199-003,terdapat,O
000199-003,seorang,O
000199-003,Yahudi,O
000199-003,dari,O
000199-003,Bani,O
000199-003,Tsa'labah,O
000199-003,.,O
000199-003,Namanya,O
000199-003,Mukhairiq,O
000199-003,.,O
000199-003,Saat,O
000199-003,Perang,B_EVENT
000199-003,Uhud,I_EVENT
000199-003,itu,O
000199-003,dia,O
000199-003,berkata,O
000199-003,kepada,O
000199-003,kaumnya,O
000199-003,",",O
000199-003,"""",O
000199-003,Wahai,O
000199-003,semua,O
000199-003,orang,O
000199-003,Yahudi,O
000199-003,",",O
000199-003,demi,O
000199-003,Allah,O
000199-003,",",O
000199-003,kalian,O
000199-003,sudah,O
000199-003,tahu,O
000199-003,bahwa,O
000199-003,membantu,O
000199-003,Muhammad,B_PERSON
000199-003,saat,O
000199-003,ini,O
000199-003,merupakan,O
000199-003,kewajiban,O
000199-003,bagi,O
000199-003,kalian,O
000199-003,".""",O
000199-003,Mereka,O
000199-003,berkata,O
000199-003,",",O
000199-003,"""",O
000199-003,Hari,O
000199-003,ini,O
000199-003,adalah,O
000199-003,hari,B_TIME
000199-003,Sabtu,I_TIME
000199-003,".""",O
000199-003,Hari,O
000199-003,Sabtu,I_TIME
000199-003,adalah,O
000199-003,hari,O
000199-003,besar,O
000199-003,dan,O
000199-003,suci,O
000199-003,bagi,O
000199-003,orang-orang,O
000199-003,Yahudi,O
000199-003,.,O
000199-003,Pada,O
000199-003,hari,B_TIME
000199-003,ini,O
000199-003,mereka,O
000199-003,tidak,O
000199-003,diperkenankan,O
000199-003,berperang,O
000199-003,.,O
000199-003,"""",O
000199-003,Tidak,O
000199-003,ada,O
000199-003,hari,O
000199-003,Sabtu,I_TIME
000199-003,bagi,O
000199-003,kalian,O
000199-003,",""",O
000199-003,jawabnya,O
000199-003,.,O
000199-003,Lalu,O
000199-003,mengambil,O
000199-003,pedang,O
000199-003,dan,O
000199-003,segala,O
000199-003,perlengkapan,O
000199-003,",",O
000199-003,seraya,O
000199-003,berkata,O
000199-003,",",O
000199-003,"""",O
000199-003,Kalau,O
000199-003,pun,O
000199-003,aku,O
000199-003,mendapat,O
000199-003,celaka,O
000199-003,.,O
000199-003,aku,O
000199-003,tak,O
000199-003,peduli,O
000199-003,dengan,O
000199-003,diri,O
000199-003,Muhammad,B_PERSON
000199-003,.,O
000199-003,Biarlah,O
000199-003,dia,O
000199-003,berbuat,O
000199-003,semaunya,O
000199-003,dalam,O
000199-003,peperangan,O
000199-003,ini,O
000199-003,".""",O
000199-003,Kemudian,O
000199-003,dia,O
000199-003,pergi,O
000199-003,ke,O
000199-003,medan,O
000199-003,perang,O
000199-003,dan,O
000199-003,bertempur,O
000199-003,hingga,O
000199-003,terbunuh,O
000199-003,.,O
000199-003,Rasulullah,B_PERSON
000199-003,bersabda,O
000199-003,tentang,O
000199-003,dirinya,O
000199-003,",",O
000199-003,"""",O
000199-003,Mukhairiq,O
000199-003,adalah,O
000199-003,sebaik-baik,O
000199-003,orang,O
000199-003,Yahudi,O
000199-003,".""",O
000200-003,Beliau,O
000200-003,menangis,O
000200-003,lagi,O
000200-003,hingga,O
000200-003,terisak-isak,O
000200-003,".""",O
000200-003,191,O
000200-003,Zadul-Ma'ad,O
000200-003,",",O
000200-003,2/94,O
000200-003,Pemandangan,O
000200-003,para,O
000200-003,syuhada,O
000200-003,benar-benar,O
000200-003,sangat,O
000200-003,mengenaskan,O
000200-003,dan,O
000200-003,membuat,O
000200-003,hati,O
000200-003,teriris-iris,O
000200-003,.,O
000200-003,Khabbab,B_PERSON
000200-003,berkata,O
000200-003,",",O
000200-003,"""",O
000200-003,Tidak,O
000200-003,ada,O
000200-003,kafan,O
000200-003,bagi,O
000200-003,Hamzah,B_PERSON
000200-003,selain,O
000200-003,selembar,O
000200-003,mantel,O
000200-003,yang,O
000200-003,berwarna,O
000200-003,putih,O
000200-003,bercampur,O
000200-003,hitam,O
000200-003,.,O
000200-003,Jika,O
000200-003,mantel,O
000200-003,itu,O
000200-003,ditarik,O
000200-003,ke,O
000200-003,bagian,O
000200-003,pala,O
000200-003,",",O
000200-003,maka,O
000200-003,kakinya,O
000200-003,menyembul,O
000200-003,",",O
000200-003,dan,O
000200-003,jika,O
000200-003,ditarik,O
000200-003,ke,O
000200-003,bagian,O
000200-003,kaki,O
000200-003,",",O
000200-003,maka,O
000200-003,kepalanya,O
000200-003,yang,O
000200-003,menyembul,O
000200-003,.,O
000200-003,Akhirnya,O
000200-003,mantel,O
000200-003,itu,O
000200-003,ditarik,O
000200-003,menutupi,O
000200-003,kepala,O
000200-003,dan,O
000200-003,kakinya,O
000200-003,ditutupi,O
000200-003,dengan,O
000200-003,Abdurrahman,B_PERSON
000200-003,bin,I_PERSON
000200-003,Auf,I_PERSON
000200-003,berkata,O
000200-003,",",O
000200-003,"""",O
000200-003,Mush'ab,B_PERSON
000200-003,bin,I_PERSON
000200-003,Umair,I_PERSON
000200-003,terbunuh,O
000200-003,",",O
000200-003,padahal,O
000200-003,dia,O
000200-003,lebih,O
000200-003,baik,O
000200-003,daripada,O
000200-003,aku,O
000200-003,.,O
000200-003,Dia,O
000200-003,dikafani,O
000200-003,dengan,O
000200-003,mantel,O
000200-003,.,O
000200-003,Jika,O
000200-003,bagian,O
000200-003,kepalanya,O
000200-003,ditutupi,O
000200-003,",",O
000200-003,maka,O
000200-003,kakinya,O
000200-003,menyembul,O
000200-003,",",O
000200-003,dan,O
000200-003,jika,O
000200-003,kakinya,O
000200-003,yang,O
000200-003,ditutupi,O
000200-003,",",O
000200-003,maka,O
000200-003,kepalanya,O
000200-003,yang,O
000200-003,menyembul,O
000200-003,".""",O
000200-003,Riwayat,O
000200-003,serupa,O
000200-003,juga,O
000200-003,berlaku,O
000200-003,bagi,O
000200-003,Khabbab,B_LOCATION
000200-003,Dalam,O
000200-003,keadaan,O
000200-003,seperti,O
000200-003,ini,O
000200-003,Rasulullah,B_PERSON
000200-003,bersabda,O
000200-003,kepada,O
000200-003,kami,O
000200-003,",",O
000200-003,"""",O
000200-003,Tutuplah,O
000200-003,mantel,O
000200-003,itu,O
000200-003,ke,O
000200-003,bagian,O
000200-003,kepalanya,O
000200-003,dan,O
000200-003,tutupkan,O
000200-003,dedaunan,O
000200-003,ke,O
000200-003,bagian,O
000201-001,Al-Imam,O
000201-001,Ahmad,O
000201-001,meriway,O
000201-001,atkan,O
000201-001,tentang,O
000201-001,kejadian,O
000201-001,pada,O
000201-001,Perang,B_EVENT
000201-001,Uhud,I_EVENT
000201-001,",",O
000201-001,setelah,O
000201-001,orang-orang,O
000201-001,musyrik,O
000201-001,kembali,O
000201-001,.,O
000201-001,Rasulullah,B_PERSON
000201-001,bersabda,O
000201-001,",",O
000201-001,Berbarislah,O
000201-001,yang,O
000201-001,lurus,O
000201-001,Aku,O
000201-001,akan,O
000201-001,memuji,O
000201-001,Allah,O
000201-001,dan,O
000201-001,berdoa,O
000201-001,kepada-Nya,O
000201-001,".""",O
000201-001,Maka,O
000201-001,mereka,O
000201-001,pun,O
000201-001,berjajar,O
000201-001,membuat,O
000201-001,beberapa,O
000201-001,shaff,O
000201-001,ke,O
000201-001,belakang,O
000201-001,beliau,O
000201-001,",",O
000201-001,lalu,O
000201-001,beliau,O
000201-001,membaca,O
000201-001,Yg,O
000201-001,yg,O
000201-001,yg,O
000201-001,yg,O
000201-001,yg,O
000201-001,yg,O
000201-001,1/140,O
000201-001,.,O
000201-001,193,O
000201-001,Shahih,O
000201-001,Al-Bukhari,O
000201-001,",",O
000201-001,2/579,O
000201-001,",",O
000201-001,Yg,O
000201-001,"""",O
000201-001,Ya,O
000201-001,Allah,O
000201-001,",",O
000201-001,segala,O
000201-001,puji,O
000201-001,bagi-Mu,O
000201-001,",",O
000201-001,Ya,O
000201-001,Allah,O
000201-001,",",O
000201-001,tidak,O
000201-001,ada,O
000201-001,yang,O
000201-001,bisa,O
000201-001,memungut,O
000201-001,apa,O
000201-001,yang,O
000201-001,Engkau,O
000201-001,hamparkan,O
000201-001,",",O
000201-001,tidak,O
000201-001,ada,O
000201-001,yang,O
000201-001,bisa,O
000201-001,menghamparkan,O
000201-001,apa,O
000201-001,yang,O
000201-001,Engkau,O
000201-001,pungut,O
000201-001,.,O
000201-001,Tidak,O
000201-001,ada,O
000201-001,yang,O
000201-001,bisa,O
000201-001,memberi,O
000201-001,petunjuk,O
000201-001,kepada,O
000201-001,orang,O
000201-001,yang,O
000201-001,Engkau,O
000201-001,sesatkan,O
000201-001,dan,O
000201-001,tidak,O
000201-001,ada,O
000201-001,yang,O
000201-001,bisa,O
000201-001,memberi,O
000201-001,kesesatan,O
000201-001,kepada,O
000201-001,orang,O
000201-001,yang,O
000201-001,Engkau,O
000201-001,beri,O
000201-001,petunjuk,O
000201-001,.,O
000201-001,Tidak,O
000201-001,ada,O
000201-001,yang,O
000201-001,bisa,O
000201-001,memberi,O
000201-001,apa,O
000201-001,yang,O
000201-001,Engkau,O
000201-001,tahan,O
000201-001,dan,O
000201-001,tidak,O
000201-001,ada,O
000201-001,yang,O
000201-001,bisa,O
000201-001,menahan,O
000201-001,apa,O
000201-001,yang,O
000201-001,Engkau,O
000201-001,berikan,O
000201-001,.,O
000201-001,Tidak,O
000201-001,ada,O
000201-001,yang,O
000201-001,bisa,O
000201-001,mendekatkan,O
000201-001,apa,O
000201-001,yang,O
000201-001,Engkau,O
000201-001,jauhkan,O
000201-001,dan,O
000201-001,tidak,O
000201-001,ada,O
000201-001,yang,O
000201-001,bisa,O
000201-001,menjauhkan,O
000201-001,apa,O
000201-001,yang,O
000201-001,Engkau,O
000201-001,dekatkan,O
000201-001,.,O
000201-001,Ya,O
000201-001,Allah,O
000201-001,",",O
000201-001,hamparkanlah,O
000201-001,kepada,O
000201-001,kami,O
000201-001,dari,O
000201-001,barakah-Mu,O
000201-001,",",O
000201-001,rahmat-Mu,O
000201-001,",",O
000201-001,karunia-Mu,O
000201-001,",",O
000201-001,dan,O
000201-001,rezeki-Mu,O
000201-001,.,O
000201-001,Ya,O
000201-001,Allah,O
000201-001,",",O
000201-001,sesungguhnya,O
000201-001,aku,O
000201-001,memohon,O
000201-001,kenikmatan,O
000201-001,yang,O
000201-001,kekal,O
000201-001,kepada-Mu,O
000201-001,",",O
000201-001,yang,O
000201-001,tidak,O
000201-001,berubah,O
000201-001,dan,O
000201-001,habis,O
000201-001,.,O
000201-001,Ya,O
000201-001,Allah,O
000201-001,",",O
000201-001,sesungguhnya,O
000201-001,aku,O
000201-001,memohon,O
000201-001,pertolongan,O
000201-001,kepada-Mu,O
000201-001,saat,O
000201-001,lemah,O
000201-001,dan,O
000201-001,keamanan,O
000201-001,pada,O
000201-001,saat,O
000201-001,ketakutan,O
000201-001,.,O
000201-001,Ya,O
000201-001,Allah,O
000201-001,",",O
000201-001,sesungguhnya,O
000201-001,aku,O
000201-001,berlindung,O
000201-001,kepada-Mu,O
000201-001,dari,O
000201-001,kejahatan,O
000201-001,yang,O
000201-001,Engkau,O
000201-001,berikan,O
000201-001,kepada,O
000201-001,kami,O
000201-001,dan,O
000201-001,kejahatan,O
000201-001,yang,O
000201-001,Engkau,O
000201-001,tahan,O
000201-001,dari,O
000201-001,kami,O
000201-001,.,O
000201-001,Ya,O
000201-001,Allah,O
000201-001,",",O
000201-001,buatlah,O
000201-001,kami,O
000201-001,mencintai,O
000201-001,iman,O
000201-001,dan,O
000201-001,buatlah,O
000201-001,iman,O
000201-001,itu,O
000201-001,bagus,O
000201-001,di,O
000201-001,dalam,O
000201-001,hati,O
000201-001,kami,O
000201-001,.,O
000201-001,Buatlah,O
000201-001,kami,O
000201-001,membenci,O
000201-001,kekufuran,O
000201-001,",",O
000201-001,kefasikan,O
000201-001,",",O
000201-001,dan,O
000201-001,kedurhakaan,O
000201-001,.,O
000202-001,Seusai,O
000202-001,mengubur,O
000202-001,para,O
000202-001,syuhada',O
000202-001,",",O
000202-001,berdoa,O
000202-001,kepada,O
000202-001,Allah,O
000202-001,",",O
000202-001,dan,O
000202-001,pasrah,O
000202-001,kepada-,O
000202-001,194,O
000202-001,Diriwayatkan,O
000202-001,Al-Bukhari,O
000202-001,di,O
000202-001,dalam,O
000202-001,Al-Adabul-Mufrad,O
000202-001,",",O
000202-001,dan,O
000202-001,Al-Imam,O
000202-001,Ahmad,O
000202-001,di,O
000202-001,dalam,O
000202-001,Musnad-,O
000202-001,nya,O
000202-001,",",O
000202-001,3/424,O
000202-001,.,O
000202-001,Nya,O
000202-001,",",O
000202-001,Rasulullah,B_PERSON
000202-001,kembali,O
000202-001,ke,O
000202-001,Madinah,B_LOCATION
000202-001,.,O
000202-001,Di,O
000202-001,sini,O
000202-001,terlihat,O
000202-001,butir-butir,O
000202-001,dan,O
000202-001,kasih,O
000202-001,sayang,O
000202-001,dari,O
000202-001,para,O
000202-001,wanita,O
000202-001,Mukminah,O
000202-001,",",O
000202-001,seperti,O
000202-001,kecintaan,O
000202-001,yang,O
000202-001,ditampakkan,O
000202-001,orang-,O
000202-001,orang,O
000202-001,Mukmin,O
000202-001,di,O
000202-001,kancah,O
000202-001,peperangan,O
000202-001,.,O
000202-001,Di,O
000202-001,tengah,O
000202-001,perjalanan,O
000202-001,beliau,O
000202-001,berpapasan,O
000202-001,dengan,O
000202-001,Hamnah,B_PERSON
000202-001,binti,I_PERSON
000202-001,Jahsy,I_PERSON
000202-001,.,O
000202-001,Setelah,O
000202-001,kematian,O
000202-001,saudaranya,O
000202-001,dikabarkan,O
000202-001,kepadanya,O
000202-001,",",O
000202-001,dia,O
000202-001,berucap,O
000202-001,",",O
000202-001,"""",O
000202-001,Inna,O
000202-001,lillahi,O
000202-001,...,O
000202-001,Lalu,O
000202-001,memohon,O
000202-001,ampunan,O
000202-001,baginya,O
000202-001,.,O
000202-001,Dia,O
000202-001,berbuat,O
000202-001,hal,O
000202-001,serupa,O
000202-001,tatkala,O
000202-001,dikabarkan,O
000202-001,kematian,O
000202-001,pamannya,O
000202-001,",",O
000202-001,Hamzah,B_PERSON
000202-001,bin,I_PERSON
000202-001,Abdul,I_PERSON
000202-001,Muththalib,I_PERSON
000202-001,.,O
000202-001,Ketika,O
000202-001,dikabarkan,O
000202-001,kematian,O
000202-001,suaminya,O
000202-001,",",O
000202-001,Mush'ab,O
000202-001,bin,I_PERSON
000202-001,Umair,I_PERSON
000202-001,",",O
000202-001,maka,O
000202-001,dia,O
000202-001,menjerit,O
000202-001,dengan,O
000202-001,suara,O
000202-001,keras,O
000202-001,Saat,O
000202-001,itu,O
000202-001,beliau,O
000202-001,bersabda,O
000202-001,",",O
000202-001,"""",O
000202-001,Sesungguhnya,O
000202-001,suami,O
000202-001,wanita,O
000202-001,itu,O
000202-001,mempunyai,O
000202-001,tempat,O
000202-001,tersendiri,O
000202-001,di,O
000202-001,hatinya,O
000202-001,".""",O
000202-001,Di,O
000202-001,tengah,O
000202-001,perjalanan,O
000202-001,beliau,O
000202-001,juga,O
000202-001,berpapasan,O
000202-001,dengan,O
000202-001,seorang,O
000202-001,wanita,O
000202-001,dari,O
000202-001,Bani,O
000202-001,Dinar,I_PERSON
000202-001,",",O
000202-001,yang,O
000202-001,suami,O
000202-001,",",O
000202-001,saudaranya,O
000202-001,dan,O
000202-001,ayahnya,O
000202-001,terbunuh,O
000202-001,dalam,O
000202-001,Perang,B_EVENT
000202-001,Uhud,I_EVENT
000202-001,.,O
000202-001,Saat,O
000202-001,orang-orang,O
000202-001,memberitahukan,O
000202-001,kematian,O
000202-001,mereka,O
000202-001,",",O
000202-001,wanita,O
000202-001,ini,O
000202-001,justru,O
000202-001,bertanya,O
000202-001,",",O
000202-001,"""",O
000202-001,Lalu,O
000202-001,apa,O
000202-001,yang,O
000202-001,terjadi,O
000202-001,pada,O
000202-001,diri,O
000202-001,Rasulullah,B_PERSON
000202-001,"?""",O
000202-001,"""",O
000202-001,Beliau,O
000202-001,baik-baik,O
000202-001,saja,O
000202-001,wahai,O
000202-001,Ummu,B_PERSON
000202-001,Fulan,O
000202-001,.,O
000202-001,Beliau,O
000202-001,membawa,O
000202-001,puji,O
000202-001,bagi,O
000202-001,Allah,O
000202-001,seperti,O
000202-001,yang,O
000202-001,engkau,O
000202-001,inginkan,O
000202-001,",""",O
000202-001,jawab,O
000202-001,mereka,O
000202-001,.,O
000202-001,"""",O
000202-001,Tunjukkan,O
000202-001,kepadaku,O
000202-001,agar,O
000202-001,aku,O
000202-001,bisa,O
000202-001,melihat,O
000202-001,beliau,O
000202-001,",""",O
000202-001,pintanya,O
000202-001,.,O
000202-001,Ketika,O
000202-001,wanita,O
000202-001,itu,O
000202-001,sudah,O
000202-001,melihat,O
000202-001,beliau,O
000202-001,",",O
000202-001,maka,O
000202-001,dia,O
000202-001,berkata,O
000202-001,",",O
000202-001,"""",O
000202-001,Setiap,O
000202-001,musibah,O
000202-001,asal,O
000202-001,tidak,O
000202-001,menimpa,O
000202-001,engkau,O
000202-001,adalah,O
000202-001,Lalu,O
000202-001,datang,O
000202-001,Ummu,B_PERSON
000202-001,Sa'd,O
000202-001,bin,I_PERSON
000202-001,Mu'adz,I_PERSON
000202-001,sambil,O
000202-001,berlari-lari,O
000202-001,",",O
000202-001,sementara,O
000202-001,Sa'd,I_PERSON
000202-001,sedang,O
000202-001,memegang,O
000202-001,tali,O
000202-001,kekang,O
000202-001,kuda,O
000202-001,beliau,O
000202-001,.,O
000205-001,Orang-orang,O
000205-001,Muslim,O
000205-001,berada,O
000205-001,di,O
000205-001,Madinah,B_LOCATION
000205-001,pada,O
000205-001,malam,O
000205-001,Ahad,I_TIME
000205-001,",",O
000205-001,sepulang,O
000205-001,dari,O
000205-001,Perang,B_EVENT
000205-001,Uhud,I_EVENT
000205-001,.,O
000205-001,Suasana,O
000205-001,duka,O
000205-001,menyelimuti,O
000205-001,diri,O
000205-001,mereka,O
000205-001,",",O
000205-001,ditambah,O
000205-001,lagi,O
000205-001,keadaan,O
000205-001,badan,O
000205-001,yang,O
000205-001,terasa,O
000205-001,letih,O
000205-001,dan,O
000205-001,payah,O
000205-001,.,O
000205-001,Kali,O
000205-001,ini,O
000205-001,mereka,O
000205-001,benar-benar,O
000205-001,mendapat,O
000205-001,bencana,O
000205-001,.,O
000205-001,Namun,O
000205-001,begitu,O
000205-001,mereka,O
000205-001,tetap,O
000205-001,berjaga-jaga,O
000205-001,di,O
000205-001,dalam,O
000205-001,dan,O
000205-001,pinggir,O
000205-001,Al-Halabiyah,O
000205-001,.,O
000205-001,2/47,O
000205-001,.,O
000205-001,197,O
000205-001,Sirah,O
000205-001,An-Nabawiyah,O
000205-001,",",O
000205-001,Ibnu,B_PERSON
000205-001,Hisyam,I_PERSON
000205-001,",",O
000205-001,2/100,O
000205-001,.,O
000205-001,198,O
000205-001,Lihat,O
000205-001,rincian,O
000205-001,masalah,O
000205-001,ini,O
000205-001,dalam,O
000205-001,Sirah,O
000205-001,An-Nabawiyah,O
000205-001,",",O
000205-001,Ibnu,B_PERSON
000205-001,Hisyam,I_PERSON
000205-001,",",O
000205-001,2/122-129,O
000205-001,;,O
000205-001,Fathul-Bari,O
000205-001,",",O
000205-001,7/351,O
000205-001,.,O
000205-001,Madinah,B_LOCATION
000205-001,",",O
000205-001,khususnya,O
000205-001,menjaga,O
000205-001,komandan,O
000205-001,tertinggi,O
000205-001,",",O
000205-001,Rasulullah,B_PERSON
000205-001,",",O
000205-001,yang,O
000205-001,sewaktu,O
000205-001,waktu,O
000205-001,bisa,O
000205-001,terancam,O
000205-001,bahaya,O
000206-001,Rasulullah,B_PERSON
000206-001,tidak,O
000206-001,berhenti,O
000206-001,memeras,O
000206-001,pikiran,O
000206-001,dalam,O
000206-001,menghadapi,O
000206-001,keadaan,O
000206-001,ini,O
000206-001,.,O
000206-001,Karena,O
000206-001,orang-orang,O
000206-001,Quraisy,O
000206-001,tidak,O
000206-001,memperoleh,O
000206-001,kemenangan,O
000206-001,yang,O
000206-001,mutlak,O
000206-001,dan,O
000206-001,mereka,O
000206-001,pun,O
000206-001,tidak,O
000206-001,mendapatkan,O
000206-001,keuntungan,O
000206-001,material,O
000206-001,yang,O
000206-001,berarti,O
000206-001,di,O
000206-001,kancah,O
000206-001,peperangan,O
000206-001,",",O
000206-001,maka,O
000206-001,beliau,O
000206-001,khawatir,O
000206-001,mereka,O
000206-001,akan,O
000206-001,kecewa,O
000206-001,dengan,O
000206-001,hasil,O
000206-001,itu,O
000206-001,lalu,O
000206-001,kembali,O
000206-001,lagi,O
000206-001,ke,O
000206-001,Madinah,B_LOCATION
000206-001,untuk,O
000206-001,melakukan,O
000206-001,serangan,O
000206-001,sekali,O
000206-001,lagi,O
000206-001,.,O
000206-001,Maka,O
000206-001,dari,O
000206-001,itu,O
000206-001,beliau,O
000206-001,bertekad,O
000206-001,mengusir,O
000206-001,pasukan,O
000206-001,Quraisy,O
000206-001,saat,O
000206-001,itu,O
000206-001,pula,O
000206-001,.,O
000206-001,Sebagaimana,O
000206-001,yang,O
000206-001,dinyatakan,O
000206-001,para,O
000206-001,pakar,O
000206-001,peperangan,O
000206-001,",",O
000206-001,bahwa,O
000206-001,Nabi,O
000206-001,berseru,O
000206-001,di,O
000206-001,hadapan,O
000206-001,orang-orang,O
000206-001,dan,O
000206-001,menganjurkan,O
000206-001,agar,O
000206-001,mereka,O
000206-001,mengejar,O
000206-001,musuh,O
000206-001,.,O
000206-001,Ini,O
000206-001,terjadi,O
000206-001,pada,O
000206-001,keesokan,O
000206-001,hari,O
000206-001,setelah,O
000206-001,Perang,B_EVENT
000206-001,Uhud,I_EVENT
000206-001,",",O
000206-001,tepatnya,O
000206-001,hari,B_TIME
000206-001,Ahad,I_TIME
000206-001,tanggal,I_TIME
000206-001,8,I_TIME
000206-001,Syawwal,I_TIME
000206-001,3,I_TIME
000206-001,H,I_TIME
000206-001,.,O
000206-001,Beliau,O
000206-001,bersabda,O
000206-001,",",O
000206-001,"""",O
000206-001,Yang,O
000206-001,boleh,O
000206-001,bergabung,O
000206-001,bersama,O
000206-001,kami,O
000206-001,hanyalah,O
000206-001,orang-,O
000206-001,orang,O
000206-001,yang,O
000206-001,sebelumnya,O
000206-001,bergabung,O
000206-001,dalam,O
000206-001,Perang,O
000206-001,Uhud,I_EVENT
000206-001,".""",O
000206-001,"""",O
000206-001,Bagaimana,O
000206-001,jika,O
000206-001,aku,O
000206-001,ikut,O
000206-001,bersamamu,O
000206-001,"?""",O
000206-001,tanya,O
000206-001,Abdullah,B_PERSON
000206-001,bin,I_PERSON
000206-001,Ubay,I_PERSON
000206-001,pimpinan,O
000206-001,orang-orang,O
000206-001,munafik,O
000206-001,.,O
000206-001,"""",O
000206-001,Tidak,O
000206-001,",""",O
000206-001,jawab,O
000206-001,beliau,O
000206-001,.,O
000206-001,Banyak,O
000206-001,orang-orang,O
000206-001,Muslim,O
000206-001,yang,O
000206-001,meminta,O
000206-001,izin,O
000206-001,kepada,O
000206-001,beliau,O
000206-001,karena,O
000206-001,orang-orang,O
000206-001,yang,O
000206-001,bergabung,O
000206-001,dalam,O
000206-001,Perang,B_EVENT
000206-001,Uhud,I_EVENT
000206-001,banyak,O
000206-001,yang,O
000206-001,terluka,O
000206-001,",",O
000206-001,dan,O
000206-001,beliau,O
000206-001,mengizinkan,O
000206-001,mereka,O
000206-001,.,O
000206-001,Jabir,B_PERSON
000206-001,bin,I_PERSON
000206-001,Abdullah,B_PERSON
000206-001,juga,O
000206-001,meminta,O
000206-001,izin,O
000206-001,seraya,O
000206-001,berkata,O
000206-001,",",O
000206-001,"""",O
000206-001,Wahai,O
000206-001,Rasulullah,B_PERSON
000206-001,aku,O
000206-001,suka,O
000206-001,jika,O
000206-001,senantiasa,O
000206-001,dapat,O
000206-001,menyertai,O
000206-001,setiap,O
000206-001,kali,O
000206-001,engkau,O
000206-001,terjun,O
000206-001,ke,O
000206-001,peperangan,O
000206-001,.,O
000206-001,Kemarin,O
000206-001,aku,O
000206-001,tidak,O
000206-001,bisa,O
000206-001,ikut,O
000206-001,serta,O
000206-001,karena,O
000206-001,harus,O
000206-001,mewakili,O
000206-001,ayahku,O
000206-001,mengurus,O
000206-001,saudari-saudariku,O
000206-001,.,O
000206-001,Maka,O
000206-001,kali,O
000206-001,ini,O
000206-001,izinkanlah,O
000206-001,aku,O
000206-001,untuk,O
000206-001,bergabung,O
000206-001,bersama,O
000206-001,engkau,O
000206-001,".""",O
000206-001,Akhirnya,O
000206-001,dia,O
000206-001,diizinkan,O
000206-001,.,O
000206-001,Rasulullah,B_PERSON
000206-001,bersama,O
000206-001,orang-orang,O
000206-001,Muslim,O
000206-001,keluar,O
000206-001,dari,O
000206-001,Madinah,B_LOCATION
000206-001,hingga,O
000206-001,tiba,O
000206-001,di,O
000206-001,Hamra'ul,I_EVENT
000206-001,Asad,I_PERSON
000206-001,",",O
000206-001,sejauh,O
000206-001,8,O
000206-001,mil,O
000206-001,dari,O
000206-001,Madinah,B_LOCATION
000206-001,.,O
000206-006,Setelah,O
000206-006,tertangkap,O
000206-006,",",O
000206-006,dia,O
000206-006,berkata,O
000206-006,",",O
000206-006,"""",O
000206-006,Wahai,O
000206-006,Muhammad,B_PERSON
000206-006,",",O
000206-006,bebaskanlah,O
000206-006,dan,O
000206-006,kasihanilah,O
000206-006,aku,O
000206-006,.,O
000206-006,Lepaskanlah,O
000206-006,diriku,O
000206-006,demi,O
000206-006,putri-putriku,O
000206-006,.,O
000206-006,Beri,O
000206-006,aku,O
000206-006,satu,O
000206-006,perjanjian,O
000206-006,lagi,O
000206-006,agar,O
000206-006,aku,O
000206-006,tidak,O
000206-006,mengulang,O
000206-006,lagi,O
000206-006,perbuatan,O
000206-006,seperti,O
000206-006,ini,O
000206-006,".""",O
000206-006,Beliau,O
000206-006,bersabda,O
000206-006,",",O
000206-006,"""",O
000206-006,Dua,O
000206-006,kali,O
000206-006,pembangkanganmu,O
000206-006,di,O
000206-006,Makkah,B_LOCATION
000206-006,tidak,O
000206-006,akan,O
000206-006,terhapus,O
000206-006,",",O
000206-006,dan,O
000206-006,setelah,O
000206-006,itu,O
000206-006,engkau,O
000206-006,berkata,O
000206-006,",",O
000206-006,Aku,O
000206-006,telah,O
000206-006,menipu,O
000206-006,Muhammad,B_PERSON
000206-006,dua,O
000206-006,kali',O
000206-006,.,O
000206-006,Orang,O
000206-006,Mukmin,O
000206-006,itu,O
000206-006,tidak,O
000206-006,akan,O
000206-006,terjerumus,O
000206-006,ke,O
000206-006,dalam,O
000206-006,satu,O
000206-006,lubang,O
000206-006,dua,O
000206-006,kali,O
000206-006,".""",O
000206-006,Kemudian,O
000206-006,beliau,O
000206-006,memerintahkan,O
000206-006,Az-Zubair,O
000206-006,atau,O
000206-006,Ashim,B_PERSON
000206-006,bin,I_PERSON
000206-006,Tsabit,I_PERSON
000206-006,untuk,O
000206-006,membunuhnya,O
000206-006,.,O
000206-006,Beliau,O
000206-006,juga,O
000206-006,menjatuhkan,O
000206-006,hukuman,O
000206-006,yang,O
000206-006,sama,O
000206-006,kepada,O
000206-006,salah,O
000206-006,seorang,O
000206-006,mata-,O
000206-006,mata,O
000206-006,Quraisy,O
000206-006,",",O
000206-006,yaitu,O
000206-006,Mu'awiyah,O
000206-006,bin,O
000206-006,Al-Mughirah,I_PERSON
000206-006,bin,I_PERSON
000206-006,Abul,B_PERSON
000206-006,Ash,I_PERSON
000206-006,",",O
000206-006,kakek,O
000206-006,Abdul,I_PERSON
000206-006,Malik,I_PERSON
000206-006,bin,I_PERSON
000206-006,Marwan,B_PERSON
000206-006,dari,O
000206-006,garis,O
000206-006,ibunya,O
000206-006,.,O
000206-006,Hal,O
000206-006,ini,O
000206-006,bermula,O
000206-006,dari,O
000206-006,inisiatif,O
000206-006,Mu,I_PERSON
000206-006,awiyah,O
000206-006,untuk,O
000206-006,menemui,O
000206-006,keponakannya,O
000206-006,",",O
000206-006,Utsman,B_PERSON
000206-006,bin,I_PERSON
000206-006,Affan,I_PERSON
000206-006,$%,O
000206-006,setelah,O
000206-006,orang-orang,O
000206-006,Quraisy,O
000206-006,kembali,O
000206-006,dari,O
000206-006,Perang,B_EVENT
000206-006,Uhud,I_EVENT
000206-006,.,O
000206-006,Lalu,O
000206-006,Utsman,B_PERSON
000206-006,meminta,O
000206-006,perlindungan,O
000206-006,keamanan,O
000206-006,baginya,O
000206-006,kepada,O
000206-006,Rasulullah,B_PERSON
000206-006,.,O
000206-006,Beliau,O
000206-006,memberikannya,O
000206-006,selama,O
000206-006,jangka,O
000206-006,waktu,O
000206-006,tiga,O
000206-006,hari,O
000206-006,.,O
000206-006,Setelah,O
000206-006,itu,O
000206-006,tidak,O
000206-006,ada,O
000206-006,lagi,O
000206-006,perlindungan,O
000206-006,baginya,O
000206-006,jika,O
000206-006,dia,O
000206-006,sampai,O
000206-006,tertangkap,O
000206-006,.,O
000206-006,Namun,O
000206-006,tatkala,O
000206-006,Madinah,B_LOCATION
000206-006,ditinggalkan,O
000206-006,pasukan,O
000206-006,",",O
000206-006,ternyata,O
000206-006,dia,O
000206-006,menetap,O
000206-006,di,O
000206-006,sana,O
000206-006,lebih,O
000206-006,tiga,O
000206-006,hari,O
000206-006,dan,O
000206-006,melakukan,O
000206-006,kegiatan,O
000206-006,mata-mata,O
000206-006,untuk,O
000206-006,kepentingan,O
000206-006,Quraisy,O
000206-006,.,O
000206-006,Setelah,O
000206-006,pasukan,O
000206-006,Islam,O
000206-006,kembali,O
000206-006,ke,O
000206-006,Madinah,B_LOCATION
000206-006,",",O
000206-006,dia,O
000206-006,cepat-,O
000206-006,cepat,O
000206-006,melarikan,O
000206-006,diri,O
000206-006,.,O
000206-006,Rasulullah,B_PERSON
000206-006,memerintahkan,O
000206-006,Zaid,B_PERSON
000206-006,bin,I_PERSON
000206-006,Haritsah,I_PERSON
000206-006,dan,O
000206-006,Ammar,I_PERSON
000206-006,bin,I_PERSON
000206-006,Yasir,I_PERSON
000206-006,untuk,O
000206-006,mengejarnya,O
000206-006,.,O
000206-006,Keduanya,O
000206-006,dapat,O
000206-006,menyusul,O
000206-006,Mu,I_PERSON
000206-006,awiyah,O
000206-006,lalu,O
000206-006,membunuhnya,O
000206-006,.,O
000232-001,Setelah,O
000232-001,Rasululah,O
000232-001,merasa,O
000232-001,tenang,O
000232-001,berada,O
000232-001,di,O
000232-001,sana,O
000232-001,",",O
000232-001,tiba-tiba,O
000232-001,muncul,O
000232-001,Budail,B_PERSON
000232-001,bin,I_PERSON
000232-001,Warqa',I_PERSON
000232-001,Al-Khuza'y,O
000232-001,bersama,O
000232-001,beberapa,O
000232-001,orang,O
000232-001,dari,O
000232-001,Bani,O
000232-001,Khuza'ah,O
000232-001,Bani,O
000232-001,Khuza'ah,O
000232-001,biasa,O
000232-001,memberi,O
000232-001,nasihat,O
000232-001,kepada,O
000232-001,beliau,O
000232-001,.,O
000232-001,Budial,O
000232-001,berkata,O
000232-001,",",O
000232-001,"""",O
000232-001,Saat,O
000232-001,aku,O
000232-001,meninggalkan,O
000232-001,Ka'b,B_PERSON
000232-001,bin,I_PERSON
000232-001,Lu'ay,I_PERSON
000232-001,",",O
000232-001,mereka,O
000232-001,siap,O
000232-001,berangkat,O
000232-001,ke,O
000232-001,Hudaibiyah,B_LOCATION
000232-001,dengan,O
000232-001,membawa,O
000232-001,pasukan,O
000232-001,.,O
000232-001,Mereka,O
000232-001,hendak,O
000232-001,memerangi,O
000232-001,engkau,O
000232-001,dan,O
000232-001,menghalangi,O
000232-001,engkau,O
000232-001,memasuki,O
000232-001,Masjidil,B_LOCATION
000232-001,Haram,I_LOCATION
000232-001,",""",O
000232-001,Rasulullah,B_PERSON
000232-001,bersabda,O
000232-001,",",O
000232-001,"""",O
000232-001,Sesungguhnya,O
000232-001,kami,O
000232-001,datang,O
000232-001,bukan,O
000232-001,untuk,O
000232-001,memerangi,O
000232-001,seseorang,O
000232-001,.,O
000232-001,Tetapi,O
000232-001,kami,O
000232-001,datang,O
000232-001,untuk,O
000232-001,melakukan,O
000232-001,umrah,O
000232-001,.,O
000232-001,Rupanya,O
000232-001,orang-orang,O
000232-001,Quraisy,O
000232-001,sudah,O
000232-001,semakin,O
000232-001,surut,O
000232-001,dan,O
000232-001,menjadi,O
000232-001,buta,O
000232-001,karena,O
000232-001,peperangan,O
000232-001,.,O
000232-001,Jika,O
000232-001,mereka,O
000232-001,menghendaki,O
000232-001,",",O
000232-001,engkau,O
000232-001,bisa,O
000232-001,membujuk,O
000232-001,mereka,O
000232-001,dan,O
000232-001,membukakan,O
000232-001,jalan,O
000232-001,bagiku,O
000232-001,",",O
000232-001,dan,O
000232-001,jika,O
000232-001,mereka,O
000232-001,menghendaki,O
000232-001,untuk,O
000232-001,memasuki,O
000232-001,sesuatu,O
000232-001,yang,O
000232-001,biasa,O
000232-001,dimasuki,O
000232-001,manusia,O
000232-001,",",O
000232-001,maka,O
000232-001,mereka,O
000232-001,bisa,O
000232-001,melakukannya,O
000232-001,yang,O
000232-001,berarti,O
000232-001,mereka,O
000232-001,masih,O
000232-001,memiliki,O
000232-001,nyali,O
000232-001,.,O
000232-001,Namun,O
000232-001,jika,O
000232-001,tidak,O
000232-001,menghendaki,O
000232-001,kecuali,O
000232-001,perang,O
000232-001,",",O
000232-001,maka,O
000232-001,demi,O
000232-001,diriku,O
000232-001,yang,O
000232-001,ada,O
000232-001,di,O
000232-001,tangan-Nya,O
000232-001,",",O
000232-001,aku,O
000232-001,pasti,O
000232-001,akan,O
000232-001,melayani,O
000232-001,keinginan,O
000232-001,mereka,O
000232-001,hingga,O
000232-001,kemenangan,O
000232-001,yang,O
000232-001,lalu,O
000232-001,hanya,O
000232-001,menjadi,O
000232-001,milikku,O
000232-001,atau,O
000232-001,biarlah,O
000232-001,Allah,O
000232-001,menentukan,O
000232-001,keputusan-Nya,O
000232-001,".""",O
000232-001,Budail,O
000232-001,berkata,O
000232-001,",",O
000232-001,"""",O
000232-001,Aku,O
000232-001,akan,O
000232-001,menyampaikan,O
000232-001,apa,O
000232-001,yang,O
000232-001,engkau,O
000232-001,katakan,O
000232-001,ini,O
000232-001,kepada,O
000232-001,mereka,O
000232-001,".""",O
000232-001,Lalu,O
000232-001,dia,O
000232-001,beranjak,O
000232-001,pergi,O
000232-001,untuk,O
000232-001,menemui,O
000232-001,Quraisy,O
000232-001,",",O
000232-001,seraya,O
000232-001,berkata,O
000232-001,",",O
000232-001,"""",O
000232-001,Aku,O
000232-001,datang,O
000232-001,kepada,O
000232-001,kalian,O
000232-001,setelah,O
000232-001,menemui,O
000232-001,Muhammad,B_PERSON
000232-001,dan,O
000232-001,aku,O
000232-001,mendengar,O
000232-001,dia,O
000232-001,telah,O
000232-001,mengucapkan,O
000232-001,suatu,O
000232-001,perkataan,O
000232-001,.,O
000233-003,Beliau,O
000233-003,bersabda,O
000233-003,saat,O
000233-003,itu,O
000233-003,",",O
000233-003,Aku,O
000233-003,bisa,O
000233-003,menerima,O
000233-003,keislamanmu,O
000233-003,.,O
000233-003,Tetapi,O
000233-003,harta,O
000233-003,benda,O
000233-003,yang,O
000233-003,engkau,O
000233-003,bawa,O
000233-003,",",O
000233-003,aku,O
000233-003,tidak,O
000233-003,mempunyai,O
000233-003,urusan,O
000233-003,dengannnya,O
000233-003,".""",O
000233-003,Kemudian,O
000233-003,Urwah,O
000233-003,menyibak,O
000233-003,kerumunan,O
000233-003,para,O
000233-003,sahabat,O
000233-003,dan,O
000233-003,kembali,O
000233-003,ke,O
000233-003,rekan-rekannya,O
000233-003,dari,O
000233-003,Quraisy,O
000233-003,.,O
000233-003,Di,O
000233-003,sana,O
000233-003,dia,O
000233-003,berkata,O
000233-003,",",O
000233-003,"""",O
000233-003,Wahai,O
000233-003,semua,O
000233-003,orang,O
000233-003,",",O
000233-003,demi,O
000233-003,Allah,O
000233-003,",",O
000233-003,aku,O
000233-003,pernah,O
000233-003,menjadi,O
000233-003,utusan,O
000233-003,untuk,O
000233-003,menemui,O
000233-003,para,O
000233-003,raja,O
000233-003,",",O
000233-003,Qaishar,O
000233-003,dan,O
000233-003,Kisra,B_PERSON
000233-003,.,O
000233-003,Demi,O
000233-003,Allah,O
000233-003,",",O
000233-003,tidak,O
000233-003,pernah,O
000233-003,kulihat,O
000233-003,seorang,O
000233-003,raja,O
000233-003,yang,O
000233-003,diagung-agungkan,O
000233-003,rekan-,O
000233-003,rekannya,O
000233-003,seperti,O
000233-003,yang,O
000233-003,dilakukan,O
000233-003,rekan-rekan,O
000233-003,Muhammad,B_PERSON
000233-003,terhadap,O
000233-003,dirinya,O
000233-003,.,O
000233-003,Demi,O
000233-003,Allah,O
000233-003,",",O
000233-003,setiap,O
000233-003,kali,O
000233-003,Muhammad,B_PERSON
000233-003,mengeluarkan,O
000233-003,dahak,O
000233-003,",",O
000233-003,maka,O
000233-003,dahak,O
000233-003,itu,O
000233-003,pasti,O
000233-003,jatuh,O
000233-003,di,O
000233-003,telapak,O
000233-003,tangan,O
000233-003,salah,O
000233-003,seorang,O
000233-003,di,O
000233-003,antara,O
000233-003,mereka,O
000233-003,",",O
000233-003,lalu,O
000233-003,dia,O
000233-003,mengusap-,O
000233-003,usapkannya,O
000233-003,ke,O
000233-003,wajah,O
000233-003,atau,O
000233-003,kulit,O
000233-003,badannya,O
000233-003,.,O
000233-003,Jika,O
000233-003,dia,O
000233-003,memberikan,O
000233-003,suatu,O
000233-003,perintah,O
000233-003,.,O
000233-003,maka,O
000233-003,mereka,O
000233-003,segera,O
000233-003,melaksanakan,O
000233-003,perintahnya,O
000233-003,.,O
000233-003,Jika,O
000233-003,dia,O
000233-003,wudhu,O
000233-003,",",O
000233-003,maka,O
000233-003,mereka,O
000233-003,seperti,O
000233-003,orang,O
000233-003,yang,O
000233-003,sedang,O
000233-003,bertengkar,O
000233-003,karena,O
000233-003,berebut,O
000233-003,sisa,O
000233-003,air,O
000233-003,wudhunya,O
000233-003,.,O
000233-003,Jika,O
000233-003,dia,O
000233-003,berbicara,O
000233-003,",",O
000233-003,maka,O
000233-003,mereka,O
000233-003,menghentikan,O
000233-003,pembicaraan,O
000233-003,di,O
000233-003,depannya,O
000233-003,.,O
000233-003,Mereka,O
000233-003,tidak,O
000233-003,pernah,O
000233-003,menghujam,O
000233-003,pandangan,O
000233-003,ke,O
000233-003,wajah,O
000233-003,beliau,O
000233-003,karena,O
000233-003,penghormatan,O
000233-003,terhadap,O
000233-003,dirinya,O
000233-003,.,O
000233-003,Dia,O
000233-003,telah,O
000233-003,menyampaikan,O
000233-003,tawaran,O
000233-003,yang,O
000233-003,layak,O
000233-003,kepada,O
000233-003,kalian,O
000233-003,Karena,O
000233-003,itu,O
000233-003,terimalah,O
000233-003,tawaran,O
000233-003,tersebut,O
000233-003,".""",O
000236-001,Cukup,O
000236-001,lama,O
000236-001,Quraisy,O
000236-001,menahan,O
000236-001,Utsman,B_PERSON
000236-001,bin,I_PERSON
000236-001,Affan,I_PERSON
000236-001,di,O
000236-001,Makkah,B_LOCATION
000236-001,.,O
000236-001,Boleh,O
000236-001,jadi,O
000236-001,mereka,O
000236-001,hendak,O
000236-001,mengajaknya,O
000236-001,bermusyawarah,O
000236-001,",",O
000236-001,memecahkan,O
000236-001,masalah,O
000236-001,yang,O
000236-001,sangat,O
000236-001,rawan,O
000236-001,ini,O
000236-001,dan,O
000236-001,mereka,O
000236-001,merasa,O
000236-001,puas,O
000236-001,.,O
000236-001,Baru,O
000236-001,setelah,O
000236-001,itu,O
000236-001,mereka,O
000236-001,mengembalikan,O
000236-001,Utsman,B_PERSON
000236-001,dengan,O
000236-001,jawaban,O
000236-001,y,O
000236-001,ang,O
000236-001,mereka,O
000236-001,tulis,O
000236-001,dalam,O
000236-001,sebuah,O
000236-001,surat,O
000236-001,.,O
000236-001,Karena,O
000236-001,cukup,O
000236-001,lama,O
000236-001,Utsman,B_PERSON
000236-001,tertahan,O
000236-001,di,O
000236-001,pihak,O
000236-001,Quraisy,O
000236-001,",",O
000236-001,maka,O
000236-001,tersiar,O
000236-001,kabar,O
000236-001,angin,O
000236-001,di,O
000236-001,kalangan,O
000236-001,orang-orang,O
000236-001,Muslim,O
000236-001,bahwa,O
000236-001,Utsman,B_PERSON
000236-001,telah,O
000236-001,dibunuh,O
000236-001,.,O
000236-001,Saat,O
000236-001,kabar,O
000236-001,angin,O
000236-001,ini,O
000236-001,terdengar,O
000236-001,oleh,O
000236-001,Rasulullah,B_PERSON
000236-001,",",O
000236-001,maka,O
000236-001,beliau,O
000236-001,bersabda,O
000236-001,",",O
000236-001,"""",O
000236-001,Kita,O
000236-001,tidak,O
000236-001,akan,O
000236-001,beranjak,O
000236-001,sebelum,O
000236-001,membereskan,O
000236-001,urusan,O
000236-001,mereka,O
000236-001,".""",O
000236-001,Setelah,O
000236-001,itu,O
000236-001,beliau,O
000236-001,memanggil,O
000236-001,para,O
000236-001,sahabat,O
000236-001,untuk,O
000236-001,melakukan,O
000236-001,baiat,O
000236-001,.,O
000236-001,Maka,O
000236-001,mereka,O
000236-001,berkumpul,O
000236-001,di,O
000236-001,sekelilingnya,O
000236-001,dan,O
000236-001,mengucapkan,O
000236-001,baiat,O
000236-001,untuk,O
000236-001,tidak,O
000236-001,melarikan,O
000236-001,diri,O
000236-001,.,O
000236-001,Bahkan,O
000236-001,ada,O
000236-001,di,O
000236-001,antara,O
000236-001,mereka,O
000236-001,yang,O
000236-001,melakukan,O
000236-001,baiat,O
000236-001,untuk,O
000236-001,bersedia,O
000236-001,mati,O
000236-001,.,O
000236-001,Yang,O
000236-001,pertama,O
000236-001,kali,O
000236-001,mengucapkan,O
000236-001,baiat,O
000236-001,adalah,O
000236-001,Abu,I_PERSON
000236-001,Sinan,O
000236-001,Al-Asadi,I_PERSON
000236-001,.,O
000236-001,Sementara,O
000236-001,Salamah,I_PERSON
000236-001,bin,I_PERSON
000236-001,Al-Akwa',I_PERSON
000236-001,mengucapkan,O
000236-001,baiat,O
000236-001,di,O
000236-001,hadapan,O
000236-001,beliau,O
000236-001,untuk,O
000236-001,bersedia,O
000236-001,mati,O
000236-001,hingga,O
000236-001,tiga,O
000236-001,kali,O
000236-001,",",O
000236-001,sekali,O
000236-001,dia,O
000236-001,ucapkan,O
000236-001,di,O
000236-001,depan,O
000236-001,kerumunan,O
000236-001,orang,O
000236-001,",",O
000236-001,sekali,O
000236-001,di,O
000236-001,tengah,O
000236-001,kerumunan,O
000236-001,orang,O
000236-001,dan,O
000236-001,sekali,O
000236-001,di,O
000236-001,belakang,O
000236-001,kerumunan,O
000236-001,orang,O
000236-001,.,O
000236-001,Dalam,O
000236-001,baiat,O
000236-001,itu,O
000236-001,beliau,O
000236-001,memegang,O
000236-001,tangannya,O
000236-001,sendiri,O
000236-001,lalu,O
000236-001,bersabda,O
000236-001,",",O
000236-001,Ini,O
000236-001,mewakili,O
000236-001,Utsman,B_PERSON
000236-001,".""",O
000236-001,Setelah,O
000236-001,proses,O
000236-001,baiat,O
000236-001,selesai,O
000236-001,",",O
000236-001,Utsman,B_PERSON
000236-001,bin,I_PERSON
000236-001,Affan,I_PERSON
000236-001,muncul,O
000236-001,",",O
000236-001,lalu,O
000236-001,dia,O
000236-001,berbaiat,O
000236-001,kepada,O
000236-001,beliau,O
000236-001,.,O
000236-001,Hanya,O
000236-001,seorang,O
000236-001,saja,O
000236-001,yang,O
000236-001,tidak,O
000236-001,ikut,O
000236-001,dalam,O
000236-001,proses,O
000236-001,baiat,O
000236-001,ini,O
000236-001,.,O
000236-001,Dia,O
000236-001,dari,O
000236-001,golongan,O
000236-001,orang-orang,O
000236-001,munafik,O
000236-001,",",O
000236-001,namanya,O
000236-001,Jadd,O
000236-001,bin,I_PERSON
000236-001,Qais,I_PERSON
000236-001,.,O
000236-001,Baiat,I_PERSON
000236-001,ini,O
000236-001,dilaksanakan,O
000236-001,Rasulullah,B_PERSON
000236-001,di,O
000236-001,bawah,O
000236-001,pohon,O
000236-001,.,O
000248-001,Nabi,O
000248-001,menulis,O
000248-001,surat,O
000248-001,kepada,O
000248-001,Juraij,B_PERSON
000248-001,bin,I_PERSON
000248-001,Mata,I_PERSON
000248-001,",",O
000248-001,yang,O
000248-001,bergelar,O
000248-001,Muqauqis,O
000248-001,.,O
000248-001,raja,O
000248-001,Mesir,B_LOCATION
000248-001,dan,O
000248-001,Iskandaria,O
000248-001,.,O
000248-001,Inilah,O
000248-001,isi,O
000248-001,surat,O
000248-001,beliau,O
000248-001,:,O
000248-001,"""",O
000248-001,Bismillahir,O
000248-001,rahmanir,O
000248-001,rahim,O
000248-001,.,O
000248-001,Dari,O
000248-001,Muhammad,B_PERSON
000248-001,",",O
000248-001,hamba,O
000248-001,Allah,O
000248-001,dan,O
000248-001,Rasul-Nya,O
000248-001,",",O
000248-001,kepada,O
000248-001,Muqauqis,O
000248-001,Raja,O
000248-001,Qibthi,O
000248-001,.,O
000248-001,Keselamatan,O
000248-001,bagi,O
000248-001,siapa,O
000248-001,pun,O
000248-001,yang,O
000248-001,mengikuti,O
000248-001,petunjuk,O
000248-001,",",O
000248-001,amma,O
000248-001,ba'd,O
000248-001,.,O
000248-001,Aku,O
000248-001,menyeru,O
000248-001,tuan,O
000248-001,dengan,O
000248-001,seruan,O
000248-001,Islam,O
000248-001,.,O
000248-001,Masuklah,O
000248-001,Islam,O
000248-001,",",O
000248-001,niscaya,O
000248-001,tuan,O
000248-001,akan,O
000248-001,selamat,O
000248-001,.,O
000248-001,Masuklah,O
000248-001,Islam,O
000248-001,niscaya,O
000248-001,Allah,O
000248-001,akan,O
000248-001,memberikan,O
000248-001,pahala,O
000248-001,kepada,O
000248-001,tuan,O
000248-001,dua,O
000248-001,kali,O
000248-001,lipat,O
000248-001,.,O
000248-001,Namun,O
000248-001,jika,O
000248-001,tuan,O
000248-001,berpaling,O
000248-001,",",O
000248-001,maka,O
000248-001,tuan,O
000248-001,akan,O
000248-001,menanggung,O
000248-001,dosa,O
000248-001,penduduk,O
000248-001,Qibthi,O
000248-001,.,O
000248-001,224,O
000248-001,Zadul,O
000248-001,Ma'ad,O
000248-001,",",O
000248-001,3/61,O
000248-001,"""",O
000248-001,Katakanlah,O
000248-001,:,O
000248-001,"""",O
000248-001,Hai,O
000248-001,Ahli,O
000248-001,Kitab,O
000248-001,",",O
000248-001,marilah,O
000248-001,(,O
000248-001,berpegang,O
000248-001,),O
000248-001,kepada,O
000248-001,suatu,O
000248-001,kalimat,O
000248-001,(,O
000248-001,ketetapan,O
000248-001,),O
000248-001,yang,O
000248-001,tidak,O
000248-001,ada,O
000248-001,perselisihan,O
000248-001,antara,O
000248-001,kami,O
000248-001,dan,O
000248-001,kamu,O
000248-001,",",O
000248-001,bahwa,O
000248-001,tidak,O
000248-001,kita,O
000248-001,sembah,O
000248-001,kecuali,O
000248-001,Allah,O
000248-001,dan,O
000248-001,tidak,O
000248-001,kita,O
000248-001,persekutukan,O
000248-001,Dia,O
000248-001,dengan,O
000248-001,sesuatu,O
000248-001,pun,O
000248-001,dan,O
000248-001,tidak,O
000248-001,(,O
000248-001,pula,O
000248-001,),O
000248-001,sebagian,O
000248-001,kita,O
000248-001,menjadikan,O
000248-001,sebagian,O
000248-001,yang,O
000248-001,lain,O
000248-001,sebagai,O
000248-001,Tuhan,O
000248-001,selain,O
000248-001,Allah,O
000248-001,.,O
000248-001,"""",O
000248-001,Jika,O
000248-001,mereka,O
000248-001,berpaling,O
000248-001,maka,O
000248-001,katakanlah,O
000248-001,kepada,O
000248-001,mereka,O
000248-001,:,O
000248-001,"""",O
000248-001,Saksikanlah,O
000248-001,",",O
000248-001,bahwa,O
000248-001,kami,O
000248-001,adalah,O
000248-001,orang-orang,O
000248-001,yang,O
000248-001,berserah,O
000248-001,diri,O
000248-001,(,O
000248-001,kepada,O
000248-001,Allah,O
000248-001,).,O
000248-001,"""",O
000248-001,(,O
000248-001,Ali,B_PERSON
000248-001,Imran,O
000248-001,:,O
000248-001,64,O
000248-001,),O
000248-001,Surat,O
000248-001,ini,O
000248-001,dibawa,O
000248-001,Hathib,I_PERSON
000248-001,bin,I_PERSON
000248-001,Abu,B_PERSON
000248-001,Balta'ah,O
000248-001,.,O
000248-001,Setelah,O
000248-001,menghadap,O
000248-001,Muqauqis,O
000248-001,",",O
000248-001,Hathib,I_PERSON
000248-001,berkata,O
000248-001,kepadanya,O
000248-001,",",O
000248-001,"""",O
000248-001,Sebelumnya,O
000248-001,sebelum,O
000248-001,tuan,O
000248-001,ada,O
000248-001,seseorang,O
000248-001,yang,O
000248-001,mengaku,O
000248-001,bahwa,O
000248-001,dia,O
000248-001,adalah,O
000248-001,tuhan,O
000248-001,yang,O
000248-001,paling,O
000248-001,tinggi,O
000248-001,.,O
000248-001,Lalu,O
000248-001,Allah,O
000248-001,menimpakkan,O
000248-001,hukuman,O
000248-001,kepadanya,O
000248-001,di,O
000248-001,dunia,O
000248-001,dan,O
000248-001,akhirat,O
000248-001,.,O
000248-001,Allah,O
000248-001,menyiksanya,O
000248-001,lalu,O
000248-001,menyiksanya,O
000248-001,lagi,O
000248-001,.,O
000249-002,Dengan,O
000249-002,congkak,O
000249-002,dia,O
000249-002,berkata,O
000249-002,",",O
000249-002,"""",O
000249-002,Seorang,O
000249-002,budak,O
000249-002,yang,O
000249-002,hina,O
000249-002,dina,O
000249-002,dari,O
000249-002,rakyatku,O
000249-002,pernah,O
000249-002,menulis,O
000249-002,namanya,O
000249-002,sebelum,O
000249-002,aku,O
000249-002,berkuasa,O
000249-002,".""",O
000249-002,Setelah,O
000249-002,mendengar,O
000249-002,apa,O
000249-002,yang,O
000249-002,dilakukan,O
000249-002,Kisra,B_PERSON
000249-002,",",O
000249-002,Nabi,O
000249-002,bersabda,O
000249-002,",",O
000249-002,"""",O
000249-002,Allah,O
000249-002,akan,O
000249-002,mencabik-cabik,O
000249-002,kerajaannya,O
000249-002,".""",O
000249-002,Kisra,B_PERSON
000249-002,benar-benar,O
000249-002,akan,O
000249-002,mengalami,O
000249-002,seperti,O
000249-002,apa,O
000249-002,yang,O
000249-002,disabdakan,O
000249-002,beliau,O
000249-002,ini,O
000249-002,.,O
000249-002,Setelah,O
000249-002,itu,O
000249-002,Kisra,B_PERSON
000249-002,menulis,O
000249-002,surat,O
000249-002,kepada,O
000249-002,Badzan,B_PERSON
000249-002,",",O
000249-002,gubernurnya,O
000249-002,di,O
000249-002,Yaman,B_LOCATION
000249-002,",",O
000249-002,yang,O
000249-002,isinya,O
000249-002,:,O
000249-002,"""",O
000249-002,Utuslah,O
000249-002,dua,O
000249-002,orang,O
000249-002,yang,O
000249-002,gagah,O
000249-002,perkasa,O
000249-002,untuk,O
000249-002,menemui,O
000249-002,orang,O
000249-002,dari,O
000249-002,Hijaz,B_LOCATION
000249-002,ini,O
000249-002,",",O
000249-002,dan,O
000249-002,setelah,O
000249-002,itu,O
000249-002,hendaklah,O
000249-002,mereka,O
000249-002,membawanya,O
000249-002,untuk,O
000249-002,menemuiku,O
000249-002,".""",O
000249-002,Maka,O
000249-002,Badzan,O
000249-002,menunjuk,O
000249-002,dua,O
000249-002,orang,O
000249-002,bawahannya,O
000249-002,",",O
000249-002,membawa,O
000249-002,surat,O
000249-002,yang,O
000249-002,disampaikan,O
000249-002,kepada,O
000249-002,Rasulullah,B_PERSON
000249-002,",",O
000249-002,dan,O
000249-002,pulangnya,O
000249-002,disuruh,O
000249-002,langsung,O
000249-002,menemui,O
000249-002,Kisra,B_PERSON
000249-002,.,O
000249-002,Setelah,O
000249-002,dua,O
000249-002,utusan,O
000249-002,itu,O
000249-002,tiba,O
000249-002,di,O
000249-002,Madinah,B_LOCATION
000249-002,dan,O
000249-002,menghadap,O
000249-002,beliau,O
000249-002,",",O
000249-002,salah,O
000249-002,seorang,O
000249-002,di,O
000249-002,antara,O
000249-002,dua,O
000249-002,orang,O
000249-002,itu,O
000249-002,berkata,O
000249-002,",",O
000249-002,Sesungguhnya,O
000249-002,Syahinsyah,O
000249-002,(,O
000249-002,Raja,O
000249-002,Diraja,O
000249-002,),O
000249-002,Kisra,B_PERSON
000249-002,telah,O
000249-002,mengirim,O
000249-002,surat,O
000249-002,kepada,O
000249-002,Raja,O
000249-002,Badzan,B_LOCATION
000249-002,",",O
000249-002,agar,O
000249-002,dia,O
000249-002,mengirim,O
000249-002,utusan,O
000249-002,untuk,O
000249-002,menemui,O
000249-002,tuan,O
000249-002,",",O
000249-002,lalu,O
000249-002,membawa,O
000249-002,tuan,O
000249-002,ke,O
000249-002,hadapannya,O
000249-002,".""",O
000249-002,Kata-katanya,O
000249-002,bernada,O
000249-002,ancaman,O
000249-002,.,O
000249-002,Nabi,O
000249-002,menyuruh,O
000249-002,agar,O
000249-002,keduanya,O
000249-002,menemui,O
000249-002,beliau,O
000249-002,lagi,O
000249-002,esok,O
000249-002,harinya,O
000249-002,Pada,O
000249-002,saat,O
000249-002,yang,O
000249-002,sama,O
000249-002,di,O
000249-002,Persia,B_LOCATION
000249-002,terjadi,O
000249-002,pemberontakan,O
000249-002,besar-besaran,O
000249-002,terhadap,O
000249-002,Kisra,B_PERSON
000249-002,",",O
000249-002,yang,O
000249-002,justru,O
000249-002,berasal,O
000249-002,dari,O
000249-002,keluarganya,O
000249-002,sendiri,O
000249-002,.,O
000249-002,Padahal,O
000249-002,sebelum,O
000249-002,itu,O
000249-002,mereka,O
000249-002,juga,O
000249-002,mengalami,O
000249-002,banyak,O
000249-002,kekalahan,O
000249-002,cukup,O
000249-002,telak,O
000249-002,dari,O
000249-002,pasukan,O
000249-002,Qaishar,O
000249-002,.,O
000249-002,Pemberontakan,O
000249-002,ini,O
000249-002,dimotori,O
000249-002,oleh,O
000249-002,putra,O
000249-002,Kisra,B_PERSON
000249-002,sendiri,O
000249-002,",",O
000249-002,Syiruyah,B_LOCATION
000249-002,.,O
000249-002,Dia,O
000249-002,bangkit,O
000249-002,melawan,O
000249-002,ayahnya,O
000249-002,dan,O
000249-002,membunuhnya,O
000249-002,lalu,O
000249-002,merebut,O
000249-002,kerajannya,O
000249-002,.,O
000249-002,Hal,O
000249-002,ini,O
000249-002,terjadi,O
000249-002,pada,O
000249-002,malam,O
000249-002,Selasa,I_TIME
000249-002,tanggal,O
000249-002,10,I_TIME
000249-002,Jumadal,I_TIME
000249-002,Rasulullah,B_PERSON
000249-002,mengetahuinya,O
000249-002,lewat,O
000249-002,pemberitaan,O
000249-002,wahyu,O
000249-002,.,O
000251-001,Nabi,O
000251-001,menulis,O
000251-001,surat,O
000251-001,kepada,O
000251-001,Al-Mundzir,B_PERSON
000251-001,bin,O
000251-001,Sawa,I_PERSON
000251-001,",",O
000251-001,pemimpin,O
000251-001,Bahrain,O
000251-001,.,O
000251-001,berisi,O
000251-001,seruan,O
000251-001,agar,O
000251-001,dia,O
000251-001,masuk,O
000251-001,Islam,O
000251-001,.,O
000251-001,Beliau,O
000251-001,mengutus,O
000251-001,Al-Ala',B_PERSON
000251-001,bin,I_PERSON
000251-001,Hadhrami,I_PERSON
000251-001,untuk,O
000251-001,mengantarkannya,O
000251-001,.,O
000251-001,Setelah,O
000251-001,menerima,O
000251-001,dan,O
000251-001,membaca,O
000251-001,surat,O
000251-001,beliau,O
000251-001,",",O
000251-001,Al-Mundzir,O
000251-001,menulis,O
000251-001,balasannya,O
000251-001,sebagai,O
000251-001,berikut,O
000251-001,:,O
000251-001,"""",O
000251-001,Amma,O
000251-001,ba'd,O
000251-001,.,O
000251-001,Wahai,O
000251-001,Rasulullah,B_PERSON
000251-001,",",O
000251-001,saya,O
000251-001,sudah,O
000251-001,membaca,O
000251-001,surat,O
000251-001,tuan,O
000251-001,yang,O
000251-001,226,O
000251-001,Shahih,O
000251-001,Bukhari,O
000251-001,",",O
000251-001,1/4,O
000251-001,;,O
000251-001,Shahih,O
000251-001,Muslim,O
000251-001,",",O
000251-001,2/98-99,O
000251-001,tertuju,O
000251-001,kepada,O
000251-001,rakyat,O
000251-001,Bahrain,B_LOCATION
000251-001,.,O
000251-001,Di,O
000251-001,antara,O
000251-001,mereka,O
000251-001,ada,O
000251-001,yang,O
000251-001,menyukai,O
000251-001,Islam,O
000251-001,dar,O
000251-001,kagum,O
000251-001,kepadanya,O
000251-001,lalu,O
000251-001,memeluknya,O
000251-001,",",O
000251-001,dan,O
000251-001,di,O
000251-001,antara,O
000251-001,mereka,O
000251-001,ada,O
000251-001,pula,O
000251-001,yang,O
000251-001,tidak,O
000251-001,menyukainya,O
000251-001,.,O
000251-001,Sementara,O
000251-001,di,O
000251-001,negeriku,O
000251-001,ada,O
000251-001,orang-orang,O
000251-001,Majusi,O
000251-001,dan,O
000251-001,Yahudi,O
000251-001,.,O
000251-001,Maka,O
000251-001,tulislah,O
000251-001,lagi,O
000251-001,surat,O
000251-001,kepadaku,O
000251-001,yang,O
000251-001,bisa,O
000251-001,menjelaskan,O
000251-001,urusan,O
000251-001,tuan,O
000251-001,".""",O
000251-001,Maka,O
000251-001,Rasulullah,B_PERSON
000251-001,menulis,O
000251-001,surat,O
000251-001,lagi,O
000251-001,"""",O
000251-001,Bismillahir,I_PERSON
000251-001,rahmanir,O
000251-001,rahim,O
000251-001,.,O
000251-001,Dari,O
000251-001,Muhammad,B_PERSON
000251-001,Rasul,O
000251-001,Allah,O
000251-001,kepada,O
000251-001,Al-Mundzir,O
000251-001,bin,I_PERSON
000251-001,Sawa,O
000251-001,.,O
000251-001,Kesejahteraan,O
000251-001,bagi,O
000251-001,dirimu,O
000251-001,.,O
000251-001,Aku,O
000251-001,memuji,O
000251-001,bagimu,O
000251-001,kepada,O
000251-001,Allah,O
000251-001,yang,O
000251-001,tiada,O
000251-001,Illah,O
000251-001,selain-Nya,O
000251-001,Aku,O
000251-001,bersaksi,O
000251-001,bahwa,O
000251-001,Muhammad,B_PERSON
000251-001,adalah,O
000251-001,hamba,O
000251-001,dan,O
000251-001,Rasul-Nya,O
000251-001,",",O
000251-001,amma,O
000251-001,ba,O
000251-001,'d,O
000251-001,.,O
000251-001,Aku,O
000251-001,mengingatkanmu,O
000251-001,terhadap,O
000251-001,Allah,O
000251-001,.,O
000251-001,Barangsiapa,O
000251-001,yang,O
000251-001,memberi,O
000251-001,nasihat,O
000251-001,kepada,O
000251-001,dirinya,O
000251-001,sendiri,O
000251-001,",",O
000251-001,dan,O
000251-001,siapa,O
000251-001,yang,O
000251-001,menaati,O
000251-001,utusan-utusanku,O
000251-001,dan,O
000251-001,mengikuti,O
000251-001,mereka,O
000251-001,",",O
000251-001,berarti,O
000251-001,dia,O
000251-001,telah,O
000251-001,menaatiku,O
000251-001,.,O
000251-001,Barangsiapa,O
000251-001,memberi,O
000251-001,nasihat,O
000251-001,kepada,O
000251-001,mereka,O
000251-001,",",O
000251-001,berarti,O
000251-001,dia,O
000251-001,telah,O
000251-001,memberi,O
000251-001,nasihat,O
000251-001,karena,O
000251-001,aku,O
000251-001,.,O
000251-001,Sesungguhnya,O
000251-001,para,O
000251-001,utusanku,O
000251-001,telah,O
000251-001,menyampaikan,O
000251-001,pujian,O
000251-001,y,O
000251-001,ang,O
000251-001,baik,O
000251-001,atas,O
000251-001,dirimu,O
000251-001,.,O
000251-001,Aku,O
000251-001,telah,O
000251-001,memberi,O
000251-001,syafaat,O
000251-001,kepadamu,O
000251-001,tentang,O
000251-001,kaummu,O
000251-001,.,O
000251-001,Biarkanlah,O
000251-001,orang-orang,O
000251-001,Muslim,O
000251-001,karena,O
000251-001,mereka,O
000251-001,telah,O
000251-001,masuk,O
000251-001,Islam,O
000251-001,",",O
000251-001,kuampuni,O
000251-001,orang-orang,O
000251-001,yang,O
000251-001,telah,O
000251-001,berbuat,O
000251-001,dosa,O
000251-001,dan,O
000251-001,terimalah,O
000251-001,mereka,O
000251-001,.,O
000254-005,Lalu,O
000254-005,dia,O
000254-005,berkata,O
000254-005,",",O
000254-005,"""",O
000254-005,Katakan,O
000254-005,apa,O
000254-005,keperluanmu,O
000254-005,"!""",O
000254-005,Aku,O
000254-005,menyerahkan,O
000254-005,surat,O
000254-005,Rasulullah,B_PERSON
000254-005,yang,O
000254-005,masih,O
000254-005,terbungkus,O
000254-005,dengan,O
000254-005,cincin,O
000254-005,stempelnya,O
000254-005,.,O
000254-005,Setelah,O
000254-005,menerima,O
000254-005,surat,O
000254-005,beliau,O
000254-005,",",O
000254-005,Jaifar,O
000254-005,merobek,O
000254-005,tutupnya,O
000254-005,dan,O
000254-005,membacanya,O
000254-005,hingga,O
000254-005,selesai,O
000254-005,",",O
000254-005,lalu,O
000254-005,menyerahkannya,O
000254-005,kepada,O
000254-005,saudaranya,O
000254-005,",",O
000254-005,Abd,O
000254-005,.,O
000254-005,yang,O
000254-005,juga,O
000254-005,membacanya,O
000254-005,hingga,O
000254-005,selesai,O
000254-005,"""",O
000254-005,Maukah,O
000254-005,engkau,O
000254-005,memberitahukan,O
000254-005,kepadaku,O
000254-005,apa,O
000254-005,yang,O
000254-005,dilakukan,O
000254-005,Quraisy,O
000254-005,"?""""",O
000254-005,Tanya,O
000254-005,Jaifar,O
000254-005,kepadaku,O
000254-005,.,O
000254-005,Aku,O
000254-005,menjawab,O
000254-005,",",O
000254-005,"""",O
000254-005,Mereka,O
000254-005,sudah,O
000254-005,banyak,O
000254-005,yang,O
000254-005,mengikuti,O
000254-005,beliau,O
000254-005,",",O
000254-005,entah,O
000254-005,karena,O
000254-005,memang,O
000254-005,menyenangi,O
000254-005,agamanya,O
000254-005,entah,O
000254-005,karena,O
000254-005,kalah,O
000254-005,dalam,O
000254-005,peperangan,O
000254-005,.,O
000254-005,"""",O
000254-005,Siapa,O
000254-005,saja,O
000254-005,yang,O
000254-005,bersamanya,O
000254-005,(,O
000254-005,Rasulullah,B_PERSON
000254-005,")?""",O
000254-005,Tanya,O
000254-005,Jaifar,O
000254-005,.,O
000254-005,"""",O
000254-005,Sudah,O
000254-005,cukup,O
000254-005,banyak,O
000254-005,orang,O
000254-005,yang,O
000254-005,menyenangi,O
000254-005,Islam,O
000254-005,dan,O
000254-005,memeluknya,O
000254-005,.,O
000254-005,Dengan,O
000254-005,akalnya,O
000254-005,dan,O
000254-005,berkat,O
000254-005,petunjuk,O
000254-005,Allah,O
000254-005,mereka,O
000254-005,sudah,O
000254-005,sadar,O
000254-005,bahwa,O
000254-005,mereka,O
000254-005,sebelumnya,O
000254-005,berada,O
000254-005,dalam,O
000254-005,kesesatan,O
000254-005,.,O
000254-005,Dalam,O
000254-005,kepasrahan,O
000254-005,ini,O
000254-005,aku,O
000254-005,tidak,O
000254-005,melihat,O
000254-005,seorang,O
000254-005,pun,O
000254-005,yang,O
000254-005,masih,O
000254-005,tersisa,O
000254-005,selain,O
000254-005,diri,O
000254-005,tuan,O
000254-005,.,O
000254-005,Jika,O
000254-005,saat,O
000254-005,ini,O
000254-005,tuan,O
000254-005,tidak,O
000254-005,mau,O
000254-005,masuk,O
000254-005,Islam,O
000254-005,dan,O
000254-005,mengikuti,O
000254-005,beliau,O
000254-005,",",O
000254-005,maka,O
000254-005,sepasukan,O
000254-005,berkuda,O
000254-005,akan,O
000254-005,datang,O
000254-005,ke,O
000254-005,sini,O
000254-005,dan,O
000254-005,merebut,O
000254-005,harta,O
000254-005,benda,O
000254-005,tuan,O
000254-005,.,O
000254-005,Maka,O
000254-005,masuklah,O
000254-005,Islam,O
000254-005,",",O
000254-005,niscaya,O
000254-005,tuan,O
000254-005,akan,O
000254-005,selamat,O
000254-005,dan,O
000254-005,beliau,O
000254-005,tetap,O
000254-005,akan,O
000254-005,mengangkat,O
000254-005,tuan,O
000254-005,sebagai,O
000254-005,pemimpin,O
000254-005,kaum,O
000254-005,tuan,O
000254-005,.,O
000254-005,Jangan,O
000254-005,sampai,O
000254-005,ada,O
000254-005,pasukan,O
000254-005,yang,O
000254-005,menyerang,O
000254-005,tuan,O
000254-005,".""",O
000254-005,"""",O
000254-005,Akan,O
000254-005,kupertimbangkan,O
000254-005,hari,O
000254-005,ini,O
000254-005,juga,O
000254-005,dan,O
000254-005,besok,O
000254-005,silahkan,O
000254-005,datang,O
000254-005,lagi,O
000254-005,ke,O
000254-005,sini,O
000254-005,"!""",O
000254-005,kata,O
000254-005,Jaifar,O
000254-005,.,O
000254-005,Aku,O
000254-005,kembali,O
000254-005,menemui,O
000254-005,Abd,O
000254-005,.,O
000254-005,Dia,O
000254-005,berkata,O
000254-005,",",O
000254-005,"""",O
000254-005,Wahai,O
000254-005,Amr,B_PERSON
000254-005,",",O
000254-005,aku,O
000254-005,benar-,O
000254-005,benar,O
000254-005,berharap,O
000254-005,dia,O
000254-005,masuk,O
000254-005,Islam,O
000254-005,asalkan,O
000254-005,dia,O
000254-005,tidak,O
000254-005,merasa,O
000254-005,sayang,O
000254-005,terhadap,O
000254-005,kerajaannya,O
000254-005,".""",O
000254-005,Besoknya,O
000254-005,aku,O
000254-005,hendak,O
000254-005,menemui,O
000254-005,Jaifar,O
000254-005,.,O
000267-001,Benteng,O
000267-001,Ash-Sha'b,O
000267-001,merupakan,O
000267-001,benteng,O
000267-001,kedua,O
000267-001,yang,O
000267-001,terkokoh,O
000267-001,setelah,O
000267-001,benteng,O
000267-001,Na'im,O
000267-001,.,O
000267-001,Orang-orang,O
000267-001,Muslim,O
000267-001,melancarkan,O
000267-001,serangan,O
000267-001,di,O
000267-001,bawah,O
000267-001,komando,O
000267-001,bin,I_PERSON
000267-001,Al-Anshari,I_PERSON
000267-001,.,O
000267-001,Mereka,O
000267-001,mengepung,O
000267-001,benteng,O
000267-001,ini,O
000267-001,selama,O
000267-001,tiga,O
000267-001,hari,O
000267-001,.,O
000267-001,Pada,O
000267-001,hari,O
000267-001,ketiga,O
000267-001,",",O
000267-001,Rasulullah,B_PERSON
000267-001,mengucapkan,O
000267-001,doa,O
000267-001,khusus,O
000267-001,untuk,O
000267-001,dapat,O
000267-001,menaklukkan,O
000267-001,benteng,O
000267-001,ini,O
000267-001,.,O
000267-001,Abu,B_PERSON
000267-001,Ishaq,I_PERSON
000267-001,meriwayatkan,O
000267-001,bahwa,O
000267-001,bani,O
000267-001,Sahm,O
000267-001,dari,O
000267-001,Bani,O
000267-001,Aslam,O
000267-001,mendatangi,O
000267-001,beliau,O
000267-001,dan,O
000267-001,berkata,O
000267-001,",",O
000267-001,"""",O
000267-001,Kita,O
000267-001,telah,O
000267-001,berjuang,O
000267-001,dan,O
000267-001,tidak,O
000267-001,ada,O
000267-001,lagi,O
000267-001,sesuatu,O
000267-001,yang,O
000267-001,tersisa,O
000267-001,di,O
000267-001,tangan,O
000267-001,kita,O
000267-001,".""",O
000267-001,Beliau,O
000267-001,memanjatkan,O
000267-001,"""",O
000267-001,Ya,O
000267-001,Allah,O
000267-001,",",O
000267-001,Engkau,O
000267-001,sudah,O
000267-001,tahu,O
000267-001,keadaan,O
000267-001,mereka,O
000267-001,(,O
000267-001,orang-orang,O
000267-001,Muslim,O
000267-001,).,O
000267-001,Mereka,O
000267-001,tidak,O
000267-001,lagi,O
000267-001,mempunyai,O
000267-001,kekuatan,O
000267-001,dan,O
000267-001,di,O
000267-001,tanganku,O
000267-001,tak,O
000267-001,ada,O
000267-001,lagi,O
000267-001,sesuatu,O
000267-001,pun,O
000267-001,yang,O
000267-001,bisa,O
000267-001,kuberikan,O
000267-001,kepada,O
000267-001,mereka,O
000267-001,.,O
000267-001,Maka,O
000267-001,berikanlah,O
000267-001,kemenangan,O
000267-001,kepada,O
000267-001,mereka,O
000267-001,dengan,O
000267-001,menaklukkan,O
000267-001,benteng,O
000267-001,yang,O
000267-001,paling,O
000267-001,mereka,O
000267-001,perlukan,O
000267-001,",",O
000267-001,paling,O
000267-001,banyak,O
000267-001,makanan,O
000267-001,dan,O
000267-001,paling,O
000267-001,gemuk,O
000267-001,ternak-,O
000267-001,ternaknya,O
000267-001,.,O
000267-001,"""",O
000267-001,Orang-orang,O
000267-001,muslim,O
000267-001,bangkit,O
000267-001,melakukan,O
000267-001,penyerbuan,O
000267-001,dan,O
000267-001,Allah,O
000267-001,menundukkan,O
000267-001,benteng,O
000267-001,Ash-Sha'b,I_PERSON
000267-001,bin,I_PERSON
000267-001,Muadz,I_PERSON
000267-001,.,O
000267-001,Sementara,O
000267-001,di,O
000267-001,Khaibar,B_LOCATION
000267-001,tidak,O
000267-001,ada,O
000267-001,benteng,O
000267-001,yang,O
000267-001,lebih,O
000267-001,banyak,O
000267-001,makanannya,O
000267-001,dan,O
000267-001,lebih,O
000267-001,gemuk,O
000267-001,ternak-ternaknya,O
000267-001,selain,O
000267-001,dari,O
000267-001,benteng,O
000267-001,ini,O
000267-001,.,O
000267-001,Setelah,O
000267-001,Nabi,O
000267-001,memanjatkan,O
000267-001,doa,O
000267-001,dan,O
000267-001,memerintahkan,O
000267-001,untuk,O
000267-001,menyerbu,O
000267-001,benteng,O
000267-001,",",O
000267-001,maka,O
000267-001,Bani,O
000267-001,Aslamlah,B_PERSON
000267-001,yang,O
000267-001,berada,O
000267-001,di,O
000267-001,barisan,O
000267-001,terdepan,O
000267-001,.,O
000267-001,Terjadi,O
000267-001,pertempuran,O
000267-001,yang,O
000267-001,sengit,O
000267-001,di,O
000267-001,depan,O
000267-001,benteng,O
000267-001,.,O
000267-001,Sebelum,O
000267-001,matahari,O
000267-001,tenggelam,O
000267-001,benteng,O
000267-001,sudah,O
000267-001,bisa,O
000267-001,direbut,O
000267-001,dan,O
000267-001,ditaklukkan,O
000267-001,.,O
000268-001,Setelah,O
000268-001,benteng,O
000268-001,An-Na'im,B_PERSON
000268-001,dan,O
000268-001,Ash-Sha'b,O
000268-001,dapat,O
000268-001,ditaklukan,O
000268-001,",",O
000268-001,orang-orang,O
000268-001,Yahudi,O
000268-001,yang,O
000268-001,berada,O
000268-001,di,O
000268-001,setiap,O
000268-001,benteng,O
000268-001,di,O
000268-001,wilayah,O
000268-001,Nathat,O
000268-001,",",O
000268-001,berpindah,O
000268-001,ke,O
000268-001,benteng,O
000268-001,Az-Zubair,O
000268-001,",",O
000268-001,sebuah,O
000268-001,benteng,O
000268-001,yang,O
000268-001,kokoh,O
000268-001,",",O
000268-001,terletak,O
000268-001,di,O
000268-001,sebuah,O
000268-001,puncak,O
000268-001,bukit,O
000268-001,",",O
000268-001,yang,O
000268-001,tidak,O
000268-001,bisa,O
000268-001,dijangkau,O
000268-001,kuda,O
000268-001,atau,O
000268-001,pejalan,O
000268-001,kaki,O
000268-001,",",O
000268-001,karena,O
000268-001,perjalanan,O
000268-001,ke,O
000268-001,sana,O
000268-001,cukup,O
000268-001,terjal,O
000268-001,dan,O
000268-001,sulit,O
000268-001,",",O
000268-001,di,O
000268-001,samping,O
000268-001,benteng,O
000268-001,itu,O
000268-001,sendiri,O
000268-001,yang,O
000268-001,sangat,O
000268-001,kokoh,O
000268-001,.,O
000268-001,Rasulullah,B_PERSON
000268-001,memerintahkan,O
000268-001,untuk,O
000268-001,mengepung,O
000268-001,benteng,O
000268-001,ini,O
000268-001,.,O
000268-001,Pengepungan,O
000268-001,berjalan,O
000268-001,selama,O
000268-001,tiga,O
000268-001,hari,O
000268-001,.,O
000268-001,Ada,O
000268-001,seorang,O
000268-001,Yahudi,O
000268-001,menemui,O
000268-001,beliau,O
000268-001,seraya,O
000268-001,berkata,O
000268-001,",",O
000268-001,"""",O
000268-001,Wahai,O
000268-001,Abdul,B_PERSON
000268-001,Qasim,I_PERSON
000268-001,",",O
000268-001,sekalipun,O
000268-001,engkau,O
000268-001,berada,O
000268-001,di,O
000268-001,sini,O
000268-001,selama,O
000268-001,sebulan,O
000268-001,",",O
000268-001,mereka,O
000268-001,tak,O
000268-001,akan,O
000268-001,ambil,O
000268-001,pusing,O
000268-001,",",O
000268-001,sebab,O
000268-001,mereka,O
000268-001,mempunyai,O
000268-001,mata,O
000268-001,air,O
000268-001,dan,O
000268-001,cadangan,O
000268-001,minuman,O
000268-001,di,O
000268-001,bawah,O
000268-001,tanah,O
000268-001,.,O
000268-001,Mereka,O
000268-001,bisa,O
000268-001,pergi,O
000268-001,ke,O
000268-001,sana,O
000268-001,pada,O
000268-001,malam,O
000268-001,hari,O
000268-001,dan,O
000268-001,mengambil,O
000268-001,minum,O
000268-001,dari,O
000268-001,sana,O
000268-001,",",O
000268-001,lalu,O
000268-001,kembali,O
000268-001,lagi,O
000268-001,ke,O
000268-001,benteng,O
000268-001,untuk,O
000268-001,bertahan,O
000268-001,di,O
000268-001,sana,O
000268-001,.,O
000268-001,Jika,O
000268-001,engkau,O
000268-001,hendak,O
000268-001,memotong,O
000268-001,jalan,O
000268-001,mereka,O
000268-001,ke,O
000268-001,mata,O
000268-001,air,O
000268-001,",",O
000268-001,tentu,O
000268-001,mereka,O
000268-001,akan,O
000268-001,keluar,O
000268-001,untuk,O
000268-001,berhadapan,O
000268-001,denganmu,O
000268-001,".""",O
000268-001,Maka,O
000268-001,beliau,O
000268-001,memutuskan,O
000268-001,untuk,O
000268-001,menghadang,O
000268-001,jalan,O
000268-001,ke,O
000268-001,mata,O
000268-001,air,O
000268-001,ini,O
000268-001,.,O
000268-001,Karena,O
000268-001,itu,O
000268-001,",",O
000268-001,orang-orang,O
000268-001,Yahudi,O
000268-001,keluar,O
000268-001,bertempur,O
000268-001,hebat,O
000268-001,untuk,O
000268-001,mempertahankan,O
000268-001,mata,O
000268-001,air,O
000268-001,itu,O
000268-001,.,O
000268-001,Dalam,O
000268-001,pertempuran,O
000268-001,ini,O
000268-001,ada,O
000268-001,seorang,O
000268-001,Muslim,O
000268-001,yang,O
000268-001,menjadi,O
000268-001,korban,O
000268-001,",",O
000268-001,sedangkan,O
000268-001,dari,O
000268-001,pihak,O
000268-001,Yahudi,O
000268-001,ada,O
000268-001,sepuluh,O
000268-001,orang,O
000268-001,.,O
000268-001,Tak,O
000268-001,lama,O
000268-001,kemudian,O
000268-001,beliau,O
000268-001,dapat,O
000268-001,menaklukkan,O
000268-001,benteng,O
000268-001,ini,O
000276-001,Seperti,O
000276-001,yang,O
000276-001,sudah,O
000276-001,disebutkan,O
000276-001,di,O
000276-001,atas,O
000276-001,",",O
000276-001,Shafiyah,O
000276-001,dikumpulkan,O
000276-001,bersama,O
000276-001,para,O
000276-001,tawanan,O
000276-001,setelah,O
000276-001,suaminya,O
000276-001,",",O
000276-001,Kinanah,B_PERSON
000276-001,bin,I_PERSON
000276-001,Abul,I_PERSON
000276-001,Huqaiq,I_PERSON
000276-001,",",O
000276-001,dibunuh,O
000276-001,karena,O
000276-001,berkhianat,O
000276-001,.,O
000276-001,Setelah,O
000276-001,semua,O
000276-001,tawanan,O
000276-001,dikumpulkan,O
000276-001,",",O
000276-001,Muncul,O
000276-001,Dihyah,B_PERSON
000276-001,bin,I_PERSON
000276-001,Khalifah,I_PERSON
000276-001,Al-Kalbi,O
000276-001,",",O
000276-001,seraya,O
000276-001,berkata,O
000276-001,",",O
000276-001,Wahai,O
000276-001,Nabi,O
000276-001,Allah,O
000276-001,",",O
000276-001,berikan,O
000276-001,kepadaku,O
000276-001,seorang,O
000276-001,tawanan,O
000276-001,wanita,O
000276-001,"!""",O
000276-001,Beliau,O
000276-001,bersabda,O
000276-001,",",O
000276-001,"""",O
000276-001,Pergilah,O
000276-001,dan,O
000276-001,ambilah,O
000276-001,"!""",O
000276-001,Setelah,O
000276-001,dia,O
000276-001,memilih,O
000276-001,Shafiyah,B_PERSON
000276-001,binti,I_PERSON
000276-001,Huyai,I_PERSON
000276-001,",",O
000276-001,ada,O
000276-001,seorang,O
000276-001,menemui,O
000276-001,Nabi,O
000276-001,seraya,O
000276-001,berkata,O
000276-001,",",O
000276-001,"""",O
000276-001,Wahai,O
000276-001,nabi,O
000276-001,Allah,O
000276-001,",",O
000276-001,apakah,O
000276-001,engkau,O
000276-001,menyerahkan,O
000276-001,Shafiyah,B_PERSON
000276-001,binti,I_PERSON
000276-001,Huyai,I_PERSON
000276-001,",",O
000276-001,putri,O
000276-001,pemimpin,O
000276-001,Quraizah,O
000276-001,dan,O
000276-001,Bani,O
000276-001,Nadhir,O
000276-001,kepada,O
000276-001,Dihyah,O
000276-001,?,O
000276-001,Shafiyah,O
000276-001,hanya,O
000276-001,pantas,O
000276-001,milik,O
000276-001,engkau,O
000276-001,".""""",O
000276-001,"""",O
000276-001,Kalau,O
000276-001,begitu,O
000276-001,panggil,O
000276-001,dia,O
000276-001,bersama,O
000276-001,Shafiyah,O
000276-001,",""",O
000276-001,sabda,O
000276-001,beliau,O
000276-001,.,O
000276-001,Setelah,O
000276-001,Shafiyah,O
000276-001,binti,I_PERSON
000276-001,Huyai,B_PERSON
000276-001,dihadirkan,O
000276-001,",",O
000276-001,beliau,O
000276-001,memandang,O
000276-001,dirinya,O
000276-001,",",O
000276-001,lalu,O
000276-001,bersabda,O
000276-001,kepada,O
000276-001,Dihyah,O
000276-001,",",O
000276-001,"""",O
000276-001,Ambilah,I_PERSON
000276-001,tawanan,O
000276-001,wanita,O
000276-001,selainnya,O
000276-001,"!""",O
000276-001,Beliau,O
000276-001,menawarkan,O
000276-001,kepada,O
000276-001,Shafiyah,O
000276-001,agar,O
000276-001,masuk,O
000276-001,Islam,O
000276-001,",",O
000276-001,dan,O
000276-001,dia,O
000276-001,pun,O
000276-001,memenuhinya,O
000276-001,.,O
000276-001,Setelah,O
000276-001,memerdekakannya,O
000276-001,",",O
000276-001,beliau,O
000276-001,menikahinya,O
000276-001,.,O
000276-001,Ada,O
000276-001,pun,O
000276-001,mas,O
000276-001,kawinnya,O
000276-001,adalah,O
000276-001,pembebasan,O
000276-001,dirinya,O
000276-001,.,O
000276-001,Setiba,O
000276-001,di,O
000276-001,Ash-Shahba',I_PERSON
000276-001,dalam,O
000276-001,perjalanan,O
000276-001,ke,O
000276-001,Madinah,B_LOCATION
000276-001,",",O
000276-001,Ummu,B_PERSON
000276-001,Sulaim,O
000276-001,merias,O
000276-001,Shafiyah,O
000276-001,",",O
000276-001,dan,O
000276-001,malam,O
000276-001,itu,O
000276-001,menjadi,O
000276-001,miliknya,O
000276-001,bersama,O
000276-001,beliau,O
000276-001,dan,O
000276-001,merupakan,O
000276-001,malam,O
000276-001,pengantinnya,O
000276-001,.,O
000276-001,Untuk,O
000276-001,acara,O
000276-001,walimah,O
000276-001,dihidangkan,O
000276-001,korma,O
000276-001,",",O
000276-001,makanan,O
000276-001,dari,O
000276-001,tepung,O
000276-001,",",O
000276-001,dan,O
000276-001,keju,O
000276-001,.,O
000276-001,Beliau,O
000276-001,berada,O
000276-001,di,O
000276-001,sana,O
000276-001,selama,O
000276-001,tiga,O
000276-001,hari,O
000276-001,.,O
000276-001,Pada,O
000276-001,saat-saat,O
000276-001,itu,O
000276-001,beliau,O
000276-001,melihat,O
000276-001,ada,O
000276-001,bilur-bilur,O
000276-001,warna,O
000276-001,biru,O
000276-001,membekas,O
000276-001,di,O
000276-001,wajah,O
000276-001,Shafiyah,O
000276-001,.,O
000276-001,Beliau,O
000276-001,bertanya,O
000276-001,",",O
000276-001,"""",O
000276-001,Ada,O
000276-001,apa,O
000276-001,ini,O
000276-001,"?""",O
000276-001,Shafiyah,O
000276-001,menjawab,O
000276-001,",",O
000276-001,"""",O
000276-001,Wahai,O
000276-001,Rasulullah,B_PERSON
000276-001,",",O
000276-001,sebelum,O
000276-001,engkau,O
000276-001,mendatangi,O
000276-001,kami,O
000276-001,.,O
000276-001,aku,O
000276-001,bermimpi,O
000276-001,melihat,O
000276-001,bulan,B_TIME
000276-001,seakan-akan,O
000276-001,terlepas,O
000276-001,dari,O
000276-001,tempatnya,O
000276-001,dan,O
000276-001,jatuh,O
000276-001,di,O
000276-001,bilikku,O
000276-001,.,O
000277-001,Setelah,O
000277-001,Rasulullah,B_PERSON
000277-001,merasa,O
000277-001,tenang,O
000277-001,karena,O
000277-001,sudah,O
000277-001,bisa,O
000277-001,menaklukkan,O
000277-001,Khaibar,B_LOCATION
000277-001,",",O
000277-001,tiba-tiba,O
000277-001,muncul,O
000277-001,Zainab,B_PERSON
000277-001,binti,I_PERSON
000277-001,Al-Harits,I_PERSON
000277-001,",",O
000277-001,istri,O
000277-001,Sallam,B_PERSON
000277-001,bin,I_PERSON
000277-001,Misykam,I_PERSON
000277-001,di,O
000277-001,hadapan,O
000277-001,beliau,O
000277-001,sambil,O
000277-001,menyodorkan,O
000277-001,daging,O
000277-001,domba,O
000277-001,yang,O
000277-001,sudah,O
000277-001,dipanggang,O
000277-001,Sebelumnya,O
000277-001,Zainab,B_PERSON
000277-001,binti,I_PERSON
000277-001,Al-Harits,I_PERSON
000277-001,pernah,O
000277-001,menanyakan,O
000277-001,",",O
000277-001,bagian,O
000277-001,mana,O
000277-001,dari,O
000277-001,daging,O
000277-001,domba,O
000277-001,yang,O
000277-001,paling,O
000277-001,disukai,O
000277-001,Rasulullah,B_PERSON
000277-001,?,O
000277-001,Ada,O
000277-001,yang,O
000277-001,mengabarkan,O
000277-001,kepadanya,O
000277-001,bahwa,O
000277-001,beliau,O
000277-001,menyukai,O
000277-001,bagian,O
000277-001,paha,O
000277-001,.,O
000277-001,Maka,O
000277-001,dia,O
000277-001,menyusupkan,O
000277-001,racun,O
000277-001,lebih,O
000277-001,banyak,O
000277-001,ke,O
000277-001,bagian,O
000277-001,ini,O
000277-001,",",O
000277-001,lalu,O
000277-001,mengirimkannya,O
000277-001,.,O
000277-001,Setelah,O
000277-001,menerimanya,O
000277-001,",",O
000277-001,beliau,O
000277-001,menggigit,O
000277-001,untuk,O
000277-001,satu,O
000277-001,kunyahan,O
000277-001,",",O
000277-001,namun,O
000277-001,kemudian,O
000277-001,memuntahkannya,O
000277-001,lagi,O
000277-001,dan,O
000277-001,tidak,O
000277-001,menelannya,O
000277-001,.,O
000277-001,Beliau,O
000277-001,bersabda,O
000277-001,",",O
000277-001,Tulang,O
000277-001,ini,O
000277-001,mengabarkan,O
000277-001,kepadaku,O
000277-001,bahwa,O
000277-001,di,O
000277-001,dalam,O
000277-001,daging,O
000277-001,disusupi,O
000277-001,racun,O
000277-001,".""",O
000277-001,Kemudian,O
000277-001,beliau,O
000277-001,memerintahkan,O
000277-001,untuk,O
000277-001,memanggil,O
000277-001,Zainab,B_PERSON
000277-001,binti,I_PERSON
000277-001,Al-Harits,I_PERSON
000277-001,Setelah,O
000277-001,ditanya,O
000277-001,",",O
000277-001,dia,O
000277-001,mengakui,O
000277-001,perbuatannya,O
000277-001,.,O
000277-001,"""",O
000277-001,Apa,O
000277-001,yang,O
000277-001,mendorongmu,O
000277-001,berbuat,O
000277-001,seperti,O
000277-001,itu,O
000277-001,"?""",O
000277-001,Tanya,O
000277-001,beliau,O
000277-001,.,O
000277-001,Dia,O
000277-001,menjawab,O
000277-001,",",O
000277-001,"""",O
000277-001,Aku,O
000277-001,pernah,O
000277-001,berkata,O
000277-001,sendiri,O
000277-001,",",O
000277-001,Kalau,O
000277-001,memang,O
000277-001,Muhammad,B_PERSON
000277-001,seorang,O
000277-001,raja,O
000277-001,",",O
000277-001,maka,O
000277-001,aku,O
000277-001,ingin,O
000277-001,menghabisinya,O
000277-001,.,O
000277-001,Jika,O
000277-001,dia,O
000277-001,seorang,O
000277-001,Nabi,O
000277-001,tentu,O
000277-001,akan,O
000277-001,ada,O
000277-001,pemberitahuan,O
000277-001,kepadanya,O
000277-001,".""",O
000277-001,Setelah,O
000277-001,itu,O
000277-001,beliau,O
000277-001,meninggalkan,O
000277-001,wanita,O
000277-001,itu,O
000277-001,.,O
000277-001,Sementara,O
000277-001,saat,O
000277-001,itu,O
000277-001,ada,O
000277-001,Bisyr,I_PERSON
000277-001,bin,I_PERSON
000277-001,Al-Barra',I_PERSON
000277-001,bin,I_PERSON
000277-001,Ma'rur,I_PERSON
000277-001,yang,O
000277-001,juga,O
000277-001,mengambil,O
000277-001,daging,O
000277-001,tersebut,O
000277-001,",",O
000277-001,mengunyah,O
000277-001,dan,O
000277-001,menelannya,O
000277-001,",",O
000277-001,hingga,O
000277-001,dia,O
000277-001,meninggal,O
000277-001,karenanya,O
000277-001,.,O
000277-001,Ada,O
000277-001,beberapa,O
000277-001,riwayat,O
000277-001,yang,O
000277-001,berbeda,O
000277-001,",",O
000277-001,apakah,O
000277-001,wanita,O
000277-001,itu,O
000277-001,dilepas,O
000277-001,begitu,O
000277-001,saja,O
000277-001,ataukah,O
000277-001,dibunuh,O
000277-001,.,O
000277-001,Namun,O
000277-001,kemudian,O
000277-001,banyak,O
000277-001,yang,O
000277-001,sepakat,O
000277-001,bahwa,O
000277-001,memang,O
000277-001,wanita,O
000277-001,itu,O
000277-001,dilepas,O
000277-001,pada,O
000277-001,awal,O
000277-001,mulanya,O
000277-001,.,O
000277-001,Tetapi,O
000277-001,setelah,O
000277-001,Bisyr,I_PERSON
000277-001,meninggal,O
000277-001,gara-gara,O
000277-001,memakan,O
000277-001,daging,O
000277-001,itu,O
000277-001,",",O
000277-001,maka,O
000277-001,wanita,O
000277-001,tersebut,O
000277-001,dibunuh,O
000277-001,sebagai,O
000277-001,qishash,O
000280-002,Muncul,O
000280-002,orang,O
000280-002,kedua,O
000280-002,dari,O
000280-002,mereka,O
000280-002,dan,O
000280-002,akhirnya,O
000280-002,dapat,O
000280-002,dibunuh,O
000280-002,lagi,O
000280-002,oleh,O
000280-002,Az-Zubair,O
000280-002,.,O
000280-002,Orang,O
000280-002,ketiga,O
000280-002,dilayani,O
000280-002,oleh,O
000280-002,Ali,B_PERSON
000280-002,bin,I_PERSON
000280-002,Abu,I_PERSON
000280-002,Thalib,I_PERSON
000280-002,dan,O
000280-002,dapat,O
000280-002,dibunuhnya,O
000280-002,",",O
000280-002,hingga,O
000280-002,ada,O
000280-002,sebelas,O
000280-002,orang,O
000280-002,di,O
000280-002,antara,O
000280-002,mereka,O
000280-002,yang,O
000280-002,semuanya,O
000280-002,dapat,O
000280-002,dibunuh,O
000280-002,.,O
000280-002,Setiap,O
000280-002,kali,O
000280-002,ada,O
000280-002,satu,O
000280-002,orang,O
000280-002,di,O
000280-002,antara,O
000280-002,mereka,O
000280-002,yang,O
000280-002,dapat,O
000280-002,dibunuh,O
000280-002,",",O
000280-002,maka,O
000280-002,sisanya,O
000280-002,diseru,O
000280-002,untuk,O
000280-002,masuk,O
000280-002,Islam,O
000280-002,.,O
000280-002,Saat,O
000280-002,itu,O
000280-002,tiba,O
000280-002,waktu,O
000280-002,shalat,O
000280-002,.,O
000280-002,Maka,O
000280-002,beliau,O
000280-002,melaksanakan,O
000280-002,shalat,O
000280-002,bersama,O
000280-002,para,O
000280-002,sahabat,O
000280-002,.,O
000280-002,Setelah,O
000280-002,selesai,O
000280-002,shalat,O
000280-002,",",O
000280-002,beliau,O
000280-002,kembali,O
000280-002,menyeru,O
000280-002,mereka,O
000280-002,lagi,O
000280-002,agar,O
000280-002,mau,O
000280-002,masuk,O
000280-002,Islam,O
000280-002,",",O
000280-002,mengajak,O
000280-002,kepada,O
000280-002,Allah,O
000280-002,dan,O
000280-002,Rasul-Nya,O
000280-002,.,O
000280-002,Tetapi,O
000280-002,mereka,O
000280-002,tetap,O
000280-002,menolak,O
000280-002,.,O
000280-002,Pertempuran,O
000280-002,berjalan,O
000280-002,terus,O
000280-002,hingga,O
000280-002,sore,O
000280-002,hari,O
000280-002,.,O
000280-002,Esok,O
000280-002,paginya,O
000280-002,selagi,O
000280-002,matahari,O
000280-002,belum,O
000280-002,naik,O
000280-002,sepenggalah,O
000280-002,",",O
000280-002,mereka,O
000280-002,sudah,O
000280-002,menyerah,O
000280-002,.,O
000280-002,Beliau,O
000280-002,dapat,O
000280-002,menaklukkan,O
000280-002,mereka,O
000280-002,dengan,O
000280-002,cara,O
000280-002,damai,O
000280-002,.,O
000280-002,Cukup,O
000280-002,banyak,O
000280-002,harta,O
000280-002,rampasan,O
000280-002,yang,O
000280-002,diperoleh,O
000280-002,dari,O
000280-002,mereka,O
000280-002,Rasulullah,B_PERSON
000280-002,di,O
000280-002,Wadil,O
000280-002,Qura,O
000280-002,selama,O
000280-002,empat,O
000280-002,hari,O
000280-002,",",O
000280-002,dan,O
000280-002,membagi,O
000280-002,harta,O
000280-002,rampasan,O
000280-002,di,O
000280-002,antara,O
000280-002,para,O
000280-002,sahabat,O
000280-002,.,O
000280-002,Sedangkan,O
000280-002,tanahnya,O
000280-002,diserahkan,O
000280-002,kepada,O
000280-002,penduduk,O
000280-002,Wadil,O
000280-002,Qura,O
000280-002,untuk,O
000280-002,diolah,O
000280-002,",",O
000280-002,seperti,O
000280-002,yang,O
000280-002,diberlakukan,O
000280-002,terhadap,O
000280-002,penduduk,O
000281-001,Tatkala,O
000281-001,orang-orang,O
000281-001,Yahudi,O
000281-001,Taima',O
000281-001,mendengar,O
000281-001,kabar,O
000281-001,tentang,O
000281-001,penduduk,O
000281-001,Khaibar,B_LOCATION
000281-001,yang,O
000281-001,menyerah,O
000281-001,",",O
000281-001,kemudian,O
000281-001,disusul,O
000281-001,penduduk,O
000281-001,Fadak,O
000281-001,dan,O
000281-001,Wadil,O
000281-001,Qura,O
000281-001,",",O
000281-001,mereka,O
000281-001,tidak,O
000281-001,berani,O
000281-001,menunjukkan,O
000281-001,perlawanan,O
000281-001,terhadap,O
000281-001,orang-orang,O
000281-001,Muslim,O
000281-001,Mereka,O
000281-001,mengirimkan,O
000281-001,utusan,O
000281-001,untuk,O
000281-001,menawarkan,O
000281-001,perjanjian,O
000281-001,damai,O
000281-001,.,O
000281-001,Rasulullah,B_PERSON
000281-001,menerima,O
000281-001,tawaran,O
000281-001,ini,O
000281-001,.,O
000281-001,Isi,O
000281-001,perjanjian,O
000281-001,dituangkan,O
000281-001,dalam,O
000281-001,sebuah,O
000281-001,tulisan,O
000281-001,",",O
000281-001,yang,O
000281-001,isinya,O
000281-001,:,O
000281-001,"""",O
000281-001,Inilah,O
000281-001,perjanjian,O
000281-001,Muhammad,B_PERSON
000281-001,Rasul,O
000281-001,Allah,O
000281-001,dengan,O
000281-001,Bani,O
000281-001,Adi,O
000281-001,",",O
000281-001,bahwa,O
000281-001,mereka,O
000281-001,mendapat,O
000281-001,jaminan,O
000281-001,sebagai,O
000281-001,ahli,O
000281-001,dzimmah,O
000281-001,",",O
000281-001,mereka,O
000281-001,harus,O
000281-001,menyerahkan,O
000281-001,jizyah,O
000281-001,",",O
000281-001,tidak,O
000281-001,ada,O
000281-001,permusuhan,O
000281-001,dan,O
000281-001,kepindahan,O
000281-001,ke,O
000281-001,tempat,O
000281-001,lain,O
000281-001,".""",O
000281-001,Yang,O
000281-001,bertugas,O
000281-001,menulis,O
000281-001,surat,O
000281-001,perjanjian,O
000281-001,ini,O
000281-001,adalah,O
000281-001,Khalid,B_PERSON
000281-001,bin,I_PERSON
000281-001,Sa'id,I_PERSON
000281-001,.,O
000281-001,235,O
000281-001,Zadul,O
000281-001,Ma'ad,O
000281-001,",",O
000281-001,2/146-147,O
000281-001,.,O
000307-001,Rasulullah,B_PERSON
000307-001,melanjutkan,O
000307-001,perjalanan,O
000307-001,hingga,O
000307-001,tiba,O
000307-001,di,O
000307-001,Dzu,B_PERSON
000307-001,Thuwa,I_PERSON
000307-001,.,O
000307-001,Di,O
000307-001,sana,O
000307-001,beliau,O
000307-001,merundukkan,O
000307-001,kepala,O
000307-001,karena,O
000307-001,hendak,O
000307-001,menunjukkan,O
000307-001,ketundukan,O
000307-001,kepada,O
000307-001,Allah,O
000307-001,",",O
000307-001,saat,O
000307-001,melihat,O
000307-001,kemenangan,O
000307-001,yang,O
000307-001,dianugerahkan,O
000307-001,Allah,O
000307-001,.,O
000307-001,Jenggot,O
000307-001,beliau,O
000307-001,hampir,O
000307-001,menyentuh,O
000307-001,pelana,O
000307-001,Di,O
000307-001,sini,O
000307-001,pula,O
000307-001,beliau,O
000307-001,membagi,O
000307-001,pasukan,O
000307-001,.,O
000307-001,Khalid,B_PERSON
000307-001,bin,I_PERSON
000307-001,Al-Walid,I_PERSON
000307-001,ditempatkan,O
000307-001,di,O
000307-001,sayap,O
000307-001,kanan,O
000307-001,bersama,O
000307-001,Bani,O
000307-001,Aslam,O
000307-001,",",O
000307-001,Sulaim,O
000307-001,",",O
000307-001,Ghifar,O
000307-001,",",O
000307-001,Muzainah,O
000307-001,",",O
000307-001,Juhainah,O
000307-001,",",O
000307-001,dan,O
000307-001,beberapa,O
000307-001,kabilah,O
000307-001,Arab,O
000307-001,lainnya,O
000307-001,.,O
000307-001,Beliau,O
000307-001,memerintahkan,O
000307-001,pasukan,O
000307-001,Khalid,B_PERSON
000307-001,ini,O
000307-001,masuk,O
000307-001,dari,O
000307-001,dataran,O
000307-001,rendah,O
000307-001,Makkah,B_LOCATION
000307-001,.,O
000307-001,Beliau,O
000307-001,bersabda,O
000307-001,",",O
000307-001,"""",O
000307-001,Jika,O
000307-001,ada,O
000307-001,orang-orang,O
000307-001,Quraisy,O
000307-001,yang,O
000307-001,menghadang,O
000307-001,kalian,O
000307-001,",",O
000307-001,maka,O
000307-001,perangilah,O
000307-001,mereka,O
000307-001,",",O
000307-001,dan,O
000307-001,tunggulah,O
000307-001,kedatanganku,O
000307-001,di,O
000307-001,Shafa,B_LOCATION
000307-001,".""",O
000307-001,Sedangkan,O
000307-001,Az-Zubair,O
000307-001,bin,I_PERSON
000307-001,Al-Awwam,I_PERSON
000307-001,ada,O
000307-001,di,O
000307-001,sayap,O
000307-001,kiri,O
000307-001,",",O
000307-001,membawa,O
000307-001,bendera,O
000307-001,Rasulullah,B_PERSON
000307-001,dan,O
000307-001,memerintahkannya,O
000307-001,agar,O
000307-001,masuk,O
000307-001,Makkah,B_LOCATION
000307-001,dari,O
000307-001,dataran,O
000307-001,tingginya,O
000307-001,",",O
000307-001,tepatnya,O
000307-001,dari,O
000307-001,arah,O
000307-001,Qada,I_PERSON
000307-001,.,O
000307-001,Beliau,O
000307-001,memerintahkan,O
000307-001,untuk,O
000307-001,menancapkan,O
000307-001,benderanya,O
000307-001,di,O
000307-001,Al-Hajun,I_PERSON
000307-001,dan,O
000307-001,tidak,O
000307-001,boleh,O
000307-001,meninggalkan,O
000307-001,tempat,O
000307-001,itu,O
000307-001,hingga,O
000307-001,beliau,O
000307-001,tiba,O
000307-001,di,O
000307-001,sana,O
000307-001,.,O
000307-001,Sementara,O
000307-001,Abu,B_PERSON
000307-001,Ubaidah,I_PERSON
000307-001,bersama,O
000307-001,beberapa,O
000307-001,orang,O
000307-001,tanpa,O
000307-001,membawa,O
000307-001,senjata,O
000307-001,diperintahkan,O
000307-001,untuk,O
000307-001,masuk,O
000307-001,langsung,O
000307-001,ke,O
000307-001,tengah,O
000307-001,lembah,O
000307-001,hingga,O
000307-001,masuk,O
000307-001,Makkah,B_LOCATION
000307-001,di,O
000307-001,depan,O
000307-001,Rasulullah,B_PERSON
000311-001,Saat,O
000311-001,Rasulullah,B_PERSON
000311-001,sedang,O
000311-001,duduk,O
000311-001,di,O
000311-001,dalam,O
000311-001,masjid,O
000311-001,",",O
000311-001,Ali,B_PERSON
000311-001,bin,I_PERSON
000311-001,Abu,I_PERSON
000311-001,Thalib,I_PERSON
000311-001,menghampiri,O
000311-001,beliau,O
000311-001,sambil,O
000311-001,memegang,O
000311-001,kunci,O
000311-001,Ka'bah,B_LOCATION
000311-001,dan,O
000311-001,berkata,O
000311-001,",",O
000311-001,"""",O
000311-001,Wahai,O
000311-001,Rasulullah,B_PERSON
000311-001,",",O
000311-001,serahkanlah,O
000311-001,kewenangan,O
000311-001,menjaga,O
000311-001,Ka'bah,B_LOCATION
000311-001,kepada,O
000311-001,kami,O
000311-001,bersama,O
000311-001,kewenangan,O
000311-001,memberi,O
000311-001,minum,O
000311-001,kepada,O
000311-001,orang-orang,O
000311-001,yang,O
000311-001,haji,O
000311-001,.,O
000311-001,Shalawat,O
000311-001,Allah,O
000311-001,semoga,O
000311-001,dilimpahkan,O
000311-001,kepada,O
000311-001,engkau,O
000311-001,".""",O
000311-001,Dalam,O
000311-001,suatu,O
000311-001,riwayat,O
000311-001,disebutkan,O
000311-001,bahwa,O
000311-001,yang,O
000311-001,berkata,O
000311-001,seperti,O
000311-001,itu,O
000311-001,adalah,O
000311-001,Al-Abbas,B_PERSON
000311-001,.,O
000311-001,Beliau,O
000311-001,bertanya,O
000311-001,",",O
000311-001,Mana,O
000311-001,Utsman,B_PERSON
000311-001,bin,I_PERSON
000311-001,Thalhah,I_PERSON
000311-001,"?""",O
000311-001,Setelah,O
000311-001,Utsman,B_PERSON
000311-001,bin,I_PERSON
000311-001,Thalhah,I_PERSON
000311-001,dipanggil,O
000311-001,dan,O
000311-001,menghadap,O
000311-001,",",O
000311-001,beliau,O
000311-001,bersabda,O
000311-001,.,O
000311-001,"""",O
000311-001,Inilah,O
000311-001,kuncimu,O
000311-001,wahai,O
000311-001,Utsman,B_PERSON
000311-001,.,O
000311-001,Hari,O
000311-001,ini,O
000311-001,adalah,O
000311-001,untuk,O
000311-001,berbuat,O
000311-001,kebaikan,O
000311-001,dan,O
000311-001,pemenuhan,O
000311-001,janji,O
000311-001,".""",O
000311-001,Dalam,O
000311-001,riwayat,O
000311-001,Ibnu,B_PERSON
000311-001,Sa'd,I_PERSON
000311-001,di,O
000311-001,dalam,O
000311-001,Ath-Thabaqat,O
000311-001,",",O
000311-001,disebutkan,O
000311-001,bahwa,O
000311-001,beliau,O
000311-001,bersabda,O
000311-001,saat,O
000311-001,menyerahkan,O
000311-001,kunci,O
000311-001,kepada,O
000311-001,Utsman,B_PERSON
000311-001,bin,I_PERSON
000311-001,Thalhah,I_PERSON
000311-001,",",O
000311-001,"""",O
000311-001,Ambillah,O
000311-001,kunci,O
000311-001,ini,O
000311-001,sebagai,O
000311-001,pusaka,O
000311-001,yang,O
000311-001,abadi,O
000311-001,.,O
000311-001,Tidak,O
000311-001,ada,O
000311-001,yang,O
000311-001,merampasnya,O
000311-001,dari,O
000311-001,kalian,O
000311-001,kecuali,O
000311-001,orang,O
000311-001,yang,O
000311-001,zhalim,O
000311-001,.,O
000311-001,Wahai,O
000311-001,Utsman,B_PERSON
000311-001,",",O
000311-001,sesungguhnya,O
000311-001,Allah,O
000311-001,menyerahkan,O
000311-001,keamanan,O
000311-001,Rumah-Nya,O
000311-001,kepada,O
000311-001,kalian,O
000311-001,.,O
000311-001,Ambillah,I_PERSON
000311-001,dari,O
000311-001,apa,O
000311-001,yang,O
000311-001,diberikan,O
000311-001,kepada,O
000311-001,kalian,O
000311-001,dari,O
000311-001,rumah,O
000311-001,ini,O
000311-001,dengan,O
000311-001,cara,O
000311-001,yang,O
000311-001,ma'ruf,O
000311-001,".""",O
000314-001,Pada,O
000314-001,hari,O
000314-001,itu,O
000314-001,Rasulullah,B_PERSON
000314-001,memutuskan,O
000314-001,untuk,O
000314-001,mengeksekusi,O
000314-001,sembilan,O
000314-001,orang,O
000314-001,tokoh,O
000314-001,penjahat,O
000314-001,.,O
000314-001,Beliau,O
000314-001,memerintahkan,O
000314-001,untuk,O
000314-001,membunuh,O
000314-001,mereka,O
000314-001,sekalipun,O
000314-001,mereka,O
000314-001,tertangkap,O
000314-001,di,O
000314-001,bawah,O
000314-001,kain,O
000314-001,penutup,O
000314-001,Ka'bah,B_LOCATION
000314-001,.,O
000314-001,Sembilan,O
000314-001,orang,O
000314-001,itu,O
000314-001,adalah,O
000314-001,Abdul,B_PERSON
000314-001,Uzza,I_PERSON
000314-001,bin,I_PERSON
000314-001,Khathal,I_PERSON
000314-001,",",O
000314-001,Abdullah,B_PERSON
000314-001,bin,I_PERSON
000314-001,Abu,I_PERSON
000314-001,Sarh,I_PERSON
000314-001,",",O
000314-001,Ikrimah,B_PERSON
000314-001,bin,I_PERSON
000314-001,Abu,I_PERSON
000314-001,Jahl,I_PERSON
000314-001,.,O
000314-001,Al-Harits,B_PERSON
000314-001,bin,I_PERSON
000314-001,Nufail,I_PERSON
000314-001,bin,I_PERSON
000314-001,Wahb,I_PERSON
000314-001,",",O
000314-001,Miqyas,B_PERSON
000314-001,bin,I_PERSON
000314-001,Shubabah,I_PERSON
000314-001,",",O
000314-001,Habbar,B_PERSON
000314-001,bin,I_PERSON
000314-001,Al-Aswad,I_PERSON
000314-001,.,O
000314-001,dua,O
000314-001,biduanita,O
000314-001,milik,O
000314-001,Ibnu,B_PERSON
000314-001,Khathal,I_PERSON
000314-001,yang,O
000314-001,isi,O
000314-001,nyanyiannya,O
000314-001,selalu,O
000314-001,mencaci,O
000314-001,maki,O
000314-001,diri,O
000314-001,beliau,O
000314-001,dan,O
000314-001,Sarah,O
000314-001,",",O
000314-001,budak,O
000314-001,sebagian,O
000314-001,Bani,O
000314-001,Abdul,B_PERSON
000314-001,Muthalib,I_PERSON
000314-001,yang,O
000314-001,membawa,O
000314-001,surat,O
000314-001,Hathib,B_PERSON
000314-001,bin,I_PERSON
000314-001,Abu,I_PERSON
000314-001,Balta'ah,I_PERSON
000314-001,Apakah,O
000314-001,mereka,O
000314-001,ini,O
000314-001,benar-benar,O
000314-001,dieksekusi,O
000314-001,?,O
000314-001,Tentang,O
000314-001,Abdullah,B_PERSON
000314-001,bin,I_PERSON
000314-001,Abu,B_PERSON
000314-001,Sarh,I_PERSON
000314-001,",",O
000314-001,dia,O
000314-001,menemui,O
000314-001,Utsman,B_PERSON
000314-001,bin,I_PERSON
000314-001,Affan,I_PERSON
000314-001,",",O
000314-001,karena,O
000314-001,mereka,O
000314-001,berdua,O
000314-001,adalah,O
000314-001,saudara,O
000314-001,sesusuan,O
000314-001,.,O
000314-001,Abdullah,I_PERSON
000314-001,meminta,O
000314-001,perlindungan,O
000314-001,kepada,O
000314-001,Utsman,B_PERSON
000314-001,bin,I_PERSON
000314-001,Affan,I_PERSON
000314-001,.,O
000314-001,Maka,O
000314-001,Utsman,B_PERSON
000314-001,memintakan,O
000314-001,amnesti,O
000314-001,kepada,O
000314-001,beliau,O
000314-001,.,O
000314-001,Beliau,O
000314-001,diam,O
000314-001,cukup,O
000314-001,lama,O
000314-001,dan,O
000314-001,tidak,O
000314-001,menanggapi,O
000314-001,permintaan,O
000314-001,amnesti,O
000314-001,itu,O
000314-001,",",O
000314-001,dengan,O
000314-001,harapan,O
000314-001,para,O
000314-001,sahabat,O
000314-001,segera,O
000314-001,menghampiri,O
000314-001,Abdullah,B_PERSON
000314-001,bin,I_PERSON
000314-001,Abu,I_PERSON
000314-001,Sarh,I_PERSON
000314-001,dan,O
000314-001,membunuhnya,O
000314-001,.,O
000314-001,Sebelum,O
000314-001,itu,O
000314-001,Abdullah,B_PERSON
000314-001,bin,I_PERSON
000314-001,Sarh,O
000314-001,sudah,O
000314-001,masuk,O
000314-001,Islam,O
000314-001,dan,O
000314-001,juga,O
000314-001,ikut,O
000314-001,hijrah,O
000314-001,ke,O
000314-001,Madinah,B_LOCATION
000314-001,.,O
000314-001,Tetapi,O
000314-001,kemudian,O
000314-001,dia,O
000314-001,murtad,O
000314-001,dan,O
000314-001,kembali,O
000314-001,lagi,O
000314-001,ke,O
000314-001,Makkah,B_LOCATION
000314-001,Ikrimah,B_PERSON
000314-001,bin,I_PERSON
000314-001,Abu,I_PERSON
000314-001,Jahl,I_PERSON
000314-001,melarikan,O
000314-001,diri,O
000314-001,ke,O
000314-001,Yaman,B_LOCATION
000314-001,",",O
000314-001,lalu,O
000314-001,istrinya,O
000314-001,memintakan,O
000314-001,amnesti,O
000314-001,baginya,O
000314-001,.,O
000314-001,Setelah,O
000314-001,Rasulullah,B_PERSON
000314-001,memberi,O
000314-001,amnesti,O
000314-001,",",O
000314-001,istrinya,O
000314-001,menyusul,O
000314-001,ke,O
000314-001,Yaman,B_LOCATION
000314-001,",",O
000314-001,lalu,O
000314-001,mereka,O
000314-001,berdua,O
000314-001,kembali,O
000314-001,lagi,O
000314-001,ke,O
000314-001,Makkah,B_LOCATION
000314-001,dan,O
000314-001,Ikrimah,B_PERSON
000314-001,masuk,O
000314-001,Islam,O
000314-001,.,O
000314-001,Sedangkan,O
000314-001,Ibnu,B_PERSON
000314-001,Khathal,I_PERSON
000314-001,berjuntai,O
000314-001,di,O
000314-001,kain,O
000314-001,penutup,O
000314-001,Ka'bah,B_LOCATION
000314-001,.,O
000314-001,Seseorang,O
000314-001,menemui,O
000314-001,beliau,O
000314-001,dan,O
000314-001,mengabarkannya,O
000314-001,.,O
000314-001,Beliau,O
000314-001,bersabda,O
000314-001,",",O
000314-001,"""",O
000314-001,Bunuhlah,O
000314-001,dia,O
000314-001,"!""",O
000314-001,Maka,O
000314-001,orang,O
000314-001,itu,O
000314-001,membunuhnya,O
000314-001,.,O
000320-001,Setelah,O
000320-001,suasana,O
000320-001,menjadi,O
000320-001,tenang,O
000320-001,",",O
000320-001,beliau,O
000320-001,mengirim,O
000320-001,beberapa,O
000320-001,satuan,O
000320-001,perang,O
000320-001,dan,O
000320-001,utusan,O
000320-001,",",O
000320-001,di,O
000320-001,antaranya,O
000320-001,l,O
000320-001,.,O
000320-001,Pengiriman,O
000320-001,Khalid,B_PERSON
000320-001,bin,I_PERSON
000320-001,Al-Walid,I_PERSON
000320-001,untuk,O
000320-001,mendatangi,O
000320-001,berhala,O
000320-001,Uzza,O
000320-001,di,O
000320-001,Nakhlah,O
000320-001,dan,O
000320-001,menghancurkannya,O
000320-001,",",O
000320-001,tepatnya,O
000320-001,lima,O
000320-001,hari,O
000320-001,sebelum,O
000320-001,habisnya,O
000320-001,bulan,B_TIME
000320-001,Ramadhan,I_TIME
000320-001,.,O
000320-001,Berhala,O
000320-001,ini,O
000320-001,milik,O
000320-001,orang-orang,O
000320-001,Quraisy,O
000320-001,dan,O
000320-001,semua,O
000320-001,Bani,O
000320-001,Kinanah,O
000320-001,",",O
000320-001,juga,O
000320-001,termasuk,O
000320-001,berhala,O
000320-001,mereka,O
000320-001,yang,O
000320-001,paling,O
000320-001,besar,O
000320-001,.,O
000320-001,Penjaga,O
000320-001,berhala,O
000320-001,ini,O
000320-001,adalah,O
000320-001,Bani,O
000320-001,Syaiban,O
000320-001,.,O
000320-001,Khalid,B_PERSON
000320-001,pergi,O
000320-001,ke,O
000320-001,sana,O
000320-001,bersama,O
000320-001,30,O
000320-001,orang,O
000320-001,penunggang,O
000320-001,kuda,O
000320-001,",",O
000320-001,hingga,O
000320-001,tiba,O
000320-001,di,O
000320-001,sana,O
000320-001,dan,O
000320-001,merobohkannya,O
000320-001,.,O
000320-001,Setelah,O
000320-001,Khalid,B_PERSON
000320-001,kembali,O
000320-001,",",O
000320-001,Rasulullah,B_PERSON
000320-001,bertanya,O
000320-001,",",O
000320-001,"""",O
000320-001,Apakah,O
000320-001,engkau,O
000320-001,melihat,O
000320-001,sesuatu,O
000320-001,"?""",O
000320-001,"""",O
000320-001,Tidak,O
000320-001,",""",O
000320-001,jawab,O
000320-001,Khalid,O
000320-001,.,O
000320-001,"""",O
000320-001,Kalau,O
000320-001,begitu,O
000320-001,engkau,O
000320-001,belum,O
000320-001,benar-benar,O
000320-001,merobohkannya,O
000320-001,.,O
000320-001,Kembalilah,O
000320-001,ke,O
000320-001,sana,O
000320-001,lagi,O
000320-001,dan,O
000320-001,robohkanlah,O
000320-001,"!""",O
000320-001,sabda,O
000320-001,beliau,O
000320-001,.,O
000320-001,Dengan,O
000320-001,hati,O
000320-001,bergejolak,O
000320-001,Khalid,B_PERSON
000320-001,pergi,O
000320-001,lagi,O
000320-001,sambil,O
000320-001,menghunus,O
000320-001,pedangnya,O
000320-001,.,O
000320-001,Di,O
000320-001,sana,O
000320-001,ada,O
000320-001,seorang,O
000320-001,wanita,O
000320-001,berkulit,O
000320-001,hitam,O
000320-001,yang,O
000320-001,keluar,O
000320-001,di,O
000320-001,hadapannya,O
000320-001,dalam,O
000320-001,keadaan,O
000320-001,telanjang,O
000320-001,dan,O
000320-001,menggeraikan,O
000320-001,rambutnya,O
000320-001,.,O
000320-001,Orang-orang,O
000320-001,berteriak,O
000320-001,karena,O
000320-001,ulah,O
000320-001,wanita,O
000320-001,ini,O
000320-001,.,O
000320-001,Khalid,B_PERSON
000320-001,menebaskan,O
000320-001,pedangnya,O
000320-001,ke,O
000320-001,tubuh,O
000320-001,wanita,O
000320-001,itu,O
000320-001,dan,O
000320-001,memotongnya,O
000320-001,menjadi,O
000320-001,dua,O
000320-001,bagian,O
000320-001,.,O
000320-001,Setelah,O
000320-001,itu,O
000320-001,",",O
000320-001,Khalid,B_PERSON
000320-001,kembali,O
000320-001,dan,O
000320-001,memberitahukannya,O
000320-001,apa,O
000320-001,yang,O
000320-001,terjadi,O
000320-001,kepada,O
000320-001,Rasulullah,B_PERSON
000320-001,.,O
000320-001,Kemudian,O
000320-001,beliau,O
000320-001,bersabda,O
000320-001,",",O
000320-001,"""",O
000320-001,Dulu,O
000320-001,aku,O
000320-001,sempat,O
000320-001,putus,O
000320-001,asa,O
000320-001,kalau-kalau,O
000320-001,Uzza,O
000320-001,akan,O
000320-001,disembah,O
000320-001,selama-lamanya,O
000320-001,di,O
000320-001,negeri,O
000320-001,kalian,O
000320-001,ini,O
000320-001,".""",O
000320-001,2,O
000320-001,.,O
000320-001,Pada,O
000320-001,bulan,B_TIME
000320-001,itu,O
000320-001,Amru,I_PERSON
000320-001,bin,I_PERSON
000320-001,Al-Ash,O
000320-001,juga,O
000320-001,diutus,O
000320-001,untuk,O
000320-001,menghancurkan,O
000320-001,Suwa',O
000320-001,.,O
000320-001,berhala,O
000320-001,milik,O
000320-001,Hudzail,I_PERSON
000320-001,di,O
000320-001,Ruhath,O
000320-001,",",O
000320-001,sejauh,O
000320-001,3,O
000320-001,mil,O
000320-001,dari,O
000320-001,Makkah,B_LOCATION
000320-001,.,O
000332-002,Mereka,O
000332-002,pun,O
000332-002,bermarkas,O
000332-002,di,O
000332-002,sana,O
000332-002,.,O
000332-002,Nabi,O
000332-002,memasang,O
000332-002,manjaniq,O
000332-002,ke,O
000332-002,arah,O
000332-002,penduduk,O
000332-002,Tha'if,B_LOCATION
000332-002,di,O
000332-002,dalam,O
000332-002,benteng,O
000332-002,dan,O
000332-002,melontarkan,O
000332-002,peluru-peluru,O
000332-002,batu,O
000332-002,",",O
000332-002,hingga,O
000332-002,dapat,O
000332-002,merontokkan,O
000332-002,sebagian,O
000332-002,dinding,O
000332-002,benteng,O
000332-002,dan,O
000332-002,beberapa,O
000332-002,prajurit,O
000332-002,Muslim,O
000332-002,masuk,O
000332-002,ke,O
000332-002,dalam,O
000332-002,benteng,O
000332-002,lewat,O
000332-002,dinding,O
000332-002,yang,O
000332-002,sudah,O
000332-002,terlubangi,O
000332-002,itu,O
000332-002,.,O
000332-002,Mereka,O
000332-002,masuk,O
000332-002,ke,O
000332-002,arah,O
000332-002,pagar,O
000332-002,benteng,O
000332-002,untuk,O
000332-002,membakarnya,O
000332-002,.,O
000332-002,Tetapi,O
000332-002,musuh,O
000332-002,melontarkan,O
000332-002,besi,O
000332-002,yang,O
000332-002,sudah,O
000332-002,dibakar,O
000332-002,panas,O
000332-002,dan,O
000332-002,juga,O
000332-002,serangan,O
000332-002,anak,O
000332-002,panah,O
000332-002,ke,O
000332-002,arah,O
000332-002,orang-orang,O
000332-002,Muslim,O
000332-002,yang,O
000332-002,masuk,O
000332-002,ke,O
000332-002,dalam,O
000332-002,benteng,O
000332-002,hingga,O
000332-002,dapat,O
000332-002,membunuh,O
000332-002,sebagian,O
000332-002,di,O
000332-002,antara,O
000332-002,mereka,O
000332-002,Sebagai,O
000332-002,bagian,O
000332-002,dari,O
000332-002,siasat,O
000332-002,perang,O
000332-002,",",O
000332-002,Rasulullah,B_PERSON
000332-002,memerintahkan,O
000332-002,untuk,O
000332-002,menebangi,O
000332-002,pohon,O
000332-002,anggur,O
000332-002,dan,O
000332-002,membakarnya,O
000332-002,.,O
000332-002,Karena,O
000332-002,cukup,O
000332-002,banyak,O
000332-002,pohon-,O
000332-002,pohon,O
000332-002,anggur,O
000332-002,yang,O
000332-002,ditebangi,O
000332-002,",",O
000332-002,pihak,O
000332-002,musuh,O
000332-002,dari,O
000332-002,pihak,O
000332-002,Tha'if,B_LOCATION
000332-002,memohon,O
000332-002,atas,O
000332-002,nama,O
000332-002,Allah,O
000332-002,dan,O
000332-002,hubungan,O
000332-002,kekerabatan,O
000332-002,",",O
000332-002,agar,O
000332-002,penebangan,O
000332-002,itu,O
000332-002,dihentikan,O
000332-002,.,O
000332-002,Beliau,O
000332-002,mengabulkan,O
000332-002,permohonan,O
000332-002,mereka,O
000332-002,.,O
000332-002,Lalu,O
000332-002,beliau,O
000332-002,berseru,O
000332-002,",",O
000332-002,"""",O
000332-002,Siapa,O
000332-002,pun,O
000332-002,yang,O
000332-002,mau,O
000332-002,turun,O
000332-002,dari,O
000332-002,benteng,O
000332-002,dan,O
000332-002,datang,O
000332-002,ke,O
000332-002,sini,O
000332-002,",",O
000332-002,maka,O
000332-002,dia,O
000332-002,bebas,O
000332-002,".""",O
000332-002,Ada,O
000332-002,20,O
000332-002,orang,O
000332-002,yang,O
000332-002,turun,O
000332-002,dari,O
000332-002,benteng,O
000332-002,dan,O
000332-002,mendatangi,O
000332-002,pasukan,O
000332-002,Muslimin,O
000332-002,.,O
000332-002,Di,O
000332-002,antara,O
000332-002,mereka,O
000332-002,ada,O
000332-002,yang,O
000332-002,dijuluki,O
000332-002,Abu,B_PERSON
000332-002,Bakrah,I_PERSON
000332-002,.,O
000332-002,Pekerjaannya,O
000332-002,memanjat,O
000332-002,dinding,O
000332-002,benteng,O
000332-002,Tha'if,B_LOCATION
000332-002,lalu,O
000332-002,menjulurkan,O
000332-002,kerekan,O
000332-002,bundar,O
000332-002,untuk,O
000332-002,mengambil,O
000332-002,air,O
000332-002,minum,O
000332-002,.,O
000332-002,Maka,O
000332-002,beliau,O
000332-002,menjulukinya,O
000332-002,Abu,B_PERSON
000332-002,Bakrah,I_PERSON
000332-002,(,O
000332-002,tukang,O
000332-002,kerek,O
000332-002,).,O
000349-002,Ia,O
000349-002,mencintai,O
000349-002,kami,O
000349-002,dan,O
000349-002,kami,O
000349-002,mencintainya,O
000349-002,".""",O
000349-002,Secara,O
000349-002,lamat-lamat,O
000349-002,orang,O
000349-002,yang,O
000349-002,berada,O
000349-002,di,O
000349-002,Madinah,B_LOCATION
000349-002,bisa,O
000349-002,mendengar,O
000349-002,kedatangan,O
000349-002,beliau,O
000349-002,.,O
000349-002,Maka,O
000349-002,para,O
000349-002,wanita,O
000349-002,dan,O
000349-002,anak-anak,O
000349-002,keluar,O
000349-002,untuk,O
000349-002,menyongsong,O
000349-002,kedatangan,O
000349-002,pasukan,O
000349-002,dengan,O
000349-002,suasana,O
000349-002,gembira,O
000349-002,",",O
000349-002,sambil,O
000349-002,mengucapkan,O
000349-002,syair,O
000349-002,seperti,O
000349-002,yang,O
000349-002,mereka,O
000349-002,ucapkan,O
000349-002,saat,O
000349-002,kedatangan,O
000349-002,beliau,O
000349-002,ke,O
000349-002,Madinah,B_LOCATION
000349-002,pertama,O
000349-002,kali,O
000349-002,Keberangkatan,O
000349-002,beliau,O
000349-002,ke,O
000349-002,Tabuk,B_LOCATION
000349-002,pada,O
000349-002,bulan,B_TIME
000349-002,Rajab,I_TIME
000349-002,dan,O
000349-002,pulang,O
000349-002,dari,O
000349-002,sana,O
000349-002,pada,O
000349-002,bulan,B_TIME
000349-002,Ramadhan,I_TIME
000349-002,.,O
000349-002,Peperangan,O
000349-002,ini,O
000349-002,memakan,O
000349-002,waktu,O
000349-002,selama,O
000349-002,50,O
000349-002,hari,O
000349-002,.,O
000349-002,Beliau,O
000349-002,berada,O
000349-002,di,O
000349-002,Tabuk,B_LOCATION
000349-002,selama,O
000349-002,20,O
000349-002,hari,O
000349-002,",",O
000349-002,sedangkan,O
000349-002,sisanya,O
000349-002,dihabiskan,O
000349-002,di,O
000349-002,perjalanan,O
000349-002,pulang,O
000349-002,pergi,O
000349-002,.,O
000349-002,Ini,O
000349-002,merupakan,O
000349-002,peperangan,O
000349-002,beliau,O
000349-002,yang,O
000349-002,terakhir,O
000349-002,kali,O
000349-002,.,O
