text_id,token,label
000019-005,Aku,O
000019-005,tidak,O
000019-005,pernah,O
000019-005,melihat,O
000019-005,sepetak,O
000019-005,tanah,O
000019-005,pun,O
000019-005,yang,O
000019-005,lebih,O
000019-005,subur,O
000019-005,saat,O
000019-005,itu,O
000019-005,.,O
000019-005,Domba-domba,O
000019-005,kami,O
000019-005,datang,O
000019-005,menyongsong,O
000019-005,kedatangan,O
000019-005,kami,O
000019-005,dalam,O
000019-005,keadaan,O
000019-005,kenyang,O
000019-005,dan,O
000019-005,air,O
000019-005,susunya,O
000019-005,juga,O
000019-005,penuh,O
000019-005,berisi,O
000019-005,",",O
000019-005,sehingga,O
000019-005,kami,O
000019-005,bisa,O
000019-005,memerahnya,O
000019-005,dan,O
000019-005,meminumnya,O
000019-005,.,O
000019-005,Sementara,O
000019-005,setiap,O
000019-005,orang,O
000019-005,yang,O
000019-005,memerah,O
000019-005,air,O
000019-005,susu,O
000019-005,hewannya,O
000019-005,sama,O
000019-005,sekali,O
000019-005,tidak,O
000019-005,mengeluarkan,O
000019-005,air,O
000019-005,susu,O
000019-005,walau,O
000019-005,setetes,O
000019-005,pun,O
000019-005,dan,O
000019-005,kelenjar,O
000019-005,susunya,O
000019-005,juga,O
000019-005,kempes,O
000019-005,.,O
000019-005,Sehingga,O
000019-005,mereka,O
000019-005,berkata,O
000019-005,garang,O
000019-005,kepada,O
000019-005,para,O
000019-005,penggembalanya,O
000019-005,",",O
000019-005,"""",O
000019-005,Celakalah,O
000019-005,kalian,O
000019-005,!,O
000019-005,Lepaskanlah,O
000019-005,hewan,O
000019-005,gembalaan,O
000019-005,kalian,O
000019-005,seperti,O
000019-005,yang,O
000019-005,dilakukan,O
000019-005,gembalanya,O
000019-005,putri,O
000019-005,Abu,B_PERSON
000019-005,Dzu-,I_PERSON
000019-005,aib,O
000019-005,".""",O
000019-005,Namun,O
000019-005,domba-domba,O
000019-005,mereka,O
000019-005,pulang,O
000019-005,ke,O
000019-005,rumah,O
000019-005,tetap,O
000019-005,dalam,O
000019-005,keadaan,O
000019-005,lapar,O
000019-005,dan,O
000019-005,setetes,O
000019-005,pun,O
000019-005,tidak,O
000019-005,mengeluarkan,O
000019-005,air,O
000019-005,susu,O
000019-005,.,O
000019-005,Sementara,O
000019-005,domba-dombaku,O
000019-005,pulang,O
000019-005,dalam,O
000019-005,keadaan,O
000019-005,kenyang,O
000019-005,dan,O
000019-005,kelenjar,O
000019-005,susunya,O
000019-005,penuh,O
000019-005,berisi,O
000019-005,.,O
000019-005,Kami,O
000019-005,senantiasa,O
000019-005,mendapatkan,O
000019-005,tambahan,O
000019-005,barakah,O
000019-005,dan,O
000019-005,kebaikan,O
000019-005,dari,O
000019-005,Allah,O
000019-005,selama,O
000019-005,dua,O
000019-005,tahun,O
000019-005,menyusui,O
000019-005,anak,O
000019-005,susuan,O
000019-005,kami.Lalu,O
000019-005,kami,O
000019-005,menyapihnya,O
000019-005,.,O
000019-005,Dia,O
000019-005,tumbuh,O
000019-005,dengan,O
000019-005,baik,O
000019-005,",",O
000019-005,tidak,O
000019-005,seperti,O
000019-005,bayi-bayi,O
000019-005,yang,O
000019-005,lain,O
000019-005,.,O
000019-005,Bahkan,O
000019-005,sebelum,O
000019-005,usia,O
000019-005,dua,O
000019-005,tahun,O
000019-005,pun,O
000019-005,dia,O
000019-005,sudah,O
000019-005,tumbuh,O
000019-005,pesat,O
000019-005,.,O
000019-005,Kemudian,O
000019-005,kami,O
000019-005,membawa,O
000019-005,kepada,O
000019-005,ibunya,O
000019-005,",",O
000019-005,meskipun,O
000019-005,kami,O
000019-005,masih,O
000019-005,berharap,O
000019-005,agar,O
000019-005,anak,O
000019-005,itu,O
000019-005,tetap,O
000019-005,berada,O
000019-005,di,O
000019-005,tengah-tengah,O
000019-005,kami,O
000019-005,",",O
000019-005,karena,O
000019-005,kami,O
000019-005,bisa,O
000019-005,merasakan,O
000019-005,barakahnya,O
000019-005,.,O
000019-005,Maka,O
000019-005,kami,O
000019-005,menyampaikan,O
000019-005,niat,O
000019-005,ini,O
000019-005,kepada,O
000019-005,ibunya,O
000019-005,.,O
000019-005,Aku,O
000019-005,berkata,O
000019-005,kepadanya,O
000019-005,",",O
000019-005,"""",O
000019-005,Andaikan,O
000019-005,saja,O
000019-005,engkau,O
000019-005,sudi,O
000019-005,membiarkan,O
000019-005,anak,O
000019-005,ini,O
000019-005,tetapi,O
000019-005,bersama,O
000019-005,kami,O
000019-005,hingga,O
000019-005,menjadi,O
000019-005,besar,O
000019-005,.,O
000021-002,berkata,O
000021-002,",",O
000021-002,"""",O
000021-002,Biarkanlah,O
000021-002,anakku,O
000021-002,ini,O
000021-002,.,O
000021-002,Demi,O
000021-002,Allah,O
000021-002,",",O
000021-002,sesungguhnya,O
000021-002,dia,O
000021-002,akan,O
000021-002,memiliki,O
000021-002,kedudukan,O
000021-002,yang,O
000021-002,agung,O
000021-002,".""",O
000021-002,Kemudian,O
000021-002,Abdul,B_PERSON
000021-002,Muththalib,I_PERSON
000021-002,duduk,O
000021-002,bersama,O
000021-002,beliau,O
000021-002,di,O
000021-002,atas,O
000021-002,dipannya,O
000021-002,",",O
000021-002,sambil,O
000021-002,mengelus,O
000021-002,punggung,O
000021-002,beliau,O
000021-002,dan,O
000021-002,senantiasa,O
000021-002,merasa,O
000021-002,gembira,O
000021-002,terhadap,O
000021-002,apa,O
000021-002,pun,O
000021-002,yang,O
000021-002,beliau,O
000021-002,lakukan,O
000021-002,".""",O
000021-002,Pada,O
000021-002,usia,O
000021-002,delapan,O
000021-002,tahun,O
000021-002,lebih,O
000021-002,dua,O
000021-002,bulan,O
000021-002,sepuluh,O
000021-002,hari,O
000021-002,dari,O
000021-002,umur,O
000021-002,Rasulullah,B_PERSON
000021-002,",",O
000021-002,kakek,O
000021-002,beliau,O
000021-002,meninggal,O
000021-002,dunia,O
000021-002,di,O
000021-002,Makkah,B_LOCATION
000021-002,.,O
000021-002,Sebelum,O
000021-002,meninggal,O
000021-002,",",O
000021-002,Abdul,B_PERSON
000021-002,Muththalib,I_PERSON
000021-002,sudah,O
000021-002,berpesan,O
000021-002,menitipkan,O
000021-002,pengasuhan,O
000021-002,sang,O
000021-002,cucu,O
000021-002,kepada,O
000021-002,pamannya,O
000021-002,",",O
000021-002,Abu,B_PERSON
000021-002,Thalib,I_PERSON
000021-002,",",O
000021-002,saudara,O
000021-002,kandung,O
000021-002,bapak,O
000024-002,Kami,O
000024-002,juga,O
000024-002,bisa,O
000024-002,mendapatkan,O
000024-002,tanda,O
000024-002,itu,O
000024-002,di,O
000024-002,dalam,O
000024-002,kitab,O
000024-002,kami,O
000024-002,".""",O
000024-002,Kemudian,O
000024-002,Rahib,O
000024-002,Bahira,O
000024-002,meminta,O
000024-002,agar,O
000024-002,Abu,B_PERSON
000024-002,Thalib,I_PERSON
000024-002,kembali,O
000024-002,lagi,O
000024-002,bersama,O
000024-002,beliau,O
000024-002,tanpa,O
000024-002,melanjutkan,O
000024-002,perjalanannya,O
000024-002,ke,O
000024-002,Syam,B_LOCATION
000024-002,",",O
000024-002,karena,O
000024-002,dia,O
000024-002,takut,O
000024-002,gangguan,O
000024-002,dari,O
000024-002,pihak,O
000024-002,orang-orang,O
000024-002,Yahudi,O
000024-002,.,O
000024-002,Maka,O
000024-002,Abu,B_PERSON
000024-002,Thalib,I_PERSON
000024-002,mengirim,O
000024-002,beliau,O
000024-002,bersama,O
000024-002,beberapa,O
000024-002,pemuda,O
000024-002,agar,O
000024-002,kembali,O
000024-002,lagi,O
000024-002,ke,O
000028-001,Setibanya,O
000028-001,di,O
000028-001,Makkah,B_LOCATION
000028-001,dan,O
000028-001,setelah,O
000028-001,Khadijah,B_PERSON
000028-001,tahu,O
000028-001,keuntungan,O
000028-001,dagangannya,O
000028-001,yang,O
000028-001,melimpah,O
000028-001,",",O
000028-001,yang,O
000028-001,tidak,O
000028-001,pernah,O
000028-001,dilihatnya,O
000028-001,sebanyak,O
000028-001,itu,O
000028-001,sebelumnya,O
000028-001,",",O
000028-001,apalagi,O
000028-001,setelah,O
000028-001,pembantunya,O
000028-001,",",O
000028-001,Maisarah,O
000028-001,",",O
000028-001,mengabarkan,O
000028-001,kepadanya,O
000028-001,apa,O
000028-001,yang,O
000028-001,dilihatnya,O
000028-001,pada,O
000028-001,diri,O
000028-001,beliau,O
000028-001,selama,O
000028-001,menyertainya,O
000028-001,",",O
000028-001,bagaimana,O
000028-001,sifat-sifat,O
000028-001,beliau,O
000028-001,yang,O
000028-001,mulia,O
000028-001,",",O
000028-001,kecerdikan,O
000028-001,dan,O
000028-001,kejujuran,O
000028-001,beliau,O
000028-001,",",O
000028-001,maka,O
000028-001,seakan-akan,O
000028-001,Khadijah,B_PERSON
000028-001,mendapatkan,O
000028-001,barangnya,O
000028-001,yang,O
000028-001,pernah,O
000028-001,hilang,O
000028-001,dan,O
000028-001,sangat,O
000028-001,diharapkannya,O
000028-001,.,O
000028-001,Sebenarnya,O
000028-001,sudah,O
000028-001,banyak,O
000028-001,para,O
000028-001,pemuka,O
000028-001,dan,O
000028-001,pemimpin,O
000028-001,kaum,O
000028-001,yang,O
000028-001,hendak,O
000028-001,menikahinya,O
000028-001,.,O
000028-001,Namun,O
000028-001,dia,O
000028-001,tidak,O
000028-001,mau,O
000028-001,.,O
000028-001,Tiba-tiba,O
000028-001,saja,O
000028-001,dia,O
000028-001,teringat,O
000028-001,seorang,O
000028-001,rekannya,O
000028-001,",",O
000028-001,Nafisah,B_PERSON
000028-001,binti,I_PERSON
000028-001,Munyah,I_PERSON
000028-001,Dia,O
000028-001,meminta,O
000028-001,agar,O
000028-001,rekannya,O
000028-001,ini,O
000028-001,menemui,O
000028-001,beliau,O
000028-001,dan,O
000028-001,membuka,O
000028-001,jalan,O
000028-001,agar,O
000028-001,mau,O
000028-001,menikah,O
000028-001,dengan,O
000028-001,Khadijah,B_PERSON
000028-001,.,O
000028-001,Ternyata,O
000028-001,beliau,O
000028-001,menerima,O
000028-001,tawaran,O
000028-001,itu,O
000028-001,",",O
000028-001,lalu,O
000028-001,beliau,O
000028-001,menemui,O
000028-001,paman-paman,O
000028-001,beliau,O
000028-001,.,O
000028-001,Kemudian,O
000028-001,paman-paman,O
000028-001,beliau,O
000028-001,menemui,O
000028-001,paman,O
000028-001,Khadijah,B_PERSON
000028-001,untuk,O
000028-001,mengajukan,O
000028-001,lamaran,O
000028-001,.,O
000028-001,Setelah,O
000028-001,semuanya,O
000028-001,dianggap,O
000028-001,beres,O
000028-001,",",O
000028-001,maka,O
000028-001,perkawinan,O
000028-001,siap,O
000028-001,dilaksanakan,O
000028-001,.,O
000028-001,Yang,O
000028-001,ikut,O
000028-001,hadir,O
000028-001,dalam,O
000028-001,pelaksanaan,O
000028-001,akad,O
000028-001,nikah,O
000028-001,adalah,O
000028-001,Bani,O
000028-001,Hasyim,O
000028-001,dan,O
000028-001,para,O
000028-001,pemuka,O
000028-001,Bani,O
000028-001,Mudhar,I_PERSON
000028-001,.,O
000028-001,Hal,O
000028-001,ini,O
000028-001,terjadi,O
000028-001,dua,O
000028-001,bulan,O
000028-001,sepulang,O
000028-001,beliau,O
000028-001,dari,O
000028-001,Syam,B_LOCATION
000028-001,.,O
000028-001,Maskawin,I_PERSON
000028-001,beliau,O
000028-001,dua,O
000028-001,puluh,O
000028-001,ekor,O
000028-001,onta,O
000028-001,muda,O
000028-001,45,O
000028-001,Fiqhus-Sirah,O
000028-001,",",O
000028-001,Muhammad,B_PERSON
000028-001,Al-Ghazali,O
000028-001,",",O
000028-001,hal,O
000028-001,.,O
000028-001,52,O
000028-001,46_,O
000028-001,Sirah,O
000028-001,An-Nabawiyah,O
000028-001,",",O
000028-001,Ibnu,B_PERSON
000028-001,Hisyam,I_PERSON
000028-001,",",O
000028-001,1/187-188,O
000028-001,.,O
000028-001,Usia,O
000028-001,Khadijah,B_PERSON
000028-001,sendiri,O
000028-001,empat,O
000028-001,puluh,O
000028-001,tahun,O
000028-001,",",O
000028-001,yang,O
000028-001,pada,O
000028-001,masa,O
000028-001,itu,O
000028-001,dia,O
000028-001,merupakan,O
000028-001,wanita,O
000028-001,yang,O
000028-001,paling,O
000028-001,terpandang,O
000028-001,",",O
000028-001,cantik,O
000028-001,",",O
000028-001,pandai,O
000028-001,",",O
000028-001,dan,O
000028-001,sekaligus,O
000028-001,kaya,O
000028-001,.,O
000028-001,Dia,O
000028-001,adalah,O
000028-001,wanita,O
000028-001,pertama,O
000028-001,yang,O
000028-001,dinikahi,O
000028-001,Rasulullah,B_PERSON
000028-001,.,O
000043-002,Demi,O
000043-002,Allah,O
000043-002,yang,O
000043-002,tidak,O
000043-002,ada,O
000043-002,Ilah,O
000043-002,selain,O
000043-002,Dia,O
000043-002,",",O
000043-002,sesungguhnya,O
000043-002,aku,O
000043-002,adalah,O
000043-002,utusan,O
000043-002,Allah,O
000043-002,kepada,O
000043-002,kalian,O
000043-002,secara,O
000043-002,khusus,O
000043-002,dan,O
000043-002,kepada,O
000043-002,manusia,O
000043-002,secara,O
000043-002,umum,O
000043-002,.,O
000043-002,Demi,O
000043-002,Allah,O
000043-002,",",O
000043-002,kalian,O
000043-002,benar-benar,O
000043-002,akan,O
000043-002,mati,O
000043-002,layaknya,O
000043-002,sedang,O
000043-002,tidur,O
000043-002,nyenyak,O
000043-002,dan,O
000043-002,akan,O
000043-002,dibangkitkan,O
000043-002,lagi,O
000043-002,layaknya,O
000043-002,bangun,O
000043-002,tidur,O
000043-002,.,O
000043-002,Kalian,O
000043-002,benar-benar,O
000043-002,akan,O
000043-002,dihisab,O
000043-002,terhadap,O
000043-002,apa,O
000043-002,pun,O
000043-002,yang,O
000043-002,kalian,O
000043-002,perbuat,O
000043-002,",",O
000043-002,lalu,O
000043-002,di,O
000043-002,sana,O
000043-002,ada,O
000043-002,surga,O
000043-002,yang,O
000043-002,abadi,O
000043-002,dan,O
000043-002,neraka,O
000043-002,yang,O
000043-002,abadi,O
000043-002,pula,O
000043-002,".""",O
000043-002,Abu,B_PERSON
000043-002,Thalib,I_PERSON
000043-002,berkata,O
000043-002,",",O
000043-002,"""",O
000043-002,Kami,O
000043-002,tidak,O
000043-002,suka,O
000043-002,menolongmu,O
000043-002,",",O
000043-002,menjadi,O
000043-002,penasihatmu,O
000043-002,dan,O
000043-002,membenarkan,O
000043-002,perkataanmu,O
000043-002,.,O
000043-002,Orang-orang,O
000043-002,yang,O
000043-002,menjadi,O
000043-002,Bani,O
000043-002,bapakmu,O
000043-002,ini,O
000043-002,sudah,O
000043-002,bersepakat,O
000043-002,.,O
000043-002,Aku,O
000043-002,hanyalah,O
000043-002,segelintir,O
000043-002,orang,O
000043-002,di,O
000043-002,antara,O
000043-002,mereka,O
000043-002,.,O
000043-002,Namun,O
000043-002,akulah,O
000043-002,orang,O
000043-002,yang,O
000043-002,pertama,O
000043-002,kali,O
000043-002,mendukung,O
000043-002,apa,O
000043-002,yang,O
000043-002,engkau,O
000043-002,sukai,O
000043-002,.,O
000043-002,Maka,O
000043-002,lanjutkanlah,O
000043-002,apa,O
000043-002,yang,O
000043-002,diperintahkan,O
000043-002,kepadamu,O
000043-002,.,O
000043-002,Demi,O
000043-002,Allah,O
000043-002,",",O
000043-002,aku,O
000043-002,senantiasa,O
000043-002,akan,O
000043-002,menjaga,O
000043-002,dan,O
000043-002,melindungimu,O
000043-002,",",O
000043-002,namun,O
000043-002,aku,O
000043-002,tidak,O
000043-002,mempunyai,O
000043-002,pilihan,O
000043-002,lain,O
000043-002,untuk,O
000043-002,meninggalkan,O
000043-002,agama,O
000043-002,Bani,O
000043-002,Abdul,I_PERSON
000043-002,Muththalib,I_PERSON
000043-002,".""",O
000043-002,Abu,B_PERSON
000043-002,Lahab,I_PERSON
000043-002,berkata,O
000043-002,",",O
000043-002,"""",O
000043-002,Demi,O
000043-002,Allah,O
000043-002,",",O
000043-002,ini,O
000043-002,adalah,O
000043-002,kabar,O
000043-002,buruk,O
000043-002,.,O
000043-002,Ambillah,I_PERSON
000043-002,tindakan,O
000043-002,terhadap,O
000043-002,dirinya,O
000043-002,sebelum,O
000043-002,orang,O
000043-002,lain,O
000043-002,yang,O
000043-002,melakukannya,O
000043-002,".""",O
000043-002,Abu,B_PERSON
000043-002,Thalib,I_PERSON
000043-002,menimpali,O
000043-002,",",O
000043-002,"""",O
000043-002,Demi,O
000043-002,Allah,O
000043-002,kami,O
000043-002,tetap,O
000043-002,akan,O
000043-002,melindungi,O
000043-002,selagi,O
000043-002,kami,O
000043-002,masih,O
000044-001,Setelah,O
000044-001,Nabi,O
000044-001,merasa,O
000044-001,yakin,O
000044-001,terhadap,O
000044-001,janji,O
000044-001,Abu,B_PERSON
000044-001,Thalib,I_PERSON
000044-001,untuk,O
000044-001,melindungi,O
000044-001,68,O
000044-001,Fiqhus-Sirah,O
000044-001,",",O
000044-001,Ibnu-Atsir,B_PERSON
000044-001,",",O
000044-001,hal,O
000044-001,.,O
000044-001,77-78,O
000044-001,dalam,O
000044-001,menyampaikan,O
000044-001,wahyu,O
000044-001,dari,O
000044-001,Allah,O
000044-001,",",O
000044-001,maka,O
000044-001,suatu,O
000044-001,hari,O
000044-001,beliau,O
000044-001,berdiri,O
000044-001,di,O
000044-001,atas,O
000044-001,Shafa,B_LOCATION
000044-001,",",O
000044-001,lalu,O
000044-001,berseru,O
000044-001,",",O
000044-001,"""",O
000044-001,Wahai,O
000044-001,semua,O
000044-001,orang,O
000044-001,"!""",O
000044-001,Maka,O
000044-001,semua,O
000044-001,suku,O
000044-001,Quraisy,O
000044-001,berkumpul,O
000044-001,memenuhi,O
000044-001,seruan,O
000044-001,beliau,O
000044-001,",",O
000044-001,lalu,O
000044-001,beliau,O
000044-001,mengajak,O
000044-001,mereka,O
000044-001,kepada,O
000044-001,tauhid,O
000044-001,dan,O
000044-001,iman,O
000044-001,kepada,O
000044-001,risalah,O
000044-001,beliau,O
000044-001,serta,O
000044-001,iman,O
000044-001,kepada,O
000044-001,Hari,O
000044-001,Akhirat,O
000044-001,.,O
000044-001,Al-Bukhari,O
000044-001,telah,O
000044-001,meriwayatkan,O
000044-001,sebagian,O
000044-001,dari,O
000044-001,kisah,O
000044-001,ini,O
000044-001,",",O
000044-001,dari,O
000044-001,Ibnu,B_PERSON
000044-001,Abbas,I_PERSON
000044-001,.,O
000044-001,dia,O
000044-001,berkata,O
000044-001,",",O
000044-001,"""",O
000044-001,Tatkala,O
000044-001,turun,O
000044-001,ayat,O
000044-001,",",O
000044-001,"""",O
000044-001,Dan,O
000044-001,",",O
000044-001,berilah,O
000044-001,peringatan,O
000044-001,kepada,O
000044-001,kerabat-,O
000044-001,kerabatmu,O
000044-001,yang,O
000044-001,dekat,O
000044-001,""",",O
000044-001,maka,O
000044-001,Nabi,O
000044-001,naik,O
000044-001,ke,O
000044-001,Shafa,B_LOCATION
000044-001,",",O
000044-001,lalu,O
000044-001,berseru,O
000044-001,",",O
000044-001,Wahai,O
000044-001,Bani,O
000044-001,Fihr,O
000044-001,",",O
000044-001,wahai,O
000044-001,Bani,O
000044-001,Adi!',I_PERSON
000044-001,yang,O
000044-001,ditunjukan,O
000044-001,kepada,O
000044-001,semua,O
000044-001,suku,O
000044-001,Quraisy,O
000044-001,",",O
000044-001,hingga,O
000044-001,mereka,O
000044-001,berkumpul,O
000044-001,semua,O
000044-001,.,O
000044-001,Jika,O
000044-001,ada,O
000044-001,seseorang,O
000044-001,berhalangan,O
000044-001,hadir,O
000044-001,",",O
000044-001,maka,O
000044-001,dia,O
000044-001,mengirim,O
000044-001,utusan,O
000044-001,untuk,O
000044-001,melihat,O
000044-001,apa,O
000044-001,yang,O
000044-001,sedang,O
000044-001,terjadi,O
000044-001,.,O
000044-001,Abu,B_PERSON
000044-001,Lahab,I_PERSON
000044-001,berserta,O
000044-001,para,O
000044-001,pemuka,O
000044-001,Quraisy,O
000044-001,juga,O
000044-001,ikut,O
000044-001,datang,O
000044-001,.,O
000044-001,Beliau,O
000044-001,melanjutkan,O
000044-001,",",O
000044-001,"""",O
000044-001,Apa,O
000044-001,pendapat,O
000044-001,kalian,O
000044-001,jika,O
000044-001,kukabarkan,O
000044-001,bahwa,O
000044-001,di,O
000044-001,lembah,O
000044-001,ini,O
000044-001,ada,O
000044-001,pasukan,O
000044-001,kuda,O
000044-001,yang,O
000044-001,mengepung,O
000044-001,kalian,O
000044-001,",",O
000044-001,apakah,O
000044-001,kalian,O
000044-001,percaya,O
000044-001,kepadaku,O
000044-001,"?""",O
000044-001,"""",O
000044-001,Benar,O
000044-001,",""",O
000044-001,jawab,O
000044-001,mereka,O
000044-001,",",O
000044-001,"""",O
000044-001,kami,O
000044-001,tidak,O
000044-001,pernah,O
000044-001,mempunyai,O
000044-001,pengalaman,O
000044-001,bersama,O
000044-001,engkau,O
000044-001,kecuali,O
000044-001,kejujuran,O
000044-001,".""",O
000044-001,Beliau,O
000044-001,bersabda,O
000044-001,",",O
000044-001,Sesungguhnya,O
000044-001,aku,O
000044-001,memberi,O
000044-001,peringatan,O
000044-001,kepada,O
000044-001,kalian,O
000044-001,sebeluam,O
000044-001,datangnya,O
000044-001,adzab,O
000044-001,yang,O
000044-001,pedih,O
000044-001,".""",O
000044-001,Abu,B_PERSON
000044-001,Lahab,I_PERSON
000044-001,berkata,O
000044-001,",",O
000044-001,"""",O
000044-001,Celakalah,O
000044-001,engkau,O
000044-001,untuk,O
000044-001,selama-lamanya,O
000044-001,.,O
000044-001,Untuk,O
000044-001,inikah,O
000044-001,engkau,O
000044-001,mengumpulkan,O
000044-001,kami,O
000044-001,"?""",O
000044-001,Lalu,O
000044-001,turun,O
000044-001,ayat,O
000044-001,",",O
000044-001,Celakalah,O
000044-001,kedua,O
000044-001,tangan,O
000044-001,Abu,B_PERSON
000044-001,Lahab,I_PERSON
000044-001,""".",O
000046-001,Setelah,O
000046-001,menguras,O
000046-001,pikiran,O
000046-001,",",O
000046-001,tidak,O
000046-001,ada,O
000046-001,jalan,O
000046-001,keluar,O
000046-001,lain,O
000046-001,bagi,O
000046-001,mereka,O
000046-001,kecuali,O
000046-001,mendatangi,O
000046-001,paman,O
000046-001,beliau,O
000046-001,",",O
000046-001,Abu,B_PERSON
000046-001,Thalib,I_PERSON
000046-001,.,O
000046-001,Mereka,O
000046-001,meminta,O
000046-001,kepadanya,O
000046-001,agar,O
000046-001,menghentikan,O
000046-001,segala,O
000046-001,apa,O
000046-001,pun,O
000046-001,yang,O
000046-001,dilakukan,O
000046-001,anak,O
000046-001,saudaranya,O
000046-001,.,O
000046-001,Untuk,O
000046-001,menguatkan,O
000046-001,permintaan,O
000046-001,ini,O
000046-001,",",O
000046-001,mereka,O
000046-001,menggunakan,O
000046-001,selubung,O
000046-001,nenek,O
000046-001,moyang,O
000046-001,dan,O
000046-001,hakikat,O
000046-001,",",O
000046-001,dengan,O
000046-001,berkata,O
000046-001,",",O
000046-001,"""",O
000046-001,Adanya,O
000046-001,ajakan,O
000046-001,untuk,O
000046-001,meninggalkan,O
000046-001,sesembahan,O
000046-001,mereka,O
000046-001,dan,O
000046-001,pernyataan,O
000046-001,bahwa,O
000046-001,sesembahan,O
000046-001,itu,O
000046-001,tidak,O
000046-001,bisa,O
000046-001,memberi,O
000046-001,manfaat,O
000046-001,dan,O
000046-001,tidak,O
000046-001,mampu,O
000046-001,berbuat,O
000046-001,apa-apa,O
000046-001,",",O
000046-001,merupakan,O
000046-001,pembodohan,O
000046-001,dan,O
000046-001,penyesatan,O
000046-001,terhadap,O
000046-001,nenek,O
000046-001,moyang,O
000046-001,mereka,O
000046-001,",",O
000046-001,yang,O
000046-001,sejak,O
000046-001,dahalu,O
000046-001,mereka,O
000046-001,sudah,O
000046-001,berada,O
000046-001,pada,O
000046-001,agama,O
000046-001,ini,O
000046-001,".""",O
000046-001,Mereka,O
000046-001,merasa,O
000046-001,mendapatkan,O
000046-001,jalan,O
000046-001,ini,O
000046-001,.,O
000046-001,Oleh,O
000046-001,karena,O
000046-001,itu,O
000046-001,mereka,O
000046-001,langsung,O
000046-001,melaksanakannya,O
000046-001,.,O
000046-001,Ibnu,B_PERSON
000046-001,Ishaq,I_PERSON
000046-001,menuturkan,O
000046-001,",",O
000046-001,beberapa,O
000046-001,pemuka,O
000046-001,Quraisy,O
000046-001,pergi,O
000046-001,ke,O
000046-001,tempat,O
000046-001,Abu,B_PERSON
000046-001,Thalib,I_PERSON
000046-001,",",O
000046-001,lalu,O
000046-001,berkata,O
000046-001,",",O
000046-001,"""",O
000046-001,Wahai,O
000046-001,Abu,B_PERSON
000046-001,Thalib,I_PERSON
000046-001,",",O
000046-001,sesungguhnya,O
000046-001,anak,O
000046-001,saudaramu,O
000046-001,telah,O
000046-001,mencaci,O
000046-001,maki,O
000046-001,sesembahan,O
000046-001,kami,O
000046-001,",",O
000046-001,mencela,O
000046-001,agama,O
000046-001,kami,O
000046-001,",",O
000046-001,membodohkan,O
000046-001,harapan-harapan,O
000046-001,kami,O
000046-001,dan,O
000046-001,menyesatkan,O
000046-001,nenek,O
000046-001,moyang,O
000046-001,kami,O
000046-001,.,O
000046-001,Engkau,O
000046-001,boleh,O
000046-001,mencegahnya,O
000046-001,agar,O
000046-001,tidak,O
000046-001,mengganggu,O
000046-001,kami,O
000046-001,",",O
000046-001,atau,O
000046-001,biarkan,O
000046-001,antara,O
000046-001,dia,O
000046-001,dan,O
000046-001,kami,O
000046-001,",",O
000046-001,toh,O
000046-001,engkau,O
000046-001,juga,O
000046-001,seperti,O
000046-001,kami,O
000046-001,",",O
000046-001,marilah,O
000046-001,menentangnya,O
000046-001,sehingga,O
000046-001,kita,O
000046-001,bisa,O
000046-001,mencegahnya,O
000046-001,".""",O
000046-001,Dengan,O
000046-001,perkataan,O
000046-001,yang,O
000046-001,halus,O
000046-001,dan,O
000046-001,penolakan,O
000046-001,yang,O
000046-001,lembut,O
000046-001,Abu,B_PERSON
000046-001,Thalib,I_PERSON
000046-001,menolak,O
000046-001,permintaan,O
000046-001,mereka,O
000046-001,.,O
000046-001,Maka,O
000046-001,mereka,O
000046-001,pun,O
000046-001,pulang,O
000046-001,dengan,O
000046-001,tangan,O
000046-001,hampa,O
000046-001,.,O
000046-001,sehingga,O
000046-001,Rasulullah,B_PERSON
000046-001,bisa,O
000046-001,melanjutkan,O
000046-001,dakwah,O
000046-001,",",O
000046-001,menampakkan,O
000046-001,agama,O
000046-001,Allah,O
000046-001,dan,O
000046-001,menyeru,O
000046-001,An-Nabawiyah,O
000046-001,",",O
000046-001,Ibnu,B_PERSON
000047-004,"""",O
000047-004,(,O
000047-004,Al-Muddatstsir,O
000047-004,:,O
000047-004,18-25,O
000047-004,),O
000047-004,Setelah,O
000047-004,semua,O
000047-004,orang,O
000047-004,yang,O
000047-004,hadir,O
000047-004,dalam,O
000047-004,pertemuan,O
000047-004,menyepakati,O
000047-004,ketetapan,O
000047-004,itu,O
000047-004,",",O
000047-004,maka,O
000047-004,mereka,O
000047-004,memutuskan,O
000047-004,untuk,O
000047-004,melaksanakannya,O
000047-004,.,O
000047-004,Untuk,O
000047-004,itu,O
000047-004,mereka,O
000047-004,duduk,O
000047-004,di,O
000047-004,pinggir-pinggir,O
000047-004,jalan,O
000047-004,yang,O
000047-004,dilalui,O
000047-004,manusia,O
000047-004,tatkala,O
000047-004,datang,O
000047-004,",",O
000047-004,sehingga,O
000047-004,tak,O
000047-004,seorang,O
000047-004,pun,O
000047-004,yang,O
000047-004,lewat,O
000047-004,melainkan,O
000047-004,mendapat,O
000047-004,peringatan,O
000047-004,tentang,O
000047-004,diri,O
000047-004,Muhammad,B_PERSON
000047-004,dan,O
000047-004,mereka,O
000047-004,juga,O
000047-004,menyebutkan,O
000047-004,keadaannya,O
000047-004,.,O
000047-004,71,O
000047-004,72,O
000047-004,Lihat,O
000047-004,Fi,O
000047-004,Yang,O
000047-004,memelopori,O
000047-004,pelaksanaan,O
000047-004,ini,O
000047-004,adalah,O
000047-004,Abu,B_PERSON
000047-004,Lahab,I_PERSON
000047-004,.,O
000047-004,Ketika,O
000047-004,musim,O
000047-004,haji,O
000047-004,benar-benar,O
000047-004,sudah,O
000047-004,tiba,O
000047-004,",",O
000047-004,Rasulullah,B_PERSON
000047-004,mendatangi,O
000047-004,manusia,O
000047-004,di,O
000047-004,tempat,O
000047-004,tinggal,O
000047-004,mereka,O
000047-004,",",O
000047-004,di,O
000047-004,pasar,O
000047-004,Ukazh,O
000047-004,",",O
000047-004,Majannah,O
000047-004,",",O
000047-004,dan,O
000047-004,Dzil-Majaz,O
000047-004,",",O
000047-004,menyeru,O
000047-004,mereka,O
000047-004,kepada,O
000047-004,Allah,O
000047-004,.,O
000047-004,Sementara,O
000047-004,itu,O
000047-004,",",O
000047-004,Abu,B_PERSON
000047-004,Lahab,I_PERSON
000047-004,menguntit,O
000047-004,di,O
000047-004,belakang,O
000047-004,beliau,O
000047-004,",",O
000047-004,sambil,O
000047-004,berkata,O
000047-004,",",O
000047-004,"""",O
000047-004,Janganlah,O
000047-004,kalian,O
000047-004,mematuhinya,O
000047-004,",",O
000047-004,karena,O
000047-004,dia,O
000047-004,orang,O
000047-004,yang,O
000047-004,keluar,O
000047-004,dari,O
000047-004,agama,O
000047-004,dan,O
000047-004,seorang,O
000047-004,Akibatnya,O
000047-004,",",O
000047-004,pada,O
000047-004,musim,O
000047-004,itu,O
000047-004,orang-orang,O
000047-004,Arab,O
000047-004,pulang,O
000047-004,ke,O
000047-004,tempat,O
000047-004,masing,O
000047-004,masing,O
000047-004,dengan,O
000047-004,membawa,O
000047-004,urusan,O
000047-004,Rasulullah,B_PERSON
000047-004,.,O
000047-004,Nama,O
000047-004,beliau,O
000047-004,tersebar,O
000047-004,di,O
000047-004,seluruh,O
000047-004,penjuru,O
000047-004,Arab,O
000047-004,.,O
000048-002,Firman,O
000048-002,Allah,O
000048-002,",",O
000048-002,73,O
000048-002,Perbuatan,O
000048-002,Abu,B_PERSON
000048-002,Lahab,I_PERSON
000048-002,ini,O
000048-002,diriwayatkan,O
000048-002,At-Tirmidzi,O
000048-002,dari,O
000048-002,Yazid,B_PERSON
000048-002,bin,I_PERSON
000048-002,Ruman,I_PERSON
000048-002,",",O
000048-002,dan,O
000048-002,dari,O
000048-002,Thariq,B_PERSON
000048-002,bin,I_PERSON
000048-002,Abdullah,I_PERSON
000048-002,Al-Muharibi,O
000048-002,",",O
000048-002,juga,O
000048-002,diriwayatkan,O
000048-002,Imam,B_PERSON
000048-002,Ahmad,O
000048-002,di,O
000048-002,dalam,O
000048-002,Mushnad-nya,O
000048-002,",",O
000048-002,3/492,O
000048-002,;,O
000048-002,4/341,O
000048-002,.,O
000048-002,K,O
000048-002,"""",O
000048-002,Dan,O
000048-002,sesungguhnya,O
000048-002,orang-orang,O
000048-002,kafir,O
000048-002,itu,O
000048-002,benar-benar,O
000048-002,hampir,O
000048-002,meng-,O
000048-002,gelincirkan,O
000048-002,kamu,O
000048-002,dengan,O
000048-002,pandangan,O
000048-002,mereka,O
000048-002,",",O
000048-002,tatkala,O
000048-002,mereka,O
000048-002,mendenga,O
000048-002,Al-Qur,O
000048-002,'an,O
000048-002,dan,O
000048-002,mereka,O
000048-002,berkata,O
000048-002,:,O
000048-002,"""",O
000048-002,Sesungguhnya,O
000048-002,ia,O
000048-002,(,O
000048-002,Muhammad,B_PERSON
000048-002,),O
000048-002,benar-,O
000048-002,benar,O
000048-002,orang,O
000048-002,yang,O
000048-002,gila,O
000048-002,.,O
000048-002,"""",O
000048-002,(,O
000048-002,Al-Qalam,O
000048-002,:,O
000048-002,51,O
000048-002,),O
000048-002,Jika,O
000048-002,ada,O
000048-002,rekan-rekan,O
000048-002,Rasulullah,B_PERSON
000048-002,yang,O
000048-002,duduk,O
000048-002,di,O
000048-002,sekitar,O
000048-002,beliau,O
000048-002,",",O
000048-002,maka,O
000048-002,mereka,O
000048-002,mengolok-olok,O
000048-002,dan,O
000048-002,berkata,O
000048-002,",",O
000048-002,"""",O
000048-002,Inilah,O
000048-002,rekan-rekannya,O
000048-002,",""",O
000048-002,sebagaimana,O
000048-002,yang,O
000048-002,dijelaskan,O
000048-002,Allah,O
000048-002,dalam,O
000048-002,firman-Nya,O
000048-002,",",O
000048-002,II,O
000048-002,YI,B_LOCATION
000048-002,"""",O
000048-002,Orang-orang,O
000048-002,semacam,O
000048-002,inikah,O
000048-002,di,O
000048-002,antara,O
000048-002,kita,O
000048-002,yang,O
000048-002,diberi,O
000048-002,anugerah,O
000048-002,Allah,O
000048-002,kepada,O
000048-002,mereka,O
000048-002,"?""",O
000048-002,(,O
000048-002,Al-An'am,O
000048-002,:,O
000048-002,53,O
000048-002,Padahal,O
000048-002,Allah,O
000048-002,berfirman,O
000048-002,",",O
000048-002,or,O
000048-002,"""",O
000048-002,Bukankah,O
000048-002,Allah,O
000048-002,lebih,O
000048-002,mengetahui,O
000048-002,tentang,O
000048-002,orang-orang,O
000048-002,yang,O
000048-002,bersyukur,O
000048-002,"kepadaNya)?""(Al-An'am",O
000048-002,:,O
000048-002,53,O
000048-002,),O
000048-002,Keadaan,O
000048-002,mereka,O
000048-002,seperti,O
000048-002,yang,O
000048-002,difirmankan,O
000048-002,Allah,O
000048-002,kepada,O
000048-002,kita,O
000048-002,",",O
000048-002,"""",O
000048-002,Sesungguhnya,O
000048-002,orang-orang,O
000048-002,yang,O
000048-002,berdosa,O
000048-002,",",O
000048-002,adalah,O
000048-002,mereka,O
000048-002,yang,O
000048-002,me-,O
000048-002,nertawakan,O
000048-002,orang-orang,O
000048-002,yang,O
000048-002,beriman,O
000048-002,.,O
000048-002,Dan,O
000048-002,apabila,O
000048-002,orang-orang,O
000048-002,yang,O
000048-002,beriman,O
000048-002,berlalu,O
000048-002,di,O
000048-002,hadapan,O
000048-002,mereka,O
000048-002,",",O
000048-002,mereka,O
000048-002,saling,O
000048-002,mengedip-ngedipkan,O
000048-002,matanya,O
000048-002,.,O
000048-002,Dan,O
000048-002,apabila,O
000048-002,orang-orang,O
000048-002,yang,O
000048-002,berdosa,O
000048-002,itu,O
000048-002,kembali,O
000048-002,kepada,O
000048-002,kaumnya,O
000048-002,",",O
000048-002,mereka,O
000048-002,kembali,O
000048-002,dengan,O
000048-002,gembira,O
000048-002,.,O
000048-002,Dan,O
000048-002,apabila,O
000048-002,mereka,O
000048-002,melihat,O
000048-002,orang-orang,O
000048-002,mukmin,O
000048-002,",",O
000048-002,mereka,O
000048-002,mengatakan,O
000048-002,:,O
000048-002,"""",O
000048-002,Sesungguhnya,O
000048-002,mereka,O
000048-002,itu,O
000048-002,benar-benar,O
000048-002,orang-orang,O
000048-002,yang,O
000048-002,sesat,O
000048-002,""",",O
000048-002,padahal,O
000048-002,orang-orang,O
000048-002,yang,O
000048-002,berdosa,O
000048-002,itu,O
000048-002,tidak,O
000048-002,dikirim,O
000048-002,untuk,O
000048-002,penjaga,O
000048-002,bagi,O
000048-002,orang-orang,O
000048-002,mukmin,O
000048-002,.,O
000048-002,"""",O
000048-002,(,O
000048-002,Al-Muthaffifin,O
000048-002,:,O
000048-002,29-33,O
000048-002,2,O
000048-002,.,O
000048-003,"""",O
000048-003,(,O
000048-003,Al-Muthaffifin,O
000048-003,:,O
000048-003,29-33,O
000048-003,2,O
000048-003,.,O
000048-003,Menjelek-jelekkan,O
000048-003,ajaran,O
000048-003,beliau,O
000048-003,",",O
000048-003,membangkitkan,O
000048-003,keragu-raguan,O
000048-003,",",O
000048-003,menyebarkan,O
000048-003,anggapan-anggapan,O
000048-003,yang,O
000048-003,menyangsikan,O
000048-003,ajaran-ajaran,O
000048-003,beliau,O
000048-003,dan,O
000048-003,diri,O
000048-003,beliau,O
000048-003,.,O
000048-003,Mereka,O
000048-003,tiada,O
000048-003,henti,O
000048-003,melakukannya,O
000048-003,dan,O
000048-003,tidak,O
000048-003,member,O
000048-003,kesempatan,O
000048-003,kepada,O
000048-003,setiap,O
000048-003,orang,O
000048-003,untuk,O
000048-003,menelaah,O
000048-003,dakwah,O
000048-003,beliau,O
000048-003,.,O
000048-003,Mereka,O
000048-003,berkata,O
000048-003,tentang,O
000048-003,Al-Qur,O
000048-003,an,O
000048-003,",",O
000048-003,Dongengan-dongengan,O
000048-003,orang-orang,O
000048-003,dahulu,O
000048-003,",",O
000048-003,dimintanya,O
000048-003,supaya,O
000048-003,dituliskan,O
000048-003,",",O
000048-003,maka,O
000048-003,dibacakanlah,O
000048-003,dongengan,O
000048-003,itu,O
000048-003,kepadanya,O
000048-003,setiap,O
000048-003,pagi,O
000048-003,dan,O
000048-003,petang,O
000048-003,.,O
000048-003,"""",O
000048-003,(,O
000048-003,Al-Furqan,O
000048-003,:,O
000048-003,5,O
000048-003,Mereka,O
000048-003,juga,O
000048-003,berkata,O
000048-003,",",O
000048-003,"""",O
000048-003,Al-Qur,O
000048-003,'an,O
000048-003,ini,O
000048-003,tidak,O
000048-003,lain,O
000048-003,hanyalah,O
000048-003,kebohongan,O
000048-003,yang,O
000048-003,diada-adakan,O
000048-003,oleh,O
000048-003,Muhammad,B_PERSON
000048-003,dan,O
000048-003,dia,O
000048-003,dibantu,O
000048-003,oleh,O
000048-003,kaum,O
000048-003,yang,O
000048-003,lain,O
000048-003,;,O
000048-003,Maka,O
000048-003,sesungguhnya,O
000048-003,mereka,O
000048-003,telah,O
000048-003,berbuat,O
000048-003,suatu,O
000048-003,kezaliman,O
000048-003,dan,O
000048-003,dusta,O
000048-003,yang,O
000048-003,besar,O
000048-003,.,O
000048-003,"""",O
000048-003,(,O
000048-003,Al-Furgan,O
000048-003,:,O
000048-003,4,O
000048-003,),O
000048-003,Mereka,O
000048-003,berkata,O
000048-003,tentang,O
000048-003,diri,O
000048-003,Rasulullah,B_PERSON
000048-003,",",O
000048-003,"""",O
000048-003,Mengapa,O
000048-003,Rasul,O
000048-003,ini,O
000048-003,memakan,O
000048-003,makanan,O
000048-003,dan,O
000048-003,berjalan,O
000048-003,di,O
000048-003,pasar-pasar,O
000048-003,"?""",O
000048-003,(,O
000048-003,Al-Furqan,O
000048-003,:,O
000048-003,7,O
000048-003,),O
000048-003,Di,O
000048-003,dalam,O
000048-003,Al-Qur,O
000048-003,an,O
000048-003,banyak,O
000048-003,terdapat,O
000048-003,contoh,O
000048-003,penentangan,O
000048-003,mereka,O
000048-003,terhadap,O
000048-003,beliau,O
000048-003,.,O
000048-003,3,O
000048-003,.,O
000048-003,Melawan,O
000048-003,Al-Qur,O
000048-003,an,O
000048-003,dengan,O
000048-003,dongeng,O
000048-003,orang-orang,O
000048-003,dahulu,O
000048-003,dan,O
000048-003,menyibukkan,O
000048-003,manusia,O
000048-003,dengan,O
000048-003,dongeng-dongeng,O
000048-003,itu,O
000048-003,",",O
000048-003,agar,O
000048-003,mereka,O
000048-003,meninggalkan,O
000048-003,Al,O
000048-003,Qur'an,O
000048-003,.,O
000048-003,Mereka,O
000048-003,menyebutkan,O
000048-003,bahwa,O
000048-003,suatu,O
000048-003,kali,O
000048-003,An-Nadhar,O
000048-003,bin,I_PERSON
000048-003,Al-Harits,O
000048-003,berkata,O
000048-003,kepada,O
000048-003,orang-orang,O
000048-003,Quraisy,O
000048-003,",",O
000048-003,"""",O
000048-003,Wahai,O
000048-003,semua,O
000048-003,orang,O
000048-003,Quraisy,O
000048-003,!,O
000048-003,Demi,O
000048-003,Allah,O
000048-003,",",O
000048-003,telah,O
000048-003,datang,O
000048-003,satu,O
000048-003,urusan,O
000048-003,yang,O
000048-003,kalian,O
000048-003,belum,O
000048-003,juga,O
000048-003,bisa,O
000048-003,mencari,O
000048-003,alasan,O
000048-003,untuk,O
000048-003,menghadapinya,O
000048-003,.,O
000048-004,Demi,O
000048-004,Allah,O
000048-004,",",O
000048-004,telah,O
000048-004,datang,O
000048-004,satu,O
000048-004,urusan,O
000048-004,yang,O
000048-004,kalian,O
000048-004,belum,O
000048-004,juga,O
000048-004,bisa,O
000048-004,mencari,O
000048-004,alasan,O
000048-004,untuk,O
000048-004,menghadapinya,O
000048-004,.,O
000048-004,Muhammad,B_PERSON
000048-004,adalah,O
000048-004,seorang,O
000048-004,pemuda,O
000048-004,belia,O
000048-004,di,O
000048-004,tengah,O
000048-004,kalian,O
000048-004,",",O
000048-004,yang,O
000048-004,paling,O
000048-004,kalian,O
000048-004,ridhai,O
000048-004,",",O
000048-004,paling,O
000048-004,jujur,O
000048-004,perkataannya,O
000048-004,dan,O
000048-004,paling,O
000048-004,besar,O
000048-004,amanatnya,O
000048-004,",",O
000048-004,sehingga,O
000048-004,tatkala,O
000048-004,kalian,O
000048-004,melihat,O
000048-004,uban,O
000048-004,di,O
000048-004,kedua,O
000048-004,pelipisnya,O
000048-004,dan,O
000048-004,dia,O
000048-004,membawa,O
000048-004,apa,O
000048-004,yang,O
000048-004,telah,O
000048-004,dia,O
000048-004,bawa,O
000048-004,kepada,O
000048-004,kalian,O
000048-004,",",O
000048-004,tiba-tiba,O
000048-004,kalian,O
000048-004,mengatakan,O
000048-004,",",O
000048-004,Dia,O
000048-004,adalah,O
000048-004,laki-laki,O
000048-004,penyihir.',O
000048-004,Tidak,O
000048-004,",",O
000048-004,demi,O
000048-004,Allah,O
000048-004,",",O
000048-004,dia,O
000048-004,bukanlah,O
000048-004,laki-laki,O
000048-004,penyihir,O
000048-004,.,O
000048-004,Kita,O
000048-004,sudah,O
000048-004,mengetahui,O
000048-004,para,O
000048-004,penyihir,O
000048-004,.,O
000048-004,hembusan,O
000048-004,dan,O
000048-004,buhul,O
000048-004,talinya,O
000048-004,.,O
000048-004,Kalian,O
000048-004,mengatakan,O
000048-004,",",O
000048-004,Dia,O
000048-004,adalah,O
000048-004,dukun',O
000048-004,.,O
000048-004,Tidak,O
000048-004,",",O
000048-004,demi,O
000048-004,Allah,O
000048-004,",",O
000048-004,dia,O
000048-004,bukanlah,O
000048-004,dukun,O
000048-004,.,O
000048-004,Kita,O
000048-004,sudah,O
000048-004,pernah,O
000048-004,melihat,O
000048-004,dukun-,O
000048-004,dukun,O
000048-004,",",O
000048-004,yang,O
000048-004,komat-kamit,O
000048-004,dan,O
000048-004,membacakan,O
000048-004,mantera,O
000048-004,.,O
000048-004,Kalian,O
000048-004,mengatakan,O
000048-004,.,O
000048-004,Dia,O
000048-004,adalah,O
000048-004,penyair.',O
000048-004,Tidak,O
000048-004,",",O
000048-004,demi,O
000048-004,Allah,O
000048-004,",",O
000048-004,dia,O
000048-004,bukanlah,O
000048-004,penyair,O
000048-004,.,O
000048-004,Kita,O
000048-004,sudah,O
000048-004,mengetahui,O
000048-004,syair,O
000048-004,dan,O
000048-004,mendengar,O
000048-004,semua,O
000048-004,jenis-jenisnya,O
000048-004,",",O
000048-004,baik,O
000048-004,hazaj,O
000048-004,maupun,O
000048-004,rajaz,O
000048-004,.,O
000048-004,Kalian,O
000048-004,berkata,O
000048-004,",",O
000048-004,Dia,O
000048-004,adalah,O
000048-004,orang,O
000048-004,sinting.',O
000048-004,Tidak,O
000048-004,",",O
000048-004,demi,O
000048-004,Allah,O
000048-004,",",O
000048-004,dia,O
000048-004,bukan,O
000048-004,orang,O
000048-004,sinting,O
000048-004,.,O
000048-004,Kita,O
000048-004,sudah,O
000048-004,mengetahui,O
000048-004,orang-orang,O
000048-004,yang,O
000048-004,sinting,O
000048-004,.,O
000048-004,sementara,O
000048-004,dia,O
000048-004,tidak,O
000048-004,menangis,O
000048-004,tersedu-sedu,O
000048-004,",",O
000048-004,tidak,O
000048-004,bertindak,O
000048-004,sekenanya,O
000048-004,dan,O
000048-004,tidak,O
000048-004,berbisik-bisik,O
000048-004,layaknya,O
000048-004,orang,O
000048-004,sinting,O
000048-004,.,O
000048-004,Wahai,O
000048-004,semua,O
000048-004,orang,O
000048-004,Quraisy,O
000048-004,.,O
000048-004,Lihatlah,O
000048-004,lagi,O
000048-004,kedudukan,O
000048-004,kalian,O
000048-004,.,O
000048-004,Demi,O
000048-004,Allah,O
000048-004,",",O
000048-004,kini,O
000048-004,ada,O
000048-004,urusan,O
000048-004,besar,O
000048-004,yang,O
000048-004,datang,O
000048-004,kepada,O
000048-004,kalian,O
000048-004,".""",O
000048-004,Kemudian,O
000048-004,An-Nadhr,O
000048-004,pergi,O
000048-004,ke,O
000048-004,Hirah,O
000048-004,.,O
000048-004,Di,O
000048-004,sana,O
000048-004,dia,O
000048-004,mempelajari,O
000048-004,kisah,O
000048-004,para,O
000048-004,raja,O
000048-004,Persi,O
000048-004,",",O
000048-004,perkataan,O
000048-004,Rustum,O
000048-004,dan,O
000048-004,Asfandiyar,O
000048-004,.,O
000049-001,Orang-orang,O
000049-001,musyrik,O
000049-001,menerapkan,O
000049-001,cara-cara,O
000049-001,yang,O
000049-001,disebutkan,O
000049-001,di,O
000049-001,atas,O
000049-001,sedikit,O
000049-001,demi,O
000049-001,sedikit,O
000049-001,",",O
000049-001,untuk,O
000049-001,menghentikan,O
000049-001,dakwah,O
000049-001,setelah,O
000049-001,disebarkan,O
000049-001,secara,O
000049-001,terang-terangan,O
000049-001,sejak,O
000049-001,permulaan,O
000049-001,tahun,O
000049-001,keempat,O
000049-001,dari,O
000049-001,nubuwah,O
000049-001,.,O
000049-001,Mereka,O
000049-001,bertahan,O
000049-001,dengan,O
000049-001,cara-cara,O
000049-001,tersebut,O
000049-001,selama,O
000049-001,beberapa,O
000049-001,bulan,O
000049-001,setelah,O
000049-001,itu,O
000049-001,",",O
000049-001,tidak,O
000049-001,berani,O
000049-001,beralih,O
000049-001,ke,O
000049-001,cara,O
000049-001,penekanan,O
000049-001,dan,O
000049-001,penyiksaan,O
000049-001,.,O
000049-001,Tetapi,O
000049-001,tatkala,O
000049-001,mereka,O
000049-001,tahu,O
000049-001,bahwa,O
000049-001,cara,O
000049-001,ini,O
000049-001,sama,O
000049-001,sekali,O
000049-001,tidak,O
000049-001,efektif,O
000049-001,dalam,O
000049-001,menghentikan,O
000049-001,dakwah,O
000049-001,Islam,O
000049-001,",",O
000049-001,maka,O
000049-001,mereka,O
000049-001,berkumpul,O
000049-001,lagi,O
000049-001,",",O
000049-001,dan,O
000049-001,bahkan,O
000049-001,membentuk,O
000049-001,sebuah,O
000049-001,panitia,O
000049-001,khusus,O
000049-001,yang,O
000049-001,beranggotakan,O
000049-001,dua,O
000049-001,puluh,O
000049-001,lima,O
000049-001,orang,O
000049-001,yang,O
000049-001,terdiri,O
000049-001,dari,O
000049-001,pemuka,O
000049-001,Quraisy,O
000049-001,",",O
000049-001,dipimpin,O
000049-001,Abu,B_PERSON
000049-001,Lahab,I_PERSON
000049-001,",",O
000049-001,paman,O
000049-001,Rasulullah,B_PERSON
000049-001,.,O
000049-001,Setelah,O
000049-001,bermusyawarah,O
000049-001,dan,O
000049-001,beradu,O
000049-001,argumentasi,O
000049-001,",",O
000049-001,panitia,O
000049-001,membuat,O
000049-001,keputusan,O
000049-001,bulat,O
000049-001,untuk,O
000049-001,mengadapi,O
000049-001,Rasulullah,B_PERSON
000049-001,dan,O
000049-001,para,O
000049-001,sahabat-sahabat,O
000049-001,beliau,O
000049-001,.,O
000049-001,Mereka,O
000049-001,tidak,O
000049-001,akan,O
000049-001,mengendorkan,O
000049-001,usaha,O
000049-001,dalam,O
000049-001,memerangi,O
000049-001,Islam,O
000049-001,",",O
000049-001,mengganggu,O
000049-001,beliau,O
000049-001,",",O
000049-001,menyiksa,O
000049-001,orang-orang,O
000049-001,yang,O
000049-001,masuk,O
000049-001,Islam,O
000049-001,",",O
000049-001,dan,O
000049-001,menghadangnya,O
000049-001,dengan,O
000049-001,berbagai,O
000049-001,siasat,O
000049-001,dan,O
000049-001,cara,O
000049-001,.,O
000049-001,Mereka,O
000049-001,mengambil,O
000049-001,keputusan,O
000049-001,ini,O
000049-001,dan,O
000049-001,sangat,O
000049-001,antusias,O
000049-001,melaksanakannya,O
000049-001,Tidak,O
000049-001,terlalu,O
000049-001,sulit,O
000049-001,untuk,O
000049-001,menghadapi,O
000049-001,orang-orang,O
000049-001,Muslim,O
000049-001,yang,O
000049-001,lemah,O
000049-001,.,O
000049-001,Tetapi,O
000049-001,dalam,O
000049-001,menghadapi,O
000049-001,Rasulullah,B_PERSON
000049-001,?,O
000049-001,Beliau,O
000049-001,adalah,O
000049-001,orang,O
000049-001,yang,O
000049-001,cerdik,O
000049-001,",",O
000049-001,pemberani,O
000049-001,tegar,O
000049-001,",",O
000049-001,dan,O
000049-001,memiliki,O
000049-001,kepribadian,O
000049-001,yang,O
000049-001,kuat,O
000049-001,.,O
000049-001,Jiwa,O
000049-001,musuh,O
000049-001,pun,O
000049-001,bisa,O
000049-001,tunduk,O
000049-001,di,O
000049-001,hadapan,O
000049-001,beliau,O
000049-001,",",O
000049-001,terlebih,O
000049-001,lagi,O
000049-001,rekan-rekan,O
000049-001,beliau,O
000049-001,.,O
000049-001,Siapa,O
000049-001,pun,O
000049-001,yang,O
000049-001,berhadapan,O
000049-001,dengan,O
000049-001,beliau,O
000049-001,pasti,O
000049-001,akan,O
000049-001,memuliakan,O
000049-001,dan,O
000049-001,hormat,O
000049-001,.,O
000049-001,Tidak,O
000049-001,ada,O
000049-001,seorang,O
000049-001,pun,O
000049-001,yang,O
000049-001,berani,O
000049-001,mengejek,O
000049-001,dan,O
000049-001,mengolok-ngolok,O
000049-001,beliau,O
000049-001,kecuali,O
000049-001,orang,O
000049-001,yang,O
000049-001,hina,O
000049-001,dan,O
000049-001,bodoh,O
000049-001,.,O
000049-001,Terlebih,O
000049-001,lagi,O
000049-001,beliau,O
000049-001,mendapat,O
000049-001,perlidungan,O
000049-001,Abu,B_PERSON
000049-001,Thalib,I_PERSON
000049-001,.,O
000049-002,Terlebih,O
000049-002,lagi,O
000049-002,beliau,O
000049-002,mendapat,O
000049-002,perlidungan,O
000049-002,Abu,B_PERSON
000049-002,Thalib,I_PERSON
000049-002,.,O
000049-002,Sementara,O
000049-002,Abu,B_PERSON
000049-002,Thalib,I_PERSON
000049-002,adalah,O
000049-002,orang,O
000049-002,yang,O
000049-002,terhormat,O
000049-002,.,O
000049-002,Tak,O
000049-002,seorang,O
000049-002,pun,O
000049-002,berani,O
000049-002,melanggar,O
000049-002,perlindungan,O
000049-002,yang,O
000049-002,diberikannya,O
000049-002,.,O
000049-002,Keadaan,O
000049-002,seperti,O
000049-002,ini,O
000049-002,benar-benar,O
000049-002,menggelisahkan,O
000049-002,hati,O
000049-002,orang-orang,O
000049-002,Quraisy,O
000049-002,",",O
000049-002,membuat,O
000049-002,mereka,O
000049-002,bingung,O
000049-002,harus,O
000049-002,berbuat,O
000049-002,apa,O
000049-002,.,O
000049-002,Mereka,O
000049-002,tetap,O
000049-002,menahan,O
000049-002,kegeraman,O
000049-002,sekian,O
000049-002,lama,O
000049-002,dalam,O
000049-002,menghadapi,O
000049-002,dakwah,O
000049-002,",",O
000049-002,yang,O
000049-002,bisa,O
000049-002,memusnahkan,O
000049-002,kepemimpinan,O
000049-002,mereka,O
000049-002,dalam,O
000049-002,agama,O
000049-002,(,O
000049-002,Jahiliyah,O
000049-002,),O
000049-002,dan,O
000049-002,keduniaan,O
000049-002,.,O
000049-002,Oleh,O
000049-002,karena,O
000049-002,itu,O
000049-002,mereka,O
000049-002,mulai,O
000049-002,melancarkan,O
000049-002,serangan,O
000049-002,terhadap,O
000049-002,Nabi,O
000049-002,yang,O
000049-002,dikomandani,O
000049-002,Abu,B_PERSON
000049-002,Lahab,I_PERSON
000049-002,.,O
000049-002,Sikap,O
000049-002,Abu,B_PERSON
000049-002,Lahab,I_PERSON
000049-002,ini,O
000049-002,sudah,O
000049-002,ditunjukkan,O
000049-002,terhadap,O
000049-002,beliau,O
000049-002,sejak,O
000049-002,hari,O
000049-002,pertama,O
000049-002,",",O
000049-002,sebelum,O
000049-002,orang-orang,O
000049-002,Quraisy,O
000049-002,yang,O
000049-002,lain,O
000049-002,bertindak,O
000049-002,Di,O
000049-002,bagian,O
000049-002,terdahulu,O
000049-002,sudah,O
000049-002,kami,O
000049-002,singgung,O
000049-002,tentang,O
000049-002,sikapnya,O
000049-002,terhadap,O
000049-002,Nabi,O
000049-002,di,O
000049-002,pertemuan,O
000049-002,Bani,O
000049-002,Hasyim,O
000049-002,dan,O
000049-002,apa,O
000049-002,yang,O
000049-002,dilakukannya,O
000049-002,di,O
000049-002,bukit,O
000049-002,Shafa,O
000049-002,.,O
000049-002,Di,O
000049-002,dalam,O
000049-002,beberapa,O
000049-002,riwayat,O
000049-002,disebutkan,O
000049-002,bahwa,O
000049-002,tatkala,O
000049-002,di,O
000049-002,Shafa,O
000049-002,itu,O
000049-002,",",O
000049-002,Abu,B_PERSON
000049-002,Lahab,I_PERSON
000049-002,memungut,O
000049-002,sebuah,O
000049-002,batu,O
000049-002,dan,O
000049-002,menimpukkannya,O
000049-002,kepada,O
000049-002,beliau,O
000049-002,.,O
000049-002,Sebelum,O
000049-002,itu,O
000049-002,",",O
000049-002,Abu,B_PERSON
000049-002,Lahab,I_PERSON
000049-002,sudah,O
000049-002,menikahkan,O
000049-002,kedua,O
000049-002,anaknya,O
000049-002,",",O
000049-002,Utbah,B_PERSON
000049-002,dan,O
000049-002,Utaibah,I_PERSON
000049-002,dengan,O
000049-002,kedua,O
000049-002,putri,O
000049-002,beliau,O
000049-002,",",O
000049-002,Ruqayyah,I_PERSON
000049-002,dan,O
000049-002,Ummu,B_PERSON
000049-002,Kultsum,I_PERSON
000049-002,",",O
000049-002,tepatnya,O
000049-002,sebelum,O
000049-002,beliau,O
000049-002,diutus,O
000049-002,sebagai,O
000049-002,Rasul,O
000049-002,.,O
000049-002,Tetapi,O
000049-002,setelah,O
000049-002,itu,O
000049-002,dia,O
000049-002,menyuruh,O
000049-002,kedua,O
000049-002,anaknya,O
000049-002,untuk,O
000049-002,menceraikan,O
000049-002,istrinya,O
000049-002,masing-masing,O
000049-002,",",O
000049-002,dengan,O
000049-002,disertai,O
000049-002,ancaman,O
000049-002,keras,O
000049-002,.,O
000049-002,Tidak,O
000049-002,ada,O
000049-002,pilihan,O
000049-002,bagi,O
000049-002,kedua,O
000049-002,anak,O
000049-002,Abu,B_PERSON
000049-002,Lahab,I_PERSON
000049-002,kecuali,O
000049-002,menceraikan,O
000049-002,istrinya,O
000049-002,Setelah,O
000049-002,Abdullah,B_PERSON
000049-002,",",O
000049-002,putra,O
000049-002,Rasulullah,B_PERSON
000049-002,yang,O
000049-002,kedua,O
000049-002,meninggal,O
000049-002,dunia,O
000049-002,",",O
000049-002,Abu,B_PERSON
000049-002,Lahab,I_PERSON
000049-002,merasa,O
000049-002,senang,O
000049-002,sekali,O
000049-002,.,O
000049-002,Seketika,O
000049-002,itu,O
000049-002,dia,O
000049-002,menemui,O
000049-002,rekan-rekannya,O
000049-002,dan,O
000049-002,mengatakan,O
000049-002,kepada,O
000049-002,mereka,O
000049-002,bahwa,O
000049-002,Muhammad,B_PERSON
000049-002,sudah,O
000049-002,terputus,O
000049-002,dari,O
000049-002,rahmat,O
000049-002,Allah,O
000049-002,.,O
000049-003,Seketika,O
000049-003,itu,O
000049-003,dia,O
000049-003,menemui,O
000049-003,rekan-rekannya,O
000049-003,dan,O
000049-003,mengatakan,O
000049-003,kepada,O
000049-003,mereka,O
000049-003,bahwa,O
000049-003,Muhammad,B_PERSON
000049-003,sudah,O
000049-003,terputus,O
000049-003,dari,O
000049-003,rahmat,O
000049-003,Allah,O
000049-003,.,O
000049-003,Sebagaimana,O
000049-003,yang,O
000049-003,sudah,O
000049-003,disampaikan,O
000049-003,terdahulu,O
000049-003,",",O
000049-003,bahwa,O
000049-003,Abu,B_PERSON
000049-003,Lahab,I_PERSON
000049-003,menguntit,O
000049-003,di,O
000049-003,belakang,O
000049-003,Rasulullah,B_PERSON
000049-003,pada,O
000049-003,musim,O
000049-003,haji,O
000049-003,untuk,O
000049-003,mendustakan,O
000049-003,beliau,O
000049-003,.,O
000049-003,Thariq,B_PERSON
000049-003,bin,I_PERSON
000049-003,Abdullah,I_PERSON
000049-003,Al-Muharibi,O
000049-003,meriwayatkan,O
000049-003,",",O
000049-003,bahwa,O
000049-003,tidak,O
000049-003,hanya,O
000049-003,pendustaan,O
000049-003,saja,O
000049-003,yang,O
000049-003,dilakukan,O
000049-003,Abu,B_PERSON
000049-003,Lahab,I_PERSON
000049-003,",",O
000049-003,tetapi,O
000049-003,dia,O
000049-003,melempari,O
000049-003,beliau,O
000049-003,dengan,O
000049-003,batu,O
000049-003,",",O
000049-003,hingga,O
000049-003,sempat,O
000049-003,membuat,O
000049-003,kedua,O
000049-003,tumit,O
000049-003,beliau,O
000049-003,berdarah,O
000049-003,.,O
000049-003,Istri,O
000049-003,Abu,B_PERSON
000049-003,Lahab,I_PERSON
000049-003,",",O
000049-003,Ummu,B_PERSON
000049-003,Jamil,I_PERSON
000049-003,binti,I_PERSON
000049-003,Harb,I_PERSON
000049-003,bin,I_PERSON
000049-003,Umayyah,I_PERSON
000049-003,",",O
000049-003,saudari,O
000049-003,Abu,B_PERSON
000049-003,Sufy,I_PERSON
000049-003,an,O
000049-003,",",O
000049-003,tidak,O
000049-003,kalah,O
000049-003,sengitnya,O
000049-003,dalam,O
000049-003,memerangi,O
000049-003,beliau,O
000049-003,daripada,O
000049-003,suaminya,O
000049-003,.,O
000049-003,Dia,O
000049-003,pernah,O
000049-003,memasang,O
000049-003,duri,O
000049-003,di,O
000049-003,jalan,O
000049-003,yang,O
000049-003,dilalui,O
000049-003,Nabi,O
000049-003,dan,O
000049-003,di,O
000049-003,depan,O
000049-003,pintu,O
000049-003,beliau,O
000049-003,pada,O
000049-003,suatu,O
000049-003,malam,O
000049-003,.,O
000049-003,Dia,O
000049-003,adalah,O
000049-003,wanita,O
000049-003,yang,O
000049-003,sok,O
000049-003,berkuasa,O
000049-003,",",O
000049-003,panjang,O
000049-003,lidah,O
000049-003,",",O
000049-003,banyak,O
000049-003,bualan,O
000049-003,dan,O
000049-003,tipu,O
000049-003,muslihat,O
000049-003,",",O
000049-003,suka,O
000049-003,mengobarkan,O
000049-003,api,O
000049-003,fitnah,O
000049-003,dan,O
000049-003,menyalakan,O
000049-003,bara,O
000049-003,peperangan,O
000049-003,untuk,O
000049-003,melawan,O
000049-003,Nabi,O
000049-003,.,O
000049-003,Oleh,O
000049-003,karena,O
000049-003,itu,O
000049-003,",",O
000049-003,Al-Qur,O
000049-003,an,O
000049-003,mensifatinya,O
000049-003,sebagai,O
000049-003,pembawa,O
000049-003,kayu,O
000049-003,bakar,O
000049-003,Tatkala,O
000049-003,dia,O
000049-003,mendengar,O
000049-003,adanya,O
000049-003,ayat-ayat,O
000049-003,Al-Qur,O
000049-003,an,O
000049-003,yang,O
000049-003,turun,O
000049-003,tentang,O
000049-003,dirinya,O
000049-003,dan,O
000049-003,suaminya,O
000049-003,",",O
000049-003,maka,O
000049-003,dia,O
000049-003,langsung,O
000049-003,mencari,O
000049-003,Rasulullah,B_PERSON
000049-003,",",O
000049-003,yang,O
000049-003,saat,O
000049-003,itu,O
000049-003,beliau,O
000049-003,sedang,O
000049-003,duduk,O
000049-003,di,O
000049-003,masjid,O
000049-003,di,O
000049-003,dekat,O
000049-003,Ka'bah,B_LOCATION
000049-003,bersama,O
000049-003,Abu,B_PERSON
000049-003,Bakar,I_PERSON
000049-003,Ash-Shiddiq,I_PERSON
000049-003,.,O
000049-003,Dia,O
000049-003,membawa,O
000049-003,segenggam,O
000049-003,batu,O
000049-003,.,O
000049-003,Selagi,O
000049-003,dia,O
000049-003,sudah,O
000049-003,berada,O
000049-003,di,O
000049-003,depan,O
000049-003,keduanya,O
000049-003,",",O
000049-003,Allah,O
000049-003,menutupi,O
000049-003,pandangannya,O
000049-003,dari,O
000049-003,Rasulullah,B_PERSON
000049-003,",",O
000049-003,sehingga,O
000049-003,tidak,O
000049-003,bisa,O
000049-003,melihat,O
000049-003,kecuali,O
000049-003,Abu,B_PERSON
000049-003,Bakar,I_PERSON
000049-003,saja,O
000049-003,.,O
000049-003,Maka,O
000049-003,dia,O
000049-003,"bertanya,""Wahai",O
000049-003,Abu,B_PERSON
000049-003,Bakar,I_PERSON
000049-003,!,O
000049-003,Mana,O
000049-003,temanmu,O
000049-003,?,O
000049-003,Kudengar,O
000049-003,dia,O
000049-003,menyindirku,O
000049-003,.,O
000049-003,Demi,O
000049-003,Allah,O
000049-003,",",O
000049-003,andaikata,O
000049-003,aku,O
000049-003,melihatnya,O
000049-003,",",O
000049-003,tentu,O
000049-003,kutimpukkan,O
000049-003,batu,O
000049-003,ini,O
000049-003,ke,O
000049-003,mulutnya,O
000049-003,.,O
000049-007,blak-blakan,O
000049-007,",",O
000049-007,dengan,O
000049-007,memelototkan,O
000049-007,mata,O
000049-007,dan,O
000049-007,mencemooh,O
000049-007,.,O
000049-007,Sedangkan,O
000049-007,lumazal,O
000049-007,artinya,O
000049-007,mencela,O
000049-007,orang,O
000049-007,lain,O
000049-007,secara,O
000049-007,sembunyi-sembunyi,O
000049-007,atau,O
000049-007,mengganggunya,O
000049-007,.,O
000049-007,Saudara,O
000049-007,Umayyah,B_PERSON
000049-007,bin,I_PERSON
000049-007,Khalaf,I_PERSON
000049-007,",",O
000049-007,Ubay,B_PERSON
000049-007,bin,I_PERSON
000049-007,Khalaf,I_PERSON
000049-007,",",O
000049-007,tak,O
000049-007,jauh,O
000049-007,berbeda,O
000049-007,dengan,O
000049-007,Uqbah,B_PERSON
000049-007,bin,I_PERSON
000049-007,Abu,I_PERSON
000049-007,Mu'ith,I_PERSON
000049-007,.,O
000049-007,Suatu,O
000049-007,kali,O
000049-007,Uqbah,O
000049-007,mengintip,O
000049-007,di,O
000049-007,dekat,O
000049-007,Nabi,O
000049-007,dan,O
000049-007,mendengarkan,O
000049-007,bacaan,O
000049-007,Al-Qur,O
000049-007,an,O
000049-007,dari,O
000049-007,beliau,O
000049-007,.,O
000049-007,Tatkala,O
000049-007,tindakannya,O
000049-007,ini,O
000049-007,didengar,O
000049-007,dan,O
000049-007,diketahui,O
000049-007,Ubay,O
000049-007,",",O
000049-007,maka,O
000049-007,Ubay,O
000049-007,langsung,O
000049-007,menyindir,O
000049-007,dan,O
000049-007,mengejeknya,O
000049-007,",",O
000049-007,lalu,O
000049-007,dia,O
000049-007,meminta,O
000049-007,agar,O
000049-007,Uqbah,O
000049-007,meludahi,O
000049-007,wajah,O
000049-007,beliau,O
000049-007,.,O
000049-007,Ternyata,O
000049-007,Uqbah,O
000049-007,benar-benar,O
000049-007,melakukan,O
000049-007,anjuran,O
000049-007,itu,O
000049-007,.,O
000049-007,Ubay,B_PERSON
000049-007,bin,I_PERSON
000049-007,Khalaf,I_PERSON
000049-007,sendiri,O
000049-007,meremukkan,O
000049-007,tulang-belulang,O
000049-007,hingga,O
000049-007,hancur,O
000049-007,",",O
000049-007,lalu,O
000049-007,menaburkannya,O
000049-007,menurut,O
000049-007,arah,O
000049-007,mata,O
000049-007,angin,O
000049-007,yang,O
000049-007,berhembus,O
000049-007,ke,O
000049-007,arah,O
000049-007,beliau,O
000049-007,.,O
000049-007,Al-Akhnas,O
000049-007,bin,I_PERSON
000049-007,Syariq,O
000049-007,Ats-Tsaqafi,O
000049-007,termasuk,O
000049-007,orang,O
000049-007,yang,O
000049-007,menyakiti,O
000049-007,Rasulullah,B_PERSON
000049-007,.,O
000049-007,Al-Qur'an,O
000049-007,memberinya,O
000049-007,sembilan,O
000049-007,sifat,O
000049-007,yang,O
000049-007,menunjukkan,O
000049-007,keadaan,O
000049-007,dirinya,O
000049-007,",",O
000049-007,yaitu,O
000049-007,dalam,O
000049-007,firman,O
000049-007,Allah,O
000049-007,",",O
000049-007,"""",O
000049-007,Dan,O
000049-007,janganlah,O
000049-007,kamu,O
000049-007,ikuti,O
000049-007,setiap,O
000049-007,orang,O
000049-007,yang,O
000049-007,banyak,O
000049-007,bersumpah,O
000049-007,lagi,O
000049-007,hina,O
000049-007,",",O
000049-007,yang,O
000049-007,banyak,O
000049-007,mencela,O
000049-007,",",O
000049-007,yang,O
000049-007,kian,O
000049-007,ke,O
000049-007,mari,O
000049-007,menghambur,O
000049-007,fitnah,O
000049-007,",",O
000049-007,yang,O
000049-007,banyak,O
000049-007,menghalangi,O
000049-007,perbuatan,O
000049-007,baik,O
000049-007,",",O
000049-007,yang,O
000049-007,melampaui,O
000049-007,batas,O
000049-007,lagi,O
000049-007,banyak,O
000049-007,dosa,O
000049-007,",",O
000049-007,yang,O
000049-007,kaku,O
000049-007,kasar,O
000049-007,",",O
000049-007,selain,O
000049-007,dari,O
000049-007,itu,O
000049-007,",",O
000049-007,yang,O
000049-007,terkenal,O
000049-007,kejahatannya,O
000049-007,",",O
000049-007,"""",O
000049-007,(,O
000049-007,Al-Qalam,O
000049-007,:,O
000049-007,10-13,O
000049-007,),O
000049-007,Kadang-kadang,O
000049-007,Abu,B_PERSON
000049-007,Jahal,I_PERSON
000049-007,mendekati,O
000049-007,Nabi,O
000049-007,untuk,O
000049-007,mendengarkan,O
000049-007,bacaan,O
000049-007,Al-Qur',O
000049-007,an,O
000049-007,",",O
000049-007,kemudian,O
000049-007,beranjak,O
000049-007,pergi,O
000049-007,.,O
000049-007,Namun,O
000049-007,tiada,O
000049-007,juga,O
000049-007,dia,O
000049-007,beriman,O
000049-007,dan,O
000049-007,tunduk,O
000049-007,",",O
000049-007,tidak,O
000049-007,mau,O
000049-007,mengambil,O
000049-007,pelajaran,O
000049-007,dan,O
000049-007,tidak,O
000049-007,takut,O
000049-007,.,O
000049-007,Dia,O
000049-007,mengganggu,O
000049-007,beliau,O
000049-007,dengan,O
000049-007,kata-kata,O
000049-007,",",O
000049-007,menghalangi,O
000049-007,orang,O
000049-007,dari,O
000049-007,jalan,O
000049-007,Allah,O
000049-007,",",O
000049-007,kemudian,O
000049-007,beranjak,O
000049-007,pergi,O
000049-007,sambil,O
000049-007,menyombongkan,O
000049-007,tindakannya,O
000049-007,sendiri,O
000049-007,dan,O
000049-007,bangga,O
000049-007,karena,O
000049-007,telah,O
000049-007,berbuat,O
000049-007,jahat,O
000049-007,.,O
000049-008,Dia,O
000049-008,mengganggu,O
000049-008,beliau,O
000049-008,dengan,O
000049-008,kata-kata,O
000049-008,",",O
000049-008,menghalangi,O
000049-008,orang,O
000049-008,dari,O
000049-008,jalan,O
000049-008,Allah,O
000049-008,",",O
000049-008,kemudian,O
000049-008,beranjak,O
000049-008,pergi,O
000049-008,sambil,O
000049-008,menyombongkan,O
000049-008,tindakannya,O
000049-008,sendiri,O
000049-008,dan,O
000049-008,bangga,O
000049-008,karena,O
000049-008,telah,O
000049-008,berbuat,O
000049-008,jahat,O
000049-008,.,O
000049-008,Seakan-akan,O
000049-008,dia,O
000049-008,telah,O
000049-008,berbuat,O
000049-008,sesuatu,O
000049-008,yang,O
000049-008,layak,O
000049-008,untuk,O
000049-008,diingat,O
000049-008,.,O
000049-008,Turun,O
000049-008,ayat,O
000049-008,tentang,O
000049-008,dirinya,O
000049-008,",",O
000049-008,"""",O
000049-008,Dan,O
000049-008,ia,O
000049-008,tidak,O
000049-008,mau,O
000049-008,membenarkan,O
000049-008,(,O
000049-008,Rasul,O
000049-008,dan,O
000049-008,Al-Qur'an,O
000049-008,),O
000049-008,dan,O
000049-008,tidak,O
000049-008,mau,O
000049-008,mengerjakan,O
000049-008,shalat,O
000049-008,",",O
000049-008,tetapi,O
000049-008,ia,O
000049-008,mendustakan,O
000049-008,(,O
000049-008,Rasul,O
000049-008,),O
000049-008,dam,O
000049-008,berpaling,O
000049-008,(,O
000049-008,dari,O
000049-008,kebenaran,O
000049-008,"),",O
000049-008,kemudian,O
000049-008,ia,O
000049-008,pergi,O
000049-008,kepada,O
000049-008,ahlinya,O
000049-008,dengan,O
000049-008,berlagak,O
000049-008,(,O
000049-008,sombong,O
000049-008,).,O
000049-008,Kecelakaanlah,O
000049-008,bagimu,O
000049-008,(,O
000049-008,hai,O
000049-008,orang,O
000049-008,kafr,O
000049-008,),O
000049-008,dan,O
000049-008,kecelakaanlah,O
000049-008,bagimu,O
000049-008,kemudian,O
000049-008,kecelakaanlah,O
000049-008,bagimu,O
000049-008,(,O
000049-008,hai,O
000049-008,orang,O
000049-008,kafr,O
000049-008,),O
000049-008,dan,O
000049-008,kecelakaanlah,O
000049-008,bagimu,O
000049-008,.,O
000049-008,"""",O
000049-008,(,O
000049-008,Al-Qiyamah,O
000049-008,:,O
000049-008,31-35,O
000049-008,),O
000049-008,Abu,B_PERSON
000049-008,Jahal,I_PERSON
000049-008,selalu,O
000049-008,menghalangi,O
000049-008,Rasulullah,B_PERSON
000049-008,semenjak,O
000049-008,pertama,O
000049-008,kali,O
000049-008,dia,O
000049-008,melihat,O
000049-008,beliau,O
000049-008,shalat,O
000049-008,di,O
000049-008,Masjidil,B_LOCATION
000049-008,Haram,I_LOCATION
000049-008,.,O
000049-008,Suatu,O
000049-008,kali,O
000049-008,dia,O
000049-008,melihat,O
000049-008,beliau,O
000049-008,shalat,O
000049-008,di,O
000049-008,dekat,O
000049-008,Maqam,I_PERSON
000049-008,Ibrahim,B_PERSON
000049-008,.,O
000049-008,Maka,O
000049-008,dia,O
000049-008,berkata,O
000049-008,",",O
000049-008,"""",O
000049-008,Wahai,O
000049-008,Muhammad,B_PERSON
000049-008,",",O
000049-008,bukankah,O
000049-008,aku,O
000049-008,sudah,O
000049-008,melarangmu,O
000049-008,melakukan,O
000049-008,hal,O
000049-008,itu,O
000049-008,"?""",O
000049-008,Beliau,O
000049-008,mengancam,O
000049-008,Abu,B_PERSON
000049-008,Jahal,I_PERSON
000049-008,",",O
000049-008,memberikan,O
000049-008,peringatan,O
000049-008,dan,O
000049-008,menghardiknya,O
000049-008,.,O
000049-008,"""",O
000049-008,Wahai,O
000049-008,Muhammad,B_PERSON
000049-008,",",O
000049-008,dengan,O
000049-008,apa,O
000049-008,engkau,O
000049-008,mengancamku,O
000049-008,?,O
000049-008,Demi,O
000049-008,Allah,O
000049-008,",",O
000049-008,aku,O
000049-008,lebih,O
000049-008,banyak,O
000049-008,memiliki,O
000049-008,golongan,O
000049-008,di,O
000049-008,tempat,O
000049-008,ini,O
000049-008,".""",O
000049-008,Lalu,O
000049-008,Allah,O
000049-008,menurunkan,O
000049-008,ayat,O
000049-008,",",O
000049-008,"""",O
000049-008,Maka,O
000049-008,biarlah,O
000049-008,dia,O
000049-008,memanggil,O
000049-008,golongannya,O
000049-008,(,O
000049-008,untuk,O
000049-008,menolongnya,O
000049-008,).,O
000049-008,"""",O
000049-008,(,O
000049-008,Al-Alaq,O
000049-008,:,O
000049-008,17,O
000049-008,),O
000049-008,Dalam,O
000049-008,suatu,O
000049-008,riwayat,O
000049-008,disebutkan,O
000049-008,",",O
000049-008,bahwa,O
000049-008,Nabi,O
000049-008,memegang,O
000049-008,kerah,O
000049-008,baju,O
000049-008,Abu,B_PERSON
000049-008,Jahal,I_PERSON
000049-008,dan,O
000049-008,menguncang-guncang,O
000049-008,seraya,O
000049-008,bersabda,O
000049-008,membacakan,O
000049-008,ayat,O
000049-008,",",O
000049-008,"""",O
000049-008,Kemudian,O
000049-008,kecelakaan,O
000049-008,bagimu,O
000049-008,dan,O
000049-008,kecelakaan,O
000049-008,bagimu,O
000049-008,".""",O
000049-008,Musuh,O
000049-008,Allah,O
000049-008,itu,O
000049-008,berkata,O
000049-008,",",O
000049-008,"""",O
000049-008,Apakah,O
000049-008,engkau,O
000049-008,mengancamku,O
000049-008,wahai,O
000049-008,Muhammad,B_PERSON
000049-008,?,O
000049-008,Demi,O
000049-008,Allah,O
000049-008,",",O
000049-008,engkau,O
000049-008,tidak,O
000049-008,akan,O
000049-008,sanggup,O
000049-008,berbuat,O
000049-008,sesuatu,O
000049-008,",",O
000049-008,begitu,O
000049-008,pula,O
000049-008,Tuhanmu,O
000049-008,.,O
000049-009,Demi,O
000049-009,Allah,O
000049-009,",",O
000049-009,engkau,O
000049-009,tidak,O
000049-009,akan,O
000049-009,sanggup,O
000049-009,berbuat,O
000049-009,sesuatu,O
000049-009,",",O
000049-009,begitu,O
000049-009,pula,O
000049-009,Tuhanmu,O
000049-009,.,O
000049-009,Akulah,O
000049-009,orang,O
000049-009,yang,O
000049-009,paling,O
000049-009,mulia,O
000049-009,yang,O
000049-009,berjalan,O
000049-009,di,O
000049-009,antara,O
000049-009,dua,O
000049-009,Setelah,O
000049-009,mendapat,O
000049-009,ancaman,O
000049-009,itu,O
000049-009,",",O
000049-009,ketololan,O
000049-009,dan,O
000049-009,keberingasan,O
000049-009,Abu,B_PERSON
000049-009,Jahal,I_PERSON
000049-009,sama,O
000049-009,sekali,O
000049-009,tidak,O
000049-009,menyusut,O
000049-009,",",O
000049-009,bahkan,O
000049-009,semakin,O
000049-009,menjadi-jadi,O
000049-009,.,O
000049-009,Muslim,O
000049-009,mentakrij,O
000049-009,dari,O
000049-009,Abu,B_PERSON
000049-009,Hurairah,I_PERSON
000049-009,",",O
000049-009,dia,O
000049-009,berkata,O
000049-009,",",O
000049-009,"""",O
000049-009,Abu,B_PERSON
000049-009,Jahal,I_PERSON
000049-009,bertanya,O
000049-009,",",O
000049-009,Apakah,O
000049-009,Muhammad,B_PERSON
000049-009,berani,O
000049-009,menutup,O
000049-009,mukanya,O
000049-009,di,O
000049-009,depan,O
000049-009,kalian,O
000049-009,"?""",O
000049-009,"""",O
000049-009,Benar,O
000049-009,",""",O
000049-009,ada,O
000049-009,seseorang,O
000049-009,menjawab,O
000049-009,.,O
000049-009,"""",O
000049-009,Demi,O
000049-009,Lata,O
000049-009,dan,O
000049-009,Uzza,O
000049-009,",",O
000049-009,andaikata,O
000049-009,aku,O
000049-009,melihatnya,O
000049-009,",",O
000049-009,tentu,O
000049-009,kuinjak,O
000049-009,tengkuknya,O
000049-009,dan,O
000049-009,kulumuri,O
000049-009,mukanya,O
000049-009,dengan,O
000049-009,debu,O
000049-009,".""",O
000049-009,kata,O
000049-009,Abu,B_PERSON
000049-009,Jahal,I_PERSON
000049-009,.,O
000049-009,Lalu,O
000049-009,dia,O
000049-009,menemui,O
000049-009,Rasulullah,B_PERSON
000049-009,yang,O
000049-009,sedang,O
000049-009,shalat,O
000049-009,.,O
000049-009,Dia,O
000049-009,bermaksud,O
000049-009,akan,O
000049-009,menginjak,O
000049-009,tengkuk,O
000049-009,beliau,O
000049-009,.,O
000049-009,Namun,O
000049-009,tatkala,O
000049-009,tiba-tiba,O
000049-009,beberapa,O
000049-009,orang,O
000049-009,muncul,O
000049-009,",",O
000049-009,dia,O
000049-009,justru,O
000049-009,mundur,O
000049-009,ke,O
000049-009,belakang,O
000049-009,beberapa,O
000049-009,langkah,O
000049-009,dan,O
000049-009,meremas-remas,O
000049-009,tangannya,O
000049-009,.,O
000049-009,"""",O
000049-009,Ada,O
000049-009,apa,O
000049-009,dengan,O
000049-009,dirimu,O
000049-009,wahai,O
000049-009,Abul,B_PERSON
000049-009,Hakam,I_PERSON
000049-009,"?""",O
000049-009,mereka,O
000049-009,bertanya,O
000049-009,.,O
000049-009,79,O
000049-009,Fi,O
000049-009,"""",O
000049-009,Antara,O
000049-009,dia,O
000049-009,dan,O
000049-009,diriku,O
000049-009,seperti,O
000049-009,ada,O
000049-009,parit,O
000049-009,dari,O
000049-009,api,O
000049-009,dan,O
000049-009,mereka,O
000049-009,itu,O
000049-009,merupakan,O
000049-009,sayapnya,O
000049-009,",""",O
000049-009,jawabnya,O
000049-009,.,O
000049-009,Lalu,O
000049-009,beliau,O
000049-009,bersabda,O
000049-009,",",O
000049-009,"""",O
000049-009,Andaikata,O
000049-009,dia,O
000049-009,mendekatiku,O
000049-009,",",O
000049-009,tentu,O
000049-009,para,O
000049-009,malaikat,O
000049-009,akan,O
000049-009,menyambarnya,O
000049-009,sepotong,O
000049-009,demi,O
000049-009,sepotong,O
000049-009,".""",O
000049-009,Gangguan,O
000049-009,dan,O
000049-009,siksaan-siksaan,O
000049-009,seperti,O
000049-009,ini,O
000049-009,tidak,O
000049-009,begitu,O
000049-009,berarti,O
000049-009,bagi,O
000049-009,diri,O
000049-009,Rasulullah,B_PERSON
000049-009,",",O
000049-009,karena,O
000049-009,beliau,O
000049-009,memiliki,O
000049-009,kepribadian,O
000049-009,yang,O
000049-009,tidak,O
000049-009,ada,O
000049-009,duanya,O
000049-009,",",O
000049-009,berwibawa,O
000049-009,dan,O
000049-009,dihormati,O
000049-009,setiap,O
000049-009,orang,O
000049-009,",",O
000049-009,umum,O
000049-009,maupun,O
000049-009,khusus,O
000049-009,.,O
000049-009,Di,O
000049-009,samping,O
000049-009,itu,O
000049-009,",",O
000049-009,beliau,O
000049-009,masih,O
000049-009,mendapat,O
000049-009,perlindungan,O
000049-009,dari,O
000049-009,Abu,B_PERSON
000049-009,Thalib,I_PERSON
000049-009,",",O
000049-009,orang,O
000049-009,yang,O
000049-009,paling,O
000049-009,disegani,O
000049-009,dan,O
000049-009,dihormati,O
000049-009,di,O
000049-009,Makkah,B_LOCATION
000049-009,.,O
000049-009,Tetapi,O
000049-009,bagi,O
000049-009,orang-orang,O
000049-009,Muslim,O
000049-009,",",O
000049-009,terlebih,O
000049-009,lagi,O
000049-009,mereka,O
000049-009,yang,O
000049-009,lemah,O
000049-009,",",O
000049-009,maka,O
000049-009,semua,O
000049-009,itu,O
000049-009,terasa,O
000049-009,amat,O
000049-009,berat,O
000049-009,dan,O
000049-009,pahit,O
000049-009,.,O
000049-013,81,O
000049-013,Rahmah,O
000049-013,Lil-,O
000049-013,alamin,O
000049-013,",",O
000049-013,1/57,O
000049-013,Zinnirah,O
000049-013,",",O
000049-013,Nahdiyah,O
000049-013,",",O
000049-013,dan,O
000049-013,kedua,O
000049-013,putrinya,O
000049-013,",",O
000049-013,serta,O
000049-013,Ummu,B_PERSON
000049-013,Ubais,I_PERSON
000049-013,",",O
000049-013,yang,O
000049-013,semuanya,O
000049-013,hamba,O
000049-013,sahaya,O
000049-013,",",O
000049-013,juga,O
000049-013,masuk,O
000049-013,Islam,O
000049-013,.,O
000049-013,Lalu,O
000049-013,orang-orang,O
000049-013,musyrik,O
000049-013,menimpakan,O
000049-013,berbagai,O
000049-013,macam,O
000049-013,siksaan,O
000049-013,seperti,O
000049-013,dialami,O
000049-013,orang-orang,O
000049-013,yang,O
000049-013,lemah,O
000049-013,lainnya,O
000049-013,.,O
000049-013,Seorang,O
000049-013,budak,O
000049-013,wanita,O
000049-013,milik,O
000049-013,Bani,O
000049-013,Mu'ammal,O
000049-013,",",O
000049-013,salah,O
000049-013,satu,O
000049-013,suku,O
000049-013,di,O
000049-013,Bani,O
000049-013,Adi,O
000049-013,",",O
000049-013,juga,O
000049-013,mendapatkan,O
000049-013,siksaan,O
000049-013,yang,O
000049-013,keras,O
000049-013,.,O
000049-013,Umar,B_PERSON
000049-013,bin,I_PERSON
000049-013,Al-Khaththab,I_PERSON
000049-013,yang,O
000049-013,saat,O
000049-013,itu,O
000049-013,masih,O
000049-013,musyrik,O
000049-013,",",O
000049-013,memukulinya,O
000049-013,berkali-kali,O
000049-013,.,O
000049-013,Ketika,O
000049-013,budak,O
000049-013,wanita,O
000049-013,itu,O
000049-013,badannya,O
000049-013,sempoyongan,O
000049-013,",",O
000049-013,maka,O
000049-013,Umar,B_PERSON
000049-013,berkata,O
000049-013,",",O
000049-013,"""",O
000049-013,Aku,O
000049-013,tidak,O
000049-013,akan,O
000049-013,membiarkanmu,O
000049-013,hingga,O
000049-013,terus-menerus,O
000049-013,sempoyongan,O
000049-013,".""",O
000049-013,Abu,B_PERSON
000049-013,Bakar,I_PERSON
000049-013,membeli,O
000049-013,sebuah,O
000049-013,budak,O
000049-013,yang,O
000049-013,masuk,O
000049-013,Islam,O
000049-013,itu,O
000049-013,dan,O
000049-013,memerdekakan,O
000049-013,mereka,O
000049-013,",",O
000049-013,sebagaimana,O
000049-013,dia,O
000049-013,telah,O
000049-013,memerdekakan,O
000049-013,Bilal,B_PERSON
000049-013,dan,O
000049-013,Amir,O
000049-013,bin,I_PERSON
000049-013,Fuhairah,O
000049-013,Orang-orang,O
000049-013,musyrik,O
000049-013,biasa,O
000049-013,mengikat,O
000049-013,sebagaian,O
000049-013,sahabat,O
000049-013,di,O
000049-013,tempat,O
000049-013,gembalaan,O
000049-013,onta,O
000049-013,dan,O
000049-013,sapi,O
000049-013,",",O
000049-013,lalu,O
000049-013,melemparkannya,O
000049-013,di,O
000049-013,atas,O
000049-013,padang,O
000049-013,pasir,O
000049-013,yang,O
000049-013,menyengat,O
000049-013,.,O
000049-013,Sebagian,O
000049-013,lain,O
000049-013,ada,O
000049-013,yang,O
000049-013,dikenakan,O
000049-013,pakaian,O
000049-013,besi,O
000049-013,",",O
000049-013,lalu,O
000049-013,menelentangkannya,O
000049-013,di,O
000049-013,atas,O
000049-013,pasir,O
000049-013,yang,O
000049-013,panas,O
000049-013,.,O
000049-013,Daftar,O
000049-013,orang-orang,O
000049-013,yang,O
000049-013,disiksa,O
000049-013,karena,O
000049-013,masuk,O
000049-013,Islam,O
000049-013,masih,O
000049-013,banyak,O
000049-013,dan,O
000049-013,panjang,O
000049-013,serta,O
000049-013,mengerikan,O
000049-013,.,O
000049-013,Siapa,O
000049-013,pun,O
000049-013,yang,O
000049-013,diketahui,O
000049-013,masuk,O
000049-013,Islam,O
000049-013,",",O
000049-013,pasti,O
000049-013,akan,O
000049-013,mendapat,O
000049-013,penyiksaan,O
000050-001,Langkah,O
000050-001,bijaksana,O
000050-001,yang,O
000050-001,diambil,O
000050-001,Rasulullah,B_PERSON
000050-001,dalam,O
000050-001,menghadapi,O
000050-001,berbagai,O
000050-001,tekanan,O
000050-001,itu,O
000050-001,",",O
000050-001,beliau,O
000050-001,melarang,O
000050-001,orang-orang,O
000050-001,Muslim,O
000050-001,menampakkan,O
000050-001,keislamannya,O
000050-001,.,O
000050-001,baik,O
000050-001,berupa,O
000050-001,perkataan,O
000050-001,maupun,O
000050-001,perbuatan,O
000050-001,.,O
000050-001,Beliau,O
000050-001,tidak,O
000050-001,menemui,O
000050-001,mereka,O
000050-001,kecuali,O
000050-001,dengan,O
000050-001,cara,O
000050-001,sembunyi-sembunyi,O
000050-001,.,O
000050-001,Sebab,O
000050-001,jika,O
000050-001,sampai,O
000050-001,diketahui,O
000050-001,beliau,O
000050-001,bertemu,O
000050-001,mereka,O
000050-001,",",O
000050-001,tentu,O
000050-001,orang-orang,O
000050-001,musyrik,O
000050-001,berusaha,O
000050-001,menghalangi,O
000050-001,usaha,O
000050-001,beliau,O
000050-001,untuk,O
000050-001,mensucikan,O
000050-001,jiwa,O
000050-001,orang-orang,O
000050-001,Muslim,O
000050-001,dan,O
000050-001,mengajarkan,O
000050-001,Al-Kitab,O
000050-001,.,O
000050-001,Bahkan,O
000050-001,tidak,O
000050-001,menutup,O
000050-001,kemungkinan,O
000050-001,yang,O
000050-001,menjurus,O
000050-001,kepada,O
000050-001,bentrokan,O
000050-001,fisik,O
000050-001,antara,O
000050-001,kedua,O
000050-001,belah,O
000050-001,pihak,O
000050-001,.,O
000050-001,Hal,O
000050-001,ini,O
000050-001,benar-benar,O
000050-001,terjadi,O
000050-001,",",O
000050-001,tepatnya,O
000050-001,pada,O
000050-001,tahun,O
000050-001,keempat,O
000050-001,dari,O
000050-001,nubuwah,O
000050-001,Saat,O
000050-001,itu,O
000050-001,para,O
000050-001,sahabat,O
000050-001,beliau,O
000050-001,sedang,O
000050-001,berkumpul,O
000050-001,di,O
000050-001,tengah,O
000050-001,perkampungan,O
000050-001,dan,O
000050-001,mendirikan,O
000050-001,shalat,O
000050-001,.,O
000050-001,Sekalipun,O
000050-001,mereka,O
000050-001,melakukan,O
000050-001,secara,O
000050-001,sembunyi-sembunyi,O
000050-001,.,O
000050-001,toh,O
000050-001,masih,O
000050-001,diketahui,O
000050-001,kelompok,O
000050-001,orang-orang,O
000050-001,kafir,O
000050-001,Quraisy,O
000050-001,.,O
000050-001,Orang-orang,O
000050-001,kafir,O
000050-001,itu,O
000050-001,mencaci,O
000050-001,maki,O
000050-001,dan,O
000050-001,menyerang,O
000050-001,mereka,O
000050-001,",",O
000050-001,hingga,O
000050-001,Sa'd,O
000050-001,bin,I_PERSON
000050-001,Abi,I_PERSON
000050-001,Waqqash,I_PERSON
000050-001,bisa,O
000050-001,menikam,O
000050-001,salah,O
000050-001,seorang,O
000050-001,kafir,O
000050-001,hingga,O
000050-001,darahnya,O
000050-001,tertumpah,O
000050-001,.,O
000050-001,Inilah,O
000050-001,korban,O
000050-001,pertama,O
000050-001,yang,O
000050-001,terjadi,O
000050-001,dalam,O
000050-001,Jika,O
000050-001,bentrokan,O
000050-001,fisik,O
000050-001,ini,O
000050-001,terjadi,O
000050-001,berulang-ulang,O
000050-001,dan,O
000050-001,berlarut-larut,O
000050-001,",",O
000050-001,tentu,O
000050-001,82_,O
000050-001,Mukhtashar,O
000050-001,Siratir-Rasul,O
000050-001,",",O
000050-001,Muhammad,B_PERSON
000050-001,bin,I_PERSON
000050-001,Abdul,I_PERSON
000050-001,Wahhab,I_PERSON
000050-001,",",O
000050-001,hal,O
000050-001,.,O
000050-001,60,O
000050-001,;,O
000050-001,Sirah,O
000050-001,An-Nabawiyah,O
000050-001,",",O
000050-001,Ibnu,B_PERSON
000050-001,Hisyam,I_PERSON
000050-001,",",O
000050-001,1/263,O
000050-001,bisa,O
000050-001,menghancurkan,O
000050-001,orang-orang,O
000050-001,Muslim,O
000050-001,sendiri,O
000050-001,.,O
000050-001,Maka,O
000050-001,langkah,O
000050-001,yang,O
000050-001,paling,O
000050-001,bijaksana,O
000050-001,ialah,O
000050-001,dengan,O
000050-001,menyembunyikan,O
000050-001,keislaman,O
000050-001,mereka,O
000050-001,.,O
000050-001,Maka,O
000050-001,begitulah,O
000050-001,.,O
000050-001,para,O
000050-001,sahabat,O
000050-001,secara,O
000050-001,keseluruhan,O
000050-001,menyembunyikan,O
000050-001,keislaman,O
000050-001,",",O
000050-001,ibadah,O
000050-001,",",O
000050-001,dakwah,O
000050-001,.,O
000050-001,dan,O
000050-001,pertemuannya,O
000050-001,.,O
000051-003,Rasulullah,B_PERSON
000051-003,sudah,O
000051-003,tahu,O
000051-003,bahwa,O
000051-003,Ashhamah,O
000051-003,An-Najasyi,O
000051-003,",",O
000051-003,raja,O
000051-003,yang,O
000051-003,berkuasa,O
000051-003,di,O
000051-003,Habasyah,B_LOCATION
000051-003,adalah,O
000051-003,seorang,O
000051-003,raja,O
000051-003,yang,O
000051-003,adil,O
000051-003,",",O
000051-003,tak,O
000051-003,bakal,O
000051-003,ada,O
000051-003,seorang,O
000051-003,pun,O
000051-003,yang,O
000051-003,teraniaya,O
000051-003,di,O
000051-003,sisinya,O
000051-003,.,O
000051-003,Oleh,O
000051-003,karena,O
000051-003,itu,O
000051-003,beliau,O
000051-003,memerintahkan,O
000051-003,agar,O
000051-003,beberapa,O
000051-003,orang,O
000051-003,Muslim,O
000051-003,hijrah,O
000051-003,ke,O
000051-003,Habasyah,B_LOCATION
000051-003,",",O
000051-003,melepaskan,O
000051-003,diri,O
000051-003,dari,O
000051-003,cobaan,O
000051-003,sambil,O
000051-003,membawa,O
000051-003,agamanya,O
000051-003,.,O
000051-003,Pada,O
000051-003,bulan,B_TIME
000051-003,Rajab,I_TIME
000051-003,tahun,O
000051-003,kelima,O
000051-003,dari,O
000051-003,nubuwah,O
000051-003,",",O
000051-003,sekelompok,O
000051-003,sahabat,O
000051-003,hijrah,O
000051-003,yang,O
000051-003,pertama,O
000051-003,kali,O
000051-003,ke,O
000051-003,Habasyah,B_LOCATION
000051-003,",",O
000051-003,terdiri,O
000051-003,dari,O
000051-003,dua,O
000051-003,belas,O
000051-003,orang,O
000051-003,laki-laki,O
000051-003,dan,O
000051-003,empat,O
000051-003,orang,O
000051-003,wanita,O
000051-003,",",O
000051-003,yang,O
000051-003,dipimpin,O
000051-003,Utsman,B_PERSON
000051-003,bin,I_PERSON
000051-003,Affan,I_PERSON
000051-003,.,O
000051-003,Dalam,O
000051-003,rombongan,O
000051-003,ini,O
000051-003,ikut,O
000051-003,pula,O
000051-003,Sayyidah,O
000051-003,Ruqayyah,O
000051-003,",",O
000051-003,putri,O
000051-003,Rasulullah,B_PERSON
000051-003,.,O
000051-003,Beliau,O
000051-003,bersabda,O
000051-003,tentang,O
000051-003,keduanya,O
000051-003,",",O
000051-003,"""",O
000051-003,Mereka,O
000051-003,berdua,O
000051-003,adalah,O
000051-003,penduduk,O
000051-003,Baitul-Haram,B_LOCATION
000051-003,pertama,O
000051-003,yang,O
000051-003,hijrah,O
000051-003,di,O
000051-003,jalan,O
000051-003,Allah,O
000051-003,setelah,O
000051-003,Ibrahim,B_PERSON
000051-003,dan,O
000051-003,83,O
000051-003,Mukhashar,O
000051-003,Siratir-Rasul,O
000051-003,",",O
000051-003,Syaikh,O
000051-003,Abdullah,B_PERSON
000051-003,An-Najdi,O
000051-003,",",O
000051-003,hal,O
000051-003,.,O
000051-003,92-93,O
000051-003,;,O
000051-003,Zadul-Ma'd,O
000051-003,",",O
000051-003,1/24,I_TIME
000051-003,;,O
000051-003,Rahmah,O
000051-003,Lil-,O
000051-003,'alamin,O
000051-003,",",O
000051-003,1/61,O
000051-003,.,O
000051-003,Dengan,O
000051-003,berjalan,O
000051-003,mengendap-ngendap,O
000051-003,di,O
000051-003,tengah,O
000051-003,malam,O
000051-003,",",O
000051-003,mereka,O
000051-003,pergi,O
000051-003,menuju,O
000051-003,pinggir,O
000051-003,pantai,O
000051-003,",",O
000051-003,agar,O
000051-003,tidak,O
000051-003,diketahui,O
000051-003,orang-orang,O
000051-003,Quraisy,O
000051-003,.,O
000051-003,Secara,O
000051-003,kebetulan,O
000051-003,saat,O
000051-003,mereka,O
000051-003,tiba,O
000051-003,di,O
000051-003,pelabuhan,O
000051-003,Syaiban,I_TIME
000051-003,",",O
000051-003,ada,O
000051-003,dua,O
000051-003,kapal,O
000051-003,datang,O
000051-003,yang,O
000051-003,bertolak,O
000051-003,menuju,O
000051-003,Habasyah,B_LOCATION
000051-003,.,O
000051-003,Setelah,O
000051-003,orang-orang,O
000051-003,Quraisy,O
000051-003,mengetahui,O
000051-003,kepergian,O
000051-003,orang-orang,O
000051-003,Muslim,O
000051-003,ini,O
000051-003,",",O
000051-003,mereka,O
000051-003,segera,O
000051-003,mengejar,O
000051-003,.,O
000051-003,Tetapi,O
000051-003,tatkala,O
000051-003,mereka,O
000051-003,tiba,O
000051-003,di,O
000051-003,pinggir,O
000051-003,pantai,O
000051-003,",",O
000051-003,orang-orang,O
000051-003,Muslim,O
000051-003,sudah,O
000051-003,bertolak,O
000051-003,dengan,O
000051-003,selamat,O
000051-003,.,O
000051-003,Orang,O
000051-003,orang,O
000051-003,Muslim,O
000051-003,hidup,O
000051-003,di,O
000051-003,sana,O
000051-003,dengan,O
000051-003,mendapat,O
000051-003,perlakuan,O
000051-003,yang,O
000051-003,baik,O
000051-003,.,O
000051-003,Pada,O
000051-003,bulan,B_TIME
000051-003,Ramadhan,I_TIME
000051-003,di,O
000051-003,tahun,O
000051-003,yang,O
000051-003,sama,O
000051-003,",",O
000051-003,Nabi,O
000051-003,keluar,O
000051-003,dari,O
000051-003,Masjidil,B_LOCATION
000051-003,Haram,I_LOCATION
000051-003,",",O
000051-003,yang,O
000051-003,saat,O
000051-003,itu,O
000051-003,para,O
000051-003,pemuka,O
000051-003,dan,O
000051-003,pembesar,O
000051-003,Quraisy,O
000051-003,sedang,O
000051-003,berkumpul,O
000051-003,di,O
000051-003,sana,O
000051-003,.,O
000051-005,4,O
000051-005,84,O
000051-005,Tafhimul-Qur,O
000051-005,'an,O
000051-005,",",O
000051-005,5/188,O
000051-005,.,O
000051-005,Makna,O
000051-005,ini,O
000051-005,yang,O
000051-005,bisa,O
000051-005,disimpulkan,O
000051-005,para,O
000051-005,peneliti,O
000051-005,mengenai,O
000051-005,hadits,O
000051-005,Gharaniq,O
000051-005,.,O
000051-005,Apa,O
000051-005,yang,O
000051-005,selama,O
000051-005,itu,O
000051-005,mereka,O
000051-005,pegang,O
000051-005,telah,O
000051-005,jatuh,O
000051-005,",",O
000051-005,karena,O
000051-005,mereka,O
000051-005,merasakan,O
000051-005,keagungan,O
000051-005,kalam,O
000051-005,Allah,O
000051-005,yang,O
000051-005,benar-benar,O
000051-005,telah,O
000051-005,menguasai,O
000051-005,kendali,O
000051-005,mereka,O
000051-005,.,O
000051-005,Saat,O
000051-005,itu,O
000051-005,mereka,O
000051-005,melakukan,O
000051-005,apa,O
000051-005,yang,O
000051-005,sebelumnya,O
000051-005,hendak,O
000051-005,mereka,O
000051-005,punahkan,O
000051-005,dan,O
000051-005,basmi,O
000051-005,.,O
000051-005,Maka,O
000051-005,setelah,O
000051-005,itu,O
000051-005,mereka,O
000051-005,yang,O
000051-005,sujud,O
000051-005,itu,O
000051-005,mendapat,O
000051-005,cercaan,O
000051-005,dan,O
000051-005,makian,O
000051-005,dari,O
000051-005,segala,O
000051-005,arah,O
000051-005,",",O
000051-005,yaitu,O
000051-005,dilontarkan,O
000051-005,orang-orang,O
000051-005,musyrik,O
000051-005,yang,O
000051-005,tidak,O
000051-005,ikut,O
000051-005,sujud,O
000051-005,.,O
000051-005,Pada,O
000051-005,saat,O
000051-005,itulah,O
000051-005,mereka,O
000051-005,mendustakan,O
000051-005,Rasulullah,B_PERSON
000051-005,dan,O
000051-005,mengada-ngadakan,O
000051-005,perkataan,O
000051-005,untuk,O
000051-005,memojokkan,O
000051-005,beliau,O
000051-005,",",O
000051-005,bahwa,O
000051-005,beliau,O
000051-005,menyebutkan,O
000051-005,nama-nama,O
000051-005,berhala,O
000051-005,mereka,O
000051-005,dengan,O
000051-005,ungkapan,O
000051-005,berisi,O
000051-005,sanjungan,O
000051-005,",",O
000051-005,bahwa,O
000051-005,beliau,O
000051-005,berkata,O
000051-005,tentang,O
000051-005,berhala-berhala,O
000051-005,itu,O
000051-005,.,O
000051-005,"""",O
000051-005,Itulah,O
000051-005,Gharaniq,O
000051-005,yang,O
000051-005,luhur,O
000051-005,",",O
000051-005,yang,O
000051-005,syafaatnya,O
000051-005,benar-benar,O
000051-005,diharapkan,O
000051-005,".""",O
000051-005,Mereka,O
000051-005,membuat,O
000051-005,kedustaan,O
000051-005,yang,O
000051-005,nyata,O
000051-005,ini,O
000051-005,",",O
000051-005,sebagai,O
000051-005,alasan,O
000051-005,untuk,O
000051-005,menutup-nutupi,O
000051-005,sujud,O
000051-005,mereka,O
000051-005,bersama,O
000051-005,Nabi,O
000051-005,.,O
000051-005,Tindakan,O
000051-005,seperti,O
000051-005,ini,O
000051-005,tidak,O
000051-005,terlalu,O
000051-005,mengherankan,O
000051-005,",",O
000051-005,sebab,O
000051-005,mereka,O
000051-005,sudah,O
000051-005,biasa,O
000051-005,membuat,O
000051-005,kedustaan,O
000051-005,dan,O
000051-005,mengarang-ngarang,O
000051-005,cerita,O
000051-005,bohong,O
000051-005,.,O
000051-005,5,I_TIME
000051-005,Cerita,O
000051-005,tentang,O
000051-005,Gharabiq,O
000051-005,dan,O
000051-005,sujudnya,O
000051-005,orang-orang,O
000051-005,musyrik,O
000051-005,ini,O
000051-005,didengar,O
000051-005,para,O
000051-005,Muhajirin,O
000051-005,di,O
000051-005,Habasyah,B_LOCATION
000051-005,",",O
000051-005,tetapi,O
000051-005,dengan,O
000051-005,versi,O
000051-005,yang,O
000051-005,berbeda,O
000051-005,jauh,O
000051-005,dengan,O
000051-005,gambaran,O
000051-005,yang,O
000051-005,hakiki,O
000051-005,.,O
000051-005,Ceritanya,O
000051-005,bahwa,O
000051-005,orang-orang,O
000051-005,Quraisy,O
000051-005,sudah,O
000051-005,masuk,O
000051-005,Islam,O
000051-005,.,O
000051-005,Oleh,O
000051-005,karena,O
000051-005,itu,O
000051-005,mereka,O
000051-005,pulang,O
000051-005,ke,O
000051-005,Makkah,B_LOCATION
000051-005,pada,O
000051-005,bulan,B_TIME
000051-005,Syawwal,I_TIME
000051-005,pada,O
000051-005,tahun,O
000051-005,yang,O
000051-005,sama,O
000051-005,.,O
000051-005,Hampir,O
000051-005,mendekati,O
000051-005,Makkah,B_LOCATION
000051-005,sebelum,O
000051-005,tengah,O
000051-005,hari,O
000051-005,",",O
000051-005,mereka,O
000051-005,pun,O
000051-005,tahu,O
000051-005,apa,O
000051-005,yang,O
000051-005,sebenarnya,O
000051-005,terjadi,O
000051-005,.,O
000052-004,Lalu,O
000052-004,kaum,O
000052-004,kami,O
000052-004,memusuhi,O
000052-004,kami,O
000052-004,",",O
000052-004,menyiksa,O
000052-004,kami,O
000052-004,dan,O
000052-004,menimbulkan,O
000052-004,cobaan,O
000052-004,terhadap,O
000052-004,agama,O
000052-004,kami,O
000052-004,",",O
000052-004,dengan,O
000052-004,tujuan,O
000052-004,untuk,O
000052-004,mengembalikan,O
000052-004,kami,O
000052-004,kepada,O
000052-004,penyembahan,O
000052-004,terhadap,O
000052-004,patung,O
000052-004,",",O
000052-004,tanpa,O
000052-004,diperbolehkan,O
000052-004,menyembah,O
000052-004,Allah,O
000052-004,",",O
000052-004,agar,O
000052-004,kami,O
000052-004,menghalalkan,O
000052-004,berbagai,O
000052-004,macam,O
000052-004,keburukan,O
000052-004,seperti,O
000052-004,dahulu,O
000052-004,.,O
000052-004,Setelah,O
000052-004,mereka,O
000052-004,menekan,O
000052-004,",",O
000052-004,berbuat,O
000052-004,semena-mena,O
000052-004,",",O
000052-004,mempersempit,O
000052-004,gerak,O
000052-004,kami,O
000052-004,dan,O
000052-004,menghalangi,O
000052-004,diri,O
000052-004,kami,O
000052-004,dari,O
000052-004,agama,O
000052-004,kami,O
000052-004,",",O
000052-004,maka,O
000052-004,kami,O
000052-004,pun,O
000052-004,pergi,O
000052-004,ke,O
000052-004,negeri,O
000052-004,tuan,O
000052-004,dan,O
000052-004,memilih,O
000052-004,tuan,O
000052-004,daripada,O
000052-004,orang,O
000052-004,lain,O
000052-004,.,O
000052-004,Kami,O
000052-004,gembira,O
000052-004,mendapat,O
000052-004,perlindungan,O
000052-004,tuan,O
000052-004,dan,O
000052-004,kami,O
000052-004,tetap,O
000052-004,berharap,O
000052-004,agar,O
000052-004,kami,O
000052-004,tidak,O
000052-004,dizhalimi,O
000052-004,di,O
000052-004,sisi,O
000052-004,tuan,O
000052-004,",",O
000052-004,wahai,O
000052-004,tuan,O
000052-004,Raja,O
000052-004,"!""""",O
000052-004,"""",O
000052-004,Apakah,O
000052-004,engkau,O
000052-004,bisa,O
000052-004,membacakan,O
000052-004,sedikit,O
000052-004,ajaran,O
000052-004,dari,O
000052-004,Allah,O
000052-004,yang,O
000052-004,dibawa,O
000052-004,(,O
000052-004,Rasulullah,B_PERSON
000052-004,")?""",O
000052-004,tanya,O
000052-004,Najasyi,B_PERSON
000052-004,.,O
000052-004,"""",O
000052-004,Ya,O
000052-004,".""",O
000052-004,Jawab,O
000052-004,Ja'far,O
000052-004,.,O
000052-004,"""",O
000052-004,Kalau,O
000052-004,begitu,O
000052-004,bacakanlah,O
000052-004,kepadaku,O
000052-004,"!""",O
000052-004,Lalu,O
000052-004,Ja'far,O
000052-004,membacakan,O
000052-004,dengan,O
000052-004,menghafal,O
000052-004,",",O
000052-004,dari,O
000052-004,",",O
000052-004,"""",O
000052-004,Kaf,O
000052-004,ha'ya',O
000052-004,ain,O
000052-004,shad,O
000052-004,""".",O
000052-004,Dari,O
000052-004,surat,O
000052-004,Maryam,I_PERSON
000052-004,.,O
000052-004,Demi,O
000052-004,Allah,O
000052-004,",",O
000052-004,Najasyi,B_PERSON
000052-004,menangis,O
000052-004,hingga,O
000052-004,membasahi,O
000052-004,jenggotnya,O
000052-004,",",O
000052-004,begitu,O
000052-004,pula,O
000052-004,para,O
000052-004,uskupnya,O
000052-004,hingga,O
000052-004,jenggot,O
000052-004,mereka,O
000052-004,basah,O
000052-004,oleh,O
000052-004,air,O
000052-004,mata,O
000052-004,",",O
000052-004,tatkala,O
000052-004,mendengar,O
000052-004,apa,O
000052-004,yang,O
000052-004,dibacakan,O
000052-004,kepada,O
000052-004,mereka,O
000052-004,.,O
000052-004,Kemudian,O
000052-004,Najasyi,B_PERSON
000052-004,berkata,O
000052-004,",",O
000052-004,"""",O
000052-004,Sesungguhnya,O
000052-004,ini,O
000052-004,dan,O
000052-004,yang,O
000052-004,dibawa,O
000052-004,Isa,B_PERSON
000052-004,benar-,O
000052-004,benar,O
000052-004,keluar,O
000052-004,dari,O
000052-004,satu,O
000052-004,misykat,O
000052-004,.,O
000052-004,Pergilah,O
000052-004,kalian,O
000052-004,berdua,O
000052-004,.,O
000052-004,Demi,O
000052-004,Allah,O
000052-004,aku,O
000052-004,tidak,O
000052-004,akan,O
000052-004,menyerahkan,O
000052-004,mereka,O
000052-004,kepada,O
000052-004,kalian,O
000052-004,berdua,O
000052-004,dan,O
000052-004,sama,O
000052-004,sekali,O
000052-004,tidak,O
000052-004,".""",O
000052-004,Maka,O
000052-004,keduanya,O
000052-004,beranjak,O
000052-004,pergi,O
000052-004,dari,O
000052-004,hadapan,O
000052-004,Najasyi,B_PERSON
000052-004,.,O
000052-007,Yang,O
000052-007,lain,O
000052-007,menyebutkan,O
000052-007,bahwa,O
000052-007,Amr,B_PERSON
000052-007,bin,I_PERSON
000052-007,Al-Ash,I_PERSON
000052-007,diutus,O
000052-007,kepada,O
000052-007,Najasyi,B_PERSON
000052-007,setelah,O
000052-007,Perang,B_EVENT
000052-007,Badr,I_EVENT
000052-007,.,O
000052-007,Namun,O
000052-007,sebagian,O
000052-007,yang,O
000052-007,lain,O
000052-007,telah,O
000052-007,sepakat,O
000052-007,bahwa,O
000052-007,pengiriman,O
000052-007,utusan,O
000052-007,itu,O
000052-007,dua,O
000052-007,kali,O
000052-007,",",O
000052-007,dan,O
000052-007,materi,O
000052-007,dialog,O
000052-007,antara,O
000052-007,Najasyi,B_PERSON
000052-007,dan,O
000052-007,Ja'far,O
000052-007,pada,O
000052-007,pengiriman,O
000052-007,utusan,O
000052-007,yang,O
000052-007,kedua,O
000052-007,juga,O
000052-007,sama,O
000052-007,dengan,O
000052-007,apa,O
000052-007,yang,O
000052-007,disebutkan,O
000052-007,Ibnu,B_PERSON
000052-007,Ishaq,I_PERSON
000052-007,itu,O
000052-007,.,O
000052-007,Begitulah,O
000052-007,kurang,O
000052-007,lebihnya,O
000052-007,.,O
000052-007,Siasat,O
000052-007,orang-orang,O
000052-007,musyrik,O
000052-007,gagal,O
000052-007,total,O
000052-007,.,O
000052-007,Mereka,O
000052-007,sadar,O
000052-007,bahwa,O
000052-007,mereka,O
000052-007,tidak,O
000052-007,An-Nabawiyah,O
000052-007,",",O
000052-007,Ibnu,B_PERSON
000052-007,bisa,O
000052-007,melampiaskan,O
000052-007,dendam,O
000052-007,di,O
000052-007,daerah,O
000052-007,kekuasaannya,O
000052-007,sendiri,O
000052-007,.,O
000052-007,Dari,O
000052-007,sini,O
000052-007,muncul,O
000052-007,satu,O
000052-007,pemikiran,O
000052-007,yang,O
000052-007,sangat,O
000052-007,mengerikan,O
000052-007,.,O
000052-007,Menurut,O
000052-007,mereka,O
000052-007,",",O
000052-007,satu-satunya,O
000052-007,cara,O
000052-007,untuk,O
000052-007,memuluskan,O
000052-007,siasat,O
000052-007,ini,O
000052-007,ialah,O
000052-007,dengan,O
000052-007,menghentikan,O
000052-007,dakwah,O
000052-007,Rasulullah,B_PERSON
000052-007,secara,O
000052-007,mutlak,O
000052-007,.,O
000052-007,Jika,O
000052-007,tidak,O
000052-007,bisa,O
000052-007,",",O
000052-007,maka,O
000052-007,beliau,O
000052-007,harus,O
000052-007,dibunuh,O
000052-007,.,O
000052-007,Tetapi,O
000052-007,bagaimana,O
000052-007,caranya,O
000052-007,",",O
000052-007,sementara,O
000052-007,Abu,B_PERSON
000052-007,Thalib,I_PERSON
000052-007,tetap,O
000052-007,melindungi,O
000052-007,beliau,O
000052-007,dan,O
000052-007,orang-orang,O
000052-007,Muslim,O
000052-007,?,O
000052-007,Maka,O
000052-007,mereka,O
000052-007,perlu,O
000052-007,menghadapi,O
000052-007,Abu,B_PERSON
000052-007,Thalib,I_PERSON
000052-007,terlebih,O
000052-007,dahulu,O
000052-007,.,O
000053-001,Para,O
000053-001,pembesar,O
000053-001,Quraisy,O
000053-001,mendatangi,O
000053-001,Abu,B_PERSON
000053-001,Thalib,I_PERSON
000053-001,dan,O
000053-001,mereka,O
000053-001,berkata,O
000053-001,kepadanya,O
000053-001,",",O
000053-001,"""",O
000053-001,Wahai,O
000053-001,Abu,B_PERSON
000053-001,Thalib,I_PERSON
000053-001,",",O
000053-001,engkau,O
000053-001,adalah,O
000053-001,orang,O
000053-001,yang,O
000053-001,paling,O
000053-001,tua,O
000053-001,",",O
000053-001,terhormat,O
000053-001,",",O
000053-001,dan,O
000053-001,berkedudukan,O
000053-001,di,O
000053-001,tengah,O
000053-001,kami,O
000053-001,.,O
000053-001,Kami,O
000053-001,sudah,O
000053-001,pernah,O
000053-001,memintamu,O
000053-001,untuk,O
000053-001,menghentikan,O
000053-001,anak,O
000053-001,saudaramu,O
000053-001,",",O
000053-001,namun,O
000053-001,engkau,O
000053-001,tidak,O
000053-001,melakukannya,O
000053-001,.,O
000053-001,Demi,O
000053-001,Allah,O
000053-001,",",O
000053-001,kami,O
000053-001,sudah,O
000053-001,tidak,O
000053-001,sabar,O
000053-001,lagi,O
000053-001,menghadapi,O
000053-001,masalah,O
000053-001,ini,O
000053-001,.,O
000053-001,Siapa,O
000053-001,yang,O
000053-001,mengumpat,O
000053-001,bapak-bapak,O
000053-001,kami,O
000053-001,",",O
000053-001,membodohkan,O
000053-001,harapan-harapan,O
000053-001,kami,O
000053-001,dan,O
000053-001,mencela,O
000053-001,sesembahan,O
000053-001,kami,O
000053-001,",",O
000053-001,maka,O
000053-001,hentikanlah,O
000053-001,dia,O
000053-001,",",O
000053-001,atau,O
000053-001,kami,O
000053-001,menganggapmu,O
000053-001,dalam,O
000053-001,pihak,O
000053-001,dia,O
000053-001,",",O
000053-001,hingga,O
000053-001,salah,O
000053-001,satu,O
000053-001,dari,O
000053-001,kedua,O
000053-001,belah,O
000053-001,pihak,O
000053-001,di,O
000053-001,antara,O
000053-001,kita,O
000053-001,binasa,O
000053-001,.,O
000053-001,"""""",O
000053-001,Ancaman,O
000053-001,ini,O
000053-001,cukup,O
000053-001,menggetarkan,O
000053-001,Abu,B_PERSON
000053-001,Thalib,I_PERSON
000053-001,.,O
000053-001,Maka,O
000053-001,dia,O
000053-001,mengirim,O
000053-001,utusan,O
000053-001,untuk,O
000053-001,menemui,O
000053-001,Rasulullah,O
000053-001,yang,O
000053-001,berkata,O
000053-001,kepada,O
000053-001,beliau,O
000053-001,",",O
000053-001,"""",O
000053-001,Wahai,O
000053-001,anak,O
000053-001,saudaraku,O
000053-001,",",O
000053-001,sesungguhnya,O
000053-001,kaummu,O
000053-001,telah,O
000053-001,mendatangiku,O
000053-001,",",O
000053-001,lalu,O
000053-001,mereka,O
000053-001,berkata,O
000053-001,begini,O
000053-001,dan,O
000053-001,begitu,O
000053-001,kepadaku,O
000053-001,.,O
000053-001,Maka,O
000053-001,hentikanlah,O
000053-001,demi,O
000053-001,diriku,O
000053-001,dan,O
000053-001,dirimu,O
000053-001,sendiri,O
000053-001,Janganlah,O
000053-001,engkau,O
000053-001,membebaniku,O
000053-001,sesuatu,O
000053-001,di,O
000053-001,luar,O
000053-001,kesanggupanku,O
000053-001,".""",O
000053-001,Rasulullah,B_PERSON
000053-001,mengira,O
000053-001,pamannya,O
000053-001,akan,O
000053-001,menelantarkan,O
000053-001,dan,O
000053-001,sudah,O
000053-001,tidak,O
000053-001,mau,O
000053-001,lagi,O
000053-001,mendukungnya,O
000053-001,.,O
000053-001,Maka,O
000053-001,beliau,O
000053-001,bersabda,O
000053-001,.,O
000053-001,"""",O
000053-001,Wahai,O
000053-001,pamanku,O
000053-001,",",O
000053-001,demi,O
000053-001,Allah,O
000053-001,",",O
000053-001,andaikan,O
000053-001,mereka,O
000053-001,meletakkan,O
000053-001,matahari,O
000053-001,di,O
000053-001,tangan,O
000053-001,kananku,O
000053-001,dan,O
000053-001,bulan,O
000053-001,di,O
000053-001,tangan,O
000053-001,kiriku,O
000053-001,",",O
000053-001,agar,O
000053-001,aku,O
000053-001,meninggalkan,O
000053-001,agama,O
000053-001,ini,O
000053-001,",",O
000053-001,hingga,O
000053-001,Allah,O
000053-001,memenangkannya,O
000053-001,atau,O
000053-001,aku,O
000053-001,ikut,O
000053-001,binasa,O
000053-001,karenanya,O
000053-001,",",O
000053-001,maka,O
000053-001,aku,O
000053-001,tidak,O
000053-001,akan,O
000053-001,meninggalkannya,O
000053-001,.,O
000053-001,"""",O
000053-001,Mendengar,O
000053-001,itu,O
000053-001,mata,O
000053-001,Abu,B_PERSON
000053-001,Thalib,I_PERSON
000053-001,mengucurkan,O
000053-001,air,O
000053-001,mata,O
000053-001,lalu,O
000053-001,bangkit,O
000053-001,Tatkala,O
000053-001,beliau,O
000053-001,hendak,O
000053-001,beranjak,O
000053-001,",",O
000053-001,Abu,B_PERSON
000053-001,Thalib,I_PERSON
000053-001,memanggil,O
000053-001,beliau,O
000053-001,",",O
000053-001,lalu,O
000053-001,berkata,O
000053-001,",",O
000053-001,"""",O
000053-001,Pergilah,O
000053-001,wahai,O
000053-001,anak,O
000053-001,saudaraku,O
000053-001,dan,O
000053-001,katakanlah,O
000053-001,apa,O
000053-001,pun,O
000053-001,yang,O
000053-001,engkau,O
000053-001,sukai,O
000053-001,.,O
000053-002,"""",O
000053-002,Mendengar,O
000053-002,itu,O
000053-002,mata,O
000053-002,Abu,B_PERSON
000053-002,Thalib,I_PERSON
000053-002,mengucurkan,O
000053-002,air,O
000053-002,mata,O
000053-002,lalu,O
000053-002,bangkit,O
000053-002,Tatkala,O
000053-002,beliau,O
000053-002,hendak,O
000053-002,beranjak,O
000053-002,",",O
000053-002,Abu,B_PERSON
000053-002,Thalib,I_PERSON
000053-002,memanggil,O
000053-002,beliau,O
000053-002,",",O
000053-002,lalu,O
000053-002,berkata,O
000053-002,",",O
000053-002,"""",O
000053-002,Pergilah,O
000053-002,wahai,O
000053-002,anak,O
000053-002,saudaraku,O
000053-002,dan,O
000053-002,katakanlah,O
000053-002,apa,O
000053-002,pun,O
000053-002,yang,O
000053-002,engkau,O
000053-002,sukai,O
000053-002,.,O
000053-002,Demi,O
000053-002,Allah,O
000053-002,",",O
000053-002,aku,O
000053-002,tidak,O
000053-002,akan,O
000053-002,menyerahkan,O
000053-002,dirimu,O
000053-002,kepada,O
000053-002,siapa,O
000053-002,pun,O
000053-002,.,O
000053-002,"""",O
000053-002,Lalu,O
000053-002,dia,O
000053-002,melantunkan,O
000053-002,syair,O
000053-002,",",O
000053-002,"""",O
000053-002,Demi,O
000053-002,Allah,O
000053-002,",",O
000053-002,mereka,O
000053-002,semua,O
000053-002,tidak,O
000053-002,akan,O
000053-002,bisa,O
000053-002,menjamah,O
000053-002,hingga,O
000053-002,aku,O
000053-002,terbujur,O
000053-002,kaku,O
000053-002,di,O
000053-002,dalam,O
000053-002,tanah,O
000053-002,tampakkanlah,O
000053-002,urusanmu,O
000053-002,dan,O
000053-002,jangan,O
000053-002,kurangi,O
000053-002,pilihlah,O
000053-002,yang,O
000053-002,engkau,O
000053-002,suka,O
000053-002,dan,O
000053-002,senangi,O
000053-002,".""",O
000055-002,Demi,O
000055-002,Allah,O
000055-002,",",O
000055-002,singa,O
000055-002,itu,O
000055-002,akan,O
000055-002,mencaplokku,O
000055-002,seperti,O
000055-002,doa,O
000055-002,yang,O
000055-002,dibaca,O
000055-002,Muhammad,B_PERSON
000055-002,atas,O
000055-002,diriku,O
000055-002,.,O
000055-002,Singa,O
000055-002,itu,O
000055-002,akan,O
000055-002,membunuhku,O
000055-002,selagi,O
000055-002,Muhammad,B_PERSON
000055-002,ada,O
000055-002,di,O
000055-002,Makkah,B_LOCATION
000055-002,dan,O
000055-002,aku,O
000055-002,di,O
000055-002,Syam,B_LOCATION
000055-002,".""",O
000055-002,Singa,O
000055-002,itu,O
000055-002,menyibak,O
000055-002,kerumunan,O
000055-002,orang,O
000055-002,lalu,O
000055-002,menerkam,O
000055-002,kepala,O
000055-002,Utbah,B_PERSON
000055-002,hingga,O
000055-002,Di,O
000055-002,antara,O
000055-002,bukti,O
000055-002,bahwa,O
000055-002,para,O
000055-002,thaghut,O
000055-002,Quraisy,O
000055-002,bermaksud,O
000055-002,hendak,O
000055-002,menghabisi,O
000055-002,Nabi,O
000055-002,",",O
000055-002,apa,O
000055-002,yang,O
000055-002,diriwayatkan,O
000055-002,Ibnu,B_PERSON
000055-002,Ishaq,I_PERSON
000055-002,dalam,O
000055-002,hadits,O
000055-002,yang,O
000055-002,panjang,O
000055-002,.,O
000055-002,Di,O
000055-002,dalamnya,O
000055-002,disebutkan,O
000055-002,:,O
000055-002,Abu,B_PERSON
000055-002,Jahal,I_PERSON
000055-002,berkata,O
000055-002,",",O
000055-002,"""",O
000055-002,Wahai,O
000055-002,semua,O
000055-002,orang,O
000055-002,Quraisy,O
000055-002,",",O
000055-002,sesungguhnya,O
000055-002,Muhammad,B_PERSON
000055-002,tetap,O
000055-002,bersikukuh,O
000055-002,",",O
000055-002,dan,O
000055-002,kalian,O
000055-002,melihatnya,O
000055-002,mencela,O
000055-002,agama,O
000055-002,kita,O
000055-002,",",O
000055-002,mencaci,O
000055-002,maki,O
000055-002,bapak-bapak,O
000055-002,kita,O
000055-002,",",O
000055-002,membodoh-bodohkan,O
000055-002,harapan-harapan,O
000055-002,kita,O
000055-002,dan,O
000055-002,mencela,O
000055-002,sesembahan,O
000055-002,kita,O
000055-002,.,O
000055-002,Aku,O
000055-002,bersumpah,O
000055-002,kepada,O
000055-002,Allah,O
000055-002,",",O
000055-002,aku,O
000055-002,benar-benar,O
000055-002,akan,O
000055-002,menungguinya,O
000055-002,sambil,O
000055-002,membawa,O
000055-002,batu,O
000055-002,yang,O
000055-002,mampu,O
000055-002,kubawa,O
000055-002,",",O
000055-002,dan,O
000055-002,tatkala,O
000055-002,dia,O
000055-002,sujud,O
000055-002,dalam,O
000055-002,shalatnya,O
000055-002,aku,O
000055-002,akan,O
000055-002,menimpukkan,O
000055-002,batu,O
000055-002,itu,O
000055-002,ke,O
000055-002,kepalanya,O
000055-002,.,O
000055-002,Pada,O
000055-002,saat,O
000055-002,itu,O
000055-002,telantarkanlah,O
000055-002,aku,O
000055-002,atau,O
000055-002,belalah,O
000055-002,aku,O
000055-002,.,O
000055-002,Setelah,O
000055-002,itu,O
000055-002,Bani,O
000055-002,Abdi,I_PERSON
000055-002,Manaf,O
000055-002,bisa,O
000055-002,berbuat,O
000055-002,apa,O
000055-002,yang,O
000055-002,terbaik,O
000055-002,menurut,O
000055-002,mereka,O
000055-002,".""",O
000055-002,Esok,O
000055-002,paginya,O
000055-002,Abu,B_PERSON
000055-002,Jahal,I_PERSON
000055-002,mengambil,O
000055-002,batu,O
000055-002,seperti,O
000055-002,yang,O
000055-002,dia,O
000055-002,katakan,O
000055-002,kemudian,O
000055-002,duduk,O
000055-002,menunggui,O
000055-002,Rasulullah,B_PERSON
000055-002,.,O
000055-002,Orang-orang,O
000055-002,menunggu,O
000055-002,apa,O
000055-002,yang,O
000055-002,bakal,O
000055-002,dilakukan,O
000055-002,Abu,B_PERSON
000055-002,Jahal,I_PERSON
000055-002,.,O
000055-002,Tatkala,O
000055-002,beliau,O
000055-002,sedang,O
000055-002,sujud,O
000055-002,",",O
000055-002,Abu,B_PERSON
000055-002,Jahal,I_PERSON
000055-002,mengambil,O
000055-002,batu,O
000055-002,lalu,O
000055-002,mendekati,O
000055-002,beliau,O
000055-002,.,O
000055-002,Tatkala,O
000055-002,jaraknya,O
000055-002,sudah,O
000055-002,dekat,O
000055-002,",",O
000055-002,tiba-tiba,O
000055-002,dia,O
000055-002,mundur,O
000055-002,dengan,O
000055-002,muka,O
000055-002,pucat,O
000055-002,dan,O
000055-002,gemetar,O
000055-002,",",O
000055-002,kedua,O
000055-002,tangannya,O
000055-002,tak,O
000055-002,mampu,O
000055-002,menyangga,O
000055-002,batu,O
000055-002,yang,O
000055-002,dibawanya,O
000055-002,",",O
000055-002,sehingga,O
000055-002,dia,O
000055-002,cepat-cepat,O
000055-002,melontarkannya,O
000055-002,.,O
000055-002,Orang-orang,O
000055-002,Quraisy,O
000055-002,mendekati,O
000055-002,Abu,B_PERSON
000055-002,Jahal,I_PERSON
000055-002,dan,O
000055-002,bertanya,O
000055-002,",",O
000055-002,"""",O
000055-002,Apa,O
000055-002,yang,O
000055-002,terjadi,O
000055-002,wahai,O
000055-002,Abul,B_PERSON
000055-002,Hakam,I_PERSON
000055-002,"?""",O
000055-002,"""",O
000055-002,Aku,O
000055-002,menghampirinya,O
000055-002,seperti,O
000055-002,kukatakan,O
000055-002,semalam,O
000055-002,kepada,O
000055-002,kalian,O
000055-002,.,O
000056-002,Tatkala,O
000056-002,sudah,O
000056-002,masuk,O
000056-002,masjid,O
000056-002,",",O
000056-002,dia,O
000056-002,berdiri,O
000056-002,di,O
000056-002,dekat,O
000056-002,kepala,O
000056-002,Abu,B_PERSON
000056-002,Jahal,I_PERSON
000056-002,lalu,O
000056-002,berkata,O
000056-002,",",O
000056-002,"""",O
000056-002,Wahai,O
000056-002,orang,O
000056-002,yang,O
000056-002,berpantat,O
000056-002,kuning,O
000056-002,",",O
000056-002,apakah,O
000056-002,engkau,O
000056-002,berani,O
000056-002,mencela,O
000056-002,anak,O
000056-002,saudaraku,O
000056-002,",",O
000056-002,padahal,O
000056-002,aku,O
000056-002,berada,O
000056-002,di,O
000056-002,atas,O
000056-002,agamanya,O
000056-002,?,O
000056-002,"""",O
000056-002,Seketika,O
000056-002,itu,O
000056-002,dia,O
000056-002,memukul,O
000056-002,kepala,O
000056-002,Abu,B_PERSON
000056-002,Jahal,I_PERSON
000056-002,dengan,O
000056-002,tangkai,O
000056-002,busur,O
000056-002,hingga,O
000056-002,menimbulkan,O
000056-002,luka,O
000056-002,yang,O
000056-002,menganga,O
000056-002,.,O
000056-002,Orang-orang,O
000056-002,Bani,O
000056-002,Makhzum,O
000056-002,(,O
000056-002,kampung,O
000056-002,Abu,B_PERSON
000056-002,Jahal,I_PERSON
000056-002,),O
000056-002,bangkit,O
000056-002,berdiri,O
000056-002,",",O
000056-002,begitu,O
000056-002,pula,O
000056-002,yang,O
000056-002,dilakukan,O
000056-002,orang-orang,O
000056-002,dari,O
000056-002,Bani,O
000056-002,Hasyim,O
000056-002,(,O
000056-002,kampung,O
000056-002,Hamzah,B_PERSON
000056-002,),O
000056-002,Biarkan,O
000056-002,saja,O
000056-002,Abu,B_PERSON
000056-002,Ammarah,I_PERSON
000056-002,(,O
000056-002,Hamzah,B_PERSON
000056-002,"),",O
000056-002,karena,O
000056-002,memang,O
000056-002,aku,O
000056-002,telah,O
000056-002,mencaci,O
000057-001,Di,O
000057-001,tengah,O
000057-001,udara,O
000057-001,y,O
000057-001,ang,O
000057-001,pengap,O
000057-001,karena,O
000057-001,dipenuhi,O
000057-001,awan,O
000057-001,kesewenang-wenangan,O
000057-001,dan,O
000057-001,kezhaliman,O
000057-001,",",O
000057-001,muncul,O
000057-001,berkas,O
000057-001,cahaya,O
000057-001,lain,O
000057-001,yang,O
000057-001,lebih,O
000057-001,terang,O
000057-001,dari,O
000057-001,cahaya,O
000057-001,yang,O
000057-001,pertama,O
000057-001,",",O
000057-001,yaitu,O
000057-001,keislaman,O
000057-001,Umar,B_PERSON
000057-001,bin,I_PERSON
000057-001,Al-Khaththab,I_PERSON
000057-001,.,O
000057-001,Dia,O
000057-001,masuk,O
000057-001,Islam,O
000057-001,pada,O
000057-001,bulan,B_TIME
000057-001,Dzul,I_TIME
000057-001,Hijjah,I_TIME
000057-001,pada,O
000057-001,tahun,O
000057-001,keenam,O
000057-001,dari,O
000057-001,nubuwah,O
000057-001,",",O
000057-001,tepatnya,O
000057-001,tiga,O
000057-001,hari,O
000057-001,setelah,O
000057-001,keislaman,O
000057-001,Hamzah,B_PERSON
000057-001,bin,I_PERSON
000057-001,Abdul,I_PERSON
000057-001,Muththalib,I_PERSON
000057-001,Sebelum,O
000057-001,itu,O
000057-001,",",O
000057-001,Nabi,O
000057-001,telah,O
000057-001,berdoa,O
000057-001,kepada,O
000057-001,Allah,O
000057-001,untuk,O
000057-001,keislamannya,O
000057-001,.,O
000057-001,At-Tirmidzi,O
000057-001,mentakhrij,O
000057-001,dari,O
000057-001,Ibnu,B_PERSON
000057-001,Umar,I_PERSON
000057-001,",",O
000057-001,dan,O
000057-001,dia,O
000057-001,menshahihkannya,O
000057-001,",",O
000057-001,Ath-Thabarani,B_PERSON
000057-001,dari,O
000057-001,Ibnu,B_PERSON
000057-001,Mas'ud,I_PERSON
000057-001,dan,O
000057-001,Anas,O
000057-001,",",O
000057-001,bahwa,O
000057-001,Nabi,O
000057-001,bersabda,O
000057-001,dalam,O
000057-001,doanya,O
000057-001,",",O
000057-001,"""",O
000057-001,Ya,O
000057-001,Allah,O
000057-001,.,O
000057-001,kokohkanlah,O
000057-001,Islam,O
000057-001,dengan,O
000057-001,salah,O
000057-001,satu,O
000057-001,dari,O
000057-001,dua,O
000057-001,orang,O
000057-001,yang,O
000057-001,paling,O
000057-001,Engkau,O
000057-001,cintai,O
000057-001,",",O
000057-001,dengan,O
000057-001,Umar,B_PERSON
000057-001,bin,I_PERSON
000057-001,Al-Kaththab,I_PERSON
000057-001,atau,O
000057-001,dengan,O
000057-001,Abu,B_PERSON
000057-001,Jahal,I_PERSON
000057-001,bin,I_PERSON
000057-001,Hisyam,I_PERSON
000057-001,".""",O
000057-001,Ternyata,O
000057-001,orang,O
000057-001,yang,O
000057-001,paling,O
000057-001,dicintai,O
000057-001,Allah,O
000057-001,adalah,O
000057-001,Umar,B_PERSON
000057-001,bin,I_PERSON
000057-001,Kaththab,O
000057-001,.,O
000057-001,Dengan,O
000057-001,mengamati,O
000057-001,semua,O
000057-001,riwayat,O
000057-001,tentang,O
000057-001,keislamannya,O
000057-001,",",O
000057-001,maka,O
000057-001,dapat,O
000057-001,disimpulkan,O
000057-001,bahwa,O
000057-001,menyusupnya,O
000057-001,Islam,O
000057-001,ke,O
000057-001,dalam,O
000057-001,sanubari,O
000057-001,terjadi,O
000057-001,secara,O
000057-001,bertahap,O
000057-001,Namun,O
000057-001,",",O
000057-001,sebelum,O
000057-001,kita,O
000057-001,mengupas,O
000057-001,kesimpulan,O
000057-001,tentang,O
000057-001,riwayat-riwayat,O
000057-001,ini,O
000057-001,",",O
000057-001,ada,O
000057-001,baiknya,O
000057-001,jika,O
000057-001,kami,O
000057-001,isyaratkan,O
000057-001,terlebih,O
000057-001,dahulu,O
000057-001,tentang,O
000057-001,watak,O
000057-001,dan,O
000057-001,perasaannya,O
000057-001,.,O
000057-001,Umar,B_PERSON
000057-001,dikenal,O
000057-001,sebagai,O
000057-001,orang,O
000057-001,yang,O
000057-001,menjaga,O
000057-001,kehormatan,O
000057-001,dirinya,O
000057-001,dan,O
000057-001,memiliki,O
000057-001,watak,O
000057-001,yang,O
000057-001,temperamental,O
000057-001,.,O
000057-001,Setiap,O
000057-001,kali,O
000057-001,dia,O
000057-001,berpapasan,O
000057-001,dengan,O
000057-001,orang-,O
000057-001,orang,O
000057-001,Muslim,O
000057-001,",",O
000057-001,pasti,O
000057-001,dia,O
000057-001,menimpakan,O
000057-001,berbagai,O
000057-001,macam,O
000057-001,siksaan,O
000057-001,.,O
000057-001,Yang,O
000057-001,pasti,O
000057-001,",",O
000057-001,di,O
000057-001,dalam,O
000057-001,hatinya,O
000057-001,bergolak,O
000057-001,berbagai,O
000057-001,perasaan,O
000057-001,yang,O
000057-001,sebenarnya,O
000057-001,saling,O
000057-001,bertentangan,O
000057-001,.,O
000057-005,Sesungguhnya,O
000057-005,saudarimu,O
000057-005,dan,O
000057-005,iparmu,O
000057-005,telah,O
000057-005,keluar,O
000057-005,dari,O
000057-005,agama,O
000057-005,serta,O
000057-005,meninggalkan,O
000057-005,agama,O
000057-005,yang,O
000057-005,selama,O
000057-005,ini,O
000057-005,engkau,O
000057-005,peluk,O
000057-005,".""",O
000057-005,Dengan,O
000057-005,terburu-buru,O
000057-005,Umar,B_PERSON
000057-005,berlalu,O
000057-005,hingga,O
000057-005,tiba,O
000057-005,di,O
000057-005,rumah,O
000057-005,adik,O
000057-005,perempuanny,O
000057-005,a,O
000057-005,dan,O
000057-005,iparnya,O
000057-005,",",O
000057-005,yang,O
000057-005,saat,O
000057-005,itu,O
000057-005,ada,O
000057-005,pula,O
000057-005,Khabbab,B_PERSON
000057-005,bin,I_PERSON
000057-005,Al-Art,I_PERSON
000057-005,",",O
000057-005,sedang,O
000057-005,menghadapi,O
000057-005,Shahifah,O
000057-005,berisi,O
000057-005,surat,O
000057-005,Thaha,O
000057-005,.,O
000057-005,Dia,O
000057-005,membacakan,O
000057-005,surat,O
000057-005,ini,O
000057-005,di,O
000057-005,hadapan,O
000057-005,mereka,O
000057-005,berdua,O
000057-005,.,O
000057-005,Tatkala,O
000057-005,Khabbab,O
000057-005,mendengar,O
000057-005,suara,O
000057-005,kedatangan,O
000057-005,Umar,B_PERSON
000057-005,",",O
000057-005,dia,O
000057-005,menyingkir,O
000057-005,ke,O
000057-005,bagian,O
000057-005,belakang,O
000057-005,ruangan,O
000057-005,",",O
000057-005,sedangkan,O
000057-005,Fathimah,O
000057-005,menyembunyikan,O
000057-005,Shahifah,O
000057-005,Al-Qur,O
000057-005,an,O
000057-005,.,O
000057-005,Namun,O
000057-005,",",O
000057-005,tatkala,O
000057-005,mendekati,O
000057-005,rumah,O
000057-005,adiknya,O
000057-005,tadi,O
000057-005,",",O
000057-005,Umar,B_PERSON
000057-005,sempat,O
000057-005,mendengar,O
000057-005,bacaan,O
000057-005,Khabbab,O
000057-005,di,O
000057-005,hadapan,O
000057-005,adik,O
000057-005,dan,O
000057-005,iparnya,O
000057-005,.,O
000057-005,"""",O
000057-005,Apa,O
000057-005,suara,O
000057-005,bisik-bisik,O
000057-005,yang,O
000057-005,sempat,O
000057-005,kudengar,O
000057-005,dari,O
000057-005,kalian,O
000057-005,tadi,O
000057-005,"?""",O
000057-005,tanya,O
000057-005,Umar,B_PERSON
000057-005,tatkala,O
000057-005,sudah,O
000057-005,masuk,O
000057-005,rumah,O
000057-005,.,O
000057-005,"""",O
000057-005,Hanya,O
000057-005,sekadar,O
000057-005,obrolan,O
000057-005,di,O
000057-005,antara,O
000057-005,kami,O
000057-005,",""",O
000057-005,jawab,O
000057-005,keduanya,O
000057-005,"""",O
000057-005,Kupikir,O
000057-005,kalian,O
000057-005,berdua,O
000057-005,sudah,O
000057-005,keluar,O
000057-005,dari,O
000057-005,agama,O
000057-005,",""",O
000057-005,kata,O
000057-005,Umar,B_PERSON
000057-005,.,O
000057-005,"""",O
000057-005,Wahai,O
000057-005,umar,O
000057-005,",""",O
000057-005,kata,O
000057-005,adik,O
000057-005,iparnya,O
000057-005,",",O
000057-005,"""",O
000057-005,apa,O
000057-005,pendapatmu,O
000057-005,jika,O
000057-005,kebenaran,O
000057-005,ada,O
000057-005,dalam,O
000057-005,agama,O
000057-005,selain,O
000057-005,agamamu,O
000057-005,"?""",O
000057-005,Seketika,O
000057-005,Umar,B_PERSON
000057-005,melompat,O
000057-005,ke,O
000057-005,arah,O
000057-005,adik,O
000057-005,iparnya,O
000057-005,dan,O
000057-005,menginjaknya,O
000057-005,keras,O
000057-005,.,O
000057-005,keras,O
000057-005,.,O
000057-005,Adiknya,O
000057-005,mendekat,O
000057-005,untuk,O
000057-005,menolong,O
000057-005,suaminya,O
000057-005,dan,O
000057-005,mengangkat,O
000057-005,badannya,O
000057-005,Namun,O
000057-005,",",O
000057-005,Umar,B_PERSON
000057-005,menonjok,O
000057-005,Fathimah,O
000057-005,hingga,O
000057-005,wajahnya,O
000057-005,berdarah,O
000057-005,.,O
000057-005,Menurut,O
000057-005,riwayat,O
000057-005,Ibnu,B_PERSON
000057-005,Ishaq,I_PERSON
000057-005,",",O
000057-005,Umar,B_PERSON
000057-005,memukul,O
000057-005,Fathimah,O
000057-005,hingga,O
000057-005,terluka,O
000057-005,.,O
000057-005,.,O
000057-005,Wahai,O
000057-005,Umar,B_PERSON
000057-005,",""",O
000057-005,kata,O
000057-005,Fathimah,O
000057-005,dengan,O
000057-005,berang,O
000057-005,",",O
000057-005,"""",O
000057-005,jika,O
000057-005,memang,O
000057-005,kebenaran,O
000057-005,itu,O
000057-005,ada,O
000057-005,dalam,O
000057-005,selain,O
000057-005,agamamu,O
000057-005,",",O
000057-005,maka,O
000057-005,bersaksilah,O
000057-005,bahwa,O
000057-005,tiada,O
000057-005,Ilah,O
000057-005,selain,O
000057-005,Allah,O
000057-005,dan,O
000057-005,bersaksilah,O
000057-005,bahwa,O
000057-005,Muhammad,B_PERSON
000057-005,adalah,O
000057-005,Rasul,O
000057-005,Allah,O
000057-005,".""",O
000057-005,Umar,B_PERSON
000057-005,mulai,O
000057-005,merasa,O
000057-005,putus,O
000057-005,asa,O
000057-005,.,O
000057-005,Dia,O
000057-005,lihat,O
000057-005,darah,O
000057-005,yang,O
000057-005,meleleh,O
000057-005,dari,O
000057-005,wajah,O
000057-005,adiknya,O
000057-005,.,O
000057-005,Maka,O
000057-005,dia,O
000057-005,merasa,O
000057-005,menyesal,O
000057-005,dan,O
000057-005,malu,O
000057-005,atas,O
000057-005,perbuatannya,O
000057-005,.,O
000057-008,Dialah,O
000057-008,Abu,B_PERSON
000057-008,Jahal,I_PERSON
000057-008,.,O
000057-008,Maka,O
000057-008,kudatangi,O
000057-008,rumahnya,O
000057-008,dan,O
000057-008,kugebrak,O
000057-008,pintu,O
000057-008,rumahnya,O
000057-008,hingga,O
000057-008,dia,O
000057-008,keluar,O
000057-008,menemuiku,O
000057-008,"""",O
000057-008,Ahlan,O
000057-008,wa,O
000057-008,sahlan,O
000057-008,",""",O
000057-008,katanya,O
000057-008,",""",O
000057-008,apa,O
000057-008,yang,O
000057-008,engkau,O
000057-008,bawa,O
000057-008,"?""",O
000057-008,"""",O
000057-008,Aku,O
000057-008,datang,O
000057-008,untuk,O
000057-008,memberitahumu,O
000057-008,bahwa,O
000057-008,aku,O
000057-008,telah,O
000057-008,beriman,O
000057-008,kepada,O
000057-008,Allah,O
000057-008,dan,O
000057-008,Rasul-Nya,O
000057-008,",",O
000057-008,Muhammad,B_PERSON
000057-008,serta,O
000057-008,kubenarkan,O
000057-008,apa,O
000057-008,yang,O
000057-008,dibawanya,O
000057-008,".""",O
000057-008,Dia,O
000057-008,langsung,O
000057-008,menggebrak,O
000057-008,pintu,O
000057-008,di,O
000057-008,depan,O
000057-008,mataku,O
000057-008,",",O
000057-008,sambil,O
000057-008,berucap,O
000057-008,"""",O
000057-008,Semoga,O
000057-008,Allah,O
000057-008,memburukkan,O
000057-008,rupamu,O
000057-008,dan,O
000057-008,memburukkan,O
000057-008,apa,O
000057-008,yang,O
000057-008,engkau,O
000057-008,bawa,O
000057-008,".""",O
000057-008,Ibnul,B_PERSON
000057-008,Jauzi,I_PERSON
000057-008,menyebutkan,O
000057-008,bahwa,O
000057-008,Umar,B_PERSON
000057-008,$,O
000057-008,berkata,O
000057-008,",",O
000057-008,Jika,O
000057-008,seseorang,O
000057-008,masuk,O
000057-008,Islam,O
000057-008,",",O
000057-008,maka,O
000057-008,orang-orang,O
000057-008,mencekalnya,O
000057-008,",",O
000057-008,lalu,O
000057-008,memukulinya,O
000057-008,dan,O
000057-008,dia,O
000057-008,ganti,O
000057-008,memukuli,O
000057-008,mereka,O
000057-008,.,O
000057-008,Setelah,O
000057-008,masuk,O
000057-008,Islam,O
000057-008,",",O
000057-008,aku,O
000057-008,mendatangi,O
000057-008,pamanku,O
000057-008,",",O
000057-008,Al-Ashy,I_PERSON
000057-008,bin,I_PERSON
000057-008,Hasyim,I_PERSON
000057-008,dan,O
000057-008,kuberitahu,O
000057-008,kepadanya,O
000057-008,tentang,O
000057-008,keislamanku,O
000057-008,.,O
000057-008,Namun,O
000057-008,dia,O
000057-008,justru,O
000057-008,masuk,O
000057-008,rumah,O
000057-008,.,O
000057-008,Lalu,O
000057-008,kudatangi,O
000057-008,salah,O
000057-008,seorang,O
000057-008,pembesar,O
000057-008,Quraisy,O
000057-008,",",O
000057-008,boleh,O
000057-008,jadi,O
000057-008,dia,O
000057-008,adalah,O
000057-008,Abu,B_PERSON
000057-008,Jahal,I_PERSON
000057-008,",",O
000057-008,dan,O
000057-008,kuberitahukan,O
000057-008,keislamanku,O
000057-008,",",O
000057-008,namun,O
000057-008,dia,O
000057-008,justru,O
000057-008,masuk,O
000057-008,rumah,O
000057-008,".""",O
000057-008,Ibnu,B_PERSON
000057-008,Hisyam,I_PERSON
000057-008,dan,O
000057-008,Ibnul,B_PERSON
000057-008,Jauzi,I_PERSON
000057-008,menyebutkan,O
000057-008,secara,O
000057-008,ringkas,O
000057-008,",",O
000057-008,bahwa,O
000057-008,setelah,O
000057-008,Umar,B_PERSON
000057-008,masuk,O
000057-008,Islam,O
000057-008,",",O
000057-008,dia,O
000057-008,mendatangi,O
000057-008,Jamil,I_PERSON
000057-008,bin,I_PERSON
000057-008,Ma'mar,I_PERSON
000057-008,Al-Jumha,I_PERSON
000057-008,",",O
000057-008,lalu,O
000057-008,dia,O
000057-008,memberitahukan,O
000057-008,keislamannya,O
000057-008,.,O
000057-008,Maka,O
000057-008,Jamil,I_PERSON
000057-008,berteriak,O
000057-008,sekeras-kerasnya,O
000057-008,",",O
000057-008,bahwa,O
000057-008,Ibnul,B_PERSON
000057-008,Khaththab,I_PERSON
000057-008,telah,O
000057-008,keluar,O
000057-008,dari,O
000057-008,agama,O
000057-008,.,O
000057-008,Umar,B_PERSON
000057-008,yang,O
000057-008,ada,O
000057-008,di,O
000057-008,belakangnya,O
000057-008,menyahut,O
000057-008,",",O
000057-008,"""",O
000057-008,Dia,O
000057-008,berdusta,O
000057-008,",",O
000057-008,tetapi,O
000057-008,aku,O
000057-008,telah,O
000057-008,masuk,O
000057-008,Islam,O
000057-008,".""",O
000057-008,Mereka,O
000057-008,langsung,O
000057-008,mengeroyok,O
000057-008,Umar,B_PERSON
000057-008,.,O
000057-008,Sekian,O
000057-008,lama,O
000057-008,dia,O
000057-008,memukuli,O
000057-008,mereka,O
000057-008,dan,O
000057-008,mereka,O
000057-008,memukulinya,O
000057-008,hingga,O
000057-008,matahari,O
000057-008,tepat,O
000057-008,berada,O
000057-008,di,O
000057-008,atas,O
000057-008,kepala,O
000057-008,.,O
000057-008,Umar,B_PERSON
000057-008,terduduk,O
000057-008,dalam,O
000057-008,keadaan,O
000057-008,lemas,O
000057-008,.,O
000057-008,Mereka,O
000057-008,berdiri,O
000057-008,di,O
000057-008,samping,O
000057-008,kepalanya,O
000057-008,",",O
000057-008,dan,O
000057-008,Umar,B_PERSON
000057-008,berkata,O
000057-008,",",O
000057-008,"""",O
000057-008,Lakukanlah,I_PERSON
000057-008,semau,O
000057-008,kalian,O
000057-008,!,O
000057-008,Aku,O
000057-008,bersumpah,O
000057-008,kepada,O
000057-008,Allah,O
000057-008,.,O
000057-010,orang,O
000057-010,musyrik,O
000057-010,.,O
000057-010,Sedangkan,O
000057-010,bagi,O
000057-010,orang-orang,O
000057-010,Muslim,O
000057-010,",",O
000057-010,gambarannya,O
000057-010,seperti,O
000057-010,diriwayatkan,O
000057-010,Mujahid,O
000057-010,dari,O
000057-010,Ibnu,B_PERSON
000057-010,Abbas,I_PERSON
000057-010,",",O
000057-010,dia,O
000057-010,berkata,O
000057-010,",",O
000057-010,"""",O
000057-010,Aku,O
000057-010,bertanya,O
000057-010,kepada,O
000057-010,Umar,B_PERSON
000057-010,bin,I_PERSON
000057-010,Al-Khaththab,I_PERSON
000057-010,",",O
000057-010,"""",O
000057-010,Apa,O
000057-010,sebabnya,O
000057-010,engkau,O
000057-010,dijuluki,O
000057-010,Al-Faruq,O
000057-010,"?""",O
000057-010,Dia,O
000057-010,menjawab,O
000057-010,",""",O
000057-010,Hamzah,B_PERSON
000057-010,lebih,O
000057-010,dahulu,O
000057-010,masuk,O
000057-010,Islam,O
000057-010,daripada,O
000057-010,aku,O
000057-010,selang,O
000057-010,tiga,O
000057-010,hari,O
000057-010,"...""",O
000057-010,Lalu,O
000057-010,dia,O
000057-010,mengisahkan,O
000057-010,proses,O
000057-010,keislamannya,O
000057-010,.,O
000057-010,Pada,O
000057-010,bagian,O
000057-010,akhir,O
000057-010,dia,O
000057-010,berkata,O
000057-010,",",O
000057-010,tepatnya,O
000057-010,setelah,O
000057-010,dia,O
000057-010,masuk,O
000057-010,Islam,O
000057-010,".""",O
000057-010,Aku,O
000057-010,bertanya,O
000057-010,",",O
000057-010,"""",O
000057-010,Wahai,O
000057-010,Rasulullah,B_PERSON
000057-010,.,O
000057-010,bukanlah,O
000057-010,kita,O
000057-010,berada,O
000057-010,di,O
000057-010,atas,O
000057-010,kebenaran,O
000057-010,",",O
000057-010,mati,O
000057-010,maupun,O
000057-010,hidup,O
000057-010,"?""",O
000057-010,"""",O
000057-010,Benar,O
000057-010,",""",O
000057-010,Beliau,O
000057-010,"menjawab,""demi",O
000057-010,diriku,O
000057-010,yang,O
000057-010,ada,O
000057-010,di,O
000057-010,Tangan-Nya,O
000057-010,sesung,O
000057-010,.,O
000057-010,guhnya,O
000057-010,kalian,O
000057-010,berada,O
000057-010,di,O
000057-010,atas,O
000057-010,kebenaran,O
000057-010,",",O
000057-010,hidup,O
000057-010,maupun,O
000057-010,mati,O
000057-010,".""",O
000057-010,"""",O
000057-010,Lalu,O
000057-010,mengapa,O
000057-010,kita,O
000057-010,masih,O
000057-010,sembunyi-sembunyi,O
000057-010,"?""",O
000057-010,tanya,O
000057-010,Umar,B_PERSON
000057-010,",",O
000057-010,"""",O
000057-010,demi,O
000057-010,yang,O
000057-010,mengutus,O
000057-010,engkau,O
000057-010,dengan,O
000057-010,kebenaran,O
000057-010,",",O
000057-010,lebih,O
000057-010,baik,O
000057-010,jika,O
000057-010,kita,O
000057-010,keluar,O
000057-010,".""",O
000057-010,Maka,O
000057-010,beliau,O
000057-010,mengeluarkan,O
000057-010,kami,O
000057-010,dalam,O
000057-010,dua,O
000057-010,barisan,O
000057-010,.,O
000057-010,Barisan,O
000057-010,pertama,O
000057-010,diserahkan,O
000057-010,kepada,O
000057-010,Hamzah,B_PERSON
000057-010,dan,O
000057-010,satu,O
000057-010,lagi,O
000057-010,diserahkan,O
000057-010,kepadaku,O
000057-010,.,O
000057-010,Hamzah,B_PERSON
000057-010,membawa,O
000057-010,garam,O
000057-010,yang,O
000057-010,ditumbuk,O
000057-010,halus,O
000057-010,layaknya,O
000057-010,tepung,O
000057-010,.,O
000057-010,Kami,O
000057-010,bergerak,O
000057-010,hingga,O
000057-010,memasuki,O
000057-010,Masjidil,B_LOCATION
000057-010,Haram,I_LOCATION
000057-010,.,O
000057-010,Aku,O
000057-010,bergantian,O
000057-010,memandang,O
000057-010,ke,O
000057-010,arah,O
000057-010,orang-orang,O
000057-010,Quraisy,O
000057-010,lalu,O
000057-010,beralih,O
000057-010,ke,O
000057-010,arah,O
000057-010,Hamzah,B_PERSON
000057-010,.,O
000057-010,Ada,O
000057-010,rona,O
000057-010,kesedihan,O
000057-010,membayang,O
000057-010,pada,O
000057-010,diri,O
000057-010,mereka,O
000057-010,",",O
000057-010,yang,O
000057-010,tidak,O
000057-010,pernah,O
000057-010,kulihat,O
000057-010,sebelumnya,O
000057-010,seperti,O
000057-010,itu,O
000057-010,.,O
000057-010,Maka,O
000057-010,pada,O
000057-010,saat,O
000057-010,gambaran,O
000057-010,kejadian,O
000057-010,yang,O
000057-010,berbeda,O
000057-010,setelah,O
000057-010,keislaman,O
000057-010,Umar,B_PERSON
000057-010,ini,O
000057-010,dapat,O
000057-010,dikompromikan,O
000057-010,sebagai,O
000057-010,berikut,O
000057-010,",",O
000057-010,bahwa,O
000057-010,dua,O
000057-010,orang,O
000057-010,yang,O
000057-010,ditemui,O
000057-010,Umar,B_PERSON
000057-010,merasa,O
000057-010,gentar,O
000057-010,terhadap,O
000057-010,Umar,B_PERSON
000057-010,yang,O
000057-010,memang,O
000057-010,dikenal,O
000057-010,sebagai,O
000057-010,orang,O
000057-010,yang,O
000057-010,tempramental,O
000057-010,dan,O
000057-010,juga,O
000057-010,jago,O
000057-010,gulat,O
000057-010,.,O
000057-010,Apalagi,O
000057-010,jika,O
000057-010,pertemuan,O
000057-010,itu,O
000057-010,satu,O
000057-010,lawan,O
000057-010,satu,O
000057-010,.,O
000058-004,Kemudian,O
000058-004,beliau,O
000058-004,bersabda,O
000058-004,",",O
000058-004,"""",O
000058-004,Wahai,O
000058-004,Abul,B_PERSON
000058-004,Walid,I_PERSON
000058-004,",",O
000058-004,engkau,O
000058-004,telah,O
000058-004,mendengarkan,O
000058-004,apa,O
000058-004,yang,O
000058-004,baru,O
000058-004,saja,O
000058-004,engkau,O
000058-004,dengarkan,O
000058-004,.,O
000058-004,Setelah,O
000058-004,itu,O
000058-004,terserah,O
000058-004,padamu,O
000058-004,".""",O
000058-004,Utbah,B_PERSON
000058-004,bangkit,O
000058-004,lalu,O
000058-004,menghampiri,O
000058-004,rekan-rekannya,O
000058-004,",",O
000058-004,yang,O
000058-004,saling,O
000058-004,berbisik,O
000058-004,",",O
000058-004,"""",O
000058-004,Kami,O
000058-004,berani,O
000058-004,sumpah,O
000058-004,demi,O
000058-004,Allah,O
000058-004,",",O
000058-004,raut,O
000058-004,muka,O
000058-004,Abul,B_PERSON
000058-004,Walid,I_PERSON
000058-004,berbeda,O
000058-004,dengan,O
000058-004,raut,O
000058-004,mukanya,O
000058-004,saat,O
000058-004,perginya,O
000058-004,tadi,O
000058-004,".""",O
000058-004,"""",O
000058-004,Apa,O
000058-004,yang,O
000058-004,tadi,O
000058-004,terjadi,O
000058-004,denganmu,O
000058-004,wahai,O
000058-004,Abul,B_PERSON
000058-004,Walid,I_PERSON
000058-004,"?""",O
000058-004,tanya,O
000058-004,mereka,O
000058-004,setelah,O
000058-004,dia,O
000058-004,bergabung,O
000058-004,dengan,O
000058-004,mereka,O
000058-004,.,O
000058-004,"""",O
000058-004,Tadi,O
000058-004,aku,O
000058-004,mendengar,O
000058-004,suatu,O
000058-004,perkataan,O
000058-004,",",O
000058-004,yang,O
000058-004,demi,O
000058-004,Allah,O
000058-004,tidak,O
000058-004,pernah,O
000058-004,kudengarkan,O
000058-004,yang,O
000058-004,seperti,O
000058-004,itu,O
000058-004,sama,O
000058-004,sekali,O
000058-004,.,O
000058-004,Demi,O
000058-004,Allah,O
000058-004,",",O
000058-004,itu,O
000058-004,bukan,O
000058-004,syair,O
000058-004,",",O
000058-004,bukan,O
000058-004,ucapan,O
000058-004,sihir,O
000058-004,dan,O
000058-004,tenung,O
000058-004,.,O
000058-004,Wahai,O
000058-004,semua,O
000058-004,orang,O
000058-004,Quraisy,O
000058-004,",",O
000058-004,turutilah,O
000058-004,aku,O
000058-004,dan,O
000058-004,serahkanlah,O
000058-004,masalah,O
000058-004,ini,O
000058-004,kepadaku,O
000058-004,.,O
000058-004,Biarkanlah,O
000058-004,orang,O
000058-004,ini,O
000058-004,dengan,O
000058-004,urusannya,O
000058-004,dan,O
000058-004,hindarilah,O
000058-004,dia,O
000058-004,.,O
000058-004,Demi,O
000058-004,Allah,O
000058-004,",",O
000058-004,perkataannya,O
000058-004,yang,O
000058-004,kudengarkan,O
000058-004,tadi,O
000058-004,benar-,O
000058-004,benar,O
000058-004,menjadi,O
000058-004,berita,O
000058-004,besar,O
000058-004,.,O
000058-004,Jika,O
000058-004,bangsa,O
000058-004,Arab,O
000058-004,mau,O
000058-004,menerimanya,O
000058-004,",",O
000058-004,maka,O
000058-004,dengan,O
000058-004,kehadirannya,O
000058-004,kalian,O
000058-004,tidak,O
000058-004,membutuhkan,O
000058-004,bangsa,O
000058-004,lain,O
000058-004,.,O
000058-004,Jika,O
000058-004,dia,O
000058-004,dapat,O
000058-004,menguasai,O
000058-004,bangsa,O
000058-004,Arab,O
000058-004,",",O
000058-004,maka,O
000058-004,kerajaannya,O
000058-004,akan,O
000058-004,menjadi,O
000058-004,kerajaan,O
000058-004,kalian,O
000058-004,pula,O
000058-004,dan,O
000058-004,kemuliaannya,O
000058-004,menjadi,O
000058-004,kemuliaan,O
000058-004,kalian,O
000058-004,.,O
000058-004,Jadilah,O
000058-004,kalian,O
000058-004,orang,O
000058-004,yang,O
000058-004,paling,O
000058-004,berbahagia,O
000058-004,karenanya,O
000058-004,".""",O
000058-004,"""",O
000058-004,Demi,O
000058-004,Allah,O
000058-004,",",O
000058-004,dengan,O
000058-004,lidahnya,O
000058-004,dia,O
000058-004,telah,O
000058-004,menyihirmu,O
000058-004,wahai,O
000058-004,Abul,B_PERSON
000058-004,Walid,I_PERSON
000058-004,",""",O
000058-004,kata,O
000058-004,mereka,O
000058-004,"""",O
000058-004,Ini,O
000058-004,pendapatku,O
000058-004,tentang,O
000058-004,dirinya,O
000058-004,.,O
000058-004,Terserahlah,O
000058-004,apa,O
000058-004,pendapat,O
000058-004,kalian,O
000058-004,",""",O
000058-004,katanya,O
000058-004,.,O
000058-004,100,O
000059-001,Perjalanan,O
000059-001,situasi,O
000059-001,dan,O
000059-001,kondisi,O
000059-001,telah,O
000059-001,banyak,O
000059-001,yang,O
000059-001,berubah,O
000059-001,.,O
000059-001,Tetapi,O
000059-001,Abu,B_PERSON
000059-001,Thalib,I_PERSON
000059-001,masih,O
000059-001,dibay,O
000059-001,angi,O
000059-001,kekhawatiran,O
000059-001,terhadap,O
000059-001,gangguan,O
000059-001,orang-orang,O
000059-001,musyrik,O
000059-001,100,O
000059-001,Sirah,O
000059-001,An-Nabawiyah,O
000059-001,",",O
000059-001,Ibnu,B_PERSON
000059-001,Hisyam,I_PERSON
000059-001,",",O
000059-001,1/293-294,O
000059-001,terhadap,O
000059-001,anak,O
000059-001,saudaranya,O
000059-001,.,O
000059-001,Dia,O
000059-001,menyimak,O
000059-001,kembali,O
000059-001,satu,O
000059-001,dua,O
000059-001,peristiwa,O
000059-001,yang,O
000059-001,sudah,O
000059-001,terjadi,O
000059-001,.,O
000059-001,Orang-orang,O
000059-001,musyrik,O
000059-001,pernah,O
000059-001,mengancamnya,O
000059-001,agar,O
000059-001,dia,O
000059-001,menghentikan,O
000059-001,anak,O
000059-001,saudaranya,O
000059-001,",",O
000059-001,kemudian,O
000059-001,berusaha,O
000059-001,menukarnya,O
000059-001,dengan,O
000059-001,Ammarah,B_PERSON
000059-001,bin,I_PERSON
000059-001,Al-Walid,I_PERSON
000059-001,untuk,O
000059-001,dibunuh,O
000059-001,",",O
000059-001,Abu,B_PERSON
000059-001,Jahal,I_PERSON
000059-001,pernah,O
000059-001,mendatangi,O
000059-001,anak,O
000059-001,saudaranya,O
000059-001,sambil,O
000059-001,membawa,O
000059-001,batu,O
000059-001,untuk,O
000059-001,ditimpukkan,O
000059-001,kepadanya,O
000059-001,",",O
000059-001,Uqbah,B_PERSON
000059-001,bin,I_PERSON
000059-001,Abu,I_PERSON
000059-001,Mu'ith,I_PERSON
000059-001,pernah,O
000059-001,menjerat,O
000059-001,leher,O
000059-001,anak,O
000059-001,saudaranya,O
000059-001,dengan,O
000059-001,pakaiannya,O
000059-001,dengan,O
000059-001,maksud,O
000059-001,untuk,O
000059-001,membunuhnya,O
000059-001,",",O
000059-001,dan,O
000059-001,lain-lainnya,O
000059-001,.,O
000059-001,Abu,B_PERSON
000059-001,Thalib,I_PERSON
000059-001,mengingat-ingat,O
000059-001,kembali,O
000059-001,semua,O
000059-001,kejadian,O
000059-001,ini,O
000059-001,.,O
000059-001,Dia,O
000059-001,bisa,O
000059-001,mencium,O
000059-001,bau,O
000059-001,busuk,O
000059-001,yang,O
000059-001,menyengat,O
000059-001,di,O
000059-001,dalam,O
000059-001,sanubarinya,O
000059-001,dan,O
000059-001,merasa,O
000059-001,yakin,O
000059-001,bahwa,O
000059-001,orang-orang,O
000059-001,musyrik,O
000059-001,hendak,O
000059-001,merusak,O
000059-001,perlindungannya,O
000059-001,",",O
000059-001,dengan,O
000059-001,maksud,O
000059-001,menghabisi,O
000059-001,anak,O
000059-001,saudaranya,O
000059-001,.,O
000059-001,Hamzah,B_PERSON
000059-001,atau,O
000059-001,Umar,B_PERSON
000059-001,atau,O
000059-001,siapa,O
000059-001,pun,O
000059-001,tentu,O
000059-001,tak,O
000059-001,akan,O
000059-001,sanggup,O
000059-001,menghalangi,O
000059-001,orang-orang,O
000059-001,musyrik,O
000059-001,itu,O
000059-001,.,O
000059-001,Abu,B_PERSON
000059-001,Thalib,I_PERSON
000059-001,merasa,O
000059-001,yakin,O
000059-001,dengan,O
000059-001,hal,O
000059-001,itu,O
000059-001,",",O
000059-001,bahwa,O
000059-001,mereka,O
000059-001,telah,O
000059-001,sepakat,O
000059-001,untuk,O
000059-001,membunuh,O
000059-001,Rasulullah,B_PERSON
000059-001,secara,O
000059-001,terang-terangan,O
000059-001,.,O
000059-001,Kesepakatan,O
000059-001,itu,O
000059-001,juga,O
000059-001,telah,O
000059-001,diisyaratkan,O
000059-001,di,O
000059-001,dalam,O
000059-001,firman,O
000059-001,Allah,O
000059-001,",",O
000059-001,kv:o,O
000059-001,O,O
000059-001,"""",O
000059-001,Bahkan,O
000059-001,mereka,O
000059-001,telah,O
000059-001,menetapkan,O
000059-001,satu,O
000059-001,tipu,O
000059-001,daya,O
000059-001,(,O
000059-001,jahat,O
000059-001,"),",O
000059-001,maka,O
000059-001,sesung,O
000059-001,guhnya,O
000059-001,Kami,O
000059-001,menetapkan,O
000059-001,(,O
000059-001,pula,O
000059-001,).,O
000059-001,"""",O
000059-001,Lalu,O
000059-001,apa,O
000059-001,yang,O
000059-001,dikatakan,O
000059-001,Abu,B_PERSON
000059-001,Thalib,I_PERSON
000059-001,?,O
000059-001,Dia,O
000059-001,berdiri,O
000059-001,di,O
000059-001,tengah,O
000059-001,anggota,O
000059-001,keluarganya,O
000059-001,dari,O
000059-001,Bani,O
000059-001,Hasyim,O
000059-001,",",O
000059-001,Bani,O
000059-001,Al-Muththalib,O
000059-001,dan,O
000059-001,Abdi,O
000059-001,Manaf,O
000059-001,",",O
000059-001,meminta,O
000059-001,kesediaan,O
000059-001,mereka,O
000059-001,untuk,O
000059-001,melindungi,O
000059-001,anak,O
000059-001,saudaranya,O
000059-001,.,O
000059-002,Dia,O
000059-002,berdiri,O
000059-002,di,O
000059-002,tengah,O
000059-002,anggota,O
000059-002,keluarganya,O
000059-002,dari,O
000059-002,Bani,O
000059-002,Hasyim,O
000059-002,",",O
000059-002,Bani,O
000059-002,Al-Muththalib,O
000059-002,dan,O
000059-002,Abdi,O
000059-002,Manaf,O
000059-002,",",O
000059-002,meminta,O
000059-002,kesediaan,O
000059-002,mereka,O
000059-002,untuk,O
000059-002,melindungi,O
000059-002,anak,O
000059-002,saudaranya,O
000059-002,.,O
000059-002,Ternyata,O
000059-002,mereka,O
000059-002,menyanggupinya,O
000059-002,",",O
000059-002,yang,O
000059-002,kafir,O
000059-002,maupun,O
000059-002,yang,O
000059-002,Muslim,O
000059-002,",",O
000059-002,sebagai,O
000059-002,langkah,O
000059-002,untuk,O
000059-002,menjaga,O
000059-002,kekerabatan,O
000059-002,.,O
000059-002,Yang,O
000059-002,tidak,O
000059-002,bergabung,O
000059-002,dalam,O
000059-002,kesediaan,O
000059-002,ini,O
000059-002,adalah,O
000059-002,saudaranya,O
000059-002,",",O
000059-002,Abu,B_PERSON
000059-002,Lahab,I_PERSON
000059-002,.,O
000059-002,Dia,O
000059-002,memisahkan,O
000059-002,diri,O
000059-002,dari,O
000059-002,mereka,O
000059-002,dan,O
000059-002,bergabung,O
000059-002,bersama,O
000059-002,orang-orang,O
000059-002,Quraisy,O
000059-002,lainnya,O
000059-002,.,O
000095-001,Sesampai,O
000095-001,di,O
000095-001,mulut,O
000095-001,gua,O
000095-001,",",O
000095-001,Abu,B_PERSON
000095-001,Bakar,I_PERSON
000095-001,berkata,O
000095-001,",",O
000095-001,"""",O
000095-001,Demi,O
000095-001,Allah,O
000095-001,",",O
000095-001,janganlah,O
000095-001,engkau,O
000095-001,masuk,O
000095-001,ke,O
000095-001,dalamnya,O
000095-001,sebelum,O
000095-001,aku,O
000095-001,masuk,O
000095-001,terlebih,O
000095-001,dahulu,O
000095-001,.,O
000095-001,Jika,O
000095-001,di,O
000095-001,dalam,O
000095-001,ada,O
000095-001,sesuatu,O
000095-001,yang,O
000095-001,tidak,O
000095-001,beres,O
000095-001,",",O
000095-001,biarlah,O
000095-001,aku,O
000095-001,yang,O
000095-001,terkena,O
000095-001,",",O
000095-001,asal,O
000095-001,tidak,O
000095-001,mengenai,O
000095-001,engkau,O
000095-001,".""",O
000095-001,Lalu,O
000095-001,Abu,B_PERSON
000095-001,Bakar,I_PERSON
000095-001,memasuki,O
000095-001,gua,O
000095-001,dengan,O
000095-001,menyisihkan,O
000095-001,kotoran,O
000095-001,yang,O
000095-001,menghalangi,O
000095-001,.,O
000095-001,Di,O
000095-001,sebelahnya,O
000095-001,dia,O
000095-001,mendapatkan,O
000095-001,lubang,O
000095-001,.,O
000095-001,Dia,O
000095-001,merobek,O
000095-001,mantelnya,O
000095-001,menjadi,O
000095-001,dua,O
000095-001,bagian,O
000095-001,dan,O
000095-001,mengikatnya,O
000095-001,ke,O
000095-001,lubang,O
000095-001,itu,O
000095-001,.,O
000095-001,Robekan,O
000095-001,satunya,O
000095-001,lagi,O
000095-001,dia,O
000095-001,130,O
000095-001,Ketetapan,O
000095-001,tentang,O
000095-001,bulan,B_TIME
000095-001,Shafar,I_TIME
000095-001,tahun,O
000095-001,dari,O
000095-001,nubuwah,O
000095-001,ini,O
000095-001,dibuat,O
000095-001,jika,O
000095-001,hitungan,O
000095-001,bulan,O
000095-001,pertama,O
000095-001,jatuh,O
000095-001,pada,O
000095-001,bulan,B_TIME
000095-001,Muharram,I_TIME
000095-001,.,O
000095-001,Namun,O
000095-001,jika,O
000095-001,dihitung,O
000095-001,dari,O
000095-001,bulan,O
000095-001,pertama,O
000095-001,kali,O
000095-001,beliau,O
000095-001,mendapatkan,O
000095-001,nubuwah,O
000095-001,",",O
000095-001,maka,O
000095-001,bulan,B_TIME
000095-001,Shafar,I_TIME
000095-001,ini,O
000095-001,jatuh,O
000095-001,pada,O
000095-001,tahun,O
000095-001,dari,O
000095-001,nubuwah,O
000095-001,.,O
000095-001,Boleh,O
000095-001,jadi,O
000095-001,mayoritas,O
000095-001,penulis,O
000095-001,sirah,O
000095-001,memilih,O
000095-001,yang,O
000095-001,terakhir,O
000095-001,ini,O
000095-001,",",O
000095-001,karena,O
000095-001,mereka,O
000095-001,lebih,O
000095-001,suka,O
000095-001,meruntut,O
000095-001,peristiwa,O
000095-001,demi,O
000095-001,peristiwa,O
000095-001,",",O
000095-001,yang,O
000095-001,justru,O
000095-001,bisa,O
000095-001,menimbulkan,O
000095-001,kekeliruan,O
000095-001,.,O
000095-001,Untuk,O
000095-001,itu,O
000095-001,kami,O
000095-001,lebih,O
000095-001,suka,O
000095-001,menetapkan,O
000095-001,permulaan,O
000095-001,tahun,O
000095-001,jatuh,O
000095-001,pada,O
000095-001,bulan,O
000095-001,Muharram,I_TIME
000095-001,.,O
000095-001,balutkan,O
000095-001,ke,O
000095-001,kakinya,O
000095-001,.,O
000095-001,Setelah,O
000095-001,itu,O
000095-001,Abu,B_PERSON
000095-001,Bakar,I_PERSON
000095-001,berkata,O
000095-001,kepada,O
000095-001,beliau,O
000095-001,",",O
000095-001,"""",O
000095-001,Masuklah,O
000095-001,"!""",O
000095-001,Maka,O
000095-001,beliau,O
000095-001,pun,O
000095-001,masuk,O
000095-001,ke,O
000095-001,dalam,O
000095-001,gua,O
000095-001,.,O
000095-001,Setelah,O
000095-001,mengambil,O
000095-001,tempat,O
000095-001,di,O
000095-001,dalam,O
000095-001,gua,O
000095-001,",",O
000095-001,beliau,O
000095-001,merebahkan,O
000095-001,kepala,O
000095-001,di,O
000095-001,atas,O
000095-001,pangkuan,O
000095-001,Abu,B_PERSON
000095-001,Bakar,I_PERSON
000095-001,dan,O
000095-001,tertidur,O
000095-001,.,O
000095-001,Tiba-tiba,O
000095-001,Abu,B_PERSON
000095-001,Bakar,I_PERSON
000095-001,disengat,O
000095-001,hewan,O
000095-001,dari,O
000095-001,lubangnya,O
000095-001,.,O
000095-001,Namun,O
000095-001,dia,O
000095-001,tidak,O
000095-001,berani,O
000095-001,bergerak,O
000095-001,.,O
000095-001,karena,O
000095-001,takut,O
000095-001,akan,O
000095-001,menganggu,O
000095-001,tidur,O
000095-001,Rasulullah,B_PERSON
000095-001,.,O
000095-001,Dengan,O
000095-001,menahan,O
000095-001,rasa,O
000095-001,sakit,O
000095-001,air,O
000095-001,matanya,O
000095-001,menetes,O
000095-001,ke,O
000095-001,wajah,O
000095-001,beliau,O
000095-001,.,O
000095-001,"""",O
000095-001,Apa,O
000095-001,yang,O
000095-001,terjadi,O
000095-001,wahai,O
000095-001,Abu,B_PERSON
000095-001,Bakar,I_PERSON
000095-001,"?""",O
000095-001,tanya,O
000095-001,beliau,O
000095-001,.,O
000115-002,Oleh,O
000115-002,karena,O
000115-002,itu,O
000115-002,",",O
000115-002,Rasulullah,B_PERSON
000115-002,mengumumkan,O
000115-002,kepada,O
000115-002,orang-orang,O
000115-002,Muslim,O
000115-002,",",O
000115-002,"""",O
000115-002,Ini,O
000115-002,adalah,O
000115-002,kafilah,O
000115-002,dagang,O
000115-002,Quraisy,O
000115-002,yang,O
000115-002,membawa,O
000115-002,harta,O
000115-002,benda,O
000115-002,mereka,O
000115-002,.,O
000115-002,Hadanglah,O
000115-002,kafilah,O
000115-002,itu,O
000115-002,",",O
000115-002,semoga,O
000115-002,Allah,O
000115-002,memberikan,O
000115-002,barang,O
000115-002,rampasan,O
000115-002,itu,O
000115-002,kepada,O
000115-002,kalian,O
000115-002,".""",O
000115-002,Beliau,O
000115-002,tidak,O
000115-002,menekankan,O
000115-002,kepada,O
000115-002,seorang,O
000115-002,pun,O
000115-002,di,O
000115-002,antara,O
000115-002,mereka,O
000115-002,untuk,O
000115-002,bergabung,O
000115-002,",",O
000115-002,tetapi,O
000115-002,beliau,O
000115-002,menyerahkan,O
000115-002,masalah,O
000115-002,ini,O
000115-002,kepada,O
000115-002,kerelaan,O
000115-002,mereka,O
000115-002,Sebab,O
000115-002,kali,O
000115-002,ini,O
000115-002,tidak,O
000115-002,akan,O
000115-002,terjadi,O
000115-002,bentrokan,O
000115-002,yang,O
000115-002,seru,O
000115-002,dengan,O
000115-002,pasukan,O
000115-002,Quraisy,O
000115-002,",",O
000115-002,dan,O
000115-002,memang,O
000115-002,bentrokan,O
000115-002,ini,O
000115-002,baru,O
000115-002,terjadi,O
000115-002,saat,O
000115-002,di,O
000115-002,Badr,B_LOCATION
000115-002,.,O
000115-002,Oleh,O
000115-002,karena,O
000115-002,itu,O
000115-002,",",O
000115-002,banyak,O
000115-002,sahabat,O
000115-002,yang,O
000115-002,memilih,O
000115-002,tetap,O
000115-002,di,O
000115-002,Madinah,B_LOCATION
000115-002,.,O
000115-002,Sebab,O
000115-002,ketetapan,O
000115-002,kali,O
000115-002,ini,O
000115-002,tak,O
000115-002,berbeda,O
000115-002,dengan,O
000115-002,ketetapan,O
000115-002,beliau,O
000115-002,dalam,O
000115-002,mengirimkan,O
000115-002,satuan-satuan,O
000115-002,pasukan,O
000115-002,sebelumnya,O
000115-002,.,O
000115-002,Karena,O
000115-002,itu,O
000115-002,",",O
000115-002,mereka,O
000115-002,pun,O
000115-002,tidak,O
000115-002,mengingkari,O
000115-002,keputusan,O
000115-002,beliau,O
000115-002,untuk,O
000115-002,tidak,O
000115-002,ikut,O
000115-002,dalam,O
000115-002,penghadangan,O
000115-002,ini,O
000115-002,.,O
000117-001,Tanpa,O
000117-001,rasa,O
000117-001,gentar,O
000117-001,sedikit,O
000117-001,pun,O
000117-001,Rasulullah,B_PERSON
000117-001,berangkat,O
000117-001,dari,O
000117-001,jantung,O
000117-001,Madinah,B_LOCATION
000117-001,bersama,O
000117-001,pasukan,O
000117-001,ini,O
000117-001,",",O
000117-001,berjalan,O
000117-001,melewati,O
000117-001,jalur,O
000117-001,pokok,O
000117-001,menuju,O
000117-001,Makkah,B_LOCATION
000117-001,",",O
000117-001,hingga,O
000117-001,tiba,O
000117-001,di,O
000117-001,sumur,O
000117-001,Ar-Rauha,O
000117-001,yang,O
000117-001,sekalipun,O
000117-001,belum,O
000117-001,pernah,O
000117-001,didatangi,O
000117-001,beliau,O
000117-001,.,O
000117-001,Dari,O
000117-001,sini,O
000117-001,beliau,O
000117-001,tidak,O
000117-001,mengambil,O
000117-001,jalan,O
000117-001,ke,O
000117-001,kiri,O
000117-001,yang,O
000117-001,menuju,O
000117-001,Makkah,B_LOCATION
000117-001,",",O
000117-001,tetapi,O
000117-001,justru,O
000117-001,mengambil,O
000117-001,jalan,O
000117-001,ke,O
000117-001,arah,O
000117-001,kanan,O
000117-001,menuju,O
000117-001,Badr,B_LOCATION
000117-001,",",O
000117-001,melewati,O
000117-001,Rahaqan,O
000117-001,dan,O
000117-001,tiba,O
000117-001,di,O
000117-001,Ash-Shafra',O
000117-001,.,O
000117-001,Dari,O
000117-001,sana,O
000117-001,beliau,O
000117-001,mengirim,O
000117-001,Basbas,B_PERSON
000117-001,bin,I_PERSON
000117-001,Amr,I_PERSON
000117-001,dan,O
000117-001,Adi,B_PERSON
000117-001,bin,I_PERSON
000117-001,Abu,I_PERSON
000117-001,Az-Za'ba',I_PERSON
000117-001,Al-Juhannya,O
000117-001,agar,O
000117-001,pergi,O
000117-001,ke,O
000117-001,Badr,B_LOCATION
000117-001,",",O
000117-001,untuk,O
000117-001,mencari,O
000117-001,berita,O
000117-001,tenang,O
000117-001,kafilah,O
000117-001,dagang,O
000117-001,Quraisy,O
000119-002,Mereka,O
000119-002,benar-benar,O
000119-002,bimbang,O
000119-002,.,O
000119-002,Namun,O
000119-002,kemudian,O
000119-002,muncul,O
000119-002,seorang,O
000119-002,iblis,O
000119-002,yang,O
000119-002,bernama,O
000119-002,Suraqah,B_PERSON
000119-002,bin,I_PERSON
000119-002,Malik,I_PERSON
000119-002,bin,I_PERSON
000119-002,Ju'stum,I_PERSON
000119-002,Al-Mudliji,O
000119-002,pemimpin,O
000119-002,Bani,O
000119-002,Kinanah,O
000119-002,",",O
000119-002,lalu,O
000119-002,berkata,O
000119-002,kepada,O
000119-002,mereka,O
000119-002,",",O
000119-002,"""",O
000119-002,Akulah,O
000119-002,yang,O
000119-002,akan,O
000119-002,menjamin,O
000119-002,bagi,O
000119-002,kalian,O
000119-002,andaikan,O
000119-002,Bani,O
000119-002,Kinanah,O
000119-002,memukul,O
000119-002,kalian,O
000119-002,dari,O
000119-002,belakang,O
000119-002,.,O
000119-002,yang,O
000119-002,dapat,O
000119-002,merugikan,O
000119-002,kalian,O
000119-002,".""",O
000120-001,Setelah,O
000120-001,persiapan,O
000120-001,dianggap,O
000120-001,selesai,O
000120-001,",",O
000120-001,mereka,O
000120-001,pun,O
000120-001,berangkat,O
000120-001,meninggalkan,O
000120-001,tempat,O
000120-001,mereka,O
000120-001,.,O
000120-001,Sikap,O
000120-001,mereka,O
000120-001,telah,O
000120-001,digambarkan,O
000120-001,Allah,O
000120-001,dalam,O
000120-001,firman-Nya,O
000120-001,.,O
000120-001,"""...",O
000120-001,dengan,O
000120-001,rasa,O
000120-001,angkuh,O
000120-001,dan,O
000120-001,dengan,O
000120-001,maksud,O
000120-001,riya',O
000120-001,kepada,O
000120-001,manusia,O
000120-001,serta,O
000120-001,menghalangi,O
000120-001,(,O
000120-001,orang,O
000120-001,),O
000120-001,dari,O
000120-001,jalan,O
000120-001,Allah,O
000120-001,.,O
000120-001,"""",O
000120-001,(,O
000120-001,Al-Anfal,O
000120-001,:,O
000120-001,47,O
000120-001,),O
000120-001,Mereka,O
000120-001,datang,O
000120-001,seperti,O
000120-001,yang,O
000120-001,digambarkan,O
000120-001,Rasulullah,B_PERSON
000120-001,",",O
000120-001,"""",O
000120-001,Dengan,O
000120-001,membawa,O
000120-001,kemarahan,O
000120-001,dan,O
000120-001,senjata,O
000120-001,mereka,O
000120-001,.,O
000120-001,Mereka,O
000120-001,memusuhi,O
000120-001,Allah,O
000120-001,dan,O
000120-001,Rasul-Nya,O
000120-001,".""",O
000120-001,Mereka,O
000120-001,pergi,O
000120-001,dengan,O
000120-001,membawa,O
000120-001,kemurkaan,O
000120-001,dan,O
000120-001,kedengkian,O
000120-001,terhadap,O
000120-001,Rasulullah,B_PERSON
000120-001,serta,O
000120-001,para,O
000120-001,sahabat,O
000120-001,",",O
000120-001,di,O
000120-001,samping,O
000120-001,untuk,O
000120-001,menyelamatkan,O
000120-001,kafilah,O
000120-001,dagang,O
000120-001,mereka,O
000120-001,.,O
000120-001,Mereka,O
000120-001,bergerak,O
000120-001,dengan,O
000120-001,cepat,O
000120-001,",",O
000120-001,lurus,O
000120-001,ke,O
000120-001,arah,O
000120-001,utara,O
000120-001,menuju,O
000120-001,Badr,B_LOCATION
000120-001,.,O
000120-001,Mereka,O
000120-001,melewati,O
000120-001,jalur,O
000120-001,Usfan,O
000120-001,",",O
000120-001,Qadid,O
000120-001,",",O
000120-001,dan,O
000120-001,Al-Juhfah,O
000120-001,.,O
000120-001,Di,O
000120-001,sana,O
000120-001,datang,O
000120-001,surat,O
000120-001,dari,O
000120-001,Abu,B_PERSON
000120-001,Sufyan,I_PERSON
000120-001,yang,O
000120-001,isinya,O
000120-001,:,O
000120-001,"""",O
000120-001,Sesungguhnya,O
000120-001,kalian,O
000120-001,keluar,O
000120-001,hanya,O
000120-001,untuk,O
000120-001,menyelamatkan,O
000120-001,kafilah,O
000120-001,dagang,O
000120-001,",",O
000120-001,orang-orang,O
000120-001,kalian,O
000120-001,dan,O
000120-001,harta,O
000120-001,benda,O
000120-001,kalian,O
000120-001,.,O
000120-001,Allah,O
000120-001,telah,O
000120-001,menyelamatkan,O
000120-001,semuanya,O
000120-001,.,O
000120-001,Karena,O
000120-001,itu,O
000120-001,lebih,O
000120-001,baik,O
000120-001,kembalilah,O
000120-001,".""",O
000121-001,Seperti,O
000121-001,yang,O
000121-001,dituturkan,O
000121-001,Abu,B_PERSON
000121-001,Sufyan,I_PERSON
000121-001,",",O
000121-001,tadinya,O
000121-001,dia,O
000121-001,mengambil,O
000121-001,jalur,O
000121-001,pokok,O
000121-001,yang,O
000121-001,menuju,O
000121-001,Makkah,B_LOCATION
000121-001,.,O
000121-001,Oleh,O
000121-001,karena,O
000121-001,itu,O
000121-001,dia,O
000121-001,meningkatkan,O
000121-001,kewaspadaan,O
000121-001,dan,O
000121-001,selalu,O
000121-001,menyelidiki,O
000121-001,.,O
000121-001,Tatkala,O
000121-001,kafilahnya,O
000121-001,sudah,O
000121-001,mendekati,O
000121-001,Badr,B_LOCATION
000121-001,",",O
000121-001,dia,O
000121-001,mendahului,O
000121-001,rombongan,O
000121-001,hingga,O
000121-001,bertemu,O
000121-001,dengan,O
000121-001,Majdi,B_PERSON
000121-001,bin,I_PERSON
000121-001,Amr,I_PERSON
000121-001,",",O
000121-001,dan,O
000121-001,menanyakan,O
000121-001,pasukan,O
000121-001,Madinah,B_LOCATION
000121-001,kepadanya,O
000121-001,.,O
000121-001,"""",O
000121-001,Aku,O
000121-001,tidak,O
000121-001,melihat,O
000121-001,seorang,O
000121-001,pun,O
000121-001,yang,O
000121-001,dicurigai,O
000121-001,.,O
000121-001,Hanya,O
000121-001,saja,O
000121-001,tadi,O
000121-001,kulihat,O
000121-001,ada,O
000121-001,dua,O
000121-001,orang,O
000121-001,penunggang,O
000121-001,yang,O
000121-001,berhenti,O
000121-001,di,O
000121-001,bukit,O
000121-001,itu,O
000121-001,",""",O
000121-001,jawab,O
000121-001,Majdi,O
000121-001,Setelah,O
000121-001,mengisi,O
000121-001,kantong,O
000121-001,air,O
000121-001,",",O
000121-001,keduanya,O
000121-001,pun,O
000121-001,pergi,O
000121-001,.,O
000121-001,Abu,B_PERSON
000121-001,Sufyan,I_PERSON
000121-001,segera,O
000121-001,mendatangi,O
000121-001,tempat,O
000121-001,menderum,O
000121-001,onta,O
000121-001,dua,O
000121-001,orang,O
000121-001,yang,O
000121-001,dimaksudkan,O
000121-001,Majdi,O
000121-001,dan,O
000121-001,meneliti,O
000121-001,kotorannya,O
000121-001,",",O
000121-001,yang,O
000121-001,ternyata,O
000121-001,di,O
000121-001,sana,O
000121-001,ada,O
000121-001,biji-bijian,O
000121-001,yang,O
000121-001,masih,O
000121-001,utuh,O
000121-001,.,O
000121-001,Dia,O
000121-001,berkata,O
000121-001,",",O
000121-001,Demi,O
000121-001,Allah,O
000121-001,",",O
000121-001,ini,O
000121-001,adalah,O
000121-001,makanan,O
000121-001,hewan,O
000121-001,dari,O
000121-001,Yatsrib,B_LOCATION
000121-001,".""",O
000121-001,Secepat,O
000121-001,itu,O
000121-001,pula,O
000121-001,dia,O
000121-001,kembali,O
000121-001,menemui,O
000121-001,kafilahnya,O
000121-001,dan,O
000121-001,mengalihkan,O
000121-001,arah,O
000121-001,perjalanan,O
000121-001,menuju,O
000121-001,ke,O
000121-001,barat,O
000121-001,menuju,O
000121-001,pesisir,O
000121-001,pantai,O
000121-001,",",O
000121-001,tidak,O
000121-001,jadi,O
000121-001,mengambil,O
000121-001,jalan,O
000121-001,pokok,O
000121-001,yang,O
000121-001,melewati,O
000121-001,Badr,B_LOCATION
000121-001,",",O
000121-001,tepatnya,O
000121-001,ke,O
000121-001,arah,O
000121-001,kiri,O
000121-001,.,O
000121-001,Dengan,O
000121-001,cara,O
000121-001,itu,O
000121-001,kafilah,O
000121-001,Abu,B_PERSON
000121-001,Sufyan,I_PERSON
000121-001,bisa,O
000121-001,selamat,O
000121-001,dari,O
000121-001,hadangan,O
000121-001,pasukan,O
000121-001,Madinah,B_LOCATION
000121-001,lalu,O
000121-001,mengirim,O
000121-001,surat,O
000121-001,ke,O
000121-001,pasukan,O
000121-001,Makkah,B_LOCATION
000121-001,yang,O
000121-001,sudah,O
000121-001,tiba,O
000121-001,di,O
000121-001,Al-Juhfah,O
000121-001,.,O
000124-003,Kami,O
000124-003,sudah,O
000124-003,memberikan,O
000124-003,sumpah,O
000124-003,dan,O
000124-003,janji,O
000124-003,kami,O
000124-003,untuk,O
000124-003,patuh,O
000124-003,dan,O
000124-003,taat,O
000124-003,.,O
000124-003,Maka,O
000124-003,majulah,O
000124-003,terus,O
000124-003,wahai,O
000124-003,Rasulullah,B_PERSON
000124-003,seperti,O
000124-003,engkau,O
000124-003,kehendaki,O
000124-003,Demi,O
000124-003,yang,O
000124-003,mengutus,O
000124-003,engkau,O
000124-003,dengan,O
000124-003,kebenaran,O
000124-003,",",O
000124-003,andaikata,O
000124-003,engkau,O
000124-003,bersama,O
000124-003,kami,O
000124-003,terhalang,O
000124-003,lautan,O
000124-003,lalu,O
000124-003,engkau,O
000124-003,terjun,O
000124-003,ke,O
000124-003,dalam,O
000124-003,lautan,O
000124-003,itu,O
000124-003,",",O
000124-003,kami,O
000124-003,pun,O
000124-003,akan,O
000124-003,terjun,O
000124-003,bersama,O
000124-003,engkau,O
000124-003,.,O
000124-003,Tak,O
000124-003,seorang,O
000124-003,pun,O
000124-003,di,O
000124-003,antara,O
000124-003,kami,O
000124-003,yang,O
000124-003,akan,O
000124-003,mundur,O
000124-003,.,O
000124-003,Kami,O
000124-003,sedang,O
000124-003,jika,O
000124-003,besok,O
000124-003,engkau,O
000124-003,berhadapan,O
000124-003,dengan,O
000124-003,musuh,O
000124-003,bersama,O
000124-003,kami,O
000124-003,Sesungguhnya,O
000124-003,kami,O
000124-003,dikenal,O
000124-003,orang-orang,O
000124-003,yang,O
000124-003,sabar,O
000124-003,dalam,O
000124-003,peperangan,O
000124-003,dan,O
000124-003,jujur,O
000124-003,dalam,O
000124-003,pertempuran,O
000124-003,.,O
000124-003,Semoga,O
000124-003,Allah,O
000124-003,memperlihatkan,O
000124-003,kepadamu,O
000124-003,tentang,O
000124-003,diri,O
000124-003,kami,O
000124-003,",",O
000124-003,apa,O
000124-003,yang,O
000124-003,engkau,O
000124-003,senangi,O
000124-003,.,O
000124-003,Maka,O
000124-003,majulah,O
000124-003,bersama,O
000124-003,kami,O
000124-003,dengan,O
000124-003,barakah,O
000124-003,Allah,O
000124-003,".""",O
000124-003,Dalam,O
000124-003,suatu,O
000124-003,riwayat,O
000124-003,disebutkan,O
000124-003,bahwa,O
000124-003,Sa'd,B_PERSON
000124-003,bin,I_PERSON
000124-003,Mu'adz,I_PERSON
000124-003,berkata,O
000124-003,kepada,O
000124-003,Rasulullah,B_PERSON
000124-003,",""",O
000124-003,Boleh,O
000124-003,jadi,O
000124-003,engkau,O
000124-003,khawatir,O
000124-003,orang-orang,O
000124-003,Anshar,O
000124-003,hanya,O
000124-003,berpegang,O
000124-003,kepada,O
000124-003,hak,O
000124-003,mereka,O
000124-003,untuk,O
000124-003,tidak,O
000124-003,menolongmu,O
000124-003,kecuali,O
000124-003,di,O
000124-003,tengah,O
000124-003,perkampungan,O
000124-003,mereka,O
000124-003,.,O
000124-003,Sesungguhnya,O
000124-003,aku,O
000124-003,berbicara,O
000124-003,dan,O
000124-003,memberi,O
000124-003,jawaban,O
000124-003,atas,O
000124-003,nama,O
000124-003,orang-orang,O
000124-003,Anshar,O
000124-003,.,O
000124-003,Maka,O
000124-003,dari,O
000124-003,itu,O
000124-003,majulah,O
000124-003,seperti,O
000124-003,engkau,O
000124-003,kehendaki,O
000124-003,sambunglah,O
000124-003,tali,O
000124-003,siapa,O
000124-003,pun,O
000124-003,yang,O
000124-003,engkau,O
000124-003,kehendaki,O
000124-003,",",O
000124-003,putuslah,O
000124-003,tali,O
000124-003,siapa,O
000124-003,pun,O
000124-003,yang,O
000124-003,engkau,O
000124-003,kehendaki,O
000124-003,",",O
000124-003,ambillah,O
000124-003,dari,O
000124-003,harta,O
000124-003,kami,O
000124-003,menurut,O
000124-003,kehendak,O
000124-003,engkau,O
000124-003,",",O
000124-003,berikanlah,O
000124-003,kepada,O
000124-003,kami,O
000124-003,menurut,O
000124-003,kehendak,O
000124-003,engkau,O
000124-003,.,O
000124-003,Apa,O
000124-003,pun,O
000124-003,yang,O
000124-003,engkau,O
000124-003,ambil,O
000124-003,dari,O
000124-003,kami,O
000124-003,",",O
000124-003,maka,O
000124-003,itu,O
000124-003,lebih,O
000124-003,kami,O
000124-003,sukai,O
000124-003,daripada,O
000124-003,apa,O
000124-003,yang,O
000124-003,engkau,O
000124-003,tinggalkan,O
000124-003,bagi,O
000124-003,kami,O
000124-003,.,O
000124-003,Apa,O
000124-003,pun,O
000124-003,yang,O
000124-003,engkau,O
000124-003,perintahkan,O
000124-003,",",O
000124-003,maka,O
000124-003,urusan,O
000124-003,kami,O
000124-003,hanyalah,O
000124-003,mengikuti,O
000124-003,perintah,O
000124-003,engkau,O
000124-003,.,O
000124-003,Demi,O
000124-003,Allah,O
000124-003,",",O
000124-003,jika,O
000124-003,engkau,O
000124-003,maju,O
000124-003,hingga,O
000124-003,mencapai,O
000124-003,dasar,O
000124-003,sumur,O
000124-003,yang,O
000124-003,gelap,O
000124-003,",",O
000124-003,tentu,O
000124-003,kami,O
000124-003,akan,O
000124-003,maju,O
000124-003,bersama,O
000124-003,engkau,O
000124-003,.,O
000125-001,Dari,O
000125-001,sana,O
000125-001,beliau,O
000125-001,melakukan,O
000125-001,kegiatan,O
000125-001,mata-mata,O
000125-001,sendiri,O
000125-001,bersama,O
000125-001,sahabat,O
000125-001,karib,O
000125-001,beliau,O
000125-001,di,O
000125-001,dalam,O
000125-001,gua,O
000125-001,",",O
000125-001,Abu,B_PERSON
000125-001,Bakar,I_PERSON
000125-001,Ash-Shiddiq,I_PERSON
000125-001,.,O
000125-001,Tatkala,O
000125-001,beliau,O
000125-001,sedang,O
000125-001,berputar-putar,O
000125-001,di,O
000125-001,sekitar,O
000125-001,pasukan,O
000125-001,Makkah,B_LOCATION
000125-001,",",O
000125-001,tiba-tiba,O
000125-001,beliau,O
000125-001,berpapasan,O
000125-001,dengan,O
000125-001,seorang,O
000125-001,Arab,O
000125-001,yang,O
000125-001,sudah,O
000125-001,tua,O
000125-001,.,O
000125-001,Beliau,O
000125-001,bertanya,O
000125-001,kepadanya,O
000125-001,tentang,O
000125-001,pasukan,O
000125-001,Quraisy,O
000125-001,dan,O
000125-001,Muhammad,B_PERSON
000125-001,.,O
000125-001,Beliau,O
000125-001,menany,O
000125-001,akan,O
000125-001,kedua,O
000125-001,pasukan,O
000125-001,untuk,O
000125-001,penyamaran,O
000125-001,.,O
000125-001,"""",O
000125-001,Aku,O
000125-001,tidak,O
000125-001,akan,O
000125-001,memberitahukan,O
000125-001,kepada,O
000125-001,kalian,O
000125-001,sebelum,O
000125-001,kalian,O
000125-001,mem-,O
000125-001,beritahukan,O
000125-001,kepadaku,O
000125-001,",",O
000125-001,dari,O
000125-001,mana,O
000125-001,asal,O
000125-001,kalian,O
000125-001,berdua,O
000125-001,",""",O
000125-001,kata,O
000125-001,orang,O
000125-001,tua,O
000125-001,itu,O
000125-001,.,O
000125-001,"""",O
000125-001,Beritahukan,O
000125-001,kepada,O
000125-001,kami,O
000125-001,",",O
000125-001,nanti,O
000125-001,akan,O
000125-001,kami,O
000125-001,beritahukan,O
000125-001,kepadamu,O
000125-001,dari,O
000125-001,mana,O
000125-001,asal,O
000125-001,kami,O
000125-001,",""",O
000125-001,sabda,O
000125-001,beliau,O
000125-001,.,O
000125-001,"""",O
000125-001,Jadi,O
000125-001,begitukah,O
000125-001,"?""",O
000125-001,tanya,O
000125-001,orang,O
000125-001,tua,O
000125-001,itu,O
000125-001,.,O
000125-001,"""",O
000125-001,Benar,O
000125-001,",""",O
000125-001,jawab,O
000125-001,beliau,O
000125-001,.,O
000125-001,"""",O
000125-001,Menurut,O
000125-001,informasi,O
000125-001,yang,O
000125-001,kudengar,O
000125-001,",",O
000125-001,Muhammad,B_PERSON
000125-001,dan,O
000125-001,rekan-rekannya,O
000125-001,berangkat,O
000125-001,pada,O
000125-001,hari,O
000125-001,ini,O
000125-001,.,O
000125-001,Jika,O
000125-001,informasi,O
000125-001,itu,O
000125-001,benar,O
000125-001,",",O
000125-001,berarti,O
000125-001,pada,O
000125-001,hari,O
000125-001,ini,O
000125-001,dia,O
000125-001,sudah,O
000125-001,tiba,O
000125-001,di,O
000125-001,tempat,O
000125-001,ini,O
000125-001,(,O
000125-001,tepat,O
000125-001,di,O
000125-001,tempat,O
000125-001,pemberhentian,O
000125-001,pasukan,O
000125-001,Madinah,B_LOCATION
000125-001,).,O
000125-001,Menurut,O
000125-001,informasi,O
000125-001,yang,O
000125-001,kudengar,O
000125-001,",",O
000125-001,Quraisy,O
000125-001,berangkat,O
000125-001,pada,O
000125-001,hari,O
000125-001,ini,O
000125-001,.,O
000125-001,Jika,O
000125-001,informasi,O
000125-001,ini,O
000125-001,benar,O
000125-001,",",O
000125-001,berarti,O
000125-001,mereka,O
000125-001,sudah,O
000125-001,tiba,O
000125-001,di,O
000125-001,tempat,O
000125-001,ini,O
000125-001,(,O
000125-001,tepat,O
000125-001,di,O
000125-001,tempat,O
000125-001,pemberhentian,O
000125-001,pasukan,O
000125-001,Makkah,B_LOCATION
000125-001,").""",O
000125-001,Setelah,O
000125-001,itu,O
000125-001,dia,O
000125-001,bertanya,O
000125-001,",",O
000125-001,"""",O
000125-001,Lalu,O
000125-001,dari,O
000125-001,mana,O
000125-001,asal,O
000125-001,kalian,O
000125-001,berdua,O
000125-001,"?""",O
000125-001,Beliau,O
000125-001,menjawab,O
000125-001,",",O
000125-001,"""",O
000125-001,Kami,O
000125-001,berasal,O
000125-001,dari,O
000125-001,setetes,O
000125-001,air,O
000125-001,".""",O
000125-001,Setelah,O
000125-001,itu,O
000125-001,beliau,O
000125-001,beranjak,O
000125-001,pergi,O
000125-001,",",O
000125-001,meninggalkan,O
000125-001,orang,O
000125-001,tua,O
000125-001,itu,O
000125-001,terlongong,O
000125-001,keheranan,O
000125-001,",",O
000125-001,"""",O
000125-001,Dari,O
000125-001,setetes,O
000125-001,air,O
000125-001,yang,O
000125-001,mana,O
000125-001,?,O
000125-001,Ataukah,O
000125-001,dari,O
000125-001,setetes,O
000125-001,air,O
000125-001,di,O
000125-001,Irak,B_LOCATION
000125-001,"?""",O
000127-001,Rasulullah,B_PERSON
000127-001,membawa,O
000127-001,pasukannya,O
000127-001,ke,O
000127-001,mata,O
000127-001,air,O
000127-001,Badr,B_LOCATION
000127-001,agar,O
000127-001,bisa,O
000127-001,mendahului,O
000127-001,pasukan,O
000127-001,orang-orang,O
000127-001,Quraisy,O
000127-001,",",O
000127-001,sehingga,O
000127-001,mereka,O
000127-001,bisa,O
000127-001,menghalangi,O
000127-001,orang-orang,O
000127-001,Quraisy,O
000127-001,untuk,O
000127-001,menguasai,O
000127-001,mata,O
000127-001,air,O
000127-001,itu,O
000127-001,.,O
000127-001,Maka,O
000127-001,pada,O
000127-001,petang,O
000127-001,hari,O
000127-001,mereka,O
000127-001,sudah,O
000127-001,tiba,O
000127-001,di,O
000127-001,dekat,O
000127-001,mata,O
000127-001,air,O
000127-001,Badr,B_LOCATION
000127-001,.,O
000127-001,Di,O
000127-001,sinilah,O
000127-001,Al-Hubab,B_PERSON
000127-001,bin,I_PERSON
000127-001,Al-Mundzir,I_PERSON
000127-001,tampil,O
000127-001,layaknya,O
000127-001,seorang,O
000127-001,penasihat,O
000127-001,militer,O
000127-001,",",O
000127-001,seraya,O
000127-001,bertanya,O
000127-001,",",O
000127-001,"""",O
000127-001,Wahai,O
000127-001,Rasulullah,B_PERSON
000127-001,",",O
000127-001,bagaimana,O
000127-001,pendapat,O
000127-001,engkau,O
000127-001,tentang,O
000127-001,keputusan,O
000127-001,berhenti,O
000127-001,di,O
000127-001,tempat,O
000127-001,ini,O
000127-001,?,O
000127-001,Apakah,O
000127-001,ini,O
000127-001,tempat,O
000127-001,berhenti,O
000127-001,yang,O
000127-001,diturunkan,O
000127-001,Allah,O
000127-001,kepada,O
000127-001,engkau,O
000127-001,?,O
000127-001,Jika,O
000127-001,begitu,O
000127-001,keadaannya,O
000127-001,",",O
000127-001,maka,O
000127-001,tidak,O
000127-001,ada,O
000127-001,pilihan,O
000127-001,bagi,O
000127-001,kami,O
000127-001,maju,O
000127-001,atau,O
000127-001,mundur,O
000127-001,dari,O
000127-001,tempat,O
000127-001,ini,O
000127-001,.,O
000127-001,Ataukah,O
000127-001,in,O
000127-001,sekedar,O
000127-001,pendapat,O
000127-001,",",O
000127-001,siasat,O
000127-001,",",O
000127-001,dan,O
000127-001,taktik,O
000127-001,perang,O
000127-001,"?""",O
000127-001,Beliau,O
000127-001,menjawab,O
000127-001,",",O
000127-001,"""",O
000127-001,Ini,O
000127-001,adalah,O
000127-001,pendapatku,O
000127-001,",",O
000127-001,siasat,O
000127-001,",",O
000127-001,dan,O
000127-001,taktik,O
000127-001,perang,O
000127-001,".""",O
000127-001,Dia,O
000127-001,berkata,O
000127-001,",",O
000127-001,"""",O
000127-001,Wahai,O
000127-001,Rasulullah,B_PERSON
000127-001,",",O
000127-001,menurutku,O
000127-001,tidak,O
000127-001,tepat,O
000127-001,jika,O
000127-001,kita,O
000127-001,berhenti,O
000127-001,di,O
000127-001,sini,O
000127-001,.,O
000127-001,Pindahkanlah,O
000127-001,orang-orang,O
000127-001,ke,O
000127-001,tempat,O
000127-001,yang,O
000127-001,lebih,O
000127-001,dekat,O
000127-001,lagi,O
000127-001,dengan,O
000127-001,mata,O
000127-001,air,O
000127-001,daripada,O
000127-001,mereka,O
000127-001,(,O
000127-001,orang-orang,O
000127-001,musyrik,O
000127-001,Makkah,B_LOCATION
000127-001,).,O
000127-001,Kita,O
000127-001,berhenti,O
000127-001,di,O
000127-001,tempat,O
000127-001,itu,O
000127-001,dan,O
000127-001,kita,O
000127-001,timbun,O
000127-001,kolam-kolam,O
000127-001,di,O
000127-001,belakang,O
000127-001,mereka,O
000127-001,",",O
000127-001,lalu,O
000127-001,kita,O
000127-001,buat,O
000127-001,kolam,O
000127-001,yang,O
000127-001,kita,O
000127-001,isi,O
000127-001,air,O
000127-001,hingga,O
000127-001,penuh,O
000127-001,.,O
000127-001,Setelah,O
000127-001,itu,O
000127-001,kita,O
000127-001,berperang,O
000127-001,menghadapi,O
000127-001,mereka,O
000127-001,.,O
000127-001,Kita,O
000127-001,bisa,O
000127-001,minum,O
000127-001,dan,O
000127-001,mereka,O
000127-001,tidak,O
000127-001,bisa,O
000127-001,".""",O
000127-001,Beliau,O
000127-001,bersabda,O
000127-001,",",O
000127-001,"""",O
000127-001,Engkau,O
000127-001,telah,O
000127-001,menyampaikan,O
000127-001,pendapat,O
000127-001,yang,O
000127-001,jitu,O
000127-001,".""",O
000127-001,Maka,O
000127-001,Rasulullah,B_PERSON
000127-001,memindahkan,O
000127-001,pasukannya,O
000127-001,",",O
000127-001,sehingga,O
000127-001,jarak,O
000127-001,mereka,O
000127-001,dengan,O
000127-001,mata,O
000127-001,air,O
000127-001,lebih,O
000127-001,dekat,O
000127-001,lagi,O
000127-001,daripada,O
000127-001,pihak,O
000127-001,musuh,O
000127-001,.,O
000127-001,Separoh,O
000127-001,malam,O
000127-001,mereka,O
000127-001,berada,O
000127-001,di,O
000127-001,tempat,O
000127-001,itu,O
000127-001,",",O
000127-001,lalu,O
000127-001,mereka,O
000127-001,membuat,O
000127-001,sebuah,O
000127-001,kolom,O
000127-001,air,O
000127-001,dan,O
000127-001,menimbun,O
000127-001,kolam-kolam,O
000127-001,yang,O
000127-001,lain,O
000127-001,.,O
000127-001,Tatkala,O
000127-001,orang-orang,O
000127-001,Muslim,O
000127-001,sudah,O
000127-001,berhenti,O
000127-001,di,O
000127-001,tempat,O
000127-001,yang,O
000127-001,dimaksudkan,O
000127-001,.,O
000130-001,Setelah,O
000130-001,dua,O
000130-001,pasukan,O
000130-001,saling,O
000130-001,mengintai,O
000130-001,",",O
000130-001,maka,O
000130-001,Rasulullah,B_PERSON
000130-001,bersabda,O
000130-001,.,O
000130-001,"""",O
000130-001,Ya,O
000130-001,Allah,O
000130-001,",",O
000130-001,ini,O
000130-001,Quraisy,O
000130-001,yang,O
000130-001,datang,O
000130-001,dengan,O
000130-001,kecongkakan,O
000130-001,dan,O
000130-001,kesom-,O
000130-001,bongannya,O
000130-001,",",O
000130-001,yang,O
000130-001,memusuhi-Mu,O
000130-001,dan,O
000130-001,mendustakan,O
000130-001,Rasul-Mu,O
000130-001,.,O
000130-001,Ya,O
000130-001,Allah,O
000130-001,",",O
000130-001,yang,O
000130-001,kuharapkan,O
000130-001,adalah,O
000130-001,pertolongan-Mu,O
000130-001,seperti,O
000130-001,yang,O
000130-001,telah,O
000130-001,Engkau,O
000130-001,janjikan,O
000130-001,kepadaku,O
000130-001,.,O
000130-001,Ya,O
000130-001,Allah,O
000130-001,",",O
000130-001,binasakanlah,O
000130-001,mereka,O
000130-001,pagi,O
000130-001,ini,O
000130-001,!,O
000130-001,"""",O
000130-001,Tatkala,O
000130-001,Rasulullah,B_PERSON
000130-001,sedang,O
000130-001,meluruskan,O
000130-001,barisan,O
000130-001,orang-orang,O
000130-001,Muslim,O
000130-001,",",O
000130-001,tiba-,O
000130-001,tiba,O
000130-001,ada,O
000130-001,kejadian,O
000130-001,lucu,O
000130-001,.,O
000130-001,Saat,O
000130-001,itu,O
000130-001,Sawad,B_PERSON
000130-001,bin,I_PERSON
000130-001,Ghaziyyah,I_PERSON
000130-001,bergeser,O
000130-001,dari,O
000130-001,barisannya,O
000130-001,.,O
000130-001,Maka,O
000130-001,beliau,O
000130-001,memukulnya,O
000130-001,dengan,O
000130-001,anak,O
000130-001,panah,O
000130-001,agar,O
000130-001,meluruskan,O
000130-001,barisan,O
000130-001,",",O
000130-001,sambil,O
000130-001,bersabda,O
000130-001,",",O
000130-001,"""",O
000130-001,Luruskan,O
000130-001,barisanmu,O
000130-001,wahai,O
000130-001,Sawad,O
000130-001,"!""",O
000130-001,Sawad,O
000130-001,menjawab,O
000130-001,",",O
000130-001,"""",O
000130-001,Wahai,O
000130-001,Rasulullah,B_PERSON
000130-001,",",O
000130-001,engkau,O
000130-001,telah,O
000130-001,membuatku,O
000130-001,sakit,O
000130-001,Maka,O
000130-001,beri,O
000130-001,kesempatan,O
000130-001,kepadaku,O
000130-001,untuk,O
000130-001,membalasnya,O
000130-001,".""",O
000130-001,Maka,O
000130-001,beliau,O
000130-001,menyingkap,O
000130-001,baju,O
000130-001,di,O
000130-001,bagian,O
000130-001,perutnya,O
000130-001,seraya,O
000130-001,bersabda,O
000130-001,",",O
000130-001,Kalau,O
000130-001,begitu,O
000130-001,balaslah,O
000130-001,"!""",O
000130-001,Maka,O
000130-001,Sawad,O
000130-001,langsung,O
000130-001,memeluk,O
000130-001,perut,O
000130-001,beliau,O
000130-001,.,O
000130-001,Beliau,O
000130-001,bertanya,O
000130-001,",",O
000130-001,"""",O
000130-001,Ada,O
000130-001,apa,O
000130-001,kamu,O
000130-001,ini,O
000130-001,wahai,O
000130-001,Sawad,O
000130-001,"?""",O
000130-001,Sawad,O
000130-001,menjawab,O
000130-001,",",O
000130-001,"""",O
000130-001,Wahai,O
000130-001,Rasulullah,B_PERSON
000130-001,",",O
000130-001,telah,O
000130-001,datang,O
000130-001,apa,O
000130-001,yang,O
000130-001,engkau,O
000130-001,lihat,O
000130-001,saat,O
000130-001,ini,O
000130-001,.,O
000130-001,Sejak,O
000130-001,lama,O
000130-001,aku,O
000130-001,ingin,O
000130-001,agar,O
000130-001,kulitku,O
000130-001,dapat,O
000130-001,bersentuhan,O
000130-001,dengan,O
000130-001,kulit,O
000130-001,engkau,O
000130-001,pada,O
000130-001,saat-saat,O
000130-001,terakhir,O
000130-001,aku,O
000130-001,hidup,O
000130-001,bersama,O
000130-001,engkau,O
000130-001,".""",O
000130-001,Lalu,O
000130-001,beliau,O
000130-001,mendoakan,O
000130-001,kebaikan,O
000130-001,baginya,O
000130-001,.,O
000130-001,Seusai,O
000130-001,meluruskan,O
000130-001,dan,O
000130-001,menata,O
000130-001,barisan,O
000130-001,",",O
000130-001,beliau,O
000130-001,mengeluarkan,O
000130-001,perintah,O
000130-001,agar,O
000130-001,pasukan,O
000130-001,tidak,O
000130-001,memulai,O
000130-001,pertempuran,O
000130-001,sebelum,O
000130-001,mendapat,O
000130-001,perintah,O
000130-001,yang,O
000130-001,terakhir,O
000130-001,dari,O
000130-001,beliau,O
000130-001,.,O
000130-001,Beliau,O
000130-001,juga,O
000130-001,menyampaikan,O
000130-001,beberapa,O
000130-001,petunjuk,O
000130-001,khusus,O
000130-001,tentang,O
000130-001,peperangan,O
000130-001,",",O
000130-001,dengan,O
000130-001,bersabda,O
000130-001,",",O
000130-001,"""",O
000130-001,Jika,O
000130-001,kalian,O
000130-001,merasa,O
000130-001,jumlah,O
000130-001,musuh,O
000130-001,terlalu,O
000130-001,besar,O
000130-001,",",O
000130-001,maka,O
000130-001,lepaskanlah,O
000130-001,anak,O
000130-001,panah,O
000130-001,kepada,O
000130-001,mereka,O
000130-001,.,O
000130-002,Beliau,O
000130-002,juga,O
000130-002,menyampaikan,O
000130-002,beberapa,O
000130-002,petunjuk,O
000130-002,khusus,O
000130-002,tentang,O
000130-002,peperangan,O
000130-002,",",O
000130-002,dengan,O
000130-002,bersabda,O
000130-002,",",O
000130-002,"""",O
000130-002,Jika,O
000130-002,kalian,O
000130-002,merasa,O
000130-002,jumlah,O
000130-002,musuh,O
000130-002,terlalu,O
000130-002,besar,O
000130-002,",",O
000130-002,maka,O
000130-002,lepaskanlah,O
000130-002,anak,O
000130-002,panah,O
000130-002,kepada,O
000130-002,mereka,O
000130-002,.,O
000130-002,Dahuluilah,O
000130-002,mereka,O
000130-002,dalam,O
000130-002,melepaskan,O
000130-002,anak,O
000130-002,panah,O
000130-002,.,O
000130-002,Kalian,O
000130-002,tidak,O
000130-002,perlu,O
000130-002,terburu-buru,O
000130-002,menghunus,O
000130-002,pedang,O
000130-002,kecuali,O
000130-002,setelah,O
000130-002,mereka,O
000130-002,dekat,O
000130-002,dengan,O
000130-002,kalian,O
000130-002,".""",O
000130-002,Setelah,O
000130-002,itu,O
000130-002,beliau,O
000130-002,kembali,O
000130-002,lagi,O
000130-002,ke,O
000130-002,tenda,O
000130-002,bersama,O
000130-002,Abu,B_PERSON
000130-002,Bakar,I_PERSON
000130-002,.,O
000130-002,Sementara,O
000130-002,Sa'd,B_PERSON
000130-002,bin,I_PERSON
000130-002,Mu'adz,I_PERSON
000130-002,bertanggung,O
000130-002,jawab,O
000130-002,memimpin,O
000130-002,satuan,O
000130-002,pasukan,O
000130-002,yang,O
000130-002,bertugas,O
000130-002,melindungi,O
000130-002,beliau,O
000130-002,.,O
000130-002,Ternyata,O
000130-002,pada,O
000130-002,hari,O
000130-002,itu,O
000130-002,Abu,B_PERSON
000130-002,Jahl,I_PERSON
000130-002,juga,O
000130-002,mencari-cari,O
000130-002,keputusan,O
000130-002,dari,O
000130-002,Allah,O
000130-002,dan,O
000130-002,mengharapkan,O
000130-002,kemenangan,O
000130-002,",",O
000130-002,seraya,O
000130-002,berkata,O
000130-002,",",O
000130-002,"""",O
000130-002,Ya,O
000130-002,Allah,O
000130-002,",",O
000130-002,apakah,O
000130-002,kami,O
000130-002,harus,O
000130-002,memutuskan,O
000130-002,tali,O
000130-002,kekerabatan,O
000130-002,dan,O
000130-002,menanggung,O
000130-002,akibat,O
000130-002,yang,O
000130-002,belum,O
000130-002,kami,O
000130-002,ketahui,O
000130-002,secara,O
000130-002,pasti,O
000130-002,?,O
000130-002,Maka,O
000130-002,hancurkanlah,O
000130-002,dia,O
000130-002,pada,O
000130-002,pagi,O
000130-002,ini,O
000130-002,.,O
000130-002,Ya,O
000130-002,Allah,O
000130-002,",",O
000130-002,siapakah,O
000130-002,yang,O
000130-002,lebih,O
000130-002,Engkau,O
000130-002,cintai,O
000130-002,dan,O
000130-002,lebih,O
000130-002,Engkau,O
000130-002,ridhai,O
000130-002,di,O
000130-002,sisi-Mu,O
000130-002,",",O
000130-002,maka,O
000130-002,berilah,O
000130-002,ia,O
000130-002,kemenangan,O
000130-002,pada,O
000130-002,hari,O
000130-002,ini,O
000130-002,".""",O
000130-002,Tentang,O
000130-002,perkataan,O
000130-002,Abu,B_PERSON
000130-002,Jahl,I_PERSON
000130-002,ini,O
000130-002,",",O
000130-002,Allah,O
000130-002,telah,O
000130-002,berfirman,O
000130-002,.,O
000130-002,"""",O
000130-002,Jika,O
000130-002,kalian,O
000130-002,(,O
000130-002,orang-orang,O
000130-002,musyrik,O
000130-002,),O
000130-002,mencari,O
000130-002,keputusan,O
000130-002,",",O
000130-002,maka,O
000130-002,telah,O
000130-002,datang,O
000130-002,keputusan,O
000130-002,kepada,O
000130-002,kalian,O
000130-002,;,O
000130-002,dan,O
000130-002,jika,O
000130-002,kalian,O
000130-002,berhenti,O
000130-002,",",O
000130-002,maka,O
000130-002,itulah,O
000130-002,yang,O
000130-002,lebih,O
000130-002,baik,O
000130-002,bagi,O
000130-002,kalian,O
000130-002,;,O
000130-002,dan,O
000130-002,jika,O
000130-002,kalian,O
000130-002,kembali,O
000130-002,",",O
000130-002,niscaya,O
000130-002,Kami,O
000130-002,kembali,O
000130-002,(,O
000130-002,pula,O
000130-002,),O
000130-002,dan,O
000130-002,angkatan,O
000130-002,perang,O
000130-002,kalian,O
000130-002,sekali-kali,O
000130-002,tidak,O
000130-002,akan,O
000130-002,dapat,O
000130-002,menolak,O
000130-002,kalian,O
000130-002,dari,O
000130-002,sesuatu,O
000130-002,bahaya,O
000130-002,pun,O
000130-002,",",O
000130-002,biarpun,O
000130-002,dia,O
000130-002,banyak,O
000130-002,dan,O
000130-002,sesungguhnya,O
000130-002,Allah,O
000130-002,beserta,O
000130-002,orang-orang,O
000130-002,yang,O
000130-002,beriman,O
000130-002,".""",O
000130-002,(,O
000130-002,Al-Anfal,O
000130-002,:,O
000130-002,19,O
000130-002,),O
000132-002,Kelak,O
000132-002,akan,O
000132-002,Aku,O
000132-002,jatuhkan,O
000132-002,rasa,O
000132-002,ketakutan,O
000132-002,ke,O
000132-002,dalam,O
000132-002,hati,O
000132-002,orang-orang,O
000132-002,kafir,O
000132-002,.,O
000132-002,"""",O
000132-002,(,O
000132-002,Al-Anfal,O
000132-002,:,O
000132-002,12,O
000132-002,Lalu,O
000132-002,Allah,O
000132-002,mewahyukan,O
000132-002,kepada,O
000132-002,Rasulullah,B_PERSON
000132-002,"""",O
000132-002,Sesungguhnya,O
000132-002,Aku,O
000132-002,akan,O
000132-002,mendatangkan,O
000132-002,bala,O
000132-002,bantuan,O
000132-002,kepada,O
000132-002,kalian,O
000132-002,dengan,O
000132-002,seribu,O
000132-002,malaikat,O
000132-002,yang,O
000132-002,datang,O
000132-002,berturut-turut,O
000132-002,.,O
000132-002,"""",O
000132-002,(,O
000132-002,Al-Anfal,O
000132-002,:,O
000132-002,9,O
000132-002,),O
000132-002,Artinya,O
000132-002,",",O
000132-002,para,O
000132-002,malaikat,O
000132-002,itu,O
000132-002,datang,O
000132-002,secara,O
000132-002,bergelombang,O
000132-002,",",O
000132-002,sebagian,O
000132-002,datang,O
000132-002,lalu,O
000132-002,disusul,O
000132-002,sebagian,O
000132-002,yang,O
000132-002,lain,O
000132-002,",",O
000132-002,tidak,O
000132-002,datang,O
000132-002,serentak,O
000132-002,dalam,O
000132-002,satu,O
000132-002,waktu,O
000134-003,155,O
000134-003,Haizum,O
000134-003,adalah,O
000134-003,nama,O
000134-003,kuda,O
000134-003,Jibril,B_PERSON
000134-003,.,O
000134-003,Ada,O
000134-003,yang,O
000134-003,berpendapat,O
000134-003,",",O
000134-003,namanya,O
000134-003,adalah,O
000134-003,Jzizum,O
000134-003,",",O
000134-003,pent,O
000134-003,.,O
000134-003,Anshar,O
000134-003,yang,O
000134-003,melihat,O
000134-003,kejadian,O
000134-003,ini,O
000134-003,menuturkannya,O
000134-003,kepada,O
000134-003,Rasulullah,B_PERSON
000134-003,.,O
000134-003,Maka,O
000134-003,beliau,O
000134-003,bersabda,O
000134-003,",",O
000134-003,Engkau,O
000134-003,benar,O
000134-003,.,O
000134-003,Itulah,O
000134-003,pertolongan,O
000134-003,dari,O
000134-003,langit,O
000134-003,yang,O
000134-003,Abu,B_PERSON
000134-003,Dawud,I_PERSON
000134-003,Al-Mazini,O
000134-003,berkata,O
000134-003,",",O
000134-003,"""",O
000134-003,Selagi,O
000134-003,aku,O
000134-003,mengejar,O
000134-003,salah,O
000134-003,seorang,O
000134-003,musyrikin,O
000134-003,untuk,O
000134-003,menebasnya,O
000134-003,",",O
000134-003,tiba-tiba,O
000134-003,kepalanya,O
000134-003,sudah,O
000134-003,tertebas,O
000134-003,sebelum,O
000134-003,pedangku,O
000134-003,mengenainya,O
000134-003,.,O
000134-003,Aku,O
000134-003,sadar,O
000134-003,bahwa,O
000134-003,rupanya,O
000134-003,dia,O
000134-003,telah,O
000134-003,dibunuh,O
000134-003,seseorang,O
000134-003,selain,O
000134-003,diriku,O
000134-003,".""",O
000134-003,Ada,O
000134-003,seorang,O
000134-003,Anshar,O
000134-003,datang,O
000134-003,membawa,O
000134-003,Al-Abbas,B_PERSON
000134-003,bin,I_PERSON
000134-003,Abdul,I_PERSON
000134-003,Muththalib,I_PERSON
000134-003,sebagai,O
000134-003,tawanan,O
000134-003,.,O
000134-003,Al-Abbas,B_PERSON
000134-003,berkata,O
000134-003,",",O
000134-003,"""",O
000134-003,Demi,O
000134-003,Allah,O
000134-003,",",O
000134-003,bukan,O
000134-003,orang,O
000134-003,ini,O
000134-003,yang,O
000134-003,tadi,O
000134-003,menawanku,O
000134-003,.,O
000134-003,Tadi,O
000134-003,aku,O
000134-003,ditawan,O
000134-003,seorang,O
000134-003,laki-laki,O
000134-003,botak,O
000134-003,yang,O
000134-003,wajahnya,O
000134-003,sangat,O
000134-003,tampan,O
000134-003,menunggu,O
000134-003,seekor,O
000134-003,kuda,O
000134-003,yang,O
000134-003,gagah,O
000134-003,.,O
000134-003,Aku,O
000134-003,tidak,O
000134-003,pernah,O
000134-003,melihatnya,O
000134-003,ada,O
000134-003,di,O
000134-003,tengah-tengah,O
000134-003,mereka,O
000134-003,".""",O
000134-003,Orang,O
000134-003,Anshar,O
000134-003,itu,O
000134-003,menyahut,O
000134-003,",",O
000134-003,"""",O
000134-003,Akulah,O
000134-003,yang,O
000134-003,telah,O
000134-003,menawannya,O
000134-003,wahai,O
000134-003,Rasulullah,B_PERSON
000134-003,".""",O
000134-003,Beliau,O
000134-003,bersabda,O
000134-003,",",O
000134-003,"""",O
000134-003,Diamlah,O
000134-003,kau,O
000134-003,",",O
000134-003,karena,O
000134-003,Allah,O
000134-003,telah,O
000134-003,membantumu,O
000134-003,dengan,O
000134-003,seorang,O
000134-003,malaikat,O
000134-003,yang,O
000134-003,mulia,O
000134-003,".""",O
000137-002,Kulihat,O
000137-002,ada,O
000137-002,dua,O
000137-002,pemuda,O
000137-002,yang,O
000137-002,masih,O
000137-002,belia,O
000137-002,.,O
000137-002,Aku,O
000137-002,tidak,O
000137-002,berani,O
000137-002,menjamin,O
000137-002,keselamatan,O
000137-002,keduanya,O
000137-002,saat,O
000137-002,itu,O
000137-002,.,O
000137-002,Salah,O
000137-002,seorang,O
000137-002,di,O
000137-002,antara,O
000137-002,mereka,O
000137-002,bertanya,O
000137-002,dengan,O
000137-002,berbisik-,O
000137-002,bisik,O
000137-002,kepadaku,O
000137-002,",",O
000137-002,Wahai,O
000137-002,paman,O
000137-002,",",O
000137-002,tunjukkan,O
000137-002,kepadaku,O
000137-002,mana,O
000137-002,yang,O
000137-002,namanya,O
000137-002,Abu,B_PERSON
000137-002,Jahal,I_PERSON
000137-002,!,O
000137-002,"""",O
000137-002,Wahai,O
000137-002,keponakkanku,O
000137-002,",",O
000137-002,apa,O
000137-002,yang,O
000137-002,hendak,O
000137-002,engkau,O
000137-002,lakukan,O
000137-002,terhadap,O
000137-002,dirinya?',O
000137-002,tanyaku,O
000137-002,.,O
000137-002,"""",O
000137-002,Kudengar,O
000137-002,dia,O
000137-002,suka,O
000137-002,mencaci,O
000137-002,maki,O
000137-002,Rasulullah,B_PERSON
000137-002,",""",O
000137-002,jawabnya,O
000137-002,.,O
000137-002,Lalu,O
000137-002,dia,O
000137-002,berkata,O
000137-002,lagi,O
000137-002,",",O
000137-002,"""",O
000137-002,Demi,O
000137-002,yang,O
000137-002,diriku,O
000137-002,ada,O
000137-002,di,O
000137-002,tangan-Nya,O
000137-002,",",O
000137-002,jika,O
000137-002,aku,O
000137-002,sudah,O
000137-002,melihatnya,O
000137-002,.,O
000137-002,maka,O
000137-002,tak,O
000137-002,kubiarkan,O
000137-002,dia,O
000137-002,lolos,O
000137-002,dari,O
000137-002,penglihatanku,O
000137-002,hingga,O
000137-002,siapakah,O
000137-002,di,O
000137-002,antara,O
000137-002,kami,O
000137-002,yang,O
000137-002,lebih,O
000137-002,dahulu,O
000137-002,mati,O
000137-002,".""",O
000137-002,Aku,O
000137-002,tertegun,O
000137-002,mendengar,O
000137-002,perkataannya,O
000137-002,.,O
000137-002,Lalu,O
000137-002,pemuda,O
000137-002,yang,O
000137-002,satunya,O
000137-002,lagi,O
000137-002,mencolekku,O
000137-002,dan,O
000137-002,bertanya,O
000137-002,seperti,O
000137-002,itu,O
000137-002,pula,O
000137-002,kepadaku,O
000137-002,.,O
000137-002,Aku,O
000137-002,menajamkan,O
000137-002,pandangan,O
000137-002,mencari-cari,O
000137-002,Abu,B_PERSON
000137-002,Jahal,I_PERSON
000137-002,yang,O
000137-002,sedang,O
000137-002,berputar-putar,O
000137-002,di,O
000137-002,tengah,O
000137-002,manusia,O
000137-002,.,O
000137-002,Setelah,O
000137-002,terlihat,O
000137-002,",",O
000137-002,aku,O
000137-002,berkata,O
000137-002,kepada,O
000137-002,mereka,O
000137-002,berdua,O
000137-002,",",O
000137-002,"""",O
000137-002,Apakah,O
000137-002,kalian,O
000137-002,tidak,O
000137-002,melihat,O
000137-002,?,O
000137-002,Itulah,O
000137-002,sasaran,O
000137-002,yang,O
000137-002,engkau,O
000137-002,tanyakan,O
000137-002,itu,O
000137-002,".""",O
000137-002,Dua,O
000137-002,pemuda,O
000137-002,itu,O
000137-002,pun,O
000137-002,langsung,O
000137-002,menyerang,O
000137-002,Abu,B_PERSON
000137-002,Jahal,I_PERSON
000137-002,secara,O
000137-002,serentak,O
000137-002,dengan,O
000137-002,pedangnya,O
000137-002,hingga,O
000137-002,dapat,O
000137-002,membunuhnya,O
000137-002,.,O
000137-002,Kemudian,O
000137-002,keduannya,O
000137-002,menemui,O
000137-002,Rasulullah,B_PERSON
000137-002,dan,O
000137-002,beliau,O
000137-002,bertanya,O
000137-002,",",O
000137-002,Siapakah,O
000137-002,di,O
000137-002,antara,O
000137-002,kalian,O
000137-002,berdua,O
000137-002,yang,O
000137-002,telah,O
000137-002,berhasil,O
000137-002,membunuhnya,O
000137-002,"?""",O
000137-002,Masing-masing,O
000137-002,menjawab,O
000137-002,",",O
000137-002,"""",O
000137-002,Akulah,O
000137-002,yang,O
000137-002,telah,O
000137-002,membunuhnya,O
000137-002,".""",O
000137-002,"""",O
000137-002,Apakah,O
000137-002,kalian,O
000137-002,sudah,O
000137-002,mengusap,O
000137-002,pedang,O
000137-002,kalian,O
000137-002,"?""",O
000137-002,tanya,O
000137-002,beliau,O
000137-002,.,O
000137-002,"""",O
000137-002,Belum,O
000137-002,",""",O
000137-002,jawab,O
000137-002,keduanya,O
000137-002,.,O
000137-002,Beliau,O
000137-002,memandang,O
000137-002,pedang,O
000137-002,milik,O
000137-002,mereka,O
000137-002,berdua,O
000137-002,",",O
000137-002,lalu,O
000137-002,bersabda,O
000137-002,",",O
000137-002,"""",O
000137-002,Kalian,O
000137-002,berdua,O
000137-002,telah,O
000137-002,membunuhnya,O
000137-002,".""",O
000137-002,Rasulullah,B_PERSON
000137-002,menyerahkan,O
000137-002,harta,O
000137-002,rampasan,O
000137-002,miliknya,O
000137-002,secara,O
000137-002,khusus,O
000137-002,kepada,O
000137-002,Mu'adz,I_PERSON
000137-002,bin,I_PERSON
000137-002,Amr,B_PERSON
000137-002,Al-Jamuh,I_PERSON
000137-002,.,O
000137-004,Pada,O
000137-004,saat,O
000137-004,itu,O
000137-004,Mu,B_PERSON
000137-004,awwidz,O
000137-004,bin,I_PERSON
000137-004,Afra,I_PERSON
000137-004,mendekati,O
000137-004,Abu,B_PERSON
000137-004,Jahal,I_PERSON
000137-004,dan,O
000137-004,menyabetnya,O
000137-004,hingga,O
000137-004,tersungkur,O
000137-004,dan,O
000137-004,membiarkannya,O
000137-004,dalam,O
000137-004,keadaan,O
000137-004,sekarat,O
000137-004,.,O
000137-004,Setelah,O
000137-004,itu,O
000137-004,Mu',O
000137-004,awwidz,O
000137-004,terus,O
000137-004,bertempur,O
000137-004,hingga,O
000137-004,terbunuh,O
000137-004,157,O
000137-004,Beliau,O
000137-004,menyerahkan,O
000137-004,harta,O
000137-004,rampasan,O
000137-004,secara,O
000137-004,khusus,O
000137-004,kepada,O
000137-004,Mu',B_PERSON
000137-004,adz,O
000137-004,",",O
000137-004,karena,O
000137-004,pemuda,O
000137-004,kedua,O
000137-004,terbunuh,O
000137-004,setelah,O
000137-004,itu,O
000137-004,.,O
000137-004,Lihat,O
000137-004,Shahihul-Bukhari,O
000137-004,",",O
000137-004,1/144,O
000137-004,;,O
000137-004,Misykatul-Mashabih,O
000137-004,",",O
000137-004,2/32,O
000137-004,.,O
000137-004,Tatkala,O
000137-004,pertempuran,O
000137-004,sudah,O
000137-004,berhenti,O
000137-004,",",O
000137-004,Rasulullah,B_PERSON
000137-004,bertanya,O
000137-004,",",O
000137-004,Siapa,O
000137-004,yang,O
000137-004,tahu,O
000137-004,",",O
000137-004,apa,O
000137-004,yang,O
000137-004,terjadi,O
000137-004,dengan,O
000137-004,Abu,B_PERSON
000137-004,Jahal,I_PERSON
000137-004,"?""",O
000137-004,Maka,O
000137-004,orang-orang,O
000137-004,berpencar,O
000137-004,untuk,O
000137-004,mencarinya,O
000137-004,.,O
000137-004,Maka,O
000137-004,Abdullah,B_PERSON
000137-004,bin,I_PERSON
000137-004,Mas'ud,I_PERSON
000137-004,mendapatkannya,O
000137-004,dengan,O
000137-004,napas,O
000137-004,tinggal,O
000137-004,satu-satu,O
000137-004,.,O
000137-004,Abdullah,B_PERSON
000137-004,bin,I_PERSON
000137-004,Mas'ud,I_PERSON
000137-004,menginjakkan,O
000137-004,kakinya,O
000137-004,di,O
000137-004,leher,O
000137-004,Abu,B_PERSON
000137-004,Jahal,I_PERSON
000137-004,",",O
000137-004,memegang,O
000137-004,jenggotnya,O
000137-004,untuk,O
000137-004,mendongakkan,O
000137-004,kepalanya,O
000137-004,.,O
000137-004,"""",O
000137-004,Apakah,O
000137-004,Allah,O
000137-004,sudah,O
000137-004,menghinakanmu,O
000137-004,wahai,O
000137-004,musuh,O
000137-004,Allah,O
000137-004,"?""",O
000137-004,tanya,O
000137-004,Abdullah,B_PERSON
000137-004,bin,I_PERSON
000137-004,Mas'ud,I_PERSON
000137-004,.,O
000137-004,"""",O
000137-004,Dengan,O
000137-004,apa,O
000137-004,Dia,O
000137-004,menghinakan,O
000137-004,diriku,O
000137-004,"?""",O
000137-004,Abu,B_PERSON
000137-004,Jahal,I_PERSON
000137-004,balik,O
000137-004,bertanya,O
000137-004,.,O
000137-004,Lalu,O
000137-004,dia,O
000137-004,bertanya,O
000137-004,lagi,O
000137-004,",",O
000137-004,"""",O
000137-004,Apakah,O
000137-004,aku,O
000137-004,menjadi,O
000137-004,hina,O
000137-004,karena,O
000137-004,menjadi,O
000137-004,orang,O
000137-004,yang,O
000137-004,telah,O
000137-004,kalian,O
000137-004,bunuh,O
000137-004,?,O
000137-004,Atau,O
000137-004,orang,O
000137-004,yang,O
000137-004,kalian,O
000137-004,bunuh,O
000137-004,itu,O
000137-004,justru,O
000137-004,lebih,O
000137-004,terhormat,O
000137-004,?,O
000137-005,Atau,O
000137-005,orang,O
000137-005,yang,O
000137-005,kalian,O
000137-005,bunuh,O
000137-005,itu,O
000137-005,justru,O
000137-005,lebih,O
000137-005,terhormat,O
000137-005,?,O
000137-005,Andaikan,O
000137-005,saja,O
000137-005,bukan,O
000137-005,seorang,O
000137-005,pembajak,O
000137-005,tanah,O
000137-005,yang,O
000137-005,telah,O
000137-005,membunuhku,O
000137-005,".""",O
000137-005,Lalu,O
000137-005,dia,O
000137-005,bertanya,O
000137-005,",",O
000137-005,"""",O
000137-005,Beritahukan,O
000137-005,kepadaku,O
000137-005,",",O
000137-005,siapakah,O
000137-005,yang,O
000137-005,berhasil,O
000137-005,menguasai,O
000137-005,daerah,O
000137-005,ini,O
000137-005,"?""",O
000137-005,Abdullah,B_PERSON
000137-005,bin,I_PERSON
000137-005,Mas'ud,I_PERSON
000137-005,menjawab,O
000137-005,",",O
000137-005,"""",O
000137-005,Allah,O
000137-005,dan,O
000137-005,Rasul-Nya,O
000137-005,".""",O
000137-005,Abu,B_PERSON
000137-005,Jahal,I_PERSON
000137-005,berkata,O
000137-005,kepada,O
000137-005,Abdullah,B_PERSON
000137-005,bin,I_PERSON
000137-005,Mas'ud,I_PERSON
000137-005,yang,O
000137-005,masih,O
000137-005,menginjakkan,O
000137-005,kakinya,O
000137-005,di,O
000137-005,lehernya,O
000137-005,",",O
000137-005,"""",O
000137-005,Aku,O
000137-005,sudah,O
000137-005,naik,O
000137-005,tangga,O
000137-005,yang,O
000137-005,sulit,O
000137-005,wahai,O
000137-005,penggembala,O
000137-005,kambing,O
000137-005,".""",O
000137-005,Memang,O
000137-005,selagi,O
000137-005,di,O
000137-005,Makkah,B_LOCATION
000137-005,dulu,O
000137-005,",",O
000137-005,Abdullah,B_PERSON
000137-005,bin,I_PERSON
000137-005,Mas'ud,I_PERSON
000137-005,adalah,O
000137-005,seorang,O
000137-005,penggembala,O
000137-005,kambing,O
000137-005,Setelah,O
000137-005,dialog,O
000137-005,ini,O
000137-005,",",O
000137-005,Abdullah,B_PERSON
000137-005,bin,I_PERSON
000137-005,Mas'ud,I_PERSON
000137-005,menarik,O
000137-005,kepala,O
000137-005,Abu,B_PERSON
000137-005,Jahal,I_PERSON
000137-005,dan,O
000137-005,membawanya,O
000137-005,ke,O
000137-005,hadapan,O
000137-005,Rasulullah,B_PERSON
000137-005,",",O
000137-005,seraya,O
000137-005,berkata,O
000137-005,",",O
000137-005,"""",O
000137-005,Wahai,O
000137-005,Rasulullah,B_PERSON
000137-005,",",O
000137-005,inilah,O
000137-005,kepala,O
000137-005,musuh,O
000137-005,Allah,O
000137-005,",",O
000137-005,Abu,B_PERSON
000137-005,Jahal,I_PERSON
000137-005,".""",O
000137-005,"""",O
000137-005,Demi,O
000137-005,Allah,O
000137-005,yang,O
000137-005,tiada,O
000137-005,Ilah,I_PERSON
000137-005,selain,O
000137-005,Dia,O
000137-005,".""",O
000137-005,Beliau,O
000137-005,mengucapkannya,O
000137-005,tiga,O
000137-005,kali,O
000137-005,",",O
000137-005,lalu,O
000137-005,bersabda,O
000137-005,lagi,O
000137-005,",",O
000137-005,"""",O
000137-005,Allah,O
000137-005,Mahabesar,O
000137-005,.,O
000137-005,Segala,O
000137-005,puji,O
000137-005,bagi,O
000137-005,Allah,O
000137-005,yang,O
000137-005,telah,O
000137-005,memenuhi,O
000137-005,janji-Nya,O
000137-005,",",O
000137-005,menolong,O
000137-005,hamba-Nya,O
000137-005,",",O
000137-005,mengalahkan,O
000137-005,pasukan,O
000137-005,musuh-,O
000139-002,Beliau,O
000139-002,menyebutkan,O
000139-002,nama,O
000139-002,orang-orang,O
000139-002,musyrik,O
000139-002,yang,O
000139-002,jasadnya,O
000139-002,dilemparkan,O
000139-002,ke,O
000139-002,dalam,O
000139-002,sumur,O
000139-002,itu,O
000139-002,",",O
000139-002,begitu,O
000139-002,nama,O
000139-002,bapak-bapak,O
000139-002,mereka,O
000139-002,.,O
000139-002,"""",O
000139-002,Wahai,O
000139-002,Fulan,B_PERSON
000139-002,bin,I_PERSON
000139-002,Fulan,I_PERSON
000139-002,",",O
000139-002,wahai,O
000139-002,Fulan,B_PERSON
000139-002,bin,I_PERSON
000139-002,Fulan,I_PERSON
000139-002,.,O
000139-002,apakah,O
000139-002,kalian,O
000139-002,merasa,O
000139-002,gembira,O
000139-002,karena,O
000139-002,kalian,O
000139-002,telah,O
000139-002,menaati,O
000139-002,Allah,O
000139-002,dan,O
000139-002,Rasul-Nya,O
000139-002,?,O
000139-002,Sesungguhnya,O
000139-002,kami,O
000139-002,telah,O
000139-002,mendapatkan,O
000139-002,apa,O
000139-002,yang,O
000139-002,dijanjikan,O
000139-002,Rabb,O
000139-002,kami,O
000139-002,kepada,O
000139-002,kami,O
000139-002,adalah,O
000139-002,benar,O
000139-002,.,O
000139-002,Lalu,O
000139-002,apakah,O
000139-002,kalian,O
000139-002,mendapatkan,O
000139-002,apa,O
000139-002,yang,O
000139-002,dijanjikan,O
000139-002,Rabb,O
000139-002,kalian,O
000139-002,kepada,O
000139-002,kalian,O
000139-002,juga,O
000139-002,benar,O
000139-002,"?""",O
000139-002,Umar,B_PERSON
000139-002,bertanya,O
000139-002,",",O
000139-002,"""",O
000139-002,Wahai,O
000139-002,Rasulullah,B_PERSON
000139-002,",",O
000139-002,mengapa,O
000139-002,engkau,O
000139-002,berbicara,O
000139-002,dengan,O
000139-002,jasad-jasad,O
000139-002,yang,O
000139-002,tidak,O
000139-002,lagi,O
000139-002,mempunyai,O
000139-002,roh,O
000139-002,"?""",O
000139-002,Beliau,O
000139-002,menjawab,O
000139-002,",",O
000139-002,"""",O
000139-002,Demi,O
000139-002,yang,O
000139-002,diri,O
000139-002,Muhammad,B_PERSON
000139-002,ada,O
000139-002,di,O
000139-002,tangan-Nya,O
000139-002,",",O
000139-002,kalian,O
000139-002,tidak,O
000139-002,bisa,O
000139-002,mendengar,O
000139-002,daripada,O
000139-002,mereka,O
000139-002,tentang,O
000139-002,apa,O
000139-002,yang,O
000139-002,kukatakan,O
000139-002,".""",O
000139-002,Dalam,O
000139-002,riwayat,O
000139-002,lain,O
000139-002,disebutkan,O
000139-002,",",O
000139-002,"""",O
000139-002,Kalian,O
000139-002,tidak,O
000139-002,lebih,O
000139-002,bisa,O
000139-002,mendengar,O
000139-002,daripada,O
000139-002,mereka,O
000139-002,.,O
000139-002,Tetapi,O
000139-002,mereka,O
000139-002,tidak,O
000139-002,bisa,O
000139-002,160,O
000139-002,Mishkatul-Mashabih,O
000139-002,",",O
000139-002,2/345,O
000139-002,.,O
000140-002,Ketika,O
000140-002,sudah,O
000140-002,ada,O
000140-002,kabar,O
000140-002,tentang,O
000140-002,kekalahan,O
000140-002,pasukan,O
000140-002,Quraisy,O
000140-002,",",O
000140-002,maka,O
000140-002,Allah,O
000140-002,membuatnya,O
000140-002,rendah,O
000140-002,dan,O
000140-002,hina,O
000140-002,.,O
000140-002,Sedangkan,O
000140-002,kami,O
000140-002,merasa,O
000140-002,kuat,O
000140-002,dan,O
000140-002,perkasa,O
000140-002,.,O
000140-002,Sementara,O
000140-002,aku,O
000140-002,adalah,O
000140-002,orang,O
000140-002,lemah,O
000140-002,yang,O
000140-002,bertugas,O
000140-002,membuat,O
000140-002,anak,O
000140-002,panah,O
000140-002,Aku,O
000140-002,merautnya,O
000140-002,sambil,O
000140-002,duduk,O
000140-002,di,O
000140-002,batu,O
000140-002,pembatas,O
000140-002,sumur,O
000140-002,Zamzam,B_LOCATION
000140-002,.,O
000140-002,Demi,O
000140-002,Allah,O
000140-002,",",O
000140-002,tatkala,O
000140-002,aku,O
000140-002,sedang,O
000140-002,duduk,O
000140-002,sambil,O
000140-002,meraut,O
000140-002,anak-anak,O
000140-002,panahku,O
000140-002,dan,O
000140-002,di,O
000140-002,sisiku,O
000140-002,ada,O
000140-002,Ummul,B_PERSON
000140-002,Fadhl,I_PERSON
000140-002,yang,O
000140-002,juga,O
000140-002,sedang,O
000140-002,duduk-duduk,O
000140-002,",",O
000140-002,sementara,O
000140-002,saat,O
000140-002,itu,O
000140-002,kami,O
000140-002,amat,O
000140-002,gembira,O
000140-002,dengan,O
000140-002,kabar,O
000140-002,itu,O
000140-002,",",O
000140-002,tiba-tiba,O
000140-002,Abu,B_PERSON
000140-002,Lahab,I_PERSON
000140-002,berjalan,O
000140-002,dengan,O
000140-002,menyeret,O
000140-002,kedua,O
000140-002,kakinya,O
000140-002,yang,O
000140-002,tak,O
000140-002,berdaya,O
000140-002,",",O
000140-002,hingga,O
000140-002,dia,O
000140-002,duduk,O
000140-002,di,O
000140-002,pinggir,O
000140-002,batu,O
000140-002,pembatas,O
000140-002,Zamzam,B_LOCATION
000140-002,Punggungnya,O
000140-002,menyandar,O
000140-002,ke,O
000140-002,punggungku,O
000140-002,.,O
000140-002,"""""",O
000140-002,Ini,O
000140-002,dia,O
000140-002,Abu,B_PERSON
000140-002,Sufyan,O
000140-002,bin,I_PERSON
000140-002,Al-Harits,I_PERSON
000140-002,bin,I_PERSON
000140-002,Abdul,I_PERSON
000140-002,Muththalib,I_PERSON
000140-002,sudah,O
000140-002,datang,O
000140-002,",""",O
000140-002,orang-orang,O
000140-002,berkata,O
000140-002,.,O
000140-002,Abu,B_PERSON
000140-002,Lahab,I_PERSON
000140-002,berkata,O
000140-002,",",O
000140-002,"""",O
000140-002,Mari,O
000140-002,ke,O
000140-002,sini,O
000140-002,.,O
000140-002,Demi,O
000140-002,Allah,O
000140-002,",",O
000140-002,kabar,O
000140-002,apa,O
000140-002,yang,O
000140-002,engkau,O
000140-002,bawa,O
000140-002,"?""",O
000140-002,Lalu,O
000140-002,Abu,B_PERSON
000140-002,Sufyan,I_PERSON
000140-002,duduk,O
000140-002,di,O
000140-002,sampingnya,O
000140-002,",",O
000140-002,sementara,O
000140-002,orang-orang,O
000140-002,berdiri,O
000140-002,di,O
000140-002,hadapannya,O
000140-002,.,O
000140-002,.,O
000140-002,Wahai,O
000140-002,keponakkanku,O
000140-002,",",O
000140-002,kabarkan,O
000140-002,kepadaku,O
000140-002,bagaimana,O
000140-002,urusan,O
000140-002,orang-,O
000140-002,orang,O
000140-002,"?""",O
000140-002,tanya,O
000140-002,Abu,B_PERSON
000140-002,Lahab,I_PERSON
000140-002,.,O
000140-002,Abu,B_PERSON
000140-002,Sufyan,I_PERSON
000140-002,menjawab,O
000140-002,",",O
000140-002,"""",O
000140-002,Selagi,O
000140-002,kami,O
000140-002,berhadapan,O
000140-002,dengan,O
000140-002,segolongan,O
000140-002,orang,O
000140-002,",",O
000140-002,justru,O
000140-002,kami,O
000140-002,menyerahkan,O
000140-002,pundak-pundak,O
000140-002,kami,O
000140-002,kepada,O
000140-002,mereka,O
000140-002,.,O
000140-002,Mereka,O
000140-002,menyerang,O
000140-002,kami,O
000140-002,sekehendak,O
000140-002,hatinya,O
000140-002,dan,O
000140-002,menawan,O
000140-002,kami,O
000140-002,sekehendak,O
000140-002,hatinya,O
000140-002,Demi,O
000140-002,Allah,O
000140-002,",",O
000140-002,sekalipun,O
000140-002,begitu,O
000140-002,aku,O
000140-002,tidak,O
000140-002,mencela,O
000140-002,siapa,O
000140-002,pun,O
000140-002,.,O
000140-002,Kami,O
000140-002,harus,O
000140-002,berhadapan,O
000140-002,dengan,O
000140-002,orang-orang,O
000140-002,yang,O
000140-002,berpakaian,O
000140-002,putih,O
000140-002,sambil,O
000140-002,menunggang,O
000140-002,kuda,O
000140-002,yang,O
000140-002,perkasa,O
000140-002,",",O
000140-002,berseliweran,O
000140-002,di,O
000140-002,antara,O
000140-002,langit,O
000140-002,dan,O
000140-002,bumi,O
000140-002,.,O
000141-001,Setelah,O
000141-001,kemenangan,O
000141-001,nyata-nyata,O
000141-001,berada,O
000141-001,di,O
000141-001,tangan,O
000141-001,orang-orang,O
000141-001,Muslim,O
000141-001,maka,O
000141-001,Rasulullah,B_PERSON
000141-001,mengirim,O
000141-001,dua,O
000141-001,orang,O
000141-001,untuk,O
000141-001,menyampaikan,O
000141-001,kabar,O
000141-001,gembira,O
000141-001,ke,O
000141-001,penduduk,O
000141-001,Madinah,B_LOCATION
000141-001,",",O
000141-001,agar,O
000141-001,mereka,O
000141-001,ikut,O
000141-001,menikmati,O
000141-001,kegembiraan,O
000141-001,.,O
000141-001,Dua,O
000141-001,utusan,O
000141-001,ini,O
000141-001,adalah,O
000141-001,Abdullah,B_PERSON
000141-001,bin,I_PERSON
000141-001,Rawahah,I_PERSON
000141-001,",",O
000141-001,yang,O
000141-001,bertugas,O
000141-001,menyampaikan,O
000141-001,kabar,O
000141-001,gembira,O
000141-001,ke,O
000141-001,penduduk,O
000141-001,di,O
000141-001,dataran,O
000141-001,tinggi,O
000141-001,",",O
000141-001,dan,O
000141-001,Zaid,B_PERSON
000141-001,bin,I_PERSON
000141-001,Haritsah,I_PERSON
000141-001,yang,O
000141-001,bertugas,O
000141-001,menyampaikan,O
000141-001,kabar,O
000141-001,gembira,O
000141-001,ke,O
000141-001,penduduk,O
000141-001,di,O
000141-001,dataran,O
000141-001,rendah,O
000141-001,.,O
000141-001,Sementara,O
000141-001,itu,O
000141-001,",",O
000141-001,orang-orang,O
000141-001,Yahudi,O
000141-001,dan,O
000141-001,munafiqin,O
000141-001,sudah,O
000141-001,menyebarkan,O
000141-001,isu,O
000141-001,di,O
000141-001,kalangan,O
000141-001,penduduk,O
000141-001,Madinah,B_LOCATION
000141-001,tentang,O
000141-001,terbunuhnya,O
000141-001,Nabi,O
000141-001,.,O
000141-001,Saat,O
000141-001,seorang,O
000141-001,munafik,O
000141-001,melihat,O
000141-001,Zaid,B_PERSON
000141-001,bin,I_PERSON
000141-001,Haritsah,I_PERSON
000141-001,yang,O
000141-001,datang,O
000141-001,sambil,O
000141-001,menunggang,O
000141-001,onta,O
000141-001,Rasulullah,B_PERSON
000141-001,yang,O
000141-001,bernama,O
000141-001,Al-Qashwa',O
000141-001,",",O
000141-001,maka,O
000141-001,dia,O
000141-001,berteriak,O
000141-001,",",O
000141-001,"""",O
000141-001,Muhammad,B_PERSON
000141-001,telah,O
000141-001,terbunuh,O
000141-001,.,O
000141-001,Itu,O
000141-001,adalah,O
000141-001,ontanya,O
000141-001,yang,O
000141-001,sudah,O
000141-001,kita,O
000141-001,kenal,O
000141-001,",",O
000141-001,dan,O
000141-001,itu,O
000141-001,Zaid,B_PERSON
000141-001,yang,O
000141-001,gagap,O
000141-001,tidak,O
000141-001,bisa,O
000141-001,berkata,O
000141-001,apa-apa,O
000141-001,karena,O
000141-001,kalah,O
000141-001,".""",O
000141-001,Setelah,O
000141-001,dua,O
000141-001,utusan,O
000141-001,ini,O
000141-001,benar-benar,O
000141-001,sudah,O
000141-001,tiba,O
000141-001,",",O
000141-001,orang-orang,O
000141-001,Muslim,O
000141-001,mengelilingi,O
000141-001,mereka,O
000141-001,dan,O
000141-001,mendengarkan,O
000141-001,dengan,O
000141-001,seksama,O
000141-001,kabar,O
000141-001,yang,O
000141-001,mereka,O
000141-001,bawa,O
000141-001,",",O
000141-001,sehingga,O
000141-001,mereka,O
000141-001,yakin,O
000141-001,benar,O
000141-001,tentang,O
000141-001,kemenangan,O
000141-001,pasukan,O
000141-001,Muslimin,O
000141-001,.,O
000141-001,Kegembiraan,O
000141-001,langsung,O
000141-001,merebak,O
000141-001,kemana-mana,O
000141-001,dan,O
000141-001,seluruh,O
000141-001,penjuru,O
000141-001,Madinah,B_LOCATION
000141-001,bergetar,O
000141-001,karena,O
000141-001,suara,O
000141-001,takbir,O
000141-001,dan,O
000141-001,tahlil,O
000141-001,.,O
000143-001,Setibanya,O
000143-001,di,O
000143-001,Ar-Rauha',O
000143-001,",",O
000143-001,pasukan,O
000143-001,Muslimin,O
000143-001,bertemu,O
000143-001,dengan,O
000143-001,orang,O
000143-001,.,O
000143-001,orang,O
000143-001,yang,O
000143-001,keluar,O
000143-001,dari,O
000143-001,Madinah,B_LOCATION
000143-001,untuk,O
000143-001,menyambut,O
000143-001,kedatangan,O
000143-001,mereka,O
000143-001,dan,O
000143-001,mengucapkan,O
000143-001,selamat,O
000143-001,atas,O
000143-001,kemenangan,O
000143-001,yang,O
000143-001,diraih,O
000143-001,.,O
000143-001,Saat,O
000143-001,itu,O
000143-001,Salamah,B_PERSON
000143-001,bin,I_PERSON
000143-001,Salamah,I_PERSON
000143-001,bertanya,O
000143-001,kepada,O
000143-001,orang-orang,O
000143-001,yang,O
000143-001,datang,O
000143-001,untuk,O
000143-001,menyambut,O
000143-001,itu,O
000143-001,",",O
000143-001,"""",O
000143-001,Apa,O
000143-001,yang,O
000143-001,mendorong,O
000143-001,kalian,O
000143-001,untuk,O
000143-001,menyambut,O
000143-001,kedatangan,O
000143-001,kami,O
000143-001,?,O
000143-001,Demi,O
000143-001,Allah,O
000143-001,",",O
000143-001,jika,O
000143-001,sudah,O
000143-001,saling,O
000143-001,bertemu,O
000143-001,",",O
000143-001,maka,O
000143-001,badan,O
000143-001,kita,O
000143-001,sudah,O
000143-001,lemah,O
000143-001,dengan,O
000143-001,kepala,O
000143-001,gundul,O
000143-001,layaknya,O
000143-001,orang,O
000143-001,yang,O
000143-001,sudah,O
000143-001,tua,O
000143-001,renta,O
000143-001,".""",O
000143-001,Rasulullah,B_PERSON
000143-001,tersenyum,O
000143-001,mendengarnya,O
000143-001,",",O
000143-001,lalu,O
000143-001,bersabda,O
000143-001,",",O
000143-001,"""",O
000143-001,Wahai,O
000143-001,kepo-,O
000143-001,nakanku,O
000143-001,",",O
000143-001,mereka,O
000143-001,adalah,O
000143-001,orang-orang,O
000143-001,penting,O
000143-001,".""",O
000143-001,Usaid,B_PERSON
000143-001,bin,I_PERSON
000143-001,Hudhair,I_PERSON
000143-001,yang,O
000143-001,berada,O
000143-001,dalam,O
000143-001,rombongan,O
000143-001,para,O
000143-001,peny,O
000143-001,ambut,O
000143-001,berkata,O
000143-001,",",O
000143-001,"""",O
000143-001,Wahai,O
000143-001,Rasulullah,O
000143-001,",",O
000143-001,segala,O
000143-001,puji,O
000143-001,bagi,O
000143-001,Allah,O
000143-001,yang,O
000143-001,telah,O
000143-001,memenangkan,O
000143-001,engkau,O
000143-001,dan,O
000143-001,membuat,O
000143-001,engkau,O
000143-001,senang,O
000143-001,.,O
000143-001,Demi,O
000143-001,Allah,O
000143-001,wahai,O
000143-001,Rasulullah,B_PERSON
000143-001,.,O
000143-001,Aku,O
000143-001,tidak,O
000143-001,menyangka,O
000143-001,engkau,O
000143-001,akan,O
000143-001,berhadapan,O
000143-001,dengan,O
000143-001,musuh,O
000143-001,.,O
000143-001,Kukira,O
000143-001,mereka,O
000143-001,hanyalah,O
000143-001,kafilah,O
000143-001,dagang,O
000143-001,.,O
000143-001,Inilah,O
000143-001,yang,O
000143-001,membuatku,O
000143-001,tidak,O
000143-001,ikut,O
000143-001,bergabung,O
000143-001,ke,O
000143-001,Badr,B_LOCATION
000143-001,.,O
000143-001,Andaikata,O
000143-001,aku,O
000143-001,tahu,O
000143-001,mereka,O
000143-001,adalah,O
000143-001,pasukan,O
000143-001,musuh,O
000143-001,tentu,O
000143-001,aku,O
000143-001,tak,O
000143-001,mau,O
000143-001,ketinggalan,O
000143-001,untuk,O
000143-001,ikut,O
000143-001,bergabung,O
000143-001,".""",O
000143-001,"""",O
000143-001,Engkau,O
000143-001,benar,O
000143-001,",""",O
000143-001,jawab,O
000143-001,Rasulullah,B_PERSON
000143-001,Kemudian,O
000143-001,beliau,O
000143-001,dan,O
000143-001,pasukan,O
000143-001,Muslimin,O
000143-001,memasuki,O
000143-001,Madinah,B_LOCATION
000143-001,sebagai,O
000143-001,pihak,O
000143-001,yang,O
000143-001,membawa,O
000143-001,kemenangan,O
000143-001,",",O
000143-001,sehingga,O
000143-001,menanamkan,O
000143-001,rasa,O
000143-001,gentar,O
000143-001,setiap,O
000143-001,musuh,O
000143-001,y,O
000143-001,ang,O
000143-001,ada,O
000143-001,di,O
000143-001,Madinah,B_LOCATION
000143-001,dan,O
000143-001,sekitarnya,O
000143-001,.,O
000143-001,Karenanya,O
000143-001,tidak,O
000143-001,sedikit,O
000143-001,penduduk,O
000143-001,Madinah,B_LOCATION
000143-001,yang,O
000143-001,masuk,O
000143-001,Islam,O
000143-001,setelah,O
000143-001,itu,O
000143-001,.,O
000143-001,Ini,O
000143-001,pula,O
000143-001,yang,O
000143-001,mendorong,O
000143-001,Abdullah,B_PERSON
000143-001,bin,I_PERSON
000143-001,Ubay,I_PERSON
000143-001,dan,O
000143-001,rekan-rekanya,O
000143-001,untuk,O
000143-001,masuk,O
000143-001,Islam,O
000143-001,",",O
000143-001,sekalipun,O
000143-001,hanya,O
000143-001,di,O
000143-001,luar,O
000143-001,saja,O
000143-001,Sehari,O
000143-001,setelah,O
000143-001,tiba,O
000143-001,di,O
000143-001,Madinah,B_LOCATION
000143-001,",",O
000143-001,para,O
000143-001,tawanan,O
000143-001,diteliti,O
000143-001,lalu,O
000143-001,dibagikan,O
000143-001,kepada,O
000143-001,para,O
000143-001,sahabat,O
000143-001,.,O
000143-002,Ini,O
000143-002,pula,O
000143-002,yang,O
000143-002,mendorong,O
000143-002,Abdullah,B_PERSON
000143-002,bin,I_PERSON
000143-002,Ubay,I_PERSON
000143-002,dan,O
000143-002,rekan-rekanya,O
000143-002,untuk,O
000143-002,masuk,O
000143-002,Islam,O
000143-002,",",O
000143-002,sekalipun,O
000143-002,hanya,O
000143-002,di,O
000143-002,luar,O
000143-002,saja,O
000143-002,Sehari,O
000143-002,setelah,O
000143-002,tiba,O
000143-002,di,O
000143-002,Madinah,B_LOCATION
000143-002,",",O
000143-002,para,O
000143-002,tawanan,O
000143-002,diteliti,O
000143-002,lalu,O
000143-002,dibagikan,O
000143-002,kepada,O
000143-002,para,O
000143-002,sahabat,O
000143-002,.,O
000143-002,Beliau,O
000143-002,menasihati,O
000143-002,agar,O
000143-002,mereka,O
000143-002,memperlakukan,O
000143-002,para,O
000143-002,tawanan,O
000143-002,itu,O
000143-002,dengan,O
000143-002,baik,O
000143-002,.,O
000143-002,Para,O
000143-002,sahabat,O
000143-002,biasa,O
000143-002,memakan,O
000143-002,korma,O
000143-002,",",O
000143-002,sedangkan,O
000143-002,untuk,O
000143-002,tawanan,O
000143-002,itu,O
000143-002,disuguhi,O
000143-002,roti,O
000143-002,.,O
000143-002,Begitulah,O
000143-002,mereka,O
000143-002,mengamalkan,O
000143-002,nasihat,O
000143-002,beliau,O
000143-002,ini,O
000143-002,.,O
000144-001,Setiba,O
000144-001,di,O
000144-001,Madinah,B_LOCATION
000144-001,",",O
000144-001,Rasulullah,B_PERSON
000144-001,meminta,O
000144-001,pendapat,O
000144-001,kepada,O
000144-001,para,O
000144-001,sahabat,O
000144-001,tentang,O
000144-001,masalah,O
000144-001,tawanan,O
000144-001,.,O
000144-001,Abu,B_PERSON
000144-001,Bakar,I_PERSON
000144-001,berkata,O
000144-001,",",O
000144-001,"""",O
000144-001,Wahai,O
000144-001,Rasulullah,B_PERSON
000144-001,",",O
000144-001,mereka,O
000144-001,itu,O
000144-001,masih,O
000144-001,terhitung,O
000144-001,keluarga,O
000144-001,paman,O
000144-001,kerabat,O
000144-001,atau,O
000144-001,teman,O
000144-001,sendiri,O
000144-001,.,O
000144-001,Menurut,O
000144-001,pendapatku,O
000144-001,",",O
000144-001,hendaklah,O
000144-001,engkau,O
000144-001,meminta,O
000144-001,tebusan,O
000144-001,dari,O
000144-001,mereka,O
000144-001,",",O
000144-001,agar,O
000144-001,tebusan,O
000144-001,yang,O
000144-001,kita,O
000144-001,ambil,O
000144-001,dari,O
000144-001,mereka,O
000144-001,ini,O
000144-001,dapat,O
000144-001,mengkokohkan,O
000144-001,kedudukan,O
000144-001,kita,O
000144-001,dalam,O
000144-001,menghadapi,O
000144-001,orang-orang,O
000144-001,kafir,O
000144-001,",",O
000144-001,dan,O
000144-001,siapa,O
000144-001,tahu,O
000144-001,Allah,O
000144-001,memberikan,O
000144-001,petunjuk,O
000144-001,kepada,O
000144-001,mereka,O
000144-001,",",O
000144-001,sehingga,O
000144-001,mereka,O
000144-001,menjadi,O
000144-001,pendukung,O
000144-001,bagi,O
000144-001,kita,O
000144-001,".""",O
000144-001,"""",O
000144-001,Lalu,O
000144-001,bagaimana,O
000144-001,pendapatmu,O
000144-001,wahai,O
000144-001,Ibnul,B_PERSON
000144-001,Khaththab,I_PERSON
000144-001,"?""",O
000144-001,tanya,O
000144-001,Rasulullah,B_PERSON
000144-001,.,O
000144-001,"""",O
000144-001,Umar,B_PERSON
000144-001,menjawab,O
000144-001,",",O
000144-001,"""",O
000144-001,Demi,O
000144-001,Allah,O
000144-001,",",O
000144-001,aku,O
000144-001,tidak,O
000144-001,sependapat,O
000144-001,dengan,O
000144-001,Abu,B_PERSON
000144-001,Bakar,I_PERSON
000144-001,.,O
000144-001,Menurutku,O
000144-001,",",O
000144-001,serahkan,O
000144-001,Fulan,O
000144-001,(,O
000144-001,kerabatnya,O
000144-001,),O
000144-001,kepadaku,O
000144-001,",",O
000144-001,biar,O
000144-001,kupenggal,O
000144-001,lehernya,O
000144-001,.,O
000144-001,Serahkan,O
000144-001,Uqail,I_PERSON
000144-001,bin,I_PERSON
000144-001,Abu,B_PERSON
000144-001,Thalib,I_PERSON
000144-001,kepada,O
000144-001,Ali,B_PERSON
000144-001,bin,I_PERSON
000144-001,Abu,B_PERSON
000144-001,Thalib,I_PERSON
000144-001,biar,O
000144-001,dia,O
000144-001,penggal,O
000144-001,lehernya,O
000144-001,.,O
000144-001,Serahkan,O
000144-001,Fulan,I_PERSON
000144-001,kepada,O
000144-001,Hamzah,B_PERSON
000144-001,(,O
000144-001,saudaranya,O
000144-001,"),",O
000144-001,biar,O
000144-001,dia,O
000144-001,memenggal,O
000144-001,lehernya,O
000144-001,",",O
000144-001,agar,O
000144-001,musuh-musuh,O
000144-001,Allah,O
000144-001,mengetahui,O
000144-001,bahwa,O
000144-001,di,O
000144-001,dalam,O
000144-001,hati,O
000144-001,kita,O
000144-001,tidak,O
000144-001,ada,O
000144-001,rasa,O
000144-001,kasihan,O
000144-001,terhadap,O
000144-001,orang-orang,O
000144-001,musyrik,O
000144-001,",",O
000144-001,pemuka,O
000144-001,",",O
000144-001,pemimipin,O
000144-001,dan,O
000144-001,para,O
000144-001,dedengkot,O
000144-001,mereka,O
000144-001,".""",O
000144-001,Rasulullah,B_PERSON
000144-001,lebih,O
000144-001,condong,O
000144-001,kepada,O
000144-001,pendapat,O
000144-001,Abu,B_PERSON
000144-001,Bakar,I_PERSON
000144-001,dan,O
000144-001,kurang,O
000144-001,sependapat,O
000144-001,dengan,O
000144-001,Umar,B_PERSON
000144-001,.,O
000144-001,Beliau,O
000144-001,lebih,O
000144-001,cenderung,O
000144-001,untuk,O
000144-001,meminta,O
000144-001,tebusan,O
000144-001,dari,O
000144-001,mereka,O
000144-001,.,O
000144-001,Inilah,O
000144-001,penuturan,O
000144-001,Umar,B_PERSON
000144-001,bin,I_PERSON
000144-001,Al-Khaththab,I_PERSON
000144-001,pada,O
000144-001,keesokan,O
000144-001,harinya,O
000144-001,",",O
000144-001,"""",O
000144-001,Aku,O
000144-001,menemui,O
000144-001,Rasulullah,B_PERSON
000144-001,yang,O
000144-001,bersama,O
000144-001,Abu,B_PERSON
000144-001,Bakar,I_PERSON
000144-001,.,O
000144-001,Keduanya,O
000144-001,menangis,O
000144-001,.,O
000144-001,Aku,O
000144-001,berkata,O
000144-001,",",O
000144-001,"""",O
000144-001,Wahai,O
000144-001,Rasulullah,B_PERSON
000144-001,",",O
000144-001,beritahukan,O
000144-001,kepadaku,O
000144-001,",",O
000144-001,apa,O
000144-001,yang,O
000144-001,membuat,O
000144-001,engkau,O
000144-001,menangis,O
000144-001,dan,O
000144-001,sahabat,O
000144-001,engkau,O
000144-001,ini,O
000144-001,?,O
000144-001,Jika,O
000144-001,perlu,O
000144-001,aku,O
000144-001,untuk,O
000144-001,menangis,O
000144-001,",",O
000144-001,maka,O
000144-001,aku,O
000144-001,pun,O
000144-001,akan,O
000144-001,menangis,O
000144-001,.,O
000144-002,Jika,O
000144-002,perlu,O
000144-002,aku,O
000144-002,untuk,O
000144-002,menangis,O
000144-002,",",O
000144-002,maka,O
000144-002,aku,O
000144-002,pun,O
000144-002,akan,O
000144-002,menangis,O
000144-002,.,O
000144-002,Jika,O
000144-002,aku,O
000144-002,tidak,O
000144-002,perlu,O
000144-002,menangis,O
000144-002,",",O
000144-002,aku,O
000144-002,pun,O
000144-002,tetap,O
000144-002,akan,O
000144-002,menangis,O
000144-002,karena,O
000144-002,engkau,O
000144-002,berdua,O
000144-002,menangis,O
000144-002,".""",O
000144-002,Beliau,O
000144-002,menjawab,O
000144-002,",",O
000144-002,"""",O
000144-002,Aku,O
000144-002,menangis,O
000144-002,karena,O
000144-002,permintaan,O
000144-002,yang,O
000144-002,disampaikan,O
000144-002,rekan-rekanmu,O
000144-002,kepadaku,O
000144-002,",",O
000144-002,agar,O
000144-002,meminta,O
000144-002,tebusan,O
000144-002,dari,O
000144-002,mereka,O
000144-002,",",O
000144-002,padahal,O
000144-002,dahulu,O
000144-002,siksaan,O
000144-002,yang,O
000144-002,mereka,O
000144-002,tawarkan,O
000144-002,kepadaku,O
000144-002,dulu,O
000144-002,lebih,O
000144-002,dekat,O
000144-002,dari,O
000144-002,pohon,O
000144-002,ini,O
000144-002,".""",O
000144-002,Yang,O
000144-002,beliau,O
000144-002,maksudkan,O
000144-002,adalah,O
000144-002,sebatang,O
000144-002,pohon,O
000144-002,di,O
000144-002,dekat,O
000144-002,Lalu,O
000144-002,Allah,O
000144-002,menurunkan,O
000144-002,ayat,O
000144-002,",",O
000144-002,X,O
000144-002,AKTT,O
000144-002,"""",O
000144-002,Tidak,O
000144-002,patut,O
000144-002,bagi,O
000144-002,seorang,O
000144-002,Nabi,O
000144-002,mempunyai,O
000144-002,tawanan,O
000144-002,sebelum,O
000144-002,ia,O
000144-002,melumpuhkan,O
000144-002,musuhnya,O
000144-002,di,O
000144-002,muka,O
000144-002,bumi,O
000144-002,.,O
000144-002,Kalian,O
000144-002,menghendaki,O
000144-002,harta,O
000144-002,benda,O
000144-002,duniawi,O
000144-002,sedangkan,O
000144-002,Allah,O
000144-002,menghendaki,O
000144-002,(,O
000144-002,pahala,O
000144-002,),O
000144-002,akhirat,O
000144-002,(,O
000144-002,untuk,O
000144-002,kalian,O
000144-002,),O
000144-002,Dan,O
000144-002,",",O
000144-002,Allah,O
000144-002,Mahaperkasa,O
000144-002,lagi,O
000144-002,Mahabijaksana,O
000144-002,.,O
000144-002,Kalau,O
000144-002,sekiranya,O
000144-002,tidak,O
000144-002,ada,O
000144-002,ketetapan,O
000144-002,yang,O
000144-002,telah,O
000144-002,terdahulu,O
000144-002,dari,O
000144-002,Allah,O
000144-002,",",O
000144-002,niscaya,O
000144-002,kalian,O
000144-002,ditimpa,O
000144-002,siksaan,O
000144-002,yang,O
000144-002,besar,O
000144-002,karena,O
000144-002,tebusan,O
000144-002,yang,O
000144-002,kalian,O
000144-002,ambil,O
000144-002,.,O
000144-002,"""",O
000144-002,(,O
000144-002,Al-Anfal,O
000144-002,:,O
000144-002,67-68,O
000144-002,),O
000144-002,Ketetapan,O
000144-002,terdahulu,O
000144-002,yang,O
000144-002,dimaksudkan,O
000144-002,Allah,O
000144-002,ini,O
000144-002,seperti,O
000144-002,yang,O
000144-002,telah,O
000144-002,difirmankan-Nya,O
000144-002,k:u,O
000144-002,x,O
000144-002,E,O
000144-002,Ep,O
000144-002,"""",O
000144-002,Setelah,O
000144-002,itu,O
000144-002,kalian,O
000144-002,boleh,O
000144-002,membebaskan,O
000144-002,mereka,O
000144-002,atau,O
000144-002,menerima,O
000144-002,tebusan,O
000144-002,sampai,O
000144-002,perang,O
000144-002,berhenti,O
000144-002,.,O
000144-002,"""",O
000144-002,(,O
000144-002,Muhammad,B_PERSON
000144-002,:,O
000144-002,4,O
000144-002,),O
000144-002,Di,O
000144-002,sini,O
000144-002,terkandung,O
000144-002,perkenan,O
000144-002,untuk,O
000144-002,mengambil,O
000144-002,tebusan,O
000144-002,dari,O
000144-002,para,O
000144-002,tawanan,O
000144-002,",",O
000144-002,selagi,O
000144-002,para,O
000144-002,tawanan,O
000144-002,itu,O
000144-002,tidak,O
000144-002,disiksa,O
000144-002,.,O
000144-002,Diturunkan,O
000144-002,celaan,O
000144-002,",",O
000144-002,karena,O
000144-002,mereka,O
000144-002,menawan,O
000144-002,orang-orang,O
000144-002,kafir,O
000144-002,",",O
000144-002,padahal,O
000144-002,sebelumnya,O
000144-002,tidak,O
000144-002,ada,O
000144-002,peperangan,O
000144-002,.,O
000144-002,Kemudian,O
000144-002,mereka,O
000144-002,bisa,O
000144-002,menerima,O
000144-002,tebusan,O
000144-002,",",O
000144-002,tidak,O
000144-002,hanya,O
000144-002,dari,O
000144-002,orang-orang,O
000144-002,jahat,O
000144-002,yang,O
000144-002,tidak,O
000144-002,menjadi,O
000144-002,tawanan,O
000144-002,di,O
000144-002,medan,O
000144-002,perang,O
000144-002,",",O
000144-002,tetapi,O
000144-002,juga,O
000144-002,dari,O
000144-002,para,O
000144-002,penjahat,O
000144-002,perang,O
000144-002,.,O
000150-002,Salah,O
000150-002,seorang,O
000150-002,di,O
000150-002,antara,O
000150-002,keduanya,O
000150-002,berkata,O
000150-002,kepada,O
000150-002,yang,O
000150-002,lain,O
000150-002,",",O
000150-002,"""",O
000150-002,Jika,O
000150-002,memang,O
000150-002,kalian,O
000150-002,menghendaki,O
000150-002,",",O
000150-002,saat,O
000150-002,ini,O
000150-002,pula,O
000150-002,kami,O
000150-002,akan,O
000150-002,menghidupkan,O
000150-002,kembali,O
000150-002,akar-akar,O
000150-002,peperangan,O
000150-002,di,O
000150-002,antara,O
000150-002,kita,O
000150-002,".""",O
000150-002,Kedua,O
000150-002,belah,O
000150-002,pihak,O
000150-002,(,O
000150-002,Aus,O
000150-002,dan,O
000150-002,Khazraj,O
000150-002,),O
000150-002,ikut,O
000150-002,terpancing,O
000150-002,",",O
000150-002,lalu,O
000150-002,masing-masing,O
000150-002,mengambil,O
000150-002,senjatanya,O
000150-002,",",O
000150-002,dan,O
000150-002,hampir,O
000150-002,saja,O
000150-002,terjadi,O
000150-002,adu,O
000150-002,fisik,O
000150-002,.,O
000150-002,Rasulullah,B_PERSON
000150-002,yang,O
000150-002,mendengar,O
000150-002,kejadian,O
000150-002,ini,O
000150-002,segera,O
000150-002,beranjak,O
000150-002,pergi,O
000150-002,beserta,O
000150-002,beberapa,O
000150-002,sahabat,O
000150-002,dari,O
000150-002,Muhajirin,O
000150-002,dan,O
000150-002,menemui,O
000150-002,mereka,O
000150-002,.,O
000150-002,Beliau,O
000150-002,bersabda,O
000150-002,.,O
000150-002,"""",O
000150-002,Wahai,O
000150-002,semua,O
000150-002,orang,O
000150-002,Muslim,O
000150-002,",",O
000150-002,Allah,O
000150-002,",",O
000150-002,Allah,O
000150-002,Apakah,O
000150-002,masih,O
000150-002,ada,O
000150-002,seruan-seruan,O
000150-002,Jahiliyah,O
000150-002,",",O
000150-002,padahal,O
000150-002,aku,O
000150-002,ada,O
000150-002,di,O
000150-002,tengah-tengah,O
000150-002,kalian,O
000150-002,",",O
000150-002,setelah,O
000150-002,Allah,O
000150-002,menunjuki,O
000150-002,kalian,O
000150-002,untuk,O
000150-002,memeluk,O
000150-002,Islam,O
000150-002,",",O
000150-002,memuliakan,O
000150-002,kalian,O
000150-002,",",O
000150-002,memutuskan,O
000150-002,urusan,O
000150-002,Jahiliyah,O
000150-002,dari,O
000150-002,kalian,O
000150-002,",",O
000150-002,menyelamatkan,O
000150-002,kalian,O
000150-002,dari,O
000150-002,kekufuran,O
000150-002,dan,O
000150-002,menyatukan,O
000150-002,hati,O
000150-002,kalian,O
000150-002,dengan,O
000150-002,Islam,O
000150-002,"?""",O
000150-002,Mereka,O
000150-002,pun,O
000150-002,sadar,O
000150-002,bahwa,O
000150-002,kejadian,O
000150-002,ini,O
000150-002,merupakan,O
000150-002,bisikan,O
000150-002,setan,O
000150-002,dan,O
000150-002,tipu,O
000150-002,daya,O
000150-002,musuh,O
000150-002,mereka,O
000150-002,.,O
000150-002,Akhirnya,O
000150-002,mereka,O
000150-002,menangis,O
000150-002,sesenggukan,O
000150-002,",",O
000150-002,orang-orang,O
000150-002,Aus,O
000150-002,berpelukan,O
000150-002,dengan,O
000150-002,orang-orang,O
000150-002,Khazraj,O
000150-002,",",O
000150-002,lalu,O
000150-002,mereka,O
000150-002,beranjak,O
000150-002,meninggalkan,O
000150-002,tempat,O
000150-002,itu,O
000150-002,beserta,O
000150-002,Rasulullah,B_PERSON
000150-002,.,O
000150-002,Mereka,O
000150-002,semakin,O
000150-002,taat,O
000150-002,dan,O
000150-002,patuh,O
000150-002,kepada,O
000150-002,beliau,O
000150-002,",",O
000150-002,karena,O
000150-002,Allah,O
000150-002,telah,O
000150-002,memadamkan,O
000150-002,tipu,O
000150-002,daya,O
000150-002,musuh,O
000150-002,Allah,O
000150-002,",",O
000150-002,Syas,O
000150-002,bin,I_PERSON
000150-002,Qais,O
000150-002,.,O
000150-002,Ini,O
000150-002,satu,O
000150-002,gambaran,O
000150-002,dari,O
000150-002,usaha,O
000150-002,orang-orang,O
000150-002,Yahudi,O
000150-002,untuk,O
000150-002,membangkitkan,O
000150-002,keresahan,O
000150-002,dan,O
000150-002,keguncangan,O
000150-002,di,O
000150-002,kalangan,O
000150-002,orang-orang,O
000150-002,Muslim,O
000150-002,.,O
000150-002,Mereka,O
000150-002,ingin,O
000150-002,memasang,O
000150-002,rintangan,O
000150-002,di,O
000150-002,hadapan,O
000150-002,dakwah,O
000150-002,Islam,O
000150-002,.,O
000150-002,Memang,O
000150-002,mereka,O
000150-002,memiliki,O
000150-002,banyak,O
000150-002,cara,O
000150-002,untuk,O
000150-002,memuluskan,O
000150-002,rencana,O
000150-002,semacam,O
000150-002,ini,O
000150-002,.,O
000150-002,Mereka,O
000150-002,menyebarkan,O
000150-002,isu-isu,O
000150-002,dusta,O
000150-002,",",O
000150-002,menyatakan,O
000150-002,iman,O
000150-002,pada,O
000150-002,pagi,O
000150-002,hari,O
000150-002,dan,O
000150-002,kufur,O
000150-002,pada,O
000150-002,sore,O
000150-002,harinya,O
000150-002,.,O
000151-003,Segolongan,O
000151-003,berperang,O
000151-003,di,O
000151-003,jalan,O
000151-003,Allah,O
000151-003,dan,O
000151-003,(,O
000151-003,segolong,O
000151-003,),O
000151-003,yang,O
000151-003,kafir,O
000151-003,yang,O
000151-003,dengan,O
000151-003,mata,O
000151-003,kepala,O
000151-003,melihat,O
000151-003,(,O
000151-003,seakan-akan,O
000151-003,),O
000151-003,orang-orang,O
000151-003,Muslim,O
000151-003,dua,O
000151-003,kali,O
000151-003,jumlah,O
000151-003,mereka,O
000151-003,.,O
000151-003,Allah,O
000151-003,menguatkan,O
000151-003,dengan,O
000151-003,bantuan-Nya,O
000151-003,siapa,O
000151-003,yang,O
000151-003,dikehendaki-Nya,O
000151-003,.,O
000151-003,Sesungguhnya,O
000151-003,pada,O
000151-003,yang,O
000151-003,demikian,O
000151-003,itu,O
000151-003,terdapat,O
000151-003,pelajaran,O
000151-003,bagi,O
000151-003,orang,O
000151-003,orang,O
000151-003,yang,O
000151-003,mempunyai,O
000151-003,mata,O
000151-003,hati,O
000151-003,.,O
000151-003,"""",O
000151-003,(,O
000151-003,Ali,B_PERSON
000151-003,Imran,O
000151-003,:,O
000151-003,12-13,O
000151-003,),O
000151-003,Jawaban,O
000151-003,Bani,O
000151-003,Qainuqa',O
000151-003,ini,O
000151-003,sudah,O
000151-003,jelas,O
000151-003,menggambarkan,O
000151-003,keinginan,O
000151-003,mereka,O
000151-003,untuk,O
000151-003,berperang,O
000151-003,.,O
000151-003,Namun,O
000151-003,begitu,O
000151-003,",",O
000151-003,Rasulullah,B_PERSON
000151-003,mampu,O
000151-003,menahan,O
000151-003,kemarahan,O
000151-003,dan,O
000151-003,orang-orang,O
000151-003,Muslim,O
000151-003,pun,O
000151-003,bisa,O
000151-003,bersabar,O
000151-003,.,O
000151-003,Mereka,O
000151-003,menunggu,O
000151-003,apa,O
000151-003,yang,O
000151-003,bakal,O
000151-003,terjadi,O
000151-003,pada,O
000151-003,hari-hari,O
000151-003,berikutnya,O
000151-003,.,O
000151-003,Orang-orang,O
000151-003,Yahudi,O
000151-003,Bani,O
000151-003,Qainuqa',O
000151-003,semakin,O
000151-003,bertambah,O
000151-003,lancang,O
000151-003,dan,O
000151-003,berani,O
000151-003,.,O
000151-003,karena,O
000151-003,mulai,O
000151-003,muncul,O
000151-003,keresahan,O
000151-003,di,O
000151-003,Madinah,B_LOCATION
000151-003,.,O
000151-003,Mereka,O
000151-003,sengaja,O
000151-003,mempersempit,O
000151-003,penghidupan,O
000151-003,penduduk,O
000151-003,Madinah,B_LOCATION
000151-003,dan,O
000151-003,menutup,O
000151-003,pintu-pintunya,O
000151-003,.,O
000151-003,Ibnu,B_PERSON
000151-003,Hisyam,I_PERSON
000151-003,meriwayatkan,O
000151-003,dari,O
000151-003,Abu,B_PERSON
000151-003,Aun,I_PERSON
000151-003,",",O
000151-003,bahwa,O
000151-003,ada,O
000151-003,seseorang,O
000151-003,wanita,O
000151-003,Arab,O
000151-003,yang,O
000151-003,datang,O
000151-003,ke,O
000151-003,pasar,O
000151-003,Bani,O
000151-003,Qainuqa',O
000151-003,sambil,O
000151-003,mengenakan,O
000151-003,jilbabnya,O
000151-003,.,O
000151-003,Dia,O
000151-003,duduk,O
000151-003,di,O
000151-003,dekat,O
000151-003,seorang,O
000151-003,pengrajin,O
000151-003,perhiasan,O
000151-003,.,O
000151-003,Tiba-tiba,O
000151-003,beberapa,O
000151-003,orang,O
000151-003,di,O
000151-003,antara,O
000151-003,mereka,O
000151-003,bermaksud,O
000151-003,hendak,O
000151-003,menyingkap,O
000151-003,kerudung,O
000151-003,yang,O
000151-003,menutupi,O
000151-003,wajahnya,O
000151-003,Tentu,O
000151-003,saja,O
000151-003,wanita,O
000151-003,Muslimah,O
000151-003,itu,O
000151-003,berontak,O
000151-003,.,O
000151-003,Dengan,O
000151-003,diam-diam,O
000151-003,tanpa,O
000151-003,diketahui,O
000151-003,wanita,O
000151-003,Muslimah,O
000151-003,itu,O
000151-003,",",O
000151-003,pengrajin,O
000151-003,perhiasan,O
000151-003,tersebut,O
000151-003,mengikat,O
000151-003,ujung,O
000151-003,bajunya,O
000151-003,.,O
000151-003,sehingga,O
000151-003,tatkala,O
000151-003,bangkit,O
000151-003,",",O
000151-003,auratnya,O
000151-003,tersingkap,O
000151-003,.,O
000151-003,Mereka,O
000151-003,pun,O
000151-003,tertawa,O
000151-003,dibuatnya,O
000151-003,Secara,O
000151-003,spontan,O
000151-003,wanita,O
000151-003,Muslimah,O
000151-003,berteriak,O
000151-003,.,O
000155-003,Pada,O
000155-003,saat,O
000155-003,itu,O
000155-003,Rasulullah,B_PERSON
000155-003,mengajukan,O
000155-003,pertanyaan,O
000155-003,kepada,O
000155-003,orang-orang,O
000155-003,Muslim,O
000155-003,",",O
000155-003,"""",O
000155-003,Siapakah,O
000155-003,yang,O
000155-003,berani,O
000155-003,menghadapi,O
000155-003,Ka'b,B_PERSON
000155-003,bin,I_PERSON
000155-003,Al-Asyraf,I_PERSON
000155-003,?,O
000155-003,Sesungguhnya,O
000155-003,dia,O
000155-003,telah,O
000155-003,menyakiti,O
000155-003,Allah,O
000155-003,dan,O
000155-003,Rasul-Nya,O
000155-003,".""",O
000155-003,Maka,O
000155-003,ada,O
000155-003,beberapa,O
000155-003,sahabat,O
000155-003,yang,O
000155-003,maju,O
000155-003,ke,O
000155-003,depan,O
000155-003,",",O
000155-003,yaitu,O
000155-003,Muhammad,B_PERSON
000155-003,bin,I_PERSON
000155-003,Maslamah,I_PERSON
000155-003,",",O
000155-003,Ubbad,B_PERSON
000155-003,bin,I_PERSON
000155-003,Bisyr,I_PERSON
000155-003,",",O
000155-003,Abu,B_PERSON
000155-003,Na'ilah,I_PERSON
000155-003,atau,O
000155-003,Sulkan,B_PERSON
000155-003,bin,I_PERSON
000155-003,Salamah,I_PERSON
000155-003,",",O
000155-003,saudara,O
000155-003,Ka'b,B_PERSON
000155-003,dari,O
000155-003,susuan,O
000155-003,",",O
000155-003,Al-Harits,B_PERSON
000155-003,bin,I_PERSON
000155-003,Aus,I_PERSON
000155-003,dan,O
000155-003,Abu,B_PERSON
000155-003,Abbas,I_PERSON
000155-003,bin,I_PERSON
000155-003,Jabr,I_PERSON
000155-003,.,O
000155-003,Yang,O
000155-003,memimpin,O
000155-003,kelompok,O
000155-003,ini,O
000155-003,adalah,O
000155-003,Muhammad,B_PERSON
000155-003,bin,I_PERSON
000155-003,Maslamah,I_PERSON
000155-003,.,O
000155-003,Dalam,O
000155-003,beberapa,O
000155-003,riwayat,O
000155-003,tentang,O
000155-003,terbunuhnya,O
000155-003,Ka'b,B_PERSON
000155-003,bin,I_PERSON
000155-003,Al-Asyraf,I_PERSON
000155-003,ini,O
000155-003,menyebutkan,O
000155-003,bahwa,O
000155-003,tatkala,O
000155-003,Rasulullah,B_PERSON
000155-003,bersabda,O
000155-003,",",O
000155-003,"""",O
000155-003,Siapakah,O
000155-003,yang,O
000155-003,berani,O
000155-003,menghadapi,O
000155-003,Ka'b,B_PERSON
000155-003,bin,I_PERSON
000155-003,Al-Asyraf,O
000155-003,?,O
000155-003,Sesungguhnya,O
000155-003,dia,O
000155-003,telah,O
000155-003,menyakiti,O
000155-003,Allah,O
000155-003,dan,O
000155-003,Rasul-Nya,O
000155-003,""",",O
000155-003,maka,O
000155-003,Muhammad,B_PERSON
000155-003,bin,I_PERSON
000155-003,Maslamah,I_PERSON
000155-003,bangkit,O
000155-003,seraya,O
000155-003,berkata,O
000155-003,",",O
000155-003,"""",O
000155-003,Aku,O
000155-003,wahai,O
000155-003,Rasulullah,B_PERSON
000155-003,.,O
000155-003,Apakah,O
000155-003,engkau,O
000155-003,suka,O
000155-003,jika,O
000155-003,aku,O
000155-003,membunuhnya?',O
000155-003,"""",O
000155-003,Benar,O
000155-003,",""",O
000155-003,jawab,O
000155-003,beliau,O
000155-003,.,O
000155-003,"""",O
000155-003,Perkenankan,O
000155-003,aku,O
000155-003,untuk,O
000155-003,menyampaikan,O
000155-003,siasat,O
000155-003,",""",O
000155-003,pinta,O
000155-003,Muhammad,B_PERSON
000155-003,bin,I_PERSON
000155-003,Maslamah,I_PERSON
000155-003,.,O
000155-003,"""",O
000155-003,Katakanlah,O
000155-003,!,O
000155-003,Inilah,O
000155-003,skenarionya,O
000155-003,untuk,O
000155-003,menjebak,O
000155-003,Ka'b,B_PERSON
000155-003,.,O
000155-003,Muhammad,B_PERSON
000155-003,bin,I_PERSON
000155-003,Maslamah,O
000155-003,akan,O
000155-003,mendatangi,O
000155-003,Ka'b,B_PERSON
000155-003,bin,I_PERSON
000155-003,Al-Asyraf,O
000155-003,sambil,O
000155-003,berkata,O
000155-003,",",O
000155-003,"""",O
000155-003,Sesungguhnya,O
000155-003,Muhammad,B_PERSON
000155-003,telah,O
000155-003,meminta,O
000155-003,sedekah,O
000155-003,kepada,O
000155-003,kami,O
000155-003,",",O
000155-003,namun,O
000155-003,begitu,O
000155-003,dia,O
000155-003,juga,O
000155-003,telah,O
000155-003,banyak,O
000155-003,menolong,O
000155-003,kami,O
000155-003,".""",O
000155-003,katanya,O
000155-003,seolah-olah,O
000155-003,dia,O
000155-003,tidak,O
000155-003,suka,O
000155-003,terhadap,O
000155-003,Rasulullah,B_PERSON
000155-003,Ka'b,B_PERSON
000155-003,berkata,O
000155-003,",",O
000155-003,"""",O
000155-003,Kamu,O
000155-003,pasti,O
000155-003,akan,O
000155-003,merasa,O
000155-003,bosan,O
000155-003,menghadapinya,O
000155-003,".""",O
000155-003,Muhammad,B_PERSON
000155-003,bin,I_PERSON
000155-003,Maslamah,I_PERSON
000155-003,berkata,O
000155-003,",",O
000155-003,"""",O
000155-003,Sesungguhnya,O
000155-003,kami,O
000155-003,telah,O
000155-003,meng-,O
000155-003,ikutinya,O
000155-003,.,O
000155-003,Kami,O
000155-003,tidak,O
000155-003,akan,O
000155-003,meninggalkannya,O
000155-003,sebelum,O
000155-003,tahu,O
000155-003,kemana,O
000155-003,dia,O
000155-003,akan,O
000155-003,membawa,O
000155-003,urusannya,O
000155-003,.,O
000155-003,Untuk,O
000155-003,itu,O
000155-003,beri,O
000155-003,kami,O
000155-003,pinjaman,O
000155-003,beberapa,O
000155-003,gantang,O
000155-003,.,O
000155-003,"""",O
000155-003,Kalau,O
000155-003,begitu,O
000155-003,serahkan,O
000155-003,jaminannya,O
000155-003,",""",O
000155-003,kata,O
000155-003,Ka'b,B_PERSON
000155-003,.,O
000158-003,Maka,O
000158-003,Abu,B_PERSON
000158-003,Azzah,I_PERSON
000158-003,bangkit,O
000158-003,membangkitkan,O
000158-003,semangat,O
000158-003,berbagai,O
000158-003,kabilah,O
000158-003,dengan,O
000158-003,syair-syairnya,O
000158-003,.,O
000158-003,Mereka,O
000158-003,juga,O
000158-003,menggunakan,O
000158-003,penyair,O
000158-003,lain,O
000158-003,untuk,O
000158-003,tugas,O
000158-003,ini,O
000158-003,",",O
000158-003,yaitu,O
000158-003,Musafi',B_PERSON
000158-003,bin,I_PERSON
000158-003,Abdi,I_PERSON
000158-003,Manaf,O
000158-003,Al-Jumahi,O
000158-003,Abu,B_PERSON
000158-003,Sufyan,I_PERSON
000158-003,adalah,O
000158-003,orang,O
000158-003,paling,O
000158-003,bersemangat,O
000158-003,melakukan,O
000158-003,persiapan,O
000158-003,menghadapi,O
000158-003,orang-orang,O
000158-003,Muslim,O
000158-003,",",O
000158-003,setelah,O
000158-003,dia,O
000158-003,kembali,O
000158-003,dari,O
000158-003,Perang,B_EVENT
000158-003,Sawiq,I_EVENT
000158-003,dengan,O
000158-003,tangan,O
000158-003,hampa,O
000158-003,",",O
000158-003,dan,O
000158-003,bahkan,O
000158-003,dia,O
000158-003,kehilangan,O
000158-003,harta,O
000158-003,yang,O
000158-003,cukup,O
000158-003,banyak,O
000158-003,saat,O
000158-003,itu,O
000158-003,.,O
000158-003,Bara,O
000158-003,semakin,O
000158-003,menyala,O
000158-003,setelah,O
000158-003,yang,O
000158-003,terakhir,O
000158-003,kali,O
000158-003,orang-orang,O
000158-003,Quraisy,O
000158-003,ke-,O
000158-003,hilangan,O
000158-003,barang,O
000158-003,dagangannya,O
000158-003,di,O
000158-003,tangan,O
000158-003,satuan,O
000158-003,pasukan,O
000158-003,Muslimin,O
000158-003,yang,O
000158-003,dipimpin,O
000158-003,Zaid,B_PERSON
000158-003,bin,I_PERSON
000158-003,Haritsah,I_PERSON
000158-003,",",O
000158-003,dan,O
000158-003,bahkan,O
000158-003,mengancam,O
000158-003,ekonomi,O
000158-003,mereka,O
000158-003,.,O
000158-003,Kesedihan,O
000158-003,dan,O
000158-003,kegalauan,O
000158-003,yang,O
000158-003,bertumpuk-tumpuk,O
000158-003,ini,O
000158-003,semakin,O
000158-003,mendorong,O
000158-003,mereka,O
000158-003,untuk,O
000158-003,cepat-cepat,O
000158-003,mengadakan,O
000158-003,persiapan,O
000158-003,perang,B_EVENT
000158-003,melawan,O
000158-003,orang-orang,O
000158-003,Muslim,O
000159-001,Setelah,O
000159-001,genap,O
000159-001,setahun,O
000159-001,",",O
000159-001,persiapan,O
000159-001,mereka,O
000159-001,benar-benar,O
000159-001,sudah,O
000159-001,matang,O
000159-001,.,O
000159-001,Tidak,O
000159-001,kurang,O
000159-001,dari,O
000159-001,tiga,O
000159-001,ribu,O
000159-001,prajurit,O
000159-001,Quraisy,O
000159-001,sudah,O
000159-001,berhimpun,O
000159-001,bersama,O
000159-001,sekutu-sekutu,O
000159-001,mereka,O
000159-001,dan,O
000159-001,kabilah-kabilah,O
000159-001,kecil,O
000159-001,.,O
000159-001,Para,O
000159-001,pemimpin,O
000159-001,Quraisy,O
000159-001,berpikir,O
000159-001,untuk,O
000159-001,membawa,O
000159-001,serta,O
000159-001,para,O
000159-001,wanita,O
000159-001,.,O
000159-001,Karena,O
000159-001,hal,O
000159-001,ini,O
000159-001,dianggap,O
000159-001,bisa,O
000159-001,mengangkat,O
000159-001,semangat,O
000159-001,mereka,O
000159-001,.,O
000159-001,Adapun,O
000159-001,jumlah,O
000159-001,wanita,O
000159-001,yang,O
000159-001,diikutsertakan,O
000159-001,ada,O
000159-001,lima,O
000159-001,belas,O
000159-001,orang,O
000159-001,Hewan,O
000159-001,pengangkut,O
000159-001,dalam,O
000159-001,pasukan,O
000159-001,Makkah,B_LOCATION
000159-001,ini,O
000159-001,ada,O
000159-001,tiga,O
000159-001,ribu,O
000159-001,onta,O
000159-001,Penunggang,O
000159-001,kudanya,O
000159-001,ada,O
000159-001,dua,O
000159-001,ratus,O
000159-001,",",O
000159-001,yang,O
000159-001,disebar,O
000159-001,di,O
000159-001,sepanjang,O
000159-001,jalan,O
000159-001,yang,O
000159-001,dilaluinya,O
000159-001,",",O
000159-001,dan,O
000159-001,mengenakan,O
000159-001,baju,O
000159-001,besi,O
000159-001,ada,O
000159-001,tujuh,O
000159-001,ratus,O
000159-001,orang,O
000159-001,Komandan,O
000159-001,pasukan,O
000159-001,yang,O
000159-001,tertinggi,O
000159-001,dipegang,O
000159-001,Abu,B_PERSON
000159-001,Sufyan,I_PERSON
000159-001,bin,I_PERSON
000159-001,Harb,I_PERSON
000159-001,.,O
000159-001,komandan,O
000159-001,pasukan,O
000159-001,penunggang,O
000159-001,kuda,O
000159-001,dipimpin,O
000159-001,Khalid,B_PERSON
000159-001,bin,I_PERSON
000159-001,Al-Walid,I_PERSON
000159-001,",",O
000159-001,dibantu,O
000159-001,Ikrimah,B_PERSON
000159-001,bin,I_PERSON
000159-001,Abu,I_PERSON
000159-001,Jahl,I_PERSON
000159-001,.,O
000159-001,Adapun,O
000159-001,bendera,O
000159-001,perang,B_EVENT
000159-001,disertakan,O
000159-001,kepada,O
000159-001,Bani,O
000159-001,Abdid-,B_PERSON
000161-001,Al-Abbas,B_PERSON
000161-001,bin,I_PERSON
000161-001,Abdul,I_PERSON
000161-001,Muththalib,I_PERSON
000161-001,yang,O
000161-001,masih,O
000161-001,menetap,O
000161-001,di,O
000161-001,Makkah,B_LOCATION
000161-001,terus,O
000161-001,memata-matai,O
000161-001,setiap,O
000161-001,tindakan,O
000161-001,Quraisy,O
000161-001,dan,O
000161-001,persiapan,O
000161-001,militer,O
000161-001,mereka,O
000161-001,.,O
000161-001,Setelah,O
000161-001,pasukan,O
000161-001,berangkat,O
000161-001,",",O
000161-001,maka,O
000161-001,Al-Abbas,B_PERSON
000161-001,mengirim,O
000161-001,kabar,O
000161-001,surat,O
000161-001,kilat,O
000161-001,kepada,O
000161-001,Nabi,O
000161-001,",",O
000161-001,berupa,O
000161-001,kabar,O
000161-001,secara,O
000161-001,rinci,O
000161-001,tentang,O
000161-001,pasukan,O
000161-001,Quraisy,O
000161-001,Secepat,O
000161-001,kilat,O
000161-001,utusan,O
000161-001,Al-Abbas,B_PERSON
000161-001,pergi,O
000161-001,menyampaikan,O
000161-001,surat,O
000161-001,",",O
000161-001,menempuh,O
000161-001,perjalanan,O
000161-001,antara,O
000161-001,Makkah,B_LOCATION
000161-001,dan,O
000161-001,Madinah,B_LOCATION
000161-001,hanya,O
000161-001,jangka,O
000161-001,waktu,O
000161-001,tiga,O
000161-001,hari,O
000161-001,.,O
000161-001,Dia,O
000161-001,menyertakan,O
000161-001,surat,O
000161-001,itu,O
000161-001,tatkala,O
000161-001,beliau,O
000161-001,sedang,O
000161-001,berada,O
000161-001,di,O
000161-001,masjid,O
000161-001,Quba',O
000161-001,.,O
000161-001,Beliau,O
000161-001,menyuruh,O
000161-001,Ubay,B_PERSON
000161-001,bin,I_PERSON
000161-001,Ka'b,I_PERSON
000161-001,untuk,O
000161-001,membacakan,O
000161-001,surat,O
000161-001,tersebut,O
000161-001,dan,O
000161-001,memerintahkan,O
000161-001,untuk,O
000161-001,merahasiakannya,O
000161-001,.,O
000161-001,Seketika,O
000161-001,itu,O
000161-001,pula,O
000161-001,beliau,O
000161-001,pergi,O
000161-001,ke,O
000161-001,Madinah,B_LOCATION
000161-001,",",O
000161-001,lalu,O
000161-001,merembugkan,O
000161-001,permasalahannya,O
000161-001,dengan,O
000161-001,para,O
000161-001,pemuka,O
000161-001,Muhajirin,O
000161-001,dan,O
000161-001,Anshar,O
000161-001,.,O
000164-001,Kabar,O
000164-001,tentang,O
000164-001,pasukan,O
000164-001,Makkah,B_LOCATION
000164-001,terus-menerus,O
000164-001,disampaikan,O
000164-001,mata-mata,O
000164-001,.,O
000164-001,termasuk,O
000164-001,kabar,O
000164-001,terakhir,O
000164-001,tentang,O
000164-001,tempat,O
000164-001,yang,O
000164-001,diambil,O
000164-001,pasukan,O
000164-001,Makkah,B_LOCATION
000164-001,.,O
000164-001,Saat,O
000164-001,itu,O
000164-001,Rasulullah,B_PERSON
000164-001,sedang,O
000164-001,menggelar,O
000164-001,Majlis,O
000164-001,Permusyawaratan,O
000164-001,Militer,O
000164-001,",",O
000164-001,untuk,O
000164-001,menampung,O
000164-001,berbagai,O
000164-001,pendapat,O
000164-001,dan,O
000164-001,menetapkan,O
000164-001,sikap,O
000164-001,.,O
000164-001,Dalam,O
000164-001,kesempatan,O
000164-001,itu,O
000164-001,beliau,O
000164-001,juga,O
000164-001,menceritakan,O
000164-001,mimpi,O
000164-001,yang,O
000164-001,dialaminya,O
000164-001,.,O
000164-001,Beliau,O
000164-001,bersabda,O
000164-001,",",O
000164-001,"""",O
000164-001,Demi,O
000164-001,Allah,O
000164-001,",",O
000164-001,aku,O
000164-001,telah,O
000164-001,bermimpi,O
000164-001,bagus,O
000164-001,.,O
000164-001,Dalam,O
000164-001,mimpi,O
000164-001,itu,O
000164-001,kulihat,O
000164-001,beberapa,O
000164-001,ekor,O
000164-001,lembu,O
000164-001,yang,O
000164-001,disembelih,O
000164-001,",",O
000164-001,kulihat,O
000164-001,di,O
000164-001,mata,O
000164-001,pedangku,O
000164-001,ada,O
000164-001,rompal,O
000164-001,dan,O
000164-001,aku,O
000164-001,memasukkan,O
000164-001,tanganku,O
000164-001,ke,O
000164-001,dalam,O
000164-001,baju,O
000164-001,besi,O
000164-001,yang,O
000164-001,kokoh,O
000164-001,".""",O
000164-001,Beberapa,O
000164-001,ekor,O
000164-001,sapi,O
000164-001,itu,O
000164-001,dita'wili,O
000164-001,dengan,O
000164-001,beberapa,O
000164-001,orang,O
000164-001,para,O
000164-001,sahabat,O
000164-001,yang,O
000164-001,terbunuh,O
000164-001,",",O
000164-001,mata,O
000164-001,pedang,O
000164-001,beliau,O
000164-001,yang,O
000164-001,rompal,O
000164-001,dita'wili,O
000164-001,dengan,O
000164-001,anggota,O
000164-001,keluarga,O
000164-001,beliau,O
000164-001,yang,O
000164-001,tertimpa,O
000164-001,musibah,O
000164-001,dan,O
000164-001,baju,O
000164-001,besi,O
000164-001,dita'wili,O
000164-001,dengan,O
000164-001,Madinah,B_LOCATION
000164-001,.,O
000164-001,Dengan,O
000164-001,mimpinya,O
000164-001,itu,O
000164-001,beliau,O
000164-001,mengusulkan,O
000164-001,kepada,O
000164-001,para,O
000164-001,sahabat,O
000164-001,agar,O
000164-001,tidak,O
000164-001,perlu,O
000164-001,keluar,O
000164-001,dari,O
000164-001,Madinah,B_LOCATION
000164-001,",",O
000164-001,cukup,O
000164-001,bertahan,O
000164-001,di,O
000164-001,Madinah,B_LOCATION
000164-001,.,O
000164-001,Jika,O
000164-001,orang-orang,O
000164-001,musyrik,O
000164-001,ingin,O
000164-001,tetap,O
000164-001,bertahan,O
000164-001,di,O
000164-001,luar,O
000164-001,Madinah,B_LOCATION
000164-001,tanpa,O
000164-001,mau,O
000164-001,melakukan,O
000164-001,serangan,O
000164-001,",",O
000164-001,biarlah,O
000164-001,mereka,O
000164-001,berbuat,O
000164-001,begitu,O
000164-001,dan,O
000164-001,keadaan,O
000164-001,ini,O
000164-001,dibiarkan,O
000164-001,menggantung,O
000164-001,tanpa,O
000164-001,kejelasan,O
000164-001,.,O
000164-001,Jika,O
000164-001,mereka,O
000164-001,masuk,O
000164-001,ke,O
000164-001,Madinah,B_LOCATION
000164-001,",",O
000164-001,maka,O
000164-001,orang-orang,O
000164-001,Muslim,O
000164-001,akan,O
000164-001,menyerbu,O
000164-001,mereka,O
000164-001,dari,O
000164-001,mulut-mulut,O
000164-001,gang,O
000164-001,dan,O
000164-001,para,O
000164-001,wanita,O
000164-001,melancarkan,O
000164-001,serangan,O
000164-001,dari,O
000164-001,atap-atap,O
000164-001,rumah,O
000164-001,.,O
000164-001,Inilah,O
000164-001,pendapat,O
000164-001,yang,O
000164-001,disampaikan,O
000164-001,.,O
000164-001,Abdullah,B_PERSON
000164-001,bin,I_PERSON
000164-001,Ubay,I_PERSON
000164-001,sangat,O
000164-001,menyetujui,O
000164-001,pendapat,O
000164-001,ini,O
000164-001,",",O
000164-001,yang,O
000164-001,saat,O
000164-001,itu,O
000164-001,dia,O
000164-001,juga,O
000164-001,ikut,O
000164-001,hadir,O
000164-001,dalam,O
000164-001,Majlis,O
000164-001,Permusyawaratan,O
000164-001,sebagai,O
000164-001,wakil,O
000164-001,dari,O
000164-001,pemuka,O
000164-001,Khazraj,O
000164-001,.,O
000164-002,Abdullah,B_PERSON
000164-002,bin,I_PERSON
000164-002,Ubay,I_PERSON
000164-002,sangat,O
000164-002,menyetujui,O
000164-002,pendapat,O
000164-002,ini,O
000164-002,",",O
000164-002,yang,O
000164-002,saat,O
000164-002,itu,O
000164-002,dia,O
000164-002,juga,O
000164-002,ikut,O
000164-002,hadir,O
000164-002,dalam,O
000164-002,Majlis,O
000164-002,Permusyawaratan,O
000164-002,sebagai,O
000164-002,wakil,O
000164-002,dari,O
000164-002,pemuka,O
000164-002,Khazraj,O
000164-002,.,O
000164-002,Dia,O
000164-002,menyetujui,O
000164-002,pendapat,O
000164-002,ini,O
000164-002,bukan,O
000164-002,karena,O
000164-002,faktor,O
000164-002,strategi,O
000164-002,perang,O
000164-002,",",O
000164-002,tetapi,O
000164-002,agar,O
000164-002,memungkinkan,O
000164-002,baginya,O
000164-002,untuk,O
000164-002,menjauhi,O
000164-002,peperangan,O
000164-002,tanpa,O
000164-002,mencolok,O
000164-002,mata,O
000164-002,dan,O
000164-002,dia,O
000164-002,bisa,O
000164-002,menyelinap,O
000164-002,tanpa,O
000164-002,diketahui,O
000164-002,seorang,O
000164-002,pun,O
000164-002,.,O
000164-002,Namun,O
000164-002,Allah,O
000164-002,berkeinginan,O
000164-002,melecehkan,O
000164-002,dirinya,O
000164-002,dan,O
000164-002,rekan-rekannya,O
000164-002,di,O
000164-002,hadapan,O
000164-002,orang-orang,O
000164-002,Muslim,O
000164-002,untuk,O
000164-002,pertama,O
000164-002,kalinya,O
000164-002,",",O
000164-002,dan,O
000164-002,menyingkap,O
000164-002,tabir,O
000164-002,yang,O
000164-002,di,O
000164-002,belakangnya,O
000164-002,ada,O
000164-002,kekufuran,O
000164-002,dan,O
000164-002,kemunafikan,O
000164-002,.,O
000164-002,Sehingga,O
000164-002,dalam,O
000164-002,kondisi,O
000164-002,yang,O
000164-002,sangat,O
000164-002,rawan,O
000164-002,itu,O
000164-002,orang-orang,O
000164-002,Muslim,O
000164-002,bisa,O
000164-002,mengetahui,O
000164-002,ular-ular,O
000164-002,berbisa,O
000164-002,yang,O
000164-002,menyelinap,O
000164-002,di,O
000164-002,balik,O
000164-002,kesamar-samaran,O
000164-002,.,O
000164-002,Sekumpulan,O
000164-002,para,O
000164-002,sahabat,O
000164-002,yang,O
000164-002,tidak,O
000164-002,ikut,O
000164-002,serta,O
000164-002,dalam,O
000164-002,Perang,B_EVENT
000164-002,Badr,I_EVENT
000164-002,se-,O
000164-002,belumnya,O
000164-002,",",O
000164-002,mengusulkan,O
000164-002,kepada,O
000164-002,Nabi,O
000164-002,agar,O
000164-002,keluar,O
000164-002,dari,O
000164-002,Madinah,B_LOCATION
000164-002,.,O
000164-002,Bahkan,O
000164-002,mereka,O
000164-002,sangat,O
000164-002,ngotot,O
000164-002,dengan,O
000164-002,usulannya,O
000164-002,ini,O
000164-002,",",O
000164-002,sehingga,O
000164-002,ada,O
000164-002,di,O
000164-002,antara,O
000164-002,mereka,O
000164-002,yang,O
000164-002,berkata,O
000164-002,",",O
000164-002,"""",O
000164-002,Wahai,O
000164-002,Rasulullah,B_PERSON
000164-002,",",O
000164-002,sejak,O
000164-002,dulu,O
000164-002,kami,O
000164-002,sudah,O
000164-002,mengharapkan,O
000164-002,hari,O
000164-002,seperti,O
000164-002,ini,O
000164-002,dan,O
000164-002,kami,O
000164-002,selalu,O
000164-002,berdoa,O
000164-002,kepada,O
000164-002,Allah,O
000164-002,.,O
000164-002,Dia,O
000164-002,sudah,O
000164-002,menuntun,O
000164-002,kami,O
000164-002,dan,O
000164-002,tempat,O
000164-002,yang,O
000164-002,dituju,O
000164-002,sudah,O
000164-002,dekat,O
000164-002,.,O
000164-002,Keluarlah,O
000164-002,untuk,O
000164-002,menghadapi,O
000164-002,musuh-musuh,O
000164-002,kita,O
000164-002,",",O
000164-002,agar,O
000164-002,mereka,O
000164-002,tidak,O
000164-002,menganggap,O
000164-002,kita,O
000164-002,takut,O
000164-002,kepada,O
000164-002,mereka,O
000164-002,".""",O
000164-002,Di,O
000164-002,antara,O
000164-002,tokoh,O
000164-002,kelompok,O
000164-002,yang,O
000164-002,sangat,O
000164-002,berantusias,O
000164-002,ini,O
000164-002,adalah,O
000164-002,Hamzah,B_PERSON
000164-002,bin,I_PERSON
000164-002,Abdul,I_PERSON
000164-002,Muththalib,I_PERSON
000164-002,",",O
000164-002,paman,O
000164-002,Rasulullah,B_PERSON
000164-002,",",O
000164-002,yang,O
000164-002,pada,O
000164-002,Perang,B_EVENT
000164-002,Badr,I_EVENT
000164-002,dia,O
000164-002,hanya,O
000164-002,menggantungkan,O
000164-002,pedangnya,O
000164-002,.,O
000166-002,dari,O
000166-002,Rafi',O
000166-002,",",O
000166-002,karena,O
000166-002,aku,O
000166-002,pernah,O
000166-002,mengalahkannya,O
000166-002,".""",O
000166-002,Tatkala,O
000166-002,hal,O
000166-002,ini,O
000166-002,disampaikan,O
000166-002,kepada,O
000166-002,Rasulullah,B_PERSON
000166-002,",",O
000166-002,maka,O
000166-002,beliau,O
000166-002,memerintahkan,O
000166-002,agar,O
000166-002,keduanya,O
000166-002,bertanding,O
000166-002,di,O
000166-002,hadapan,O
000166-002,beliau,O
000166-002,",",O
000166-002,dan,O
000166-002,ternyata,O
000166-002,Samurah,O
000166-002,dapat,O
000166-002,mengalahkan,O
000166-002,Raft',O
000166-002,.,O
000166-002,Maka,O
000166-002,dia,O
000166-002,pun,O
000166-002,diperbolehkan,O
000166-002,untuk,O
000166-002,Karena,O
000166-002,sudah,O
000166-002,petang,O
000166-002,",",O
000166-002,beliau,O
000166-002,berhenti,O
000166-002,di,O
000166-002,tempat,O
000166-002,itu,O
000166-002,",",O
000166-002,lalu,O
000166-002,shalat,O
000166-002,Magrib,O
000166-002,.,O
000166-002,kemudian,O
000166-002,Isya',O
000166-002,bersama,O
000166-002,seluruh,O
000166-002,pasukan,O
000166-002,",",O
000166-002,dan,O
000166-002,diputuskan,O
000166-002,untuk,O
000166-002,tetap,O
000166-002,berada,O
000166-002,di,O
000166-002,sana,O
000166-002,.,O
000166-002,Beliau,O
000166-002,memilih,O
000166-002,lima,O
000166-002,puluh,O
000166-002,orang,O
000166-002,untuk,O
000166-002,berjaga-jaga,O
000166-002,dan,O
000166-002,berkeliling,O
000166-002,di,O
000166-002,sekitar,O
000166-002,pasukan,O
000166-002,.,O
000166-002,Beliau,O
000166-002,menunjuk,O
000166-002,Dzakwan,B_PERSON
000166-002,bin,I_PERSON
000166-002,Abd,I_PERSON
000166-002,Qais,I_PERSON
000166-002,sebagai,O
000166-002,penjaga,O
000166-002,beliau,O
000166-002,secara,O
000166-002,khusus,O
000166-002,.,O
000167-001,Sesaat,O
000167-001,sebelum,O
000167-001,fajar,O
000167-001,menyingsing,O
000167-001,",",O
000167-001,selagi,O
000167-001,shalat,O
000167-001,subuh,O
000167-001,hampir,O
000167-001,dilaksanakan,O
000167-001,.,O
000167-001,sementara,O
000167-001,musuh,O
000167-001,sudah,O
000167-001,dapat,O
000167-001,dilihat,O
000167-001,dan,O
000167-001,musuh,O
000167-001,pun,O
000167-001,dapat,O
000167-001,melihat,O
000167-001,mereka,O
000167-001,tiba-tiba,O
000167-001,Abdullah,B_PERSON
000167-001,bin,I_PERSON
000167-001,Ubay,I_PERSON
000167-001,membelot,O
000167-001,.,O
000167-001,Tidak,O
000167-001,kurang,O
000167-001,dari,O
000167-001,sepertiga,O
000167-001,anggota,O
000167-001,pasukan,O
000167-001,yang,O
000167-001,menarik,O
000167-001,diri,O
000167-001,.,O
000167-001,Mereka,O
000167-001,berkata,O
000167-001,",",O
000167-001,"""",O
000167-001,Kita,O
000167-001,tidak,O
000167-001,tahu,O
000167-001,atas,O
000167-001,dasar,O
000167-001,apa,O
000167-001,kita,O
000167-001,memerangi,O
000167-001,diri,O
000167-001,kita,O
000167-001,sendiri,O
000167-001,"?""",O
000167-001,Abdullah,B_PERSON
000167-001,bin,I_PERSON
000167-001,Ubay,I_PERSON
000167-001,beralasan,O
000167-001,",",O
000167-001,karena,O
000167-001,Nabi,O
000167-001,mengabaikan,O
000167-001,pendapatnya,O
000167-001,yang,O
000167-001,lebih,O
000167-001,suka,O
000167-001,mendengarkan,O
000167-001,pendapat,O
000167-001,orang,O
000167-001,lain,O
000167-001,.,O
000167-001,Tidak,O
000167-001,dapat,O
000167-001,diragukan,O
000167-001,sebab,O
000167-001,pembelotan,O
000167-001,ini,O
000167-001,bukan,O
000167-001,seperti,O
000167-001,diungkapkan,O
000167-001,tokoh,O
000167-001,orang-orang,O
000167-001,munafik,O
000167-001,ini,O
000167-001,",",O
000167-001,karena,O
000167-001,beliau,O
000167-001,mengabaikan,O
000167-001,pendapatnya,O
000167-001,.,O
000167-001,Kalau,O
000167-001,tidak,O
000167-001,",",O
000167-001,buat,O
000167-001,apa,O
000167-001,dia,O
000167-001,ikut,O
000167-001,ke,O
000167-001,tempat,O
000167-001,itu,O
000167-001,?,O
000167-001,Kalau,O
000167-001,pun,O
000167-001,itu,O
000167-001,sebabnya,O
000167-001,",",O
000167-001,tentu,O
000167-001,dia,O
000167-001,akan,O
000167-001,menolak,O
000167-001,sejak,O
000167-001,akan,O
000167-001,berangkat,O
000167-001,.,O
000167-001,Tujuannya,O
000167-001,yang,O
000167-001,pokok,O
000167-001,adalah,O
000167-001,ingin,O
000167-001,menimbulkan,O
000167-001,keguncangan,O
000167-001,dan,O
000167-001,keresahan,O
000167-001,di,O
000167-001,tengah,O
000167-001,pasukan,O
000167-001,Muslimin,O
000167-001,",",O
000167-001,setelah,O
000167-001,mendengar,O
000167-001,dan,O
000167-001,melihat,O
000167-001,pasukan,O
000167-001,musuh,O
000167-001,",",O
000167-001,sehingga,O
000167-001,banyak,O
000167-001,orang,O
000167-001,yang,O
000167-001,mundur,O
000167-001,dari,O
000167-001,pasukan,O
000167-001,Nabi,O
000167-001,dan,O
000167-001,sisanya,O
000167-001,yang,O
000167-001,masih,O
000167-001,bergabung,O
000167-001,bersama,O
000167-001,beliau,O
000167-001,menjadi,O
000167-001,jatuh,O
000167-001,mentalnya,O
000167-001,sementara,O
000167-001,keberanian,O
000167-001,musuh,O
000167-001,semakin,O
000167-001,meningkat,O
000167-001,dan,O
000167-001,semangatnya,O
000167-001,semakin,O
000167-001,membara,O
000167-001,karena,O
000167-001,melihat,O
000167-001,kenyataan,O
000167-001,ini,O
000167-001,.,O
000167-001,Cara,O
000167-001,ini,O
000167-001,bisa,O
000167-001,mempercepat,O
000167-001,kehancuran,O
000167-001,Nabi,O
000167-001,dan,O
000167-001,para,O
000167-001,sahabat,O
000167-001,.,O
000167-001,Setelah,O
000167-001,itu,O
000167-001,kejayaan,O
000167-001,dan,O
000167-001,kepemimpinan,O
000167-001,di,O
000167-001,Madinah,B_LOCATION
000167-001,bisa,O
000167-001,berada,O
000167-001,di,O
000167-001,tangan,O
000167-001,orang,O
000167-001,munafik,O
000167-001,ini,O
000167-001,.,O
000167-001,Hampir,O
000167-001,saja,O
000167-001,Abdullah,B_PERSON
000167-001,bin,I_PERSON
000167-001,Ubay,I_PERSON
000167-001,berhasil,O
000167-001,mewujudkan,O
000167-001,rencananya,O
000167-001,.,O
000167-001,Dua,O
000167-001,golongan,O
000167-001,yang,O
000167-001,bergabung,O
000167-001,dalam,O
000167-001,pasukan,O
000167-001,Muslimin,O
000167-001,",",O
000167-001,Bani,O
000167-001,Haritsh,I_PERSON
000167-001,dari,O
000167-001,Aus,O
000167-001,dan,O
000167-001,Bani,O
000167-001,Salimah,I_PERSON
000167-001,dari,O
000167-001,Khazraj,O
000167-001,hampir,O
000167-001,saja,O
000167-001,kehilangan,O
000167-001,semangat,O
000167-001,.,O
000167-002,Dua,O
000167-002,golongan,O
000167-002,yang,O
000167-002,bergabung,O
000167-002,dalam,O
000167-002,pasukan,O
000167-002,Muslimin,O
000167-002,",",O
000167-002,Bani,O
000167-002,Haritsh,O
000167-002,dari,O
000167-002,Aus,O
000167-002,dan,O
000167-002,Bani,O
000167-002,Salimah,O
000167-002,dari,O
000167-002,Khazraj,O
000167-002,hampir,O
000167-002,saja,O
000167-002,kehilangan,O
000167-002,semangat,O
000167-002,.,O
000167-002,Tetapi,O
000167-002,Allah,O
000167-002,cepat,O
000167-002,menguasai,O
000167-002,dua,O
000167-002,golongan,O
000167-002,ini,O
000167-002,",",O
000167-002,sehingga,O
000167-002,mereka,O
000167-002,menjadi,O
000167-002,tegar,O
000167-002,kembali,O
000167-002,Padahal,O
000167-002,sebelum,O
000167-002,itu,O
000167-002,dua,O
000167-002,golongan,O
000167-002,ini,O
000167-002,sudah,O
000167-002,kehilangan,O
000167-002,semangat,O
000167-002,dan,O
000167-002,hampir,O
000167-002,saja,O
000167-002,mengundurkan,O
000167-002,diri,O
000167-002,.,O
000167-002,Allah,O
000167-002,berfirman,O
000167-002,tentang,O
000167-002,dua,O
000167-002,golongan,O
000167-002,ini,O
000167-002,.,O
000167-002,171,O
000167-002,Umur,O
000167-002,keduanya,O
000167-002,saat,O
000167-002,itu,O
000167-002,lima,O
000167-002,belas,O
000167-002,tahun,O
000167-002,",",O
000167-002,pent,O
000167-002,.,O
000167-002,JI,O
000167-002,ET,O
000167-002,"""",O
000167-002,Ketika,O
000167-002,dua,O
000167-002,golongan,O
000167-002,dari,O
000167-002,kalian,O
000167-002,ingin,O
000167-002,(,O
000167-002,mundur,O
000167-002,),O
000167-002,karena,O
000167-002,takut,O
000167-002,",",O
000167-002,padahal,O
000167-002,Allah,O
000167-002,adalah,O
000167-002,penolong,O
000167-002,bagi,O
000167-002,kedua,O
000167-002,golongan,O
000167-002,itu,O
000167-002,.,O
000167-002,Karena,O
000167-002,itu,O
000167-002,hendaklah,O
000167-002,kepada,O
000167-002,Allah,O
000167-002,saja,O
000167-002,orang-orang,O
000167-002,Mukmin,O
000167-002,bertawakal,O
000167-002,.,O
000167-002,"""",O
000167-002,Saat,O
000167-002,itu,O
000167-002,Abdullah,B_PERSON
000167-002,bin,I_PERSON
000167-002,Haram,I_PERSON
000167-002,",",O
000167-002,anak,O
000167-002,Jabir,B_PERSON
000167-002,bin,I_PERSON
000167-002,Abdullah,I_PERSON
000167-002,",",O
000167-002,berusaha,O
000167-002,meng-,O
000167-002,ingatkan,O
000167-002,orang-orang,O
000167-002,munafik,O
000167-002,itu,O
000167-002,",",O
000167-002,apa,O
000167-002,yang,O
000167-002,seharusnya,O
000167-002,mereka,O
000167-002,kerjakan,O
000167-002,dalam,O
000167-002,situasi,O
000167-002,yang,O
000167-002,kritis,O
000167-002,seperti,O
000167-002,ini,O
000167-002,.,O
000167-002,Dia,O
000167-002,terus,O
000167-002,membuntuti,O
000167-002,mereka,O
000167-002,",",O
000167-002,mendoakan,O
000167-002,keburukan,O
000167-002,bagi,O
000167-002,mereka,O
000167-002,dan,O
000167-002,meminta,O
000167-002,agar,O
000167-002,mereka,O
000167-002,kembali,O
000167-002,ke,O
000167-002,medan,O
000167-002,perang,O
000167-002,Dia,O
000167-002,berkata,O
000167-002,",",O
000167-002,"""",O
000167-002,Marilah,O
000167-002,berperang,O
000167-002,di,O
000167-002,jalan,O
000167-002,Allah,O
000167-002,atau,O
000167-002,tak,O
000167-002,ada,O
000167-002,salahnya,O
000167-002,kalian,O
000167-002,bertahan,O
000167-002,saja,O
000167-002,".""",O
000167-002,Mereka,O
000167-002,menjawab,O
000167-002,",",O
000167-002,"""",O
000167-002,Andaikan,O
000167-002,kami,O
000167-002,tahu,O
000167-002,kalian,O
000167-002,hendak,O
000167-002,berperang,O
000167-002,",",O
000167-002,tentu,O
000167-002,kami,O
000167-002,tidak,O
000167-002,akan,O
000167-002,Akhirnya,O
000167-002,Abdullah,B_PERSON
000167-002,bin,I_PERSON
000167-002,Haram,I_LOCATION
000167-002,kembali,O
000167-002,ke,O
000167-002,medan,O
000167-002,perang,O
000167-002,sambil,O
000167-002,berkata,O
000167-002,.,O
000167-002,"""",O
000167-002,Semoga,O
000167-002,Allah,O
000167-002,menjauhkan,O
000167-002,kalian,O
000167-002,wahai,O
000167-002,musuh-musuh,O
000167-002,Allah,O
000167-002,.,O
000167-002,Sehingga,O
000167-002,Allah,O
000167-002,membuat,O
000167-002,Nabi-Nya,O
000167-002,tidak,O
000167-002,membutuhkan,O
000167-002,kehadiran,O
000167-002,diri,O
000167-002,kalian,O
000167-002,".""",O
000167-002,Tentang,O
000167-002,orang-orang,O
000167-002,munafik,O
000167-002,ini,O
000167-002,Allah,O
000167-002,berfirman,O
000167-002,",",O
000167-002,"""",O
000167-002,Dan,O
000167-002,",",O
000167-002,supaya,O
000167-002,Allah,O
000167-002,mengetahui,O
000167-002,siapa,O
000167-002,orang-orang,O
000167-002,yang,O
000167-002,munafik,O
000167-002,.,O
000167-002,Kepada,O
000167-002,mereka,O
000167-002,dikatakan,O
000167-002,",",O
000167-002,'Marilah,O
000167-002,berperang,O
000167-002,di,O
000167-002,jalan,O
000167-002,Allah,O
000167-002,atau,O
000167-002,pertahankanlah,O
000167-002,(,O
000167-002,diri,O
000167-002,kalian,O
000167-002,).,O
000169-003,Pengaturan,O
000169-003,ini,O
000169-003,merupakan,O
000169-003,strategi,O
000169-003,yang,O
000169-003,sangat,O
000169-003,bijaksana,O
000169-003,dan,O
000169-003,sekaligus,O
000169-003,amat,O
000169-003,detil,O
000169-003,",",O
000169-003,yang,O
000169-003,menggambarkan,O
000169-003,kecerdikan,O
000169-003,Rasulullah,B_PERSON
000169-003,sebagai,O
000169-003,seorang,O
000169-003,komandan,O
000169-003,perang,O
000169-003,.,O
000169-003,Tidak,O
000169-003,ada,O
000169-003,seorang,O
000169-003,komandan,O
000169-003,perang,O
000169-003,pun,O
000169-003,yang,O
000169-003,memiliki,O
000169-003,kecerdikan,O
000169-003,dalam,O
000169-003,menetapkan,O
000169-003,strategi,O
000169-003,yang,O
000169-003,sangat,O
000169-003,jitu,O
000169-003,ini,O
000169-003,",",O
000169-003,seperti,O
000169-003,apa,O
000169-003,pun,O
000169-003,keandalannya,O
000169-003,.,O
000169-003,Beliau,O
000169-003,memilih,O
000169-003,tempat,O
000169-003,yang,O
000169-003,sangat,O
000169-003,strategis,O
000169-003,",",O
000169-003,padahal,O
000169-003,kedatangan,O
000169-003,beliau,O
000169-003,di,O
000169-003,sana,O
000169-003,didahului,O
000169-003,pasukan,O
000169-003,musuh,O
000169-003,.,O
000169-003,Punggung,O
000169-003,dan,O
000169-003,sayap,O
000169-003,kanan,O
000169-003,pasukan,O
000169-003,terlindungi,O
000169-003,oleh,O
000169-003,satu-satunya,O
000169-003,tebing,O
000169-003,yang,O
000169-003,ada,O
000169-003,di,O
000169-003,situ,O
000169-003,.,O
000169-003,Beliau,O
000169-003,memilihkan,O
000169-003,tempat,O
000169-003,yang,O
000169-003,relatif,O
000169-003,lebih,O
000169-003,tinggi,O
000169-003,dari,O
000169-003,pasukannya,O
000169-003,.,O
000169-003,Jika,O
000169-003,terdesak,O
000169-003,",",O
000169-003,anggota,O
000169-003,pasukannya,O
000169-003,tidak,O
000169-003,mudah,O
000169-003,menyerah,O
000169-003,lalu,O
000169-003,melarikan,O
000169-003,diri,O
000169-003,",",O
000169-003,justru,O
000169-003,membuka,O
000169-003,peluang,O
000169-003,bagi,O
000169-003,musuh,O
000169-003,untuk,O
000169-003,menghabisi,O
000169-003,dan,O
000169-003,menawan,O
000169-003,mereka,O
000169-003,.,O
000169-003,Jika,O
000169-003,mereka,O
000169-003,terus,O
000169-003,bertahan,O
000169-003,",",O
000169-003,musuh,O
000169-003,justru,O
000169-003,terus,O
000169-003,mendesak,O
000169-003,maju,O
000169-003,.,O
000169-003,Sementara,O
000169-003,musuh,O
000169-003,tidak,O
000169-003,mempunyai,O
000169-003,pilihan,O
000169-003,lain,O
000169-003,untuk,O
000169-003,menyerang,O
000169-003,mereka,O
000169-003,dari,O
000169-003,sisi,O
000169-003,lain,O
000169-003,.,O
000169-003,Sebaliknya,O
000169-003,",",O
000169-003,jika,O
000169-003,kemenangan,O
000169-003,berpihak,O
000169-003,kepada,O
000169-003,pasukan,O
000169-003,Muslimin,O
000169-003,",",O
000169-003,maka,O
000169-003,musuh,O
000169-003,tidak,O
000169-003,dapat,O
000169-003,menghindar,O
000169-003,dari,O
000169-003,kejaran,O
000169-003,174,O
000169-003,Sabda,O
000169-003,beliau,O
000169-003,ini,O
000169-003,diriwayatkan,O
000169-003,Ahmad,O
000169-003,",",O
000169-003,Ath-Thabrany,O
000169-003,dan,O
000169-003,Al-Hakim,O
000169-003,dari,O
000169-003,Ibnu,B_PERSON
000169-003,Abbas,I_PERSON
000169-003,.,O
000169-003,Lihat,O
000169-003,Fathul-Bari,O
000169-003,",",O
000169-003,7/350,I_TIME
000169-003,.,O
000169-003,mereka,O
000169-003,.,O
000169-003,Di,O
000169-003,samping,O
000169-003,semua,O
000169-003,itu,O
000169-003,",",O
000169-003,beliau,O
000169-003,telah,O
000169-003,menunjuk,O
000169-003,beberapa,O
000169-003,orang,O
000169-003,di,O
000169-003,front,O
000169-003,terdepan,O
000169-003,",",O
000169-003,yang,O
000169-003,terdiri,O
000169-003,dari,O
000169-003,orang-orang,O
000169-003,yang,O
000169-003,gagah,O
000169-003,perkasa,O
000169-003,dan,O
000169-003,pemberani,O
000169-003,Begitulah,O
000169-003,Nabi,O
000169-003,mengatur,O
000169-003,pasukannya,O
000169-003,pada,O
000169-003,hari,O
000169-003,Sabtu,I_TIME
000169-003,pagi,O
000169-003,tanggal,B_TIME
000169-003,7,I_TIME
000169-003,Syawwal,I_TIME
000169-003,3,O
000169-003,H,I_TIME
000169-003,.,O
000171-001,Orang-orang,O
000171-001,musyrik,O
000171-001,mengatur,O
000171-001,pasukannya,O
000171-001,hanya,O
000171-001,berdasarkan,O
000171-001,aturan,O
000171-001,barisan-barisan,O
000171-001,.,O
000171-001,Komandan,O
000171-001,pasukan,O
000171-001,tertinggi,O
000171-001,ada,O
000171-001,di,O
000171-001,tangan,O
000171-001,Abu,B_PERSON
000171-001,Sufyan,I_PERSON
000171-001,bin,I_PERSON
000171-001,Harb,I_PERSON
000171-001,yang,O
000171-001,mengambil,O
000171-001,posisi,O
000171-001,di,O
000171-001,tengah-tengah,O
000171-001,pasukan,O
000171-001,.,O
000171-001,Kavaleri,O
000171-001,Quraisy,O
000171-001,di,O
000171-001,sayap,O
000171-001,lainnya,O
000171-001,dipimpin,O
000171-001,Ikrimah,B_PERSON
000171-001,bin,I_PERSON
000171-001,Abu,B_PERSON
000171-001,Jahl,I_PERSON
000171-001,.,O
000171-001,Sedangkan,O
000171-001,pejalan,O
000171-001,kakinya,O
000171-001,dipimpin,O
000171-001,Shafwan,B_PERSON
000171-001,bin,I_PERSON
000171-001,Umayyah,I_PERSON
000171-001,",",O
000171-001,para,O
000171-001,pemanah,O
000171-001,dipimpin,O
000171-001,Abdullah,B_PERSON
000171-001,bin,I_PERSON
000171-001,Rabi'ah,I_PERSON
000171-001,Bendera,O
000171-001,perang,O
000171-001,diserahkah,O
000171-001,kepada,O
000171-001,beberapa,O
000171-001,orang,O
000171-001,dari,O
000171-001,Bani,O
000171-001,Abdid-Dar,O
000171-001,.,O
000171-001,Ini,O
000171-001,memang,O
000171-001,merupakan,O
000171-001,kedudukan,O
000171-001,mereka,O
000171-001,semenjak,O
000171-001,Bani,O
000171-001,Abdi,O
000171-001,Manaf,O
000171-001,membagi-,O
000171-001,bagi,O
000171-001,beberapa,O
000171-001,kedudukan,O
000171-001,di,O
000171-001,Makkah,B_LOCATION
000171-001,",",O
000171-001,yang,O
000171-001,diwarisi,O
000171-001,dari,O
000171-001,Qushay,B_PERSON
000171-001,bin,I_PERSON
000171-001,Kilab,I_PERSON
000171-001,",",O
000171-001,seperti,O
000171-001,yang,O
000171-001,sudah,O
000171-001,kita,O
000171-001,bahas,O
000171-001,di,O
000171-001,bagian,O
000171-001,awal,O
000171-001,buku,O
000171-001,ini,O
000171-001,.,O
000171-001,Jadi,O
000171-001,tak,O
000171-001,seorang,O
000171-001,pun,O
000171-001,boleh,O
000171-001,menentangnya,O
000171-001,",",O
000171-001,karena,O
000171-001,terikat,O
000171-001,oleh,O
000171-001,tradisi,O
000171-001,yang,O
000171-001,sudah,O
000171-001,berlaku,O
000171-001,.,O
000171-001,Hanya,O
000171-001,saja,O
000171-001,komandan,O
000171-001,pasukan,O
000171-001,tertinggi,O
000171-001,",",O
000171-001,Abu,B_PERSON
000171-001,Sufyan,I_PERSON
000171-001,banyak,O
000171-001,bercerita,O
000171-001,kepada,O
000171-001,mereka,O
000171-001,tentang,O
000171-001,apa,O
000171-001,yang,O
000171-001,menimpa,O
000171-001,pasukan,O
000171-001,Quraisy,O
000171-001,pada,O
000171-001,saat,O
000171-001,Perang,B_EVENT
000171-001,Badr,I_EVENT
000171-001,",",O
000171-001,yaitu,O
000171-001,saat,O
000171-001,pembawa,O
000171-001,bendera,O
000171-001,mereka,O
000171-001,",",O
000171-001,An-Nadhr,B_PERSON
000171-001,bin,I_PERSON
000171-001,Al-Harits,I_PERSON
000171-001,tertawan,O
000171-001,.,O
000171-001,Dia,O
000171-001,berkata,O
000171-001,kepada,O
000171-001,mereka,O
000171-001,",",O
000171-001,"""",O
000171-001,Wahai,O
000171-001,Bani,O
000171-001,Abdid-Dar,B_PERSON
000171-001,",",O
000171-001,kalian,O
000171-001,telah,O
000171-001,dipercaya,O
000171-001,membawa,O
000171-001,bendera,O
000171-001,kami,O
000171-001,saat,O
000171-001,Perang,B_EVENT
000171-001,Badr,I_EVENT
000171-001,",",O
000171-001,dan,O
000171-001,akhirnya,O
000171-001,kita,O
000171-001,mengalami,O
000171-001,sial,O
000171-001,seperti,O
000171-001,yang,O
000171-001,sudah,O
000171-001,kalian,O
000171-001,ketahui,O
000171-001,.,O
000171-001,Sesungguhnya,O
000171-001,pasukan,O
000171-001,itu,O
000171-001,diukur,O
000171-001,dari,O
000171-001,benderanya,O
000171-001,.,O
000171-001,Jika,O
000171-001,bendera,O
000171-001,itu,O
000171-001,musnah,O
000171-001,",",O
000171-001,maka,O
000171-001,musnalah,O
000171-001,mereka,O
000171-001,.,O
000171-001,Jadi,O
000171-001,lebih,O
000171-001,baik,O
000171-001,kalian,O
000171-001,melindungi,O
000171-001,bendera,O
000171-001,kita,O
000171-001,ataukah,O
000171-001,lebih,O
000171-001,baik,O
000171-001,kalian,O
000171-001,melepaskan,O
000171-001,urusan,O
000171-001,kita,O
000171-001,dengan,O
000171-001,Muhammad,B_PERSON
000171-001,",",O
000171-001,dan,O
000171-001,cukuplah,O
000171-001,kami,O
000171-001,sebagai,O
000171-001,wakil,O
000171-001,kalian,O
000171-001,".""",O
000171-001,Abu,B_PERSON
000171-001,Sufyan,I_PERSON
000171-001,berhasil,O
000171-001,dengan,O
000171-001,pancingannya,O
000171-001,.,O
000171-002,Jadi,O
000171-002,lebih,O
000171-002,baik,O
000171-002,kalian,O
000171-002,melindungi,O
000171-002,bendera,O
000171-002,kita,O
000171-002,ataukah,O
000171-002,lebih,O
000171-002,baik,O
000171-002,kalian,O
000171-002,melepaskan,O
000171-002,urusan,O
000171-002,kita,O
000171-002,dengan,O
000171-002,Muhammad,B_PERSON
000171-002,",",O
000171-002,dan,O
000171-002,cukuplah,O
000171-002,kami,O
000171-002,sebagai,O
000171-002,wakil,O
000171-002,kalian,O
000171-002,".""",O
000171-002,Abu,B_PERSON
000171-002,Sufyan,I_PERSON
000171-002,berhasil,O
000171-002,dengan,O
000171-002,pancingannya,O
000171-002,.,O
000171-002,Mereka,O
000171-002,sangat,O
000171-002,marah,O
000171-002,men-,O
000171-002,dengar,O
000171-002,ucapan,O
000171-002,Abu,B_PERSON
000171-002,Sufyan,I_PERSON
000171-002,ini,O
000171-002,",",O
000171-002,meradang,O
000171-002,di,O
000171-002,hadapannya,O
000171-002,dan,O
000171-002,bersumpah,O
000171-002,kepadanya,O
000171-002,dengan,O
000171-002,berkata,O
000171-002,",",O
000171-002,"""",O
000171-002,Kami,O
000171-002,menyerahkan,O
000171-002,bendera,O
000171-002,kami,O
000171-002,kepadamu,O
000171-002,?,O
000171-002,Besok,O
000171-002,engkau,O
000171-002,akan,O
000171-002,tahu,O
000171-002,apa,O
000171-002,yang,O
000171-002,akan,O
000171-002,kami,O
000171-002,perbuat,O
000171-002,saat,O
000171-002,pertempuran,O
000171-002,".""",O
000171-002,Mereka,O
000171-002,pun,O
000171-002,langsung,O
000171-002,melompat,O
000171-002,ke,O
000171-002,kancah,O
000171-002,tatkala,O
000171-002,pertempuran,O
000171-002,sudah,O
000171-002,dimulai,O
000173-001,Ada,O
000173-001,beberapa,O
000173-001,wanita,O
000173-001,Quraisy,O
000173-001,yang,O
000173-001,ikut,O
000173-001,bergabung,O
000173-001,dalam,O
000173-001,pasukar,O
000173-001,perang,O
000173-001,kali,O
000173-001,ini,O
000173-001,",",O
000173-001,dipimpin,O
000173-001,Hindun,B_PERSON
000173-001,binti,I_PERSON
000173-001,Utbah,I_PERSON
000173-001,",",O
000173-001,istri,O
000173-001,Abu,B_PERSON
000173-001,Sufyan,I_PERSON
000173-001,.,O
000173-001,Mereka,O
000173-001,tak,O
000173-001,henti-hentinya,O
000173-001,berkeliling,O
000173-001,di,O
000173-001,antara,O
000173-001,barisan,O
000173-001,",",O
000173-001,menabuh,O
000173-001,rebana,O
000173-001,",",O
000173-001,membangkitkan,O
000173-001,semangat,O
000173-001,",",O
000173-001,mengobarkan,O
000173-001,tekad,O
000173-001,berperang,O
000173-001,dan,O
000173-001,menggerakkan,O
000173-001,perasaan,O
000173-001,untuk,O
000173-001,bertempur,O
000173-001,dan,O
000173-001,maju,O
000173-001,ke,O
000173-001,depan,O
000173-001,.,O
000173-001,Terkadang,O
000173-001,mereka,O
000173-001,berseru,O
000173-001,kepada,O
000173-001,orang-orang,O
000173-001,yang,O
000173-001,membawa,O
000173-001,bendera,O
000173-001,.,O
000173-001,"""",O
000173-001,Hayo,O
000173-001,Badi,O
000173-001,Abdid-Dar,O
000173-001,hayo,O
000173-001,pelindung,O
000173-001,barisan,O
000173-001,belakang,O
000173-001,tebaskan,O
000173-001,segala,O
000173-001,senjata,O
000173-001,yang,O
000173-001,tajam,O
000173-001,.,O
000173-001,"""",O
000173-001,Terkadang,O
000173-001,mereka,O
000173-001,memompa,O
000173-001,semangat,O
000173-001,kaumnya,O
000173-001,untuk,O
000173-001,terus,O
000173-001,berperang,O
000173-001,dengan,O
000173-001,berseru,O
000173-001,.,O
000173-001,"""",O
000173-001,Jika,O
000173-001,kalian,O
000173-001,maju,O
000173-001,kan,O
000173-001,kami,O
000173-001,peluk,O
000173-001,kami,O
000173-001,hamparkan,O
000173-001,kasur,O
000173-001,yang,O
000173-001,empuk,O
000173-001,atau,O
000173-001,jika,O
000173-001,kalian,O
000173-001,mundur,O
000173-001,kami,O
000173-001,kan,O
000173-001,berpisah,O
000173-001,perpisahan,O
000173-001,tanpa,O
000173-001,cinta,O
000173-001,kasih,O
000173-001,.,O
000173-001,"""",O
000177-001,Inilah,O
000177-001,penuturan,O
000177-001,yang,O
000177-001,disampaikan,O
000177-001,sendiri,O
000177-001,oleh,O
000177-001,pembunuh,O
000177-001,Hamzah,B_PERSON
000177-001,",",O
000177-001,Wahsy,B_PERSON
000177-001,bin,I_PERSON
000177-001,Harb,I_PERSON
000177-001,",",O
000177-001,"""",O
000177-001,Sebelumnya,O
000177-001,aku,O
000177-001,adalah,O
000177-001,budak,O
000177-001,Jubair,B_PERSON
000177-001,bin,I_PERSON
000177-001,Muth'im,I_PERSON
000177-001,.,O
000177-001,Paman,O
000177-001,Jubair,B_PERSON
000177-001,.,O
000177-001,Thu'aimah,B_PERSON
000177-001,bin,I_PERSON
000177-001,Adi,I_PERSON
000177-001,terbunuh,O
000177-001,pada,O
000177-001,Perang,B_EVENT
000177-001,Badr,I_EVENT
000177-001,.,O
000177-001,Pada,O
000177-001,saat,O
000177-001,Quraisy,O
000177-001,pergi,O
000177-001,ke,O
000177-001,Uhud,B_LOCATION
000177-001,",",O
000177-001,Jubair,B_PERSON
000177-001,berkata,O
000177-001,kepadaku,O
000177-001,",",O
000177-001,"""",O
000177-001,Jika,O
000177-001,kamu,O
000177-001,dapat,O
000177-001,membunuh,O
000177-001,Hamzah,B_PERSON
000177-001,",",O
000177-001,paman,O
000177-001,Muhammad,B_PERSON
000177-001,",",O
000177-001,sebagai,O
000177-001,pembalasan,O
000177-001,atas,O
000177-001,terbunuhnya,O
000177-001,pamanku,O
000177-001,",",O
000177-001,maka,O
000177-001,engkau,O
000177-001,jadi,O
000177-001,merdeka',O
000177-001,.,O
000177-001,Maka,O
000177-001,aku,O
000177-001,pun,O
000177-001,ikut,O
000177-001,bergabung,O
000177-001,bersama,O
000177-001,pasukan,O
000177-001,.,O
000177-001,Aku,O
000177-001,adalah,O
000177-001,seorang,O
000177-001,penduduk,O
000177-001,Habasyah,B_LOCATION
000177-001,.,O
000177-001,Seperti,O
000177-001,lazimnya,O
000177-001,orang-orang,O
000177-001,Habasyah,B_LOCATION
000177-001,",",O
000177-001,aku,O
000177-001,juga,O
000177-001,mahir,O
000177-001,dalam,O
000177-001,melontarkan,O
000177-001,tombak,O
000177-001,kecil,O
000177-001,.,O
000177-001,Jarang,O
000177-001,sekali,O
000177-001,aku,O
000177-001,meleset,O
000177-001,dari,O
000177-001,sasaran,O
000177-001,.,O
000177-001,Saat,O
000177-001,mereka,O
000177-001,bertempur,O
000177-001,",",O
000177-001,aku,O
000177-001,segera,O
000177-001,beranjak,O
000177-001,mencari-cari,O
000177-001,Hamzah,B_PERSON
000177-001,.,O
000177-001,Akhirnya,O
000177-001,aku,O
000177-001,dapat,O
000177-001,melihat,O
000177-001,kelebatnya,O
000177-001,di,O
000177-001,tengah,O
000177-001,manusia,O
000177-001,layaknya,O
000177-001,onta,O
000177-001,abu-abu,O
000177-001,yang,O
000177-001,lincah,O
000177-001,.,O
000177-001,Tak,O
000177-001,seorang,O
000177-001,pun,O
000177-001,mampu,O
000177-001,menghadapi,O
000177-001,terjangannya,O
000177-001,.,O
000177-001,Demi,O
000177-001,Allah,O
000177-001,",",O
000177-001,aku,O
000177-001,pun,O
000177-001,bersiap-siap,O
000177-001,menjadikan,O
000177-001,sebagai,O
000177-001,sasaran,O
000177-001,.,O
000177-001,Aku,O
000177-001,berlindung,O
000177-001,di,O
000177-001,balik,O
000177-001,batu,O
000177-001,atau,O
000177-001,pohon,O
000177-001,untuk,O
000177-001,dapat,O
000177-001,mendekatinya,O
000177-001,.,O
000177-001,Tetapi,O
000177-001,tiba-tiba,O
000177-001,Siba',O
000177-001,bin,I_PERSON
000177-001,Abdul,I_PERSON
000177-001,Uzza,O
000177-001,mencul,O
000177-001,mendahuluiku,O
000177-001,dengan,O
000177-001,mendatangi,O
000177-001,Hamzah,B_PERSON
000177-001,"""",O
000177-001,Kemarilah,O
000177-001,wahai,O
000177-001,anak,O
000177-001,wanita,O
000177-001,tukang,O
000177-001,supit,O
000177-001,"!""",O
000177-001,kata,O
000177-001,Siba',O
000177-001,kepada,O
000177-001,Hamzah,B_PERSON
000177-001,",",O
000177-001,karena,O
000177-001,memang,O
000177-001,ibunya,O
000177-001,adalah,O
000177-001,tukang,O
000177-001,supit,O
000177-001,.,O
000177-001,Seketika,O
000177-001,Hamzah,B_PERSON
000177-001,menyabetkan,O
000177-001,pedangnya,O
000177-001,",",O
000177-001,tepat,O
000177-001,mengenai,O
000177-001,kepala,O
000177-001,Siba',O
000177-001,.,O
000177-001,Tombak,O
000177-001,kecil,O
000177-001,sudah,O
000177-001,kuayun-ayunkan,O
000177-001,di,O
000177-001,tangan,O
000177-001,.,O
000177-001,Saat,O
000177-001,kurasa,O
000177-001,sudah,O
000177-001,me-,O
000177-001,mungkinkan,O
000177-001,",",O
000177-001,tombak,O
000177-001,kulontarkan,O
000177-001,tepat,O
000177-001,mengenai,O
000177-001,perutnya,O
000177-001,bagian,O
000177-001,bawah,O
000177-001,",",O
000177-001,hingga,O
000177-001,tembus,O
000177-001,ke,O
000177-001,selangkangannya,O
000177-001,.,O
000177-001,Dia,O
000177-001,berjalan,O
000177-001,ke,O
000177-001,arahku,O
000177-001,dengan,O
000177-001,badan,O
000177-001,limbung,O
000177-001,lalu,O
000177-001,terjerembab,O
000177-001,ke,O
000177-001,tanah,O
000177-001,.,O
000177-001,Aku,O
000177-001,menungguinya,O
000177-001,beberapa,O
000177-001,saat,O
000177-001,hingga,O
000177-001,dia,O
000177-001,benar-benar,O
000177-001,meninggal,O
000177-001,.,O
000178-001,Sekalipun,O
000178-001,pasukan,O
000178-001,Muslimin,O
000178-001,mengalami,O
000178-001,kerugian,O
000178-001,yang,O
000178-001,besar,O
000178-001,dengan,O
000178-001,terbunuhnya,O
000178-001,singa,O
000178-001,Allah,O
000178-001,dan,O
000178-001,singa,O
000178-001,Rasul-Nya,O
000178-001,",",O
000178-001,Hamzah,B_PERSON
000178-001,bin,I_PERSON
000178-001,Abdul,I_PERSON
000178-001,Muththalib,I_PERSON
000178-001,.,O
000178-001,mereka,O
000178-001,tetap,O
000178-001,mampu,O
000178-001,menguasai,O
000178-001,seluruh,O
000178-001,keadaan,O
000178-001,.,O
000178-001,Yang,O
000178-001,ikut,O
000178-001,bertempur,O
000178-001,pada,O
000178-001,saat,O
000178-001,itu,O
000178-001,adalah,O
000178-001,Abu,B_PERSON
000178-001,Bakar,I_PERSON
000178-001,",",O
000178-001,Umar,B_PERSON
000178-001,bin,I_PERSON
000178-001,Al-Khaththab,I_PERSON
000178-001,",",O
000178-001,Ali,B_PERSON
000178-001,bin,I_PERSON
000178-001,Abu,I_PERSON
000178-001,Thalib,I_PERSON
000178-001,",",O
000178-001,Az-Zubair,B_PERSON
000178-001,bin,I_PERSON
000178-001,Al-Awwam,I_PERSON
000178-001,",",O
000178-001,Mush'ab,B_PERSON
000178-001,bin,I_PERSON
000178-001,Umair,I_PERSON
000178-001,",",O
000178-001,Thalhah,B_PERSON
000178-001,bin,I_PERSON
000178-001,Ubaidillah,I_PERSON
000178-001,",",O
000178-001,Abdullah,B_PERSON
000178-001,bin,I_PERSON
000178-001,Jahsy,I_PERSON
000178-001,",",O
000178-001,Sa'd,B_PERSON
000178-001,bin,I_PERSON
000178-001,Mu'adz,I_PERSON
000178-001,",",O
000178-001,Sa'd,B_PERSON
000178-001,bin,I_PERSON
000178-001,Ubadah,I_PERSON
000178-001,",",O
000178-001,Sa'd,B_PERSON
000178-001,bin,I_PERSON
000178-001,Ar-Rabi',I_PERSON
000178-001,",",O
000178-001,Anas,B_PERSON
000178-001,bin,I_PERSON
000178-001,An-Nadhr,I_PERSON
000178-001,",",O
000178-001,dan,O
000178-001,masih,O
000178-001,banyak,O
000178-001,orang-orang,O
000178-001,seperti,O
000178-001,mereka,O
000178-001,yang,O
000178-001,mampu,O
000178-001,merontokkan,O
000178-001,ambisi,O
000178-001,orang-orang,O
000178-001,musyrik,O
000178-001,.,O
000180-001,Detasemen,O
000180-001,para,O
000180-001,pemanah,O
000180-001,yang,O
000180-001,diangkat,O
000180-001,Rasulullah,B_PERSON
000180-001,dan,O
000180-001,ditempatkan,O
000180-001,di,O
000180-001,atas,O
000180-001,bukit,O
000180-001,mempunyai,O
000180-001,peranan,O
000180-001,yang,O
000180-001,sangat,O
000180-001,besar,O
000180-001,dalam,O
000180-001,membalik,O
000180-001,genderang,O
000180-001,perang,O
000180-001,untuk,O
000180-001,kepentingan,O
000180-001,pasukan,O
000180-001,Muslimin,O
000180-001,.,O
000180-001,Kavaleri,O
000180-001,Quraisy,O
000180-001,yang,O
000180-001,dipimpin,O
000180-001,Khalid,B_PERSON
000180-001,bin,I_PERSON
000180-001,Al-Walid,I_PERSON
000180-001,dan,O
000180-001,ditopang,O
000180-001,oleh,O
000180-001,Abu,B_PERSON
000180-001,Amir,I_PERSON
000180-001,si,O
000180-001,F,O
000180-001,asik,O
000180-001,melancarkan,O
000180-001,serangan,O
000180-001,tiga,O
000180-001,gelombang,O
000180-001,untuk,O
000180-001,menghancurkan,O
000180-001,sayap,O
000180-001,kiri,O
000180-001,pasukan,O
000180-001,Muslimin,O
000180-001,.,O
000180-001,Sebab,O
000180-001,jika,O
000180-001,sayap,O
000180-001,ini,O
000180-001,bisa,O
000180-001,digepur,O
000180-001,",",O
000180-001,maka,O
000180-001,inti,O
000180-001,pasukan,O
000180-001,Muslimin,O
000180-001,dapat,O
000180-001,dimasuki,O
000180-001,",",O
000180-001,sehingga,O
000180-001,barisan,O
000180-001,mereka,O
000180-001,bisa,O
000180-001,dibuat,O
000180-001,kocar-kacir,O
000180-001,dan,O
000180-001,bisa,O
000180-001,dipastikan,O
000180-001,mereka,O
000180-001,akan,O
000180-001,kalah,O
000180-001,telak,O
000180-001,.,O
000180-001,Namun,O
000180-001,setiap,O
000180-001,kali,O
000180-001,ada,O
000180-001,gelombang,O
000180-001,serangan,O
000180-001,",",O
000180-001,para,O
000180-001,pemanah,O
000180-001,yang,O
000180-001,berada,O
000180-001,di,O
000180-001,atas,O
000180-001,bukit,O
000180-001,menghujani,O
000180-001,musuh,O
000180-001,dengan,O
000180-001,anak,O
000180-001,panah,O
000180-001,",",O
000180-001,hingga,O
000180-001,dapat,O
000180-001,menggagalkan,O
000180-001,tiga,O
000180-001,kali,O
000180-001,serangan,O
000180-001,musuh,O
000180-001,.,O
000181-001,Begitulah,O
000181-001,roda,O
000181-001,pertempuran,O
000181-001,terus,O
000181-001,berputar,O
000181-001,dan,O
000181-001,pasukan,O
000181-001,Muslimin,O
000181-001,yang,O
000181-001,kecil,O
000181-001,justru,O
000181-001,menguasai,O
000181-001,seluruh,O
000181-001,keadaan,O
000181-001,",",O
000181-001,sehingga,O
000181-001,sempat,O
000181-001,menyurutkan,O
000181-001,ambisi,O
000181-001,para,O
000181-001,dedengkot,O
000181-001,musyrikin,O
000181-001,",",O
000181-001,dan,O
000181-001,membuat,O
000181-001,barisan,O
000181-001,mereka,O
000181-001,berlari,O
000181-001,menghindar,O
000181-001,ke,O
000181-001,kanan,O
000181-001,",",O
000181-001,ke,O
000181-001,kiri,O
000181-001,",",O
000181-001,ke,O
000181-001,depan,O
000181-001,",",O
000181-001,dan,O
000181-001,ke,O
000181-001,belakang,O
000181-001,.,O
000181-001,Seakan-akan,O
000181-001,tiga,O
000181-001,ribu,O
000181-001,prajurit,O
000181-001,musyrikin,O
000181-001,harus,O
000181-001,berhadapan,O
000181-001,dengan,O
000181-001,tiga,O
000181-001,puluh,O
000181-001,ribu,O
000181-001,prajurit,O
000181-001,Muslim,O
000181-001,.,O
000181-001,Keberanian,O
000181-001,pasukan,O
000181-001,Muslimin,O
000181-001,terlihat,O
000181-001,jelas,O
000181-001,.,O
000181-001,Setelah,O
000181-001,Quraisy,O
000181-001,habis-habisan,O
000181-001,menguras,O
000181-001,tenaganya,O
000181-001,untuk,O
000181-001,menghadang,O
000181-001,serbuan,O
000181-001,pasukan,O
000181-001,Muslimin,O
000181-001,",",O
000181-001,maka,O
000181-001,terlihat,O
000181-001,semangat,O
000181-001,mereka,O
000181-001,yang,O
000181-001,turun,O
000181-001,drastis,O
000181-001,Bahkan,O
000181-001,tak,O
000181-001,seorang,O
000181-001,pun,O
000181-001,di,O
000181-001,antara,O
000181-001,mereka,O
000181-001,yang,O
000181-001,berani,O
000181-001,mendekati,O
000181-001,bendera,O
000181-001,.,O
000181-001,setelah,O
000181-001,terbunuhnya,O
000181-001,pembawa,O
000181-001,bendera,O
000181-001,mereka,O
000181-001,yang,O
000181-001,terakhir,O
000181-001,",",O
000181-001,yaitu,O
000181-001,Shu,O
000181-001,ab,O
000181-001,.,O
000181-001,Tak,O
000181-001,seorang,O
000181-001,pun,O
000181-001,berani,O
000181-001,mengambil,O
000181-001,bendera,O
000181-001,itu,O
000181-001,agar,O
000181-001,pertempuran,O
000181-001,berlangsung,O
000181-001,seru,O
000181-001,di,O
000181-001,sekitarnya,O
000181-001,.,O
000181-001,Mereka,O
000181-001,sudah,O
000181-001,ancang-ancang,O
000181-001,untuk,O
000181-001,mundur,O
000181-001,dan,O
000181-001,melarikan,O
000181-001,diri,O
000181-001,",",O
000181-001,seakan,O
000181-001,mereka,O
000181-001,lupa,O
000181-001,apa,O
000181-001,yang,O
000181-001,pernah,O
000181-001,bergejolak,O
000181-001,di,O
000181-001,dalam,O
000181-001,hati,O
000181-001,mereka,O
000181-001,sebelum,O
000181-001,itu,O
000181-001,",",O
000181-001,yaitu,O
000181-001,dendam,O
000181-001,kesumat,O
000181-001,dan,O
000181-001,keinginan,O
000181-001,untuk,O
000181-001,mengembalikan,O
000181-001,kejayaan,O
000181-001,",",O
000181-001,kehormatan,O
000181-001,",",O
000181-001,dan,O
000181-001,wibawa,O
000181-001,.,O
000181-001,Ibnu,B_PERSON
000181-001,Ishaq,I_PERSON
000181-001,berkata,O
000181-001,",",O
000181-001,"""",O
000181-001,Kemudian,O
000181-001,Allah,O
000181-001,menurunkan,O
000181-001,pertolongan-Nya,O
000181-001,kepada,O
000181-001,orang-orang,O
000181-001,Muslim,O
000181-001,dan,O
000181-001,memenuhi,O
000181-001,janji-Nya,O
000181-001,",",O
000181-001,sehingga,O
000181-001,mereka,O
000181-001,bisa,O
000181-001,menceraiberaikan,O
000181-001,musuh,O
000181-001,.,O
000181-002,Ibnu,B_PERSON
000181-002,Ishaq,I_PERSON
000181-002,berkata,O
000181-002,",",O
000181-002,"""",O
000181-002,Kemudian,O
000181-002,Allah,O
000181-002,menurunkan,O
000181-002,pertolongan-Nya,O
000181-002,kepada,O
000181-002,orang-orang,O
000181-002,Muslim,O
000181-002,dan,O
000181-002,memenuhi,O
000181-002,janji-Nya,O
000181-002,",",O
000181-002,sehingga,O
000181-002,mereka,O
000181-002,bisa,O
000181-002,menceraiberaikan,O
000181-002,musuh,O
000181-002,.,O
000181-002,Hampir,O
000181-002,pasti,O
000181-002,kemenangan,O
000181-002,ada,O
000181-002,di,O
000181-002,tangan,O
000181-002,mereka,O
000181-002,".""",O
000181-002,Abdullah,B_PERSON
000181-002,bin,I_PERSON
000181-002,Az-Zubair,I_PERSON
000181-002,meriwayatkan,O
000181-002,dari,O
000181-002,ayahnya,O
000181-002,",",O
000181-002,dia,O
000181-002,berkata,O
000181-002,",",O
000181-002,"""",O
000181-002,Demi,O
000181-002,Allah,O
000181-002,",",O
000181-002,sampai-sampai,O
000181-002,aku,O
000181-002,bisa,O
000181-002,melihat,O
000181-002,betis,O
000181-002,Hindun,B_PERSON
000181-002,binti,I_PERSON
000181-002,Utbah,I_PERSON
000181-002,yang,O
000181-002,tersingkap,O
000181-002,karena,O
000181-002,harus,O
000181-002,melarikan,O
000181-002,diri,O
000181-002,bersama,O
000181-002,rekan-rekannya,O
000181-002,".""",O
000181-002,Dalam,O
000181-002,hadits,O
000181-002,Al-Barra',B_PERSON
000181-002,bin,I_PERSON
000181-002,Azib,I_PERSON
000181-002,di,O
000181-002,dalam,O
000181-002,Ash-Shahih,O
000181-002,disebutkan,O
000181-002,",",O
000181-002,"""",O
000181-002,Saat,O
000181-002,kami,O
000181-002,menyerang,O
000181-002,",",O
000181-002,mereka,O
000181-002,melarikan,O
000181-002,diri,O
000181-002,",",O
000181-002,hingga,O
000181-002,dapat,O
000181-002,kulihat,O
000181-002,bagaimana,O
000181-002,para,O
000181-002,wanita,O
000181-002,Quraisy,O
000181-002,tertatih-tatih,O
000181-002,di,O
000181-002,bukit,O
000181-002,sambil,O
000181-002,menyingsingkan,O
000181-002,kebaya,O
000181-002,",",O
000181-002,hingga,O
000181-002,terlihat,O
000181-002,betis,O
000181-002,dan,O
000181-002,gelang,O
000181-002,kaki,O
000181-002,mereka,O
000181-002,".""",O
000181-002,Orang-orang,O
000181-002,Muslim,O
000181-002,mengejar,O
000181-002,orang-orang,O
000181-002,musyrik,O
000181-002,agar,O
000181-002,mereka,O
000181-002,meletakkan,O
000181-002,senjata,O
000181-002,dan,O
000181-002,dapat,O
000181-002,merampas,O
000181-002,harta,O
000181-002,.,O
000182-002,Apa,O
000182-002,lagi,O
000182-002,yang,O
000182-002,kalian,O
000182-002,tunggu,O
000182-002,"?""",O
000182-002,Komandan,O
000182-002,mereka,O
000182-002,",",O
000182-002,Abdullah,B_PERSON
000182-002,bin,I_PERSON
000182-002,Jubair,I_PERSON
000182-002,mengingatkan,O
000182-002,perintah,O
000182-002,Rasulullah,B_PERSON
000182-002,kepada,O
000182-002,mereka,O
000182-002,",",O
000182-002,dengan,O
000182-002,berkata,O
000182-002,",",O
000182-002,"""",O
000182-002,Apakah,O
000182-002,kalian,O
000182-002,sudah,O
000182-002,lupa,O
000182-002,apa,O
000182-002,yang,O
000182-002,dikatakan,O
000182-002,Rasulullah,B_PERSON
000182-002,kepada,O
000182-002,kalian,O
000182-002,"?""",O
000182-002,Tetapi,O
000182-002,mayoritas,O
000182-002,di,O
000182-002,antara,O
000182-002,mereka,O
000182-002,tidak,O
000182-002,mempedulikan,O
000182-002,peringatan,O
000182-002,ini,O
000182-002,.,O
000182-002,Mereka,O
000182-002,berkata,O
000182-002,",",O
000182-002,Demi,O
000182-002,Allah,O
000182-002,",",O
000182-002,kami,O
000182-002,benar-benar,O
000182-002,akan,O
000182-002,bergabung,O
000182-002,dengan,O
000182-002,mereka,O
000182-002,agar,O
000182-002,kita,O
000182-002,mendapatkan,O
000182-002,bagian,O
000182-002,dari,O
000182-002,harta,O
000182-002,rampasan,O
000182-002,itu,O
000182-002,".""",O
000182-002,Kemudian,O
000182-002,ada,O
000182-002,empat,O
000182-002,puluh,O
000182-002,orang,O
000182-002,meninggalkan,O
000182-002,pos,O
000182-002,di,O
000182-002,atas,O
000182-002,bukit,O
000182-002,",",O
000182-002,lalu,O
000182-002,mereka,O
000182-002,bergabung,O
000182-002,dengan,O
000182-002,pasukan,O
000182-002,inti,O
000182-002,untuk,O
000182-002,mengumpulkan,O
000182-002,harta,O
000182-002,rampasan,O
000182-002,.,O
000182-002,Dengan,O
000182-002,begitu,O
000182-002,punggung,O
000182-002,pasukan,O
000182-002,Muslimin,O
000182-002,menjadi,O
000182-002,kosong,O
000182-002,",",O
000182-002,tinggal,O
000182-002,Ibnu,B_PERSON
000182-002,Jubair,I_PERSON
000182-002,dan,O
000182-002,sembilan,O
000182-002,rekannya,O
000182-002,.,O
000182-002,Sepuluh,O
000182-002,orang,O
000182-002,ini,O
000182-002,tetap,O
000182-002,berada,O
000182-002,di,O
000182-002,tempat,O
000182-002,semula,O
000182-002,hingga,O
000182-002,ada,O
000182-002,perintah,O
000182-002,bagi,O
000182-002,mereka,O
000185-003,Aku,O
000185-003,bisa,O
000185-003,mencium,O
000185-003,baunya,O
000185-003,dari,O
000185-003,arah,O
000185-003,Uhud,B_LOCATION
000185-003,".""",O
000185-003,Setelah,O
000185-003,itu,O
000185-003,dia,O
000185-003,beranjak,O
000185-003,dan,O
000185-003,menyerbu,O
000185-003,",",O
000185-003,tak,O
000185-003,seorang,O
000185-003,pun,O
000185-003,mendapatkan,O
000185-003,jasadnya,O
000185-003,.,O
000185-003,Namun,O
000185-003,kemudian,O
000185-003,saudarinya,O
000185-003,bisa,O
000185-003,mengenalinya,O
000185-003,dari,O
000185-003,perawakan,O
000185-003,tubuhnya,O
000185-003,",",O
000185-003,yang,O
000185-003,ternyata,O
000185-003,di,O
000185-003,tubuhnya,O
000185-003,terdapat,O
000185-003,lebih,O
000185-003,dari,O
000185-003,delapan,O
000185-003,puluh,O
000185-003,luka,O
000185-003,",",O
000185-003,ada,O
000185-003,yang,O
000185-003,berupa,O
000185-003,sabetan,O
000185-003,pedang,O
000185-003,dan,O
000185-003,ada,O
000185-003,yang,O
000185-003,berupa,O
000185-003,hujaman,O
000185-003,anak,O
000185-003,panah,O
000185-003,dan,O
000185-003,ada,O
000185-003,yang,O
000185-003,berupa,O
000185-003,tusukan,O
000185-003,tombak,O
000185-003,Tsabit,B_PERSON
000185-003,bin,I_PERSON
000185-003,Ad-Dahdah,I_PERSON
000185-003,berseru,O
000185-003,kepada,O
000185-003,kaumnya,O
000185-003,",",O
000185-003,"""",O
000185-003,Wahai,O
000185-003,semua,O
000185-003,orang,O
000185-003,Anshar,O
000185-003,",",O
000185-003,kalau,O
000185-003,pun,O
000185-003,Muhammad,B_PERSON
000185-003,benar-benar,O
000185-003,terbunuh,O
000185-003,",",O
000185-003,toh,O
000185-003,Allah,O
000185-003,hidup,O
000185-003,tidak,O
000185-003,mati,O
000185-003,.,O
000185-003,Berperanglah,O
000185-003,atas,O
000185-003,nama,O
000185-003,agama,O
000185-003,kalian,O
000185-003,",",O
000185-003,karena,O
000185-003,Allah,O
000185-003,akan,O
000185-003,memenangkan,O
000185-003,dan,O
000185-003,menolong,O
000185-003,kalian,O
000185-003,".""",O
000185-003,Maka,O
000185-003,beberapa,O
000185-003,orang,O
000185-003,Anshar,O
000185-003,bangkit,O
000185-003,bersamanya,O
000185-003,untuk,O
000185-003,menghalangi,O
000185-003,kavaleri,O
000185-003,Khalid,B_PERSON
000185-003,bin,I_PERSON
000185-003,Al-Walid,I_PERSON
000185-003,.,O
000185-003,Mereka,O
000185-003,terus,O
000185-003,berperang,O
000185-003,hingga,O
000185-003,Tsabit,O
000185-003,bin,I_PERSON
000185-003,Ad-Dahdah,O
000185-003,bisa,O
000185-003,dibunuh,O
000185-003,Khalid,B_PERSON
000185-003,dengan,O
000185-003,tombak,O
000185-003,",",O
000185-003,dan,O
000185-003,akhirny,O
000185-003,a,O
000185-003,semua,O
000185-003,rekannya,O
000185-003,juga,O
000185-003,mati,O
000185-003,.,O
000185-003,Ada,O
000185-003,seorang,O
000185-003,Muhajirin,O
000185-003,melewati,O
000185-003,salah,O
000185-003,seorang,O
000185-003,Anshar,O
000185-003,yang,O
000185-003,sedang,O
000185-003,berlumuran,O
000185-003,darah,O
000185-003,.,O
000185-003,Dia,O
000185-003,bertanya,O
000185-003,",",O
000185-003,"""",O
000185-003,Wahai,O
000185-003,Fulan,O
000185-003,",",O
000185-003,apakah,O
000185-003,engkau,O
000185-003,merasa,O
000185-003,bahwa,O
000185-003,Muhammad,B_PERSON
000185-003,benar-benar,O
000185-003,telah,O
000185-003,terbunuh,O
000185-003,"?""",O
000185-003,Orang,O
000185-003,Anshar,O
000185-003,itu,O
000185-003,menjawab,O
000185-003,",",O
000185-003,"""",O
000185-003,Jika,O
000185-003,Muhammad,B_PERSON
000185-003,telah,O
000185-003,terbunuh,O
000185-003,berarti,O
000185-003,di,O
000185-003,telah,O
000185-003,sampai,O
000185-003,ke,O
000185-003,surga,O
000185-003,.,O
000185-003,Maka,O
000185-003,berperanglah,O
000185-003,kalian,O
000185-003,atas,O
000185-003,nama,O
000185-003,agama,O
000185-003,Dengan,O
000185-003,keberanian,O
000185-003,",",O
000185-003,semangat,O
000185-003,dan,O
000185-003,sifat,O
000185-003,kesatria,O
000185-003,semacam,O
000185-003,ini,O
000185-003,",",O
000185-003,maka,O
000185-003,menta,O
000185-003,orang-orang,O
000185-003,Muslim,O
000185-003,kembali,O
000185-003,bangkit,O
000185-003,.,O
000185-003,Mereka,O
000185-003,segera,O
000185-003,membuang,O
000185-003,jauh-jauh,O
000185-003,pikiran,O
000185-003,untuk,O
000185-003,menyerah,O
000185-003,atau,O
000185-003,berhubungan,O
000185-003,dengan,O
000185-003,Abdullah,B_PERSON
000185-003,bin,I_PERSON
000185-003,Ubay,I_PERSON
000185-003,.,O
000185-003,Mereka,O
000185-003,memungut,O
000185-003,senjatanya,O
000185-003,kembali,O
000185-003,dan,O
000185-003,menghadang,O
000185-003,gelombang,O
000185-003,serangan,O
000185-003,pasukan,O
000185-003,Quraisy,O
000185-003,.,O
000185-004,Mereka,O
000185-004,memungut,O
000185-004,senjatanya,O
000185-004,kembali,O
000185-004,dan,O
000185-004,menghadang,O
000185-004,gelombang,O
000185-004,serangan,O
000185-004,pasukan,O
000185-004,Quraisy,O
000185-004,.,O
000185-004,Mereka,O
000185-004,yang,O
000185-004,tadinya,O
000185-004,bercerai,O
000185-004,berai,O
000185-004,itu,O
000185-004,berusaha,O
000185-004,menyibak,O
000185-004,jalan,O
000185-004,agar,O
000185-004,bisa,O
000185-004,sampai,O
000185-004,ke,O
000185-004,pusat,O
000185-004,komando,O
000185-004,.,O
000185-004,Bahkan,O
000185-004,mereka,O
000185-004,sudah,O
000185-004,mendengar,O
000185-004,bahwa,O
000185-004,kaba,O
000185-004,tentang,O
000185-004,terbunuhnya,O
000185-004,Muhammad,B_PERSON
000185-004,adalah,O
000185-004,bohong,O
000185-004,semata,O
000185-004,.,O
000185-004,Hal,O
000185-004,ini,O
000185-004,semakin,O
000185-004,menambah,O
000185-004,kekuatan,O
000185-004,",",O
000185-004,sehingga,O
000185-004,mereka,O
000185-004,bisa,O
000185-004,memutar,O
000185-004,jalan,O
000185-004,dan,O
000185-004,berhimpun,O
000185-004,kembali,O
000185-004,dengan,O
000185-004,pusat,O
000185-004,komando,O
000185-004,",",O
000185-004,setelah,O
000185-004,berperang,O
000185-004,habis-habisan,O
000185-004,Di,O
000185-004,sana,O
000185-004,ada,O
000185-004,kelompok,O
000185-004,ke,O
000185-004,tiga,O
000185-004,yang,O
000185-004,pikiran,O
000185-004,mereka,O
000185-004,hanya,O
000185-004,tertuju,O
000185-004,kepad,O
000185-004,keselamatan,O
000185-004,diri,O
000185-004,Rasulullah,B_PERSON
000185-004,.,O
000185-004,Mereka,O
000185-004,mundur,O
000185-004,dari,O
000185-004,front,O
000185-004,terdepan,O
000185-004,untuk,O
000185-004,melindungi,O
000185-004,beliau,O
000185-004,.,O
000185-004,Mereka,O
000185-004,dipimpin,O
000185-004,Abu,B_PERSON
000185-004,Bakar,I_PERSON
000185-004,Ash-Shiddiq,I_PERSON
000185-004,",",O
000185-004,Umar,B_PERSON
000185-004,bin,I_PERSON
000185-004,Al-Khaththab,I_PERSON
000185-004,",",O
000185-004,Ali,B_PERSON
000185-004,bin,I_PERSON
000185-004,Abu,I_PERSON
000185-004,Thalib,I_PERSON
000185-004,dan,O
000185-004,lain-lainnya,O
000185-004,yang,O
000185-004,tadinya,O
000185-004,berada,O
000185-004,di,O
000185-004,barisan,O
000185-004,paling,O
000185-004,depan,O
000185-004,.,O
000185-004,Mereka,O
000185-004,mundur,O
000185-004,karena,O
000185-004,merasa,O
000185-004,ada,O
000185-004,bahaya,O
000185-004,yang,O
000185-004,mengancam,O
000185-004,keselamatan,O
000185-004,diri,O
000185-004,beliau,O
000185-004,yang,O
000185-004,mulia,O
000185-004,.,O
000186-002,Lalu,O
000186-002,disusul,O
000186-002,orang,O
000186-002,Anshar,O
000186-002,lainnya,O
000186-002,",",O
000186-002,sehingga,O
000186-002,mereka,O
000186-002,yang,O
000186-002,berjumlah,O
000186-002,tujuh,O
000186-002,orang,O
000186-002,terbunuh,O
000186-002,semuanya,O
000186-002,Setelah,O
000186-002,itu,O
000186-002,beliau,O
000186-002,bersabda,O
000186-002,kepada,O
000186-002,rekannya,O
000186-002,dari,O
000186-002,Muhajirin,O
000186-002,",",O
000186-002,"""",O
000186-002,Mereka,O
000186-002,tidak,O
000186-002,adil,O
000186-002,terhadap,O
000186-002,kita,O
000186-002,".""",O
000186-002,Orang,O
000186-002,terakhir,O
000186-002,dari,O
000186-002,tujuh,O
000186-002,Anshar,O
000186-002,yang,O
000186-002,mati,O
000186-002,adalah,O
000186-002,Umarah,B_PERSON
000186-002,bin,I_PERSON
000186-002,Yazid,I_PERSON
000186-002,bin,I_PERSON
000186-002,As-Sakan,I_PERSON
000186-002,.,O
000186-002,Dia,O
000186-002,terus,O
000186-002,bertempur,O
000186-002,sekalipun,O
000186-002,banyak,O
000186-002,mendapat,O
000186-002,luka,O
000186-002,",",O
000186-002,hingga,O
000186-002,akhirnya,O
000186-002,dia,O
000186-002,jatuh,O
000186-002,terjerembab,O
000186-002,tak,O
000190-002,Jika,O
000190-002,dia,O
000190-002,melepaskan,O
000190-002,anak,O
000190-002,panah,O
000190-002,",",O
000190-002,maka,O
000190-002,beliau,O
000190-002,terus,O
000190-002,mengawasi,O
000190-002,anak,O
000190-002,panah,O
000190-002,itu,O
000190-002,hingga,O
000190-002,mengenai,O
000190-002,sasarannya,O
000190-002,".""""",O
000190-002,Abu,B_PERSON
000190-002,Dujanah,I_PERSON
000190-002,berdiri,O
000190-002,di,O
000190-002,hadapan,O
000190-002,Rasulullah,B_PERSON
000190-002,menjadikan,O
000190-002,punggungnya,O
000190-002,sebagai,O
000190-002,tameng,O
000190-002,untuk,O
000190-002,melindungi,O
000190-002,beliau,O
000190-002,.,O
000190-002,Sekalipun,O
000190-002,beberapa,O
000190-002,anak,O
000190-002,panah,O
000190-002,mengenai,O
000190-002,punggungnya,O
000190-002,",",O
000190-002,dia,O
000190-002,sama,O
000190-002,sekali,O
000190-002,tidak,O
000190-002,bergeming,O
000190-002,Hathib,B_PERSON
000190-002,bin,I_PERSON
000190-002,Abu,I_PERSON
000190-002,Balta'ah,I_PERSON
000190-002,mengejar,O
000190-002,Utbah,B_PERSON
000190-002,bin,I_PERSON
000190-002,Abi,I_PERSON
000190-002,Waqqas,I_PERSON
000190-002,yang,O
000190-002,telah,O
000190-002,me-,O
000190-002,mecahkan,O
000190-002,gigi,O
000190-002,seri,O
000190-002,beliau,O
000190-002,yang,O
000190-002,mulia,O
000190-002,.,O
000190-002,Setelah,O
000190-002,dekat,O
000190-002,dia,O
000190-002,menyabetkan,O
000190-002,pedangnya,O
000190-002,hingga,O
000190-002,bisa,O
000190-002,memenggal,O
000190-002,kepala,O
000190-002,Utbah,B_PERSON
000190-002,.,O
000190-002,Kemudian,O
000190-002,dia,O
000190-002,mengambil,O
000190-002,kuda,O
000190-002,dan,O
000190-002,pedangnya,O
000190-002,.,O
000190-002,Padahal,O
000190-002,Sa'd,B_PERSON
000190-002,bin,I_PERSON
000190-002,Abi,I_PERSON
000190-002,Waqqash,I_PERSON
000190-002,yang,O
000190-002,berambisi,O
000190-002,dapat,O
000190-002,membunuh,O
000190-002,saudara,O
000190-002,kandungnya,O
000190-002,sendiri,O
000190-002,itu,O
000190-002,",",O
000190-002,Utbah,B_PERSON
000190-002,bin,I_PERSON
000190-002,Abi,I_PERSON
000190-002,Waqqash,I_PERSON
000190-002,.,O
000190-002,Tetapi,O
000190-002,tampaknya,O
000190-002,dia,O
000190-002,tidak,O
000190-002,beruntung,O
000190-002,",",O
000190-002,karena,O
000190-002,yang,O
000190-002,bisa,O
000190-002,membunuhnya,O
000190-002,adalah,O
000190-002,Hathib,I_PERSON
000190-002,.,O
000190-002,Sementara,O
000190-002,Sahl,B_PERSON
000190-002,bin,I_PERSON
000190-002,Hanif,I_PERSON
000190-002,",",O
000190-002,salah,O
000190-002,seorang,O
000190-002,pemanah,O
000190-002,ulung,O
000190-002,",",O
000190-002,berjanji,O
000190-002,kepada,O
000190-002,Rasulullah,B_PERSON
000190-002,",",O
000190-002,siap,O
000190-002,untuk,O
000190-002,mati,O
000190-002,.,O
000190-002,Maka,O
000190-002,dia,O
000190-002,bangkit,O
000190-002,menerjang,O
000190-002,barisan,O
000190-002,orang-,O
000190-002,orang,O
000190-002,musyrik,O
000190-002,.,O
000190-002,Rasulullah,B_PERSON
000190-002,juga,O
000190-002,ikut,O
000190-002,andil,O
000190-002,melepaskan,O
000190-002,anak,O
000190-002,panah,O
000190-002,sendiri,O
000190-002,.,O
000190-002,Dari,O
000190-002,Qatadal,O
000190-002,bin,I_PERSON
000190-002,An-Nu'man,O
000190-002,",",O
000190-002,bahwa,O
000190-002,Rasulullah,B_PERSON
000190-002,melepaskan,O
000190-002,anak,O
000190-002,panah,O
000190-002,dari,O
000190-002,busurnya,O
000190-002,hingga,O
000190-002,dua,O
000190-002,ujungnya,O
000190-002,patah,O
000190-002,.,O
000190-002,Lalu,O
000190-002,Qatadah,O
000190-002,bin,I_PERSON
000190-002,An-Nu'man,O
000190-002,",",O
000190-002,mengambil,O
000190-002,dar,O
000190-002,menyimpannya,O
000190-002,.,O
000190-002,Pada,O
000190-002,saat,O
000190-002,itu,O
000190-002,mata,O
000190-002,Qatadah,I_PERSON
000190-002,juga,O
000190-002,terkena,O
000190-002,anak,O
000190-002,panah,O
000190-002,hingga,O
000190-002,ke,O
000190-002,tulang,O
000190-002,pipinya,O
000190-002,.,O
000190-002,Lalu,O
000190-002,beliau,O
000190-002,menyembuhkan,O
000190-002,hingga,O
000190-002,kembali,O
000190-002,seperti,O
000190-002,semula,O
000190-002,dan,O
000190-002,justru,O
000190-002,lebih,O
000190-002,baik,O
000190-002,dari,O
000190-002,matanya,O
000190-002,yang,O
000190-002,sebelah,O
000190-002,Abdurrahman,B_PERSON
000190-002,bin,I_PERSON
000190-002,Auf,I_PERSON
000190-002,bertempur,O
000190-002,dengan,O
000190-002,hebat,O
000190-002,hingga,O
000190-002,gigi,O
000190-002,serinya,O
000190-002,pecah,O
000190-002,dan,O
000190-002,mendapat,O
000190-002,dua,O
000190-002,puluh,O
000190-002,luka,O
000190-002,atau,O
000190-002,lebih,O
000190-002,di,O
000190-002,sekujur,O
000190-002,tubuhnya,O
000190-002,.,O
000190-002,Sebagian,O
000190-002,ada,O
000190-002,yang,O
000190-002,mengenai,O
000190-002,kakinya,O
000190-002,hingga,O
000190-002,jalannya,O
000190-002,pincang,O
000190-002,.,O
000190-003,Sebagian,O
000190-003,ada,O
000190-003,yang,O
000190-003,mengenai,O
000190-003,kakinya,O
000190-003,hingga,O
000190-003,jalannya,O
000190-003,pincang,O
000190-003,.,O
000190-003,Malik,B_PERSON
000190-003,bin,I_PERSON
000190-003,Sinan,I_PERSON
000190-003,",",O
000190-003,ayah,O
000190-003,Abu,B_PERSON
000190-003,Sa'id,I_PERSON
000190-003,Al-Khudri,O
000190-003,menghisap,O
000190-003,darah,O
000190-003,yang,O
000190-003,mengucur,O
000190-003,dari,O
000190-003,gigi,O
000190-003,seri,O
000190-003,Rasulullah,B_PERSON
000190-003,hingga,O
000190-003,bersih,O
000190-003,.,O
000190-003,Beliau,O
000190-003,bersabda,O
000190-003,",",O
000190-003,"""",O
000190-003,Muntahkanlah,O
000190-003,"!""""",O
000190-003,Namun,O
000190-003,Malik,B_PERSON
000190-003,menjawab,O
000190-003,",",O
000190-003,"""",O
000190-003,Demi,O
000190-003,Allah,O
000190-003,",",O
000190-003,sekali-kali,O
000190-003,aku,O
000190-003,tidak,O
000190-003,akan,O
000190-003,me,O
000190-003,muntahkannya,O
000190-003,".""",O
000190-003,Kemudian,O
000190-003,dia,O
000190-003,bangkit,O
000190-003,bertempur,O
000190-003,.,O
000190-003,Lalu,O
000190-003,beliau,O
000190-003,bersabda,O
000190-003,.,O
000190-003,"""",O
000190-003,Barangsiapa,O
000190-003,ingin,O
000190-003,melihat,O
000190-003,salah,O
000190-003,seorang,O
000190-003,penghuni,O
000190-003,surga,O
000190-003,",",O
000190-003,maka,O
000190-003,hendaklah,O
000190-003,dia,O
000190-003,melihat,O
000190-003,orang,O
000190-003,ini,O
000190-003,".""",O
000190-003,Dia,O
000190-003,terus,O
000190-003,bertempur,O
000190-003,hingga,O
000190-003,terbunuh,O
000190-003,sebagai,O
000190-003,syahid,O
000190-003,Sekalipun,O
000190-003,wanita,O
000190-003,",",O
000190-003,Ummu,B_PERSON
000190-003,Umarah,I_PERSON
000190-003,juga,O
000190-003,ikut,O
000190-003,andil,O
000190-003,dalam,O
000190-003,pertempuran,O
000190-003,.,O
000190-003,Dia,O
000190-003,menghadang,O
000190-003,Ibnu,B_PERSON
000190-003,Qami,I_PERSON
000190-003,ah,O
000190-003,di,O
000190-003,tengah,O
000190-003,kerumunan,O
000190-003,manusia,O
000190-003,",",O
000190-003,lalu,O
000190-003,memukulnya,O
000190-003,tepat,O
000190-003,mengenai,O
000190-003,bahunya,O
000190-003,dan,O
000190-003,menimbulkan,O
000190-003,luka,O
000190-003,menganga,O
000190-003,lebar,O
000190-003,.,O
000190-003,Dia,O
000190-003,menyusulinya,O
000190-003,dengan,O
000190-003,beberapa,O
000190-003,sabetan,O
000190-003,pedang,O
000190-003,lagi,O
000190-003,.,O
000190-003,Namun,O
000190-003,karena,O
000190-003,Ibnu,B_PERSON
000190-003,Qami,I_PERSON
000190-003,ah,O
000190-003,mengenakan,O
000190-003,baju,O
000190-003,besi,O
000190-003,",",O
000190-003,akhirnya,O
000190-003,dia,O
000190-003,bisa,O
000190-003,menyelamatkan,O
000190-003,diri,O
000190-003,.,O
000190-003,Ummu,B_PERSON
000190-003,Umarah,B_PERSON
000190-003,terus,O
000190-003,bertempur,O
000190-003,hingga,O
000190-003,mendapat,O
000190-003,dua,O
000190-003,belas,O
000190-003,luka,O
000190-003,.,O
000190-003,Mush'ab,I_PERSON
000190-003,bin,I_PERSON
000190-003,Umair,I_PERSON
000190-003,bertempur,O
000190-003,dengan,O
000190-003,gencar,O
000190-003,",",O
000190-003,melindungi,O
000190-003,Nabi,O
000190-003,dari,O
000190-003,serbuan,O
000190-003,Ibnu,B_PERSON
000190-003,Qami'ah,I_PERSON
000190-003,dan,O
000190-003,rekan-rekannya,O
000190-003,.,O
000190-003,Sementara,O
000190-003,bendera,O
000190-003,perang,O
000190-003,ada,O
000190-003,di,O
000190-003,tangan,O
000190-003,kanannya,O
000190-003,.,O
000190-003,Mereka,O
000190-003,dapat,O
000190-003,menyabetkan,O
000190-003,pedang,O
000190-003,ke,O
000190-003,tangan,O
000190-003,kanannya,O
000190-003,hingga,O
000190-003,putus,O
000190-003,.,O
000190-003,Lalu,O
000190-003,dia,O
000190-003,membawa,O
000190-003,bendera,O
000190-003,itu,O
000190-003,di,O
000190-003,tangan,O
000190-003,kirinya,O
000190-003,.,O
000190-003,Dia,O
000190-003,terus,O
000190-003,bertahan,O
000190-003,menghadapi,O
000190-003,serangan,O
000190-003,orang-orang,O
000190-003,kafir,O
000190-003,hingga,O
000190-003,mereka,O
000190-003,dapat,O
000190-003,menyabet,O
000190-003,tangan,O
000190-003,kirinya,O
000190-003,hingga,O
000190-003,putus,O
000190-003,.,O
000190-003,Lalu,O
000190-003,bendera,O
000190-003,itu,O
000190-003,ditelungkupkan,O
000190-003,di,O
000190-003,dada,O
000190-003,dan,O
000190-003,lehernya,O
000190-003,hingga,O
000190-003,dia,O
000190-003,terbunuh,O
000190-003,.,O
000190-003,Yang,O
000190-003,membunuhnya,O
000190-003,adalah,O
000190-003,Ibnu,B_PERSON
000190-003,Qami'ah,I_PERSON
000190-003,.,O
000192-001,Setelah,O
000192-001,Mush'ab,B_PERSON
000192-001,bin,I_PERSON
000192-001,Umair,I_PERSON
000192-001,terbunuh,O
000192-001,",",O
000192-001,Rasulullah,B_PERSON
000192-001,menyerahkan,O
000192-001,bendera,O
000192-001,ke,O
000192-001,Ali,B_PERSON
000192-001,bin,I_PERSON
000192-001,Abi,I_PERSON
000192-001,Thalib,I_PERSON
000192-001,",",O
000192-001,yang,O
000192-001,kemudian,O
000192-001,bertempur,O
000192-001,dengan,O
000192-001,hebat,O
000192-001,.,O
000192-001,Dengan,O
000192-001,180,O
000192-001,Sirah,O
000192-001,An-Nabawiyah,O
000192-001,",",O
000192-001,Ibnu,B_PERSON
000192-001,Hisyam,I_PERSON
000192-001,",",O
000192-001,2/73,O
000192-001,.,O
000192-001,80-83,O
000192-001,;,O
000192-001,Zadul-Ma'ad,O
000192-001,",",O
000192-001,2/97,O
000192-001,.,O
000192-001,heroisme,O
000192-001,dan,O
000192-001,semangat,O
000192-001,membara,O
000192-001,yang,O
000192-001,tak,O
000192-001,ada,O
000192-001,tandingannya,O
000192-001,",",O
000192-001,para,O
000192-001,sahabat,O
000192-001,yang,O
000192-001,masih,O
000192-001,ada,O
000192-001,di,O
000192-001,sana,O
000192-001,bertempur,O
000192-001,dan,O
000192-001,juga,O
000192-001,bertahan,O
000192-001,.,O
000192-001,Pada,O
000192-001,saat,O
000192-001,itu,O
000192-001,Rasulullah,B_PERSON
000192-001,bisa,O
000192-001,menyibak,O
000192-001,jalan,O
000192-001,dan,O
000192-001,bergabung,O
000192-001,dengan,O
000192-001,pasukannya,O
000192-001,yang,O
000192-001,sebelumnya,O
000192-001,telah,O
000192-001,mengambil,O
000192-001,jalan,O
000192-001,memutar,O
000192-001,.,O
000192-001,Beliau,O
000192-001,menghampiri,O
000192-001,mereka,O
000192-001,.,O
000192-001,Yang,O
000192-001,pertama,O
000192-001,kali,O
000192-001,melihat,O
000192-001,kehadiran,O
000192-001,beliau,O
000192-001,adalah,O
000192-001,Ka'b,B_PERSON
000192-001,bin,I_PERSON
000192-001,Malik,I_PERSON
000192-001,.,O
000192-001,Setelah,O
000192-001,melihat,O
000192-001,kehadiran,O
000192-001,beliau,O
000192-001,",",O
000192-001,dia,O
000192-001,berteriak,O
000192-001,",",O
000192-001,"""",O
000192-001,Bergembiralah,O
000192-001,wahai,O
000192-001,semua,O
000192-001,orang,O
000192-001,Muslim,O
000192-001,.,O
000192-001,Inilah,O
000192-001,Rasulullah,B_PERSON
000192-001,".""",O
000192-001,Beliau,O
000192-001,segera,O
000192-001,memberi,O
000192-001,isyarat,O
000192-001,kepada,O
000192-001,Ka'b,B_PERSON
000192-001,agar,O
000192-001,diam,O
000192-001,",",O
000192-001,dengan,O
000192-001,tujuan,O
000192-001,agar,O
000192-001,orang-orang,O
000192-001,musyrik,O
000192-001,tidak,O
000192-001,mengetahui,O
000192-001,posisi,O
000192-001,beliau,O
000192-001,.,O
000192-001,Teriakan,O
000192-001,Ka'b,B_PERSON
000192-001,tadi,O
000192-001,bisa,O
000192-001,didengar,O
000192-001,orang-orang,O
000192-001,Muslim,O
000192-001,.,O
000192-001,Maka,O
000192-001,mereka,O
000192-001,berkerumun,O
000192-001,di,O
000192-001,sekitar,O
000192-001,beliau,O
000192-001,",",O
000192-001,yang,O
000192-001,jumlahnya,O
000192-001,ada,O
000192-001,sekitar,O
000192-001,tiga,O
000192-001,puluh,O
000192-001,orang,O
000192-001,.,O
000192-001,Setelah,O
000192-001,berkumpul,O
000192-001,",",O
000192-001,Rasulullah,B_PERSON
000192-001,mundur,O
000192-001,secara,O
000192-001,teratur,O
000192-001,ke,O
000192-001,jalan,O
000192-001,bukit,O
000192-001,bersama,O
000192-001,mereka,O
000192-001,dengan,O
000192-001,membuka,O
000192-001,jalan,O
000192-001,di,O
000192-001,antara,O
000192-001,orang-orang,O
000192-001,musyrik,O
000192-001,yang,O
000192-001,sedang,O
000192-001,melancarkan,O
000192-001,serangan,O
000192-001,.,O
000192-001,Bahkan,O
000192-001,serangan,O
000192-001,mereka,O
000192-001,semakin,O
000192-001,ditingkatkan,O
000192-001,untuk,O
000192-001,menghalangi,O
000192-001,pengunduran,O
000192-001,itu,O
000192-001,.,O
000192-001,Tetapi,O
000192-001,mereka,O
000192-001,gagal,O
000192-001,menghalangi,O
000192-001,karena,O
000192-001,harus,O
000192-001,berhadapan,O
000192-001,dengan,O
000192-001,kehebatan,O
000192-001,para,O
000192-001,singa,O
000192-001,Islam,O
000192-001,.,O
000192-001,Utsman,B_PERSON
000192-001,bin,I_PERSON
000192-001,Abdullah,B_PERSON
000192-001,bin,I_PERSON
000192-001,Al-Mughirah,I_PERSON
000192-001,",",O
000192-001,salah,O
000192-001,seorang,O
000192-001,penunggang,O
000192-001,kuda,O
000192-001,dari,O
000192-001,pasukan,O
000192-001,musyrikin,O
000192-001,merangsek,O
000192-001,ke,O
000192-001,hadapan,O
000192-001,Nabi,O
000192-001,sambil,O
000192-001,berkata,O
000192-001,"""",O
000192-001,Aku,O
000192-001,tidak,O
000192-001,selamat,O
000192-001,selagi,O
000192-001,dia,O
000192-001,masih,O
000192-001,selamat,O
000192-001,".""",O
000192-001,Lalu,O
000192-001,beliau,O
000192-001,bangkit,O
000192-001,untuk,O
000192-001,menghadapinya,O
000192-001,.,O
000194-001,Setelah,O
000194-001,Rasulullah,B_PERSON
000194-001,mendapatkan,O
000194-001,tempat,O
000194-001,sebagai,O
000194-001,pusat,O
000194-001,komando,O
000194-001,di,O
000194-001,jalan,O
000194-001,bukit,O
000194-001,",",O
000194-001,maka,O
000194-001,orang-orang,O
000194-001,musyrik,O
000194-001,melancarkan,O
000194-001,serangan,O
000194-001,yang,O
000194-001,terakhir,O
000194-001,",",O
000194-001,sebagai,O
000194-001,upaya,O
000194-001,untuk,O
000194-001,menghabisi,O
000194-001,orang-orang,O
000194-001,Muslim,O
000194-001,Ibnu,B_PERSON
000194-001,Ishaq,I_PERSON
000194-001,menuturkan,O
000194-001,",",O
000194-001,selagi,O
000194-001,Rasulullah,B_PERSON
000194-001,berada,O
000194-001,di,O
000194-001,jalan,O
000194-001,bukit,O
000194-001,",",O
000194-001,ada,O
000194-001,beberapa,O
000194-001,orang,O
000194-001,Quraisy,O
000194-001,yang,O
000194-001,mendakit,O
000194-001,bukit,O
000194-001,",",O
000194-001,di,O
000194-001,bawah,O
000194-001,pimpinan,O
000194-001,Abu,B_PERSON
000194-001,Sufyan,I_PERSON
000194-001,dan,O
000194-001,Khalid,B_PERSON
000194-001,bin,I_PERSON
000194-001,Al-Walid,I_PERSON
000194-001,.,O
000194-001,Beliau,O
000194-001,bersabda,O
000194-001,",",O
000194-001,"""",O
000194-001,Ya,O
000194-001,Allah,O
000194-001,",",O
000194-001,tidak,O
000194-001,selayaknya,O
000194-001,bagi,O
000194-001,mereka,O
000194-001,untuk,O
000194-001,mengungguli,O
000194-001,kita,O
000194-001,".""",O
000194-001,Kemudian,O
000194-001,Umar,B_PERSON
000194-001,bin,I_PERSON
000194-001,Al-Khaththab,I_PERSON
000194-001,bersama,O
000194-001,beberapa,O
000194-001,orang,O
000194-001,Muhajirin,O
000194-001,menyerang,O
000194-001,mereka,O
000194-001,",",O
000194-001,hingga,O
000194-001,mereka,O
000194-001,turun,O
000194-001,dari,O
000194-001,atas,O
000194-001,bukit,O
000194-001,.,O
000194-001,Sewaktu,O
000194-001,peperangan,O
000194-001,Al-Umawi,O
000194-001,",",O
000194-001,orang-orang,O
000194-001,musyrik,O
000194-001,juga,O
000194-001,pernah,O
000194-001,naik,O
000194-001,ke,O
000194-001,atas,O
000194-001,bukit,O
000194-001,.,O
000194-001,Lalu,O
000194-001,Rasulullah,B_PERSON
000194-001,bersabda,O
000194-001,kepada,O
000194-001,Sa'd,O
000194-001,",",O
000194-001,"""",O
000194-001,Buatlah,O
000194-001,mereka,O
000194-001,ketakutan,O
000194-001,"!""",O
000194-001,"""",O
000194-001,Bagaimana,O
000194-001,dengan,O
000194-001,hanya,O
000194-001,sendirian,O
000194-001,aku,O
000194-001,bisa,O
000194-001,membuat,O
000194-001,mereka,O
000194-001,ketakutan,O
000194-001,"?""",O
000194-001,tanya,O
000194-001,Sa'd,O
000194-001,.,O
000194-001,Namun,O
000194-001,beliau,O
000194-001,tetap,O
000194-001,bersabda,O
000194-001,seperti,O
000194-001,itu,O
000194-001,hingga,O
000194-001,tiga,O
000194-001,kali,O
000194-001,.,O
000194-001,Akhirnya,O
000194-001,Sa'd,O
000194-001,mengambil,O
000194-001,sebatang,O
000194-001,anak,O
000194-001,panah,O
000194-001,dari,O
000194-001,tabungnya,O
000194-001,",",O
000194-001,lalu,O
000194-001,membidikannya,O
000194-001,ke,O
000194-001,tubuh,O
000194-001,salah,O
000194-001,seorang,O
000194-001,musyrik,O
000194-001,hingga,O
000194-001,dapat,O
000194-001,membunuhnya,O
000194-001,.,O
000194-001,Sa'd,O
000194-001,menuturkan,O
000194-001,",",O
000194-001,"""",O
000194-001,Lalu,O
000194-001,anak,O
000194-001,panah,O
000194-001,itu,O
000194-001,kuambil,O
000194-001,lagi,O
000194-001,dan,O
000194-001,kubidikan,O
000194-001,kepada,O
000194-001,seseorang,O
000194-001,yang,O
000194-001,lain,O
000194-001,hingga,O
000194-001,dapat,O
000194-001,membunuhnya,O
000194-001,.,O
000194-001,Kemudian,O
000194-001,anak,O
000194-001,panah,O
000194-001,itu,O
000194-001,kuambil,O
000194-001,lagi,O
000194-001,dan,O
000194-001,kubidikan,O
000194-001,kepada,O
000194-001,seseorang,O
000194-001,yang,O
000194-001,lain,O
000194-001,lagi,O
000194-001,hingga,O
000194-001,dapat,O
000194-001,membunuhnya,O
000194-001,.,O
000194-001,Akhirnya,O
000194-001,mereka,O
000194-001,turun,O
000194-001,dari,O
000194-001,atas,O
000194-001,bukit,O
000194-001,.,O
000194-001,Kukatakan,O
000194-001,",",O
000194-001,Ini,O
000194-001,adalah,O
000194-001,anak,O
000194-001,panah,O
000194-001,yang,O
000194-001,penuh,O
000194-001,barakah,O
000194-001,".""",O
000194-001,Lalu,O
000194-001,aku,O
000194-001,memasukannya,O
000194-001,ke,O
000194-001,dalam,O
000194-001,tabungnya,O
000194-001,".""",O
000194-001,Anak,O
000194-001,panah,O
000194-001,itu,O
000194-001,tetap,O
000194-001,disimpan,O
000194-001,Sa'd,O
000194-001,hingga,O
000194-001,saat,O
000194-001,dia,O
000194-001,meninggal,O
000194-001,dunia,O
000194-001,dan,O
000194-001,setelah,O
000194-001,itu,O
000194-001,disimpan,O
000194-001,anak,O
000195-001,Ini,O
000195-001,merupakan,O
000195-001,serangan,O
000195-001,terakhir,O
000195-001,yang,O
000195-001,dilancarkan,O
000195-001,orang-orang,O
000195-001,Quraisy,O
000195-001,terhadap,O
000195-001,Nabi,O
000195-001,.,O
000195-001,Setelah,O
000195-001,mereka,O
000195-001,tidak,O
000195-001,tahu,O
000195-001,sama,O
000195-001,sekali,O
000195-001,kemana,O
000195-001,beliau,O
000195-001,pergi,O
000195-001,dan,O
000195-001,setengah,O
000195-001,yakin,O
000195-001,telah,O
000195-001,dapat,O
000195-001,membunuh,O
000195-001,beliau,O
000195-001,",",O
000195-001,maka,O
000195-001,mereka,O
000195-001,kembali,O
000195-001,lagi,O
000195-001,ke,O
000195-001,183,O
000195-001,Zadul,O
000195-001,Ma'ad,O
000195-001,",",O
000195-001,2/95,O
000195-001,markas,O
000195-001,pasukan,O
000195-001,",",O
000195-001,kemudian,O
000195-001,bersiap-siap,O
000195-001,untuk,O
000195-001,kembali,O
000195-001,lagi,O
000195-001,ke,O
000195-001,Makkah,B_LOCATION
000195-001,.,O
000195-001,Di,O
000195-001,antara,O
000195-001,mereka,O
000195-001,ada,O
000195-001,yang,O
000195-001,masih,O
000195-001,berkutat,O
000195-001,pada,O
000195-001,kesibukannya,O
000195-001,",",O
000195-001,seperti,O
000195-001,yang,O
000195-001,dilakukan,O
000195-001,para,O
000195-001,wanita,O
000195-001,Quraisy,O
000195-001,yang,O
000195-001,terus,O
000195-001,mencari-cari,O
000195-001,orang-orang,O
000195-001,Muslim,O
000195-001,yang,O
000195-001,terbunuh,O
000195-001,.,O
000195-001,Mereka,O
000195-001,ada,O
000195-001,yang,O
000195-001,memotong,O
000195-001,telinganya,O
000195-001,",",O
000195-001,hidungnya,O
000195-001,",",O
000195-001,kemaluannya,O
000195-001,",",O
000195-001,mencabik-,O
000195-001,cabik,O
000195-001,perutnya,O
000195-001,.,O
000195-001,Sementara,O
000195-001,Hindun,B_PERSON
000195-001,binti,I_PERSON
000195-001,Utbah,I_PERSON
000195-001,mengambil,O
000195-001,jantung,O
000195-001,Hamzah,B_PERSON
000195-001,lalu,O
000195-001,mengunyahnya,O
000195-001,.,O
000195-001,Karena,O
000195-001,dia,O
000195-001,tidak,O
000195-001,bisa,O
000195-001,menelannya,O
000195-001,",",O
000195-001,maka,O
000195-001,kunyahannya,O
000195-001,dimuntahkan,O
000195-001,lagi,O
000195-001,.,O
000195-001,Dia,O
000195-001,juga,O
000195-001,memotong,O
000195-001,telinga,O
000195-001,dan,O
000195-001,hidung,O
000195-001,Hamzah,B_PERSON
000195-001,lalu,O
000195-001,menjadikannya,O
000195-001,sebagai,O
000195-001,gelang,O
000195-001,kaki,O
000195-001,dan,O
000196-002,Ada,O
000196-002,beberapa,O
000196-002,wanita,O
000196-002,Mukminah,O
000196-002,yang,O
000196-002,datang,O
000196-002,ke,O
000196-002,medan,O
000196-002,peperangan,O
000196-002,setelah,O
000196-002,pertempuran,O
000196-002,usai,O
000196-002,.,O
000196-002,Anas,O
000196-002,menuturkan,O
000196-002,",",O
000196-002,Kulihat,O
000196-002,Aisyah,B_PERSON
000196-002,binti,I_PERSON
000196-002,Abu,I_PERSON
000196-002,Bakar,I_PERSON
000196-002,dan,O
000196-002,Ummu,B_PERSON
000196-002,Sulaim,I_PERSON
000196-002,menyingsingkan,O
000196-002,gaunya,O
000196-002,hingga,O
000196-002,terlihat,O
000196-002,gelang,O
000196-002,kakinya,O
000196-002,",",O
000196-002,sambil,O
000196-002,menggendong,O
000196-002,geriba,O
000196-002,tempat,O
000196-002,air,O
000196-002,di,O
000196-002,punggung,O
000196-002,.,O
000196-002,Mereka,O
000196-002,berdua,O
000196-002,184,O
000196-002,Sirah,O
000196-002,An-Nabawiyah,O
000196-002,",",O
000196-002,Ibnu,B_PERSON
000196-002,Hisyam,I_PERSON
000196-002,",",O
000196-002,2/90,O
000196-002,.,O
000196-002,185,O
000196-002,Al-Bidayah,O
000196-002,Wan-Nihayah,O
000196-002,",",O
000196-002,4/17,O
000196-002,.,O
000196-002,memberi,O
000196-002,minum,O
000196-002,kepada,O
000196-002,orang-orang,O
000196-002,lalu,O
000196-002,kembali,O
000196-002,mundur,O
000196-002,ke,O
000196-002,belakang,O
000196-002,untuk,O
000196-002,memenuhi,O
000196-002,geribanya,O
000196-002,",",O
000196-002,lalu,O
000196-002,maju,O
000196-002,lagi,O
000196-002,untuk,O
000196-002,memberi,O
000196-002,minum,O
000196-002,Umar,B_PERSON
000196-002,berkata,O
000196-002,",",O
000196-002,"""",O
000196-002,Ummu,B_PERSON
000196-002,Sulaith,O
000196-002,memberikan,O
000196-002,geriba,O
000196-002,kepada,O
000196-002,kami,O
000196-002,pada,O
000196-002,waktu,O
000196-002,Perang,B_EVENT
000196-002,Uhud,I_EVENT
000196-002,".""",O
000196-002,Di,O
000196-002,antara,O
000196-002,para,O
000196-002,wanita,O
000196-002,itu,O
000196-002,ada,O
000196-002,juga,O
000196-002,Ummu,B_PERSON
000196-002,Aiman,I_PERSON
000196-002,.,O
000196-002,Saat,O
000196-002,dia,O
000196-002,melihat,O
000196-002,orang-,O
000196-002,orang,O
000196-002,Muslim,O
000196-002,lari,O
000196-002,kocar-kacir,O
000196-002,dan,O
000196-002,bahkan,O
000196-002,sebagian,O
000196-002,di,O
000196-002,antara,O
000196-002,mereka,O
000196-002,ada,O
000196-002,yang,O
000196-002,hendak,O
000196-002,kembali,O
000196-002,ke,O
000196-002,Madinah,B_LOCATION
000196-002,",",O
000196-002,maka,O
000196-002,seketika,O
000196-002,itu,O
000196-002,dia,O
000196-002,menaburkan,O
000196-002,debu,O
000196-002,ke,O
000196-002,wajah,O
000196-002,mereka,O
000196-002,.,O
000196-002,Dia,O
000196-002,berkata,O
000196-002,kepada,O
000196-002,mereka,O
000196-002,",",O
000196-002,"""",O
000196-002,Jalankan,O
000196-002,saja,O
000196-002,alat,O
000196-002,penggiling,O
000196-002,dan,O
000196-002,berikan,O
000196-002,padaku,O
000196-002,pedangmu,O
000196-002,".""",O
000196-002,Setelah,O
000196-002,itu,O
000196-002,dia,O
000196-002,segera,O
000196-002,pergi,O
000196-002,ke,O
000196-002,kancah,O
000196-002,peperangan,O
000196-002,",",O
000196-002,memberi,O
000196-002,minum,O
000196-002,kepada,O
000196-002,orang-orang,O
000196-002,yang,O
000196-002,terluka,O
000196-002,.,O
000196-002,Bahkan,O
000196-002,dia,O
000196-002,juga,O
000196-002,sempat,O
000196-002,membidikkan,O
000196-002,anak,O
000196-002,panah,O
000196-002,mengenai,O
000196-002,Hibban,I_PERSON
000196-002,bin,I_PERSON
000196-002,Al-Ariqah,O
000196-002,.,O
000196-002,Sekalipun,O
000196-002,anak,O
000196-002,panah,O
000196-002,itu,O
000196-002,mengenai,O
000196-002,sasaran,O
000196-002,",",O
000196-002,tetapi,O
000196-002,mental,O
000196-002,karena,O
000196-002,mengenai,O
000196-002,baju,O
000196-002,besi,O
000196-002,.,O
000196-002,Musuh,B_PERSON
000196-002,Allah,O
000196-002,itu,O
000196-002,pun,O
000196-002,tertawa,O
000196-002,terbahak-,O
000196-002,bahak,O
000196-002,karenanya,O
000196-002,.,O
000196-002,Hal,O
000196-002,ini,O
000196-002,membuat,O
000196-002,Rasulullah,B_PERSON
000196-002,tidak,O
000196-002,senang,O
000196-002,.,O
000196-002,Beliau,O
000196-002,menyerahkan,O
000196-002,sebuah,O
000196-002,anak,O
000196-002,panah,O
000196-002,tanpa,O
000196-002,ada,O
000196-002,matanya,O
000196-002,kepada,O
000196-002,Sa'd,B_PERSON
000196-002,bin,I_PERSON
000196-002,Abi,I_PERSON
000196-002,Waqqash,I_PERSON
000196-002,",",O
000196-002,lalu,O
000196-002,Sa'd,O
000196-002,membidiknya,O
000196-002,ke,O
000196-002,arah,O
000196-002,Hibban,I_PERSON
000196-002,dan,O
000196-002,tepat,O
000196-002,mengenai,O
000196-002,sasaran,O
000196-002,pada,O
000196-002,tengkuknya,O
000196-002,",",O
000196-002,hingga,O
000196-002,membuatnya,O
000196-002,terjengkang,O
000196-002,ke,O
000196-002,tanah,O
000196-002,.,O
000196-002,Beliau,O
000196-002,tersenyum,O
000196-002,hingga,O
000196-002,terlihat,O
000196-002,gigi,O
000196-002,gerahamnya,O
000196-002,.,O
000197-001,Setelah,O
000197-001,Rasulullah,B_PERSON
000197-001,berada,O
000197-001,di,O
000197-001,jalan,O
000197-001,bukit,O
000197-001,",",O
000197-001,Ali,B_PERSON
000197-001,bin,I_PERSON
000197-001,Abu,I_PERSON
000197-001,Thalib,I_PERSON
000197-001,pergi,O
000197-001,.,O
000197-001,Tak,O
000197-001,seberapa,O
000197-001,lama,O
000197-001,kemudian,O
000197-001,dia,O
000197-001,kembali,O
000197-001,lagi,O
000197-001,sambil,O
000197-001,membawa,O
000197-001,perisai,O
000197-001,dari,O
000197-001,kulit,O
000197-001,y,O
000197-001,ang,O
000197-001,sudah,O
000197-001,dipenuhi,O
000197-001,air,O
000197-001,yang,O
000197-001,diambil,O
000197-001,dari,O
000197-001,mata,O
000197-001,air,O
000197-001,Al-Mihras,O
000197-001,.,O
000197-001,Dia,O
000197-001,menghampiri,O
000197-001,beliau,O
000197-001,dan,O
000197-001,menyuruh,O
000197-001,untuk,O
000197-001,meminumnya,O
000197-001,.,O
000197-001,Namun,O
000197-001,beliau,O
000197-001,mencium,O
000197-001,bau,O
000197-001,yang,O
000197-001,tidak,O
000197-001,sedap,O
000197-001,",",O
000197-001,sehingga,O
000197-001,tidak,O
000197-001,jadi,O
000197-001,meminumnya,O
000197-001,.,O
000197-001,Air,O
000197-001,itu,O
000197-001,beliau,O
000197-001,pergunakan,O
000197-001,untuk,O
000197-001,membasuh,O
000197-001,darah,O
000197-001,di,O
000197-001,muka,O
000197-001,beliau,O
000197-001,dan,O
000197-001,mengguyurkannya,O
000197-001,ke,O
000197-001,kepala,O
000197-001,",",O
000197-001,sambil,O
000197-001,bersabda,O
000197-001,",",O
000197-001,"""",O
000197-001,Allah,O
000197-001,amat,O
000197-001,murka,O
000197-001,terhadap,O
000197-001,orang,O
000197-001,yang,O
000197-001,membuat,O
000197-001,wajah,O
000197-001,Nabi-Nya,O
000197-001,berdarah,O
000197-001,.,O
000197-001,"""",O
000197-001,Sahl,O
000197-001,berkata,O
000197-001,",",O
000197-001,"""",O
000197-001,Demi,O
000197-001,Allah,O
000197-001,",",O
000197-001,aku,O
000197-001,benar-benar,O
000197-001,tahu,O
000197-001,siapa,O
000197-001,yang,O
000197-001,membasuh,O
000197-001,luka,O
000197-001,Rasulullah,B_PERSON
000197-001,",",O
000197-001,siapa,O
000197-001,y,O
000197-001,ang,O
000197-001,menuangkan,O
000197-001,air,O
000197-001,dan,O
000197-001,dengan,O
000197-001,apa,O
000197-001,mengobati,O
000197-001,.,O
000197-001,Fathimah,O
000197-001,.,O
000197-001,putri,O
000197-001,beliau,O
000197-001,yang,O
000197-001,membasuh,O
000197-001,dan,O
000197-001,Ali,B_PERSON
000197-001,bin,I_PERSON
000197-001,Abu,I_PERSON
000197-001,Thalib,I_PERSON
000197-001,yang,O
000197-001,menuangkan,O
000197-001,air,O
000197-001,.,O
000197-001,Tatkala,O
000197-001,Fathimah,O
000197-001,melihat,O
000197-001,bahwa,O
000197-001,basuhan,O
000197-001,air,O
000197-001,itu,O
000197-001,justru,O
000197-001,membuat,O
000197-001,darah,O
000197-001,beliau,O
000197-001,semakin,O
000197-001,mengalir,O
000197-001,banyak,O
000197-001,",",O
000197-001,maka,O
000197-001,dia,O
000197-001,menyobek,O
000197-001,sepotong,O
000197-001,tikar,O
000197-001,lalu,O
000197-001,membakarnya,O
000197-001,dan,O
000197-001,menempelkannya,O
000197-001,di,O
000197-001,luka,O
000197-001,beliau,O
000197-001,",",O
000197-001,hingga,O
000197-001,darahnya,O
000197-001,berhenti,O
000197-001,.,O
000197-001,Muhammad,B_PERSON
000197-001,bin,I_PERSON
000197-001,Maslamah,I_PERSON
000197-001,datang,O
000197-001,sambil,O
000197-001,membawa,O
000197-001,air,O
000197-001,yang,O
000197-001,segar,O
000197-001,.,O
000197-001,Maka,O
000197-001,Nabi,O
000197-001,meminumnya,O
000197-001,dan,O
000197-001,mendoakan,O
000197-001,kebaikan,O
000197-001,baginya,O
000197-001,.,O
000197-001,Beliau,O
000197-001,shalat,O
000197-001,zhuhur,O
000197-001,di,O
000197-001,tempat,O
000197-001,itu,O
000197-001,sambil,O
000197-001,duduk,O
000197-001,karena,O
000197-001,lukanya,O
000197-001,",",O
000197-001,sedangkan,O
000197-001,orang-orang,O
000197-001,Muslim,O
000197-001,di,O
000197-001,belakang,O
000197-001,beliau,O
000197-001,juga,O
000197-001,sambil,O
000198-003,Di,O
000198-003,sanalah,O
000198-003,tempat,O
000198-003,yang,O
000198-003,telah,O
000198-003,disepakati,O
000198-003,antara,O
000198-003,kami,O
000198-003,dan,O
000198-003,kamu',O
000198-003,".""",O
000198-003,Kemudian,O
000198-003,Rasulullah,B_PERSON
000198-003,mengutus,O
000198-003,Ali,B_PERSON
000198-003,bin,I_PERSON
000198-003,Abu,I_PERSON
000198-003,Thalib,I_PERSON
000198-003,",",O
000198-003,seraya,O
000198-003,bersabda,O
000198-003,.,O
000198-003,"""",O
000198-003,Pergilah,O
000198-003,dan,O
000198-003,buntutilah,O
000198-003,mereka,O
000198-003,.,O
000198-003,Lihatlah,O
000198-003,apa,O
000198-003,yang,O
000198-003,mereka,O
000198-003,lakukan,O
000198-003,dan,O
000198-003,apa,O
000198-003,yang,O
000198-003,mereka,O
000198-003,kehendaki,O
000198-003,.,O
000198-003,Jika,O
000198-003,mereka,O
000198-003,mengikat,O
000198-003,kuda,O
000198-003,dan,O
000198-003,menaiki,O
000198-003,ontanya,O
000198-003,",",O
000198-003,berarti,O
000198-003,mereka,O
000198-003,pergi,O
000198-003,menuju,O
000198-003,Makkah,B_LOCATION
000198-003,.,O
000198-003,Namun,O
000198-003,jika,O
000198-003,mereka,O
000198-003,menaiki,O
000198-003,kuda,O
000198-003,dan,O
000198-003,mengikat,O
000198-003,ontanya,O
000198-003,",",O
000198-003,berarti,O
000198-003,mereka,O
000198-003,hendak,O
000198-003,menuju,O
000198-003,Madinah,B_LOCATION
000198-003,.,O
000198-003,Demi,O
000198-003,yang,O
000198-003,diriku,O
000198-003,ada,O
000198-003,di,O
000198-003,Tangan-Nya,O
000198-003,",",O
000198-003,jika,O
000198-003,mereka,O
000198-003,menghendaki,O
000198-003,yang,O
000198-003,demikian,O
000198-003,itu,O
000198-003,",",O
000198-003,maka,O
000198-003,aku,O
000198-003,benar-benar,O
000198-003,akan,O
000198-003,menghadapi,O
000198-003,mereka,O
000198-003,di,O
000198-003,sana,O
000198-003,dan,O
000198-003,menggempur,O
000198-003,mereka,O
000198-003,".""",O
000198-003,Ali,B_PERSON
000198-003,menuturkan,O
000198-003,",",O
000198-003,"""",O
000198-003,Lalu,O
000198-003,aku,O
000198-003,membuntuti,O
000198-003,mereka,O
000198-003,untuk,O
000198-003,melihat,O
000198-003,apa,O
000198-003,yang,O
000198-003,mereka,O
000198-003,kerjakan,O
000198-003,.,O
000198-003,Ternyata,O
000198-003,mereka,O
000198-003,mengikat,O
000198-003,kuda,O
000198-003,dan,O
000198-003,menaiki,O
000198-003,onta,O
000198-003,.,O
000198-003,Mereka,O
000198-003,pergi,O
000198-003,ke,O
000198-003,Makkah,B_LOCATION
000198-003,".""",O
000200-002,Rasulullah,B_PERSON
000200-002,mengabarkan,O
000200-002,para,O
000200-002,sahabat,O
000200-002,bahwa,O
000200-002,malaikat,O
000200-002,sedang,O
000200-002,memandikan,O
000200-002,jasadnya,O
000200-002,.,O
000200-002,Lalu,O
000200-002,beliau,O
000200-002,bersabda,O
000200-002,",",O
000200-002,"""",O
000200-002,Tanyakan,O
000200-002,kepada,O
000200-002,keluarganya,O
000200-002,",",O
000200-002,ada,O
000200-002,apa,O
000200-002,dengan,O
000200-002,dirinya,O
000200-002,"?""",O
000200-002,Lalu,O
000200-002,mereka,O
000200-002,bertanya,O
000200-002,kepada,O
000200-002,istrinya,O
000200-002,",",O
000200-002,dan,O
000200-002,dikabarkan,O
000200-002,tentang,O
000200-002,keadaannya,O
000200-002,sedang,O
000200-002,junub,O
000200-002,saat,O
000200-002,berangkat,O
000200-002,perang,O
000200-002,.,O
000200-002,Dari,O
000200-002,kejadian,O
000200-002,ini,O
000200-002,dia,O
000200-002,mendapatkan,O
000200-002,julukan,O
000200-002,Ghasilul,O
000200-002,Malaikat,O
000200-002,(,O
000200-002,orang,O
000200-002,yang,O
000200-002,dimandikan,O
000200-002,Setelah,O
000200-002,melihat,O
000200-002,keadaan,O
000200-002,Hamzah,B_PERSON
000200-002,",",O
000200-002,paman,O
000200-002,dan,O
000200-002,saudara,O
000200-002,susuan,O
000200-002,",",O
000200-002,Rasulullah,B_PERSON
000200-002,amat,O
000200-002,berduka,O
000200-002,.,O
000200-002,Tatkala,O
000200-002,bibi,O
000200-002,beliau,O
000200-002,",",O
000200-002,Shafiyah,O
000200-002,hendak,O
000200-002,melihat,O
000200-002,jasad,O
000200-002,saudaranya,O
000200-002,",",O
000200-002,Hamzah,B_PERSON
000200-002,",",O
000200-002,maka,O
000200-002,beliau,O
000200-002,memerintahkan,O
000200-002,anaknya,O
000200-002,",",O
000200-002,Az-Zubair,O
000200-002,untuk,O
000200-002,mengalihkan,O
000200-002,agar,O
000200-002,tidak,O
000200-002,melihat,O
000200-002,apa,O
000200-002,yang,O
000200-002,menimpa,O
000200-002,jasad,O
000200-002,Hamzah,B_PERSON
000200-002,.,O
000200-002,"""",O
000200-002,Ada,O
000200-002,apa,O
000200-002,memangnya,O
000200-002,"?""",O
000200-002,tanya,O
000200-002,Shafiyah,O
000200-002,",",O
000200-002,"""",O
000200-002,kudengar,O
000200-002,saudaraku,O
000200-002,itu,O
000200-002,banyak,O
000200-002,mendapat,O
000200-002,luka,O
000200-002,",",O
000200-002,dan,O
000200-002,itu,O
000200-002,terjadi,O
000200-002,karena,O
000200-002,Allah,O
000200-002,.,O
000200-002,Kami,O
000200-002,ridha,O
000200-002,sekalipun,O
000200-002,keadaan,O
000200-002,sedemikian,O
000200-002,rupa,O
000200-002,.,O
000200-002,Aku,O
000200-002,akan,O
000200-002,tabah,O
000200-002,dan,O
000200-002,sabar,O
000200-002,insya,O
000200-002,Allah,O
000200-002,".""",O
000200-002,Lalu,O
000200-002,dia,O
000200-002,mendekati,O
000200-002,jasad,O
000200-002,Hamzah,B_PERSON
000200-002,",",O
000200-002,memandanginya,O
000200-002,lalu,O
000200-002,berdoa,O
000200-002,baginya,O
000200-002,.,O
000200-002,Setelah,O
000200-002,itu,O
000200-002,dia,O
000200-002,mundur,O
000200-002,dan,O
000200-002,memohon,O
000200-002,ampun,O
000200-002,baginya,O
000200-002,.,O
000200-002,Rasulullah,B_PERSON
000200-002,memerintahkan,O
000200-002,agar,O
000200-002,jasad,O
000200-002,Hamzah,B_PERSON
000200-002,dikubur,O
000200-002,satu,O
000200-002,liang,O
000200-002,dengan,O
000200-002,jasad,O
000200-002,Abdullah,B_PERSON
000200-002,bin,I_PERSON
000200-002,Jahsy,I_PERSON
000200-002,",",O
000200-002,keponakannya,O
000200-002,dan,O
000200-002,saudara,O
000200-002,sesusuan,O
000200-002,.,O
000200-002,Ibnu,B_PERSON
000200-002,Mas'ud,I_PERSON
000200-002,berkata,O
000200-002,",",O
000200-002,kami,O
000200-002,tidak,O
000200-002,pernah,O
000200-002,melihat,O
000200-002,Rasulullah,B_PERSON
000200-002,dalam,O
000200-002,keadaan,O
000200-002,menangis,O
000200-002,lebih,O
000200-002,sesegukan,O
000200-002,daripada,O
000200-002,tangisannya,O
000200-002,atas,O
000200-002,Hamzah,B_PERSON
000200-002,bin,I_PERSON
000200-002,Abdul,I_PERSON
000200-002,Muththalib,I_PERSON
000200-002,.,O
000200-002,Beliau,O
000200-002,memeluknya,O
000200-002,kemudian,O
000200-002,berdiri,O
000200-002,di,O
000200-002,sampingnya,O
000200-002,.,O
000200-002,Beliau,O
000200-002,menangis,O
000200-002,lagi,O
000200-002,hingga,O
000200-002,terisak-isak,O
000200-002,".""",O
000200-002,191,O
000200-002,Zadul-Ma'ad,O
000200-002,",",O
000200-002,2/94,O
000200-002,Pemandangan,O
000200-002,para,O
000200-002,syuhada,O
000200-002,benar-benar,O
000200-002,sangat,O
000200-002,mengenaskan,O
000200-002,dan,O
000200-002,membuat,O
000200-002,hati,O
000200-002,teriris-iris,O
000200-002,.,O
000202-002,Ketika,O
000202-002,wanita,O
000202-002,itu,O
000202-002,sudah,O
000202-002,melihat,O
000202-002,beliau,O
000202-002,",",O
000202-002,maka,O
000202-002,dia,O
000202-002,berkata,O
000202-002,",",O
000202-002,"""",O
000202-002,Setiap,O
000202-002,musibah,O
000202-002,asal,O
000202-002,tidak,O
000202-002,menimpa,O
000202-002,engkau,O
000202-002,adalah,O
000202-002,Lalu,O
000202-002,datang,O
000202-002,Ummu,B_PERSON
000202-002,Sa'd,I_PERSON
000202-002,bin,I_PERSON
000202-002,Mu'adz,I_PERSON
000202-002,sambil,O
000202-002,berlari-lari,O
000202-002,",",O
000202-002,sementara,O
000202-002,Sa'd,O
000202-002,sedang,O
000202-002,memegang,O
000202-002,tali,O
000202-002,kekang,O
000202-002,kuda,O
000202-002,beliau,O
000202-002,.,O
000202-002,Sa'd,O
000202-002,berkata,O
000202-002,",",O
000202-002,"""",O
000202-002,Wahai,O
000202-002,Rasulullah,B_PERSON
000202-002,",",O
000202-002,itu,O
000202-002,adalah,O
000202-002,ibuku,O
000202-002,".""",O
000202-002,"""",O
000202-002,Selamat,O
000202-002,atas,O
000202-002,kedatangannya,O
000202-002,",""",O
000202-002,sabda,O
000202-002,beliau,O
000202-002,.,O
000202-002,Lalu,O
000202-002,beliau,O
000202-002,berdiri,O
000202-002,sendiri,O
000202-002,untuk,O
000202-002,menyongsongnya,O
000202-002,.,O
000202-002,Setelah,O
000202-002,dia,O
000202-002,dekat,O
000202-002,",",O
000202-002,Amr,B_PERSON
000202-002,bin,I_PERSON
000202-002,Mu'adz,I_PERSON
000202-002,",",O
000202-002,anaknya,O
000202-002,yang,O
000202-002,lain,O
000202-002,berusaha,O
000202-002,menghiburnya,O
000202-002,.,O
000202-002,Namun,O
000202-002,Ummu,B_PERSON
000202-002,Sa'd,I_PERSON
000202-002,berkata,O
000202-002,kepada,O
000202-002,Rasulullah,B_PERSON
000202-002,.,O
000202-002,"""",O
000202-002,Selagi,O
000202-002,kulihat,O
000202-002,engkau,O
000202-002,selamat,O
000202-002,",",O
000202-002,maka,O
000202-002,musibah,O
000202-002,yang,O
000202-002,menimpa,O
000202-002,kuanggap,O
000202-002,ringan,O
000202-002,".""",O
000202-002,Kemudian,O
000202-002,beliau,O
000202-002,berdoa,O
000202-002,untuk,O
000202-002,keluarga,O
000202-002,para,O
000202-002,korban,O
000202-002,Perang,B_EVENT
000202-002,Uhud,I_EVENT
000202-002,Lalu,O
000202-002,beliau,O
000202-002,bersabda,O
000202-002,",",O
000202-002,"""",O
000202-002,Wahai,O
000202-002,Ummu,B_PERSON
000202-002,Sa'd,O
000202-002,",",O
000202-002,bergembiralah,O
000202-002,dan,O
000202-002,sampaikanlah,O
000202-002,kabar,O
000202-002,gembira,O
000202-002,kepada,O
000202-002,keluarga,O
000202-002,mereka,O
000202-002,",",O
000202-002,bahwa,O
000202-002,mereka,O
000202-002,yang,O
000202-002,terbunuh,O
000202-002,saling,O
000202-002,menyayangi,O
000202-002,di,O
000202-002,surga,O
000202-002,semuanya,O
000202-002,",",O
000202-002,dan,O
000202-002,mereka,O
000202-002,juga,O
000202-002,memintakan,O
000202-002,syafaat,O
000202-002,bagi,O
000202-002,keluarga,O
000202-002,mereka,O
000202-002,semua,O
000202-002,".""",O
000202-002,Ummu,B_PERSON
000202-002,Sa'd,O
000202-002,berkata,O
000202-002,",",O
000202-002,"""",O
000202-002,Kami,O
000202-002,ridha,O
000202-002,wahai,O
000202-002,Rasulullah,B_PERSON
000202-002,.,O
000202-002,Siapakah,O
000202-002,yang,O
000202-002,masih,O
000202-002,ingin,O
000202-002,menangis,O
000202-002,setelah,O
000202-002,ini,O
000202-002,"?""",O
000202-002,Lalu,O
000202-002,dia,O
000202-002,berkata,O
000202-002,lagi,O
000202-002,",",O
000202-002,"""",O
000202-002,Wahai,O
000202-002,Rasulullah,B_PERSON
000202-002,",",O
000202-002,berdoalah,O
000202-002,bagi,O
000202-002,orang-orang,O
000202-002,yang,O
000202-002,menggantikan,O
000202-002,keluarga,O
000202-002,mereka,O
000202-002,".""",O
000202-002,195,O
000202-002,Sirah,O
000202-002,An-Nabawiyah,O
000202-002,",",O
000202-002,Ibnu,B_PERSON
000202-002,Hisyam,I_PERSON
000202-002,",",O
000202-002,2/99,O
000202-002,Beliau,O
000202-002,bersabda,O
000202-002,",",O
000202-002,"""",O
000202-002,Ya,O
000202-002,Allah,O
000202-002,",",O
000202-002,singkirkanlah,O
000202-002,duka,O
000202-002,hati,O
000202-002,mereka,O
000202-002,",",O
000202-002,gantilah,O
000202-002,yang,O
000202-002,hilang,O
000202-002,dan,O
000202-002,baguskanlah,O
000202-002,orang-orang,O
000202-002,yang,O
000202-002,menggantikan,O
000204-001,Beberapa,O
000204-001,riwayat,O
000204-001,telah,O
000204-001,sepakat,O
000204-001,menyebutkan,O
000204-001,bahwa,O
000204-001,korban,O
000204-001,yang,O
000204-001,mati,O
000204-001,di,O
000204-001,pihak,O
000204-001,orang-orang,O
000204-001,Muslim,O
000204-001,ada,O
000204-001,70,O
000204-001,orang,O
000204-001,",",O
000204-001,yang,O
000204-001,kebanyakan,O
000204-001,berasal,O
000204-001,dari,O
000204-001,kalangan,O
000204-001,Anshar,O
000204-001,",",O
000204-001,tepatnya,O
000204-001,sebanyak,O
000204-001,64,O
000204-001,dari,O
000204-001,Aus,O
000204-001,.,O
000204-001,Sementara,O
000204-001,dari,O
000204-001,kalangan,O
000204-001,Yahudi,O
000204-001,ada,O
000204-001,satu,O
000204-001,orang,O
000204-001,yang,O
000204-001,terbunuh,O
000204-001,.,O
000204-001,Sedangkan,O
000204-001,dari,O
000204-001,kalangan,O
000204-001,Muhajirin,O
000204-001,hanya,O
000204-001,empat,O
000204-001,orang,O
000204-001,.,O
000204-001,Sedangkan,O
000204-001,korban,O
000204-001,yang,O
000204-001,terbunuh,O
000204-001,dari,O
000204-001,pihak,O
000204-001,orang-orang,O
000204-001,musyrik,O
000204-001,menurut,O
000204-001,Ibnu,B_PERSON
000204-001,Ishaq,I_PERSON
000204-001,ada,O
000204-001,20,O
000204-001,orang,O
000204-001,.,O
000204-001,Tetapi,O
000204-001,setelah,O
000204-001,penelusuran,O
000204-001,yang,O
000204-001,lebih,O
000204-001,mendetail,O
000204-001,dengan,O
000204-001,mempertimbangkan,O
000204-001,kondisi,O
000204-001,peperangan,O
000204-001,saat,O
000204-001,itu,O
000204-001,",",O
000204-001,dan,O
000204-001,hal,O
000204-001,ini,O
000204-001,juga,O
000204-001,dikuatkan,O
000204-001,beberapa,O
000204-001,pakar,O
000204-001,biografi,O
000204-001,dan,O
000204-001,peperangan,O
000204-001,",",O
000204-001,ternyata,O
000204-001,korban,O
000204-001,di,O
000204-001,pihak,O
000204-001,mereka,O
000204-001,ada,O
000204-001,37,O
000206-002,Rasulullah,B_PERSON
000206-002,bersama,O
000206-002,orang-orang,O
000206-002,Muslim,O
000206-002,keluar,O
000206-002,dari,O
000206-002,Madinah,B_LOCATION
000206-002,hingga,O
000206-002,tiba,O
000206-002,di,O
000206-002,Hamra'ul,O
000206-002,Asad,O
000206-002,",",O
000206-002,sejauh,O
000206-002,8,O
000206-002,mil,O
000206-002,dari,O
000206-002,Madinah,B_LOCATION
000206-002,.,O
000206-002,Mereka,O
000206-002,bermarkas,O
000206-002,di,O
000206-002,sana,O
000206-002,Selagi,O
000206-002,di,O
000206-002,sana,O
000206-002,",",O
000206-002,muncul,O
000206-002,Ma'bad,B_PERSON
000206-002,bin,I_PERSON
000206-002,Abu,I_PERSON
000206-002,Ma'bad,I_PERSON
000206-002,Al-Khuza'i,O
000206-002,di,O
000206-002,hadapan,O
000206-002,Rasulullah,B_PERSON
000206-002,lalu,O
000206-002,masuk,O
000206-002,Islam,O
000206-002,.,O
000206-002,Tetapi,O
000206-002,ada,O
000206-002,pendapat,O
000206-002,yang,O
000206-002,mengatakan,O
000206-002,bahwa,O
000206-002,dia,O
000206-002,masih,O
000206-002,dalam,O
000206-002,keadaan,O
000206-002,musyrik,O
000206-002,saat,O
000206-002,itu,O
000206-002,.,O
000206-002,Yang,O
000206-002,pasti,O
000206-002,",",O
000206-002,dia,O
000206-002,memberikan,O
000206-002,nasihat,O
000206-002,dan,O
000206-002,berpihak,O
000206-002,kepada,O
000206-002,beliau,O
000206-002,",",O
000206-002,apalagi,O
000206-002,ada,O
000206-002,perjanjian,O
000206-002,persahabatan,O
000206-002,antara,O
000206-002,Bani,O
000206-002,Khuza'ah,O
000206-002,dan,O
000206-002,Bani,O
000206-002,Hasyim,O
000206-002,.,O
000206-002,Dia,O
000206-002,berkata,O
000206-002,",",O
000206-002,"""",O
000206-002,Wahai,O
000206-002,Muhammad,B_PERSON
000206-002,",",O
000206-002,Demi,O
000206-002,Allah,O
000206-002,kami,O
000206-002,(,O
000206-002,orang-orang,O
000206-002,Quraisy,O
000206-002,),O
000206-002,merasa,O
000206-002,hebat,O
000206-002,karena,O
000206-002,bencana,O
000206-002,yang,O
000206-002,menimpa,O
000206-002,rekan-,O
000206-002,rekanmu,O
000206-002,.,O
000206-002,Namun,O
000206-002,aku,O
000206-002,tetap,O
000206-002,berharap,O
000206-002,Allah,O
000206-002,masih,O
000206-002,memberi,O
000206-002,afiat,O
000206-002,kepadamu,O
000206-002,".""",O
000206-002,Lalu,O
000206-002,beliau,O
000206-002,menyuruh,O
000206-002,Ma'bad,I_PERSON
000206-002,agar,O
000206-002,menyusul,O
000206-002,Abu,B_PERSON
000206-002,Sufyan,I_PERSON
000206-002,dan,O
000206-002,pasukannya,O
000206-002,serta,O
000206-002,melecehkannya,O
000206-002,.,O
000206-002,Ternyata,O
000206-002,apa,O
000206-002,yang,O
000206-002,dipikirkan,O
000206-002,beliau,O
000206-002,tentang,O
000206-002,niat,O
000206-002,pasukan,O
000206-002,Quraisy,O
000206-002,untuk,O
000206-002,melakukan,O
000206-002,serangan,O
000206-002,ke,O
000206-002,Madinah,B_LOCATION
000206-002,benar-benar,O
000206-002,akan,O
000206-002,dilaksanakan,O
000206-002,Saat,O
000206-002,singgah,O
000206-002,ke,O
000206-002,Ar-Rauha',O
000206-002,yang,O
000206-002,jaraknya,O
000206-002,36,O
000206-002,mil,O
000206-002,dari,O
000206-002,Madinah,B_LOCATION
000206-002,",",O
000206-002,orang-orang,O
000206-002,musyrik,O
000206-002,saling,O
000206-002,ejek-mengejek,O
000206-002,"""",O
000206-002,Kalian,O
000206-002,belum,O
000206-002,berbuat,O
000206-002,apa-apa,O
000206-002,",""",O
000206-002,kata,O
000206-002,sebagian,O
000206-002,di,O
000206-002,antara,O
000206-002,mereka,O
000206-002,kepada,O
000206-002,sebagian,O
000206-002,yang,O
000206-002,lain,O
000206-002,.,O
000206-002,Kalian,O
000206-002,sudah,O
000206-002,menguasai,O
000206-002,pemuka,O
000206-002,dan,O
000206-002,orang,O
000206-002,yang,O
000206-002,kuat,O
000206-002,di,O
000206-002,antara,O
000206-002,mereka,O
000206-002,",",O
000206-002,kemudian,O
000206-002,kalian,O
000206-002,meninggalkan,O
000206-002,mereka,O
000206-002,.,O
000206-002,Sementara,O
000206-002,masih,O
000206-002,ada,O
000206-002,sekian,O
000206-002,banyak,O
000206-002,kepala,O
000206-002,yang,O
000206-002,berhimpun,O
000206-002,lagi,O
000206-002,untuk,O
000206-002,menghadapi,O
000206-002,kalian,O
000206-002,.,O
000206-002,Maka,O
000206-002,kembalilah,O
000206-002,untuk,O
000206-002,mencabut,O
000206-002,hingga,O
000206-002,ke,O
000206-002,akar-akar,O
000206-002,mereka,O
000206-002,".""",O
000206-002,Sebenarnya,O
000206-002,jalan,O
000206-002,pikiran,O
000206-002,ini,O
000206-002,hanya,O
000206-002,muncul,O
000206-002,di,O
000206-002,permukaan,O
000206-002,saja,O
000206-002,",",O
000206-002,dari,O
000206-002,orang,O
000206-002,.,O
000206-002,orang,O
000206-002,yang,O
000206-002,tidak,O
000206-002,bisa,O
000206-002,mengukur,O
000206-002,secara,O
000206-002,persis,O
000206-002,kekuatan,O
000206-002,di,O
000206-002,kedua,O
000206-002,belah,O
000206-002,pihak,O
000206-002,dan,O
000206-002,khususnya,O
000206-002,spiritual,O
000206-002,mereka,O
000206-002,.,O
000206-004,Apa,O
000206-004,yang,O
000206-004,kau,O
000206-004,katakan,O
000206-004,ini,O
000206-004,"?""",O
000206-004,tanya,O
000206-004,Abu,B_PERSON
000206-004,Sufyan,I_PERSON
000206-004,.,O
000206-004,Demi,O
000206-004,Allah,O
000206-004,",",O
000206-004,menurut,O
000206-004,pendapatku,O
000206-004,",",O
000206-004,lebih,O
000206-004,baik,O
000206-004,kalian,O
000206-004,segera,O
000206-004,pulang,O
000206-004,sebelum,O
000206-004,dia,O
000206-004,memergoki,O
000206-004,buntut,O
000206-004,pasukan,O
000206-004,ini,O
000206-004,".""",O
000206-004,-Demi,O
000206-004,Allah,O
000206-004,",",O
000206-004,sebenarnya,O
000206-004,kami,O
000206-004,sudah,O
000206-004,sepakat,O
000206-004,untuk,O
000206-004,kembali,O
000206-004,lagi,O
000206-004,menyerang,O
000206-004,mereka,O
000206-004,hingga,O
000206-004,kami,O
000206-004,dapat,O
000206-004,membinasakan,O
000206-004,mereka,O
000206-004,",""",O
000206-004,kata,O
000206-004,Abu,B_PERSON
000206-004,Sufyan,I_PERSON
000206-004,"""",O
000206-004,Jangan,O
000206-004,lakukan,O
000206-004,itu,O
000206-004,.,O
000206-004,Inilah,O
000206-004,nasihatku,O
000206-004,",""",O
000206-004,kata,O
000206-004,Ma'bad,O
000206-004,Seketika,O
000206-004,itu,O
000206-004,tekad,O
000206-004,pasukan,O
000206-004,Quraisy,O
000206-004,menjadi,O
000206-004,melempem,O
000206-004,.,O
000206-004,Mereka,O
000206-004,tidak,O
000206-004,lagi,O
000206-004,bersemangat,O
000206-004,dan,O
000206-004,bahkan,O
000206-004,ada,O
000206-004,kekhawatiran,O
000206-004,.,O
000206-004,Maka,O
000206-004,tidak,O
000206-004,ada,O
000206-004,pilihan,O
000206-004,lain,O
000206-004,kecuali,O
000206-004,segera,O
000206-004,kembali,O
000206-004,ke,O
000206-004,Makkah,B_LOCATION
000206-004,.,O
000206-004,Ma'bad,O
000206-004,berharap,O
000206-004,dapat,O
000206-004,mengusir,O
000206-004,pasukan,O
000206-004,Quraisy,O
000206-004,",",O
000206-004,sekalipun,O
000206-004,Abu,B_PERSON
000206-004,Sufyan,I_PERSON
000206-004,sudah,O
000206-004,bertekad,O
000206-004,bulat,O
000206-004,untuk,O
000206-004,menghabisi,O
000206-004,pasukan,O
000206-004,Islam,O
000206-004,.,O
000206-004,Karena,O
000206-004,dengan,O
000206-004,begitu,O
000206-004,dia,O
000206-004,bisa,O
000206-004,menggagalkan,O
000206-004,pecahnya,O
000206-004,pertempuran,O
000206-004,kedua,O
000206-004,belah,O
000206-004,pihak,O
000206-004,.,O
000206-004,Dalam,O
000206-004,perjalanan,O
000206-004,pulang,O
000206-004,ke,O
000206-004,Makkah,B_LOCATION
000206-004,",",O
000206-004,Abu,B_PERSON
000206-004,Sufyan,I_PERSON
000206-004,berpapasan,O
000206-004,dengan,O
000206-004,rombongan,O
000206-004,Abdul,I_PERSON
000206-004,Qais,O
000206-004,yang,O
000206-004,hendak,O
000206-004,pergi,O
000206-004,ke,O
000206-004,Madinah,B_LOCATION
000206-004,.,O
000206-004,"""",O
000206-004,Apakah,O
000206-004,kalian,O
000206-004,sudi,O
000206-004,menyampaikan,O
000206-004,suratku,O
000206-004,kepada,O
000206-004,Muhammad,B_PERSON
000206-004,"?""",O
000206-004,tanya,O
000206-004,Abu,B_PERSON
000206-004,Sufyan,I_PERSON
000206-004,.,O
000206-004,Lalu,O
000206-004,dia,O
000206-004,berkata,O
000206-004,lagi,O
000206-004,",",O
000206-004,"""",O
000206-004,Sekembali,O
000206-004,kalian,O
000206-004,dari,O
000206-004,Makkah,B_LOCATION
000206-004,kami,O
000206-004,akan,O
000206-004,memberikan,O
000206-004,kismis,O
000206-004,pasar,O
000206-004,Ukazh,I_PERSON
000206-004,kepada,O
000206-004,rombongan,O
000206-004,kalian,O
000206-004,".""",O
000206-004,"""",O
000206-004,Bolehlah,O
000206-004,",""",O
000206-004,kata,O
000206-004,mereka,O
000206-004,.,O
000206-004,Abu,B_PERSON
000206-004,Sufyan,I_PERSON
000206-004,berkata,O
000206-004,",",O
000206-004,"""",O
000206-004,Sampaikan,O
000206-004,juga,O
000206-004,kepada,O
000206-004,Muhammad,B_PERSON
000206-004,bahwa,O
000206-004,aku,O
000206-004,telah,O
000206-004,menghimpun,O
000206-004,sekian,O
000206-004,banyak,O
000206-004,orang,O
000206-004,untuk,O
000206-004,menghabisinya,O
000206-004,dan,O
000206-004,menghabisi,O
000206-004,rekan-rekannya,O
000206-004,".""""",O
000206-004,Setelah,O
000206-004,bertemu,O
000206-004,dengan,O
000206-004,Rasulullah,B_PERSON
000206-004,dan,O
000206-004,para,O
000206-004,sahabat,O
000206-004,yang,O
000206-004,masih,O
000206-004,berada,O
000206-004,di,O
000206-004,Hamra'ul,I_PERSON
000206-004,Asad,I_PERSON
000206-004,",",O
000206-004,rombongan,O
000206-004,Abdul,I_PERSON
000206-004,Qais,O
000206-004,menyampaikan,O
000206-004,pesan,O
000206-004,Abu,B_PERSON
000206-004,Sufyan,I_PERSON
000206-004,kepada,O
000206-004,beliau,O
000206-004,.,O
000208-001,Ibnul,B_PERSON
000208-001,Qayyim,I_PERSON
000208-001,telah,O
000208-001,membahas,O
000208-001,hikmah,O
000208-001,dan,O
000208-001,sasaran,O
000208-001,lebih,O
000208-001,jauh,O
000208-001,dari,O
000208-001,peperangan,O
000208-001,ini,O
000208-001,.,O
000208-001,Ibnu,B_PERSON
000208-001,Hajar,I_PERSON
000208-001,menuturkan,O
000208-001,",",O
000208-001,para,O
000208-001,ulama,O
000208-001,berkata,O
000208-001,",",O
000208-001,"""",O
000208-001,Kisah,O
000208-001,mengenai,O
000208-001,Perang,B_EVENT
000208-001,Uhud,I_EVENT
000208-001,dan,O
000208-001,kesudahan,O
000208-001,yang,O
000208-001,menimpa,O
000208-001,orang-orang,O
000208-001,Muslim,O
000208-001,mengandung,O
000208-001,berbagai,O
000208-001,faidah,O
000208-001,dan,O
000208-001,hikmah,O
000208-001,Rabbani,O
000208-001,",",O
000208-001,di,O
000208-001,antaranya,O
000208-001,:,O
000208-001,1,O
000208-001,.,O
000208-001,Memperlihatkan,O
000208-001,kepada,O
000208-001,orang-orang,O
000208-001,Muslim,O
000208-001,akibat,O
000208-001,yang,O
000208-001,tidak,O
000208-001,meng-,O
000208-001,untungkan,O
000208-001,dari,O
000208-001,kedurhakaan,O
000208-001,dan,O
000208-001,melanggar,O
000208-001,larangan,O
000208-001,.,O
000208-001,Tepatnya,O
000208-001,adalah,O
000208-001,tindakan,O
000208-001,para,O
000208-001,pemanah,O
000208-001,yang,O
000208-001,meninggalkan,O
000208-001,posnya,O
000208-001,di,O
000208-001,atas,O
000208-001,bukit,O
000208-001,",",O
000208-001,padahal,O
000208-001,Rasulullah,B_PERSON
000208-001,memerintahkan,O
000208-001,agar,O
000208-001,mereka,O
000208-001,tidak,O
000208-001,meninggalkan,O
000208-001,tempat,O
000208-001,itu,O
000208-001,",",O
000208-001,bagaimana,O
000208-001,pun,O
000208-001,keadaan,O
000208-001,inti,O
000208-001,pasukan,O
000208-001,Muslimin,O
000208-001,2,O
000208-001,.,O
000208-001,Seperti,O
000208-001,yang,O
000208-001,biasa,O
000208-001,terjadi,O
000208-001,pada,O
000208-001,diri,O
000208-001,para,O
000208-001,rasul,O
000208-001,",",O
000208-001,jika,O
000208-001,mereka,O
000208-001,mendapa,O
000208-001,cobaan,O
000208-001,tentu,O
000208-001,akan,O
000208-001,disusul,O
000208-001,dengan,O
000208-001,kesudahannya,O
000208-001,.,O
000208-001,Hikmah,O
000208-001,dari,O
000208-001,cobaan,O
000208-001,ini,O
000208-001,jika,O
000208-001,para,O
000208-001,rasul,O
000208-001,terus,O
000208-001,menerus,O
000208-001,mendapat,O
000208-001,kemenangan,O
000208-001,",",O
000208-001,maka,O
000208-001,orang-orang,O
000208-001,yang,O
000208-001,sebenarnya,O
000208-001,tidak,O
000208-001,termasuk,O
000208-001,golongan,O
000208-001,mereka,O
000208-001,juga,O
000208-001,ikut,O
000208-001,bergabung,O
000208-001,sehingga,O
000208-001,sulit,O
000208-001,membedakan,O
000208-001,mana,O
000208-001,orang,O
000208-001,yang,O
000208-001,baik,O
000208-001,dari,O
000208-001,mana,O
000208-001,yang,O
000208-001,tidak,O
000208-001,baik,O
000208-001,.,O
000208-001,Sebaliknya,O
000208-001,",",O
000208-001,jika,O
000208-001,mereka,O
000208-001,terus-menerus,O
000208-001,kalah,O
000208-001,",",O
000208-001,maka,O
000208-001,tujuan,O
000208-001,pengutusan,O
000208-001,mereka,O
000208-001,tidak,O
000208-001,tercapai,O
000208-001,.,O
000208-001,Hikmahnya,O
000208-001,akan,O
000208-001,tampak,O
000208-001,jika,O
000208-001,sesekali,O
000208-001,menang,O
000208-001,dan,O
000208-001,sesekali,O
000208-001,kalah,O
000208-001,",",O
000208-001,agar,O
000208-001,orang,O
000208-001,yang,O
000208-001,membenarkan,O
000208-001,dapat,O
000208-001,dibedakan,O
000208-001,dari,O
000208-001,orang,O
000208-001,yang,O
000208-001,mendustakan,O
000208-001,.,O
000208-001,Sebab,O
000208-001,kemunafikan,O
000208-001,orang-orang,O
000208-001,munafik,O
000208-001,benar-benar,O
000208-001,tersamar,O
000208-001,di,O
000208-001,tengah,O
000208-001,orang-orang,O
000208-001,Muslim,O
000208-001,.,O
000208-001,Saat,O
000208-001,kisah,O
000208-001,ini,O
000208-001,bergulir,O
000208-001,dan,O
000208-001,orang-,O
000208-001,orang,O
000208-001,munafik,O
000208-001,menampakkan,O
000208-001,belangnya,O
000208-001,lewat,O
000208-001,perbuatan,O
000208-001,dan,O
000208-001,perkataan,O
000208-001,mereka,O
000208-001,",",O
000208-001,maka,O
000208-001,semuanya,O
000208-001,menjadi,O
000208-001,tampak,O
000208-001,jelas,O
000208-001,",",O
000208-001,sehingga,O
000208-001,orang-orang,O
000208-001,Muslim,O
000208-001,mengetahui,O
000208-001,bahwa,O
000208-001,di,O
000208-001,tengah,O
000208-001,mereka,O
000208-001,ada,O
000208-001,musuh,O
000208-001,.,O
000218-007,Kami,O
000218-007,melaporkan,O
000218-007,hal,O
000218-007,ini,O
000218-007,kepada,O
000218-007,Rasulullah,B_PERSON
000218-007,.,O
000218-007,Beliau,O
000218-007,datang,O
000218-007,",",O
000218-007,mengambil,O
000218-007,cangkul,O
000218-007,dan,O
000218-007,bersabda,O
000218-007,",",O
000218-007,"""",O
000218-007,Bismillah,O
000218-007,"...""",O
000218-007,Kemudian,O
000218-007,menghantam,O
000218-007,tanah,O
000218-007,yang,O
000218-007,keras,O
000218-007,itu,O
000218-007,dengan,O
000218-007,sekali,O
000218-007,hantaman,O
000218-007,.,O
000218-007,Beliau,O
000218-007,bersabda,O
000218-007,",",O
000218-007,"""",O
000218-007,Allah,O
000218-007,Mahabesar,O
000218-007,",",O
000218-007,aku,O
000218-007,diberi,O
000218-007,tanah,O
000218-007,Persi,O
000218-007,.,O
000218-007,Demi,O
000218-007,Allah,O
000218-007,saat,O
000218-007,ini,O
000218-007,pun,O
000218-007,aku,O
000218-007,bisa,O
000218-007,melihat,O
000218-007,Istana,O
000218-007,Mada'in,O
000218-007,yang,O
000218-007,bercat,O
000218-007,putih,O
000218-007,".""",O
000218-007,Kemudian,O
000218-007,beliau,O
000218-007,menghantam,O
000218-007,untuk,O
000218-007,ketiga,O
000218-007,kalinya,O
000218-007,",",O
000218-007,dan,O
000218-007,bersabda,O
000218-007,.,O
000218-007,"""",O
000218-007,Bismillah,O
000218-007,"...""",O
000218-007,Maka,O
000218-007,hancurlah,O
000218-007,tanah,O
000218-007,yang,O
000218-007,masih,O
000218-007,tersisa,O
000218-007,.,O
000218-007,Kemudian,O
000218-007,beliau,O
000218-007,bersabda,O
000218-007,",",O
000218-007,"""",O
000218-007,Allah,O
000218-007,Mahabesar,O
000218-007,.,O
000218-007,Aku,O
000218-007,diberi,O
000218-007,kunci-kunci,O
000218-007,Yaman,B_LOCATION
000218-007,.,O
000218-007,Demi,O
000218-007,Allah,O
000218-007,dari,O
000218-007,tempatku,O
000218-007,ini,O
000218-007,aku,O
000218-007,bisa,O
000218-007,melihat,O
000218-007,pintu-pintu,O
000218-007,gerbang,O
000218-007,Ibnu,B_PERSON
000218-007,Ishaq,I_PERSON
000218-007,juga,O
000218-007,meriwayatkan,O
000218-007,yang,O
000218-007,serupa,O
000218-007,dengan,O
000218-007,ini,O
000218-007,dari,O
000218-007,Salman,I_PERSON
000218-007,Al-Farisi,O
000218-007,.,O
000218-007,Karena,O
000218-007,Madinah,B_LOCATION
000218-007,dikepung,O
000218-007,dengan,O
000218-007,gunung,O
000218-007,",",O
000218-007,tanah-tanah,O
000218-007,kasar,O
000218-007,yang,O
000218-007,berbatuan,O
000218-007,",",O
000218-007,dan,O
000218-007,kebun-kebun,O
000218-007,korma,O
000218-007,di,O
000218-007,segala,O
000218-007,sudutnya,O
000218-007,kecuali,O
000218-007,bagian,O
000218-007,utara,O
000218-007,",",O
000218-007,tentunya,O
000218-007,pasukan,O
000218-007,musuh,O
000218-007,sebanyak,O
000218-007,itu,O
000218-007,akan,O
000218-007,menyerbu,O
000218-007,Madinah,B_LOCATION
000218-007,dari,O
000218-007,arah,O
000218-007,utara,O
000218-007,Sebagai,O
000218-007,pemegang,O
000218-007,pucuk,O
000218-007,pimpinan,O
000218-007,militer,O
000218-007,beliau,O
000218-007,tahu,O
000218-007,betul,O
000218-007,hal,O
000218-007,ini,O
000218-007,.,O
000218-007,Untuk,O
000218-007,itu,O
000218-007,parit,O
000218-007,digali,O
000218-007,di,O
000218-007,bagian,O
000218-007,ini,O
000218-007,.,O
000218-007,Orang-orang,O
000218-007,Muslim,O
000218-007,terus,O
000218-007,menggali,O
000218-007,parit,O
000218-007,tanpa,O
000218-007,henti,O
000218-007,sepanjang,O
000218-007,siang,O
000218-007,Baru,O
000218-007,pada,O
000218-007,sore,O
000218-007,harinya,O
000218-007,mereka,O
000218-007,pulang,O
000218-007,ke,O
000218-007,rumah,O
000218-007,menemui,O
000218-007,keluarga,O
000218-007,",",O
000218-007,hingga,O
000218-007,204,O
000218-007,Sunan,O
000218-007,An-Nasai,O
000218-007,",",O
000218-007,2/56,O
000218-007,",",O
000218-007,Ahmad,O
000218-007,juga,O
000218-007,meriwayatkannya,O
000218-007,di,O
000218-007,dalam,O
000218-007,Al-Musnad,O
000218-007,.,O
000218-007,Lafazh,O
000218-007,ini,O
000218-007,bukan,O
000218-007,dari,O
000218-007,An-Nasa'i,O
000218-007,.,O
000218-007,penggalian,O
000218-007,parit,O
000218-007,selesai,O
000218-007,seperti,O
000218-007,rencana,O
000218-007,semula,O
000218-007,sebelum,O
000218-007,pasukan,O
000218-007,paganis,O
000218-007,yang,O
000218-007,tidak,O
000218-007,terkira,O
000218-007,bayaknya,O
000218-007,tiba,O
000218-007,di,O
000218-007,pinggiran,O
000218-007,Madinah,B_LOCATION
000218-007,.,O
000232-002,Namun,O
000232-002,jika,O
000232-002,tidak,O
000232-002,menghendaki,O
000232-002,kecuali,O
000232-002,perang,O
000232-002,",",O
000232-002,maka,O
000232-002,demi,O
000232-002,diriku,O
000232-002,yang,O
000232-002,ada,O
000232-002,di,O
000232-002,tangan-Nya,O
000232-002,",",O
000232-002,aku,O
000232-002,pasti,O
000232-002,akan,O
000232-002,melayani,O
000232-002,keinginan,O
000232-002,mereka,O
000232-002,hingga,O
000232-002,kemenangan,O
000232-002,yang,O
000232-002,lalu,O
000232-002,hanya,O
000232-002,menjadi,O
000232-002,milikku,O
000232-002,atau,O
000232-002,biarlah,O
000232-002,Allah,O
000232-002,menentukan,O
000232-002,keputusan-Nya,O
000232-002,".""",O
000232-002,Budail,O
000232-002,berkata,O
000232-002,",",O
000232-002,"""",O
000232-002,Aku,O
000232-002,akan,O
000232-002,menyampaikan,O
000232-002,apa,O
000232-002,yang,O
000232-002,engkau,O
000232-002,katakan,O
000232-002,ini,O
000232-002,kepada,O
000232-002,mereka,O
000232-002,".""",O
000232-002,Lalu,O
000232-002,dia,O
000232-002,beranjak,O
000232-002,pergi,O
000232-002,untuk,O
000232-002,menemui,O
000232-002,Quraisy,O
000232-002,",",O
000232-002,seraya,O
000232-002,berkata,O
000232-002,",",O
000232-002,"""",O
000232-002,Aku,O
000232-002,datang,O
000232-002,kepada,O
000232-002,kalian,O
000232-002,setelah,O
000232-002,menemui,O
000232-002,Muhammad,B_PERSON
000232-002,dan,O
000232-002,aku,O
000232-002,mendengar,O
000232-002,dia,O
000232-002,telah,O
000232-002,mengucapkan,O
000232-002,suatu,O
000232-002,perkataan,O
000232-002,.,O
000232-002,Jika,O
000232-002,kalian,O
000232-002,menghendaki,O
000232-002,aku,O
000232-002,bisa,O
000232-002,memberitahukannya,O
000232-002,kepada,O
000232-002,kalian,O
000232-002,".""",O
000232-002,Orang-orang,O
000232-002,yang,O
000232-002,bodoh,O
000232-002,di,O
000232-002,antara,O
000232-002,mereka,O
000232-002,berkata,O
000232-002,",",O
000232-002,"""",O
000232-002,Kami,O
000232-002,tidak,O
000232-002,membu-,O
000232-002,tuhkan,O
000232-002,engkau,O
000232-002,memberitahu,O
000232-002,sesuatu,O
000232-002,pun,O
000232-002,dari,O
000232-002,dirinya,O
000232-002,kepada,O
000232-002,kami,O
000232-002,".""",O
000232-002,Namun,O
000232-002,orang-orang,O
000232-002,yang,O
000232-002,tajam,O
000232-002,pikirannya,O
000232-002,di,O
000232-002,antara,O
000232-002,mereka,O
000232-002,berkata,O
000232-002,.,O
000232-002,"""",O
000232-002,Sampaikan,O
000232-002,apa,O
000232-002,yang,O
000232-002,engkau,O
000232-002,dengar,O
000232-002,darinya,O
000232-002,".""",O
000232-002,"""",O
000232-002,Aku,O
000232-002,mendengar,O
000232-002,dia,O
000232-002,berkata,O
000232-002,begini,O
000232-002,dan,O
000232-002,begitu,O
000232-002,",""",O
000232-002,kata,O
000232-002,Budail,O
000232-002,.,O
000232-002,Lalu,O
000232-002,Quraisy,O
000232-002,mengutus,O
000232-002,Mikraz,O
000232-002,dan,O
000232-002,Hafsh,B_PERSON
000232-002,.,O
000232-002,Saat,O
000232-002,melihat,O
000232-002,kehadirannya,O
000232-002,",",O
000232-002,Rasulullah,B_PERSON
000232-002,bersabda,O
000232-002,",",O
000232-002,"""",O
000232-002,Dia,O
000232-002,adalah,O
000232-002,orang,O
000232-002,yang,O
000232-002,suka,O
000232-002,berkhianat,O
000232-002,".""",O
000232-002,Saat,O
000232-002,sudah,O
000232-002,saling,O
000232-002,berhadapan,O
000232-002,",",O
000232-002,beliau,O
000232-002,mengucapkan,O
000232-002,seperti,O
000232-002,yang,O
000232-002,sudah,O
000232-002,diucapkan,O
000232-002,kepada,O
000232-002,Budail,O
000232-002,dan,O
000232-002,rekan-rekannya,O
000232-002,dari,O
000232-002,Khuza'ah,O
000232-002,.,O
000232-002,Setelah,O
000232-002,itu,O
000232-002,Budail,O
000232-002,kembali,O
000232-002,lagi,O
000232-002,menemui,O
000232-002,orang-orang,O
000232-002,Quraisy,O
000232-002,dan,O
000232-002,menyampaikan,O
000232-002,sabda,O
000232-002,beliau,O
000232-002,.,O
000237-003,Kemudian,O
000237-003,beliau,O
000237-003,mendiktekan,O
000237-003,lagi,O
000237-003,",",O
000237-003,"""",O
000237-003,Ini,O
000237-003,adalah,O
000237-003,perjanjian,O
000237-003,yang,O
000237-003,ditetapkan,O
000237-003,Muhammad,B_PERSON
000237-003,",",O
000237-003,Rasul,O
000237-003,Allah,O
000237-003,".""",O
000237-003,Suhail,O
000237-003,menyela,O
000237-003,",",O
000237-003,"""",O
000237-003,Andaikan,O
000237-003,kami,O
000237-003,tahu,O
000237-003,bahwa,O
000237-003,engkau,O
000237-003,adalah,O
000237-003,Rasul,O
000237-003,Allah,O
000237-003,",",O
000237-003,tentunya,O
000237-003,kami,O
000237-003,tidak,O
000237-003,akan,O
000237-003,menghalangimu,O
000237-003,untuk,O
000237-003,memasuki,O
000237-003,Masjidil,B_LOCATION
000237-003,Haram,I_LOCATION
000237-003,",",O
000237-003,tidak,O
000237-003,pula,O
000237-003,memerangimu,O
000237-003,.,O
000237-003,Tetapi,O
000237-003,tulislah,O
000237-003,:,O
000237-003,Muhammad,B_PERSON
000237-003,bin,I_PERSON
000237-003,Abdullah,I_PERSON
000237-003,".""",O
000237-003,Beliau,O
000237-003,bersabda,O
000237-003,",",O
000237-003,"""",O
000237-003,Bagaimana,O
000237-003,pun,O
000237-003,juga,O
000237-003,aku,O
000237-003,adalah,O
000237-003,Rasul,O
000237-003,Allah,O
000237-003,sekalipun,O
000237-003,kalian,O
000237-003,mendustakan,O
000237-003,aku,O
000237-003,".""",O
000237-003,Lalu,O
000237-003,beliau,O
000237-003,memerintahkan,O
000237-003,Ali,B_PERSON
000237-003,bin,I_PERSON
000237-003,Abu,I_PERSON
000237-003,Thalib,I_PERSON
000237-003,untuk,O
000237-003,menulis,O
000237-003,seperti,O
000237-003,usulan,O
000237-003,Suhail,O
000237-003,dan,O
000237-003,menghapus,O
000237-003,kata-kata,O
000237-003,Rasul,O
000237-003,Allah,O
000237-003,y,O
000237-003,ang,O
000237-003,terlanjur,O
000237-003,tertulis,O
000237-003,.,O
000237-003,Namum,O
000237-003,Ali,B_PERSON
000237-003,menolak,O
000237-003,untuk,O
000237-003,menghapusnya,O
000237-003,.,O
000237-003,Akhirnya,O
000237-003,beliau,O
000237-003,yang,O
000237-003,menghapus,O
000237-003,tulisan,O
000237-003,itu,O
000237-003,dengan,O
000237-003,tangan,O
000237-003,beliau,O
000237-003,sendiri,O
000237-003,Akhirnya,O
000237-003,klausul,O
000237-003,perjanjian,O
000237-003,itu,O
000237-003,selesai,O
000237-003,Setelah,O
000237-003,perjanjian,O
000237-003,sudah,O
000237-003,219,O
000237-003,Pada,O
000237-003,prinsipnya,O
000237-003,",",O
000237-003,perjanjian,O
000237-003,yang,O
000237-003,monumental,O
000237-003,ini,O
000237-003,sebelumnya,O
000237-003,tidak,O
000237-003,disukai,O
000237-003,sahabat-sahabat,O
000237-003,Nabi,O
000237-003,seperti,O
000237-003,Umar,B_PERSON
000237-003,",",O
000237-003,Ali,B_PERSON
000237-003,dan,O
000237-003,beberapa,O
000237-003,sahabat,O
000237-003,lain,O
000237-003,karena,O
000237-003,dianggap,O
000237-003,merugikan,O
000237-003,umat,O
000237-003,Islam,O
000237-003,",",O
000237-003,padahal,O
000237-003,dalam,O
000237-003,memutuskan,O
000237-003,perjanjian,O
000237-003,ini,O
000237-003,Rasulullah,B_PERSON
000237-003,tidak,O
000237-003,mengajak,O
000237-003,berunding,O
000237-003,para,O
000237-003,sahabatnya,O
000237-003,dan,O
000237-003,sempat,O
000237-003,menimbulkan,O
000237-003,kegaduhan,O
000237-003,di,O
000237-003,antara,O
000237-003,sahabat,O
000237-003,Nabi,O
000237-003,sendiri,O
000237-003,",",O
000237-003,kecuali,O
000237-003,Abu,B_PERSON
000237-003,Bakar,I_PERSON
000237-003,Ash-Shiddiq,I_PERSON
000237-003,yang,O
000237-003,tetap,O
000237-003,mantap,O
000237-003,dengan,O
000237-003,isi,O
000237-003,perjanjian,O
000237-003,ini,O
000237-003,",",O
000237-003,red,O
000237-003,.,O
000237-003,dikukuhkan,O
000237-003,",",O
000237-003,Khuza'ah,O
000237-003,bergabung,O
000237-003,ke,O
000237-003,pihak,O
000237-003,Rasulullah,B_PERSON
000237-003,.,O
000237-003,Sebelumnya,O
000237-003,mereka,O
000237-003,adalah,O
000237-003,sekutu,O
000237-003,Bani,O
000237-003,Hasyim,O
000237-003,",",O
000237-003,semenjak,O
000237-003,zaman,O
000237-003,Abdul,I_PERSON
000237-003,Muthalib,I_PERSON
000237-003,seperti,O
000237-003,yang,O
000237-003,sudah,O
000237-003,kami,O
000237-003,uraikan,O
000237-003,di,O
000237-003,bagian,O
000237-003,terdahulu,O
000237-003,.,O
000237-003,Penggabungan,O
000237-003,mereka,O
000237-003,ini,O
000237-003,merupakan,O
000237-003,kelanjutan,O
000237-003,dari,O
000237-003,persekutuan,O
000237-003,masa,O
000237-003,lampau,O
000237-003,.,O
000237-003,Sementara,O
000237-003,Bani,O
000237-003,Bakr,I_PERSON
000237-003,bergabung,O
000237-003,ke,O
000237-003,pihak,O
000237-003,Quraisy,O
000237-003,.,O
000238-002,Kami,O
000238-002,telah,O
000238-002,membuat,O
000238-002,persetujuan,O
000238-002,dengan,O
000238-002,mereka,O
000238-002,atas,O
000238-002,demikian,O
000238-002,ini,O
000238-002,dan,O
000238-002,mereka,O
000238-002,pun,O
000238-002,sudah,O
000238-002,memberikan,O
000238-002,sumpah,O
000238-002,atas,O
000238-002,nama,O
000238-002,Allah,O
000238-002,kepada,O
000238-002,kami,O
000238-002,.,O
000238-002,Maka,O
000238-002,kami,O
000238-002,tidak,O
000238-002,akan,O
000238-002,melanggarnya,O
000238-002,".""",O
000238-002,Umar,B_PERSON
000238-002,bin,I_PERSON
000238-002,Al-Khaththab,I_PERSON
000238-002,melompat,O
000238-002,ke,O
000238-002,samping,O
000238-002,Abu,B_PERSON
000238-002,Jandal,I_PERSON
000238-002,",",O
000238-002,seraya,O
000238-002,berkata,O
000238-002,",",O
000238-002,"""",O
000238-002,Bersabarlah,O
000238-002,wahai,O
000238-002,Abu,B_PERSON
000238-002,Jandal,I_PERSON
000238-002,.,O
000238-002,Mereka,O
000238-002,hanyalah,O
000238-002,orang-orang,O
000238-002,musyrik,O
000238-002,.,O
000238-002,Darah,O
000238-002,mereka,O
000238-002,tidak,O
000238-002,ubahnya,O
000238-002,darah,O
000238-002,anjing,O
000238-002,".""",O
000238-002,Kemudian,O
000238-002,dia,O
000238-002,menyodorkan,O
000238-002,gagang,O
000238-002,pedang,O
000238-002,kepada,O
000238-002,Abu,B_PERSON
000238-002,Jandal,I_PERSON
000238-002,",",O
000238-002,sambil,O
000238-002,berkata,O
000238-002,",",O
000238-002,"""",O
000238-002,Aku,O
000238-002,berharap,O
000238-002,dia,O
000238-002,mengambil,O
000238-002,pedang,O
000238-002,itu,O
000238-002,dan,O
000238-002,membabatnya,O
000238-002,ke,O
000238-002,tubuh,O
000238-002,ayahnya,O
000238-002,".""",O
000238-002,Umar,B_PERSON
000238-002,terus,O
000238-002,mendorongnya,O
000238-002,untuk,O
000238-002,melawan,O
000238-002,ayahnya,O
000238-002,.,O
000241-002,Bukankah,O
000241-002,sebenarnya,O
000241-002,hal,O
000241-002,ini,O
000241-002,merupakan,O
000241-002,kegagalan,O
000241-002,yang,O
000241-002,telak,O
000241-002,bagi,O
000241-002,pihak,O
000241-002,Quraisy,O
000241-002,",",O
000241-002,dan,O
000241-002,sebaliknya,O
000241-002,merupakan,O
000241-002,kemenangan,O
000241-002,nyata,O
000241-002,bagi,O
000241-002,pihak,O
000241-002,orang-orang,O
000241-002,Muslim,O
000241-002,?,O
000241-002,Peperangan,O
000241-002,secara,O
000241-002,terus-menerus,O
000241-002,yang,O
000241-002,melibatkan,O
000241-002,orang-orang,O
000241-002,Muslim,O
000241-002,dan,O
000241-002,musuh-musuhnya,O
000241-002,",",O
000241-002,sama,O
000241-002,sekali,O
000241-002,tidak,O
000241-002,dimaksudkan,O
000241-002,orang-orang,O
000241-002,Muslim,O
000241-002,untuk,O
000241-002,mendapatkan,O
000241-002,harta,O
000241-002,benda,O
000241-002,",",O
000241-002,merenggut,O
000241-002,nyawa,O
000241-002,",",O
000241-002,membinasakan,O
000241-002,manusia,O
000241-002,atau,O
000241-002,pun,O
000241-002,memaksa,O
000241-002,manusia,O
000241-002,agar,O
000241-002,mau,O
000241-002,memeluk,O
000241-002,Islam,O
000241-002,.,O
000241-002,Satu-satunya,O
000241-002,tujuan,O
000241-002,yang,O
000241-002,hendak,O
000241-002,dicapai,O
000241-002,orang-orang,O
000241-002,Muslim,O
000241-002,dari,O
000241-002,berbagai,O
000241-002,peperangan,O
000241-002,itu,O
000241-002,ialah,O
000241-002,justru,O
000241-002,ingin,O
000241-002,menciptakan,O
000241-002,kebebasan,O
000241-002,yang,O
000241-002,utuh,O
000241-002,kepada,O
000241-002,manusia,O
000241-002,dalam,O
000241-002,masalah,O
000241-002,akidah,O
000241-002,dan,O
000241-002,agama,O
000241-002,.,O
000241-002,Hal,O
000241-002,ini,O
000241-002,telah,O
000241-002,diisyaratkan,O
000241-002,firman,O
000241-002,Allah,O
000241-002,.,O
000241-002,"""",O
000241-002,Maka,O
000241-002,barangsiapa,O
000241-002,yang,O
000241-002,ingin,O
000241-002,(,O
000241-002,beriman,O
000241-002,"),",O
000241-002,hendaklah,O
000241-002,ia,O
000241-002,beriman,O
000241-002,.,O
000241-002,Dan,O
000241-002,barangsiapa,O
000241-002,yang,O
000241-002,ingin,O
000241-002,(,O
000241-002,kafir,O
000241-002,"),",O
000241-002,biarlah,O
000241-002,ia,O
000241-002,kafir,O
000241-002,.,O
000241-002,"""",O
000241-002,(,O
000241-002,Al-Kahfi,O
000241-002,:,O
000241-002,29,O
000241-002,Tidak,O
000241-002,ada,O
000241-002,satu,O
000241-002,kekuatan,O
000241-002,pun,O
000241-002,yang,O
000241-002,bisa,O
000241-002,menghalangi,O
000241-002,maksud,O
000241-002,mereka,O
000241-002,Bagian-bagian,O
000241-002,dari,O
000241-002,tujuan,O
000241-002,ini,O
000241-002,atau,O
000241-002,sinyal-sinyalnya,O
000241-002,telah,O
000241-002,terpegang,O
000241-002,di,O
000241-002,tangan,O
000241-002,Boleh,O
000241-002,jadi,O
000241-002,tujuan,O
000241-002,ini,O
000241-002,tidak,O
000241-002,akan,O
000241-002,tercapai,O
000241-002,sekali,O
000241-002,pun,O
000241-002,dengan,O
000241-002,kemenangan,O
000241-002,yang,O
000241-002,besar,O
000241-002,dalam,O
000241-002,peperangan,O
000241-002,.,O
000241-002,Dengan,O
000241-002,adanya,O
000241-002,kebebasan,O
000241-002,ini,O
000241-002,",",O
000241-002,orang-orang,O
000241-002,Muslim,O
000241-002,bisa,O
000241-002,mencapai,O
000241-002,keberhasilan,O
000241-002,yang,O
000241-002,besar,O
000241-002,di,O
000241-002,bidang,O
000241-002,dakwah,O
000241-002,.,O
000241-002,Jumlah,O
000241-002,mereka,O
000241-002,yang,O
000241-002,tidak,O
000241-002,lebih,O
000241-002,dari,O
000241-002,tiga,O
000241-002,ribu,O
000241-002,orang,O
000241-002,sebelum,O
000241-002,gencatan,O
000241-002,senjata,O
000241-002,",",O
000241-002,semakin,O
000241-002,bertambah,O
000241-002,banyak,O
000241-002,setelah,O
000241-002,adanya,O
000241-002,gencatan,O
000241-002,senjata,O
000241-002,.,O
000241-002,Selama,O
000241-002,dua,O
000241-002,tahun,O
000241-002,setelah,O
000241-002,itu,O
000241-002,",",O
000241-002,pasukan,O
000241-002,Islam,O
000241-002,terdiri,O
000241-002,dari,O
000241-002,sepuluh,O
000241-002,ribu,O
000241-002,prajurit,O
000241-002,",",O
000241-002,yaitu,O
000241-002,saat,O
000241-002,penaklukkan,O
000241-002,Makkah,B_LOCATION
000241-002,Klausul,O
000241-002,kedua,O
000241-002,juga,O
000241-002,merupakan,O
000241-002,bagian,O
000241-002,kedua,O
000241-002,dari,O
000241-002,kemenangan,O
000241-002,bagi,O
000241-002,orang-,O
000241-002,orang,O
000241-002,Muslim,O
000241-002,.,O
000241-004,Di,O
000241-004,sini,O
000241-004,tidak,O
000241-004,ada,O
000241-004,sesuatu,O
000241-004,yang,O
000241-004,membahayakan,O
000241-004,bagi,O
000241-004,orang-orang,O
000241-004,Muslim,O
000241-004,.,O
000241-004,Sebagaimana,O
000241-004,diketahui,O
000241-004,",",O
000241-004,selagi,O
000241-004,seseorang,O
000241-004,disebut,O
000241-004,orang,O
000241-004,Muslim,O
000241-004,",",O
000241-004,tentu,O
000241-004,dia,O
000241-004,tidak,O
000241-004,akan,O
000241-004,lari,O
000241-004,dari,O
000241-004,Allah,O
000241-004,dan,O
000241-004,Rasul-Nya,O
000241-004,",",O
000241-004,tidak,O
000241-004,meninggalkan,O
000241-004,wilayah,O
000241-004,Islam,O
000241-004,",",O
000241-004,kecuali,O
000241-004,dia,O
000241-004,memang,O
000241-004,murtad,O
000241-004,secara,O
000241-004,lahir,O
000241-004,dan,O
000241-004,batin,O
000241-004,.,O
000241-004,Jika,O
000241-004,dia,O
000241-004,murtad,O
000241-004,",",O
000241-004,maka,O
000241-004,Islam,O
000241-004,dan,O
000241-004,orang-orang,O
000241-004,Muslim,O
000241-004,sama,O
000241-004,sekali,O
000241-004,tidak,O
000241-004,membutuhkan,O
000241-004,dirinya,O
000241-004,.,O
000241-004,Bahkan,O
000241-004,tindakannya,O
000241-004,yang,O
000241-004,memisahkan,O
000241-004,diri,O
000241-004,dari,O
000241-004,masyarakat,O
000241-004,Islam,O
000241-004,jauh,O
000241-004,lebih,O
000241-004,baik,O
000241-004,daripada,O
000241-004,dia,O
000241-004,berada,O
000241-004,di,O
000241-004,tengah,O
000241-004,mereka,O
000241-004,Ini,O
000241-004,yang,O
000241-004,diisyaratkan,O
000241-004,Rasulullah,B_PERSON
000241-004,dalam,O
000241-004,sabda,O
000241-004,beliau,O
000241-004,",",O
000241-004,"""",O
000241-004,Sesungguhnya,O
000241-004,siapa,O
000241-004,pun,O
000241-004,di,O
000241-004,antara,O
000241-004,kita,O
000241-004,yang,O
000241-004,pergi,O
000241-004,bergabung,O
000241-004,dengan,O
000241-004,mereka,O
000241-004,",",O
000241-004,maka,O
000241-004,dia,O
000241-004,akan,O
000241-004,dijauhi,O
000241-004,Allah,O
000241-004,.,O
000241-004,Sedangkan,O
000241-004,di,O
000241-004,antara,O
000241-004,orang,O
000241-004,Makkah,B_LOCATION
000241-004,yang,O
000241-004,masuk,O
000241-004,Islam,O
000241-004,",",O
000241-004,kalaupun,O
000241-004,dia,O
000241-004,tidak,O
000241-004,bisa,O
000241-004,datang,O
000241-004,ke,O
000241-004,Madinah,B_LOCATION
000241-004,",",O
000241-004,toh,O
000241-004,bumi,O
000241-004,Allah,O
000241-004,itu,O
000241-004,amat,O
000241-004,luas,O
000241-004,.,O
000241-004,Bukankah,O
000241-004,Habasyah,B_LOCATION
000241-004,terbuka,O
000241-004,lebar,O
000241-004,bagi,O
000241-004,orang-orang,O
000241-004,Muslim,O
000241-004,pada,O
000241-004,saat,O
000241-004,penduduk,O
000241-004,Madinah,B_LOCATION
000241-004,belum,O
000241-004,mengenal,O
000241-004,Islam,O
000241-004,sedikit,O
000241-004,pun,O
000241-004,"?""",O
000241-004,Ini,O
000241-004,pula,O
000241-004,yang,O
000241-004,diisyaratkan,O
000241-004,Rasulullah,B_PERSON
000241-004,dalam,O
000241-004,sabda,O
000241-004,beliau,O
000241-004,",",O
000241-004,"""",O
000241-004,Dan,O
000241-004,barangsiapa,O
000241-004,di,O
000241-004,antara,O
000241-004,mereka,O
000241-004,yang,O
000241-004,hendak,O
000241-004,mendatangi,O
000241-004,kita,O
000241-004,",",O
000241-004,tentu,O
000241-004,Allah,O
000241-004,akan,O
000241-004,memberikan,O
000241-004,pemecahan,O
000241-004,dan,O
000241-004,jalan,O
000241-004,keluar,O
000241-004,kepadanya,O
000241-004,".""",O
000241-004,Mengambil,O
000241-004,langkah,O
000241-004,seperti,O
000241-004,ini,O
000241-004,",",O
000241-004,sekalipun,O
000241-004,secara,O
000241-004,sepintas,O
000241-004,lalu,O
000241-004,tampak,O
000241-004,keunggulan,O
000241-004,bagi,O
000241-004,Quraisy,O
000241-004,",",O
000241-004,pada,O
000241-004,hakikatnya,O
000241-004,mencerminkan,O
000241-004,kegundahan,O
000241-004,",",O
000241-004,kegelisahan,O
000241-004,",",O
000241-004,dan,O
000241-004,ketakutan,O
000241-004,mereka,O
000241-004,terhadap,O
000241-004,eksistensi,O
000241-004,paganisme,O
000241-004,.,O
000241-004,Mereka,O
000241-004,merasa,O
000241-004,seakan-akan,O
000241-004,eksistensi,O
000241-004,mereka,O
000241-004,berada,O
000241-004,di,O
000241-004,pinggir,O
000241-004,jurang,O
000241-004,yang,O
000241-004,terjal,O
000241-004,Maka,O
000241-004,langkah,O
000241-004,inilah,O
000241-004,yang,O
000241-004,mereka,O
000241-004,ambil,O
000241-004,.,O
000241-004,Kalaupun,O
000241-004,ada,O
000241-004,di,O
000241-004,antara,O
000241-004,orang-orang,O
000241-004,Muslim,O
000241-004,yang,O
000241-004,lari,O
000241-004,ke,O
000241-004,pihak,O
000241-004,Quraisy,O
000241-004,",",O
000241-004,maka,O
000241-004,Nabi,O
000241-004,tak,O
000241-004,akan,O
000241-004,meminta,O
000241-004,untuk,O
000241-004,mengembalikannya,O
000241-004,.,O
000248-002,Allah,O
000248-002,menyiksanya,O
000248-002,lalu,O
000248-002,menyiksanya,O
000248-002,lagi,O
000248-002,.,O
000248-002,Maka,O
000248-002,ambillah,O
000248-002,pelajaran,O
000248-002,darinya,O
000248-002,",",O
000248-002,dan,O
000248-002,jangan,O
000248-002,sampai,O
000248-002,ada,O
000248-002,orang,O
000248-002,lain,O
000248-002,yang,O
000248-002,mengambil,O
000248-002,pelajaran,O
000248-002,dari,O
000248-002,tuan,O
000248-002,".""",O
000248-002,Muqauqis,O
000248-002,berkata,O
000248-002,",",O
000248-002,"""",O
000248-002,Sesungguhnya,O
000248-002,kami,O
000248-002,mempunyai,O
000248-002,agama,O
000248-002,yang,O
000248-002,tidak,O
000248-002,akan,O
000248-002,kami,O
000248-002,tinggalkan,O
000248-002,kecuali,O
000248-002,jika,O
000248-002,ada,O
000248-002,agama,O
000248-002,lain,O
000248-002,yang,O
000248-002,lebih,O
000248-002,baik,O
000248-002,lagi,O
000248-002,".""",O
000248-002,Hathib,O
000248-002,berkata,O
000248-002,",",O
000248-002,"""",O
000248-002,Kami,O
000248-002,mengajakmu,O
000248-002,kepada,O
000248-002,Islam,O
000248-002,yang,O
000248-002,Allah,O
000248-002,telah,O
000248-002,men-,O
000248-002,cukupkannya,O
000248-002,dari,O
000248-002,agama,O
000248-002,yang,O
000248-002,lain,O
000248-002,.,O
000248-002,Sesungguhnya,O
000248-002,Nabi,O
000248-002,ini,O
000248-002,menyeru,O
000248-002,kepada,O
000248-002,semua,O
000248-002,manusia,O
000248-002,",",O
000248-002,yang,O
000248-002,paling,O
000248-002,ditekan,O
000248-002,Quraisy,O
000248-002,",",O
000248-002,yang,O
000248-002,paling,O
000248-002,dimusuhi,O
000248-002,Yahudi,O
000248-002,",",O
000248-002,dan,O
000248-002,yang,O
000248-002,paling,O
000248-002,dekat,O
000248-002,dengan,O
000248-002,orang-orang,O
000248-002,Nashrani,O
000248-002,.,O
000248-002,Demi,O
000248-002,Allah,O
000248-002,",",O
000248-002,kabar,O
000248-002,y,O
000248-002,ang,O
000248-002,dibawa,O
000248-002,Musa,B_PERSON
000248-002,tentang,O
000248-002,Isa,B_PERSON
000248-002,sama,O
000248-002,dengan,O
000248-002,kabar,O
000248-002,yang,O
000248-002,dibawa,O
000248-002,Isa,B_PERSON
000248-002,tentang,O
000248-002,seruan,O
000248-002,tuan,O
000248-002,y,O
000248-002,ang,O
000248-002,memegang,O
000248-002,Taurat,O
000248-002,kepada,O
000248-002,Injil,O
000248-002,.,O
000248-002,Setiap,O
000248-002,nabi,O
000248-002,yang,O
000248-002,sudah,O
000248-002,mengenal,O
000248-002,suatu,O
000248-002,kaum,O
000248-002,",",O
000248-002,maka,O
000248-002,kaum,O
000248-002,itu,O
000248-002,adalah,O
000248-002,umatnya,O
000248-002,.,O
000248-002,Yang,O
000248-002,pasti,O
000248-002,",",O
000248-002,mereka,O
000248-002,harus,O
000248-002,menaatinya,O
000248-002,.,O
000248-002,Tuan,O
000248-002,termasuk,O
000248-002,orang,O
000248-002,yang,O
000248-002,sudah,O
000248-002,mengenal,O
000248-002,nabi,O
000248-002,ini,O
000248-002,.,O
000248-002,Kami,O
000248-002,tidak,O
000248-002,melarang,O
000248-002,kalian,O
000248-002,dari,O
000248-002,agama,O
000248-002,Al-Masih,O
000248-002,",",O
000248-002,tetapi,O
000248-002,kami,O
000248-002,memerintahkan,O
000248-002,kalian,O
000248-002,untuk,O
000248-002,tetap,O
000248-002,berpegang,O
000248-002,kepadanya,O
000248-002,.,O
000248-002,Muqauqis,O
000248-002,berkata,O
000248-002,",",O
000248-002,Memang,O
000248-002,aku,O
000248-002,telah,O
000248-002,memperhatikan,O
000248-002,agama,O
000248-002,nabi,O
000248-002,ini,O
000248-002,",",O
000248-002,dan,O
000248-002,kutahu,O
000248-002,bahwa,O
000248-002,dia,O
000248-002,tidak,O
000248-002,memerintahkan,O
000248-002,untuk,O
000248-002,menghindari,O
000248-002,agama,O
000248-002,Al-Masih,O
000248-002,tidak,O
000248-002,pula,O
000248-002,seperti,O
000248-002,tukang,O
000248-002,sihir,O
000248-002,yang,O
000248-002,sesat,O
000248-002,atau,O
000248-002,dukun,O
000248-002,yang,O
000248-002,suka,O
000248-002,berdusta,O
000248-002,.,O
000248-002,Kulihat,O
000248-002,dia,O
000248-002,membawa,O
000248-002,tanda,O
000248-002,kenabian,O
000248-002,",",O
000248-002,dengan,O
000248-002,mengeluarkan,O
000248-002,yang,O
000248-002,tersembunyi,O
000248-002,dan,O
000248-002,mengabarkan,O
000248-002,rahasia,O
000248-002,.,O
000248-002,Aku,O
000248-002,akan,O
000248-002,mempertimbangkannya,O
000248-002,".""",O
000248-002,Lalu,O
000248-002,dia,O
000248-002,mengambil,O
000248-002,surat,O
000248-002,Nabi,O
000248-002,",",O
000248-002,memberinya,O
000248-002,setempel,O
000248-002,lalu,O
000248-002,diserahkan,O
000248-002,kepada,O
000248-002,pembantunya,O
000248-002,.,O
000250-003,Kemudian,O
000250-003,Heraklius,B_PERSON
000250-003,berkata,O
000250-003,kepada,O
000250-003,para,O
000250-003,penerjemahnya,O
000250-003,",",O
000250-003,.,O
000250-003,Aku,O
000250-003,akan,O
000250-003,bertanya,O
000250-003,tentang,O
000250-003,orang,O
000250-003,tersebut,O
000250-003,(,O
000250-003,Rasulullah,B_PERSON
000250-003,),O
000250-003,kepada,O
000250-003,orang,O
000250-003,ini,O
000250-003,.,O
000250-003,Jika,O
000250-003,dia,O
000250-003,bohong,O
000250-003,",",O
000250-003,maka,O
000250-003,bohongi,O
000250-003,pula,O
000250-003,dia,O
000250-003,".""",O
000250-003,Abu,B_PERSON
000250-003,Sufyan,I_PERSON
000250-003,berkata,O
000250-003,sendiri,O
000250-003,",",O
000250-003,"""",O
000250-003,Demi,O
000250-003,Allah,O
000250-003,",",O
000250-003,kalau,O
000250-003,bukan,O
000250-003,karena,O
000250-003,rasa,O
000250-003,malu,O
000250-003,jika,O
000250-003,mereka,O
000250-003,lebih,O
000250-003,banyak,O
000250-003,membohongiku,O
000250-003,",",O
000250-003,tentu,O
000250-003,aku,O
000250-003,akan,O
000250-003,berkata,O
000250-003,bohong,O
000250-003,kepadanya,O
000250-003,".""",O
000250-003,Kemudian,O
000250-003,dia,O
000250-003,menuturkan,O
000250-003,",",O
000250-003,"""",O
000250-003,Pertanyaan,O
000250-003,pertama,O
000250-003,yang,O
000250-003,diajukan,O
000250-003,kepadaku,O
000250-003,adalah,O
000250-003,",",O
000250-003,"""",O
000250-003,Bagaimana,O
000250-003,nasabnya,O
000250-003,di,O
000250-003,tengah,O
000250-003,kalian,O
000250-003,"?""",O
000250-003,Aku,O
000250-003,menjawab,O
000250-003,",",O
000250-003,"""",O
000250-003,Dia,O
000250-003,orang,O
000250-003,yang,O
000250-003,terpandang,O
000250-003,di,O
000250-003,antara,O
000250-003,kami,O
000250-003,".""",O
000250-003,"""",O
000250-003,Apakah,O
000250-003,pernah,O
000250-003,ada,O
000250-003,seorang,O
000250-003,sebelumnya,O
000250-003,yang,O
000250-003,berkata,O
000250-003,seperti,O
000250-003,yang,O
000250-003,dia,O
000250-003,katakan?',O
000250-003,"""",O
000250-003,"""",O
000250-003,Tidak,O
000250-003,ada,O
000250-003,",""",O
000250-003,jawabku,O
000250-003,"""",O
000250-003,Apakah,O
000250-003,di,O
000250-003,antara,O
000250-003,bapak-bapaknya,O
000250-003,ada,O
000250-003,yang,O
000250-003,menjadi,O
000250-003,raja,O
000250-003,"?""",O
000250-003,"""",O
000250-003,Tidak,O
000250-003,ada,O
000250-003,".""",O
000250-003,"""",O
000250-003,Apakah,O
000250-003,yang,O
000250-003,mengikutinya,O
000250-003,dari,O
000250-003,kalangan,O
000250-003,orang-orang,O
000250-003,yang,O
000250-003,terpandang,O
000250-003,atau,O
000250-003,orang,O
000250-003,yang,O
000250-003,lemah,O
000250-003,"?""",O
000250-003,"""",O
000250-003,Orang-orang,O
000250-003,yang,O
000250-003,lemah,O
000250-003,di,O
000250-003,antara,O
000250-003,mereka,O
000250-003,".""",O
000250-003,"""",O
000250-003,Apakah,O
000250-003,jumlah,O
000250-003,mereka,O
000250-003,semakin,O
000250-003,hari,O
000250-003,semakin,O
000250-003,bertambah,O
000250-003,atau,O
000250-003,semakin,O
000250-003,berkurang?',O
000250-003,.,O
000250-003,Semakin,O
000250-003,bertambah,O
000250-003,".""",O
000250-003,"""",O
000250-003,Adakah,O
000250-003,di,O
000250-003,antara,O
000250-003,pengikutnya,O
000250-003,yang,O
000250-003,keluar,O
000250-003,dari,O
000250-003,agamanya,O
000250-003,karena,O
000250-003,benci,O
000250-003,agama,O
000250-003,itu,O
000250-003,setelah,O
000250-003,dia,O
000250-003,memasukinya,O
000250-003,?,O
000250-003,"""",O
000250-003,Tidak,O
000250-003,ada,O
000250-003,".""",O
000250-003,"""",O
000250-003,Apakah,O
000250-003,kalian,O
000250-003,menuduhnya,O
000250-003,pembohong,O
000250-003,sebelum,O
000250-003,dia,O
000250-003,mengatakan,O
000250-003,apa,O
000250-003,yang,O
000250-003,dikatakannya,O
000250-003,"?""",O
000250-003,"""",O
000250-003,Tidak,O
000250-003,".""",O
000250-003,"""",O
000250-003,Apakah,O
000250-003,dia,O
000250-003,pernah,O
000250-003,berkhianat,O
000250-003,"?""""",O
000250-003,.,O
000250-003,Tidak,O
000250-003,pernah,O
000250-003,.,O
000250-003,Selama,O
000250-003,kami,O
000250-003,bergaul,O
000250-003,dengannya,O
000250-003,",",O
000250-003,kami,O
000250-003,tidak,O
000250-003,pernah,O
000250-003,melihat,O
000250-003,melakukan,O
000250-003,hal,O
000250-003,itu,O
000250-003,".""",O
000250-003,"""",O
000250-003,Tidak,O
000250-003,ada,O
000250-003,kata-kata,O
000250-003,lain,O
000250-003,yang,O
000250-003,memungkinkan,O
000250-003,bagiku,O
000250-003,untuk,O
000250-003,mengorek,O
000250-003,keterangan,O
000250-003,".""",O
000250-003,Tetapi,O
000250-003,kemudian,O
000250-003,Heraklius,B_PERSON
000250-003,bertanya,O
000250-003,lagi,O
000250-003,",",O
000250-003,"""",O
000250-003,Apakah,O
000250-003,kalian,O
000250-003,memeranginya,O
000250-003,"?""",O
000250-003,"""",O
000250-003,Ya,O
000250-003,",""",O
000250-003,jawabku,O
000250-003,.,O
000250-003,"""",O
000250-003,Bagaimana,O
000250-003,cara,O
000250-003,kalian,O
000250-003,memeranginya,O
000250-003,"?""",O
000250-003,-Peperangan,O
000250-003,antara,O
000250-003,kami,O
000250-003,dan,O
000250-003,dia,O
000250-003,silih,O
000250-003,berganti,O
000250-003,.,O
000257-002,Sepak,O
000257-002,terjang,O
000257-002,mereka,O
000257-002,ini,O
000257-002,membuat,O
000257-002,orang-orang,O
000257-002,Muslim,O
000257-002,selalu,O
000257-002,merasa,O
000257-002,terancam,O
000257-002,bahaya,O
000257-002,.,O
000257-002,Bahkan,O
000257-002,mereka,O
000257-002,pernah,O
000257-002,menyusun,O
000257-002,rencana,O
000257-002,untuk,O
000257-002,membunuh,O
000257-002,Nabi,O
000257-002,Dihadapkan,O
000257-002,pada,O
000257-002,kenyataan,O
000257-002,ini,O
000257-002,",",O
000257-002,terpaksa,O
000257-002,orang-orang,O
000257-002,Muslim,O
000257-002,mengirim,O
000257-002,satuan,O
000257-002,pasukan,O
000257-002,hingga,O
000257-002,beberapa,O
000257-002,kali,O
000257-002,dan,O
000257-002,menghabisi,O
000257-002,para,O
000257-002,tokoh,O
000257-002,pengkhianat,O
000257-002,",",O
000257-002,seperti,O
000257-002,Sallam,B_PERSON
000257-002,bin,I_PERSON
000257-002,Abul,I_PERSON
000257-002,Huqaiq,I_PERSON
000257-002,dan,O
000257-002,Usair,B_PERSON
000257-002,bin,I_PERSON
000257-002,Razzam,I_PERSON
000257-002,.,O
000257-002,Sekalipun,O
000257-002,keharusan,O
000257-002,orang-orang,O
000257-002,Muslim,O
000257-002,untuk,O
000257-002,menuntaskan,O
000257-002,masalah,O
000257-002,orang-orang,O
000257-002,Yahudi,O
000257-002,lebih,O
000257-002,besar,O
000257-002,",",O
000257-002,tetapi,O
000257-002,mereka,O
000257-002,menundanya,O
000257-002,.,O
000257-002,Sebab,O
000257-002,ada,O
000257-002,kekuatan,O
000257-002,yang,O
000257-002,lebih,O
000257-002,besar,O
000257-002,daripada,O
000257-002,orang-orang,O
000257-002,Yahudi,O
000257-002,itu,O
000257-002,",",O
000257-002,yaitu,O
000257-002,Quraisy,O
000257-002,yang,O
000257-002,secara,O
000257-002,terang-terangan,O
000257-002,menyerang,O
000257-002,kaum,O
000257-002,Muslimin,O
000257-002,.,O
000257-002,Setelah,O
000257-002,serangan,O
000257-002,ini,O
000257-002,padam,O
000257-002,",",O
000257-002,maka,O
000257-002,perhatian,O
000257-002,bisa,O
000257-002,dipusatkan,O
000257-002,kepada,O
000257-002,para,O
000257-002,penjahat,O
000257-002,itu,O
000257-002,dan,O
000257-002,sudah,O
000257-002,tiba,O
000257-002,saatnya,O
000257-002,untuk,O
000257-002,membuat,O
000257-002,perhitungan,O
000257-002,dengan,O
000257-002,mereka,O
000257-002,.,O
000263-002,Di,O
000263-002,Ash-Shahba',O
000263-002,yang,O
000263-002,jaraknya,O
000263-002,tidak,O
000263-002,seberapa,O
000263-002,jauh,O
000263-002,dengan,O
000263-002,Khaibar,B_LOCATION
000263-002,.,O
000263-002,beliau,O
000263-002,shalat,O
000263-002,ashar,O
000263-002,.,O
000263-002,Kemudian,O
000263-002,beliau,O
000263-002,meminta,O
000263-002,bekal,O
000263-002,makanan,O
000263-002,.,O
000263-002,Karena,O
000263-002,hanya,O
000263-002,sedikit,O
000263-002,",",O
000263-002,beliau,O
000263-002,disodori,O
000263-002,tepung,O
000263-002,gandum,O
000263-002,yang,O
000263-002,tak,O
000263-002,seberapa,O
000263-002,banyak,O
000263-002,jumlahnya,O
000263-002,.,O
000263-002,Setelah,O
000263-002,diolah,O
000263-002,",",O
000263-002,tepung,O
000263-002,itu,O
000263-002,menjadi,O
000263-002,banyak,O
000263-002,.,O
000263-002,Beliau,O
000263-002,memakannya,O
000263-002,dan,O
000263-002,begitu,O
000263-002,pula,O
000263-002,semua,O
000263-002,orang,O
000263-002,.,O
000263-002,Kemudian,O
000263-002,beliau,O
000263-002,hendak,O
000263-002,melaksanakan,O
000263-002,shalat,O
000263-002,maghrib,O
000263-002,.,O
000263-002,Beliau,O
000263-002,cukup,O
000263-002,berkumur,O
000263-002,",",O
000263-002,dan,O
000263-002,orang-orang,O
000263-002,juga,O
000263-002,berkumur,O
000263-002,.,O
000263-002,Kemudian,O
000263-002,beliau,O
000263-002,melaksanakan,O
000263-002,shalat,O
000263-002,maghrib,O
000263-002,tanpa,O
000263-002,wudhu,O
000263-002,lagi,O
000263-002,",",O
000263-002,kemudian,O
000263-002,shalat,O
000263-002,isya',O
000263-002,tanpa,O
000263-002,wudhu',O
000263-002,lagi,O
000263-002,",",O
000263-002,karena,O
000263-002,memang,O
000263-002,belum,O
000263-002,batal,O
000270-001,Benteng,O
000270-001,ini,O
000270-001,merupakan,O
000270-001,benteng,O
000270-001,yang,O
000270-001,paling,O
000270-001,kokoh,O
000270-001,dalam,O
000270-001,paroh,O
000270-001,pertama,O
000270-001,Orang-orang,O
000270-001,Yahudi,O
000270-001,sudah,O
000270-001,merasa,O
000270-001,yakin,O
000270-001,bahwa,O
000270-001,orang-orang,O
000270-001,Muslim,O
000270-001,tidak,O
000270-001,akan,O
000270-001,sanggup,O
000270-001,menyelinap,O
000270-001,ke,O
000270-001,dalam,O
000270-001,benteng,O
000270-001,ini,O
000270-001,",",O
000270-001,sekalipun,O
000270-001,mereka,O
000270-001,mengerahkan,O
000270-001,segala,O
000270-001,kemampuannya,O
000270-001,.,O
000270-001,Oleh,O
000270-001,karena,O
000270-001,itu,O
000270-001,para,O
000270-001,wanita,O
000270-001,dan,O
000270-001,anak-,O
000270-001,anak,O
000270-001,ditempatkan,O
000270-001,di,O
000270-001,dalam,O
000270-001,benteng,O
000270-001,ini,O
000270-001,",",O
000270-001,setelah,O
000270-001,benteng-benteng,O
000270-001,yang,O
000270-001,lain,O
000270-001,tidak,O
000270-001,dapat,O
000270-001,dipertahankan,O
000270-001,.,O
000270-001,Orang-orang,O
000270-001,Muslim,O
000270-001,memutuskan,O
000270-001,untuk,O
000270-001,mengepung,O
000270-001,benteng,O
000270-001,ini,O
000270-001,secara,O
000270-001,ketat,O
000270-001,.,O
000270-001,Mereka,O
000270-001,melakukan,O
000270-001,tekanan,O
000270-001,sedemikian,O
000270-001,rupa,O
000270-001,secara,O
000270-001,keras,O
000270-001,",",O
000270-001,mengingat,O
000270-001,benteng,O
000270-001,ini,O
000270-001,terletak,O
000270-001,di,O
000270-001,atas,O
000270-001,sebuah,O
000270-001,bukit,O
000270-001,yang,O
000270-001,cukup,O
000270-001,tinggi,O
000270-001,.,O
000270-001,Praktis,O
000270-001,tidak,O
000270-001,ada,O
000270-001,jalan,O
000270-001,yang,O
000270-001,bisa,O
000270-001,ditempuh,O
000270-001,untuk,O
000270-001,menyelinap,O
000270-001,ke,O
000270-001,dalam,O
000270-001,benteng,O
000270-001,.,O
000270-001,Sementara,O
000270-001,itu,O
000270-001,",",O
000270-001,orang-orang,O
000270-001,Yahudi,O
000270-001,tentu,O
000270-001,tidak,O
000270-001,akan,O
000270-001,berani,O
000270-001,keluar,O
000270-001,dari,O
000270-001,benteng,O
000270-001,untuk,O
000270-001,berhadapan,O
000270-001,langsung,O
000270-001,dengan,O
000270-001,kekuatan,O
000270-001,orang-orang,O
000270-001,Muslim,O
000270-001,.,O
000270-001,Sekalipun,O
000270-001,begitu,O
000270-001,.,O
000270-001,orang-orang,O
000270-001,Yahudi,O
000270-001,tetap,O
000270-001,melancarkan,O
000270-001,serangan,O
000270-001,ke,O
000270-001,arah,O
000270-001,orang-orang,O
000270-001,Muslim,O
000270-001,dengan,O
000270-001,melepaskan,O
000270-001,anak-anak,O
000270-001,panah,O
000270-001,dan,O
000270-001,melontarkan,O
000270-001,peluru,O
000270-001,batu,O
000270-001,.,O
000270-001,Karena,O
000270-001,dirasa,O
000270-001,benteng,O
000270-001,An-Nizar,O
000270-001,ini,O
000270-001,terlalu,O
000270-001,kuat,O
000270-001,bagi,O
000270-001,kekuatan,O
000270-001,orang,O
000270-001,orang,O
000270-001,Muslim,O
000270-001,",",O
000270-001,maka,O
000270-001,Rasulullah,B_PERSON
000270-001,memerintahkan,O
000270-001,untuk,O
000270-001,memasang,O
000270-001,manjaniq,O
000270-001,Pasukan,O
000270-001,Muslimin,O
000270-001,mulai,O
000270-001,melancarkan,O
000270-001,peluru-peluru,O
000270-001,batu,O
000270-001,sehingga,O
000270-001,bisa,O
000270-001,merusak,O
000270-001,sebagian,O
000270-001,dinding,O
000270-001,benteng,O
000270-001,.,O
000270-001,Dari,O
000270-001,dinding,O
000270-001,yang,O
000270-001,sudah,O
000270-001,jebol,O
000270-001,inilah,O
000270-001,orang-orang,O
000270-001,Muslim,O
000270-001,masuk,O
000270-001,ke,O
000270-001,dalam,O
000270-001,benteng,O
000270-001,.,O
000270-001,Karena,O
000270-001,itu,O
000270-001,",",O
000270-001,terjadi,O
000270-001,pertempuran,O
000270-001,yang,O
000270-001,seru,O
000270-001,di,O
000270-001,dalam,O
000270-001,benteng,O
000270-001,.,O
000270-001,Orang-orang,O
000270-001,Yahudi,O
000270-001,mengalami,O
000270-001,kekalahan,O
000270-001,secara,O
000270-001,telak,O
000270-001,.,O
000300-002,Setelah,O
000300-002,Budail,O
000300-002,pergi,O
000300-002,melanjutkan,O
000300-002,perjalanan,O
000300-002,ke,O
000300-002,Makkah,B_LOCATION
000300-002,",",O
000300-002,Abu,B_PERSON
000300-002,Sufyan,I_PERSON
000300-002,berkata,O
000300-002,sendiri,O
000300-002,",",O
000300-002,"""",O
000300-002,Apabila,O
000300-002,Budail,O
000300-002,telah,O
000300-002,pergi,O
000300-002,ke,O
000300-002,Madinah,B_LOCATION
000300-002,",",O
000300-002,berarti,O
000300-002,dia,O
000300-002,telah,O
000300-002,memberi,O
000300-002,makan,O
000300-002,ontanya,O
000300-002,dengan,O
000300-002,biji-bijian,O
000300-002,".""",O
000300-002,Lalu,O
000300-002,dia,O
000300-002,mendatangi,O
000300-002,tempat,O
000300-002,menderum,O
000300-002,onta,O
000300-002,Budail,O
000300-002,",",O
000300-002,mengambil,O
000300-002,kotoran,O
000300-002,onta,O
000300-002,dan,O
000300-002,memeriksanya,O
000300-002,",",O
000300-002,hingga,O
000300-002,dia,O
000300-002,melihat,O
000300-002,ada,O
000300-002,biji-bijian,O
000300-002,dalam,O
000300-002,kotoran,O
000300-002,itu,O
000300-002,.,O
000300-002,Dia,O
000300-002,berkata,O
000300-002,",",O
000300-002,"""",O
000300-002,Aku,O
000300-002,berani,O
000300-002,sumpah,O
000300-002,kepada,O
000300-002,Allah,O
000300-002,",",O
000300-002,Budail,O
000300-002,benar-benar,O
000300-002,telah,O
000300-002,menemui,O
000300-002,Muhammad,B_PERSON
000300-002,".""",O
000300-002,Abu,B_PERSON
000300-002,Sufyan,I_PERSON
000300-002,melanjutkan,O
000300-002,perjalanan,O
000300-002,hingga,O
000300-002,tiba,O
000300-002,di,O
000300-002,Madinah,B_LOCATION
000300-002,.,O
000300-002,Dia,O
000300-002,memasuki,O
000300-002,rumah,O
000300-002,putrinya,O
000300-002,yang,O
000300-002,menjadi,O
000300-002,istri,O
000300-002,Rasulullah,B_PERSON
000300-002,",",O
000300-002,Ummu,B_PERSON
000300-002,Habibah,I_PERSON
000300-002,.,O
000300-002,Saat,O
000300-002,dia,O
000300-002,beranjak,O
000300-002,untuk,O
000300-002,duduk,O
000300-002,di,O
000300-002,lapik,O
000300-002,milik,O
000300-002,beliau,O
000300-002,",",O
000300-002,Ummu,B_PERSON
000300-002,Habibah,I_PERSON
000300-002,melipatnya,O
000300-002,agar,O
000300-002,tidak,O
000300-002,diduduki,O
000300-002,ayahnya,O
000300-002,.,O
000300-002,Abu,B_PERSON
000300-002,Sufyan,I_PERSON
000300-002,berkata,O
000300-002,meradang,O
000300-002,",",O
000300-002,"""",O
000300-002,Hai,O
000300-002,putriku,O
000300-002,",",O
000300-002,apakah,O
000300-002,engkau,O
000300-002,lebih,O
000300-002,sayang,O
000300-002,kepadaku,O
000300-002,daripada,O
000300-002,lapik,O
000300-002,itu,O
000300-002,",",O
000300-002,ataukah,O
000300-002,engkau,O
000300-002,lebih,O
000300-002,sayang,O
000300-002,kepada,O
000300-002,lapik,O
000300-002,itu,O
000300-002,daripada,O
000300-002,aku,O
000300-002,"?""",O
000300-002,Ummu,B_PERSON
000300-002,Habibah,I_PERSON
000300-002,menjawab,O
000300-002,",",O
000300-002,"""",O
000300-002,Tetapi,O
000300-002,ini,O
000300-002,adalah,O
000300-002,lapik,O
000300-002,Rasulullah,B_PERSON
000300-002,.,O
000300-002,Padahal,O
000300-002,ayah,O
000300-002,adalah,O
000300-002,orang,O
000300-002,musyrik,O
000300-002,lagi,O
000300-002,najis,O
000300-002,".""",O
000300-002,Abu,B_PERSON
000300-002,Sufyan,I_PERSON
000300-002,berkata,O
000300-002,",",O
000300-002,"""",O
000300-002,Demi,O
000300-002,Allah,O
000300-002,",",O
000300-002,rupanya,O
000300-002,ada,O
000300-002,yang,O
000300-002,tidak,O
000300-002,beres,O
000300-002,denganmu,O
000300-002,setelah,O
000300-002,berpisah,O
000300-002,denganku,O
000300-002,".""",O
000300-002,Kemudian,O
000300-002,Abu,B_PERSON
000300-002,Sufyan,I_PERSON
000300-002,menemui,O
000300-002,Rasulullah,B_PERSON
000300-002,dan,O
000300-002,berbicara,O
000300-002,panjang,O
000300-002,lebar,O
000300-002,kepada,O
000300-002,beliau,O
000300-002,.,O
000300-002,Tetapi,O
000300-002,beliau,O
000300-002,sama,O
000300-002,sekali,O
000300-002,tidak,O
000300-002,menanggapinya,O
000300-002,.,O
000300-002,Kemudian,O
000300-002,dia,O
000300-002,menemui,O
000300-002,Abu,B_PERSON
000300-002,Bakar,I_PERSON
000300-002,dan,O
000300-002,berbicara,O
000300-002,kepadanya,O
000300-002,",",O
000300-002,meminta,O
000300-002,agar,O
000300-002,Abu,B_PERSON
000300-002,Bakar,I_PERSON
000300-002,mau,O
000300-002,berbicara,O
000300-002,kepada,O
000300-002,beliau,O
000300-002,.,O
000300-002,Namun,O
000300-002,Abu,B_PERSON
000300-002,Bakar,I_PERSON
000300-002,berkata,O
000300-002,",",O
000300-002,"""",O
000300-002,Aku,O
000300-002,tidak,O
000300-002,sud,O
000300-002,melakukannya,O
000300-002,".""",O
000300-002,Kemudian,O
000300-002,Abu,B_PERSON
000300-002,Sufyan,I_PERSON
000300-002,menemui,O
000300-002,Umar,B_PERSON
000300-002,bin,I_PERSON
000300-002,Al-Khaththab,O
000300-002,dan,O
000300-002,berbicara,O
000300-002,dengannya,O
000300-002,.,O
000300-002,Umar,B_PERSON
000300-002,berkata,O
000300-002,",",O
000300-002,Layakkah,O
000300-002,aku,O
000300-002,memintakan,O
000300-002,pertolongan,O
000300-002,bagi,O
000300-002,kalian,O
000300-002,kepada,O
000300-002,Rasulullah,B_PERSON
000300-002,?,O
000300-004,Bukankah,O
000300-004,engkau,O
000300-004,pemimpin,O
000300-004,Bani,O
000300-004,Kinanah,O
000300-004,?,O
000300-004,Bangkitlah,O
000300-004,dan,O
000300-004,berilah,O
000300-004,perlindungan,O
000300-004,di,O
000300-004,antara,O
000300-004,orang-orang,O
000300-004,kemudian,O
000300-004,pulanglah,O
000300-004,ke,O
000300-004,tempatmu,O
000300-004,".""",O
000300-004,"""",O
000300-004,Apakah,O
000300-004,menurutmu,O
000300-004,hal,O
000300-004,itu,O
000300-004,berguna,O
000300-004,bagiku,O
000300-004,"?""",O
000300-004,Tanya,O
000300-004,Abu,B_PERSON
000300-004,Sufyan,I_PERSON
000300-004,"""",O
000300-004,Demi,O
000300-004,Allah,O
000300-004,",",O
000300-004,aku,O
000300-004,juga,O
000300-004,tidak,O
000300-004,yakin,O
000300-004,.,O
000300-004,Tetapi,O
000300-004,aku,O
000300-004,tidak,O
000300-004,melihat,O
000300-004,selain,O
000300-004,yang,O
000300-004,itu,O
000300-004,",""",O
000300-004,jawab,O
000300-004,Ali,B_PERSON
000300-004,.,O
000300-004,Lalu,O
000300-004,Abu,B_PERSON
000300-004,Sufyan,I_PERSON
000300-004,berdiri,O
000300-004,di,O
000300-004,Masjid,O
000300-004,lalu,O
000300-004,berkata,O
000300-004,",",O
000300-004,Wahai,O
000300-004,semua,O
000300-004,orang,O
000300-004,",",O
000300-004,aku,O
000300-004,telah,O
000300-004,memberi,O
000300-004,perlindungan,O
000300-004,di,O
000300-004,antara,O
000300-004,orang-orang,O
000300-004,".""",O
000300-004,Lalu,O
000300-004,dia,O
000300-004,naik,O
000300-004,ontanya,O
000300-004,dan,O
000300-004,beranjak,O
000300-004,pergi,O
000300-004,Setelah,O
000300-004,tiba,O
000300-004,di,O
000300-004,tengah-tengah,O
000300-004,orang-orang,O
000300-004,Quraisy,O
000300-004,",",O
000300-004,mereka,O
000300-004,bertanya,O
000300-004,kepada,O
000300-004,Abu,B_PERSON
000300-004,Sufyan,I_PERSON
000300-004,",",O
000300-004,"""",O
000300-004,Apa,O
000300-004,yang,O
000300-004,terjadi,O
000300-004,di,O
000300-004,belakangmu,O
000300-004,"?""""",O
000300-004,Abu,B_PERSON
000300-004,Sufyan,I_PERSON
000300-004,menjawab,O
000300-004,",",O
000300-004,"""",O
000300-004,Aku,O
000300-004,sudah,O
000300-004,menemui,O
000300-004,Muhammad,B_PERSON
000300-004,dan,O
000300-004,berbicara,O
000300-004,panjang,O
000300-004,lebar,O
000300-004,dengannya,O
000300-004,.,O
000300-004,Demi,O
000300-004,Allah,O
000300-004,",",O
000300-004,dia,O
000300-004,sama,O
000300-004,sekali,O
000300-004,tidak,O
000300-004,menanggapiku,O
000300-004,.,O
000300-004,Kemudian,O
000300-004,aku,O
000300-004,menemui,O
000300-004,Abu,B_PERSON
000300-004,Qahafah,I_PERSON
000300-004,(,O
000300-004,Abu,B_PERSON
000300-004,Bakar,I_PERSON
000300-004,).,O
000300-004,Tetapi,O
000300-004,juga,O
000300-004,tidak,O
000300-004,banyak,O
000300-004,membantuku,O
000300-004,.,O
000300-004,Kemudian,O
000300-004,aku,O
000300-004,menemui,O
000300-004,Umar,B_PERSON
000300-004,bin,I_PERSON
000300-004,Al-Khaththab,I_PERSON
000300-004,.,O
000300-004,Aku,O
000300-004,mendapatkan,O
000300-004,dialah,O
000300-004,musuh,O
000300-004,yang,O
000300-004,paling,O
000300-004,dekat,O
000300-004,.,O
000300-004,Kemudian,O
000300-004,aku,O
000300-004,menemui,O
000300-004,Ali,B_PERSON
000300-004,dan,O
000300-004,aku,O
000300-004,mendapatkan,O
000300-004,dialah,O
000300-004,orang,O
000300-004,yang,O
000300-004,paling,O
000300-004,lemah,O
000300-004,lembut,O
000300-004,.,O
000300-004,Dia,O
000300-004,memberiku,O
000300-004,masukan,O
000300-004,tentang,O
000300-004,apa,O
000300-004,yang,O
000300-004,seharusnya,O
000300-004,kulakukan,O
000300-004,.,O
000300-004,Demi,O
000300-004,Allah,O
000300-004,",",O
000300-004,aku,O
000300-004,tidak,O
000300-004,tahu,O
000300-004,adakah,O
000300-004,yang,O
000300-004,berguna,O
000300-004,bagiku,O
000300-004,atau,O
000300-004,tidak,O
000300-004,".""",O
000300-004,"""",O
000300-004,Apa,O
000300-004,yang,O
000300-004,diperintahkannya,O
000300-004,"?""",O
000300-004,tanya,O
000300-004,mereka,O
000300-004,.,O
000300-004,"""",O
000300-004,Dia,O
000300-004,menyuruhku,O
000300-004,agar,O
000300-004,aku,O
000300-004,memberi,O
000300-004,perlindungan,O
000300-004,kepada,O
000300-004,orang-orang,O
000300-004,Maka,O
000300-004,sarannya,O
000300-004,itu,O
000300-004,aku,O
000300-004,lakukan,O
000300-004,",""",O
000300-004,jawab,O
000300-004,Abu,B_PERSON
000300-004,Sufyan,I_PERSON
000300-004,.,O
000300-004,"""",O
000300-004,Apakah,O
000300-004,Muhammad,B_PERSON
000300-004,juga,O
000300-004,memberi,O
000300-004,perlindungan,O
000300-004,"?""",O
000300-004,tanya,O
000300-004,mereka,O
000300-004,.,O
000300-004,.,O
000300-004,Tidak,O
000300-004,",""",O
000300-004,jawabnya,O
000300-004,.,O
000300-004,Celaka,O
000300-004,kau,O
000300-004,.,O
000300-004,Orang,O
000300-004,itu,O
000300-004,semakin,O
000300-004,mempermainkan,O
000300-004,dirimu,O
000300-004,".""",O
000300-004,"""",O
000300-004,Tidak,O
000300-004,demi,O
000300-004,Allah,O
000300-004,",",O
000300-004,hanya,O
000300-004,itulah,O
000300-004,yang,O
000300-004,bisa,O
000300-004,kuperbuat,O
000300-004,",""",O
000300-004,jawab,O
000300-004,Abu,B_PERSON
000300-004,Sufyan,I_PERSON
000301-003,Saat,O
000301-003,bertemu,O
000301-003,mereka,O
000301-003,",",O
000301-003,dia,O
000301-003,mengucapkan,O
000301-003,salam,O
000301-003,Islam,O
000301-003,.,O
000301-003,Namun,O
000301-003,Muhallim,B_PERSON
000301-003,bin,I_PERSON
000301-003,Jatstsamah,I_PERSON
000301-003,mendekatinya,O
000301-003,lalu,O
000301-003,membunuhnya,O
000301-003,",",O
000301-003,karena,O
000301-003,di,O
000301-003,antara,O
000301-003,mereka,O
000301-003,berdua,O
000301-003,pernah,O
000301-003,ada,O
000301-003,masalah,O
000301-003,yang,O
000301-003,mengganjal,O
000301-003,.,O
000301-003,Bahkan,O
000301-003,kemudian,O
000301-003,Muhallim,O
000301-003,mengambil,O
000301-003,onta,O
000301-003,dan,O
000301-003,barang-barannya,O
000301-003,.,O
000301-003,Kemudian,O
000301-003,mereka,O
000301-003,mengadukan,O
000301-003,Muhallim,O
000301-003,kepada,O
000301-003,Rasulullah,B_PERSON
000301-003,dan,O
000301-003,mendesak,O
000301-003,agar,O
000301-003,beliau,O
000301-003,tidak,O
000301-003,perlu,O
000301-003,memaafkan,O
000301-003,kesalahan,O
000301-003,Muhallim,O
000301-003,.,O
000301-003,Menurut,O
000301-003,Ibnu,B_PERSON
000301-003,Ishaq,I_PERSON
000301-003,",",O
000301-003,akhirnya,O
000301-003,beliau,O
000301-003,mengampuni,O
000301-003,kesalahan,O
000301-003,Muhallim,O
000301-003,.,O
000301-003,Setelah,O
000301-003,tahu,O
000301-003,kesungguhan,O
000301-003,Ali,B_PERSON
000301-003,",",O
000301-003,wanita,O
000301-003,itu,O
000301-003,berkata,O
000301-003,",",O
000301-003,"""",O
000301-003,Kalau,O
000301-003,begitu,O
000301-003,berpalinglah,O
000301-003,dariku,O
000301-003,"!""",O
000301-003,Mereka,O
000301-003,berdua,O
000301-003,memalingkan,O
000301-003,pandangan,O
000301-003,",",O
000301-003,lalu,O
000301-003,wanita,O
000301-003,itu,O
000301-003,melepaskan,O
000301-003,gelungan,O
000301-003,rambutnya,O
000301-003,dan,O
000301-003,mengeluarkan,O
000301-003,sepucuk,O
000301-003,surat,O
000301-003,",",O
000301-003,kemudian,O
000301-003,menye-,O
000301-003,rahkannya,O
000301-003,kepada,O
000301-003,mereka,O
000301-003,berdua,O
000301-003,.,O
000301-003,Surat,O
000301-003,itu,O
000301-003,diserahkan,O
000301-003,kepada,O
000301-003,Rasulullah,B_PERSON
000301-003,",",O
000301-003,yang,O
000301-003,di,O
000301-003,dalamnya,O
000301-003,tertulis,O
000301-003,",",O
000301-003,Dari,O
000301-003,Hathib,I_PERSON
000301-003,bin,I_PERSON
000301-003,Abu,B_PERSON
000301-003,Balta',O
000301-003,ah,O
000301-003,",",O
000301-003,kepada,O
000301-003,Quraisy,O
000301-003,..,O
000301-003,Kelanjutan,O
000301-003,isinya,O
000301-003,mengabarkan,O
000301-003,niat,O
000301-003,keberangkatan,O
000301-003,Rasulullah,B_PERSON
000301-003,.,O
000301-003,"""",O
000301-003,Apa,O
000301-003,ini,O
000301-003,wahai,O
000301-003,Hathib,I_PERSON
000301-003,"?""",O
000301-003,Tanya,O
000301-003,beliau,O
000301-003,setelah,O
000301-003,memanggilnya,O
000301-003,.,O
000301-003,"""",O
000301-003,Jangan,O
000301-003,terburu,O
000301-003,menuduhku,O
000301-003,wahai,O
000301-003,Rasulullah,B_PERSON
000301-003,.,O
000301-003,Demi,O
000301-003,Allah,O
000301-003,",",O
000301-003,aku,O
000301-003,adalah,O
000301-003,orang,O
000301-003,yang,O
000301-003,beriman,O
000301-003,kepada,O
000301-003,Allah,O
000301-003,dan,O
000301-003,Rasul-Nya,O
000301-003,.,O
000301-003,Aku,O
000301-003,tidak,O
000301-003,murtad,O
000301-003,dan,O
000301-003,tidak,O
000301-003,mengubah,O
000301-003,agamaku,O
000301-003,.,O
000301-003,Dulu,O
000301-003,aku,O
000301-003,adalah,O
000301-003,seorang,O
000301-003,anak,O
000301-003,angkat,O
000301-003,di,O
000301-003,tengah,O
000301-003,Quraisy,O
000301-003,Aku,O
000301-003,bukanlah,O
000301-003,apa-apa,O
000301-003,bagi,O
000301-003,mereka,O
000301-003,.,O
000301-003,Di,O
000301-003,sana,O
000301-003,aku,O
000301-003,mempunyai,O
000301-003,keluarga,O
000301-003,",",O
000301-003,kerabat,O
000301-003,.,O
000301-003,dan,O
000301-003,anak,O
000301-003,.,O
000301-003,Sementara,O
000301-003,itu,O
000301-003,",",O
000301-003,tidak,O
000301-003,ada,O
000301-003,kerabatku,O
000301-003,yang,O
000301-003,bisa,O
000301-003,melindungi,O
000301-003,mereka,O
000301-003,Padahal,O
000301-003,orang-orang,O
000301-003,yang,O
000301-003,bersama,O
000301-003,engkau,O
000301-003,mempunyai,O
000301-003,kerabat,O
000301-003,yang,O
000301-003,bisa,O
000301-003,melindungi,O
000301-003,mereka,O
000301-003,.,O
000301-004,Sementara,O
000301-004,itu,O
000301-004,",",O
000301-004,tidak,O
000301-004,ada,O
000301-004,kerabatku,O
000301-004,yang,O
000301-004,bisa,O
000301-004,melindungi,O
000301-004,mereka,O
000301-004,Padahal,O
000301-004,orang-orang,O
000301-004,yang,O
000301-004,bersama,O
000301-004,engkau,O
000301-004,mempunyai,O
000301-004,kerabat,O
000301-004,yang,O
000301-004,bisa,O
000301-004,melindungi,O
000301-004,mereka,O
000301-004,.,O
000301-004,Karena,O
000301-004,itu,O
000301-004,aku,O
000301-004,ingin,O
000301-004,ada,O
000301-004,kerabat,O
000301-004,yang,O
000301-004,bisa,O
000301-004,melindungi,O
000301-004,keluargaku,O
000301-004,di,O
000301-004,sana,O
000301-004,".""",O
000301-004,Umar,B_PERSON
000301-004,bin,I_PERSON
000301-004,Al-Khaththab,I_PERSON
000301-004,berkata,O
000301-004,",",O
000301-004,"""",O
000301-004,Wahai,O
000301-004,Rasulullah,B_PERSON
000301-004,",",O
000301-004,biarkan,O
000301-004,aku,O
000301-004,memeng-,O
000301-004,gal,O
000301-004,lehernya,O
000301-004,",",O
000301-004,karena,O
000301-004,dia,O
000301-004,telah,O
000301-004,mengkhianati,O
000301-004,Allah,O
000301-004,dan,O
000301-004,Rasul-Nya,O
000301-004,serta,O
000301-004,bersikap,O
000301-004,munafik,O
000301-004,".""",O
000301-004,Rasulullah,B_PERSON
000301-004,menjawab,O
000301-004,",",O
000301-004,"""",O
000301-004,Sesungguhnya,O
000301-004,dia,O
000301-004,pernah,O
000301-004,ikut,O
000301-004,dalam,O
000301-004,Perang,B_EVENT
000301-004,Badr,I_EVENT
000301-004,.,O
000301-004,Lalu,O
000301-004,bagaimana,O
000301-004,engkau,O
000301-004,bisa,O
000301-004,mengetahui,O
000301-004,hal,O
000301-004,itu,O
000301-004,wahai,O
000301-004,Umar,B_PERSON
000301-004,?,O
000301-004,Boleh,O
000301-004,jadi,O
000301-004,Allah,O
000301-004,telah,O
000301-004,mengetahui,O
000301-004,isi,O
000301-004,hati,O
000301-004,orang-orang,O
000301-004,yang,O
000301-004,ikut,O
000301-004,dalam,O
000301-004,Perang,B_EVENT
000301-004,Badr,I_EVENT
000301-004,".""",O
000301-004,Lalu,O
000301-004,beliau,O
000301-004,bersabda,O
000301-004,lagi,O
000301-004,",",O
000301-004,"""",O
000301-004,Berbuatlah,O
000301-004,sesuka,O
000301-004,kalian,O
000301-004,",",O
000301-004,karena,O
000301-004,kesalahan,O
000301-004,kalian,O
000301-004,sudah,O
000301-004,diampuni,O
000301-004,".""",O
000301-004,Kedua,O
000301-004,mata,O
000301-004,Umar,B_PERSON
000301-004,meneteskan,O
000301-004,butir-butir,O
000301-004,air,O
000301-004,mata,O
000301-004,",",O
000301-004,seraya,O
000301-004,berkata,O
000301-004,",",O
000301-004,"""",O
000301-004,Allah,O
000301-004,dan,O
000301-004,Rasul-Nya,O
000301-004,lebih,O
000301-004,mengetahui,O
000301-004,".""",O
000301-004,Begitulah,O
000301-004,Allah,O
000301-004,mencekal,O
000301-004,setiap,O
000301-004,mata-mata,O
000301-004,",",O
000301-004,hingga,O
000301-004,tak,O
000301-004,ada,O
000301-004,sedikit,O
000301-004,informasi,O
000301-004,pun,O
000301-004,yang,O
000301-004,didengar,O
000301-004,Quraisy,O
000301-004,tentang,O
000301-004,persiapan,O
000301-004,orang-orang,O
000301-004,Muslim,O
000301-004,untuk,O
000301-004,berperang,O
000303-001,Rasulullah,B_PERSON
000303-001,melanjutkan,O
000303-001,perjalanan,O
000303-001,dalam,O
000303-001,keadaan,O
000303-001,puasa,O
000303-001,",",O
000303-001,begitu,O
000303-001,pula,O
000303-001,semua,O
000303-001,orang,O
000303-001,",",O
000303-001,hingga,O
000303-001,tiba,O
000303-001,di,O
000303-001,Al-Kadid,O
000303-001,",",O
000303-001,sebuah,O
000303-001,mata,O
000303-001,air,O
000303-001,yang,O
000303-001,terletak,O
000303-001,antara,O
000303-001,Usfan,O
000303-001,dan,O
000303-001,Al-Qadid,O
000303-001,.,O
000303-001,Beliau,O
000303-001,berbuka,O
000303-001,di,O
000303-001,sana,O
000303-001,bersama,O
000303-001,semua,O
000303-001,orang,O
000303-001,yang,O
000303-001,bergabung,O
000303-001,247,O
000303-001,Setelah,O
000303-001,itu,O
000303-001,keislaman,O
000303-001,Abu,B_PERSON
000303-001,Sufyan,I_PERSON
000303-001,benar-benar,O
000303-001,menjadi,O
000303-001,baik,O
000303-001,.,O
000303-001,Ada,O
000303-001,yang,O
000303-001,berkata,O
000303-001,",",O
000303-001,"""",O
000303-001,Sejak,O
000303-001,masuk,O
000303-001,Islam,O
000303-001,itu,O
000303-001,",",O
000303-001,hampir,O
000303-001,dia,O
000303-001,tidak,O
000303-001,berani,O
000303-001,mengangkat,O
000303-001,muka,O
000303-001,di,O
000303-001,hadapan,O
000303-001,Rasulullah,B_PERSON
000303-001,",",O
000303-001,karena,O
000303-001,malu,O
000303-001,terhadap,O
000303-001,beliau,O
000303-001,".""",O
000303-001,Beliau,O
000303-001,sangat,O
000303-001,mencintai,O
000303-001,Abu,B_PERSON
000303-001,Sufyan,I_PERSON
000303-001,dan,O
000303-001,memberikan,O
000303-001,kesaksian,O
000303-001,bahwa,O
000303-001,dia,O
000303-001,akan,O
000303-001,masuk,O
000303-001,surga,O
000303-001,.,O
000303-001,Beliau,O
000303-001,bersabda,O
000303-001,",",O
000303-001,"""",O
000303-001,Aku,O
000303-001,berharap,O
000303-001,dia,O
000303-001,akan,O
000303-001,menyusul,O
000303-001,Hamzah,B_PERSON
000303-001,".""",O
000303-001,Saat,O
000303-001,ajal,O
000303-001,hampir,O
000303-001,tiba,O
000303-001,",",O
000303-001,Abu,B_PERSON
000303-001,Sufyan,I_PERSON
000303-001,berkata,O
000303-001,",",O
000303-001,Jangankah,O
000303-001,kalian,O
000303-001,menangisi,O
000303-001,aku,O
000303-001,.,O
000303-001,Demi,O
000303-001,Allah,O
000303-001,",",O
000303-001,aku,O
000303-001,tidak,O
000303-001,berkata,O
000303-001,salah,O
000303-001,semenjak,O
000303-001,aku,O
000303-001,masuk,O
000303-001,Islam,O
000303-001,".""",O
000303-001,Lihat,O
000303-001,Zadul,O
000303-001,Ma'ad,I_PERSON
000303-001,",",O
000303-001,2/162-163,O
000303-001,.,O
000303-001,bersama,O
000303-001,beliau,O
000303-001,.,O
000303-001,Setelah,O
000303-001,itu,O
000303-001,beliau,O
000303-001,melanjutkan,O
000303-001,perjalanan,O
000303-001,hingga,O
000303-001,tiba,O
000303-001,di,O
000303-001,Marr,O
000303-001,Azh-Zhahran,I_PERSON
000303-001,.,O
000303-001,Beliau,O
000303-001,memerintahkan,O
000303-001,pasukan,O
000303-001,untuk,O
000303-001,berhenti,O
000303-001,dan,O
000303-001,mereka,O
000303-001,pun,O
000303-001,menyalakan,O
000303-001,api,O
000303-001,unggun,O
000303-001,.,O
000303-001,Beliau,O
000303-001,mengangkat,O
000303-001,Umar,B_PERSON
000303-001,bin,I_PERSON
000303-001,Al-Khaththab,O
000303-001,sebagai,O
000303-001,penjaga,O
000303-001,.,O
000304-004,Jauh-jauh,O
000304-004,hari,O
000304-004,aku,O
000304-004,sudah,O
000304-004,menduga,O
000304-004,",",O
000304-004,andaikan,O
000304-004,ada,O
000304-004,sesembahan,O
000304-004,lain,O
000304-004,bersama,O
000304-004,Allah,O
000304-004,",",O
000304-004,tentunya,O
000304-004,aku,O
000304-004,tidak,O
000304-004,membutuhkan,O
000304-004,sesuatu,O
000304-004,pun,O
000304-004,setelah,O
000304-004,ini,O
000304-004,".""",O
000304-004,Beliau,O
000304-004,bersabda,O
000304-004,",",O
000304-004,"""",O
000304-004,Celaka,O
000304-004,kau,O
000304-004,wahai,O
000304-004,Abu,B_PERSON
000304-004,Sufyan,I_PERSON
000304-004,.,O
000304-004,Bukankah,O
000304-004,sudah,O
000304-004,tiba,O
000304-004,saatnya,O
000304-004,untuk,O
000304-004,mengetahui,O
000304-004,bahwa,O
000304-004,aku,O
000304-004,adalah,O
000304-004,Rasul,O
000304-004,Allah,O
000304-004,"?""",O
000304-004,Abu,B_PERSON
000304-004,Sufyan,I_PERSON
000304-004,berkata,O
000304-004,",",O
000304-004,"""",O
000304-004,Demi,O
000304-004,ayah,O
000304-004,dan,O
000304-004,ibuku,O
000304-004,sebagai,O
000304-004,jaminanmu,O
000304-004,.,O
000304-004,engkau,O
000304-004,sungguh,O
000304-004,orang,O
000304-004,yang,O
000304-004,murah,O
000304-004,hati,O
000304-004,",",O
000304-004,mulia,O
000304-004,dan,O
000304-004,selalu,O
000304-004,menjaga,O
000304-004,hubungan,O
000304-004,kekeluargaan,O
000304-004,.,O
000304-004,Kalau,O
000304-004,mengenai,O
000304-004,masalah,O
000304-004,ini,O
000304-004,",",O
000304-004,di,O
000304-004,dalam,O
000304-004,hatiku,O
000304-004,masih,O
000304-004,ada,O
000304-004,sesuatu,O
000304-004,yang,O
000304-004,mengganjal,O
000304-004,hingga,O
000304-004,saat,O
000304-004,ini,O
000304-004,".""",O
000304-004,Al-Abbas,B_PERSON
000304-004,berkata,O
000304-004,",",O
000304-004,"""",O
000304-004,Celaka,O
000304-004,kau,O
000304-004,.,O
000304-004,Masuklah,O
000304-004,Islam,O
000304-004,",",O
000304-004,bersaksilah,O
000304-004,bahwa,O
000304-004,tiada,O
000304-004,Illah,O
000304-004,selain,O
000304-004,Allah,O
000304-004,dan,O
000304-004,bahwa,O
000304-004,Muhammad,O
000304-004,adalah,O
000304-004,Rasul,O
000304-004,Allah,O
000304-004,",",O
000304-004,sebelum,O
000304-004,beliau,O
000304-004,memenggal,O
000304-004,lehermu,O
000304-004,".""",O
000304-004,Maka,O
000304-004,setelah,O
000304-004,itu,O
000304-004,Abu,B_PERSON
000304-004,Sufyan,I_PERSON
000304-004,masuk,O
000304-004,Islam,O
000304-004,dan,O
000304-004,memberikan,O
000304-004,kesaksian,O
000304-004,secara,O
000304-004,benar,O
000304-004,.,O
000304-004,Al-Abbas,B_PERSON
000304-004,berkata,O
000304-004,kepada,O
000304-004,Rasulullah,B_PERSON
000304-004,",",O
000304-004,"""",O
000304-004,Wahai,O
000304-004,Rasulullah,B_PERSON
000304-004,",",O
000304-004,Abu,B_PERSON
000304-004,Sufyan,I_PERSON
000304-004,adalah,O
000304-004,orang,O
000304-004,yang,O
000304-004,suka,O
000304-004,membanggakan,O
000304-004,diri,O
000304-004,.,O
000304-004,Maka,O
000304-004,berilah,O
000304-004,dia,O
000304-004,sesuatu,O
000304-004,"!""",O
000304-004,Beliau,O
000304-004,bersabda,O
000304-004,",",O
000304-004,Benar,O
000304-004,.,O
000304-004,Barangsiapa,O
000304-004,yang,O
000304-004,memasuki,O
000304-004,rumah,O
000304-004,Abu,B_PERSON
000304-004,Sufyan,I_PERSON
000304-004,",",O
000304-004,maka,O
000304-004,keamanan,O
000304-004,dirinya,O
000304-004,terjamin,O
000304-004,.,O
000304-004,Siapa,O
000304-004,yang,O
000304-004,memasuki,O
000304-004,Masjidil,B_LOCATION
000304-004,Haram,I_LOCATION
000304-004,",",O
000304-004,maka,O
000304-004,keamanan,O
000304-004,dirinya,O
000304-004,terjamin,O
000304-004,".""",O
000305-002,"""",O
000305-002,Itu,O
000305-002,adalah,O
000305-002,Rasulullah,B_PERSON
000305-002,bersama,O
000305-002,Muhajirin,O
000305-002,dan,O
000305-002,Anshar,O
000305-002,",""",O
000305-002,jawab,O
000305-002,Abbas,O
000305-002,"""",O
000305-002,Tak,O
000305-002,seorang,O
000305-002,pun,O
000305-002,yang,O
000305-002,sanggup,O
000305-002,dan,O
000305-002,kuat,O
000305-002,menghadapi,O
000305-002,mereka,O
000305-002,",""",O
000305-002,kata,O
000305-002,Abu,B_PERSON
000305-002,Sufyan,I_PERSON
000305-002,.,O
000305-002,Lalu,O
000305-002,dia,O
000305-002,melanjutkan,O
000305-002,lagi,O
000305-002,",",O
000305-002,"""",O
000305-002,Demi,O
000305-002,Allah,O
000305-002,wahai,O
000305-002,Abu,B_PERSON
000305-002,Fadhl,I_PERSON
000305-002,",",O
000305-002,kerajaan,O
000305-002,keponakanmu,O
000305-002,yang,O
000305-002,tampak,O
000305-002,pada,O
000305-002,hari,O
000305-002,ini,O
000305-002,benar-benar,O
000305-002,menjadi,O
000305-002,besar.',O
000305-002,Al-Abbas,B_PERSON
000305-002,berkata,O
000305-002,",",O
000305-002,"""",O
000305-002,Wahai,O
000305-002,Abu,B_PERSON
000305-002,Sufyan,I_PERSON
000305-002,",",O
000305-002,itu,O
000305-002,adalah,O
000305-002,nubuwah,O
000305-002,".""",O
000305-002,"""",O
000305-002,Kalau,O
000305-002,begitu,O
000305-002,lebih,O
000305-002,bagus,O
000305-002,lagi,O
000305-002,",""",O
000305-002,kata,O
000305-002,Abu,B_PERSON
000305-002,Sufyan,I_PERSON
000305-002,.,O
000305-002,Bendera,O
000305-002,Anshar,O
000305-002,dipegang,O
000305-002,Sa'ad,B_PERSON
000305-002,bin,I_PERSON
000305-002,Ubadah,I_PERSON
000305-002,.,O
000305-002,Ketika,O
000305-002,melewati,O
000305-002,tempat,O
000305-002,Abu,B_PERSON
000305-002,Sufyan,I_PERSON
000305-002,",",O
000305-002,Sa'd,B_PERSON
000305-002,berkata,O
000305-002,",",O
000305-002,"""",O
000305-002,Hari,O
000305-002,ini,O
000305-002,adalah,O
000305-002,hari,O
000305-002,pembantaian,O
000305-002,",",O
000305-002,hari,O
000305-002,dihalalkannya,O
000305-002,yang,O
000305-002,disucikan,O
000305-002,.,O
000305-002,Hari,O
000305-002,ini,O
000305-002,Allah,O
000305-002,menghinakan,O
000305-002,Quraisy,O
000305-002,".""",O
000305-002,Abu,B_PERSON
000305-002,Sufyan,I_PERSON
000305-002,bertanya,O
000305-002,ketika,O
000305-002,Rasulullah,B_PERSON
000305-002,sudah,O
000305-002,berada,O
000305-002,di,O
000305-002,hadapan,O
000305-002,Abu,B_PERSON
000305-002,Sufyan,I_PERSON
000305-002,",",O
000305-002,"""",O
000305-002,Wahai,O
000305-002,Rasulullah,B_PERSON
000305-002,",",O
000305-002,apakah,O
000305-002,engkau,O
000305-002,tidak,O
000305-002,mendengar,O
000305-002,apa,O
000305-002,yang,O
000305-002,dikatakan,O
000305-002,Sa'd,O
000305-002,"?""",O
000305-002,"""",O
000305-002,Apa,O
000305-002,yang,O
000305-002,dikatakannya,O
000305-002,"?""",O
000305-002,Beliau,O
000305-002,balik,O
000305-002,bertanya,O
000305-002,.,O
000305-002,"""",O
000305-002,Dia,O
000305-002,mengatakan,O
000305-002,begini,O
000305-002,dan,O
000305-002,begitu,O
000305-002,",""",O
000305-002,jawab,O
000305-002,Abu,B_PERSON
000305-002,Sufyan,I_PERSON
000305-002,Utsman,B_PERSON
000305-002,bin,I_PERSON
000305-002,Abdurrahman,B_PERSON
000305-002,bin,I_PERSON
000305-002,Auf,I_PERSON
000305-002,berkata,O
000305-002,",",O
000305-002,"""",O
000305-002,Wahai,O
000305-002,Rasulullah,B_PERSON
000305-002,",",O
000305-002,kita,O
000305-002,tidak,O
000305-002,merasa,O
000305-002,aman,O
000305-002,selagi,O
000305-002,dia,O
000305-002,masih,O
000305-002,mempunyai,O
000305-002,kekuasaan,O
000305-002,di,O
000305-002,tengah,O
000305-002,Quraisy.',O
000305-002,Beliau,O
000305-002,menjawab,O
000305-002,",",O
000305-002,Justru,O
000305-002,hari,O
000305-002,ini,O
000305-002,adalah,O
000305-002,hari,O
000305-002,diagungkannya,O
000305-002,Ka'bah,B_PERSON
000305-002,dan,O
000305-002,dimuliakannya,O
000305-002,Quraisy,O
000305-002,oleh,O
000305-002,Allah,O
000305-002,".""",O
000305-002,Kemudian,O
000305-002,beliau,O
000305-002,mengirim,O
000305-002,utusan,O
000305-002,untuk,O
000305-002,menemui,O
000305-002,Sa'd,B_PERSON
000305-002,",",O
000305-002,agar,O
000305-002,dia,O
000305-002,menurunkan,O
000305-002,bendera,O
000305-002,dan,O
000305-002,menyerahkannya,O
000305-002,kepada,O
000305-002,anaknya,O
000305-002,",",O
000305-002,Qais,O
000305-002,.,O
000305-002,Tetapi,O
000305-002,ternyata,O
000305-002,bendera,O
000305-002,itu,O
000305-002,tetap,O
000305-002,berada,O
000305-002,di,O
000305-002,tangan,O
000305-002,Sa'd,B_PERSON
000305-002,.,O
000305-002,Ada,O
000305-002,yang,O
000305-002,berpendapat,O
000305-002,",",O
000305-002,bendera,O
000305-002,itu,O
000305-002,diserahkan,O
000305-002,kepada,O
000305-002,Az-Zubair,O
000306-001,Setelah,O
000306-001,Rasulullah,B_PERSON
000306-001,melewati,O
000306-001,Abu,B_PERSON
000306-001,Sufyan,I_PERSON
000306-001,",",O
000306-001,Al-Abbas,B_PERSON
000306-001,berkata,O
000306-001,kepadanya,O
000306-001,",",O
000306-001,"""",O
000306-001,Segeralah,O
000306-001,temui,O
000306-001,kaummu,O
000306-001,"!""",O
000306-001,Maka,O
000306-001,Abu,B_PERSON
000306-001,Sufyan,I_PERSON
000306-001,segera,O
000306-001,masuk,O
000306-001,Makkah,B_LOCATION
000306-001,dan,O
000306-001,berteriak,O
000306-001,dengan,O
000306-001,suara,O
000306-001,lantang,O
000306-001,",",O
000306-001,"""",O
000306-001,Wahai,O
000306-001,semua,O
000306-001,orang,O
000306-001,Quraisy,O
000306-001,",",O
000306-001,itu,O
000306-001,Muhammad,B_PERSON
000306-001,telah,O
000306-001,mendatangi,O
000306-001,kalian,O
000306-001,.,O
000306-001,yang,O
000306-001,tak,O
000306-001,kan,O
000306-001,sanggup,O
000306-001,kalian,O
000306-001,hadang,O
000306-001,.,O
000306-001,Barangsiapa,O
000306-001,masuk,O
000306-001,ke,O
000306-001,rumah,O
000306-001,Abu,B_PERSON
000306-001,Sufyan,I_PERSON
000306-001,",",O
000306-001,maka,O
000306-001,dia,O
000306-001,akan,O
000306-001,aman,O
000306-001,".""",O
000306-001,Istrinya,O
000306-001,",",O
000306-001,Hindun,B_PERSON
000306-001,binti,I_PERSON
000306-001,Uthbah,I_PERSON
000306-001,",",O
000306-001,menemuinya,O
000306-001,",",O
000306-001,memegangi,O
000306-001,kumisnya,O
000306-001,",",O
000306-001,lalu,O
000306-001,berkata,O
000306-001,",",O
000306-001,"""",O
000306-001,Bunuhlah,O
000306-001,orang,O
000306-001,yang,O
000306-001,gendut,O
000306-001,dan,O
000306-001,gembrot,O
000306-001,.,O
000306-001,Sungguh,O
000306-001,amat,O
000306-001,buruk,O
000306-001,orang,O
000306-001,yang,O
000306-001,lebih,O
000306-001,dulu,O
000306-001,datang,O
000306-001,ke,O
000306-001,sini,O
000306-001,".""",O
000306-001,Abu,B_PERSON
000306-001,Sufyan,I_PERSON
000306-001,menjawab,O
000306-001,",",O
000306-001,"""",O
000306-001,Jangan,O
000306-001,kalian,O
000306-001,terpedaya,O
000306-001,dengan,O
000306-001,ucapan,O
000306-001,semacam,O
000306-001,ini,O
000306-001,.,O
000306-001,Sesungguhnya,O
000306-001,dia,O
000306-001,telah,O
000306-001,datang,O
000306-001,dengan,O
000306-001,kekuatan,O
000306-001,yang,O
000306-001,tak,O
000306-001,kan,O
000306-001,mungkin,O
000306-001,sanggup,O
000306-001,kalian,O
000306-001,lawan,O
000306-001,.,O
000306-001,Barangsiapa,O
000306-001,yang,O
000306-001,masuk,O
000306-001,ke,O
000306-001,rumah,O
000306-001,Abu,B_PERSON
000306-001,Sufyan,I_PERSON
000306-001,",",O
000306-001,maka,O
000306-001,dia,O
000306-001,akan,O
000306-001,aman,O
000306-001,".""",O
000306-001,Mereka,O
000306-001,menyahut,O
000306-001,",",O
000306-001,"""",O
000306-001,Semoga,O
000306-001,Allah,O
000306-001,memusuhimu,O
000306-001,.,O
000306-001,Apa,O
000306-001,yang,O
000306-001,berguna,O
000306-001,bagi,O
000306-001,kami,O
000306-001,dari,O
000306-001,rumah,O
000306-001,itu,O
000306-001,"?""",O
000306-001,Abu,B_PERSON
000306-001,Sufyan,I_PERSON
000306-001,berteriak,O
000306-001,lagi,O
000306-001,",",O
000306-001,"""",O
000306-001,Barangsiapa,O
000306-001,menutup,O
000306-001,pintunya,O
000306-001,",",O
000306-001,maka,O
000306-001,dia,O
000306-001,aman,O
000306-001,.,O
000306-001,Barangsiapa,O
000306-001,masuk,O
000306-001,masjid,O
000306-001,",",O
000306-001,maka,O
000306-001,dia,O
000306-001,aman,O
000306-001,".""",O
000306-001,Orang-orang,O
000306-001,berpencar,O
000306-001,ke,O
000306-001,rumah,O
000306-001,masing-masing,O
000306-001,dan,O
000306-001,ada,O
000306-001,pula,O
000306-001,yang,O
000306-001,masuk,O
000306-001,masjid,O
000306-001,.,O
000306-001,Mereka,O
000306-001,berpencar,O
000306-001,dengan,O
000306-001,sikap,O
000306-001,terburu-buru,O
000306-001,.,O
000306-001,Di,O
000306-001,antara,O
000306-001,mereka,O
000306-001,ada,O
000306-001,pula,O
000306-001,yang,O
000306-001,berkata,O
000306-001,",",O
000306-001,"""",O
000306-001,Kita,O
000306-001,hadapi,O
000306-001,mereka,O
000306-001,.,O
000306-001,Jika,O
000306-001,Quraisy,O
000306-001,masih,O
000306-001,mempunyai,O
000306-001,sesuatu,O
000306-001,yang,O
000306-001,bisa,O
000306-001,diandalkan,O
000306-001,",",O
000306-001,kita,O
000306-001,bergabung,O
000306-001,bersama,O
000306-001,mereka,O
000306-001,.,O
000306-001,Jika,O
000306-001,kita,O
000306-001,kalah,O
000306-001,",",O
000306-001,maka,O
000306-001,kita,O
000306-001,berikan,O
000306-001,apa,O
000306-001,yang,O
000306-001,diminta,O
000306-001,dari,O
000306-001,kita,O
000306-001,".""",O
000306-001,Lalu,O
000306-001,beberapa,O
000306-001,orang,O
000306-001,Quraisy,O
000306-001,yang,O
000306-001,bodoh,O
000306-001,dan,O
000306-001,tidak,O
000306-001,berpikir,O
000306-001,secara,O
000306-001,bijaksana,O
000306-001,berhimpun,O
000306-001,bersama,O
000306-001,Ikrimah,B_PERSON
000306-001,bin,I_PERSON
000306-001,Abu,B_PERSON
000306-001,Jahl,I_PERSON
000306-001,",",O
000306-001,Shafwan,B_PERSON
000306-001,bin,I_PERSON
000306-001,Umayyah,I_PERSON
000306-001,",",O
000306-001,dan,O
000306-001,Suhail,I_PERSON
000306-001,bin,I_PERSON
000306-001,Amr,I_PERSON
000306-001,Khandamah,O
000306-001,",",O
000306-001,dengan,O
000306-001,maksud,O
000306-001,untuk,O
000306-001,memerangi,O
000306-001,orang-orang,O
000306-001,Muslim,O
000306-001,.,O
000306-002,Jika,O
000306-002,kita,O
000306-002,kalah,O
000306-002,",",O
000306-002,maka,O
000306-002,kita,O
000306-002,berikan,O
000306-002,apa,O
000306-002,yang,O
000306-002,diminta,O
000306-002,dari,O
000306-002,kita,O
000306-002,".""",O
000306-002,Lalu,O
000306-002,beberapa,O
000306-002,orang,O
000306-002,Quraisy,O
000306-002,yang,O
000306-002,bodoh,O
000306-002,dan,O
000306-002,tidak,O
000306-002,berpikir,O
000306-002,secara,O
000306-002,bijaksana,O
000306-002,berhimpun,O
000306-002,bersama,O
000306-002,Ikrimah,B_PERSON
000306-002,bin,I_PERSON
000306-002,Abu,I_PERSON
000306-002,Jahl,I_PERSON
000306-002,",",O
000306-002,Shafwan,B_PERSON
000306-002,bin,I_PERSON
000306-002,Umayyah,I_PERSON
000306-002,",",O
000306-002,dan,O
000306-002,Suhail,B_PERSON
000306-002,bin,I_PERSON
000306-002,Amr,I_PERSON
000306-002,Khandamah,O
000306-002,",",O
000306-002,dengan,O
000306-002,maksud,O
000306-002,untuk,O
000306-002,memerangi,O
000306-002,orang-orang,O
000306-002,Muslim,O
000306-002,.,O
000306-002,Di,O
000306-002,antara,O
000306-002,mereka,O
000306-002,juga,O
000306-002,ada,O
000306-002,seseorang,O
000306-002,dari,O
000306-002,Bani,O
000306-002,Bakr,O
000306-002,yang,O
000306-002,bernama,O
000306-002,Hammas,B_PERSON
000306-002,bin,I_PERSON
000306-002,Qais,I_PERSON
000306-002,",",O
000306-002,yang,O
000306-002,bertugas,O
000306-002,mempersiapkan,O
000306-002,senjata,O
000306-002,untuk,O
000306-002,tujuan,O
000306-002,ini,O
000306-002,.,O
000306-002,"""",O
000306-002,Mengapa,O
000306-002,engkau,O
000306-002,mempersiapkan,O
000306-002,senjata-senjata,O
000306-002,ini,O
000306-002,"?""",O
000306-002,istrinya,O
000306-002,bertanya,O
000306-002,"""",O
000306-002,Untuk,O
000306-002,menghadapi,O
000306-002,Muhammad,B_PERSON
000306-002,dan,O
000306-002,rekan-rekannya,O
000306-002,"?""",O
000306-002,jawab,O
000306-002,Hammas,O
000306-002,.,O
000306-002,Demi,O
000306-002,Allah,O
000306-002,",",O
000306-002,tidak,O
000306-002,ada,O
000306-002,sesuatu,O
000306-002,pun,O
000306-002,yang,O
000306-002,mampu,O
000306-002,menghadapi,O
000306-002,Muhammad,B_PERSON
000306-002,dan,O
000306-002,rekan-rekannya,O
000306-002,",""",O
000306-002,kata,O
000306-002,istrinya,O
000306-002,"""",O
000306-002,Demi,O
000306-002,Allah,O
000306-002,",",O
000306-002,aku,O
000306-002,benar-benar,O
000306-002,berharap,O
000306-002,sebagian,O
000306-002,di,O
000306-002,antara,O
000306-002,mereka,O
000306-002,akan,O
000306-002,menjadikan,O
000306-002,dirimu,O
000306-002,sebagai,O
000306-002,pembantu,O
000306-002,",""",O
000306-002,jawabnya,O
000306-002,lalu,O
000306-002,dia,O
000306-002,melantunkan,O
000306-002,syair,O
000306-002,",",O
000306-002,"""",O
000306-002,Apabila,O
000306-002,mereka,O
000306-002,datang,O
000306-002,hari,O
000306-002,ini,O
000306-002,aku,O
000306-002,tidak,O
000306-002,memiliki,O
000306-002,satu,O
000306-002,alasan,O
000306-002,lagi,O
000306-002,inilah,O
000306-002,senjata,O
000306-002,yang,O
000306-002,komplit,O
000306-002,pedang,O
000306-002,bergagang,O
000306-002,panjang,O
000306-002,pedang,O
000306-002,bermata,O
000306-002,dua,O
000306-002,mengkilat,O
000306-002,dan,O
000306-002,amat,O
000306-002,tajam,O
000306-002,.,O
000306-002,"""",O
000313-001,Pada,O
000313-001,hari,O
000313-001,itu,O
000313-001,pula,O
000313-001,Rasulullah,B_PERSON
000313-001,masuk,O
000313-001,ke,O
000313-001,dalam,O
000313-001,rumah,O
000313-001,Ummu,B_PERSON
000313-001,Hani,I_PERSON
000313-001,binti,I_PERSON
000313-001,Abu,I_PERSON
000313-001,Thalib,I_PERSON
000313-001,",",O
000313-001,lalu,O
000313-001,mandi,O
000313-001,dan,O
000313-001,shalat,O
000313-001,delapan,O
000313-001,rakaat,O
000313-001,di,O
000313-001,rumahnya,O
000313-001,.,O
000313-001,Saat,O
000313-001,itu,O
000313-001,adalah,O
000313-001,waktu,O
000313-001,dhuha,O
000313-001,.,O
000313-001,Banyak,O
000313-001,orang,O
000313-001,yang,O
000313-001,menduga,O
000313-001,itu,O
000313-001,adalah,O
000313-001,shalat,O
000313-001,dhuha,O
000313-001,.,O
000313-001,Padahal,O
000313-001,itu,O
000313-001,adalah,O
000313-001,shalat,O
000313-001,Saat,O
000313-001,itu,O
000313-001,Ummu,B_PERSON
000313-001,Hani,I_PERSON
000313-001,memberi,O
000313-001,perlindungan,O
000313-001,kepada,O
000313-001,dua,O
000313-001,orang,O
000313-001,musyrik,O
000313-001,dari,O
000313-001,keluarga,O
000313-001,besannya,O
000313-001,.,O
000313-001,Setelah,O
000313-001,mengetahui,O
000313-001,dua,O
000313-001,orang,O
000313-001,musyrik,O
000313-001,itu,O
000313-001,",",O
000313-001,Ali,B_PERSON
000313-001,bin,I_PERSON
000313-001,Abu,I_PERSON
000313-001,Thalib,I_PERSON
000313-001,",",O
000313-001,saudaranya,O
000313-001,",",O
000313-001,hendak,O
000313-001,membunuh,O
000313-001,mereka,O
000313-001,berdua,O
000313-001,.,O
000313-001,Ummu,B_PERSON
000313-001,Hani,I_PERSON
000313-001,cepat-cepat,O
000313-001,menutup,O
000313-001,pintu,O
000313-001,rumahnya,O
000313-001,untuk,O
000313-001,melindungi,O
000313-001,mereka,O
000313-001,berdua,O
000313-001,.,O
000313-001,Lalu,O
000313-001,Ummu,B_PERSON
000313-001,Hani,I_PERSON
000313-001,menceritakan,O
000313-001,perlindungan,O
000313-001,y,O
000313-001,ang,O
000313-001,dia,O
000313-001,berikan,O
000313-001,kepada,O
000313-001,dua,O
000313-001,orang,O
000313-001,musyrik,O
000313-001,itu,O
000313-001,dan,O
000313-001,kehendak,O
000313-001,Ali,B_PERSON
000313-001,untuk,O
000313-001,membunuh,O
000313-001,mereka,O
000313-001,.,O
000313-001,Beliau,O
000313-001,bersabda,O
000313-001,",",O
000313-001,"""",O
000313-001,Kami,O
000313-001,melindungi,O
000313-001,siapa,O
000313-001,pun,O
000313-001,yang,O
000313-001,engkau,O
000313-001,lindungi,O
000313-001,",",O
000313-001,wahai,O
000313-001,Ummu,B_PERSON
000313-001,Hani,B_PERSON
000313-001,".""",O
000315-001,Shafwan,O
000315-001,termasuk,O
000315-001,orang,O
000315-001,yang,O
000315-001,tidak,O
000315-001,dijatuhi,O
000315-001,hukuman,O
000315-001,mati,O
000315-001,.,O
000315-001,Tetapi,O
000315-001,sebagai,O
000315-001,pemimpin,O
000315-001,Quraisy,O
000315-001,yang,O
000315-001,besar,O
000315-001,",",O
000315-001,dia,O
000315-001,merasa,O
000315-001,takut,O
000315-001,terhadap,O
000315-001,keselamatan,O
000315-001,dirinya,O
000315-001,.,O
000315-001,Karena,O
000315-001,itu,O
000315-001,dia,O
000315-001,melarikan,O
000315-001,diri,O
000315-001,.,O
000315-001,Umair,B_PERSON
000315-001,bin,I_PERSON
000315-001,Al-Wahb,I_PERSON
000315-001,Al-Jumahi,O
000315-001,memintakan,O
000315-001,perlindungan,O
000315-001,bagi,O
000315-001,dirinya,O
000315-001,kepada,O
000315-001,Rasulullah,B_PERSON
000315-001,",",O
000315-001,dan,O
000315-001,beliau,O
000315-001,memberikannya,O
000315-001,Bahkan,O
000315-001,beliau,O
000315-001,memberinya,O
000315-001,kain,O
000315-001,kerudung,O
000315-001,kepala,O
000315-001,yang,O
000315-001,beliau,O
000315-001,pakai,O
000315-001,saat,O
000315-001,memasuki,O
000315-001,Makkah,B_LOCATION
000315-001,.,O
000315-001,Umair,O
000315-001,segera,O
000315-001,menyusul,O
000315-001,Shafwan,O
000315-001,yang,O
000315-001,saat,O
000315-001,itu,O
000315-001,sudah,O
000315-001,bersiap-siap,O
000315-001,naik,O
000315-001,perahu,O
000315-001,dari,O
000315-001,Jiddah,O
000315-001,dengan,O
000315-001,tujuan,O
000315-001,Yaman,B_LOCATION
000315-001,.,O
000315-001,"""",O
000315-001,Beri,O
000315-001,aku,O
000315-001,kesempatan,O
000315-001,dua,O
000315-001,bulan,O
000315-001,untuk,O
000315-001,mengambil,O
000315-001,keputusan,O
000315-001,",""",O
000315-001,kata,O
000315-001,Shafwan,O
000315-001,.,O
000315-001,"""",O
000315-001,Bahkan,O
000315-001,engkau,O
000315-001,diberi,O
000315-001,kesempatan,O
000315-001,selama,O
000315-001,empat,O
000315-001,bulan,O
000315-001,",""",O
000315-001,kata,O
000315-001,Umair,O
000315-001,.,O
000315-001,Kemudian,O
000315-001,Shafwan,O
000315-001,masuk,O
000315-001,Islam,O
000315-001,.,O
000315-001,Sedangkan,O
000315-001,istrinya,O
000315-001,sudah,O
000315-001,masuk,O
000315-001,Islam,O
000315-001,lebih,O
000315-001,dahulu,O
000315-001,.,O
000315-001,Beliau,O
000315-001,mengesahkan,O
000315-001,keduanya,O
000315-001,berdasarkan,O
000315-001,pernikahan,O
000315-001,yang,O
000315-001,pertama,O
000315-001,.,O
000315-001,Sementara,O
000315-001,Fadhalah,O
000315-001,adalah,O
000315-001,orang,O
000315-001,yang,O
000315-001,pemberani,O
000315-001,.,O
000315-001,Dia,O
000315-001,langsung,O
000315-001,menemui,O
000315-001,Rasulullah,B_PERSON
000315-001,dan,O
000315-001,secara,O
000315-001,diam-diam,O
000315-001,hendak,O
000315-001,membunuh,O
000315-001,beliau,O
000315-001,yang,O
000315-001,sedang,O
000315-001,thawaf,O
000315-001,.,O
000315-001,Setelah,O
000315-001,saling,O
000315-001,berhadapan,O
000315-001,",",O
000315-001,beliau,O
000315-001,mengetahui,O
000315-001,apa,O
000315-001,yang,O
000315-001,terbetik,O
000315-001,dalam,O
000315-001,hatinya,O
000315-001,dan,O
000315-001,beliau,O
000315-001,justru,O
000315-001,mengungkapkan,O
000315-001,hal,O
000315-001,ini,O
000315-001,kepadanya,O
000315-001,.,O
000315-001,Maka,O
000315-001,seketika,O
000315-001,itu,O
000315-001,pula,O
000315-001,Fadhalah,I_PERSON
000315-001,masuk,O
000315-001,Islam,O
000315-001,.,O
000316-001,Pada,O
000316-001,hari,O
000316-001,kedua,O
000316-001,setelah,O
000316-001,penaklukan,O
000316-001,",",O
000316-001,Rasulullah,B_PERSON
000316-001,berdiri,O
000316-001,di,O
000316-001,hadapan,O
000316-001,orang-orang,O
000316-001,untuk,O
000316-001,menyampaikan,O
000316-001,pidato,O
000316-001,.,O
000316-001,Beliau,O
000316-001,menyampaikan,O
000316-001,pujian,O
000316-001,kepada,O
000316-001,Allah,O
000316-001,dan,O
000316-001,mengagungkan-Nya,O
000316-001,",",O
000316-001,kemudian,O
000316-001,bersabda,O
000316-001,",",O
000316-001,"""",O
000316-001,Wahai,O
000316-001,sekalian,O
000316-001,manusia,O
000316-001,",",O
000316-001,sesungguhnya,O
000316-001,Allah,O
000316-001,telah,O
000316-001,menyucikan,O
000316-001,Makkah,B_LOCATION
000316-001,pada,O
000316-001,saat,O
000316-001,dia,O
000316-001,menciptakan,O
000316-001,langit,O
000316-001,dan,O
000316-001,bumi,O
000316-001,.,O
000316-001,Makkah,B_LOCATION
000316-001,adalah,O
000316-001,tempat,O
000316-001,yang,O
000316-001,suci,O
000316-001,dengan,O
000316-001,kesucian,O
000316-001,Allah,O
000316-001,hingga,O
000316-001,Hari,O
000316-001,Kiamat,O
000316-001,.,O
000316-001,Tidak,O
000316-001,diperkenankan,O
000316-001,seseorang,O
000316-001,yang,O
000316-001,beriman,O
000316-001,kepada,O
000316-001,Allah,O
000316-001,dan,O
000316-001,hari,O
000316-001,akhirat,O
000316-001,untuk,O
000316-001,menumpahkan,O
000316-001,darah,O
000316-001,di,O
000316-001,dalamnya,O
000316-001,atau,O
000316-001,menebang,O
000316-001,pohon,O
000316-001,.,O
000316-001,Apabila,O
000316-001,ada,O
000316-001,seseorang,O
000316-001,yang,O
000316-001,menganggap,O
000316-001,bahwa,O
000316-001,ada,O
000316-001,keringanan,O
000316-001,bagi,O
000316-001,Rasulullah,B_PERSON
000316-001,untuk,O
000316-001,berperang,O
000316-001,",",O
000316-001,maka,O
000316-001,katakanlah,O
000316-001,",",O
000316-001,"""",O
000316-001,Sesungguhnya,O
000316-001,Allah,O
000316-001,telah,O
000316-001,mengizinkan,O
000316-001,hal,O
000316-001,itu,O
000316-001,bagi,O
000316-001,Rasul-Nya,O
000316-001,dan,O
000316-001,tidak,O
000316-001,mengizinkan,O
000316-001,bagi,O
000316-001,kalian,O
000316-001,".""",O
000316-001,Kesuciannya,O
000316-001,telah,O
000316-001,kembali,O
000316-001,pada,O
000316-001,hari,O
000316-001,ini,O
000316-001,seperti,O
000316-001,kesuciannya,O
000316-001,yang,O
000316-001,terdahulu,O
000316-001,.,O
000316-001,Hendaklah,I_TIME
000316-001,yang,O
000316-001,hadir,O
000316-001,di,O
000316-001,sini,O
000316-001,menyampaikan,O
000316-001,hal,O
000316-001,ini,O
000316-001,kepada,O
000316-001,siapa,O
000316-001,pun,O
000316-001,yang,O
000316-001,tidak,O
000316-001,hadir,O
000316-001,".""",O
000316-001,Dalam,O
000316-001,suatu,O
000316-001,riwayat,O
000316-001,disebutkan,O
000316-001,",",O
000316-001,"""",O
000316-001,Tidak,O
000316-001,boleh,O
000316-001,menebang,O
000316-001,tumbuhannya,O
000316-001,",",O
000316-001,tidak,O
000316-001,boleh,O
000316-001,membawa,O
000316-001,pergi,O
000316-001,hasil,O
000316-001,buruannya,O
000316-001,",",O
000316-001,tidak,O
000316-001,memungut,O
000316-001,barang,O
000316-001,yang,O
000316-001,jatuh,O
000316-001,kecuali,O
000316-001,untuk,O
000316-001,mengumumkannya,O
000316-001,",",O
000316-001,dan,O
000316-001,tidak,O
000316-001,boleh,O
000316-001,memotong,O
000316-001,rumputnya.',O
000316-001,Al-Abbas,O
000316-001,berkata,O
000316-001,",",O
000316-001,"""",O
000316-001,Wahai,O
000316-001,Rasulullah,B_PERSON
000316-001,",",O
000316-001,kecuali,O
000316-001,pohon,O
000316-001,idzkhir,O
000316-001,",",O
000316-001,karena,O
000316-001,pohon,O
000316-001,itu,O
000316-001,digunakan,O
000316-001,sebagai,O
000316-001,tiang,O
000316-001,dan,O
000316-001,bahan,O
000316-001,rumah,O
000316-001,mereka,O
000316-001,".""",O
000316-001,Beliau,O
000316-001,menjawab,O
000316-001,",",O
000316-001,"""",O
000316-001,Kecuali,O
000316-001,pohon,O
000316-001,idzkhir,O
000316-001,".""",O
000316-001,Pada,O
000316-001,waktu,O
000316-001,itu,O
000316-001,Khuza'ah,O
000316-001,membunuh,O
000316-001,seorang,O
000316-001,laki-laki,O
000316-001,dari,O
000316-001,Bani,O
000316-001,Laits,O
000316-001,.,O
000316-001,sebagai,O
000316-001,pembalasan,O
000316-001,dari,O
000316-001,masa,O
000316-001,jahiliyah,O
000316-001,dahulu,O
000316-001,.,O
000316-001,Tentang,O
000316-001,hal,O
000316-001,ini,O
000316-001,Rasulullah,B_PERSON
000316-001,bersabda,O
000316-001,",",O
000316-001,Wahai,O
000316-001,Bani,O
000316-001,Khuza',O
000316-001,ah,O
000316-001,",",O
000316-001,bebaskanlah,O
000316-001,tangan,O
000316-001,kalian,O
000316-001,dari,O
000316-001,pembunuhan,O
000316-001,.,O
000316-002,Tentang,O
000316-002,hal,O
000316-002,ini,O
000316-002,Rasulullah,B_PERSON
000316-002,bersabda,O
000316-002,",",O
000316-002,Wahai,O
000316-002,Bani,O
000316-002,Khuza',O
000316-002,ah,O
000316-002,",",O
000316-002,bebaskanlah,O
000316-002,tangan,O
000316-002,kalian,O
000316-002,dari,O
000316-002,pembunuhan,O
000316-002,.,O
000316-002,karena,O
000316-002,sudah,O
000316-002,cukup,O
000316-002,banyak,O
000316-002,korban,O
000316-002,sekalipun,O
000316-002,itu,O
000316-002,mungkin,O
000316-002,ada,O
000316-002,manfaatnya,O
000316-002,.,O
000316-002,Kalian,O
000316-002,sudah,O
000316-002,membunuh,O
000316-002,seorang,O
000316-002,korban,O
000316-002,dan,O
000316-002,aku,O
000316-002,akan,O
000316-002,membayar,O
000316-002,tebusannya,O
000316-002,Siapa,O
000316-002,yang,O
000316-002,membunuh,O
000316-002,setelah,O
000316-002,aku,O
000316-002,beranjak,O
000316-002,dari,O
000316-002,tempat,O
000316-002,ini,O
000316-002,",",O
000316-002,maka,O
000316-002,keluarga,O
000316-002,korban,O
000316-002,dapat,O
000316-002,memilih,O
000316-002,salah,O
000316-002,satu,O
000316-002,dari,O
000316-002,dua,O
000316-002,kebaikan,O
000316-002,.,O
000316-002,Jika,O
000316-002,mereka,O
000316-002,menghendaki,O
000316-002,dapat,O
000316-002,memilih,O
000316-002,darah,O
000316-002,pembunuhnya,O
000316-002,",",O
000316-002,dan,O
000316-002,jika,O
000316-002,menghendaki,O
000316-002,mereka,O
000316-002,dapat,O
000316-002,memilih,O
000316-002,tebusannya,O
000316-002,".""",O
000316-002,Dalam,O
000316-002,suatu,O
000316-002,riwayat,O
000316-002,disebutkan,O
000316-002,",",O
000316-002,Lalu,O
000316-002,ada,O
000316-002,seorang,O
000316-002,laki-laki,O
000316-002,dari,O
000316-002,penduduk,O
000316-002,Yaman,B_LOCATION
000316-002,yang,O
000316-002,bernama,O
000316-002,Abu,B_PERSON
000316-002,Syah,I_PERSON
000316-002,yang,O
000316-002,berdiri,O
000316-002,sambil,O
000316-002,berkata,O
000316-002,",",O
000316-002,Tuliskanlah,O
000316-002,bagiku,O
000316-002,hal,O
000316-002,itu,O
000316-002,wahai,O
000316-002,Rasulullah.',B_PERSON
000316-002,Maka,O
000316-002,beliau,O
000316-002,menuliskan,O
000316-002,isi,O
000316-002,pidato,O
000316-002,beliau,O
000316-002,ini,O
000316-002,bagi,O
000316-002,Abu,B_PERSON
000316-002,Syah,O
000316-002,".""",O
000318-001,Ketika,O
000318-001,Allah,O
000318-001,menaklukkan,O
000318-001,Makkah,B_LOCATION
000318-001,bagi,O
000318-001,Rasulullah,B_PERSON
000318-001,dan,O
000318-001,orang-orang,O
000318-001,Muslim,O
000318-001,",",O
000318-001,maka,O
000318-001,penduduk,O
000318-001,Makkah,B_LOCATION
000318-001,sudah,O
000318-001,bisa,O
000318-001,membuka,O
000318-001,matanya,O
000318-001,",",O
000318-001,melihat,O
000318-001,suatu,O
000318-001,kebenaran,O
000318-001,.,O
000318-001,Mereka,O
000318-001,menyadari,O
000318-001,bahwa,O
000318-001,tidak,O
000318-001,ada,O
000318-001,jalan,O
000318-001,keselamatan,O
000318-001,kecuali,O
000318-001,Islam,O
000318-001,Mereka,O
000318-001,pun,O
000318-001,menyatakan,O
000318-001,masuk,O
000318-001,Islam,O
000318-001,dan,O
000318-001,berkumpul,O
000318-001,untuk,O
000318-001,sumpah,O
000318-001,setia,O
000318-001,Rasulullah,B_PERSON
000318-001,duduk,O
000318-001,di,O
000318-001,Shafa,B_LOCATION
000318-001,untuk,O
000318-001,membaiat,O
000318-001,mereka,O
000318-001,.,O
000318-001,Sementara,O
000318-001,Umar,B_PERSON
000318-001,bin,I_PERSON
000318-001,Al-Khaththab,I_PERSON
000318-001,berada,O
000318-001,di,O
000318-001,bawah,O
000318-001,beliau,O
000318-001,",",O
000318-001,memegang,O
000318-001,tangan,O
000318-001,orang,O
000318-001,yang,O
000318-001,dibaiat,O
000318-001,.,O
000318-001,Mereka,O
000318-001,menyatakan,O
000318-001,sumpah,O
000318-001,setia,O
000318-001,kepada,O
000318-001,beliau,O
000318-001,untuk,O
000318-001,taat,O
000318-001,dan,O
000318-001,tunduk,O
000318-001,menurut,O
000318-001,kesanggupan,O
000318-001,.,O
000318-001,Di,O
000318-001,dalam,O
000318-001,Al-Madarik,O
000318-001,diriwayatkan,O
000318-001,",",O
000318-001,bahwa,O
000318-001,setelah,O
000318-001,Nabi,O
000318-001,selesai,O
000318-001,membaiat,O
000318-001,kaum,O
000318-001,laki-laki,O
000318-001,",",O
000318-001,beliau,O
000318-001,juga,O
000318-001,membaiat,O
000318-001,kaum,O
000318-001,wanita,O
000318-001,.,O
000318-001,Saat,O
000318-001,itu,O
000318-001,beliau,O
000318-001,ada,O
000318-001,di,O
000318-001,Shafa,B_LOCATION
000318-001,dan,O
000318-001,Umar,B_PERSON
000318-001,berada,O
000318-001,di,O
000318-001,bawah,O
000318-001,beliau,O
000318-001,.,O
000318-001,Beliau,O
000318-001,membaiat,O
000318-001,para,O
000318-001,wanita,O
000318-001,itu,O
000318-001,untuk,O
000318-001,tunduk,O
000318-001,kepada,O
000318-001,perintah,O
000318-001,beliau,O
000318-001,dan,O
000318-001,menyampaikan,O
000318-001,apa,O
000318-001,pun,O
000318-001,yang,O
000318-001,berasal,O
000318-001,dari,O
000318-001,beliau,O
000318-001,.,O
000318-001,Lalu,O
000318-001,muncul,O
000318-001,Hindun,B_PERSON
000318-001,binti,I_PERSON
000318-001,Uthbah,I_PERSON
000318-001,",",O
000318-001,istri,O
000318-001,Abu,B_PERSON
000318-001,Sufyan,I_PERSON
000318-001,.,O
000318-001,Dia,O
000318-001,datang,O
000318-001,dengan,O
000318-001,cara,O
000318-001,sembunyi-sembunyi,O
000318-001,",",O
000318-001,takut,O
000318-001,kalau-kalau,O
000318-001,beliau,O
000318-001,memergokinya,O
000318-001,karena,O
000318-001,apa,O
000318-001,yang,O
000318-001,dahulu,O
000318-001,pernah,O
000318-001,diperbuatnya,O
000318-001,terhadap,O
000318-001,jasad,O
000318-001,Hamzah,B_PERSON
000318-001,.,O
000318-001,Rasulullah,B_PERSON
000318-001,bersabda,O
000318-001,",",O
000318-001,"""",O
000318-001,Aku,O
000318-001,membaiat,O
000318-001,kalian,O
000318-001,",",O
000318-001,untuk,O
000318-001,tidak,O
000318-001,menyekutukan,O
000318-001,sesuatu,O
000318-001,pun,O
000318-001,dengan,O
000318-001,Allah,O
000318-001,".""""",O
000318-001,Lalu,O
000318-001,Umar,B_PERSON
000318-001,bin,I_PERSON
000318-001,Al-Khaththab,I_PERSON
000318-001,membaiat,O
000318-001,mereka,O
000318-001,untuk,O
000318-001,tidak,O
000318-001,menyekutukan,O
000318-001,sesuatu,O
000318-001,pun,O
000318-001,dengan,O
000318-001,Allah,O
000318-001,.,O
000319-001,Rasulullah,B_PERSON
000319-001,di,O
000319-001,Makkah,B_LOCATION
000319-001,selama,O
000319-001,19,O
000319-001,hari,O
000319-001,.,O
000319-001,Selama,O
000319-001,itu,O
000319-001,beliau,O
000319-001,memperbarui,O
000319-001,simbol-simbol,O
000319-001,Islam,O
000319-001,dan,O
000319-001,menyampaikan,O
000319-001,petunjuk,O
000319-001,kepada,O
000319-001,orang-orang,O
000319-001,.,O
000319-001,Selama,O
000319-001,itu,O
000319-001,pula,O
000319-001,beliau,O
000319-001,memerintahkan,O
000319-001,Abu,B_PERSON
000319-001,Usaid,I_PERSON
000319-001,Al-Khuza'i,O
000319-001,untuk,O
000319-001,memperbarui,O
000319-001,beberapa,O
000319-001,bagian,O
000319-001,di,O
000319-001,tanah,O
000319-001,suci,O
000319-001,.,O
000319-001,Beliau,O
000319-001,juga,O
000319-001,mengirim,O
000319-001,beberapa,O
000319-001,kelompok,O
000319-001,orang,O
000319-001,untuk,O
000319-001,berdakwah,O
000319-001,kepada,O
000319-001,Islam,O
000319-001,serta,O
000319-001,merobohkan,O
000319-001,semua,O
000319-001,berhala,O
000319-001,di,O
000319-001,sekita,O
000319-001,Makkah,B_LOCATION
000319-001,.,O
000319-001,Ada,O
000319-001,yang,O
000319-001,berseru,O
000319-001,di,O
000319-001,Makkah,B_LOCATION
000319-001,",",O
000319-001,"""",O
000319-001,Siapa,O
000319-001,beriman,O
000319-001,kepada,O
000319-001,Allah,O
000319-001,dan,O
000319-001,hari,O
000319-001,akhirat,O
000319-001,",",O
000319-001,maka,O
000319-001,dia,O
000319-001,tidak,O
000319-001,boleh,O
000319-001,membiarkan,O
000319-001,ada,O
000319-001,berhala,O
000319-001,di,O
000319-001,dalam,O
000319-001,rumahnya,O
000319-001,",",O
000319-001,melainkan,O
000319-001,dia,O
000319-001,harus,O
000319-001,merobohkannya,O
000319-001,sendiri,O
000319-001,".""",O
000320-003,Lalu,O
000320-003,dia,O
000320-003,mendekati,O
000320-003,berhala,O
000320-003,dan,O
000320-003,menghancurkannya,O
000320-003,.,O
000320-003,Rekan-rekannya,O
000320-003,menghancurkan,O
000320-003,tempat,O
000320-003,penyimpanan,O
000320-003,barang,O
000320-003,dan,O
000320-003,tidak,O
000320-003,mendapatkan,O
000320-003,apa-apa,O
000320-003,di,O
000320-003,dalamnya,O
000320-003,.,O
000320-003,4,O
000320-003,Setelah,O
000320-003,pulang,O
000320-003,dari,O
000320-003,misinya,O
000320-003,menghancurkan,O
000320-003,Uzza,O
000320-003,",",O
000320-003,Khalid,B_PERSON
000320-003,bin,I_PERSON
000320-003,Al-Walid,I_PERSON
000320-003,diutus,O
000320-003,Rasulullah,B_PERSON
000320-003,pada,O
000320-003,bulan,B_TIME
000320-003,Sya'ban,I_TIME
000320-003,ke,O
000320-003,Bani,O
000320-003,Jadzimah,O
000320-003,",",O
000320-003,dengan,O
000320-003,tujuan,O
000320-003,untuk,O
000320-003,menyeru,O
000320-003,penduduk,O
000320-003,di,O
000320-003,sana,O
000320-003,kepada,O
000320-003,Islam,O
000320-003,dan,O
000320-003,bukan,O
000320-003,sebagai,O
000320-003,prajurit,O
000320-003,perang,O
000320-003,.,O
000320-003,Dia,O
000320-003,pergi,O
000320-003,ke,O
000320-003,sana,O
000320-003,bersama,O
000320-003,350,O
000320-003,orang,O
000320-003,dari,O
000320-003,Muhajirin,O
000320-003,dan,O
000320-003,Anshar,O
000320-003,serta,O
000320-003,Bani,O
000320-003,Sulaim,O
000320-003,.,O
000320-003,Dia,O
000320-003,tiba,O
000320-003,di,O
000320-003,sana,O
000320-003,dan,O
000320-003,menyeru,O
000320-003,kepada,O
000320-003,Islam,O
000320-003,.,O
000320-003,Mereka,O
000320-003,bukannya,O
000320-003,berkata,O
000320-003,",",O
000320-003,"""",O
000320-003,Kami,O
000320-003,masuk,O
000320-003,Islam,O
000320-003,",",O
000320-003,tetapi,O
000320-003,mereka,O
000320-003,justru,O
000320-003,berkata,O
000320-003,",",O
000320-003,"""",O
000320-003,Kami,O
000320-003,keluar,O
000320-003,dari,O
000320-003,agama,O
000320-003,kami,O
000320-003,".""",O
000320-003,Khalid,B_PERSON
000320-003,menjadi,O
000320-003,berang,O
000320-003,",",O
000320-003,dia,O
000320-003,menyerang,O
000320-003,dan,O
000320-003,menawan,O
000320-003,mereka,O
000320-003,.,O
000320-003,Dia,O
000320-003,menyerahkan,O
000320-003,seorang,O
000320-003,tawanan,O
000320-003,kepada,O
000320-003,setiap,O
000320-003,prajuritnya,O
000320-003,",",O
000320-003,lalu,O
000320-003,selang,O
000320-003,beberapa,O
000320-003,hari,O
000320-003,kemudian,O
000320-003,dia,O
000320-003,memerintahkan,O
000320-003,masing-masing,O
000320-003,prajurit,O
000320-003,untuk,O
000320-003,membunuh,O
000320-003,tawanannya,O
000320-003,.,O
000320-003,Namun,O
000320-003,",",O
000320-003,Ibnu,B_PERSON
000320-003,Umar,B_PERSON
000320-003,dan,O
000320-003,beberapa,O
000320-003,rekannya,O
000320-003,menolak,O
000320-003,perintah,O
000320-003,Khalid,B_PERSON
000320-003,ini,O
000320-003,.,O
000320-003,Ibnu,B_PERSON
000320-003,Umar,B_PERSON
000320-003,dan,O
000320-003,beberapa,O
000320-003,rekannya,O
000320-003,ini,O
000320-003,menemui,O
000320-003,Rasulullah,B_PERSON
000320-003,dan,O
000320-003,menceritakan,O
000320-003,peristiwa,O
000320-003,ini,O
000320-003,.,O
000320-003,Beliau,O
000320-003,mengangkat,O
000320-003,tangan,O
000320-003,ke,O
000320-003,atas,O
000320-003,sambil,O
000320-003,bersabda,O
000320-003,"""",O
000320-003,Ya,O
000320-003,Allah,O
000320-003,",",O
000320-003,aku,O
000320-003,berlepas,O
000320-003,diri,O
000320-003,kepada-Mu,O
000320-003,dari,O
000320-003,apa,O
000320-003,yang,O
000320-003,telah,O
000320-003,dilakukan,O
000320-003,Beliau,O
000320-003,mengucapkan,O
000320-003,hingga,O
000320-003,dua,O
000320-003,Yang,O
000320-003,membunuh,O
000320-003,para,O
000320-003,tawanan,O
000320-003,itu,O
000320-003,adalah,O
000320-003,Bani,O
000320-003,Sulaim,O
000320-003,.,O
000320-003,Sedangkan,O
000320-003,Muhajirin,O
000320-003,dan,O
000320-003,Anshar,O
000320-003,tidak,O
000320-003,melakukannya,O
000320-003,.,O
000320-003,Setelah,O
000320-003,itu,O
000320-003,beliau,O
000320-003,mengutus,O
000320-003,Ali,B_PERSON
000320-003,bin,I_PERSON
000320-003,Abu,B_PERSON
000320-003,Thalib,I_PERSON
000320-003,dan,O
000320-003,menyerahkan,O
000320-003,tebusan,O
000320-003,dari,O
000320-003,korban,O
000320-003,yang,O
000320-003,terbunuh,O
000320-003,dan,O
000320-003,segala,O
000320-003,kerugian,O
000320-003,yang,O
000320-003,mereka,O
000320-003,alami,O
000320-003,.,O
000320-003,Khalid,B_PERSON
000320-003,dan,O
000320-003,Abdurrahman,B_PERSON
000320-003,bin,I_PERSON
000320-003,Auf,I_PERSON
000320-003,terlibat,O
000320-003,dalam,O
000320-003,perdebatan,O
000320-003,yang,O
000320-003,sengit,O
000320-003,pada,O
000320-003,waktu,O
000320-003,itu,O
000320-003,.,O
000320-006,322-351,O
000320-006,.,O
000320-006,Kekuasaan,O
000320-006,yang,O
000320-006,sudah,O
000320-006,terpegang,O
000320-006,di,O
000320-006,tangan,O
000320-006,ini,O
000320-006,benar-benar,O
000320-006,membantu,O
000320-006,untuk,O
000320-006,menguasai,O
000320-006,keadaan,O
000320-006,.,O
000320-006,Tidak,O
000320-006,ada,O
000320-006,pilihan,O
000320-006,bagi,O
000320-006,kaum,O
000320-006,Arab,O
000320-006,kecuali,O
000320-006,mengirim,O
000320-006,utusan,O
000320-006,kepada,O
000320-006,Rasulullah,B_PERSON
000320-006,",",O
000320-006,lalu,O
000320-006,mereka,O
000320-006,menyatakan,O
000320-006,kesediaan,O
000320-006,untuk,O
000320-006,masuk,O
000320-006,Islam,O
000320-006,dan,O
000320-006,menyebarkan,O
000320-006,dakwahnya,O
000320-006,ke,O
000320-006,seluruh,O
000320-006,dunia,O
000320-006,.,O
000320-006,Misi,O
000320-006,dakwah,O
000320-006,ke,O
000320-006,seluruh,O
000320-006,dunia,O
000320-006,ini,O
000320-006,dapat,O
000320-006,ditempuh,O
000320-006,selama,O
000320-006,dua,O
000320-006,tahun,O
000320-006,setelah,O
000320-006,itu,O
000320-006,Tempat,O
000320-006,Shuluh,O
000320-006,Al-Hudaibiyah,O
000326-002,Sesungguhnya,O
000326-002,kalian,O
000326-002,adalah,O
000326-002,orang-orang,O
000326-002,yang,O
000326-002,tidak,O
000326-002,mengetahui,O
000326-002,.,O
000326-002,Itu,O
000326-002,adalah,O
000326-002,jalan-jalan,O
000326-002,kehidupan,O
000326-002,.,O
000326-002,Kalian,O
000326-002,benar-benar,O
000326-002,mengikuti,O
000326-002,jalan,O
000326-002,orang-orang,O
000326-002,sebelum,O
000326-002,kalian,O
000326-002,".""",O
000326-002,Karena,O
000326-002,melihat,O
000326-002,banyaknya,O
000326-002,jumlah,O
000326-002,prajurit,O
000326-002,",",O
000326-002,sebagian,O
000326-002,di,O
000326-002,antara,O
000326-002,mereka,O
000326-002,ada,O
000326-002,yang,O
000326-002,berkata,O
000326-002,",",O
000326-002,"""",O
000326-002,Kali,O
000326-002,ini,O
000326-002,kita,O
000326-002,tidak,O
000326-002,mungkin,O
000326-002,bisa,O
000326-002,dikalahkan,O
000326-002,".""",O
000326-002,Padahal,O
000326-002,justru,O
000326-002,hal,O
000326-002,itu,O
000326-002,mendatangkan,O
000326-002,kesulitan,O
000326-002,tersendiri,O
000326-002,bagi,O
000326-002,Rasulullah,B_PERSON
000326-002,251,O
000326-002,Sekumpulan,O
000326-002,laki-laki,O
000326-002,berpakaian,O
000326-002,putih,O
000326-002,itu,O
000326-002,adalah,O
000326-002,para,O
000326-002,malaikat,O
000326-002,",",O
000326-002,pent,O
000326-002,.,O
000343-001,Begitulah,O
000343-001,informasi,O
000343-001,yang,O
000343-001,masih,O
000343-001,simpang,O
000343-001,siur,O
000343-001,yang,O
000343-001,diterima,O
000343-001,orang-,O
000343-001,orang,O
000343-001,Muslim,O
000343-001,dan,O
000343-001,gambaran,O
000343-001,keadaan,O
000343-001,mereka,O
000343-001,saat,O
000343-001,itu,O
000343-001,",",O
000343-001,hingga,O
000343-001,kemudian,O
000343-001,ada,O
000343-001,serombongan,O
000343-001,orang,O
000343-001,yang,O
000343-001,datang,O
000343-001,dari,O
000343-001,Syam,B_LOCATION
000343-001,ke,O
000343-001,Madinah,B_LOCATION
000343-001,sambil,O
000343-001,membawa,O
000343-001,minyak,O
000343-001,.,O
000343-001,Mereka,O
000343-001,mengabarkan,O
000343-001,bahwa,O
000343-001,Heraklius,B_PERSON
000343-001,sudah,O
000343-001,menyiapkan,O
000343-001,segelar,O
000343-001,pasukan,O
000343-001,yang,O
000343-001,amat,O
000343-001,besar,O
000343-001,",",O
000343-001,berkekuatan,O
000343-001,40.000,O
000343-001,prajurit,O
000343-001,",",O
000343-001,yang,O
000343-001,dipimpin,O
000343-001,salah,O
000343-001,seorang,O
000343-001,pembesar,O
000343-001,Romawi,O
000343-001,.,O
000343-001,Beberapa,O
000343-001,kabilah,O
000343-001,juga,O
000343-001,bergabung,O
000343-001,bersama,O
000343-001,mereka,O
000343-001,seperti,O
000343-001,kabilah,O
000343-001,Lakhm,O
000343-001,",",O
000343-001,Judzam,O
000343-001,",",O
000343-001,dan,O
000343-001,lain-lainnya,O
000343-001,dari,O
000343-001,kabilah-kabilah,O
000343-001,Arab,O
000343-001,yang,O
000343-001,beragama,O
000343-001,Nashrani,O
000343-001,.,O
000343-001,Pasukan,O
000343-001,mereka,O
000343-001,yang,O
000343-001,terdepan,O
000343-001,sudah,O
000343-001,tiba,O
000343-001,di,O
000343-001,Balqa',B_LOCATION
000343-001,.,O
000343-001,Begitulah,O
000343-001,keadaan,O
000343-001,yang,O
000343-001,cukup,O
000343-001,rawan,O
000343-001,",",O
000343-001,yang,O
000343-001,harus,O
000343-001,dihadapi,O
000343-001,orang-orang,O
000343-001,Muslim,O
000343-001,.,O
000343-001,Keadaan,O
000343-001,ini,O
000343-001,semakin,O
000343-001,diperparah,O
000343-001,karena,O
000343-001,saat,O
000343-001,itu,O
000343-001,bertepatan,O
000343-001,dengan,O
000343-001,musim,O
000343-001,kemarau,O
000343-001,yang,O
000343-001,amat,O
000343-001,panas,O
000343-001,dan,O
000343-001,kering,O
000343-001,.,O
000343-001,Orang-orang,O
000343-001,menghadapi,O
000343-001,keadaan,O
000343-001,yang,O
000343-001,lebih,O
000343-001,sulit,O
000343-001,dan,O
000343-001,jarang-jarang,O
000343-001,menampakkan,O
000343-001,diri,O
000343-001,.,O
000343-001,Sementara,O
000343-001,buah-buah,O
000343-001,juga,O
000343-001,mulai,O
000343-001,masak,O
000343-001,",",O
000343-001,sehingga,O
000343-001,mereka,O
000343-001,lebih,O
000343-001,suka,O
000343-001,berada,O
000343-001,di,O
000343-001,kebun,O
000343-001,buah-buahan,O
000343-001,dan,O
000343-001,keteduhan,O
000343-001,pepohonannya,O
000343-001,.,O
000343-001,Jarak,O
000343-001,yang,O
000343-001,harus,O
000343-001,mereka,O
000343-001,tempuh,O
000343-001,jika,O
000343-001,harus,O
000343-001,berperang,O
000343-001,juga,O
000343-001,amat,O
000343-001,jauh,O
000343-001,lagi,O
000343-001,sulit,O
000343-001,.,O
