chunk_id;halaman;entity_text;entity_label;start_char;end_char;confidence
000000-001;34;Rasulullah;PERSON;87;97;0.99
000001-001;34-35;Jazirah Arab;LOCATION;325;337;0.99
000001-001;34-35;Laut Merah;LOCATION;347;357;0.99
000001-001;34-35;Irak;LOCATION;455;459;0.99
000001-001;34-35;Syam;LOCATION;582;586;0.99
000001-001;34-35;Irak;LOCATION;618;622;0.99
000001-001;34-35;Jazirah Arab;LOCATION;771;783;0.99
000001-001;34-35;Jazirah Arab;LOCATION;887;899;0.99
000001-001;34-35;Jazirah Arab;LOCATION;997;1009;0.99
000001-001;34-35;Jazirah Arab;LOCATION;1186;1198;0.99
000001-002;34-35;Jazirah Arab;LOCATION;235;247;0.99
000001-002;34-35;timur tengah;LOCATION;535;547;0.99
000001-002;34-35;India;LOCATION;585;590;0.99
000001-002;34-35;Jazirah Arab;LOCATION;643;655;0.99
000001-002;34-35;Jazirah Arab;LOCATION;791;803;0.99
000002-001;35-42;Ya'rub;PERSON;358;364;0.99
000002-001;35-42;Yasyjub bin Qahthan;PERSON;365;384;0.99
000002-001;35-42;Isma'il;PERSON;493;500;0.99
000002-001;35-42;Yaman;LOCATION;596;601;0.99
000002-001;35-42;Zaid;PERSON;751;755;0.99
000002-001;35-42;Syam;LOCATION;954;958;0.99
000002-002;35-42;Syam;LOCATION;92;96;0.99
000002-002;35-42;Yaman;LOCATION;147;152;0.99
000002-002;35-42;Mesir;LOCATION;435;440;0.99
000002-002;35-42;Syam;LOCATION;445;449;0.99
000002-002;35-42;Imran bin Amru;PERSON;776;790;0.99
000002-002;35-42;Yaman;LOCATION;837;842;0.99
000002-002;35-42;Tsa'labah bin Amru;PERSON;988;1006;0.99
000002-002;35-42;Hijaz;LOCATION;1026;1031;0.99
000002-002;35-42;Madinah;LOCATION;1139;1146;0.99
000002-002;35-42;Haritsah bin Tsa'labah;PERSON;1255;1277;0.99
000002-002;35-42;Haritsah bin Amr;PERSON;1319;1335;0.99
000002-002;35-42;Hijaz;LOCATION;1385;1390;0.99
000002-002;35-42;Makkah;LOCATION;1487;1493;0.99
000002-003;35-42;Haritsah bin Amr;PERSON;40;56;0.99
000002-003;35-42;Hijaz;LOCATION;106;111;0.99
000002-003;35-42;Makkah;LOCATION;208;214;0.99
000002-003;35-42;Imran bin Amr;PERSON;226;239;0.99
000002-003;35-42;Nash bin Al-Uzd;PERSON;370;385;0.99
000002-003;35-42;Tihamah;LOCATION;397;404;0.99
000002-003;35-42;Jafnah bin Amr;PERSON;434;448;0.99
000002-003;35-42;Syam;LOCATION;458;462;0.99
000002-003;35-42;Hijaz;LOCATION;586;591;0.99
000002-003;35-42;Syam;LOCATION;690;694;0.99
000002-003;35-42;Nashr bin Rabi'ah;PERSON;750;767;0.99
000002-003;35-42;Bahrain;LOCATION;1044;1051;0.99
000002-003;35-42;Bahrain;LOCATION;1171;1178;0.99
000002-003;35-42;Najd;LOCATION;1209;1213;0.99
000002-004;35-42;Yaman;LOCATION;190;195;0.99
000002-004;35-42;Ibrahim;PERSON;291;298;0.99
000002-004;35-42;Irak;LOCATION;327;331;0.99
000002-004;35-42;Eufrat;LOCATION;400;406;0.99
000002-004;35-42;Ibrahim;PERSON;542;549;0.99
000002-004;35-42;Ibrahim;PERSON;630;637;0.99
000002-004;35-42;Irak;LOCATION;650;654;0.99
000002-004;35-42;Mesir;LOCATION;852;857;0.99
000002-004;35-42;Mesir;LOCATION;877;882;0.99
000002-004;35-42;Ibrahim;PERSON;1240;1247;0.99
000002-004;35-42;Palestina;LOCATION;1259;1268;0.99
000002-004;35-42;Ibrahim;PERSON;1356;1363;0.99
000002-004;35-42;Isma'il;PERSON;1419;1426;0.99
000002-005;35-42;Ibrahim;PERSON;12;19;0.99
000002-005;35-42;Isma'il;PERSON;75;82;0.99
000002-005;35-42;Hijaz;LOCATION;116;121;0.99
000002-005;35-42;Baitul-Haram;LOCATION;216;228;0.99
000002-005;35-42;Ibrahim;PERSON;319;326;0.99
000002-005;35-42;Zamzam;LOCATION;429;435;0.99
000002-005;35-42;Makkah;LOCATION;449;455;0.99
000002-005;35-42;Isma'il;PERSON;565;572;0.99
000002-005;35-42;Palestina;LOCATION;621;630;0.99
000002-005;35-42;Al-Khadhri;PERSON;738;748;0.99
000002-005;35-42;Muhammad;PERSON;1205;1213;0.99
000002-006;35-42;Zamzam;LOCATION;63;69;0.99
000002-006;35-42;Yaman;LOCATION;281;286;0.99
000002-006;35-42;Isma'il;PERSON;340;347;0.99
000002-006;35-42;Makkah;LOCATION;474;480;0.99
000002-006;35-42;Makkah;LOCATION;543;549;0.99
000002-006;35-42;Isma'il;PERSON;569;576;0.99
000002-006;35-42;Isma'il;PERSON;597;604;0.99
000002-006;35-42;Makkah;LOCATION;647;653;0.99
000002-006;35-42;Ibrahim;PERSON;682;689;0.99
000002-006;35-42;Makkah;LOCATION;700;706;0.99
000002-006;35-42;Ibrahim;PERSON;958;965;0.99
000002-006;35-42;Isma'il;PERSON;1022;1029;0.99
000002-006;35-42;Ibrahim;PERSON;1175;1182;0.99
000002-006;35-42;Ibrahim;PERSON;1284;1291;0.99
000002-007;35-42;Isma'il;PERSON;569;576;0.99
000002-007;35-42;Ibnu Abbas;PERSON;680;690;0.99
000002-007;35-42;Isma'il;PERSON;741;748;0.99
000002-007;35-42;Isma'il;PERSON;911;918;0.99
000002-007;35-42;Ibrahim;PERSON;953;960;0.99
000002-007;35-42;Isma'il;PERSON;1107;1114;0.99
000002-007;35-42;Isma'il;PERSON;1193;1200;0.99
000002-007;35-42;Ibrahim;PERSON;1249;1256;0.99
000002-007;35-42;Isma'il;PERSON;1306;1313;0.99
000002-008;35-42;Isma'il;PERSON;63;70;0.99
000002-008;35-42;Mudhadh bin Amru;PERSON;139;155;0.99
000002-008;35-42;Isma'il;PERSON;204;211;0.99
000002-008;35-42;Ibrahim;PERSON;228;235;0.99
000002-008;35-42;Isma'il;PERSON;281;288;0.99
000002-008;35-42;Isma'il;PERSON;319;326;0.99
000002-008;35-42;Isma'il;PERSON;372;379;0.99
000002-008;35-42;Ibrahim;PERSON;413;420;0.99
000002-008;35-42;Palestina;LOCATION;437;446;0.99
000002-008;35-42;Isma'il;PERSON;484;491;0.99
000002-008;35-42;Isma'il;PERSON;498;505;0.99
000002-008;35-42;Ibrahim;PERSON;576;583;0.99
000002-008;35-42;Isma'il;PERSON;604;611;0.99
000002-008;35-42;Isma'il;PERSON;626;633;0.99
000002-008;35-42;Zamzam;LOCATION;690;696;0.99
000002-008;35-42;Isma;PERSON;733;737;0.99
000002-008;35-42;Ibrahim;PERSON;820;827;0.99
000002-008;35-42;Isma'il;PERSON;1092;1099;0.99
000002-008;35-42;Ka'bah;LOCATION;1206;1212;0.99
000002-008;35-42;Ibrahim;PERSON;1245;1252;0.99
000002-008;35-42;Isma'il;PERSON;1383;1390;0.99
000002-009;35-42;Isma'il;PERSON;41;48;0.99
000002-009;35-42;Makkah;LOCATION;361;367;0.99
000002-009;35-42;Yaman;LOCATION;453;458;0.99
000002-009;35-42;Syam;LOCATION;476;480;0.99
000002-009;35-42;Mesir;LOCATION;485;490;0.99
000002-009;35-42;Hijaz;LOCATION;743;748;0.99
000002-009;35-42;Isma'il;PERSON;1227;1234;0.99
000002-009;35-42;Qaidar bin Isma'il;PERSON;1261;1279;0.99
000002-009;35-42;Makkah;LOCATION;1297;1303;0.99
000002-010;35-42;Ibrahim;PERSON;512;519;0.99
000002-010;35-42;Asad bin Rabi'ah;PERSON;950;966;0.99
000002-010;35-42;Ailan bin Mudhar;PERSON;1201;1217;0.99
000002-010;35-42;Ilyas bin Mudhar;PERSON;1234;1250;0.99
000002-010;35-42;Ilyas bin Mudha;PERSON;1320;1335;0.99
000002-010;35-42;Tamim bin Murrah;PERSON;1340;1356;0.99
000002-010;35-42;Hudzail bin Mudrikah;PERSON;1358;1378;0.99
000002-010;35-42;Asad bin Khuzaimah;PERSON;1385;1403;0.99
000002-010;35-42;Kinanah bin Khuzimah;PERSON;1421;1441;0.99
000002-011;35-42;Ilyas bin Mudha;PERSON;5;20;0.99
000002-011;35-42;Tamim bin Murrah;PERSON;25;41;0.99
000002-011;35-42;Hudzail bin Mudrikah;PERSON;43;63;0.99
000002-011;35-42;Asad bin Khuzaimah;PERSON;70;88;0.99
000002-011;35-42;Kinanah bin Khuzimah;PERSON;106;126;0.99
000002-011;35-42;Fihr bin Malik bin An-Nadhar bin Kinanah;PERSON;175;215;0.99
000002-011;35-42;Quraisy bin Kilab;PERSON;335;352;0.99
000002-011;35-42;Abdud-Dar bin Qushay;PERSON;360;380;0.99
000002-011;35-42;Asad bin Abdul Uzza bin Qushay;PERSON;382;412;0.99
000002-011;35-42;Manaf bin Qushay;PERSON;422;438;0.99
000002-011;35-42;Muhammad bin Abdullah bin Abdul Muththalib bin Hasyim;PERSON;566;619;0.99
000002-011;35-42;Rasulullah;PERSON;621;631;0.99
000002-011;35-42;Isma'il;PERSON;683;690;0.99
000002-011;35-42;Ibrahim;PERSON;701;708;0.99
000002-011;35-42;Al-Abbas bin Abdul Muththalib;PERSON;880;909;0.99
000002-011;35-42;Rasulullah;PERSON;925;935;0.99
000002-011;35-42;Jazirah Arab;LOCATION;1419;1431;0.99
000002-012;35-42;Jazirah Arab;LOCATION;100;112;0.99
000002-012;35-42;Bakr bin Wa'il;PERSON;206;220;0.99
000002-012;35-42;Hanifah bin Sha'b bin Ali bin Bakr;PERSON;297;331;0.99
000002-012;35-42;Bakr bin Wa'il;PERSON;403;417;0.99
000002-012;35-42;Eufrat;LOCATION;512;518;0.99
000002-012;35-42;Madinah;LOCATION;633;640;0.99
000002-012;35-42;Madinah;LOCATION;674;681;0.99
000002-012;35-42;Khaibar;LOCATION;692;699;0.99
000002-012;35-42;Madinah;LOCATION;717;724;0.99
000002-012;35-42;Tha'if;LOCATION;766;772;0.99
000002-012;35-42;Makkah;LOCATION;791;797;0.99
000002-012;35-42;Makkah;LOCATION;806;812;0.99
000002-012;35-42;Tihamah;LOCATION;1081;1088;0.99
000002-012;35-42;Makkah;LOCATION;1129;1135;0.99
000002-012;35-42;Qushay bin Kilab;PERSON;1248;1264;0.99
000003-001;43;jazirah;LOCATION;312;319;0.99
000004-001;43-45;Yaman;LOCATION;31;36;0.99
000004-001;43-45;tahun 650 SM;TIME;346;358;0.99
000004-001;43-45;Yaman;LOCATION;723;728;0.99
000004-001;43-45;tahun 650 SM;TIME;857;869;0.99
000004-001;43-45;tahun 110 SM;TIME;878;890;0.99
000004-001;43-45;tahun 115 SM;TIME;1145;1157;0.99
000004-001;43-45;tahun 300 M;TIME;1166;1177;0.99
000004-002;43-45;Hijaz;LOCATION;253;258;0.99
000004-002;43-45;Mesir;LOCATION;390;395;0.99
000004-002;43-45;Hijaz;LOCATION;415;420;0.99
000004-002;43-45;tahun 300 M;TIME;634;645;0.99
000004-002;43-45;Yaman;LOCATION;671;676;0.99
000004-002;43-45;Habasyah;LOCATION;954;962;0.99
000004-002;43-45;Yaman;LOCATION;976;981;0.99
000004-002;43-45;tahun 340 M;TIME;992;1003;0.99
000004-002;43-45;tahun 378 M;TIME;1110;1121;0.99
000004-002;43-45;Yaman;LOCATION;1132;1137;0.99
000004-003;43-45;Najran;LOCATION;250;256;0.99
000004-003;43-45;Arab;LOCATION;705;709;0.99
000004-003;43-45;Habasyah;LOCATION;750;758;0.99
000004-003;43-45;Habasyah;LOCATION;833;841;0.99
000004-003;43-45;Yaman;LOCATION;874;879;0.99
000004-003;43-45;tahun 525 M;TIME;930;941;0.99
000004-003;43-45;Abrahah;PERSON;986;993;0.99
000004-003;43-45;Yaman;LOCATION;1058;1063;0.99
000004-003;43-45;Habasyah;LOCATION;1097;1105;0.99
000004-003;43-45;Abrahah;PERSON;1107;1114;0.99
000004-003;43-45;Ka'bah;LOCATION;1170;1176;0.99
000004-003;43-45;Yaman;LOCATION;1264;1269;0.99
000004-003;43-45;Persia;LOCATION;1305;1311;0.99
000004-004;43-45;Yaman;LOCATION;40;45;0.99
000004-004;43-45;Persia;LOCATION;81;87;0.99
000004-004;43-45;Habasyah;LOCATION;144;152;0.99
000004-004;43-45;Yaman;LOCATION;158;163;0.99
000004-004;43-45;tahun 575 M;TIME;209;220;0.99
000004-004;43-45;Yakrib bin Saif;PERSON;242;257;0.99
000004-004;43-45;Habasyah;LOCATION;395;403;0.99
000004-004;43-45;Kisra;PERSON;613;618;0.99
000004-004;43-45;Yaman;LOCATION;683;688;0.99
000004-004;43-45;Yaman;LOCATION;794;799;0.99
000004-004;43-45;Yaman;LOCATION;848;853;0.99
000004-004;43-45;tahun 638 M;TIME;901;912;0.99
000005-001;45-47;Irak;LOCATION;28;32;0.99
000005-001;45-47;tahun 326 SM;TIME;236;248;0.99
000005-001;45-47;tahun 230 SM;TIME;854;866;0.99
000005-001;45-47;Irak;LOCATION;970;974;0.99
000005-001;45-47;Eufrat;LOCATION;1102;1108;0.99
000005-001;45-47;tahun 226 M;TIME;1204;1215;0.99
000005-001;45-47;Persia;LOCATION;1251;1257;0.99
000005-001;45-47;Syam;LOCATION;1399;1403;0.99
000005-002;45-47;Irak;LOCATION;148;152;0.99
000005-002;45-47;Syam;LOCATION;546;550;0.99
000005-002;45-47;Irak;LOCATION;555;559;0.99
000005-002;45-47;Amru bin Adi bin Nashr;PERSON;645;667;0.99
000005-002;45-47;tahun 268 M;TIME;748;759;0.99
000005-002;45-47;Kisra;PERSON;817;822;0.99
000005-002;45-47;Sabur bin Ardasyir;PERSON;823;841;0.99
000005-002;45-47;Qubadz bin Fairuz;PERSON;940;957;0.99
000005-002;45-47;Al-Mundzir bin Ma;PERSON;1181;1198;0.99
000005-003;45-47;Al-Harits bin Amr bin Hijr;PERSON;134;160;0.99
000005-003;45-47;Kisra;PERSON;278;283;0.99
000005-003;45-47;Al-Harits bin Amr;PERSON;468;485;0.99
000005-003;45-47;Darul Kalb;LOCATION;527;537;0.99
000005-003;45-47;Al-Mundzir bin Ma'us;PERSON;601;621;0.99
000005-003;45-47;An-Nu'man bin Al-Mundzir;PERSON;652;676;0.99
000005-003;45-47;Kisra;PERSON;710;715;0.99
000005-003;45-47;Zaid bin Adi;PERSON;755;767;0.99
000005-003;45-47;Kisra;PERSON;777;782;0.99
000005-003;45-47;Hani bin Mas'ud;PERSON;903;918;0.99
000005-003;45-47;Kisra;PERSON;1016;1021;0.99
000005-003;45-47;Kisra;PERSON;1111;1116;0.99
000005-003;45-47;lyas bin Qubaishah;PERSON;1128;1146;0.99
000005-003;45-47;Hani' bin Mas'ud;PERSON;1192;1208;0.99
000005-003;45-47;Kisra;PERSON;1343;1348;0.99
000005-003;45-47;Kisra;PERSON;1416;1421;0.99
000005-004;45-47;Rasulullah;PERSON;313;323;0.99
000005-004;45-47;Iyas bin Qubaishah;PERSON;373;391;0.99
000005-004;45-47;Kisra;PERSON;425;430;0.99
000005-004;45-47;tahun 632 M;TIME;492;503;0.99
000005-004;45-47;Khalid bin Al-Walid;PERSON;706;725;0.99
000006-001;47-48;Syam;LOCATION;144;148;0.99
000006-001;47-48;Sulaih bin Halwan;PERSON;196;213;0.99
000006-001;47-48;Ziyad bin Habulah;PERSON;603;620;0.99
000006-001;47-48;Al-Khadhri;PERSON;701;711;0.99
000006-001;47-48;Syam;LOCATION;933;937;0.99
000006-001;47-48;Perang Yarmuk;EVENT;1056;1069;0.99
000006-001;47-48;tahun 13 H;TIME;1075;1085;0.99
000006-001;47-48;Jabalah bin Al-Aiham;PERSON;1114;1134;0.99
000006-001;47-48;Umar bin Al-Khaththab;PERSON;1196;1217;0.99
000007-001;48-53;Isma'il;PERSON;0;7;0.99
000007-001;48-53;Makkah;LOCATION;25;31;0.99
000007-001;48-53;Ka'bah;LOCATION;46;52;0.99
000007-001;48-53;Mudhadh bin Amr;PERSON;231;246;0.99
000007-001;48-53;Makkah;LOCATION;278;284;0.99
000007-001;48-53;Isma'il;PERSON;367;374;0.99
000007-001;48-53;Ka'bah;LOCATION;446;452;0.99
000007-001;48-53;Isma'il;PERSON;572;579;0.99
000007-001;48-53;Bukhtanashar;PERSON;666;678;0.99
000007-001;48-53;Makkah;LOCATION;742;748;0.99
000007-001;48-53;Bukhtanashar;PERSON;780;792;0.99
000007-001;48-53;Yaman;LOCATION;922;927;0.99
000007-001;48-53;Perang Bukhtanashar;EVENT;938;957;0.99
000007-001;48-53;tahun 587 SM;TIME;962;974;0.99
000007-001;48-53;Syam;LOCATION;1006;1010;0.99
000007-001;48-53;Bukhtanashar;PERSON;1028;1040;0.99
000007-001;48-53;Makkah;LOCATION;1080;1086;0.99
000007-001;48-53;Jursyum bin Jalhamah;PERSON;1153;1173;0.99
000007-001;48-53;Makkah;LOCATION;1284;1290;0.99
000007-001;48-53;Ka'bah;LOCATION;1432;1438;0.99
000007-002;48-53;Makkah;LOCATION;169;175;0.99
000007-002;48-53;Zamzam;LOCATION;301;307;0.99
000007-002;48-53;Ibnu Ishaq;PERSON;391;401;0.99
000007-002;48-53;Amr bin Al-Harits bin Mudhadh;PERSON;412;441;0.99
000007-002;48-53;Ka'bah;LOCATION;481;487;0.99
000007-002;48-53;Zamzam;LOCATION;531;537;0.99
000007-002;48-53;Yaman;LOCATION;589;594;0.99
000007-002;48-53;Makkah;LOCATION;668;674;0.99
000007-002;48-53;Shafa;LOCATION;767;772;0.99
000007-002;48-53;Makkah;LOCATION;815;821;0.99
000007-002;48-53;Isma'il;PERSON;933;940;0.99
000007-002;48-53;Makkah;LOCATION;1020;1026;0.99
000007-002;48-53;Makkah;LOCATION;1135;1141;0.99
000007-002;48-53;Arafah;LOCATION;1279;1285;0.99
000007-002;48-53;Muzdalifah;LOCATION;1293;1303;0.99
000007-002;48-53;Mina;LOCATION;1358;1362;0.99
000007-002;48-53;Ghauts bin Murrah;PERSON;1398;1415;0.99
000007-002;48-53;Ilyas bin Mudhar;PERSON;1426;1442;0.99
000007-003;48-53;Arafah;LOCATION;30;36;0.99
000007-003;48-53;Muzdalifah;LOCATION;44;54;0.99
000007-003;48-53;Mina;LOCATION;109;113;0.99
000007-003;48-53;Ghauts bin Murrah;PERSON;149;166;0.99
000007-003;48-53;Ilyas bin Mudhar;PERSON;177;193;0.99
000007-003;48-53;Mina;LOCATION;404;408;0.99
000007-003;48-53;Aqabah;LOCATION;461;467;0.99
000007-003;48-53;Sa'd bin Zaid;PERSON;641;654;0.99
000007-003;48-53;Mina;LOCATION;715;719;0.99
000007-003;48-53;Tamim bin Adi;PERSON;831;844;0.99
000007-003;48-53;Makkah;LOCATION;886;892;0.99
000007-003;48-53;Najd;LOCATION;993;997;0.99
000007-003;48-53;Irak;LOCATION;1019;1023;0.99
000007-003;48-53;Makkah;LOCATION;1060;1066;0.99
000007-003;48-53;Makkah;LOCATION;1227;1233;0.99
000007-003;48-53;Qushay bin Kilab;PERSON;1266;1282;0.99
000007-003;48-53;Ibnu Hisyam;PERSON;1304;1315;0.99
000007-004;48-53;Makkah;LOCATION;70;76;0.99
000007-004;48-53;Qushay bin Kilab;PERSON;109;125;0.99
000007-004;48-53;Ibnu Hisyam;PERSON;147;158;0.99
000007-004;48-53;Rabi'ah bin Haram;PERSON;346;363;0.99
000007-004;48-53;Syam;LOCATION;403;407;0.99
000007-004;48-53;Makkah;LOCATION;457;463;0.99
000007-004;48-53;Makkah;LOCATION;488;494;0.99
000007-004;48-53;Hulail bin Hubsyah;PERSON;502;520;0.99
000007-004;48-53;Makkah;LOCATION;791;797;0.99
000007-004;48-53;Baitul-Haram;LOCATION;819;831;0.99
000007-004;48-53;Makkah;LOCATION;1087;1093;0.99
000007-004;48-53;Ka'bah;LOCATION;1115;1121;0.99
000007-004;48-53;Isma'il;PERSON;1207;1214;0.99
000007-004;48-53;Makkah;LOCATION;1337;1343;0.99
000007-005;48-53;Ka'bah;LOCATION;95;101;0.99
000007-005;48-53;Ka'bah;LOCATION;203;209;0.99
000007-005;48-53;Abu Ghibsyan;PERSON;216;228;0.99
000007-005;48-53;Ka'bah;LOCATION;303;309;0.99
000007-005;48-53;Ka'bah;LOCATION;390;396;0.99
000007-005;48-53;Abu Ghibsyan;PERSON;402;414;0.99
000007-005;48-53;Ka'bah;LOCATION;608;614;0.99
000007-005;48-53;Makkah;LOCATION;719;725;0.99
000007-005;48-53;Ka'bah;LOCATION;1135;1141;0.99
000007-006;48-53;Ya'mar bin Auf;PERSON;74;88;0.99
000007-006;48-53;Ka'bah;LOCATION;209;215;0.99
000007-006;48-53;Makkah;LOCATION;232;238;0.99
000007-006;48-53;Makkah;LOCATION;516;522;0.99
000007-006;48-53;Ka'bah;LOCATION;544;550;0.99
000007-006;48-53;Makkah;LOCATION;674;680;0.99
000007-006;48-53;Ka'bah;LOCATION;702;708;0.99
000007-006;48-53;tahun 440 M;TIME;761;772;0.99
000007-006;48-53;Makkah;LOCATION;900;906;0.99
000007-006;48-53;Makkah;LOCATION;1141;1147;0.99
000007-006;48-53;Murrah bin Auf;PERSON;1367;1381;0.99
000007-007;48-53;Murrah bin Auf;PERSON;65;79;0.99
000007-007;48-53;Ka'bah;LOCATION;233;239;0.99
000007-007;48-53;Ibnu Hisyam;PERSON;714;725;0.99
000007-007;48-53;Ka'bah;LOCATION;790;796;0.99
000007-007;48-53;Ka'bah;LOCATION;1101;1107;0.99
000007-007;48-53;Ka'bah;LOCATION;1145;1151;0.99
000007-007;48-53;Makkah;LOCATION;1452;1458;0.99
000007-009;48-53;Hasyim bin Abdi;PERSON;511;526;0.99
000007-009;48-53;Hasyim bin Abdi;PERSON;627;642;0.99
000007-009;48-53;Al-Muththalib bin Hasyim bin Abdi;PERSON;704;737;0.99
000007-009;48-53;Rasulullah;PERSON;751;761;0.99
000007-009;48-53;Al-Abbas bin Abdul Selain;PERSON;853;878;0.99
000008-001;53-54;Jazirah Arab;LOCATION;304;316;0.99
000008-001;53-54;Ibnu Hisyam;PERSON;440;451;0.99
000009-001;54-55;Jazirah Arab;LOCATION;191;203;0.99
000009-001;54-55;Irak;LOCATION;1393;1397;0.99
000009-001;54-55;Syam;LOCATION;1426;1430;0.99
000009-002;54-55;Irak;LOCATION;46;50;0.99
000009-002;54-55;Syam;LOCATION;79;83;0.99
000009-002;54-55;Jazirah Arab;LOCATION;122;134;0.99
000009-002;54-55;Hijaz;LOCATION;598;603;0.99
000009-002;54-55;IRAQ;LOCATION;612;616;0.99
000009-002;54-55;suez;LOCATION;653;657;0.99
000009-002;54-55;Hijaz;LOCATION;698;703;0.99
000009-002;54-55;Arab Saudi;LOCATION;915;925;0.99
000009-002;54-55;tanah;LOCATION;938;943;0.99
000009-002;54-55;Ka'bah;LOCATION;1012;1018;0.99
000009-002;54-55;Ibrahim;PERSON;1047;1054;0.99
000009-002;54-55;Habasyah;LOCATION;1347;1355;0.99
000010-001;56-64;Isma'il;PERSON;39;46;0.99
000010-001;56-64;Ibrahim;PERSON;99;106;0.99
000010-001;56-64;Ibrahim;PERSON;379;386;0.99
000010-001;56-64;Amr bin Luhay;PERSON;402;415;0.99
000010-001;56-64;Syam;LOCATION;730;734;0.99
000010-001;56-64;Syam;LOCATION;765;769;0.99
000010-001;56-64;Syam;LOCATION;873;877;0.99
000010-001;56-64;Ka'bah;LOCATION;977;983;0.99
000010-001;56-64;Makkah;LOCATION;1018;1024;0.99
000010-001;56-64;Hijaz;LOCATION;1079;1084;0.99
000010-001;56-64;Makkah;LOCATION;1120;1126;0.99
000010-001;56-64;Ka'bah;LOCATION;1168;1174;0.99
000010-001;56-64;Laut Merah;LOCATION;1276;1286;0.99
000010-001;56-64;Qudaid;LOCATION;1296;1302;0.99
000010-001;56-64;Tha'if;LOCATION;1336;1342;0.99
000010-001;56-64;Wadi Nakhlah;LOCATION;1355;1367;0.99
000010-002;56-64;Hijaz;LOCATION;144;149;0.99
000010-002;56-64;Amr bin Luhay;PERSON;168;181;0.99
000010-002;56-64;Tihamah;LOCATION;402;409;0.99
000010-002;56-64;Shalallahu Alaihi wa;PERSON;508;528;0.99
000010-002;56-64;Muhammad bin Abdul Wahhab;PERSON;544;569;0.99
000010-002;56-64;Masjidil Haram;LOCATION;753;767;0.99
000010-002;56-64;Rasulullah;PERSON;818;828;0.99
000010-002;56-64;Makkah;LOCATION;840;846;0.99
000010-002;56-64;Ka'bah;LOCATION;859;865;0.99
000010-002;56-64;Ibrahim;PERSON;1193;1200;0.99
000010-002;56-64;Amr bin Luhay;PERSON;1300;1313;0.99
000010-002;56-64;Ibrahim;PERSON;1434;1441;0.99
000010-003;56-64;Ibrahim;PERSON;119;126;0.99
000010-004;56-64;Ibnu Ishaq;PERSON;1228;1238;0.99
000010-005;56-64;Ibnu Ishaq;PERSON;0;10;0.99
000010-006;56-64;Sa'id bin Al-Musayyab;PERSON;472;493;0.99
000010-006;56-64;Amr bin Luhay;PERSON;637;650;0.99
000010-008;56-64;Al-Khadhri;PERSON;1047;1057;0.99
000010-008;56-64;Ibnu Hisyam;PERSON;1065;1076;0.99
000010-009;56-64;Ibrahim;PERSON;1168;1175;0.99
000010-009;56-64;Ka'bah;LOCATION;1251;1257;0.99
000010-009;56-64;Arafah;LOCATION;1306;1312;0.99
000010-009;56-64;Muzdalifah;LOCATION;1317;1327;0.99
000010-010;56-64;Ibrahim;PERSON;71;78;0.99
000010-010;56-64;Ka'bah;LOCATION;113;119;0.99
000010-010;56-64;Makkah;LOCATION;133;139;0.99
000010-010;56-64;Arafah;LOCATION;335;341;0.99
000010-010;56-64;Muzdalifah;LOCATION;386;396;0.99
000010-010;56-64;Arafah;LOCATION;510;516;0.99
000010-010;56-64;Baitul-Haram;LOCATION;716;728;0.99
000010-010;56-64;An-Nawawi;PERSON;794;803;0.99
000010-011;56-64;Adam;PERSON;293;297;0.99
000010-011;56-64;Jazirah Arab;LOCATION;1322;1334;0.99
000010-012;56-64;Jazirah Arab;LOCATION;119;131;0.99
000010-012;56-64;Babilon;LOCATION;243;250;0.99
000010-012;56-64;Palestina;LOCATION;264;273;0.99
000010-012;56-64;Bukhtanashar;PERSON;390;402;0.99
000010-012;56-64;tahun 587 SM;TIME;408;420;0.99
000010-012;56-64;Babilonia;LOCATION;473;482;0.99
000010-012;56-64;Palestina;LOCATION;537;546;0.99
000010-012;56-64;Hijaz;LOCATION;561;566;0.99
000010-012;56-64;Hijaz;LOCATION;585;590;0.99
000010-012;56-64;Palestina;LOCATION;653;662;0.99
000010-012;56-64;tahun 70 Masehi;TIME;668;683;0.99
000010-012;56-64;Hijaz;LOCATION;826;831;0.99
000010-012;56-64;Yatsrib;LOCATION;849;856;0.99
000010-012;56-64;Khaibar;LOCATION;858;865;0.99
000010-012;56-64;Khaibar;LOCATION;1210;1217;0.99
000010-012;56-64;As-Samhudi;PERSON;1263;1273;0.99
000010-012;56-64;Yaman;LOCATION;1399;1404;0.99
000010-012;56-64;As'ad Abu Karib;PERSON;1419;1434;0.99
000010-013;56-64;As-Samhudi;PERSON;0;10;0.99
000010-013;56-64;Yaman;LOCATION;136;141;0.99
000010-013;56-64;As'ad Abu Karib;PERSON;156;171;0.99
000010-013;56-64;Yatsrib;LOCATION;209;216;0.99
000010-013;56-64;Yaman;LOCATION;267;272;0.99
000010-013;56-64;Yusuf;PERSON;419;424;0.99
000010-013;56-64;Dzu Nuwas;PERSON;425;434;0.99
000010-013;56-64;Najran;LOCATION;483;489;0.99
000010-013;56-64;tahun 523 Masehi;TIME;835;851;0.99
000010-013;56-64;Arab;LOCATION;962;966;0.99
000010-013;56-64;Habasyah;LOCATION;996;1004;0.99
000010-013;56-64;Habasyah;LOCATION;1040;1048;0.99
000010-013;56-64;Yaman;LOCATION;1105;1110;0.99
000010-013;56-64;tahun 340 Masehi;TIME;1116;1132;0.99
000010-013;56-64;Yaman;LOCATION;1200;1205;0.99
000010-013;56-64;Najran;LOCATION;1320;1326;0.99
000010-013;56-64;Najran;LOCATION;1350;1356;0.99
000010-014;56-64;Habasyah;PERSON;158;166;0.99
000010-014;56-64;Yaman;LOCATION;177;182;0.99
000010-014;56-64;Dzu Nuwas;PERSON;226;235;0.99
000010-014;56-64;Abrahah;PERSON;240;247;0.99
000010-014;56-64;Abrahah;PERSON;379;386;0.99
000010-014;56-64;Yaman;LOCATION;414;419;0.99
000010-014;56-64;Ka'bah;LOCATION;436;442;0.99
000010-014;56-64;Yaman;LOCATION;443;448;0.99
000010-014;56-64;Baitullah;LOCATION;537;546;0.99
000010-014;56-64;Makkah;LOCATION;550;556;0.99
000010-014;56-64;Irak;LOCATION;971;975;0.99
000010-014;56-64;Bahrain;LOCATION;980;987;0.99
000010-014;56-64;Yaman;LOCATION;1055;1060;0.99
000010-014;56-64;Yaman;LOCATION;1111;1116;0.99
000010-014;56-64;Irak;LOCATION;1192;1196;0.99
000010-014;56-64;Ibrahim;PERSON;1248;1255;0.99
000010-014;56-64;Syam;LOCATION;1283;1287;0.99
000010-014;56-64;Yaman;LOCATION;1324;1329;0.99
000010-015;56-64;Arab;LOCATION;264;268;0.99
000010-015;56-64;Irak;LOCATION;273;277;0.99
000011-001;64-65;Ibrahim;PERSON;190;197;0.99
000011-001;64-65;Ibrahim;PERSON;269;276;0.99
000011-002;64-65;Ibrahim;PERSON;936;943;0.99
000012-001;66;Jazirah Arab;LOCATION;46;58;0.99
000013-001;66-69;Abu Dawud;PERSON;1188;1197;0.99
000013-001;66-69;Aisyah;PERSON;1216;1222;0.99
000013-003;66-69;Muhammad;PERSON;326;334;0.99
000013-003;66-69;Abu Dawud;PERSON;1174;1183;0.99
000013-004;66-69;Abu Dawud;PERSON;74;83;0.99
000013-004;66-69;Abu Dawud;PERSON;754;763;0.99
000013-004;66-69;Amr bin Syu'aib;PERSON;782;797;0.99
000013-004;66-69;Rasulullah;PERSON;894;904;0.99
000013-004;66-69;Sa'd bin Abu Waqqash;PERSON;1138;1158;0.99
000013-004;66-69;Abd bin Zum'ah;PERSON;1163;1177;0.99
000013-004;66-69;Abdurrahman bin Zum'ah;PERSON;1232;1254;0.99
000014-001;69-70;Jazirah Arab;LOCATION;355;367;0.99
000014-001;69-70;Yaman;LOCATION;721;726;0.99
000014-001;69-70;Syam;LOCATION;749;753;0.99
000015-002;70-72;Antarah bin Syaddad;PERSON;599;618;0.99
000015-003;70-72;Hani' bin Mas'ud;PERSON;354;370;0.99
000015-003;70-72;As-Samau'al bin Adiya;PERSON;385;406;0.99
000015-003;70-72;Hajib bin Zararah;PERSON;411;428;0.99
000015-004;70-72;Jazirah Arab;LOCATION;262;274;0.99
000015-004;70-72;Ka'bah;LOCATION;1181;1187;0.99
000016-001;73-74;Ibrahim;PERSON;281;288;0.99
000016-001;73-74;Ibrahim;PERSON;386;393;0.99
000016-001;73-74;Adam;PERSON;409;413;0.99
000016-001;73-74;Muhammad;PERSON;542;550;0.99
000016-001;73-74;Abdullah bin Abdul Muththalib;PERSON;556;585;0.99
000016-001;73-74;Zaid;PERSON;710;714;0.99
000016-001;73-74;Ka'b;PERSON;744;748;0.99
000016-001;73-74;Ma'ad bin;PERSON;988;997;0.99
000016-002;73-74;Isma'il;PERSON;203;210;0.99
000016-002;73-74;Ibnu Hisyam;PERSON;240;251;0.99
000016-002;73-74;Muhammad;PERSON;281;289;0.99
000016-002;73-74;Ibnu Sa'd;PERSON;386;395;0.99
000016-002;73-74;Ibrahim;PERSON;548;555;0.99
000017-001;74-80;Hasyim bin Abdu Manaf;PERSON;92;113;0.99
000017-001;74-80;Makkah;LOCATION;648;654;0.99
000017-001;74-80;Makkah;LOCATION;986;992;0.99
000017-001;74-80;Syam;LOCATION;1176;1180;0.99
000017-001;74-80;Madinah;LOCATION;1208;1215;0.99
000017-001;74-80;Salma binti Amru;PERSON;1230;1246;0.99
000017-001;74-80;Adi bin An-Najjar;PERSON;1258;1275;0.99
000017-001;74-80;Syam;LOCATION;1353;1357;0.99
000017-001;74-80;Abdul Muththalib;PERSON;1446;1462;0.99
000017-002;74-80;Syam;LOCATION;35;39;0.99
000017-002;74-80;Abdul Muththalib;PERSON;128;144;0.99
000017-002;74-80;Palestina;LOCATION;204;213;0.99
000017-002;74-80;Abdul Muththalib;PERSON;242;258;0.99
000017-002;74-80;tahun 497 M;TIME;264;275;0.99
000017-002;74-80;Yastrib;LOCATION;404;411;0.99
000017-002;74-80;Makkah;LOCATION;463;469;0.99
000017-002;74-80;Abdul Muththalib;PERSON;495;511;0.99
000017-002;74-80;Abu Shaifi;PERSON;549;559;0.99
000017-002;74-80;Abdul Muththalib;PERSON;573;589;0.99
000017-002;74-80;Al-Muththalib bin Abdi;PERSON;803;825;0.99
000017-002;74-80;Abdul Muththalib;PERSON;1069;1085;0.99
000017-002;74-80;Abdul Muththalib;PERSON;1311;1327;0.99
000017-002;74-80;Abdul Muththalib;PERSON;1418;1434;0.99
000017-003;74-80;Abdul Muththalib;PERSON;173;189;0.99
000017-003;74-80;Makkah;LOCATION;200;206;0.99
000017-003;74-80;Makkah;LOCATION;259;265;0.99
000017-003;74-80;Abdul Muththalib;PERSON;299;315;0.99
000017-003;74-80;Abdul Muththalib;PERSON;401;417;0.99
000017-003;74-80;Yaman;LOCATION;513;518;0.99
000017-003;74-80;Abdul Muththalib;PERSON;525;541;0.99
000017-003;74-80;Abdul Muththalib;PERSON;890;906;0.99
000017-003;74-80;Ibnu Hisyam;PERSON;1098;1109;0.99
000017-003;74-80;Ath-Thabari;PERSON;1170;1181;0.99
000017-004;74-80;Abu Sa'd bin Adi;PERSON;200;216;0.99
000017-004;74-80;Makkah;LOCATION;282;288;0.99
000017-004;74-80;Abdul Muththalib;PERSON;289;305;0.99
000017-004;74-80;Abu Sa'd;PERSON;460;468;0.99
000017-004;74-80;Abu Sa;PERSON;554;560;0.99
000017-004;74-80;Ka'bah;LOCATION;616;622;0.99
000017-004;74-80;Abu Sa'd;PERSON;857;865;0.99
000017-004;74-80;Abdul Muththalib;PERSON;887;903;0.99
000017-004;74-80;Madinah;LOCATION;992;999;0.99
000017-004;74-80;Syams bin Abdi;PERSON;1085;1099;0.99
000017-004;74-80;Abdul Muththalib;PERSON;1196;1212;0.99
000017-005;74-80;Makkah;LOCATION;440;446;0.99
000017-005;74-80;Abdul Muththalib;PERSON;554;570;0.99
000017-005;74-80;Zamzam;LOCATION;595;601;0.99
000017-005;74-80;Zamzam;LOCATION;733;739;0.99
000017-005;74-80;Ka'bah;LOCATION;1118;1124;0.99
000017-005;74-80;Abdul Muththalib;PERSON;1176;1192;0.99
000017-005;74-80;Muhammad bin Abdul Wahhab;PERSON;1214;1239;0.99
000017-005;74-80;Zamzam;LOCATION;1293;1299;0.99
000017-005;74-80;Zamzam;LOCATION;1353;1359;0.99
000017-005;74-80;Abdul Muththalib;PERSON;1387;1403;0.99
000017-006;74-80;Abdul Muththalib;PERSON;177;193;0.99
000017-006;74-80;Abrahah;PERSON;596;603;0.99
000017-006;74-80;Yaman;LOCATION;652;657;0.99
000017-006;74-80;Ka'bah;LOCATION;781;787;0.99
000017-006;74-80;Abrahah;PERSON;939;946;0.99
000017-006;74-80;Abrahah;PERSON;1092;1099;0.99
000017-006;74-80;Ka'bah;LOCATION;1231;1237;0.99
000017-006;74-80;Makkah;LOCATION;1440;1446;0.99
000017-007;74-80;Makkah;LOCATION;178;184;0.99
000017-007;74-80;Muzdalifah;LOCATION;228;238;0.99
000017-007;74-80;Mina;LOCATION;243;247;0.99
000017-007;74-80;Ka'bah;LOCATION;311;317;0.99
000017-007;74-80;Ka'bah;LOCATION;422;428;0.99
000017-007;74-80;Ka'bah;LOCATION;498;504;0.99
000017-007;74-80;Abrahah;PERSON;1288;1295;0.99
000017-008;74-80;Abrahah;PERSON;294;301;0.99
000017-008;74-80;Abrahah;PERSON;319;326;0.99
000017-008;74-80;bulan Muharram;TIME;445;459;0.99
000017-008;74-80;Baitul Maqdis;LOCATION;708;721;0.99
000017-008;74-80;Bukhtanashar;PERSON;858;870;0.99
000017-008;74-80;tahun 587 SM;TIME;876;888;0.99
000017-008;74-80;tahun 70 M;TIME;917;927;0.99
000017-008;74-80;Ka'bah;LOCATION;936;942;0.99
000017-008;74-80;Habasyah;PERSON;1173;1181;0.99
000017-008;74-80;Yaman;LOCATION;1438;1443;0.99
000017-009;74-80;Yaman;LOCATION;51;56;0.99
000017-009;74-80;Abdul Muththalib;PERSON;625;641;0.99
000017-009;74-80;Az-Zubair;PERSON;688;697;0.99
000017-009;74-80;Abu Thalib;PERSON;699;709;0.99
000017-009;74-80;Hamzah;PERSON;721;727;0.99
000017-009;74-80;Abu Lahb;PERSON;729;737;0.99
000017-009;74-80;Al-Abbas;PERSON;773;781;0.99
000017-009;74-80;Ibnu Hisyam;PERSON;866;877;0.99
000017-009;74-80;Ka'bah;PERSON;1026;1032;0.99
000017-009;74-80;Abdul;PERSON;1066;1071;0.99
000017-009;74-80;Ka'bah;PERSON;1072;1078;0.99
000017-009;74-80;Ummul-Hakim;PERSON;1242;1253;0.99
000017-009;74-80;Rasulullah;PERSON;1336;1346;0.99
000017-009;74-80;Fathimah binti Amr bin A'idz bin Imran bin Makhzum bin Yaqzhah bin Murrah;PERSON;1363;1436;0.99
000017-010;74-80;Fathimah binti Amr bin A'idz bin Imran bin Makhzum bin Yaqzhah bin Murrah;PERSON;14;87;0.99
000017-010;74-80;Abdul Muththalib;PERSON;110;126;0.99
000017-010;74-80;Abdul Muththalib;PERSON;260;276;0.99
000017-010;74-80;Abdul Muththalib;PERSON;653;669;0.99
000017-010;74-80;Ka'bah;LOCATION;727;733;0.99
000017-010;74-80;Abu Thalib;PERSON;877;887;0.99
000017-010;74-80;Abdul Muththalib;PERSON;959;975;0.99
000017-011;74-80;Isma'il;PERSON;840;847;0.99
000017-011;74-80;Abdul Muththalib;PERSON;852;868;0.99
000017-011;74-80;Aminah binti Wahb bin Abdi;PERSON;905;931;0.99
000017-011;74-80;Manaf bin Zuhrah bin Kilab;PERSON;932;958;0.99
000017-011;74-80;Makkah;LOCATION;1141;1147;0.99
000017-011;74-80;Abdul Muththalib;PERSON;1167;1183;0.99
000017-011;74-80;Madinah;LOCATION;1205;1212;0.99
000017-011;74-80;Syam;LOCATION;1304;1308;0.99
000017-011;74-80;Madinah;LOCATION;1385;1392;0.99
000017-012;74-80;Rasulullah;PERSON;138;148;0.99
000017-012;74-80;Rasulullah;PERSON;272;282;0.99
000017-012;74-80;Makkah;LOCATION;324;330;0.99
000017-012;74-80;Ummu Aiman;PERSON;919;929;0.99
000017-012;74-80;Rasulullah;PERSON;952;962;0.99
000017-012;74-80;Ibnu Hisyam;PERSON;989;1000;0.99
000018-001;81-82;Rasulullah;PERSON;0;10;0.99
000018-001;81-82;Makkah;LOCATION;56;62;0.99
000018-001;81-82;tanggal 9 Rabi'ul;TIME;80;97;0.99
000018-001;81-82;Kisra;PERSON;183;188;0.99
000018-001;81-82;tanggal 20 atau;TIME;224;239;0.99
000018-001;81-82;tahun 571 M;TIME;255;266;0.99
000018-001;81-82;Muhammad;PERSON;307;315;0.99
000018-001;81-82;Ibnu Sa;PERSON;370;377;0.99
000018-001;81-82;Rasulullah;PERSON;404;414;0.99
000018-001;81-82;Syam;LOCATION;527;531;0.99
000018-001;81-82;Al-Arbadh bin Sariyah;PERSON;563;584;0.99
000018-001;81-82;Kisra;PERSON;760;765;0.99
000018-001;81-82;Al-Baihaqi;PERSON;950;960;0.99
000018-001;81-82;Muhammad;PERSON;985;993;0.99
000018-001;81-82;Abdul Muththalib;PERSON;1061;1077;0.99
000018-001;81-82;Abdul Muththalib;PERSON;1144;1160;0.99
000018-001;81-82;Ka'bah;LOCATION;1224;1230;0.99
000018-001;81-82;Muhammad;PERSON;1302;1310;0.99
000018-002;81-82;Muhammad;PERSON;17;25;0.99
000018-002;81-82;Al-Khadhri;PERSON;104;114;0.99
000018-002;81-82;Muhammad;PERSON;306;314;0.99
000018-002;81-82;Abu Lahab;PERSON;524;533;0.99
000018-002;81-82;Hamzah bin Abdul Muththalib;PERSON;637;664;0.99
000018-002;81-82;Abu Salamah bin Abdul Asad;PERSON;691;717;0.99
000019-001;82-85;Abdul Muththalib;PERSON;365;381;0.99
000019-001;82-85;Sa;PERSON;407;409;0.99
000019-001;82-85;bin Bakr;PERSON;412;420;0.99
000019-001;82-85;Halimah bin Abu Dzu'aib;PERSON;449;472;0.99
000019-001;82-85;Al-Harits bin Abdul Uzza;PERSON;502;526;0.99
000019-001;82-85;Abu Kabsyah;PERSON;542;553;0.99
000019-001;82-85;Abdullah bin Al-Harits;PERSON;633;655;0.99
000019-001;82-85;Anisa binti Al-Harits;PERSON;657;678;0.99
000019-001;82-85;Judzamah binti Al-Harits;PERSON;694;718;0.99
000019-001;82-85;Abu Sufyan bin Al-Harits bin Abdul Muththalib;PERSON;840;885;0.99
000019-001;82-85;Hamzah bin Abdul Muththalib;PERSON;920;947;0.99
000019-001;82-85;Sa'd bin Bakr;PERSON;969;982;0.99
000019-001;82-85;Rasulullah;PERSON;1006;1016;0.99
000019-001;82-85;Hamzah;PERSON;1042;1048;0.99
000019-001;82-85;Hamzah;PERSON;1091;1097;0.99
000019-001;82-85;Rasulullah;PERSON;1113;1123;0.99
000019-001;82-85;Halimah;PERSON;1165;1172;0.99
000019-001;82-85;Halimah;PERSON;1185;1192;0.99
000019-002;82-85;Hamzah;PERSON;5;11;0.99
000019-002;82-85;Rasulullah;PERSON;27;37;0.99
000019-002;82-85;Halimah;PERSON;79;86;0.99
000019-002;82-85;Halimah;PERSON;99;106;0.99
000019-002;82-85;Ibnu Ishaq;PERSON;235;245;0.99
000019-002;82-85;Halimah;PERSON;253;260;0.99
000019-002;82-85;Ibnu Hisyam;PERSON;635;646;0.99
000019-002;82-85;Al-Khadhri;PERSON;695;705;0.99
000019-002;82-85;Ibnul Qayyim;PERSON;828;840;0.99
000019-002;82-85;Makkah;LOCATION;1424;1430;0.99
000019-003;82-85;Makkah;LOCATION;34;40;0.99
000019-003;82-85;Rasulullah;PERSON;142;152;0.99
000019-003;82-85;Halimah;PERSON;944;951;0.99
000019-004;82-85;Halimah;PERSON;481;488;0.99
000019-004;82-85;Halimah;PERSON;634;641;0.99
000019-004;82-85;Abu Dzu'aib;PERSON;1018;1029;0.99
000019-005;82-85;Abu Dzu-;PERSON;524;532;0.99
000019-006;82-85;Makkah;LOCATION;177;183;0.99
000019-006;82-85;Rasulullah;PERSON;278;288;0.99
000019-006;82-85;Rasulullah;PERSON;428;438;0.99
000019-006;82-85;Jibril;PERSON;449;455;0.99
000019-006;82-85;Ibnu Hisyam;PERSON;558;569;0.99
000019-006;82-85;Ibnu Ishaq;PERSON;654;664;0.99
000019-006;82-85;Ibnu Hisyam;PERSON;735;746;0.99
000019-006;82-85;Jibril;PERSON;759;765;0.99
000019-006;82-85;Jibril;PERSON;972;978;0.99
000019-006;82-85;Zamzam;LOCATION;1040;1046;0.99
000019-006;82-85;Muhammad;PERSON;1165;1173;0.99
000020-001;85;Halimah;PERSON;44;51;0.99
000020-001;85;Yastrib;LOCATION;313;320;0.99
000020-001;85;Makkah;LOCATION;342;348;0.99
000020-001;85;Muhammad;PERSON;433;441;0.99
000020-001;85;Ummu Aiman;PERSON;473;483;0.99
000020-001;85;Abdul Muththalib;PERSON;485;501;0.99
000020-001;85;Madinah;LOCATION;555;562;0.99
000020-001;85;Makkah;LOCATION;615;621;0.99
000020-001;85;Makkah;LOCATION;726;732;0.99
000021-001;85-86;Abdul Muththalib;PERSON;44;60;0.99
000021-001;85-86;Makkah;LOCATION;64;70;0.99
000021-001;85-86;Ibnu Hasyim;PERSON;461;472;0.99
000021-001;85-86;Ka'bah;LOCATION;525;531;0.99
000021-001;85-86;Abdul Muththalib;PERSON;538;554;0.99
000021-001;85-86;Abdul Muththalib;PERSON;618;634;0.99
000021-001;85-86;Rasulullah;PERSON;777;787;0.99
000021-001;85-86;Abdul Muththalib;PERSON;940;956;0.99
000021-001;85-86;Ibnu Hisyam;PERSON;1006;1017;0.99
000021-002;85-86;Abdul Muththalib;PERSON;108;124;0.99
000021-002;85-86;Rasulullah;PERSON;328;338;0.99
000021-002;85-86;Makkah;LOCATION;373;379;0.99
000021-002;85-86;Abdul Muththalib;PERSON;400;416;0.99
000021-002;85-86;Abu Thalib;PERSON;481;491;0.99
000022-001;86;Abu Thalib;PERSON;0;10;0.99
000022-001;86;Abu Thalib;PERSON;109;119;0.99
000022-001;86;Abu Thalib;PERSON;313;323;0.99
000023-001;86;Ibnu Asakir;PERSON;0;11;0.99
000023-001;86;Julhumah bin Arfathah;PERSON;28;49;0.99
000023-001;86;Makkah;LOCATION;84;90;0.99
000023-001;86;Abu Thalib;PERSON;170;180;0.99
000023-001;86;Abu Thalib;PERSON;271;281;0.99
000023-001;86;Abu Thalib;PERSON;443;453;0.99
000023-001;86;Ka'bah;LOCATION;559;565;0.99
000023-001;86;Abu Thalib;PERSON;796;806;0.99
000023-001;86;Ibnu Hisyam;PERSON;1009;1020;0.99
000024-001;87;Rasulullah;PERSON;12;22;0.99
000024-001;87;Abu Thalib;PERSON;104;114;0.99
000024-001;87;Syam;LOCATION;161;165;0.99
000024-001;87;Syam;LOCATION;223;227;0.99
000024-001;87;Rasulullah;PERSON;697;707;0.99
000024-001;87;Abu Thalib;PERSON;886;896;0.99
000024-001;87;Aqabah;LOCATION;997;1003;0.99
000024-001;87;Abu Thalib;PERSON;1336;1346;0.99
000024-001;87;Syam;LOCATION;1410;1414;0.99
000024-002;87;Abu Thalib;PERSON;94;104;0.99
000024-002;87;Syam;LOCATION;168;172;0.99
000024-002;87;Abu Thalib;PERSON;236;246;0.99
000025-001;87-88;Perang Fijar;EVENT;36;48;0.99
000025-001;87-88;Harb bin Umayyah;PERSON;174;190;0.99
000025-001;87-88;Perang Fijar;EVENT;370;382;0.99
000025-001;87-88;Rasulullah;PERSON;463;473;0.99
000025-001;87-88;Ibnu Hisyam;PERSON;570;581;0.99
000025-001;87-88;Abu Thalib;PERSON;655;665;0.99
000025-001;87-88;Bilal;PERSON;680;685;0.99
000025-001;87-88;Bilal;PERSON;783;788;0.99
000025-001;87-88;Abu Thalib;PERSON;860;870;0.99
000025-001;87-88;Abu Bakar;PERSON;880;889;0.99
000026-001;88;bulan Dzul-;TIME;58;69;0.99
000026-001;88;Asad bin Abdul Uzza;PERSON;175;194;0.99
000026-001;88;Zuhrah bin Kilab;PERSON;196;212;0.99
000026-001;88;Taimi bin Murrah;PERSON;217;233;0.99
000026-001;88;Abdullah bin Jud'an;PERSON;261;280;0.99
000026-001;88;Makkah;LOCATION;431;437;0.99
000026-001;88;Rasulullah;PERSON;662;672;0.99
000026-001;88;Abdullah bin Jud'an;PERSON;791;810;0.99
000026-001;88;Makkah;LOCATION;1180;1186;0.99
000026-001;88;Al-Ash bin Wa'il;PERSON;1261;1277;0.99
000026-002;88;Abu Qubais;PERSON;101;111;0.99
000026-002;88;Az-Zubair bin Abdul Muththalib;PERSON;215;245;0.99
000026-002;88;Al-Ash bin Wa;PERSON;374;387;0.99
000026-002;88;Ibnu Hisyam;PERSON;535;546;0.99
000026-002;88;Al-Khadhri;PERSON;631;641;0.99
000026-002;88;Perang Fijar;EVENT;659;671;0.99
000027-001;89;Rasulullah;PERSON;23;33;0.99
000027-001;89;Makkah;LOCATION;173;179;0.99
000027-001;89;Syam;LOCATION;267;271;0.99
000027-001;89;Khadijah;PERSON;304;312;0.99
000027-001;89;Ibnu Ishaq;PERSON;314;324;0.99
000027-001;89;Khadijah binti Khuwailid;PERSON;336;360;0.99
000027-001;89;Khadijah;PERSON;593;601;0.99
000027-001;89;Syam;LOCATION;774;778;0.99
000027-001;89;Syam;LOCATION;1047;1051;0.99
000028-001;89-90;Makkah;LOCATION;13;19;0.99
000028-001;89-90;Khadijah;PERSON;32;40;0.99
000028-001;89-90;Khadijah;PERSON;348;356;0.99
000028-001;89-90;Nafisah binti Munyah;PERSON;570;590;0.99
000028-001;89-90;Khadijah;PERSON;678;686;0.99
000028-001;89-90;Khadijah;PERSON;808;816;0.99
000028-001;89-90;Syam;LOCATION;1051;1055;0.99
000028-001;89-90;Muhammad;PERSON;1115;1123;0.99
000028-001;89-90;Ibnu Hisyam;PERSON;1168;1179;0.99
000028-001;89-90;Khadijah;PERSON;1197;1205;0.99
000028-001;89-90;Rasulullah;PERSON;1373;1383;0.99
000028-002;89-90;Rasulullah;PERSON;40;50;0.99
000028-002;89-90;Khadijah;PERSON;101;109;0.99
000028-002;89-90;Ibrahim;PERSON;159;166;0.99
000028-002;89-90;Khadijah;PERSON;226;234;0.99
000028-002;89-90;Rasulullah;PERSON;290;300;0.99
000028-002;89-90;Abul Qasim;PERSON;310;320;0.99
000028-002;89-90;Zainab;PERSON;331;337;0.99
000028-002;89-90;Ummu Kultsum;PERSON;349;361;0.99
000029-001;90-91;Ka'bah;LOCATION;78;84;0.99
000029-001;90-91;Ka'bah;LOCATION;86;92;0.99
000029-001;90-91;Isma'il;PERSON;210;217;0.99
000029-001;90-91;Ka'bah;LOCATION;371;377;0.99
000029-001;90-91;Makkah;LOCATION;459;465;0.99
000029-001;90-91;Baitul- Haram;LOCATION;504;517;0.99
000029-001;90-91;Ka'bah;LOCATION;555;561;0.99
000029-001;90-91;Ka'bah;LOCATION;651;657;0.99
000029-001;90-91;Al-Walid bin Al-Mughirah;PERSON;978;1002;0.99
000029-001;90-91;Ka'bah;LOCATION;1044;1050;0.99
000029-001;90-91;Ka'bah;LOCATION;1184;1190;0.99
000029-001;90-91;Ibrahim;PERSON;1211;1218;0.99
000029-001;90-91;Ka'bah;LOCATION;1293;1299;0.99
000029-001;90-91;Ibnu Hisyam;PERSON;1425;1436;0.99
000029-001;90-91;Muhammad;PERSON;1463;1471;0.99
000029-002;90-91;Ibnu Hisyam;PERSON;58;69;0.99
000029-002;90-91;Muhammad;PERSON;96;104;0.99
000029-002;90-91;Ka'bah;LOCATION;325;331;0.99
000029-002;90-91;Abu Umayyah bin Al-Mughirah;PERSON;758;785;0.99
000029-002;90-91;Rasulullah;PERSON;1038;1048;0.99
000029-003;90-91;Muhammad;PERSON;33;41;0.99
000029-003;90-91;Ka'bah;LOCATION;1001;1007;0.99
000029-004;90-91;Ka'bah;LOCATION;122;128;0.99
000029-004;90-91;Ka'bah;LOCATION;391;397;0.99
000029-004;90-91;Ibnu Hisyam;PERSON;428;439;0.99
000030-002;92-93;Ibnul Atsir;PERSON;661;672;0.99
000030-002;92-93;Rasulullah;PERSON;693;703;0.99
000030-002;92-93;Makkah;LOCATION;1156;1162;0.99
000030-002;92-93;Muhammad;PERSON;1244;1252;0.99
000030-002;92-93;Makkah;LOCATION;1307;1313;0.99
000030-002;92-93;Ibnu Hisyam;PERSON;1473;1484;0.99
000030-003;92-93;Ibnu Hisyam;PERSON;26;37;0.99
000030-003;92-93;Makkah;LOCATION;161;167;0.99
000030-003;92-93;Jabir bin Abdullah;PERSON;795;813;0.99
000030-003;92-93;Ka'bah;LOCATION;836;842;0.99
000030-003;92-93;Abbas;PERSON;890;895;0.99
000030-004;92-93;Ummul;PERSON;695;700;0.99
000030-004;92-93;Khadijah;PERSON;710;718;0.99
000030-004;92-93;Ibnu Katsir;PERSON;905;916;0.99
000031-001;94-95;Rasulullah;PERSON;31;41;0.99
000031-001;94-95;Rasulullah;PERSON;140;150;0.99
000031-001;94-95;Gua Hira;LOCATION;296;304;0.99
000031-001;94-95;Jabal Nur;LOCATION;308;317;0.99
000031-001;94-95;Makkah;LOCATION;356;362;0.99
000031-001;94-95;bulan Ramadhan;TIME;529;543;0.99
000031-002;94-95;Muhammad;PERSON;539;547;0.99
000031-002;94-95;Rasulullah;PERSON;694;704;0.99
000032-001;95-99;bulan Ramadhan;TIME;451;465;0.99
000032-001;95-99;Gua Hira;LOCATION;509;517;0.99
000032-001;95-99;Jibril;PERSON;637;643;0.99
000032-001;95-99;hari Senin;TIME;851;861;0.99
000032-001;95-99;tanggal 21;TIME;869;879;0.99
000032-001;95-99;bulan Ramadhan;TIME;885;899;0.99
000032-001;95-99;tanggal 10 Agustus;TIME;924;942;0.99
000032-001;95-99;Ibnu Hajar;PERSON;1145;1155;0.99
000032-001;95-99;Rabi'ul Awwal;TIME;1351;1364;0.99
000032-001;95-99;bulan Ramadhan;TIME;1464;1478;0.99
000032-002;95-99;bulan Ramadhan;TIME;53;67;0.99
000032-002;95-99;bulan;TIME;343;348;0.99
000032-002;95-99;Ramadhan;TIME;349;357;0.99
000032-002;95-99;bulan Rajab;TIME;396;407;0.99
000032-002;95-99;Abdullah bin Muhammad bin Abdul Wahhab;PERSON;447;485;0.99
000032-002;95-99;bulan Ramadhan;TIME;548;562;0.99
000032-002;95-99;Ramadhan;TIME;600;608;0.99
000032-002;95-99;Lailatul-Qadar;TIME;740;754;0.99
000032-002;95-99;Lailatul-Qadar;TIME;799;813;0.99
000032-002;95-99;bulan Ramadhan;TIME;826;840;0.99
000032-002;95-99;Jibril;PERSON;1048;1054;0.99
000032-002;95-99;bulan Ramadhan;TIME;1184;1198;0.99
000032-002;95-99;Al-Khadhri;PERSON;1405;1415;0.99
000032-003;95-99;Al-Khadhri;PERSON;0;10;0.99
000032-003;95-99;Aisyah;PERSON;103;109;0.99
000032-003;95-99;Rasulullah;PERSON;377;387;0.99
000032-003;95-99;Gua Hira;LOCATION;615;623;0.99
000032-003;95-99;Khadijah;PERSON;731;739;0.99
000032-003;95-99;Gua Hira;LOCATION;833;841;0.99
000032-003;95-99;Jibril;PERSON;967;973;0.99
000032-004;95-99;hari Senin;TIME;453;463;0.99
000032-004;95-99;Abu Qatadah;PERSON;514;525;0.99
000032-004;95-99;Rasulullah;PERSON;534;544;0.99
000032-004;95-99;hari Senin;TIME;574;584;0.99
000032-004;95-99;Al-Baihaqi;PERSON;873;883;0.99
000032-004;95-99;bulan Ramadhan;TIME;929;943;0.99
000032-004;95-99;Lailatul-Qadr;TIME;1090;1103;0.99
000032-004;95-99;bulan Ramadhan;TIME;1180;1194;0.99
000032-005;95-99;Lailatul-Qadr;TIME;53;66;0.99
000032-005;95-99;bulan Ramadhan;TIME;143;157;0.99
000032-005;95-99;hari Senin;TIME;354;364;0.99
000032-005;95-99;hari Senin;TIME;419;429;0.99
000032-005;95-99;bulan Ramadhan;TIME;435;449;0.99
000032-005;95-99;bulan Ramadhan;TIME;572;586;0.99
000032-005;95-99;Rasulullah;PERSON;662;672;0.99
000032-005;95-99;Khadijah binti Khuwailid;PERSON;741;765;0.99
000032-005;95-99;Khadijah;PERSON;958;966;0.99
000032-005;95-99;Khadijah;PERSON;1085;1093;0.99
000032-005;95-99;Khadijah;PERSON;1354;1362;0.99
000032-005;95-99;Waraqah bin Naufal bin Asad bin Abdul Uzza;PERSON;1392;1434;0.99
000032-005;95-99;Khadijah;PERSON;1447;1455;0.99
000032-006;95-99;Khadijah;PERSON;244;252;0.99
000032-006;95-99;Waraqah bin Naufal bin Asad bin Abdul Uzza;PERSON;282;324;0.99
000032-006;95-99;Khadijah;PERSON;337;345;0.99
000032-006;95-99;Waraqah;PERSON;347;354;0.99
000032-006;95-99;Khadijah;PERSON;502;510;0.99
000032-006;95-99;Waraqah;PERSON;526;533;0.99
000032-006;95-99;Rasulullah;PERSON;587;597;0.99
000032-006;95-99;Waraqah;PERSON;601;608;0.99
000032-006;95-99;Rasulullah;PERSON;681;691;0.99
000032-006;95-99;Waraqah;PERSON;745;752;0.99
000032-006;95-99;Musa;PERSON;809;813;0.99
000032-006;95-99;Waraqah;PERSON;1153;1160;0.99
000032-006;95-99;Ath-Thabari;PERSON;1198;1209;0.99
000032-006;95-99;Ibnu Hisyam;PERSON;1214;1225;0.99
000032-006;95-99;Makkah;LOCATION;1371;1377;0.99
000032-007;95-99;Waraqah;PERSON;95;102;0.99
000032-007;95-99;Ath-Thabari;PERSON;140;151;0.99
000032-007;95-99;Ibnu Hisyam;PERSON;156;167;0.99
000032-007;95-99;Makkah;LOCATION;313;319;0.99
000032-007;95-99;Ath-Thabari;PERSON;336;347;0.99
000032-007;95-99;Gua Hira;LOCATION;520;528;0.99
000032-007;95-99;Rasulullah;PERSON;550;560;0.99
000032-008;95-99;Muhammad;PERSON;92;100;0.99
000032-008;95-99;Jibril;PERSON;137;143;0.99
000032-008;95-99;Jibril;PERSON;212;218;0.99
000032-008;95-99;Muhammad;PERSON;343;351;0.99
000032-008;95-99;Jibril;PERSON;387;393;0.99
000032-008;95-99;Jibril;PERSON;558;564;0.99
000032-008;95-99;Jibril;PERSON;655;661;0.99
000032-008;95-99;Khadijah;PERSON;777;785;0.99
000032-008;95-99;Makkah;LOCATION;851;857;0.99
000032-008;95-99;Khadijah;PERSON;883;891;0.99
000032-008;95-99;Jibril;PERSON;976;982;0.99
000032-008;95-99;Khadijah;PERSON;1096;1104;0.99
000032-008;95-99;Abu Qasim;PERSON;1139;1148;0.99
000032-008;95-99;Makkah;LOCATION;1261;1267;0.99
000032-008;95-99;Khadijah;PERSON;1307;1315;0.99
000032-009;95-99;Khadijah;PERSON;79;87;0.99
000032-009;95-99;Khadijah;PERSON;187;195;0.99
000032-009;95-99;Waraqah;PERSON;225;232;0.99
000032-009;95-99;Waraqah;PERSON;260;267;0.99
000032-009;95-99;Waraqah;PERSON;308;315;0.99
000032-009;95-99;Musa;PERSON;383;387;0.99
000032-009;95-99;Khadijah;PERSON;502;510;0.99
000032-009;95-99;Waraqah;PERSON;554;561;0.99
000032-009;95-99;Rasulullah;PERSON;581;591;0.99
000032-009;95-99;Makkah;LOCATION;627;633;0.99
000032-009;95-99;Waraqah;PERSON;650;657;0.99
000032-009;95-99;Waraqah;PERSON;709;716;0.99
000033-001;99;Ibnu Sa'd;PERSON;40;49;0.99
000033-001;99;Ibnu Abbas;PERSON;68;78;0.99
000033-001;99;Rasulullah;PERSON;521;531;0.99
000033-001;99;Jibril;PERSON;1003;1009;0.99
000033-001;99;Muhammad;PERSON;1045;1053;0.99
000033-001;99;Jibril;PERSON;1335;1341;0.99
000034-001;99-100;Ibnu Hajar;PERSON;0;10;0.99
000034-001;99-100;Ibnu Hisyam;PERSON;167;178;0.99
000034-001;99-100;Rasulullah;PERSON;250;260;0.99
000034-001;99-100;Jibril;PERSON;744;750;0.99
000034-001;99-100;Jabir bin Abdullah;PERSON;825;843;0.99
000034-001;99-100;Rasulullah;PERSON;872;882;0.99
000034-001;99-100;Gua Hira;LOCATION;1113;1121;0.99
000035-001;100-101;Ibnul Qayyim;PERSON;206;218;0.99
000035-002;100-101;Zaid bin Tsabit;PERSON;337;352;0.99
000035-002;100-101;Zaid;PERSON;363;367;0.99
000035-002;100-101;malam;EVENT;735;740;0.99
000035-002;100-101;Mi'raj;EVENT;741;747;0.99
000035-002;100-101;Musa bin Imran;PERSON;902;916;0.99
000035-002;100-101;Musa;PERSON;955;959;0.99
000035-002;100-101;Jabal Nur;LOCATION;1422;1431;0.99
000035-002;100-101;Gua Hira;LOCATION;1432;1440;0.99
000036-003;102-104;Muhammad;PERSON;1038;1046;0.99
000036-004;102-104;Rasulullah;PERSON;960;970;0.99
000037-001;105;Rasulullah;PERSON;30;40;0.99
000037-001;105;Makkah;LOCATION;116;122;0.99
000037-001;105;tahun 2;TIME;153;160;0.99
000037-001;105;Madinah;LOCATION;170;177;0.99
000037-001;105;Makkah;LOCATION;448;454;0.99
000037-001;105;Makkah;LOCATION;634;640;0.99
000037-001;105;tahun 3;TIME;693;700;0.99
000037-001;105;Makkah;LOCATION;725;731;0.99
000037-001;105;Madinah;LOCATION;805;812;0.99
000037-001;105;Madinah;LOCATION;832;839;0.99
000038-001;106;Makkah;LOCATION;33;39;0.99
000038-001;106;Ka'bah;LOCATION;110;116;0.99
000039-001;106-108;Rasulullah;PERSON;19;29;0.99
000039-001;106-108;Ummul Mukminin;PERSON;773;787;0.99
000039-001;106-108;Khadijah binti Khuwailid;PERSON;788;812;0.99
000039-001;106-108;Zaid bin Haritsah bin Syurahbil;PERSON;831;862;0.99
000039-001;106-108;Ali bin Abu Thalib;PERSON;882;900;0.99
000039-001;106-108;Ali;PERSON;916;919;0.99
000039-001;106-108;Khadijah;PERSON;994;1002;0.99
000039-001;106-108;Khadijah;PERSON;1013;1021;0.99
000039-001;106-108;Rasulullah;PERSON;1040;1050;0.99
000039-001;106-108;Rasulullah;PERSON;1172;1182;0.99
000039-001;106-108;Abu Bakar Ash-Shiddiq;PERSON;1262;1283;0.99
000039-001;106-108;Abu Bakar;PERSON;1344;1353;0.99
000039-002;106-108;Abu Bakar;PERSON;59;68;0.99
000039-002;106-108;Abu Bakar;PERSON;251;260;0.99
000039-002;106-108;Utsman bin Affan;PERSON;576;592;0.99
000039-002;106-108;Az-Zubair bin Al-Awwan;PERSON;603;625;0.99
000039-002;106-108;Abdurrahman bin Auf;PERSON;636;655;0.99
000039-002;106-108;Sa'd bin Abi Waqqash;PERSON;657;677;0.99
000039-002;106-108;Thalhah bin Ubaidillah;PERSON;694;716;0.99
000039-002;106-108;Bilal bin Rabbah;PERSON;782;798;0.99
000039-002;106-108;Abu Ubaidah;PERSON;850;861;0.99
000039-002;106-108;Amir bin Al-Jarrah;PERSON;862;880;0.99
000039-002;106-108;Al-Harits bin Fihr;PERSON;891;909;0.99
000039-002;106-108;Abu Salamah bin Abdul Asad;PERSON;911;937;0.99
000039-002;106-108;Al-Arqam bin Abil-Arqam;PERSON;939;962;0.99
000039-002;106-108;Utsman bin Mazh'un;PERSON;976;994;0.99
000039-002;106-108;Ubaidah bin Al-Harits bin Al-Muththalib bin Abdi;PERSON;1039;1087;0.99
000039-002;106-108;Sa'id bin Zaid;PERSON;1095;1109;0.99
000039-002;106-108;Khabbab bin Al-Aratt;PERSON;1147;1167;0.99
000039-002;106-108;Abdullah bin Mas'ud;PERSON;1169;1188;0.99
000039-002;106-108;Ibnu Hisyam;PERSON;1312;1323;0.99
000039-003;106-108;Ibnu Hisyam;PERSON;89;100;0.99
000039-003;106-108;Ibnu Ishaq;PERSON;220;230;0.99
000039-003;106-108;Makkah;LOCATION;352;358;0.99
000039-003;106-108;Rasulullah;PERSON;438;448;0.99
000039-003;106-108;Zaid bin Muhammad;PERSON;1103;1120;0.99
000039-003;106-108;Ibnu Hisyam;PERSON;1201;1212;0.99
000040-001;108;Muqatil bin Sulaiman;PERSON;64;84;0.99
000040-001;108;Ibnu Hajar;PERSON;297;307;0.99
000040-001;108;Al-Harits bin Usamah;PERSON;631;651;0.99
000040-001;108;Ibnu Luhai'ah;PERSON;676;689;0.99
000040-001;108;Zaid bin Haritsah;PERSON;710;727;0.99
000040-001;108;Rasulullah;PERSON;777;787;0.99
000040-001;108;Ibnu Majah;PERSON;899;909;0.99
000040-001;108;Al-Barra' bin Azib;PERSON;985;1003;0.99
000040-001;108;Ibnu Abbas;PERSON;1008;1018;0.99
000040-001;108;Ibnu Abbas;PERSON;1029;1039;0.99
000040-001;108;Ibnu Hasyim;PERSON;1085;1096;0.99
000040-001;108;Abu Thalib;PERSON;1282;1292;0.99
000040-001;108;Ali;PERSON;1333;1336;0.99
000040-001;108;Abu Thalib;PERSON;1343;1353;0.99
000040-001;108;Abu Thalib;PERSON;1426;1436;0.99
000040-001;108;Ali;PERSON;1457;1460;0.99
000041-001;108-109;Ibnu Hisyam;PERSON;290;301;0.99
000041-001;108-109;Muhammad;PERSON;311;319;0.99
000041-001;108-109;Muhammad;PERSON;488;496;0.99
000041-001;108-109;Umayyah bin Ash-Shallat;PERSON;660;683;0.99
000041-001;108-109;Qus bin Sa'idah;PERSON;685;700;0.99
000041-001;108-109;Amr bin Nufail;PERSON;702;716;0.99
000041-001;108-109;Rasulullah;PERSON;1223;1233;0.99
000041-001;108-109;SUDAN;LOCATION;1347;1352;0.99
000041-001;108-109;ERITREA;LOCATION;1353;1360;0.99
000041-001;108-109;Addis Ababa;LOCATION;1394;1405;0.99
000041-001;108-109;ETHIOPIA;LOCATION;1406;1414;0.99
000041-001;108-109;SOMALIA;LOCATION;1415;1422;0.99
000041-001;108-109;Ethopia;LOCATION;1428;1435;0.99
000041-001;108-109;Habasyah;LOCATION;1437;1445;0.99
000042-001;110;Musa;PERSON;221;225;0.99
000042-001;110;Musa;PERSON;445;449;0.99
000042-001;110;Musa;PERSON;531;535;0.99
000042-001;110;Rasulullah;PERSON;563;573;0.99
000042-001;110;Nuh;PERSON;932;935;0.99
000042-001;110;Ibrahim;PERSON;949;956;0.99
000043-001;110-111;Rasulullah;PERSON;31;41;0.99
000043-001;110-111;Al-Muththalib bin Abdi;PERSON;160;182;0.99
000043-001;110-111;Abu Lahab;PERSON;245;254;0.99
000043-001;110-111;Rasulullah;PERSON;887;897;0.99
000043-002;110-111;Abu Thalib;PERSON;394;404;0.99
000043-002;110-111;Abdul Muththalib;PERSON;848;864;0.99
000043-002;110-111;Abu Lahab;PERSON;867;876;0.99
000043-002;110-111;Abu Thalib;PERSON;997;1007;0.99
000044-001;111-113;Abu Thalib;PERSON;41;51;0.99
000044-001;111-113;Ibnu-Atsir;PERSON;86;96;0.99
000044-001;111-113;Shafa;LOCATION;185;190;0.99
000044-001;111-113;Ibnu Abbas;PERSON;450;460;0.99
000044-001;111-113;Shafa;LOCATION;578;583;0.99
000044-001;111-113;Abu Lahab;PERSON;809;818;0.99
000044-001;111-113;Abu Lahab;PERSON;1219;1228;0.99
000044-001;111-113;Abu Lahab;PERSON;1358;1367;0.99
000044-002;111-113;Abu Lahab;PERSON;80;89;0.99
000044-002;111-113;Abu Hurairah;PERSON;146;158;0.99
000044-002;111-113;Ka'b;PERSON;394;398;0.99
000044-002;111-113;Fathimah binti Muhammad;PERSON;449;472;0.99
000044-002;111-113;Rasulullah;PERSON;781;791;0.99
000045-001;113-114;Makkah;LOCATION;40;46;0.99
000045-001;113-114;Rasulullah;PERSON;238;248;0.99
000045-001;113-114;Makkah;LOCATION;653;659;0.99
000046-001;114;Abu Thalib;PERSON;99;109;0.99
000046-001;114;Ibnu Ishaq;PERSON;659;669;0.99
000046-001;114;Abu Thalib;PERSON;722;732;0.99
000046-001;114;Abu Thalib;PERSON;755;765;0.99
000046-001;114;Abu Thalib;PERSON;1144;1154;0.99
000046-001;114;Rasulullah;PERSON;1235;1245;0.99
000047-001;115-117;Jazirah Arab;LOCATION;207;219;0.99
000047-001;115-117;Muhammad;PERSON;371;379;0.99
000047-001;115-117;Al-Walid bin Al-Mughirah;PERSON;481;505;0.99
000047-004;115-117;Muhammad;PERSON;310;318;0.99
000047-004;115-117;Abu Lahab;PERSON;413;422;0.99
000047-004;115-117;Rasulullah;PERSON;466;476;0.99
000047-004;115-117;Abu Lahab;PERSON;608;617;0.99
000047-004;115-117;Rasulullah;PERSON;843;853;0.99
000048-001;117-121;Muhammad;PERSON;39;47;0.99
000048-001;117-121;Abu Lahab;PERSON;1116;1125;0.99
000048-001;117-121;Yazid bin Ruman;PERSON;1160;1175;0.99
000048-001;117-121;Thariq bin Abdullah;PERSON;1186;1205;0.99
000048-001;117-121;Ahmad;PERSON;1242;1247;0.99
000048-002;117-121;Abu Lahab;PERSON;27;36;0.99
000048-002;117-121;Yazid bin Ruman;PERSON;71;86;0.99
000048-002;117-121;Thariq bin Abdullah;PERSON;97;116;0.99
000048-002;117-121;Ahmad;PERSON;153;158;0.99
000048-002;117-121;Muhammad;PERSON;377;385;0.99
000048-002;117-121;Rasulullah;PERSON;455;465;0.99
000048-003;117-121;Muhammad;PERSON;563;571;0.99
000048-003;117-121;Rasulullah;PERSON;731;741;0.99
000048-003;117-121;An-Nadhar bin Al-Harits;PERSON;1081;1104;0.99
000048-004;117-121;Muhammad;PERSON;101;109;0.99
000048-004;117-121;An-Nadhr;PERSON;1238;1246;0.99
000048-005;117-121;Rasulullah;PERSON;85;95;0.99
000048-005;117-121;Muhammad;PERSON;283;291;0.99
000048-005;117-121;Muhammad;PERSON;448;456;0.99
000048-005;117-121;Ibnu Abbas;PERSON;494;504;0.99
000048-006;117-121;Ibnu Jarir;PERSON;142;152;0.99
000048-006;117-121;Ath-Thabarani;PERSON;157;170;0.99
000048-006;117-121;Rasulullah;PERSON;233;243;0.99
000048-006;117-121;Abd bin Humaid;PERSON;380;394;0.99
000048-006;117-121;Ibnu Ishaq;PERSON;499;509;0.99
000048-006;117-121;Rasulullah;PERSON;560;570;0.99
000048-006;117-121;Ibnu Hisyam;PERSON;594;605;0.99
000048-006;117-121;Ka'bah;LOCATION;734;740;0.99
000048-006;117-121;Al-Aswad bin Al-Muththalib bin Asad bin Abdul Uzza;PERSON;767;817;0.99
000048-006;117-121;Al-Walid bin Al-Mughirah bin Khalaf;PERSON;822;857;0.99
000048-006;117-121;Al-Ash bin Wa'il;PERSON;862;878;0.99
000048-006;117-121;Muhammad;PERSON;955;963;0.99
000049-001;121-129;Abu Lahab;PERSON;586;595;0.99
000049-001;121-129;Rasulullah;PERSON;603;613;0.99
000049-001;121-129;Rasulullah;PERSON;710;720;0.99
000049-001;121-129;Rasulullah;PERSON;1082;1092;0.99
000049-001;121-129;Abu Thalib;PERSON;1481;1491;0.99
000049-002;121-129;Abu Thalib;PERSON;42;52;0.99
000049-002;121-129;Abu Thalib;PERSON;64;74;0.99
000049-002;121-129;Abu Lahab;PERSON;514;523;0.99
000049-002;121-129;Abu Lahab;PERSON;531;540;0.99
000049-002;121-129;Shafa;LOCATION;778;783;0.99
000049-002;121-129;Shafa;LOCATION;839;844;0.99
000049-002;121-129;Abu Lahab;PERSON;850;859;0.99
000049-002;121-129;Abu Lahab;PERSON;928;937;0.99
000049-002;121-129;Utbah;PERSON;970;975;0.99
000049-002;121-129;Utaibah;PERSON;980;987;0.99
000049-002;121-129;Ruqayyah;PERSON;1015;1023;0.99
000049-002;121-129;Ummu Kultsum;PERSON;1028;1040;0.99
000049-002;121-129;Abu Lahab;PERSON;1241;1250;0.99
000049-002;121-129;Abdullah;PERSON;1288;1296;0.99
000049-002;121-129;Rasulullah;PERSON;1304;1314;0.99
000049-002;121-129;Abu Lahab;PERSON;1343;1352;0.99
000049-002;121-129;Muhammad;PERSON;1450;1458;0.99
000049-003;121-129;Muhammad;PERSON;75;83;0.99
000049-003;121-129;Abu Lahab;PERSON;170;179;0.99
000049-003;121-129;Rasulullah;PERSON;202;212;0.99
000049-003;121-129;Thariq bin Abdullah;PERSON;255;274;0.99
000049-003;121-129;Abu Lahab;PERSON;350;359;0.99
000049-003;121-129;Abu Lahab;PERSON;459;468;0.99
000049-003;121-129;Ummu Jamil binti Harb bin Umayyah;PERSON;470;503;0.99
000049-003;121-129;Abu Sufy;PERSON;513;521;0.99
000049-003;121-129;Rasulullah;PERSON;1034;1044;0.99
000049-003;121-129;Ka'bah;LOCATION;1100;1106;0.99
000049-003;121-129;Abu Bakar Ash-;PERSON;1115;1129;0.99
000049-003;121-129;Rasulullah;PERSON;1243;1253;0.99
000049-003;121-129;Abu Bakar;PERSON;1291;1300;0.99
000049-003;121-129;Abu Bakar;PERSON;1332;1341;0.99
000049-004;121-129;Abu Lahab;PERSON;290;299;0.99
000049-004;121-129;Abu Bakar;PERSON;336;345;0.99
000049-004;121-129;Rasulullah;PERSON;377;387;0.99
000049-004;121-129;Abu Bakar;PERSON;540;549;0.99
000049-004;121-129;Abu Lahab;PERSON;632;641;0.99
000049-004;121-129;Abu Bakar;PERSON;660;669;0.99
000049-004;121-129;Abu Bakar;PERSON;691;700;0.99
000049-004;121-129;Ka'bah;LOCATION;756;762;0.99
000049-004;121-129;Abu Bakar;PERSON;843;852;0.99
000049-004;121-129;Abu Lahab;PERSON;909;918;0.99
000049-004;121-129;Abu Lahab;PERSON;920;929;0.99
000049-004;121-129;Ibnu Ishaq;PERSON;1182;1192;0.99
000049-004;121-129;Rasulullah;PERSON;1227;1237;0.99
000049-004;121-129;Abu Lahab;PERSON;1267;1276;0.99
000049-004;121-129;Al-Hakam bin Abul Ash bin Umayyah;PERSON;1278;1311;0.99
000049-004;121-129;Uqbah bin Abu Mu'ith;PERSON;1313;1333;0.99
000049-004;121-129;Adi bin Hamra;PERSON;1335;1348;0.99
000049-004;121-129;Ibnul Ashda'Al-Hudzali;PERSON;1363;1385;0.99
000049-005;121-129;Al-Hakam bin Abul Ash;PERSON;98;119;0.99
000049-005;121-129;Ibnu Hisyam;PERSON;397;408;0.99
000049-005;121-129;Uqbah bin Abu Mu'ith;PERSON;761;781;0.99
000049-005;121-129;Abdullah bin Mas-ud;PERSON;812;831;0.99
000049-005;121-129;Ka'bah;LOCATION;872;878;0.99
000049-005;121-129;Abu Jahal;PERSON;889;898;0.99
000049-005;121-129;Muhammad;PERSON;1131;1139;0.99
000049-005;121-129;Uqbah bin Abu Mu'ith;PERSON;1196;1216;0.99
000049-006;121-129;Rasulullah;PERSON;204;214;0.99
000049-006;121-129;Abdullah bin Mas'ud;PERSON;610;629;0.99
000049-006;121-129;Abu Jahal;PERSON;777;786;0.99
000049-006;121-129;Utbah bin Rabi'ah;PERSON;797;814;0.99
000049-006;121-129;Syaibah bin Rabi'ah;PERSON;815;834;0.99
000049-006;121-129;Al-Walid bin Utbah;PERSON;836;854;0.99
000049-006;121-129;Umayyah bin Khalaf;PERSON;856;874;0.99
000049-006;121-129;Uqbah bin Abu Demi;PERSON;876;894;0.99
000049-006;121-129;Rasulullah;PERSON;976;986;0.99
000049-006;121-129;Perang;EVENT;1026;1032;0.99
000049-006;121-129;Umayyah bin Khalaf;PERSON;1045;1063;0.99
000049-006;121-129;Rasulullah;PERSON;1072;1082;0.99
000049-006;121-129;Ibnu Hisyam;PERSON;1172;1183;0.99
000049-006;121-129;Rasulullah Shallallahu Alaihi wa Sallam;PERSON;1242;1281;0.99
000049-006;121-129;Abdullah bin Mas'ud;PERSON;1320;1339;0.99
000049-007;121-129;Umayyah bin Khalaf;PERSON;151;169;0.99
000049-007;121-129;Ubay bin Khalaf;PERSON;171;186;0.99
000049-007;121-129;Uqbah bin Abu Mu'ith;PERSON;212;232;0.99
000049-007;121-129;Ubay bin Khalaf;PERSON;522;537;0.99
000049-007;121-129;Al-Akhnas bin Syariq;PERSON;662;682;0.99
000049-007;121-129;Rasulullah;PERSON;725;735;0.99
000049-007;121-129;Abu Jahal;PERSON;1139;1148;0.99
000049-008;121-129;Abu Jahal;PERSON;638;647;0.99
000049-008;121-129;Rasulullah;PERSON;667;677;0.99
000049-008;121-129;Masjidil Haram;LOCATION;729;743;0.99
000049-008;121-129;Ibrahim;PERSON;797;804;0.99
000049-008;121-129;Muhammad;PERSON;831;839;0.99
000049-008;121-129;Abu Jahal;PERSON;908;917;0.99
000049-008;121-129;Muhammad;PERSON;967;975;0.99
000049-008;121-129;Abu Jahal;PERSON;1239;1248;0.99
000049-008;121-129;Muhammad;PERSON;1415;1423;0.99
000049-009;121-129;Abu Jahal;PERSON;192;201;0.99
000049-009;121-129;Abu Hurairah;PERSON;281;293;0.99
000049-009;121-129;Abu Jahal;PERSON;310;319;0.99
000049-009;121-129;Muhammad;PERSON;337;345;0.99
000049-009;121-129;Abu Jahal;PERSON;532;541;0.99
000049-009;121-129;Rasulullah;PERSON;560;570;0.99
000049-009;121-129;Abul Hakam;PERSON;788;798;0.99
000049-009;121-129;Rasulullah;PERSON;1105;1115;0.99
000049-009;121-129;Abu Thalib;PERSON;1290;1300;0.99
000049-009;121-129;Makkah;LOCATION;1346;1352;0.99
000049-010;121-129;Abu Jahal;PERSON;437;446;0.99
000049-010;121-129;Utsman bin Affan;PERSON;737;753;0.99
000049-010;121-129;Mush'ab bin Umair;PERSON;836;853;0.99
000049-010;121-129;Bilal;PERSON;1024;1029;0.99
000049-010;121-129;Umayyah bin Khalaf;PERSON;1058;1076;0.99
000049-010;121-129;Makkah;LOCATION;1202;1208;0.99
000049-010;121-129;Umayyah;PERSON;1282;1289;0.99
000049-011;121-129;Makkah;LOCATION;236;242;0.99
000049-011;121-129;Bilal;PERSON;312;317;0.99
000049-011;121-129;Muhammad;PERSON;411;419;0.99
000049-011;121-129;Bilal;PERSON;452;457;0.99
000049-011;121-129;Abu Bakar;PERSON;506;515;0.99
000049-011;121-129;Bilal;PERSON;578;583;0.99
000049-011;121-129;Abu Bakar;PERSON;590;599;0.99
000049-011;121-129;Bilal;PERSON;608;613;0.99
000049-011;121-129;Abu Bakar;PERSON;674;683;0.99
000049-011;121-129;Ammar bin Yasir;PERSON;744;759;0.99
000049-011;121-129;Abu Jahal;PERSON;854;863;0.99
000049-011;121-129;Yasir;PERSON;1096;1101;0.99
000049-011;121-129;Sumayyah;PERSON;1155;1163;0.99
000049-011;121-129;Abu Jahal;PERSON;1172;1181;0.99
000049-012;121-129;Muhammad;PERSON;273;281;0.99
000049-012;121-129;Abu Fakihah;PERSON;738;749;0.99
000049-012;121-129;Khabbab bin Al-Aratt;PERSON;862;882;0.99
000049-012;121-129;Ummu Ammar binti Siba;PERSON;896;917;0.99
000049-012;121-129;Ibnu Hisyam;PERSON;1329;1340;0.99
000049-012;121-129;Ummu Ubais;PERSON;1427;1437;0.99
000049-013;121-129;Ummu Ubais;PERSON;74;84;0.99
000049-013;121-129;Umar bin Al-Khaththab;PERSON;347;368;0.99
000049-013;121-129;Umar;PERSON;475;479;0.99
000049-013;121-129;Abu Bakar;PERSON;553;562;0.99
000049-013;121-129;Bilal;PERSON;665;670;0.99
000049-013;121-129;Amir bin Fuhairah;PERSON;675;692;0.99
000050-001;129-130;Rasulullah;PERSON;31;41;0.99
000050-001;129-130;Sa'd bin Abi Waqqash;PERSON;858;878;0.99
000050-001;129-130;Muhammad bin Abdul Wahhab;PERSON;1084;1109;0.99
000050-001;129-130;Ibnu Hisyam;PERSON;1140;1151;0.99
000050-002;129-130;Rasulullah;PERSON;25;35;0.99
000050-002;129-130;Al-Arqam bin Abil-Alqam;PERSON;318;341;0.99
000050-002;129-130;Shafa;LOCATION;380;385;0.99
000051-001;130-133;Makkah;LOCATION;275;281;0.99
000051-001;130-133;Musa;PERSON;1245;1249;0.99
000051-002;130-133;Musa;PERSON;49;53;0.99
000051-002;130-133;Rasulullah;PERSON;1320;1330;0.99
000051-002;130-133;An-Najasyi;PERSON;1357;1367;0.99
000051-002;130-133;Habasyah;LOCATION;1391;1399;0.99
000051-003;130-133;Rasulullah;PERSON;0;10;0.99
000051-003;130-133;Habasyah;LOCATION;71;79;0.99
000051-003;130-133;Habasyah;LOCATION;238;246;0.99
000051-003;130-133;bulan Rajab;TIME;306;317;0.99
000051-003;130-133;Habasyah;LOCATION;392;400;0.99
000051-003;130-133;Utsman bin Affan;PERSON;479;495;0.99
000051-003;130-133;Ruqayyah;PERSON;536;544;0.99
000051-003;130-133;Rasulullah;PERSON;552;562;0.99
000051-003;130-133;Baitul-Haram;LOCATION;630;642;0.99
000051-003;130-133;Ibrahim;PERSON;686;693;0.99
000051-003;130-133;Habasyah;LOCATION;1036;1044;0.99
000051-003;130-133;bulan Ramadhan;TIME;1314;1328;0.99
000051-003;130-133;Masjidil Haram;LOCATION;1366;1380;0.99
000051-004;130-133;bulan Ramadhan;TIME;5;19;0.99
000051-004;130-133;Masjidil Haram;LOCATION;57;71;0.99
000051-005;130-133;Rasulullah;PERSON;506;516;0.99
000051-005;130-133;Habasyah;LOCATION;1101;1109;0.99
000051-005;130-133;Makkah;LOCATION;1266;1272;0.99
000051-005;130-133;bulan Syawwal;TIME;1278;1291;0.99
000051-005;130-133;Makkah;LOCATION;1331;1337;0.99
000051-006;130-133;Makkah;LOCATION;17;23;0.99
000051-006;130-133;Habasyah;LOCATION;141;149;0.99
000051-006;130-133;Makkah;LOCATION;190;196;0.99
000051-006;130-133;Habasyah;LOCATION;554;562;0.99
000051-006;130-133;Habasyah;LOCATION;740;748;0.99
000051-006;130-133;Muhammad;PERSON;916;924;0.99
000052-001;133-137;Amr bin Al-Ash;PERSON;293;307;0.99
000052-001;133-137;Abdullah bin Abu Rabi'ah;PERSON;312;336;0.99
000052-001;133-137;Najasyi;PERSON;469;476;0.99
000052-001;133-137;Najasyi;PERSON;749;756;0.99
000052-001;133-137;Najasyi;PERSON;788;795;0.99
000052-002;133-137;Najasyi;PERSON;629;636;0.99
000052-002;133-137;Najasyi;PERSON;831;838;0.99
000052-002;133-137;Ja'far bin Abu Thalib;PERSON;1012;1033;0.99
000052-004;133-137;Rasulullah;PERSON;642;652;0.99
000052-004;133-137;Najasyi;PERSON;662;669;0.99
000052-004;133-137;Najasyi;PERSON;829;836;0.99
000052-004;133-137;Najasyi;PERSON;1005;1012;0.99
000052-004;133-137;Isa;PERSON;1056;1059;0.99
000052-004;133-137;Najasyi;PERSON;1255;1262;0.99
000052-005;133-137;Najasyi;PERSON;132;139;0.99
000052-005;133-137;Amr bin Al-Ash;PERSON;141;155;0.99
000052-005;133-137;Abdullah bin Rabi'ah;PERSON;171;191;0.99
000052-005;133-137;Amr bin Al-Ash;PERSON;436;450;0.99
000052-005;133-137;Amr bin Al-Ash;PERSON;497;511;0.99
000052-005;133-137;Najasyi;PERSON;532;539;0.99
000052-005;133-137;Isa bin Maryam;PERSON;642;656;0.99
000052-005;133-137;Najasyi;PERSON;664;671;0.99
000052-005;133-137;Isa;PERSON;760;763;0.99
000052-005;133-137;Najasyi;PERSON;925;932;0.99
000052-005;133-137;Najasyi;PERSON;937;944;0.99
000052-005;133-137;Isa;PERSON;1052;1055;0.99
000052-005;133-137;Najasyi;PERSON;1163;1170;0.99
000052-005;133-137;Isa bin Maryam;PERSON;1238;1252;0.99
000052-005;133-137;Najasyi;PERSON;1359;1366;0.99
000052-005;133-137;Najasyi;PERSON;1383;1390;0.99
000052-006;133-137;Isa;PERSON;67;70;0.99
000052-006;133-137;Najasyi;PERSON;178;185;0.99
000052-006;133-137;Isa bin Maryam;PERSON;253;267;0.99
000052-006;133-137;Najasyi;PERSON;374;381;0.99
000052-006;133-137;Najasyi;PERSON;398;405;0.99
000052-006;133-137;Najasyi;PERSON;471;478;0.99
000052-006;133-137;Najasyi;PERSON;710;717;0.99
000052-006;133-137;Ummu Salamah;PERSON;1104;1116;0.99
000052-006;133-137;Najasyi;PERSON;1196;1203;0.99
000052-006;133-137;Ibnu Ishaq;PERSON;1388;1398;0.99
000052-006;133-137;Amr bin Al-Ash;PERSON;1428;1442;0.99
000052-006;133-137;Najasyi;PERSON;1457;1464;0.99
000052-006;133-137;Perang Badr;EVENT;1473;1484;0.99
000052-007;133-137;Amr bin Al-Ash;PERSON;28;42;0.99
000052-007;133-137;Najasyi;PERSON;57;64;0.99
000052-007;133-137;Perang Badr;EVENT;73;84;0.99
000052-007;133-137;Najasyi;PERSON;188;195;0.99
000052-007;133-137;Ja'far;PERSON;200;206;0.99
000052-007;133-137;Ibnu Ishaq;PERSON;278;288;0.99
000052-007;133-137;Ibnu;PERSON;407;411;0.99
000052-007;133-137;Rasulullah;PERSON;620;630;0.99
000052-007;133-137;Abu Thalib;PERSON;726;736;0.99
000052-007;133-137;Abu Thalib;PERSON;814;824;0.99
000053-001;137;Abu Thalib;PERSON;33;43;0.99
000053-001;137;Abu Thalib;PERSON;81;91;0.99
000053-001;137;Abu Thalib;PERSON;595;605;0.99
000053-001;137;Rasulullah;PERSON;646;656;0.99
000053-001;137;Rasulullah;PERSON;905;915;0.99
000053-001;137;Abu Thalib;PERSON;1274;1284;0.99
000053-001;137;Abu Thalib;PERSON;1351;1361;0.99
000053-002;137;Abu Thalib;PERSON;21;31;0.99
000053-002;137;Abu Thalib;PERSON;98;108;0.99
000054-001;138;Rasulullah;PERSON;24;34;0.99
000054-001;138;Abu Thalib;PERSON;88;98;0.99
000054-001;138;Abu Thalib;PERSON;256;266;0.99
000054-001;138;Ammarah bin Al-Walid bin Al-Mughirah;PERSON;295;331;0.99
000054-001;138;Abu Thalib;PERSON;340;350;0.99
000054-001;138;Abu Thalib;PERSON;1072;1082;0.99
000055-001;138-141;Abu Thalib;PERSON;100;110;0.99
000055-001;138-141;Makkah;LOCATION;436;442;0.99
000055-001;138-141;Hamzah bin Abdul Muththalib;PERSON;449;476;0.99
000055-001;138-141;Umar bin Al-Khaththab;PERSON;481;502;0.99
000055-001;138-141;Uthbah bin Abu Lahab;PERSON;547;567;0.99
000055-001;138-141;Rasulullah;PERSON;576;586;0.99
000055-001;138-141;Ibnu terbenam;PERSON;672;685;0.99
000055-001;138-141;Jibril;PERSON;734;740;0.99
000055-001;138-141;Utbah;PERSON;1007;1012;0.99
000055-001;138-141;Syam;LOCATION;1022;1026;0.99
000055-001;138-141;Syam;LOCATION;1115;1119;0.99
000055-001;138-141;Utbah;PERSON;1209;1214;0.99
000055-001;138-141;Muhammad;PERSON;1314;1322;0.99
000055-002;138-141;Muhammad;PERSON;63;71;0.99
000055-002;138-141;Muhammad;PERSON;118;126;0.99
000055-002;138-141;Makkah;LOCATION;134;140;0.99
000055-002;138-141;Syam;LOCATION;152;156;0.99
000055-002;138-141;Utbah;PERSON;215;220;0.99
000055-002;138-141;Ibnu Ishaq;PERSON;328;338;0.99
000055-002;138-141;Abu Jahal;PERSON;390;399;0.99
000055-002;138-141;Muhammad;PERSON;450;458;0.99
000055-002;138-141;Abu Jahal;PERSON;940;949;0.99
000055-002;138-141;Rasulullah;PERSON;1015;1025;0.99
000055-002;138-141;Abu Jahal;PERSON;1074;1083;0.99
000055-002;138-141;Abu Jahal;PERSON;1114;1123;0.99
000055-002;138-141;Abu Jahal;PERSON;1372;1381;0.99
000055-002;138-141;Abul Hakam;PERSON;1420;1430;0.99
000055-003;138-141;Abu Jahal;PERSON;30;39;0.99
000055-003;138-141;Abul Hakam;PERSON;78;88;0.99
000055-003;138-141;Ibnu Ishaq;PERSON;524;534;0.99
000055-003;138-141;Rasulullah;PERSON;547;557;0.99
000055-003;138-141;Jibril;PERSON;575;581;0.99
000055-003;138-141;Jibril;PERSON;620;626;0.99
000055-003;138-141;Abu Jahal;PERSON;677;686;0.99
000055-003;138-141;Rasulullah;PERSON;696;706;0.99
000055-003;138-141;Hamzah;PERSON;729;735;0.99
000055-003;138-141;Rasulullah;PERSON;849;859;0.99
000055-003;138-141;Ibnu Ishaq;PERSON;911;921;0.99
000055-003;138-141;Abdullah bin Amru bin Al-Ash;PERSON;940;968;0.99
000055-003;138-141;Hijir;LOCATION;1031;1036;0.99
000055-003;138-141;Rasulullah;PERSON;1058;1068;0.99
000055-003;138-141;Ka'bah;LOCATION;1438;1444;0.99
000055-004;138-141;Ka'bah;LOCATION;66;72;0.99
000055-004;138-141;Abu Al-Qasim;PERSON;888;900;0.99
000055-004;138-141;Abu Bakar;PERSON;1143;1152;0.99
000055-004;138-141;Ibnu Ibnu Amru;PERSON;1351;1365;0.99
000055-005;138-141;Ibnu Ibnu Amru;PERSON;14;28;0.99
000055-005;138-141;Urwah bin Az-Zubair;PERSON;143;162;0.99
000055-005;138-141;Ibnu Amru bin Al-Ash;PERSON;197;217;0.99
000055-005;138-141;Ka'bah;LOCATION;344;350;0.99
000055-005;138-141;Uqbah bin Abu Mu'aith;PERSON;369;390;0.99
000055-005;138-141;Abu Bakar;PERSON;495;504;0.99
000056-001;141-142;Hamzah bin Abdul Muththalib;PERSON;172;199;0.99
000056-001;141-142;bulan Dzul Hijjah;TIME;303;320;0.99
000056-001;141-142;Abu Jahal;PERSON;360;369;0.99
000056-001;141-142;Rasulullah;PERSON;379;389;0.99
000056-001;141-142;Shafa;LOCATION;401;406;0.99
000056-001;141-142;Ka'bah;LOCATION;659;665;0.99
000056-001;141-142;Abdullah bin Jad'an;PERSON;726;745;0.99
000056-001;141-142;Abu Jahal;PERSON;793;802;0.99
000056-001;141-142;Hamzah;PERSON;830;836;0.99
000056-001;141-142;Abu Jahal;PERSON;965;974;0.99
000056-001;141-142;Hamzah;PERSON;1075;1081;0.99
000056-001;141-142;Abu Jahal;PERSON;1187;1196;0.99
000056-001;141-142;Abu Jahal;PERSON;1296;1305;0.99
000056-002;141-142;Abu Jahal;PERSON;56;65;0.99
000056-002;141-142;Abu Jahal;PERSON;231;240;0.99
000056-002;141-142;Abu Jahal;PERSON;335;344;0.99
000056-002;141-142;Hamzah;PERSON;428;434;0.99
000056-002;141-142;Abu Ammarah;PERSON;449;460;0.99
000057-001;142-148;Umar bin Al-Khaththab;PERSON;172;193;0.99
000057-001;142-148;bulan Dzul Hijjah;TIME;216;233;0.99
000057-001;142-148;Hamzah bin Abdul Muththalib;PERSON;303;330;0.99
000057-001;142-148;At-;PERSON;395;398;0.99
000057-001;142-148;Ibnu Umar;PERSON;424;433;0.99
000057-001;142-148;Ath-Thabarani;PERSON;460;473;0.99
000057-001;142-148;Ibnu Mas'ud;PERSON;479;490;0.99
000057-001;142-148;Umar bin Al-Kaththab;PERSON;631;651;0.99
000057-001;142-148;Abu Jahal bin Hisyam;PERSON;664;684;0.99
000057-001;142-148;Umar bin Kaththab;PERSON;736;753;0.99
000057-001;142-148;Umar;PERSON;1047;1051;0.99
000057-002;142-148;Umar;PERSON;559;563;0.99
000057-002;142-148;Muhammad;PERSON;643;651;0.99
000057-002;142-148;Baitul-Haram;LOCATION;819;831;0.99
000057-002;142-148;Ka'bah;LOCATION;859;865;0.99
000057-002;142-148;Ibnu Hisyam;PERSON;950;961;0.99
000057-002;142-148;Umar;PERSON;1076;1080;0.99
000057-003;142-148;Umar;PERSON;391;395;0.99
000057-003;142-148;Umar;PERSON;696;700;0.99
000057-003;142-148;Umar bin Al-Khaththab;PERSON;815;836;0.99
000057-003;142-148;Rasulullah;PERSON;1244;1254;0.99
000057-004;142-148;Rasulullah;PERSON;86;96;0.99
000057-004;142-148;Umar bin Al-Khaththab;PERSON;356;377;0.99
000057-004;142-148;Ibnul Jauzi;PERSON;379;390;0.99
000057-004;142-148;Ibnu Ishaq;PERSON;455;465;0.99
000057-004;142-148;Ibnu Ishaq;PERSON;570;580;0.99
000057-004;142-148;Ibnu Hisyam;PERSON;608;619;0.99
000057-004;142-148;Anas bin Malik;PERSON;655;669;0.99
000057-004;142-148;Umar bin Al-Khaththab;PERSON;703;724;0.99
000057-004;142-148;Ibnu Abbas;PERSON;803;813;0.99
000057-004;142-148;Umar;PERSON;843;847;0.99
000057-004;142-148;Muhammad;PERSON;871;879;0.99
000057-004;142-148;Muhammad;PERSON;996;1004;0.99
000057-004;142-148;Umar;PERSON;1122;1126;0.99
000057-004;142-148;Umar;PERSON;1202;1206;0.99
000057-004;142-148;Umar;PERSON;1342;1346;0.99
000057-004;142-148;Khabbab bin Al-Art;PERSON;1431;1449;0.99
000057-005;142-148;Umar;PERSON;134;138;0.99
000057-005;142-148;Khabbab bin Al-Art;PERSON;223;241;0.99
000057-005;142-148;Umar;PERSON;384;388;0.99
000057-005;142-148;Umar;PERSON;532;536;0.99
000057-005;142-148;Umar;PERSON;667;671;0.99
000057-005;142-148;Umar;PERSON;808;812;0.99
000057-005;142-148;umar;PERSON;821;825;0.99
000057-005;142-148;Umar;PERSON;920;924;0.99
000057-005;142-148;Umar;PERSON;1058;1062;0.99
000057-005;142-148;Ibnu Ishaq;PERSON;1123;1133;0.99
000057-005;142-148;Umar;PERSON;1135;1139;0.99
000057-005;142-148;Umar;PERSON;1180;1184;0.99
000057-005;142-148;Muhammad;PERSON;1338;1346;0.99
000057-005;142-148;Umar;PERSON;1368;1372;0.99
000057-006;142-148;Umar;PERSON;100;104;0.99
000057-006;142-148;Umar;PERSON;260;264;0.99
000057-006;142-148;Muhammad;PERSON;667;675;0.99
000057-006;142-148;Khabbab;PERSON;703;710;0.99
000057-006;142-148;Umar;PERSON;731;735;0.99
000057-006;142-148;Umar;PERSON;827;831;0.99
000057-006;142-148;Rasulullah;PERSON;874;884;0.99
000057-006;142-148;Rasulullah;PERSON;925;935;0.99
000057-006;142-148;Shafa;LOCATION;981;986;0.99
000057-006;142-148;Umar;PERSON;989;993;0.99
000057-006;142-148;Umar;PERSON;1174;1178;0.99
000057-006;142-148;Rasulullah;PERSON;1242;1252;0.99
000057-006;142-148;Hamzah;PERSON;1329;1335;0.99
000057-006;142-148;Umar;PERSON;1341;1345;0.99
000057-006;142-148;Umar;PERSON;1366;1370;0.99
000057-007;142-148;Rasulullah;PERSON;167;177;0.99
000057-007;142-148;Hamzah;PERSON;226;232;0.99
000057-007;142-148;Umar;PERSON;245;249;0.99
000057-007;142-148;Umar;PERSON;268;272;0.99
000057-007;142-148;Umar;PERSON;501;505;0.99
000057-007;142-148;Al-Walid bin Al-Mughirah;PERSON;573;597;0.99
000057-007;142-148;Umar bin Al-Khaththab;PERSON;616;637;0.99
000057-007;142-148;Umar bin Al-Khaththab;PERSON;674;695;0.99
000057-007;142-148;Umar;PERSON;698;702;0.99
000057-007;142-148;Umar;PERSON;809;813;0.99
000057-007;142-148;Masjidil;LOCATION;949;957;0.99
000057-007;142-148;Umar;PERSON;958;962;0.99
000057-007;142-148;Ibnu Ishaq;PERSON;1227;1237;0.99
000057-007;142-148;Umar;PERSON;1273;1277;0.99
000057-007;142-148;Makkah;LOCATION;1359;1365;0.99
000057-007;142-148;Abu Jahal;PERSON;1407;1416;0.99
000057-008;142-148;Abu Jahal;PERSON;7;16;0.99
000057-008;142-148;Muhammad;PERSON;234;242;0.99
000057-008;142-148;Ibnul Jauzi;PERSON;415;426;0.99
000057-008;142-148;Umar;PERSON;445;449;0.99
000057-008;142-148;Al-Ashy bin Hasyim;PERSON;612;630;0.99
000057-008;142-148;Abu Jahal;PERSON;776;785;0.99
000057-008;142-148;Ibnu Hisyam;PERSON;849;860;0.99
000057-008;142-148;Ibnul Jauzi;PERSON;865;876;0.99
000057-008;142-148;Umar;PERSON;919;923;0.99
000057-008;142-148;Jamil bin Ma'mar;PERSON;952;968;0.99
000057-008;142-148;Ibnul Khaththab;PERSON;1062;1077;0.99
000057-008;142-148;Umar;PERSON;1103;1107;0.99
000057-008;142-148;Umar;PERSON;1215;1219;0.99
000057-008;142-148;Umar;PERSON;1321;1325;0.99
000057-008;142-148;Umar;PERSON;1397;1401;0.99
000057-009;142-148;Umar bin Al-Khaththab;PERSON;161;182;0.99
000057-009;142-148;Ibnu Hisyam;PERSON;259;270;0.99
000057-009;142-148;Umar bin Al-Khaththab;PERSON;294;315;0.99
000057-009;142-148;Ibnu Hisyam;PERSON;345;356;0.99
000057-009;142-148;Umar;PERSON;441;445;0.99
000057-009;142-148;Abdullah bin Umar;PERSON;510;527;0.99
000057-009;142-148;Umar;PERSON;556;560;0.99
000057-009;142-148;Al-Ash bin Wa'il;PERSON;617;633;0.99
000057-009;142-148;Abu Amr;PERSON;643;650;0.99
000057-009;142-148;Umar;PERSON;799;803;0.99
000057-009;142-148;Ibnul Khaththab;PERSON;1094;1109;0.99
000057-009;142-148;Umar bin Al-Khaththab;PERSON;1234;1255;0.99
000057-010;142-148;Ibnu Abbas;PERSON;96;106;0.99
000057-010;142-148;Umar bin Al-Khaththab;PERSON;142;163;0.99
000057-010;142-148;Hamzah;PERSON;221;227;0.99
000057-010;142-148;Rasulullah;PERSON;417;427;0.99
000057-010;142-148;Umar;PERSON;669;673;0.99
000057-010;142-148;Hamzah;PERSON;833;839;0.99
000057-010;142-148;Hamzah;PERSON;875;881;0.99
000057-010;142-148;Masjidil Haram;LOCATION;963;977;0.99
000057-010;142-148;Hamzah;PERSON;1053;1059;0.99
000057-010;142-148;Umar;PERSON;1222;1226;0.99
000057-010;142-148;Umar;PERSON;1297;1301;0.99
000057-010;142-148;Umar;PERSON;1325;1329;0.99
000057-011;142-148;Umar;PERSON;90;94;0.99
000057-011;142-148;Rasulullah;PERSON;174;184;0.99
000057-011;142-148;Ibnu Mas'ud;PERSON;243;254;0.99
000057-011;142-148;Ka'bah;LOCATION;321;327;0.99
000057-011;142-148;Umar;PERSON;335;339;0.99
000057-011;142-148;Shuhaib bin Sinar;PERSON;351;368;0.99
000057-011;142-148;Umar;PERSON;401;405;0.99
000057-011;142-148;Baitul-Haram;LOCATION;545;557;0.99
000057-011;142-148;Ka'bah;LOCATION;580;586;0.99
000057-011;142-148;Abdullah bin Mas'ud;PERSON;682;701;0.99
000058-001;148-150;Hamzah;PERSON;62;68;0.99
000058-001;148-150;Umar;PERSON;73;77;0.99
000058-001;148-150;Rasulullah;PERSON;272;282;0.99
000058-001;148-150;Ibnu Ishaq;PERSON;573;583;0.99
000058-001;148-150;Yazid bin Ziyad;PERSON;611;626;0.99
000058-001;148-150;Muhammad bin Ka'b;PERSON;633;650;0.99
000058-001;148-150;Uthbah bin Rabi;PERSON;688;703;0.99
000058-001;148-150;Rasulullah;PERSON;825;835;0.99
000058-001;148-150;Masjidil Haram;LOCATION;852;866;0.99
000058-001;148-150;Utbah;PERSON;879;884;0.99
000058-001;148-150;Muhammad;PERSON;947;955;0.99
000058-001;148-150;Hamzah;PERSON;1163;1169;0.99
000058-001;148-150;Rasulullah;PERSON;1210;1220;0.99
000058-001;148-150;Abul Walid;PERSON;1265;1275;0.99
000058-001;148-150;Umar bin Al-Khaththab;PERSON;1328;1349;0.99
000058-001;148-150;Umar bin Al-Khaththab;PERSON;1411;1432;0.99
000058-002;148-150;Umar bin Al-Khaththab;PERSON;11;32;0.99
000058-002;148-150;Umar bin Al-Khaththab;PERSON;75;96;0.99
000058-002;148-150;Abul Walid;PERSON;741;751;0.99
000058-003;148-150;Utbah;PERSON;268;273;0.99
000058-003;148-150;Rasulullah;PERSON;293;303;0.99
000058-003;148-150;Abul Walid;PERSON;385;395;0.99
000058-003;148-150;Utbah;PERSON;410;415;0.99
000058-003;148-150;Abul Walid;PERSON;442;452;0.99
000058-003;148-150;Utbah;PERSON;1081;1086;0.99
000058-003;148-150;Abul Walid;PERSON;1207;1217;0.99
000058-004;148-150;Abul Walid;PERSON;33;43;0.99
000058-004;148-150;Utbah;PERSON;138;143;0.99
000058-004;148-150;Abul Walid;PERSON;249;259;0.99
000058-004;148-150;Abul Walid;PERSON;347;357;0.99
000058-004;148-150;Abul Walid;PERSON;1138;1148;0.99
000059-001;150-151;Abu Thalib;PERSON;65;75;0.99
000059-001;150-151;Ibnu Hisyam;PERSON;168;179;0.99
000059-001;150-151;Ammarah bin Al-Walid;PERSON;392;412;0.99
000059-001;150-151;Abu Jahal;PERSON;428;437;0.99
000059-001;150-151;Uqbah bin Abu Mu'ith;PERSON;521;541;0.99
000059-001;150-151;Abu Thalib;PERSON;649;659;0.99
000059-001;150-151;Hamzah;PERSON;884;890;0.99
000059-001;150-151;Umar;PERSON;896;900;0.99
000059-001;150-151;Abu Thalib;PERSON;976;986;0.99
000059-001;150-151;Rasulullah;PERSON;1058;1068;0.99
000059-001;150-151;Abu Thalib;PERSON;1288;1298;0.99
000059-001;150-151;Al-Muththalib;PERSON;1365;1378;0.99
000059-002;150-151;Al-Muththalib;PERSON;65;78;0.99
000059-002;150-151;Abu Lahab;PERSON;320;329;0.99
000060-001;152;Hamzah;PERSON;132;138;0.99
000060-001;152;Umar;PERSON;160;164;0.99
000060-001;152;Muhammad;PERSON;166;174;0.99
000060-001;152;Muhammad;PERSON;320;328;0.99
000060-001;152;Muhammad;PERSON;441;449;0.99
000060-001;152;Makkah;LOCATION;482;488;0.99
000061-001;152;Muhammad;PERSON;277;285;0.99
000061-001;152;Ibnul Qayyim;PERSON;544;556;0.99
000061-001;152;Manshur bin Ikrimah bin Amir bin Hasyim;PERSON;608;647;0.99
000061-001;152;Nadhr bin Al-Harits;PERSON;686;705;0.99
000061-001;152;Baghidh bin Amir bin Hayim;PERSON;730;756;0.99
000061-001;152;Rasulullah;PERSON;758;768;0.99
000061-001;152;Ka'bah;LOCATION;908;914;0.99
000061-001;152;Abu Lahab;PERSON;1014;1023;0.99
000061-001;152;Abu Thalib;PERSON;1057;1067;0.99
000061-001;152;bulan Muharram;TIME;1078;1092;0.99
000062-001;153;Makkah;LOCATION;150;156;0.99
000062-001;153;Abu Thalib;PERSON;497;507;0.99
000062-001;153;Makkah;LOCATION;782;788;0.99
000062-001;153;Makkah;LOCATION;833;839;0.99
000062-001;153;Hakim bin Hizam;PERSON;909;924;0.99
000062-001;153;Khadijah;PERSON;979;987;0.99
000062-001;153;Abu Jahal;PERSON;996;1005;0.99
000062-001;153;Abul Bakhtari;PERSON;1060;1073;0.99
000062-001;153;Abu Thalib;PERSON;1189;1199;0.99
000062-001;153;Rasulullah;PERSON;1233;1243;0.99
000062-002;153;Abu Thalib;PERSON;15;25;0.99
000062-002;153;Rasulullah;PERSON;59;69;0.99
000062-002;153;Rasulullah;PERSON;484;494;0.99
000063-001;153-156;bulan Muharram;TIME;52;66;0.99
000063-001;153-156;Abu Thalib;PERSON;346;356;0.99
000063-001;153-156;bulan Rajab;TIME;419;430;0.99
000063-001;153-156;bulan Ramadhan;TIME;493;507;0.99
000063-001;153-156;Hisyam bin Amr;PERSON;612;626;0.99
000063-001;153-156;Amir bin Lu'ay;PERSON;637;651;0.99
000063-001;153-156;Zuhair bin Abu Umayyah;PERSON;762;784;0.99
000063-001;153-156;Abdul Muththalib;PERSON;826;842;0.99
000063-001;153-156;Al-Muth'im bin Adi;PERSON;1355;1373;0.99
000063-002;153-156;Al-Muth'im bin Adi;PERSON;87;105;0.99
000063-002;153-156;Al-Muththalib bin Abdi;PERSON;182;204;0.99
000063-002;153-156;Zuhair bin Abu Umayyah;PERSON;576;598;0.99
000063-002;153-156;Abul Bakhtari bin Hisyam;PERSON;701;725;0.99
000063-002;153-156;Abul Bakhtari;PERSON;834;847;0.99
000063-002;153-156;Abul Bakhtari;PERSON;889;902;0.99
000063-002;153-156;Zuhair bin Abu Umayyah;PERSON;905;927;0.99
000063-002;153-156;Al-Muth'im bin Adi;PERSON;929;947;0.99
000063-002;153-156;Zam'ah bin Al-Aswad bin Al-Muththalib bin Asad;PERSON;1017;1063;0.99
000063-003;153-156;Ka'bah;LOCATION;154;160;0.99
000063-003;153-156;Makkah;LOCATION;243;249;0.99
000063-003;153-156;Abu Jahal;PERSON;459;468;0.99
000063-003;153-156;Zam'ah bin Al-Aswad;PERSON;610;629;0.99
000063-003;153-156;Abul Bakhtari;PERSON;735;748;0.99
000063-003;153-156;Abul Bakhtari;PERSON;883;896;0.99
000063-003;153-156;Al-Muth'im bin Adi;PERSON;1008;1026;0.99
000063-003;153-156;Abu Jahal;PERSON;1262;1271;0.99
000063-003;153-156;Abu Thalib;PERSON;1282;1292;0.99
000063-004;153-156;Abu Thalib;PERSON;217;227;0.99
000063-004;153-156;Abu Thalib;PERSON;516;526;0.99
000063-004;153-156;Abu Thalib;PERSON;575;585;0.99
000063-004;153-156;Abu Jahal;PERSON;620;629;0.99
000063-004;153-156;Rasulullah;PERSON;942;952;0.99
000063-005;153-156;Ka'bah;LOCATION;121;127;0.99
000063-005;153-156;Makkah;LOCATION;204;210;0.99
000063-005;153-156;Ibnu Hisyam;PERSON;258;269;0.99
000064-001;157-159;Rasulullah;PERSON;0;10;0.99
000064-001;157-159;Abu Thalib;PERSON;258;268;0.99
000064-001;157-159;Abu Thalib;PERSON;646;656;0.99
000064-001;157-159;Abu Thalib;PERSON;779;789;0.99
000064-001;157-159;Ibnu Ishaq;PERSON;790;800;0.99
000064-001;157-159;Abu Thalib;PERSON;838;848;0.99
000064-001;157-159;Hamzah;PERSON;953;959;0.99
000064-001;157-159;Umar;PERSON;964;968;0.99
000064-001;157-159;Muhammad;PERSON;1006;1014;0.99
000064-001;157-159;Abu Thalib;PERSON;1081;1091;0.99
000064-002;157-159;Abu Thalib;PERSON;23;33;0.99
000064-002;157-159;Abu Thalib;PERSON;456;466;0.99
000064-002;157-159;Abu Thalib;PERSON;584;594;0.99
000064-002;157-159;Utbah bin Rabi;PERSON;669;683;0.99
000064-002;157-159;Syaibah bin Rabi'ah;PERSON;689;708;0.99
000064-002;157-159;Abu Jahal bin Hisyam;PERSON;710;730;0.99
000064-002;157-159;Umayyah bin Khalaf;PERSON;732;750;0.99
000064-002;157-159;Abu Sufyan bin Harb;PERSON;752;771;0.99
000064-002;157-159;Abu Thalib;PERSON;850;860;0.99
000064-002;157-159;Abu Thalib;PERSON;1283;1293;0.99
000064-002;157-159;Rasulullah;PERSON;1320;1330;0.99
000064-002;157-159;Abu Thalib;PERSON;1354;1364;0.99
000064-003;157-159;Abu Thalib;PERSON;118;128;0.99
000064-004;157-159;Abu Thalib;PERSON;91;101;0.99
000064-004;157-159;Abu Thalib;PERSON;451;461;0.99
000064-004;157-159;Abu Thalib;PERSON;849;859;0.99
000064-004;157-159;Ibnu Ishaq;PERSON;1055;1065;0.99
000064-004;157-159;Abu Jahal;PERSON;1247;1256;0.99
000064-004;157-159;Muhammad;PERSON;1510;1518;0.99
000064-005;157-159;Abu Thalib;PERSON;249;259;0.99
000064-005;157-159;Abu Thalib;PERSON;647;657;0.99
000064-005;157-159;Ibnu Ishaq;PERSON;853;863;0.99
000064-005;157-159;Abu Jahal;PERSON;1045;1054;0.99
000064-005;157-159;Muhammad;PERSON;1308;1316;0.99
000064-006;157-159;Ibnu Hisyam;PERSON;1303;1314;0.99
000065-001;160-161;Abu Thalib;PERSON;6;16;0.99
000065-001;160-161;bulan Rajab;TIME;111;122;0.99
000065-001;160-161;bulan Ramadhan;TIME;251;265;0.99
000065-001;160-161;Khadijah;PERSON;295;303;0.99
000065-001;160-161;Abu Thalib;PERSON;386;396;0.99
000065-001;160-161;Abu Jahal;PERSON;444;453;0.99
000065-001;160-161;Abu Jahal;PERSON;575;584;0.99
000065-001;160-161;Abdullah bin Abu Umayyah;PERSON;589;613;0.99
000065-001;160-161;Abu Thalib;PERSON;630;640;0.99
000065-001;160-161;Abdul Muththalib;PERSON;676;692;0.99
000065-001;160-161;Abu Thalib;PERSON;793;803;0.99
000065-001;160-161;Abdul Muththalib;PERSON;830;846;0.99
000065-002;160-161;Abu Thalib;PERSON;622;632;0.99
000065-002;160-161;Rasulullah;PERSON;642;652;0.99
000065-002;160-161;Al-Abbas bin Abdul Muththalib;PERSON;909;938;0.99
000065-002;160-161;Abu Sa;PERSON;1219;1225;0.99
000066-001;161-162;Abu Thalib;PERSON;38;48;0.99
000066-001;161-162;Khadijah;PERSON;82;90;0.99
000066-001;161-162;bulan Ramadhan;TIME;136;150;0.99
000066-001;161-162;Khadijah;PERSON;268;276;0.99
000066-001;161-162;Rasulullah;PERSON;336;346;0.99
000066-001;161-162;Rasulullah;PERSON;616;626;0.99
000066-001;161-162;bulan Ramadhan;TIME;744;758;0.99
000066-001;161-162;Ibnul Jauzi;PERSON;766;777;0.99
000066-001;161-162;Abu Hurairah;PERSON;1121;1133;0.99
000066-001;161-162;Jibril;PERSON;1150;1156;0.99
000066-001;161-162;Rasulullah;PERSON;1197;1207;0.99
000066-001;161-162;Khadijah;PERSON;1216;1224;0.99
000067-001;162-163;Rasulullah;PERSON;119;129;0.99
000067-001;162-163;Tha'if;LOCATION;374;380;0.99
000067-001;162-163;Makkah;LOCATION;746;752;0.99
000067-001;162-163;Abu Bakar Ash-Shiddiq;PERSON;812;833;0.99
000067-001;162-163;Makkah;LOCATION;854;860;0.99
000067-001;162-163;Habasyah;LOCATION;935;943;0.99
000067-001;162-163;Ibnud;PERSON;1020;1025;0.99
000067-001;162-163;Ibnu Ishaq;PERSON;1048;1058;0.99
000067-001;162-163;Abu Thalib;PERSON;1068;1078;0.99
000067-001;162-163;Rasulullah;PERSON;1152;1162;0.99
000067-002;162-163;Ibnu Hisyam;PERSON;418;429;0.99
000067-002;162-163;Abu Thalib;PERSON;600;610;0.99
000068-001;163;bulan Syawwal;TIME;5;18;0.99
000068-001;163;Rasulullah;PERSON;49;59;0.99
000068-001;163;Saudah binti Zam'ah;PERSON;69;88;0.99
000068-001;163;Habasyah;LOCATION;161;169;0.99
000068-001;163;Sakran bin Amr;PERSON;209;223;0.99
000068-001;163;Habasyah;LOCATION;304;312;0.99
000068-001;163;Makkah;LOCATION;360;366;0.99
000068-001;163;Habasyah;LOCATION;381;389;0.99
000068-001;163;Khadijah;PERSON;490;498;0.99
000068-001;163;Khadijah;PERSON;572;580;0.99
000068-001;163;Rasulullah;PERSON;588;598;0.99
000071-001;165-168;Abu Jahal;PERSON;741;750;0.99
000071-001;165-168;Abu Sufyan;PERSON;752;762;0.99
000071-001;165-168;Al-Akhnas bin Syariq;PERSON;768;788;0.99
000071-001;165-168;Rasulullah;PERSON;868;878;0.99
000071-001;165-168;Abu Jahal;PERSON;1044;1053;0.99
000071-001;165-168;Muhammad;PERSON;1107;1115;0.99
000071-002;165-168;Abu Jahal;PERSON;383;392;0.99
000071-002;165-168;Muhammad;PERSON;416;424;0.99
000071-002;165-168;Utbah bin Abu Lahab;PERSON;1334;1353;0.99
000071-003;165-168;Syam;LOCATION;115;119;0.99
000071-003;165-168;Muhammad;PERSON;191;199;0.99
000071-003;165-168;Makkah;LOCATION;207;213;0.99
000071-003;165-168;Ubay bin Khalaf;PERSON;300;315;0.99
000071-003;165-168;Perang Uhud;EVENT;481;492;0.99
000071-003;165-168;Makkah;LOCATION;565;571;0.99
000071-003;165-168;Sa'd bin Mu'adz;PERSON;714;729;0.99
000071-003;165-168;Umayyah bin Khalaf;PERSON;752;770;0.99
000071-003;165-168;Makkah;LOCATION;785;791;0.99
000071-003;165-168;Rasulullah;PERSON;807;817;0.99
000071-003;165-168;Makkah;LOCATION;963;969;0.99
000071-003;165-168;Abu Jahal;PERSON;979;988;0.99
000071-003;165-168;Perang Badr;EVENT;1012;1023;0.99
000071-003;165-168;Makkah;LOCATION;1065;1071;0.99
000071-003;165-168;Abu Sufyan;PERSON;1150;1160;0.99
000071-003;165-168;Yastrib;LOCATION;1245;1252;0.99
000071-004;165-168;Makkah;LOCATION;519;525;0.99
000071-004;165-168;Abu Bakkar;PERSON;527;537;0.99
000071-004;165-168;Utbah bin Rabi;PERSON;609;623;0.99
000071-004;165-168;Abu Bakar;PERSON;996;1005;0.99
000071-004;165-168;Rasulullah;PERSON;1050;1060;0.99
000071-004;165-168;Abu Bakar;PERSON;1071;1080;0.99
000071-004;165-168;Abu Bakar;PERSON;1128;1137;0.99
000071-004;165-168;Ummul Khair;PERSON;1205;1216;0.99
000071-004;165-168;Ummul Khair;PERSON;1324;1335;0.99
000071-004;165-168;Abu Bakar;PERSON;1358;1367;0.99
000071-005;165-168;Ummul Khair;PERSON;51;62;0.99
000071-005;165-168;Ummul Khair;PERSON;170;181;0.99
000071-005;165-168;Abu Bakar;PERSON;204;213;0.99
000071-005;165-168;Abu Bakar;PERSON;250;259;0.99
000071-005;165-168;Rasulullah;PERSON;313;323;0.99
000071-005;165-168;Ummu Jamil binti Al-Khaththab;PERSON;365;394;0.99
000071-005;165-168;Ummul Khair;PERSON;417;428;0.99
000071-005;165-168;Ummu Jamil;PERSON;443;453;0.99
000071-005;165-168;Abu Bakar;PERSON;494;503;0.99
000071-005;165-168;Muhammad bin Abdullah;PERSON;530;551;0.99
000071-005;165-168;Ummu Jamil;PERSON;554;564;0.99
000071-005;165-168;Bakar;PERSON;601;606;0.99
000071-005;165-168;Muhammad bin Abdullah;PERSON;611;632;0.99
000071-005;165-168;Ummul Khair;PERSON;746;757;0.99
000071-005;165-168;Ummu Jamil;PERSON;764;774;0.99
000071-005;165-168;Abu Bakar;PERSON;806;815;0.99
000071-005;165-168;Ummu Jamil;PERSON;845;855;0.99
000071-005;165-168;Rasulullah;PERSON;1129;1139;0.99
000071-005;165-168;Rasulullah;PERSON;1171;1181;0.99
000071-005;165-168;Abu Bakar;PERSON;1263;1272;0.99
000071-006;165-168;Rasulullah;PERSON;95;105;0.99
000071-006;165-168;Rasulullah;PERSON;137;147;0.99
000071-006;165-168;Abu Bakar;PERSON;229;238;0.99
000071-006;165-168;Abu Bakar;PERSON;328;337;0.99
000071-006;165-168;Ibnul Arqam;PERSON;348;359;0.99
000071-006;165-168;Ummu Jamil;PERSON;368;378;0.99
000071-006;165-168;Abu Bakar;PERSON;379;388;0.99
000071-006;165-168;Rasulullah;PERSON;484;494;0.99
000071-006;165-168;Abu Bakar;PERSON;530;539;0.99
000071-006;165-168;Abu Bakar;PERSON;625;634;0.99
000071-006;165-168;Rasulullah;PERSON;658;668;0.99
000071-006;165-168;Perang Uhud;EVENT;797;808;0.99
000074-001;170-173;Makkah;LOCATION;1151;1157;0.99
000074-002;170-173;Makkah;LOCATION;245;251;0.99
000074-002;170-173;Muhammad;PERSON;706;714;0.99
000074-003;170-173;Habasyah;LOCATION;198;206;0.99
000074-003;170-173;Yusuf;PERSON;470;475;0.99
000074-003;170-173;Yusuf;PERSON;575;580;0.99
000074-003;170-173;Yusuf;PERSON;639;644;0.99
000074-003;170-173;Makkah;LOCATION;676;682;0.99
000074-003;170-173;Yusuf;PERSON;776;781;0.99
000074-003;170-173;Ibrahim;PERSON;1326;1333;0.99
000074-004;170-173;Rasulullah;PERSON;825;835;0.99
000074-005;170-173;Utbah bin Rabi;PERSON;141;155;0.99
000074-005;170-173;Abu Thalib;PERSON;345;355;0.99
000074-005;170-173;Khabbab bin Al-Aratt;PERSON;536;556;0.99
000074-005;170-173;Ka'bah;LOCATION;641;647;0.99
000074-005;170-173;Hadhramaut;LOCATION;1161;1171;0.99
000074-006;170-173;Al-Aswad bin Al-Muththalib;PERSON;543;569;0.99
000074-006;170-173;Kisra;PERSON;756;761;0.99
000075-001;174-180;Rasulullah;PERSON;111;121;0.99
000075-001;174-180;Tha'if;LOCATION;130;136;0.99
000075-001;174-180;Makkah;LOCATION;177;183;0.99
000075-001;174-180;Zaid bin Haritsah;PERSON;285;302;0.99
000075-001;174-180;Tha'if;LOCATION;424;430;0.99
000075-001;174-180;Amr bin Umair;PERSON;542;555;0.99
000075-001;174-180;Ka'bah;LOCATION;684;690;0.99
000075-001;174-180;Tha'if;LOCATION;1308;1314;0.99
000075-001;174-180;Tha'if;LOCATION;1361;1367;0.99
000075-002;174-180;Tha'if;LOCATION;25;31;0.99
000075-002;174-180;Zaid bin Haritsah;PERSON;759;776;0.99
000075-002;174-180;Utbah;PERSON;919;924;0.99
000075-002;174-180;Tha'if;LOCATION;985;991;0.99
000075-002;174-180;Tha'if;LOCATION;1028;1034;0.99
000075-002;174-180;Rasulullah;PERSON;1036;1046;0.99
000075-003;174-180;Utbah;PERSON;1110;1115;0.99
000075-004;174-180;Yunus bin Matta;PERSON;369;384;0.99
000075-004;174-180;Yunus bin Matta;PERSON;436;451;0.99
000075-004;174-180;Rasulullah;PERSON;574;584;0.99
000075-004;174-180;Rasulullah;PERSON;1108;1118;0.99
000075-004;174-180;Makkah;LOCATION;1199;1205;0.99
000075-004;174-180;Jibril;PERSON;1281;1287;0.99
000075-004;174-180;Makkah;LOCATION;1388;1394;0.99
000075-005;174-180;Jibril;PERSON;74;80;0.99
000075-005;174-180;Makkah;LOCATION;181;187;0.99
000075-005;174-180;Makkah;LOCATION;226;232;0.99
000075-005;174-180;Abu Qubais;PERSON;247;257;0.99
000075-005;174-180;Urwah bin Az-Zubair;PERSON;365;384;0.99
000075-005;174-180;Aisyah;PERSON;392;398;0.99
000075-005;174-180;Perang Uhud;EVENT;498;509;0.99
000075-005;174-180;Aqabah;LOCATION;630;636;0.99
000075-005;174-180;Ibnu Abdi;PERSON;659;668;0.99
000075-005;174-180;Yalail bin Abdi;PERSON;669;684;0.99
000075-005;174-180;Jibril;PERSON;913;919;0.99
000075-005;174-180;Muhammad;PERSON;1275;1283;0.99
000075-006;174-180;Rasulullah;PERSON;320;330;0.99
000075-006;174-180;Rasulullah;PERSON;448;458;0.99
000075-006;174-180;Wadi Nakhlah;LOCATION;628;640;0.99
000075-006;174-180;Wadi Nakhlah;LOCATION;679;691;0.99
000075-006;174-180;Wadi Nakhlah;LOCATION;945;957;0.99
000075-007;174-180;Musa;PERSON;407;411;0.99
000075-007;174-180;Muhammad;PERSON;787;795;0.99
000075-008;174-180;Tha'if;LOCATION;1226;1232;0.99
000075-008;174-180;Makkah;LOCATION;1286;1292;0.99
000075-009;174-180;Zaid bin Haritsah;PERSON;178;195;0.99
000075-009;174-180;Makkah;LOCATION;251;257;0.99
000075-009;174-180;Zaid;PERSON;327;331;0.99
000075-009;174-180;Rasulullah;PERSON;505;515;0.99
000075-009;174-180;Makkah;LOCATION;561;567;0.99
000075-009;174-180;Al-Akhnas bin Syariq;PERSON;672;692;0.99
000075-009;174-180;Suhail bin Amr;PERSON;903;917;0.99
000075-009;174-180;Ka'b;PERSON;1004;1008;0.99
000075-009;174-180;Al-Muth'im bin Adi;PERSON;1048;1066;0.99
000075-009;174-180;Masjidil Haram;LOCATION;1248;1262;0.99
000075-009;174-180;Muhammad;PERSON;1317;1325;0.99
000075-009;174-180;Makkah;LOCATION;1411;1417;0.99
000075-010;174-180;Masjidil Haram;LOCATION;180;194;0.99
000075-010;174-180;Muhammad;PERSON;249;257;0.99
000075-010;174-180;Makkah;LOCATION;343;349;0.99
000075-010;174-180;Zaid bin Haritsah;PERSON;372;389;0.99
000075-010;174-180;Masjidil Haram;LOCATION;407;421;0.99
000075-010;174-180;Muhammad;PERSON;589;597;0.99
000075-010;174-180;Muth'im bin Adi;PERSON;818;833;0.99
000075-010;174-180;Abu Jahal;PERSON;950;959;0.99
000075-010;174-180;Abu Rasulullah;PERSON;1216;1230;0.99
000075-010;174-180;Perang Badr;EVENT;1333;1344;0.99
000075-011;174-180;Thaif;LOCATION;163;168;0.99
000075-011;174-180;Tha'if;LOCATION;197;203;0.99
000075-011;174-180;Ibnu Hisyam;PERSON;244;255;0.99
000076-001;181;tahun 619 M;TIME;105;116;0.99
000076-001;181;Rasulullah;PERSON;118;128;0.99
000076-001;181;Makkah;LOCATION;140;146;0.99
000077-001;181-182;Rasulullah;PERSON;100;110;0.99
000077-001;181-182;Amir bin Sha'sha'ah;PERSON;146;165;0.99
000077-001;181-182;Muharib bin Khashafah;PERSON;167;188;0.99
000077-001;181-182;Al-Harits bin Ka'b;PERSON;278;296;0.99
000077-001;181-182;Ibnu Ishaq;PERSON;908;918;0.99
000077-002;181-182;Amir bin Sha'sha;PERSON;230;246;0.99
000077-002;181-182;Baiharah bin Firas;PERSON;310;328;0.99
000077-002;181-182;Makkah;LOCATION;1169;1175;0.99
000077-002;181-182;Abdul Muththalib;PERSON;1249;1265;0.99
000077-003;181-182;Isma'il;PERSON;364;371;0.99
000078-001;182-188;Rasulullah;PERSON;11;21;0.99
000078-001;182-188;Suwaid bin Shamit;PERSON;300;317;0.99
000078-001;182-188;Yastrib;LOCATION;381;388;0.99
000078-001;182-188;Makkah;LOCATION;528;534;0.99
000078-001;182-188;Rasulullah;PERSON;573;583;0.99
000078-001;182-188;Yastrib;LOCATION;1181;1188;0.99
000078-001;182-188;Madinah;LOCATION;1190;1197;0.99
000078-001;182-188;Perang Bu'ats;EVENT;1219;1232;0.99
000078-001;182-188;Iyas bin Mu'adz;PERSON;1296;1311;0.99
000078-001;182-188;Yastrib;LOCATION;1351;1358;0.99
000078-001;182-188;Makkah;LOCATION;1375;1381;0.99
000078-002;182-188;Iyas bin Mu'adz;PERSON;0;15;0.99
000078-002;182-188;Yastrib;LOCATION;55;62;0.99
000078-002;182-188;Makkah;LOCATION;79;85;0.99
000078-002;182-188;Perang Bu'ats;EVENT;229;242;0.99
000078-002;182-188;Iyas bin Mu'adz;PERSON;933;948;0.99
000078-002;182-188;Abul Haisar;PERSON;1031;1042;0.99
000078-002;182-188;Anas bin Rafi;PERSON;1043;1056;0.99
000078-003;182-188;Rasulullah;PERSON;71;81;0.99
000078-003;182-188;Yastrib;LOCATION;111;118;0.99
000078-003;182-188;Yastrib;LOCATION;232;239;0.99
000078-003;182-188;Abu Dzarr;PERSON;401;410;0.99
000078-003;182-188;Yastrib;LOCATION;457;464;0.99
000078-003;182-188;Yastrib;LOCATION;521;528;0.99
000078-003;182-188;Suwaid bin Shamit;PERSON;546;563;0.99
000078-003;182-188;Iyas bin Mu'adz;PERSON;568;583;0.99
000078-003;182-188;Abu Dzarr;PERSON;631;640;0.99
000078-003;182-188;Ibnu Abbas;PERSON;709;719;0.99
000078-003;182-188;Abu Dzarr;PERSON;737;746;0.99
000078-003;182-188;Makkah;LOCATION;822;828;0.99
000078-003;182-188;Makkah;LOCATION;1409;1415;0.99
000078-004;182-188;Makkah;LOCATION;144;150;0.99
000078-004;182-188;Zamzam;LOCATION;264;270;0.99
000078-004;182-188;Ali;PERSON;296;299;0.99
000078-004;182-188;Ibnu Hisyam;PERSON;396;407;0.99
000078-004;182-188;Ali;PERSON;805;808;0.99
000078-004;182-188;Ali;PERSON;1080;1083;0.99
000078-005;182-188;Abu Dzarr;PERSON;688;697;0.99
000078-005;182-188;Muhammad;PERSON;1167;1175;0.99
000078-005;182-188;Al-Abbas;PERSON;1338;1346;0.99
000078-006;182-188;Al-Abbas;PERSON;0;8;0.99
000078-006;182-188;Al-Abbas;PERSON;517;525;0.99
000078-006;182-188;Thufail bin Amr;PERSON;596;611;0.99
000078-006;182-188;Yaman;LOCATION;815;820;0.99
000078-006;182-188;Makkah;LOCATION;836;842;0.99
000078-006;182-188;Makkah;LOCATION;894;900;0.99
000078-006;182-188;Makkah;LOCATION;935;941;0.99
000078-007;182-188;Ka'bah;LOCATION;521;527;0.99
000078-008;182-188;Perang Al-Khandaq;EVENT;1348;1365;0.99
000078-009;182-188;Perang Al-Khandaq;EVENT;171;188;0.99
000078-009;182-188;Yaman;LOCATION;350;355;0.99
000078-009;182-188;Makkah;LOCATION;431;437;0.99
000078-009;182-188;Muhammad;PERSON;487;495;0.99
000078-009;182-188;Muhammad;PERSON;665;673;0.99
000078-009;182-188;Rasulullah;PERSON;761;771;0.99
000078-009;182-188;Ibnu Hisyam;PERSON;854;865;0.99
000078-009;182-188;Muhammad;PERSON;1265;1273;0.99
000079-001;188-190;tahun 620 M;TIME;71;82;0.99
000079-001;188-190;Rasulullah;PERSON;387;397;0.99
000079-001;188-190;Makkah;LOCATION;432;438;0.99
000079-001;188-190;Makkah;LOCATION;625;631;0.99
000079-001;188-190;Abu Bakar;PERSON;693;702;0.99
000079-001;188-190;Ali;PERSON;707;710;0.99
000079-001;188-190;Syaiban bin Tsa'labah;PERSON;762;783;0.99
000079-001;188-190;Abu Bakar;PERSON;826;835;0.99
000079-001;188-190;Rasulullah;PERSON;1010;1020;0.99
000079-001;188-190;Aqabah;LOCATION;1030;1036;0.99
000079-001;188-190;Mina;LOCATION;1040;1044;0.99
000079-001;188-190;Yastrib;LOCATION;1181;1188;0.99
000079-001;188-190;As'ad bin Zurarah;PERSON;1236;1253;0.99
000079-001;188-190;Auf bin Al-Harits bin Rifa'ah bin Afra;PERSON;1279;1317;0.99
000079-001;188-190;Malik bin Al-Ajlan;PERSON;1426;1444;0.99
000079-002;188-190;Malik bin Al-Ajlan;PERSON;10;28;0.99
000079-002;188-190;Quthbah bin Amir bin Hadidah;PERSON;50;78;0.99
000079-002;188-190;Uqbah bin Amir bin Nabi;PERSON;101;124;0.99
000079-002;188-190;Ubaid bin Ka'b;PERSON;136;150;0.99
000079-002;188-190;Jabir bin Abdullah bin Ri'ab;PERSON;154;182;0.99
000079-002;188-190;Ubaid bin Ghanm;PERSON;194;209;0.99
000079-002;188-190;Madinah;LOCATION;297;304;0.99
000079-002;188-190;Yastrib;LOCATION;1190;1197;0.99
000079-003;188-190;Madinah;LOCATION;409;416;0.99
000079-003;188-190;Madinah;LOCATION;514;521;0.99
000079-003;188-190;Rasulullah;PERSON;552;562;0.99
000079-003;188-190;Ibnu Hisyam;PERSON;606;617;0.99
000079-003;188-190;Aisyah;PERSON;685;691;0.99
000079-003;188-190;Madinah;LOCATION;758;765;0.99
000079-003;188-190;Baitul Maqdis;LOCATION;831;844;0.99
000079-003;188-190;Rasulullah;PERSON;853;863;0.99
000080-001;191-197;Isra' dan Mi'raj;EVENT;181;197;0.99
000080-001;191-197;Ath-Thabari;PERSON;379;390;0.99
000080-001;191-197;Al-Qurthubi;PERSON;475;486;0.99
000080-001;191-197;malam tanggal 27 bulan Rajab;TIME;510;538;0.99
000080-001;191-197;bulan Muharram;TIME;684;698;0.99
000080-001;191-197;bulan Muharram;TIME;806;820;0.99
000080-001;191-197;bulan Rabi'ul Awwal;TIME;914;933;0.99
000080-001;191-197;Khadijah;PERSON;1019;1027;0.99
000080-001;191-197;bulan Ramadhan;TIME;1051;1065;0.99
000080-002;191-197;Ibnul Qayyim;PERSON;198;210;0.99
000080-002;191-197;Rasulullah;PERSON;250;260;0.99
000080-002;191-197;Masjidil Haram;LOCATION;295;309;0.99
000080-002;191-197;Baitul Maqdis;LOCATION;313;326;0.99
000080-002;191-197;Jibril;PERSON;363;369;0.99
000080-002;191-197;Baitul Maqdis;LOCATION;505;518;0.99
000080-002;191-197;Jibril;PERSON;555;561;0.99
000080-002;191-197;Jibril;PERSON;563;569;0.99
000080-002;191-197;Adam;PERSON;658;662;0.99
000080-002;191-197;Adam;PERSON;717;721;0.99
000080-002;191-197;Jibril;PERSON;962;968;0.99
000080-002;191-197;Yahya bin Zakaria;PERSON;1028;1045;0.99
000080-002;191-197;Isa bin Maryam;PERSON;1050;1064;0.99
000080-002;191-197;Yusuf;PERSON;1264;1269;0.99
000080-002;191-197;Yusuf;PERSON;1300;1305;0.99
000080-002;191-197;Idris;PERSON;1439;1444;0.99
000080-003;191-197;Idris;PERSON;23;28;0.99
000080-003;191-197;Idris;PERSON;59;64;0.99
000080-003;191-197;Harun bin Imran;PERSON;197;212;0.99
000080-003;191-197;Harun bin Imran;PERSON;243;258;0.99
000080-003;191-197;Musa bin Imran;PERSON;391;405;0.99
000080-003;191-197;Musa bin Imran;PERSON;436;450;0.99
000080-003;191-197;Musa;PERSON;561;565;0.99
000080-003;191-197;Musa;PERSON;624;628;0.99
000080-003;191-197;Ibrahim;PERSON;850;857;0.99
000080-003;191-197;Ibrahim;PERSON;887;894;0.99
000080-003;191-197;Sidratul Muntaha;LOCATION;996;1012;0.99
000080-003;191-197;Al-Baitul-Ma'mur;LOCATION;1039;1055;0.99
000080-003;191-197;Musa;PERSON;1369;1373;0.99
000080-003;191-197;Musa;PERSON;1416;1420;0.99
000080-004;191-197;Jibril;PERSON;206;212;0.99
000080-004;191-197;Jibril;PERSON;240;246;0.99
000080-004;191-197;Jibril;PERSON;332;338;0.99
000080-004;191-197;Musa;PERSON;577;581;0.99
000080-004;191-197;Musa;PERSON;691;695;0.99
000080-004;191-197;Musa;PERSON;736;740;0.99
000080-004;191-197;Musa;PERSON;803;807;0.99
000080-004;191-197;Ibnul Qayyim;PERSON;1082;1094;0.99
000080-004;191-197;Ibnu Taimiyah;PERSON;1201;1214;0.99
000080-005;191-197;Ibnu Abbas;PERSON;144;154;0.99
000080-005;191-197;Jibril;PERSON;432;438;0.99
000080-005;191-197;Aisyah;PERSON;467;473;0.99
000080-005;191-197;Ibnu Mas'ud;PERSON;478;489;0.99
000080-005;191-197;Jibril;PERSON;701;707;0.99
000080-005;191-197;Sidratul Muntaha;LOCATION;740;756;0.99
000080-005;191-197;Jibril;PERSON;785;791;0.99
000080-005;191-197;Sidratul Muntaha;LOCATION;861;877;0.99
000080-005;191-197;Mi'raj;EVENT;965;971;0.99
000080-005;191-197;Nil;LOCATION;1374;1377;0.99
000080-005;191-197;Eufrat;LOCATION;1382;1388;0.99
000080-006;191-197;Nil;LOCATION;34;37;0.99
000080-006;191-197;Eufrat;LOCATION;42;48;0.99
000080-006;191-197;Nil;LOCATION;123;126;0.99
000080-006;191-197;Eufrat;LOCATION;131;137;0.99
000080-006;191-197;Makkah;LOCATION;1367;1373;0.99
000080-007;191-197;Ibnul Qayyim;PERSON;402;414;0.99
000080-007;191-197;Rasulullah;PERSON;446;456;0.99
000080-007;191-197;Baitul Maqdis;LOCATION;698;711;0.99
000080-008;191-197;Abu Bakar;PERSON;252;261;0.99
000080-008;191-197;Ibrahim;PERSON;629;636;0.99
000080-008;191-197;Ibrahim;PERSON;739;746;0.99
000080-008;191-197;Musa;PERSON;808;812;0.99
000080-008;191-197;Ibnu Hisyam;PERSON;1129;1140;0.99
000080-008;191-197;Ibnu Hisyam;PERSON;1195;1206;0.99
000080-009;191-197;Ibnu Hisyam;PERSON;120;131;0.99
000080-009;191-197;Ibnu Hisyam;PERSON;186;197;0.99
000080-009;191-197;Isra' Mi'raj;EVENT;674;686;0.99
000080-010;191-197;Baitul Maqdis;LOCATION;121;134;0.99
000080-010;191-197;Rasulullah;PERSON;344;354;0.99
000080-010;191-197;Ibrahim;PERSON;399;406;0.99
000080-010;191-197;Rasulullah;PERSON;810;820;0.99
000080-010;191-197;Makkah;LOCATION;869;875;0.99
000080-011;191-197;Nuh;PERSON;513;516;0.99
000080-011;191-197;Rasulullah;PERSON;1013;1023;0.99
000080-011;191-197;Aqabah;LOCATION;1368;1374;0.99
000080-011;191-197;Aqabah;LOCATION;1410;1416;0.99
000081-001;198;Yastrib;LOCATION;75;82;0.99
000081-001;198;Rasulullah;PERSON;179;189;0.99
000081-001;198;Makkah;LOCATION;280;286;0.99
000081-001;198;Rasulullah;PERSON;391;401;0.99
000081-001;198;Jabir bin Abdullah bin Ri'ab;PERSON;469;497;0.99
000081-001;198;Mu'adz bin Al-Harits bin Afra;PERSON;534;563;0.99
000081-001;198;Dzakwan bin Abdul Qais;PERSON;602;624;0.99
000081-001;198;Ubadah bin Ash-Shamit;PERSON;659;680;0.99
000081-001;198;Yazin bin Tsa'labah;PERSON;714;733;0.99
000081-001;198;Al-Abbas bin Ubadah bin Nadhlah;PERSON;775;806;0.99
000081-001;198;Abul Haritsam bin At-Taihan;PERSON;841;868;0.99
000081-001;198;Uwaim bin Sa'idah;PERSON;902;919;0.99
000081-001;198;Amr bin Auf;PERSON;931;942;0.99
000081-001;198;Rasulullah;PERSON;967;977;0.99
000081-001;198;Aqabah;LOCATION;981;987;0.99
000081-001;198;Mina;LOCATION;991;995;0.99
000081-001;198;Makkah;LOCATION;1074;1080;0.99
000081-001;198;Ubadah bin Ash-Shamit;PERSON;1110;1131;0.99
000081-001;198;Rasulullah;PERSON;1139;1149;0.99
000081-002;198;Uwaim bin Sa'idah;PERSON;0;17;0.99
000081-002;198;Amr bin Auf;PERSON;29;40;0.99
000081-002;198;Rasulullah;PERSON;65;75;0.99
000081-002;198;Aqabah;LOCATION;79;85;0.99
000081-002;198;Mina;LOCATION;89;93;0.99
000081-002;198;Makkah;LOCATION;172;178;0.99
000081-002;198;Ubadah bin Ash-Shamit;PERSON;208;229;0.99
000081-002;198;Rasulullah;PERSON;237;247;0.99
000082-001;199;Yastrib;LOCATION;128;135;0.99
000082-001;199;Mush'ab bin Umair;PERSON;435;452;0.99
000083-001;199-202;Mush'ab bin Umair;PERSON;0;17;0.99
000083-001;199-202;As'ad bin Zurarah;PERSON;36;53;0.99
000083-001;199-202;Yastrib;LOCATION;113;120;0.99
000083-001;199-202;As'ad bin Zurarah;PERSON;310;327;0.99
000083-001;199-202;Mush'ab;PERSON;342;349;0.99
000083-001;199-202;Sa'd bin Mu'adz;PERSON;617;632;0.99
000083-001;199-202;Usaid bin Hudhair;PERSON;637;654;0.99
000083-001;199-202;As'ad bin Zurarah;PERSON;756;773;0.99
000083-001;199-202;Mush'ab;PERSON;778;785;0.99
000083-001;199-202;Usaid;PERSON;807;812;0.99
000083-001;199-202;As'ad bin Zurarah;PERSON;1003;1020;0.99
000083-001;199-202;Usaid;PERSON;1145;1150;0.99
000083-001;199-202;As'ad;PERSON;1215;1220;0.99
000083-001;199-202;Usaid;PERSON;1242;1247;0.99
000083-001;199-202;Mush'ab;PERSON;1265;1272;0.99
000083-002;199-202;Usaid;PERSON;95;100;0.99
000083-002;199-202;As'ad;PERSON;165;170;0.99
000083-002;199-202;Usaid;PERSON;192;197;0.99
000083-002;199-202;Mush'ab;PERSON;215;222;0.99
000083-002;199-202;Mush'ab;PERSON;325;332;0.99
000083-002;199-202;Usaid;PERSON;462;467;0.99
000083-002;199-202;Mush'ab;PERSON;658;665;0.99
000083-002;199-202;Usaid;PERSON;939;944;0.99
000083-002;199-202;Mush'ab;PERSON;996;1003;0.99
000083-002;199-202;Mush'ab;PERSON;1068;1075;0.99
000083-002;199-202;Usaid;PERSON;1294;1299;0.99
000083-003;199-202;Usaid;PERSON;121;126;0.99
000083-003;199-202;Usaid;PERSON;345;350;0.99
000083-003;199-202;Sa'd bin Mu'adz;PERSON;682;697;0.99
000083-003;199-202;Usaid;PERSON;699;704;0.99
000083-003;199-202;Usaid;PERSON;835;840;0.99
000083-003;199-202;Usaid;PERSON;971;976;0.99
000083-003;199-202;Usaid;PERSON;1058;1063;0.99
000083-004;199-202;As'ad bin Zurarah;PERSON;449;466;0.99
000083-004;199-202;Mush'ab;PERSON;471;478;0.99
000083-004;199-202;Usaid;PERSON;576;581;0.99
000083-004;199-202;Abu Umamah;PERSON;788;798;0.99
000083-004;199-202;As'ad;PERSON;1003;1008;0.99
000083-004;199-202;Mush'ab;PERSON;1027;1034;0.99
000083-004;199-202;Mush'ab;PERSON;1212;1219;0.99
000083-004;199-202;Sa'd bin Mu'ad;PERSON;1235;1249;0.99
000083-005;199-202;Mush'ab;PERSON;94;101;0.99
000083-005;199-202;Sa'd bin Mu'ad;PERSON;117;131;0.99
000083-005;199-202;Sa'd bin Mu'adz;PERSON;410;425;0.99
000083-005;199-202;Mush'ab;PERSON;474;481;0.99
000083-006;199-202;Perang Uhud;EVENT;737;748;0.99
000083-006;199-202;Perang Uhud;EVENT;760;771;0.99
000083-006;199-202;Mush'ab;PERSON;995;1002;0.99
000083-006;199-202;As'ad bin Zurarah;PERSON;1025;1042;0.99
000083-006;199-202;Umayyah bin Zaid;PERSON;1255;1271;0.99
000083-006;199-202;Qais bin Al-Aslat;PERSON;1315;1332;0.99
000083-007;199-202;Qais bin Al-Aslat;PERSON;21;38;0.99
000083-007;199-202;Perang Khandaq;EVENT;149;163;0.99
000083-007;199-202;Mush'ab bin Umair;PERSON;257;274;0.99
000083-007;199-202;Makkah;LOCATION;286;292;0.99
000083-007;199-202;Yastrib;LOCATION;356;363;0.99
000084-001;203-204;Yastrib;LOCATION;100;107;0.99
000084-001;203-204;Makkah;LOCATION;118;124;0.99
000084-001;203-204;Rasulullah;PERSON;370;380;0.99
000084-001;203-204;Makkah;LOCATION;440;446;0.99
000084-001;203-204;Makkah;LOCATION;461;467;0.99
000084-001;203-204;Rasulullah;PERSON;526;536;0.99
000084-001;203-204;Aqabah;LOCATION;638;644;0.99
000084-001;203-204;hari Tasyriq;TIME;662;674;0.99
000084-001;203-204;Mina;LOCATION;725;729;0.99
000084-001;203-204;Ka'b bin Malik;PERSON;1017;1031;0.99
000084-001;203-204;Rasulullah;PERSON;1123;1133;0.99
000084-001;203-204;Aqabah;LOCATION;1151;1157;0.99
000084-001;203-204;hari-hari Tasyriq;TIME;1175;1192;0.99
000084-001;203-204;Abdullah bin Amr bin Haram;PERSON;1246;1272;0.99
000084-002;203-204;Abdullah bin Amr bin Haram;PERSON;0;26;0.99
000084-002;203-204;Abu Jabir;PERSON;244;253;0.99
000084-002;203-204;Rasulullah;PERSON;502;512;0.99
000084-002;203-204;Aqabah;LOCATION;516;522;0.99
000084-002;203-204;Aqabah;LOCATION;602;608;0.99
000084-002;203-204;Rasulullah;PERSON;811;821;0.99
000084-002;203-204;Aqabah;LOCATION;947;953;0.99
000084-002;203-204;Nasibah binti Ka'b;PERSON;1027;1045;0.99
000084-002;203-204;Ummu Ammarah;PERSON;1050;1062;0.99
000084-002;203-204;Mazin bin An-Najj;PERSON;1073;1090;0.99
000084-002;203-204;Asma binti Amr;PERSON;1099;1113;0.99
000084-002;203-204;Ummu Mani;PERSON;1119;1128;0.99
000084-002;203-204;Rasulullah;PERSON;1190;1200;0.99
000084-002;203-204;Al-Abbas bin Abdul Muththalib;PERSON;1240;1269;0.99
000085-001;204;Al-Abbas bin Abdul Muththalib;PERSON;146;175;0.99
000085-001;204;Muhammad;PERSON;419;427;0.99
000085-001;204;Ka'b;PERSON;958;962;0.99
000085-001;204;Rasulullah;PERSON;1078;1088;0.99
000085-001;204;Rasulullah;PERSON;1347;1357;0.99
000086-001;204-205;Jabir;PERSON;57;62;0.99
000086-001;204-205;Rasulullah;PERSON;99;109;0.99
000086-001;204-205;Rasulullah;PERSON;193;203;0.99
000086-001;204-205;Ka'b;PERSON;641;645;0.99
000086-001;204-205;Ibnu Ishaq;PERSON;676;686;0.99
000086-001;204-205;Ka'b;PERSON;747;751;0.99
000086-001;204-205;Rasulullah;PERSON;767;777;0.99
000086-001;204-205;Al-Barra' bin Ma'rur;PERSON;1009;1029;0.99
000086-001;204-205;Rasulullah;PERSON;1225;1235;0.99
000086-002;204-205;Abul Haitsam bin At-Taihan;PERSON;114;140;0.99
000086-002;204-205;Rasulullah;PERSON;197;207;0.99
000086-002;204-205;Rasulullah;PERSON;233;243;0.99
000086-002;204-205;Ibnu Hibban;PERSON;775;786;0.99
000086-002;204-205;Ibnu Ishaq;PERSON;847;857;0.99
000086-002;204-205;Ubadah bin Ash-Shamit;PERSON;899;920;0.99
000087-001;206;Jabir;PERSON;122;127;0.99
000087-001;206;As'ad bin Zurarah;PERSON;176;193;0.99
000087-001;206;As'ad;PERSON;220;225;0.99
000087-001;206;As'ad;PERSON;359;364;0.99
000087-001;206;As'ad;PERSON;501;506;0.99
000087-001;206;Mush'ab bin Umair;PERSON;539;556;0.99
000087-001;206;Ibnu Ishaq;PERSON;724;734;0.99
000087-001;206;Abu Umamah;PERSON;762;772;0.99
000087-001;206;As'ad bin Zurarah;PERSON;773;790;0.99
000087-001;206;Jabir;PERSON;899;904;0.99
000087-001;206;Rasulullah;PERSON;1168;1178;0.99
000088-001;206-209;Rasulullah;PERSON;27;37;0.99
000088-001;206-209;As'ad bin Zurarah bin Ads;PERSON;489;514;0.99
000088-001;206-209;Sa'd bin Ar-Rabi' bin Amr;PERSON;518;543;0.99
000088-001;206-209;Ibnu Ishaq;PERSON;579;589;0.99
000088-001;206-209;Abul Haitsam;PERSON;661;673;0.99
000088-001;206-209;Ka'b bin Malik;PERSON;702;716;0.99
000088-001;206-209;Al-Barra' bin Ma'rur;PERSON;756;776;0.99
000088-001;206-209;Rasulullah;PERSON;846;856;0.99
000088-001;206-209;As'ad bin Zararah;PERSON;929;946;0.99
000088-001;206-209;Abdullah bin Rawahah bin Tsa'labah;PERSON;1006;1040;0.99
000088-001;206-209;Raff' bin Malik bin Al-Ajlan;PERSON;1044;1072;0.99
000088-001;206-209;Al-Barra' bin Ma'rur bin Shahr;PERSON;1076;1106;0.99
000088-001;206-209;Abdullah bin Amr bin Haram;PERSON;1110;1136;0.99
000088-001;206-209;Ubadah bin Ash-Shamit bin Qais;PERSON;1140;1170;0.99
000088-001;206-209;Sa'd bin Ubadah bin Dulaim;PERSON;1171;1197;0.99
000088-001;206-209;Al-Mundzir bin Amr bin Khunais;PERSON;1198;1228;0.99
000088-001;206-209;Usaid bin Hudhair bin Sammak;PERSON;1233;1261;0.99
000088-001;206-209;Sa'd bin Khaitsamah bin Al-Harits;PERSON;1266;1299;0.99
000088-001;206-209;Rifa'ah bin Abdul Mundzir bin Subair;PERSON;1304;1340;0.99
000088-002;206-209;Rifa'ah bin Abdul Mundzir bin Subair;PERSON;0;36;0.99
000088-002;206-209;Rasulullah;PERSON;105;115;0.99
000088-002;206-209;Isa bin Maryam;PERSON;388;402;0.99
000088-002;206-209;Muhammad;PERSON;1025;1033;0.99
000088-002;206-209;Rasulullah;PERSON;1154;1164;0.99
000088-002;206-209;Aqabah;LOCATION;1194;1200;0.99
000088-003;206-209;Al-Abbas bin Ubadah bin Nadhlah;PERSON;205;236;0.99
000088-003;206-209;Mina;LOCATION;345;349;0.99
000088-003;206-209;Makkah;LOCATION;822;828;0.99
000088-003;206-209;Yastrib;LOCATION;861;868;0.99
000088-004;206-209;Abdullah bin Ubay bin Salul;PERSON;484;511;0.99
000088-004;206-209;Abdullah bin Ubay;PERSON;533;550;0.99
000088-004;206-209;Yastrib;LOCATION;705;712;0.99
000088-004;206-209;Yastrib;LOCATION;1003;1010;0.99
000088-005;206-209;Yastrib;LOCATION;175;182;0.99
000088-005;206-209;Sa'd bin Ubadah;PERSON;304;319;0.99
000088-005;206-209;Ibnu Hisyam;PERSON;363;374;0.99
000088-005;206-209;Makkah;LOCATION;665;671;0.99
000088-005;206-209;Al-Muth'im bin Adi;PERSON;691;709;0.99
000088-005;206-209;Al-Harits bin Harb bin Umayyah;PERSON;714;744;0.99
000088-005;206-209;Madinah;LOCATION;900;907;0.99
000088-005;206-209;Madinah;LOCATION;1107;1114;0.99
000088-005;206-209;Aqabah;LOCATION;1157;1163;0.99
000088-005;206-209;Baiat Aqabah Kubra;EVENT;1203;1221;0.99
000088-006;206-209;Yastrib;LOCATION;183;190;0.99
000088-006;206-209;Makkah;LOCATION;278;284;0.99
000088-006;206-209;Aqabah;LOCATION;733;739;0.99
000088-006;206-209;Ibnu Hisyam;PERSON;1032;1043;0.99
000089-001;210-213;Baiat Aqabah;EVENT;29;41;0.99
000089-001;210-213;Rasulullah;PERSON;250;260;0.99
000089-001;210-213;Makkah;LOCATION;921;927;0.99
000089-001;210-213;Abu Salamah;PERSON;1089;1100;0.99
000089-001;210-213;Baiat Aqabah Kubra;EVENT;1124;1142;0.99
000089-001;210-213;Ibnu Ishaq;PERSON;1167;1177;0.99
000089-001;210-213;Madinah;LOCATION;1277;1284;0.99
000089-002;210-213;Abu Salamah;PERSON;183;194;0.99
000089-002;210-213;Abu Salamah;PERSON;429;440;0.99
000089-002;210-213;Abu Salamah;PERSON;481;492;0.99
000089-002;210-213;Madinah;LOCATION;513;520;0.99
000089-002;210-213;Ummu Salamah;PERSON;532;544;0.99
000089-002;210-213;Ummu Salamah;PERSON;1014;1026;0.99
000089-002;210-213;Madinah;LOCATION;1123;1130;0.99
000089-002;210-213;Utsman bin Thalhah bin Abu Thalhah;PERSON;1259;1293;0.99
000089-002;210-213;Utsman;PERSON;1326;1332;0.99
000089-002;210-213;Ummu Salamah;PERSON;1343;1355;0.99
000089-002;210-213;Madinah;LOCATION;1359;1366;0.99
000089-002;210-213;Utsman;PERSON;1404;1410;0.99
000089-003;210-213;Utsman;PERSON;36;42;0.99
000089-003;210-213;Utsman;PERSON;142;148;0.99
000089-003;210-213;Makkah;LOCATION;165;171;0.99
000089-003;210-213;Shuhaib;PERSON;183;190;0.99
000089-003;210-213;Madinah;LOCATION;208;215;0.99
000089-003;210-213;Rasulullah;PERSON;677;687;0.99
000089-003;210-213;Umar bin Al-Khaththab;PERSON;764;785;0.99
000089-003;210-213;Iyash bin Abi Rabi'ah;PERSON;787;808;0.99
000089-003;210-213;Hisyam bin Al-Ashy;PERSON;813;831;0.99
000089-003;210-213;Umar;PERSON;943;947;0.99
000089-003;210-213;Umar;PERSON;1037;1041;0.99
000089-003;210-213;Madinah;LOCATION;1077;1084;0.99
000089-004;210-213;Umar;PERSON;0;4;0.99
000089-004;210-213;Umar;PERSON;94;98;0.99
000089-004;210-213;Madinah;LOCATION;134;141;0.99
000089-004;210-213;Abu Jahal;PERSON;164;173;0.99
000089-004;210-213;Umar;PERSON;428;432;0.99
000089-004;210-213;Makkah;LOCATION;704;710;0.99
000089-004;210-213;Makkah;LOCATION;778;784;0.99
000089-004;210-213;Abu Jahal;PERSON;793;802;0.99
000089-004;210-213;Umar;PERSON;859;863;0.99
000089-004;210-213;Makkah;LOCATION;1163;1169;0.99
000089-004;210-213;Abu Jahal;PERSON;1215;1224;0.99
000089-004;210-213;Abu Jahal;PERSON;1417;1426;0.99
000089-005;210-213;Abu Jahal;PERSON;30;39;0.99
000089-005;210-213;Abu Jahal;PERSON;117;126;0.99
000089-005;210-213;Makkah;LOCATION;170;176;0.99
000089-005;210-213;Abu Jahal;PERSON;199;208;0.99
000089-005;210-213;Makkah;LOCATION;248;254;0.99
000089-005;210-213;Baiat Aqabah Kubra;EVENT;573;591;0.99
000089-005;210-213;Makkah;LOCATION;649;655;0.99
000089-005;210-213;Rasulullah;PERSON;664;674;0.99
000089-005;210-213;Abu Bakar;PERSON;677;686;0.99
000089-005;210-213;Ali;PERSON;691;694;0.99
000089-005;210-213;Makkah;LOCATION;742;748;0.99
000089-005;210-213;Makkah;LOCATION;830;836;0.99
000089-005;210-213;Rasulullah;PERSON;981;991;0.99
000089-005;210-213;A-Walid bin Al-Walid;PERSON;1088;1108;0.99
000089-005;210-213;Rasulullah;PERSON;1126;1136;0.99
000089-005;210-213;Makkah;LOCATION;1214;1220;0.99
000089-006;210-213;Madinah;LOCATION;374;381;0.99
000089-006;210-213;Ibnu Hisyam;PERSON;409;420;0.99
000089-006;210-213;Umar;PERSON;443;447;0.99
000089-006;210-213;Makkah;LOCATION;572;578;0.99
000089-006;210-213;Abu Bakar;PERSON;580;589;0.99
000089-006;210-213;Aisyah;PERSON;652;658;0.99
000089-006;210-213;Rasulullah;PERSON;674;684;0.99
000089-006;210-213;Madinah;LOCATION;889;896;0.99
000089-006;210-213;Habasyah;LOCATION;936;944;0.99
000089-006;210-213;Madinah;LOCATION;972;979;0.99
000089-006;210-213;Abu Bakar;PERSON;989;998;0.99
000089-006;210-213;Rasulullah;PERSON;1043;1053;0.99
000089-006;210-213;Madinah;LOCATION;1084;1091;0.99
000089-006;210-213;Makkah;LOCATION;1100;1106;0.99
000089-006;210-213;Madinah;LOCATION;1110;1117;0.99
000089-006;210-213;Abu Bakar;PERSON;1314;1323;0.99
000089-006;210-213;Abu Bakar;PERSON;1353;1362;0.99
000089-006;210-213;Rasulullah;PERSON;1400;1410;0.99
000090-001;214-217;Rasulullah;PERSON;52;62;0.99
000090-001;214-217;Makkah;LOCATION;82;88;0.99
000090-001;214-217;Madinah;LOCATION;191;198;0.99
000090-001;214-217;Muhammad;PERSON;489;497;0.99
000090-001;214-217;Madinah;LOCATION;1057;1064;0.99
000090-001;214-217;Laut Merah;LOCATION;1164;1174;0.99
000090-001;214-217;Syam;LOCATION;1185;1189;0.99
000090-001;214-217;Makkah;LOCATION;1218;1224;0.99
000090-001;214-217;Syam;LOCATION;1228;1232;0.99
000090-001;214-217;Tha'if;LOCATION;1310;1316;0.99
000090-002;214-217;Yastrib;LOCATION;191;198;0.99
000090-002;214-217;Muhammad;PERSON;492;500;0.99
000090-002;214-217;hari Kamis;TIME;507;517;0.99
000090-002;214-217;tanggal 26 Shafar;TIME;518;535;0.99
000090-002;214-217;14;TIME;542;544;0.99
000090-002;214-217;tanggal 12;TIME;577;587;0.99
000090-002;214-217;tahun 622;TIME;598;607;0.99
000090-002;214-217;Baiat Aqabah Kubra;EVENT;660;678;0.99
000090-002;214-217;Makkah;LOCATION;721;727;0.99
000090-002;214-217;Abu Jahal bin Hisyam;PERSON;1154;1174;0.99
000090-002;214-217;Jubair bin Muth'im;PERSON;1204;1222;0.99
000090-002;214-217;Thu'aimah bin Adi;PERSON;1227;1244;0.99
000090-002;214-217;Al-Harits bin Amir;PERSON;1251;1269;0.99
000090-002;214-217;Naufal bin Abdi;PERSON;1280;1295;0.99
000090-002;214-217;Utbah;PERSON;1318;1323;0.99
000090-002;214-217;Abu Sufyan bin Harb;PERSON;1344;1363;0.99
000090-002;214-217;Syams bin Abdi;PERSON;1379;1393;0.99
000090-002;214-217;An-Nadhr bin Al-Harits;PERSON;1400;1422;0.99
000090-003;214-217;Utbah;PERSON;12;17;0.99
000090-003;214-217;Abu Sufyan bin Harb;PERSON;38;57;0.99
000090-003;214-217;Syams bin Abdi;PERSON;73;87;0.99
000090-003;214-217;An-Nadhr bin Al-Harits;PERSON;94;116;0.99
000090-003;214-217;Abul Bakhtari bin Hisyam;PERSON;227;251;0.99
000090-003;214-217;Zam'ah bin Al-Aswad;PERSON;253;272;0.99
000090-003;214-217;Hakim bin Hizam;PERSON;277;292;0.99
000090-003;214-217;Asad bin Abdul Uzza;PERSON;303;322;0.99
000090-003;214-217;Umayyah bin Khalaf;PERSON;379;397;0.99
000090-003;214-217;Najd;LOCATION;672;676;0.99
000090-003;214-217;Muhammad;PERSON;736;744;0.99
000090-003;214-217;Abul Aswad;PERSON;1100;1110;0.99
000090-003;214-217;Ibnu Ishaq;PERSON;1247;1257;0.99
000090-003;214-217;Jibril;PERSON;1265;1271;0.99
000090-004;214-217;Ibnu Ishaq;PERSON;81;91;0.99
000090-004;214-217;Jibril;PERSON;99;105;0.99
000090-004;214-217;Aisyah;PERSON;260;266;0.99
000090-004;214-217;Abu Bakar;PERSON;287;296;0.99
000090-004;214-217;Najd;LOCATION;534;538;0.99
000090-004;214-217;Abul Bakhtari;PERSON;1059;1072;0.99
000090-004;214-217;Najd;LOCATION;1297;1301;0.99
000090-005;214-217;Abul Bakhtari;PERSON;50;63;0.99
000090-005;214-217;Najd;LOCATION;288;292;0.99
000090-005;214-217;Makkah;LOCATION;859;865;0.99
000090-005;214-217;Abu Jahal bin Hisyam;PERSON;885;905;0.99
000090-005;214-217;Abul Hakam;PERSON;1027;1037;0.99
000090-005;214-217;Muhammad;PERSON;1280;1288;0.99
000090-006;214-217;Najd;LOCATION;301;305;0.99
000090-006;214-217;Makkah;LOCATION;407;413;0.99
000090-006;214-217;Gua Tsur;LOCATION;590;598;0.99
000090-006;214-217;Madinah;LOCATION;644;651;0.99
000091-001;218;Jibril;PERSON;57;63;0.99
000091-001;218;Abu Bakar;PERSON;352;361;0.99
000091-001;218;Aisyah;PERSON;394;400;0.99
000091-001;218;Abu Bakar;PERSON;483;492;0.99
000091-001;218;Abu Bakar;PERSON;553;562;0.99
000091-001;218;Rasulullah;PERSON;576;586;0.99
000091-001;218;Abu Bakar;PERSON;688;697;0.99
000091-001;218;Abu Bakar;PERSON;879;888;0.99
000091-001;218;Abu Bakar;PERSON;936;945;0.99
000091-001;218;Rasulullah;PERSON;962;972;0.99
000091-001;218;Abu Bakar;PERSON;989;998;0.99
000091-001;218;Rasulullah;PERSON;1127;1137;0.99
000091-001;218;Abu Bakar;PERSON;1145;1154;0.99
000091-001;218;Rasulullah;PERSON;1240;1250;0.99
000091-001;218;Abu Bakar;PERSON;1294;1303;0.99
000091-001;218;Rasulullah;PERSON;1317;1327;0.99
000092-001;218-220;Makkah;LOCATION;106;112;0.99
000092-001;218-220;Abu Jahal bin Hisyam;PERSON;240;260;0.99
000092-001;218-220;Al-Hakam bin Abul Ash;PERSON;264;285;0.99
000092-001;218-220;Uqbah bin Abu Mu'aith;PERSON;289;310;0.99
000092-001;218-220;An-Nadhar bin Al-Harits;PERSON;314;337;0.99
000092-001;218-220;Umayyah bin Khalaf;PERSON;341;359;0.99
000092-001;218-220;Zam'ah bin Al-Aswad;PERSON;363;382;0.99
000092-001;218-220;Thu'aimah bin Adi;PERSON;386;403;0.99
000092-001;218-220;Abu Lahab;PERSON;407;416;0.99
000092-001;218-220;Ubay bin Khalaf;PERSON;417;432;0.99
000092-001;218-220;Nubih bin Al-Hajjaj;PERSON;437;456;0.99
000092-001;218-220;Ibnu Ishaq;PERSON;481;491;0.99
000092-001;218-220;Abu Jahal;PERSON;700;709;0.99
000092-001;218-220;Muhammad;PERSON;836;844;0.99
000092-002;218-220;Rasulullah;PERSON;210;220;0.99
000093-001;220-221;Rasulullah;PERSON;161;171;0.99
000093-001;220-221;Ali bin Abu Thalib;PERSON;187;205;0.99
000093-001;220-221;Rasulullah;PERSON;480;490;0.99
000093-001;220-221;Rasulullah;PERSON;507;517;0.99
000093-001;220-221;Abu Bakar;PERSON;950;959;0.99
000093-001;220-221;Abu Bakar;PERSON;993;1002;0.99
000093-001;220-221;Muhammad;PERSON;1330;1338;0.99
000093-002;220-221;Ali;PERSON;329;332;0.99
000093-002;220-221;Muhammad;PERSON;367;375;0.99
000093-002;220-221;Ali;PERSON;468;471;0.99
000093-002;220-221;Muhammad;PERSON;548;556;0.99
000093-002;220-221;Ali;PERSON;557;560;0.99
000094-001;221;Rasulullah;PERSON;0;10;0.99
000094-001;221;tanggal 27 Shafai;TIME;46;63;0.99
000094-001;221;tahun 14;TIME;64;72;0.99
000094-001;221;Abu Bakar;PERSON;111;120;0.99
000094-001;221;Makkah;LOCATION;199;205;0.99
000094-001;221;Rasulullah;PERSON;252;262;0.99
000094-001;221;Madinah;LOCATION;416;423;0.99
000094-001;221;Yaman;LOCATION;531;536;0.99
000094-001;221;Makkah;LOCATION;542;548;0.99
000094-001;221;Abu Bakar;PERSON;947;956;0.99
000095-001;221-223;Abu Bakar;PERSON;23;32;0.99
000095-001;221-223;Abu Bakar;PERSON;229;238;0.99
000095-001;221-223;bulan Shafar;TIME;454;466;0.99
000095-001;221-223;bulan Muharram;TIME;536;550;0.99
000095-001;221-223;bulan Shafar;TIME;629;641;0.99
000095-001;221-223;bulan Muharram;TIME;904;918;0.99
000095-001;221-223;Abu Bakar;PERSON;953;962;0.99
000095-001;221-223;Abu Bakar;PERSON;1115;1124;0.99
000095-001;221-223;Abu Bakar;PERSON;1149;1158;0.99
000095-001;221-223;Rasulullah;PERSON;1257;1267;0.99
000095-001;221-223;Abu Bakar;PERSON;1357;1366;0.99
000095-002;221-223;Abu Bakar;PERSON;24;33;0.99
000095-002;221-223;Abu Bakar;PERSON;50;59;0.99
000095-002;221-223;Rasulullah;PERSON;132;142;0.99
000095-002;221-223;Abdullah bin Abu Bakar;PERSON;326;348;0.99
000095-002;221-223;Aisyah;PERSON;381;387;0.99
000095-002;221-223;Makkah;LOCATION;550;556;0.99
000095-002;221-223;Rasulullah;PERSON;640;650;0.99
000095-002;221-223;Abu Bakar;PERSON;655;664;0.99
000095-002;221-223;Abu Bakar;PERSON;811;820;0.99
000095-002;221-223;Amir bin Fuhairah;PERSON;846;863;0.99
000095-002;221-223;Abdullah bin Abu Bakar;PERSON;1159;1181;0.99
000095-002;221-223;Makkah;LOCATION;1214;1220;0.99
000095-002;221-223;Rasulullah;PERSON;1366;1376;0.99
000095-003;221-223;Rasulullah;PERSON;109;119;0.99
000095-003;221-223;Ali;PERSON;170;173;0.99
000095-003;221-223;Ka'bah;LOCATION;199;205;0.99
000095-003;221-223;Ali;PERSON;349;352;0.99
000095-003;221-223;Abu Bakar;PERSON;377;386;0.99
000095-003;221-223;Asma' binti Abu Bakar;PERSON;421;442;0.99
000095-003;221-223;Abu Jahal;PERSON;565;574;0.99
000095-003;221-223;Rasulullah;PERSON;793;803;0.99
000095-003;221-223;Abu Bakar;PERSON;808;817;0.99
000095-003;221-223;Makkah;LOCATION;838;844;0.99
000095-003;221-223;Abu Bakar;PERSON;1381;1390;0.99
000095-004;221-223;Abu Bakar;PERSON;175;184;0.99
000095-004;221-223;Abu Bakar;PERSON;282;291;0.99
000096-001;223-229;Rasulullah;PERSON;140;150;0.99
000096-001;223-229;Madinah;LOCATION;192;199;0.99
000096-001;223-229;Abdullah bin Uraiqith;PERSON;223;244;0.99
000096-001;223-229;Abu Bakar;PERSON;559;568;0.99
000096-001;223-229;Rasulullah;PERSON;682;692;0.99
000096-001;223-229;tahun 622 M;TIME;1024;1035;0.99
000096-001;223-229;Abdullah bin Uraiqith;PERSON;1037;1058;0.99
000096-001;223-229;Abu Bakar;PERSON;1088;1097;0.99
000096-001;223-229;Rasulullah;PERSON;1143;1153;0.99
000096-001;223-229;Asma' binti Abu Bakar;PERSON;1230;1251;0.99
000096-002;223-229;Abu Bakar;PERSON;104;113;0.99
000096-002;223-229;Rasulullah;PERSON;547;557;0.99
000096-002;223-229;Abu Bakar;PERSON;576;585;0.99
000096-002;223-229;Amir bin Fuhairah;PERSON;590;607;0.99
000096-002;223-229;Abullah bin Uraiqith;PERSON;609;629;0.99
000096-002;223-229;Yaman;LOCATION;752;757;0.99
000096-002;223-229;Laut Merah;LOCATION;918;928;0.99
000096-002;223-229;Ibnu Ishaq;PERSON;981;991;0.99
000096-002;223-229;Rasulullah;PERSON;1037;1047;0.99
000096-002;223-229;Makkah;LOCATION;1174;1180;0.99
000096-002;223-229;Abdullah bin Uraiqith;PERSON;1282;1303;0.99
000096-002;223-229;Qudaid;LOCATION;1422;1428;0.99
000096-003;223-229;Abu Bakar Ash-Shiddiq;PERSON;373;394;0.99
000096-003;223-229;Rasulullah;PERSON;782;792;0.99
000096-003;223-229;Madinah;LOCATION;1070;1077;0.99
000096-003;223-229;Makkah;LOCATION;1124;1130;0.99
000096-004;223-229;Rasulullah;PERSON;188;198;0.99
000096-004;223-229;Abu Bakar;PERSON;403;412;0.99
000096-004;223-229;Abu Bakar;PERSON;629;638;0.99
000096-004;223-229;Abu Bakar;PERSON;678;687;0.99
000096-004;223-229;Abu Bakar;PERSON;843;852;0.99
000096-004;223-229;Suraqah bin Malik;PERSON;914;931;0.99
000096-004;223-229;Muhammad;PERSON;1308;1316;0.99
000096-004;223-229;Muhammad;PERSON;1389;1397;0.99
000096-005;223-229;Muhammad;PERSON;493;501;0.99
000096-005;223-229;Rasulullah;PERSON;845;855;0.99
000096-005;223-229;Abu Bakar;PERSON;915;924;0.99
000096-006;223-229;Rasulullah;PERSON;114;124;0.99
000096-006;223-229;Rasulullah;PERSON;164;174;0.99
000096-006;223-229;Amir bin Fuhairah;PERSON;564;581;0.99
000096-006;223-229;Rasulullah;PERSON;654;664;0.99
000096-006;223-229;Abu Bakar;PERSON;712;721;0.99
000096-006;223-229;Suraqah bin Malik bin Ju'syum;PERSON;860;889;0.99
000096-006;223-229;Rasulullah;PERSON;953;963;0.99
000096-006;223-229;Rasulullah;PERSON;1295;1305;0.99
000096-006;223-229;Ummu Ma'bad;PERSON;1407;1418;0.99
000096-007;223-229;Ummu Ma'bad;PERSON;52;63;0.99
000096-007;223-229;Rasulullah;PERSON;236;246;0.99
000096-007;223-229;Abu Bakar;PERSON;251;260;0.99
000096-007;223-229;Ummu Ma'bad;PERSON;483;494;0.99
000096-007;223-229;Rasulullah;PERSON;496;506;0.99
000096-007;223-229;Ummu Ma'bad;PERSON;612;623;0.99
000096-007;223-229;Ummu Ma'bad;PERSON;888;899;0.99
000096-007;223-229;Ummu Ma'bad;PERSON;1159;1170;0.99
000096-007;223-229;Ummu Ma'bad;PERSON;1256;1267;0.99
000096-008;223-229;Ummu Ma'bad;PERSON;204;215;0.99
000096-008;223-229;Abu Ma'bad;PERSON;465;475;0.99
000096-008;223-229;Ummu Ma'bad;PERSON;819;830;0.99
000096-008;223-229;Ummu Ma'bad;PERSON;861;872;0.99
000096-008;223-229;Abu Ma'bad;PERSON;1064;1074;0.99
000096-009;223-229;Abu Ma'bad;PERSON;78;88;0.99
000096-009;223-229;Makkah;LOCATION;331;337;0.99
000096-009;223-229;Makkah;LOCATION;367;373;0.99
000096-009;223-229;Ummu Ma'bad;PERSON;540;551;0.99
000096-009;223-229;Muhammad;PERSON;662;670;0.99
000096-009;223-229;Ka'b;PERSON;786;790;0.99
000096-009;223-229;Asma' binti Abu Bakar;PERSON;1012;1033;0.99
000096-009;223-229;Rasulullah;PERSON;1073;1083;0.99
000096-009;223-229;Makkah;LOCATION;1174;1180;0.99
000096-009;223-229;Makkah;LOCATION;1381;1387;0.99
000096-009;223-229;Rasulullah;PERSON;1452;1462;0.99
000096-010;223-229;Rasulullah;PERSON;51;61;0.99
000096-010;223-229;Abu Buraidah;PERSON;133;145;0.99
000096-010;223-229;Abu Bakar;PERSON;200;209;0.99
000096-010;223-229;Rasulullah;PERSON;316;326;0.99
000096-010;223-229;Rasulullah;PERSON;641;651;0.99
000096-010;223-229;Az-Zubair;PERSON;672;681;0.99
000096-010;223-229;Syam;LOCATION;757;761;0.99
000096-010;223-229;Abu;PERSON;813;816;0.99
000097-001;229-231;hari Senin;TIME;5;15;0.99
000097-001;229-231;tanggal 8 Rabi'ul;TIME;16;33;0.99
000097-001;229-231;tanggal 23 September;TIME;109;129;0.99
000097-001;229-231;Rasulullah;PERSON;137;147;0.99
000097-001;229-231;Abdullah bin Az-Zubair;PERSON;166;188;0.99
000097-001;229-231;Madinah;LOCATION;237;244;0.99
000097-001;229-231;Rasulullah;PERSON;269;279;0.99
000097-001;229-231;Makkah;LOCATION;285;291;0.99
000097-001;229-231;Rasulullah;PERSON;673;683;0.99
000097-001;229-231;Urwah bin Az-Zubair;PERSON;1064;1083;0.99
000097-001;229-231;tanggal 9 Rabi;TIME;1215;1229;0.99
000097-001;229-231;tahun 41;TIME;1240;1248;0.99
000097-001;229-231;bulan Ramadhan tahun 41;TIME;1329;1352;0.99
000097-002;229-231;Ibnul Qayyim;PERSON;30;42;0.99
000097-002;229-231;Amr bin Auf;PERSON;113;124;0.99
000097-002;229-231;Jibril;PERSON;464;470;0.99
000097-002;229-231;Urwah bin Az-Zubair;PERSON;581;600;0.99
000097-002;229-231;Rasulullah;PERSON;646;656;0.99
000097-002;229-231;Amr bin Auf;PERSON;714;725;0.99
000097-002;229-231;hari Senin;TIME;748;758;0.99
000097-002;229-231;bulan Rabi'ul Awwal;TIME;759;778;0.99
000097-002;229-231;Abu Bakar;PERSON;780;789;0.99
000097-002;229-231;Rasulullah;PERSON;886;896;0.99
000097-002;229-231;Abu Bakar;PERSON;926;935;0.99
000097-002;229-231;Abu Bakar;PERSON;999;1008;0.99
000097-002;229-231;Rasulullah;PERSON;1085;1095;0.99
000097-002;229-231;Madinah;LOCATION;1116;1123;0.99
000097-002;229-231;Madinah;LOCATION;1221;1228;0.99
000097-003;229-231;Rasulullah;PERSON;178;188;0.99
000097-003;229-231;Kultsum bin Al-Hadm;PERSON;214;233;0.99
000097-003;229-231;Sa'd bin Khaitsamah;PERSON;300;319;0.99
000097-003;229-231;Ali bin Abu Thalib;PERSON;370;388;0.99
000097-003;229-231;Makkah;LOCATION;399;405;0.99
000097-003;229-231;Rasulullah;PERSON;450;460;0.99
000097-003;229-231;Madinah;LOCATION;541;548;0.99
000097-003;229-231;Ibnu Hisyam;PERSON;699;710;0.99
000097-003;229-231;hari Senin;TIME;813;823;0.99
000097-003;229-231;Abu Bakar;PERSON;1036;1045;0.99
000097-003;229-231;Madinah;LOCATION;1237;1244;0.99
000097-003;229-231;Salim bin Auf;PERSON;1278;1291;0.99
000098-001;231-232;Madinah;LOCATION;36;43;0.99
000098-001;231-232;Yastrib;LOCATION;63;70;0.99
000098-001;231-232;Madinah;LOCATION;135;142;0.99
000098-001;231-232;Rasulullah;PERSON;655;665;0.99
000098-002;231-232;Rasulullah;PERSON;168;178;0.99
000098-002;231-232;Abu Ayyub;PERSON;214;223;0.99
000098-002;231-232;Rasulullah;PERSON;270;280;0.99
000098-002;231-232;Abu Ayyub;PERSON;604;613;0.99
000098-002;231-232;Rasulullah;PERSON;635;645;0.99
000098-002;231-232;Abu Ayyub;PERSON;702;711;0.99
000098-002;231-232;Ummu Kultsum;PERSON;939;951;0.99
000098-002;231-232;Madinah;LOCATION;961;968;0.99
000098-002;231-232;Usamah bin Zaid;PERSON;990;1005;0.99
000098-002;231-232;Ummu Aiman;PERSON;1007;1017;0.99
000098-002;231-232;Abdullah bin Abu Bakar;PERSON;1019;1041;0.99
000098-002;231-232;Abu Bakar;PERSON;1063;1072;0.99
000098-002;231-232;Aisyah;PERSON;1088;1094;0.99
000098-002;231-232;Zainab;PERSON;1106;1112;0.99
000098-002;231-232;Abul Ash;PERSON;1159;1167;0.99
000098-002;231-232;Makkah;LOCATION;1171;1177;0.99
000098-002;231-232;Zainab;PERSON;1179;1185;0.99
000098-002;231-232;Perang Badr;EVENT;1243;1254;0.99
000098-002;231-232;Aisyah;PERSON;1255;1261;0.99
000098-002;231-232;Rasulullah;PERSON;1279;1289;0.99
000098-002;231-232;Madinah;LOCATION;1304;1311;0.99
000098-002;231-232;Abu Bakar;PERSON;1323;1332;0.99
000098-002;231-232;Bilal;PERSON;1337;1342;0.99
000098-003;231-232;Zainab;PERSON;0;6;0.99
000098-003;231-232;Perang Badr;EVENT;64;75;0.99
000098-003;231-232;Aisyah;PERSON;76;82;0.99
000098-003;231-232;Rasulullah;PERSON;100;110;0.99
000098-003;231-232;Madinah;LOCATION;125;132;0.99
000098-003;231-232;Abu Bakar;PERSON;144;153;0.99
000098-003;231-232;Bilal;PERSON;158;163;0.99
000098-003;231-232;Bilal;PERSON;266;271;0.99
000098-003;231-232;Abu Bakar;PERSON;310;319;0.99
000098-003;231-232;Aisyah;PERSON;485;491;0.99
000098-003;231-232;Rasulullah;PERSON;522;532;0.99
000098-003;231-232;Madinah;LOCATION;618;625;0.99
000098-003;231-232;Makkah;LOCATION;656;662;0.99
000098-003;231-232;Madinah;LOCATION;718;725;0.99
000098-003;231-232;Rasulullah;PERSON;843;853;0.99
000098-003;231-232;Makkah;LOCATION;921;927;0.99
000099-001;233;Madinah;LOCATION;8;15;0.99
000099-001;233;Madinah;LOCATION;191;198;0.99
000099-001;233;Perjanjian Hudaibiyah;EVENT;280;301;0.99
000099-001;233;Fathu Makkah;EVENT;423;435;0.99
000099-001;233;bulan Ramadhan;TIME;441;455;0.99
000099-001;233;Madinah;LOCATION;695;702;0.99
000099-001;233;Rasulullah;PERSON;740;750;0.99
000099-001;233;bulan Rabi'ul Awwal;TIME;756;775;0.99
000100-001;234;Rasulullah;PERSON;419;429;0.99
000100-001;234;Madinah;LOCATION;609;616;0.99
000100-001;234;Madinah;LOCATION;989;996;0.99
000101-001;234-236;Madinah;LOCATION;121;128;0.99
000101-001;234-236;Makkah;LOCATION;163;169;0.99
000101-001;234-236;Madinah;LOCATION;899;906;0.99
000101-002;234-236;Rasulullah;PERSON;1054;1064;0.99
000101-003;234-236;Rasulullah;PERSON;380;390;0.99
000101-003;234-236;Muhammad;PERSON;519;527;0.99
000101-003;234-236;Madinah;LOCATION;1116;1123;0.99
000101-004;234-236;Madinah;LOCATION;171;178;0.99
000102-001;236-237;Madinah;LOCATION;70;77;0.99
000102-001;236-237;Rasulullah;PERSON;467;477;0.99
000102-001;236-237;Abdullah bin Ubay;PERSON;659;676;0.99
000102-001;236-237;Perang Bu'ats;EVENT;707;720;0.99
000102-001;236-237;Madinah;LOCATION;1130;1137;0.99
000102-001;236-237;Rasulullah;PERSON;1173;1183;0.99
000102-001;236-237;Rasulullah;PERSON;1263;1273;0.99
000102-002;236-237;Rasulullah;PERSON;388;398;0.99
000103-001;237-242;Hijaz;LOCATION;130;135;0.99
000103-001;237-242;Hijaz;LOCATION;233;238;0.99
000103-001;237-242;Ali-Imran;PERSON;996;1005;0.99
000103-003;237-242;Madinah;LOCATION;576;583;0.99
000103-003;237-242;Madinah;LOCATION;729;736;0.99
000103-003;237-242;Madinah;LOCATION;860;867;0.99
000103-003;237-242;Perang Bu;EVENT;999;1008;0.99
000103-003;237-242;Rasulullah;PERSON;1106;1116;0.99
000103-004;237-242;Yastrib;LOCATION;435;442;0.99
000103-004;237-242;Yatsrib;LOCATION;1006;1013;0.99
000103-004;237-242;Rasulullah;PERSON;1094;1104;0.99
000103-004;237-242;Yatsrib;LOCATION;1129;1136;0.99
000103-004;237-242;Ibnu Ishaq;PERSON;1267;1277;0.99
000103-004;237-242;Shafiyyah;PERSON;1298;1307;0.99
000103-004;237-242;Ibnu Ishaq;PERSON;1310;1320;0.99
000103-004;237-242;Shafiyyah binti Huyai bin Akhthab;PERSON;1356;1389;0.99
000103-004;237-242;Abu Yasir;PERSON;1468;1477;0.99
000103-005;237-242;Ibnu Ishaq;PERSON;0;10;0.99
000103-005;237-242;Shafiyyah binti Huyai bin Akhthab;PERSON;46;79;0.99
000103-005;237-242;Abu Yasir;PERSON;158;167;0.99
000103-005;237-242;Rasulullah;PERSON;291;301;0.99
000103-005;237-242;Madinah;LOCATION;310;317;0.99
000103-005;237-242;Amr bin Auf;PERSON;344;355;0.99
000103-005;237-242;Huyai bin Akhthab;PERSON;370;387;0.99
000103-005;237-242;Abu Yasir bin Akhthab;PERSON;401;422;0.99
000103-005;237-242;Abdullah bin Salam;PERSON;1092;1110;0.99
000103-005;237-242;Rasulullah;PERSON;1196;1206;0.99
000103-005;237-242;Madinah;LOCATION;1210;1217;0.99
000103-006;237-242;Rasulullah;PERSON;364;374;0.99
000103-006;237-242;Abdullah bin Salam;PERSON;457;475;0.99
000103-006;237-242;Abdullah bin Salam;PERSON;541;559;0.99
000103-006;237-242;Rasulullah;PERSON;1131;1141;0.99
000103-006;237-242;Abdullah bin Salam;PERSON;1276;1294;0.99
000103-006;237-242;Muhammad;PERSON;1389;1397;0.99
000103-007;237-242;Rasulullah;PERSON;310;320;0.99
000103-007;237-242;Abdullah bin Salam;PERSON;455;473;0.99
000103-007;237-242;Muhammad;PERSON;568;576;0.99
000103-007;237-242;Ibnu Hisyam;PERSON;685;696;0.99
000103-007;237-242;Rasulullah;PERSON;806;816;0.99
000103-007;237-242;Madinah;LOCATION;887;894;0.99
000103-008;237-242;Madinah;LOCATION;163;170;0.99
000103-008;237-242;Rasulullah;PERSON;419;429;0.99
000103-008;237-242;Baitullah;LOCATION;915;924;0.99
000103-008;237-242;Jazirah Arab;LOCATION;1008;1020;0.99
000103-008;237-242;Madinah;LOCATION;1048;1055;0.99
000103-008;237-242;Madinah;LOCATION;1066;1073;0.99
000103-008;237-242;Makkah;LOCATION;1340;1346;0.99
000103-009;237-242;Makkah;LOCATION;193;199;0.99
000103-009;237-242;Rasulullah;PERSON;934;944;0.99
000103-009;237-242;Madinah;LOCATION;961;968;0.99
000103-009;237-242;Rasulullah;PERSON;1052;1062;0.99
000103-009;237-242;Madinah;LOCATION;1116;1123;0.99
000103-010;237-242;Madinah;LOCATION;269;276;0.99
000104-001;243;Rasulullah;PERSON;39;49;0.99
000104-001;243;hari Jum'at;TIME;81;92;0.99
000104-001;243;tanggal 12 Rabi'ul;TIME;93;111;0.99
000104-001;243;tanggal 27 September;TIME;141;161;0.99
000104-001;243;Abu Ayyub;PERSON;255;264;0.99
000105-001;243-244;Rasulullah;PERSON;31;41;0.99
000105-001;243-244;Khaibar;LOCATION;468;475;0.99
000105-001;243-244;Rasulullah;PERSON;680;690;0.99
000105-001;243-244;Baitul Maqdis;LOCATION;1045;1058;0.99
000105-002;243-244;Abu Ayyub;PERSON;300;309;0.99
000105-002;243-244;Madinah;LOCATION;905;912;0.99
000105-002;243-244;Abdullah bin Zaid bin Abdi;PERSON;1175;1201;0.99
000105-002;243-244;Abu Dawud;PERSON;1293;1302;0.99
000106-001;244-246;Rasulullah;PERSON;72;82;0.99
000106-001;244-246;Ibnul Qayyim;PERSON;215;227;0.99
000106-001;244-246;Rasulullah;PERSON;250;260;0.99
000106-001;244-246;Anas bin Malik;PERSON;327;341;0.99
000106-001;244-246;Perang Badr;EVENT;622;633;0.99
000106-001;244-246;Muhammad;PERSON;942;950;0.99
000106-001;244-246;Ibnu Hajar;PERSON;990;1000;0.99
000106-001;244-246;Rasulullah;PERSON;1300;1310;0.99
000106-002;244-246;Rasulullah;PERSON;182;192;0.99
000106-002;244-246;Madinah;LOCATION;836;843;0.99
000106-002;244-246;Rasulullah;PERSON;850;860;0.99
000106-002;244-246;Abdurrahman bin Auf;PERSON;878;897;0.99
000106-002;244-246;Sa'd bin Ar-Rabi;PERSON;905;921;0.99
000106-003;244-246;Rasulullah;PERSON;188;198;0.99
000106-003;244-246;Abu Hurairah;PERSON;340;352;0.99
000107-001;246-247;Rasulullah;PERSON;48;58;0.99
000107-001;246-247;Yatsrib;LOCATION;357;364;0.99
000107-002;246-247;Muhammad;PERSON;1433;1441;0.99
000108-001;247-250;Rasulullah;PERSON;45;55;0.99
000108-001;247-250;Rasulullah;PERSON;265;275;0.99
000108-001;247-250;Ibnu Hisyam;PERSON;509;520;0.99
000108-001;247-250;Abdullah bin Salam;PERSON;772;790;0.99
000108-001;247-250;Rasulullah;PERSON;809;819;0.99
000108-001;247-250;Madinah;LOCATION;828;835;0.99
000108-001;247-250;Ibnu Majah;PERSON;1242;1252;0.99
000108-002;247-250;Abu Dawud;PERSON;1304;1313;0.99
000108-003;247-250;Abu Dawud;PERSON;0;9;0.99
000108-003;247-250;Ibnu Majah;PERSON;649;659;0.99
000108-003;247-250;Abu Dawud;PERSON;1098;1107;0.99
000108-004;247-250;Abdullah bin Mas'ud;PERSON;832;851;0.99
000108-004;247-250;Muhammad;PERSON;1028;1036;0.99
000108-005;247-250;Rasulullah;PERSON;368;378;0.99
000109-001;251-252;Madinah;LOCATION;23;30;0.99
000109-001;251-252;Madinah;LOCATION;652;659;0.99
000109-002;251-252;Yatsrib;LOCATION;428;435;0.99
000109-002;251-252;Muhammad;PERSON;701;709;0.99
000109-002;251-252;Yatsrib;LOCATION;880;887;0.99
000109-002;251-252;Madinah;LOCATION;1023;1030;0.99
000109-002;251-252;Madinah;LOCATION;1100;1107;0.99
000109-002;251-252;Rasulullah;PERSON;1161;1171;0.99
000109-002;251-252;Madinah;LOCATION;1270;1277;0.99
000109-003;251-252;Madinah;LOCATION;23;30;0.99
000109-003;251-252;Rasulullah;PERSON;117;127;0.99
000109-003;251-252;Ibnu Hisyam;PERSON;293;304;0.99
000110-001;253-254;Makkah;LOCATION;98;104;0.99
000110-001;253-254;Madinah;LOCATION;419;426;0.99
000110-001;253-254;Abdullah bin Ubay bin Salul;PERSON;487;514;0.99
000110-001;253-254;Rasulullah;PERSON;579;589;0.99
000110-001;253-254;Makkah;LOCATION;655;661;0.99
000110-001;253-254;Abdullah bin Ubay;PERSON;683;700;0.99
000110-001;253-254;Abdullah bin Ubay;PERSON;1015;1032;0.99
000110-001;253-254;Makkah;LOCATION;1115;1121;0.99
000110-001;253-254;Rasulullah;PERSON;1161;1171;0.99
000110-001;253-254;Abdurrahman bin Ka'b;PERSON;1225;1245;0.99
000110-001;253-254;Abdullah bin Ubay;PERSON;1290;1307;0.99
000110-001;253-254;Rasulullah;PERSON;1388;1398;0.99
000110-002;253-254;Abdurrahman bin Ka'b;PERSON;0;20;0.99
000110-002;253-254;Abdullah bin Ubay;PERSON;65;82;0.99
000110-002;253-254;Rasulullah;PERSON;163;173;0.99
000110-002;253-254;Abdullah bin Ubay bin Salul;PERSON;565;592;0.99
000111-001;254;Sa'd bin Mu'adz;PERSON;21;36;0.99
000111-001;254;Makkah;LOCATION;46;52;0.99
000111-001;254;Makkah;LOCATION;79;85;0.99
000111-001;254;Umayyah bin Khalaf;PERSON;107;125;0.99
000111-001;254;Ka'bah;LOCATION;224;230;0.99
000111-001;254;Ka'bah;LOCATION;288;294;0.99
000111-001;254;Abu Jahal;PERSON;296;305;0.99
000111-001;254;Abu Shafwan;PERSON;356;367;0.99
000111-001;254;Abu Jahal;PERSON;436;445;0.99
000111-001;254;Makkah;LOCATION;499;505;0.99
000111-001;254;Abu Shafwan;PERSON;697;708;0.99
000112-001;254-255;Yatsrib;LOCATION;190;197;0.99
000112-001;254-255;Rasulullah;PERSON;343;353;0.99
000112-001;254-255;Aisyah;PERSON;719;725;0.99
000112-001;254-255;Madinah;LOCATION;778;785;0.99
000112-001;254-255;Rasulullah;PERSON;787;797;0.99
000112-001;254-255;Sa'd bin Abi Waqqash;PERSON;1011;1031;0.99
000112-001;254-255;Rasulullah;PERSON;1128;1138;0.99
000112-002;254-255;Rasulullah;PERSON;90;100;0.99
000112-002;254-255;Aisyah;PERSON;224;230;0.99
000112-002;254-255;Rasulullah;PERSON;266;276;0.99
000112-002;254-255;Rasulullah;PERSON;569;579;0.99
000112-002;254-255;Ubay bin Ka'b;PERSON;639;652;0.99
000112-002;254-255;Rasulullah;PERSON;689;699;0.99
000112-002;254-255;Madinah;LOCATION;728;735;0.99
000113-001;255-256;Madinah;LOCATION;102;109;0.99
000113-001;255-256;Madinah;LOCATION;970;977;0.99
000113-001;255-256;Makkah;LOCATION;1003;1009;0.99
000113-001;255-256;Makkah;LOCATION;1360;1366;0.99
000113-001;255-256;Syam;LOCATION;1370;1374;0.99
000113-001;255-256;Rasulullah;PERSON;1409;1419;0.99
000113-002;255-256;Rasulullah;PERSON;33;43;0.99
000113-002;255-256;Madinah;LOCATION;251;258;0.99
000113-002;255-256;Madinah;LOCATION;546;553;0.99
000114-001;256-265;Madinah;LOCATION;305;312;0.99
000114-001;256-265;Makkah;LOCATION;335;341;0.99
000114-001;256-265;Yatsrib;LOCATION;464;471;0.99
000114-001;256-265;Makkah;LOCATION;1204;1210;0.99
000114-001;256-265;Jazirah Arab;LOCATION;1284;1296;0.99
000114-001;256-265;tanggal 1 Ramadhan;TIME;1404;1422;0.99
000114-001;256-265;tahun 623 M;TIME;1450;1461;0.99
000114-002;256-265;tanggal 1 Ramadhan;TIME;45;63;0.99
000114-002;256-265;tahun 623 M;TIME;91;102;0.99
000114-002;256-265;Rasulullah;PERSON;138;148;0.99
000114-002;256-265;Hamzah bin Abdul Muththalib;PERSON;158;185;0.99
000114-002;256-265;Syam;LOCATION;276;280;0.99
000114-002;256-265;Abu Jahal bin Hisyam;PERSON;315;335;0.99
000114-002;256-265;Majdi bin Amr;PERSON;485;498;0.99
000114-002;256-265;Hamzah;PERSON;642;648;0.99
000114-002;256-265;Rasulullah;PERSON;688;698;0.99
000114-002;256-265;Martsad;PERSON;738;745;0.99
000114-002;256-265;Kannaz bin Hishn;PERSON;746;762;0.99
000114-002;256-265;tanggal 1 Syawwal;TIME;808;825;0.99
000114-002;256-265;Rasulullah;PERSON;831;841;0.99
000114-002;256-265;Ubaidah bin Al-Harits bin Abdul Muththalib;PERSON;859;901;0.99
000114-002;256-265;Abu Sufyan;PERSON;962;972;0.99
000114-002;256-265;Al-Miqdad bin Amr;PERSON;1234;1251;0.99
000114-002;256-265;Utbah bin Ghazwan;PERSON;1267;1284;0.99
000114-003;256-265;Misthah bin Utsatsah bin Al-Muththalib bin Abdi;PERSON;157;204;0.99
000114-003;256-265;Rasulullah;PERSON;288;298;0.99
000114-003;256-265;Sa'd bin Abi Waqqash;PERSON;308;328;0.99
000114-003;256-265;Al-Miqdad bin Amr;PERSON;760;777;0.99
000114-003;256-265;Perang Abwa;EVENT;779;790;0.99
000114-003;256-265;bulan Shafar 2 H;TIME;810;826;0.99
000114-003;256-265;Rasulullah;PERSON;859;869;0.99
000114-003;256-265;Sa'd bin Ubadah;PERSON;904;919;0.99
000114-003;256-265;Madinah;LOCATION;944;951;0.99
000114-003;256-265;Amr bin Makshsyi;PERSON;1189;1205;0.99
000114-003;256-265;Muhammad;PERSON;1285;1293;0.99
000114-004;256-265;Muhammad;PERSON;55;63;0.99
000114-004;256-265;Rasulullah;PERSON;388;398;0.99
000114-004;256-265;Hamzah bin Abdul Muththalib;PERSON;517;544;0.99
000114-004;256-265;Perang Buwath;EVENT;549;562;0.99
000114-004;256-265;bulan Rabi'ul Awwal 2 H;TIME;569;592;0.99
000114-004;256-265;Rasulullah;PERSON;626;636;0.99
000114-004;256-265;Umayyah bin Khalaf;PERSON;717;735;0.99
000114-004;256-265;Sa'd bin Mua'dz;PERSON;907;922;0.99
000114-004;256-265;Madinah;LOCATION;947;954;0.99
000114-004;256-265;Perang Safawan;EVENT;1043;1057;0.99
000114-004;256-265;bulan Rabi'ul Awwal 2 H;TIME;1064;1087;0.99
000114-004;256-265;Kurs bin Jabir;PERSON;1129;1143;0.99
000114-004;256-265;Madinah;LOCATION;1254;1261;0.99
000114-004;256-265;Rasulullah;PERSON;1325;1335;0.99
000114-004;256-265;Badr;LOCATION;1435;1439;0.99
000114-005;256-265;Perang Badr Ula;EVENT;124;139;0.99
000114-005;256-265;Zaid bin Haritsah;PERSON;178;195;0.99
000114-005;256-265;Madinah;LOCATION;220;227;0.99
000114-005;256-265;Ali bin Abu Thalib;PERSON;281;299;0.99
000114-005;256-265;Perang Dzul Usyairah;EVENT;304;324;0.99
000114-005;256-265;bulan Jumadal;TIME;331;344;0.99
000114-005;256-265;Rasulullah;PERSON;458;468;0.99
000114-005;256-265;Syam;LOCATION;535;539;0.99
000114-005;256-265;Syam;LOCATION;802;806;0.99
000114-005;256-265;Perang Badr Kubra;EVENT;850;867;0.99
000114-005;256-265;bulan Jumadal;TIME;911;924;0.99
000114-005;256-265;bulan Jumadal;TIME;951;964;0.99
000114-005;256-265;Ibnu Ishaq;PERSON;992;1002;0.99
000114-005;256-265;Abu Salamah;PERSON;1274;1285;0.99
000114-005;256-265;Madinah;LOCATION;1322;1329;0.99
000114-005;256-265;Hamzah bin Abdul Muththalib;PERSON;1384;1411;0.99
000114-006;256-265;bulan Rajab 2 H;TIME;43;58;0.99
000114-006;256-265;Rasulullah;PERSON;98;108;0.99
000114-006;256-265;Abdullah bin Jahsi;PERSON;118;136;0.99
000114-006;256-265;Rasulullah;PERSON;238;248;0.99
000114-006;256-265;Abdullah bin Jahsy;PERSON;290;308;0.99
000114-006;256-265;Makkah;LOCATION;568;574;0.99
000114-006;256-265;Tha'if;LOCATION;579;585;0.99
000114-006;256-265;Abdullah bin Jahsy;PERSON;671;689;0.99
000114-006;256-265;Sa'd bin Abi Waqqash;PERSON;1104;1124;0.99
000114-006;256-265;Uthbah bin Ghazwan;PERSON;1129;1147;0.99
000114-006;256-265;Abdullah bin Jahsy;PERSON;1229;1247;0.99
000114-007;256-265;Amr bin Al-Hadhrami;PERSON;149;168;0.99
000114-007;256-265;Utsman;PERSON;170;176;0.99
000114-007;256-265;Abdullah bin Al-Mughirah;PERSON;200;224;0.99
000114-007;256-265;Al-Hakam bin Kaisan;PERSON;226;245;0.99
000114-007;256-265;bulan Rajab;TIME;440;451;0.99
000114-007;256-265;Amar bin Al-Hadhrami;PERSON;763;783;0.99
000114-007;256-265;Utsman;PERSON;833;839;0.99
000114-007;256-265;Madinah;LOCATION;948;955;0.99
000114-007;256-265;Rasulullah;PERSON;1210;1220;0.99
000114-008;256-265;Masjidil Haram;LOCATION;723;737;0.99
000114-009;256-265;Rasulullah;PERSON;224;234;0.99
000114-009;256-265;Rasulullah;PERSON;412;422;0.99
000114-009;256-265;Perang Badr;EVENT;439;450;0.99
000114-009;256-265;Kurz bin Jabir;PERSON;623;637;0.99
000114-009;256-265;Abdullah bin Jahsy;PERSON;818;836;0.99
000114-009;256-265;Rasulullah;PERSON;921;931;0.99
000114-009;256-265;Ibnu Hisyam;PERSON;1035;1046;0.99
000114-010;256-265;Madinah;LOCATION;101;108;0.99
000114-010;256-265;Madinah;LOCATION;311;318;0.99
000114-010;256-265;Syam;LOCATION;407;411;0.99
000114-010;256-265;Badr;LOCATION;867;871;0.99
000114-010;256-265;Abdullah bin Jahsy;PERSON;919;937;0.99
000114-010;256-265;bulan Sya'ban 2 H;TIME;977;994;0.99
000114-011;256-265;Makkah;LOCATION;374;380;0.99
000114-011;256-265;Masjidil Haram;LOCATION;479;493;0.99
000114-012;256-265;Muhammad;PERSON;812;820;0.99
000114-012;256-265;Muhammad;PERSON;1205;1213;0.99
000114-013;256-265;Muhammad;PERSON;3;11;0.99
000114-013;256-265;Abdullah bin Jahsy;PERSON;572;590;0.99
000114-013;256-265;Perang Badr;EVENT;784;795;0.99
000114-014;256-265;bulan Sya'ban 2 H;TIME;132;149;0.99
000114-014;256-265;Baitul Maqdis;LOCATION;226;239;0.99
000114-014;256-265;Masjidil Haram;LOCATION;243;257;0.99
000115-001;266;Makkah;LOCATION;127;133;0.99
000115-001;266;Syam;LOCATION;137;141;0.99
000115-001;266;Syam;LOCATION;184;188;0.99
000115-001;266;Makkah;LOCATION;192;198;0.99
000115-001;266;Thalhah bin Ubaidillah;PERSON;221;243;0.99
000115-001;266;Sa'id bin Zaid;PERSON;248;262;0.99
000115-001;266;Abu Sufyan;PERSON;423;433;0.99
000115-001;266;Madinah;LOCATION;484;491;0.99
000115-001;266;Rasulullah;PERSON;526;536;0.99
000115-001;266;Makkah;LOCATION;596;602;0.99
000115-001;266;Madinah;LOCATION;847;854;0.99
000115-001;266;Rasulullah;PERSON;1062;1072;0.99
000115-002;266;Rasulullah;PERSON;17;27;0.99
000115-002;266;Badr;LOCATION;480;484;0.99
000115-002;266;Madinah;LOCATION;540;547;0.99
000116-001;267;Rasulullah;PERSON;0;10;0.99
000116-001;267;Az;PERSON;285;287;0.99
000116-001;267;Zubair bin Al-Awwam;PERSON;288;307;0.99
000116-001;267;Al-Miqdad bin Al-Aswad;PERSON;328;350;0.99
000116-001;267;Rasulullah;PERSON;440;450;0.99
000116-001;267;Ali bin Abu Thalib;PERSON;476;494;0.99
000116-001;267;Martsad bin Abu Martsad;PERSON;499;522;0.99
000116-001;267;Ibnu Ummi;PERSON;552;561;0.99
000116-001;267;Madinah;LOCATION;593;600;0.99
000116-001;267;Ibnu Ummu Maktum;PERSON;644;660;0.99
000116-001;267;Madinah;LOCATION;713;720;0.99
000116-001;267;Abu Lubabah bin Abdul Mudzir;PERSON;735;763;0.99
000116-001;267;Ibnu Maktum;PERSON;796;807;0.99
000116-001;267;Abu Lubabah;PERSON;815;826;0.99
000116-001;267;Mush ab bin Umair;PERSON;891;908;0.99
000116-001;267;Ali bin Abu Thalib;PERSON;1044;1062;0.99
000116-001;267;Sa'd bin Mu'adz;PERSON;1117;1132;0.99
000116-001;267;Az-Zubair bin Al-Awwam;PERSON;1171;1193;0.99
000116-001;267;Al-Miqdad bin Amr;PERSON;1228;1245;0.99
000116-001;267;Qais bin Sha'sha'ah;PERSON;1354;1373;0.99
000117-001;267;Rasulullah;PERSON;30;40;0.99
000117-001;267;Madinah;LOCATION;64;71;0.99
000117-001;267;Makkah;LOCATION;130;136;0.99
000117-001;267;Makkah;LOCATION;273;279;0.99
000117-001;267;Badr;LOCATION;332;336;0.99
000117-001;267;Basbas bin Amr;PERSON;406;420;0.99
000117-001;267;Adi bin Abu Az-Za'ba;PERSON;425;445;0.99
000117-001;267;Badr;LOCATION;473;477;0.99
000118-001;267-268;Abu Sufyan;PERSON;0;10;0.99
000118-001;267-268;Makkah;LOCATION;149;155;0.99
000118-001;267-268;Muhammad;PERSON;333;341;0.99
000118-001;267-268;Abu Sufyan;PERSON;417;427;0.99
000118-001;267-268;Dhamdham bin Amr;PERSON;437;453;0.99
000118-001;267-268;Makkah;LOCATION;479;485;0.99
000118-001;267-268;Muhammad;PERSON;603;611;0.99
000118-001;267-268;Makkah;LOCATION;701;707;0.99
000118-001;267-268;Abu Sufyan;PERSON;973;983;0.99
000118-001;267-268;Muhammad;PERSON;999;1007;0.99
000119-001;268-269;Muhammad;PERSON;68;76;0.99
000119-001;268-269;Ibnul Hadhrami;PERSON;143;157;0.99
000119-001;268-269;Makkah;LOCATION;345;351;0.99
000119-001;268-269;Abu Lahab;PERSON;426;435;0.99
000119-001;268-269;Makkah;LOCATION;710;716;0.99
000119-001;268-269;Abu Jahal bin Hisyam;PERSON;905;925;0.99
000119-002;268-269;Suraqah bin Malik bin Ju'stum;PERSON;77;106;0.99
000120-001;269;Rasulullah;PERSON;303;313;0.99
000120-001;269;Rasulullah;PERSON;463;473;0.99
000120-001;269;Badr;LOCATION;605;609;0.99
000120-001;269;Abu Sufyan;PERSON;688;698;0.99
000121-001;269-270;Abu Sufyan;PERSON;24;34;0.99
000121-001;269-270;Makkah;LOCATION;82;88;0.99
000121-001;269-270;Badr;LOCATION;194;198;0.99
000121-001;269-270;Majdi bin Amr;PERSON;247;260;0.99
000121-001;269-270;Madinah;LOCATION;285;292;0.99
000121-001;269-270;Abu Sufyan;PERSON;490;500;0.99
000121-001;269-270;Yatsrib;LOCATION;708;715;0.99
000121-001;269-270;Badr;LOCATION;884;888;0.99
000121-001;269-270;Abu Sufyan;PERSON;937;947;0.99
000121-001;269-270;Madinah;LOCATION;983;990;0.99
000121-001;269-270;Makkah;LOCATION;1022;1028;0.99
000122-001;270;Makkah;LOCATION;55;61;0.99
000122-001;270;Abu Jahal;PERSON;121;130;0.99
000122-001;270;Badr;LOCATION;201;205;0.99
000122-001;270;Al-Akhnas bin Syariq;PERSON;488;508;0.99
000122-001;270;Abu Jahal;PERSON;527;536;0.99
000122-001;270;Abu Jahal;PERSON;967;976;0.99
000122-001;270;Makkah;LOCATION;1107;1113;0.99
000122-001;270;Badr;LOCATION;1172;1176;0.99
000122-001;270;Badr;LOCATION;1217;1221;0.99
000122-001;270;Badr;LOCATION;1278;1282;0.99
000123-001;270-271;Madinah;LOCATION;18;25;0.99
000123-001;270-271;Abu Sufyan;PERSON;78;88;0.99
000123-001;270-271;Rasulullah;PERSON;96;106;0.99
000123-001;270-271;Makkah;LOCATION;385;391;0.99
000123-001;270-271;Madinah;LOCATION;818;825;0.99
000123-001;270-271;Makkah;LOCATION;939;945;0.99
000123-001;270-271;Makkah;LOCATION;994;1000;0.99
000123-001;270-271;Madinah;LOCATION;1077;1084;0.99
000123-001;270-271;Madinah;LOCATION;1172;1179;0.99
000124-001;271-273;Rasulullah;PERSON;71;81;0.99
000124-001;271-273;Abu Bakar;PERSON;875;884;0.99
000124-001;271-273;Umar bin Al-Khaththab;PERSON;889;910;0.99
000124-001;271-273;Al-Miqdad bin Amr;PERSON;974;991;0.99
000124-001;271-273;Rasulullah;PERSON;1023;1033;0.99
000124-001;271-273;Musa;PERSON;1211;1215;0.99
000124-002;271-273;Rasulullah;PERSON;333;343;0.99
000124-002;271-273;Rasulullah;PERSON;499;509;0.99
000124-002;271-273;Baiat Aqabah;EVENT;695;707;0.99
000124-002;271-273;Sa'd bin Mua'dz;PERSON;1072;1087;0.99
000124-002;271-273;Rasulullah;PERSON;1170;1180;0.99
000124-003;271-273;Rasulullah;PERSON;91;101;0.99
000124-003;271-273;Sa'd bin Mu'adz;PERSON;673;688;0.99
000124-003;271-273;Rasulullah;PERSON;704;714;0.99
000124-004;271-273;Rasulullah;PERSON;239;249;0.99
000124-004;271-273;Rasulullah;PERSON;553;563;0.99
000124-004;271-273;Badr;LOCATION;864;868;0.99
000125-001;273-274;Abu Bakar Ash-Shiddiq;PERSON;97;118;0.99
000125-001;273-274;Makkah;LOCATION;176;182;0.99
000125-001;273-274;Muhammad;PERSON;302;310;0.99
000125-001;273-274;Muhammad;PERSON;696;704;0.99
000125-001;273-274;Madinah;LOCATION;865;872;0.99
000125-001;273-274;Makkah;LOCATION;1046;1052;0.99
000125-001;273-274;Irak;LOCATION;1310;1314;0.99
000126-001;274-275;Ali bin Abu Thalib;PERSON;158;176;0.99
000126-001;274-275;Az-Zubair bin Al-Awwam;PERSON;178;200;0.99
000126-001;274-275;Sa'd bin Abi Waqqash;PERSON;205;225;0.99
000126-001;274-275;Badr;LOCATION;280;284;0.99
000126-001;274-275;Makkah;LOCATION;384;390;0.99
000126-001;274-275;Rasulullah;PERSON;462;472;0.99
000126-001;274-275;Abu Sufyan;PERSON;769;779;0.99
000126-001;274-275;Abu Sufyan;PERSON;883;893;0.99
000126-001;274-275;Abu Sufyan;PERSON;1047;1057;0.99
000126-001;274-275;Rasulullah;PERSON;1120;1130;0.99
000126-002;274-275;Uthbah;PERSON;719;725;0.99
000126-002;274-275;Abul Bakhtari bin Hisyam;PERSON;759;783;0.99
000126-002;274-275;Hakim bin Hizam;PERSON;785;800;0.99
000126-002;274-275;Naufal bin Khuwalid;PERSON;802;821;0.99
000126-002;274-275;Al-Harits bin Amir;PERSON;823;841;0.99
000126-002;274-275;Thu'aimah bin Adi;PERSON;843;860;0.99
000126-002;274-275;An-Nadhr bin Al-Harits;PERSON;862;884;0.99
000126-002;274-275;Zam'ah bin Al-Aswad;PERSON;886;905;0.99
000126-002;274-275;Abu Jahal bin Hisyam;PERSON;907;927;0.99
000126-002;274-275;Umayyah bin Khalaf;PERSON;929;947;0.99
000126-002;274-275;Rasulullah;PERSON;1012;1022;0.99
000126-002;274-275;Makkah;LOCATION;1097;1103;0.99
000126-003;274-275;Makkah;LOCATION;27;33;0.99
000127-001;275-276;Rasulullah;PERSON;0;10;0.99
000127-001;275-276;Badr;LOCATION;42;46;0.99
000127-001;275-276;Badr;LOCATION;238;242;0.99
000127-001;275-276;Al-Hubab bin Al-Mundzir;PERSON;255;278;0.99
000127-001;275-276;Rasulullah;PERSON;346;356;0.99
000127-001;275-276;Rasulullah;PERSON;727;737;0.99
000127-001;275-276;Makkah;LOCATION;899;905;0.99
000127-001;275-276;Rasulullah;PERSON;1193;1203;0.99
000127-002;275-276;Sa'd bin Mu'adz;PERSON;98;113;0.99
000127-002;275-276;Rasulullah;PERSON;133;143;0.99
000127-002;275-276;Rasulullah;PERSON;1143;1153;0.99
000127-002;275-276;Sa'd bin Mu'adz;PERSON;1371;1386;0.99
000127-002;275-276;Rasulullah;PERSON;1417;1427;0.99
000128-001;276-277;Rasulullah;PERSON;9;19;0.99
000128-001;276-277;tanggal 17 Ramadhan 2 H;TIME;957;980;0.99
000129-001;277-279;Badr;LOCATION;179;183;0.99
000129-001;277-279;Rasulullah;PERSON;253;263;0.99
000129-001;277-279;Hakim bin Hizam;PERSON;429;444;0.99
000129-001;277-279;Perang Badr;EVENT;599;610;0.99
000129-001;277-279;Umair bin Wahb;PERSON;666;680;0.99
000129-001;277-279;Madinah;LOCATION;754;761;0.99
000129-001;277-279;Yatsrib;LOCATION;1346;1353;0.99
000129-002;277-279;Yatsrib;LOCATION;88;95;0.99
000129-002;277-279;Abu Jahl;PERSON;519;527;0.99
000129-002;277-279;Makkah;LOCATION;612;618;0.99
000129-002;277-279;Hakim bin Hizam;PERSON;660;675;0.99
000129-002;277-279;Utbah bin Rabi'ah;PERSON;725;742;0.99
000129-002;277-279;Abul Walid;PERSON;763;773;0.99
000129-002;277-279;Utbah;PERSON;936;941;0.99
000129-002;277-279;Amr bin Al-Hadhrami;PERSON;1003;1022;0.99
000129-002;277-279;Utbah;PERSON;1104;1109;0.99
000129-002;277-279;Utbah;PERSON;1318;1323;0.99
000129-002;277-279;Hakim bin Hizam;PERSON;1339;1354;0.99
000129-002;277-279;Abu Jahl;PERSON;1379;1387;0.99
000129-003;277-279;Utbah;PERSON;98;103;0.99
000129-003;277-279;Hakim bin Hizam;PERSON;119;134;0.99
000129-003;277-279;Abu Jahl;PERSON;159;167;0.99
000129-003;277-279;Utbah bin Rabi'ah;PERSON;248;265;0.99
000129-003;277-279;Muhammad;PERSON;389;397;0.99
000129-003;277-279;Muhammad;PERSON;683;691;0.99
000129-003;277-279;Hakim bin Hizam;PERSON;821;836;0.99
000129-003;277-279;Abu Jahl;PERSON;845;853;0.99
000129-003;277-279;Abul Hakam;PERSON;917;927;0.99
000129-003;277-279;Utbah;PERSON;942;947;0.99
000129-003;277-279;Abu Jahl;PERSON;993;1001;0.99
000129-003;277-279;Muhammad;PERSON;1073;1081;0.99
000129-003;277-279;Muhammad;PERSON;1187;1195;0.99
000129-003;277-279;Utbah;PERSON;1210;1215;0.99
000129-004;277-279;Utbah;PERSON;13;18;0.99
000129-004;277-279;Muhammad;PERSON;73;81;0.99
000129-004;277-279;Hudzaifah bin Utbah;PERSON;260;279;0.99
000129-004;277-279;Utbah;PERSON;344;349;0.99
000129-004;277-279;Abu Jahl;PERSON;367;375;0.99
000129-004;277-279;Abu Jahl;PERSON;608;616;0.99
000129-004;277-279;Amir bin Al-Hadhrami;PERSON;634;654;0.99
000129-004;277-279;Amr bin Al-Hadhrami;PERSON;664;683;0.99
000129-004;277-279;Utbah;PERSON;1220;1225;0.99
000130-001;279-281;Rasulullah;PERSON;43;53;0.99
000130-001;279-281;Rasulullah;PERSON;326;336;0.99
000130-001;279-281;Sawad bin Ghaziyyah;PERSON;422;441;0.99
000130-001;279-281;Sawad;PERSON;577;582;0.99
000130-001;279-281;Rasulullah;PERSON;608;618;0.99
000130-001;279-281;Sawad;PERSON;870;875;0.99
000130-001;279-281;Sawad;PERSON;878;883;0.99
000130-001;279-281;Rasulullah;PERSON;901;911;0.99
000130-002;279-281;Abu Bakar;PERSON;368;377;0.99
000130-002;279-281;Sa'd bin Mu'adz;PERSON;389;404;0.99
000130-002;279-281;Abu Jahl;PERSON;503;511;0.99
000130-002;279-281;Abu Jahl;PERSON;891;899;0.99
000131-001;281-282;Al-Aswad bin Abdul Asad;PERSON;50;73;0.99
000131-001;281-282;Hamzah bin Abdul Muththalib;PERSON;394;421;0.99
000131-001;281-282;Hamzah;PERSON;451;457;0.99
000131-001;281-282;Hamzah;PERSON;668;674;0.99
000131-001;281-282;Utbah bin Rabi'ah;PERSON;895;912;0.99
000131-001;281-282;Syaibah bin Rabi'ah;PERSON;914;933;0.99
000131-001;281-282;Al-Walid bin Utbah;PERSON;939;957;0.99
000131-001;281-282;Auf bin Al-Harits;PERSON;1090;1107;0.99
000131-001;281-282;Mu'awwidz bin Al-Harits;PERSON;1109;1132;0.99
000131-001;281-282;Abdullah bin Rawahah;PERSON;1170;1190;0.99
000131-002;281-282;Muhammad;PERSON;155;163;0.99
000131-002;281-282;Rasulullah;PERSON;235;245;0.99
000131-002;281-282;Ubaidah bin Al-Harits;PERSON;273;294;0.99
000131-002;281-282;Hamzah;PERSON;303;309;0.99
000131-002;281-282;Ali;PERSON;321;324;0.99
000131-002;281-282;Utbah bin Rabi;PERSON;594;608;0.99
000131-002;281-282;Hamzah;PERSON;613;619;0.99
000131-002;281-282;Syaibah bin Rabi;PERSON;638;654;0.99
000131-002;281-282;Ali;PERSON;662;665;0.99
000131-002;281-282;Hamzah;PERSON;698;704;0.99
000131-002;281-282;Ali;PERSON;709;712;0.99
000131-002;281-282;Hamzah;PERSON;915;921;0.99
000131-002;281-282;Ali;PERSON;926;929;0.99
000131-002;281-282;Utbah;PERSON;942;947;0.99
000131-002;281-282;Perang Badr;EVENT;1169;1180;0.99
000131-002;281-282;Madinah;LOCATION;1213;1220;0.99
000131-002;281-282;Ali;PERSON;1236;1239;0.99
000132-001;282-283;Ibnu Ishaq;PERSON;90;100;0.99
000132-001;282-283;Abu Dawud;PERSON;132;141;0.99
000132-001;282-283;Ali;PERSON;195;198;0.99
000132-001;282-283;Hamzah;PERSON;229;235;0.99
000132-001;282-283;Utbah;PERSON;254;259;0.99
000132-001;282-283;Rasulullah;PERSON;294;304;0.99
000132-001;282-283;Abu Bakar;PERSON;957;966;0.99
000132-001;282-283;Rasulullah;PERSON;1060;1070;0.99
000132-002;282-283;Rasulullah;PERSON;117;127;0.99
000133-001;284;Rasulullah;PERSON;10;20;0.99
000133-001;284;Abu Bakar;PERSON;137;146;0.99
000133-001;284;Jibril;PERSON;155;161;0.99
000133-001;284;Muhammad bin Ishaq;PERSON;221;239;0.99
000133-001;284;Rasulullah;PERSON;252;262;0.99
000133-001;284;Abu Bakar;PERSON;294;303;0.99
000133-001;284;Jibril;PERSON;353;359;0.99
000133-001;284;Rasulullah;PERSON;467;477;0.99
000134-001;284-286;Muhammad;PERSON;227;235;0.99
000134-001;284-286;Al-Umair bin Al-Hammam;PERSON;571;593;0.99
000134-001;284-286;Rasulullah;PERSON;704;714;0.99
000134-001;284-286;Auf bin Al-Harits;PERSON;1102;1119;0.99
000134-001;284-286;Rasulullah;PERSON;1156;1166;0.99
000134-002;284-286;Rasulullah;PERSON;535;545;0.99
000134-002;284-286;Ibnu Sad;PERSON;816;824;0.99
000134-002;284-286;Ibnu Abbas;PERSON;1023;1033;0.99
000134-002;284-286;Jibril;PERSON;1444;1450;0.99
000134-003;284-286;Jibril;PERSON;28;34;0.99
000134-003;284-286;Rasulullah;PERSON;141;151;0.99
000134-003;284-286;Abu Dawud;PERSON;226;235;0.99
000134-003;284-286;Al-Abbas bin Abdul Muththalib;PERSON;485;514;0.99
000134-003;284-286;Al-Abbas;PERSON;532;540;0.99
000134-003;284-286;Rasulullah;PERSON;823;833;0.99
000135-001;286;Suraqah bin Malik bin Ju'syum;PERSON;150;179;0.99
000135-001;286;Al-Harits bin Hisyam;PERSON;286;306;0.99
000137-001;287-289;Abu Jahal;PERSON;74;83;0.99
000137-001;287-289;Muhammad;PERSON;350;358;0.99
000137-001;287-289;Utbah;PERSON;393;398;0.99
000137-001;287-289;Abu Jahal;PERSON;1082;1091;0.99
000137-001;287-289;Abdurrahman bin Auf;PERSON;1282;1301;0.99
000137-001;287-289;Perang Badr;EVENT;1364;1375;0.99
000137-002;287-289;Abu Jahal;PERSON;221;230;0.99
000137-002;287-289;Rasulullah;PERSON;344;354;0.99
000137-002;287-289;Abu Jahal;PERSON;715;724;0.99
000137-002;287-289;Abu Jahal;PERSON;933;942;0.99
000137-002;287-289;Rasulullah;PERSON;1029;1039;0.99
000137-002;287-289;Rasulullah;PERSON;1365;1375;0.99
000137-002;287-289;Mu'adz bin Amr;PERSON;1433;1447;0.99
000137-003;287-289;Rasulullah;PERSON;95;105;0.99
000137-003;287-289;Mu'adz bin Amr;PERSON;163;177;0.99
000137-003;287-289;Mu;PERSON;210;212;0.99
000137-003;287-289;bin Amr;PERSON;218;225;0.99
000137-003;287-289;Mu'awwidz bin Ibnu Ishaq;PERSON;239;263;0.99
000137-003;287-289;Mu'adz bin Amr bin Al-Jamuh;PERSON;277;304;0.99
000137-003;287-289;Abu Jahal;PERSON;374;383;0.99
000137-003;287-289;Abul Hakam;PERSON;566;576;0.99
000137-003;287-289;Abu Jahal;PERSON;578;587;0.99
000137-003;287-289;Ikrimah;PERSON;842;849;0.99
000137-003;287-289;Mu awwidz bin Afra;PERSON;1236;1254;0.99
000137-003;287-289;Abu Jahal;PERSON;1265;1274;0.99
000137-004;287-289;Mu awwidz bin Afra;PERSON;14;32;0.99
000137-004;287-289;Abu Jahal;PERSON;43;52;0.99
000137-004;287-289;Mu;PERSON;140;142;0.99
000137-004;287-289;Rasulullah;PERSON;386;396;0.99
000137-004;287-289;Abu Jahal;PERSON;448;457;0.99
000137-004;287-289;Abdullah bin Mas'ud;PERSON;510;529;0.99
000137-004;287-289;Abdullah bin Mas'ud;PERSON;577;596;0.99
000137-004;287-289;Abu Jahal;PERSON;627;636;0.99
000137-004;287-289;Abdullah bin Mas'ud;PERSON;748;767;0.99
000137-004;287-289;Abu Jahal;PERSON;806;815;0.99
000137-005;287-289;Abdullah bin Mas'ud;PERSON;212;231;0.99
000137-005;287-289;Abu Jahal;PERSON;265;274;0.99
000137-005;287-289;Abdullah bin Mas'ud;PERSON;290;309;0.99
000137-005;287-289;Makkah;LOCATION;434;440;0.99
000137-005;287-289;Abdullah bin Mas'ud;PERSON;447;466;0.99
000137-005;287-289;Abdullah bin Mas'ud;PERSON;522;541;0.99
000137-005;287-289;Abu Jahal;PERSON;557;566;0.99
000137-005;287-289;Rasulullah;PERSON;593;603;0.99
000137-005;287-289;Rasulullah;PERSON;629;639;0.99
000137-005;287-289;Abu Jahal;PERSON;668;677;0.99
000138-001;289-293;Umar bin Al-Hammam;PERSON;53;71;0.99
000138-001;289-293;Auf bin Al-Harits;PERSON;76;93;0.99
000138-001;289-293;Ibnu Ishaq;PERSON;597;607;0.99
000138-001;289-293;Ibnu Abbas;PERSON;626;636;0.99
000138-001;289-293;Abul Bakhtari bin Hisyam;PERSON;920;944;0.99
000138-001;289-293;Al-Abbas bin Al-Muththalib;PERSON;989;1015;0.99
000138-001;289-293;Abu Hudzaifah bin Utbah;PERSON;1085;1108;0.99
000138-001;289-293;Al-Abbas;PERSON;1201;1209;0.99
000138-001;289-293;Rasulullah;PERSON;1299;1309;0.99
000138-001;289-293;Abu Hudzaifah;PERSON;1339;1352;0.99
000138-002;289-293;Rasulullah;PERSON;76;86;0.99
000138-002;289-293;Abu Hudzaifah;PERSON;116;129;0.99
000138-002;289-293;Umar bin Al-Khaththab;PERSON;163;184;0.99
000138-002;289-293;Abu Hafsh;PERSON;193;202;0.99
000138-002;289-293;Umar;PERSON;255;259;0.99
000138-002;289-293;Rasulullah;PERSON;277;287;0.99
000138-002;289-293;Abu Hudzaifah;PERSON;396;409;0.99
000138-002;289-293;Abu Hudzaifah;PERSON;598;611;0.99
000138-002;289-293;perang Al-Yamamah;EVENT;653;670;0.99
000138-002;289-293;Abul Bakhtari;PERSON;699;712;0.99
000138-002;289-293;Rasulullah;PERSON;773;783;0.99
000138-002;289-293;Makkah;LOCATION;807;813;0.99
000138-002;289-293;Abul Bakhtari;PERSON;1048;1061;0.99
000138-002;289-293;Al;PERSON;1101;1103;0.99
000138-002;289-293;Mujadzdzar bin Ziyad;PERSON;1104;1124;0.99
000138-002;289-293;Abul Bakhtari;PERSON;1276;1289;0.99
000138-002;289-293;Rasulullah;PERSON;1304;1314;0.99
000138-002;289-293;Abul Bakhtari;PERSON;1397;1410;0.99
000138-003;289-293;Abul Bakhtari;PERSON;129;142;0.99
000138-003;289-293;Abul Bakhtari;PERSON;223;236;0.99
000138-003;289-293;Abdurrahman bin Auf;PERSON;241;260;0.99
000138-003;289-293;Umayyah bin Khalaf;PERSON;265;283;0.99
000138-003;289-293;Makkah;LOCATION;326;332;0.99
000138-003;289-293;Perang Badr;EVENT;339;350;0.99
000138-003;289-293;Abdurrahman;PERSON;355;366;0.99
000138-003;289-293;Umayyah bin Khalaf;PERSON;376;394;0.99
000138-003;289-293;Ali bin Umayyah;PERSON;442;457;0.99
000138-003;289-293;Ummayah bin Khalaf;PERSON;1080;1098;0.99
000138-003;289-293;Hamzah bin Abdul Muththalib;PERSON;1243;1270;0.99
000138-004;289-293;Bilal;PERSON;160;165;0.99
000138-004;289-293;Makkah;LOCATION;197;203;0.99
000138-004;289-293;Bilal;PERSON;240;245;0.99
000138-004;289-293;Umayyah bin Khalaf;PERSON;283;301;0.99
000138-004;289-293;Bilal;PERSON;353;358;0.99
000138-004;289-293;Ibnus-Sauda;PERSON;489;500;0.99
000138-004;289-293;Umayyah bin Khalaf;PERSON;654;672;0.99
000138-004;289-293;Bilal;PERSON;1251;1256;0.99
000138-005;289-293;Abdurrahman bin Auf;PERSON;124;143;0.99
000138-005;289-293;Umar bin Al-Khaththab;PERSON;482;503;0.99
000138-005;289-293;Al-Ash bin Hisyam bin Al-Mughirah;PERSON;531;564;0.99
000138-005;289-293;Abu Bakar Ash-Shiddiq;PERSON;586;607;0.99
000138-005;289-293;Rasulullah;PERSON;935;945;0.99
000138-005;289-293;Sa;PERSON;970;972;0.99
000138-005;289-293;bin Mu;PERSON;975;981;0.99
000138-005;289-293;Rasulullah;PERSON;1251;1261;0.99
000138-006;289-293;Rasulullah;PERSON;155;165;0.99
000138-006;289-293;Perang Badr;EVENT;368;379;0.99
000138-006;289-293;Ukkasyah bin Mihshan;PERSON;391;411;0.99
000138-006;289-293;Rasulullah;PERSON;450;460;0.99
000138-006;289-293;Perang Riddah;EVENT;994;1007;0.99
000138-006;289-293;Mush'ab bin Umair;PERSON;1082;1099;0.99
000138-006;289-293;Abu Aziz bin Umair;PERSON;1131;1149;0.99
000138-006;289-293;Abu Aziz;PERSON;1240;1248;0.99
000138-006;289-293;Mush'ab;PERSON;1286;1293;0.99
000138-007;289-293;Mush'ab;PERSON;0;7;0.99
000138-007;289-293;Abu Aziz;PERSON;248;256;0.99
000138-007;289-293;Mush'ab;PERSON;300;307;0.99
000138-007;289-293;Utbah bin Rabi'ah;PERSON;426;443;0.99
000138-007;289-293;Rasulullah;PERSON;483;493;0.99
000138-007;289-293;Utbah;PERSON;516;521;0.99
000138-007;289-293;Abu Hudzaifah;PERSON;535;548;0.99
000138-007;289-293;Abu Hudzaifah;PERSON;592;605;0.99
000138-007;289-293;Rasulullah;PERSON;712;722;0.99
000138-007;289-293;Rasulullah;PERSON;1127;1137;0.99
000138-007;289-293;Abu Hudzaifah;PERSON;1162;1175;0.99
000139-001;294;Rasulullah;PERSON;505;515;0.99
000139-001;294;Abu Thalhah;PERSON;914;925;0.99
000139-001;294;Badr;LOCATION;1177;1181;0.99
000139-001;294;Perang Badr;EVENT;1223;1234;0.99
000139-002;294;Fulan bin Fulan;PERSON;129;144;0.99
000139-002;294;Fulan bin Fulan;PERSON;152;167;0.99
000139-002;294;Umar;PERSON;430;434;0.99
000139-002;294;Rasulullah;PERSON;452;462;0.99
000139-002;294;Muhammad;PERSON;573;581;0.99
000140-001;295-297;Badr;LOCATION;47;51;0.99
000140-001;295-297;Makkah;LOCATION;182;188;0.99
000140-001;295-297;Makkah;LOCATION;288;294;0.99
000140-001;295-297;Ibnu Ishaq;PERSON;296;306;0.99
000140-001;295-297;Makkah;LOCATION;371;377;0.99
000140-001;295-297;Al-Haisuman bin Abdullah;PERSON;411;435;0.99
000140-001;295-297;Makkah;LOCATION;503;509;0.99
000140-001;295-297;Utbah bin Rabi'ah;PERSON;544;561;0.99
000140-001;295-297;Syaibah bin Rabi'ah;PERSON;563;582;0.99
000140-001;295-297;Abul Hakam bin Hisyam;PERSON;584;605;0.99
000140-001;295-297;Umayyah bin Khalaf;PERSON;611;629;0.99
000140-001;295-297;Shafwan bin Umayyah;PERSON;756;775;0.99
000140-001;295-297;Shafwan bin Umayyah;PERSON;931;950;0.99
000140-001;295-297;Abu Rafi;PERSON;1117;1125;0.99
000140-001;295-297;Rasulullah;PERSON;1137;1147;0.99
000140-001;295-297;Al-Abbas;PERSON;1183;1191;0.99
000140-001;295-297;Al-Abbas;PERSON;1254;1262;0.99
000140-001;295-297;Ummul Fadhl;PERSON;1288;1299;0.99
000140-001;295-297;Perang Badr;EVENT;1358;1369;0.99
000140-001;295-297;Abu Lahab;PERSON;1371;1380;0.99
000140-002;295-297;Zamzam;LOCATION;253;259;0.99
000140-002;295-297;Ummul Fadhl;PERSON;348;359;0.99
000140-002;295-297;Abu Lahab;PERSON;455;464;0.99
000140-002;295-297;Zamzam;LOCATION;564;570;0.99
000140-002;295-297;Abu Sufyan bin Al-Harits bin Abdul Muththalib;PERSON;618;663;0.99
000140-002;295-297;Abu Lahab;PERSON;700;709;0.99
000140-002;295-297;Abu Sufyan;PERSON;780;790;0.99
000140-002;295-297;Abu Lahab;PERSON;934;943;0.99
000140-002;295-297;Abu Sufyan;PERSON;945;955;0.99
000140-003;295-297;Abu Rafi;PERSON;244;252;0.99
000140-003;295-297;Zamzam;LOCATION;280;286;0.99
000140-003;295-297;Abu Lahab;PERSON;344;353;0.99
000140-003;295-297;Ummul Fadhl;PERSON;591;602;0.99
000140-003;295-297;Zamzam;LOCATION;635;641;0.99
000140-003;295-297;Abu Lahab;PERSON;689;698;0.99
000140-003;295-297;Ummul Fadhl;PERSON;738;749;0.99
000140-003;295-297;Abu Lahab;PERSON;832;841;0.99
000140-003;295-297;Abu Lahab;PERSON;894;903;0.99
000140-004;295-297;Makkah;LOCATION;275;281;0.99
000140-004;295-297;Perang Badr;EVENT;322;333;0.99
000140-004;295-297;Perang Badr;EVENT;533;544;0.99
000140-004;295-297;Al-Aswad bin Al-Muththalib;PERSON;549;575;0.99
000140-004;295-297;Abu Hakimah;PERSON;910;921;0.99
000141-001;297;Rasulullah;PERSON;72;82;0.99
000141-001;297;Madinah;LOCATION;147;154;0.99
000141-001;297;Abdullah bin Rawahah;PERSON;218;238;0.99
000141-001;297;Zaid bin Haritsah;PERSON;316;333;0.99
000141-001;297;Madinah;LOCATION;497;504;0.99
000141-001;297;Zaid bin Haritsah;PERSON;561;578;0.99
000141-001;297;Rasulullah;PERSON;614;624;0.99
000141-001;297;Muhammad;PERSON;671;679;0.99
000141-001;297;Zaid;PERSON;746;750;0.99
000141-001;297;Madinah;LOCATION;1072;1079;0.99
000141-002;297;Madinah;LOCATION;61;68;0.99
000141-002;297;Madinah;LOCATION;157;164;0.99
000141-002;297;Badr;LOCATION;202;206;0.99
000141-002;297;Rasulullah;PERSON;248;258;0.99
000141-002;297;Usamah bin Zaid;PERSON;279;294;0.99
000141-002;297;Ruqayah binti Rasulullah;PERSON;373;397;0.99
000141-002;297;Utsman bin Affan;PERSON;417;433;0.99
000142-001;298-299;Rasulullah;PERSON;15;25;0.99
000142-001;298-299;Badr;LOCATION;42;46;0.99
000142-001;298-299;Ubadah bin Ash-Shamit;PERSON;389;410;0.99
000142-001;298-299;Perang Badr;EVENT;466;477;0.99
000142-001;298-299;Rasulullah;PERSON;738;748;0.99
000142-002;298-299;Badr;LOCATION;256;260;0.99
000142-002;298-299;Rasulullah;PERSON;270;280;0.99
000142-002;298-299;Madinah;LOCATION;293;300;0.99
000142-002;298-299;Abdullah bin Ka'b;PERSON;421;438;0.99
000142-002;298-299;An-Nadhr bin Al-Harits;PERSON;637;659;0.99
000142-002;298-299;Rasulullah;PERSON;835;845;0.99
000142-002;298-299;Ali bin Abu Thalib;PERSON;876;894;0.99
000142-002;298-299;Uqbah bin Abu Mu'aith;PERSON;965;986;0.99
000142-002;298-299;Rasulullah;PERSON;1056;1066;0.99
000142-002;298-299;Abu Bakar;PERSON;1260;1269;0.99
000142-002;298-299;Muhammad;PERSON;1387;1395;0.99
000142-002;298-299;Ashim bin Tsabit;PERSON;1448;1464;0.99
000142-003;298-299;Muhammad;PERSON;105;113;0.99
000142-003;298-299;Ashim bin Tsabit;PERSON;166;182;0.99
000142-003;298-299;Ali bin Abu Thalib;PERSON;252;270;0.99
000143-001;299-300;Madinah;LOCATION;86;93;0.99
000143-001;299-300;Salamah bin Salamah;PERSON;190;209;0.99
000143-001;299-300;Rasulullah;PERSON;457;467;0.99
000143-001;299-300;Usaid bin Hudhair;PERSON;565;582;0.99
000143-001;299-300;Rasulullah;PERSON;643;653;0.99
000143-001;299-300;Rasulullah;PERSON;752;762;0.99
000143-001;299-300;Badr;LOCATION;906;910;0.99
000143-001;299-300;Rasulullah;PERSON;1034;1044;0.99
000143-001;299-300;Madinah;LOCATION;1091;1098;0.99
000143-001;299-300;Madinah;LOCATION;1196;1203;0.99
000143-001;299-300;Madinah;LOCATION;1253;1260;0.99
000143-001;299-300;Abdullah bin Ubay;PERSON;1315;1332;0.99
000143-001;299-300;Madinah;LOCATION;1422;1429;0.99
000143-002;299-300;Abdullah bin Ubay;PERSON;24;41;0.99
000143-002;299-300;Madinah;LOCATION;131;138;0.99
000144-001;300-302;Madinah;LOCATION;10;17;0.99
000144-001;300-302;Rasulullah;PERSON;19;29;0.99
000144-001;300-302;Abu Bakar;PERSON;92;101;0.99
000144-001;300-302;Rasulullah;PERSON;118;128;0.99
000144-001;300-302;Ibnul Khaththab;PERSON;516;531;0.99
000144-001;300-302;Rasulullah;PERSON;540;550;0.99
000144-001;300-302;Umar;PERSON;554;558;0.99
000144-001;300-302;Abu Bakar;PERSON;610;619;0.99
000144-001;300-302;Uqail bin Abu Thalib;PERSON;704;724;0.99
000144-001;300-302;Ali bin Abu Thalib;PERSON;732;750;0.99
000144-001;300-302;Hamzah;PERSON;800;806;0.99
000144-001;300-302;Rasulullah;PERSON;1008;1018;0.99
000144-001;300-302;Abu Bakar;PERSON;1049;1058;0.99
000144-001;300-302;Umar;PERSON;1088;1092;0.99
000144-001;300-302;Umar bin Al-Khaththab;PERSON;1169;1190;0.99
000144-001;300-302;Rasulullah;PERSON;1227;1237;0.99
000144-001;300-302;Abu Bakar;PERSON;1251;1260;0.99
000144-001;300-302;Rasulullah;PERSON;1301;1311;0.99
000144-002;300-302;Muhammad;PERSON;1038;1046;0.99
000144-003;300-302;Umar bin Al-Khaththab;PERSON;261;282;0.99
000144-003;300-302;Ibnul Jauzi;PERSON;284;295;0.99
000144-003;300-302;Abu Bakarlah;PERSON;319;331;0.99
000144-003;300-302;Madinah;LOCATION;557;564;0.99
000144-003;300-302;Rasulullah;PERSON;663;673;0.99
000144-003;300-302;Al-Muththalib bin Hanthab;PERSON;762;787;0.99
000144-003;300-302;Shaifl bin Abu Rifa'ah;PERSON;789;811;0.99
000144-003;300-302;Abu Azzah;PERSON;813;822;0.99
000144-003;300-302;Uhud;LOCATION;887;891;0.99
000144-003;300-302;Abul Ash;PERSON;929;937;0.99
000144-003;300-302;Zainab;PERSON;982;988;0.99
000144-003;300-302;Zainab;PERSON;1036;1042;0.99
000144-003;300-302;Khadijah;PERSON;1151;1159;0.99
000144-003;300-302;Rasulullah;PERSON;1174;1184;0.99
000144-003;300-302;Abul Ash;PERSON;1297;1305;0.99
000144-003;300-302;Zainab;PERSON;1399;1405;0.99
000144-003;300-302;Madinah;LOCATION;1431;1438;0.99
000144-004;300-302;Zainab;PERSON;24;30;0.99
000144-004;300-302;Madinah;LOCATION;56;63;0.99
000144-004;300-302;Zainab;PERSON;80;86;0.99
000144-004;300-302;Zaid bin Haritsah;PERSON;104;121;0.99
000144-004;300-302;Zainab;PERSON;223;229;0.99
000144-004;300-302;Zainab;PERSON;317;323;0.99
000144-004;300-302;Madinah;LOCATION;352;359;0.99
000144-004;300-302;Suhail bin Amr;PERSON;444;458;0.99
000144-004;300-302;Umar;PERSON;487;491;0.99
000144-004;300-302;Wahai;PERSON;501;506;0.99
000144-004;300-302;Rasulullah;PERSON;507;517;0.99
000144-004;300-302;bin Amr;PERSON;549;556;0.99
000144-004;300-302;Umar;PERSON;707;711;0.99
000144-004;300-302;Makkah;LOCATION;828;834;0.99
000144-004;300-302;Abu Sufyan;PERSON;873;883;0.99
000144-004;300-302;Abu Sufyan;PERSON;900;910;0.99
000144-004;300-302;Perang Badr;EVENT;938;949;0.99
000144-004;300-302;Abu Sufyan;PERSON;1001;1011;0.99
000145-001;302-304;Badr;LOCATION;121;125;0.99
000145-002;302-304;Ramadhan;TIME;870;878;0.99
000145-002;302-304;bulan Syawwal 2 Hijriyah;TIME;1279;1303;0.99
000145-002;302-304;Perang Badr;EVENT;1359;1370;0.99
000145-003;302-304;Makkah;LOCATION;643;649;0.99
000145-003;302-304;Madinah;LOCATION;750;757;0.99
000145-003;302-304;Badr;LOCATION;907;911;0.99
000146-001;305-306;Perang Badr;EVENT;0;11;0.99
000146-001;305-306;Perang Badr;EVENT;582;593;0.99
000146-001;305-306;Madinah;LOCATION;881;888;0.99
000146-001;305-306;Abdullah bin Ubay;PERSON;1027;1044;0.99
000146-001;305-306;Madinah;LOCATION;1250;1257;0.99
000146-002;305-306;Madinah;LOCATION;94;101;0.99
000146-002;305-306;Madinah;LOCATION;624;631;0.99
000146-002;305-306;Makkah;LOCATION;865;871;0.99
000146-002;305-306;Madinah;LOCATION;1267;1274;0.99
000146-002;305-306;Perang Uhud;EVENT;1310;1321;0.99
000147-001;306-307;Rasulullah;PERSON;41;51;0.99
000147-001;306-307;Perang Badr;EVENT;60;71;0.99
000147-001;306-307;Madinah;LOCATION;162;169;0.99
000147-001;306-307;Al-Kudr;LOCATION;306;313;0.99
000147-001;306-307;Madinah;LOCATION;690;697;0.99
000147-001;306-307;Najd;LOCATION;759;763;0.99
000147-001;306-307;Makkah;LOCATION;819;825;0.99
000147-001;306-307;Syam;LOCATION;829;833;0.99
000147-001;306-307;bulan Syawwal 2 Hijriyah;TIME;863;887;0.99
000147-001;306-307;Badr;LOCATION;921;925;0.99
000147-001;306-307;Siba bin Arfazhah;PERSON;945;962;0.99
000147-001;306-307;Madinah;LOCATION;987;994;0.99
000147-001;306-307;Ibnu Ummi;PERSON;1036;1045;0.99
000147-001;306-307;Perang Badr;EVENT;1053;1064;0.99
000147-001;306-307;Ibnu Hisyam;PERSON;1108;1119;0.99
000148-001;308-310;Perang Badr;EVENT;67;78;0.99
000148-001;308-310;Makkah;LOCATION;142;148;0.99
000148-001;308-310;Perang Badr;EVENT;372;383;0.99
000148-001;308-310;Umair bin Wahb;PERSON;385;399;0.99
000148-001;308-310;Hijir;LOCATION;425;430;0.99
000148-001;308-310;Shafwan bin Umayyah;PERSON;439;458;0.99
000148-001;308-310;Makkah;LOCATION;568;574;0.99
000148-001;308-310;Wahb bin Umair;PERSON;585;599;0.99
000148-001;308-310;Perang Badr;EVENT;616;627;0.99
000148-001;308-310;Perang Badr;EVENT;697;708;0.99
000148-001;308-310;Madinah;LOCATION;1310;1317;0.99
000148-002;308-310;Madinah;LOCATION;110;117;0.99
000148-002;308-310;Umar bin Al-Khaththab;PERSON;119;140;0.99
000148-002;308-310;Perang Badr;EVENT;203;214;0.99
000148-002;308-310;Umar;PERSON;317;321;0.99
000148-002;308-310;Umar;PERSON;410;414;0.99
000148-002;308-310;Umar;PERSON;594;598;0.99
000148-002;308-310;Rasulullah;PERSON;656;666;0.99
000148-002;308-310;Umar;PERSON;873;877;0.99
000148-002;308-310;Umar;PERSON;955;959;0.99
000148-003;308-310;Shafwan bin Umayyah;PERSON;275;294;0.99
000148-003;308-310;Hijr;LOCATION;298;302;0.99
000148-003;308-310;Muhammad;PERSON;618;626;0.99
000148-003;308-310;Rasulullah;PERSON;868;878;0.99
000148-004;308-310;Makkah;LOCATION;299;305;0.99
000148-004;308-310;Badr;LOCATION;446;450;0.99
000148-004;308-310;Makkah;LOCATION;760;766;0.99
000149-001;310;Rasulullah;PERSON;93;103;0.99
000150-001;310-312;Ibnu Ishaq;PERSON;0;10;0.99
000150-001;310-312;Syas bin Qais;PERSON;24;37;0.99
000150-001;310-312;Ibnu Hisyam;PERSON;567;578;0.99
000150-001;310-312;Perang Bu'ats;EVENT;818;831;0.99
000150-002;310-312;Rasulullah;PERSON;304;314;0.99
000150-002;310-312;Rasulullah;PERSON;989;999;0.99
000150-002;310-312;Syas bin Qais;PERSON;1100;1113;0.99
000150-003;310-312;Ibnu Hisyam;PERSON;540;551;0.99
000150-003;310-312;Perang Badr;EVENT;866;877;0.99
000150-003;310-312;Rasulullah;PERSON;924;934;0.99
000150-003;310-312;Madinah;LOCATION;1091;1098;0.99
000151-001;312-314;Perang Badr;EVENT;109;120;0.99
000151-001;312-314;Ka'b bin Al-Asyraf;PERSON;403;421;0.99
000151-001;312-314;Madinah;LOCATION;530;537;0.99
000151-001;312-314;Badr;LOCATION;1000;1004;0.99
000151-001;312-314;Rasulullah;PERSON;1299;1309;0.99
000151-002;312-314;Rasulullah;PERSON;57;67;0.99
000151-002;312-314;Abu Dawud;PERSON;282;291;0.99
000151-002;312-314;Ibnu Abbas;PERSON;326;336;0.99
000151-002;312-314;Rasulullah;PERSON;362;372;0.99
000151-002;312-314;Perang Badr;EVENT;413;424;0.99
000151-002;312-314;Madinah;LOCATION;440;447;0.99
000151-002;312-314;Muhammad;PERSON;654;662;0.99
000151-003;312-314;Rasulullah;PERSON;434;444;0.99
000151-003;312-314;Madinah;LOCATION;681;688;0.99
000151-003;312-314;Madinah;LOCATION;739;746;0.99
000151-003;312-314;Ibnu Hisyam;PERSON;775;786;0.99
000151-003;312-314;Abu Aun;PERSON;805;812;0.99
000152-001;314-315;Rasulullah;PERSON;24;34;0.99
000152-001;314-315;Abu Lubabah bin Abdul Mundzir;PERSON;67;96;0.99
000152-001;314-315;Madinah;LOCATION;121;128;0.99
000152-001;314-315;Hamzah bin Abdul Muththalib;PERSON;159;186;0.99
000152-001;314-315;hari Sabtu;TIME;362;372;0.99
000152-001;314-315;Syawwal;TIME;390;397;0.99
000152-001;314-315;Rasulullah;PERSON;719;729;0.99
000152-001;314-315;Abdullah bin Ubay bin Salul;PERSON;913;940;0.99
000152-001;314-315;Muhammad;PERSON;1064;1072;0.99
000152-001;314-315;Abdullah bin Ubay;PERSON;1196;1213;0.99
000152-002;314-315;Rasulullah;PERSON;534;544;0.99
000152-002;314-315;Madinah;LOCATION;799;806;0.99
000152-002;314-315;Syam;LOCATION;890;894;0.99
000152-002;314-315;Muhammad;PERSON;1207;1215;0.99
000153-001;315-316;Shafwan bin Umayyah;PERSON;0;19;0.99
000153-001;315-316;Abu Sofy;PERSON;100;108;0.99
000153-001;315-316;Muhammad;PERSON;391;399;0.99
000153-001;315-316;Madinah;LOCATION;563;570;0.99
000153-001;315-316;Madinah;LOCATION;617;624;0.99
000153-001;315-316;Madinah;LOCATION;709;716;0.99
000153-001;315-316;Huyai bin Akhtab;PERSON;765;781;0.99
000153-001;315-316;Sallam bin Misykam;PERSON;905;923;0.99
000153-001;315-316;Abu Sofyan;PERSON;947;957;0.99
000153-001;315-316;Abu Sofyan;PERSON;1069;1079;0.99
000153-001;315-316;Madinah;LOCATION;1210;1217;0.99
000153-001;315-316;Ibnu Hisyam;PERSON;1323;1334;0.99
000153-002;315-316;Makkah;LOCATION;133;139;0.99
000153-002;315-316;Rasulullah;PERSON;141;151;0.99
000153-002;315-316;Abu Sofyan;PERSON;200;210;0.99
000153-002;315-316;Abu Sofyan;PERSON;592;602;0.99
000153-002;315-316;perang As-Sawiq;EVENT;651;666;0.99
000153-002;315-316;bulan Dzul Hijjah;TIME;681;698;0.99
000153-002;315-316;Perang Badr;EVENT;718;729;0.99
000153-002;315-316;Madinah;LOCATION;741;748;0.99
000153-002;315-316;Abu Lubabah bin Abdul;PERSON;772;793;0.99
000154-001;316;Rasulullah;PERSON;49;59;0.99
000154-001;316;Perang Uhud;EVENT;68;79;0.99
000154-001;316;bulan Muharram 3 H;TIME;98;116;0.99
000154-001;316;Madinah;LOCATION;152;159;0.99
000154-001;316;Madinah;LOCATION;291;298;0.99
000154-001;316;Madinah;LOCATION;484;491;0.99
000154-001;316;Utsman bin Affan;PERSON;510;526;0.99
000154-001;316;Bilal;PERSON;748;753;0.99
000154-001;316;bulan Shafar 3 H;TIME;1056;1072;0.99
000154-001;316;Madinah;LOCATION;1205;1212;0.99
000154-001;316;Ibnu Hisyam;PERSON;1242;1253;0.99
000154-001;316;Ibnu Hisyam;PERSON;1288;1299;0.99
000155-001;317-321;Ka'b bin Al-Asyraf;PERSON;0;18;0.99
000155-001;317-321;Rasulullah;PERSON;167;177;0.99
000155-001;317-321;Madinah;LOCATION;445;452;0.99
000155-001;317-321;Muhammad;PERSON;756;764;0.99
000155-001;317-321;Rasulullah;PERSON;949;959;0.99
000155-001;317-321;Makkah;LOCATION;1163;1169;0.99
000155-001;317-321;Al-Muththalib bin Abu Wada'ah;PERSON;1191;1220;0.99
000155-001;317-321;Badr;LOCATION;1374;1378;0.99
000155-002;317-321;Badr;LOCATION;143;147;0.99
000155-002;317-321;Muhammad;PERSON;392;400;0.99
000155-002;317-321;Abu Sufyan;PERSON;480;490;0.99
000155-002;317-321;Ka'b;PERSON;522;526;0.99
000155-002;317-321;Makkah;LOCATION;554;560;0.99
000155-002;317-321;Ka'b bin Al-Asyraf;PERSON;617;635;0.99
000155-002;317-321;Makkah;LOCATION;880;886;0.99
000155-002;317-321;Ka'b;PERSON;1098;1102;0.99
000155-002;317-321;Madinah;LOCATION;1119;1126;0.99
000155-002;317-321;Rasulullah;PERSON;1240;1250;0.99
000155-002;317-321;Ka'b bin Al-Asyraf;PERSON;1333;1351;0.99
000155-003;317-321;Rasulullah;PERSON;14;24;0.99
000155-003;317-321;Ka'b bin Al-Asyraf;PERSON;107;125;0.99
000155-003;317-321;Muhammad bin Maslamah;PERSON;234;255;0.99
000155-003;317-321;Ubbad bin Bisyr;PERSON;257;272;0.99
000155-003;317-321;Abu Na'ilah;PERSON;274;285;0.99
000155-003;317-321;Sulkan bin Salamah;PERSON;291;309;0.99
000155-003;317-321;Ka'b;PERSON;319;323;0.99
000155-003;317-321;Al-Harits bin Aus;PERSON;337;354;0.99
000155-003;317-321;Abu Abbas bin Jabr;PERSON;359;377;0.99
000155-003;317-321;Muhammad bin Maslamah;PERSON;413;434;0.99
000155-003;317-321;Ka'b bin Al-Asyraf;PERSON;479;497;0.99
000155-003;317-321;Rasulullah;PERSON;528;538;0.99
000155-003;317-321;Ka'b bin Al-Asyraf;PERSON;582;600;0.99
000155-003;317-321;Muhammad bin Maslamah;PERSON;662;683;0.99
000155-003;317-321;Rasulullah;PERSON;719;729;0.99
000155-003;317-321;Muhammad bin Maslamah;PERSON;847;868;0.99
000155-003;317-321;Ka'b;PERSON;917;921;0.99
000155-003;317-321;Muhammad bin Maslamah;PERSON;923;944;0.99
000155-003;317-321;Ka'b bin Al-Asyraf;PERSON;961;979;0.99
000155-003;317-321;Muhammad;PERSON;1010;1018;0.99
000155-003;317-321;Rasulullah;PERSON;1149;1159;0.99
000155-003;317-321;Ka'b;PERSON;1160;1164;0.99
000155-003;317-321;Muhammad bin Maslamah;PERSON;1220;1241;0.99
000155-003;317-321;Ka'b;PERSON;1460;1464;0.99
000155-004;317-321;Ka'b;PERSON;41;45;0.99
000155-004;317-321;Muhammad bin Maslamah;PERSON;81;102;0.99
000155-004;317-321;Ka'b;PERSON;134;138;0.99
000155-004;317-321;Ka'b;PERSON;293;297;0.99
000155-004;317-321;Muhammad bin Maslamah;PERSON;545;566;0.99
000155-004;317-321;Abu Na'ilah;PERSON;600;611;0.99
000155-004;317-321;Muhammad bin Maslamah;PERSON;642;663;0.99
000155-004;317-321;Ka'b;PERSON;677;681;0.99
000155-004;317-321;Ibnul Asyraf;PERSON;753;765;0.99
000155-004;317-321;Ka'b bin Al-Asyraf;PERSON;908;926;0.99
000155-004;317-321;Rasulullah;PERSON;951;961;0.99
000155-004;317-321;Abu Na'ilah;PERSON;1245;1256;0.99
000155-004;317-321;Ka'b bin Al-Asyraf;PERSON;1261;1279;0.99
000155-004;317-321;Muhammad bin Maslamah;PERSON;1304;1325;0.99
000155-004;317-321;Abu Na'ilah;PERSON;1327;1338;0.99
000155-005;317-321;Muhammad bin Maslamah;PERSON;119;140;0.99
000155-005;317-321;Abu Na'ilah;PERSON;145;156;0.99
000155-005;317-321;Ka'b;PERSON;220;224;0.99
000155-005;317-321;tanggal 14 Rabi'ul;TIME;369;387;0.99
000155-005;317-321;Rasulullah;PERSON;474;484;0.99
000155-005;317-321;Ka'b;PERSON;768;772;0.99
000155-005;317-321;Abu Na;PERSON;784;790;0.99
000155-005;317-321;Ka'b;PERSON;826;830;0.99
000155-005;317-321;Ka'b;PERSON;837;841;0.99
000155-005;317-321;Muhammad bin Maslamah;PERSON;1052;1073;0.99
000155-005;317-321;Abu Na'ilah;PERSON;1097;1108;0.99
000155-005;317-321;Abu Na'ilah;PERSON;1310;1321;0.99
000155-006;317-321;Abu Na'ilah;PERSON;66;77;0.99
000155-006;317-321;Ka'b bin Al-Asyraf;PERSON;277;295;0.99
000155-006;317-321;Abu Na'ilah;PERSON;340;351;0.99
000155-006;317-321;Ibnul Asyraf;PERSON;368;380;0.99
000155-006;317-321;Ka'b bin Al-Asyraf;PERSON;544;562;0.99
000155-006;317-321;Abu Na'ilah;PERSON;691;702;0.99
000155-006;317-321;Ka'b;PERSON;723;727;0.99
000155-006;317-321;Abu Na'ilah;PERSON;904;915;0.99
000155-006;317-321;Ka'b;PERSON;937;941;0.99
000155-006;317-321;Abu Na'ilah;PERSON;943;954;0.99
000155-006;317-321;Ka'b;PERSON;970;974;0.99
000155-006;317-321;Abu Na'ilah;PERSON;1060;1071;0.99
000155-006;317-321;Ka'b;PERSON;1140;1144;0.99
000155-006;317-321;Ka'b;PERSON;1176;1180;0.99
000155-006;317-321;Abu Na'ilah;PERSON;1236;1247;0.99
000155-006;317-321;Ka'b;PERSON;1353;1357;0.99
000155-006;317-321;Abu Na'ilah;PERSON;1451;1462;0.99
000155-006;317-321;Ka'b;PERSON;1490;1494;0.99
000155-007;317-321;Abu Na'ilah;PERSON;92;103;0.99
000155-007;317-321;Ka'b;PERSON;131;135;0.99
000155-007;317-321;Muhammad bin Maslamah;PERSON;170;191;0.99
000155-007;317-321;Ka'b;PERSON;245;249;0.99
000155-007;317-321;Ka'b;PERSON;292;296;0.99
000155-007;317-321;Al-Harits bin Aus;PERSON;567;584;0.99
000155-007;317-321;Rasulullah;PERSON;1023;1033;0.99
000155-007;317-321;Rasulullah;PERSON;1271;1281;0.99
000155-007;317-321;Ka'b;PERSON;1332;1336;0.99
000155-007;317-321;Ka'b;PERSON;1398;1402;0.99
000155-008;317-321;Ka'b;PERSON;42;46;0.99
000155-008;317-321;Ka'b bin Al-Asyraf;PERSON;223;241;0.99
000155-008;317-321;Rasulullah;PERSON;301;311;0.99
000155-008;317-321;Rasulullah;PERSON;731;741;0.99
000155-008;317-321;Madinah;LOCATION;791;798;0.99
000155-008;317-321;Madinah;LOCATION;890;897;0.99
000156-001;321;Rasulullah;PERSON;113;123;0.99
000156-001;321;bulan Rabi'ul Akhir 3 H;TIME;129;152;0.99
000156-001;321;Hijaz;LOCATION;209;214;0.99
000156-001;321;bulan Rabi'ul Akhir;TIME;255;274;0.99
000156-001;321;Madinah;LOCATION;352;359;0.99
000157-001;321-323;Perang Uhud;EVENT;57;68;0.99
000157-001;321-323;bulan Jumadal;TIME;83;96;0.99
000157-001;321-323;Perang Badr;EVENT;189;200;0.99
000157-001;321-323;Ibnu Hisyam;PERSON;295;306;0.99
000157-001;321-323;Abu Dawud;PERSON;352;361;0.99
000157-001;321-323;Syam;LOCATION;463;467;0.99
000157-001;321-323;Syam;LOCATION;564;568;0.99
000157-001;321-323;Shafwan bin Umayyah;PERSON;576;595;0.99
000157-001;321-323;Muhammad;PERSON;638;646;0.99
000157-001;321-323;Muhammad;PERSON;901;909;0.99
000157-001;321-323;Makkah;LOCATION;1150;1156;0.99
000157-001;321-323;Syam;LOCATION;1193;1197;0.99
000157-001;321-323;Habasyah;LOCATION;1222;1230;0.99
000157-002;321-323;Makkah;LOCATION;18;24;0.99
000157-002;321-323;Syam;LOCATION;61;65;0.99
000157-002;321-323;Habasyah;LOCATION;90;98;0.99
000157-002;321-323;Al-Aswad bin Abdul Muththalib;PERSON;171;200;0.99
000157-002;321-323;Irak;LOCATION;266;270;0.99
000157-002;321-323;Syam;LOCATION;357;361;0.99
000157-002;321-323;Madinah;LOCATION;392;399;0.99
000157-002;321-323;Furat bin Hayyan;PERSON;519;535;0.99
000157-002;321-323;Bakr bin Wa'il;PERSON;546;560;0.99
000157-002;321-323;Syam;LOCATION;673;677;0.99
000157-002;321-323;Madinah;LOCATION;761;768;0.99
000157-002;321-323;Sulaith bin An- Nu'man;PERSON;793;815;0.99
000157-002;321-323;Makkah;LOCATION;859;865;0.99
000157-002;321-323;Nu'aim bin Ma'ud;PERSON;903;919;0.99
000157-002;321-323;Zaid bin Haritsah;PERSON;1270;1287;0.99
000157-002;321-323;Zaid;PERSON;1289;1293;0.99
000157-002;321-323;Zaid;PERSON;1363;1367;0.99
000157-003;321-323;Zaid;PERSON;0;4;0.99
000157-003;321-323;Rasulullah;PERSON;464;474;0.99
000157-003;321-323;Furat bin Hayyan;PERSON;572;588;0.99
000157-003;321-323;Perang Badr;EVENT;697;708;0.99
000157-003;321-323;Perang Uhud;EVENT;1247;1258;0.99
000157-003;321-323;Jabal Uhud;EVENT;1259;1269;0.99
000158-001;324-325;Makkah;LOCATION;0;6;0.99
000158-001;324-325;Perang Badr;EVENT;93;104;0.99
000158-001;324-325;Makkah;LOCATION;284;290;0.99
000158-001;324-325;Badr;LOCATION;312;316;0.99
000158-001;324-325;Perang Badr;EVENT;477;488;0.99
000158-001;324-325;Ikrimah bin Abu Jahl;PERSON;853;873;0.99
000158-001;324-325;Shafwan bin Umayyah;PERSON;875;894;0.99
000158-001;324-325;Abu Sufyan bin Harb;PERSON;896;915;0.99
000158-001;324-325;Abdullah bin Abu Rabi'ah;PERSON;920;944;0.99
000158-001;324-325;Abu Sufyan;PERSON;1067;1077;0.99
000158-001;324-325;Perang Badr;EVENT;1110;1121;0.99
000158-001;324-325;Muhammad;PERSON;1229;1237;0.99
000158-002;324-325;Habasyah;LOCATION;581;589;0.99
000158-002;324-325;Tihamah;LOCATION;609;616;0.99
000158-002;324-325;Shafwan bin Umayyah;PERSON;714;733;0.99
000158-002;324-325;Abu Azzah;PERSON;743;752;0.99
000158-002;324-325;Perang Badr;EVENT;787;798;0.99
000158-002;324-325;Rasulullah;PERSON;826;836;0.99
000158-002;324-325;Abu Shafwan;PERSON;934;945;0.99
000158-002;324-325;Abu Azzah;PERSON;1052;1061;0.99
000158-002;324-325;Abu Azzah;PERSON;1217;1226;0.99
000158-003;324-325;Abu Azzah;PERSON;5;14;0.99
000158-003;324-325;Musafi' bin Abdi;PERSON;146;162;0.99
000158-003;324-325;Abu Sufyan;PERSON;179;189;0.99
000158-003;324-325;Perang Sawiq;EVENT;298;310;0.99
000158-003;324-325;Zaid bin Haritsah;PERSON;540;557;0.99
000159-001;325-326;Makkah;LOCATION;397;403;0.99
000159-001;325-326;Abu Sufyan bin Harb;PERSON;598;617;0.99
000159-001;325-326;Khalid bin Al-Walid;PERSON;661;680;0.99
000159-001;325-326;Ikrimah bin Abu Jahl;PERSON;690;710;0.99
000160-001;326;Makkah;LOCATION;40;46;0.99
000160-001;326;Madinah;LOCATION;69;76;0.99
000161-001;326;Al-Abbas bin Abdul Muththalib;PERSON;0;29;0.99
000161-001;326;Makkah;LOCATION;52;58;0.99
000161-001;326;Makkah;LOCATION;347;353;0.99
000161-001;326;Madinah;LOCATION;358;365;0.99
000161-001;326;Ubay bin Ka'b;PERSON;485;498;0.99
000161-001;326;Madinah;LOCATION;606;613;0.99
000162-001;326;Madinah;LOCATION;0;7;0.99
000162-001;326;Sa'd bin Mu'adz;PERSON;217;232;0.99
000162-001;326;Usaid bin Hudhair;PERSON;234;251;0.99
000162-001;326;Sa'd bin Ubadah;PERSON;256;271;0.99
000162-001;326;Rasulullah;PERSON;296;306;0.99
000162-001;326;Madinah;LOCATION;380;387;0.99
000163-001;327;Makkah;LOCATION;8;14;0.99
000163-001;327;Madinah;LOCATION;81;88;0.99
000163-001;327;Hindun bin Uthbah;PERSON;107;124;0.99
000163-001;327;Abu Sufyan;PERSON;132;142;0.99
000163-001;327;Rasulullah;PERSON;185;195;0.99
000163-001;327;Madinah;LOCATION;418;425;0.99
000163-001;327;Uhud;LOCATION;512;516;0.99
000163-001;327;Madinah;LOCATION;567;574;0.99
000163-001;327;hari Jum'at;TIME;622;633;0.99
000163-001;327;tanggal 6 Syawwal;TIME;634;651;0.99
000164-001;327-328;Makkah;LOCATION;22;28;0.99
000164-001;327-328;Makkah;LOCATION;126;132;0.99
000164-001;327-328;Rasulullah;PERSON;143;153;0.99
000164-001;327-328;Madinah;LOCATION;749;756;0.99
000164-001;327-328;Madinah;LOCATION;846;853;0.99
000164-001;327-328;Madinah;LOCATION;873;880;0.99
000164-001;327-328;Madinah;LOCATION;936;943;0.99
000164-001;327-328;Madinah;LOCATION;1080;1087;0.99
000164-001;327-328;Abdullah bin Ubay;PERSON;1249;1266;0.99
000164-002;327-328;Abdullah bin Ubay;PERSON;0;17;0.99
000164-002;327-328;Perang Badr;EVENT;725;736;0.99
000164-002;327-328;Madinah;LOCATION;792;799;0.99
000164-002;327-328;Rasulullah;PERSON;902;912;0.99
000164-002;327-328;Hamzah bin Abdul Muththalib;PERSON;1224;1251;0.99
000164-002;327-328;Rasulullah;PERSON;1259;1269;0.99
000164-002;327-328;Perang Badr;EVENT;1282;1293;0.99
000164-003;327-328;Hamzah bin Abdul Muththalib;PERSON;161;188;0.99
000164-003;327-328;Rasulullah;PERSON;196;206;0.99
000164-003;327-328;Perang Badr;EVENT;219;230;0.99
000164-003;327-328;Madinah;LOCATION;420;427;0.99
000164-003;327-328;Rasulullah;PERSON;430;440;0.99
000164-003;327-328;Madinah;LOCATION;547;554;0.99
000165-001;328-329;Sa'd bin Mu'adz;PERSON;388;403;0.99
000165-001;328-329;Usaid bin Hudhair;PERSON;408;425;0.99
000165-001;328-329;Rasulullah;PERSON;478;488;0.99
000165-001;328-329;Rasulullah;PERSON;597;607;0.99
000165-001;328-329;Madinah;LOCATION;733;740;0.99
000165-001;328-329;Mush'ab bin Umair;PERSON;1049;1066;0.99
000165-001;328-329;Usaid bin Hudhair;PERSON;1129;1146;0.99
000165-001;328-329;Al-Hubab bin Al-Mundzir;PERSON;1203;1226;0.99
000165-002;328-329;Madinah;LOCATION;69;76;0.99
000165-002;328-329;Ibnu Ummi;PERSON;96;105;0.99
000165-002;328-329;Madinah;LOCATION;187;194;0.99
000165-002;328-329;Sa'd bin Mu'adz;PERSON;284;299;0.99
000165-002;328-329;Sa'd bin Ubadah;PERSON;304;319;0.99
000165-002;328-329;Rasulullah;PERSON;340;350;0.99
000166-001;329-330;Abdullah bin Umar bin Al-Khaththab;PERSON;229;263;0.99
000166-001;329-330;Usamah bin Zaid;PERSON;265;280;0.99
000166-001;329-330;Usaid bin Zhuhair;PERSON;282;299;0.99
000166-001;329-330;Zaid bin Tsabit;PERSON;301;316;0.99
000166-001;329-330;Zaid bin Arqam;PERSON;318;332;0.99
000166-001;329-330;Amr bin Hazm;PERSON;334;346;0.99
000166-001;329-330;Abu Sa'id;PERSON;348;357;0.99
000166-001;329-330;Sa;PERSON;373;375;0.99
000166-001;329-330;bin Habbah;PERSON;378;388;0.99
000166-001;329-330;Al-Barra' bin Azib;PERSON;421;439;0.99
000166-001;329-330;Perang Uhud;EVENT;505;516;0.99
000166-001;329-330;Rafi' bin Khadij;PERSON;531;547;0.99
000166-001;329-330;Samurah bin Jundab;PERSON;552;570;0.99
000166-001;329-330;Rafi' bin Khadij;PERSON;637;653;0.99
000166-001;329-330;Ibnul Qayyim;PERSON;859;871;0.99
000166-001;329-330;Ibnu Hajar;PERSON;902;912;0.99
000166-001;329-330;Musa bin Uqbah;PERSON;987;1001;0.99
000166-001;329-330;Perang Uhud;EVENT;1056;1067;0.99
000166-001;329-330;Rasulullah;PERSON;1146;1156;0.99
000166-001;329-330;Abu Burdah;PERSON;1172;1182;0.99
000166-001;329-330;Rasulullah;PERSON;1292;1302;0.99
000166-002;329-330;Rasulullah;PERSON;82;92;0.99
000166-002;329-330;Dzakwan bin Abd Qais;PERSON;502;522;0.99
000167-001;330-331;Abdullah bin Ubay;PERSON;156;173;0.99
000167-001;330-331;Abdullah bin Ubay;PERSON;331;348;0.99
000167-001;330-331;Madinah;LOCATION;1177;1184;0.99
000167-001;330-331;Abdullah bin Ubay;PERSON;1238;1255;0.99
000167-002;330-331;Abdullah bin Haram;PERSON;617;635;0.99
000167-002;330-331;Jabir bin Abdullah;PERSON;642;660;0.99
000167-002;330-331;Abdullah bin Haram;PERSON;1080;1098;0.99
000168-001;332;Abdullah bin Ubay;PERSON;43;60;0.99
000168-001;332;Uhud;LOCATION;252;256;0.99
000168-001;332;Abu Khaitsamah;PERSON;359;373;0.99
000168-001;332;Rasulullah;PERSON;396;406;0.99
000168-001;332;Uhud;LOCATION;453;457;0.99
000168-001;332;Mirba bin Qaizhi;PERSON;628;644;0.99
000168-001;332;Rasulullah;PERSON;1096;1106;0.99
000168-001;332;Uhud;LOCATION;1155;1159;0.99
000168-001;332;Madinah;LOCATION;1226;1233;0.99
000168-001;332;Uhud;LOCATION;1253;1257;0.99
000168-001;332;Madinah;LOCATION;1327;1334;0.99
000169-001;332-334;Rasulullah;PERSON;8;18;0.99
000169-001;332-334;Abdullah bin Jubair bin An-Nu'man;PERSON;225;258;0.99
000169-001;332-334;Rasulullah;PERSON;579;589;0.99
000169-001;332-334;Ibnu Hisyam;PERSON;860;871;0.99
000169-002;332-334;Al-Mundzir bin Amr;PERSON;759;777;0.99
000169-002;332-334;Az-Zubair bin Al-Awwam;PERSON;805;827;0.99
000169-002;332-334;Al-Miqdad bin Al-Aswad;PERSON;885;907;0.99
000169-002;332-334;Khalid bin Al-Walid;PERSON;1001;1020;0.99
000169-002;332-334;Rasulullah;PERSON;1343;1353;0.99
000169-003;332-334;Rasulullah;PERSON;112;122;0.99
000169-003;332-334;Ibnu Abbas;PERSON;1031;1041;0.99
000169-003;332-334;hari Sabtu;TIME;1259;1269;0.99
000169-003;332-334;tanggal 7 Syawwal;TIME;1275;1292;0.99
000170-001;334;Rasulullah;PERSON;0;10;0.99
000170-001;334;Ali bin Abu Thalib;PERSON;498;516;0.99
000170-001;334;Az-Zubair bin Al-Awwam;PERSON;518;540;0.99
000170-001;334;Umar bin Al-Khaththab;PERSON;546;567;0.99
000170-001;334;Abu Dujanah;PERSON;635;646;0.99
000170-001;334;Simak bin Kharasyah;PERSON;647;666;0.99
000170-001;334;Rasulullah;PERSON;716;726;0.99
000170-001;334;Rasulullah;PERSON;869;879;0.99
000170-001;334;Abu Dujanah;PERSON;888;899;0.99
000170-001;334;Abu Dujanah;PERSON;946;957;0.99
000170-001;334;Rasulullah;PERSON;1366;1376;0.99
000171-001;334-335;Abu Sufyan bin Harb;PERSON;123;142;0.99
000171-001;334-335;Ikrimah bin Abu Jahl;PERSON;234;254;0.99
000171-001;334-335;Shafwan bin Umayyah;PERSON;291;310;0.99
000171-001;334-335;Abdullah bin Rabi;PERSON;334;351;0.99
000171-001;334-335;Makkah;LOCATION;523;529;0.99
000171-001;334-335;Qushay bin Kilab;PERSON;550;566;0.99
000171-001;334-335;Abu Sufyan;PERSON;751;761;0.99
000171-001;334-335;Perang Badr;EVENT;844;855;0.99
000171-001;334-335;An-Nadhr bin Al-Harits;PERSON;892;914;0.99
000171-001;334-335;Perang Badr;EVENT;1024;1035;0.99
000171-001;334-335;Muhammad;PERSON;1304;1312;0.99
000171-001;334-335;Abu Sufyan;PERSON;1355;1365;0.99
000171-002;334-335;Muhammad;PERSON;103;111;0.99
000171-002;334-335;Abu Sufyan;PERSON;154;164;0.99
000171-002;334-335;Abu Sufyan;PERSON;234;244;0.99
000172-001;335-336;Abu Sufyan;PERSON;109;119;0.99
000172-001;335-336;Abu Sufyan;PERSON;463;473;0.99
000172-001;335-336;Abu Amir;PERSON;745;753;0.99
000172-001;335-336;Abd Amr bin Shaifi;PERSON;806;824;0.99
000172-001;335-336;Rasulullah;PERSON;865;875;0.99
000172-001;335-336;Madinah;LOCATION;971;978;0.99
000172-001;335-336;Madinah;LOCATION;1033;1040;0.99
000172-001;335-336;Makkah;LOCATION;1383;1389;0.99
000172-002;335-336;Makkah;LOCATION;121;127;0.99
000172-002;335-336;Abu Amir;PERSON;197;205;0.99
000173-001;336;Hindun binti Utbah;PERSON;88;106;0.99
000173-001;336;Abu Sufyan;PERSON;114;124;0.99
000174-001;336-337;Thalhah bin Abu Thalhah;PERSON;186;209;0.99
000175-001;337-338;Thalhah bin Abu Thalhah;PERSON;314;337;0.99
000175-001;337-338;Abu Syaibah;PERSON;403;414;0.99
000175-001;337-338;Utsman bin Abu Thalhah;PERSON;415;437;0.99
000175-001;337-338;Hamzah bin Abdul Muththtalib;PERSON;641;669;0.99
000175-001;337-338;Hamzah;PERSON;772;778;0.99
000175-001;337-338;Abu Sa'd bin Abu Thalhah;PERSON;899;923;0.99
000175-001;337-338;Sa'd bin Abi Waqqash;PERSON;931;951;0.99
000175-001;337-338;Abu Sa;PERSON;960;966;0.99
000175-001;337-338;Ali bin Abu Thalib;PERSON;1148;1166;0.99
000175-001;337-338;Abu Sa'd;PERSON;1178;1186;0.99
000175-001;337-338;Ali bin Abu Thalib;PERSON;1240;1258;0.99
000175-002;337-338;Musafi' bin Thalhah bin Abu Thalhah;PERSON;117;152;0.99
000175-002;337-338;Ashim bin Tsabit bin Abu Al-Aqlah;PERSON;182;215;0.99
000175-002;337-338;Al-Julas bin Thalhah bin Abu Thalhah;PERSON;273;309;0.99
000175-002;337-338;Ali bin Abu Thalib;PERSON;335;353;0.99
000175-002;337-338;Hamzah bin Abdul Muththalib;PERSON;402;429;0.99
000175-002;337-338;Syuraih bin Qarizh;PERSON;466;484;0.99
000175-002;337-338;Abu Zaid;PERSON;690;698;0.99
000175-002;337-338;Amr bin Abdi;PERSON;699;711;0.99
000175-002;337-338;Syurahbil bin Hasyim;PERSON;822;842;0.99
000175-002;337-338;Habasyah;LOCATION;1126;1134;0.99
000175-003;337-338;Shu'ab;PERSON;76;82;0.99
000176-001;338-340;Perang Uhud;EVENT;366;377;0.99
000176-001;338-340;Abu Dujanah;PERSON;379;390;0.99
000176-001;338-340;Rasulullah;PERSON;478;488;0.99
000176-001;338-340;Az-Zubair bin Al-Awwam;PERSON;759;781;0.99
000176-001;338-340;Rasulullah;PERSON;871;881;0.99
000176-001;338-340;Abu Dujanah;PERSON;942;953;0.99
000176-001;338-340;Abu Dujanah;PERSON;1132;1143;0.99
000176-001;338-340;Abu Dujanah;PERSON;1186;1197;0.99
000176-001;338-340;Abu Dujanah;PERSON;1285;1296;0.99
000176-001;338-340;Dujanah;PERSON;1416;1423;0.99
000176-002;338-340;Abu Dujanah;PERSON;1;12;0.99
000176-002;338-340;Ibnu Dujanah;PERSON;472;484;0.99
000176-002;338-340;Abu Dujanah;PERSON;674;685;0.99
000176-002;338-340;Abu Dujanah;PERSON;736;747;0.99
000176-002;338-340;Abu Dujanah;PERSON;779;790;0.99
000176-002;338-340;Abu Dujanah;PERSON;914;925;0.99
000176-002;338-340;Abu Dujanah;PERSON;983;994;0.99
000176-002;338-340;Rasulullah;PERSON;1228;1238;0.99
000176-002;338-340;Hindun binti Uthbah;PERSON;1312;1331;0.99
000176-002;338-340;Az-Zubair bin Al-Awwam;PERSON;1333;1355;0.99
000176-002;338-340;Abu Dujanah;PERSON;1374;1385;0.99
000176-002;338-340;Hindun binti Utbah;PERSON;1445;1463;0.99
000176-003;338-340;Az-Zubair bin Al-Awwam;PERSON;0;22;0.99
000176-003;338-340;Abu Dujanah;PERSON;41;52;0.99
000176-003;338-340;Hindun binti Utbah;PERSON;112;130;0.99
000176-003;338-340;Hamzah bin Abdul Muthalib;PERSON;250;275;0.99
000176-003;338-340;Ibnu Hisyam;PERSON;468;479;0.99
000177-001;340;Hamzah;PERSON;56;62;0.99
000177-001;340;Wahsy bin Harb;PERSON;64;78;0.99
000177-001;340;Jubair bin Muth'im;PERSON;109;127;0.99
000177-001;340;Thu'aimah bin Adi;PERSON;143;160;0.99
000177-001;340;Perang Badr;EVENT;175;186;0.99
000177-001;340;Uhud;LOCATION;215;219;0.99
000177-001;340;Hamzah;PERSON;273;279;0.99
000177-001;340;Muhammad;PERSON;287;295;0.99
000177-001;340;Habasyah;LOCATION;442;450;0.99
000177-001;340;Habasyah;LOCATION;481;489;0.99
000177-001;340;Hamzah;PERSON;634;640;0.99
000177-001;340;abu-abu;PERSON;712;719;0.99
000177-001;340;Siba' bin Abdul Uzza;PERSON;924;944;0.99
000177-001;340;Hamzah;PERSON;983;989;0.99
000177-001;340;Hamzah;PERSON;1052;1058;0.99
000177-001;340;Hamzah;PERSON;1111;1117;0.99
000177-002;340;Hamzah;PERSON;228;234;0.99
000177-002;340;Makkah;LOCATION;296;302;0.99
000177-002;340;Ibnu Hisyam;PERSON;336;347;0.99
000177-002;340;Perang Tha'if;EVENT;420;433;0.99
000177-002;340;Musailamah;PERSON;466;476;0.99
000177-002;340;Perang Yarmuk;EVENT;546;559;0.99
000178-001;341;Hamzah bin Abdul Muththalib;PERSON;109;136;0.99
000178-001;341;Abu Bakar;PERSON;225;234;0.99
000178-001;341;Umar bin Al-Khaththab;PERSON;236;257;0.99
000178-001;341;Ali bin Abu Thalib;PERSON;259;277;0.99
000178-001;341;Az-;PERSON;279;282;0.99
000178-001;341;Zubair bin Al-Awwam;PERSON;283;302;0.99
000178-001;341;Mush'ab bin Umair;PERSON;304;321;0.99
000178-001;341;Thalhah bin Ubaidillah;PERSON;323;345;0.99
000178-001;341;Abdullah bin Jahsy;PERSON;347;365;0.99
000178-001;341;Sa'd bin Mu'adz;PERSON;367;382;0.99
000178-001;341;Sa'd bin Ubadah;PERSON;384;399;0.99
000178-001;341;Sa'd bin Ar-Rabi;PERSON;401;417;0.99
000178-001;341;Anas bin An-;PERSON;420;432;0.99
000179-001;341;Hanzhalah bin Abu Amir;PERSON;89;111;0.99
000179-001;341;Abu Sufyan bin Harb;PERSON;583;602;0.99
000179-001;341;Abu Sufyan;PERSON;652;662;0.99
000179-001;341;Shaddad bin Al-Aswad;PERSON;688;708;0.99
000180-001;341;Rasulullah;PERSON;37;47;0.99
000180-001;341;Khalid bin Al-Walid;PERSON;213;232;0.99
000180-001;341;Abu Amir;PERSON;251;259;0.99
000181-001;341-342;Ibnu Ishaq;PERSON;1010;1020;0.99
000181-002;341-342;Ibnu Ishaq;PERSON;0;10;0.99
000181-002;341-342;Abdullah bin Az-Zubair;PERSON;205;227;0.99
000181-002;341-342;Hindun binti Utbah;PERSON;318;336;0.99
000181-002;341-342;Al-Barra' bin Azib;PERSON;419;437;0.99
000182-001;342-343;Perang Badr;EVENT;173;184;0.99
000182-001;342-343;Badr;LOCATION;533;537;0.99
000182-001;342-343;Abdullah bin Jubair;PERSON;1045;1064;0.99
000182-001;342-343;Rasulullah;PERSON;1087;1097;0.99
000182-001;342-343;Rasulullah;PERSON;1174;1184;0.99
000182-002;342-343;Abdullah bin Jubair;PERSON;47;66;0.99
000182-002;342-343;Rasulullah;PERSON;89;99;0.99
000182-002;342-343;Rasulullah;PERSON;176;186;0.99
000182-002;342-343;Ibnu Jubair;PERSON;605;616;0.99
000183-001;343;Khalid bin Al-Walid;PERSON;33;52;0.99
000183-001;343;Abdullah bin Jubair;PERSON;148;167;0.99
000183-001;343;Khalid bin Al-Walid;PERSON;237;256;0.99
000183-001;343;Abdullah bin Jubair;PERSON;277;296;0.99
000183-001;343;Khalid bin Al-Walid;PERSON;317;336;0.99
000183-001;343;Amrah binti Alqamah;PERSON;620;639;0.99
000184-001;343-344;Rasulullah;PERSON;9;19;0.99
000184-001;343-344;Khalid;PERSON;176;182;0.99
000184-001;343-344;Uhud;LOCATION;660;664;0.99
000184-001;343-344;Rasulullah;PERSON;692;702;0.99
000185-001;344-346;Madinah;LOCATION;300;307;0.99
000185-001;344-346;Aisyah;PERSON;593;599;0.99
000185-001;344-346;Perang Uhud;EVENT;625;636;0.99
000185-001;344-346;Al-Yaman;PERSON;892;900;0.99
000185-002;344-346;Muhammad;PERSON;113;121;0.99
000185-002;344-346;Abdullah bin Ubay;PERSON;458;475;0.99
000185-002;344-346;Abu Sufyan;PERSON;564;574;0.99
000185-002;344-346;Anas bin An-Nadhr;PERSON;576;593;0.99
000185-002;344-346;Rasulullah;PERSON;720;730;0.99
000185-002;344-346;Rasulullah;PERSON;841;851;0.99
000185-002;344-346;Sa'd bin Mu;PERSON;1106;1117;0.99
000185-002;344-346;Abu Umar;PERSON;1169;1177;0.99
000185-002;344-346;Uhud;LOCATION;1265;1269;0.99
000185-003;344-346;Uhud;LOCATION;34;38;0.99
000185-003;344-346;Tsabit bin Ad-Dahdah;PERSON;358;378;0.99
000185-003;344-346;Muhammad;PERSON;440;448;0.99
000185-003;344-346;Khalid bin Al-Walid;PERSON;661;680;0.99
000185-003;344-346;Tsabit bin Ad-Dahdah;PERSON;712;732;0.99
000185-003;344-346;Khalid;PERSON;746;752;0.99
000185-003;344-346;Muhammad;PERSON;945;953;0.99
000185-003;344-346;Muhammad;PERSON;1016;1024;0.99
000185-003;344-346;Abdullah bin Ubay;PERSON;1302;1319;0.99
000185-004;344-346;kaba;LOCATION;220;224;0.99
000185-004;344-346;Muhammad;PERSON;245;253;0.99
000185-004;344-346;Rasulullah;PERSON;508;518;0.99
000185-004;344-346;Abu Bakar Ash-Shiddiq;PERSON;596;617;0.99
000185-004;344-346;Umar bin Al-Khaththab;PERSON;619;640;0.99
000185-004;344-346;Ali bin Abu Thalib;PERSON;642;660;0.99
000186-001;346-347;Rasulullah;PERSON;171;181;0.99
000186-001;346-347;Anas bin Malik;PERSON;807;821;0.99
000186-001;346-347;Rasulullah;PERSON;829;839;0.99
000186-001;346-347;Umarah bin Yazid bin As-Sakan;PERSON;1448;1477;0.99
000186-002;346-347;Umarah bin Yazid bin As-Sakan;PERSON;241;270;0.99
000187-001;347-350;Umarah bin As-Sakan;PERSON;17;36;0.99
000187-001;347-350;Abu Utsman;PERSON;123;133;0.99
000187-001;347-350;Thalhah bin Ubaidillah;PERSON;210;232;0.99
000187-001;347-350;Sa'd bin Abu Waqqash;PERSON;237;257;0.99
000187-001;347-350;Rasulullah;PERSON;313;323;0.99
000187-001;347-350;Uthbah bin Abu Waqqash;PERSON;624;646;0.99
000187-001;347-350;Abdullah bin Syihab;PERSON;820;839;0.99
000187-001;347-350;Abdullah bin Qami;PERSON;965;982;0.99
000187-001;347-350;Abdullah bin Qami'ah;PERSON;1386;1406;0.99
000187-002;347-350;Abdullah bin Qami'ah;PERSON;0;20;0.99
000187-002;347-350;Ibnu Qami;PERSON;70;79;0.99
000187-002;347-350;Rasulullah;PERSON;279;289;0.99
000187-002;347-350;Rasulullah;PERSON;504;514;0.99
000187-002;347-350;Ibnu Hisyam;PERSON;543;554;0.99
000187-002;347-350;Ibnu A'idz;PERSON;616;626;0.99
000187-002;347-350;Ibnu Qami'ah;PERSON;634;646;0.99
000187-003;347-350;Ali-Imran;PERSON;443;452;0.99
000187-003;347-350;Ath-Thabarani;PERSON;473;486;0.99
000187-003;347-350;Rasulullah;PERSON;1100;1110;0.99
000187-003;347-350;Sa'd bin Abi Waqqash;PERSON;1165;1185;0.99
000187-003;347-350;Thalhah bin Ubaidillah;PERSON;1190;1212;0.99
000187-004;347-350;Jazirah Arab;LOCATION;197;209;0.99
000187-004;347-350;Rasulullah;PERSON;310;320;0.99
000187-004;347-350;Sa'd bin Abi Waqqash;PERSON;862;882;0.99
000187-004;347-350;Thalhah bin Ubaidillah;PERSON;1121;1143;0.99
000187-004;347-350;Jabir;PERSON;1179;1184;0.99
000187-004;347-350;Rasulullah;PERSON;1234;1244;0.99
000187-004;347-350;Jabir;PERSON;1288;1293;0.99
000187-004;347-350;Rasulullah;PERSON;1345;1355;0.99
000187-005;347-350;Jabir;PERSON;99;104;0.99
000187-005;347-350;Rasulullah;PERSON;382;392;0.99
000187-005;347-350;Perang Uhud;EVENT;678;689;0.99
000187-005;347-350;Qais bin Abu Hazim;PERSON;750;768;0.99
000187-005;347-350;Perang Uhud;EVENT;856;867;0.99
000187-005;347-350;Thalhah bin Ubaidillah;PERSON;1045;1067;0.99
000187-005;347-350;Abu Dawud;PERSON;1070;1079;0.99
000187-005;347-350;Aisyah;PERSON;1112;1118;0.99
000187-005;347-350;Abu Bakar;PERSON;1139;1148;0.99
000187-005;347-350;Perang Uhud;EVENT;1159;1170;0.99
000187-005;347-350;Thalhah bin Ubaidillah;PERSON;1251;1273;0.99
000187-006;347-350;Abu Bakar;PERSON;6;15;0.99
000187-006;347-350;Perang Uhud;EVENT;26;37;0.99
000187-006;347-350;Thalhah bin Ubaidillah;PERSON;118;140;0.99
000187-006;347-350;Rasulullah;PERSON;366;376;0.99
000187-006;347-350;Perang Uhud;EVENT;382;393;0.99
000187-006;347-350;Jibril;PERSON;608;614;0.99
000187-006;347-350;Mika'il;PERSON;619;626;0.99
000188-001;350-351;Rasulullah;PERSON;229;239;0.99
000188-001;350-351;Abu Bakar Ash-Shiddiq;PERSON;835;856;0.99
000188-001;350-351;Ibnu Hibban;PERSON;857;868;0.99
000188-001;350-351;Aisyah;PERSON;908;914;0.99
000188-001;350-351;Abu Bakar Ash-Shidddiq;PERSON;930;952;0.99
000188-001;350-351;Perang Uhud;EVENT;973;984;0.99
000188-001;350-351;Rasulullah;PERSON;1016;1026;0.99
000188-001;350-351;Abu Ubaidah;PERSON;1284;1295;0.99
000188-002;350-351;Abu Ubaidah;PERSON;419;430;0.99
000188-002;350-351;Abu Bakar;PERSON;480;489;0.99
000188-002;350-351;Abu Bakar;PERSON;519;528;0.99
000188-002;350-351;Abu Ubaidah;PERSON;552;563;0.99
000188-002;350-351;Rasulullah;PERSON;645;655;0.99
000188-002;350-351;Abu Ubaidah;PERSON;695;706;0.99
000188-002;350-351;Abu Ubaidah;PERSON;785;796;0.99
000188-002;350-351;Abu Bakar;PERSON;844;853;0.99
000188-002;350-351;Abu Ubaidah;PERSON;888;899;0.99
000188-002;350-351;Abu Dujanah;PERSON;1256;1267;0.99
000188-002;350-351;Mush'ab bin Umair;PERSON;1269;1286;0.99
000188-002;350-351;Ali bin Abu Thalib;PERSON;1288;1306;0.99
000188-002;350-351;Sahl bin Hanif;PERSON;1308;1322;0.99
000188-002;350-351;Malik bin Sinan;PERSON;1324;1339;0.99
000188-002;350-351;Abu Sa'id;PERSON;1346;1355;0.99
000188-002;350-351;Ummu Ammarah;PERSON;1367;1379;0.99
000188-002;350-351;Nasibah binti Ka'b;PERSON;1380;1398;0.99
000188-002;350-351;Qatadah bin An-Nu'man;PERSON;1413;1434;0.99
000188-002;350-351;Umar bin Al-Khaththab;PERSON;1436;1457;0.99
000188-002;350-351;Hathib bin Abu Balta'ah;PERSON;1459;1482;0.99
000188-002;350-351;Abu Thalhah;PERSON;1488;1499;0.99
000189-001;351;Rasulullah;PERSON;214;224;0.99
000189-001;351;Abu Amir;PERSON;272;280;0.99
000189-001;351;Ali;PERSON;291;294;0.99
000189-001;351;Thalhah bin Ubaidillah;PERSON;329;351;0.99
000189-001;351;Naf' bin Jubair;PERSON;397;412;0.99
000189-001;351;Perang Uhud;EVENT;490;501;0.99
000189-001;351;Rasulullah;PERSON;573;583;0.99
000189-001;351;Abdullah bin Syihab;PERSON;656;675;0.99
000189-001;351;Muhammad;PERSON;730;738;0.99
000190-001;351-353;Abu Thalhah;PERSON;150;161;0.99
000190-001;351-353;Rasulullah;PERSON;206;216;0.99
000190-001;351-353;Perang Uhud;EVENT;352;363;0.99
000190-001;351-353;Rasulullah;PERSON;400;410;0.99
000190-001;351-353;Abu Thalhah;PERSON;423;434;0.99
000190-001;351-353;Abu Thalhah;PERSON;733;744;0.99
000190-001;351-353;Abu Thalhah;PERSON;822;833;0.99
000190-001;351-353;Abu Thalhah;PERSON;1028;1039;0.99
000190-001;351-353;Abu Talhah;PERSON;1079;1089;0.99
000190-001;351-353;Abu Dujanah;PERSON;1225;1236;0.99
000190-001;351-353;Rasulullah;PERSON;1256;1266;0.99
000190-002;351-353;Abu Dujanah;PERSON;105;116;0.99
000190-002;351-353;Rasulullah;PERSON;136;146;0.99
000190-002;351-353;Hathib bin Abu Balta'ah;PERSON;294;317;0.99
000190-002;351-353;Utbah bin Abi Waqqas;PERSON;327;347;0.99
000190-002;351-353;Utbah;PERSON;470;475;0.99
000190-002;351-353;Sa'd bin Abi Waqqash;PERSON;528;548;0.99
000190-002;351-353;Utbah bin Abi Waqqash;PERSON;611;632;0.99
000190-002;351-353;Sahl bin Hanif;PERSON;726;740;0.99
000190-002;351-353;Rasulullah;PERSON;787;797;0.99
000190-002;351-353;Rasulullah;PERSON;874;884;0.99
000190-002;351-353;Qatadal bin An-Nu'man;PERSON;937;958;0.99
000190-002;351-353;Rasulullah;PERSON;966;976;0.99
000190-002;351-353;Qatadah bin An-Nu'man;PERSON;1045;1066;0.99
000190-002;351-353;Abdurrahman bin Auf;PERSON;1276;1295;0.99
000190-003;351-353;Malik bin Sinan;PERSON;60;75;0.99
000190-003;351-353;Abu Sa'id;PERSON;82;91;0.99
000190-003;351-353;Rasulullah;PERSON;147;157;0.99
000190-003;351-353;Ummu Umarah;PERSON;506;517;0.99
000190-003;351-353;Ibnu Qami;PERSON;568;577;0.99
000190-003;351-353;Ibnu Qami;PERSON;753;762;0.99
000190-003;351-353;Ummu Umarah;PERSON;826;837;0.99
000190-003;351-353;Mush'ab bin Umair;PERSON;886;903;0.99
000190-003;351-353;Ibnu Qami'ah;PERSON;958;970;0.99
000190-003;351-353;Ibnu Qami'ah;PERSON;1366;1378;0.99
000190-004;351-353;Ibnu Qami'ah;PERSON;24;36;0.99
000190-004;351-353;Mush'ab;PERSON;57;64;0.99
000190-004;351-353;Rasulullah;PERSON;72;82;0.99
000190-004;351-353;Muhammad;PERSON;184;192;0.99
000191-001;353;Rasulullah;PERSON;84;94;0.99
000192-001;353-355;Mush'ab bin Umair;PERSON;8;25;0.99
000192-001;353-355;Rasulullah;PERSON;36;46;0.99
000192-001;353-355;Ali bin Abi Thalib;PERSON;70;88;0.99
000192-001;353-355;Ibnu Hisyam;PERSON;159;170;0.99
000192-001;353-355;Rasulullah;PERSON;340;350;0.99
000192-001;353-355;Ka'b bin Malik;PERSON;527;541;0.99
000192-001;353-355;Rasulullah;PERSON;640;650;0.99
000192-001;353-355;Ka'b;PERSON;691;695;0.99
000192-001;353-355;Ka'b;PERSON;787;791;0.99
000192-001;353-355;Rasulullah;PERSON;937;947;0.99
000192-001;353-355;Utsman bin Abdullah bin Al-Mughirah;PERSON;1255;1290;0.99
000192-002;353-355;Utsman bin Abdullah bin Al-Mughirah;PERSON;0;35;0.99
000192-002;353-355;Utsman bin Abdullah;PERSON;234;253;0.99
000192-002;353-355;Al-Harits bin Ash-Shimmah;PERSON;283;308;0.99
000192-002;353-355;Utsman;PERSON;321;327;0.99
000192-002;353-355;Rasulullah;PERSON;454;464;0.99
000192-002;353-355;Abdullah bin Jabir;PERSON;473;491;0.99
000192-002;353-355;Abu Dujanah;PERSON;570;581;0.99
000192-002;353-355;Abdullah bin Jabir;PERSON;667;685;0.99
000192-002;353-355;Abu Thalhah;PERSON;928;939;0.99
000192-002;353-355;Perang Uhud;EVENT;1006;1017;0.99
000192-002;353-355;Khalid bin Al-Walid;PERSON;1418;1437;0.99
000192-002;353-355;Rasulullah;PERSON;1468;1478;0.99
000193-001;355-356;Ibnu Ishaq;PERSON;0;10;0.99
000193-001;355-356;Rasulullah;PERSON;31;41;0.99
000193-001;355-356;Ubay bin Khalaf;PERSON;78;93;0.99
000193-001;355-356;Muhammad;PERSON;137;145;0.99
000193-001;355-356;Rasulullah;PERSON;226;236;0.99
000193-001;355-356;Rasulullah;PERSON;325;335;0.99
000193-001;355-356;Al-Harits bin Ash-Shimmah;PERSON;388;413;0.99
000193-001;355-356;Makkah;LOCATION;776;782;0.99
000193-001;355-356;Muhammad;PERSON;944;952;0.99
000193-001;355-356;Makkah;LOCATION;1135;1141;0.99
000193-002;355-356;Makkah;LOCATION;180;186;0.99
000193-002;355-356;Abul Aswad;PERSON;201;211;0.99
000193-002;355-356;Rasulullah;PERSON;534;544;0.99
000193-002;355-356;Makkah;LOCATION;597;603;0.99
000193-002;355-356;Rasulullah;PERSON;630;640;0.99
000193-002;355-356;Thalhah bin Ubaidillah;PERSON;1049;1071;0.99
000194-001;356;Rasulullah;PERSON;8;18;0.99
000194-001;356;Ibnu Ishaq;PERSON;187;197;0.99
000194-001;356;Rasulullah;PERSON;217;227;0.99
000194-001;356;Abu Sufyan;PERSON;317;327;0.99
000194-001;356;Khalid bin Al-Walid;PERSON;332;351;0.99
000194-001;356;Umar bin Al-Khaththab;PERSON;444;465;0.99
000194-001;356;peperangan;EVENT;562;572;0.99
000194-001;356;Rasulullah;PERSON;640;650;0.99
000195-001;356-357;Makkah;LOCATION;301;307;0.99
000195-001;356-357;Hindun binti Utbah;PERSON;567;585;0.99
000195-001;356-357;Hamzah;PERSON;604;610;0.99
000195-001;356-357;Hamzah;PERSON;736;742;0.99
000196-001;357-358;Ka'b bin Malik;PERSON;218;232;0.99
000196-001;357-358;Ka'b;PERSON;1233;1237;0.99
000196-001;357-358;Abu 2;PERSON;1250;1255;0.99
000196-002;357-358;Aisyah binti Abu Bakar;PERSON;112;134;0.99
000196-002;357-358;Ummu Sulaim;PERSON;139;150;0.99
000196-002;357-358;Ibnu Hisyam;PERSON;293;304;0.99
000196-002;357-358;Umar;PERSON;472;476;0.99
000196-002;357-358;Ummu Sulaith;PERSON;487;499;0.99
000196-002;357-358;Perang Uhud;EVENT;541;552;0.99
000196-002;357-358;Ummu Aiman;PERSON;590;600;0.99
000196-002;357-358;Madinah;LOCATION;720;727;0.99
000196-002;357-358;Hibban bin Al-Ariqah;PERSON;1025;1045;0.99
000196-002;357-358;Rasulullah;PERSON;1202;1212;0.99
000196-002;357-358;Sa'd bin Abi Waqqash;PERSON;1289;1309;0.99
000196-003;357-358;Ummu Aiman;PERSON;112;122;0.99
000197-001;358-359;Rasulullah;PERSON;8;18;0.99
000197-001;358-359;Ali bin Abu Thalib;PERSON;42;60;0.99
000197-001;358-359;Sahl;PERSON;521;525;0.99
000197-001;358-359;Rasulullah;PERSON;594;604;0.99
000197-001;358-359;Ali bin Abu Thalib;PERSON;701;719;0.99
000197-001;358-359;Muhammad bin Maslamah;PERSON;952;973;0.99
000198-001;359-360;Umar bin Al-Khaththab;PERSON;0;21;0.99
000198-001;359-360;Makkah;LOCATION;76;82;0.99
000198-001;359-360;Abu Sufyan;PERSON;98;108;0.99
000198-001;359-360;Muhammad;PERSON;171;179;0.99
000198-001;359-360;Ibnu Qahafah;PERSON;265;277;0.99
000198-001;359-360;Abu Bakar Ash-Shiddiq;PERSON;297;318;0.99
000198-001;359-360;Umar bin Al-Khaththab;PERSON;403;424;0.99
000198-001;359-360;Abu Sufyan;PERSON;489;499;0.99
000198-001;359-360;Abu Sufyan;PERSON;616;626;0.99
000198-001;359-360;Umar;PERSON;681;685;0.99
000198-001;359-360;Abu Sufyan;PERSON;708;718;0.99
000198-001;359-360;Abu Sufyan;PERSON;898;908;0.99
000198-001;359-360;Rasulullah;PERSON;1117;1127;0.99
000198-001;359-360;Abu Sufyan;PERSON;1263;1273;0.99
000198-001;359-360;Rasulullah;PERSON;1378;1388;0.99
000198-002;359-360;Ibnu Hisyam;PERSON;182;193;0.99
000198-002;359-360;Abu Sufyan;PERSON;256;266;0.99
000198-002;359-360;Perang Badr;EVENT;346;357;0.99
000198-002;359-360;Umar;PERSON;385;389;0.99
000198-002;359-360;Abu Sufyan;PERSON;528;538;0.99
000198-002;359-360;Umar;PERSON;560;564;0.99
000198-002;359-360;Rasulullah;PERSON;578;588;0.99
000198-002;359-360;Umar;PERSON;641;645;0.99
000198-002;359-360;Abu Sufyan;PERSON;658;668;0.99
000198-002;359-360;Abu Sufyan;PERSON;688;698;0.99
000198-002;359-360;Umar;PERSON;748;752;0.99
000198-002;359-360;Muhammad;PERSON;792;800;0.99
000198-002;359-360;Umar;PERSON;842;846;0.99
000198-002;359-360;Abu Sufyan;PERSON;897;907;0.99
000198-002;359-360;Ibnu Qami'ah;PERSON;968;980;0.99
000198-002;359-360;Ibnu Qami'ah;PERSON;989;1001;0.99
000198-002;359-360;Ibnu Ishaq;PERSON;1087;1097;0.99
000198-002;359-360;Abu Sufyan;PERSON;1118;1128;0.99
000198-002;359-360;Makkah;LOCATION;1192;1198;0.99
000198-002;359-360;Badr;LOCATION;1267;1271;0.99
000198-002;359-360;Rasulullah;PERSON;1274;1284;0.99
000198-002;359-360;Rasulullah;PERSON;1423;1433;0.99
000198-002;359-360;Ali bin Abu Thalib;PERSON;1443;1461;0.99
000198-003;359-360;Rasulullah;PERSON;73;83;0.99
000198-003;359-360;Ali bin Abu Thalib;PERSON;93;111;0.99
000198-003;359-360;Makkah;LOCATION;302;308;0.99
000198-003;359-360;Madinah;LOCATION;392;399;0.99
000198-003;359-360;Ali;PERSON;556;559;0.99
000198-003;359-360;Makkah;LOCATION;704;710;0.99
000199-001;360-362;Zaid bin Tsabit;PERSON;103;118;0.99
000199-001;360-362;Rasulullah;PERSON;130;140;0.99
000199-001;360-362;Sa'd bin Ar-Rabi;PERSON;165;181;0.99
000199-001;360-362;Ibnu Hisyam;PERSON;238;249;0.99
000199-001;360-362;Rasulullah;PERSON;324;334;0.99
000199-001;360-362;Zaid bin Tsabit;PERSON;386;401;0.99
000199-001;360-362;Rasulullah;PERSON;713;723;0.99
000199-001;360-362;Rasulullah;PERSON;847;857;0.99
000199-001;360-362;Rasulullah;PERSON;918;928;0.99
000199-001;360-362;Rasulullah;PERSON;1053;1063;0.99
000199-001;360-362;Abdul Ashal;PERSON;1260;1271;0.99
000199-001;360-362;Amr bin Tsabit;PERSON;1272;1286;0.99
000199-002;360-362;Rasulullah;PERSON;430;440;0.99
000199-002;360-362;Rasulullah;PERSON;581;591;0.99
000199-002;360-362;Abu Hurairah;PERSON;647;659;0.99
000199-002;360-362;Ibnu Hisyam;PERSON;844;855;0.99
000199-003;360-362;Rasulullah;PERSON;168;178;0.99
000199-003;360-362;Rasulullah;PERSON;471;481;0.99
000199-003;360-362;Perang Uhud;EVENT;617;628;0.99
000199-003;360-362;Muhammad;PERSON;733;741;0.99
000199-003;360-362;hari Sabtu;TIME;818;828;0.99
000199-003;360-362;Hari Sabtu;TIME;831;841;0.99
000199-003;360-362;hari;TIME;957;961;0.99
000199-003;360-362;Muhammad;PERSON;1114;1122;0.99
000199-003;360-362;Rasulullah;PERSON;1242;1252;0.99
000200-001;362-364;Rasulullah;PERSON;0;10;0.99
000200-001;362-364;Madinah;LOCATION;362;369;0.99
000200-001;362-364;Uhud;LOCATION;435;439;0.99
000200-001;362-364;Abdullah bin Amr bin Haram;PERSON;990;1016;0.99
000200-001;362-364;Amr bin Al-Jamuh;PERSON;1021;1037;0.99
000200-001;362-364;Rasulullah;PERSON;1265;1275;0.99
000200-002;362-364;Rasulullah;PERSON;0;10;0.99
000200-002;362-364;Hamzah;PERSON;371;377;0.99
000200-002;362-364;Rasulullah;PERSON;405;415;0.99
000200-002;362-364;Shafiyah;PERSON;451;459;0.99
000200-002;362-364;Hamzah;PERSON;493;499;0.99
000200-002;362-364;Az-Zubair;PERSON;536;545;0.99
000200-002;362-364;Hamzah;PERSON;606;612;0.99
000200-002;362-364;Hamzah;PERSON;837;843;0.99
000200-002;362-364;Rasulullah;PERSON;930;940;0.99
000200-002;362-364;Hamzah;PERSON;966;972;0.99
000200-002;362-364;Abdullah bin Jahsy;PERSON;1005;1023;0.99
000200-002;362-364;Ibnu Mas'ud;PERSON;1060;1071;0.99
000200-002;362-364;Rasulullah;PERSON;1107;1117;0.99
000200-002;362-364;Hamzah bin Abdul Muththalib;PERSON;1183;1210;0.99
000200-003;362-364;Hamzah;PERSON;191;197;0.99
000200-003;362-364;Abdurrahman bin Auf;PERSON;458;477;0.99
000200-003;362-364;Mush'ab bin Umair;PERSON;489;506;0.99
000200-003;362-364;Rasulullah;PERSON;769;779;0.99
000201-001;364-365;Perang Uhud;EVENT;50;61;0.99
000201-001;364-365;Rasulullah;PERSON;100;110;0.99
000202-001;365-367;Rasulullah;PERSON;178;188;0.99
000202-001;365-367;Madinah;LOCATION;200;207;0.99
000202-001;365-367;Hamnah binti Jahsy;PERSON;405;423;0.99
000202-001;365-367;Hamzah bin Abdul Muththalib;PERSON;597;624;0.99
000202-001;365-367;Mush'ab bin Umair;PERSON;663;680;0.99
000202-001;365-367;Perang Uhud;EVENT;950;961;0.99
000202-001;365-367;Rasulullah;PERSON;1074;1084;0.99
000202-001;365-367;Ummu Fulan;PERSON;1117;1127;0.99
000202-001;365-367;Ummu Sa'd bin Mu'adz;PERSON;1385;1405;0.99
000202-002;365-367;Ummu Sa'd bin Mu'adz;PERSON;119;139;0.99
000202-002;365-367;Rasulullah;PERSON;238;248;0.99
000202-002;365-367;Amr bin Mu'adz;PERSON;382;396;0.99
000202-002;365-367;Ummu Sa'd;PERSON;445;454;0.99
000202-002;365-367;Rasulullah;PERSON;470;480;0.99
000202-002;365-367;Perang Uhud;EVENT;608;619;0.99
000202-002;365-367;Ummu Sa'd;PERSON;649;658;0.99
000202-002;365-367;Ummu Sa'd;PERSON;857;866;0.99
000202-002;365-367;Rasulullah;PERSON;894;904;0.99
000202-002;365-367;Rasulullah;PERSON;985;995;0.99
000202-002;365-367;Ibnu Hisyam;PERSON;1084;1095;0.99
000203-001;367;tanggal 7 Syawwal;TIME;31;48;0.99
000203-001;367;Rasulullah;PERSON;54;64;0.99
000203-001;367;Madinah;LOCATION;73;80;0.99
000203-001;367;Ali bin Abu Thalib;PERSON;302;320;0.99
000203-001;367;Rasulullah;PERSON;503;513;0.99
000203-001;367;Sahl bin Hunaif;PERSON;593;608;0.99
000203-001;367;Abu Dujanah;PERSON;613;624;0.99
000204-001;367;Ibnu Ishaq;PERSON;369;379;0.99
000205-001;367-368;Madinah;LOCATION;29;36;0.99
000205-001;367-368;Perang Uhud;EVENT;68;79;0.99
000205-001;367-368;Ibnu Hisyam;PERSON;326;337;0.99
000205-001;367-368;Ibnu Hisyam;PERSON;402;413;0.99
000205-001;367-368;Madinah;LOCATION;446;453;0.99
000205-001;367-368;Rasulullah;PERSON;493;503;0.99
000206-001;368-373;Rasulullah;PERSON;0;10;0.99
000206-001;368-373;Madinah;LOCATION;305;312;0.99
000206-001;368-373;Perang Uhud;EVENT;598;609;0.99
000206-001;368-373;hari Ahad;TIME;620;629;0.99
000206-001;368-373;tanggal 8 Syawwal;TIME;630;647;0.99
000206-001;368-373;Perang Uhud;EVENT;759;770;0.99
000206-001;368-373;Abdullah bin Ubay;PERSON;816;833;0.99
000206-001;368-373;Perang Uhud;EVENT;985;996;0.99
000206-001;368-373;Jabir bin Abdullah;PERSON;1049;1067;0.99
000206-001;368-373;Rasulullah;PERSON;1109;1119;0.99
000206-001;368-373;Rasulullah;PERSON;1379;1389;0.99
000206-001;368-373;Madinah;LOCATION;1429;1436;0.99
000206-001;368-373;Madinah;LOCATION;1485;1492;0.99
000206-002;368-373;Rasulullah;PERSON;0;10;0.99
000206-002;368-373;Madinah;LOCATION;50;57;0.99
000206-002;368-373;Madinah;LOCATION;106;113;0.99
000206-002;368-373;Ma'bad bin Abu Ma'bad;PERSON;163;184;0.99
000206-002;368-373;Rasulullah;PERSON;207;217;0.99
000206-002;368-373;Muhammad;PERSON;477;485;0.99
000206-002;368-373;Abu Sufyan;PERSON;686;696;0.99
000206-002;368-373;Madinah;LOCATION;826;833;0.99
000206-002;368-373;Madinah;LOCATION;916;923;0.99
000206-003;368-373;Shafwan bin Umayyah;PERSON;192;211;0.99
000206-003;368-373;Madinah;LOCATION;697;704;0.99
000206-003;368-373;Ma'bad bin Ma'bad;PERSON;750;767;0.99
000206-003;368-373;Abu Sufyan;PERSON;807;817;0.99
000206-003;368-373;Abu Sufyan;PERSON;907;917;0.99
000206-003;368-373;Muhammad;PERSON;936;944;0.99
000206-003;368-373;Abu Sufyan;PERSON;1322;1332;0.99
000206-004;368-373;Abu Sufyan;PERSON;33;43;0.99
000206-004;368-373;Abu Sufyan;PERSON;276;286;0.99
000206-004;368-373;Makkah;LOCATION;505;511;0.99
000206-004;368-373;Abu Sufyan;PERSON;571;581;0.99
000206-004;368-373;Makkah;LOCATION;745;751;0.99
000206-004;368-373;Abu Sufyan;PERSON;753;763;0.99
000206-004;368-373;Madinah;LOCATION;824;831;0.99
000206-004;368-373;Muhammad;PERSON;881;889;0.99
000206-004;368-373;Abu Sufyan;PERSON;898;908;0.99
000206-004;368-373;Makkah;LOCATION;956;962;0.99
000206-004;368-373;Abu Sufyan;PERSON;1054;1064;0.99
000206-004;368-373;Muhammad;PERSON;1097;1105;0.99
000206-004;368-373;Rasulullah;PERSON;1229;1239;0.99
000206-004;368-373;Abu Sufyan;PERSON;1333;1343;0.99
000206-005;368-373;Abu Sufyan;PERSON;0;10;0.99
000206-005;368-373;Muhammad;PERSON;43;51;0.99
000206-005;368-373;Rasulullah;PERSON;175;185;0.99
000206-005;368-373;Abu Sufyan;PERSON;279;289;0.99
000206-005;368-373;Ali;PERSON;773;776;0.99
000206-005;368-373;Rasulullah;PERSON;777;787;0.99
000206-005;368-373;Madinah;LOCATION;860;867;0.99
000206-005;368-373;Madinah;LOCATION;888;895;0.99
000206-005;368-373;Abu Azzah;PERSON;920;929;0.99
000206-005;368-373;Perang Badr;EVENT;956;967;0.99
000206-005;368-373;Rasulullah;PERSON;1001;1011;0.99
000206-005;368-373;Abu Azzah;PERSON;1164;1173;0.99
000206-005;368-373;Perang Uhud;EVENT;1368;1379;0.99
000206-005;368-373;Muhammad;PERSON;1421;1429;0.99
000206-006;368-373;Muhammad;PERSON;40;48;0.99
000206-006;368-373;Makkah;LOCATION;252;258;0.99
000206-006;368-373;Muhammad;PERSON;329;337;0.99
000206-006;368-373;Az-Zubair;PERSON;451;460;0.99
000206-006;368-373;Ashim bin Tsabit;PERSON;466;482;0.99
000206-006;368-373;Mu'awiyah bin Al-Mughirah bin Abul Ash;PERSON;591;629;0.99
000206-006;368-373;Abdul Malik bin Marwan;PERSON;637;659;0.99
000206-006;368-373;Utsman bin Affan;PERSON;748;764;0.99
000206-006;368-373;Perang Uhud;EVENT;809;820;0.99
000206-006;368-373;Utsman;PERSON;827;833;0.99
000206-006;368-373;Rasulullah;PERSON;879;889;0.99
000206-006;368-373;Madinah;LOCATION;1034;1041;0.99
000206-006;368-373;Madinah;LOCATION;1202;1209;0.99
000206-006;368-373;Rasulullah;PERSON;1244;1254;0.99
000206-006;368-373;Zaid bin Haritsah;PERSON;1269;1286;0.99
000206-006;368-373;Ammar bin Yasir;PERSON;1291;1306;0.99
000206-007;368-373;Perang Hamra'ul Asad;EVENT;68;88;0.99
000206-007;368-373;Perang Uhud;EVENT;171;182;0.99
000206-007;368-373;Perang Uhud;EVENT;209;220;0.99
000206-007;368-373;Perang Uhud;EVENT;674;685;0.99
000206-007;368-373;Ibnu Hisyam;PERSON;744;755;0.99
000206-008;368-373;Madinah;LOCATION;294;301;0.99
000206-008;368-373;Abu Sufyan;PERSON;815;825;0.99
000206-008;368-373;Makkah;LOCATION;893;899;0.99
000206-008;368-373;Abu Sufyan;PERSON;1139;1149;0.99
000206-008;368-373;Rasulullah;PERSON;1173;1183;0.99
000206-008;368-373;Perang Uhud;EVENT;1252;1263;0.99
000207-001;373-374;Ali;PERSON;990;993;0.99
000207-001;373-374;Ali-Imran;PERSON;1238;1247;0.99
000207-002;373-374;Ali-Imran;PERSON;3;12;0.99
000207-002;373-374;Ali;PERSON;584;587;0.99
000208-001;374-375;Ibnul Qayyim;PERSON;0;12;0.99
000208-001;374-375;Ibnu Hajar;PERSON;79;89;0.99
000208-001;374-375;Perang Uhud;EVENT;138;149;0.99
000208-001;374-375;Rasulullah;PERSON;462;472;0.99
000208-002;374-375;Uhud;LOCATION;1081;1085;0.99
000208-002;374-375;Jabal Ar-Rumah;LOCATION;1086;1100;0.99
000209-001;376-377;Perang Uhud;EVENT;8;19;0.99
000209-001;376-377;Madinah;LOCATION;273;280;0.99
000209-001;376-377;Perang Uhud;EVENT;550;561;0.99
000209-001;376-377;As'ad;PERSON;568;573;0.99
000209-001;376-377;Madinah;LOCATION;616;623;0.99
000209-001;376-377;bulan Shafar 4 H;TIME;671;687;0.99
000209-001;376-377;bulan Rabi'ul Awwal 4 H;TIME;1012;1035;0.99
000209-001;376-377;Muhammad;PERSON;1079;1087;0.99
000209-001;376-377;Madinah;LOCATION;1138;1145;0.99
000209-001;376-377;bulan Jumadil Ula;TIME;1151;1168;0.99
000209-001;376-377;Perang Uhud;EVENT;1226;1237;0.99
000209-001;376-377;Rasulullah;PERSON;1344;1354;0.99
000209-002;376-377;Rasulullah;PERSON;57;67;0.99
000210-001;377;Uhud;LOCATION;83;87;0.99
000210-001;377;As'ad bin Khuzaimah;PERSON;100;119;0.99
000210-001;377;Madinah;LOCATION;131;138;0.99
000210-001;377;Rasulullah;PERSON;291;301;0.99
000210-001;377;Abu Salamah;PERSON;446;457;0.99
000210-001;377;As'ad;PERSON;546;551;0.99
000210-001;377;Madinah;LOCATION;620;627;0.99
000210-001;377;As'ad;PERSON;841;846;0.99
000210-001;377;Madinah;LOCATION;889;896;0.99
000210-001;377;bulan Muharram 4 H;TIME;1014;1032;0.99
000210-001;377;Perang Uhud;EVENT;1094;1105;0.99
000210-001;377;Abu Salamah;PERSON;1125;1136;0.99
000211-001;377;tanggal 5 Muharram;TIME;5;23;0.99
000211-001;377;Madinah;LOCATION;65;72;0.99
000211-001;377;Khalid bin Sufyan;PERSON;79;96;0.99
000211-001;377;Rasulullah;PERSON;160;170;0.99
000211-001;377;Abdullah bin Unais;PERSON;180;198;0.99
000211-001;377;Madinah;LOCATION;241;248;0.99
000211-001;377;Abdullah bin Unais;PERSON;250;268;0.99
000211-001;377;hari Sabtu;TIME;323;333;0.99
000211-001;377;bulan Muharram;TIME;352;366;0.99
000211-001;377;Khalid bin Sufyan;PERSON;401;418;0.99
000212-001;377-379;bulan Shafar;TIME;5;17;0.99
000212-001;377-379;Rasulullah;PERSON;95;105;0.99
000212-001;377-379;Ibnu Ishaq;PERSON;340;350;0.99
000212-001;377-379;Martsad bin Abu Martsad;PERSON;416;439;0.99
000212-001;377-379;Ibnu Ishaq;PERSON;495;505;0.99
000212-001;377-379;Ashim bin Tsabit;PERSON;562;578;0.99
000212-001;377-379;Hijaz;LOCATION;714;719;0.99
000212-002;377-379;Khubaib bin Adi;PERSON;106;121;0.99
000212-002;377-379;Zaid bin Ad-Dastinah;PERSON;123;143;0.99
000212-002;377-379;Zaid;PERSON;468;472;0.99
000212-002;377-379;Makkah;LOCATION;488;494;0.99
000212-002;377-379;Perang Badr;EVENT;536;547;0.99
000212-002;377-379;Makkah;LOCATION;632;638;0.99
000212-002;377-379;Hujair bin Abu Ihab;PERSON;685;704;0.99
000212-002;377-379;Ibnu Hisyam;PERSON;913;924;0.99
000212-002;377-379;Makkah;LOCATION;1118;1124;0.99
000212-003;377-379;Abu Sufyan;PERSON;491;501;0.99
000212-003;377-379;Muhammad;PERSON;540;548;0.99
000212-003;377-379;Muhammad;PERSON;734;742;0.99
000212-003;377-379;Amr bin Umayyah;PERSON;917;932;0.99
000212-003;377-379;Uqbah bin Al-Harits;PERSON;1090;1109;0.99
000212-003;377-379;Perang Badr;EVENT;1127;1138;0.99
000212-003;377-379;Makkah;LOCATION;1423;1429;0.99
000212-004;377-379;Makkah;LOCATION;96;102;0.99
000212-004;377-379;Zaid bin Ad-Datsinah;PERSON;145;165;0.99
000212-004;377-379;Shafwan bin Umayyah;PERSON;173;192;0.99
000212-004;377-379;Zaid;PERSON;217;221;0.99
000212-004;377-379;Perang Badr;EVENT;476;487;0.99
000212-004;377-379;Umar bin Al-Khaththab;PERSON;805;826;0.99
000213-001;380-382;Abu Bara;PERSON;173;181;0.99
000213-001;380-382;Amir bin Malik;PERSON;183;197;0.99
000213-001;380-382;Rasulullah;PERSON;231;241;0.99
000213-001;380-382;Rasulullah;PERSON;355;365;0.99
000213-001;380-382;Najd;LOCATION;424;428;0.99
000213-001;380-382;Najd;LOCATION;585;589;0.99
000213-001;380-382;Ibnu Ishaq;PERSON;688;698;0.99
000213-001;380-382;Al-Mundzir bin Amr;PERSON;810;828;0.99
000213-001;380-382;Abu Bara;PERSON;983;991;0.99
000213-001;380-382;Harram bin Milhan;PERSON;1330;1347;0.99
000213-001;380-382;Rasulullah;PERSON;1380;1390;0.99
000213-001;380-382;Amir bin Ath-;PERSON;1411;1424;0.99
000213-002;380-382;Harram bin Milhan;PERSON;41;58;0.99
000213-002;380-382;Rasulullah;PERSON;91;101;0.99
000213-002;380-382;Amir bin Ath-;PERSON;122;135;0.99
000213-002;380-382;Ka'bah;LOCATION;352;358;0.99
000213-002;380-382;Amir bin Ath-Thufail;PERSON;470;490;0.99
000213-002;380-382;Abu Bara;PERSON;638;646;0.99
000213-002;380-382;Amir bin Ath-;PERSON;709;722;0.99
000213-002;380-382;Rasulullah;PERSON;1084;1094;0.99
000213-002;380-382;Ka'b bin Zaid bin An-Najjar;PERSON;1154;1181;0.99
000213-002;380-382;Perang Khandaq;EVENT;1315;1329;0.99
000213-003;380-382;Perang Khandaq;EVENT;132;146;0.99
000213-003;380-382;Amr bin Umayyah;PERSON;162;177;0.99
000213-003;380-382;Al-Mundzir bin Uqbah bin Amir;PERSON;194;223;0.99
000213-003;380-382;Amr bin Umayyah;PERSON;493;508;0.99
000213-003;380-382;Amir bin Ath-Thufail;PERSON;517;537;0.99
000213-003;380-382;Amr bin Umayyah;PERSON;685;700;0.99
000213-003;380-382;Madinah;LOCATION;710;717;0.99
000213-003;380-382;Rasulullah;PERSON;733;743;0.99
000213-003;380-382;Perang Uhud;EVENT;828;839;0.99
000213-003;380-382;Perang Uhud;EVENT;858;869;0.99
000213-003;380-382;Madinah;LOCATION;963;970;0.99
000213-004;380-382;Madinah;LOCATION;133;140;0.99
000214-001;382-385;Perang Bani Qainuqa;EVENT;544;563;0.99
000214-001;382-385;Ka'b bin Al-Asyraf;PERSON;581;599;0.99
000214-001;382-385;Perang Uhud;EVENT;670;681;0.99
000214-001;382-385;Makkah;LOCATION;830;836;0.99
000214-001;382-385;Amr bin Umayyah;PERSON;1325;1340;0.99
000214-001;382-385;Madinah;LOCATION;1408;1415;0.99
000214-002;382-385;Amr bin Umayyah;PERSON;160;175;0.99
000214-002;382-385;Madinah;LOCATION;243;250;0.99
000214-002;382-385;Abul Qasim;PERSON;370;380;0.99
000214-002;382-385;Abu Bakar;PERSON;607;616;0.99
000214-002;382-385;Umar;PERSON;618;622;0.99
000214-002;382-385;Ali;PERSON;624;627;0.99
000214-002;382-385;Rasulullah;PERSON;820;830;0.99
000214-002;382-385;Muhammad;PERSON;986;994;0.99
000214-002;382-385;Amr bin Jahsy;PERSON;1023;1036;0.99
000214-002;382-385;Sallam bin Misykam;PERSON;1100;1118;0.99
000214-002;382-385;Muhammad;PERSON;1147;1155;0.99
000214-002;382-385;Jibril;PERSON;1355;1361;0.99
000214-002;382-385;Rasulullah;PERSON;1391;1401;0.99
000214-003;382-385;Jibril;PERSON;0;6;0.99
000214-003;382-385;Rasulullah;PERSON;36;46;0.99
000214-003;382-385;Madinah;LOCATION;138;145;0.99
000214-003;382-385;Madinah;LOCATION;259;266;0.99
000214-003;382-385;Rasulullah;PERSON;434;444;0.99
000214-003;382-385;Muhammad bin Maslamah;PERSON;454;475;0.99
000214-003;382-385;Madinah;LOCATION;547;554;0.99
000214-003;382-385;Madinah;LOCATION;770;777;0.99
000214-003;382-385;Madinah;LOCATION;838;845;0.99
000214-003;382-385;Abdullah bin Ubay bin Salul;PERSON;884;911;0.99
000214-004;382-385;Huyai bin Akhthab;PERSON;452;469;0.99
000214-004;382-385;Abdullah bin Ubay;PERSON;516;533;0.99
000214-005;382-385;Rasulullah;PERSON;454;464;0.99
000214-005;382-385;Huyai bin Akhthab;PERSON;483;500;0.99
000214-005;382-385;Ibnu Ummi;PERSON;624;633;0.99
000214-005;382-385;Madinah;LOCATION;665;672;0.99
000214-005;382-385;Ali bin Abi Thalib;PERSON;748;766;0.99
000214-006;382-385;Rasulullah;PERSON;495;505;0.99
000214-006;382-385;Madinah;LOCATION;547;554;0.99
000214-006;382-385;Madinah;LOCATION;616;623;0.99
000214-006;382-385;Huyai bin Akhthab;PERSON;1082;1099;0.99
000214-006;382-385;Sallam bin Al-Huqaiq;PERSON;1104;1124;0.99
000214-006;382-385;Khaibar;LOCATION;1134;1141;0.99
000214-006;382-385;Syam;LOCATION;1171;1175;0.99
000214-006;382-385;Yamin bin Amr;PERSON;1238;1251;0.99
000214-006;382-385;Abu Sa'd bin Wahb;PERSON;1256;1273;0.99
000214-006;382-385;Rasulullah;PERSON;1397;1407;0.99
000214-007;382-385;Rasulullah;PERSON;63;73;0.99
000214-007;382-385;Abu Dujanah;PERSON;405;416;0.99
000214-007;382-385;Sahl bin Hunaif;PERSON;421;436;0.99
000214-007;382-385;Perang Bani Nadhir;EVENT;642;660;0.99
000214-007;382-385;bulan Rabi'ul Awwal 4 H;TIME;678;701;0.99
000214-007;382-385;Ibnu Abbas;PERSON;1396;1406;0.99
000215-001;385-386;Perang Bani Nadhir;EVENT;58;76;0.99
000215-001;385-386;Madinah;LOCATION;133;140;0.99
000215-001;385-386;Ibnu Hisyam;PERSON;226;237;0.99
000215-001;385-386;Rasulullah;PERSON;358;368;0.99
000215-001;385-386;Perang Uhud;EVENT;490;501;0.99
000215-001;385-386;Madinah;LOCATION;554;561;0.99
000215-001;385-386;Madinah;LOCATION;685;692;0.99
000215-001;385-386;Madinah;LOCATION;1214;1221;0.99
000215-001;385-386;Najd;LOCATION;1369;1373;0.99
000215-001;385-386;bulan Rabi'ul Awwal;TIME;1379;1398;0.99
000215-002;385-386;Najd;LOCATION;146;150;0.99
000215-002;385-386;bulan Rabi'ul Awwal;TIME;156;175;0.99
000215-002;385-386;Madinah;LOCATION;316;323;0.99
000215-002;385-386;Perang Badr;EVENT;382;393;0.99
000215-002;385-386;Abu Sufyan;PERSON;431;441;0.99
000215-002;385-386;Perang Uhud;EVENT;464;475;0.99
000215-002;385-386;Madinah;LOCATION;504;511;0.99
000215-002;385-386;Perang Badr;EVENT;806;817;0.99
000215-002;385-386;Perang Dzatur Riqa;EVENT;844;862;0.99
000215-002;385-386;Rasulullah;PERSON;881;891;0.99
000215-002;385-386;bulan Rabi'ul Awwal;TIME;905;924;0.99
000215-002;385-386;Jumadil Ula;TIME;930;941;0.99
000215-002;385-386;Abu Hurairah;PERSON;953;965;0.99
000215-002;385-386;Abu Musa;PERSON;970;978;0.99
000215-002;385-386;Abu Hurairal;PERSON;1035;1047;0.99
000215-002;385-386;Perang Khaibar;EVENT;1082;1096;0.99
000215-002;385-386;Abu Musa;PERSON;1102;1110;0.99
000215-002;385-386;Khaibar;LOCATION;1147;1154;0.99
000215-002;385-386;Perang Dzatur Riqa;EVENT;1161;1179;0.99
000215-002;385-386;Perang Khaibar;EVENT;1197;1211;0.99
000215-002;385-386;tahun 4 H;TIME;1273;1282;0.99
000215-002;385-386;Perang Asafan;EVENT;1416;1429;0.99
000215-003;385-386;Perang Asafan;EVENT;70;83;0.99
000215-003;385-386;Perang Asafan;EVENT;135;148;0.99
000215-003;385-386;Perang Khandaq;EVENT;165;179;0.99
000216-001;387;Perang Uhud;EVENT;253;264;0.99
000216-001;387;Muhammad;PERSON;300;308;0.99
000216-001;387;Abu Sufyan;PERSON;350;360;0.99
000216-001;387;bulan Sya'ban 4 H;TIME;495;512;0.99
000216-001;387;Rasulullah;PERSON;533;543;0.99
000216-001;387;Ali bin Abu Thalib;PERSON;682;700;0.99
000216-001;387;Madinah;LOCATION;702;709;0.99
000216-001;387;Abdullah bin Rawahah;PERSON;728;748;0.99
000216-001;387;Badr;LOCATION;765;769;0.99
000216-001;387;Abu Sufyan;PERSON;814;824;0.99
000216-001;387;Makkah;LOCATION;957;963;0.99
000216-001;387;Abu Sufyan;PERSON;1048;1058;0.99
000216-001;387;Makkah;LOCATION;1077;1083;0.99
000216-001;387;Makkah;LOCATION;1284;1290;0.99
000216-002;387;Makkah;LOCATION;268;274;0.99
000216-002;387;Badr;LOCATION;411;415;0.99
000216-002;387;Madinah;LOCATION;557;564;0.99
000216-002;387;Perang Badr;EVENT;665;676;0.99
000216-002;387;Perang Badr;EVENT;698;709;0.99
000216-002;387;Perang Badr;EVENT;727;738;0.99
000216-002;387;Perang Badr Shughra;EVENT;759;778;0.99
000217-001;387-389;Rasulullah;PERSON;9;19;0.99
000217-001;387-389;Badr;LOCATION;25;29;0.99
000217-001;387-389;Madinah;LOCATION;50;57;0.99
000217-001;387-389;Syam;LOCATION;228;232;0.99
000217-001;387-389;Badr;LOCATION;389;393;0.99
000217-001;387-389;Madinah;LOCATION;420;427;0.99
000217-001;387-389;Syam;LOCATION;547;551;0.99
000217-001;387-389;Madinah;LOCATION;686;693;0.99
000217-001;387-389;Madinah;LOCATION;714;721;0.99
000217-001;387-389;Siba' bin Urfuthah;PERSON;729;747;0.99
000217-001;387-389;Rabi'ul Awwal;TIME;812;825;0.99
000217-002;387-389;Rasulullah;PERSON;199;209;0.99
000217-002;387-389;Madinah;LOCATION;398;405;0.99
000217-002;387-389;Uyainah bin Hishn;PERSON;427;444;0.99
000217-002;387-389;Syam;LOCATION;484;488;0.99
000217-002;387-389;Damaskus;LOCATION;513;521;0.99
000217-002;387-389;Madinah;LOCATION;584;591;0.99
000218-001;390-404;Jazirah Arab;LOCATION;125;137;0.99
000218-001;390-404;Khaibar;LOCATION;370;377;0.99
000218-001;390-404;Makkah;LOCATION;1113;1119;0.99
000218-001;390-404;Rasulullah;PERSON;1173;1183;0.99
000218-001;390-404;Perang Badr;EVENT;1339;1350;0.99
000218-002;390-404;Rasulullah;PERSON;480;490;0.99
000218-002;390-404;Tihamah;LOCATION;667;674;0.99
000218-002;390-404;Abu Sufyan;PERSON;693;703;0.99
000218-002;390-404;Uyainah bin Hishn;PERSON;914;931;0.99
000218-002;390-404;Al-Harits bin Auf;PERSON;958;975;0.99
000218-002;390-404;Madinah;LOCATION;1093;1100;0.99
000218-002;390-404;Madinah;LOCATION;1198;1205;0.99
000218-002;390-404;Madinah;LOCATION;1365;1372;0.99
000218-003;390-404;Madinah;LOCATION;75;82;0.99
000218-003;390-404;Madinah;LOCATION;177;184;0.99
000218-003;390-404;Madinah;LOCATION;406;413;0.99
000218-003;390-404;Madinah;LOCATION;651;658;0.99
000218-003;390-404;Rasulullah;PERSON;692;702;0.99
000218-003;390-404;Madinah;LOCATION;796;803;0.99
000218-003;390-404;Salman Al-Farisi;PERSON;946;962;0.99
000218-003;390-404;Rasulullah;PERSON;1001;1011;0.99
000218-003;390-404;Rasulullah;PERSON;1196;1206;0.99
000218-003;390-404;Rasulullah;PERSON;1421;1431;0.99
000218-004;390-404;Rasulullah;PERSON;0;10;0.99
000218-004;390-404;Sahl bin Sa'd;PERSON;117;130;0.99
000218-004;390-404;Rasulullah;PERSON;159;169;0.99
000218-004;390-404;Rasulullah;PERSON;403;413;0.99
000218-004;390-404;Muhammad;PERSON;857;865;0.99
000218-004;390-404;Al-Barra' bin Azib;PERSON;912;930;0.99
000218-004;390-404;Ibnu Rawahah;PERSON;1123;1135;0.99
000218-005;390-404;Abu Thalhah;PERSON;484;495;0.99
000218-005;390-404;Rasulullah;PERSON;539;549;0.99
000218-005;390-404;Jabir bin Abdullah;PERSON;761;779;0.99
000218-005;390-404;Jabir;PERSON;840;845;0.99
000218-005;390-404;Jabir;PERSON;932;937;0.99
000218-005;390-404;Rasulullah;PERSON;948;958;0.99
000218-005;390-404;An-Nu'man bin Basyir;PERSON;1313;1333;0.99
000218-006;390-404;An-Nu'man bin Basyir;PERSON;88;108;0.99
000218-006;390-404;Rasulullah;PERSON;239;249;0.99
000218-006;390-404;Jabir;PERSON;706;711;0.99
000218-006;390-404;Rasulullah;PERSON;1387;1397;0.99
000218-007;390-404;Rasulullah;PERSON;31;41;0.99
000218-007;390-404;Yaman;LOCATION;494;499;0.99
000218-007;390-404;Ibnu Ishaq;PERSON;567;577;0.99
000218-007;390-404;Salman Al-Farisi;PERSON;624;640;0.99
000218-007;390-404;Madinah;LOCATION;650;657;0.99
000218-007;390-404;Madinah;LOCATION;829;836;0.99
000218-007;390-404;Madinah;LOCATION;1321;1328;0.99
000218-008;390-404;Madinah;LOCATION;118;125;0.99
000218-008;390-404;Najd;LOCATION;284;288;0.99
000218-008;390-404;Uhud;LOCATION;348;352;0.99
000218-008;390-404;Rasulullah;PERSON;1027;1037;0.99
000218-008;390-404;Madinah;LOCATION;1221;1228;0.99
000218-008;390-404;Ibnu Ummi;PERSON;1247;1256;0.99
000218-009;390-404;Madinah;LOCATION;187;194;0.99
000218-009;390-404;Amr bin Abdi;PERSON;1339;1351;0.99
000218-009;390-404;Ikrimah bin Abu Jahl;PERSON;1358;1378;0.99
000218-009;390-404;Dhirar bin Al-Khaththab;PERSON;1380;1403;0.99
000218-010;390-404;Amr bin Abdi;PERSON;107;119;0.99
000218-010;390-404;Ikrimah bin Abu Jahl;PERSON;126;146;0.99
000218-010;390-404;Dhirar bin Al-Khaththab;PERSON;148;171;0.99
000218-010;390-404;Ali bin Abi Thalib;PERSON;369;387;0.99
000218-010;390-404;Amr bin Abi Wudd;PERSON;491;507;0.99
000218-010;390-404;Ali bin Abu Thalib;PERSON;577;595;0.99
000218-010;390-404;Ali;PERSON;601;604;0.99
000218-010;390-404;Ali bin Abu Thalib;PERSON;860;878;0.99
000218-010;390-404;Ali;PERSON;940;943;0.99
000218-010;390-404;Ikrimah bin Abu Jahl;PERSON;1096;1116;0.99
000218-011;390-404;Rasulullah;PERSON;311;321;0.99
000218-011;390-404;Jabir;PERSON;381;386;0.99
000218-011;390-404;Umar bin Al-Khaththab;PERSON;393;414;0.99
000218-011;390-404;Perang Khandaq;EVENT;433;447;0.99
000218-011;390-404;Rasulullah;PERSON;538;548;0.99
000218-011;390-404;Ali;PERSON;1091;1094;0.99
000218-011;390-404;Perang Khandaq;EVENT;1135;1149;0.99
000218-012;390-404;An-Nawawi;PERSON;389;398;0.99
000218-012;390-404;Perang Khandaq;EVENT;460;474;0.99
000218-012;390-404;Mu'adz;PERSON;1263;1269;0.99
000218-012;390-404;Habban bin Qais bin Al-Ariqah;PERSON;1436;1465;0.99
000218-013;390-404;Habban bin Qais bin Al-Ariqah;PERSON;97;126;0.99
000218-013;390-404;An-Nawawi;PERSON;542;551;0.99
000218-013;390-404;Huyai bin Akhthab;PERSON;1253;1270;0.99
000218-013;390-404;Ka'b bin Asad;PERSON;1323;1336;0.99
000218-014;390-404;Ka'b bin Asad;PERSON;12;25;0.99
000218-014;390-404;Rasulullah;PERSON;127;137;0.99
000218-014;390-404;Ka'b;PERSON;229;233;0.99
000218-014;390-404;Ka'b;PERSON;242;246;0.99
000218-014;390-404;Ka'b;PERSON;369;373;0.99
000218-014;390-404;Uhud;LOCATION;659;663;0.99
000218-014;390-404;Muhammad;PERSON;756;764;0.99
000218-014;390-404;Ka'b;PERSON;788;792;0.99
000218-014;390-404;Muhammad;PERSON;1046;1054;0.99
000218-014;390-404;Ka'b;PERSON;1149;1153;0.99
000218-014;390-404;Muhammad;PERSON;1293;1301;0.99
000218-014;390-404;Ka'b bin As;PERSON;1410;1421;0.99
000218-015;390-404;Muhammad;PERSON;23;31;0.99
000218-015;390-404;Ka'b;PERSON;126;130;0.99
000218-015;390-404;Muhammad;PERSON;270;278;0.99
000218-015;390-404;Ka'b bin As;PERSON;387;398;0.99
000218-015;390-404;Ibnu Hisyam;PERSON;478;489;0.99
000218-015;390-404;Ibnu Ishaq;PERSON;704;714;0.99
000218-015;390-404;Shafiyah binti Abdul Muthalib;PERSON;728;757;0.99
000218-015;390-404;Hassan bin Tsabit;PERSON;860;877;0.99
000218-015;390-404;Rasulullah;PERSON;1119;1129;0.99
000218-016;390-404;Rasulullah;PERSON;234;244;0.99
000218-016;390-404;Hassan bin Tsabit;PERSON;836;853;0.99
000218-016;390-404;Rasulullah;PERSON;921;931;0.99
000218-017;390-404;Rasulullah;PERSON;419;429;0.99
000218-017;390-404;Sa'd bin Mu'adz;PERSON;646;661;0.99
000218-017;390-404;Sa'd bin Ubadah;PERSON;663;678;0.99
000218-017;390-404;Abdullah bin Rawahah;PERSON;680;700;0.99
000218-017;390-404;Khawwat bin Jubair;PERSON;706;724;0.99
000218-017;390-404;Rasulullah;PERSON;1285;1295;0.99
000218-017;390-404;Muhammad;PERSON;1359;1367;0.99
000218-018;390-404;Muhammad;PERSON;37;45;0.99
000218-018;390-404;Rasulullah;PERSON;161;171;0.99
000218-019;390-404;Muhammad;PERSON;137;145;0.99
000218-019;390-404;Kisra;PERSON;208;213;0.99
000218-019;390-404;Madinah;LOCATION;550;557;0.99
000218-019;390-404;Yastrib;LOCATION;848;855;0.99
000218-019;390-404;Madinah;LOCATION;857;864;0.99
000218-019;390-404;Rasulullah;PERSON;1231;1241;0.99
000218-020;390-404;Madinah;LOCATION;304;311;0.99
000218-020;390-404;Uyainah bin Hishn;PERSON;490;507;0.99
000218-020;390-404;Al-Harits bin Auf;PERSON;512;529;0.99
000218-020;390-404;Madinah;LOCATION;616;623;0.99
000218-020;390-404;Sa'd bin Mu'adz;PERSON;854;869;0.99
000218-020;390-404;Sa'd bin Ubaidah;PERSON;874;890;0.99
000218-020;390-404;Rasulullah;PERSON;936;946;0.99
000218-020;390-404;Madinah;LOCATION;1305;1312;0.99
000218-021;390-404;Madinah;LOCATION;58;65;0.99
000218-021;390-404;Nu'aim bin Mas ud bin Amir;PERSON;744;770;0.99
000218-021;390-404;Rasulullah;PERSON;796;806;0.99
000218-021;390-404;Rasulullah;PERSON;829;839;0.99
000218-022;390-404;Muhammad;PERSON;241;249;0.99
000218-022;390-404;Muhammad;PERSON;579;587;0.99
000218-022;390-404;Muhammad;PERSON;1158;1166;0.99
000218-022;390-404;Muhammad;PERSON;1247;1255;0.99
000218-022;390-404;Muhammad;PERSON;1352;1360;0.99
000218-023;390-404;Muhammad;PERSON;60;68;0.99
000218-023;390-404;Muhammad;PERSON;165;173;0.99
000218-023;390-404;bulan Syawwal 5 H;TIME;407;424;0.99
000218-023;390-404;Muhammad;PERSON;680;688;0.99
000218-023;390-404;hari Sabtu;TIME;797;807;0.99
000218-024;390-404;Muhammad;PERSON;458;466;0.99
000218-024;390-404;Rasulullah;PERSON;829;839;0.99
000218-025;390-404;Rasulullah;PERSON;355;365;0.99
000218-025;390-404;Khudzaifah bin Al-Yaman;PERSON;375;398;0.99
000218-025;390-404;Makkah;LOCATION;555;561;0.99
000218-025;390-404;Hudzaifah bin Al-Yaman;PERSON;563;585;0.99
000218-025;390-404;Makkah;LOCATION;646;652;0.99
000218-025;390-404;Madinah;LOCATION;966;973;0.99
000218-025;390-404;Perang Khandaq;EVENT;975;989;0.99
000218-025;390-404;tahun 5 H;TIME;1007;1016;0.99
000218-025;390-404;bulan Syawwal;TIME;1022;1035;0.99
000218-025;390-404;Rasulullah;PERSON;1105;1115;0.99
000218-025;390-404;bulan Syawwal;TIME;1283;1296;0.99
000218-025;390-404;bulan Dzul Qa'dah;TIME;1315;1332;0.99
000218-025;390-404;Ibnu Sa'd;PERSON;1349;1358;0.99
000218-025;390-404;Rasulullah;PERSON;1360;1370;0.99
000218-025;390-404;Khandaq;LOCATION;1384;1391;0.99
000218-025;390-404;hari Rabu;TIME;1397;1406;0.99
000218-025;390-404;bulan Dzul Qa'dah;TIME;1434;1451;0.99
000218-026;390-404;bulan Syawwal;TIME;103;116;0.99
000218-026;390-404;bulan Dzul Qa'dah;TIME;135;152;0.99
000218-026;390-404;Ibnu Sa'd;PERSON;169;178;0.99
000218-026;390-404;Rasulullah;PERSON;180;190;0.99
000218-026;390-404;Khandaq;LOCATION;204;211;0.99
000218-026;390-404;hari Rabu;TIME;217;226;0.99
000218-026;390-404;bulan Dzul Qa'dah;TIME;254;271;0.99
000218-026;390-404;Perang Khandaq;EVENT;306;320;0.99
000218-026;390-404;Perang Ahzab;EVENT;414;426;0.99
000218-026;390-404;Madinah;LOCATION;780;787;0.99
000218-026;390-404;Rasulullah;PERSON;901;911;0.99
000218-026;390-404;Perang Ahzab;EVENT;975;987;0.99
000219-001;405-411;Rasulullah;PERSON;29;39;0.99
000219-001;405-411;Madinah;LOCATION;51;58;0.99
000219-001;405-411;Ummu Salamah;PERSON;101;113;0.99
000219-001;405-411;Jibril;PERSON;115;121;0.99
000219-001;405-411;Jibril;PERSON;517;523;0.99
000219-001;405-411;Rasulullah;PERSON;563;573;0.99
000219-001;405-411;Madinah;LOCATION;748;755;0.99
000219-001;405-411;Ibnu Ummi;PERSON;774;783;0.99
000219-001;405-411;Ali bin Abi Thalib;PERSON;818;836;0.99
000219-001;405-411;Rasulullah;PERSON;1196;1206;0.99
000219-002;405-411;Ka'b bin Asad;PERSON;889;902;0.99
000219-002;405-411;Muhammad;PERSON;978;986;0.99
000219-003;405-411;Muhammad;PERSON;233;241;0.99
000219-003;405-411;Rasulullah;PERSON;378;388;0.99
000219-003;405-411;hari Sabtu;TIME;444;454;0.99
000219-003;405-411;Ka'b bin Asad;PERSON;527;540;0.99
000219-003;405-411;Rasulullah;PERSON;801;811;0.99
000219-003;405-411;Rasulullah;PERSON;1024;1034;0.99
000219-003;405-411;Abu Lubabah;PERSON;1059;1070;0.99
000219-003;405-411;Abu Lubabah;PERSON;1127;1138;0.99
000219-003;405-411;Abu Lubabah;PERSON;1191;1202;0.99
000219-003;405-411;Abu Lubabah;PERSON;1267;1278;0.99
000219-003;405-411;Abu Lubabah;PERSON;1411;1422;0.99
000219-004;405-411;Abu Lubabah;PERSON;93;104;0.99
000219-004;405-411;Abu Lubabah;PERSON;163;174;0.99
000219-004;405-411;Muhammad;PERSON;218;226;0.99
000219-004;405-411;Abu Lubabah;PERSON;454;465;0.99
000219-004;405-411;Rasulullah;PERSON;567;577;0.99
000219-004;405-411;Abu Lubabah;PERSON;840;851;0.99
000219-004;405-411;Abu Lubabah;PERSON;1095;1106;0.99
000219-004;405-411;Rasulullah;PERSON;1204;1214;0.99
000219-005;405-411;Perang Bani Quraizhah;EVENT;350;371;0.99
000219-005;405-411;Ali bin Abu Thalib;PERSON;542;560;0.99
000219-005;405-411;Az-Zubair bin Al-Awwam;PERSON;565;587;0.99
000219-005;405-411;Ali;PERSON;589;592;0.99
000219-005;405-411;Hamzah;PERSON;679;685;0.99
000219-005;405-411;Muhammad bin Salamah;PERSON;880;900;0.99
000219-005;405-411;Rasulullah;PERSON;1058;1068;0.99
000219-005;405-411;Rasulullah;PERSON;1092;1102;0.99
000219-006;405-411;Sa'd bin Mu'adz;PERSON;204;219;0.99
000219-006;405-411;Sa'd bin Mu'adz;PERSON;257;272;0.99
000219-006;405-411;Madinah;LOCATION;283;290;0.99
000219-006;405-411;Perang Ahzab;EVENT;371;383;0.99
000219-006;405-411;Rasulullah;PERSON;472;482;0.99
000219-006;405-411;Rasulullah;PERSON;581;591;0.99
000219-006;405-411;Sa'd bin Mu;PERSON;699;710;0.99
000219-006;405-411;Madinah;LOCATION;1007;1014;0.99
000219-007;405-411;Rasulullah;PERSON;157;167;0.99
000219-007;405-411;Rasulullah;PERSON;908;918;0.99
000219-007;405-411;binti Al-Harits;PERSON;990;1005;0.99
000219-007;405-411;Madinah;LOCATION;1078;1085;0.99
000219-007;405-411;Ka'b bin Asad;PERSON;1205;1218;0.99
000219-007;405-411;Ka'b;PERSON;1289;1293;0.99
000219-008;405-411;Ka'b bin Asad;PERSON;57;70;0.99
000219-008;405-411;Ka'b;PERSON;141;145;0.99
000219-008;405-411;Perang Ahzab;EVENT;938;950;0.99
000219-008;405-411;Huyai bin Akhthab;PERSON;958;975;0.99
000219-008;405-411;Ka'b bin Asad;PERSON;1121;1134;0.99
000219-008;405-411;Ka'b;PERSON;1194;1198;0.99
000219-008;405-411;Rasulullah;PERSON;1393;1403;0.99
000219-009;405-411;Rasulullah;PERSON;103;113;0.99
000219-009;405-411;Khalad bin Suwaid;PERSON;640;657;0.99
000219-009;405-411;Rasulullah;PERSON;732;742;0.99
000219-009;405-411;Athiyyah;PERSON;914;922;0.99
000219-009;405-411;Tsabit bin Qaiz;PERSON;1004;1019;0.99
000219-009;405-411;Rasulullah;PERSON;1037;1047;0.99
000219-009;405-411;Az-Zabir bin Batha;PERSON;1053;1071;0.99
000219-009;405-411;Perang Bu'ats;EVENT;1138;1151;0.99
000219-009;405-411;Tsabit bin Qaiz;PERSON;1190;1205;0.99
000219-010;405-411;Tsabit bin Qaiz;PERSON;27;42;0.99
000219-010;405-411;Rasulullah;PERSON;53;63;0.99
000219-010;405-411;Abdurrahman bin Az-Zabir;PERSON;489;513;0.99
000219-010;405-411;Ummul Mundzir;PERSON;594;607;0.99
000219-010;405-411;Salma binti Qaiz;PERSON;608;624;0.99
000219-010;405-411;Rifa;PERSON;679;683;0.99
000219-010;405-411;bin Samwal;PERSON;688;698;0.99
000219-010;405-411;Muhammad bin Maslamah;PERSON;1015;1036;0.99
000219-010;405-411;Rasulullah;PERSON;1135;1145;0.99
000219-010;405-411;Sa'd bin Zaid;PERSON;1369;1382;0.99
000219-010;405-411;Najd;LOCATION;1410;1414;0.99
000219-011;405-411;Sa'd bin Zaid;PERSON;31;44;0.99
000219-011;405-411;Najd;LOCATION;72;76;0.99
000219-011;405-411;Rasulullah;PERSON;132;142;0.99
000219-011;405-411;Raihanah binti Amr bin Junafah;PERSON;198;228;0.99
000219-011;405-411;tahun 6 H;TIME;369;378;0.99
000219-011;405-411;Sa'd bin Mu'adz;PERSON;534;549;0.99
000219-011;405-411;Perang Ahzab;EVENT;603;615;0.99
000219-011;405-411;Sa'd bin Mu'adz;PERSON;1345;1360;0.99
000219-012;405-411;Sa'd bin Mu'adz;PERSON;105;120;0.99
000219-012;405-411;Jabir;PERSON;197;202;0.99
000219-012;405-411;Rasulullah;PERSON;210;220;0.99
000219-012;405-411;Sa'd bin Mu'adz;PERSON;288;303;0.99
000219-012;405-411;Sa'd bin Mu'adz;PERSON;390;405;0.99
000219-012;405-411;Rasulullah;PERSON;473;483;0.99
000219-012;405-411;Khallad bin Suwaid;PERSON;622;640;0.99
000219-012;405-411;Abu Sinan bin Minshan;PERSON;775;796;0.99
000219-012;405-411;Abu Lubabah;PERSON;825;836;0.99
000219-012;405-411;Abu Lubabah;PERSON;1104;1115;0.99
000219-012;405-411;Ummu Salamah;PERSON;1161;1173;0.99
000219-012;405-411;Ummu Salamah;PERSON;1174;1186;0.99
000219-012;405-411;Abu Lubabah;PERSON;1235;1246;0.99
000219-012;405-411;Abu Lubabah;PERSON;1349;1360;0.99
000219-013;405-411;Abu Lubabah;PERSON;102;113;0.99
000219-013;405-411;Ummu Salamah;PERSON;159;171;0.99
000219-013;405-411;Ummu Salamah;PERSON;172;184;0.99
000219-013;405-411;Abu Lubabah;PERSON;233;244;0.99
000219-013;405-411;Abu Lubabah;PERSON;347;358;0.99
000219-013;405-411;Abu Lubabah;PERSON;391;402;0.99
000219-013;405-411;Rasulullah;PERSON;469;479;0.99
000219-013;405-411;bulan Dzul Qa'dah 5 H;TIME;612;633;0.99
000219-013;405-411;Perang Ahzab;EVENT;724;736;0.99
000219-013;405-411;Ibnu Hisyam;PERSON;1049;1060;0.99
000220-001;412-414;Sallam bin Abul Huqaiq;PERSON;0;22;0.99
000220-001;412-414;Abu Rafi;PERSON;49;57;0.99
000220-001;412-414;Rasulullah;PERSON;279;289;0.99
000220-001;412-414;Sallam bin Abul Huqaiq;PERSON;419;441;0.99
000220-001;412-414;Ka'b bin Al-Asyraf;PERSON;500;518;0.99
000220-001;412-414;Rasulullah;PERSON;718;728;0.99
000220-001;412-414;Abdullah bin Atik;PERSON;912;929;0.99
000220-001;412-414;Khaibar;LOCATION;954;961;0.99
000220-001;412-414;Abu Raf;PERSON;989;996;0.99
000220-001;412-414;Abdullah bin Atik;PERSON;1151;1168;0.99
000220-002;412-414;Abdullah bin Atik;PERSON;197;214;0.99
000220-002;412-414;Abu Raff;PERSON;413;421;0.99
000220-002;412-414;Abu Rafi;PERSON;801;809;0.99
000220-002;412-414;Abu Rafi;PERSON;960;968;0.99
000220-002;412-414;Abu Rafi;PERSON;1300;1308;0.99
000220-003;412-414;Abu Rafi;PERSON;131;139;0.99
000220-003;412-414;Abu Rafi;PERSON;1051;1059;0.99
000220-003;412-414;Hijaz;LOCATION;1086;1091;0.99
000220-003;412-414;Abu Rafi;PERSON;1185;1193;0.99
000220-004;412-414;Ibnu Ishaq;PERSON;238;248;0.99
000220-004;412-414;Abu Rafi;PERSON;305;313;0.99
000220-004;412-414;Abu Rafi;PERSON;374;382;0.99
000220-004;412-414;Abdullah bin Unais;PERSON;391;409;0.99
000220-004;412-414;Abdullah bin Atik;PERSON;510;527;0.99
000220-004;412-414;Abdullah bin Atik;PERSON;918;935;0.99
000220-004;412-414;Rasulullah;PERSON;951;961;0.99
000220-004;412-414;bulan Dzul Qa'dah;TIME;991;1008;0.99
000220-004;412-414;Dzul Hijjah;TIME;1014;1025;0.99
000220-004;412-414;Perang Ahzab;EVENT;1038;1050;0.99
000221-001;414-415;Perang Ahzab;EVENT;63;75;0.99
000221-001;414-415;Najd;LOCATION;225;229;0.99
000221-001;414-415;Madinah;LOCATION;257;264;0.99
000221-001;414-415;Bakr bin Kilab;PERSON;361;375;0.99
000221-001;414-415;Madinah;LOCATION;560;567;0.99
000221-001;414-415;Tsumamah bin Ustal;PERSON;583;601;0.99
000221-001;414-415;Musailamah;PERSON;685;695;0.99
000221-001;414-415;Madinah;LOCATION;740;747;0.99
000221-001;414-415;Muhammad;PERSON;883;891;0.99
000221-002;414-415;Makkah;LOCATION;684;690;0.99
000221-002;414-415;Muhammad;PERSON;844;852;0.99
000221-002;414-415;Rasulullah;PERSON;957;967;0.99
000221-002;414-415;Makkah;LOCATION;1043;1049;0.99
000221-002;414-415;Makkah;LOCATION;1188;1194;0.99
000221-002;414-415;Rasulullah;PERSON;1309;1319;0.99
000221-002;414-415;Makkah;LOCATION;1433;1439;0.99
000222-001;415-416;Hijaz;LOCATION;133;138;0.99
000222-001;415-416;Makkah;LOCATION;161;167;0.99
000222-001;415-416;bulan Rabi'ul Awwal;TIME;650;669;0.99
000222-001;415-416;Madinah;LOCATION;723;730;0.99
000222-001;415-416;Ibnu Ummi;PERSON;749;758;0.99
000222-001;415-416;Syam;LOCATION;841;845;0.99
000222-002;415-416;Madinah;LOCATION;289;296;0.99
000223-001;416-418;Rasulullah;PERSON;12;22;0.99
000223-001;416-418;Ukkasyah bin Mihshan;PERSON;102;122;0.99
000223-001;416-418;bulan Rabi'ul Awwal 6 H;TIME;140;163;0.99
000223-001;416-418;Madinah;LOCATION;384;391;0.99
000223-001;416-418;Muhammad bin Maslamah;PERSON;410;431;0.99
000223-001;416-418;bulan Rabi'ul Awwal;TIME;454;473;0.99
000223-001;416-418;Rabi'ul Akhir;TIME;479;492;0.99
000223-001;416-418;Muhammad bin Maslamah;PERSON;696;717;0.99
000223-001;416-418;Abu Ubaidah bin Al-Jarrah;PERSON;779;804;0.99
000223-001;416-418;Muhammad bin Maslamah;PERSON;901;922;0.99
000223-001;416-418;Abu Ubaidah;PERSON;1053;1064;0.99
000223-001;416-418;Zaid bin Haritsah;PERSON;1311;1328;0.99
000223-001;416-418;bulan Rabi'ul Akhir 6 H;TIME;1346;1369;0.99
000223-002;416-418;Zaid bin Haritsah;PERSON;65;82;0.99
000223-002;416-418;bulan Rabi'ul Akhir 6 H;TIME;100;123;0.99
000223-002;416-418;Halimah;PERSON;293;300;0.99
000223-002;416-418;Madinah;LOCATION;462;469;0.99
000223-002;416-418;Zaid bin Haritsah;PERSON;553;570;0.99
000223-002;416-418;Abul Ash;PERSON;714;722;0.99
000223-002;416-418;Rasulullah;PERSON;744;754;0.99
000223-002;416-418;Abul Ash;PERSON;783;791;0.99
000223-002;416-418;Zainab;PERSON;830;836;0.99
000223-002;416-418;Zainab;PERSON;931;937;0.99
000223-002;416-418;Zainab;PERSON;1001;1007;0.99
000223-002;416-418;Rasulullah;PERSON;1037;1047;0.99
000223-003;416-418;Rasulullah;PERSON;5;15;0.99
000223-003;416-418;Abul Ash;PERSON;179;187;0.99
000223-003;416-418;Makkah;LOCATION;204;210;0.99
000223-003;416-418;Madinah;LOCATION;359;366;0.99
000223-003;416-418;Madinah;LOCATION;379;386;0.99
000223-003;416-418;Rasulullah;PERSON;388;398;0.99
000223-003;416-418;Zainab;PERSON;411;417;0.99
000223-003;416-418;Abul Ash;PERSON;425;433;0.99
000223-003;416-418;Abul Ash;PERSON;955;963;0.99
000223-003;416-418;Fathu Makkah;EVENT;1011;1023;0.99
000223-003;416-418;Zainab;PERSON;1072;1078;0.99
000223-003;416-418;Abu Bashir;PERSON;1266;1276;0.99
000223-003;416-418;Zaid bin Haritsah;PERSON;1380;1397;0.99
000223-003;416-418;bulan Jumadil Akhir 6 H;TIME;1424;1447;0.99
000223-004;416-418;Zaid;PERSON;150;154;0.99
000223-004;416-418;Madinah;LOCATION;218;225;0.99
000223-004;416-418;Zaid bin Haritsah;PERSON;263;280;0.99
000223-004;416-418;bulan Rajab 6 H;TIME;300;315;0.99
000223-004;416-418;Zaid bin Haritsah;PERSON;561;578;0.99
000223-004;416-418;bulan Rajab 8 H;TIME;663;678;0.99
000223-004;416-418;Hudaibiyah;LOCATION;724;734;0.99
000223-004;416-418;Jabir;PERSON;736;741;0.99
000223-004;416-418;Rasulullah;PERSON;755;765;0.99
000223-004;416-418;Abu Ubaidah;PERSON;823;834;0.99
000223-004;416-418;Abu Ubaidah;PERSON;1145;1156;0.99
000223-005;416-418;Abu Ubaidah;PERSON;176;187;0.99
000223-005;416-418;Madinah;LOCATION;465;472;0.99
000223-005;416-418;Jabir;PERSON;718;723;0.99
000223-005;416-418;Hudaibiyah;LOCATION;776;786;0.99
000223-005;416-418;perjanjian Hudaibiyah;EVENT;865;886;0.99
000224-001;419-420;bulan Sya'ban 6 H;TIME;530;547;0.99
000224-001;419-420;Al-Harits bin Abu Dhirar;PERSON;670;694;0.99
000224-001;419-420;Buraidah bin Al-Hushaib;PERSON;767;790;0.99
000224-001;419-420;Al-Harits bin Al-Dhirar;PERSON;882;905;0.99
000224-001;419-420;Rasulullah;PERSON;1001;1011;0.99
000224-001;419-420;bulan 213;TIME;1192;1201;0.99
000224-001;419-420;Zainab;PERSON;1355;1361;0.99
000224-001;419-420;Abul Ash;PERSON;1413;1421;0.99
000224-002;419-420;Zainab;PERSON;49;55;0.99
000224-002;419-420;Abul Ash;PERSON;107;115;0.99
000224-002;419-420;Sa'd bin Muadz;PERSON;175;189;0.99
000224-002;419-420;Sa'd bin Ubadah;PERSON;194;209;0.99
000224-002;419-420;Sa'd bin Mu'adz;PERSON;306;321;0.99
000224-002;419-420;Ibnu Ishaq;PERSON;414;424;0.99
000224-002;419-420;Ubaidillah bin Abdullah bin Utbah;PERSON;490;523;0.99
000224-002;419-420;Aisyah;PERSON;530;536;0.99
000224-002;419-420;Sa'd bin Mu'adz;PERSON;577;592;0.99
000224-002;419-420;Usaid bin Hudhair;PERSON;606;623;0.99
000224-002;419-420;Abu Muhammad bin Hazm;PERSON;633;654;0.99
000224-002;419-420;Muhammad;PERSON;746;754;0.99
000224-002;419-420;Ibnul Qayyim;PERSON;791;803;0.99
000224-002;419-420;tahun 5 H;TIME;854;863;0.99
000224-002;419-420;Sya'ban;TIME;972;979;0.99
000224-002;419-420;Madinah;LOCATION;1133;1140;0.99
000224-002;419-420;Zaid bin Haritsah;PERSON;1159;1176;0.99
000224-002;419-420;Abu Dzarr;PERSON;1213;1222;0.99
000224-002;419-420;Numailah bin Abdullah;PERSON;1250;1271;0.99
000224-002;419-420;Al-Harits bin Abu Dhirar;PERSON;1283;1307;0.99
000224-003;419-420;Al-Harits bin Abu Dhirar;PERSON;69;93;0.99
000224-003;419-420;Rasulullah;PERSON;130;140;0.99
000224-003;419-420;Rasulullah;PERSON;310;320;0.99
000224-003;419-420;Abu Bakar;PERSON;491;500;0.99
000224-003;419-420;Sa'd bin Ubadah;PERSON;538;553;0.99
000224-003;419-420;Rasulullah;PERSON;621;631;0.99
000224-003;419-420;Ibnul Qayyim;PERSON;1099;1111;0.99
000224-003;419-420;Rasulullah;PERSON;1178;1188;0.99
000224-003;419-420;Juwairiyah binti Al-Harits;PERSON;1295;1321;0.99
000224-003;419-420;Tsabit bin Qais;PERSON;1409;1424;0.99
000224-004;419-420;Rasulullah;PERSON;50;60;0.99
000224-004;419-420;Rasulullah;PERSON;262;272;0.99
000224-004;419-420;Abdullah bin Ubay bin Salul;PERSON;377;404;0.99
000225-001;420-424;Abdullah bin Ubay;PERSON;33;50;0.99
000225-001;420-424;Rasulullah;PERSON;130;140;0.99
000225-001;420-424;Madinah;LOCATION;463;470;0.99
000225-001;420-424;Rasulullah;PERSON;509;519;0.99
000225-001;420-424;Sa'd bin Ubadah;PERSON;555;570;0.99
000225-001;420-424;Abdullah bin Ubay;PERSON;626;643;0.99
000225-001;420-424;Abdullah bin Ubay;PERSON;917;934;0.99
000225-001;420-424;Perang Badr;EVENT;1091;1102;0.99
000225-002;420-424;Perang Uhud;EVENT;227;238;0.99
000225-002;420-424;Rasulullah;PERSON;543;553;0.99
000225-002;420-424;Rasulullah;PERSON;574;584;0.99
000225-002;420-424;Rasulullah;PERSON;734;744;0.99
000225-002;420-424;Perang Uhud;EVENT;777;788;0.99
000225-002;420-424;Ibnu Hisyam;PERSON;1240;1251;0.99
000225-003;420-424;Rasulullah;PERSON;35;45;0.99
000225-003;420-424;Abdullah bin Ubay;PERSON;89;106;0.99
000225-003;420-424;Perang Ahzab;EVENT;543;555;0.99
000225-003;420-424;Rasulullah;PERSON;1123;1133;0.99
000225-004;420-424;Rasulullah;PERSON;390;400;0.99
000225-004;420-424;Madinah;LOCATION;509;516;0.99
000225-004;420-424;Abdullah bin Ubay;PERSON;677;694;0.99
000225-004;420-424;Perang Ahzab;EVENT;746;758;0.99
000225-004;420-424;Rasulullah;PERSON;765;775;0.99
000225-004;420-424;Zainab binti Jahsy;PERSON;800;818;0.99
000225-004;420-424;Zaid bin Haritsah;PERSON;843;860;0.99
000225-004;420-424;Zainab;PERSON;1090;1096;0.99
000225-004;420-424;Zainab;PERSON;1208;1214;0.99
000225-004;420-424;Zainab;PERSON;1388;1394;0.99
000225-005;420-424;Zainab;PERSON;0;6;0.99
000225-005;420-424;Zainab;PERSON;80;86;0.99
000225-005;420-424;Muhammad;PERSON;243;251;0.99
000225-005;420-424;Zainab;PERSON;260;266;0.99
000225-005;420-424;Zaid;PERSON;381;385;0.99
000225-005;420-424;Zaid;PERSON;395;399;0.99
000225-005;420-424;Zainab;PERSON;411;417;0.99
000225-005;420-424;Muhammad;PERSON;437;445;0.99
000225-005;420-424;Perang Bani Mushthaliq;EVENT;1142;1164;0.99
000225-005;420-424;Rasulullah;PERSON;1177;1187;0.99
000226-001;424-429;Perang Bani Mushthaliq;EVENT;5;27;0.99
000226-001;424-429;Madinah;LOCATION;654;661;0.99
000226-001;424-429;Rasulullah;PERSON;760;770;0.99
000226-001;424-429;Umar bin Al-Khaththab;PERSON;880;901;0.99
000226-001;424-429;Sinan bin Wabar;PERSON;1000;1015;0.99
000226-001;424-429;Abdullah bin Ubay;PERSON;1201;1218;0.99
000226-001;424-429;Zaid bin Arqam;PERSON;1275;1289;0.99
000226-001;424-429;Abdullah bin Ubay;PERSON;1331;1348;0.99
000226-002;424-429;Abdullah bin Ubay;PERSON;0;17;0.99
000226-002;424-429;Madinah;LOCATION;280;287;0.99
000226-002;424-429;Zaid bin Arqam;PERSON;681;695;0.99
000226-002;424-429;Abdullah bin Ubay;PERSON;727;744;0.99
000226-002;424-429;Umar bin Al-Khaththab;PERSON;806;827;0.99
000226-002;424-429;Abbad bin Bisri;PERSON;870;885;0.99
000226-002;424-429;Umar;PERSON;943;947;0.99
000226-002;424-429;Muhammad;PERSON;980;988;0.99
000226-002;424-429;Usaid bin Hudhair;PERSON;1171;1188;0.99
000226-002;424-429;Abdullah bin Ubay;PERSON;1396;1413;0.99
000226-003;424-429;Abdullah bin Ubay;PERSON;24;41;0.99
000226-003;424-429;Usaid;PERSON;68;73;0.99
000226-003;424-429;Madinah;LOCATION;149;156;0.99
000226-003;424-429;Rasulullah;PERSON;250;260;0.99
000226-003;424-429;Rasulullah;PERSON;420;430;0.99
000226-003;424-429;Zaid bin Arqam;PERSON;1086;1100;0.99
000226-003;424-429;Rasulullah;PERSON;1140;1150;0.99
000226-003;424-429;Abdullah bin Ubay;PERSON;1153;1170;0.99
000226-003;424-429;Zaid;PERSON;1270;1274;0.99
000226-003;424-429;Rasulullah;PERSON;1328;1338;0.99
000226-003;424-429;Abdullah bin Ubay;PERSON;1400;1417;0.99
000226-003;424-429;Zaid;PERSON;1466;1470;0.99
000226-004;424-429;Rasulullah;PERSON;52;62;0.99
000226-004;424-429;Abdullah bin Ubay;PERSON;124;141;0.99
000226-004;424-429;Zaid;PERSON;190;194;0.99
000226-004;424-429;Zaid bin Arqam;PERSON;206;220;0.99
000226-004;424-429;Abdullah bin Abdullah bin Ubay;PERSON;558;588;0.99
000226-004;424-429;Madinah;LOCATION;714;721;0.99
000226-004;424-429;Abdullah bin Ubay;PERSON;767;784;0.99
000226-004;424-429;Rasulullah;PERSON;865;875;0.99
000226-004;424-429;Rasulullah;PERSON;967;977;0.99
000226-004;424-429;Abdullah bin Abdullah bin Ubay;PERSON;1059;1089;0.99
000226-004;424-429;Rasulullah;PERSON;1120;1130;0.99
000226-004;424-429;Aisyah;PERSON;1348;1354;0.99
000226-004;424-429;Rasulullah;PERSON;1379;1389;0.99
000226-005;424-429;Aisyah;PERSON;18;24;0.99
000226-005;424-429;Rasulullah;PERSON;49;59;0.99
000226-005;424-429;Aisyah;PERSON;290;296;0.99
000226-005;424-429;Aisyah;PERSON;502;508;0.99
000226-005;424-429;Aisyah;PERSON;624;630;0.99
000226-005;424-429;Aisyah;PERSON;904;910;0.99
000226-005;424-429;Ibnu Hisyam;PERSON;995;1006;0.99
000226-005;424-429;Aisyah;PERSON;1340;1346;0.99
000226-005;424-429;Shafwan bin Al-Mu'aththal;PERSON;1411;1436;0.99
000226-006;424-429;Shafwan bin Al-Mu'aththal;PERSON;40;65;0.99
000226-006;424-429;Rasulullah;PERSON;124;134;0.99
000226-006;424-429;Aisyah;PERSON;242;248;0.99
000226-006;424-429;Aisyah;PERSON;374;380;0.99
000226-006;424-429;Aisyah;PERSON;401;407;0.99
000226-006;424-429;Aisyah;PERSON;476;482;0.99
000226-006;424-429;Aisyah;PERSON;716;722;0.99
000226-006;424-429;Abdullah bin Ubay;PERSON;821;838;0.99
000226-006;424-429;Abdullah bin Ubay;PERSON;1075;1092;0.99
000226-006;424-429;Madinah;LOCATION;1182;1189;0.99
000226-006;424-429;Rasulullah;PERSON;1276;1286;0.99
000226-007;424-429;Ali bin Abu Thalib;PERSON;91;109;0.99
000226-007;424-429;Aisyah;PERSON;149;155;0.99
000226-007;424-429;Ali;PERSON;188;191;0.99
000226-007;424-429;Usamah;PERSON;286;292;0.99
000226-007;424-429;Abdullah bin Ubay;PERSON;508;525;0.99
000226-007;424-429;Usaid bin Hudhair;PERSON;527;544;0.99
000226-007;424-429;Abdullah bin Ubay;PERSON;598;615;0.99
000226-007;424-429;Sa'd bin Ubadah;PERSON;617;632;0.99
000226-007;424-429;Usaid bin Hudhair;PERSON;726;743;0.99
000226-007;424-429;Rasulullah;PERSON;798;808;0.99
000226-007;424-429;Aisyah;PERSON;905;911;0.99
000226-007;424-429;Madinah;LOCATION;926;933;0.99
000226-007;424-429;Rasulullah;PERSON;1077;1087;0.99
000226-007;424-429;Ummu Misthah;PERSON;1213;1225;0.99
000226-007;424-429;Ummu Misthah;PERSON;1246;1258;0.99
000226-007;424-429;Aisyah;PERSON;1344;1350;0.99
000226-007;424-429;Ummu Misthah;PERSON;1377;1389;0.99
000226-007;424-429;Madinah;LOCATION;1427;1434;0.99
000226-008;424-429;Ummu Misthah;PERSON;14;26;0.99
000226-008;424-429;Madinah;LOCATION;64;71;0.99
000226-008;424-429;Aisyah;PERSON;89;95;0.99
000226-008;424-429;Rasulullah;PERSON;144;154;0.99
000226-008;424-429;Aisyah;PERSON;251;257;0.99
000226-008;424-429;Aisyah;PERSON;382;388;0.99
000226-008;424-429;Rasulullah;PERSON;606;616;0.99
000226-008;424-429;Aisyah;PERSON;677;683;0.99
000226-008;424-429;Aisyah;PERSON;1032;1038;0.99
000226-008;424-429;Aisyah;PERSON;1211;1217;0.99
000226-009;424-429;Yusuf;PERSON;433;438;0.99
000226-009;424-429;Aisyah;PERSON;581;587;0.99
000226-009;424-429;Rasulullah;PERSON;665;675;0.99
000226-009;424-429;Aisyah;PERSON;752;758;0.99
000226-009;424-429;Rasulullah;PERSON;946;956;0.99
000226-010;424-429;Misthah bin Utsatsah;PERSON;397;417;0.99
000226-010;424-429;Hassan bin Tsabit;PERSON;419;436;0.99
000226-010;424-429;Hamnah binti Jahsy;PERSON;442;460;0.99
000226-010;424-429;Abdullah bin Ubay;PERSON;510;527;0.99
000226-010;424-429;Abdullah bin Ubay;PERSON;741;758;0.99
000226-010;424-429;Madinah;LOCATION;808;815;0.99
000226-010;424-429;Ibnu Ishaq;PERSON;1045;1055;0.99
000226-010;424-429;Rasulullah;PERSON;1171;1181;0.99
000226-010;424-429;Umar;PERSON;1198;1202;0.99
000226-010;424-429;Umar;PERSON;1235;1239;0.99
000226-011;424-429;Umar;PERSON;181;185;0.99
000226-011;424-429;Rasulullah;PERSON;241;251;0.99
000227-001;430-432;Rasulullah;PERSON;53;63;0.99
000227-001;430-432;Abdurrahman bin Auf;PERSON;81;100;0.99
000227-001;430-432;bulan Sya'ban 6 H;TIME;150;167;0.99
000227-001;430-432;Tumadhir bin Al-Ashba;PERSON;551;572;0.99
000227-001;430-432;Ummu Abi Salamah;PERSON;589;605;0.99
000227-001;430-432;Ali bin Abu Thalib;PERSON;648;666;0.99
000227-001;430-432;Sa'd bin Bakr;PERSON;675;688;0.99
000227-001;430-432;bulan Sya'ban 6 H;TIME;703;720;0.99
000227-001;430-432;Rasulullah;PERSON;777;787;0.99
000227-001;430-432;Ali bin Abu Thalib;PERSON;886;904;0.99
000227-001;430-432;Ali;PERSON;941;944;0.99
000227-001;430-432;Khaibar;LOCATION;1136;1143;0.99
000227-001;430-432;Khaibar;LOCATION;1193;1200;0.99
000227-001;430-432;Ali;PERSON;1289;1292;0.99
000227-001;430-432;Wabar bin Alim;PERSON;1436;1450;0.99
000227-002;430-432;Abu Bakar Ash-Shiddiq;PERSON;18;39;0.99
000227-002;430-432;Zaid bin Haritsah;PERSON;45;62;0.99
000227-002;430-432;bulan Ramadhan 6 H;TIME;82;100;0.99
000227-002;430-432;Abu Bakar Ash-Shiddiq;PERSON;196;217;0.99
000227-002;430-432;Salamah bin Al-Akwa;PERSON;226;245;0.99
000227-002;430-432;Abu Bakar;PERSON;384;393;0.99
000227-002;430-432;Ummu Qirfah;PERSON;758;769;0.99
000227-002;430-432;Abu Bakar;PERSON;917;926;0.99
000227-002;430-432;Ummu Qirfah;PERSON;950;961;0.99
000227-002;430-432;Rasulullah;PERSON;1001;1011;0.99
000227-002;430-432;Abu Bakar;PERSON;1042;1051;0.99
000227-002;430-432;Makkah;LOCATION;1082;1088;0.99
000227-002;430-432;Ummu Qirfah;PERSON;1141;1152;0.99
000227-002;430-432;Kurz bin Jabir;PERSON;1432;1446;0.99
000227-002;430-432;bulan Syawwal 6 H;TIME;1481;1498;0.99
000227-003;430-432;Kurz bin Jabir;PERSON;15;29;0.99
000227-003;430-432;bulan Syawwal 6 H;TIME;64;81;0.99
000227-003;430-432;Madinah;LOCATION;169;176;0.99
000227-003;430-432;Amr bin Umayyah;PERSON;1176;1191;0.99
000227-003;430-432;Salamah bin Abu Salamah;PERSON;1213;1236;0.99
000227-003;430-432;bulan Syawwal 6 H;TIME;1242;1259;0.99
000227-003;430-432;Makkah;LOCATION;1284;1290;0.99
000227-003;430-432;Abu Sufyan;PERSON;1306;1316;0.99
000227-003;430-432;Abu Sufyan;PERSON;1324;1334;0.99
000227-004;430-432;Abu Sufyan;PERSON;6;16;0.99
000227-004;430-432;bulan Shafar 4 H;TIME;481;497;0.99
000227-004;430-432;tahun 4 H;TIME;619;628;0.99
000227-004;430-432;Perang Ahzab;EVENT;790;802;0.99
000227-004;430-432;Perang Ahzab;EVENT;1330;1342;0.99
000227-005;430-432;Hudaibiyah;LOCATION;180;190;0.99
000227-005;430-432;Jazirah Arab;LOCATION;305;317;0.99
000228-001;433;Jazirah Arab;LOCATION;29;41;0.99
000228-001;433;Masjidil Haram;LOCATION;317;331;0.99
000228-001;433;Madinah;LOCATION;410;417;0.99
000228-001;433;Rasulullah;PERSON;419;429;0.99
000228-001;433;Masjidil Haram;LOCATION;482;496;0.99
000228-001;433;Ka'bah;LOCATION;514;520;0.99
000228-001;433;Makkah;LOCATION;784;790;0.99
000228-001;433;Madinah;LOCATION;1085;1092;0.99
000228-001;433;Ibnu Ummi;PERSON;1111;1120;0.99
000228-001;433;hari Senin;TIME;1189;1199;0.99
000228-001;433;tanggal 1 Dzul;TIME;1200;1214;0.99
000228-001;433;Ummu Salamah;PERSON;1267;1279;0.99
000229-001;433-434;Makkah;LOCATION;30;36;0.99
000229-001;433-434;Dzul Hulaifah;LOCATION;51;64;0.99
000229-001;433-434;Ka'b bin Lu;PERSON;426;437;0.99
000229-001;433-434;Masjidil Haram;LOCATION;589;603;0.99
000229-001;433-434;Rasulullah;PERSON;606;616;0.99
000229-001;433-434;Makkah;LOCATION;970;976;0.99
000229-001;433-434;Abu Bakar;PERSON;1034;1043;0.99
000229-001;433-434;Masjidil Haram;LOCATION;1246;1260;0.99
000230-001;434;Rasulullah;PERSON;32;42;0.99
000230-001;434;Masjidil Haram;LOCATION;186;200;0.99
000230-001;434;Rasulullah;PERSON;210;220;0.99
000230-001;434;Ka'b;PERSON;281;285;0.99
000230-001;434;Khalid bin Al-Walid;PERSON;465;484;0.99
000230-001;434;Makkah;LOCATION;548;554;0.99
000230-001;434;Khalid bin Al-Walid;PERSON;564;583;0.99
000230-001;434;Khalid bin Al-Walid;PERSON;702;721;0.99
000230-001;434;Khalid;PERSON;1092;1098;0.99
000231-001;435;Rasulullah;PERSON;0;10;0.99
000231-001;435;Hudaibiyah;LOCATION;173;183;0.99
000231-001;435;Makkah;LOCATION;226;232;0.99
000231-001;435;Khalid bin Al-Walid;PERSON;311;330;0.99
000231-001;435;Makkah;LOCATION;479;485;0.99
000231-001;435;Rasulullah;PERSON;513;523;0.99
000231-001;435;Hudaibiyah;LOCATION;1258;1268;0.99
000231-001;435;Rasulullah;PERSON;1438;1448;0.99
000231-002;435;Rasulullah;PERSON;35;45;0.99
000232-001;435-436;Rasululah;PERSON;8;17;0.99
000232-001;435-436;Budail bin Warqa;PERSON;65;81;0.99
000232-001;435-436;Ka'b bin Lu'ay;PERSON;226;240;0.99
000232-001;435-436;Hudaibiyah;LOCATION;267;277;0.99
000232-001;435-436;Masjidil Haram;LOCATION;365;379;0.99
000232-001;435-436;Rasulullah;PERSON;382;392;0.99
000232-001;435-436;Muhammad;PERSON;1233;1241;0.99
000232-002;435-436;Muhammad;PERSON;411;419;0.99
000232-002;435-436;Rasulullah;PERSON;914;924;0.99
000233-001;436-438;Al-Hulais bin Alqamah;PERSON;36;57;0.99
000233-001;436-438;Muhammad;PERSON;108;116;0.99
000233-001;436-438;Rasulullah;PERSON;149;159;0.99
000233-001;436-438;Masjidil Haram;LOCATION;530;544;0.99
000233-001;436-438;Urwah bin Mas'ud;PERSON;848;864;0.99
000233-001;436-438;Muhammad;PERSON;1166;1174;0.99
000233-002;436-438;Abu Bakar;PERSON;357;366;0.99
000233-002;436-438;Abu Bakar;PERSON;400;409;0.99
000233-002;436-438;Al-Mughirah bin Syu'bah;PERSON;683;706;0.99
000233-002;436-438;Rasulullah;PERSON;924;934;0.99
000233-002;436-438;Al-Mughirah bin Syu'bah;PERSON;1001;1024;0.99
000233-002;436-438;Rasulullah;PERSON;1384;1394;0.99
000233-003;436-438;Kisra;PERSON;341;346;0.99
000233-003;436-438;Muhammad;PERSON;467;475;0.99
000233-003;436-438;Muhammad;PERSON;518;526;0.99
000234-001;438;Muhammad bin Maslamah;PERSON;538;559;0.99
000234-001;438;Makkah;LOCATION;915;921;0.99
000235-001;438-439;Rasulullah;PERSON;14;24;0.99
000235-001;438-439;Umar bin Al-Khaththab;PERSON;159;180;0.99
000235-001;438-439;Umar;PERSON;226;230;0.99
000235-001;438-439;Rasulullah;PERSON;271;281;0.99
000235-001;438-439;Ka'b;PERSON;326;330;0.99
000235-001;438-439;Makkah;LOCATION;334;340;0.99
000235-001;438-439;Utsman bin Affan;PERSON;389;405;0.99
000235-001;438-439;Utsman bin Affan;PERSON;520;536;0.99
000235-001;438-439;Makkah;LOCATION;980;986;0.99
000235-001;438-439;Utsman;PERSON;1033;1039;0.99
000235-001;438-439;Rasulullah;PERSON;1154;1164;0.99
000235-001;438-439;Utsman;PERSON;1202;1208;0.99
000235-001;438-439;Aban bin Sa'id bin Al-Ash;PERSON;1303;1328;0.99
000235-001;438-439;Utsman;PERSON;1386;1392;0.99
000235-002;438-439;Aban bin Sa'id bin Al-Ash;PERSON;5;30;0.99
000235-002;438-439;Utsman;PERSON;88;94;0.99
000235-002;438-439;Utsman;PERSON;170;176;0.99
000235-002;438-439;Makkah;LOCATION;208;214;0.99
000235-002;438-439;Utsman;PERSON;319;325;0.99
000235-002;438-439;Utsman;PERSON;370;376;0.99
000235-002;438-439;Rasulullah;PERSON;428;438;0.99
000236-001;439-440;Utsman bin Affan;PERSON;27;43;0.99
000236-001;439-440;Makkah;LOCATION;47;53;0.99
000236-001;439-440;Utsman;PERSON;210;216;0.99
000236-001;439-440;Utsman;PERSON;289;295;0.99
000236-001;439-440;Utsman;PERSON;385;391;0.99
000236-001;439-440;Rasulullah;PERSON;443;453;0.99
000236-001;439-440;Abu Sinan;PERSON;807;816;0.99
000236-001;439-440;Salamah bin Al-Akwa;PERSON;837;856;0.99
000236-001;439-440;Utsman;PERSON;1128;1134;0.99
000236-001;439-440;Utsman bin Affan;PERSON;1167;1183;0.99
000236-001;439-440;Jadd bin Qais;PERSON;1331;1344;0.99
000236-001;439-440;Rasulullah;PERSON;1369;1379;0.99
000236-002;439-440;Rasulullah;PERSON;23;33;0.99
000236-002;439-440;Umar;PERSON;50;54;0.99
000236-002;439-440;Ma;PERSON;89;91;0.99
000236-002;439-440;bin Yassar;PERSON;96;106;0.99
000237-001;440-442;Suhail bin Amr;PERSON;74;88;0.99
000237-001;440-442;Muhammad;PERSON;203;211;0.99
000237-001;440-442;Madinah;LOCATION;228;235;0.99
000237-001;440-442;Suhail bin Amr;PERSON;367;381;0.99
000237-001;440-442;Rasulullah;PERSON;693;703;0.99
000237-001;440-442;Makkah;LOCATION;758;764;0.99
000237-001;440-442;Makkah;LOCATION;867;873;0.99
000237-001;440-442;Rasulullah;PERSON;957;967;0.99
000237-002;440-442;Muhammad;PERSON;49;57;0.99
000237-002;440-442;Muhammad;PERSON;484;492;0.99
000237-002;440-442;Muhammad;PERSON;605;613;0.99
000237-002;440-442;Ali bin Abu Thalib;PERSON;733;751;0.99
000237-002;440-442;Ali;PERSON;812;815;0.99
000237-002;440-442;Ali bin Abu Thalib;PERSON;979;997;0.99
000237-002;440-442;Muhammad;PERSON;1098;1106;0.99
000237-002;440-442;Masjidil Haram;LOCATION;1245;1259;0.99
000237-003;440-442;Muhammad;PERSON;73;81;0.99
000237-003;440-442;Masjidil Haram;LOCATION;220;234;0.99
000237-003;440-442;Muhammad bin Abdullah;PERSON;277;298;0.99
000237-003;440-442;Ali bin Abu Thalib;PERSON;422;440;0.99
000237-003;440-442;Ali;PERSON;545;548;0.99
000237-003;440-442;Umar;PERSON;820;824;0.99
000237-003;440-442;Ali;PERSON;826;829;0.99
000237-003;440-442;Rasulullah;PERSON;934;944;0.99
000237-003;440-442;Abu Bakar Ash-Shiddiq;PERSON;1059;1080;0.99
000237-003;440-442;Rasulullah;PERSON;1171;1181;0.99
000237-003;440-442;Abdul Muthalib;PERSON;1244;1258;0.99
000238-001;442-443;Abu Jandal bin Suhail;PERSON;57;78;0.99
000238-001;442-443;Makkah;LOCATION;173;179;0.99
000238-001;442-443;Abu Jandal;PERSON;725;735;0.99
000238-001;442-443;Abu Jandal;PERSON;856;866;0.99
000238-001;442-443;Rasulullah;PERSON;1028;1038;0.99
000238-001;442-443;Abu Jandal;PERSON;1056;1066;0.99
000238-002;442-443;Umar bin Al-Khaththab;PERSON;167;188;0.99
000238-002;442-443;Abu Jandal;PERSON;209;219;0.99
000238-002;442-443;Abu Jandal;PERSON;256;266;0.99
000238-002;442-443;Abu Jandal;PERSON;393;403;0.99
000238-002;442-443;Umar;PERSON;495;499;0.99
000239-001;443;Rasulullah;PERSON;8;18;0.99
000239-001;443;Ummu Salamah;PERSON;298;310;0.99
000239-001;443;Ummu Salamah;PERSON;365;377;0.99
000239-001;443;Rasulullah;PERSON;394;404;0.99
000239-001;443;Ummu Salamah;PERSON;633;645;0.99
000239-001;443;Rasulullah;PERSON;789;799;0.99
000239-001;443;Rasulullah;PERSON;1012;1022;0.99
000239-001;443;Abu Jahl;PERSON;1059;1067;0.99
000240-001;443-445;Hudaibiyah;LOCATION;203;213;0.99
000240-002;443-445;Umar bin Al-Khaththab;PERSON;987;1008;0.99
000240-002;443-445;Mu'awiyah;PERSON;1087;1096;0.99
000240-002;443-445;Shafwan bin Umayyah;PERSON;1122;1141;0.99
000241-001;445-447;Jazirah Arab;LOCATION;703;715;0.99
000241-002;445-447;Makkah;LOCATION;1350;1356;0.99
000241-003;445-447;Makkah;LOCATION;103;109;0.99
000241-003;445-447;Masjidil Haram;LOCATION;927;941;0.99
000241-003;445-447;Masjidil Haram;LOCATION;1095;1109;0.99
000241-004;445-447;Rasulullah;PERSON;495;505;0.99
000241-004;445-447;Makkah;LOCATION;656;662;0.99
000241-004;445-447;Madinah;LOCATION;715;722;0.99
000241-004;445-447;Habasyah;LOCATION;763;771;0.99
000241-004;445-447;Madinah;LOCATION;829;836;0.99
000241-004;445-447;Rasulullah;PERSON;899;909;0.99
000242-001;447-449;Masjidil Haram;LOCATION;289;303;0.99
000242-001;447-449;Rasulullah;PERSON;396;406;0.99
000242-001;447-449;Umar bin Al-Khaththab;PERSON;999;1020;0.99
000242-001;447-449;Rasulullah;PERSON;1107;1117;0.99
000242-001;447-449;Umar;PERSON;1337;1341;0.99
000242-002;447-449;Umar;PERSON;156;160;0.99
000242-002;447-449;Ibnul Khaththab;PERSON;168;183;0.99
000242-002;447-449;Ka'bah;LOCATION;406;412;0.99
000242-002;447-449;Umar;PERSON;506;510;0.99
000242-002;447-449;Ka'bah;LOCATION;565;571;0.99
000242-002;447-449;Umar;PERSON;619;623;0.99
000242-002;447-449;Abu Bakar;PERSON;687;696;0.99
000242-002;447-449;Rasulullah;PERSON;763;773;0.99
000242-002;447-449;Abu Bakar;PERSON;785;794;0.99
000242-002;447-449;Abu Bakar;PERSON;868;877;0.99
000242-002;447-449;Rasulullah;PERSON;1040;1050;0.99
000242-002;447-449;Umar;PERSON;1086;1090;0.99
000242-002;447-449;Umar;PERSON;1210;1214;0.99
000242-002;447-449;Rasulullah;PERSON;1232;1242;0.99
000242-002;447-449;Umar;PERSON;1418;1422;0.99
000242-003;447-449;Umar;PERSON;0;4;0.99
000243-001;449-450;Rasululah;PERSON;8;17;0.99
000243-001;449-450;Madinah;LOCATION;29;36;0.99
000243-001;449-450;Makkah;LOCATION;146;152;0.99
000243-001;449-450;Abu Bashir;PERSON;165;175;0.99
000243-001;449-450;Madinah;LOCATION;288;295;0.99
000243-001;449-450;Abu Bashir;PERSON;396;406;0.99
000243-001;449-450;Makkah;LOCATION;420;426;0.99
000243-001;449-450;Dzul Hulaifah;LOCATION;441;454;0.99
000243-001;449-450;Abu Bashir;PERSON;577;587;0.99
000243-001;449-450;Abu Bashir;PERSON;675;685;0.99
000243-001;449-450;Abu Bashir;PERSON;883;893;0.99
000243-001;449-450;Madinah;LOCATION;1038;1045;0.99
000243-001;449-450;Abu Bashir;PERSON;1316;1326;0.99
000243-002;449-450;Hudaibiyah;LOCATION;189;199;0.99
000243-002;449-450;Ibnu Hisyam;PERSON;348;359;0.99
000243-002;449-450;Uamr bin Al-Khaththab;PERSON;468;489;0.99
000243-002;449-450;Ibnul Jauzi;PERSON;491;502;0.99
000243-002;449-450;Abu Bashir;PERSON;643;653;0.99
000243-002;449-450;Abu Bashir;PERSON;789;799;0.99
000243-002;449-450;Makkah;LOCATION;824;830;0.99
000243-002;449-450;Abu Jandal;PERSON;888;898;0.99
000243-002;449-450;Makkah;LOCATION;920;926;0.99
000243-002;449-450;Abu Bashir;PERSON;949;959;0.99
000243-002;449-450;Abu Jandal;PERSON;969;979;0.99
000243-002;449-450;Makkah;LOCATION;1066;1072;0.99
000243-003;449-450;Abu Jandal;PERSON;8;18;0.99
000243-003;449-450;Makkah;LOCATION;105;111;0.99
000243-003;449-450;Abu Bashir;PERSON;183;193;0.99
000243-003;449-450;Syam;LOCATION;277;281;0.99
000243-003;449-450;Abu Bashir;PERSON;568;578;0.99
000243-003;449-450;Madinah;LOCATION;637;644;0.99
000244-001;450;tahun 7 H;TIME;10;19;0.99
000244-001;450;Amr bin Al-Ash;PERSON;120;134;0.99
000244-001;450;Khalid bin Al-Walid;PERSON;136;155;0.99
000244-001;450;Utsman bin Thalhah;PERSON;160;178;0.99
000244-001;450;Makkah;LOCATION;266;272;0.99
000244-001;450;tahun 8 H;TIME;468;477;0.99
000244-001;450;Amr bin Al-Ash;PERSON;502;516;0.99
000244-001;450;Najasyi;PERSON;533;540;0.99
000244-001;450;Khalid bin Al-Walid;PERSON;567;586;0.99
000244-001;450;Utsman bin Thalhah;PERSON;591;609;0.99
000244-001;450;Amr bin Al-Ash;PERSON;630;644;0.99
000244-001;450;Habasyah;LOCATION;658;666;0.99
000244-001;450;Habasyah;LOCATION;708;716;0.99
000244-001;450;Madinah;LOCATION;747;754;0.99
000244-001;450;tahun 7 H;TIME;924;933;0.99
000245-001;451-452;Jazirah Arab;LOCATION;499;511;0.99
000245-001;451-452;Madinah;LOCATION;856;863;0.99
000245-001;451-452;Khaibar;LOCATION;875;882;0.99
000245-001;451-452;Madinah;LOCATION;1051;1058;0.99
000245-002;451-452;Rasulullah;PERSON;859;869;0.99
000245-002;451-452;Najasyi;PERSON;892;899;0.99
000245-002;451-452;Rasulullah;PERSON;906;916;0.99
000245-002;451-452;Kisra;PERSON;939;944;0.99
000245-002;451-452;Persia;LOCATION;951;957;0.99
000246-001;453;tahun 6 H;TIME;11;20;0.99
000246-001;453;Hudaibiyah;LOCATION;43;53;0.99
000246-001;453;Rasulullah;PERSON;55;65;0.99
000246-001;453;Muhammad;PERSON;515;523;0.99
000246-001;453;Muhammad;PERSON;633;641;0.99
000246-001;453;bulan Muharram tahun 7 H;TIME;888;912;0.99
000246-001;453;Khaibar;LOCATION;945;952;0.99
000247-001;453-456;Najasyi;PERSON;0;7;0.99
000247-001;453-456;Ashhamah bin Al-Aijar;PERSON;20;41;0.99
000247-001;453-456;Amr bin Umayyah;PERSON;76;91;0.99
000247-001;453-456;tahun 6 H;TIME;114;123;0.99
000247-001;453-456;bulan Muharram tahun 7 H;TIME;135;159;0.99
000247-001;453-456;Ath-Thabari;PERSON;161;172;0.99
000247-001;453-456;perjanjian Hudaibiyah;EVENT;314;335;0.99
000247-001;453-456;Habasyah;LOCATION;415;423;0.99
000247-001;453-456;Makkah;LOCATION;462;468;0.99
000247-001;453-456;Al-Baihaqi;PERSON;724;734;0.99
000247-001;453-456;Ibnu Ishaq;PERSON;753;763;0.99
000247-001;453-456;Najasyi;PERSON;800;807;0.99
000247-001;453-456;Muhammad;PERSON;830;838;0.99
000247-001;453-456;Najasyi;PERSON;857;864;0.99
000247-001;453-456;Habasyah;LOCATION;885;893;0.99
000247-001;453-456;Muhammad;PERSON;1116;1124;0.99
000247-002;453-456;Ali;PERSON;561;564;0.99
000247-002;453-456;Ibnul Qayyim;PERSON;777;789;0.99
000247-002;453-456;Muhammad;PERSON;1088;1096;0.99
000247-002;453-456;Najasyi;PERSON;1116;1123;0.99
000247-002;453-456;Habasyah;LOCATION;1134;1142;0.99
000247-003;453-456;Isa bin Maryam;PERSON;113;127;0.99
000247-003;453-456;Isa;PERSON;261;264;0.99
000247-003;453-456;Adam;PERSON;322;326;0.99
000247-003;453-456;Perjanjian Hudaibiyah;EVENT;793;814;0.99
000247-003;453-456;Hudaibiyah;LOCATION;982;992;0.99
000247-003;453-456;Al-Baihaqi;PERSON;1051;1061;0.99
000247-003;453-456;Ibnu Ishaq;PERSON;1067;1077;0.99
000247-003;453-456;Hudaibiyah;LOCATION;1162;1172;0.99
000247-004;453-456;Al-Baihaqi;PERSON;412;422;0.99
000247-004;453-456;Ibnu Abbas;PERSON;428;438;0.99
000247-004;453-456;Amr bin Umayyah;PERSON;588;603;0.99
000247-004;453-456;Najasyi;PERSON;651;658;0.99
000247-004;453-456;Ja'far bin Abu Thalib;PERSON;1067;1088;0.99
000247-004;453-456;Najasyi;PERSON;1090;1097;0.99
000247-004;453-456;Muhammad;PERSON;1208;1216;0.99
000247-004;453-456;Najasyi;PERSON;1235;1242;0.99
000247-004;453-456;Isa;PERSON;1479;1482;0.99
000247-005;453-456;Isa;PERSON;84;87;0.99
000247-005;453-456;Isa;PERSON;129;132;0.99
000247-005;453-456;Najasyi;PERSON;612;619;0.99
000247-005;453-456;Habasyah;LOCATION;675;683;0.99
000247-005;453-456;Amr bin Umayyah;PERSON;739;754;0.99
000247-005;453-456;Khaibar;LOCATION;855;862;0.99
000247-005;453-456;Najasyi;PERSON;869;876;0.99
000247-005;453-456;bulan Rajab tahun 7 H;TIME;902;923;0.99
000247-005;453-456;Perang Tabuk;EVENT;933;945;0.99
000248-001;456-458;Juraij bin Mata;PERSON;26;41;0.99
000248-001;456-458;Mesir;LOCATION;72;77;0.99
000248-001;456-458;Iskandaria;LOCATION;82;92;0.99
000248-001;456-458;Muhammad;PERSON;153;161;0.99
000248-001;456-458;Ali;PERSON;988;991;0.99
000248-001;456-458;Hathib bin Abu Balta'ah;PERSON;1020;1043;0.99
000248-002;456-458;Musa;PERSON;574;578;0.99
000248-002;456-458;Isa;PERSON;587;590;0.99
000248-002;456-458;Isa;PERSON;621;624;0.99
000248-003;456-458;Muhammad bin Abdullah;PERSON;274;295;0.99
000248-003;456-458;Syam;LOCATION;547;551;0.99
000248-003;456-458;Rasulullah;PERSON;993;1003;0.99
000248-003;456-458;Ibrahim;PERSON;1070;1077;0.99
000248-003;456-458;Hassan bin Tsabir;PERSON;1125;1142;0.99
000249-001;458-459;Kisra;PERSON;26;31;0.99
000249-001;458-459;Persia;LOCATION;38;44;0.99
000249-001;458-459;Muhammad;PERSON;80;88;0.99
000249-001;458-459;Kisra;PERSON;108;113;0.99
000249-001;458-459;Persia;LOCATION;124;130;0.99
000249-001;458-459;Muhammad;PERSON;306;314;0.99
000249-001;458-459;Abdullah bin Hudzafah;PERSON;698;719;0.99
000249-001;458-459;Kisra;PERSON;1005;1010;0.99
000249-001;458-459;Kisra;PERSON;1201;1206;0.99
000249-001;458-459;Kisra;PERSON;1264;1269;0.99
000249-002;458-459;Kisra;PERSON;155;160;0.99
000249-002;458-459;Kisra;PERSON;218;223;0.99
000249-002;458-459;Kisra;PERSON;303;308;0.99
000249-002;458-459;Yaman;LOCATION;353;358;0.99
000249-002;458-459;Hijaz;LOCATION;436;441;0.99
000249-002;458-459;Rasulullah;PERSON;590;600;0.99
000249-002;458-459;Kisra;PERSON;642;647;0.99
000249-002;458-459;Madinah;LOCATION;680;687;0.99
000249-002;458-459;Kisra;PERSON;795;800;0.99
000249-002;458-459;Persia;LOCATION;1035;1041;0.99
000249-002;458-459;Kisra;PERSON;1087;1092;0.99
000249-002;458-459;Kisra;PERSON;1271;1276;0.99
000249-002;458-459;malam Selasa;TIME;1386;1398;0.99
000249-002;458-459;tanggal 10 Jumadal;TIME;1399;1417;0.99
000249-002;458-459;Rasulullah;PERSON;1418;1428;0.99
000249-003;458-459;tanggal 10 Jumadal;TIME;34;52;0.99
000249-003;458-459;Rasulullah;PERSON;53;63;0.99
000249-003;458-459;Kisra;PERSON;184;189;0.99
000249-003;458-459;Kisra;PERSON;596;601;0.99
000249-003;458-459;Kisra;PERSON;918;923;0.99
000250-001;459-463;Heraklius;PERSON;127;136;0.99
000250-001;459-463;Al-Khadhri;PERSON;204;214;0.99
000250-001;459-463;Muhammad bin Abdullah;PERSON;278;299;0.99
000250-001;459-463;Heraklius;PERSON;308;317;0.99
000250-001;459-463;Ali;PERSON;1032;1035;0.99
000250-001;459-463;Dihyah bin Khalifah;PERSON;1088;1107;0.99
000250-001;459-463;Ibnu Abbas;PERSON;1277;1287;0.99
000250-001;459-463;Abu Sufyan bin Harb;PERSON;1294;1313;0.99
000250-001;459-463;Heraklius;PERSON;1350;1359;0.99
000250-001;459-463;Syam;LOCATION;1439;1443;0.99
000250-002;459-463;Ibnu Abbas;PERSON;29;39;0.99
000250-002;459-463;Abu Sufyan bin Harb;PERSON;46;65;0.99
000250-002;459-463;Heraklius;PERSON;102;111;0.99
000250-002;459-463;Syam;LOCATION;191;195;0.99
000250-002;459-463;Abu Sufyan;PERSON;197;207;0.99
000250-002;459-463;Heraklius;PERSON;236;245;0.99
000250-002;459-463;Baitul Maqdis;LOCATION;270;283;0.99
000250-002;459-463;Heraklius;PERSON;284;293;0.99
000250-002;459-463;Abu Sufyan;PERSON;305;315;0.99
000250-002;459-463;Heraklius;PERSON;392;401;0.99
000250-002;459-463;Abu Sufyan;PERSON;616;626;0.99
000250-002;459-463;Heraklius;PERSON;656;665;0.99
000250-002;459-463;Abu Sufy;PERSON;691;699;0.99
000250-002;459-463;Heraklius;PERSON;767;776;0.99
000250-002;459-463;Rasulullah;PERSON;855;865;0.99
000250-003;459-463;Heraklius;PERSON;9;18;0.99
000250-003;459-463;Rasulullah;PERSON;97;107;0.99
000250-003;459-463;Abu Sufyan;PERSON;168;178;0.99
000250-003;459-463;Heraklius;PERSON;1325;1334;0.99
000250-004;459-463;Heraklius;PERSON;438;447;0.99
000250-004;459-463;Abu Sufyan;PERSON;502;512;0.99
000250-004;459-463;Heraklius;PERSON;1061;1070;0.99
000250-004;459-463;Heraklius;PERSON;1365;1374;0.99
000250-005;459-463;Heraklius;PERSON;193;202;0.99
000250-006;459-463;Heraklius;PERSON;308;317;0.99
000250-006;459-463;Rasulullah;PERSON;332;342;0.99
000250-006;459-463;Heraklius;PERSON;421;430;0.99
000250-006;459-463;Ibnu Abu Kabsyah;PERSON;613;629;0.99
000250-006;459-463;Abu Sufyan;PERSON;867;877;0.99
000250-006;459-463;Abu Sufyan;PERSON;913;923;0.99
000250-006;459-463;Dihyah bin Khalifah;PERSON;977;996;0.99
000250-006;459-463;Rasulullah;PERSON;1187;1197;0.99
000250-006;459-463;Zaid bin Haritsah;PERSON;1311;1328;0.99
000250-006;459-463;Zaid;PERSON;1394;1398;0.99
000250-007;459-463;Zaid;PERSON;0;4;0.99
000250-007;459-463;Rasulullah;PERSON;273;283;0.99
000250-007;459-463;Perjanjian Hudaibiyah;EVENT;708;729;0.99
000250-007;459-463;Perjanjian Hudaibiyah;EVENT;802;823;0.99
000250-007;459-463;Ibnul Qayyim;PERSON;830;842;0.99
000250-007;459-463;Perjanjian Hudaibiyah;EVENT;905;926;0.99
000251-001;463-464;Al-Mundzir bin Sawa;PERSON;26;45;0.99
000251-001;463-464;Al-Ala' bin Hadhrami;PERSON;117;137;0.99
000251-001;463-464;Rasulullah;PERSON;269;279;0.99
000251-001;463-464;Rasulullah;PERSON;659;669;0.99
000251-001;463-464;Muhammad;PERSON;723;731;0.99
000251-001;463-464;Al-Mundzir bin Sawa;PERSON;751;770;0.99
000251-001;463-464;Muhammad;PERSON;877;885;0.99
000252-001;464-465;Haudzah bin Ali;PERSON;26;41;0.99
000252-001;464-465;Muhammad;PERSON;111;119;0.99
000252-001;464-465;Haudzah bin Ali;PERSON;139;154;0.99
000252-001;464-465;Salith bin Al-Amiri;PERSON;437;456;0.99
000252-001;464-465;Rasulullah;PERSON;1243;1253;0.99
000252-001;464-465;Makkah;LOCATION;1279;1285;0.99
000252-001;464-465;Jibril;PERSON;1287;1293;0.99
000252-002;464-465;Rasulullah;PERSON;180;190;0.99
000253-001;465;Muhammad;PERSON;76;84;0.99
000253-001;465;Al-Harits bin Abu Syamr;PERSON;105;128;0.99
000253-001;465;Syuja' bin Wahb;PERSON;342;357;0.99
000253-001;465;Asad bin Khuzainah;PERSON;368;386;0.99
000254-001;465-469;Muhammad bin Abdullah;PERSON;141;162;0.99
000254-001;465-469;Abd bin Al-Julunda;PERSON;182;200;0.99
000254-001;465-469;Amr bin Al-Ash;PERSON;845;859;0.99
000254-001;465-469;Abd bin Al-Julunda;PERSON;964;982;0.99
000254-001;465-469;Rasulullah;PERSON;1097;1107;0.99
000254-002;465-469;Rasulullah;PERSON;46;56;0.99
000254-002;465-469;Muhammad;PERSON;504;512;0.99
000254-002;465-469;Muhammad;PERSON;716;724;0.99
000254-002;465-469;Najasyi;PERSON;993;1000;0.99
000254-002;465-469;Najasyi;PERSON;1049;1056;0.99
000254-003;465-469;Heraklius;PERSON;168;177;0.99
000254-003;465-469;Najasyi;PERSON;271;278;0.99
000254-003;465-469;Heraklius;PERSON;311;320;0.99
000254-003;465-469;Muhammad;PERSON;358;366;0.99
000254-003;465-469;Heraklius;PERSON;506;515;0.99
000254-003;465-469;Heraklius;PERSON;687;696;0.99
000254-003;465-469;Muhammad;PERSON;1099;1107;0.99
000254-004;465-469;Muhammad;PERSON;205;213;0.99
000254-004;465-469;Rasulullah;PERSON;405;415;0.99
000254-004;465-469;Rasulullah;PERSON;716;726;0.99
000254-004;465-469;Rasulullah;PERSON;1432;1442;0.99
000254-005;465-469;Rasulullah;PERSON;67;77;0.99
000254-005;465-469;Rasulullah;PERSON;548;558;0.99
000254-006;465-469;Muhammad;PERSON;540;548;0.99
000254-006;465-469;Muhammad;PERSON;924;932;0.99
000254-006;465-469;Abd bin Al-Julunda;PERSON;1033;1051;0.99
000254-006;465-469;Rasulullah;PERSON;1402;1412;0.99
000254-007;465-469;Rasulullah;PERSON;220;230;0.99
000254-007;465-469;Perjanjian Hudaibiyah;EVENT;322;343;0.99
000254-007;465-469;Rasulullah;PERSON;680;690;0.99
000254-007;465-469;Heraklius;PERSON;698;707;0.99
000255-001;470-472;Rasulullah;PERSON;114;124;0.99
000255-001;470-472;Perjanjian Hudaibiyah;EVENT;204;225;0.99
000255-001;470-472;Perang Khaibar;EVENT;238;252;0.99
000255-001;470-472;Perang Khaibar;EVENT;324;338;0.99
000255-001;470-472;Salamah bin Al-Akwa;PERSON;375;394;0.99
000255-001;470-472;Perjanjian Hudaibiyah;EVENT;483;504;0.99
000255-001;470-472;Salamah bin Al-Akwa;PERSON;654;673;0.99
000255-001;470-472;Rasulullah;PERSON;714;724;0.99
000255-001;470-472;Abu Thalhah;PERSON;874;885;0.99
000255-001;470-472;Rasulullah;PERSON;1158;1168;0.99
000255-001;470-472;Ibnu Al-Akwa;PERSON;1413;1425;0.99
000255-002;470-472;Ibnu Al-Akwa;PERSON;52;64;0.99
000255-002;470-472;Rasulullah;PERSON;704;714;0.99
000255-002;470-472;Rasulullah;PERSON;931;941;0.99
000255-002;470-472;Salamah bin Al-Akwa;PERSON;1235;1254;0.99
000255-003;470-472;Rasulullah;PERSON;354;364;0.99
000255-003;470-472;Abu Qatadah;PERSON;445;456;0.99
000255-003;470-472;Al-Miqdad bin Al-Aswad;PERSON;462;484;0.99
000255-003;470-472;Abu Qatadah;PERSON;662;673;0.99
000255-003;470-472;Abu Qatadah;PERSON;702;713;0.99
000255-003;470-472;Rasulullah;PERSON;1191;1201;0.99
000255-004;470-472;Rasulullah;PERSON;51;61;0.99
000255-004;470-472;Ibnu Al-Akwa;PERSON;228;240;0.99
000255-004;470-472;Abu Qatadah;PERSON;458;469;0.99
000255-004;470-472;Madinah;LOCATION;737;744;0.99
000255-004;470-472;Ibnu Ummi;PERSON;762;771;0.99
000255-004;470-472;Madinah;LOCATION;803;810;0.99
000255-004;470-472;Al-Miqdad bin Amr;PERSON;869;886;0.99
000255-004;470-472;Perang Khaibar;EVENT;895;909;0.99
000255-004;470-472;Khaibar;LOCATION;931;938;0.99
000255-004;470-472;Khaibar;LOCATION;957;964;0.99
000256-001;473;Khaibar;LOCATION;5;12;0.99
000256-001;473;Madinah;LOCATION;124;131;0.99
000256-001;473;Khaibar;LOCATION;162;169;0.99
000257-001;473-474;Najd;LOCATION;248;252;0.99
000257-001;473-474;Khaibar;LOCATION;461;468;0.99
000257-001;473-474;Khaibar;LOCATION;606;613;0.99
000257-001;473-474;Khaibar;LOCATION;705;712;0.99
000257-001;473-474;Khaibar;LOCATION;751;758;0.99
000257-002;473-474;Sallam bin Abul Huqaiq;PERSON;292;314;0.99
000257-002;473-474;Usair bin Razzam;PERSON;319;335;0.99
000258-001;474;Hudaibiyah;LOCATION;14;24;0.99
000258-001;474;Rasulullah;PERSON;26;36;0.99
000258-001;474;Madinah;LOCATION;47;54;0.99
000258-001;474;bulan Dzul Hijjah;TIME;60;77;0.99
000259-001;474;Khaibar;LOCATION;22;29;0.99
000259-001;474;Perjanjian Hudaibiyah;EVENT;270;291;0.99
000259-001;474;Khaibar;LOCATION;326;333;0.99
000260-001;474-475;Hudaibiyah;LOCATION;88;98;0.99
000260-001;474-475;Rasulullah;PERSON;598;608;0.99
000260-001;474-475;Khaibar;LOCATION;626;633;0.99
000260-001;474-475;Madinah;LOCATION;865;872;0.99
000260-001;474-475;Siba' bin Urfuthah;PERSON;880;898;0.99
000260-001;474-475;Ibnu Ishaq;PERSON;926;936;0.99
000260-001;474-475;Numailah bin Abdullah;PERSON;944;965;0.99
000260-001;474-475;Abu Hurairah;PERSON;1051;1063;0.99
000260-001;474-475;Madinah;LOCATION;1074;1081;0.99
000260-001;474-475;Siba' bin Urfuthah;PERSON;1112;1130;0.99
000260-001;474-475;Abu Hurairah;PERSON;1212;1224;0.99
000260-001;474-475;Rasulullah;PERSON;1233;1243;0.99
000261-001;475;Abdullah bin Ubay;PERSON;100;117;0.99
000261-001;475;Khaibar;LOCATION;149;156;0.99
000261-001;475;Muhammad;PERSON;184;192;0.99
000261-001;475;Muhammad;PERSON;335;343;0.99
000261-001;475;Khaibar;LOCATION;418;425;0.99
000261-001;475;Kinanah bin Abul Huqaiq;PERSON;464;487;0.99
000261-001;475;Haudzah bin Qais;PERSON;492;508;0.99
000261-001;475;Khaibar;LOCATION;747;754;0.99
000262-001;475-476;Khaibar;LOCATION;23;30;0.99
000262-001;475-476;Rasulullah;PERSON;32;42;0.99
000262-001;475-476;Khaibar;LOCATION;339;346;0.99
000262-001;475-476;Khaibar;LOCATION;875;882;0.99
000262-001;475-476;Khaibar;LOCATION;1086;1093;0.99
000262-001;475-476;Syam;LOCATION;1131;1135;0.99
000262-001;475-476;Syam;LOCATION;1243;1247;0.99
000262-001;475-476;Rasulullah;PERSON;1315;1325;0.99
000262-002;475-476;Rasulullah;PERSON;48;58;0.99
000262-002;475-476;Rasulullah;PERSON;253;263;0.99
000262-002;475-476;Umar bin Al-Khaththab;PERSON;761;782;0.99
000263-001;476-477;Salamah bin Al-Akwa;PERSON;5;24;0.99
000263-001;476-477;Khaibar;LOCATION;72;79;0.99
000263-001;476-477;Amir bin Al-Akwa;PERSON;720;736;0.99
000263-001;476-477;Rasulullah;PERSON;947;957;0.99
000263-001;476-477;Perang Khaibar;EVENT;1080;1094;0.99
000263-001;476-477;Rasulullah;PERSON;1253;1263;0.99
000263-001;476-477;Khaibar;LOCATION;1480;1487;0.99
000263-002;476-477;Khaibar;LOCATION;56;63;0.99
000264-001;478-479;Khaibar;LOCATION;113;120;0.99
000264-001;478-479;Rasulullah;PERSON;199;209;0.99
000264-001;478-479;Khaibar;LOCATION;388;395;0.99
000264-001;478-479;Muhammad;PERSON;542;550;0.99
000264-001;478-479;Muhammad;PERSON;564;572;0.99
000264-001;478-479;Khaibar;LOCATION;690;697;0.99
000264-001;478-479;Khaibar;LOCATION;724;731;0.99
000264-001;478-479;Al-Hubab bin Al-Mundzir;PERSON;906;929;0.99
000264-001;478-479;Rasulullah;PERSON;966;976;0.99
000264-001;478-479;Rasulullah;PERSON;1160;1170;0.99
000264-001;478-479;Khaibar;LOCATION;1237;1244;0.99
000264-002;478-479;Khaibar;LOCATION;536;543;0.99
000265-001;479-480;Ali bin Abu Thalib;PERSON;314;332;0.99
000265-001;479-480;Rasulullah;PERSON;342;352;0.99
000265-001;479-480;Ali bin Abu Thalib;PERSON;415;433;0.99
000265-001;479-480;Rasulullah;PERSON;451;461;0.99
000265-001;479-480;Ali;PERSON;644;647;0.99
000265-001;479-480;Rasulullah;PERSON;664;674;0.99
000265-001;479-480;Ali;PERSON;1127;1130;0.99
000265-001;479-480;Khaibar;LOCATION;1322;1329;0.99
000265-001;479-480;Ash-Shab bin Muadz;PERSON;1430;1448;0.99
000265-002;479-480;Khaibar;LOCATION;360;367;0.99
000266-001;480-482;Ali bin Abu Thalib;PERSON;305;323;0.99
000266-001;480-482;Salamah bin Al-Akwa;PERSON;635;654;0.99
000266-001;480-482;Khaibar;LOCATION;686;693;0.99
000266-001;480-482;Khaibar;LOCATION;777;784;0.99
000266-001;480-482;Khaibar;LOCATION;927;934;0.99
000266-002;480-482;Ali bin Abu Thalib;PERSON;449;467;0.99
000266-002;480-482;Ali bin Abu Thalib;PERSON;648;666;0.99
000266-002;480-482;Ali;PERSON;762;765;0.99
000266-002;480-482;Ali bin Abu Thalib;PERSON;888;906;0.99
000266-002;480-482;Musa;PERSON;938;942;0.99
000266-002;480-482;Rasulullah;PERSON;1180;1190;0.99
000266-003;480-482;Ash-Sha'b;PERSON;515;524;0.99
000267-001;482-483;Ash-Sha'b;PERSON;8;17;0.99
000267-001;482-483;bin Al-Anshari;PERSON;136;150;0.99
000267-001;482-483;Rasulullah;PERSON;217;227;0.99
000267-001;482-483;Abu Ishaq;PERSON;288;297;0.99
000267-001;482-483;Ash-Sha'b bin Muadz;PERSON;885;904;0.99
000267-001;482-483;Khaibar;LOCATION;919;926;0.99
000267-002;482-483;Ibnu Ishaq;PERSON;267;277;0.99
000267-002;482-483;Rasulullah;PERSON;387;397;0.99
000268-001;483;Rasulullah;PERSON;367;377;0.99
000268-001;483;Abdul Qasim;PERSON;517;528;0.99
000269-001;483-484;Az-Zubair;PERSON;16;25;0.99
000269-001;483-484;Abu Dujanah;PERSON;416;427;0.99
000269-001;483-484;Simak bin Kharasyah;PERSON;428;447;0.99
000270-001;484;Rasulullah;PERSON;1028;1038;0.99
000270-002;484;Khaibar;LOCATION;466;473;0.99
000270-002;484;Khaibar;LOCATION;776;783;0.99
000271-001;484-485;Rasulullah;PERSON;55;65;0.99
000271-001;484-485;Abul Huqaiq;PERSON;124;135;0.99
000271-001;484-485;Ibnu Ishaq;PERSON;399;409;0.99
000271-001;484-485;Rasulullah;PERSON;992;1002;0.99
000272-001;485;Ibnu Abul;PERSON;0;9;0.99
000272-001;485;Ibnu Abil;PERSON;135;144;0.99
000272-001;485;Khaibar;LOCATION;320;327;0.99
000272-001;485;Khaibar;LOCATION;386;393;0.99
000272-001;485;Rasulullah;PERSON;483;493;0.99
000272-001;485;Khaibar;LOCATION;792;799;0.99
000273-001;485-486;Abil;PERSON;15;19;0.99
000273-001;485-486;Huyai bin Akhthab;PERSON;194;211;0.99
000273-001;485-486;Khaibar;LOCATION;236;243;0.99
000273-001;485-486;Ibnu Ishaq;PERSON;271;281;0.99
000273-001;485-486;Rasulullah;PERSON;295;305;0.99
000273-001;485-486;Kinanah bin Ar-Rabi;PERSON;314;333;0.99
000273-001;485-486;Muhammad bin Maslamah;PERSON;1164;1185;0.99
000273-001;485-486;Mahmud bin Maslamah;PERSON;1275;1294;0.99
000273-002;485-486;Muhammad bin Maslamah;PERSON;173;194;0.99
000273-002;485-486;Mahmud bin Maslamah;PERSON;284;303;0.99
000273-002;485-486;Ibnul Qayyim;PERSON;458;470;0.99
000273-002;485-486;Rasulullah;PERSON;499;509;0.99
000273-002;485-486;Abul Huqaiq;PERSON;548;559;0.99
000273-002;485-486;Shafiyah binti Huyai bin Akhthab;PERSON;667;699;0.99
000273-002;485-486;Kinanah bin Abul Huqaiq;PERSON;757;780;0.99
000274-001;486-487;Rasulullah;PERSON;0;10;0.99
000274-001;486-487;Khaibar;LOCATION;61;68;0.99
000274-001;486-487;Muhammad;PERSON;100;108;0.99
000274-001;486-487;Rasulullah;PERSON;260;270;0.99
000274-001;486-487;Khaibar;LOCATION;445;452;0.99
000274-001;486-487;Rasulullah;PERSON;565;575;0.99
000274-001;486-487;Abdullah bin Rawahah;PERSON;713;733;0.99
000274-001;486-487;Khaibar;LOCATION;740;747;0.99
000274-001;486-487;Hudaibiyah;EVENT;1162;1172;0.99
000274-001;486-487;Perang Khaibar;EVENT;1269;1283;0.99
000274-001;486-487;Perang Khaibar;EVENT;1368;1382;0.99
000274-001;486-487;Hudaibiyah;EVENT;1453;1463;0.99
000274-002;486-487;Perang Khaibar;EVENT;46;60;0.99
000274-002;486-487;Hudaibiyah;LOCATION;131;141;0.99
000274-002;486-487;Khaibar;LOCATION;297;304;0.99
000274-002;486-487;Umar;PERSON;346;350;0.99
000274-002;486-487;Khaibar;LOCATION;438;445;0.99
000274-002;486-487;Aisyah;PERSON;478;484;0.99
000274-002;486-487;Khaibar;LOCATION;505;512;0.99
000274-002;486-487;Rasulullah;PERSON;598;608;0.99
000274-002;486-487;Madinah;LOCATION;620;627;0.99
000275-001;487-488;Khaibar;LOCATION;26;33;0.99
000275-001;487-488;Ja'far bin Abu Thalib;PERSON;58;79;0.99
000275-001;487-488;Abu Musa;PERSON;124;132;0.99
000275-001;487-488;Abu Musa;PERSON;154;162;0.99
000275-001;487-488;Rasulullah;PERSON;205;215;0.99
000275-001;487-488;Khaibar;LOCATION;220;227;0.99
000275-001;487-488;Yaman;LOCATION;255;260;0.99
000275-001;487-488;Habasyah;LOCATION;360;368;0.99
000275-001;487-488;Najasyi;PERSON;444;451;0.99
000275-001;487-488;Rasulullah;PERSON;480;490;0.99
000275-001;487-488;Habasyah;LOCATION;677;685;0.99
000275-001;487-488;Khaibar;LOCATION;734;741;0.99
000275-001;487-488;Khaibar;LOCATION;1209;1216;0.99
000276-001;488-489;Kinanah bin Abul Huqaiq;PERSON;99;122;0.99
000276-001;488-489;Dihyah bin Khalifah;PERSON;193;212;0.99
000276-001;488-489;Shafiyah binti Huyai;PERSON;360;380;0.99
000276-001;488-489;Shafiyah binti Huyai;PERSON;468;488;0.99
000276-001;488-489;Shafiyah binti Huyai;PERSON;650;670;0.99
000276-001;488-489;Madinah;LOCATION;986;993;0.99
000276-001;488-489;Ummu Sulaim;PERSON;995;1006;0.99
000276-001;488-489;Rasulullah;PERSON;1361;1371;0.99
000276-002;488-489;Madinah;LOCATION;280;287;0.99
000277-001;489;Rasulullah;PERSON;8;18;0.99
000277-001;489;Khaibar;LOCATION;63;70;0.99
000277-001;489;Zainab binti Al-Harits;PERSON;89;111;0.99
000277-001;489;Sallam bin Misykam;PERSON;119;137;0.99
000277-001;489;Zainab binti Al-Harits;PERSON;221;243;0.99
000277-001;489;Rasulullah;PERSON;313;323;0.99
000277-001;489;Zainab binti Al-Harits;PERSON;718;740;0.99
000277-001;489;Muhammad;PERSON;899;907;0.99
000277-001;489;Bisyr bin Al-Barra' bin Ma'rur;PERSON;1082;1112;0.99
000278-001;489-490;Perang Khaibar;EVENT;43;57;0.99
000278-001;489-490;Khaibar;LOCATION;190;197;0.99
000278-001;489-490;Ibnu Hisyam;PERSON;248;259;0.99
000278-001;489-490;Ath-Thabari;PERSON;522;533;0.99
000278-001;489-490;Perang Badr;EVENT;686;697;0.99
000278-001;489-490;Perang Khaibar;EVENT;709;723;0.99
000278-001;489-490;Perang Badr;EVENT;773;784;0.99
000279-001;490;Khaibar;LOCATION;16;23;0.99
000279-001;490;Rasulullah;PERSON;25;35;0.99
000279-001;490;Muhayyishah bin Mas'ud;PERSON;54;76;0.99
000279-001;490;Khaibar;LOCATION;192;199;0.99
000279-001;490;Khaibar;LOCATION;430;437;0.99
000279-001;490;Rasulullah;PERSON;517;527;0.99
000280-001;490-491;Khaibar;LOCATION;15;22;0.99
000280-001;490-491;Rasulullah;PERSON;32;42;0.99
000280-001;490-491;Rasulullah;PERSON;303;313;0.99
000280-001;490-491;Khaibar;LOCATION;511;518;0.99
000280-001;490-491;Ibnu Hisyam;PERSON;829;840;0.99
000280-001;490-491;Sa'd bin Ubadah;PERSON;982;997;0.99
000280-001;490-491;Al-Hubab bin Al-Mundzir;PERSON;1035;1058;0.99
000280-001;490-491;Abbad bin Bisyr;PERSON;1106;1121;0.99
000280-001;490-491;Az-Zubair bin Al-Awwam;PERSON;1252;1274;0.99
000280-002;490-491;Az-Zubair;PERSON;68;77;0.99
000280-002;490-491;Ali bin Abu Thalib;PERSON;106;124;0.99
000280-002;490-491;Rasulullah;PERSON;777;787;0.99
000280-002;490-491;Wadil Qura;LOCATION;791;801;0.99
000280-002;490-491;Wadil Qura;LOCATION;918;928;0.99
000281-001;491;Khaibar;LOCATION;67;74;0.99
000281-001;491;Fadak;LOCATION;116;121;0.99
000281-001;491;Rasulullah;PERSON;270;280;0.99
000281-001;491;Muhammad;PERSON;383;391;0.99
000281-001;491;Khalid bin Sa'id;PERSON;609;625;0.99
000282-001;492;Rasulullah;PERSON;28;38;0.99
000282-001;492;Madinah;LOCATION;67;74;0.99
000282-001;492;Bilal;PERSON;208;213;0.99
000282-001;492;Bilal;PERSON;255;260;0.99
000282-001;492;Rasulullah;PERSON;457;467;0.99
000282-001;492;Perang Khaibar;EVENT;695;709;0.99
000282-001;492;Rasulullah;PERSON;755;765;0.99
000282-001;492;Madinah;LOCATION;769;776;0.99
000282-001;492;bulan Shafar;TIME;798;810;0.99
000282-001;492;bulan Rabi'ul Awwal 7 H;TIME;821;844;0.99
000283-001;492;Madinah;LOCATION;50;57;0.99
000283-001;492;Madinah;LOCATION;166;173;0.99
000283-001;492;Najd;LOCATION;335;339;0.99
000283-001;492;Aban bin Sa'id;PERSON;415;429;0.99
000283-001;492;Khaibar;LOCATION;458;465;0.99
000283-001;492;bulan Shafar 7 H;TIME;626;642;0.99
000283-001;492;Ibnu Haja;PERSON;692;701;0.99
000283-001;492;Ibnu Hisyam;PERSON;790;801;0.99
000284-001;493-497;Najd;LOCATION;231;235;0.99
000284-001;493-497;Makkah;LOCATION;595;601;0.99
000284-001;493-497;Khaibar;LOCATION;610;617;0.99
000284-001;493-497;Madinah;LOCATION;879;886;0.99
000284-001;493-497;Rasulullah;PERSON;893;903;0.99
000284-001;493-497;Perang Dzatur Riqa;EVENT;980;998;0.99
000284-001;493-497;Abu Musa;PERSON;1110;1118;0.99
000284-001;493-497;Abu Hurairah;PERSON;1134;1146;0.99
000284-001;493-497;Perang Khaibar;EVENT;1218;1232;0.99
000284-001;493-497;bulan Rabi'ul Awwal 7 H;TIME;1273;1296;0.99
000284-001;493-497;Rasulullah;PERSON;1370;1380;0.99
000284-002;493-497;Rasulullah;PERSON;72;82;0.99
000284-002;493-497;Madinah;LOCATION;251;258;0.99
000284-002;493-497;Abu Dzar;PERSON;277;285;0.99
000284-002;493-497;Utsman bin Affan;PERSON;291;307;0.99
000284-002;493-497;Madinah;LOCATION;439;446;0.99
000284-002;493-497;Abu Musa;PERSON;646;654;0.99
000284-002;493-497;Rasulullah;PERSON;701;711;0.99
000284-002;493-497;Jabir;PERSON;1112;1117;0.99
000284-002;493-497;Rasulullah;PERSON;1146;1156;0.99
000284-003;493-497;Jabir;PERSON;334;339;0.99
000284-003;493-497;Rasulullah;PERSON;362;372;0.99
000284-003;493-497;abu Awanah;PERSON;1076;1086;0.99
000284-004;493-497;Abu Awanah;PERSON;621;631;0.99
000284-004;493-497;Abu Bisyr;PERSON;638;647;0.99
000284-004;493-497;Ghaurats bin Al-Harits;PERSON;680;702;0.99
000284-004;493-497;Ibnu Hajar;PERSON;713;723;0.99
000284-004;493-497;Rasulullah;PERSON;1189;1199;0.99
000284-004;493-497;Abbad bin Bisyr;PERSON;1318;1333;0.99
000284-004;493-497;Ammar bin Yasir;PERSON;1338;1353;0.99
000284-005;493-497;Makkah;LOCATION;877;883;0.99
000284-005;493-497;Perang Hunain;EVENT;896;909;0.99
000284-006;493-497;Rasulullah;PERSON;354;364;0.99
000284-006;493-497;Madinah;LOCATION;411;418;0.99
000284-006;493-497;bulan Syawwal 7 H;TIME;426;443;0.99
000284-006;493-497;Ghalib bin Abdullah;PERSON;538;557;0.99
000284-006;493-497;bulan Shafar;TIME;605;617;0.99
000284-006;493-497;Rabi'ul Awwal;TIME;623;636;0.99
000284-006;493-497;Basyir bin Suwaid;PERSON;695;712;0.99
000284-006;493-497;bulan Jumadats;TIME;1158;1172;0.99
000284-006;493-497;Umar bin Al-Khathab;PERSON;1302;1321;0.99
000284-006;493-497;bulan Sya'ban 7 H;TIME;1337;1354;0.99
000284-007;493-497;Umar;PERSON;124;128;0.99
000284-007;493-497;Madinah;LOCATION;232;239;0.99
000284-007;493-497;Basyir bin Sa'd;PERSON;256;271;0.99
000284-007;493-497;bulan Sya'ban 7 H;TIME;320;337;0.99
000284-007;493-497;Madinah;LOCATION;443;450;0.99
000284-007;493-497;Madinah;LOCATION;686;693;0.99
000284-007;493-497;Ghalib bin Abdullah;PERSON;712;731;0.99
000284-007;493-497;Abd bin Tsa'labah;PERSON;764;781;0.99
000284-007;493-497;Usamah bin Zaid;PERSON;1026;1041;0.99
000284-007;493-497;Mirdas bin Nuhaik;PERSON;1057;1074;0.99
000284-007;493-497;Abdullah bin Rawahah;PERSON;1297;1317;0.99
000284-007;493-497;Khaibar;LOCATION;1321;1328;0.99
000284-007;493-497;bulan Syawwal 7 H;TIME;1334;1351;0.99
000284-008;493-497;Abdullah bin Rawahah;PERSON;15;35;0.99
000284-008;493-497;Khaibar;LOCATION;39;46;0.99
000284-008;493-497;bulan Syawwal 7 H;TIME;52;69;0.99
000284-008;493-497;Usair bin Basyir bin Razzam;PERSON;114;141;0.99
000284-008;493-497;Usair;PERSON;253;258;0.99
000284-008;493-497;Khaibar;LOCATION;422;429;0.99
000284-008;493-497;Madinah;LOCATION;476;483;0.99
000284-008;493-497;Usair;PERSON;567;572;0.99
000284-008;493-497;Basyir bin Sa'd;PERSON;625;640;0.99
000284-008;493-497;Yaman;LOCATION;655;660;0.99
000284-008;493-497;Jabbar;LOCATION;665;671;0.99
000284-008;493-497;bulan Syawwal 7 H;TIME;677;694;0.99
000284-008;493-497;Madinah;LOCATION;818;825;0.99
000284-008;493-497;Madinah;LOCATION;1093;1100;0.99
000284-008;493-497;Ibnul Qayyim;PERSON;1203;1215;0.99
000284-008;493-497;tahun 7 H;TIME;1272;1281;0.99
000284-008;493-497;Jusyam bin Mu'awiyah;PERSON;1343;1363;0.99
000284-009;493-497;Rasulullah;PERSON;73;83;0.99
000284-009;493-497;Abu Hadrad;PERSON;93;103;0.99
000284-009;493-497;Abu Hadrad;PERSON;123;133;0.99
000284-009;493-497;Usamah;PERSON;329;335;0.99
000285-001;498-501;bulan Dzul Qa'dah;TIME;37;54;0.99
000285-001;498-501;Rasulullah;PERSON;76;86;0.99
000285-001;498-501;Hudaibiyah;LOCATION;175;185;0.99
000285-001;498-501;Madinah;LOCATION;396;403;0.99
000285-001;498-501;Uwaih bin Abu Rahm;PERSON;422;440;0.99
000285-001;498-501;Najiyah bin Jundab;PERSON;502;520;0.99
000285-001;498-501;Dzul Hulaifah;LOCATION;647;660;0.99
000285-001;498-501;Aus bin Khauli;PERSON;985;999;0.99
000285-001;498-501;Makkah;LOCATION;1046;1052;0.99
000285-002;498-501;Aus bin Khauli;PERSON;56;70;0.99
000285-002;498-501;Makkah;LOCATION;117;123;0.99
000285-002;498-501;Makkah;LOCATION;230;236;0.99
000285-002;498-501;Makkah;LOCATION;514;520;0.99
000285-002;498-501;Yatsrib;LOCATION;650;657;0.99
000285-002;498-501;Makkah;LOCATION;1050;1056;0.99
000285-003;498-501;Abdullah bin Rawahah;PERSON;66;86;0.99
000285-003;498-501;Umar;PERSON;577;581;0.99
000285-003;498-501;Ibnu Rawahah;PERSON;598;610;0.99
000285-003;498-501;Umar;PERSON;720;724;0.99
000285-003;498-501;Shafa;LOCATION;1138;1143;0.99
000285-003;498-501;Marwah;LOCATION;1148;1154;0.99
000285-003;498-501;Marwah;LOCATION;1186;1192;0.99
000285-003;498-501;Makkah;LOCATION;1277;1283;0.99
000285-003;498-501;Marwah;LOCATION;1368;1374;0.99
000285-004;498-501;Makkah;LOCATION;83;89;0.99
000285-004;498-501;Marwah;LOCATION;174;180;0.99
000285-004;498-501;Rasulullah;PERSON;416;426;0.99
000285-004;498-501;Makkah;LOCATION;438;444;0.99
000285-004;498-501;Ali;PERSON;520;523;0.99
000285-004;498-501;Makkah;LOCATION;655;661;0.99
000285-004;498-501;Makkah;LOCATION;748;754;0.99
000285-004;498-501;Hamzah;PERSON;789;795;0.99
000285-004;498-501;Ali;PERSON;865;868;0.99
000285-004;498-501;Zaid;PERSON;900;904;0.99
000285-004;498-501;Rasulullah;PERSON;1054;1064;0.99
000285-004;498-501;Maimunah binti Al-Harits;PERSON;1074;1098;0.99
000285-004;498-501;Makkah;LOCATION;1129;1135;0.99
000285-004;498-501;Ja'far bin Abu Thalib;PERSON;1159;1180;0.99
000285-004;498-501;Al-Abbas;PERSON;1264;1272;0.99
000285-004;498-501;Ummul Fadhl;PERSON;1292;1303;0.99
000285-004;498-501;Makkah;LOCATION;1344;1350;0.99
000285-004;498-501;Abu Rafi;PERSON;1377;1385;0.99
000285-005;498-501;Makkah;LOCATION;17;23;0.99
000285-005;498-501;Abu Rafi;PERSON;50;58;0.99
000285-005;498-501;Maimunah;PERSON;74;82;0.99
000285-005;498-501;Hudaibiyah;LOCATION;286;296;0.99
000285-005;498-501;Ibnu Abil;PERSON;526;535;0.99
000285-005;498-501;bulan Dzul Hijjah 7 H;TIME;547;568;0.99
000285-005;498-501;Abul Auja;PERSON;762;771;0.99
000285-005;498-501;Ghalib bin Abdullah;PERSON;869;888;0.99
000285-005;498-501;Basyir bin Sa'd;PERSON;936;951;0.99
000285-005;498-501;bulan Shafar;TIME;966;978;0.99
000285-005;498-501;bulan Rabi'ul Awwal;TIME;1114;1133;0.99
000285-005;498-501;Ka'b bin Umari;PERSON;1229;1243;0.99
000285-006;498-501;Syuja' bin Wahb;PERSON;293;308;0.99
000285-006;498-501;bulan Rabi'ul 4;TIME;331;346;0.99
000285-006;498-501;Shafa;LOCATION;504;509;0.99
000285-006;498-501;Marwah;LOCATION;514;520;0.99
000286-001;502;Rasulullah;PERSON;86;96;0.99
000286-001;502;Syam;LOCATION;362;366;0.99
000286-001;502;Baitul Maqdis;LOCATION;384;397;0.99
000287-001;502;Rasulullah;PERSON;37;47;0.99
000287-001;502;Al-Harits bin Umair;PERSON;57;76;0.99
000287-001;502;Syurahbil bin Amr;PERSON;161;178;0.99
000287-001;502;Syam;LOCATION;240;244;0.99
000287-001;502;Rasulullah;PERSON;512;522;0.99
000287-001;502;Perang Ahzab;EVENT;781;793;0.99
000288-001;502-503;Rasulullah;PERSON;0;10;0.99
000288-001;502-503;Zaid bin Haritsah;PERSON;20;37;0.99
000288-001;502-503;Zaid;PERSON;89;93;0.99
000288-001;502-503;Abdullah bin Rawahah;PERSON;171;191;0.99
000288-001;502-503;Zaid bin Haritsah;PERSON;241;258;0.99
000288-001;502-503;Al-Haritsah bin Umair;PERSON;322;343;0.99
000289-001;503-504;Rasulullah;PERSON;129;139;0.99
000289-001;503-504;Abdullah bin Rawahah;PERSON;244;264;0.99
000289-001;503-504;Abdullah bin Rawahah;PERSON;317;337;0.99
000289-001;503-504;Rasulullah;PERSON;452;462;0.99
000289-001;503-504;Abdullah bin Rawahah;PERSON;939;959;0.99
000289-001;503-504;Rasulullah;PERSON;1261;1271;0.99
000289-002;503-504;Syam;LOCATION;151;155;0.99
000289-002;503-504;Hijaz;LOCATION;175;180;0.99
000289-002;503-504;Heraklius;PERSON;234;243;0.99
000290-001;504;Rasulullah;PERSON;478;488;0.99
000290-001;504;Abdullah bin Rawahah;PERSON;652;672;0.99
000290-001;504;Abdullah bin Rawahah;PERSON;1264;1284;0.99
000291-001;504-505;Heraklius;PERSON;85;94;0.99
000291-001;504-505;Ibnu Hisyam;PERSON;168;179;0.99
000291-001;504-505;Quthbah bin Qatadah;PERSON;440;459;0.99
000291-001;504-505;Ubadah bin Malik;PERSON;489;505;0.99
000292-001;505-506;Zaid bin Haritsah;PERSON;394;411;0.99
000292-001;505-506;Rasulullah;PERSON;421;431;0.99
000292-001;505-506;Ja'far bin Abu Thalib;PERSON;695;716;0.99
000292-002;505-506;Ja'far bin Abu Thalib;PERSON;114;135;0.99
000292-002;505-506;Ibnu Umar;PERSON;256;265;0.99
000292-002;505-506;Ibnu Umar;PERSON;501;510;0.99
000292-002;505-506;Ja'far bin Abu Thalib;PERSON;599;620;0.99
000292-002;505-506;Ja'far bin Abu Thalib;PERSON;913;934;0.99
000292-002;505-506;Abdullah bin Rawahah;PERSON;968;988;0.99
000292-003;505-506;Abdullah bin Rawahah;PERSON;308;328;0.99
000293-001;506-507;Tsabit bin Arqam;PERSON;57;73;0.99
000293-001;506-507;Khalid bin Al-Walid;PERSON;271;290;0.99
000293-001;506-507;Khalid bin dia;PERSON;398;412;0.99
000293-001;506-507;perang Mu'tah;EVENT;477;490;0.99
000293-001;506-507;Yaman;LOCATION;551;556;0.99
000293-001;506-507;Madinah;LOCATION;581;588;0.99
000293-001;506-507;Rasulullah;PERSON;629;639;0.99
000293-001;506-507;Zaid;PERSON;707;711;0.99
000293-001;506-507;Ja'far;PERSON;756;762;0.99
000293-001;506-507;Ibnu Rawahah;PERSON;809;821;0.99
000294-001;507-508;Khalid bin Al-Walid;PERSON;254;273;0.99
000294-001;507-508;Khalid bin Al-Walid;PERSON;539;558;0.99
000294-001;507-508;Khalid bin Al-Walid;PERSON;1106;1125;0.99
000294-002;507-508;Syam;LOCATION;704;708;0.99
000295-001;508;perang Mu'tah;EVENT;1128;1141;0.99
000296-001;508-510;Rasulullah;PERSON;8;18;0.99
000296-001;508-510;Syam;LOCATION;71;75;0.99
000296-001;508-510;Perang Mu'tah;EVENT;155;168;0.99
000296-001;508-510;Amru bin Al-Ash;PERSON;587;602;0.99
000296-001;508-510;Syam;LOCATION;672;676;0.99
000296-001;508-510;bulan Jumadal;TIME;729;742;0.99
000296-001;508-510;8 H;TIME;751;754;0.99
000296-001;508-510;perang Mu'tah;EVENT;762;775;0.99
000296-001;508-510;Madinah;LOCATION;963;970;0.99
000296-001;508-510;Amru bin Al-Ash;PERSON;992;1007;0.99
000296-001;508-510;Rasulullah;PERSON;1079;1089;0.99
000296-001;508-510;Amr bin Al-Ash;PERSON;1129;1143;0.99
000296-002;508-510;Amru bin Al-Ash;PERSON;201;216;0.99
000296-002;508-510;Rafi' bin Mukaits;PERSON;226;243;0.99
000296-002;508-510;Rasulullah;PERSON;252;262;0.99
000296-002;508-510;Abu Ubaidah bin Al-Jarrah;PERSON;312;337;0.99
000296-002;508-510;Abu Bakar;PERSON;383;392;0.99
000296-002;508-510;Abu Ubaidah;PERSON;451;462;0.99
000296-002;508-510;Abu Ubaidah;PERSON;613;624;0.99
000296-002;508-510;Abu Ubaidah;PERSON;668;679;0.99
000296-002;508-510;Abu Ubaidah;PERSON;813;824;0.99
000296-002;508-510;Auf bin Malik;PERSON;1168;1181;0.99
000296-002;508-510;Rasulullah;PERSON;1237;1247;0.99
000296-002;508-510;Madinah;LOCATION;1417;1424;0.99
000296-003;508-510;Madinah;LOCATION;19;26;0.99
000296-003;508-510;Ibnu Ishaq;PERSON;83;93;0.99
000297-001;510;bulan Sya'ban 8 H;TIME;32;49;0.99
000297-001;510;Najd;LOCATION;127;131;0.99
000297-001;510;Rasulullah;PERSON;177;187;0.99
000297-001;510;Abu Qatadah;PERSON;197;208;0.99
000297-001;510;Ibnu Hisyam;PERSON;415;426;0.99
000298-001;511;Ibnul Qayyim;PERSON;0;12;0.99
000299-001;511-513;Hudaibiyah;LOCATION;78;88;0.99
000299-001;511-513;Muhammad;PERSON;132;140;0.99
000299-001;511-513;Hudaibiyah;LOCATION;843;853;0.99
000299-001;511-513;Naufal bin Mu'awiyah;PERSON;1013;1033;0.99
000299-002;511-513;Makkah;LOCATION;726;732;0.99
000299-002;511-513;Budail bin Warqa;PERSON;767;783;0.99
000299-002;511-513;Amr bin Salim;PERSON;868;881;0.99
000299-002;511-513;Madinah;LOCATION;914;921;0.99
000299-002;511-513;Rasulullah;PERSON;937;947;0.99
000299-003;511-513;Muhammad;PERSON;178;186;0.99
000299-003;511-513;Makkah;LOCATION;774;780;0.99
000299-003;511-513;Rasulullah;PERSON;990;1000;0.99
000299-003;511-513;Amr bin Salim;PERSON;1044;1057;0.99
000299-003;511-513;Ka'b;PERSON;1177;1181;0.99
000299-003;511-513;Rasulullah;PERSON;1258;1268;0.99
000299-003;511-513;Makkah;LOCATION;1434;1440;0.99
000300-001;513-515;Abu Sufyan;PERSON;389;399;0.99
000300-001;513-515;Rasulullah;PERSON;488;498;0.99
000300-001;513-515;Abu Sufyan;PERSON;567;577;0.99
000300-001;513-515;Abu Sufyan;PERSON;656;666;0.99
000300-001;513-515;Madinah;LOCATION;684;691;0.99
000300-001;513-515;Budail bin Warqa;PERSON;704;720;0.99
000300-001;513-515;Madinah;LOCATION;752;759;0.99
000300-001;513-515;Abu Sufyan;PERSON;800;810;0.99
000300-001;513-515;Rasulullah;PERSON;860;870;0.99
000300-001;513-515;Muhammad;PERSON;1026;1034;0.99
000300-001;513-515;Abu Sufyan;PERSON;1043;1053;0.99
000300-001;513-515;Makkah;LOCATION;1125;1131;0.99
000300-001;513-515;Abu Sufyan;PERSON;1133;1143;0.99
000300-001;513-515;Madinah;LOCATION;1192;1199;0.99
000300-002;513-515;Makkah;LOCATION;47;53;0.99
000300-002;513-515;Abu Sufyan;PERSON;55;65;0.99
000300-002;513-515;Madinah;LOCATION;114;121;0.99
000300-002;513-515;Muhammad;PERSON;407;415;0.99
000300-002;513-515;Abu Sufyan;PERSON;418;428;0.99
000300-002;513-515;Madinah;LOCATION;467;474;0.99
000300-002;513-515;Rasulullah;PERSON;523;533;0.99
000300-002;513-515;Ummu Habibah;PERSON;536;548;0.99
000300-002;513-515;Ummu Habibah;PERSON;603;615;0.99
000300-002;513-515;Abu Sufyan;PERSON;656;666;0.99
000300-002;513-515;Ummu Habibah;PERSON;815;827;0.99
000300-002;513-515;Rasulullah;PERSON;863;873;0.99
000300-002;513-515;Abu Sufyan;PERSON;923;933;0.99
000300-002;513-515;Abu Sufyan;PERSON;1031;1041;0.99
000300-002;513-515;Rasulullah;PERSON;1050;1060;0.99
000300-002;513-515;Abu Bakar;PERSON;1172;1181;0.99
000300-002;513-515;Abu Bakar;PERSON;1220;1229;0.99
000300-002;513-515;Abu Bakar;PERSON;1265;1274;0.99
000300-002;513-515;Abu Sufyan;PERSON;1323;1333;0.99
000300-002;513-515;Umar bin Al-Khaththab;PERSON;1342;1363;0.99
000300-002;513-515;Umar;PERSON;1389;1393;0.99
000300-002;513-515;Rasulullah;PERSON;1458;1468;0.99
000300-003;513-515;Umar;PERSON;0;4;0.99
000300-003;513-515;Rasulullah;PERSON;69;79;0.99
000300-003;513-515;Abu Sufyan;PERSON;197;207;0.99
000300-003;513-515;Ali bin Abu Thalib;PERSON;216;234;0.99
000300-003;513-515;Abu Sufyan;PERSON;308;318;0.99
000300-003;513-515;Ali;PERSON;334;337;0.99
000300-003;513-515;Muhammad;PERSON;533;541;0.99
000300-003;513-515;Abu Sufyan;PERSON;565;575;0.99
000300-003;513-515;Rasulullah;PERSON;577;587;0.99
000300-003;513-515;Ali;PERSON;668;671;0.99
000300-003;513-515;Abu Sufyan;PERSON;673;683;0.99
000300-003;513-515;Rasulullah;PERSON;1057;1067;0.99
000300-003;513-515;Abu Sufyan;PERSON;1103;1113;0.99
000300-003;513-515;Ali bin Abu Thalib;PERSON;1177;1195;0.99
000300-004;513-515;Abu Sufyan;PERSON;179;189;0.99
000300-004;513-515;Ali;PERSON;274;277;0.99
000300-004;513-515;Abu Sufyan;PERSON;284;294;0.99
000300-004;513-515;Abu Sufyan;PERSON;516;526;0.99
000300-004;513-515;Abu Sufyan;PERSON;563;573;0.99
000300-004;513-515;Muhammad;PERSON;603;611;0.99
000300-004;513-515;Abu Qahafah;PERSON;720;731;0.99
000300-004;513-515;Abu Bakar;PERSON;733;742;0.99
000300-004;513-515;Umar bin Al-Khaththab;PERSON;803;824;0.99
000300-004;513-515;Ali;PERSON;895;898;0.99
000300-004;513-515;Abu Sufyan;PERSON;1232;1242;0.99
000300-004;513-515;Muhammad;PERSON;1252;1260;0.99
000300-004;513-515;Abu Sufyan;PERSON;1435;1445;0.99
000301-001;515-517;Ath-Thabarani;PERSON;24;37;0.99
000301-001;515-517;Rasulullah;PERSON;128;138;0.99
000301-001;515-517;Aisyah;PERSON;153;159;0.99
000301-001;515-517;Abu Bakar;PERSON;249;258;0.99
000301-001;515-517;Aisyah;PERSON;275;281;0.99
000301-001;515-517;Aisyah;PERSON;374;380;0.99
000301-001;515-517;Perang Bani Al-Ashfar;EVENT;431;452;0.99
000301-001;515-517;Rasulullah;PERSON;480;490;0.99
000301-001;515-517;Aisyah;PERSON;529;535;0.99
000301-001;515-517;Amr bin Salim;PERSON;564;577;0.99
000301-001;515-517;Abu Sufyan;PERSON;796;806;0.99
000301-001;515-517;Rasulullah;PERSON;866;876;0.99
000301-001;515-517;Makkah;LOCATION;974;980;0.99
000301-001;515-517;Rasulullah;PERSON;1139;1149;0.99
000301-001;515-517;Abu Qatadah bin Rab'i;PERSON;1211;1232;0.99
000301-001;515-517;Dzul Marwah;LOCATION;1292;1303;0.99
000301-001;515-517;bulan Ramadhan 8 H;TIME;1314;1332;0.99
000301-002;515-517;Makkah;LOCATION;140;146;0.99
000301-002;515-517;Hathib bin Abi Balta'ah;PERSON;203;226;0.99
000301-002;515-517;Rasulullah;PERSON;318;328;0.99
000301-002;515-517;Rasulullah;PERSON;562;572;0.99
000301-002;515-517;Hathib bin Abu Balta'ah;PERSON;627;650;0.99
000301-002;515-517;Ali;PERSON;677;680;0.99
000301-002;515-517;Ali;PERSON;1199;1202;0.99
000301-002;515-517;Rasulullah;PERSON;1239;1249;0.99
000301-002;515-517;Amir bin Al-Adhbath;PERSON;1399;1418;0.99
000301-003;515-517;Muhallim bin Jatstsamah;PERSON;56;79;0.99
000301-003;515-517;Rasulullah;PERSON;282;292;0.99
000301-003;515-517;Ibnu Ishaq;PERSON;368;378;0.99
000301-003;515-517;Ali;PERSON;452;455;0.99
000301-003;515-517;Rasulullah;PERSON;704;714;0.99
000301-003;515-517;Hathib bin Abu Balta;PERSON;749;769;0.99
000301-003;515-517;Rasulullah;PERSON;842;852;0.99
000301-003;515-517;Rasulullah;PERSON;946;956;0.99
000301-004;515-517;Umar bin Al-Khaththab;PERSON;225;246;0.99
000301-004;515-517;Rasulullah;PERSON;263;273;0.99
000301-004;515-517;Rasulullah;PERSON;384;394;0.99
000301-004;515-517;Perang Badr;EVENT;441;452;0.99
000301-004;515-517;Umar;PERSON;506;510;0.99
000301-004;515-517;Perang Badr;EVENT;583;594;0.99
000301-004;515-517;Umar;PERSON;703;707;0.99
000302-001;517-518;bulan Ramadhan 8 H;TIME;24;42;0.99
000302-001;517-518;Rasulullah;PERSON;44;54;0.99
000302-001;517-518;Madinah;LOCATION;68;75;0.99
000302-001;517-518;Makkah;LOCATION;95;101;0.99
000302-001;517-518;Madinah;LOCATION;136;143;0.99
000302-001;517-518;Abu Ruhm;PERSON;162;170;0.99
000302-001;517-518;Rasulullah;PERSON;230;240;0.99
000302-001;517-518;Al-Abbas bin Abdul Muthalib;PERSON;263;290;0.99
000302-001;517-518;Abu Sufyan bin Al-Harits;PERSON;433;457;0.99
000302-001;517-518;Abdullah bin Umayyah;PERSON;481;501;0.99
000302-001;517-518;Ummu Salamah;PERSON;607;619;0.99
000302-001;517-518;Ali bin Abu Thalib;PERSON;749;767;0.99
000302-001;517-518;Abu Sufyan bin Al-Harits;PERSON;789;813;0.99
000302-001;517-518;Rasulullah;PERSON;825;835;0.99
000302-001;517-518;Yusuf;PERSON;907;912;0.99
000302-001;517-518;Abu Sufyan;PERSON;1165;1175;0.99
000302-001;517-518;Ali;PERSON;1195;1198;0.99
000302-001;517-518;Abu Sufyan;PERSON;1236;1246;0.99
000302-002;517-518;Abu Sufyan;PERSON;32;42;0.99
000302-002;517-518;Abu Sufyan;PERSON;196;206;0.99
000302-002;517-518;Muhammad;PERSON;328;336;0.99
000303-001;518-519;Rasulullah;PERSON;0;10;0.99
000303-001;518-519;Abu Sufyan;PERSON;246;256;0.99
000303-001;518-519;Rasulullah;PERSON;376;386;0.99
000303-001;518-519;Abu Sufyan;PERSON;443;453;0.99
000303-001;518-519;Hamzah;PERSON;556;562;0.99
000303-001;518-519;Abu Sufyan;PERSON;588;598;0.99
000303-001;518-519;Umar bin Al-Khaththab;PERSON;924;945;0.99
000304-001;519-521;Al-Abbas;PERSON;54;62;0.99
000304-001;519-521;Makkah;LOCATION;221;227;0.99
000304-001;519-521;Abu Sufyan;PERSON;424;434;0.99
000304-001;519-521;Hakim bin Hizam;PERSON;481;496;0.99
000304-001;519-521;Budail bin Zarqa;PERSON;501;517;0.99
000304-001;519-521;Al-Abbas;PERSON;519;527;0.99
000304-001;519-521;Abu Sufyan;PERSON;613;623;0.99
000304-001;519-521;Budail bin Zarqa;PERSON;628;644;0.99
000304-001;519-521;Abu Sufyan;PERSON;678;688;0.99
000304-001;519-521;Abu Sufyan;PERSON;861;871;0.99
000304-001;519-521;Abu Hanzhalah;PERSON;1065;1078;0.99
000304-001;519-521;Abu Fadhl;PERSON;1144;1153;0.99
000304-001;519-521;Rasulullah;PERSON;1257;1267;0.99
000304-001;519-521;Abu Sufyan;PERSON;1414;1424;0.99
000304-002;519-521;Abu Sufyan;PERSON;123;133;0.99
000304-002;519-521;Rasulullah;PERSON;300;310;0.99
000304-002;519-521;Abu Sufyan;PERSON;365;375;0.99
000304-002;519-521;Rasulullah;PERSON;569;579;0.99
000304-002;519-521;Rasulullah;PERSON;659;669;0.99
000304-002;519-521;Umar bin Al-Kahththab;PERSON;739;760;0.99
000304-002;519-521;Abu Sufyan;PERSON;830;840;0.99
000304-002;519-521;Abu Sufyan;PERSON;881;891;0.99
000304-002;519-521;Rasulullah;PERSON;1018;1028;0.99
000304-002;519-521;Umar;PERSON;1102;1106;0.99
000304-002;519-521;Umar;PERSON;1194;1198;0.99
000304-002;519-521;Rasulullah;PERSON;1229;1239;0.99
000304-002;519-521;Abu Sufyan;PERSON;1252;1262;0.99
000304-003;519-521;Umar;PERSON;20;24;0.99
000304-003;519-521;Rasulullah;PERSON;55;65;0.99
000304-003;519-521;Abu Sufyan;PERSON;78;88;0.99
000304-003;519-521;Rasulullah;PERSON;143;153;0.99
000304-003;519-521;Umar bin Al-Khaththab;PERSON;329;350;0.99
000304-003;519-521;Umar;PERSON;414;418;0.99
000304-003;519-521;Adi bin Ka'ab;PERSON;483;496;0.99
000304-003;519-521;Umar;PERSON;572;576;0.99
000304-003;519-521;Rasulullah;PERSON;746;756;0.99
000304-003;519-521;Rasulullah;PERSON;791;801;0.99
000304-003;519-521;Abu Sufyan;PERSON;959;969;0.99
000304-003;519-521;Abu Sufyan;PERSON;1031;1041;0.99
000304-003;519-521;Abu Sufyan;PERSON;1129;1139;0.99
000304-003;519-521;Abu Sufyan;PERSON;1446;1456;0.99
000304-004;519-521;Abu Sufyan;PERSON;170;180;0.99
000304-004;519-521;Abu Sufyan;PERSON;258;268;0.99
000304-004;519-521;Al-Abbas;PERSON;500;508;0.99
000304-004;519-521;Muhammad;PERSON;600;608;0.99
000304-004;519-521;Abu Sufyan;PERSON;681;691;0.99
000304-004;519-521;Al-Abbas;PERSON;743;751;0.99
000304-004;519-521;Rasulullah;PERSON;767;777;0.99
000304-004;519-521;Rasulullah;PERSON;787;797;0.99
000304-004;519-521;Abu Sufyan;PERSON;799;809;0.99
000304-004;519-521;Abu Sufyan;PERSON;935;945;0.99
000304-004;519-521;Masjidil Haram;LOCATION;999;1013;0.99
000305-001;521-522;tanggal 17 Ramadhan;TIME;22;41;0.99
000305-001;521-522;Rasulullah;PERSON;47;57;0.99
000305-001;521-522;Makkah;LOCATION;95;101;0.99
000305-001;521-522;Al-Abbas;PERSON;124;132;0.99
000305-001;521-522;Abu Sufyan;PERSON;147;157;0.99
000305-001;521-522;Abu Sufyan;PERSON;247;257;0.99
000305-001;521-522;Abu Sufyan;PERSON;389;399;0.99
000305-001;521-522;Abbas;PERSON;417;422;0.99
000305-001;521-522;Abbas;PERSON;461;466;0.99
000305-001;521-522;Abu Sufyan;PERSON;499;509;0.99
000305-001;521-522;Abu Sufyan;PERSON;592;602;0.99
000305-001;521-522;Abbas;PERSON;635;640;0.99
000305-001;521-522;Abu Sufyan;PERSON;704;714;0.99
000305-001;521-522;Abu Sufyan;PERSON;801;811;0.99
000305-001;521-522;Rasulullah;PERSON;905;915;0.99
000305-001;521-522;Abu Sufyan;PERSON;1128;1138;0.99
000305-001;521-522;Rasulullah;PERSON;1152;1162;0.99
000305-001;521-522;Abbas;PERSON;1200;1205;0.99
000305-001;521-522;Abu Sufyan;PERSON;1270;1280;0.99
000305-002;521-522;Rasulullah;PERSON;12;22;0.99
000305-002;521-522;Abbas;PERSON;60;65;0.99
000305-002;521-522;Abu Sufyan;PERSON;130;140;0.99
000305-002;521-522;Abu Fadhl;PERSON;187;196;0.99
000305-002;521-522;Al-Abbas;PERSON;273;281;0.99
000305-002;521-522;Abu Sufyan;PERSON;298;308;0.99
000305-002;521-522;Abu Sufyan;PERSON;369;379;0.99
000305-002;521-522;Sa'ad bin Ubadah;PERSON;405;421;0.99
000305-002;521-522;Abu Sufyan;PERSON;446;456;0.99
000305-002;521-522;Abu Sufyan;PERSON;579;589;0.99
000305-002;521-522;Rasulullah;PERSON;606;616;0.99
000305-002;521-522;Abu Sufyan;PERSON;641;651;0.99
000305-002;521-522;Rasulullah;PERSON;660;670;0.99
000305-002;521-522;Abu Sufyan;PERSON;818;828;0.99
000305-002;521-522;Utsman bin Abdurrahman bin Auf;PERSON;829;859;0.99
000305-002;521-522;Rasulullah;PERSON;876;886;0.99
000305-002;521-522;Ka'bah;LOCATION;1027;1033;0.99
000305-002;521-522;Az-Zubair;PERSON;1303;1312;0.99
000306-001;522-523;Rasulullah;PERSON;8;18;0.99
000306-001;522-523;Abu Sufyan;PERSON;28;38;0.99
000306-001;522-523;Al-Abbas;PERSON;40;48;0.99
000306-001;522-523;Abu Sufyan;PERSON;99;109;0.99
000306-001;522-523;Makkah;LOCATION;123;129;0.99
000306-001;522-523;Muhammad;PERSON;198;206;0.99
000306-001;522-523;Abu Sufyan;PERSON;295;305;0.99
000306-001;522-523;Hindun binti Uthbah;PERSON;338;357;0.99
000306-001;522-523;Abu Sufyan;PERSON;504;514;0.99
000306-001;522-523;Abu Sufyan;PERSON;698;708;0.99
000306-001;522-523;Abu Sufyan;PERSON;818;828;0.99
000306-001;522-523;Ikrimah bin Abu Jahl;PERSON;1362;1382;0.99
000306-001;522-523;Shafwan bin Umayyah;PERSON;1384;1403;0.99
000306-001;522-523;Suhail bin Amr;PERSON;1409;1423;0.99
000306-002;522-523;Ikrimah bin Abu Jahl;PERSON;157;177;0.99
000306-002;522-523;Shafwan bin Umayyah;PERSON;179;198;0.99
000306-002;522-523;Suhail bin Amr;PERSON;204;218;0.99
000306-002;522-523;Bakr;PERSON;326;330;0.99
000306-002;522-523;Hammas bin Qais;PERSON;344;359;0.99
000306-002;522-523;Muhammad;PERSON;503;511;0.99
000306-002;522-523;Muhammad;PERSON;603;611;0.99
000307-001;523-524;Rasulullah;PERSON;0;10;0.99
000307-001;523-524;Khalid bin Al-Walid;PERSON;271;290;0.99
000307-001;523-524;Khalid;PERSON;438;444;0.99
000307-001;523-524;Makkah;LOCATION;475;481;0.99
000307-001;523-524;Shafa;LOCATION;608;613;0.99
000307-001;523-524;Az-Zubair bin Al-Awwam;PERSON;626;648;0.99
000307-001;523-524;Rasulullah;PERSON;684;694;0.99
000307-001;523-524;Makkah;LOCATION;727;733;0.99
000307-001;523-524;Qada;LOCATION;777;781;0.99
000307-001;523-524;Abu Ubaidah;PERSON;924;935;0.99
000307-001;523-524;Makkah;LOCATION;1046;1052;0.99
000307-001;523-524;Rasulullah;PERSON;1062;1072;0.99
000308-001;524;Makkah;LOCATION;93;99;0.99
000308-001;524;Khalid bin Al-Walid;PERSON;127;146;0.99
000308-001;524;Khalid;PERSON;212;218;0.99
000308-001;524;Kurz bin Jabir;PERSON;232;246;0.99
000308-001;524;Khunais bin Khalid bin Rabi'ah;PERSON;260;290;0.99
000308-001;524;Khalid;PERSON;507;513;0.99
000308-001;524;Khalid;PERSON;559;565;0.99
000308-001;524;Hammas bin Qais;PERSON;652;667;0.99
000308-001;524;Khalid bin Al-Walid;PERSON;1171;1190;0.99
000308-001;524;Makkah;LOCATION;1206;1212;0.99
000308-001;524;Rasulullah;PERSON;1237;1247;0.99
000308-001;524;Shafa;LOCATION;1251;1256;0.99
000308-001;524;Rasulullah;PERSON;1417;1427;0.99
000309-001;525;Rasulullah;PERSON;12;22;0.99
000309-001;525;Ka'bah;LOCATION;149;155;0.99
000309-001;525;Ka'bah;LOCATION;202;208;0.99
000309-001;525;Utsman bin Thalhah;PERSON;803;821;0.99
000309-001;525;Ka'bah;LOCATION;865;871;0.99
000309-001;525;Ka'bah;LOCATION;912;918;0.99
000309-001;525;Ibrahim;PERSON;984;991;0.99
000309-001;525;Ibrahim;PERSON;1119;1126;0.99
000310-001;525-526;Ka'bah;LOCATION;21;27;0.99
000310-001;525-526;Usamah;PERSON;55;61;0.99
000310-001;525-526;Bilal;PERSON;66;71;0.99
000310-001;525-526;Ka'bah;LOCATION;106;112;0.99
000310-001;525-526;Ka'bah;LOCATION;145;151;0.99
000310-001;525-526;Ka'bah;LOCATION;347;353;0.99
000310-001;525-526;Ka'bah;LOCATION;441;447;0.99
000310-001;525-526;Ka'bah;LOCATION;526;532;0.99
000310-001;525-526;Ka'bah;LOCATION;670;676;0.99
000310-001;525-526;Ka'bah;LOCATION;1008;1014;0.99
000310-002;525-526;Adam;PERSON;141;145;0.99
000310-002;525-526;Adam;PERSON;150;154;0.99
000310-002;525-526;Yusuf;PERSON;853;858;0.99
000311-001;526-527;Rasulullah;PERSON;5;15;0.99
000311-001;526-527;Ali bin Abu Thalib;PERSON;46;64;0.99
000311-001;526-527;Ka'bah;LOCATION;106;112;0.99
000311-001;526-527;Rasulullah;PERSON;133;143;0.99
000311-001;526-527;Ka'bah;LOCATION;176;182;0.99
000311-001;526-527;Al-Abbas;PERSON;377;385;0.99
000311-001;526-527;Utsman bin Thalhah;PERSON;409;427;0.99
000311-001;526-527;Utsman bin Thalhah;PERSON;438;456;0.99
000311-001;526-527;Utsman;PERSON;521;527;0.99
000311-001;526-527;Ibnu Sa'd;PERSON;604;613;0.99
000311-001;526-527;Utsman bin Thalhah;PERSON;700;718;0.99
000311-001;526-527;Utsman;PERSON;839;845;0.99
000312-001;527;Rasulullah;PERSON;27;37;0.99
000312-001;527;Bilal;PERSON;52;57;0.99
000312-001;527;Ka'bah;LOCATION;77;83;0.99
000312-001;527;Abu Sufyan bin Harb;PERSON;133;152;0.99
000312-001;527;Attab bin Usaid;PERSON;154;169;0.99
000312-001;527;Al-Harits bin Hisyam;PERSON;175;195;0.99
000312-001;527;Ka'bah;LOCATION;220;226;0.99
000312-001;527;Usaid;PERSON;267;272;0.99
000312-001;527;Abu Sufyan;PERSON;465;475;0.99
000313-001;527-528;Rasulullah;PERSON;19;29;0.99
000313-001;527-528;Ummu Hani binti Abu Thalib;PERSON;51;77;0.99
000313-001;527-528;Ummu Hani;PERSON;244;253;0.99
000313-001;527-528;Ali bin Abu Thalib;PERSON;366;384;0.99
000313-001;527-528;Ummu Hani;PERSON;429;438;0.99
000313-001;527-528;Ummu Hani;PERSON;511;520;0.99
000313-001;527-528;Ali;PERSON;607;610;0.99
000313-001;527-528;Ummu Hani;PERSON;706;715;0.99
000314-001;528-529;Rasulullah;PERSON;14;24;0.99
000314-001;528-529;Ka'bah;LOCATION;179;185;0.99
000314-001;528-529;Abdul Uzza bin Khathal;PERSON;213;235;0.99
000314-001;528-529;Abdullah bin Abu Sarh;PERSON;237;258;0.99
000314-001;528-529;Ikrimah bin Abu Jahl;PERSON;260;280;0.99
000314-001;528-529;Al-Harits bin Nufail bin Wahb;PERSON;282;311;0.99
000314-001;528-529;Miqyas bin Shubabah;PERSON;313;332;0.99
000314-001;528-529;Habbar bin Al-Aswad;PERSON;334;353;0.99
000314-001;528-529;Ibnu Khathal;PERSON;375;387;0.99
000314-001;528-529;Hathib bin Abu Balta'ah;PERSON;506;529;0.99
000314-001;528-529;Abdullah bin Abu Sarh;PERSON;580;601;0.99
000314-001;528-529;Utsman bin Affan;PERSON;615;631;0.99
000314-001;528-529;Utsman bin Affan;PERSON;716;732;0.99
000314-001;528-529;Utsman;PERSON;739;745;0.99
000314-001;528-529;Abdullah bin Abu Sarh;PERSON;895;916;0.99
000314-001;528-529;Abdullah bin Sarh;PERSON;946;963;0.99
000314-001;528-529;Madinah;LOCATION;1006;1013;0.99
000314-001;528-529;Makkah;LOCATION;1062;1068;0.99
000314-001;528-529;Ikrimah bin Abu Jahl;PERSON;1069;1089;0.99
000314-001;528-529;Yaman;LOCATION;1108;1113;0.99
000314-001;528-529;Rasulullah;PERSON;1165;1175;0.99
000314-001;528-529;Yaman;LOCATION;1214;1219;0.99
000314-001;528-529;Makkah;LOCATION;1256;1262;0.99
000314-001;528-529;Ikrimah;PERSON;1267;1274;0.99
000314-001;528-529;Ibnu Khathal;PERSON;1298;1310;0.99
000314-001;528-529;Ka'bah;LOCATION;1337;1343;0.99
000314-002;528-529;Miqyas bin Shubabah;PERSON;71;90;0.99
000314-002;528-529;Numailah bin Abdullah;PERSON;99;120;0.99
000314-002;528-529;Ummu Hani;PERSON;217;226;0.99
000314-002;528-529;Makkah;LOCATION;311;317;0.99
000314-002;528-529;Ummu Hani;PERSON;342;351;0.99
000314-002;528-529;Al-Harits bin Nufail;PERSON;549;569;0.99
000314-002;528-529;Rasulullah;PERSON;630;640;0.99
000314-002;528-529;Makkah;LOCATION;649;655;0.99
000314-002;528-529;Ali bin Abu Thalib;PERSON;669;687;0.99
000314-002;528-529;Habbar bin Al-Aswad;PERSON;689;708;0.99
000314-002;528-529;Zainab binti Rasulullah;PERSON;760;783;0.99
000314-002;528-529;Madinah;LOCATION;806;813;0.99
000314-002;528-529;Zainab;PERSON;868;874;0.99
000314-002;528-529;Makkah;LOCATION;967;973;0.99
000314-002;528-529;Ibnu Hajar;PERSON;1226;1236;0.99
000314-002;528-529;Abu Ma'syar;PERSON;1238;1249;0.99
000314-002;528-529;Al-Harits bin Ath-Thulatil;PERSON;1318;1344;0.99
000314-002;528-529;Ali bin Abu Thalib;PERSON;1370;1388;0.99
000314-002;528-529;Ka'b bin Zuhair;PERSON;1436;1451;0.99
000314-003;528-529;Ka'b bin Zuhair;PERSON;46;61;0.99
000314-003;528-529;Wahsy bin Harb;PERSON;178;192;0.99
000314-003;528-529;Hindun binti Uthbah;PERSON;194;213;0.99
000314-003;528-529;Abu Sufyan;PERSON;221;231;0.99
000314-003;528-529;Ummu Sa'd;PERSON;311;320;0.99
000314-003;528-529;Ibnu Ishaq;PERSON;355;365;0.99
000314-003;528-529;Ummu Sa'd;PERSON;481;490;0.99
000315-001;529-530;Umair bin Al-Wahb;PERSON;179;196;0.99
000315-001;529-530;Rasulullah;PERSON;251;261;0.99
000315-001;529-530;Makkah;LOCATION;367;373;0.99
000315-001;529-530;Yaman;LOCATION;476;481;0.99
000315-001;529-530;Rasulullah;PERSON;837;847;0.99
000316-001;530-531;Rasulullah;PERSON;36;46;0.99
000316-001;530-531;Makkah;LOCATION;247;253;0.99
000316-001;530-531;Makkah;LOCATION;297;303;0.99
000316-001;530-531;Rasulullah;PERSON;564;574;0.99
000316-001;530-531;Al-Abbas;PERSON;1078;1086;0.99
000316-001;530-531;Rasulullah;PERSON;1103;1113;0.99
000316-001;530-531;Rasulullah;PERSON;1377;1387;0.99
000316-002;530-531;Rasulullah;PERSON;16;26;0.99
000316-002;530-531;Yaman;LOCATION;551;556;0.99
000316-002;530-531;Abu Syah;PERSON;570;578;0.99
000316-002;530-531;Rasulullah;PERSON;641;651;0.99
000316-002;530-531;Abu Syah;PERSON;704;712;0.99
000317-001;531;Rasulullah;PERSON;8;18;0.99
000317-001;531;Makkah;LOCATION;57;63;0.99
000317-001;531;Rasulullah;PERSON;199;209;0.99
000317-001;531;Makkah;LOCATION;226;232;0.99
000317-001;531;Shafa;LOCATION;304;309;0.99
000317-001;531;Rasulullah;PERSON;433;443;0.99
000318-001;531-532;Makkah;LOCATION;25;31;0.99
000318-001;531-532;Rasulullah;PERSON;37;47;0.99
000318-001;531-532;Makkah;LOCATION;86;92;0.99
000318-001;531-532;Rasulullah;PERSON;278;288;0.99
000318-001;531-532;Shafa;LOCATION;298;303;0.99
000318-001;531-532;Umar bin Al-Khaththab;PERSON;337;358;0.99
000318-001;531-532;Shafa;LOCATION;650;655;0.99
000318-001;531-532;Umar;PERSON;660;664;0.99
000318-001;531-532;Hindun binti Uthbah;PERSON;820;839;0.99
000318-001;531-532;Abu Sufyan;PERSON;847;857;0.99
000318-001;531-532;Hamzah;PERSON;997;1003;0.99
000318-001;531-532;Rasulullah;PERSON;1005;1015;0.99
000318-001;531-532;Umar bin Al-Khaththab;PERSON;1106;1127;0.99
000318-002;531-532;Rasulullah;PERSON;0;10;0.99
000318-002;531-532;Umar bin Al-Khaththab;PERSON;101;122;0.99
000318-002;531-532;Abu Sufyan;PERSON;265;275;0.99
000318-002;531-532;Abu Sufyan;PERSON;353;363;0.99
000318-002;531-532;Rasulullah;PERSON;422;432;0.99
000318-002;531-532;Perang Badr;EVENT;1022;1033;0.99
000318-002;531-532;Umar;PERSON;1063;1067;0.99
000319-001;532;Rasulullah;PERSON;0;10;0.99
000319-001;532;Makkah;LOCATION;14;20;0.99
000319-001;532;Abu Usaid;PERSON;170;179;0.99
000319-001;532;Makkah;LOCATION;355;361;0.99
000319-001;532;Makkah;LOCATION;383;389;0.99
000320-001;532-536;Khalid bin Al-Walid;PERSON;110;129;0.99
000320-001;532-536;bulan Ramadhan;TIME;229;243;0.99
000320-001;532-536;Khalid;PERSON;396;402;0.99
000320-001;532-536;Khalid;PERSON;498;504;0.99
000320-001;532-536;Rasulullah;PERSON;514;524;0.99
000320-001;532-536;Khalid;PERSON;583;589;0.99
000320-001;532-536;Khalid;PERSON;724;730;0.99
000320-001;532-536;Khalid;PERSON;936;942;0.99
000320-001;532-536;Khalid;PERSON;1033;1039;0.99
000320-001;532-536;Rasulullah;PERSON;1094;1104;0.99
000320-001;532-536;Amru bin Al-Ash;PERSON;1247;1262;0.99
000320-001;532-536;Makkah;LOCATION;1353;1359;0.99
000320-002;532-536;Makkah;LOCATION;51;57;0.99
000320-002;532-536;Rasulullah;PERSON;139;149;0.99
000320-002;532-536;Sa'd bin Zaid;PERSON;748;761;0.99
000320-003;532-536;Khalid bin Al-Walid;PERSON;197;216;0.99
000320-003;532-536;Rasulullah;PERSON;224;234;0.99
000320-003;532-536;bulan Sya'ban;TIME;240;253;0.99
000320-003;532-536;Khalid;PERSON;594;600;0.99
000320-003;532-536;Ibnu Umar;PERSON;820;829;0.99
000320-003;532-536;Khalid;PERSON;869;875;0.99
000320-003;532-536;Ibnu Umar;PERSON;881;890;0.99
000320-003;532-536;Rasulullah;PERSON;925;935;0.99
000320-003;532-536;Ali bin Abu Thalib;PERSON;1246;1264;0.99
000320-003;532-536;Khalid;PERSON;1354;1360;0.99
000320-003;532-536;Abdurrahman bin Auf;PERSON;1365;1384;0.99
000320-004;532-536;Khalid;PERSON;0;6;0.99
000320-004;532-536;Abdurrahman bin Auf;PERSON;11;30;0.99
000320-004;532-536;Khalid;PERSON;139;145;0.99
000320-004;532-536;Khalid;PERSON;163;169;0.99
000320-004;532-536;Uhud;LOCATION;219;223;0.99
000320-004;532-536;Makkah;LOCATION;445;451;0.99
000320-004;532-536;Jazirah Arab;LOCATION;661;673;0.99
000320-004;532-536;Makkah;LOCATION;700;706;0.99
000320-004;532-536;Abrahah;PERSON;1146;1153;0.99
000320-004;532-536;Ka'bah;LOCATION;1165;1171;0.99
000320-004;532-536;Perjanjian Hudaibiyah;EVENT;1294;1315;0.99
000320-005;532-536;Makkah;LOCATION;201;207;0.99
000320-005;532-536;Makkah;LOCATION;483;489;0.99
000320-005;532-536;Makkah;LOCATION;564;570;0.99
000320-005;532-536;Jazirah Arab;LOCATION;813;825;0.99
000320-005;532-536;Perjanjian Hudaibiyah;EVENT;959;980;0.99
000320-005;532-536;Ibnu Hisyam;PERSON;1255;1266;0.99
000320-006;532-536;Rasulullah;PERSON;164;174;0.99
000321-001;537;Rasulullah;PERSON;62;72;0.99
000321-001;537;Makkah;LOCATION;318;324;0.99
000321-001;537;Jazirah Arab;LOCATION;445;457;0.99
000321-001;537;Penaklukan Makkah;EVENT;473;490;0.99
000321-001;537;Jazirah Arab;LOCATION;784;796;0.99
000322-001;538;Makkah;LOCATION;12;18;0.99
000322-001;538;Makkah;LOCATION;105;111;0.99
000322-001;538;Sa'd bin Bakr;PERSON;442;455;0.99
000322-001;538;Makkah;LOCATION;632;638;0.99
000322-001;538;Malik bin Auf;PERSON;680;693;0.99
000323-001;538;Malik bin Auf;PERSON;42;55;0.99
000323-001;538;Hunain;LOCATION;312;318;0.99
000323-001;538;Hunain;LOCATION;347;353;0.99
000323-001;538;Hunain;LOCATION;364;370;0.99
000323-001;538;Makkah;LOCATION;445;451;0.99
000323-001;538;Arafah;LOCATION;488;494;0.99
000324-001;538-539;Duraid bin Ash-Shimah;PERSON;44;65;0.99
000324-001;538-539;Malik bin Auf;PERSON;544;557;0.99
000324-001;538-539;Malik bin Auf;PERSON;650;663;0.99
000324-002;538-539;Malik bin Auf;PERSON;225;238;0.99
000325-001;539-540;Malik bin Auf;PERSON;0;13;0.99
000325-001;539-540;Rasulullah;PERSON;413;423;0.99
000325-001;539-540;Abu Hadrad;PERSON;433;443;0.99
000326-001;540;tanggal 6 Syawwal;TIME;5;22;0.99
000326-001;540;Rasulullah;PERSON;28;38;0.99
000326-001;540;Makkah;LOCATION;52;58;0.99
000326-001;540;Makkah;LOCATION;130;136;0.99
000326-001;540;Makkah;LOCATION;237;243;0.99
000326-001;540;Makkah;LOCATION;270;276;0.99
000326-001;540;Shafwan bin Umayyah;PERSON;360;379;0.99
000326-001;540;Attab bin Usaid;PERSON;400;415;0.99
000326-001;540;Rasulullah;PERSON;658;668;0.99
000326-001;540;Anas bin Abu Martsad;PERSON;827;847;0.99
000326-001;540;Hunain;LOCATION;899;905;0.99
000326-001;540;Muhammad;PERSON;1270;1278;0.99
000326-001;540;Musa;PERSON;1351;1355;0.99
000326-002;540;Rasulullah;PERSON;355;365;0.99
000327-001;541;tanggal 10 Syawwal;TIME;16;34;0.99
000327-001;541;Hunain;LOCATION;58;64;0.99
000327-001;541;Malik bin Auf;PERSON;80;93;0.99
000327-001;541;Rasulullah;PERSON;455;465;0.99
000327-001;541;Hunain;LOCATION;636;642;0.99
000327-001;541;Abu Sufyan bin Harb;PERSON;1000;1019;0.99
000327-001;541;Laut Merah;LOCATION;1106;1116;0.99
000327-001;541;Kaladah bin Al-Junaid;PERSON;1132;1153;0.99
000327-001;541;Rasulullah;PERSON;1215;1225;0.99
000327-001;541;Muhammad bin Abdullah;PERSON;1330;1351;0.99
000327-002;541;Rasulullah;PERSON;229;239;0.99
000327-002;541;Abdul Muthathalib;PERSON;400;417;0.99
000327-002;541;Abu Sufyan bin Al-Harits;PERSON;431;455;0.99
000327-002;541;Al-Abbas;PERSON;502;510;0.99
000328-001;541-542;Rasulullah;PERSON;0;10;0.99
000328-001;541-542;Al-Abbas;PERSON;38;46;0.99
000328-001;541-542;Al-Abbas;PERSON;111;119;0.99
000328-001;541-542;Rasulullah;PERSON;704;714;0.99
000328-001;541-542;Al-Harits bin Al-Khazraj;PERSON;925;949;0.99
000329-001;542-543;Hunain;LOCATION;474;480;0.99
000330-001;543;Tha'if;LOCATION;90;96;0.99
000330-001;543;Abu Amir;PERSON;209;217;0.99
000330-001;543;Abu Amir;PERSON;434;442;0.99
000330-001;543;Duraid bin Ash-Shimah;PERSON;608;629;0.99
000330-001;543;Rabi;PERSON;671;675;0.99
000330-001;543;bin Rufai;PERSON;679;688;0.99
000330-001;543;Tha'if;LOCATION;740;746;0.99
000330-001;543;Hunain;LOCATION;832;838;0.99
000331-001;543-544;Rasulullah;PERSON;129;139;0.99
000331-001;543-544;Mas'ud bin Amr;PERSON;268;282;0.99
000331-001;543-544;perang Tha'if;EVENT;377;390;0.99
000331-001;543-544;Asy-Syaima' binti Al-Harits;PERSON;428;455;0.99
000332-001;544-545;Perang Hunain;EVENT;70;83;0.99
000332-001;544-545;Tha'if;LOCATION;138;144;0.99
000332-001;544-545;Malik bin Auf;PERSON;180;193;0.99
000332-001;544-545;Rasulullah;PERSON;241;251;0.99
000332-001;544-545;Tha'if;LOCATION;264;270;0.99
000332-001;544-545;Hunain;LOCATION;283;289;0.99
000332-001;544-545;Khalid bin Walid;PERSON;350;366;0.99
000332-001;544-545;Rasulullah;PERSON;430;440;0.99
000332-001;544-545;Malik bin Auf;PERSON;561;574;0.99
000332-001;544-545;Tha'if;LOCATION;680;686;0.99
000332-001;544-545;Tha'if;LOCATION;1419;1425;0.99
000332-002;544-545;Tha'if;LOCATION;70;76;0.99
000332-002;544-545;Rasulullah;PERSON;549;559;0.99
000332-002;544-545;Tha'if;LOCATION;699;705;0.99
000332-002;544-545;Abu Bakrah;PERSON;1028;1038;0.99
000332-002;544-545;Tha'if;LOCATION;1078;1084;0.99
000332-002;544-545;Abu Bakrah;PERSON;1169;1179;0.99
000332-003;544-545;Abu Bakrah;PERSON;25;35;0.99
000332-003;544-545;Rasulullah;PERSON;320;330;0.99
000332-003;544-545;Naufal bin Mu'awiyyah;PERSON;348;369;0.99
000332-003;544-545;Umar bin Al-Khaththab;PERSON;662;683;0.99
000332-004;544-545;Rasulullah;PERSON;195;205;0.99
000333-001;546-547;Tha if;LOCATION;42;48;0.99
000333-001;546-547;Rasulullah;PERSON;50;60;0.99
000333-001;546-547;Makkah;LOCATION;439;445;0.99
000333-001;546-547;Abu Sufyan bin Harb;PERSON;596;615;0.99
000333-001;546-547;Yazid;PERSON;741;746;0.99
000333-001;546-547;Yazid;PERSON;769;774;0.99
000333-001;546-547;Abu Sufyan;PERSON;794;804;0.99
000333-001;546-547;Mu'awiyah;PERSON;845;854;0.99
000333-001;546-547;Hakim bin Hizam;PERSON;941;956;0.99
000333-001;546-547;Shafwan bin Umayyah;PERSON;1038;1057;0.99
000333-001;546-547;Al-Harits bin Al-Harits bin Kaladah;PERSON;1180;1215;0.99
000333-002;546-547;Al-Harits bin Al-Harits bin Kaladah;PERSON;0;35;0.99
000333-002;546-547;Muhammad;PERSON;251;259;0.99
000333-002;546-547;Tihamah;LOCATION;627;634;0.99
000333-002;546-547;Zaid bin Tsabit;PERSON;1223;1238;0.99
000334-001;547-549;Hunain;LOCATION;298;304;0.99
000334-001;547-549;Rasulullah;PERSON;399;409;0.99
000334-001;547-549;Ibnu Ishaq;PERSON;560;570;0.99
000334-001;547-549;Abu Sa'ida;PERSON;589;599;0.99
000334-001;547-549;Rasulullah;PERSON;633;643;0.99
000334-001;547-549;Rasulullah;PERSON;881;891;0.99
000334-001;547-549;Sa'ad bin Ubadah;PERSON;928;944;0.99
000334-001;547-549;Rasulullah;PERSON;991;1001;0.99
000334-002;547-549;Rasulullah;PERSON;130;140;0.99
000334-002;547-549;Sa'd bin Ubadah;PERSON;281;296;0.99
000334-002;547-549;Rasulullah;PERSON;1330;1340;0.99
000334-003;547-549;Rasulullah;PERSON;73;83;0.99
000334-003;547-549;Muhammad;PERSON;936;944;0.99
000334-004;547-549;Rasulullah;PERSON;214;224;0.99
000335-001;549-550;Zuhair bin Shurad;PERSON;137;154;0.99
000335-001;549-550;Abu Burqan;PERSON;208;218;0.99
000335-001;549-550;Rasulullah;PERSON;811;821;0.99
000335-001;549-550;Rasulullah;PERSON;847;857;0.99
000335-001;549-550;Rasulullah;PERSON;1258;1268;0.99
000335-001;549-550;Al-Aqra' bin Habis;PERSON;1271;1289;0.99
000335-001;549-550;Uyainah bin Hishn;PERSON;1349;1366;0.99
000335-002;549-550;Rasulullah;PERSON;145;155;0.99
000335-002;549-550;Al-Aqra' bin Habis;PERSON;158;176;0.99
000335-002;549-550;Uyainah bin Hishn;PERSON;236;253;0.99
000335-002;549-550;Al-Abbas bin Mirdas;PERSON;314;333;0.99
000335-002;549-550;Rasulullah;PERSON;447;457;0.99
000335-002;549-550;Al-Abbas bin Mirdas;PERSON;500;519;0.99
000335-002;549-550;Rasulullah;PERSON;521;531;0.99
000335-002;549-550;Rasulullah;PERSON;1114;1124;0.99
000335-003;549-550;Uyainah bin Hishn;PERSON;280;297;0.99
000336-001;550-551;Rasulullah;PERSON;43;53;0.99
000336-001;550-551;Makkah;LOCATION;139;145;0.99
000336-001;550-551;Madinah;LOCATION;231;238;0.99
000336-001;550-551;Attab bin Usaid;PERSON;252;267;0.99
000336-001;550-551;Makkah;LOCATION;292;298;0.99
000336-001;550-551;Madinah;LOCATION;324;331;0.99
000336-001;550-551;bulan Dzul Hijjah 8 H;TIME;363;384;0.99
000336-001;550-551;Muhammad;PERSON;386;394;0.99
000336-001;550-551;Madinah;LOCATION;562;569;0.99
000336-001;550-551;Makkah;LOCATION;1078;1084;0.99
000336-001;550-551;Perang Khunain;EVENT;1409;1423;0.99
000337-001;552;Rasulullah;PERSON;84;94;0.99
000337-001;552;Madinah;LOCATION;106;113;0.99
000338-001;552-553;Rasulullah;PERSON;58;68;0.99
000338-001;552-553;Madinah;LOCATION;72;79;0.99
000338-001;552-553;tahun 8 H;TIME;111;120;0.99
000338-001;552-553;bulan Muharram tahun 9 H;TIME;163;187;0.99
000338-001;552-553;Uyainah bin Hishn;PERSON;315;332;0.99
000338-001;552-553;Yazid bin Al-Hushain;PERSON;350;370;0.99
000338-001;552-553;Abbad bin Bisyr;PERSON;394;409;0.99
000338-001;552-553;Rafi' bin Mukaits;PERSON;436;453;0.99
000338-001;552-553;Amru bin Al-Ash;PERSON;469;484;0.99
000338-001;552-553;Adh-Dhahak bin Sufyan;PERSON;504;525;0.99
000338-001;552-553;Basyir bin Sufyan;PERSON;543;560;0.99
000338-001;552-553;Ka'b;PERSON;569;573;0.99
000338-001;552-553;Ibnul Latibah;PERSON;577;590;0.99
000338-001;552-553;Al-Muhajir bin Abu Umayyah;PERSON;618;644;0.99
000338-001;552-553;Ziyad bin Lubaid;PERSON;659;675;0.99
000338-001;552-553;Adi bin Hatim;PERSON;693;706;0.99
000338-001;552-553;Malik bin Nuwairah;PERSON;734;752;0.99
000338-001;552-553;Az-Zibriqan bin Badr;PERSON;775;795;0.99
000338-001;552-553;Qais bin Ashim;PERSON;822;836;0.99
000338-001;552-553;Al-A'la bin Al-Hadhrami;PERSON;874;897;0.99
000338-001;552-553;Al-Bahrain bin Abu Thalib;PERSON;901;926;0.99
000338-001;552-553;Najran;LOCATION;930;936;0.99
000338-001;552-553;bulan Muharram 9 H;TIME;1029;1047;0.99
000338-001;552-553;bulan Muharram 9 H;TIME;1289;1307;0.99
000338-001;552-553;Hudaibiyah;LOCATION;1390;1400;0.99
000338-001;552-553;Makkah;LOCATION;1429;1435;0.99
000339-001;553-557;Uyainah bin Hishn;PERSON;283;300;0.99
000339-001;553-557;bulan Muharram 9 H;TIME;316;334;0.99
000339-001;553-557;Uyainah bin Hishn;PERSON;605;622;0.99
000339-001;553-557;Madinah;LOCATION;940;947;0.99
000339-001;553-557;Ramlah binti Al-Harits;PERSON;971;993;0.99
000339-001;553-557;Rasulullah;PERSON;1060;1070;0.99
000339-001;553-557;Muhammad;PERSON;1094;1102;0.99
000339-002;553-557;Utharid bin Hajib;PERSON;101;118;0.99
000339-002;553-557;Rasulullah;PERSON;162;172;0.99
000339-002;553-557;Tsabit bin Qais bin Syammas;PERSON;187;214;0.99
000339-002;553-557;Az-Zibriqan bin Badr;PERSON;325;345;0.99
000339-002;553-557;Hassan bin Tsabit;PERSON;414;431;0.99
000339-002;553-557;Al-Aqra' bin Habis;PERSON;526;544;0.99
000339-002;553-557;Rasulullah;PERSON;778;788;0.99
000339-002;553-557;Quthbah bin Amir;PERSON;886;902;0.99
000339-002;553-557;bulan Shafar 9 H;TIME;986;1002;0.99
000339-002;553-557;Madinah;LOCATION;1363;1370;0.99
000339-002;553-557;Adh-Dhahak bin Sufyan;PERSON;1390;1411;0.99
000339-002;553-557;bulan Rabi'ul Awwal 9 H;TIME;1441;1464;0.99
000339-003;553-557;Adh-Dhahak bin Sufyan;PERSON;15;36;0.99
000339-003;553-557;bulan Rabi'ul Awwal 9 H;TIME;66;89;0.99
000339-003;553-557;Alqamah bin Mujazziz;PERSON;357;377;0.99
000339-003;553-557;bulan Rabi'ul Awwal 9 H;TIME;412;435;0.99
000339-003;553-557;Habasyah;LOCATION;511;519;0.99
000339-003;553-557;Makkah;LOCATION;580;586;0.99
000339-003;553-557;Habasyah;LOCATION;650;658;0.99
000339-003;553-557;Ali bin Abu Thalib;PERSON;745;763;0.99
000339-003;553-557;bulan Muharram 9 H;TIME;971;989;0.99
000339-003;553-557;Al-Aqra' bin Habis;PERSON;1059;1077;0.99
000339-003;553-557;Al-Aqra' bin Habislah;PERSON;1147;1168;0.99
000339-003;553-557;Rabi'ul;TIME;1407;1414;0.99
000339-004;553-557;Rabi'ul Awwal;TIME;22;35;0.99
000339-004;553-557;Rasulullah;PERSON;41;51;0.99
000339-004;553-557;Adi bin Hatim;PERSON;413;426;0.99
000339-004;553-557;Syam;LOCATION;460;464;0.99
000339-004;553-557;Madinah;LOCATION;661;668;0.99
000339-004;553-557;Adi bin Hatim;PERSON;678;691;0.99
000339-004;553-557;Rasulullah;PERSON;714;724;0.99
000339-004;553-557;Rasulullah;PERSON;750;760;0.99
000339-004;553-557;Adi bin Hatim;PERSON;1058;1071;0.99
000339-005;553-557;Adi bin Hatim;PERSON;470;483;0.99
000339-005;553-557;Syam;LOCATION;487;491;0.99
000339-005;553-557;Rasulullah;PERSON;544;554;0.99
000339-005;553-557;Adi bin Hatim;PERSON;728;741;0.99
000339-005;553-557;Rasulullah;PERSON;750;760;0.99
000339-005;553-557;Adi bin Hatim;PERSON;1141;1154;0.99
000339-006;553-557;Adi bin Hatim;PERSON;199;212;0.99
000339-006;553-557;Rasulullah;PERSON;253;263;0.99
000339-006;553-557;Ibnu Ishaq;PERSON;392;402;0.99
000339-006;553-557;Adi bin Hatim;PERSON;408;421;0.99
000339-006;553-557;Adi bin Hatim;PERSON;746;759;0.99
000339-007;553-557;Ka'bah;LOCATION;744;750;0.99
000339-007;553-557;Ka'bah;LOCATION;1138;1144;0.99
000339-007;553-557;Kisra bin Hurmuz;PERSON;1242;1258;0.99
000340-001;558;Makkah;LOCATION;19;25;0.99
000340-001;558;Muhammad;PERSON;157;165;0.99
000340-001;558;Jazirah Arab;LOCATION;177;189;0.99
000341-001;558-559;Rasulullah;PERSON;315;325;0.99
000341-001;558-559;Al-Harits bin Umair;PERSON;328;347;0.99
000341-001;558-559;Syurahbil bin Amr;PERSON;358;375;0.99
000341-001;558-559;Zaid bin Haritsah;PERSON;525;542;0.99
000342-001;559-560;Madinah;LOCATION;31;38;0.99
000342-001;559-560;Madinah;LOCATION;161;168;0.99
000342-001;559-560;Umar bin Al-Khaththab;PERSON;387;408;0.99
000342-001;559-560;Umar bin Al-Khaththab;PERSON;709;730;0.99
000342-001;559-560;Madinah;LOCATION;1065;1072;0.99
000342-002;559-560;Rasulullah;PERSON;191;201;0.99
000342-002;559-560;Rasulullah;PERSON;764;774;0.99
000342-002;559-560;Rasulullah;PERSON;1103;1113;0.99
000342-003;559-560;Rasulullah;PERSON;532;542;0.99
000343-001;560-561;Syam;LOCATION;171;175;0.99
000343-001;560-561;Madinah;LOCATION;179;186;0.99
000343-001;560-561;Heraklius;PERSON;235;244;0.99
000343-001;560-561;Balqa;LOCATION;557;562;0.99
000344-001;561;Rasulullah;PERSON;0;10;0.99
000344-001;561;Madinah;LOCATION;303;310;0.99
000344-001;561;Perang Hunain;EVENT;471;484;0.99
000344-001;561;Rasulullah;PERSON;890;900;0.99
000345-001;561-562;Rasulullah;PERSON;8;18;0.99
000345-001;561-562;Makkah;LOCATION;225;231;0.99
000346-001;562-563;Rasulullah;PERSON;29;39;0.99
000346-001;562-563;Madinah;LOCATION;299;306;0.99
000346-001;562-563;Utsman bin Affan;PERSON;1154;1170;0.99
000346-001;562-563;Syam;LOCATION;1213;1217;0.99
000346-002;562-563;Utsman bin Affan;PERSON;516;532;0.99
000346-002;562-563;Syam;LOCATION;575;579;0.99
000346-002;562-563;Rasulullah;PERSON;873;883;0.99
000346-002;562-563;Utsman;PERSON;948;954;0.99
000346-002;562-563;Utsman;PERSON;1010;1016;0.99
000346-002;562-563;Abdurrahman bin Auf;PERSON;1178;1197;0.99
000346-002;562-563;Abu Bakar;PERSON;1247;1256;0.99
000346-003;562-563;Abu Bakar;PERSON;0;9;0.99
000346-003;562-563;Abu Bakar;PERSON;139;148;0.99
000346-003;562-563;Umar;PERSON;221;225;0.99
000346-003;562-563;Al-Abbas;PERSON;268;276;0.99
000346-003;562-563;Sa'd bin Ubadah;PERSON;340;355;0.99
000346-003;562-563;Muhammad bin Maslamah;PERSON;357;378;0.99
000346-003;562-563;Ashim bin Adi;PERSON;429;442;0.99
000347-001;563-565;Muhammad bin Maslamah;PERSON;83;104;0.99
000347-001;563-565;Siba' bin Urfuthah;PERSON;151;169;0.99
000347-001;563-565;Madinah;LOCATION;195;202;0.99
000347-001;563-565;Ali bin Abu Thalib;PERSON;274;292;0.99
000347-001;563-565;Ali bin Abu Thalib;PERSON;442;460;0.99
000347-001;563-565;Madinah;LOCATION;525;532;0.99
000347-001;563-565;Harun;PERSON;618;623;0.99
000347-001;563-565;Musa;PERSON;632;636;0.99
000347-001;563-565;hari Kamis;TIME;681;691;0.99
000347-001;563-565;Rasulullah;PERSON;693;703;0.99
000347-001;563-565;Tabuk;LOCATION;747;752;0.99
000347-001;563-565;Tabuk;LOCATION;1439;1444;0.99
000347-002;563-565;Tabuk;LOCATION;104;109;0.99
000347-002;563-565;Rasulullah;PERSON;406;416;0.99
000347-002;563-565;Ibnu Umar;PERSON;737;746;0.99
000347-002;563-565;Rasulullah;PERSON;1216;1226;0.99
000347-002;563-565;Tabuk;LOCATION;1412;1417;0.99
000347-002;563-565;Tabuk;LOCATION;1487;1492;0.99
000347-003;563-565;Tabuk;LOCATION;32;37;0.99
000347-003;563-565;Tabuk;LOCATION;107;112;0.99
000347-003;563-565;Tabuk;LOCATION;1052;1057;0.99
000347-003;563-565;Rasulullah;PERSON;1104;1114;0.99
000347-003;563-565;Rasulullah;PERSON;1293;1303;0.99
000348-001;565-567;Tabuk;LOCATION;22;27;0.99
000348-001;565-567;Rasulullah;PERSON;86;96;0.99
000348-001;565-567;Rasulullah;PERSON;563;573;0.99
000348-001;565-567;Jazirah Arab;LOCATION;842;854;0.99
000348-001;565-567;Rasulullah;PERSON;1042;1052;0.99
000348-001;565-567;Yuhannah bin Ru;PERSON;1063;1078;0.99
000348-002;565-567;Muhammad;PERSON;155;163;0.99
000348-002;565-567;Yuhannah bin Ru'bah;PERSON;194;213;0.99
000348-002;565-567;Muhammad;PERSON;347;355;0.99
000348-002;565-567;Syam;LOCATION;425;429;0.99
000348-002;565-567;Rasulullah;PERSON;750;760;0.99
000348-002;565-567;Khalid bin Al-Walid;PERSON;770;789;0.99
000348-002;565-567;Khalid;PERSON;926;932;0.99
000348-002;565-567;Khalid;PERSON;1241;1247;0.99
000348-002;565-567;Rasulullah;PERSON;1296;1306;0.99
000348-003;565-567;Tabuk;LOCATION;258;263;0.99
000349-001;567;Tabuk;LOCATION;27;32;0.99
000349-001;567;Madinah;LOCATION;206;213;0.99
000349-001;567;Hudzaifah bin Al-Yaman;PERSON;432;454;0.99
000349-001;567;Rasulullah;PERSON;1030;1040;0.99
000349-001;567;Rasulullah;PERSON;1134;1144;0.99
000349-001;567;Madinah;LOCATION;1284;1291;0.99
000349-001;567;Uhud;LOCATION;1356;1360;0.99
000349-001;567;Madinah;LOCATION;1444;1451;0.99
000349-002;567;Madinah;LOCATION;82;89;0.99
000349-002;567;Madinah;LOCATION;302;309;0.99
000349-002;567;Tabuk;LOCATION;347;352;0.99
000349-002;567;bulan Rajab;TIME;358;369;0.99
000349-002;567;bulan Ramadhan;TIME;396;410;0.99
000349-002;567;Tabuk;LOCATION;474;479;0.99
000350-001;568-570;Ali;PERSON;454;457;0.99
000350-001;568-570;Rasulullah;PERSON;723;733;0.99
000350-001;568-570;Madinah;LOCATION;1400;1407;0.99
000350-001;568-570;Rasulullah;PERSON;1409;1419;0.99
000350-002;568-570;Madinah;LOCATION;17;24;0.99
000350-002;568-570;Rasulullah;PERSON;26;36;0.99
000350-002;568-570;Abdullah bin Ubay;PERSON;763;780;0.99
000350-002;568-570;Ka'b bin Malik;PERSON;879;893;0.99
000350-002;568-570;Murarah bin Rabi;PERSON;895;911;0.99
000350-002;568-570;Hilal bin Umayyah;PERSON;918;935;0.99
000350-002;568-570;Rasulullah;PERSON;1022;1032;0.99
000350-004;568-570;Madinah;LOCATION;522;529;0.99
000350-004;568-570;Rasulullah;PERSON;555;565;0.99
000350-004;568-570;Madinah;LOCATION;593;600;0.99
000350-004;568-570;Rasulullah;PERSON;776;786;0.99
000350-004;568-570;Madinah;LOCATION;822;829;0.99
000350-004;568-570;Madinah;LOCATION;856;863;0.99
000351-001;570;Jazirah Arab;LOCATION;107;119;0.99
000351-001;570;Madinah;LOCATION;1232;1239;0.99
000351-001;570;Rasulullah;PERSON;1293;1303;0.99
000351-001;570;Makkah;LOCATION;1330;1336;0.99
000351-001;570;Perang Tabuk;EVENT;1381;1393;0.99
000351-002;570;Perang Tabuk;EVENT;15;27;0.99
000352-001;570-571;Ibnu Hisyam;PERSON;145;156;0.99
000352-001;570-571;An-Nawawi;PERSON;260;269;0.99
000352-001;570-571;Tabuk;LOCATION;412;417;0.99
000352-001;570-571;Madinah;LOCATION;552;559;0.99
000353-001;571;Rasulullah;PERSON;81;91;0.99
000353-001;571;Tabuk;LOCATION;104;109;0.99
000353-001;571;Najasyi;PERSON;299;306;0.99
000353-001;571;Rasulullah;PERSON;338;348;0.99
000353-001;571;Ummu Kultsum binti Rasululllah;PERSON;376;406;0.99
000353-001;571;Utsman;PERSON;481;487;0.99
000353-001;571;Abdullan bin Ubay bin Salul;PERSON;607;634;0.99
000353-001;571;Rasulullah;PERSON;654;664;0.99
000353-001;571;Tabuk;LOCATION;677;682;0.99
000353-001;571;Umar bin Al-Khaththab;PERSON;753;774;0.99
000353-001;571;Umar bin Al-Khaththab;PERSON;870;891;0.99
000353-001;571;Tabuk;LOCATION;915;920;0.99
000354-001;572;bulan Dzul Qi'dah;TIME;5;22;0.99
000354-001;572;Dzul Hijjah;TIME;28;39;0.99
000354-001;572;Rasulullah;PERSON;50;60;0.99
000354-001;572;Abu Bakar Ash-Shiddiq;PERSON;70;91;0.99
000354-001;572;Ali bin Abu Thalib;PERSON;316;334;0.99
000354-001;572;Ali;PERSON;413;416;0.99
000354-001;572;Abu Bakar;PERSON;431;440;0.99
000354-001;572;Abu Bakar;PERSON;463;472;0.99
000354-001;572;Ali;PERSON;542;545;0.99
000354-001;572;Abu Bakar;PERSON;642;651;0.99
000354-001;572;Ali;PERSON;723;726;0.99
000354-001;572;Rasulullah;PERSON;803;813;0.99
000354-001;572;Abu Bakar;PERSON;968;977;0.99
000354-001;572;Jazirah Arab;LOCATION;1230;1242;0.99
000355-001;573-575;Rasulullah;PERSON;49;59;0.99
000355-001;573-575;Perang Uhud;EVENT;912;923;0.99
000355-001;573-575;Hunain;LOCATION;928;934;0.99
000355-001;573-575;Perang Uhud;EVENT;1332;1343;0.99
000355-001;573-575;Perang Hunain;EVENT;1438;1451;0.99
000355-002;573-575;Perang Uhud;EVENT;253;264;0.99
000355-002;573-575;Perang Hunain;EVENT;359;372;0.99
000355-002;573-575;Persia;LOCATION;1162;1168;0.99
000355-002;573-575;Irak;LOCATION;1207;1211;0.99
000355-002;573-575;Syam;LOCATION;1216;1220;0.99
000355-003;573-575;Rasulullah;PERSON;247;257;0.99
000355-003;573-575;Madinah;LOCATION;416;423;0.99
000355-005;573-575;Sulaiman bin Buraidah;PERSON;50;71;0.99
000355-005;573-575;Rasulullah;PERSON;118;128;0.99
000355-006;573-575;Makkah;LOCATION;224;230;0.99
000356-001;576-577;Makkah;LOCATION;61;67;0.99
000356-001;576-577;Amr bin Salamah;PERSON;295;310;0.99
000356-001;576-577;Rasulullah;PERSON;512;522;0.99
000356-001;576-577;Makkah;LOCATION;866;872;0.99
000356-001;576-577;Makkah;LOCATION;1021;1027;0.99
000356-002;576-577;Makkah;LOCATION;283;289;0.99
000356-002;576-577;Perang Tabuk;EVENT;465;477;0.99
000356-002;576-577;Madinah;LOCATION;544;551;0.99
000356-002;576-577;tahun 9 H;TIME;557;566;0.99
000356-002;576-577;Makkah;LOCATION;734;740;0.99
000356-002;576-577;Perang Tabuk;EVENT;797;809;0.99
000356-002;576-577;Rasulullah;PERSON;1019;1029;0.99
000357-001;577-590;Makkah;LOCATION;298;304;0.99
000357-001;577-590;Makkah;LOCATION;378;384;0.99
000357-001;577-590;tahun 5 H;TIME;454;463;0.99
000357-001;577-590;Munkid bin Hayyan;PERSON;547;564;0.99
000357-001;577-590;Madinah;LOCATION;580;587;0.99
000357-001;577-590;Madinah;LOCATION;641;648;0.99
000357-001;577-590;Rasulullah;PERSON;678;688;0.99
000357-001;577-590;Madinah;LOCATION;692;699;0.99
000357-001;577-590;Rasulullah;PERSON;956;966;0.99
000357-001;577-590;Al-Jarud bin Al-Ala;PERSON;1379;1398;0.99
000357-002;577-590;tahun 7 H;TIME;42;51;0.99
000357-002;577-590;Rasulullah;PERSON;67;77;0.99
000357-002;577-590;Khaibar;LOCATION;95;102;0.99
000357-002;577-590;Ath-Thufail bin Amr;PERSON;177;196;0.99
000357-002;577-590;Rasulullah;PERSON;229;239;0.99
000357-002;577-590;Makkah;LOCATION;250;256;0.99
000357-002;577-590;tahun 7 H;TIME;608;617;0.99
000357-002;577-590;Madinah;LOCATION;676;683;0.99
000357-002;577-590;Khaibar;LOCATION;725;732;0.99
000357-002;577-590;Farwah bin Amr Al-Judzami;PERSON;768;793;0.99
000357-002;577-590;Syam;LOCATION;1018;1022;0.99
000357-002;577-590;Perang Mu'tah;EVENT;1158;1171;0.99
000357-002;577-590;Rasulullah;PERSON;1220;1230;0.99
000357-003;577-590;Palestina;LOCATION;84;93;0.99
000357-003;577-590;Rasulullah;PERSON;182;192;0.99
000357-003;577-590;tahun 8 H;TIME;212;221;0.99
000357-003;577-590;Yaman;LOCATION;341;346;0.99
000357-003;577-590;Ziyad bin Al-Harits;PERSON;441;460;0.99
000357-003;577-590;Rasulullah;PERSON;515;525;0.99
000357-003;577-590;Rasulullah;PERSON;843;853;0.99
000357-003;577-590;Ka'b bin Zuhair bin Abu Sulma;PERSON;1128;1157;0.99
000357-003;577-590;Rasulullah;PERSON;1275;1285;0.99
000357-004;577-590;Rasulullah;PERSON;27;37;0.99
000357-004;577-590;Perang Tha'if;EVENT;87;100;0.99
000357-004;577-590;tahun 8 H;TIME;106;115;0.99
000357-004;577-590;Ka'b bin Zuhair;PERSON;117;132;0.99
000357-004;577-590;Bujair bin Zuhair;PERSON;173;190;0.99
000357-004;577-590;Rasulullah;PERSON;206;216;0.99
000357-004;577-590;Makkah;LOCATION;244;250;0.99
000357-004;577-590;Rasulullah;PERSON;480;490;0.99
000357-004;577-590;Ka'b;PERSON;643;647;0.99
000357-004;577-590;Madinah;LOCATION;767;774;0.99
000357-004;577-590;Ka'b;PERSON;905;909;0.99
000357-004;577-590;Ka'b;PERSON;1076;1080;0.99
000357-004;577-590;Rasulullah;PERSON;1097;1107;0.99
000357-004;577-590;Ka'b bin Zuhair;PERSON;1122;1137;0.99
000357-004;577-590;Ka'b bin Zuhair;PERSON;1327;1342;0.99
000357-004;577-590;Ka'b;PERSON;1350;1354;0.99
000357-005;577-590;Ka'b bin Zuhair;PERSON;8;23;0.99
000357-005;577-590;Ka'b;PERSON;31;35;0.99
000357-005;577-590;Ka'b;PERSON;258;262;0.99
000357-005;577-590;Rasulullah;PERSON;354;364;0.99
000357-005;577-590;Rasulullah;PERSON;500;510;0.99
000357-005;577-590;Rasulullah;PERSON;550;560;0.99
000357-005;577-590;Ka'b;PERSON;1345;1349;0.99
000357-005;577-590;Ka'b;PERSON;1452;1456;0.99
000357-006;577-590;Ka'b;PERSON;62;66;0.99
000357-006;577-590;bulan Shafar 9 H;TIME;607;623;0.99
000357-006;577-590;Hamzah bin An-Nu'man;PERSON;669;689;0.99
000357-006;577-590;Makkah;LOCATION;887;893;0.99
000357-006;577-590;Syam;LOCATION;1028;1032;0.99
000357-006;577-590;Madinah;LOCATION;1186;1193;0.99
000357-006;577-590;bulan Rabi'ul Awwal 9 H;TIME;1310;1333;0.99
000357-006;577-590;Madinah;LOCATION;1369;1376;0.99
000357-006;577-590;Rasulullah;PERSON;1427;1437;0.99
000357-007;577-590;Rasulullah;PERSON;32;42;0.99
000357-007;577-590;bulan Ramadhan 9 H;TIME;613;631;0.99
000357-007;577-590;Rasulullah;PERSON;642;652;0.99
000357-007;577-590;Tabuk;LOCATION;658;663;0.99
000357-007;577-590;Urwah bin Mas'ud;PERSON;729;745;0.99
000357-007;577-590;Rasulullah;PERSON;770;780;0.99
000357-007;577-590;Perang Tha'if;EVENT;795;808;0.99
000357-007;577-590;bulan Dzul Hijjah 8 H;TIME;814;835;0.99
000357-007;577-590;Madinah;LOCATION;853;860;0.99
000357-008;577-590;Rasulullah;PERSON;270;280;0.99
000357-008;577-590;Utsman bin Abul Ash;PERSON;736;755;0.99
000357-008;577-590;Madinah;LOCATION;820;827;0.99
000357-009;577-590;Rasulullah;PERSON;56;66;0.99
000357-009;577-590;Utsman bin Abul Ash;PERSON;421;440;0.99
000357-009;577-590;Rasulullah;PERSON;627;637;0.99
000357-009;577-590;Utsman bin Abu Ash;PERSON;670;688;0.99
000357-009;577-590;Utsman;PERSON;764;770;0.99
000357-009;577-590;Abu Bakar;PERSON;881;890;0.99
000357-009;577-590;Utsman;PERSON;915;921;0.99
000357-010;577-590;Rasulullah;PERSON;113;123;0.99
000357-010;577-590;Rasulullah;PERSON;700;710;0.99
000357-010;577-590;Khalid bin Al-Walid;PERSON;780;799;0.99
000357-010;577-590;Al-Mughirah bin Syu'bah;PERSON;820;843;0.99
000357-010;577-590;Tha'if;LOCATION;1076;1082;0.99
000357-011;577-590;Khalid bin Al-Walid;PERSON;574;593;0.99
000357-011;577-590;Madinah;LOCATION;624;631;0.99
000357-011;577-590;Rasulullah;PERSON;718;728;0.99
000357-011;577-590;Yaman;LOCATION;821;826;0.99
000357-011;577-590;Perang Tabuk;EVENT;847;859;0.99
000357-011;577-590;Al-Harits bin Abdi;PERSON;918;936;0.99
000357-011;577-590;An- Nu'man bin Qail;PERSON;944;963;0.99
000357-011;577-590;Rasulullah;PERSON;1044;1054;0.99
000357-011;577-590;Malik bin Murrah;PERSON;1062;1078;0.99
000357-012;577-590;Mu'adz bin Jabal;PERSON;368;384;0.99
000357-012;577-590;tahun 9 H;TIME;438;447;0.99
000357-012;577-590;Perang Tabuk;EVENT;468;480;0.99
000357-012;577-590;Malik bin An-Namath;PERSON;581;600;0.99
000357-012;577-590;Khalid bin Al-Walid;PERSON;688;707;0.99
000357-012;577-590;Ali bin Abu Thalib;PERSON;894;912;0.99
000357-012;577-590;Khalid bin Al-Walid;PERSON;932;951;0.99
000357-012;577-590;Rasulullah;PERSON;992;1002;0.99
000357-012;577-590;Ali;PERSON;1079;1082;0.99
000357-012;577-590;tahun 9 H;TIME;1323;1332;0.99
000357-012;577-590;Rasulullah;PERSON;1343;1353;0.99
000357-012;577-590;Perang Tabuk;EVENT;1359;1371;0.99
000357-013;577-590;Najran;LOCATION;734;740;0.99
000357-013;577-590;Najran;LOCATION;742;748;0.99
000357-013;577-590;Makkah;LOCATION;810;816;0.99
000357-013;577-590;Yaman;LOCATION;825;830;0.99
000357-013;577-590;Najran;LOCATION;948;954;0.99
000357-013;577-590;tahun 9 H;TIME;971;980;0.99
000357-013;577-590;Najran;LOCATION;1092;1098;0.99
000357-013;577-590;Abu Haritsah bin Alqamah;PERSON;1430;1454;0.99
000357-014;577-590;Abu Haritsah bin Alqamah;PERSON;22;46;0.99
000357-014;577-590;Madinah;LOCATION;77;84;0.99
000357-014;577-590;Rasulullah;PERSON;97;107;0.99
000357-014;577-590;Isa;PERSON;326;329;0.99
000357-014;577-590;Isa;PERSON;444;447;0.99
000357-014;577-590;Adam;PERSON;491;495;0.99
000357-014;577-590;Adam;PERSON;515;519;0.99
000357-014;577-590;Isa;PERSON;796;799;0.99
000357-014;577-590;Ali;PERSON;1122;1125;0.99
000357-014;577-590;Isa;PERSON;1205;1208;0.99
000357-014;577-590;Isa;PERSON;1400;1403;0.99
000357-015;577-590;Rasulullah;PERSON;488;498;0.99
000357-015;577-590;bulan Rajab;TIME;718;729;0.99
000357-015;577-590;bulan Shafar;TIME;749;761;0.99
000357-015;577-590;Najran;LOCATION;1226;1232;0.99
000357-015;577-590;Ali bin Abu Thalib;PERSON;1257;1275;0.99
000357-016;577-590;tahun 9 H;TIME;45;54;0.99
000357-016;577-590;Musailamah;PERSON;97;107;0.99
000357-016;577-590;Musailamah bin Tsumamah bin Kabir bin Hubaib bin Al-Harits;PERSON;142;200;0.99
000357-016;577-590;Rasulullah;PERSON;283;293;0.99
000357-016;577-590;Rasulullah;PERSON;818;828;0.99
000357-016;577-590;Muhammad;PERSON;1263;1271;0.99
000357-017;577-590;Muhammad;PERSON;76;84;0.99
000357-017;577-590;Najran;LOCATION;377;383;0.99
000357-018;577-590;Ibnu Mas'ud;PERSON;667;678;0.99
000357-018;577-590;Ibnul Atsal;PERSON;713;724;0.99
000357-018;577-590;Rasulullah;PERSON;736;746;0.99
000357-018;577-590;tahun 10 H;TIME;1130;1140;0.99
000357-018;577-590;Abu Bakar;PERSON;1173;1182;0.99
000357-018;577-590;bulan Rabi'ul Awwal 12 H;TIME;1188;1212;0.99
000357-018;577-590;Hamzah;PERSON;1239;1245;0.99
000357-018;577-590;Yaman;LOCATION;1322;1327;0.99
000357-019;577-590;Yaman;LOCATION;131;136;0.99
000357-019;577-590;Abu Bakar;PERSON;151;160;0.99
000357-019;577-590;Amir bin Sha'sha'ah;PERSON;183;202;0.99
000357-019;577-590;Amir bin Ath-Thufail;PERSON;239;259;0.99
000357-019;577-590;Arbad bin Qais;PERSON;273;287;0.99
000357-019;577-590;Khalid bin Ja'far;PERSON;289;306;0.99
000357-019;577-590;Jabbar bin Aslam;PERSON;312;328;0.99
000357-019;577-590;Madinah;LOCATION;471;478;0.99
000357-020;577-590;Madinah;LOCATION;220;227;0.99
000357-020;577-590;Rasulullah;PERSON;400;410;0.99
000357-020;577-590;Rasulullah;PERSON;940;950;0.99
000357-020;577-590;Zaid;PERSON;1039;1043;0.99
000357-020;577-590;Zaid;PERSON;1198;1202;0.99
000357-020;577-590;Zaid;PERSON;1429;1433;0.99
000357-021;577-590;Zaid;PERSON;78;82;0.99
000357-021;577-590;Yaman;LOCATION;355;360;0.99
000357-021;577-590;Anir bin Qais;PERSON;408;421;0.99
000357-021;577-590;Al-Harits bin Ka'b;PERSON;465;483;0.99
000357-021;577-590;bulan Muharram 11 H;TIME;665;684;0.99
000357-021;577-590;tahun 9 H;TIME;761;770;0.99
000357-021;577-590;Jazirah Arab;LOCATION;960;972;0.99
000357-021;577-590;Madinah;LOCATION;1003;1010;0.99
000357-021;577-590;Madinah;LOCATION;1104;1111;0.99
000357-021;577-590;Madinah;LOCATION;1117;1124;0.99
000357-021;577-590;Jazirah Arab;LOCATION;1156;1168;0.99
000357-023;577-590;Makkah;LOCATION;207;213;0.99
000357-023;577-590;Madinah;LOCATION;215;222;0.99
000357-023;577-590;Yaman;LOCATION;251;256;0.99
000358-001;591-593;Rasulullah;PERSON;93;103;0.99
000358-001;591-593;Rasulullah;PERSON;416;426;0.99
000358-001;591-593;Muhammad;PERSON;490;498;0.99
000358-002;591-593;Jazirah Arab;LOCATION;418;430;0.99
000358-002;591-593;Rasulullah;PERSON;859;869;0.99
000358-002;591-593;Rasulullah;PERSON;1366;1376;0.99
000358-003;591-593;Rasulullah;PERSON;142;152;0.99
000358-003;591-593;Jazirah Arab;LOCATION;496;508;0.99
000358-004;591-593;Adam;PERSON;515;519;0.99
000358-004;591-593;Adam;PERSON;524;528;0.99
000358-005;591-593;Jazirah Arab;LOCATION;1004;1016;0.99
000359-001;594-599;Rasulullah;PERSON;231;241;0.99
000359-001;594-599;Mu'adz bin Jabal;PERSON;345;361;0.99
000359-001;594-599;Yaman;LOCATION;365;370;0.99
000359-001;594-599;tahun 10 H;TIME;376;386;0.99
000359-001;594-599;Mu'adz;PERSON;422;428;0.99
000359-001;594-599;Rasulullah;PERSON;639;649;0.99
000359-001;594-599;Rasulullah;PERSON;679;689;0.99
000359-001;594-599;Makkah;LOCATION;899;905;0.99
000359-001;594-599;Rasulullah;PERSON;1078;1088;0.99
000359-001;594-599;Madinah;LOCATION;1188;1195;0.99
000359-001;594-599;hari Sabtu;TIME;1233;1243;0.99
000359-001;594-599;Dzul Hulaifah;LOCATION;1437;1450;0.99
000359-002;594-599;Dzul Hulaifah;LOCATION;46;59;0.99
000359-002;594-599;Ibnu Hajar;PERSON;281;291;0.99
000359-002;594-599;bulan Dzul Qa'dah;TIME;387;404;0.99
000359-002;594-599;Aisyah;PERSON;600;606;0.99
000359-002;594-599;Makkah;LOCATION;1107;1113;0.99
000359-002;594-599;Makkah;LOCATION;1172;1178;0.99
000359-002;594-599;hari Senin;TIME;1236;1246;0.99
000359-002;594-599;tanggal 4 Dzul;TIME;1247;1261;0.99
000359-003;594-599;Masjidil Haram;LOCATION;102;116;0.99
000359-003;594-599;Ka'bah;LOCATION;153;159;0.99
000359-003;594-599;Shafa;LOCATION;193;198;0.99
000359-003;594-599;Marwah;LOCATION;203;209;0.99
000359-003;594-599;Makkah;LOCATION;308;314;0.99
000359-003;594-599;Ka'bah;LOCATION;520;526;0.99
000359-003;594-599;Shafa;LOCATION;558;563;0.99
000359-003;594-599;Marwah;LOCATION;568;574;0.99
000359-003;594-599;tanggal 8 Dzul;TIME;725;739;0.99
000359-003;594-599;hari tarwiyah;TIME;762;775;0.99
000359-003;594-599;Mina;LOCATION;793;797;0.99
000359-003;594-599;Arafah;LOCATION;958;964;0.99
000359-003;594-599;Arafah;LOCATION;1181;1187;0.99
000359-004;594-599;Umar;PERSON;147;151;0.99
000359-004;594-599;Ibnu Rabi;PERSON;475;484;0.99
000359-004;594-599;ah bin Al-Harits;PERSON;486;502;0.99
000359-004;594-599;Abbas bin Abdul Muthalib;PERSON;578;602;0.99
000359-005;594-599;Rabi'ah bin Umayyah bin Setelah;PERSON;809;840;0.99
000359-005;594-599;Ibnu Hisyam;PERSON;915;926;0.99
000359-005;594-599;Umar bin Al-Khaththab;PERSON;1096;1117;0.99
000359-005;594-599;Bilal;PERSON;1299;1304;0.99
000359-005;594-599;Rasulullah;PERSON;1352;1362;0.99
000359-006;594-599;Rasulullah;PERSON;9;19;0.99
000359-006;594-599;Bilal;PERSON;76;81;0.99
000359-006;594-599;Usamah;PERSON;458;464;0.99
000359-006;594-599;Muzdalifah;LOCATION;499;509;0.99
000359-006;594-599;Muzdalifah;LOCATION;904;914;0.99
000359-006;594-599;Mina;LOCATION;931;935;0.99
000359-006;594-599;Al-Fadhl bin Abbas;PERSON;982;1000;0.99
000359-006;594-599;Aqabah;LOCATION;1159;1165;0.99
000359-007;594-599;Ali bin Abu Thalib;PERSON;241;259;0.99
000359-007;594-599;Ka'bah;LOCATION;524;530;0.99
000359-007;594-599;Makkah;LOCATION;552;558;0.99
000359-007;594-599;Ibnu Umar;PERSON;649;658;0.99
000359-007;594-599;Zamzam;LOCATION;728;734;0.99
000359-007;594-599;hari kurban;TIME;977;988;0.99
000359-007;594-599;tanggal 10 Dzul;TIME;994;1009;0.99
000359-007;594-599;Ali;PERSON;1111;1114;0.99
000359-008;594-599;Abu Bakrah;PERSON;118;128;0.99
000359-008;594-599;Dzul Hijjah;TIME;401;412;0.99
000359-008;594-599;Muharram;TIME;418;426;0.99
000359-008;594-599;Rajab;TIME;434;439;0.99
000359-008;594-599;Jumada;TIME;465;471;0.99
000359-008;594-599;Sya'ban;TIME;476;483;0.99
000359-008;594-599;bulan Dzul Hijjah;TIME;684;701;0.99
000359-008;594-599;hari kurban;TIME;1156;1167;0.99
000359-009;594-599;hari-hari Tasyriq;TIME;818;835;0.99
000359-009;594-599;Mina;LOCATION;853;857;0.99
000359-009;594-599;Ibrahim;PERSON;1000;1007;0.99
000359-009;594-599;hari Tasyriq;TIME;1078;1090;0.99
000359-009;594-599;Abu Dawud;PERSON;1128;1137;0.99
000359-009;594-599;Sira' binti Nabhan;PERSON;1175;1193;0.99
000359-009;594-599;Rasulullah;PERSON;1209;1219;0.99
000359-009;594-599;pertengahan hari-hari Tasyriq;TIME;1312;1341;0.99
000359-009;594-599;hari kurban;TIME;1403;1414;0.99
000359-010;594-599;pertengahan hari-hari Tasyriq;TIME;43;72;0.99
000359-010;594-599;hari kurban;TIME;134;145;0.99
000359-010;594-599;tanggal 13 Dzul;TIME;234;249;0.99
000359-010;594-599;Mina;LOCATION;284;288;0.99
000359-010;594-599;Ka'bah;LOCATION;523;529;0.99
000359-010;594-599;Madinah;LOCATION;702;709;0.99
000359-010;594-599;Al-Munawarah;LOCATION;710;722;0.99
000360-001;599-600;Rasulullah;PERSON;212;222;0.99
000360-001;599-600;Ibnu Hisyam;PERSON;364;375;0.99
000360-001;599-600;Farwah bin Amr;PERSON;449;463;0.99
000360-001;599-600;Rasulullah;PERSON;629;639;0.99
000360-001;599-600;bulan Shafar tahun 11 H;TIME;678;701;0.99
000360-001;599-600;Usamah bin Zaid;PERSON;721;736;0.99
000360-001;599-600;Palestina;LOCATION;838;847;0.99
000360-001;599-600;Rasulullah;PERSON;1276;1286;0.99
000360-002;599-600;Rasulullah;PERSON;19;29;0.99
000360-002;599-600;Usamah bin Zaid;PERSON;387;402;0.99
000360-002;599-600;Madinah;LOCATION;470;477;0.99
000360-002;599-600;Rasulullah;PERSON;524;534;0.99
000360-002;599-600;265;PERSON;778;781;0.99
000361-001;601-602;bulan Ramadhan tahun 10 H;TIME;218;243;0.99
000361-001;601-602;Jibril;PERSON;354;360;0.99
000361-001;601-602;Aqabah;LOCATION;591;597;0.99
000361-001;601-602;bulan Shafar tahun 11 H;TIME;879;902;0.99
000361-001;601-602;Rasulullah;PERSON;904;914;0.99
000361-001;601-602;Uhud;LOCATION;924;928;0.99
000362-001;602;tanggal 29 Shafar;TIME;5;22;0.99
000362-001;602;tahun 11 H;TIME;23;33;0.99
000362-001;602;hari Senin;TIME;53;63;0.99
000362-001;602;Rasulullah;PERSON;65;75;0.99
000363-001;602;Rasulullah;PERSON;6;16;0.99
000363-001;602;Aisyah;PERSON;310;316;0.99
000363-001;602;Al-Fadhl bin Abbas;PERSON;349;367;0.99
000363-001;602;Ali bin Abu Thalib;PERSON;372;390;0.99
000363-001;602;Aisyah;PERSON;412;418;0.99
000363-001;602;Aisyah;PERSON;500;506;0.99
000363-001;602;Rasulullah;PERSON;577;587;0.99
000364-001;602-604;hari Rabu;TIME;5;14;0.99
000364-001;602-604;Rasulullah;PERSON;43;53;0.99
000364-003;602-604;Abu Said;PERSON;443;451;0.99
000364-003;602-604;Abu Bakar;PERSON;480;489;0.99
000364-003;602-604;Abu Bakar;PERSON;596;605;0.99
000364-003;602-604;Rasulullah;PERSON;662;672;0.99
000364-003;602-604;Rasulullah;PERSON;976;986;0.99
000364-003;602-604;Abu Kemudian;PERSON;1056;1068;0.99
000364-003;602-604;Abu Bakar;PERSON;1198;1207;0.99
000364-003;602-604;Abu Bakar;PERSON;1297;1306;0.99
000365-001;604-605;hari Kamis;TIME;5;15;0.99
000365-001;604-605;Umar bin Al-Khaththab;PERSON;249;270;0.99
000365-001;604-605;Rasulullah;PERSON;517;527;0.99
000365-001;604-605;Umar;PERSON;612;616;0.99
000365-001;604-605;Jazirah Arab;LOCATION;841;853;0.99
000365-001;604-605;Usamah;PERSON;1124;1130;0.99
000365-001;604-605;Rasulullah;PERSON;1232;1242;0.99
000365-001;604-605;hari Kamis;TIME;1355;1365;0.99
000365-002;604-605;Aisyah;PERSON;403;409;0.99
000365-002;604-605;Rasulullah;PERSON;503;513;0.99
000365-002;604-605;Abu Bakar;PERSON;951;960;0.99
000365-002;604-605;Abu Bakar;PERSON;1014;1023;0.99
000365-002;604-605;Aisyah;PERSON;1123;1129;0.99
000365-002;604-605;Abu Bakar;PERSON;1173;1182;0.99
000365-002;604-605;Yusuf;PERSON;1325;1330;0.99
000365-002;604-605;Abu Bakar;PERSON;1338;1347;0.99
000366-001;605;hari Sabtu;TIME;5;15;0.99
000366-001;605;Abu Bakar;PERSON;188;197;0.99
000366-001;605;Abu Bakar;PERSON;260;269;0.99
000366-001;605;Abu Bakar;PERSON;341;350;0.99
000366-001;605;Abu Bakar;PERSON;423;432;0.99
000366-001;605;Abu Bakar;PERSON;479;488;0.99
000366-001;605;Abu Bakar;PERSON;495;504;0.99
000367-001;605;Aisyah;PERSON;231;237;0.99
000368-001;606-607;Anas bin Malik;PERSON;0;14;0.99
000368-001;606-607;hari Senin;TIME;100;110;0.99
000368-001;606-607;Abu Bakar;PERSON;122;131;0.99
000368-001;606-607;Rasulullah;PERSON;146;156;0.99
000368-001;606-607;Aisyah;PERSON;229;235;0.99
000368-001;606-607;Abu Bakar;PERSON;330;339;0.99
000368-001;606-607;Rasulullah;PERSON;414;424;0.99
000368-001;606-607;Rasulullah;PERSON;578;588;0.99
000368-001;606-607;Rasulullah;PERSON;732;742;0.99
000368-001;606-607;Rasulullah;PERSON;1477;1487;0.99
000368-002;606-607;Rasulullah;PERSON;60;70;0.99
000368-002;606-607;Hasan;PERSON;231;236;0.99
000368-002;606-607;Husain;PERSON;241;247;0.99
000368-002;606-607;Khaibar;LOCATION;545;552;0.99
000368-002;606-607;Aisyah;PERSON;585;591;0.99
000368-002;606-607;Khaibar;LOCATION;658;665;0.99
000369-001;607;Aisyah;PERSON;48;54;0.99
000369-001;607;Rasulullah;PERSON;198;208;0.99
000369-001;607;Abdurrahman bin Abu Bakar;PERSON;357;382;0.99
000369-001;607;Aisyah;PERSON;1279;1285;0.99
000369-002;607;Aisyah;PERSON;188;194;0.99
000369-002;607;hari Senin;TIME;739;749;0.99
000369-002;607;tanggal 12 Rabi'ul;TIME;750;768;0.99
000370-001;607-608;Madinah;LOCATION;51;58;0.99
000370-001;607-608;Rasulullah;PERSON;181;191;0.99
000370-001;607-608;Rasulullah;PERSON;287;297;0.99
000370-001;607-608;Jibril;PERSON;463;469;0.99
000371-001;608;Umar;PERSON;41;45;0.99
000371-001;608;Rasulullah;PERSON;157;167;0.99
000371-001;608;Musa bin Imran;PERSON;288;302;0.99
000371-001;608;Rasulullah;PERSON;428;438;0.99
000372-001;608-609;Madinah;LOCATION;41;48;0.99
000372-001;608-609;Abu Bakar;PERSON;50;59;0.99
000372-001;608-609;Aisyah;PERSON;157;163;0.99
000372-001;608-609;Rasulullah;PERSON;185;195;0.99
000372-001;608-609;Abu Bakar;PERSON;551;560;0.99
000372-001;608-609;Umar;PERSON;589;593;0.99
000372-001;608-609;Umar;PERSON;664;668;0.99
000372-001;608-609;Umar;PERSON;671;675;0.99
000372-001;608-609;Abu Bakar;PERSON;716;725;0.99
000372-001;608-609;Umar;PERSON;742;746;0.99
000372-001;608-609;Abu Bakar;PERSON;748;757;0.99
000372-001;608-609;Muhammad;PERSON;815;823;0.99
000372-001;608-609;Muhammad;PERSON;843;851;0.99
000372-001;608-609;Ibnu Hisyam;PERSON;1025;1036;0.99
000372-001;608-609;Muhammad;PERSON;1049;1057;0.99
000372-002;608-609;Ali;PERSON;176;179;0.99
000372-002;608-609;Ibnu Abbas;PERSON;192;202;0.99
000372-002;608-609;Abu Bakar;PERSON;308;317;0.99
000372-002;608-609;Ibnul Musayyab;PERSON;447;461;0.99
000372-002;608-609;Umar;PERSON;480;484;0.99
000372-002;608-609;Abu Bakar;PERSON;524;533;0.99
000373-001;609-610;Rasulullah;PERSON;23;33;0.99
000373-001;609-610;Abu Bakar;PERSON;232;241;0.99
000373-001;609-610;hari Senin;TIME;306;316;0.99
000373-001;609-610;hari Selasa;TIME;610;621;0.99
000373-001;609-610;Al-Abbas;PERSON;737;745;0.99
000373-001;609-610;Ali;PERSON;747;750;0.99
000373-001;609-610;Al-Abbas;PERSON;784;792;0.99
000373-001;609-610;Rasulullah;PERSON;813;823;0.99
000373-001;609-610;Usamah bin Zaid;PERSON;826;841;0.99
000373-001;609-610;Aus bin Khaili;PERSON;847;861;0.99
000373-001;609-610;Al-Abbas;PERSON;863;871;0.99
000373-001;609-610;Ali;PERSON;953;956;0.99
000373-001;609-610;Abu Bakar;PERSON;1228;1237;0.99
000373-001;609-610;Rasulullah;PERSON;1281;1291;0.99
000373-001;609-610;Abu Thalhah;PERSON;1398;1409;0.99
000373-002;609-610;Abu Bakar;PERSON;5;14;0.99
000373-002;609-610;Rasulullah;PERSON;58;68;0.99
000373-002;609-610;Abu Thalhah;PERSON;175;186;0.99
000373-002;609-610;Rasulullah;PERSON;414;424;0.99
000373-002;609-610;hari Selasa;TIME;708;719;0.99
000373-002;609-610;Aisyah;PERSON;750;756;0.99
000373-002;609-610;Rasulullah;PERSON;800;810;0.99
000373-002;609-610;Rasulullah;PERSON;917;927;0.99
000373-002;609-610;Rasulullah;PERSON;956;966;0.99
000375-001;611;Makkah;LOCATION;37;43;0.99
000375-001;611;Khadijah binti Khuwailid;PERSON;67;91;0.99
000375-001;611;Khadijah;PERSON;115;123;0.99
000375-001;611;Khadijah;PERSON;154;162;0.99
000375-001;611;Khadijah;PERSON;276;284;0.99
000375-001;611;Khadijah;PERSON;332;340;0.99
000375-001;611;Khadijah;PERSON;461;469;0.99
000375-001;611;Zainab;PERSON;478;484;0.99
000375-001;611;Ummu Kultsum;PERSON;496;508;0.99
000375-001;611;Zainab;PERSON;524;530;0.99
000375-001;611;Abul Ash bin Ar-Rabi;PERSON;554;574;0.99
000375-001;611;Ummu Kultsum;PERSON;616;628;0.99
000375-001;611;Utsman bin Affan;PERSON;638;654;0.99
000375-001;611;Ali bin Abu Thalib;PERSON;707;725;0.99
000375-001;611;Perang Badr;EVENT;744;755;0.99
000375-001;611;Uhud;LOCATION;760;764;0.99
000375-001;611;Ali;PERSON;795;798;0.99
000375-001;611;Hasan;PERSON;809;814;0.99
000375-001;611;Husain;PERSON;816;822;0.99
000375-001;611;Zainab;PERSON;824;830;0.99
000375-001;611;Ummu Kultsum;PERSON;836;848;0.99
000375-001;611;Khadijah;PERSON;1215;1223;0.99
000375-001;611;Zainab binti Khuzaimah;PERSON;1228;1250;0.99
000375-001;611;Rasulullah;PERSON;1316;1326;0.99
000376-001;611;Rasulullah;PERSON;0;10;0.99
000376-001;611;bulan Syawal;TIME;28;40;0.99
000376-001;611;Khadijah;PERSON;101;109;0.99
000376-001;611;As-;PERSON;190;193;0.99
000376-001;611;bin Amru;PERSON;201;209;0.99
000377-001;612;Rasulullah;PERSON;0;10;0.99
000377-001;612;bulan Syawwal;TIME;28;41;0.99
000377-001;612;bulan Syawwal;TIME;238;251;0.99
000377-001;612;Madinah;LOCATION;283;290;0.99
000377-001;612;Aisyah;PERSON;330;336;0.99
000377-001;612;Aisyah;PERSON;398;404;0.99
000377-001;612;Rasulullah;PERSON;444;454;0.99
000378-001;612;Khunais bin Hudzafah;PERSON;29;49;0.99
000378-001;612;Perang Badr;EVENT;78;89;0.99
000378-001;612;Uhud;LOCATION;94;98;0.99
000378-001;612;Rasulullah;PERSON;114;124;0.99
000378-001;612;tahun 3 H;TIME;130;139;0.99
000379-001;612;Hilal bin Amir bin Sha'sha'ah;PERSON;22;51;0.99
000379-001;612;Abdullah bin Jahsy;PERSON;198;216;0.99
000379-001;612;Perang Uhud;EVENT;240;251;0.99
000379-001;612;Rasulullah;PERSON;267;277;0.99
000379-001;612;tahun 4 H;TIME;283;292;0.99
000380-001;612;Abu Salamah;PERSON;28;39;0.99
000380-001;612;tahun 4 H;TIME;89;98;0.99
000380-001;612;Rasulullah;PERSON;114;124;0.99
000380-001;612;bulan Syawwal;TIME;130;143;0.99
000381-001;612;Asad bin Khuzaimah;PERSON;22;40;0.99
000381-001;612;Rasulullah;PERSON;56;66;0.99
000381-001;612;Zaid binti Haritsah;PERSON;104;123;0.99
000381-001;612;Zaid;PERSON;169;173;0.99
000381-001;612;Zaid;PERSON;283;287;0.99
000381-001;612;bulan Sya'ban 6 H;TIME;551;568;0.99
000382-001;613;Juwairiyah;PERSON;64;74;0.99
000382-001;613;Tsabit bin Qais bin Syammas;PERSON;148;175;0.99
000382-001;613;Rasulullah;PERSON;182;192;0.99
000382-001;613;bulan Sya'ban 6 H;TIME;230;247;0.99
000383-001;613;Ubaidillah bin Jahsy;PERSON;28;48;0.99
000383-001;613;Habasyah;LOCATION;81;89;0.99
000383-001;613;Ummu Habibah;PERSON;201;213;0.99
000383-001;613;Rasulullah;PERSON;247;257;0.99
000383-001;613;Amr bin Umayyah;PERSON;267;282;0.99
000383-001;613;Najasyi;PERSON;337;344;0.99
000383-001;613;bulan Muharram 7 H;TIME;350;368;0.99
000384-001;613;Khaibar;LOCATION;77;84;0.99
000384-001;613;Rasulullah;PERSON;91;101;0.99
000384-001;613;Khaibar;LOCATION;191;198;0.99
000384-001;613;tahun 7 H;TIME;204;213;0.99
000385-001;613-618;Ummul Fadhl;PERSON;19;30;0.99
000385-001;613-618;Lubabah binti Al-Harits;PERSON;32;55;0.99
000385-001;613-618;Rasulullah;PERSON;57;67;0.99
000385-001;613-618;bulan Dzul Qa'dah 7 H;TIME;85;106;0.99
000385-001;613-618;Rasulullah;PERSON;201;211;0.99
000385-001;613-618;Khadijah;PERSON;328;336;0.99
000385-001;613-618;Zainab binti Khuzaimah;PERSON;341;363;0.99
000385-001;613-618;Ibrahim;PERSON;878;885;0.99
000385-001;613-618;Madinah;LOCATION;940;947;0.99
000385-001;613-618;tanggal 28 atau;TIME;974;989;0.99
000385-001;613-618;Syawwal;TIME;993;1000;0.99
000385-001;613-618;tanggal 27 Januari;TIME;1025;1043;0.99
000385-001;613-618;Raihanah binti Zaid;PERSON;1073;1092;0.99
000385-001;613-618;Ibnul Qayyim;PERSON;1328;1340;0.99
000385-002;613-618;Ibnul Qayyim;PERSON;28;40;0.99
000385-002;613-618;Abu Ubaidah;PERSON;52;63;0.99
000385-002;613-618;Zainab binti Jahsy;PERSON;159;177;0.99
000385-002;613-618;Rasulullah;PERSON;220;230;0.99
000385-002;613-618;Khadijah;PERSON;491;499;0.99
000385-002;613-618;Abu Bakar;PERSON;785;794;0.99
000385-002;613-618;Umar;PERSON;799;803;0.99
000385-002;613-618;Aisyah;PERSON;821;827;0.99
000385-002;613-618;Hafshah;PERSON;832;839;0.99
000385-002;613-618;Ali bin Abu Thalib;PERSON;897;915;0.99
000385-002;613-618;Ummu Kultsum;PERSON;942;954;0.99
000385-002;613-618;Ustman bin Affan;PERSON;962;978;0.99
000385-003;613-618;Rasulullah;PERSON;349;359;0.99
000385-003;613-618;Ummu Salamah;PERSON;441;453;0.99
000385-003;613-618;Abu Jahl;PERSON;502;510;0.99
000385-003;613-618;Khalid bin Walid;PERSON;515;531;0.99
000385-003;613-618;Rasulullah;PERSON;541;551;0.99
000385-003;613-618;Khalid bin Al-Walid;PERSON;568;587;0.99
000385-003;613-618;Perang Uhud;EVENT;620;631;0.99
000385-003;613-618;Abu Sufyan;PERSON;735;745;0.99
000385-003;613-618;Ummu Habibah;PERSON;833;845;0.99
000385-003;613-618;Juwairiyah;PERSON;1020;1030;0.99
000385-003;613-618;Juwairiyah;PERSON;1051;1061;0.99
000385-003;613-618;Rasulullah;PERSON;1154;1164;0.99
000385-004;613-618;Rasulullah;PERSON;21;31;0.99
000385-004;613-618;Rasulullah;PERSON;154;164;0.99
000385-004;613-618;Rasulullah;PERSON;947;957;0.99
000385-005;613-618;Aisyah;PERSON;412;418;0.99
000385-005;613-618;Rasulullah;PERSON;1223;1233;0.99
000385-005;613-618;Zainab binti Jahsy;PERSON;1268;1286;0.99
000385-005;613-618;Zaid;PERSON;1318;1322;0.99
000385-005;613-618;Zaid;PERSON;1358;1362;0.99
000385-005;613-618;Zainab;PERSON;1367;1373;0.99
000385-005;613-618;Zaid;PERSON;1380;1384;0.99
000385-006;613-618;Zaid;PERSON;34;38;0.99
000385-006;613-618;Zainab;PERSON;43;49;0.99
000385-006;613-618;Zaid;PERSON;56;60;0.99
000385-006;613-618;Rasulullah;PERSON;181;191;0.99
000385-006;613-618;Zaid;PERSON;402;406;0.99
000385-006;613-618;Rasulullah;PERSON;597;607;0.99
000385-006;613-618;Zaid;PERSON;1076;1080;0.99
000385-006;613-618;Zainab;PERSON;1103;1109;0.99
000385-006;613-618;Rasulullah;PERSON;1116;1126;0.99
000385-007;613-618;Zaid;PERSON;176;180;0.99
000385-007;613-618;Muhammad;PERSON;744;752;0.99
000385-007;613-618;Rasulullah;PERSON;841;851;0.99
000385-007;613-618;Hudaibiyah;LOCATION;1156;1166;0.99
000385-007;613-618;Urwah bin Mas'ud;PERSON;1252;1268;0.99
000385-007;613-618;Rasulullah;PERSON;1288;1298;0.99
000385-008;613-618;Urwah bin Mas'ud;PERSON;84;100;0.99
000385-008;613-618;Rasulullah;PERSON;120;130;0.99
000385-008;613-618;Abu Bakar;PERSON;503;512;0.99
000385-008;613-618;Umar;PERSON;517;521;0.99
000385-008;613-618;Zainab;PERSON;1232;1238;0.99
000385-008;613-618;Zaid;PERSON;1358;1362;0.99
000385-008;613-618;Rasulullah;PERSON;1412;1422;0.99
000385-009;613-618;Rasulullah;PERSON;430;440;0.99
000385-009;613-618;Rasulullah;PERSON;804;814;0.99
000385-009;613-618;Aisyah;PERSON;951;957;0.99
000385-009;613-618;Rasulullah;PERSON;1102;1112;0.99
000385-010;613-618;Rasulullah;PERSON;140;150;0.99
000385-010;613-618;Aisyah;PERSON;287;293;0.99
000385-010;613-618;Rasulullah;PERSON;438;448;0.99
000385-010;613-618;Aisyah;PERSON;480;486;0.99
000385-010;613-618;Aisyah;PERSON;543;549;0.99
000387-001;619-623;Ummu Ma'bad;PERSON;0;11;0.99
000387-001;619-623;Rasulullah;PERSON;53;63;0.99
000387-001;619-623;Madinah;LOCATION;182;189;0.99
000387-002;619-623;Ali bin Abu Thalib;PERSON;1122;1140;0.99
000387-002;619-623;Rasulullah;PERSON;1169;1179;0.99
000387-002;619-623;Jabir bin Samurah;PERSON;2342;2359;0.99
000387-002;619-623;Abu Thufail;PERSON;2427;2438;0.99
000387-002;619-623;Anas bin Malik;PERSON;2571;2585;0.99
000387-003;619-623;Ali bin Abu Thalib;PERSON;894;912;0.99
000387-003;619-623;Rasulullah;PERSON;941;951;0.99
000387-003;619-623;Jabir bin Samurah;PERSON;2114;2131;0.99
000387-003;619-623;Abu Thufail;PERSON;2199;2210;0.99
000387-003;619-623;Anas bin Malik;PERSON;2343;2357;0.99
000387-004;619-623;Abu Juhaifah;PERSON;293;305;0.99
000387-004;619-623;Ibnu Hisyam;PERSON;393;404;0.99
000387-004;619-623;Abdullah bin Bisri;PERSON;601;619;0.99
000387-004;619-623;Ar-Rubayyi binti Mu'awwidz;PERSON;1257;1283;0.99
000387-004;619-623;Jabir bin Samurah;PERSON;1377;1394;0.99
000387-005;619-623;Jabir bin Samurah;PERSON;0;17;0.99
000387-005;619-623;Rasulullah;PERSON;112;122;0.99
000387-005;619-623;Abu Hurairah;PERSON;213;225;0.99
000387-005;619-623;Rasulullah;PERSON;291;301;0.99
000387-005;619-623;Rasulullah;PERSON;416;426;0.99
000387-005;619-623;Ka'b bin Malik;PERSON;549;563;0.99
000387-005;619-623;Aisyah;PERSON;687;693;0.99
000387-005;619-623;Abu Kabir;PERSON;786;795;0.99
000387-005;619-623;Abu Bakar;PERSON;1184;1193;0.99
000387-006;619-623;Jabir bin Samurah;PERSON;147;164;0.99
000387-006;619-623;Ibnul Abbas;PERSON;336;347;0.99
000387-006;619-623;Rasulullah;PERSON;1329;1339;0.99
000387-006;619-623;Abu Juhaifah;PERSON;1347;1359;0.99
000387-007;619-623;Abu Juhaifah;PERSON;5;17;0.99
000387-007;619-623;Jabir bin Samurah;PERSON;177;194;0.99
000387-007;619-623;Ummu Salamah;PERSON;731;743;0.99
000387-007;619-623;Jabir;PERSON;799;804;0.99
000388-001;623-629;Aisyah;PERSON;1080;1086;0.99
000388-001;623-629;Rasulullah;PERSON;1101;1111;0.99
000388-002;623-629;Ibnu Abbas;PERSON;352;362;0.99
000388-002;623-629;bulan Ramadhan;TIME;470;484;0.99
000388-002;623-629;Jibril;PERSON;500;506;0.99
000388-002;623-629;bulan Ramadhan;TIME;532;546;0.99
000388-002;623-629;Jabir;PERSON;719;724;0.99
000388-002;623-629;Rasulullah;PERSON;788;798;0.99
000388-002;623-629;Ali;PERSON;1267;1270;0.99
000388-002;623-629;Rasulullah;PERSON;1358;1368;0.99
000388-003;623-629;Ali;PERSON;0;3;0.99
000388-003;623-629;Rasulullah;PERSON;91;101;0.99
000388-003;623-629;Madinah;LOCATION;202;209;0.99
000388-003;623-629;Rasulullah;PERSON;314;324;0.99
000388-003;623-629;Abu Thalhah;PERSON;462;473;0.99
000388-003;623-629;Abu Sa'id;PERSON;639;648;0.99
000388-004;623-629;Ali;PERSON;1213;1216;0.99
000388-004;623-629;Abu Jahl;PERSON;1224;1232;0.99
000388-005;623-629;Heraklius;PERSON;123;132;0.99
000388-005;623-629;Abu Sufyan;PERSON;162;172;0.99
000388-005;623-629;Abu Sufyan;PERSON;248;258;0.99
000388-005;623-629;Aisyah;PERSON;644;650;0.99
000388-006;623-629;Aisyah;PERSON;154;160;0.99
000388-007;623-629;Hindun bin Abu Halah;PERSON;630;650;0.99
000388-007;623-629;Rasulullah;PERSON;683;693;0.99
000388-007;623-629;Rasulullah;PERSON;709;719;0.99
000388-012;623-629;Kharijah binti Zaid;PERSON;267;286;0.99
000388-012;623-629;Rasulullah;PERSON;722;732;0.99
000388-013;623-629;Muhammad;PERSON;449;457;0.99
000388-013;623-629;Muhammad;PERSON;471;479;0.99
000388-013;623-629;Ibrahim;PERSON;510;517;0.99
000388-013;623-629;Ibrahim;PERSON;531;538;0.99
000388-013;623-629;Muhammad;PERSON;610;618;0.99
000388-013;623-629;Ibrahim;PERSON;666;673;0.99
000388-013;623-629;Masjidil Haram;LOCATION;835;849;0.99
000388-013;623-629;Makkah;LOCATION;853;859;0.99
000388-013;623-629;Madinah;LOCATION;877;884;0.99
