text_id,token,label
000051-003,Rasulullah,B_PERSON
000051-003,sudah,O
000051-003,tahu,O
000051-003,bahwa,O
000051-003,Ashhamah,O
000051-003,"An-Najasyi,",B_PERSON
000051-003,raja,O
000051-003,yang,O
000051-003,berkuasa,O
000051-003,di,O
000051-003,Habasyah,B_LOCATION
000051-003,adalah,O
000051-003,seorang,O
000051-003,raja,O
000051-003,yang,O
000051-003,"adil,",O
000051-003,tak,O
000051-003,bakal,O
000051-003,ada,O
000051-003,seorang,O
000051-003,pun,O
000051-003,yang,O
000051-003,teraniaya,O
000051-003,di,O
000051-003,sisinya.,O
000051-003,Oleh,O
000051-003,karena,O
000051-003,itu,O
000051-003,beliau,O
000051-003,memerintahkan,O
000051-003,agar,O
000051-003,beberapa,O
000051-003,orang,O
000051-003,Muslim,O
000051-003,hijrah,O
000051-003,ke,O
000051-003,"Habasyah,",B_LOCATION
000051-003,melepaskan,O
000051-003,diri,O
000051-003,dari,O
000051-003,cobaan,O
000051-003,sambil,O
000051-003,membawa,O
000051-003,agamanya.,O
000051-003,Pada,O
000051-003,bulan,B_TIME
000051-003,Rajab,I_TIME
000051-003,tahun,O
000051-003,kelima,O
000051-003,dari,O
000051-003,"nubuwah,",O
000051-003,sekelompok,O
000051-003,sahabat,O
000051-003,hijrah,O
000051-003,yang,O
000051-003,pertama,O
000051-003,kali,O
000051-003,ke,O
000051-003,"Habasyah,",B_LOCATION
000051-003,terdiri,O
000051-003,dari,O
000051-003,dua,O
000051-003,belas,O
000051-003,orang,O
000051-003,laki-laki,O
000051-003,dan,O
000051-003,empat,O
000051-003,orang,O
000051-003,"wanita,",O
000051-003,yang,O
000051-003,dipimpin,O
000051-003,Utsman,B_PERSON
000051-003,bin,I_PERSON
000051-003,Affan.,I_PERSON
000051-003,Dalam,O
000051-003,rombongan,O
000051-003,ini,O
000051-003,ikut,O
000051-003,pula,O
000051-003,Sayyidah,O
000051-003,"Ruqayyah,",O
000051-003,putri,O
000051-003,Rasulullah,B_PERSON
000051-003,.,O
000051-003,Beliau,O
000051-003,bersabda,O
000051-003,tentang,O
000051-003,"keduanya,",O
000051-003,"""Mereka",O
000051-003,berdua,O
000051-003,adalah,O
000051-003,penduduk,O
000051-003,Baitul-Haram,B_LOCATION
000051-003,pertama,O
000051-003,yang,O
000051-003,hijrah,O
000051-003,di,O
000051-003,jalan,O
000051-003,Allah,O
000051-003,setelah,O
000051-003,Ibrahim,B_PERSON
000051-003,dan,O
000051-003,83,O
000051-003,Mukhashar,O
000051-003,"Siratir-Rasul,",O
000051-003,Syaikh,O
000051-003,Abdullah,O
000051-003,"An-Najdi,",O
000051-003,hal.,O
000051-003,92-93;,O
000051-003,"Zadul-Ma'd,",O
000051-003,1/24;,O
000051-003,Rahmah,O
000051-003,Lil-,O
000051-003,"'alamin,",O
000051-003,1/61.,O
000051-003,Dengan,O
000051-003,berjalan,O
000051-003,mengendap-ngendap,O
000051-003,di,O
000051-003,tengah,O
000051-003,"malam,",O
000051-003,mereka,O
000051-003,pergi,O
000051-003,menuju,O
000051-003,pinggir,O
000051-003,"pantai,",O
000051-003,agar,O
000051-003,tidak,O
000051-003,diketahui,O
000051-003,orang-orang,O
000051-003,Quraisy.,O
000051-003,Secara,O
000051-003,kebetulan,O
000051-003,saat,O
000051-003,mereka,O
000051-003,tiba,O
000051-003,di,O
000051-003,pelabuhan,O
000051-003,"Syaiban,",O
000051-003,ada,O
000051-003,dua,O
000051-003,kapal,O
000051-003,datang,O
000051-003,yang,O
000051-003,bertolak,O
000051-003,menuju,O
000051-003,Habasyah.,B_LOCATION
000051-003,Setelah,O
000051-003,orang-orang,O
000051-003,Quraisy,O
000051-003,mengetahui,O
000051-003,kepergian,O
000051-003,orang-orang,O
000051-003,Muslim,O
000051-003,"ini,",O
000051-003,mereka,O
000051-003,segera,O
000051-003,mengejar.,O
000051-003,Tetapi,O
000051-003,tatkala,O
000051-003,mereka,O
000051-003,tiba,O
000051-003,di,O
000051-003,pinggir,O
000051-003,"pantai,",O
000051-003,orang-orang,O
000051-003,Muslim,O
000051-003,sudah,O
000051-003,bertolak,O
000051-003,dengan,O
000051-003,selamat.,O
000051-003,Orang,O
000051-003,orang,O
000051-003,Muslim,O
000051-003,hidup,O
000051-003,di,O
000051-003,sana,O
000051-003,dengan,O
000051-003,mendapat,O
000051-003,perlakuan,O
000051-003,yang,O
000051-003,baik.,O
000051-003,Pada,O
000051-003,bulan,B_TIME
000051-003,Ramadhan,I_TIME
000051-003,di,O
000051-003,tahun,O
000051-003,yang,O
000051-003,"sama,",O
000051-003,Nabi,O
000051-003,keluar,O
000051-003,dari,O
000051-003,Masjidil,B_LOCATION
000051-003,"Haram,",I_LOCATION
000051-003,yang,O
000051-003,saat,O
000051-003,itu,O
000051-003,para,O
000051-003,pemuka,O
000051-003,dan,O
000051-003,pembesar,O
000051-003,Quraisy,O
000051-003,sedang,O
000051-003,berkumpul,O
000051-003,di,O
000051-003,sana.,O
000051-005,4,O
000051-005,84,O
000051-005,Tafhimul-Qur,O
000051-005,"'an,",O
000051-005,5/188.,O
000051-005,Makna,O
000051-005,ini,O
000051-005,yang,O
000051-005,bisa,O
000051-005,disimpulkan,O
000051-005,para,O
000051-005,peneliti,O
000051-005,mengenai,O
000051-005,hadits,O
000051-005,Gharaniq.,O
000051-005,Apa,O
000051-005,yang,O
000051-005,selama,O
000051-005,itu,O
000051-005,mereka,O
000051-005,pegang,O
000051-005,telah,O
000051-005,"jatuh,",O
000051-005,karena,O
000051-005,mereka,O
000051-005,merasakan,O
000051-005,keagungan,O
000051-005,kalam,O
000051-005,Allah,O
000051-005,yang,O
000051-005,benar-benar,O
000051-005,telah,O
000051-005,menguasai,O
000051-005,kendali,O
000051-005,mereka.,O
000051-005,Saat,O
000051-005,itu,O
000051-005,mereka,O
000051-005,melakukan,O
000051-005,apa,O
000051-005,yang,O
000051-005,sebelumnya,O
000051-005,hendak,O
000051-005,mereka,O
000051-005,punahkan,O
000051-005,dan,O
000051-005,basmi.,O
000051-005,Maka,O
000051-005,setelah,O
000051-005,itu,O
000051-005,mereka,O
000051-005,yang,O
000051-005,sujud,O
000051-005,itu,O
000051-005,mendapat,O
000051-005,cercaan,O
000051-005,dan,O
000051-005,makian,O
000051-005,dari,O
000051-005,segala,O
000051-005,"arah,",O
000051-005,yaitu,O
000051-005,dilontarkan,O
000051-005,orang-orang,O
000051-005,musyrik,O
000051-005,yang,O
000051-005,tidak,O
000051-005,ikut,O
000051-005,sujud.,O
000051-005,Pada,O
000051-005,saat,O
000051-005,itulah,O
000051-005,mereka,O
000051-005,mendustakan,O
000051-005,Rasulullah,B_PERSON
000051-005,dan,O
000051-005,mengada-ngadakan,O
000051-005,perkataan,O
000051-005,untuk,O
000051-005,memojokkan,O
000051-005,"beliau,",O
000051-005,bahwa,O
000051-005,beliau,O
000051-005,menyebutkan,O
000051-005,nama-nama,O
000051-005,berhala,O
000051-005,mereka,O
000051-005,dengan,O
000051-005,ungkapan,O
000051-005,berisi,O
000051-005,"sanjungan,",O
000051-005,bahwa,O
000051-005,beliau,O
000051-005,berkata,O
000051-005,tentang,O
000051-005,berhala-berhala,O
000051-005,itu.,O
000051-005,"""Itulah",O
000051-005,Gharaniq,O
000051-005,yang,O
000051-005,"luhur,",O
000051-005,yang,O
000051-005,syafaatnya,O
000051-005,benar-benar,O
000051-005,"diharapkan.""",O
000051-005,Mereka,O
000051-005,membuat,O
000051-005,kedustaan,O
000051-005,yang,O
000051-005,nyata,O
000051-005,"ini,",O
000051-005,sebagai,O
000051-005,alasan,O
000051-005,untuk,O
000051-005,menutup-nutupi,O
000051-005,sujud,O
000051-005,mereka,O
000051-005,bersama,O
000051-005,Nabi,O
000051-005,.,O
000051-005,Tindakan,O
000051-005,seperti,O
000051-005,ini,O
000051-005,tidak,O
000051-005,terlalu,O
000051-005,"mengherankan,",O
000051-005,sebab,O
000051-005,mereka,O
000051-005,sudah,O
000051-005,biasa,O
000051-005,membuat,O
000051-005,kedustaan,O
000051-005,dan,O
000051-005,mengarang-ngarang,O
000051-005,cerita,O
000051-005,bohong.,O
000051-005,5,O
000051-005,Cerita,O
000051-005,tentang,O
000051-005,Gharabiq,O
000051-005,dan,O
000051-005,sujudnya,O
000051-005,orang-orang,O
000051-005,musyrik,O
000051-005,ini,O
000051-005,didengar,O
000051-005,para,O
000051-005,Muhajirin,O
000051-005,di,O
000051-005,"Habasyah,",B_LOCATION
000051-005,tetapi,O
000051-005,dengan,O
000051-005,versi,O
000051-005,yang,O
000051-005,berbeda,O
000051-005,jauh,O
000051-005,dengan,O
000051-005,gambaran,O
000051-005,yang,O
000051-005,hakiki.,O
000051-005,Ceritanya,O
000051-005,bahwa,O
000051-005,orang-orang,O
000051-005,Quraisy,O
000051-005,sudah,O
000051-005,masuk,O
000051-005,Islam.,O
000051-005,Oleh,O
000051-005,karena,O
000051-005,itu,O
000051-005,mereka,O
000051-005,pulang,O
000051-005,ke,O
000051-005,Makkah,B_LOCATION
000051-005,pada,O
000051-005,bulan,B_TIME
000051-005,Syawwal,I_TIME
000051-005,pada,O
000051-005,tahun,O
000051-005,yang,O
000051-005,sama.,O
000051-005,Hampir,O
000051-005,mendekati,O
000051-005,Makkah,B_LOCATION
000051-005,sebelum,O
000051-005,tengah,O
000051-005,"hari,",O
000051-005,mereka,O
000051-005,pun,O
000051-005,tahu,O
000051-005,apa,O
000051-005,yang,O
000051-005,sebenarnya,O
000051-005,terjadi.,O
000128-001,Kemudian,O
000128-001,Rasulullah,B_PERSON
000128-001,mempersiapkan,O
000128-001,"pasukan,",O
000128-001,berkeliling,O
000128-001,di,O
000128-001,sekitar,O
000128-001,arena,O
000128-001,yang,O
000128-001,akan,O
000128-001,dijadikan,O
000128-001,ajang,O
000128-001,pertempuran.,O
000128-001,Beliau,O
000128-001,menunjukkan,O
000128-001,jarinya,O
000128-001,ke,O
000128-001,suatu,O
000128-001,tempat,O
000128-001,sambil,O
000128-001,"bersabda,",O
000128-001,Ini,O
000128-001,tempat,O
000128-001,kematian,O
000128-001,Fulan,O
000128-001,esok,O
000128-001,hari,O
000128-001,insya,O
000128-001,"Allah,",O
000128-001,dan,O
000128-001,ini,O
000128-001,tempat,O
000128-001,kematiannya,O
000128-001,Fulan,O
000128-001,insya,O
000128-001,"Allah.""",O
000128-001,Pada,O
000128-001,malam,O
000128-001,itu,O
000128-001,beliau,O
000128-001,sering,O
000128-001,melaksanakan,O
000128-001,shalat,O
000128-001,di,O
000128-001,dekat,O
000128-001,pangkal,O
000128-001,pohon,O
000128-001,yang,O
000128-001,tumbuh,O
000128-001,di,O
000128-001,sana.,O
000128-001,Sedangkan,O
000128-001,orang-orang,O
000128-001,Muslim,O
000128-001,tidur,O
000128-001,dengan,O
000128-001,hembusan,O
000128-001,napas,O
000128-001,yang,O
000128-001,tenang,O
000128-001,seakan,O
000128-001,menyinari,O
000128-001,angkasa.,O
000128-001,Hati,O
000128-001,mereka,O
000128-001,ditaburi,O
000128-001,keyakinan,O
000128-001,Mereka,O
000128-001,cukup,O
000128-001,istirahat,O
000128-001,pada,O
000128-001,malam,O
000128-001,"itu,",O
000128-001,dengan,O
000128-001,harapan,O
000128-001,esok,O
000128-001,paginya,O
000128-001,dapat,O
000128-001,melihat,O
000128-001,kabar,O
000128-001,gembira,O
000128-001,dari,O
000128-001,Allah,O
000128-001,"""(Ingatlah)",O
000128-001,ketika,O
000128-001,Allah,O
000128-001,menjadikan,O
000128-001,kalian,O
000128-001,mengantuk,O
000128-001,sebagai,O
000128-001,suatu,O
000128-001,penentram,O
000128-001,"dari-Nya,",O
000128-001,dan,O
000128-001,Allah,O
000128-001,menurunkan,O
000128-001,kepada,O
000128-001,kalian,O
000128-001,hujan,O
000128-001,dari,O
000128-001,langit,O
000128-001,untuk,O
000128-001,mensucikan,O
000128-001,kalian,O
000128-001,dengan,O
000128-001,hujan,O
000128-001,itu,O
000128-001,dan,O
000128-001,menghilangkan,O
000128-001,dari,O
000128-001,kalian,O
000128-001,gangguan-gangguan,O
000128-001,setan,O
000128-001,dan,O
000128-001,untuk,O
000128-001,menguatkan,O
000128-001,hati,O
000128-001,kalian,O
000128-001,dan,O
000128-001,memperteguh,O
000128-001,dengannya,O
000128-001,telapak,O
000128-001,kaki,O
000128-001,(kalian).,O
000128-001,"""",O
000128-001,(Al-Anfal:,O
000128-001,11),O
000128-001,Malam,O
000128-001,itu,O
000128-001,adalah,O
000128-001,malam,O
000128-001,"Jum'at,",O
000128-001,tanggal,B_TIME
000128-001,17,I_TIME
000128-001,Ramadhan,I_TIME
000128-001,2,I_TIME
000128-001,H.,I_TIME
000128-001,Sementara,O
000128-001,keberangkatan,O
000128-001,beliau,O
000128-001,pada,O
000128-001,tanggal,O
000128-001,8,O
000128-001,atau,O
000128-001,12,O
000128-001,dari,O
000128-001,bulan,O
000128-001,yang,O
000128-001,sama.,O
000139-001,Peperangan,O
000139-001,sudah,O
000139-001,usai,O
000139-001,dengan,O
000139-001,kekalahan,O
000139-001,telak,O
000139-001,di,O
000139-001,pihak,O
000139-001,orang-orang,O
000139-001,musyrik,O
000139-001,dan,O
000139-001,kemenangan,O
000139-001,yang,O
000139-001,nyata,O
000139-001,di,O
000139-001,pihak,O
000139-001,orang-orang,O
000139-001,Muslim.,O
000139-001,Yang,O
000139-001,mati,O
000139-001,syahid,O
000139-001,dari,O
000139-001,pasukan,O
000139-001,Muslimin,O
000139-001,dalam,O
000139-001,peperangan,O
000139-001,ini,O
000139-001,ada,O
000139-001,empat,O
000139-001,belas,O
000139-001,"orang,",O
000139-001,enam,O
000139-001,dari,O
000139-001,Muhajirin,O
000139-001,dan,O
000139-001,delapan,O
000139-001,dari,O
000139-001,Anshar.,O
000139-001,Sedangkan,O
000139-001,orang-orang,O
000139-001,musyrik,O
000139-001,mengalami,O
000139-001,kerugian,O
000139-001,yang,O
000139-001,amat,O
000139-001,banyak,O
000139-001,Korban,O
000139-001,di,O
000139-001,antara,O
000139-001,mereka,O
000139-001,ada,O
000139-001,tujuh,O
000139-001,puluh,O
000139-001,orang,O
000139-001,dan,O
000139-001,tujuh,O
000139-001,puluh,O
000139-001,orang,O
000139-001,pula,O
000139-001,yang,O
000139-001,"tertawan,",O
000139-001,yang,O
000139-001,kebanyakan,O
000139-001,justru,O
000139-001,terdiri,O
000139-001,dari,O
000139-001,para,O
000139-001,pemuka,O
000139-001,dan,O
000139-001,pemimpin,O
000139-001,mereka.,O
000139-001,Setelah,O
000139-001,peperangan,O
000139-001,"usai,",O
000139-001,Rasulullah,B_PERSON
000139-001,berkeliling,O
000139-001,hingga,O
000139-001,berdiri,O
000139-001,di,O
000139-001,dekat,O
000139-001,korban,O
000139-001,dari,O
000139-001,orang-orang,O
000139-001,"musyrik,",O
000139-001,"""Keluarga",O
000139-001,yang,O
000139-001,paling,O
000139-001,buruk,O
000139-001,terhadap,O
000139-001,nabi,O
000139-001,kalian,O
000139-001,adalah,O
000139-001,diri,O
000139-001,kalian.,O
000139-001,Kalian,O
000139-001,mendustakan,O
000139-001,aku,O
000139-001,selagi,O
000139-001,orang-orang,O
000139-001,membenarkan,O
000139-001,aku.,O
000139-001,Kalian,O
000139-001,menelantarkan,O
000139-001,aku,O
000139-001,selagi,O
000139-001,orang-orang,O
000139-001,menolongku.,O
000139-001,Kalian,O
000139-001,mengusir,O
000139-001,aku,O
000139-001,selagi,O
000139-001,orang-orang,O
000139-001,melindungi,O
000139-001,"aku.""",O
000139-001,Lalu,O
000139-001,beliau,O
000139-001,memerintahkan,O
000139-001,agar,O
000139-001,tubuh,O
000139-001,mereka,O
000139-001,dimasukkan,O
000139-001,ke,O
000139-001,dalam,O
000139-001,sumur.,O
000139-001,Diriwayatkan,O
000139-001,dari,O
000139-001,Abu,B_PERSON
000139-001,"Thalhah,",I_PERSON
000139-001,bahwa,O
000139-001,Nabi,O
000139-001,Allah,O
000139-001,memerintahkan,O
000139-001,untuk,O
000139-001,mengumpulkan,O
000139-001,dua,O
000139-001,puluh,O
000139-001,empat,O
000139-001,pemuka,O
000139-001,Quraisy,O
000139-001,yang,O
000139-001,"terbunuh,",O
000139-001,lalu,O
000139-001,mereka,O
000139-001,dilemparkan,O
000139-001,ke,O
000139-001,dalam,O
000139-001,sumur,O
000139-001,yang,O
000139-001,kotor,O
000139-001,dan,O
000139-001,bau.,O
000139-001,Sebelum,O
000139-001,"itu,",O
000139-001,jika,O
000139-001,ada,O
000139-001,suatu,O
000139-001,kaum,O
000139-001,mendapatkan,O
000139-001,suatu,O
000139-001,"kemenangan,",O
000139-001,maka,O
000139-001,mereka,O
000139-001,mengadakan,O
000139-001,pesta,O
000139-001,di,O
000139-001,Badr,B_LOCATION
000139-001,selama,O
000139-001,tiga,O
000139-001,malam.,O
000139-001,Pada,O
000139-001,hari,O
000139-001,ketiga,O
000139-001,dari,O
000139-001,Perang,B_EVENT
000139-001,"Badr,",I_EVENT
000139-001,beliau,O
000139-001,meminta,O
000139-001,hewan,O
000139-001,kendaraannya,O
000139-001,dan,O
000139-001,mengikatnya.,O
000139-001,Kemudian,O
000139-001,beliau,O
000139-001,berjalan,O
000139-001,mengikuti,O
000139-001,para,O
000139-001,"sahabat,",O
000139-001,hingga,O
000139-001,beliau,O
000139-001,berdiri,O
000139-001,di,O
000139-001,bibir,O
000139-001,sumur.,O
000139-001,Beliau,O
000139-001,menyebutkan,O
000139-001,nama,O
000139-001,orang-orang,O
000139-001,musyrik,O
000139-001,yang,O
000139-001,jasadnya,O
000139-001,dilemparkan,O
000139-001,ke,O
000139-001,dalam,O
000139-001,sumur,O
000139-001,"itu,",O
000139-001,begitu,O
000139-001,nama,O
000139-001,bapak-bapak,O
000139-001,mereka.,O
000145-002,Setelah,O
000145-002,itu,O
000145-002,Allah,O
000145-002,berfirman,O
000145-002,kepada,O
000145-002,orang-orang,O
000145-002,Muslim,O
000145-002,tentang,O
000145-002,masalah,O
000145-002,harta,O
000145-002,rampasan,O
000145-002,dan,O
000145-002,meletakkan,O
000145-002,dasar-dasar,O
000145-002,masalah,O
000145-002,ini.,O
000145-002,Kemudian,O
000145-002,Allah,O
000145-002,menjelaskan,O
000145-002,dan,O
000145-002,menetapkan,O
000145-002,aturan-aturan,O
000145-002,main,O
000145-002,saat,O
000145-002,perang,O
000145-002,dan,O
000145-002,"damai,",O
000145-002,karena,O
000145-002,dakwah,O
000145-002,Islam,O
000145-002,saat,O
000145-002,itu,O
000145-002,sudah,O
000145-002,memasuki,O
000145-002,tahapan,O
000145-002,"ini,",O
000145-002,agar,O
000145-002,perang,O
000145-002,yang,O
000145-002,dilakukan,O
000145-002,orang-orang,O
000145-002,Muslim,O
000145-002,berbeda,O
000145-002,dengan,O
000145-002,perang,O
000145-002,yang,O
000145-002,dilakukan,O
000145-002,orang-,O
000145-002,orang,O
000145-002,Jahiliyah.,O
000145-002,Mereka,O
000145-002,unggul,O
000145-002,karena,O
000145-002,akhlak,O
000145-002,dan,O
000145-002,nilai-nilai,O
000145-002,yang,O
000145-002,luhur,O
000145-002,serta,O
000145-002,menegaskan,O
000145-002,kepada,O
000145-002,dunia,O
000145-002,bahwa,O
000145-002,Islam,O
000145-002,bukan,O
000145-002,sekedar,O
000145-002,teori,O
000145-002,yang,O
000145-002,mentah.,O
000145-002,tetapi,O
000145-002,Islam,O
000145-002,membekali,O
000145-002,para,O
000145-002,pemeluknya,O
000145-002,secara,O
000145-002,"praktis,",O
000145-002,berlandaskan,O
000145-002,kepada,O
000145-002,dasar-dasar,O
000145-002,dan,O
000145-002,prinsip-prinsip,O
000145-002,yang,O
000145-002,diserunya.,O
000145-002,Kemudian,O
000145-002,Allah,O
000145-002,menetapan,O
000145-002,beberapa,O
000145-002,butir,O
000145-002,undang-undang,O
000145-002,Daulah,O
000145-002,"Islam,",O
000145-002,dengan,O
000145-002,membuat,O
000145-002,perbedaan,O
000145-002,antara,O
000145-002,orang-orang,O
000145-002,Muslim,O
000145-002,yang,O
000145-002,menetap,O
000145-002,di,O
000145-002,wilayah,O
000145-002,Islam,O
000145-002,dan,O
000145-002,mereka,O
000145-002,yang,O
000145-002,menetap,O
000145-002,di,O
000145-002,luar,O
000145-002,wilayah,O
000145-002,Islam.,O
000145-002,Pada,O
000145-002,tahun,O
000145-002,kedua,O
000145-002,Hijriyah,O
000145-002,turun,O
000145-002,kewajiban,O
000145-002,puasa,O
000145-002,"Ramadhan,",B_TIME
000145-002,membayar,O
000145-002,zakat,O
000145-002,fitrah,O
000145-002,dan,O
000145-002,penjelasan,O
000145-002,tentang,O
000145-002,batasan-batasan,O
000145-002,zakat,O
000145-002,yang,O
000145-002,lain.,O
000145-002,Kewajiban,O
000145-002,membay,O
000145-002,ar,O
000145-002,zakat,O
000145-002,fitrah,O
000145-002,dan,O
000145-002,zakat-zakat,O
000145-002,lainnya,O
000145-002,dimaksudkan,O
000145-002,untuk,O
000145-002,memperingan,O
000145-002,beban,O
000145-002,hidup,O
000145-002,yang,O
000145-002,dijalani,O
000145-002,orang-orang,O
000145-002,Muhajirin,O
000145-002,dan,O
000145-002,Anshar,O
000145-002,yang,O
000145-002,"miskin,",O
000145-002,yang,O
000145-002,tidak,O
000145-002,mempunyai,O
000145-002,bakat,O
000145-002,usaha.,O
000145-002,Ada,O
000145-002,momen,O
000145-002,yang,O
000145-002,paling,O
000145-002,"mengesankan,",O
000145-002,karena,O
000145-002,Id,O
000145-002,pertama,O
000145-002,yang,O
000145-002,dijalani,O
000145-002,orang-orang,O
000145-002,Muslim,O
000145-002,dalam,O
000145-002,hidup,O
000145-002,mereka,O
000145-002,adalah,O
000145-002,Idul,O
000145-002,Fitri,I_TIME
000145-002,pada,O
000145-002,bulan,B_TIME
000145-002,Syawwal,I_TIME
000145-002,2,I_TIME
000145-002,"Hijriyah,",I_TIME
000145-002,setelah,O
000145-002,mereka,O
000145-002,memperoleh,O
000145-002,kemenangan,O
000145-002,yang,O
000145-002,gemilang,O
000145-002,di,O
000145-002,Perang,B_EVENT
000145-002,Badr.,I_EVENT
000145-002,Betapa,O
000145-002,mengesankan,O
000145-002,Id,O
000145-002,yang,O
000145-002,penuh,O
000145-002,kebahagiaan,O
000145-002,"ini,",O
000145-002,setelah,O
000145-002,Allah,O
000145-002,menyematkan,O
000145-002,mahkota,O
000145-002,kemenangan,O
000145-002,dan,O
000145-002,keperkasaan,O
000145-002,kepada,O
000145-002,mereka.,O
000163-001,Pasukan,O
000163-001,Makkah,B_LOCATION
000163-001,meneruskan,O
000163-001,"perjalanan,",O
000163-001,mengambil,O
000163-001,jalur,O
000163-001,utama,O
000163-001,ke,O
000163-001,arah,O
000163-001,barat,O
000163-001,menuju,O
000163-001,Madinah.,B_LOCATION
000163-001,Setiba,O
000163-001,di,O
000163-001,"Abwa',",O
000163-001,Hindun,B_PERSON
000163-001,bin,I_PERSON
000163-001,"Uthbah,",I_PERSON
000163-001,istri,O
000163-001,Abu,B_PERSON
000163-001,Sufyan,I_PERSON
000163-001,mengusulkan,O
000163-001,untuk,O
000163-001,menggali,O
000163-001,kuburan,O
000163-001,ibunda,O
000163-001,Rasulullah,B_PERSON
000163-001,.,O
000163-001,Namun,O
000163-001,para,O
000163-001,komandan,O
000163-001,pasukan,O
000163-001,Quraisy,O
000163-001,menolak,O
000163-001,usulan,O
000163-001,ini.,O
000163-001,Kali,O
000163-001,ini,O
000163-001,mereka,O
000163-001,bersikap,O
000163-001,sangat,O
000163-001,hati-hati,O
000163-001,terhadap,O
000163-001,akibat,O
000163-001,yang,O
000163-001,harus,O
000163-001,dihadapi,O
000163-001,jika,O
000163-001,mereka,O
000163-001,berbuat,O
000163-001,seperti,O
000163-001,itu.,O
000163-001,Maka,O
000163-001,pasukan,O
000163-001,melanjutkan,O
000163-001,perjalanan,O
000163-001,hingga,O
000163-001,mendekati,O
000163-001,Madinah.,B_LOCATION
000163-001,Mereka,O
000163-001,melewati,O
000163-001,Wadi,O
000163-001,"Al-Aqiq,",O
000163-001,lalu,O
000163-001,membelok,O
000163-001,ke,O
000163-001,arah,O
000163-001,kanan,O
000163-001,hingga,O
000163-001,tiba,O
000163-001,di,O
000163-001,dekat,O
000163-001,bukit,O
000163-001,"Uhud,",B_LOCATION
000163-001,di,O
000163-001,suatu,O
000163-001,tempat,O
000163-001,disebut,O
000163-001,"Ainain,",O
000163-001,di,O
000163-001,sebelah,O
000163-001,utara,O
000163-001,Madinah.,B_LOCATION
000163-001,Pasukan,O
000163-001,Quraisy,O
000163-001,mengambil,O
000163-001,tempat,O
000163-001,di,O
000163-001,sana,O
000163-001,pada,O
000163-001,hari,B_TIME
000163-001,Jum'at,O
000163-001,tanggal,B_TIME
000163-001,6,I_TIME
000163-001,Syawwal,I_TIME
000163-001,3,O
000163-001,H.,O
000169-002,Jika,O
000169-002,kalian,O
000169-002,melihat,O
000169-002,kami,O
000169-002,telah,O
000169-002,mengumpulkan,O
000169-002,harta,O
000169-002,"rampasan,",O
000169-002,maka,O
000169-002,janganlah,O
000169-002,kalian,O
000169-002,turun,O
000169-002,bergabung,O
000169-002,bersama,O
000169-002,Dalam,O
000169-002,riwayat,O
000169-002,Al-Bukhari,O
000169-002,"disebutkan,",O
000169-002,beliau,O
000169-002,"bersabda,",O
000169-002,"""Jika",O
000169-002,kalian,O
000169-002,melihat,O
000169-002,kami,O
000169-002,disambar,O
000169-002,burung,O
000169-002,"sekalipun,",O
000169-002,maka,O
000169-002,janganlah,O
000169-002,kalian,O
000169-002,meninggalkan,O
000169-002,tempat,O
000169-002,"itu,",O
000169-002,kecuali,O
000169-002,ada,O
000169-002,utusan,O
000169-002,yang,O
000169-002,datang,O
000169-002,kepada,O
000169-002,kalian.,O
000169-002,Jika,O
000169-002,kalian,O
000169-002,melihat,O
000169-002,kami,O
000169-002,dapat,O
000169-002,mengalahkan,O
000169-002,"mereka,",O
000169-002,maka,O
000169-002,janganlah,O
000169-002,kalian,O
000169-002,meninggalkan,O
000169-002,"tempat,",O
000169-002,hingga,O
000169-002,ada,O
000169-002,utusan,O
000169-002,yang,O
000169-002,datang,O
000169-002,kepada,O
000169-002,"kalian.""",O
000169-002,Dengan,O
000169-002,ditempatkannya,O
000169-002,detasemen,O
000169-002,di,O
000169-002,atas,O
000169-002,bukit,O
000169-002,dengan,O
000169-002,disertai,O
000169-002,perintah-,O
000169-002,perintah,O
000169-002,militer,O
000169-002,yang,O
000169-002,"keras,",O
000169-002,maka,O
000169-002,beliau,O
000169-002,sudah,O
000169-002,bisa,O
000169-002,menyumbat,O
000169-002,satu,O
000169-002,celah,O
000169-002,yang,O
000169-002,memungkinkan,O
000169-002,bagi,O
000169-002,kavaleri,O
000169-002,Quraisy,O
000169-002,untuk,O
000169-002,menyusup,O
000169-002,ke,O
000169-002,barisan,O
000169-002,orang-orang,O
000169-002,Muslim,O
000169-002,dari,O
000169-002,arah,O
000169-002,belakang,O
000169-002,dan,O
000169-002,mengacaukannya.,O
000169-002,Pasukan,O
000169-002,Muslimin,O
000169-002,di,O
000169-002,sayap,O
000169-002,kanan,O
000169-002,dikomandani,O
000169-002,Al-Mundzir,B_PERSON
000169-002,bin,I_PERSON
000169-002,"Amr,",I_PERSON
000169-002,di,O
000169-002,sayap,O
000169-002,kiri,O
000169-002,dikomandani,O
000169-002,Az-Zubair,B_PERSON
000169-002,bin,I_PERSON
000169-002,"Al-Awwam,",I_PERSON
000169-002,dan,O
000169-002,masih,O
000169-002,didukung,O
000169-002,oleh,O
000169-002,satuan,O
000169-002,pasukan,O
000169-002,yang,O
000169-002,dikomandani,O
000169-002,Al-Miqdad,B_PERSON
000169-002,bin,I_PERSON
000169-002,Al-Aswad.,I_PERSON
000169-002,Az-Zubair,O
000169-002,bertugas,O
000169-002,menghadang,O
000169-002,laju,O
000169-002,kavaleri,O
000169-002,(pasukan,O
000169-002,penunggang,O
000169-002,kuda),O
000169-002,Quraisy,O
000169-002,yang,O
000169-002,dipimpin,O
000169-002,Khalid,B_PERSON
000169-002,bin,I_PERSON
000169-002,Al-Walid,I_PERSON
000169-002,(yang,O
000169-002,saat,O
000169-002,itu,O
000169-002,masih,O
000169-002,kafir).,O
000169-002,Di,O
000169-002,barisan,O
000169-002,terdepan,O
000169-002,ada,O
000169-002,sejumlah,O
000169-002,orang,O
000169-002,yang,O
000169-002,"pemberani,",O
000169-002,tokoh-tokoh,O
000169-002,yang,O
000169-002,dikenal,O
000169-002,gagah,O
000169-002,perkasa,O
000169-002,dan,O
000169-002,hebat,O
000169-002,sepak,O
000169-002,"terjangnya,",O
000169-002,yang,O
000169-002,kemampuannya,O
000169-002,bisa,O
000169-002,disamakan,O
000169-002,dengan,O
000169-002,beribu-ribu,O
000169-002,orang.,O
000169-002,Pengaturan,O
000169-002,ini,O
000169-002,merupakan,O
000169-002,strategi,O
000169-002,yang,O
000169-002,sangat,O
000169-002,bijaksana,O
000169-002,dan,O
000169-002,sekaligus,O
000169-002,amat,O
000169-002,"detil,",O
000169-002,yang,O
000169-002,menggambarkan,O
000169-002,kecerdikan,O
000169-002,Rasulullah,B_PERSON
000169-002,sebagai,O
000169-002,seorang,O
000169-002,komandan,O
000169-002,perang.,O
000169-003,Pengaturan,O
000169-003,ini,O
000169-003,merupakan,O
000169-003,strategi,O
000169-003,yang,O
000169-003,sangat,O
000169-003,bijaksana,O
000169-003,dan,O
000169-003,sekaligus,O
000169-003,amat,O
000169-003,"detil,",O
000169-003,yang,O
000169-003,menggambarkan,O
000169-003,kecerdikan,O
000169-003,Rasulullah,B_PERSON
000169-003,sebagai,O
000169-003,seorang,O
000169-003,komandan,O
000169-003,perang.,O
000169-003,Tidak,O
000169-003,ada,O
000169-003,seorang,O
000169-003,komandan,O
000169-003,perang,O
000169-003,pun,O
000169-003,yang,O
000169-003,memiliki,O
000169-003,kecerdikan,O
000169-003,dalam,O
000169-003,menetapkan,O
000169-003,strategi,O
000169-003,yang,O
000169-003,sangat,O
000169-003,jitu,O
000169-003,"ini,",O
000169-003,seperti,O
000169-003,apa,O
000169-003,pun,O
000169-003,keandalannya.,O
000169-003,Beliau,O
000169-003,memilih,O
000169-003,tempat,O
000169-003,yang,O
000169-003,sangat,O
000169-003,"strategis,",O
000169-003,padahal,O
000169-003,kedatangan,O
000169-003,beliau,O
000169-003,di,O
000169-003,sana,O
000169-003,didahului,O
000169-003,pasukan,O
000169-003,musuh.,O
000169-003,Punggung,O
000169-003,dan,O
000169-003,sayap,O
000169-003,kanan,O
000169-003,pasukan,O
000169-003,terlindungi,O
000169-003,oleh,O
000169-003,satu-satunya,O
000169-003,tebing,O
000169-003,yang,O
000169-003,ada,O
000169-003,di,O
000169-003,situ.,O
000169-003,Beliau,O
000169-003,memilihkan,O
000169-003,tempat,O
000169-003,yang,O
000169-003,relatif,O
000169-003,lebih,O
000169-003,tinggi,O
000169-003,dari,O
000169-003,pasukannya.,O
000169-003,Jika,O
000169-003,"terdesak,",O
000169-003,anggota,O
000169-003,pasukannya,O
000169-003,tidak,O
000169-003,mudah,O
000169-003,menyerah,O
000169-003,lalu,O
000169-003,melarikan,O
000169-003,"diri,",O
000169-003,justru,O
000169-003,membuka,O
000169-003,peluang,O
000169-003,bagi,O
000169-003,musuh,O
000169-003,untuk,O
000169-003,menghabisi,O
000169-003,dan,O
000169-003,menawan,O
000169-003,mereka.,O
000169-003,Jika,O
000169-003,mereka,O
000169-003,terus,O
000169-003,"bertahan,",O
000169-003,musuh,O
000169-003,justru,O
000169-003,terus,O
000169-003,mendesak,O
000169-003,maju.,O
000169-003,Sementara,O
000169-003,musuh,O
000169-003,tidak,O
000169-003,mempunyai,O
000169-003,pilihan,O
000169-003,lain,O
000169-003,untuk,O
000169-003,menyerang,O
000169-003,mereka,O
000169-003,dari,O
000169-003,sisi,O
000169-003,lain.,O
000169-003,"Sebaliknya,",O
000169-003,jika,O
000169-003,kemenangan,O
000169-003,berpihak,O
000169-003,kepada,O
000169-003,pasukan,O
000169-003,"Muslimin,",O
000169-003,maka,O
000169-003,musuh,O
000169-003,tidak,O
000169-003,dapat,O
000169-003,menghindar,O
000169-003,dari,O
000169-003,kejaran,O
000169-003,174,O
000169-003,Sabda,O
000169-003,beliau,O
000169-003,ini,O
000169-003,diriwayatkan,O
000169-003,"Ahmad,",O
000169-003,Ath-Thabrany,O
000169-003,dan,O
000169-003,Al-Hakim,O
000169-003,dari,O
000169-003,Ibnu,B_PERSON
000169-003,Abbas.,I_PERSON
000169-003,Lihat,O
000169-003,Fathul-,O
000169-003,"Bari,",O
000169-003,7/350.,O
000169-003,mereka.,O
000169-003,Di,O
000169-003,samping,O
000169-003,semua,O
000169-003,"itu,",O
000169-003,beliau,O
000169-003,telah,O
000169-003,menunjuk,O
000169-003,beberapa,O
000169-003,orang,O
000169-003,di,O
000169-003,front,O
000169-003,"terdepan,",O
000169-003,yang,O
000169-003,terdiri,O
000169-003,dari,O
000169-003,orang-orang,O
000169-003,yang,O
000169-003,gagah,O
000169-003,perkasa,O
000169-003,dan,O
000169-003,pemberani,O
000169-003,Begitulah,O
000169-003,Nabi,O
000169-003,mengatur,O
000169-003,pasukannya,O
000169-003,pada,O
000169-003,hari,B_TIME
000169-003,Sabtu,O
000169-003,pagi,O
000169-003,tanggal,B_TIME
000169-003,7,I_TIME
000169-003,Syawwal,I_TIME
000169-003,3,O
000169-003,H.,O
000174-001,Dua,O
000174-001,pihak,O
000174-001,saling,O
000174-001,mendekat,O
000174-001,dan,O
000174-001,merangsek,O
000174-001,ke,O
000174-001,depan.,O
000174-001,Tahapan-tahapan,O
000174-001,perang,O
000174-001,sudah,O
000174-001,dimulai.,O
000174-001,Yang,O
000174-001,pertama,O
000174-001,kali,O
000174-001,menyulut,O
000174-001,bara,O
000174-001,pertempuran,O
000174-001,adalah,O
000174-001,pembawa,O
000174-001,bendera,O
000174-001,dari,O
000174-001,kalangan,O
000174-001,"musyrikin,",O
000174-001,yaitu,O
000174-001,Thalhah,B_PERSON
000174-001,bin,I_PERSON
000174-001,Abu,I_PERSON
000174-001,Thalhah,I_PERSON
000174-001,Al-Abdari.,O
000174-001,Dia,O
000174-001,adalah,O
000174-001,penunggang,O
000174-001,kuda,O
000174-001,Quraisy,O
000174-001,yang,O
000174-001,paling,O
000174-001,pemberani.,O
000174-001,Orang-,O
000174-001,orang,O
000174-001,Muslim,O
000174-001,menyebutnya,O
000174-001,Kabsyul,O
000174-001,Katibah.,O
000174-001,Dia,O
000174-001,keluar,O
000174-001,sambil,O
000174-001,menunggang,O
000174-001,"onta,",O
000174-001,mengajak,O
000174-001,untuk,O
000174-001,adu,O
000174-001,tanding.,O
000174-001,Tak,O
000174-001,seorang,O
000174-001,pun,O
000174-001,yang,O
000174-001,segera,O
000174-001,menyambut,O
000174-001,tantangannya,O
000174-001,untuk,O
000174-001,adu,O
000174-001,tanding,O
000174-001,karena,O
000174-001,keberaniannya,O
000174-001,itu.,O
000174-001,Akhirnya,O
000174-001,Az-Zubair,O
000174-001,maju,O
000174-001,menghampirinya.,O
000174-001,Dia,O
000174-001,maju,O
000174-001,tidak,O
000174-001,dengan,O
000174-001,cara,O
000174-001,"pelan-pelan,",O
000174-001,tetapi,O
000174-001,langsung,O
000174-001,melompat,O
000174-001,layaknya,O
000174-001,seekor,O
000174-001,singa.,O
000174-001,Sehingga,O
000174-001,sebelum,O
000174-001,sempat,O
000174-001,Thalhah,O
000174-001,turun,O
000174-001,dari,O
000174-001,punggung,O
000174-001,"ontanya,",O
000174-001,Az-Zubair,O
000174-001,sudah,O
000174-001,menusukkan,O
000174-001,pedangnya,O
000174-001,hingga,O
000174-001,Thalhah,O
000174-001,terjerembab,O
000174-001,ke,O
000174-001,"tanah,",O
000174-001,mati.,O
000174-001,Nabi,O
000174-001,menyaksikan,O
000174-001,adu,O
000174-001,tanding,O
000174-001,yang,O
000174-001,sangat,O
000174-001,mencengankan,O
000174-001,ini,O
000174-001,Maka,O
000174-001,seketika,O
000174-001,beliau,O
000174-001,bertakbir,O
000174-001,yang,O
000174-001,kemudian,O
000174-001,dikuti,O
000174-001,semua,O
000174-001,orang,O
000174-001,Muslim.,O
000174-001,Beliau,O
000174-001,memuji,O
000174-001,Az-Zubair,O
000174-001,dan,O
000174-001,bersabda,O
000174-001,sesuai,O
000174-001,dengan,O
000174-001,kapasitas,O
000174-001,"dirinya,",O
000174-001,"""Sesungguhnya",O
000174-001,setiap,O
000174-001,Nabi,O
000174-001,itu,O
000174-001,mempunyai,O
000174-001,pengikut,O
000174-001,setia.,O
000174-001,Adapun,O
000174-001,pengikut,O
000174-001,setiaku,O
000174-001,adalah,O
000174-001,"Az-Zubair.""",O
000177-001,Inilah,O
000177-001,penuturan,O
000177-001,yang,O
000177-001,disampaikan,O
000177-001,sendiri,O
000177-001,oleh,O
000177-001,pembunuh,O
000177-001,"Hamzah,",B_PERSON
000177-001,Wahsy,B_PERSON
000177-001,bin,I_PERSON
000177-001,"Harb,",I_PERSON
000177-001,"""Sebelumnya",O
000177-001,aku,O
000177-001,adalah,O
000177-001,budak,O
000177-001,Jubair,B_PERSON
000177-001,bin,I_PERSON
000177-001,Muth'im.,I_PERSON
000177-001,Paman,O
000177-001,Jubair.,O
000177-001,Thu'aimah,B_PERSON
000177-001,bin,I_PERSON
000177-001,Adi,I_PERSON
000177-001,terbunuh,O
000177-001,pada,O
000177-001,Perang,B_EVENT
000177-001,Badr.,I_EVENT
000177-001,Pada,O
000177-001,saat,O
000177-001,Quraisy,O
000177-001,pergi,O
000177-001,ke,O
000177-001,"Uhud,",B_LOCATION
000177-001,Jubair,O
000177-001,berkata,O
000177-001,"kepadaku,",O
000177-001,"""",O
000177-001,Jika,O
000177-001,kamu,O
000177-001,dapat,O
000177-001,membunuh,O
000177-001,"Hamzah,",B_PERSON
000177-001,paman,O
000177-001,"Muhammad,",B_PERSON
000177-001,sebagai,O
000177-001,pembalasan,O
000177-001,atas,O
000177-001,terbunuhnya,O
000177-001,"pamanku,",O
000177-001,maka,O
000177-001,engkau,O
000177-001,jadi,O
000177-001,merdeka'.,O
000177-001,Maka,O
000177-001,aku,O
000177-001,pun,O
000177-001,ikut,O
000177-001,bergabung,O
000177-001,bersama,O
000177-001,pasukan.,O
000177-001,Aku,O
000177-001,adalah,O
000177-001,seorang,O
000177-001,penduduk,O
000177-001,Habasyah.,B_LOCATION
000177-001,Seperti,O
000177-001,lazimnya,O
000177-001,orang-orang,O
000177-001,"Habasyah,",B_LOCATION
000177-001,aku,O
000177-001,juga,O
000177-001,mahir,O
000177-001,dalam,O
000177-001,melontarkan,O
000177-001,tombak,O
000177-001,kecil.,O
000177-001,Jarang,O
000177-001,sekali,O
000177-001,aku,O
000177-001,meleset,O
000177-001,dari,O
000177-001,sasaran.,O
000177-001,Saat,O
000177-001,mereka,O
000177-001,"bertempur,",O
000177-001,aku,O
000177-001,segera,O
000177-001,beranjak,O
000177-001,mencari-cari,O
000177-001,Hamzah.,B_PERSON
000177-001,Akhirnya,O
000177-001,aku,O
000177-001,dapat,O
000177-001,melihat,O
000177-001,kelebatnya,O
000177-001,di,O
000177-001,tengah,O
000177-001,manusia,O
000177-001,layaknya,O
000177-001,onta,O
000177-001,abu-abu,O
000177-001,yang,O
000177-001,lincah.,O
000177-001,Tak,O
000177-001,seorang,O
000177-001,pun,O
000177-001,mampu,O
000177-001,menghadapi,O
000177-001,terjangannya.,O
000177-001,Demi,O
000177-001,"Allah,",O
000177-001,aku,O
000177-001,pun,O
000177-001,bersiap-siap,O
000177-001,menjadikan,O
000177-001,sebagai,O
000177-001,sasaran.,O
000177-001,Aku,O
000177-001,berlindung,O
000177-001,di,O
000177-001,balik,O
000177-001,batu,O
000177-001,atau,O
000177-001,pohon,O
000177-001,untuk,O
000177-001,dapat,O
000177-001,mendekatinya.,O
000177-001,Tetapi,O
000177-001,tiba-tiba,O
000177-001,Siba',B_PERSON
000177-001,bin,I_PERSON
000177-001,Abdul,I_PERSON
000177-001,Uzza,I_PERSON
000177-001,mencul,O
000177-001,mendahuluiku,O
000177-001,dengan,O
000177-001,mendatangi,O
000177-001,Hamzah,B_PERSON
000177-001,"""Kemarilah",O
000177-001,wahai,O
000177-001,anak,O
000177-001,wanita,O
000177-001,tukang,O
000177-001,"supit!""",O
000177-001,kata,O
000177-001,Siba',O
000177-001,kepada,O
000177-001,"Hamzah,",B_PERSON
000177-001,karena,O
000177-001,memang,O
000177-001,ibunya,O
000177-001,adalah,O
000177-001,tukang,O
000177-001,supit.,O
000177-001,Seketika,O
000177-001,Hamzah,B_PERSON
000177-001,menyabetkan,O
000177-001,"pedangnya,",O
000177-001,tepat,O
000177-001,mengenai,O
000177-001,kepala,O
000177-001,Siba',O
000177-001,.,O
000177-001,Tombak,O
000177-001,kecil,O
000177-001,sudah,O
000177-001,kuayun-ayunkan,O
000177-001,di,O
000177-001,tangan.,O
000177-001,Saat,O
000177-001,kurasa,O
000177-001,sudah,O
000177-001,me-,O
000177-001,"mungkinkan,",O
000177-001,tombak,O
000177-001,kulontarkan,O
000177-001,tepat,O
000177-001,mengenai,O
000177-001,perutnya,O
000177-001,bagian,O
000177-001,"bawah,",O
000177-001,hingga,O
000177-001,tembus,O
000177-001,ke,O
000177-001,selangkangannya.,O
000177-001,Dia,O
000177-001,berjalan,O
000177-001,ke,O
000177-001,arahku,O
000177-001,dengan,O
000177-001,badan,O
000177-001,limbung,O
000177-001,lalu,O
000177-001,terjerembab,O
000177-001,ke,O
000177-001,tanah.,O
000177-001,Aku,O
000177-001,menungguinya,O
000177-001,beberapa,O
000177-001,saat,O
000177-001,hingga,O
000177-001,dia,O
000177-001,benar-benar,O
000177-001,meninggal.,O
000182-001,Pada,O
000182-001,saat,O
000182-001,pasukan,O
000182-001,Islam,O
000182-001,yang,O
000182-001,kecil,O
000182-001,tinggal,O
000182-001,meraih,O
000182-001,kemenangan,O
000182-001,sebentar,O
000182-001,lagi,O
000182-001,atas,O
000182-001,pasukan,O
000182-001,"Quraisy,",O
000182-001,yang,O
000182-001,nilai,O
000182-001,kemenangannya,O
000182-001,tidak,O
000182-001,kalah,O
000182-001,sedikit,O
000182-001,dari,O
000182-001,kemenangan,O
000182-001,yang,O
000182-001,diraih,O
000182-001,di,O
000182-001,Perang,B_EVENT
000182-001,"Badr,",I_EVENT
000182-001,terjadi,O
000182-001,kesalahan,O
000182-001,fatal,O
000182-001,yang,O
000182-001,dilakukan,O
000182-001,para,O
000182-001,"pemanah,",O
000182-001,sehingga,O
000182-001,bisa,O
000182-001,membalik,O
000182-001,keadaan,O
000182-001,secara,O
000182-001,total,O
000182-001,dan,O
000182-001,akhirnya,O
000182-001,menimbulkan,O
000182-001,kerugian,O
000182-001,yang,O
000182-001,amat,O
000182-001,banyak,O
000182-001,bagi,O
000182-001,pasukan,O
000182-001,"Muslimin,",O
000182-001,bahkan,O
000182-001,hampir,O
000182-001,saja,O
000182-001,menyebabkan,O
000182-001,kematian,O
000182-001,bagi,O
000182-001,Nabi,O
000182-001,.,O
000182-001,Kejadian,O
000182-001,ini,O
000182-001,membiaskan,O
000182-001,pengaruh,O
000182-001,yang,O
000182-001,kurang,O
000182-001,menguntungkan,O
000182-001,bagi,O
000182-001,ketenaran,O
000182-001,dan,O
000182-001,kehebatan,O
000182-001,mereka,O
000182-001,setelah,O
000182-001,meraih,O
000182-001,kemenangan,O
000182-001,di,O
000182-001,Badr.,B_LOCATION
000182-001,Telah,O
000182-001,kami,O
000182-001,utarakan,O
000182-001,teks,O
000182-001,perintah,O
000182-001,Nabi,O
000182-001,yang,O
000182-001,sangat,O
000182-001,keras,O
000182-001,terhadap,O
000182-001,para,O
000182-001,pemanah,O
000182-001,"itu,",O
000182-001,agar,O
000182-001,mereka,O
000182-001,tetap,O
000182-001,berada,O
000182-001,di,O
000182-001,atas,O
000182-001,"bukit,",O
000182-001,dalam,O
000182-001,keadaan,O
000182-001,kalah,O
000182-001,maupun,O
000182-001,menang.,O
000182-001,Sekalipun,O
000182-001,sudah,O
000182-001,ada,O
000182-001,perintah,O
000182-001,yang,O
000182-001,sangat,O
000182-001,tegas,O
000182-001,"ini,",O
000182-001,tatkala,O
000182-001,pasukan,O
000182-001,pemanah,O
000182-001,melihat,O
000182-001,orang-orang,O
000182-001,Muslim,O
000182-001,sudah,O
000182-001,mengumpulkan,O
000182-001,harta,O
000182-001,rampasan,O
000182-001,dari,O
000182-001,pihak,O
000182-001,"musuh,",O
000182-001,mereka,O
000182-001,pun,O
000182-001,dikuasai,O
000182-001,egoisme,O
000182-001,kecintaan,O
000182-001,terhadap,O
000182-001,duniawi.,O
000182-001,Mereka,O
000182-001,saling,O
000182-001,"berkata,",O
000182-001,"""Harta",O
000182-001,"rampasan,",O
000182-001,harta,O
000182-001,rampasan!,O
000182-001,Rekan-rekan,O
000182-001,kalian,O
000182-001,sudah,O
000182-001,menang.,O
000182-001,Apa,O
000182-001,lagi,O
000182-001,yang,O
000182-001,kalian,O
000182-001,"tunggu?""",O
000182-001,Komandan,O
000182-001,"mereka,",O
000182-001,Abdullah,B_PERSON
000182-001,bin,I_PERSON
000182-001,Jubair,I_PERSON
000182-001,mengingatkan,O
000182-001,perintah,O
000182-001,Rasulullah,B_PERSON
000182-001,kepada,O
000182-001,"mereka,",O
000182-001,dengan,O
000182-001,"berkata,",O
000182-001,"""Apakah",O
000182-001,kalian,O
000182-001,sudah,O
000182-001,lupa,O
000182-001,apa,O
000182-001,yang,O
000182-001,dikatakan,O
000182-001,Rasulullah,B_PERSON
000182-001,kepada,O
000182-001,"kalian?""",O
000182-001,Tetapi,O
000182-001,mayoritas,O
000182-001,di,O
000182-001,antara,O
000182-001,mereka,O
000182-001,tidak,O
000182-001,mempedulikan,O
000182-001,peringatan,O
000182-001,ini.,O
000199-003,Kalau,O
000199-003,tidak,O
000199-003,karena,O
000199-003,"itu,",O
000199-003,aku,O
000199-003,tak,O
000199-003,kan,O
000199-003,sudi,O
000199-003,"berperang.""",O
000199-003,Karena,O
000199-003,merasa,O
000199-003,tidak,O
000199-003,tahan,O
000199-003,lagi,O
000199-003,dengan,O
000199-003,sakit,O
000199-003,yang,O
000199-003,"dideritanya,",O
000199-003,maka,O
000199-003,dia,O
000199-003,pun,O
000199-003,bunuh,O
000199-003,diri.,O
000199-003,Setelah,O
000199-003,mendengar,O
000199-003,"kabarnya,",O
000199-003,Rasulullah,B_PERSON
000199-003,"bersabda,",O
000199-003,"""Jika",O
000199-003,dia,O
000199-003,berkata,O
000199-003,seperti,O
000199-003,"itu,",O
000199-003,maka,O
000199-003,dia,O
000199-003,termasuk,O
000199-003,penghuni,O
000199-003,"neraka.""",O
000199-003,Begitulah,O
000199-003,akhir,O
000199-003,perjalanan,O
000199-003,orang-orang,O
000199-003,yang,O
000199-003,berperang,O
000199-003,karena,O
000199-003,membela,O
000199-003,kesukuannya,O
000199-003,atau,O
000199-003,karena,O
000199-003,berjuang,O
000199-003,untuk,O
000199-003,meninggikan,O
000199-003,kalimat,O
000199-003,"Allah,",O
000199-003,sekalipun,O
000199-003,mereka,O
000199-003,berperang,O
000199-003,di,O
000199-003,bawah,O
000199-003,bendera,O
000199-003,Islam,O
000199-003,dan,O
000199-003,bergabung,O
000199-003,bersama,O
000199-003,pasukan,O
000199-003,Rasulullah,B_PERSON
000199-003,dan,O
000199-003,para,O
000199-003,sahabat.,O
000199-003,"Sebaliknya,",O
000199-003,di,O
000199-003,antara,O
000199-003,orang-orang,O
000199-003,yang,O
000199-003,terbunuh,O
000199-003,terdapat,O
000199-003,seorang,O
000199-003,Yahudi,O
000199-003,dari,O
000199-003,Bani,O
000199-003,Tsa'labah.,O
000199-003,Namanya,O
000199-003,Mukhairiq.,O
000199-003,Saat,O
000199-003,Perang,B_EVENT
000199-003,Uhud,I_EVENT
000199-003,itu,O
000199-003,dia,O
000199-003,berkata,O
000199-003,kepada,O
000199-003,"kaumnya,",O
000199-003,"""Wahai",O
000199-003,semua,O
000199-003,orang,O
000199-003,"Yahudi,",O
000199-003,demi,O
000199-003,"Allah,",O
000199-003,kalian,O
000199-003,sudah,O
000199-003,tahu,O
000199-003,bahwa,O
000199-003,membantu,O
000199-003,Muhammad,B_PERSON
000199-003,saat,O
000199-003,ini,O
000199-003,merupakan,O
000199-003,kewajiban,O
000199-003,bagi,O
000199-003,"kalian.""",O
000199-003,Mereka,O
000199-003,"berkata,",O
000199-003,"""Hari",O
000199-003,ini,O
000199-003,adalah,O
000199-003,hari,B_TIME
000199-003,"Sabtu.""",I_TIME
000199-003,Hari,B_TIME
000199-003,Sabtu,I_TIME
000199-003,adalah,O
000199-003,hari,O
000199-003,besar,O
000199-003,dan,O
000199-003,suci,O
000199-003,bagi,O
000199-003,orang-orang,O
000199-003,Yahudi.,O
000199-003,Pada,O
000199-003,hari,O
000199-003,ini,O
000199-003,mereka,O
000199-003,tidak,O
000199-003,diperkenankan,O
000199-003,berperang.,O
000199-003,"""Tidak",O
000199-003,ada,O
000199-003,hari,O
000199-003,Sabtu,O
000199-003,bagi,O
000199-003,"kalian,""",O
000199-003,jawabnya.,O
000199-003,Lalu,O
000199-003,mengambil,O
000199-003,pedang,O
000199-003,dan,O
000199-003,segala,O
000199-003,"perlengkapan,",O
000199-003,seraya,O
000199-003,"berkata,",O
000199-003,"""Kalau",O
000199-003,pun,O
000199-003,aku,O
000199-003,mendapat,O
000199-003,celaka.,O
000199-003,aku,O
000199-003,tak,O
000199-003,peduli,O
000199-003,dengan,O
000199-003,diri,O
000199-003,Muhammad.,B_PERSON
000199-003,Biarlah,O
000199-003,dia,O
000199-003,berbuat,O
000199-003,semaunya,O
000199-003,dalam,O
000199-003,peperangan,O
000199-003,"ini.""",O
000199-003,Kemudian,O
000199-003,dia,O
000199-003,pergi,O
000199-003,ke,O
000199-003,medan,O
000199-003,perang,O
000199-003,dan,O
000199-003,bertempur,O
000199-003,hingga,O
000199-003,terbunuh.,O
000199-003,Rasulullah,B_PERSON
000199-003,bersabda,O
000199-003,tentang,O
000199-003,"dirinya,",O
000199-003,"""Mukhairiq",O
000199-003,adalah,O
000199-003,sebaik-baik,O
000199-003,orang,O
000199-003,"Yahudi.""",O
000201-001,Al-Imam,O
000201-001,Ahmad,O
000201-001,meriway,O
000201-001,atkan,O
000201-001,tentang,O
000201-001,kejadian,O
000201-001,pada,O
000201-001,Perang,B_EVENT
000201-001,"Uhud,",I_EVENT
000201-001,setelah,O
000201-001,orang-orang,O
000201-001,musyrik,O
000201-001,kembali.,O
000201-001,Rasulullah,B_PERSON
000201-001,"bersabda,",O
000201-001,Berbarislah,O
000201-001,yang,O
000201-001,lurus,O
000201-001,Aku,O
000201-001,akan,O
000201-001,memuji,O
000201-001,Allah,O
000201-001,dan,O
000201-001,berdoa,O
000201-001,"kepada-Nya.""",O
000201-001,Maka,O
000201-001,mereka,O
000201-001,pun,O
000201-001,berjajar,O
000201-001,membuat,O
000201-001,beberapa,O
000201-001,shaff,O
000201-001,ke,O
000201-001,belakang,O
000201-001,"beliau,",O
000201-001,lalu,O
000201-001,beliau,O
000201-001,membaca,O
000201-001,Yg,O
000201-001,yg,O
000201-001,yg,O
000201-001,yg,O
000201-001,yg,O
000201-001,yg,O
000201-001,1/140.,O
000201-001,193,O
000201-001,Shahih,O
000201-001,"Al-Bukhari,",O
000201-001,"2/579,",O
000201-001,Yg,O
000201-001,"""Ya",O
000201-001,"Allah,",O
000201-001,segala,O
000201-001,puji,O
000201-001,"bagi-Mu,",O
000201-001,Ya,O
000201-001,"Allah,",O
000201-001,tidak,O
000201-001,ada,O
000201-001,yang,O
000201-001,bisa,O
000201-001,memungut,O
000201-001,apa,O
000201-001,yang,O
000201-001,Engkau,O
000201-001,"hamparkan,",O
000201-001,tidak,O
000201-001,ada,O
000201-001,yang,O
000201-001,bisa,O
000201-001,menghamparkan,O
000201-001,apa,O
000201-001,yang,O
000201-001,Engkau,O
000201-001,pungut.,O
000201-001,Tidak,O
000201-001,ada,O
000201-001,yang,O
000201-001,bisa,O
000201-001,memberi,O
000201-001,petunjuk,O
000201-001,kepada,O
000201-001,orang,O
000201-001,yang,O
000201-001,Engkau,O
000201-001,sesatkan,O
000201-001,dan,O
000201-001,tidak,O
000201-001,ada,O
000201-001,yang,O
000201-001,bisa,O
000201-001,memberi,O
000201-001,kesesatan,O
000201-001,kepada,O
000201-001,orang,O
000201-001,yang,O
000201-001,Engkau,O
000201-001,beri,O
000201-001,petunjuk.,O
000201-001,Tidak,O
000201-001,ada,O
000201-001,yang,O
000201-001,bisa,O
000201-001,memberi,O
000201-001,apa,O
000201-001,yang,O
000201-001,Engkau,O
000201-001,tahan,O
000201-001,dan,O
000201-001,tidak,O
000201-001,ada,O
000201-001,yang,O
000201-001,bisa,O
000201-001,menahan,O
000201-001,apa,O
000201-001,yang,O
000201-001,Engkau,O
000201-001,berikan.,O
000201-001,Tidak,O
000201-001,ada,O
000201-001,yang,O
000201-001,bisa,O
000201-001,mendekatkan,O
000201-001,apa,O
000201-001,yang,O
000201-001,Engkau,O
000201-001,jauhkan,O
000201-001,dan,O
000201-001,tidak,O
000201-001,ada,O
000201-001,yang,O
000201-001,bisa,O
000201-001,menjauhkan,O
000201-001,apa,O
000201-001,yang,O
000201-001,Engkau,O
000201-001,dekatkan.,O
000201-001,Ya,O
000201-001,"Allah,",O
000201-001,hamparkanlah,O
000201-001,kepada,O
000201-001,kami,O
000201-001,dari,O
000201-001,"barakah-Mu,",O
000201-001,"rahmat-Mu,",O
000201-001,"karunia-Mu,",O
000201-001,dan,O
000201-001,rezeki-Mu.,O
000201-001,Ya,O
000201-001,"Allah,",O
000201-001,sesungguhnya,O
000201-001,aku,O
000201-001,memohon,O
000201-001,kenikmatan,O
000201-001,yang,O
000201-001,kekal,O
000201-001,"kepada-Mu,",O
000201-001,yang,O
000201-001,tidak,O
000201-001,berubah,O
000201-001,dan,O
000201-001,habis.,O
000201-001,Ya,O
000201-001,"Allah,",O
000201-001,sesungguhnya,O
000201-001,aku,O
000201-001,memohon,O
000201-001,pertolongan,O
000201-001,kepada-Mu,O
000201-001,saat,O
000201-001,lemah,O
000201-001,dan,O
000201-001,keamanan,O
000201-001,pada,O
000201-001,saat,O
000201-001,ketakutan.,O
000201-001,Ya,O
000201-001,"Allah,",O
000201-001,sesungguhnya,O
000201-001,aku,O
000201-001,berlindung,O
000201-001,kepada-Mu,O
000201-001,dari,O
000201-001,kejahatan,O
000201-001,yang,O
000201-001,Engkau,O
000201-001,berikan,O
000201-001,kepada,O
000201-001,kami,O
000201-001,dan,O
000201-001,kejahatan,O
000201-001,yang,O
000201-001,Engkau,O
000201-001,tahan,O
000201-001,dari,O
000201-001,kami.,O
000201-001,Ya,O
000201-001,"Allah,",O
000201-001,buatlah,O
000201-001,kami,O
000201-001,mencintai,O
000201-001,iman,O
000201-001,dan,O
000201-001,buatlah,O
000201-001,iman,O
000201-001,itu,O
000201-001,bagus,O
000201-001,di,O
000201-001,dalam,O
000201-001,hati,O
000201-001,kami.,O
000201-001,Buatlah,O
000201-001,kami,O
000201-001,membenci,O
000201-001,"kekufuran,",O
000201-001,"kefasikan,",O
000201-001,dan,O
000201-001,kedurhakaan.,O
000206-007,Keduanya,O
000206-007,dapat,O
000206-007,menyusul,O
000206-007,Mu,O
000206-007,awiyah,O
000206-007,lalu,O
000206-007,membunuhnya.,O
000206-007,199,O
000206-007,Yang,O
000206-007,"pasti,",O
000206-007,Perang,B_EVENT
000206-007,Hamra'ul,I_EVENT
000206-007,Asad,I_EVENT
000206-007,ini,O
000206-007,bukan,O
000206-007,merupakan,O
000206-007,peperangan,O
000206-007,yang,O
000206-007,berdiri,O
000206-007,"sendiri,",O
000206-007,tetapi,O
000206-007,merupakan,O
000206-007,bagian,O
000206-007,dari,O
000206-007,Perang,B_EVENT
000206-007,Uhud,I_EVENT
000206-007,dan,O
000206-007,kelanjutannya.,O
000206-007,Itulah,O
000206-007,Perang,B_EVENT
000206-007,Uhud,I_EVENT
000206-007,dengan,O
000206-007,seluruh,O
000206-007,tahapan,O
000206-007,dan,O
000206-007,rinciannya.,O
000206-007,Para,O
000206-007,pengkaji,O
000206-007,telah,O
000206-007,menguraikan,O
000206-007,peristiwa,O
000206-007,ini,O
000206-007,panjang,O
000206-007,lebar.,O
000206-007,Lalu,O
000206-007,pihak,O
000206-007,manakah,O
000206-007,yang,O
000206-007,bisa,O
000206-007,dikatakan,O
000206-007,kalah,O
000206-007,atau,O
000206-007,menang?,O
000206-007,Yang,O
000206-007,"pasti,",O
000206-007,pada,O
000206-007,putaran,O
000206-007,kedua,O
000206-007,pasukan,O
000206-007,Quraisy,O
000206-007,lebih,O
000206-007,unggul,O
000206-007,dan,O
000206-007,mereka,O
000206-007,bisa,O
000206-007,menguasai,O
000206-007,keadaan.,O
000206-007,Sementara,O
000206-007,jumlah,O
000206-007,korban,O
000206-007,di,O
000206-007,pasukan,O
000206-007,Islam,O
000206-007,juga,O
000206-007,lebih,O
000206-007,banyak,O
000206-007,serta,O
000206-007,lebih,O
000206-007,parah.,O
000206-007,Bahkan,O
000206-007,ada,O
000206-007,satu,O
000206-007,kelompok,O
000206-007,pasukan,O
000206-007,Muslimin,O
000206-007,yang,O
000206-007,kalah,O
000206-007,total.,O
000206-007,Tetapi,O
000206-007,semua,O
000206-007,ini,O
000206-007,belum,O
000206-007,cukup,O
000206-007,bagi,O
000206-007,kita,O
000206-007,199,O
000206-007,Pembahasan,O
000206-007,tentang,O
000206-007,Perang,B_EVENT
000206-007,Uhud,I_EVENT
000206-007,dan,O
000206-007,Hamra'ul,O
000206-007,Asad,O
000206-007,ini,O
000206-007,kami,O
000206-007,kutip,O
000206-007,dari,O
000206-007,Sirah,O
000206-007,An-Nabawiyah.,O
000206-007,Ibnu,B_PERSON
000206-007,"Hisyam,",I_PERSON
000206-007,2/60-129;,O
000206-007,"Zadul-Ma'ad,",O
000206-007,2/91-108;,O
000206-007,"Fathul-Bari,",O
000206-007,7/345-377;,O
000206-007,Mukhtashar,O
000206-007,Siratir-,O
000206-007,"Rasul,",O
000206-007,Syaikh,O
000206-007,Abdullah,O
000206-007,"An-Najdi,",O
000206-007,hal.,O
000206-007,242-257.,O
000206-007,Kami,O
000206-007,juga,O
000206-007,menulisnya,O
000206-007,dari,O
000206-007,rujukan-rujukan,O
000206-007,yang,O
000206-007,lain.,O
000206-007,untuk,O
000206-007,beranggapan,O
000206-007,bahwa,O
000206-007,ini,O
000206-007,sudah,O
000206-007,mencerminkan,O
000206-007,kemenangan,O
000206-007,bagi,O
000206-007,pasukan,O
000206-007,Quraisy.,O
000206-007,Yang,O
000206-007,tidak,O
000206-007,dapat,O
000206-007,"diragukan,",O
000206-007,pasukan,O
000206-007,Quraisy,O
000206-007,tidak,O
000206-007,mampu,O
000206-007,melibas,O
000206-007,pasukan,O
000206-007,Muslimin.,O
000206-007,Sekalipun,O
000206-007,pasukan,O
000206-007,Muslimin,O
000206-007,sempat,O
000206-007,kacau,O
000206-007,"balau,",O
000206-007,tetapi,O
000206-007,hampir,O
000206-007,mereka,O
000206-007,semua,O
000206-007,tidak,O
000206-007,melarikan,O
000206-007,diri.,O
000206-007,Mereka,O
000206-007,terus,O
000206-007,bertempur,O
000206-007,dengan,O
000206-007,gagah,O
000206-007,berani,O
000206-007,hingga,O
000206-007,dapat,O
000206-007,berhimpun,O
000206-007,kembali,O
000206-007,dengan,O
000206-007,komandan,O
000206-007,pasukan.,O
000206-007,Mereka,O
000206-007,sama,O
000206-007,sekali,O
000206-007,tidak,O
000206-007,jatuh,O
000206-007,ke,O
000206-007,tangan,O
000206-007,pasukan,O
000206-007,Quraisy,O
000206-007,dan,O
000206-007,tak,O
000206-007,seorang,O
000206-007,pun,O
000206-007,di,O
000206-007,antara,O
000206-007,mereka,O
000206-007,yang,O
000206-007,tertawan.,O
000206-007,Di,O
000206-007,samping,O
000206-007,"itu,",O
000206-007,pasukan,O
000206-007,Quraisy,O
000206-007,tak,O
000206-007,mendapatkan,O
000206-007,barang,O
000206-007,rampasan,O
000206-007,walau,O
000206-007,sedikit,O
000206-007,pun.,O
000207-002,"""",O
000207-002,(Ali-Imran:,O
000207-002,121),O
000207-002,Kesudahan,O
000207-002,ayat-ayat,O
000207-002,ini,O
000207-002,merupakan,O
000207-002,catatan,O
000207-002,menyeluruh,O
000207-002,dari,O
000207-002,hasil,O
000207-002,peperangan,O
000207-002,dan,O
000207-002,hikmahnya.,O
000207-002,Allah,O
000207-002,"berfirman,",O
000207-002,i,O
000207-002,i,O
000207-002,"""Allah",O
000207-002,sekali-kali,O
000207-002,tidak,O
000207-002,akan,O
000207-002,membiarkan,O
000207-002,orang-orang,O
000207-002,yang,O
000207-002,beriman,O
000207-002,dalam,O
000207-002,keadaan,O
000207-002,kamu,O
000207-002,sekarang,O
000207-002,"ini,",O
000207-002,sehingga,O
000207-002,Dia,O
000207-002,menyisihkan,O
000207-002,yang,O
000207-002,buruk,O
000207-002,(munafik),O
000207-002,dari,O
000207-002,yang,O
000207-002,baik,O
000207-002,(mukmin).,O
000207-002,Dan,O
000207-002,Allah,O
000207-002,sekali-kali,O
000207-002,tidak,O
000207-002,akan,O
000207-002,memperlihatkan,O
000207-002,kepada,O
000207-002,kamu,O
000207-002,hal-hal,O
000207-002,yang,O
000207-002,"ghaib,",O
000207-002,akan,O
000207-002,tetapi,O
000207-002,Allah,O
000207-002,memilih,O
000207-002,siapa,O
000207-002,yang,O
000207-002,dikehendaki-Nya,O
000207-002,di,O
000207-002,antara,O
000207-002,rasul-rasulNya.,O
000207-002,Karena,O
000207-002,itu,O
000207-002,berimanlah,O
000207-002,kepada,O
000207-002,Allah,O
000207-002,dan,O
000207-002,rasul-rasulNya;,O
000207-002,dan,O
000207-002,jika,O
000207-002,kamu,O
000207-002,beriman,O
000207-002,dan,O
000207-002,"bertakwa,",O
000207-002,maka,O
000207-002,bagimu,O
000207-002,pahala,O
000207-002,yang,O
000207-002,besar.,O
000207-002,"""",O
000207-002,(Ali,B_PERSON
000207-002,Imran:,O
000207-002,179),O
000212-003,meminta,O
000212-003,kesempatan,O
000212-003,kepada,O
000212-003,mereka,O
000212-003,untuk,O
000212-003,mendirikan,O
000212-003,shalat,O
000212-003,dua,O
000212-003,rakaat,O
000212-003,saja,O
000212-003,Permintaan,O
000212-003,ini,O
000212-003,mereka,O
000212-003,kabulkan.,O
000212-003,Setelah,O
000212-003,mengucapkan,O
000212-003,salam,O
000212-003,dia,O
000212-003,berkata,O
000212-003,"sendiri,",O
000212-003,"""Demi",O
000212-003,"Allah,",O
000212-003,kalau,O
000212-003,bukan,O
000212-003,karena,O
000212-003,mereka,O
000212-003,akan,O
000212-003,mengatakan,O
000212-003,bahwa,O
000212-003,aku,O
000212-003,sedang,O
000212-003,"ketakutan,",O
000212-003,tentu,O
000212-003,aku,O
000212-003,akan,O
000212-003,shalat,O
000212-003,lebih,O
000212-003,banyak,O
000212-003,"lagi.""",O
000212-003,Kemudian,O
000212-003,dia,O
000212-003,berkata,O
000212-003,dengan,O
000212-003,suara,O
000212-003,"nyaring,",O
000212-003,"""Ya",O
000212-003,"Allah,",O
000212-003,hitunglah,O
000212-003,bilangan,O
000212-003,mereka.,O
000212-003,binasakanlah,O
000212-003,mereka,O
000212-003,semua,O
000212-003,dan,O
000212-003,janganlah,O
000212-003,Engkau,O
000212-003,biarkan,O
000212-003,seorang,O
000212-003,pun,O
000212-003,di,O
000212-003,antara,O
000212-003,mereka,O
000212-003,tetap,O
000212-003,"hidup.""",O
000212-003,Setelah,O
000212-003,itu,O
000212-003,dia,O
000212-003,melantumkan,O
000212-003,syair.,O
000212-003,Abu,B_PERSON
000212-003,Sufyan,I_PERSON
000212-003,"menanyainya,",O
000212-003,"""Apakah",O
000212-003,engkau,O
000212-003,suka,O
000212-003,jika,O
000212-003,Muhammad,B_PERSON
000212-003,ada,O
000212-003,di,O
000212-003,tengah,O
000212-003,kami,O
000212-003,lalu,O
000212-003,lehernya,O
000212-003,kami,O
000212-003,"tebas,",O
000212-003,sementara,O
000212-003,engkau,O
000212-003,bebas,O
000212-003,hidup,O
000212-003,di,O
000212-003,tengah,O
000212-003,"keluargamu?""",O
000212-003,Dia,O
000212-003,"menjawab,",O
000212-003,"""Tidak,",O
000212-003,demi,O
000212-003,Allah.,O
000212-003,Aku,O
000212-003,tidak,O
000212-003,suka,O
000212-003,berada,O
000212-003,di,O
000212-003,tengah,O
000212-003,"keluargaku,",O
000212-003,sementara,O
000212-003,Muhammad,B_PERSON
000212-003,di,O
000212-003,tempatnya,O
000212-003,terkena,O
000212-003,sebuah,O
000212-003,duri,O
000212-003,karena,O
000212-003,ulah,O
000212-003,kalian.',O
000212-003,Kemudian,O
000212-003,mereka,O
000212-003,menyalib,O
000212-003,tubuhnya,O
000212-003,dan,O
000212-003,membunuhnya,O
000212-003,serta,O
000212-003,menunjuk,O
000212-003,beberapa,O
000212-003,orang,O
000212-003,untuk,O
000212-003,menjaga,O
000212-003,jasadnya.,O
000212-003,Kemudian,O
000212-003,muncul,O
000212-003,Amr,B_PERSON
000212-003,bin,I_PERSON
000212-003,Umayyah,I_PERSON
000212-003,Adh-Dhamiri,O
000212-003,dan,O
000212-003,pada,O
000212-003,malam,O
000212-003,harinya,O
000212-003,dia,O
000212-003,dapat,O
000212-003,mengakali,O
000212-003,para,O
000212-003,"penjaga,",O
000212-003,lalu,O
000212-003,membawa,O
000212-003,jasadnya,O
000212-003,untuk,O
000212-003,dikuburkan.,O
000212-003,Yang,O
000212-003,menangani,O
000212-003,eksekusi,O
000212-003,terhadap,O
000212-003,Khubaib,O
000212-003,adalah,O
000212-003,Uqbah,B_PERSON
000212-003,bin,I_PERSON
000212-003,"Al-Harits,",I_PERSON
000212-003,yang,O
000212-003,pada,O
000212-003,waktu,O
000212-003,Perang,B_EVENT
000212-003,"Badr,",I_EVENT
000212-003,Khubaib,O
000212-003,telah,O
000212-003,membunuh,O
000212-003,ayahnya,O
000212-003,Uqbah.,O
000212-003,Di,O
000212-003,dalam,O
000212-003,Ash-Shahih,O
000212-003,disebutkan,O
000212-003,bahwa,O
000212-003,Khubaib,O
000212-003,adalah,O
000212-003,orang,O
000212-003,pertama,O
000212-003,yang,O
000212-003,mentradisikan,O
000212-003,shalat,O
000212-003,dua,O
000212-003,rakaat,O
000212-003,jika,O
000212-003,ada,O
000212-003,orang,O
000212-003,Muslim,O
000212-003,yang,O
000212-003,hendak,O
000212-003,dieksekusi.,O
000212-003,Sewaktu,O
000212-003,masih,O
000212-003,ditawan,O
000212-003,di,O
000212-003,"penjara,",O
000212-003,dia,O
000212-003,terlihat,O
000212-003,sedang,O
000212-003,memakan,O
000212-003,setangkai,O
000212-003,buah,O
000212-003,"anggur,",O
000212-003,padahal,O
000212-003,di,O
000212-003,Makkah,B_LOCATION
000212-003,saat,O
000212-003,itu,O
000212-003,tidak,O
000212-003,ada,O
000212-003,buah,O
000212-003,anggur.,O
000232-001,Setelah,O
000232-001,Rasululah,B_PERSON
000232-001,merasa,O
000232-001,tenang,O
000232-001,berada,O
000232-001,di,O
000232-001,"sana,",O
000232-001,tiba-tiba,O
000232-001,muncul,O
000232-001,Budail,B_PERSON
000232-001,bin,I_PERSON
000232-001,Warqa',I_PERSON
000232-001,Al-Khuza'y,O
000232-001,bersama,O
000232-001,beberapa,O
000232-001,orang,O
000232-001,dari,O
000232-001,Bani,O
000232-001,Khuza'ah,O
000232-001,Bani,O
000232-001,Khuza'ah,O
000232-001,biasa,O
000232-001,memberi,O
000232-001,nasihat,O
000232-001,kepada,O
000232-001,beliau.,O
000232-001,Budial,O
000232-001,"berkata,",O
000232-001,"""Saat",O
000232-001,aku,O
000232-001,meninggalkan,O
000232-001,Ka'b,B_PERSON
000232-001,bin,I_PERSON
000232-001,"Lu'ay,",I_PERSON
000232-001,mereka,O
000232-001,siap,O
000232-001,berangkat,O
000232-001,ke,O
000232-001,Hudaibiyah,B_LOCATION
000232-001,dengan,O
000232-001,membawa,O
000232-001,pasukan.,O
000232-001,Mereka,O
000232-001,hendak,O
000232-001,memerangi,O
000232-001,engkau,O
000232-001,dan,O
000232-001,menghalangi,O
000232-001,engkau,O
000232-001,memasuki,O
000232-001,Masjidil,B_LOCATION
000232-001,"Haram,""",I_LOCATION
000232-001,Rasulullah,B_PERSON
000232-001,"bersabda,",O
000232-001,"""Sesungguhnya",O
000232-001,kami,O
000232-001,datang,O
000232-001,bukan,O
000232-001,untuk,O
000232-001,memerangi,O
000232-001,seseorang.,O
000232-001,Tetapi,O
000232-001,kami,O
000232-001,datang,O
000232-001,untuk,O
000232-001,melakukan,O
000232-001,umrah.,O
000232-001,Rupanya,O
000232-001,orang-orang,O
000232-001,Quraisy,O
000232-001,sudah,O
000232-001,semakin,O
000232-001,surut,O
000232-001,dan,O
000232-001,menjadi,O
000232-001,buta,O
000232-001,karena,O
000232-001,peperangan.,O
000232-001,Jika,O
000232-001,mereka,O
000232-001,"menghendaki,",O
000232-001,engkau,O
000232-001,bisa,O
000232-001,membujuk,O
000232-001,mereka,O
000232-001,dan,O
000232-001,membukakan,O
000232-001,jalan,O
000232-001,"bagiku,",O
000232-001,dan,O
000232-001,jika,O
000232-001,mereka,O
000232-001,menghendaki,O
000232-001,untuk,O
000232-001,memasuki,O
000232-001,sesuatu,O
000232-001,yang,O
000232-001,biasa,O
000232-001,dimasuki,O
000232-001,"manusia,",O
000232-001,maka,O
000232-001,mereka,O
000232-001,bisa,O
000232-001,melakukannya,O
000232-001,yang,O
000232-001,berarti,O
000232-001,mereka,O
000232-001,masih,O
000232-001,memiliki,O
000232-001,nyali.,O
000232-001,Namun,O
000232-001,jika,O
000232-001,tidak,O
000232-001,menghendaki,O
000232-001,kecuali,O
000232-001,"perang,",O
000232-001,maka,O
000232-001,demi,O
000232-001,diriku,O
000232-001,yang,O
000232-001,ada,O
000232-001,di,O
000232-001,"tangan-Nya,",O
000232-001,aku,O
000232-001,pasti,O
000232-001,akan,O
000232-001,melayani,O
000232-001,keinginan,O
000232-001,mereka,O
000232-001,hingga,O
000232-001,kemenangan,O
000232-001,yang,O
000232-001,lalu,O
000232-001,hanya,O
000232-001,menjadi,O
000232-001,milikku,O
000232-001,atau,O
000232-001,biarlah,O
000232-001,Allah,O
000232-001,menentukan,O
000232-001,"keputusan-Nya.""",O
000232-001,Budail,O
000232-001,"berkata,",O
000232-001,"""Aku",O
000232-001,akan,O
000232-001,menyampaikan,O
000232-001,apa,O
000232-001,yang,O
000232-001,engkau,O
000232-001,katakan,O
000232-001,ini,O
000232-001,kepada,O
000232-001,"mereka.""",O
000232-001,Lalu,O
000232-001,dia,O
000232-001,beranjak,O
000232-001,pergi,O
000232-001,untuk,O
000232-001,menemui,O
000232-001,"Quraisy,",O
000232-001,seraya,O
000232-001,"berkata,",O
000232-001,"""Aku",O
000232-001,datang,O
000232-001,kepada,O
000232-001,kalian,O
000232-001,setelah,O
000232-001,menemui,O
000232-001,Muhammad,B_PERSON
000232-001,dan,O
000232-001,aku,O
000232-001,mendengar,O
000232-001,dia,O
000232-001,telah,O
000232-001,mengucapkan,O
000232-001,suatu,O
000232-001,perkataan.,O
000240-001,Pada,O
000240-001,saat,O
000240-001,itu,O
000240-001,ada,O
000240-001,beberapa,O
000240-001,wanita,O
000240-001,Mukminah,O
000240-001,yang,O
000240-001,datang,O
000240-001,menemui,O
000240-001,beliau.,O
000240-001,Para,O
000240-001,wali,O
000240-001,wanita-wanita,O
000240-001,itu,O
000240-001,meminta,O
000240-001,untuk,O
000240-001,mengembalikan,O
000240-001,mereka,O
000240-001,kepada,O
000240-001,Quraisy,O
000240-001,sesuai,O
000240-001,dengan,O
000240-001,isi,O
000240-001,perjanjian,O
000240-001,yang,O
000240-001,sudah,O
000240-001,dikukuhkan,O
000240-001,di,O
000240-001,Hudaibiyah,B_LOCATION
000240-001,Namun,O
000240-001,beliau,O
000240-001,menolak,O
000240-001,permintaan,O
000240-001,"ini,",O
000240-001,karena,O
000240-001,kalimat,O
000240-001,yang,O
000240-001,tertulis,O
000240-001,dalam,O
000240-001,perjanjian,O
000240-001,sama,O
000240-001,sekali,O
000240-001,tidak,O
000240-001,menunjukkan,O
000240-001,bahwa,O
000240-001,wanita,O
000240-001,juga,O
000240-001,termasuk,O
000240-001,dalam,O
000240-001,perjanjian,O
000240-001,itu.,O
000240-001,Tentang,O
000240-001,kasus,O
000240-001,ini,O
000240-001,Allah,O
000240-001,menurunkan,O
000240-001,"ayat,",O
000240-001,Ix,O
000240-001,t,O
000240-001,"""Hai",O
000240-001,orang-orang,O
000240-001,yang,O
000240-001,"beriman,",O
000240-001,apabila,O
000240-001,datang,O
000240-001,berhijrah,O
000240-001,kepada,O
000240-001,kalian,O
000240-001,perempuan-perempuan,O
000240-001,yang,O
000240-001,"beriman,",O
000240-001,maka,O
000240-001,kalian,O
000240-001,hendaklah,O
000240-001,uji,O
000240-001,(keimanan,O
000240-001,mereka).,O
000240-001,Allah,O
000240-001,lebih,O
000240-001,mengetahui,O
000240-001,tentang,O
000240-001,keimanan,O
000240-001,mereka;,O
000240-001,maka,O
000240-001,jika,O
000240-001,kalian,O
000240-001,telah,O
000240-001,mengetahui,O
000240-001,bahwa,O
000240-001,mereka,O
000240-001,(benar-benar,O
000240-001,beriman),O
000240-001,maka,O
000240-001,janganlah,O
000240-001,kalian,O
000240-001,kembalikan,O
000240-001,mereka,O
000240-001,kepada,O
000240-001,(suami-suami,O
000240-001,mereka),O
000240-001,orang-orang,O
000240-001,kafir.,O
000240-001,Mereka,O
000240-001,tiada,O
000240-001,pula,O
000240-001,halal,O
000240-001,bagi,O
000240-001,mereka.,O
000240-001,Dan,O
000240-001,berikanlah,O
000240-001,kepada,O
000240-001,(suami-suami),O
000240-001,mereka,O
000240-001,mahar,O
000240-001,yang,O
000240-001,telah,O
000240-001,mereka,O
000240-001,bayar.,O
000240-001,Dan,O
000240-001,tiada,O
000240-001,dosa,O
000240-001,atas,O
000240-001,kalian,O
000240-001,mengawini,O
000240-001,mereka,O
000240-001,apabila,O
000240-001,kalian,O
000240-001,bayar,O
000240-001,kepada,O
000240-001,mereka,O
000240-001,maharnya.,O
000240-001,"Dan,",O
000240-001,janganlah,O
000240-001,kalian,O
000240-001,tetap,O
000240-001,berpegang,O
000240-001,kepada,O
000240-001,tali,O
000240-001,(perkawinan),O
000240-001,dengan,O
000240-001,perempuan-perempuan,O
000240-001,kafir.,O
000240-002,"Dan,",O
000240-002,janganlah,O
000240-002,kalian,O
000240-002,tetap,O
000240-002,berpegang,O
000240-002,kepada,O
000240-002,tali,O
000240-002,(perkawinan),O
000240-002,dengan,O
000240-002,perempuan-perempuan,O
000240-002,kafir.,O
000240-002,"""",O
000240-002,(Al-Mumtahanah:,O
000240-002,10),O
000240-002,Nabi,O
000240-002,menguji,O
000240-002,para,O
000240-002,wanita,O
000240-002,itu,O
000240-002,berdasarkan,O
000240-002,perintah,O
000240-002,dari,O
000240-002,"Allah,",O
000240-002,Ka,O
000240-002,I,O
000240-002,EL,O
000240-002,e,O
000240-002,EEgx,O
000240-002,"""Hai",O
000240-002,"Nabi,",O
000240-002,apabila,O
000240-002,datang,O
000240-002,kepadamu,O
000240-002,perempuan-perempuan,O
000240-002,yang,O
000240-002,beriman,O
000240-002,untuk,O
000240-002,mengadakan,O
000240-002,janji,O
000240-002,"setia,",O
000240-002,bahwa,O
000240-002,mereka,O
000240-002,tiada,O
000240-002,akan,O
000240-002,menyekutukan,O
000240-002,"Allah,",O
000240-002,tidak,O
000240-002,akan,O
000240-002,"mencuri,",O
000240-002,tidak,O
000240-002,akan,O
000240-002,"berzina,",O
000240-002,tidak,O
000240-002,akan,O
000240-002,membunuh,O
000240-002,"anak-anaknya,",O
000240-002,tidak,O
000240-002,akan,O
000240-002,berbuat,O
000240-002,dusta,O
000240-002,yang,O
000240-002,mereka,O
000240-002,ada-adakan,O
000240-002,antara,O
000240-002,tangan,O
000240-002,dan,O
000240-002,kaki,O
000240-002,mereka,O
000240-002,dan,O
000240-002,tidak,O
000240-002,akan,O
000240-002,mendurhakaimu,O
000240-002,dalam,O
000240-002,urusan,O
000240-002,yang,O
000240-002,"baik,",O
000240-002,maka,O
000240-002,terimalah,O
000240-002,janji,O
000240-002,setia,O
000240-002,mereka,O
000240-002,dan,O
000240-002,mohonkanlah,O
000240-002,ampunan,O
000240-002,kepada,O
000240-002,Allah,O
000240-002,untuk,O
000240-002,mereka.,O
000240-002,Sesungguhnya,O
000240-002,Allah,O
000240-002,Maha,O
000240-002,Pengampun,O
000240-002,lagi,O
000240-002,Maha,O
000240-002,Penyayang.,O
000240-002,"""",O
000240-002,(Al-Mumtahanah:,O
000240-002,12),O
000240-002,Siapa,O
000240-002,yang,O
000240-002,menerima,O
000240-002,syarat-syarat,O
000240-002,"ini,",O
000240-002,maka,O
000240-002,beliau,O
000240-002,bersabda,O
000240-002,"kepadanya,",O
000240-002,"""Aku",O
000240-002,telah,O
000240-002,"membaiatmu.""",O
000240-002,Setelah,O
000240-002,itu,O
000240-002,beliau,O
000240-002,tidak,O
000240-002,mengembalikan,O
000240-002,mereka,O
000240-002,kepada,O
000240-002,pihak,O
000240-002,Quraisy.,O
000240-002,Dengan,O
000240-002,hukum,O
000240-002,dalam,O
000240-002,ayat-ayat,O
000240-002,"ini,",O
000240-002,orang-orang,O
000240-002,Muslim,O
000240-002,menceraikan,O
000240-002,istri-istri,O
000240-002,mereka,O
000240-002,yang,O
000240-002,kafir.,O
000240-002,Sehingga,O
000240-002,saat,O
000240-002,itu,O
000240-002,pula,O
000240-002,Umar,B_PERSON
000240-002,bin,I_PERSON
000240-002,Al-Khaththab,I_PERSON
000240-002,menceraikan,O
000240-002,dua,O
000240-002,istrinya,O
000240-002,yang,O
000240-002,kafir.,O
000240-002,Lalu,O
000240-002,salah,O
000240-002,seorang,O
000240-002,dari,O
000240-002,keduanya,O
000240-002,dikawin,O
000240-002,Mu'awiyah,O
000240-002,dan,O
000240-002,satunya,O
000240-002,lagi,O
000240-002,dikawin,O
000240-002,Shafwan,B_PERSON
000240-002,bin,I_PERSON
000240-002,Umayyah,I_PERSON
000248-001,Nabi,O
000248-001,menulis,O
000248-001,surat,O
000248-001,kepada,O
000248-001,Juraij,B_PERSON
000248-001,bin,I_PERSON
000248-001,"Mata,",I_PERSON
000248-001,yang,O
000248-001,bergelar,O
000248-001,Muqauqis.,O
000248-001,raja,O
000248-001,Mesir,B_LOCATION
000248-001,dan,O
000248-001,Iskandaria.,B_LOCATION
000248-001,Inilah,O
000248-001,isi,O
000248-001,surat,O
000248-001,beliau:,O
000248-001,"""Bismillahir",O
000248-001,rahmanir,O
000248-001,rahim.,O
000248-001,Dari,O
000248-001,"Muhammad,",B_PERSON
000248-001,hamba,O
000248-001,Allah,O
000248-001,dan,O
000248-001,"Rasul-Nya,",O
000248-001,kepada,O
000248-001,Muqauqis,O
000248-001,Raja,O
000248-001,Qibthi.,O
000248-001,Keselamatan,O
000248-001,bagi,O
000248-001,siapa,O
000248-001,pun,O
000248-001,yang,O
000248-001,mengikuti,O
000248-001,"petunjuk,",O
000248-001,amma,O
000248-001,ba'd.,O
000248-001,Aku,O
000248-001,menyeru,O
000248-001,tuan,O
000248-001,dengan,O
000248-001,seruan,O
000248-001,Islam.,O
000248-001,Masuklah,O
000248-001,"Islam,",O
000248-001,niscaya,O
000248-001,tuan,O
000248-001,akan,O
000248-001,selamat.,O
000248-001,Masuklah,O
000248-001,Islam,O
000248-001,niscaya,O
000248-001,Allah,O
000248-001,akan,O
000248-001,memberikan,O
000248-001,pahala,O
000248-001,kepada,O
000248-001,tuan,O
000248-001,dua,O
000248-001,kali,O
000248-001,lipat.,O
000248-001,Namun,O
000248-001,jika,O
000248-001,tuan,O
000248-001,"berpaling,",O
000248-001,maka,O
000248-001,tuan,O
000248-001,akan,O
000248-001,menanggung,O
000248-001,dosa,O
000248-001,penduduk,O
000248-001,Qibthi.,O
000248-001,224,O
000248-001,Zadul,O
000248-001,"Ma'ad,",O
000248-001,3/61,O
000248-001,"""Katakanlah:",O
000248-001,"""Hai",O
000248-001,Ahli,O
000248-001,"Kitab,",O
000248-001,marilah,O
000248-001,(berpegang),O
000248-001,kepada,O
000248-001,suatu,O
000248-001,kalimat,O
000248-001,(ketetapan),O
000248-001,yang,O
000248-001,tidak,O
000248-001,ada,O
000248-001,perselisihan,O
000248-001,antara,O
000248-001,kami,O
000248-001,dan,O
000248-001,"kamu,",O
000248-001,bahwa,O
000248-001,tidak,O
000248-001,kita,O
000248-001,sembah,O
000248-001,kecuali,O
000248-001,Allah,O
000248-001,dan,O
000248-001,tidak,O
000248-001,kita,O
000248-001,persekutukan,O
000248-001,Dia,O
000248-001,dengan,O
000248-001,sesuatu,O
000248-001,pun,O
000248-001,dan,O
000248-001,tidak,O
000248-001,(pula),O
000248-001,sebagian,O
000248-001,kita,O
000248-001,menjadikan,O
000248-001,sebagian,O
000248-001,yang,O
000248-001,lain,O
000248-001,sebagai,O
000248-001,Tuhan,O
000248-001,selain,O
000248-001,Allah.,O
000248-001,"""",O
000248-001,Jika,O
000248-001,mereka,O
000248-001,berpaling,O
000248-001,maka,O
000248-001,katakanlah,O
000248-001,kepada,O
000248-001,mereka:,O
000248-001,"""Saksikanlah,",O
000248-001,bahwa,O
000248-001,kami,O
000248-001,adalah,O
000248-001,orang-orang,O
000248-001,yang,O
000248-001,berserah,O
000248-001,diri,O
000248-001,(kepada,O
000248-001,Allah).,O
000248-001,"""",O
000248-001,(Ali,B_PERSON
000248-001,Imran:,O
000248-001,64),O
000248-001,Surat,O
000248-001,ini,O
000248-001,dibawa,O
000248-001,Hathib,B_PERSON
000248-001,bin,I_PERSON
000248-001,Abu,I_PERSON
000248-001,Balta'ah.,I_PERSON
000248-001,Setelah,O
000248-001,menghadap,O
000248-001,"Muqauqis,",O
000248-001,Hathib,O
000248-001,berkata,O
000248-001,"kepadanya,",O
000248-001,"""Sebelumnya",O
000248-001,sebelum,O
000248-001,tuan,O
000248-001,ada,O
000248-001,seseorang,O
000248-001,yang,O
000248-001,mengaku,O
000248-001,bahwa,O
000248-001,dia,O
000248-001,adalah,O
000248-001,tuhan,O
000248-001,yang,O
000248-001,paling,O
000248-001,tinggi.,O
000248-001,Lalu,O
000248-001,Allah,O
000248-001,menimpakkan,O
000248-001,hukuman,O
000248-001,kepadanya,O
000248-001,di,O
000248-001,dunia,O
000248-001,dan,O
000248-001,akhirat.,O
000248-001,Allah,O
000248-001,menyiksanya,O
000248-001,lalu,O
000248-001,menyiksanya,O
000248-001,lagi.,O
000249-002,Dengan,O
000249-002,congkak,O
000249-002,dia,O
000249-002,"berkata,",O
000249-002,"""Seorang",O
000249-002,budak,O
000249-002,yang,O
000249-002,hina,O
000249-002,dina,O
000249-002,dari,O
000249-002,rakyatku,O
000249-002,pernah,O
000249-002,menulis,O
000249-002,namanya,O
000249-002,sebelum,O
000249-002,aku,O
000249-002,"berkuasa.""",O
000249-002,Setelah,O
000249-002,mendengar,O
000249-002,apa,O
000249-002,yang,O
000249-002,dilakukan,O
000249-002,"Kisra,",B_PERSON
000249-002,Nabi,O
000249-002,"bersabda,",O
000249-002,"""Allah",O
000249-002,akan,O
000249-002,mencabik-cabik,O
000249-002,"kerajaannya.""",O
000249-002,Kisra,B_PERSON
000249-002,benar-benar,O
000249-002,akan,O
000249-002,mengalami,O
000249-002,seperti,O
000249-002,apa,O
000249-002,yang,O
000249-002,disabdakan,O
000249-002,beliau,O
000249-002,ini.,O
000249-002,Setelah,O
000249-002,itu,O
000249-002,Kisra,B_PERSON
000249-002,menulis,O
000249-002,surat,O
000249-002,kepada,O
000249-002,"Badzan,",O
000249-002,gubernurnya,O
000249-002,di,O
000249-002,"Yaman,",B_LOCATION
000249-002,yang,O
000249-002,isinya:,O
000249-002,"""Utuslah",O
000249-002,dua,O
000249-002,orang,O
000249-002,yang,O
000249-002,gagah,O
000249-002,perkasa,O
000249-002,untuk,O
000249-002,menemui,O
000249-002,orang,O
000249-002,dari,O
000249-002,Hijaz,B_LOCATION
000249-002,"ini,",O
000249-002,dan,O
000249-002,setelah,O
000249-002,itu,O
000249-002,hendaklah,O
000249-002,mereka,O
000249-002,membawanya,O
000249-002,untuk,O
000249-002,"menemuiku.""",O
000249-002,Maka,O
000249-002,Badzan,O
000249-002,menunjuk,O
000249-002,dua,O
000249-002,orang,O
000249-002,"bawahannya,",O
000249-002,membawa,O
000249-002,surat,O
000249-002,yang,O
000249-002,disampaikan,O
000249-002,kepada,O
000249-002,Rasulullah,B_PERSON
000249-002,",",O
000249-002,dan,O
000249-002,pulangnya,O
000249-002,disuruh,O
000249-002,langsung,O
000249-002,menemui,O
000249-002,Kisra.,B_PERSON
000249-002,Setelah,O
000249-002,dua,O
000249-002,utusan,O
000249-002,itu,O
000249-002,tiba,O
000249-002,di,O
000249-002,Madinah,B_LOCATION
000249-002,dan,O
000249-002,menghadap,O
000249-002,"beliau,",O
000249-002,salah,O
000249-002,seorang,O
000249-002,di,O
000249-002,antara,O
000249-002,dua,O
000249-002,orang,O
000249-002,itu,O
000249-002,"berkata,",O
000249-002,Sesungguhnya,O
000249-002,Syahinsyah,O
000249-002,(Raja,O
000249-002,Diraja),O
000249-002,Kisra,B_PERSON
000249-002,telah,O
000249-002,mengirim,O
000249-002,surat,O
000249-002,kepada,O
000249-002,Raja,O
000249-002,"Badzan,",O
000249-002,agar,O
000249-002,dia,O
000249-002,mengirim,O
000249-002,utusan,O
000249-002,untuk,O
000249-002,menemui,O
000249-002,"tuan,",O
000249-002,lalu,O
000249-002,membawa,O
000249-002,tuan,O
000249-002,ke,O
000249-002,"hadapannya.""",O
000249-002,Kata-katanya,O
000249-002,bernada,O
000249-002,ancaman.,O
000249-002,Nabi,O
000249-002,menyuruh,O
000249-002,agar,O
000249-002,keduanya,O
000249-002,menemui,O
000249-002,beliau,O
000249-002,lagi,O
000249-002,esok,O
000249-002,harinya,O
000249-002,Pada,O
000249-002,saat,O
000249-002,yang,O
000249-002,sama,O
000249-002,di,O
000249-002,Persia,B_LOCATION
000249-002,terjadi,O
000249-002,pemberontakan,O
000249-002,besar-besaran,O
000249-002,terhadap,O
000249-002,"Kisra,",B_PERSON
000249-002,yang,O
000249-002,justru,O
000249-002,berasal,O
000249-002,dari,O
000249-002,keluarganya,O
000249-002,sendiri.,O
000249-002,Padahal,O
000249-002,sebelum,O
000249-002,itu,O
000249-002,mereka,O
000249-002,juga,O
000249-002,mengalami,O
000249-002,banyak,O
000249-002,kekalahan,O
000249-002,cukup,O
000249-002,telak,O
000249-002,dari,O
000249-002,pasukan,O
000249-002,Qaishar.,O
000249-002,Pemberontakan,O
000249-002,ini,O
000249-002,dimotori,O
000249-002,oleh,O
000249-002,putra,O
000249-002,Kisra,B_PERSON
000249-002,"sendiri,",O
000249-002,Syiruyah.,O
000249-002,Dia,O
000249-002,bangkit,O
000249-002,melawan,O
000249-002,ayahnya,O
000249-002,dan,O
000249-002,membunuhnya,O
000249-002,lalu,O
000249-002,merebut,O
000249-002,kerajannya.,O
000249-002,Hal,O
000249-002,ini,O
000249-002,terjadi,O
000249-002,pada,O
000249-002,malam,O
000249-002,Selasa,I_TIME
000249-002,tanggal,B_TIME
000249-002,10,I_TIME
000249-002,Jumadal,I_TIME
000249-002,Rasulullah,B_PERSON
000249-002,mengetahuinya,O
000249-002,lewat,O
000249-002,pemberitaan,O
000249-002,wahyu.,O
000258-001,Sepulang,O
000258-001,dari,O
000258-001,"Hudaibiyah,",B_LOCATION
000258-001,Rasulullah,B_PERSON
000258-001,berada,O
000258-001,di,O
000258-001,Madinah,B_LOCATION
000258-001,pada,O
000258-001,bulan,B_TIME
000258-001,Dzul,I_TIME
000258-001,Hijjah,I_TIME
000258-001,dan,O
000258-001,sebagian,O
000258-001,Muharram.,O
000258-001,Pada,O
000258-001,sisa,O
000258-001,bulan,O
000258-001,Muharram,O
000258-001,itu,O
000258-001,beliau,O
000262-001,Dalam,O
000262-001,perjalanannya,O
000262-001,ke,O
000262-001,"Khaibar,",B_LOCATION
000262-001,Rasulullah,B_PERSON
000262-001,mengambil,O
000262-001,jalan,O
000262-001,lewat,O
000262-001,Gunung,O
000262-001,Ashr,O
000262-001,(ada,O
000262-001,yang,O
000262-001,membaca,O
000262-001,Ishr).,O
000262-001,Setelah,O
000262-001,melewati,O
000262-001,"Ash-Shahba',",O
000262-001,beliau,O
000262-001,bermalam,O
000262-001,di,O
000262-001,suatu,O
000262-001,lembah,O
000262-001,yang,O
000262-001,disebut,O
000262-001,Ar-Raji'.,O
000262-001,Dari,O
000262-001,tempat,O
000262-001,ini,O
000262-001,ke,O
000262-001,Ghathafan,O
000262-001,ditempuh,O
000262-001,dengan,O
000262-001,perjalanan,O
000262-001,sehari,O
000262-001,semalam.,O
000262-001,Orang-orang,O
000262-001,Ghathafan,O
000262-001,sudah,O
000262-001,mengadakan,O
000262-001,persiapan,O
000262-001,secara,O
000262-001,matang,O
000262-001,dan,O
000262-001,berangkat,O
000262-001,ke,O
000262-001,Khaibar,B_LOCATION
000262-001,untuk,O
000262-001,mengulurkan,O
000262-001,bantuan,O
000262-001,kepada,O
000262-001,orang-orang,O
000262-001,Yahudi.,O
000262-001,Tak,O
000262-001,seberapa,O
000262-001,jauh,O
000262-001,berjalan.,O
000262-001,mereka,O
000262-001,mendengar,O
000262-001,suara,O
000262-001,gaduh,O
000262-001,dan,O
000262-001,hiruk,O
000262-001,pikuk,O
000262-001,dari,O
000262-001,arah,O
000262-001,belakang.,O
000262-001,Mereka,O
000262-001,mengira,O
000262-001,orang-orang,O
000262-001,Muslim,O
000262-001,menyerbu,O
000262-001,keluarga,O
000262-001,dan,O
000262-001,harta,O
000262-001,benda,O
000262-001,yang,O
000262-001,mereka,O
000262-001,tinggalkan,O
000262-001,di,O
000262-001,Ghathafan.,O
000262-001,Karena,O
000262-001,itu,O
000262-001,mereka,O
000262-001,kembali,O
000262-001,lagi,O
000262-001,dan,O
000262-001,membatalkan,O
000262-001,niat,O
000262-001,untuk,O
000262-001,membantu,O
000262-001,orang-orang,O
000262-001,"Yahudi,",O
000262-001,karena,O
000262-001,khawatir,O
000262-001,suatu,O
000262-001,saat,O
000262-001,orang-orang,O
000262-001,Muslim,O
000262-001,justru,O
000262-001,menyerang,O
000262-001,keluarga,O
000262-001,dan,O
000262-001,harta,O
000262-001,benda,O
000262-001,yang,O
000262-001,mereka,O
000262-001,tinggalkan.,O
000262-001,Mereka,O
000262-001,tidak,O
000262-001,ingin,O
000262-001,ikut,O
000262-001,campur,O
000262-001,lagi,O
000262-001,urusan,O
000262-001,antara,O
000262-001,Nabi,O
000262-001,dan,O
000262-001,orang-orang,O
000262-001,Yahudi,O
000262-001,Khaibar.,B_LOCATION
000262-001,Kemudian,O
000262-001,beliau,O
000262-001,menunjuk,O
000262-001,dua,O
000262-001,orang,O
000262-001,penunjuk,O
000262-001,jalan,O
000262-001,yang,O
000262-001,ikut,O
000262-001,serta,O
000262-001,dalam,O
000262-001,rombongan,O
000262-001,pasukan.,O
000262-001,Salah,O
000262-001,seorang,O
000262-001,di,O
000262-001,antara,O
000262-001,keduanya,O
000262-001,bernama,O
000262-001,Husail.,O
000262-001,Mereka,O
000262-001,berdua,O
000262-001,menunjukkan,O
000262-001,jalan,O
000262-001,yang,O
000262-001,lebih,O
000262-001,pas,O
000262-001,untuk,O
000262-001,memasuki,O
000262-001,Khaibar,B_LOCATION
000262-001,dari,O
000262-001,arah,O
000262-001,"utara,",O
000262-001,tepatnya,O
000262-001,dari,O
000262-001,jalur,O
000262-001,Syam.,B_LOCATION
000262-001,Dengan,O
000262-001,begitu,O
000262-001,pasukan,O
000262-001,Muslimin,O
000262-001,bisa,O
000262-001,menghadang,O
000262-001,kemungkinan,O
000262-001,orang-orang,O
000262-001,Yahudi,O
000262-001,akan,O
000262-001,melarikan,O
000262-001,diri,O
000262-001,ke,O
000262-001,arah,O
000262-001,Syam,B_LOCATION
000262-001,atau,O
000262-001,ke,O
000262-001,Ghathafan.,O
000262-001,"""Aku",O
000262-001,akan,O
000262-001,menunjukkan,O
000262-001,jalan,O
000262-001,kepada,O
000262-001,engkau,O
000262-001,wahai,O
000262-001,"Rasulullah,""",B_PERSON
000262-001,kata,O
000262-001,penunjuk,O
000262-001,jalan,O
000262-001,itu.,O
000263-002,Di,O
000263-002,Ash-Shahba',O
000263-002,yang,O
000263-002,jaraknya,O
000263-002,tidak,O
000263-002,seberapa,O
000263-002,jauh,O
000263-002,dengan,O
000263-002,Khaibar.,B_LOCATION
000263-002,beliau,O
000263-002,shalat,O
000263-002,ashar.,O
000263-002,Kemudian,O
000263-002,beliau,O
000263-002,meminta,O
000263-002,bekal,O
000263-002,makanan.,O
000263-002,Karena,O
000263-002,hanya,O
000263-002,"sedikit,",O
000263-002,beliau,O
000263-002,disodori,O
000263-002,tepung,O
000263-002,gandum,O
000263-002,yang,O
000263-002,tak,O
000263-002,seberapa,O
000263-002,banyak,O
000263-002,jumlahnya.,O
000263-002,Setelah,O
000263-002,"diolah,",O
000263-002,tepung,O
000263-002,itu,O
000263-002,menjadi,O
000263-002,banyak.,O
000263-002,Beliau,O
000263-002,memakannya,O
000263-002,dan,O
000263-002,begitu,O
000263-002,pula,O
000263-002,semua,O
000263-002,orang.,O
000263-002,Kemudian,O
000263-002,beliau,O
000263-002,hendak,O
000263-002,melaksanakan,O
000263-002,shalat,O
000263-002,maghrib.,O
000263-002,Beliau,O
000263-002,cukup,O
000263-002,"berkumur,",O
000263-002,dan,O
000263-002,orang-orang,O
000263-002,juga,O
000263-002,berkumur.,O
000263-002,Kemudian,O
000263-002,beliau,O
000263-002,melaksanakan,O
000263-002,shalat,O
000263-002,maghrib,O
000263-002,tanpa,O
000263-002,wudhu,O
000263-002,"lagi,",O
000263-002,kemudian,O
000263-002,shalat,O
000263-002,isya',O
000263-002,tanpa,O
000263-002,wudhu',O
000263-002,"lagi,",O
000263-002,karena,O
000263-002,memang,O
000263-002,belum,O
000263-002,batal,O
000265-002,Benteng,O
000265-002,Ubay,O
000265-002,5.,O
000265-002,Benteng,O
000265-002,An-Nizar,O
000265-002,Tiga,O
000265-002,benteng,O
000265-002,yang,O
000265-002,pertama,O
000265-002,terletak,O
000265-002,di,O
000265-002,wilayah,O
000265-002,"Nathat,",O
000265-002,sedangkan,O
000265-002,dua,O
000265-002,benteng,O
000265-002,yang,O
000265-002,terakhir,O
000265-002,berada,O
000265-002,di,O
000265-002,wilayah,O
000265-002,Asy-Syiq.,O
000265-002,Sedangkan,O
000265-002,paroh,O
000265-002,kedua,O
000265-002,yang,O
000265-002,juga,O
000265-002,disebut,O
000265-002,"Al-Katibah,",O
000265-002,memiliki,O
000265-002,tiga,O
000265-002,"benteng,",O
000265-002,yaitu:,O
000265-002,1.,O
000265-002,Benteng,O
000265-002,"Al-Qamush,",O
000265-002,benteng,O
000265-002,milik,O
000265-002,Bani,O
000265-002,Abul,O
000265-002,Huqaiq,O
000265-002,dari,O
000265-002,Bani,O
000265-002,Nadhir,O
000265-002,2.,O
000265-002,Benteng,O
000265-002,Al-Wathih,O
000265-002,3.,O
000265-002,Benteng,O
000265-002,As-Salalim,O
000265-002,Sebenarnya,O
000265-002,di,O
000265-002,Khaibar,B_LOCATION
000265-002,masih,O
000265-002,ada,O
000265-002,beberapa,O
000265-002,benteng,O
000265-002,selain,O
000265-002,delapan,O
000265-002,benteng,O
000265-002,"ini,",O
000265-002,namun,O
000265-002,benteng-benteng,O
000265-002,itu,O
000265-002,relatif,O
000265-002,lebih,O
000265-002,"kecil,",O
000265-002,tidak,O
000265-002,sebesar,O
000265-002,dan,O
000265-002,sekuat,O
000265-002,benteng-benteng,O
000265-002,tersebut.,O
000265-002,Pertempuran,O
000265-002,yang,O
000265-002,seru,O
000265-002,meletus,O
000265-002,di,O
000265-002,sekitar,O
000265-002,benteng-,O
000265-002,benteng,O
000265-002,paroh,O
000265-002,yang,O
000265-002,pertama.,O
000265-002,Sekalipun,O
000265-002,benteng-benteng,O
000265-002,di,O
000265-002,paroh,O
000265-002,kedua,O
000265-002,lebih,O
000265-002,besar,O
000265-002,dan,O
000265-002,lebih,O
000265-002,banyak,O
000265-002,jumlah,O
000265-002,"prajuritnya,",O
000265-002,tetapi,O
000265-002,mereka,O
000265-002,justru,O
000265-002,menyerah,O
000265-002,begitu,O
000265-002,"saja,",O
000265-002,tanpa,O
000265-002,ada,O
000265-002,pertempuran.,O
000267-001,Benteng,O
000267-001,Ash-Sha'b,O
000267-001,merupakan,O
000267-001,benteng,O
000267-001,kedua,O
000267-001,yang,O
000267-001,terkokoh,O
000267-001,setelah,O
000267-001,benteng,O
000267-001,Na'im.,O
000267-001,Orang-orang,O
000267-001,Muslim,O
000267-001,melancarkan,O
000267-001,serangan,O
000267-001,di,O
000267-001,bawah,O
000267-001,komando,O
000267-001,bin,B_PERSON
000267-001,Al-Anshari.,I_PERSON
000267-001,Mereka,O
000267-001,mengepung,O
000267-001,benteng,O
000267-001,ini,O
000267-001,selama,O
000267-001,tiga,O
000267-001,hari.,O
000267-001,Pada,O
000267-001,hari,O
000267-001,"ketiga,",O
000267-001,Rasulullah,B_PERSON
000267-001,mengucapkan,O
000267-001,doa,O
000267-001,khusus,O
000267-001,untuk,O
000267-001,dapat,O
000267-001,menaklukkan,O
000267-001,benteng,O
000267-001,ini.,O
000267-001,Abu,B_PERSON
000267-001,Ishaq,I_PERSON
000267-001,meriwayatkan,O
000267-001,bahwa,O
000267-001,bani,O
000267-001,Sahm,O
000267-001,dari,O
000267-001,Bani,O
000267-001,Aslam,O
000267-001,mendatangi,O
000267-001,beliau,O
000267-001,dan,O
000267-001,"berkata,",O
000267-001,"""Kita",O
000267-001,telah,O
000267-001,berjuang,O
000267-001,dan,O
000267-001,tidak,O
000267-001,ada,O
000267-001,lagi,O
000267-001,sesuatu,O
000267-001,yang,O
000267-001,tersisa,O
000267-001,di,O
000267-001,tangan,O
000267-001,"kita.""",O
000267-001,Beliau,O
000267-001,memanjatkan,O
000267-001,"""Ya",O
000267-001,"Allah,",O
000267-001,Engkau,O
000267-001,sudah,O
000267-001,tahu,O
000267-001,keadaan,O
000267-001,mereka,O
000267-001,(orang-orang,O
000267-001,Muslim).,O
000267-001,Mereka,O
000267-001,tidak,O
000267-001,lagi,O
000267-001,mempunyai,O
000267-001,kekuatan,O
000267-001,dan,O
000267-001,di,O
000267-001,tanganku,O
000267-001,tak,O
000267-001,ada,O
000267-001,lagi,O
000267-001,sesuatu,O
000267-001,pun,O
000267-001,yang,O
000267-001,bisa,O
000267-001,kuberikan,O
000267-001,kepada,O
000267-001,mereka.,O
000267-001,Maka,O
000267-001,berikanlah,O
000267-001,kemenangan,O
000267-001,kepada,O
000267-001,mereka,O
000267-001,dengan,O
000267-001,menaklukkan,O
000267-001,benteng,O
000267-001,yang,O
000267-001,paling,O
000267-001,mereka,O
000267-001,"perlukan,",O
000267-001,paling,O
000267-001,banyak,O
000267-001,makanan,O
000267-001,dan,O
000267-001,paling,O
000267-001,gemuk,O
000267-001,ternak-,O
000267-001,ternaknya.,O
000267-001,"""",O
000267-001,Orang-orang,O
000267-001,muslim,O
000267-001,bangkit,O
000267-001,melakukan,O
000267-001,penyerbuan,O
000267-001,dan,O
000267-001,Allah,O
000267-001,menundukkan,O
000267-001,benteng,O
000267-001,Ash-Sha'b,B_PERSON
000267-001,bin,I_PERSON
000267-001,Muadz.,I_PERSON
000267-001,Sementara,O
000267-001,di,O
000267-001,Khaibar,B_LOCATION
000267-001,tidak,O
000267-001,ada,O
000267-001,benteng,O
000267-001,yang,O
000267-001,lebih,O
000267-001,banyak,O
000267-001,makanannya,O
000267-001,dan,O
000267-001,lebih,O
000267-001,gemuk,O
000267-001,ternak-ternaknya,O
000267-001,selain,O
000267-001,dari,O
000267-001,benteng,O
000267-001,ini.,O
000267-001,Setelah,O
000267-001,Nabi,O
000267-001,memanjatkan,O
000267-001,doa,O
000267-001,dan,O
000267-001,memerintahkan,O
000267-001,untuk,O
000267-001,menyerbu,O
000267-001,"benteng,",O
000267-001,maka,O
000267-001,Bani,O
000267-001,Aslamlah,O
000267-001,yang,O
000267-001,berada,O
000267-001,di,O
000267-001,barisan,O
000267-001,terdepan.,O
000267-001,Terjadi,O
000267-001,pertempuran,O
000267-001,yang,O
000267-001,sengit,O
000267-001,di,O
000267-001,depan,O
000267-001,benteng.,O
000267-001,Sebelum,O
000267-001,matahari,O
000267-001,tenggelam,O
000267-001,benteng,O
000267-001,sudah,O
000267-001,bisa,O
000267-001,direbut,O
000267-001,dan,O
000267-001,ditaklukkan.,O
000270-002,Orang-orang,O
000270-002,Yahudi,O
000270-002,mengalami,O
000270-002,kekalahan,O
000270-002,secara,O
000270-002,telak.,O
000270-002,karena,O
000270-002,mereka,O
000270-002,sudah,O
000270-002,tidak,O
000270-002,memiliki,O
000270-002,jalan,O
000270-002,untuk,O
000270-002,menyelinap,O
000270-002,dari,O
000270-002,benteng,O
000270-002,ini,O
000270-002,seperti,O
000270-002,yang,O
000270-002,mereka,O
000270-002,lakukan,O
000270-002,ketika,O
000270-002,masih,O
000270-002,bertahan,O
000270-002,di,O
000270-002,benteng-benteng,O
000270-002,lain,O
000270-002,sebelumnya.,O
000270-002,Karena,O
000270-002,itu,O
000270-002,sebisa,O
000270-002,mungkin,O
000270-002,mereka,O
000270-002,melarikan,O
000270-002,diri,O
000270-002,bagi,O
000270-002,yang,O
000270-002,bisa,O
000270-002,melarikan,O
000270-002,"diri,",O
000270-002,dan,O
000270-002,meninggalkan,O
000270-002,para,O
000270-002,wanita,O
000270-002,dan,O
000270-002,anak-anak,O
000270-002,menjadi,O
000270-002,tawanan,O
000270-002,orang-orang,O
000270-002,Muslim.,O
000270-002,Dengan,O
000270-002,ditaklukkanya,O
000270-002,benteng,O
000270-002,yang,O
000270-002,kokoh,O
000270-002,"ini,",O
000270-002,maka,O
000270-002,tuntaslah,O
000270-002,sudah,O
000270-002,penaklukkan,O
000270-002,seluruh,O
000270-002,benteng,O
000270-002,Khaibar,B_LOCATION
000270-002,dalam,O
000270-002,paroh,O
000270-002,pertama,O
000270-002,yang,O
000270-002,yang,O
000270-002,berada,O
000270-002,di,O
000270-002,wilayah,O
000270-002,Nathat,O
000270-002,dan,O
000270-002,Asy-Syiq.,O
000270-002,Sebenarnya,O
000270-002,masih,O
000270-002,ada,O
000270-002,benteng-benteng,O
000270-002,lain,O
000270-002,yang,O
000270-002,lebih,O
000270-002,kecil.,O
000270-002,Tetapi,O
000270-002,dengan,O
000270-002,takluknya,O
000270-002,benteng,O
000270-002,An-Nizar,O
000270-002,"ini,",O
000270-002,benteng,O
000270-002,benteng,O
000270-002,lain,O
000270-002,yang,O
000270-002,kecil,O
000270-002,langsung,O
000270-002,ditinggalkan,O
000270-002,begitu,O
000270-002,saja.,O
000270-002,Setelah,O
000270-002,itu,O
000270-002,mereka,O
000270-002,melarikan,O
000270-002,diri,O
000270-002,ke,O
000270-002,benteng,O
000270-002,paroh,O
000270-002,kedua,O
000270-002,di,O
000270-002,Khaibar.,B_LOCATION
000274-001,Rasulullah,B_PERSON
000274-001,meninginkan,O
000274-001,agar,O
000274-001,orang-orang,O
000274-001,Yahudi,O
000274-001,hengkang,O
000274-001,dari,O
000274-001,Khaibar.,B_LOCATION
000274-001,Tetapi,O
000274-001,mereka,O
000274-001,"berkata,",O
000274-001,"""Wahai",O
000274-001,"Muhammad,",B_PERSON
000274-001,berilah,O
000274-001,kami,O
000274-001,kesempatan,O
000274-001,untuk,O
000274-001,tetap,O
000274-001,berada,O
000274-001,di,O
000274-001,tanah,O
000274-001,ini,O
000274-001,agar,O
000274-001,kami,O
000274-001,bisa,O
000274-001,mengolah,O
000274-001,dan,O
000274-001,menanganinya,O
000274-001,Kami,O
000274-001,lebih,O
000274-001,berpengalaman,O
000274-001,daripada,O
000274-001,kalian.,O
000274-001,Dan,O
000274-001,memang,O
000274-001,Rasulullah,B_PERSON
000274-001,maupun,O
000274-001,para,O
000274-001,sahabat,O
000274-001,tidak,O
000274-001,mempunyai,O
000274-001,tenaga,O
000274-001,untuk,O
000274-001,mengolah,O
000274-001,tanah-tanah,O
000274-001,itu.,O
000274-001,Mereka,O
000274-001,sendiri,O
000274-001,tak,O
000274-001,punya,O
000274-001,banyak,O
000274-001,kesempatan,O
000274-001,untuk,O
000274-001,menanganinya.,O
000274-001,Karena,O
000274-001,itu,O
000274-001,beliau,O
000274-001,menyerahkan,O
000274-001,tanah,O
000274-001,Khaibar,B_LOCATION
000274-001,kepada,O
000274-001,orang-orang,O
000274-001,"Yahudi,",O
000274-001,dan,O
000274-001,mereka,O
000274-001,memperoleh,O
000274-001,bagian,O
000274-001,dari,O
000274-001,hasil,O
000274-001,tanaman,O
000274-001,dan,O
000274-001,panen,O
000274-001,"buahnya,",O
000274-001,tergantung,O
000274-001,kepada,O
000274-001,Rasulullah,B_PERSON
000274-001,",",O
000274-001,seberapa,O
000274-001,banyak,O
000274-001,beliau,O
000274-001,akan,O
000274-001,menetapkan,O
000274-001,bagian,O
000274-001,bagi,O
000274-001,mereka,O
000274-001,Yang,O
000274-001,membuat,O
000274-001,ancar-ancar,O
000274-001,tentang,O
000274-001,pembagian,O
000274-001,hasil,O
000274-001,pengolahan,O
000274-001,tanah,O
000274-001,ini,O
000274-001,adalah,O
000274-001,Abdullah,B_PERSON
000274-001,bin,I_PERSON
000274-001,Rawahah,I_PERSON
000274-001,Tanah,O
000274-001,Khaibar,B_LOCATION
000274-001,dibagi,O
000274-001,menjadi,O
000274-001,30,O
000274-001,kelompok.,O
000274-001,Setiap,O
000274-001,kelompok,O
000274-001,dibagi,O
000274-001,lagi,O
000274-001,menjadi,O
000274-001,100,O
000274-001,"bagian,",O
000274-001,hingga,O
000274-001,jumlah,O
000274-001,totalnya,O
000274-001,ada,O
000274-001,3600,O
000274-001,bagian.,O
000274-001,Nabi,O
000274-001,dan,O
000274-001,orang-orang,O
000274-001,Muslim,O
000274-001,mendapat,O
000274-001,"separohnya,",O
000274-001,yaitu,O
000274-001,1800,O
000274-001,bagian.,O
000274-001,Beliau,O
000274-001,mendapat,O
000274-001,satu,O
000274-001,bagian,O
000274-001,seperti,O
000274-001,yang,O
000274-001,didapat,O
000274-001,Muslim,O
000274-001,lainya.,O
000274-001,Sementara,O
000274-001,separoh,O
000274-001,"lainnya,",O
000274-001,sebanyak,O
000274-001,1800,O
000274-001,bagian,O
000274-001,dikhususkan,O
000274-001,untuk,O
000274-001,para,O
000274-001,wakil,O
000274-001,beliau,O
000274-001,dan,O
000274-001,untuk,O
000274-001,urusan,O
000274-001,umum,O
000274-001,kaum,O
000274-001,Muslimin.,O
000274-001,Orang-orang,O
000274-001,Muslim,O
000274-001,yang,O
000274-001,ikut,O
000274-001,dalam,O
000274-001,peristiwa,O
000274-001,"Hudaibiyah,",I_EVENT
000274-001,yang,O
000274-001,jumlahnya,O
000274-001,1400,O
000274-001,"orang,",O
000274-001,juga,O
000274-001,mendapat,O
000274-001,bagian,O
000274-001,dari,O
000274-001,separoh,O
000274-001,yang,O
000274-001,terakhir,O
000274-001,"ini,",O
000274-001,baik,O
000274-001,yang,O
000274-001,saat,O
000274-001,Perang,B_EVENT
000274-001,Khaibar,I_EVENT
000274-001,itu,O
000274-001,mereka,O
000274-001,ikut,O
000274-001,bergabung,O
000274-001,atau,O
000274-001,tidak.,O
000274-001,Karena,O
000274-001,bagaimanapun,O
000274-001,"juga,",O
000274-001,harta,O
000274-001,rampasan,O
000274-001,dari,O
000274-001,Perang,B_EVENT
000274-001,Khaibar,I_EVENT
000274-001,ini,O
000274-001,juga,O
000274-001,tidak,O
000274-001,lepas,O
000274-001,dari,O
000274-001,peran,O
000274-001,orang-orang,O
000274-001,yang,O
000274-001,ikut,O
000274-001,dalam,O
000274-001,peristiwa,O
000274-001,Hudaibiyah.,I_EVENT
000320-006,322-351.,O
000320-006,Kekuasaan,O
000320-006,yang,O
000320-006,sudah,O
000320-006,terpegang,O
000320-006,di,O
000320-006,tangan,O
000320-006,ini,O
000320-006,benar-benar,O
000320-006,membantu,O
000320-006,untuk,O
000320-006,menguasai,O
000320-006,keadaan.,O
000320-006,Tidak,O
000320-006,ada,O
000320-006,pilihan,O
000320-006,bagi,O
000320-006,kaum,O
000320-006,Arab,O
000320-006,kecuali,O
000320-006,mengirim,O
000320-006,utusan,O
000320-006,kepada,O
000320-006,"Rasulullah,",B_PERSON
000320-006,lalu,O
000320-006,mereka,O
000320-006,menyatakan,O
000320-006,kesediaan,O
000320-006,untuk,O
000320-006,masuk,O
000320-006,Islam,O
000320-006,dan,O
000320-006,menyebarkan,O
000320-006,dakwahnya,O
000320-006,ke,O
000320-006,seluruh,O
000320-006,dunia.,O
000320-006,Misi,O
000320-006,dakwah,O
000320-006,ke,O
000320-006,seluruh,O
000320-006,dunia,O
000320-006,ini,O
000320-006,dapat,O
000320-006,ditempuh,O
000320-006,selama,O
000320-006,dua,O
000320-006,tahun,O
000320-006,setelah,O
000320-006,itu,O
000320-006,Tempat,O
000320-006,Shuluh,O
000320-006,Al-Hudaibiyah,O
000347-003,Saat,O
000347-003,perjalanan,O
000347-003,sudah,O
000347-003,mendekati,O
000347-003,"Tabuk,",B_LOCATION
000347-003,beliau,O
000347-003,"bersabda,",O
000347-003,"""Insya",O
000347-003,Allah,O
000347-003,besok,O
000347-003,kalian,O
000347-003,sudah,O
000347-003,sampai,O
000347-003,di,O
000347-003,mata,O
000347-003,air,O
000347-003,Tabuk.,B_LOCATION
000347-003,Paling,O
000347-003,cepat,O
000347-003,kalian,O
000347-003,tiba,O
000347-003,di,O
000347-003,sana,O
000347-003,pada,O
000347-003,waktu,O
000347-003,dhuha.,O
000347-003,Siapa,O
000347-003,pun,O
000347-003,yang,O
000347-003,sudah,O
000347-003,tiba,O
000347-003,di,O
000347-003,"sana,",O
000347-003,maka,O
000347-003,dia,O
000347-003,tidak,O
000347-003,boleh,O
000347-003,mengambil,O
000347-003,air,O
000347-003,sedikit,O
000347-003,pun,O
000347-003,di,O
000347-003,sana,O
000347-003,hingga,O
000347-003,aku,O
000347-003,"tiba.""",O
000347-003,Mu,O
000347-003,adz,O
000347-003,"menuturkan,",O
000347-003,"""Ada",O
000347-003,dua,O
000347-003,orang,O
000347-003,yang,O
000347-003,lebih,O
000347-003,dahulu,O
000347-003,tiba,O
000347-003,di,O
000347-003,sana.,O
000347-003,Mata,O
000347-003,airnya,O
000347-003,hanya,O
000347-003,mengeluarkan,O
000347-003,sedikit,O
000347-003,air.,O
000347-003,Beliau,O
000347-003,bertanya,O
000347-003,kepada,O
000347-003,dua,O
000347-003,orang,O
000347-003,"itu,",O
000347-003,"""Apakah",O
000347-003,kalian,O
000347-003,berdua,O
000347-003,sudah,O
000347-003,mengambil,O
000347-003,airnya,O
000347-003,walau,O
000347-003,"sedikit?""",O
000347-003,"""Sudah,""",O
000347-003,jawab,O
000347-003,keduanya,O
000347-003,Beliau,O
000347-003,mengucapkan,O
000347-003,sepatah,O
000347-003,dua,O
000347-003,patah,O
000347-003,kata,O
000347-003,kepada,O
000347-003,keduanya,O
000347-003,seperti,O
000347-003,yang,O
000347-003,dikehendaki,O
000347-003,Allah,O
000347-003,untuk,O
000347-003,dikatakan,O
000347-003,kepada,O
000347-003,mereka,O
000347-003,berdua.,O
000347-003,Kemudian,O
000347-003,beliau,O
000347-003,mengambil,O
000347-003,sedikit,O
000347-003,airnya,O
000347-003,lalu,O
000347-003,beliau,O
000347-003,menggunakannya,O
000347-003,untuk,O
000347-003,membasuh,O
000347-003,muka,O
000347-003,dan,O
000347-003,tangan.,O
000347-003,Kemudian,O
000347-003,air,O
000347-003,itu,O
000347-003,dikembalikan,O
000347-003,lagi,O
000347-003,ke,O
000347-003,mata,O
000347-003,"airnya,",O
000347-003,hingga,O
000347-003,airnya,O
000347-003,berlimpah,O
000347-003,ruah.,O
000347-003,Maka,O
000347-003,orang-orang,O
000347-003,bisa,O
000347-003,mengambil,O
000347-003,air,O
000347-003,dari,O
000347-003,mata,O
000347-003,air,O
000347-003,itu.,O
000347-003,Kemudian,O
000347-003,beliau,O
000347-003,"bersabda,",O
000347-003,"""Wahai",O
000347-003,"Mu'adz,",O
000347-003,jika,O
000347-003,umurmu,O
000347-003,"panjang,",O
000347-003,maka,O
000347-003,tak,O
000347-003,seberapa,O
000347-003,lama,O
000347-003,kemudian,O
000347-003,engkau,O
000347-003,akan,O
000347-003,melihat,O
000347-003,di,O
000347-003,sini,O
000347-003,sudah,O
000347-003,penuh,O
000347-003,dengan,O
000347-003,"kebun-kebun.""",O
000347-003,Saat,O
000347-003,masih,O
000347-003,di,O
000347-003,perjalanan,O
000347-003,ke,O
000347-003,Tabuk,B_LOCATION
000347-003,atau,O
000347-003,menurut,O
000347-003,riwayat,O
000347-003,lain,O
000347-003,sudah,O
000347-003,tiba,O
000347-003,di,O
000347-003,"sana,",O
000347-003,Rasulullah,B_PERSON
000347-003,"bersabda,",O
000347-003,"""Malam",O
000347-003,ini,O
000347-003,akan,O
000347-003,berhembus,O
000347-003,angin,O
000347-003,y,O
000347-003,ang,O
000347-003,"kencang.""""",O
000347-003,Ada,O
000347-003,seseorang,O
000347-003,yang,O
000347-003,keluar,O
000347-003,dan,O
000347-003,berdiri,O
000347-003,hingga,O
000347-003,berhembus,O
000347-003,angin,O
000347-003,dan,O
000347-003,jatuh,O
000347-003,di,O
000347-003,celah,O
000347-003,antara,O
000347-003,dua,O
000347-003,bukit.,O
000347-003,Dalam,O
000347-003,perjalanan,O
000347-003,ini,O
000347-003,Rasulullah,B_PERSON
000347-003,senantiasa,O
000347-003,menjama',O
000347-003,antara,O
000347-003,shalat,O
000347-003,zhuhur,O
000347-003,dan,O
000347-003,"anshar,",O
000347-003,magrib,O
000347-003,dan,O
000347-003,"isya',",O
000347-003,kadang,O
000347-003,dengan,O
000347-003,jama',O
000347-003,taqdim,O
000347-003,kadang,O
000347-003,dengan,O
000347-003,jama',O
000347-003,ta'khir.,O
