chunk_id;halaman;entity_text;entity_label;start_char;end_char;confidence;source
000000-001;34;Rasulullah;PERSON;87.0;97.0;1.0;gold
000001-001;34-35;Jazirah Arab;LOCATION;325.0;337.0;1.0;gold
000001-001;34-35;Laut Merah;LOCATION;347.0;357.0;1.0;gold
000001-001;34-35;Irak;LOCATION;455.0;459.0;1.0;gold
000001-001;34-35;Syam;LOCATION;582.0;586.0;1.0;gold
000001-001;34-35;Irak;LOCATION;618.0;622.0;1.0;gold
000001-001;34-35;Jazirah Arab;LOCATION;771.0;783.0;1.0;gold
000001-001;34-35;Jazirah Arab;LOCATION;887.0;899.0;1.0;gold
000001-001;34-35;Jazirah Arab;LOCATION;997.0;1009.0;1.0;gold
000001-001;34-35;Jazirah Arab;LOCATION;1186.0;1198.0;1.0;gold
000001-002;34-35;Jazirah Arab;LOCATION;235.0;247.0;1.0;gold
000001-002;34-35;India;LOCATION;585.0;590.0;1.0;gold
000001-002;34-35;Cina;LOCATION;595.0;599.0;1.0;gold
000001-002;34-35;Jazirah Arab;LOCATION;643.0;655.0;1.0;gold
000001-002;34-35;Jazirah Arab;LOCATION;791.0;803.0;1.0;gold
000002-001;35-42;Yasyjub bin Qahthan;PERSON;365.0;384.0;1.0;gold
000002-001;35-42;Isma'il;PERSON;493.0;500.0;1.0;gold
000002-001;35-42;Yaman;LOCATION;596.0;601.0;1.0;gold
000002-001;35-42;Zaid;PERSON;751.0;755.0;1.0;gold
000002-001;35-42;Syam;LOCATION;954.0;958.0;1.0;gold
000002-002;35-42;Syam;LOCATION;92.0;96.0;1.0;gold
000002-002;35-42;Yaman;LOCATION;147.0;152.0;1.0;gold
000002-002;35-42;Mesir;LOCATION;435.0;440.0;1.0;gold
000002-002;35-42;Syam;LOCATION;445.0;449.0;1.0;gold
000002-002;35-42;Hijrah;EVENT;716.0;722.0;1.0;gold
000002-002;35-42;Imran bin Amru;PERSON;776.0;790.0;1.0;gold
000002-002;35-42;Yaman;LOCATION;837.0;842.0;1.0;gold
000002-002;35-42;Tsa'labah bin Amru;PERSON;988.0;1006.0;1.0;gold
000002-002;35-42;Hijaz;LOCATION;1026.0;1031.0;1.0;gold
000002-002;35-42;Madinah;LOCATION;1139.0;1146.0;1.0;gold
000002-002;35-42;Haritsah bin Tsa'labah;PERSON;1255.0;1277.0;1.0;gold
000002-002;35-42;Haritsah bin Amr;PERSON;1319.0;1335.0;1.0;gold
000002-002;35-42;Hijaz;LOCATION;1385.0;1390.0;1.0;gold
000002-002;35-42;Makkah;LOCATION;1487.0;1493.0;1.0;gold
000002-003;35-42;Haritsah bin Amr;PERSON;40.0;56.0;1.0;gold
000002-003;35-42;Hijaz;LOCATION;106.0;111.0;1.0;gold
000002-003;35-42;Makkah;LOCATION;208.0;214.0;1.0;gold
000002-003;35-42;Imran bin Amr;PERSON;226.0;239.0;1.0;gold
000002-003;35-42;Nash bin Al-Uzd;PERSON;370.0;385.0;1.0;gold
000002-003;35-42;Tihamah;LOCATION;397.0;404.0;1.0;gold
000002-003;35-42;Jafnah bin Amr;PERSON;434.0;448.0;1.0;gold
000002-003;35-42;Syam;LOCATION;458.0;462.0;1.0;gold
000002-003;35-42;Abul Muluk;PERSON;523.0;533.0;1.0;gold
000002-003;35-42;Hijaz;LOCATION;586.0;591.0;1.0;gold
000002-003;35-42;Syam;LOCATION;690.0;694.0;1.0;gold
000002-003;35-42;Nashr bin Rabi'ah;PERSON;750.0;767.0;1.0;gold
000002-003;35-42;Bahrain;LOCATION;1044.0;1051.0;1.0;gold
000002-003;35-42;Hadhramaut;LOCATION;1106.0;1116.0;1.0;gold
000002-003;35-42;Bahrain;LOCATION;1171.0;1178.0;1.0;gold
000002-003;35-42;Najd;LOCATION;1209.0;1213.0;1.0;gold
000002-004;35-42;Yaman;LOCATION;190.0;195.0;1.0;gold
000002-004;35-42;Ibrahim;PERSON;291.0;298.0;1.0;gold
000002-004;35-42;Irak;LOCATION;327.0;331.0;1.0;gold
000002-004;35-42;Eufrat;LOCATION;400.0;406.0;1.0;gold
000002-004;35-42;Ibrahim;PERSON;542.0;549.0;1.0;gold
000002-004;35-42;Ibrahim;PERSON;630.0;637.0;1.0;gold
000002-004;35-42;Irak;LOCATION;650.0;654.0;1.0;gold
000002-004;35-42;Mesir;LOCATION;852.0;857.0;1.0;gold
000002-004;35-42;Mesir;LOCATION;877.0;882.0;1.0;gold
000002-004;35-42;Ibrahim;PERSON;1240.0;1247.0;1.0;gold
000002-004;35-42;Palestina;LOCATION;1259.0;1268.0;1.0;gold
000002-004;35-42;Ibrahim;PERSON;1356.0;1363.0;1.0;gold
000002-004;35-42;Isma'il;PERSON;1419.0;1426.0;1.0;gold
000002-005;35-42;Ibrahim;PERSON;12.0;19.0;1.0;gold
000002-005;35-42;Hajar;PERSON;38.0;43.0;1.0;gold
000002-005;35-42;Isma'il;PERSON;75.0;82.0;1.0;gold
000002-005;35-42;Hijaz;LOCATION;116.0;121.0;1.0;gold
000002-005;35-42;Ibrahim;PERSON;319.0;326.0;1.0;gold
000002-005;35-42;Zamzam;LOCATION;429.0;435.0;1.0;gold
000002-005;35-42;Makkah;LOCATION;449.0;455.0;1.0;gold
000002-005;35-42;Isma'il;PERSON;565.0;572.0;1.0;gold
000002-005;35-42;Palestina;LOCATION;621.0;630.0;1.0;gold
000002-005;35-42;Al-Khadhri;PERSON;738.0;748.0;1.0;gold
000002-005;35-42;Muhammad;PERSON;1205.0;1213.0;1.0;gold
000002-006;35-42;Zamzam;LOCATION;63.0;69.0;1.0;gold
000002-006;35-42;Yaman;LOCATION;281.0;286.0;1.0;gold
000002-006;35-42;Isma'il;PERSON;340.0;347.0;1.0;gold
000002-006;35-42;Makkah;LOCATION;474.0;480.0;1.0;gold
000002-006;35-42;Makkah;LOCATION;543.0;549.0;1.0;gold
000002-006;35-42;Isma'il;PERSON;569.0;576.0;1.0;gold
000002-006;35-42;Isma'il;PERSON;597.0;604.0;1.0;gold
000002-006;35-42;Makkah;LOCATION;647.0;653.0;1.0;gold
000002-006;35-42;Ibrahim;PERSON;682.0;689.0;1.0;gold
000002-006;35-42;Makkah;LOCATION;700.0;706.0;1.0;gold
000002-006;35-42;Ibrahim;PERSON;958.0;965.0;1.0;gold
000002-006;35-42;Isma'il;PERSON;1022.0;1029.0;1.0;gold
000002-006;35-42;Ibrahim;PERSON;1175.0;1182.0;1.0;gold
000002-006;35-42;Ibrahim;PERSON;1284.0;1291.0;1.0;gold
000002-007;35-42;Isma'il;PERSON;188.0;195.0;1.0;gold
000002-007;35-42;Isma'il;PERSON;569.0;576.0;1.0;gold
000002-007;35-42;Ibnu Abbas;PERSON;680.0;690.0;1.0;gold
000002-007;35-42;Isma'il;PERSON;741.0;748.0;1.0;gold
000002-007;35-42;Isma'il;PERSON;911.0;918.0;1.0;gold
000002-007;35-42;Ibrahim;PERSON;953.0;960.0;1.0;gold
000002-007;35-42;Isma'il;PERSON;1073.0;1080.0;1.0;gold
000002-007;35-42;Isma'il;PERSON;1107.0;1114.0;1.0;gold
000002-007;35-42;Isma'il;PERSON;1193.0;1200.0;1.0;gold
000002-007;35-42;Ibrahim;PERSON;1249.0;1256.0;1.0;gold
000002-007;35-42;Isma'il;PERSON;1306.0;1313.0;1.0;gold
000002-008;35-42;Isma'il;PERSON;63.0;70.0;1.0;gold
000002-008;35-42;Mudhadh bin Amru;PERSON;139.0;155.0;1.0;gold
000002-008;35-42;Isma'il;PERSON;204.0;211.0;1.0;gold
000002-008;35-42;Ibrahim;PERSON;228.0;235.0;1.0;gold
000002-008;35-42;Isma'il;PERSON;281.0;288.0;1.0;gold
000002-008;35-42;Isma'il;PERSON;319.0;326.0;1.0;gold
000002-008;35-42;Isma'il;PERSON;372.0;379.0;1.0;gold
000002-008;35-42;Ibrahim;PERSON;413.0;420.0;1.0;gold
000002-008;35-42;Palestina;LOCATION;437.0;446.0;1.0;gold
000002-008;35-42;Isma'il;PERSON;484.0;491.0;1.0;gold
000002-008;35-42;Isma'il;PERSON;498.0;505.0;1.0;gold
000002-008;35-42;Ibrahim;PERSON;576.0;583.0;1.0;gold
000002-008;35-42;Isma'il;PERSON;604.0;611.0;1.0;gold
000002-008;35-42;Isma'il;PERSON;626.0;633.0;1.0;gold
000002-008;35-42;Zamzam;LOCATION;690.0;696.0;1.0;gold
000002-008;35-42;Isma'il;PERSON;733.0;740.0;1.0;gold
000002-008;35-42;Ibrahim;PERSON;820.0;827.0;1.0;gold
000002-008;35-42;Isma'il;PERSON;1092.0;1099.0;1.0;gold
000002-008;35-42;Ka'bah;LOCATION;1206.0;1212.0;1.0;gold
000002-008;35-42;Ibrahim;PERSON;1245.0;1252.0;1.0;gold
000002-008;35-42;Isma'il;PERSON;1383.0;1390.0;1.0;gold
000002-009;35-42;Isma'il;PERSON;41.0;48.0;1.0;gold
000002-009;35-42;Makkah;LOCATION;361.0;367.0;1.0;gold
000002-009;35-42;Yaman;LOCATION;453.0;458.0;1.0;gold
000002-009;35-42;Syam;LOCATION;476.0;480.0;1.0;gold
000002-009;35-42;Mesir;LOCATION;485.0;490.0;1.0;gold
000002-009;35-42;Hijaz;LOCATION;743.0;748.0;1.0;gold
000002-009;35-42;Isma'il;PERSON;1227.0;1234.0;1.0;gold
000002-009;35-42;Qaidar bin Isma'il;PERSON;1261.0;1279.0;1.0;gold
000002-009;35-42;Makkah;LOCATION;1297.0;1303.0;1.0;gold
000002-010;35-42;Ibrahim;PERSON;512.0;519.0;1.0;gold
000002-010;35-42;Asad bin Rabi'ah;PERSON;950.0;966.0;1.0;gold
000002-010;35-42;Ailan bin Mudhar;PERSON;1201.0;1217.0;1.0;gold
000002-010;35-42;Ilyas bin Mudhar;PERSON;1234.0;1250.0;1.0;gold
000002-010;35-42;Ilyas bin Mudha;PERSON;1320.0;1335.0;1.0;gold
000002-010;35-42;Tamim bin Murrah;PERSON;1340.0;1356.0;1.0;gold
000002-010;35-42;Hudzail bin Mudrikah;PERSON;1358.0;1378.0;1.0;gold
000002-010;35-42;Asad bin Khuzaimah;PERSON;1385.0;1403.0;1.0;gold
000002-010;35-42;Kinanah bin Khuzimah;PERSON;1421.0;1441.0;1.0;gold
000002-011;35-42;Ilyas bin Mudha;PERSON;5.0;20.0;1.0;gold
000002-011;35-42;Tamim bin Murrah;PERSON;25.0;41.0;1.0;gold
000002-011;35-42;Hudzail bin Mudrikah;PERSON;43.0;63.0;1.0;gold
000002-011;35-42;Asad bin Khuzaimah;PERSON;70.0;88.0;1.0;gold
000002-011;35-42;Kinanah bin Khuzimah;PERSON;106.0;126.0;1.0;gold
000002-011;35-42;Fihr bin Malik bin An-Nadhar bin Kinanah;PERSON;175.0;215.0;1.0;gold
000002-011;35-42;Quraisy bin Kilab;PERSON;335.0;352.0;1.0;gold
000002-011;35-42;Dar bin Qushay;PERSON;366.0;380.0;1.0;gold
000002-011;35-42;Asad bin Abdul Uzza bin Qushay;PERSON;382.0;412.0;1.0;gold
000002-011;35-42;Manaf bin Qushay;PERSON;422.0;438.0;1.0;gold
000002-011;35-42;Muhammad bin Abdullah bin Abdul Muththalib bin Hasyim;PERSON;566.0;619.0;1.0;gold
000002-011;35-42;Rasulullah;PERSON;621.0;631.0;1.0;gold
000002-011;35-42;Isma'il;PERSON;683.0;690.0;1.0;gold
000002-011;35-42;Ibrahim;PERSON;701.0;708.0;1.0;gold
000002-011;35-42;Al-Abbas bin Abdul Muththalib;PERSON;880.0;909.0;1.0;gold
000002-011;35-42;Rasulullah;PERSON;925.0;935.0;1.0;gold
000002-011;35-42;Jazirah Arab;LOCATION;1419.0;1431.0;1.0;gold
000002-012;35-42;Jazirah Arab;LOCATION;100.0;112.0;1.0;gold
000002-012;35-42;Bakr bin Wa'il;PERSON;206.0;220.0;1.0;gold
000002-012;35-42;Hanifah bin Sha'b bin Ali bin Bakr;PERSON;297.0;331.0;1.0;gold
000002-012;35-42;Bakr bin Wa'il;PERSON;403.0;417.0;1.0;gold
000002-012;35-42;Eufrat;LOCATION;512.0;518.0;1.0;gold
000002-012;35-42;Madinah;LOCATION;633.0;640.0;1.0;gold
000002-012;35-42;Madinah;LOCATION;674.0;681.0;1.0;gold
000002-012;35-42;Khaibar;LOCATION;692.0;699.0;1.0;gold
000002-012;35-42;Madinah;LOCATION;717.0;724.0;1.0;gold
000002-012;35-42;Tha'if;LOCATION;766.0;772.0;1.0;gold
000002-012;35-42;Makkah;LOCATION;791.0;797.0;1.0;gold
000002-012;35-42;Makkah;LOCATION;806.0;812.0;1.0;gold
000002-012;35-42;Tihamah;LOCATION;1081.0;1088.0;1.0;gold
000002-012;35-42;Makkah;LOCATION;1129.0;1135.0;1.0;gold
000002-012;35-42;Qushay bin Kilab;PERSON;1248.0;1264.0;1.0;gold
000004-001;43-45;Yaman;LOCATION;31.0;36.0;1.0;gold
000004-001;43-45;tahun 650 SM;TIME;346.0;358.0;1.0;gold
000004-001;43-45;Yaman;LOCATION;723.0;728.0;1.0;gold
000004-001;43-45;tahun 650 SM;TIME;857.0;869.0;1.0;gold
000004-001;43-45;tahun 110 SM;TIME;878.0;890.0;1.0;gold
000004-001;43-45;tahun 115 SM;TIME;1145.0;1157.0;1.0;gold
000004-001;43-45;tahun 300 M;TIME;1166.0;1177.0;1.0;gold
000004-002;43-45;Hijaz;LOCATION;253.0;258.0;1.0;gold
000004-002;43-45;Mesir;LOCATION;390.0;395.0;1.0;gold
000004-002;43-45;Hijaz;LOCATION;415.0;420.0;1.0;gold
000004-002;43-45;tahun 300 M;TIME;634.0;645.0;1.0;gold
000004-002;43-45;Yaman;LOCATION;671.0;676.0;1.0;gold
000004-002;43-45;Habasyah;LOCATION;954.0;962.0;1.0;gold
000004-002;43-45;Yaman;LOCATION;976.0;981.0;1.0;gold
000004-002;43-45;tahun 340 M;TIME;992.0;1003.0;1.0;gold
000004-002;43-45;tahun 378 M;TIME;1110.0;1121.0;1.0;gold
000004-002;43-45;Yaman;LOCATION;1132.0;1137.0;1.0;gold
000004-003;43-45;Isa;PERSON;222.0;225.0;1.0;gold
000004-003;43-45;Najran;LOCATION;250.0;256.0;1.0;gold
000004-003;43-45;Dzu Nuwas;PERSON;341.0;350.0;1.0;gold
000004-003;43-45;Habasyah;LOCATION;750.0;758.0;1.0;gold
000004-003;43-45;Habasyah;LOCATION;833.0;841.0;1.0;gold
000004-003;43-45;Yaman;LOCATION;874.0;879.0;1.0;gold
000004-003;43-45;tahun 525 M;TIME;930.0;941.0;1.0;gold
000004-003;43-45;Abrahah;PERSON;986.0;993.0;1.0;gold
000004-003;43-45;Yaman;LOCATION;1058.0;1063.0;1.0;gold
000004-003;43-45;Habasyah;LOCATION;1097.0;1105.0;1.0;gold
000004-003;43-45;Abrahah;PERSON;1107.0;1114.0;1.0;gold
000004-003;43-45;Ka'bah;LOCATION;1170.0;1176.0;1.0;gold
000004-003;43-45;Yaman;LOCATION;1264.0;1269.0;1.0;gold
000004-003;43-45;Persia;LOCATION;1305.0;1311.0;1.0;gold
000004-004;43-45;Yaman;LOCATION;40.0;45.0;1.0;gold
000004-004;43-45;Persia;LOCATION;81.0;87.0;1.0;gold
000004-004;43-45;Habasyah;LOCATION;144.0;152.0;1.0;gold
000004-004;43-45;Yaman;LOCATION;158.0;163.0;1.0;gold
000004-004;43-45;tahun 575 M;TIME;209.0;220.0;1.0;gold
000004-004;43-45;Yakrib bin Saif;PERSON;242.0;257.0;1.0;gold
000004-004;43-45;Habasyah;LOCATION;395.0;403.0;1.0;gold
000004-004;43-45;Kisra;PERSON;613.0;618.0;1.0;gold
000004-004;43-45;Yaman;LOCATION;683.0;688.0;1.0;gold
000004-004;43-45;Yaman;LOCATION;794.0;799.0;1.0;gold
000004-004;43-45;Yaman;LOCATION;848.0;853.0;1.0;gold
000004-004;43-45;tahun 638 M;TIME;901.0;912.0;1.0;gold
000005-001;45-47;Irak;LOCATION;28.0;32.0;1.0;gold
000005-001;45-47;tahun 326 SM;TIME;236.0;248.0;1.0;gold
000005-001;45-47;tahun 230 SM;TIME;854.0;866.0;1.0;gold
000005-001;45-47;Irak;LOCATION;970.0;974.0;1.0;gold
000005-001;45-47;Eufrat;LOCATION;1102.0;1108.0;1.0;gold
000005-001;45-47;tahun 226 M;TIME;1204.0;1215.0;1.0;gold
000005-001;45-47;Persia;LOCATION;1251.0;1257.0;1.0;gold
000005-001;45-47;Syam;LOCATION;1399.0;1403.0;1.0;gold
000005-002;45-47;Irak;LOCATION;148.0;152.0;1.0;gold
000005-002;45-47;Syam;LOCATION;546.0;550.0;1.0;gold
000005-002;45-47;Irak;LOCATION;555.0;559.0;1.0;gold
000005-002;45-47;Amru bin Adi bin Nashr;PERSON;645.0;667.0;1.0;gold
000005-002;45-47;tahun 268 M;TIME;748.0;759.0;1.0;gold
000005-002;45-47;Kisra;PERSON;817.0;822.0;1.0;gold
000005-002;45-47;Sabur bin Ardasyir;PERSON;823.0;841.0;1.0;gold
000005-002;45-47;Qubadz bin Fairuz;PERSON;940.0;957.0;1.0;gold
000005-002;45-47;Al-Mundzir bin Ma;PERSON;1181.0;1198.0;1.0;gold
000005-003;45-47;Al-Harits bin Amr bin Hijr;PERSON;134.0;160.0;1.0;gold
000005-003;45-47;Kisra;PERSON;278.0;283.0;1.0;gold
000005-003;45-47;Al-Harits bin Amr;PERSON;468.0;485.0;1.0;gold
000005-003;45-47;Kalb;LOCATION;533.0;537.0;1.0;gold
000005-003;45-47;Al-Mundzir bin Ma'us;PERSON;601.0;621.0;1.0;gold
000005-003;45-47;An-Nu'man bin Al-Mundzir;PERSON;652.0;676.0;1.0;gold
000005-003;45-47;Kisra;PERSON;710.0;715.0;1.0;gold
000005-003;45-47;Zaid bin Adi;PERSON;755.0;767.0;1.0;gold
000005-003;45-47;Kisra;PERSON;777.0;782.0;1.0;gold
000005-003;45-47;Hani bin Mas'ud;PERSON;903.0;918.0;1.0;gold
000005-003;45-47;Kisra;PERSON;1016.0;1021.0;1.0;gold
000005-003;45-47;Kisra;PERSON;1111.0;1116.0;1.0;gold
000005-003;45-47;lyas bin Qubaishah;PERSON;1128.0;1146.0;1.0;gold
000005-003;45-47;Hani' bin Mas'ud;PERSON;1192.0;1208.0;1.0;gold
000005-003;45-47;Kisra;PERSON;1343.0;1348.0;1.0;gold
000005-003;45-47;Kisra;PERSON;1416.0;1421.0;1.0;gold
000005-004;45-47;Rasulullah;PERSON;313.0;323.0;1.0;gold
000005-004;45-47;Iyas bin Qubaishah;PERSON;373.0;391.0;1.0;gold
000005-004;45-47;Kisra;PERSON;425.0;430.0;1.0;gold
000005-004;45-47;tahun 632 M;TIME;492.0;503.0;1.0;gold
000005-004;45-47;Khalid bin Al-Walid;PERSON;706.0;725.0;1.0;gold
000006-001;47-48;Syam;LOCATION;144.0;148.0;1.0;gold
000006-001;47-48;Sulaih bin Halwan;PERSON;196.0;213.0;1.0;gold
000006-001;47-48;Ziyad bin Habulah;PERSON;603.0;620.0;1.0;gold
000006-001;47-48;Al-Khadhri;PERSON;701.0;711.0;1.0;gold
000006-001;47-48;Syam;LOCATION;933.0;937.0;1.0;gold
000006-001;47-48;Perang Yarmuk;EVENT;1056.0;1069.0;1.0;gold
000006-001;47-48;tahun 13 H;TIME;1075.0;1085.0;1.0;gold
000006-001;47-48;Jabalah bin Al-Aiham;PERSON;1114.0;1134.0;1.0;gold
000006-001;47-48;Umar bin Al-Khaththab;PERSON;1196.0;1217.0;1.0;gold
000007-001;48-53;Isma'il;PERSON;0.0;7.0;1.0;gold
000007-001;48-53;Makkah;LOCATION;25.0;31.0;1.0;gold
000007-001;48-53;Ka'bah;LOCATION;46.0;52.0;1.0;gold
000007-001;48-53;Mudhadh bin Amr;PERSON;231.0;246.0;1.0;gold
000007-001;48-53;Makkah;LOCATION;278.0;284.0;1.0;gold
000007-001;48-53;Isma'il;PERSON;367.0;374.0;1.0;gold
000007-001;48-53;Ka'bah;LOCATION;446.0;452.0;1.0;gold
000007-001;48-53;Isma'il;PERSON;572.0;579.0;1.0;gold
000007-001;48-53;Bukhtanashar;PERSON;666.0;678.0;1.0;gold
000007-001;48-53;Makkah;LOCATION;742.0;748.0;1.0;gold
000007-001;48-53;Bukhtanashar;PERSON;780.0;792.0;1.0;gold
000007-001;48-53;Yaman;LOCATION;922.0;927.0;1.0;gold
000007-001;48-53;Bukhtanashar;PERSON;945.0;957.0;1.0;gold
000007-001;48-53;tahun 587 SM;TIME;962.0;974.0;1.0;gold
000007-001;48-53;Syam;LOCATION;1006.0;1010.0;1.0;gold
000007-001;48-53;Bukhtanashar;PERSON;1028.0;1040.0;1.0;gold
000007-001;48-53;Makkah;LOCATION;1080.0;1086.0;1.0;gold
000007-001;48-53;Jursyum bin Jalhamah;PERSON;1153.0;1173.0;1.0;gold
000007-001;48-53;Makkah;LOCATION;1284.0;1290.0;1.0;gold
000007-001;48-53;Ka'bah;LOCATION;1432.0;1438.0;1.0;gold
000007-002;48-53;Makkah;LOCATION;169.0;175.0;1.0;gold
000007-002;48-53;Zamzam;LOCATION;301.0;307.0;1.0;gold
000007-002;48-53;Ibnu Ishaq;PERSON;391.0;401.0;1.0;gold
000007-002;48-53;Amr bin Al-Harits bin Mudhadh;PERSON;412.0;441.0;1.0;gold
000007-002;48-53;Ka'bah;LOCATION;481.0;487.0;1.0;gold
000007-002;48-53;Zamzam;LOCATION;531.0;537.0;1.0;gold
000007-002;48-53;Yaman;LOCATION;589.0;594.0;1.0;gold
000007-002;48-53;Makkah;LOCATION;668.0;674.0;1.0;gold
000007-002;48-53;Shafa;LOCATION;767.0;772.0;1.0;gold
000007-002;48-53;Makkah;LOCATION;815.0;821.0;1.0;gold
000007-002;48-53;Isma'il;PERSON;933.0;940.0;1.0;gold
000007-002;48-53;Makkah;LOCATION;1020.0;1026.0;1.0;gold
000007-002;48-53;Makkah;LOCATION;1135.0;1141.0;1.0;gold
000007-002;48-53;Arafah;LOCATION;1279.0;1285.0;1.0;gold
000007-002;48-53;Muzdalifah;LOCATION;1293.0;1303.0;1.0;gold
000007-002;48-53;Mina;LOCATION;1358.0;1362.0;1.0;gold
000007-002;48-53;Ghauts bin Murrah;PERSON;1398.0;1415.0;1.0;gold
000007-002;48-53;Ilyas bin Mudhar;PERSON;1426.0;1442.0;1.0;gold
000007-003;48-53;Arafah;LOCATION;30.0;36.0;1.0;gold
000007-003;48-53;Muzdalifah;LOCATION;44.0;54.0;1.0;gold
000007-003;48-53;Mina;LOCATION;109.0;113.0;1.0;gold
000007-003;48-53;Ghauts bin Murrah;PERSON;149.0;166.0;1.0;gold
000007-003;48-53;Ilyas bin Mudhar;PERSON;177.0;193.0;1.0;gold
000007-003;48-53;Mina;LOCATION;404.0;408.0;1.0;gold
000007-003;48-53;Aqabah;LOCATION;461.0;467.0;1.0;gold
000007-003;48-53;Sa'd bin Zaid;PERSON;641.0;654.0;1.0;gold
000007-003;48-53;Mina;LOCATION;715.0;719.0;1.0;gold
000007-003;48-53;Tamim bin Adi;PERSON;831.0;844.0;1.0;gold
000007-003;48-53;Makkah;LOCATION;886.0;892.0;1.0;gold
000007-003;48-53;Najd;LOCATION;993.0;997.0;1.0;gold
000007-003;48-53;Irak;LOCATION;1019.0;1023.0;1.0;gold
000007-003;48-53;Makkah;LOCATION;1060.0;1066.0;1.0;gold
000007-003;48-53;Makkah;LOCATION;1227.0;1233.0;1.0;gold
000007-003;48-53;Qushay bin Kilab;PERSON;1266.0;1282.0;1.0;gold
000007-003;48-53;Ibnu Hisyam;PERSON;1304.0;1315.0;1.0;gold
000007-004;48-53;Makkah;LOCATION;70.0;76.0;1.0;gold
000007-004;48-53;Qushay bin Kilab;PERSON;109.0;125.0;1.0;gold
000007-004;48-53;Ibnu Hisyam;PERSON;147.0;158.0;1.0;gold
000007-004;48-53;Rabi'ah bin Haram;PERSON;346.0;363.0;1.0;gold
000007-004;48-53;Syam;LOCATION;403.0;407.0;1.0;gold
000007-004;48-53;Makkah;LOCATION;457.0;463.0;1.0;gold
000007-004;48-53;Makkah;LOCATION;488.0;494.0;1.0;gold
000007-004;48-53;Hulail bin Hubsyah;PERSON;502.0;520.0;1.0;gold
000007-004;48-53;Makkah;LOCATION;791.0;797.0;1.0;gold
000007-004;48-53;Makkah;LOCATION;1087.0;1093.0;1.0;gold
000007-004;48-53;Ka'bah;LOCATION;1115.0;1121.0;1.0;gold
000007-004;48-53;Isma'il;PERSON;1207.0;1214.0;1.0;gold
000007-004;48-53;Makkah;LOCATION;1337.0;1343.0;1.0;gold
000007-005;48-53;Ka'bah;LOCATION;95.0;101.0;1.0;gold
000007-005;48-53;Ka'bah;LOCATION;203.0;209.0;1.0;gold
000007-005;48-53;Abu Ghibsyan;PERSON;216.0;228.0;1.0;gold
000007-005;48-53;Ka'bah;LOCATION;303.0;309.0;1.0;gold
000007-005;48-53;Ka'bah;LOCATION;390.0;396.0;1.0;gold
000007-005;48-53;Abu Ghibsyan;PERSON;402.0;414.0;1.0;gold
000007-005;48-53;Ka'bah;LOCATION;608.0;614.0;1.0;gold
000007-005;48-53;Makkah;LOCATION;719.0;725.0;1.0;gold
000007-005;48-53;Ka'bah;LOCATION;1135.0;1141.0;1.0;gold
000007-006;48-53;Ya'mar bin Auf;PERSON;74.0;88.0;1.0;gold
000007-006;48-53;Ka'bah;LOCATION;209.0;215.0;1.0;gold
000007-006;48-53;Makkah;LOCATION;232.0;238.0;1.0;gold
000007-006;48-53;Makkah;LOCATION;516.0;522.0;1.0;gold
000007-006;48-53;Ka'bah;LOCATION;544.0;550.0;1.0;gold
000007-006;48-53;Makkah;LOCATION;674.0;680.0;1.0;gold
000007-006;48-53;Ka'bah;LOCATION;702.0;708.0;1.0;gold
000007-006;48-53;tahun 440 M;TIME;761.0;772.0;1.0;gold
000007-006;48-53;Makkah;LOCATION;900.0;906.0;1.0;gold
000007-006;48-53;Makkah;LOCATION;1141.0;1147.0;1.0;gold
000007-006;48-53;Murrah bin Auf;PERSON;1367.0;1381.0;1.0;gold
000007-007;48-53;Murrah bin Auf;PERSON;65.0;79.0;1.0;gold
000007-007;48-53;Ka'bah;LOCATION;233.0;239.0;1.0;gold
000007-007;48-53;Ibnu Hisyam;PERSON;714.0;725.0;1.0;gold
000007-007;48-53;Ka'bah;LOCATION;790.0;796.0;1.0;gold
000007-007;48-53;Ka'bah;LOCATION;1101.0;1107.0;1.0;gold
000007-007;48-53;Ka'bah;LOCATION;1145.0;1151.0;1.0;gold
000007-007;48-53;Makkah;LOCATION;1452.0;1458.0;1.0;gold
000007-009;48-53;Hasyim bin Abdi;PERSON;511.0;526.0;1.0;gold
000007-009;48-53;Hasyim bin Abdi;PERSON;627.0;642.0;1.0;gold
000007-009;48-53;Al-Muththalib bin Hasyim bin Abdi;PERSON;704.0;737.0;1.0;gold
000007-009;48-53;Rasulullah;PERSON;751.0;761.0;1.0;gold
000007-009;48-53;Al-Abbas bin Abdul Selain;PERSON;853.0;878.0;1.0;gold
000008-001;53-54;Jazirah Arab;LOCATION;304.0;316.0;1.0;gold
000008-001;53-54;Ibnu Hisyam;PERSON;440.0;451.0;1.0;gold
000009-001;54-55;Jazirah Arab;LOCATION;191.0;203.0;1.0;gold
000009-001;54-55;Irak;LOCATION;1393.0;1397.0;1.0;gold
000009-001;54-55;Syam;LOCATION;1426.0;1430.0;1.0;gold
000009-002;54-55;Irak;LOCATION;46.0;50.0;1.0;gold
000009-002;54-55;Syam;LOCATION;79.0;83.0;1.0;gold
000009-002;54-55;Jazirah Arab;LOCATION;122.0;134.0;1.0;gold
000009-002;54-55;Hijaz;LOCATION;598.0;603.0;1.0;gold
000009-002;54-55;IRAQ;LOCATION;612.0;616.0;1.0;gold
000009-002;54-55;Hijaz;LOCATION;698.0;703.0;1.0;gold
000009-002;54-55;Arab Saudi;LOCATION;915.0;925.0;1.0;gold
000009-002;54-55;Ka'bah;LOCATION;1012.0;1018.0;1.0;gold
000009-002;54-55;Ibrahim;PERSON;1047.0;1054.0;1.0;gold
000009-002;54-55;Habasyah;LOCATION;1347.0;1355.0;1.0;gold
000010-001;56-64;Isma'il;PERSON;39.0;46.0;1.0;gold
000010-001;56-64;Ibrahim;PERSON;99.0;106.0;1.0;gold
000010-001;56-64;Ibrahim;PERSON;379.0;386.0;1.0;gold
000010-001;56-64;Amr bin Luhay;PERSON;402.0;415.0;1.0;gold
000010-001;56-64;Syam;LOCATION;730.0;734.0;1.0;gold
000010-001;56-64;Syam;LOCATION;765.0;769.0;1.0;gold
000010-001;56-64;Syam;LOCATION;873.0;877.0;1.0;gold
000010-001;56-64;Ka'bah;LOCATION;977.0;983.0;1.0;gold
000010-001;56-64;Makkah;LOCATION;1018.0;1024.0;1.0;gold
000010-001;56-64;Hijaz;LOCATION;1079.0;1084.0;1.0;gold
000010-001;56-64;Makkah;LOCATION;1120.0;1126.0;1.0;gold
000010-001;56-64;Ka'bah;LOCATION;1168.0;1174.0;1.0;gold
000010-001;56-64;Laut Merah;LOCATION;1276.0;1286.0;1.0;gold
000010-001;56-64;Qudaid;LOCATION;1296.0;1302.0;1.0;gold
000010-001;56-64;Tha'if;LOCATION;1336.0;1342.0;1.0;gold
000010-001;56-64;Wadi Nakhlah;LOCATION;1355.0;1367.0;1.0;gold
000010-002;56-64;Hijaz;LOCATION;144.0;149.0;1.0;gold
000010-002;56-64;Amr bin Luhay;PERSON;168.0;181.0;1.0;gold
000010-002;56-64;Tihamah;LOCATION;402.0;409.0;1.0;gold
000010-002;56-64;Muhammad bin Abdul Wahhab;PERSON;544.0;569.0;1.0;gold
000010-002;56-64;Masjidil Haram;LOCATION;753.0;767.0;1.0;gold
000010-002;56-64;Rasulullah;PERSON;818.0;828.0;1.0;gold
000010-002;56-64;Makkah;LOCATION;840.0;846.0;1.0;gold
000010-002;56-64;Ka'bah;LOCATION;859.0;865.0;1.0;gold
000010-002;56-64;Ibrahim;PERSON;1193.0;1200.0;1.0;gold
000010-002;56-64;Amr bin Luhay;PERSON;1300.0;1313.0;1.0;gold
000010-002;56-64;Ibrahim;PERSON;1434.0;1441.0;1.0;gold
000010-003;56-64;Ibrahim;PERSON;119.0;126.0;1.0;gold
000010-004;56-64;Ibnu Ishaq;PERSON;1228.0;1238.0;1.0;gold
000010-005;56-64;Ibnu Ishaq;PERSON;0.0;10.0;1.0;gold
000010-006;56-64;Sa'id bin Al-Musayyab;PERSON;472.0;493.0;1.0;gold
000010-006;56-64;Amr bin Luhay;PERSON;637.0;650.0;1.0;gold
000010-008;56-64;Al-Khadhri;PERSON;1047.0;1057.0;1.0;gold
000010-008;56-64;Ibnu Hisyam;PERSON;1065.0;1076.0;1.0;gold
000010-009;56-64;Ibrahim;PERSON;1168.0;1175.0;1.0;gold
000010-009;56-64;Ka'bah;LOCATION;1251.0;1257.0;1.0;gold
000010-009;56-64;Arafah;LOCATION;1306.0;1312.0;1.0;gold
000010-009;56-64;Muzdalifah;LOCATION;1317.0;1327.0;1.0;gold
000010-010;56-64;Ibrahim;PERSON;71.0;78.0;1.0;gold
000010-010;56-64;Ka'bah;LOCATION;113.0;119.0;1.0;gold
000010-010;56-64;Makkah;LOCATION;133.0;139.0;1.0;gold
000010-010;56-64;Arafah;LOCATION;335.0;341.0;1.0;gold
000010-010;56-64;Muzdalifah;LOCATION;386.0;396.0;1.0;gold
000010-010;56-64;Arafah;LOCATION;510.0;516.0;1.0;gold
000010-010;56-64;Baitul-Haram;LOCATION;716.0;728.0;1.0;gold
000010-010;56-64;An-Nawawi;PERSON;794.0;803.0;1.0;gold
000010-011;56-64;Adam;PERSON;293.0;297.0;1.0;gold
000010-011;56-64;Jazirah Arab;LOCATION;1322.0;1334.0;1.0;gold
000010-012;56-64;Jazirah Arab;LOCATION;119.0;131.0;1.0;gold
000010-012;56-64;Babilon;LOCATION;243.0;250.0;1.0;gold
000010-012;56-64;Palestina;LOCATION;264.0;273.0;1.0;gold
000010-012;56-64;Bukhtanashar;PERSON;390.0;402.0;1.0;gold
000010-012;56-64;tahun 587 SM;TIME;408.0;420.0;1.0;gold
000010-012;56-64;Babilonia;LOCATION;473.0;482.0;1.0;gold
000010-012;56-64;Palestina;LOCATION;537.0;546.0;1.0;gold
000010-012;56-64;Hijaz;LOCATION;561.0;566.0;1.0;gold
000010-012;56-64;Hijaz;LOCATION;585.0;590.0;1.0;gold
000010-012;56-64;Palestina;LOCATION;653.0;662.0;1.0;gold
000010-012;56-64;tahun 70 Masehi;TIME;668.0;683.0;1.0;gold
000010-012;56-64;Hijaz;LOCATION;826.0;831.0;1.0;gold
000010-012;56-64;Yatsrib;LOCATION;849.0;856.0;1.0;gold
000010-012;56-64;Khaibar;LOCATION;858.0;865.0;1.0;gold
000010-012;56-64;As-Samhudi;PERSON;1263.0;1273.0;1.0;gold
000010-012;56-64;Yaman;LOCATION;1399.0;1404.0;1.0;gold
000010-012;56-64;As'ad Abu Karib;PERSON;1419.0;1434.0;1.0;gold
000010-013;56-64;As-Samhudi;PERSON;0.0;10.0;1.0;gold
000010-013;56-64;Yaman;LOCATION;136.0;141.0;1.0;gold
000010-013;56-64;As'ad Abu Karib;PERSON;156.0;171.0;1.0;gold
000010-013;56-64;Yatsrib;LOCATION;209.0;216.0;1.0;gold
000010-013;56-64;Yaman;LOCATION;267.0;272.0;1.0;gold
000010-013;56-64;Yusuf;PERSON;419.0;424.0;1.0;gold
000010-013;56-64;Dzu Nuwas;PERSON;425.0;434.0;1.0;gold
000010-013;56-64;Najran;LOCATION;483.0;489.0;1.0;gold
000010-013;56-64;bulan Oktober tahun 523 Masehi;TIME;821.0;851.0;1.0;gold
000010-013;56-64;Habasyah;LOCATION;996.0;1004.0;1.0;gold
000010-013;56-64;Habasyah;LOCATION;1040.0;1048.0;1.0;gold
000010-013;56-64;Yaman;LOCATION;1105.0;1110.0;1.0;gold
000010-013;56-64;tahun 340 Masehi;TIME;1116.0;1132.0;1.0;gold
000010-013;56-64;Yaman;LOCATION;1200.0;1205.0;1.0;gold
000010-013;56-64;Najran;LOCATION;1320.0;1326.0;1.0;gold
000010-013;56-64;Najran;LOCATION;1350.0;1356.0;1.0;gold
000010-014;56-64;Habasyah;LOCATION;158.0;166.0;1.0;gold
000010-014;56-64;Yaman;LOCATION;177.0;182.0;1.0;gold
000010-014;56-64;Dzu Nuwas;PERSON;226.0;235.0;1.0;gold
000010-014;56-64;Abrahah;PERSON;240.0;247.0;1.0;gold
000010-014;56-64;Abrahah;PERSON;379.0;386.0;1.0;gold
000010-014;56-64;Yaman;LOCATION;414.0;419.0;1.0;gold
000010-014;56-64;Ka'bah;LOCATION;436.0;442.0;1.0;gold
000010-014;56-64;Yaman;LOCATION;443.0;448.0;1.0;gold
000010-014;56-64;Baitullah;LOCATION;537.0;546.0;1.0;gold
000010-014;56-64;Makkah;LOCATION;550.0;556.0;1.0;gold
000010-014;56-64;Irak;LOCATION;971.0;975.0;1.0;gold
000010-014;56-64;Yaman;LOCATION;1055.0;1060.0;1.0;gold
000010-014;56-64;Yaman;LOCATION;1111.0;1116.0;1.0;gold
000010-014;56-64;Irak;LOCATION;1192.0;1196.0;1.0;gold
000010-014;56-64;Ibrahim;PERSON;1248.0;1255.0;1.0;gold
000010-014;56-64;Syam;LOCATION;1283.0;1287.0;1.0;gold
000010-014;56-64;Yaman;LOCATION;1324.0;1329.0;1.0;gold
000010-015;56-64;Irak;LOCATION;273.0;277.0;1.0;gold
000011-001;64-65;Ibrahim;PERSON;190.0;197.0;1.0;gold
000011-001;64-65;Ibrahim;PERSON;269.0;276.0;1.0;gold
000011-002;64-65;Ibrahim;PERSON;936.0;943.0;1.0;gold
000012-001;66;Jazirah Arab;LOCATION;46.0;58.0;1.0;gold
000013-001;66-69;Abu Dawud;PERSON;1188.0;1197.0;1.0;gold
000013-001;66-69;Aisyah;PERSON;1216.0;1222.0;1.0;gold
000013-003;66-69;Muhammad;PERSON;326.0;334.0;1.0;gold
000013-003;66-69;Abu Dawud;PERSON;1174.0;1183.0;1.0;gold
000013-004;66-69;Abu Dawud;PERSON;74.0;83.0;1.0;gold
000013-004;66-69;Abu Dawud;PERSON;754.0;763.0;1.0;gold
000013-004;66-69;Amr bin Syu'aib;PERSON;782.0;797.0;1.0;gold
000013-004;66-69;Rasulullah;PERSON;894.0;904.0;1.0;gold
000013-004;66-69;Sa'd bin Abu Waqqash;PERSON;1138.0;1158.0;1.0;gold
000013-004;66-69;Abd bin Zum'ah;PERSON;1163.0;1177.0;1.0;gold
000013-004;66-69;Abdurrahman bin Zum'ah;PERSON;1232.0;1254.0;1.0;gold
000014-001;69-70;Jazirah Arab;LOCATION;355.0;367.0;1.0;gold
000014-001;69-70;Ukazh;LOCATION;470.0;475.0;1.0;gold
000014-001;69-70;Dzil-Majaz;LOCATION;477.0;487.0;1.0;gold
000014-001;69-70;Majinnah;LOCATION;489.0;497.0;1.0;gold
000014-001;69-70;Yaman;LOCATION;721.0;726.0;1.0;gold
000014-001;69-70;Syam;LOCATION;749.0;753.0;1.0;gold
000015-002;70-72;Antarah bin Syaddad;PERSON;599.0;618.0;1.0;gold
000015-003;70-72;Hani' bin Mas'ud;PERSON;354.0;370.0;1.0;gold
000015-003;70-72;As-Samau'al bin Adiya;PERSON;385.0;406.0;1.0;gold
000015-003;70-72;Hajib bin Zararah;PERSON;411.0;428.0;1.0;gold
000015-004;70-72;Jazirah Arab;LOCATION;262.0;274.0;1.0;gold
000015-004;70-72;Ka'bah;LOCATION;1181.0;1187.0;1.0;gold
000016-001;73-74;Ibrahim;PERSON;281.0;288.0;1.0;gold
000016-001;73-74;Ibrahim;PERSON;386.0;393.0;1.0;gold
000016-001;73-74;Adam;PERSON;409.0;413.0;1.0;gold
000016-001;73-74;Muhammad;PERSON;542.0;550.0;1.0;gold
000016-001;73-74;Abdullah;PERSON;556.0;564.0;1.0;gold
000016-001;73-74;Abdul Muththalib;PERSON;569.0;585.0;1.0;gold
000016-001;73-74;Syaibah;PERSON;600.0;607.0;1.0;gold
000016-001;73-74;Hasyim;PERSON;614.0;620.0;1.0;gold
000016-001;73-74;Amru;PERSON;635.0;639.0;1.0;gold
000016-001;73-74;Abdu Manaf;PERSON;646.0;656.0;1.0;gold
000016-001;73-74;Al-Mughirah;PERSON;671.0;682.0;1.0;gold
000016-001;73-74;Qushay;PERSON;689.0;695.0;1.0;gold
000016-001;73-74;Zaid;PERSON;710.0;714.0;1.0;gold
000016-001;73-74;Kilab;PERSON;721.0;726.0;1.0;gold
000016-001;73-74;Murrah;PERSON;732.0;738.0;1.0;gold
000016-001;73-74;Ka'b;PERSON;744.0;748.0;1.0;gold
000016-001;73-74;Lu'ay;PERSON;754.0;759.0;1.0;gold
000016-001;73-74;Ghalib;PERSON;765.0;771.0;1.0;gold
000016-001;73-74;Fihr;PERSON;777.0;781.0;1.0;gold
000016-001;73-74;Quraisy;PERSON;797.0;804.0;1.0;gold
000016-001;73-74;Malik;PERSON;848.0;853.0;1.0;gold
000016-001;73-74;An-Nadhr;PERSON;859.0;867.0;1.0;gold
000016-001;73-74;Qais;PERSON;882.0;886.0;1.0;gold
000016-001;73-74;Kinanah;PERSON;893.0;900.0;1.0;gold
000016-001;73-74;Khuzaimah;PERSON;906.0;915.0;1.0;gold
000016-001;73-74;Mudrikah;PERSON;921.0;929.0;1.0;gold
000016-001;73-74;Amir;PERSON;944.0;948.0;1.0;gold
000016-001;73-74;Ilyas;PERSON;954.0;959.0;1.0;gold
000016-001;73-74;Mudhar;PERSON;965.0;971.0;1.0;gold
000016-001;73-74;Nizar;PERSON;977.0;982.0;1.0;gold
000016-001;73-74;Ma'ad;PERSON;988.0;993.0;1.0;gold
000016-001;73-74;Bagian;PERSON;998.0;1004.0;1.0;gold
000016-001;73-74;Udad;PERSON;1044.0;1048.0;1.0;gold
000016-001;73-74;Hamaisa';PERSON;1054.0;1062.0;1.0;gold
000016-001;73-74;Salaman;PERSON;1068.0;1075.0;1.0;gold
000016-001;73-74;Aush;PERSON;1081.0;1085.0;1.0;gold
000016-001;73-74;Bauz;PERSON;1091.0;1095.0;1.0;gold
000016-001;73-74;Qimwal;PERSON;1101.0;1107.0;1.0;gold
000016-001;73-74;Ubay;PERSON;1113.0;1117.0;1.0;gold
000016-001;73-74;Awwam;PERSON;1123.0;1128.0;1.0;gold
000016-001;73-74;Nasyid;PERSON;1134.0;1140.0;1.0;gold
000016-001;73-74;Haza;PERSON;1146.0;1150.0;1.0;gold
000016-001;73-74;Baldas;PERSON;1156.0;1162.0;1.0;gold
000016-001;73-74;Yadlaf;PERSON;1168.0;1174.0;1.0;gold
000016-001;73-74;Thabikh;PERSON;1180.0;1187.0;1.0;gold
000016-001;73-74;Jahim;PERSON;1193.0;1198.0;1.0;gold
000016-001;73-74;Nahisy;PERSON;1204.0;1210.0;1.0;gold
000016-001;73-74;Makhi;PERSON;1216.0;1221.0;1.0;gold
000016-001;73-74;Aidh;PERSON;1227.0;1231.0;1.0;gold
000016-001;73-74;Abqar;PERSON;1237.0;1242.0;1.0;gold
000016-001;73-74;Ubaid;PERSON;1248.0;1253.0;1.0;gold
000016-001;73-74;Ad-Da'a;PERSON;1259.0;1266.0;1.0;gold
000016-001;73-74;Hamdan;PERSON;1272.0;1278.0;1.0;gold
000016-001;73-74;Sinbar;PERSON;1284.0;1290.0;1.0;gold
000016-001;73-74;Yatsribi;PERSON;1296.0;1304.0;1.0;gold
000016-001;73-74;Yahzan;PERSON;1310.0;1316.0;1.0;gold
000016-001;73-74;Yalhan;PERSON;1322.0;1328.0;1.0;gold
000016-001;73-74;Ar'awy;PERSON;1334.0;1340.0;1.0;gold
000016-001;73-74;Aid;PERSON;1346.0;1349.0;1.0;gold
000016-001;73-74;Daisyan;PERSON;1355.0;1362.0;1.0;gold
000016-001;73-74;Aishar;PERSON;1368.0;1374.0;1.0;gold
000016-001;73-74;Afnad;PERSON;1380.0;1385.0;1.0;gold
000016-001;73-74;Aiham;PERSON;1391.0;1396.0;1.0;gold
000016-001;73-74;Muqshir;PERSON;1402.0;1409.0;1.0;gold
000016-001;73-74;Nahits;PERSON;1415.0;1421.0;1.0;gold
000016-001;73-74;Zarih;PERSON;1427.0;1432.0;1.0;gold
000016-001;73-74;Sumay;PERSON;1438.0;1443.0;1.0;gold
000016-002;73-74;Yatsribi;PERSON;4.0;12.0;1.0;gold
000016-002;73-74;Yahzan;PERSON;18.0;24.0;1.0;gold
000016-002;73-74;Yalhan;PERSON;30.0;36.0;1.0;gold
000016-002;73-74;Ar'awy;PERSON;42.0;48.0;1.0;gold
000016-002;73-74;Aid;PERSON;54.0;57.0;1.0;gold
000016-002;73-74;Daisyan;PERSON;63.0;70.0;1.0;gold
000016-002;73-74;Aishar;PERSON;76.0;82.0;1.0;gold
000016-002;73-74;Afnad;PERSON;88.0;93.0;1.0;gold
000016-002;73-74;Aiham;PERSON;99.0;104.0;1.0;gold
000016-002;73-74;Muqshir;PERSON;110.0;117.0;1.0;gold
000016-002;73-74;Nahits;PERSON;123.0;129.0;1.0;gold
000016-002;73-74;Zarih;PERSON;135.0;140.0;1.0;gold
000016-002;73-74;Sumay;PERSON;146.0;151.0;1.0;gold
000016-002;73-74;Isma'il;PERSON;203.0;210.0;1.0;gold
000016-002;73-74;Ibnu Hisyam;PERSON;240.0;251.0;1.0;gold
000016-002;73-74;Muhammad;PERSON;281.0;289.0;1.0;gold
000016-002;73-74;Ibnu Sa'd;PERSON;386.0;395.0;1.0;gold
000016-002;73-74;Ibrahim;PERSON;548.0;555.0;1.0;gold
000016-002;73-74;Tarih;PERSON;582.0;587.0;1.0;gold
000016-002;73-74;Azar;PERSON;602.0;606.0;1.0;gold
000016-002;73-74;Nahur;PERSON;612.0;617.0;1.0;gold
000016-002;73-74;Saru';PERSON;623.0;628.0;1.0;gold
000016-002;73-74;Sarugh;PERSON;634.0;640.0;1.0;gold
000016-002;73-74;Ra'u;PERSON;646.0;650.0;1.0;gold
000016-002;73-74;Falakh;PERSON;656.0;662.0;1.0;gold
000016-002;73-74;Aibar;PERSON;668.0;673.0;1.0;gold
000016-002;73-74;Syalakh;PERSON;679.0;686.0;1.0;gold
000016-002;73-74;Arfakhsyad;PERSON;692.0;702.0;1.0;gold
000016-002;73-74;Sam;PERSON;708.0;711.0;1.0;gold
000016-002;73-74;Nuh;PERSON;717.0;720.0;1.0;gold
000016-002;73-74;Lamk;PERSON;727.0;731.0;1.0;gold
000016-002;73-74;Matausyalakh;PERSON;737.0;749.0;1.0;gold
000016-002;73-74;Akhnukh;PERSON;754.0;761.0;1.0;gold
000016-002;73-74;Idris;PERSON;767.0;772.0;1.0;gold
000016-002;73-74;Yard;PERSON;779.0;783.0;1.0;gold
000016-002;73-74;Mahla'il;PERSON;789.0;797.0;1.0;gold
000016-002;73-74;Qainan;PERSON;803.0;809.0;1.0;gold
000016-002;73-74;Yanisya;PERSON;815.0;822.0;1.0;gold
000016-002;73-74;Syaits;PERSON;828.0;834.0;1.0;gold
000016-002;73-74;Adam;PERSON;840.0;844.0;1.0;gold
000017-001;74-80;Hasyim bin Abdu Manaf;PERSON;92.0;113.0;1.0;gold
000017-001;74-80;Makkah;LOCATION;648.0;654.0;1.0;gold
000017-001;74-80;Makkah;LOCATION;986.0;992.0;1.0;gold
000017-001;74-80;Syam;LOCATION;1176.0;1180.0;1.0;gold
000017-001;74-80;Madinah;LOCATION;1208.0;1215.0;1.0;gold
000017-001;74-80;Salma binti Amru;PERSON;1230.0;1246.0;1.0;gold
000017-001;74-80;Adi bin An-Najjar;PERSON;1258.0;1275.0;1.0;gold
000017-001;74-80;Syam;LOCATION;1353.0;1357.0;1.0;gold
000017-001;74-80;Abdul Muththalib;PERSON;1446.0;1462.0;1.0;gold
000017-002;74-80;Syam;LOCATION;35.0;39.0;1.0;gold
000017-002;74-80;Abdul Muththalib;PERSON;128.0;144.0;1.0;gold
000017-002;74-80;Palestina;LOCATION;204.0;213.0;1.0;gold
000017-002;74-80;Abdul Muththalib;PERSON;242.0;258.0;1.0;gold
000017-002;74-80;tahun 497 M;TIME;264.0;275.0;1.0;gold
000017-002;74-80;Yastrib;LOCATION;404.0;411.0;1.0;gold
000017-002;74-80;Makkah;LOCATION;463.0;469.0;1.0;gold
000017-002;74-80;Abdul Muththalib;PERSON;495.0;511.0;1.0;gold
000017-002;74-80;Abu Shaifi;PERSON;549.0;559.0;1.0;gold
000017-002;74-80;Abdul Muththalib;PERSON;573.0;589.0;1.0;gold
000017-002;74-80;Al-Muththalib bin Abdi;PERSON;803.0;825.0;1.0;gold
000017-002;74-80;Abdul Muththalib;PERSON;1069.0;1085.0;1.0;gold
000017-002;74-80;Abdul Muththalib;PERSON;1311.0;1327.0;1.0;gold
000017-002;74-80;Abdul Muththalib;PERSON;1418.0;1434.0;1.0;gold
000017-003;74-80;Abdul Muththalib;PERSON;173.0;189.0;1.0;gold
000017-003;74-80;Makkah;LOCATION;200.0;206.0;1.0;gold
000017-003;74-80;Makkah;LOCATION;259.0;265.0;1.0;gold
000017-003;74-80;Abdul Muththalib;PERSON;299.0;315.0;1.0;gold
000017-003;74-80;Abdul Muththalib;PERSON;401.0;417.0;1.0;gold
000017-003;74-80;Yaman;LOCATION;513.0;518.0;1.0;gold
000017-003;74-80;Abdul Muththalib;PERSON;525.0;541.0;1.0;gold
000017-003;74-80;Abdul Muththalib;PERSON;890.0;906.0;1.0;gold
000017-003;74-80;Ibnu Hisyam;PERSON;1098.0;1109.0;1.0;gold
000017-003;74-80;Ath-Thabari;PERSON;1170.0;1181.0;1.0;gold
000017-004;74-80;Abu Sa'd bin Adi;PERSON;200.0;216.0;1.0;gold
000017-004;74-80;Makkah;LOCATION;282.0;288.0;1.0;gold
000017-004;74-80;Abdul Muththalib;PERSON;289.0;305.0;1.0;gold
000017-004;74-80;Abu Sa'd;PERSON;460.0;468.0;1.0;gold
000017-004;74-80;Abu Sa'd;PERSON;554.0;562.0;1.0;gold
000017-004;74-80;Ka'bah;LOCATION;616.0;622.0;1.0;gold
000017-004;74-80;Abu Sa'd;PERSON;857.0;865.0;1.0;gold
000017-004;74-80;Abdul Muththalib;PERSON;887.0;903.0;1.0;gold
000017-004;74-80;Madinah;LOCATION;992.0;999.0;1.0;gold
000017-004;74-80;Syams bin Abdi;PERSON;1085.0;1099.0;1.0;gold
000017-004;74-80;Abdul Muththalib;PERSON;1196.0;1212.0;1.0;gold
000017-005;74-80;Makkah;LOCATION;440.0;446.0;1.0;gold
000017-005;74-80;Abdul Muththalib;PERSON;554.0;570.0;1.0;gold
000017-005;74-80;Zamzam;LOCATION;595.0;601.0;1.0;gold
000017-005;74-80;Zamzam;LOCATION;733.0;739.0;1.0;gold
000017-005;74-80;Ka'bah;LOCATION;1118.0;1124.0;1.0;gold
000017-005;74-80;Abdul Muththalib;PERSON;1176.0;1192.0;1.0;gold
000017-005;74-80;Muhammad bin Abdul Wahhab;PERSON;1214.0;1239.0;1.0;gold
000017-005;74-80;Zamzam;LOCATION;1293.0;1299.0;1.0;gold
000017-005;74-80;Zamzam;LOCATION;1353.0;1359.0;1.0;gold
000017-005;74-80;Abdul Muththalib;PERSON;1387.0;1403.0;1.0;gold
000017-006;74-80;Abdul Muththalib;PERSON;177.0;193.0;1.0;gold
000017-006;74-80;Abrahah;PERSON;596.0;603.0;1.0;gold
000017-006;74-80;Yaman;LOCATION;652.0;657.0;1.0;gold
000017-006;74-80;Ka'bah;LOCATION;781.0;787.0;1.0;gold
000017-006;74-80;Abrahah;PERSON;939.0;946.0;1.0;gold
000017-006;74-80;Abrahah;PERSON;1092.0;1099.0;1.0;gold
000017-006;74-80;Ka'bah;LOCATION;1231.0;1237.0;1.0;gold
000017-006;74-80;Makkah;LOCATION;1440.0;1446.0;1.0;gold
000017-007;74-80;Makkah;LOCATION;178.0;184.0;1.0;gold
000017-007;74-80;Muzdalifah;LOCATION;228.0;238.0;1.0;gold
000017-007;74-80;Mina;LOCATION;243.0;247.0;1.0;gold
000017-007;74-80;Ka'bah;LOCATION;311.0;317.0;1.0;gold
000017-007;74-80;Ka'bah;LOCATION;422.0;428.0;1.0;gold
000017-007;74-80;Ka'bah;LOCATION;498.0;504.0;1.0;gold
000017-007;74-80;Abrahah;PERSON;1288.0;1295.0;1.0;gold
000017-008;74-80;Abrahah;PERSON;294.0;301.0;1.0;gold
000017-008;74-80;Abrahah;PERSON;319.0;326.0;1.0;gold
000017-008;74-80;bulan Muharram;TIME;445.0;459.0;1.0;gold
000017-008;74-80;bulan Maret 571 M;TIME;573.0;590.0;1.0;gold
000017-008;74-80;Baitul Maqdis;LOCATION;708.0;721.0;1.0;gold
000017-008;74-80;Bukhtanashar;LOCATION;858.0;870.0;1.0;gold
000017-008;74-80;tahun 587 SM;TIME;876.0;888.0;1.0;gold
000017-008;74-80;tahun 70 M;TIME;917.0;927.0;1.0;gold
000017-008;74-80;Ka'bah;LOCATION;936.0;942.0;1.0;gold
000017-008;74-80;Habasyah;LOCATION;1173.0;1181.0;1.0;gold
000017-008;74-80;Yaman;LOCATION;1438.0;1443.0;1.0;gold
000017-009;74-80;Yaman;LOCATION;51.0;56.0;1.0;gold
000017-009;74-80;Abdul Muththalib;PERSON;625.0;641.0;1.0;gold
000017-009;74-80;Az-Zubair;PERSON;688.0;697.0;1.0;gold
000017-009;74-80;Abu Thalib;PERSON;699.0;709.0;1.0;gold
000017-009;74-80;Hamzah;PERSON;721.0;727.0;1.0;gold
000017-009;74-80;Abu Lahb;PERSON;729.0;737.0;1.0;gold
000017-009;74-80;Al-Abbas;PERSON;773.0;781.0;1.0;gold
000017-009;74-80;Ibnu Hisyam;PERSON;866.0;877.0;1.0;gold
000017-009;74-80;Abdul Ka'bah;PERSON;1020.0;1032.0;1.0;gold
000017-009;74-80;Abdul Ka'bah;PERSON;1066.0;1078.0;1.0;gold
000017-009;74-80;Shafiyyah;PERSON;1286.0;1295.0;1.0;gold
000017-009;74-80;Abdullah;PERSON;1310.0;1318.0;1.0;gold
000017-009;74-80;Rasulullah;PERSON;1336.0;1346.0;1.0;gold
000017-009;74-80;Fathimah;PERSON;1363.0;1371.0;1.0;gold
000017-009;74-80;Amr;PERSON;1378.0;1381.0;1.0;gold
000017-009;74-80;A'idz;PERSON;1386.0;1391.0;1.0;gold
000017-009;74-80;Imran;PERSON;1396.0;1401.0;1.0;gold
000017-009;74-80;Makhzum;PERSON;1406.0;1413.0;1.0;gold
000017-009;74-80;Yaqzhah;PERSON;1418.0;1425.0;1.0;gold
000017-009;74-80;Murrah;PERSON;1430.0;1436.0;1.0;gold
000017-010;74-80;Fathimah;PERSON;14.0;22.0;1.0;gold
000017-010;74-80;Amr;PERSON;29.0;32.0;1.0;gold
000017-010;74-80;A'idz;PERSON;37.0;42.0;1.0;gold
000017-010;74-80;Imran;PERSON;47.0;52.0;1.0;gold
000017-010;74-80;Makhzum;PERSON;57.0;64.0;1.0;gold
000017-010;74-80;Yaqzhah;PERSON;69.0;76.0;1.0;gold
000017-010;74-80;Murrah;PERSON;81.0;87.0;1.0;gold
000017-010;74-80;Abdul Muththalib;PERSON;110.0;126.0;1.0;gold
000017-010;74-80;Abdul Muththalib;PERSON;260.0;276.0;1.0;gold
000017-010;74-80;Abdul Muththalib;PERSON;653.0;669.0;1.0;gold
000017-010;74-80;Ka'bah;LOCATION;727.0;733.0;1.0;gold
000017-010;74-80;Abu Thalib;PERSON;877.0;887.0;1.0;gold
000017-010;74-80;Abdul Muththalib;PERSON;959.0;975.0;1.0;gold
000017-011;74-80;Isma'il;PERSON;840.0;847.0;1.0;gold
000017-011;74-80;Abdul Muththalib;PERSON;852.0;868.0;1.0;gold
000017-011;74-80;Aminah binti Wahb bin Abdi;PERSON;905.0;931.0;1.0;gold
000017-011;74-80;Manaf bin Zuhrah bin Kilab;PERSON;932.0;958.0;1.0;gold
000017-011;74-80;Makkah;LOCATION;1141.0;1147.0;1.0;gold
000017-011;74-80;Abdul Muththalib;PERSON;1167.0;1183.0;1.0;gold
000017-011;74-80;Madinah;LOCATION;1205.0;1212.0;1.0;gold
000017-011;74-80;Syam;LOCATION;1304.0;1308.0;1.0;gold
000017-011;74-80;Madinah;LOCATION;1385.0;1392.0;1.0;gold
000017-012;74-80;Rasulullah;PERSON;138.0;148.0;1.0;gold
000017-012;74-80;Rasulullah;PERSON;272.0;282.0;1.0;gold
000017-012;74-80;Makkah;LOCATION;324.0;330.0;1.0;gold
000017-012;74-80;Ummu Aiman;PERSON;919.0;929.0;1.0;gold
000017-012;74-80;Rasulullah;PERSON;952.0;962.0;1.0;gold
000017-012;74-80;Ibnu Hisyam;PERSON;989.0;1000.0;1.0;gold
000018-001;81-82;Rasulullah;PERSON;0.0;10.0;1.0;gold
000018-001;81-82;Makkah;LOCATION;56.0;62.0;1.0;gold
000018-001;81-82;tanggal 9 Rabi'ul Awwal;TIME;80.0;103.0;1.0;gold
000018-001;81-82;Kisra;PERSON;183.0;188.0;1.0;gold
000018-001;81-82;tanggal 20 atau 22 bulan April tahun 571 M;TIME;224.0;266.0;1.0;gold
000018-001;81-82;Muhammad;PERSON;307.0;315.0;1.0;gold
000018-001;81-82;Ibnu Sa'd;PERSON;370.0;379.0;1.0;gold
000018-001;81-82;Rasulullah;PERSON;404.0;414.0;1.0;gold
000018-001;81-82;Syam;LOCATION;527.0;531.0;1.0;gold
000018-001;81-82;Al-Arbadh bin Sariyah;PERSON;563.0;584.0;1.0;gold
000018-001;81-82;Kisra;PERSON;760.0;765.0;1.0;gold
000018-001;81-82;Al-Baihaqi;PERSON;950.0;960.0;1.0;gold
000018-001;81-82;Muhammad;PERSON;985.0;993.0;1.0;gold
000018-001;81-82;Abdul Muththalib;PERSON;1061.0;1077.0;1.0;gold
000018-001;81-82;Abdul Muththalib;PERSON;1144.0;1160.0;1.0;gold
000018-001;81-82;Ka'bah;LOCATION;1224.0;1230.0;1.0;gold
000018-001;81-82;Muhammad;PERSON;1302.0;1310.0;1.0;gold
000018-002;81-82;Muhammad;PERSON;17.0;25.0;1.0;gold
000018-002;81-82;Al-Khadhri;PERSON;104.0;114.0;1.0;gold
000018-002;81-82;Muhammad;PERSON;306.0;314.0;1.0;gold
000018-002;81-82;Abu Lahab;PERSON;524.0;533.0;1.0;gold
000018-002;81-82;Hamzah bin Abdul Muththalib;PERSON;637.0;664.0;1.0;gold
000018-002;81-82;Abu Salamah bin Abdul Asad;PERSON;691.0;717.0;1.0;gold
000019-001;82-85;Abdul Muththalib;PERSON;365.0;381.0;1.0;gold
000019-001;82-85;Sa'd bin Bakr;PERSON;407.0;420.0;1.0;gold
000019-001;82-85;Halimah bin Abu Dzu'aib;PERSON;449.0;472.0;1.0;gold
000019-001;82-85;Al-Harits bin Abdul Uzza;PERSON;502.0;526.0;1.0;gold
000019-001;82-85;Abu Kabsyah;PERSON;542.0;553.0;1.0;gold
000019-001;82-85;Abdullah bin Al-Harits;PERSON;633.0;655.0;1.0;gold
000019-001;82-85;Anisa binti Al-Harits;PERSON;657.0;678.0;1.0;gold
000019-001;82-85;Judzamah binti Al-Harits;PERSON;694.0;718.0;1.0;gold
000019-001;82-85;Abu Sufyan bin Al-Harits bin Abdul Muththalib;PERSON;840.0;885.0;1.0;gold
000019-001;82-85;Hamzah bin Abdul Muththalib;PERSON;920.0;947.0;1.0;gold
000019-001;82-85;Sa'd bin Bakr;PERSON;969.0;982.0;1.0;gold
000019-001;82-85;Rasulullah;PERSON;1006.0;1016.0;1.0;gold
000019-001;82-85;Hamzah;PERSON;1042.0;1048.0;1.0;gold
000019-001;82-85;Hamzah;PERSON;1091.0;1097.0;1.0;gold
000019-001;82-85;Rasulullah;PERSON;1113.0;1123.0;1.0;gold
000019-001;82-85;Halimah;PERSON;1165.0;1172.0;1.0;gold
000019-001;82-85;Halimah;PERSON;1185.0;1192.0;1.0;gold
000019-002;82-85;Hamzah;PERSON;5.0;11.0;1.0;gold
000019-002;82-85;Rasulullah;PERSON;27.0;37.0;1.0;gold
000019-002;82-85;Halimah;PERSON;79.0;86.0;1.0;gold
000019-002;82-85;Halimah;PERSON;99.0;106.0;1.0;gold
000019-002;82-85;Ibnu Ishaq;PERSON;235.0;245.0;1.0;gold
000019-002;82-85;Halimah;PERSON;253.0;260.0;1.0;gold
000019-002;82-85;Ibnu Hisyam;PERSON;635.0;646.0;1.0;gold
000019-002;82-85;Al-Khadhri;PERSON;695.0;705.0;1.0;gold
000019-002;82-85;Ibnul Qayyim;PERSON;828.0;840.0;1.0;gold
000019-002;82-85;Makkah;LOCATION;1424.0;1430.0;1.0;gold
000019-003;82-85;Makkah;LOCATION;34.0;40.0;1.0;gold
000019-003;82-85;Rasulullah;PERSON;142.0;152.0;1.0;gold
000019-003;82-85;Halimah;PERSON;944.0;951.0;1.0;gold
000019-004;82-85;Halimah;PERSON;481.0;488.0;1.0;gold
000019-004;82-85;Halimah;PERSON;634.0;641.0;1.0;gold
000019-004;82-85;Abu Dzu'aib;PERSON;1018.0;1029.0;1.0;gold
000019-006;82-85;Makkah;LOCATION;177.0;183.0;1.0;gold
000019-006;82-85;Rasulullah;PERSON;278.0;288.0;1.0;gold
000019-006;82-85;Rasulullah;PERSON;428.0;438.0;1.0;gold
000019-006;82-85;Jibril;PERSON;449.0;455.0;1.0;gold
000019-006;82-85;Ibnu Hisyam;PERSON;558.0;569.0;1.0;gold
000019-006;82-85;Ibnu Ishaq;PERSON;654.0;664.0;1.0;gold
000019-006;82-85;Ibnu Hisyam;PERSON;735.0;746.0;1.0;gold
000019-006;82-85;Jibril;PERSON;759.0;765.0;1.0;gold
000019-006;82-85;Jibril;PERSON;972.0;978.0;1.0;gold
000019-006;82-85;Zamzam;LOCATION;1040.0;1046.0;1.0;gold
000019-006;82-85;Muhammad;PERSON;1165.0;1173.0;1.0;gold
000020-001;85;Halimah;PERSON;44.0;51.0;1.0;gold
000020-001;85;Yastrib;LOCATION;313.0;320.0;1.0;gold
000020-001;85;Makkah;LOCATION;342.0;348.0;1.0;gold
000020-001;85;Muhammad;PERSON;433.0;441.0;1.0;gold
000020-001;85;Ummu Aiman;PERSON;473.0;483.0;1.0;gold
000020-001;85;Abdul Muththalib;PERSON;485.0;501.0;1.0;gold
000020-001;85;Madinah;LOCATION;555.0;562.0;1.0;gold
000020-001;85;Makkah;LOCATION;615.0;621.0;1.0;gold
000020-001;85;Makkah;LOCATION;726.0;732.0;1.0;gold
000021-001;85-86;Abdul Muththalib;PERSON;44.0;60.0;1.0;gold
000021-001;85-86;Makkah;LOCATION;64.0;70.0;1.0;gold
000021-001;85-86;Ibnu Hasyim;PERSON;461.0;472.0;1.0;gold
000021-001;85-86;Ka'bah;LOCATION;525.0;531.0;1.0;gold
000021-001;85-86;Abdul Muththalib;PERSON;538.0;554.0;1.0;gold
000021-001;85-86;Abdul Muththalib;PERSON;618.0;634.0;1.0;gold
000021-001;85-86;Rasulullah;PERSON;777.0;787.0;1.0;gold
000021-001;85-86;Abdul Muththalib;PERSON;940.0;956.0;1.0;gold
000021-001;85-86;Ibnu Hisyam;PERSON;1006.0;1017.0;1.0;gold
000022-001;86;Abu Thalib;PERSON;0.0;10.0;1.0;gold
000022-001;86;Abu Thalib;PERSON;109.0;119.0;1.0;gold
000022-001;86;Abu Thalib;PERSON;313.0;323.0;1.0;gold
000023-001;86;Ibnu Asakir;PERSON;0.0;11.0;1.0;gold
000023-001;86;Julhumah bin Arfathah;PERSON;28.0;49.0;1.0;gold
000023-001;86;Makkah;LOCATION;84.0;90.0;1.0;gold
000023-001;86;Abu Thalib;PERSON;170.0;180.0;1.0;gold
000023-001;86;Abu Thalib;PERSON;271.0;281.0;1.0;gold
000023-001;86;Abu Thalib;PERSON;443.0;453.0;1.0;gold
000023-001;86;Ka'bah;LOCATION;559.0;565.0;1.0;gold
000023-001;86;Abu Thalib;PERSON;796.0;806.0;1.0;gold
000023-001;86;Ibnu Hisyam;PERSON;1009.0;1020.0;1.0;gold
000024-001;87;Rasulullah;PERSON;12.0;22.0;1.0;gold
000024-001;87;Abu Thalib;PERSON;104.0;114.0;1.0;gold
000024-001;87;Syam;LOCATION;161.0;165.0;1.0;gold
000024-001;87;Syam;LOCATION;223.0;227.0;1.0;gold
000024-001;87;Rasulullah;PERSON;697.0;707.0;1.0;gold
000024-001;87;Abu Thalib;PERSON;886.0;896.0;1.0;gold
000024-001;87;Aqabah;LOCATION;997.0;1003.0;1.0;gold
000024-001;87;Abu Thalib;PERSON;1336.0;1346.0;1.0;gold
000024-001;87;Syam;LOCATION;1410.0;1414.0;1.0;gold
000025-001;87-88;Perang Fijar;EVENT;36.0;48.0;1.0;gold
000025-001;87-88;Harb bin Umayyah;PERSON;174.0;190.0;1.0;gold
000025-001;87-88;Perang Fijar;EVENT;370.0;382.0;1.0;gold
000025-001;87-88;Rasulullah;PERSON;463.0;473.0;1.0;gold
000025-001;87-88;Ibnu Hisyam;PERSON;570.0;581.0;1.0;gold
000025-001;87-88;Abu Thalib;PERSON;655.0;665.0;1.0;gold
000025-001;87-88;Bilal;PERSON;680.0;685.0;1.0;gold
000025-001;87-88;Bilal;PERSON;783.0;788.0;1.0;gold
000025-001;87-88;Abu Thalib;PERSON;860.0;870.0;1.0;gold
000025-001;87-88;Abu Bakar;PERSON;880.0;889.0;1.0;gold
000026-001;88;Asad bin Abdul Uzza;PERSON;175.0;194.0;1.0;gold
000026-001;88;Zuhrah bin Kilab;PERSON;196.0;212.0;1.0;gold
000026-001;88;Taimi bin Murrah;PERSON;217.0;233.0;1.0;gold
000026-001;88;Abdullah bin Jud'an;PERSON;261.0;280.0;1.0;gold
000026-001;88;Makkah;LOCATION;431.0;437.0;1.0;gold
000026-001;88;Rasulullah;PERSON;662.0;672.0;1.0;gold
000026-001;88;Abdullah bin Jud'an;PERSON;791.0;810.0;1.0;gold
000026-001;88;Makkah;LOCATION;1180.0;1186.0;1.0;gold
000026-001;88;Al-Ash bin Wa'il;PERSON;1261.0;1277.0;1.0;gold
000026-002;88;Abu Qubais;PERSON;101.0;111.0;1.0;gold
000026-002;88;Az-Zubair bin Abdul Muththalib;PERSON;215.0;245.0;1.0;gold
000026-002;88;Al-Ash bin Wa;PERSON;374.0;387.0;1.0;gold
000026-002;88;Ibnu Hisyam;PERSON;535.0;546.0;1.0;gold
000026-002;88;Al-Khadhri;PERSON;631.0;641.0;1.0;gold
000026-002;88;Perang Fijar;EVENT;659.0;671.0;1.0;gold
000027-001;89;Rasulullah;PERSON;23.0;33.0;1.0;gold
000027-001;89;Makkah;LOCATION;173.0;179.0;1.0;gold
000027-001;89;Syam;LOCATION;267.0;271.0;1.0;gold
000027-001;89;Khadijah;PERSON;304.0;312.0;1.0;gold
000027-001;89;Ibnu Ishaq;PERSON;314.0;324.0;1.0;gold
000027-001;89;Khadijah binti Khuwailid;PERSON;336.0;360.0;1.0;gold
000027-001;89;Khadijah;PERSON;593.0;601.0;1.0;gold
000027-001;89;Syam;LOCATION;774.0;778.0;1.0;gold
000027-001;89;Syam;LOCATION;1047.0;1051.0;1.0;gold
000028-002;89-90;Rasulullah;PERSON;40.0;50.0;1.0;gold
000028-002;89-90;Khadijah;PERSON;101.0;109.0;1.0;gold
000028-002;89-90;Ibrahim;PERSON;159.0;166.0;1.0;gold
000028-002;89-90;Khadijah;PERSON;226.0;234.0;1.0;gold
000028-002;89-90;Rasulullah;PERSON;290.0;300.0;1.0;gold
000028-002;89-90;Abul Qasim;PERSON;310.0;320.0;1.0;gold
000028-002;89-90;Zainab;PERSON;331.0;337.0;1.0;gold
000028-002;89-90;Ummu Kultsum;PERSON;349.0;361.0;1.0;gold
000029-001;90-91;Ka'bah;LOCATION;78.0;84.0;1.0;gold
000029-001;90-91;Ka'bah;LOCATION;86.0;92.0;1.0;gold
000029-001;90-91;Isma'il;PERSON;210.0;217.0;1.0;gold
000029-001;90-91;Ka'bah;LOCATION;371.0;377.0;1.0;gold
000029-001;90-91;Makkah;LOCATION;459.0;465.0;1.0;gold
000029-001;90-91;Ka'bah;LOCATION;555.0;561.0;1.0;gold
000029-001;90-91;Ka'bah;LOCATION;651.0;657.0;1.0;gold
000029-001;90-91;Al-Walid bin Al-Mughirah;PERSON;978.0;1002.0;1.0;gold
000029-001;90-91;Ka'bah;LOCATION;1044.0;1050.0;1.0;gold
000029-001;90-91;Ka'bah;LOCATION;1184.0;1190.0;1.0;gold
000029-001;90-91;Ibrahim;PERSON;1211.0;1218.0;1.0;gold
000029-001;90-91;Ka'bah;LOCATION;1293.0;1299.0;1.0;gold
000029-001;90-91;Ibnu Hisyam;PERSON;1425.0;1436.0;1.0;gold
000029-001;90-91;Muhammad;PERSON;1463.0;1471.0;1.0;gold
000029-002;90-91;Ibnu Hisyam;PERSON;58.0;69.0;1.0;gold
000029-002;90-91;Muhammad;PERSON;96.0;104.0;1.0;gold
000029-002;90-91;Ka'bah;LOCATION;325.0;331.0;1.0;gold
000029-002;90-91;Abu Umayyah bin Al-Mughirah;PERSON;758.0;785.0;1.0;gold
000029-002;90-91;Rasulullah;PERSON;1038.0;1048.0;1.0;gold
000029-003;90-91;Muhammad;PERSON;33.0;41.0;1.0;gold
000029-003;90-91;Ka'bah;LOCATION;893.0;899.0;1.0;gold
000029-003;90-91;Ka'bah;LOCATION;1001.0;1007.0;1.0;gold
000029-004;90-91;Ka'bah;LOCATION;122.0;128.0;1.0;gold
000029-004;90-91;Ka'bah;LOCATION;391.0;397.0;1.0;gold
000029-004;90-91;Ibnu Hisyam;PERSON;428.0;439.0;1.0;gold
000030-002;92-93;Ibnul Atsir;PERSON;661.0;672.0;1.0;gold
000030-002;92-93;Rasulullah;PERSON;693.0;703.0;1.0;gold
000030-002;92-93;Makkah;LOCATION;1156.0;1162.0;1.0;gold
000030-002;92-93;Muhammad;PERSON;1244.0;1252.0;1.0;gold
000030-002;92-93;Makkah;LOCATION;1307.0;1313.0;1.0;gold
000030-002;92-93;Ibnu Hisyam;PERSON;1473.0;1484.0;1.0;gold
000030-003;92-93;Ibnu Hisyam;PERSON;26.0;37.0;1.0;gold
000030-003;92-93;Makkah;LOCATION;161.0;167.0;1.0;gold
000030-003;92-93;Jabir bin Abdullah;PERSON;795.0;813.0;1.0;gold
000030-003;92-93;Ka'bah;LOCATION;836.0;842.0;1.0;gold
000030-004;92-93;Ummul;PERSON;695.0;700.0;1.0;gold
000030-004;92-93;Khadijah;PERSON;710.0;718.0;1.0;gold
000030-004;92-93;Ibnu Katsir;PERSON;905.0;916.0;1.0;gold
000031-001;94-95;Rasulullah;PERSON;31.0;41.0;1.0;gold
000031-001;94-95;Rasulullah;PERSON;140.0;150.0;1.0;gold
000031-001;94-95;Gua Hira;LOCATION;296.0;304.0;1.0;gold
000031-001;94-95;Jabal Nur;LOCATION;308.0;317.0;1.0;gold
000031-001;94-95;Makkah;LOCATION;356.0;362.0;1.0;gold
000031-001;94-95;bulan Ramadhan;TIME;529.0;543.0;1.0;gold
000031-002;94-95;Muhammad;PERSON;539.0;547.0;1.0;gold
000031-002;94-95;Rasulullah;PERSON;694.0;704.0;1.0;gold
000032-001;95-99;bulan Ramadhan;TIME;451.0;465.0;1.0;gold
000032-001;95-99;Gua Hira';LOCATION;509.0;518.0;1.0;gold
000032-001;95-99;Jibril;PERSON;637.0;643.0;1.0;gold
000032-001;95-99;hari Senin, malam tanggal 21 dari bulan Ramadhan;TIME;851.0;899.0;1.0;gold
000032-001;95-99;tanggal 10 Agustus 610 M;TIME;924.0;948.0;1.0;gold
000032-001;95-99;Ibnu Hajar;PERSON;1145.0;1155.0;1.0;gold
000032-001;95-99;Rabi'ul Awwal;TIME;1351.0;1364.0;1.0;gold
000032-001;95-99;bulan Ramadhan;TIME;1464.0;1478.0;1.0;gold
000032-002;95-99;bulan Ramadhan;TIME;53.0;67.0;1.0;gold
000032-002;95-99;bulan Ramadhan;TIME;343.0;357.0;1.0;gold
000032-002;95-99;bulan Rajab;TIME;396.0;407.0;1.0;gold
000032-002;95-99;Abdullah bin Muhammad bin Abdul Wahhab;PERSON;447.0;485.0;1.0;gold
000032-002;95-99;bulan Ramadhan;TIME;548.0;562.0;1.0;gold
000032-002;95-99;Ramadhan;TIME;600.0;608.0;1.0;gold
000032-002;95-99;Lailatul-Qadar;TIME;740.0;754.0;1.0;gold
000032-002;95-99;Lailatul-Qadar;TIME;799.0;813.0;1.0;gold
000032-002;95-99;bulan Ramadhan;TIME;826.0;840.0;1.0;gold
000032-002;95-99;Jibril;PERSON;1048.0;1054.0;1.0;gold
000032-002;95-99;bulan Ramadhan;TIME;1184.0;1198.0;1.0;gold
000032-002;95-99;Al-Khadhri;PERSON;1405.0;1415.0;1.0;gold
000032-003;95-99;Al-Khadhri;PERSON;0.0;10.0;1.0;gold
000032-003;95-99;Aisyah;PERSON;103.0;109.0;1.0;gold
000032-003;95-99;Rasulullah;PERSON;377.0;387.0;1.0;gold
000032-003;95-99;Gua Hira';LOCATION;615.0;624.0;1.0;gold
000032-003;95-99;Khadijah;PERSON;731.0;739.0;1.0;gold
000032-003;95-99;Gua Hira';LOCATION;833.0;842.0;1.0;gold
000032-003;95-99;Jibril;PERSON;967.0;973.0;1.0;gold
000032-004;95-99;hari Senin;TIME;453.0;463.0;1.0;gold
000032-004;95-99;Abu Qatadah;PERSON;514.0;525.0;1.0;gold
000032-004;95-99;Rasulullah;PERSON;534.0;544.0;1.0;gold
000032-004;95-99;hari Senin;TIME;574.0;584.0;1.0;gold
000032-004;95-99;Al-Baihaqi;PERSON;873.0;883.0;1.0;gold
000032-004;95-99;Hari Senin dari bulan Ramadhan;TIME;913.0;943.0;1.0;gold
000032-004;95-99;Lailatul-Qadr;TIME;1090.0;1103.0;1.0;gold
000032-004;95-99;bulan Ramadhan;TIME;1180.0;1194.0;1.0;gold
000032-005;95-99;Lailatul-Qadr;TIME;53.0;66.0;1.0;gold
000032-005;95-99;bulan Ramadhan;TIME;143.0;157.0;1.0;gold
000032-005;95-99;hari Senin;TIME;354.0;364.0;1.0;gold
000032-005;95-99;hari Senin dari bulan Ramadhan;TIME;419.0;449.0;1.0;gold
000032-005;95-99;bulan Ramadhan;TIME;572.0;586.0;1.0;gold
000032-005;95-99;Rasulullah;PERSON;662.0;672.0;1.0;gold
000032-005;95-99;Khadijah binti Khuwailid;PERSON;741.0;765.0;1.0;gold
000032-005;95-99;Khadijah;PERSON;958.0;966.0;1.0;gold
000032-005;95-99;Khadijah;PERSON;1085.0;1093.0;1.0;gold
000032-005;95-99;Khadijah;PERSON;1354.0;1362.0;1.0;gold
000032-005;95-99;Waraqah bin Naufal bin Asad bin Abdul Uzza;PERSON;1392.0;1434.0;1.0;gold
000032-005;95-99;Khadijah;PERSON;1447.0;1455.0;1.0;gold
000032-006;95-99;Khadijah;PERSON;244.0;252.0;1.0;gold
000032-006;95-99;Waraqah bin Naufal bin Asad bin Abdul Uzza;PERSON;282.0;324.0;1.0;gold
000032-006;95-99;Khadijah;PERSON;337.0;345.0;1.0;gold
000032-006;95-99;Waraqah;PERSON;347.0;354.0;1.0;gold
000032-006;95-99;Khadijah;PERSON;502.0;510.0;1.0;gold
000032-006;95-99;Waraqah;PERSON;526.0;533.0;1.0;gold
000032-006;95-99;Rasulullah;PERSON;587.0;597.0;1.0;gold
000032-006;95-99;Waraqah;PERSON;601.0;608.0;1.0;gold
000032-006;95-99;Rasulullah;PERSON;681.0;691.0;1.0;gold
000032-006;95-99;Waraqah;PERSON;745.0;752.0;1.0;gold
000032-006;95-99;Musa;PERSON;809.0;813.0;1.0;gold
000032-006;95-99;Waraqah;PERSON;1153.0;1160.0;1.0;gold
000032-006;95-99;Ath-Thabari;PERSON;1198.0;1209.0;1.0;gold
000032-006;95-99;Ibnu Hisyam;PERSON;1214.0;1225.0;1.0;gold
000032-006;95-99;Makkah;LOCATION;1371.0;1377.0;1.0;gold
000032-007;95-99;Waraqah;PERSON;95.0;102.0;1.0;gold
000032-007;95-99;Ath-Thabari;PERSON;140.0;151.0;1.0;gold
000032-007;95-99;Ibnu Hisyam;PERSON;156.0;167.0;1.0;gold
000032-007;95-99;Makkah;LOCATION;313.0;319.0;1.0;gold
000032-007;95-99;Ath-Thabari;PERSON;336.0;347.0;1.0;gold
000032-007;95-99;Gua Hira';LOCATION;520.0;529.0;1.0;gold
000032-007;95-99;Rasulullah;PERSON;550.0;560.0;1.0;gold
000032-008;95-99;Muhammad;PERSON;92.0;100.0;1.0;gold
000032-008;95-99;Jibril;PERSON;137.0;143.0;1.0;gold
000032-008;95-99;Jibril;PERSON;212.0;218.0;1.0;gold
000032-008;95-99;Muhammad;PERSON;343.0;351.0;1.0;gold
000032-008;95-99;Jibril;PERSON;387.0;393.0;1.0;gold
000032-008;95-99;Jibril;PERSON;558.0;564.0;1.0;gold
000032-008;95-99;Jibril;PERSON;655.0;661.0;1.0;gold
000032-008;95-99;Khadijah;PERSON;777.0;785.0;1.0;gold
000032-008;95-99;Makkah;LOCATION;851.0;857.0;1.0;gold
000032-008;95-99;Khadijah;PERSON;883.0;891.0;1.0;gold
000032-008;95-99;Jibril;PERSON;976.0;982.0;1.0;gold
000032-008;95-99;Khadijah;PERSON;1096.0;1104.0;1.0;gold
000032-008;95-99;Abu Qasim;PERSON;1139.0;1148.0;1.0;gold
000032-008;95-99;Makkah;LOCATION;1261.0;1267.0;1.0;gold
000032-008;95-99;Khadijah;PERSON;1307.0;1315.0;1.0;gold
000032-009;95-99;Khadijah;PERSON;79.0;87.0;1.0;gold
000032-009;95-99;Khadijah;PERSON;187.0;195.0;1.0;gold
000032-009;95-99;Waraqah;PERSON;225.0;232.0;1.0;gold
000032-009;95-99;Waraqah;PERSON;260.0;267.0;1.0;gold
000032-009;95-99;Waraqah;PERSON;308.0;315.0;1.0;gold
000032-009;95-99;Musa;PERSON;383.0;387.0;1.0;gold
000032-009;95-99;Khadijah;PERSON;502.0;510.0;1.0;gold
000032-009;95-99;Waraqah;PERSON;554.0;561.0;1.0;gold
000032-009;95-99;Rasulullah;PERSON;581.0;591.0;1.0;gold
000032-009;95-99;Makkah;LOCATION;627.0;633.0;1.0;gold
000032-009;95-99;Waraqah;PERSON;650.0;657.0;1.0;gold
000032-009;95-99;Waraqah;PERSON;709.0;716.0;1.0;gold
000033-001;99;Ibnu Sa'd;PERSON;40.0;49.0;1.0;gold
000033-001;99;Ibnu Abbas;PERSON;68.0;78.0;1.0;gold
000033-001;99;Rasulullah;PERSON;521.0;531.0;1.0;gold
000033-001;99;Jibril;PERSON;1003.0;1009.0;1.0;gold
000033-001;99;Muhammad;PERSON;1045.0;1053.0;1.0;gold
000033-001;99;Jibril;PERSON;1335.0;1341.0;1.0;gold
000034-001;99-100;Ibnu Hajar;PERSON;0.0;10.0;1.0;gold
000034-001;99-100;Ibnu Hisyam;PERSON;167.0;178.0;1.0;gold
000034-001;99-100;Rasulullah;PERSON;250.0;260.0;1.0;gold
000034-001;99-100;Jibril;PERSON;744.0;750.0;1.0;gold
000034-001;99-100;Jabir bin Abdullah;PERSON;825.0;843.0;1.0;gold
000034-001;99-100;Rasulullah;PERSON;872.0;882.0;1.0;gold
000034-001;99-100;Gua Hira';LOCATION;1113.0;1122.0;1.0;gold
000035-001;100-101;Ibnul Qayyim;PERSON;206.0;218.0;1.0;gold
000035-002;100-101;Zaid bin Tsabit;PERSON;337.0;352.0;1.0;gold
000035-002;100-101;Zaid;PERSON;363.0;367.0;1.0;gold
000035-002;100-101;Mi'raj;EVENT;741.0;747.0;1.0;gold
000035-002;100-101;Musa bin Imran;PERSON;902.0;916.0;1.0;gold
000035-002;100-101;Musa;PERSON;955.0;959.0;1.0;gold
000035-002;100-101;Isra';EVENT;1037.0;1042.0;1.0;gold
000035-002;100-101;Jabal Nur;LOCATION;1422.0;1431.0;1.0;gold
000035-002;100-101;Gua Hira;LOCATION;1432.0;1440.0;1.0;gold
000036-003;102-104;Muhammad;PERSON;1038.0;1046.0;1.0;gold
000036-004;102-104;Rasulullah;PERSON;960.0;970.0;1.0;gold
000037-001;105;Rasulullah;PERSON;30.0;40.0;1.0;gold
000037-001;105;Makkah;LOCATION;116.0;122.0;1.0;gold
000037-001;105;tahun 2;TIME;153.0;160.0;1.0;gold
000037-001;105;Madinah;LOCATION;170.0;177.0;1.0;gold
000037-001;105;Makkah;LOCATION;448.0;454.0;1.0;gold
000037-001;105;Makkah;LOCATION;634.0;640.0;1.0;gold
000037-001;105;tahun 3;TIME;693.0;700.0;1.0;gold
000037-001;105;Makkah;LOCATION;725.0;731.0;1.0;gold
000037-001;105;Madinah;LOCATION;805.0;812.0;1.0;gold
000037-001;105;Madinah;LOCATION;832.0;839.0;1.0;gold
000038-001;106;Makkah;LOCATION;33.0;39.0;1.0;gold
000038-001;106;Ka'bah;LOCATION;110.0;116.0;1.0;gold
000039-001;106-108;Rasulullah;PERSON;19.0;29.0;1.0;gold
000039-001;106-108;Khadijah binti Khuwailid;PERSON;788.0;812.0;1.0;gold
000039-001;106-108;Zaid bin Haritsah bin Syurahbil;PERSON;831.0;862.0;1.0;gold
000039-001;106-108;Ali bin Abu Thalib;PERSON;882.0;900.0;1.0;gold
000039-001;106-108;Ali;PERSON;916.0;919.0;1.0;gold
000039-001;106-108;Khadijah;PERSON;994.0;1002.0;1.0;gold
000039-001;106-108;Khadijah;PERSON;1013.0;1021.0;1.0;gold
000039-001;106-108;Rasulullah;PERSON;1040.0;1050.0;1.0;gold
000039-001;106-108;Rasulullah;PERSON;1172.0;1182.0;1.0;gold
000039-001;106-108;Abu Bakar Ash-Shiddiq;PERSON;1262.0;1283.0;1.0;gold
000039-001;106-108;Abu Bakar;PERSON;1344.0;1353.0;1.0;gold
000039-002;106-108;Abu Bakar;PERSON;59.0;68.0;1.0;gold
000039-002;106-108;Abu Bakar;PERSON;251.0;260.0;1.0;gold
000039-002;106-108;Utsman bin Affan;PERSON;576.0;592.0;1.0;gold
000039-002;106-108;Az-Zubair bin Al-Awwan;PERSON;603.0;625.0;1.0;gold
000039-002;106-108;Abdurrahman bin Auf;PERSON;636.0;655.0;1.0;gold
000039-002;106-108;Sa'd bin Abi Waqqash;PERSON;657.0;677.0;1.0;gold
000039-002;106-108;Thalhah bin Ubaidillah;PERSON;694.0;716.0;1.0;gold
000039-002;106-108;Bilal bin Rabbah;PERSON;782.0;798.0;1.0;gold
000039-002;106-108;Abu Ubaidah;PERSON;850.0;861.0;1.0;gold
000039-002;106-108;Amir bin Al-Jarrah;PERSON;862.0;880.0;1.0;gold
000039-002;106-108;Al-Harits bin Fihr;PERSON;891.0;909.0;1.0;gold
000039-002;106-108;Abu Salamah bin Abdul Asad;PERSON;911.0;937.0;1.0;gold
000039-002;106-108;Al-Arqam bin Abil;PERSON;939.0;956.0;1.0;gold
000039-002;106-108;Utsman bin Mazh'un;PERSON;976.0;994.0;1.0;gold
000039-002;106-108;Ubaidah bin Al-Harits bin Al-Muththalib bin Abdi;PERSON;1039.0;1087.0;1.0;gold
000039-002;106-108;Sa'id bin Zaid;PERSON;1095.0;1109.0;1.0;gold
000039-002;106-108;Khabbab bin Al-Aratt;PERSON;1147.0;1167.0;1.0;gold
000039-002;106-108;Abdullah bin Mas'ud;PERSON;1169.0;1188.0;1.0;gold
000039-002;106-108;Ibnu Hisyam;PERSON;1312.0;1323.0;1.0;gold
000039-003;106-108;Ibnu Hisyam;PERSON;89.0;100.0;1.0;gold
000039-003;106-108;Ibnu Ishaq;PERSON;220.0;230.0;1.0;gold
000039-003;106-108;Makkah;LOCATION;352.0;358.0;1.0;gold
000039-003;106-108;Rasulullah;PERSON;438.0;448.0;1.0;gold
000039-003;106-108;Zaid bin Muhammad;PERSON;1103.0;1120.0;1.0;gold
000039-003;106-108;Ibnu Hisyam;PERSON;1201.0;1212.0;1.0;gold
000040-001;108;Muqatil bin Sulaiman;PERSON;64.0;84.0;1.0;gold
000040-001;108;Ibnu Hajar;PERSON;297.0;307.0;1.0;gold
000040-001;108;Isra';EVENT;328.0;333.0;1.0;gold
000040-001;108;Al-Harits bin Usamah;PERSON;631.0;651.0;1.0;gold
000040-001;108;Ibnu Luhai'ah;PERSON;676.0;689.0;1.0;gold
000040-001;108;Zaid bin Haritsah;PERSON;710.0;727.0;1.0;gold
000040-001;108;Rasulullah;PERSON;777.0;787.0;1.0;gold
000040-001;108;Ibnu Majah;PERSON;899.0;909.0;1.0;gold
000040-001;108;Al-Barra' bin Azib;PERSON;985.0;1003.0;1.0;gold
000040-001;108;Ibnu Abbas;PERSON;1008.0;1018.0;1.0;gold
000040-001;108;Ibnu Abbas;PERSON;1029.0;1039.0;1.0;gold
000040-001;108;Ibnu Hasyim;PERSON;1085.0;1096.0;1.0;gold
000040-001;108;Abu Thalib;PERSON;1282.0;1292.0;1.0;gold
000040-001;108;Ali;PERSON;1333.0;1336.0;1.0;gold
000040-001;108;Abu Thalib;PERSON;1343.0;1353.0;1.0;gold
000040-001;108;Abu Thalib;PERSON;1426.0;1436.0;1.0;gold
000040-001;108;Ali;PERSON;1457.0;1460.0;1.0;gold
000041-001;108-109;Ibnu Hisyam;PERSON;290.0;301.0;1.0;gold
000041-001;108-109;Muhammad;PERSON;311.0;319.0;1.0;gold
000041-001;108-109;Muhammad;PERSON;488.0;496.0;1.0;gold
000041-001;108-109;Umayyah bin Ash-Shallat;PERSON;660.0;683.0;1.0;gold
000041-001;108-109;Qus bin Sa'idah;PERSON;685.0;700.0;1.0;gold
000041-001;108-109;Amr bin Nufail;PERSON;702.0;716.0;1.0;gold
000041-001;108-109;Rasulullah;PERSON;1223.0;1233.0;1.0;gold
000041-001;108-109;Habasyah;LOCATION;1437.0;1445.0;1.0;gold
000042-001;110;Musa;PERSON;221.0;225.0;1.0;gold
000042-001;110;Musa;PERSON;445.0;449.0;1.0;gold
000042-001;110;Musa;PERSON;531.0;535.0;1.0;gold
000042-001;110;Rasulullah;PERSON;563.0;573.0;1.0;gold
000042-001;110;Nuh;PERSON;932.0;935.0;1.0;gold
000042-001;110;Ibrahim;PERSON;949.0;956.0;1.0;gold
000044-002;111-113;Abu Lahab;PERSON;80.0;89.0;1.0;gold
000044-002;111-113;Abu Hurairah;PERSON;146.0;158.0;1.0;gold
000044-002;111-113;Ka'b;PERSON;394.0;398.0;1.0;gold
000044-002;111-113;Fathimah binti Muhammad;PERSON;449.0;472.0;1.0;gold
000044-002;111-113;Rasulullah;PERSON;781.0;791.0;1.0;gold
000045-001;113-114;Makkah;LOCATION;40.0;46.0;1.0;gold
000045-001;113-114;Rasulullah;PERSON;238.0;248.0;1.0;gold
000045-001;113-114;Makkah;LOCATION;653.0;659.0;1.0;gold
000048-001;117-121;Muhammad;PERSON;39.0;47.0;1.0;gold
000048-001;117-121;Abu Lahab;PERSON;1116.0;1125.0;1.0;gold
000048-001;117-121;Yazid bin Ruman;PERSON;1160.0;1175.0;1.0;gold
000048-001;117-121;Thariq bin Abdullah;PERSON;1186.0;1205.0;1.0;gold
000048-005;117-121;Rasulullah;PERSON;85.0;95.0;1.0;gold
000048-005;117-121;Muhammad;PERSON;283.0;291.0;1.0;gold
000048-005;117-121;Muhammad;PERSON;448.0;456.0;1.0;gold
000048-005;117-121;Ibnu Abbas;PERSON;494.0;504.0;1.0;gold
000049-004;121-129;Abu Lahab;PERSON;290.0;299.0;1.0;gold
000049-004;121-129;Abu Bakar;PERSON;336.0;345.0;1.0;gold
000049-004;121-129;Rasulullah;PERSON;377.0;387.0;1.0;gold
000049-004;121-129;Abu Bakar;PERSON;540.0;549.0;1.0;gold
000049-004;121-129;Abu Lahab;PERSON;632.0;641.0;1.0;gold
000049-004;121-129;Abu Bakar;PERSON;660.0;669.0;1.0;gold
000049-004;121-129;Abu Bakar;PERSON;691.0;700.0;1.0;gold
000049-004;121-129;Ka'bah;LOCATION;756.0;762.0;1.0;gold
000049-004;121-129;Abu Bakar;PERSON;843.0;852.0;1.0;gold
000049-004;121-129;Abu Lahab;PERSON;909.0;918.0;1.0;gold
000049-004;121-129;Abu Lahab;PERSON;920.0;929.0;1.0;gold
000049-004;121-129;Ibnu Ishaq;PERSON;1182.0;1192.0;1.0;gold
000049-004;121-129;Rasulullah;PERSON;1227.0;1237.0;1.0;gold
000049-004;121-129;Abu Lahab;PERSON;1267.0;1276.0;1.0;gold
000049-004;121-129;Al-Hakam bin Abul Ash bin Umayyah;PERSON;1278.0;1311.0;1.0;gold
000049-004;121-129;Uqbah bin Abu Mu'ith;PERSON;1313.0;1333.0;1.0;gold
000049-004;121-129;Adi bin Hamra';PERSON;1335.0;1349.0;1.0;gold
000049-004;121-129;Ibnul Ashda';PERSON;1363.0;1375.0;1.0;gold
000049-010;121-129;Abu Jahal;PERSON;437.0;446.0;1.0;gold
000049-010;121-129;Utsman bin Affan;PERSON;737.0;753.0;1.0;gold
000049-010;121-129;Mush'ab bin Umair;PERSON;836.0;853.0;1.0;gold
000049-010;121-129;Bilal;PERSON;1024.0;1029.0;1.0;gold
000049-010;121-129;Umayyah bin Khalaf;PERSON;1058.0;1076.0;1.0;gold
000049-010;121-129;Makkah;LOCATION;1202.0;1208.0;1.0;gold
000049-010;121-129;Umayyah;PERSON;1282.0;1289.0;1.0;gold
000050-002;129-130;Rasulullah;PERSON;25.0;35.0;1.0;gold
000050-002;129-130;Al-Arqam bin Abil;PERSON;318.0;335.0;1.0;gold
000050-002;129-130;Shafa;LOCATION;380.0;385.0;1.0;gold
000051-001;130-133;Makkah;LOCATION;275.0;281.0;1.0;gold
000051-001;130-133;Musa;PERSON;1245.0;1249.0;1.0;gold
000051-002;130-133;Musa;PERSON;49.0;53.0;1.0;gold
000051-002;130-133;Rasulullah;PERSON;1320.0;1330.0;1.0;gold
000051-002;130-133;An-Najasyi;PERSON;1357.0;1367.0;1.0;gold
000051-002;130-133;Habasyah;LOCATION;1391.0;1399.0;1.0;gold
000051-006;130-133;Makkah;LOCATION;17.0;23.0;1.0;gold
000051-006;130-133;Habasyah;LOCATION;141.0;149.0;1.0;gold
000051-006;130-133;Makkah;LOCATION;190.0;196.0;1.0;gold
000051-006;130-133;Habasyah;LOCATION;554.0;562.0;1.0;gold
000051-006;130-133;Hijrah;EVENT;564.0;570.0;1.0;gold
000051-006;130-133;Habasyah;LOCATION;740.0;748.0;1.0;gold
000051-006;130-133;Muhammad;PERSON;916.0;924.0;1.0;gold
000052-001;133-137;Amr bin Al-Ash;PERSON;293.0;307.0;1.0;gold
000052-001;133-137;Abdullah bin Abu Rabi'ah;PERSON;312.0;336.0;1.0;gold
000052-001;133-137;Najasyi;PERSON;469.0;476.0;1.0;gold
000052-001;133-137;Najasyi;PERSON;749.0;756.0;1.0;gold
000052-001;133-137;Najasyi;PERSON;788.0;795.0;1.0;gold
000052-005;133-137;Najasyi;PERSON;132.0;139.0;1.0;gold
000052-005;133-137;Amr bin Al-Ash;PERSON;141.0;155.0;1.0;gold
000052-005;133-137;Abdullah bin Rabi'ah;PERSON;171.0;191.0;1.0;gold
000052-005;133-137;Amr bin Al-Ash;PERSON;436.0;450.0;1.0;gold
000052-005;133-137;Amr bin Al-Ash;PERSON;497.0;511.0;1.0;gold
000052-005;133-137;Najasyi;PERSON;532.0;539.0;1.0;gold
000052-005;133-137;Isa bin Maryam;PERSON;642.0;656.0;1.0;gold
000052-005;133-137;Najasyi;PERSON;664.0;671.0;1.0;gold
000052-005;133-137;Isa;PERSON;760.0;763.0;1.0;gold
000052-005;133-137;Najasyi;PERSON;925.0;932.0;1.0;gold
000052-005;133-137;Najasyi;PERSON;937.0;944.0;1.0;gold
000052-005;133-137;Isa;PERSON;1052.0;1055.0;1.0;gold
000052-005;133-137;Najasyi;PERSON;1163.0;1170.0;1.0;gold
000052-005;133-137;Isa bin Maryam;PERSON;1238.0;1252.0;1.0;gold
000052-005;133-137;Najasyi;PERSON;1359.0;1366.0;1.0;gold
000052-005;133-137;Najasyi;PERSON;1383.0;1390.0;1.0;gold
000052-006;133-137;Isa;PERSON;67.0;70.0;1.0;gold
000052-006;133-137;Najasyi;PERSON;178.0;185.0;1.0;gold
000052-006;133-137;Isa bin Maryam;PERSON;253.0;267.0;1.0;gold
000052-006;133-137;Najasyi;PERSON;374.0;381.0;1.0;gold
000052-006;133-137;Najasyi;PERSON;398.0;405.0;1.0;gold
000052-006;133-137;Najasyi;PERSON;471.0;478.0;1.0;gold
000052-006;133-137;Najasyi;PERSON;710.0;717.0;1.0;gold
000052-006;133-137;Ummu Salamah;PERSON;1104.0;1116.0;1.0;gold
000052-006;133-137;Najasyi;PERSON;1196.0;1203.0;1.0;gold
000052-006;133-137;Ibnu Ishaq;PERSON;1388.0;1398.0;1.0;gold
000052-006;133-137;Amr bin Al-Ash;PERSON;1428.0;1442.0;1.0;gold
000052-006;133-137;Najasyi;PERSON;1457.0;1464.0;1.0;gold
000052-006;133-137;Perang Badr;EVENT;1473.0;1484.0;1.0;gold
000054-001;138;Rasulullah;PERSON;24.0;34.0;1.0;gold
000054-001;138;Abu Thalib;PERSON;88.0;98.0;1.0;gold
000054-001;138;Abu Thalib;PERSON;256.0;266.0;1.0;gold
000054-001;138;Ammarah bin Al-Walid bin Al-Mughirah;PERSON;295.0;331.0;1.0;gold
000054-001;138;Abu Thalib;PERSON;340.0;350.0;1.0;gold
000054-001;138;Abu Thalib;PERSON;1072.0;1082.0;1.0;gold
000056-001;141-142;Hamzah bin Abdul Muththalib;PERSON;172.0;199.0;1.0;gold
000056-001;141-142;bulan Dzul Hijjah;TIME;303.0;320.0;1.0;gold
000056-001;141-142;Abu Jahal;PERSON;360.0;369.0;1.0;gold
000056-001;141-142;Rasulullah;PERSON;379.0;389.0;1.0;gold
000056-001;141-142;Shafa;LOCATION;401.0;406.0;1.0;gold
000056-001;141-142;Ka'bah;LOCATION;659.0;665.0;1.0;gold
000056-001;141-142;Abdullah bin Jad'an;PERSON;726.0;745.0;1.0;gold
000056-001;141-142;Abu Jahal;PERSON;793.0;802.0;1.0;gold
000056-001;141-142;Hamzah;PERSON;830.0;836.0;1.0;gold
000056-001;141-142;Abu Jahal;PERSON;965.0;974.0;1.0;gold
000056-001;141-142;Hamzah;PERSON;1075.0;1081.0;1.0;gold
000056-001;141-142;Abu Jahal;PERSON;1187.0;1196.0;1.0;gold
000056-001;141-142;Abu Jahal;PERSON;1296.0;1305.0;1.0;gold
000057-004;142-148;Rasulullah;PERSON;86.0;96.0;1.0;gold
000057-004;142-148;Umar bin Al-Khaththab;PERSON;356.0;377.0;1.0;gold
000057-004;142-148;Ibnul Jauzi;PERSON;379.0;390.0;1.0;gold
000057-004;142-148;Ibnu Ishaq;PERSON;455.0;465.0;1.0;gold
000057-004;142-148;Ibnu Ishaq;PERSON;570.0;580.0;1.0;gold
000057-004;142-148;Ibnu Hisyam;PERSON;608.0;619.0;1.0;gold
000057-004;142-148;Anas bin Malik;PERSON;655.0;669.0;1.0;gold
000057-004;142-148;Umar bin Al-Khaththab;PERSON;703.0;724.0;1.0;gold
000057-004;142-148;Ibnu Abbas;PERSON;803.0;813.0;1.0;gold
000057-004;142-148;Umar;PERSON;843.0;847.0;1.0;gold
000057-004;142-148;Muhammad;PERSON;871.0;879.0;1.0;gold
000057-004;142-148;Muhammad;PERSON;996.0;1004.0;1.0;gold
000057-004;142-148;Umar;PERSON;1122.0;1126.0;1.0;gold
000057-004;142-148;Umar;PERSON;1202.0;1206.0;1.0;gold
000057-004;142-148;Umar;PERSON;1342.0;1346.0;1.0;gold
000057-004;142-148;Khabbab bin Al-Art;PERSON;1431.0;1449.0;1.0;gold
000057-006;142-148;Umar;PERSON;100.0;104.0;1.0;gold
000057-006;142-148;Umar;PERSON;260.0;264.0;1.0;gold
000057-006;142-148;Muhammad;PERSON;667.0;675.0;1.0;gold
000057-006;142-148;Khabbab;PERSON;703.0;710.0;1.0;gold
000057-006;142-148;Umar;PERSON;731.0;735.0;1.0;gold
000057-006;142-148;Umar;PERSON;827.0;831.0;1.0;gold
000057-006;142-148;Rasulullah;PERSON;874.0;884.0;1.0;gold
000057-006;142-148;Rasulullah;PERSON;925.0;935.0;1.0;gold
000057-006;142-148;Shafa;LOCATION;981.0;986.0;1.0;gold
000057-006;142-148;Umar;PERSON;989.0;993.0;1.0;gold
000057-006;142-148;Umar;PERSON;1174.0;1178.0;1.0;gold
000057-006;142-148;Rasulullah;PERSON;1242.0;1252.0;1.0;gold
000057-006;142-148;Hamzah;PERSON;1329.0;1335.0;1.0;gold
000057-006;142-148;Umar;PERSON;1341.0;1345.0;1.0;gold
000057-006;142-148;Umar;PERSON;1366.0;1370.0;1.0;gold
000057-007;142-148;Rasulullah;PERSON;167.0;177.0;1.0;gold
000057-007;142-148;Hamzah;PERSON;226.0;232.0;1.0;gold
000057-007;142-148;Umar;PERSON;245.0;249.0;1.0;gold
000057-007;142-148;Umar;PERSON;268.0;272.0;1.0;gold
000057-007;142-148;Umar;PERSON;501.0;505.0;1.0;gold
000057-007;142-148;Al-Walid bin Al-Mughirah;PERSON;573.0;597.0;1.0;gold
000057-007;142-148;Umar bin Al-Khaththab;PERSON;616.0;637.0;1.0;gold
000057-007;142-148;Umar bin Al-Khaththab;PERSON;674.0;695.0;1.0;gold
000057-007;142-148;Umar;PERSON;698.0;702.0;1.0;gold
000057-007;142-148;Umar;PERSON;809.0;813.0;1.0;gold
000057-007;142-148;Umar;PERSON;958.0;962.0;1.0;gold
000057-007;142-148;Ibnu Ishaq;PERSON;1227.0;1237.0;1.0;gold
000057-007;142-148;Umar;PERSON;1273.0;1277.0;1.0;gold
000057-007;142-148;Makkah;LOCATION;1359.0;1365.0;1.0;gold
000057-007;142-148;Abu Jahal;PERSON;1407.0;1416.0;1.0;gold
000057-009;142-148;Umar bin Al-Khaththab;PERSON;161.0;182.0;1.0;gold
000057-009;142-148;Ibnu Hisyam;PERSON;259.0;270.0;1.0;gold
000057-009;142-148;Umar bin Al-Khaththab;PERSON;294.0;315.0;1.0;gold
000057-009;142-148;Ibnu Hisyam;PERSON;345.0;356.0;1.0;gold
000057-009;142-148;Umar;PERSON;441.0;445.0;1.0;gold
000057-009;142-148;Abdullah bin Umar;PERSON;510.0;527.0;1.0;gold
000057-009;142-148;Umar;PERSON;556.0;560.0;1.0;gold
000057-009;142-148;Al-Ash bin Wa'il;PERSON;617.0;633.0;1.0;gold
000057-009;142-148;Abu Amr;PERSON;643.0;650.0;1.0;gold
000057-009;142-148;Umar;PERSON;799.0;803.0;1.0;gold
000057-009;142-148;Ibnul Khaththab;PERSON;1094.0;1109.0;1.0;gold
000057-009;142-148;Umar bin Al-Khaththab;PERSON;1234.0;1255.0;1.0;gold
000058-001;148-150;Hamzah;PERSON;62.0;68.0;1.0;gold
000058-001;148-150;Umar;PERSON;73.0;77.0;1.0;gold
000058-001;148-150;Rasulullah;PERSON;272.0;282.0;1.0;gold
000058-001;148-150;Ibnu Ishaq;PERSON;573.0;583.0;1.0;gold
000058-001;148-150;Yazid bin Ziyad;PERSON;611.0;626.0;1.0;gold
000058-001;148-150;Muhammad bin Ka'b;PERSON;633.0;650.0;1.0;gold
000058-001;148-150;Uthbah bin Rabi';PERSON;688.0;704.0;1.0;gold
000058-001;148-150;Rasulullah;PERSON;825.0;835.0;1.0;gold
000058-001;148-150;Masjidil Haram;LOCATION;852.0;866.0;1.0;gold
000058-001;148-150;Utbah;PERSON;879.0;884.0;1.0;gold
000058-001;148-150;Muhammad;PERSON;947.0;955.0;1.0;gold
000058-001;148-150;Hamzah;PERSON;1163.0;1169.0;1.0;gold
000058-001;148-150;Rasulullah;PERSON;1210.0;1220.0;1.0;gold
000058-001;148-150;Abul Walid;PERSON;1265.0;1275.0;1.0;gold
000058-001;148-150;Umar bin Al-Khaththab;PERSON;1328.0;1349.0;1.0;gold
000058-001;148-150;Umar bin Al-Khaththab;PERSON;1411.0;1432.0;1.0;gold
000060-001;152;Hamzah;PERSON;132.0;138.0;1.0;gold
000060-001;152;Umar;PERSON;160.0;164.0;1.0;gold
000060-001;152;Muhammad;PERSON;166.0;174.0;1.0;gold
000060-001;152;Muhammad;PERSON;320.0;328.0;1.0;gold
000060-001;152;Muhammad;PERSON;441.0;449.0;1.0;gold
000060-001;152;Makkah;LOCATION;482.0;488.0;1.0;gold
000061-001;152;Muhammad;PERSON;277.0;285.0;1.0;gold
000061-001;152;Ibnul Qayyim;PERSON;544.0;556.0;1.0;gold
000061-001;152;Manshur bin Ikrimah bin Amir bin Hasyim;PERSON;608.0;647.0;1.0;gold
000061-001;152;Nadhr bin Al-Harits;PERSON;686.0;705.0;1.0;gold
000061-001;152;Baghidh bin Amir bin Hayim;PERSON;730.0;756.0;1.0;gold
000061-001;152;Rasulullah;PERSON;758.0;768.0;1.0;gold
000061-001;152;Ka'bah;LOCATION;908.0;914.0;1.0;gold
000061-001;152;Abu Lahab;PERSON;1014.0;1023.0;1.0;gold
000061-001;152;Abu Thalib;PERSON;1057.0;1067.0;1.0;gold
000061-001;152;bulan Muharram;TIME;1078.0;1092.0;1.0;gold
000062-001;153;Makkah;LOCATION;150.0;156.0;1.0;gold
000062-001;153;Abu Thalib;PERSON;497.0;507.0;1.0;gold
000062-001;153;Makkah;LOCATION;782.0;788.0;1.0;gold
000062-001;153;Makkah;LOCATION;833.0;839.0;1.0;gold
000062-001;153;Hakim bin Hizam;PERSON;909.0;924.0;1.0;gold
000062-001;153;Khadijah;PERSON;979.0;987.0;1.0;gold
000062-001;153;Abu Jahal;PERSON;996.0;1005.0;1.0;gold
000062-001;153;Abul Bakhtari;PERSON;1060.0;1073.0;1.0;gold
000062-001;153;Abu Thalib;PERSON;1189.0;1199.0;1.0;gold
000062-001;153;Rasulullah;PERSON;1233.0;1243.0;1.0;gold
000062-002;153;Abu Thalib;PERSON;15.0;25.0;1.0;gold
000062-002;153;Rasulullah;PERSON;59.0;69.0;1.0;gold
000062-002;153;Rasulullah;PERSON;484.0;494.0;1.0;gold
000063-001;153-156;bulan Muharram;TIME;52.0;66.0;1.0;gold
000063-001;153-156;Abu Thalib;PERSON;346.0;356.0;1.0;gold
000063-001;153-156;bulan Rajab;TIME;419.0;430.0;1.0;gold
000063-001;153-156;bulan Ramadhan;TIME;493.0;507.0;1.0;gold
000063-001;153-156;Hisyam bin Amr;PERSON;612.0;626.0;1.0;gold
000063-001;153-156;Amir bin Lu'ay;PERSON;637.0;651.0;1.0;gold
000063-001;153-156;Zuhair bin Abu Umayyah;PERSON;762.0;784.0;1.0;gold
000063-001;153-156;Abdul Muththalib;PERSON;826.0;842.0;1.0;gold
000063-001;153-156;Al-Muth'im bin Adi;PERSON;1355.0;1373.0;1.0;gold
000063-002;153-156;Al-Muth'im bin Adi;PERSON;87.0;105.0;1.0;gold
000063-002;153-156;Al-Muththalib bin Abdi;PERSON;182.0;204.0;1.0;gold
000063-002;153-156;Zuhair bin Abu Umayyah;PERSON;576.0;598.0;1.0;gold
000063-002;153-156;Abul Bakhtari bin Hisyam;PERSON;701.0;725.0;1.0;gold
000063-002;153-156;Abul Bakhtari;PERSON;834.0;847.0;1.0;gold
000063-002;153-156;Abul Bakhtari;PERSON;889.0;902.0;1.0;gold
000063-002;153-156;Zuhair bin Abu Umayyah;PERSON;905.0;927.0;1.0;gold
000063-002;153-156;Al-Muth'im bin Adi;PERSON;929.0;947.0;1.0;gold
000063-002;153-156;Zam'ah bin Al-Aswad bin Al-Muththalib bin Asad;PERSON;1017.0;1063.0;1.0;gold
000063-003;153-156;Ka'bah;LOCATION;154.0;160.0;1.0;gold
000063-003;153-156;Makkah;LOCATION;243.0;249.0;1.0;gold
000063-003;153-156;Abu Jahal;PERSON;459.0;468.0;1.0;gold
000063-003;153-156;Zam'ah bin Al-Aswad;PERSON;610.0;629.0;1.0;gold
000063-003;153-156;Abul Bakhtari;PERSON;735.0;748.0;1.0;gold
000063-003;153-156;Abul Bakhtari;PERSON;883.0;896.0;1.0;gold
000063-003;153-156;Al-Muth'im bin Adi;PERSON;1008.0;1026.0;1.0;gold
000063-003;153-156;Abu Jahal;PERSON;1262.0;1271.0;1.0;gold
000063-003;153-156;Abu Thalib;PERSON;1282.0;1292.0;1.0;gold
000063-004;153-156;Abu Thalib;PERSON;217.0;227.0;1.0;gold
000063-004;153-156;Abu Thalib;PERSON;516.0;526.0;1.0;gold
000063-004;153-156;Abu Thalib;PERSON;575.0;585.0;1.0;gold
000063-004;153-156;Abu Jahal;PERSON;620.0;629.0;1.0;gold
000063-004;153-156;Rasulullah;PERSON;942.0;952.0;1.0;gold
000063-005;153-156;Ka'bah;LOCATION;121.0;127.0;1.0;gold
000063-005;153-156;Makkah;LOCATION;204.0;210.0;1.0;gold
000063-005;153-156;Ibnu Hisyam;PERSON;258.0;269.0;1.0;gold
000064-001;157-159;Rasulullah;PERSON;0.0;10.0;1.0;gold
000064-001;157-159;Abu Thalib;PERSON;258.0;268.0;1.0;gold
000064-001;157-159;Abu Thalib;PERSON;646.0;656.0;1.0;gold
000064-001;157-159;Abu Thalib;PERSON;779.0;789.0;1.0;gold
000064-001;157-159;Ibnu Ishaq;PERSON;790.0;800.0;1.0;gold
000064-001;157-159;Abu Thalib;PERSON;838.0;848.0;1.0;gold
000064-001;157-159;Hamzah;PERSON;953.0;959.0;1.0;gold
000064-001;157-159;Umar;PERSON;964.0;968.0;1.0;gold
000064-001;157-159;Muhammad;PERSON;1006.0;1014.0;1.0;gold
000064-001;157-159;Abu Thalib;PERSON;1081.0;1091.0;1.0;gold
000064-002;157-159;Abu Thalib;PERSON;23.0;33.0;1.0;gold
000064-002;157-159;Abu Thalib;PERSON;456.0;466.0;1.0;gold
000064-002;157-159;Abu Thalib;PERSON;584.0;594.0;1.0;gold
000064-002;157-159;Utbah bin Rabi';PERSON;669.0;684.0;1.0;gold
000064-002;157-159;Syaibah bin Rabi'ah;PERSON;689.0;708.0;1.0;gold
000064-002;157-159;Abu Jahal bin Hisyam;PERSON;710.0;730.0;1.0;gold
000064-002;157-159;Umayyah bin Khalaf;PERSON;732.0;750.0;1.0;gold
000064-002;157-159;Abu Sufyan bin Harb;PERSON;752.0;771.0;1.0;gold
000064-002;157-159;Abu Thalib;PERSON;850.0;860.0;1.0;gold
000064-002;157-159;Abu Thalib;PERSON;1283.0;1293.0;1.0;gold
000064-002;157-159;Rasulullah;PERSON;1320.0;1330.0;1.0;gold
000064-002;157-159;Abu Thalib;PERSON;1354.0;1364.0;1.0;gold
000064-003;157-159;Abu Thalib;PERSON;118.0;128.0;1.0;gold
000064-004;157-159;Abu Thalib;PERSON;91.0;101.0;1.0;gold
000064-004;157-159;Abu Thalib;PERSON;451.0;461.0;1.0;gold
000064-004;157-159;Abu Thalib;PERSON;849.0;859.0;1.0;gold
000064-004;157-159;Ibnu Ishaq;PERSON;1055.0;1065.0;1.0;gold
000064-004;157-159;Abu Jahal;PERSON;1247.0;1256.0;1.0;gold
000064-004;157-159;Muhammad;PERSON;1510.0;1518.0;1.0;gold
000064-005;157-159;Abu Thalib;PERSON;249.0;259.0;1.0;gold
000064-005;157-159;Abu Thalib;PERSON;647.0;657.0;1.0;gold
000064-005;157-159;Ibnu Ishaq;PERSON;853.0;863.0;1.0;gold
000064-005;157-159;Abu Jahal;PERSON;1045.0;1054.0;1.0;gold
000064-005;157-159;Muhammad;PERSON;1308.0;1316.0;1.0;gold
000064-006;157-159;Ibnu Hisyam;PERSON;1303.0;1314.0;1.0;gold
000065-001;160-161;Abu Thalib;PERSON;6.0;16.0;1.0;gold
000065-001;160-161;bulan Rajab;TIME;111.0;122.0;1.0;gold
000065-001;160-161;bulan Ramadhan;TIME;251.0;265.0;1.0;gold
000065-001;160-161;Khadijah;PERSON;295.0;303.0;1.0;gold
000065-001;160-161;Abu Thalib;PERSON;386.0;396.0;1.0;gold
000065-001;160-161;Abu Jahal;PERSON;444.0;453.0;1.0;gold
000065-001;160-161;Abu Jahal;PERSON;575.0;584.0;1.0;gold
000065-001;160-161;Abdullah bin Abu Umayyah;PERSON;589.0;613.0;1.0;gold
000065-001;160-161;Abu Thalib;PERSON;630.0;640.0;1.0;gold
000065-001;160-161;Abdul Muththalib;PERSON;676.0;692.0;1.0;gold
000065-001;160-161;Abu Thalib;PERSON;793.0;803.0;1.0;gold
000065-001;160-161;Abdul Muththalib;PERSON;830.0;846.0;1.0;gold
000065-002;160-161;Abu Thalib;PERSON;622.0;632.0;1.0;gold
000065-002;160-161;Rasulullah;PERSON;642.0;652.0;1.0;gold
000065-002;160-161;Al-Abbas bin Abdul Muththalib;PERSON;909.0;938.0;1.0;gold
000065-002;160-161;Abu Sa;PERSON;1219.0;1225.0;1.0;gold
000066-001;161-162;Abu Thalib;PERSON;38.0;48.0;1.0;gold
000066-001;161-162;Khadijah;PERSON;82.0;90.0;1.0;gold
000066-001;161-162;bulan Ramadhan;TIME;136.0;150.0;1.0;gold
000066-001;161-162;Khadijah;PERSON;268.0;276.0;1.0;gold
000066-001;161-162;Rasulullah;PERSON;336.0;346.0;1.0;gold
000066-001;161-162;Rasulullah;PERSON;616.0;626.0;1.0;gold
000066-001;161-162;bulan Ramadhan;TIME;744.0;758.0;1.0;gold
000066-001;161-162;Ibnul Jauzi;PERSON;766.0;777.0;1.0;gold
000066-001;161-162;Abu Hurairah;PERSON;1121.0;1133.0;1.0;gold
000066-001;161-162;Jibril;PERSON;1150.0;1156.0;1.0;gold
000066-001;161-162;Rasulullah;PERSON;1197.0;1207.0;1.0;gold
000066-001;161-162;Khadijah;PERSON;1216.0;1224.0;1.0;gold
000067-001;162-163;Rasulullah;PERSON;119.0;129.0;1.0;gold
000067-001;162-163;Tha'if;LOCATION;374.0;380.0;1.0;gold
000067-001;162-163;Makkah;LOCATION;746.0;752.0;1.0;gold
000067-001;162-163;Abu Bakar Ash-Shiddiq;PERSON;812.0;833.0;1.0;gold
000067-001;162-163;Makkah;LOCATION;854.0;860.0;1.0;gold
000067-001;162-163;Habasyah;LOCATION;935.0;943.0;1.0;gold
000067-001;162-163;Ibnu Ishaq;PERSON;1048.0;1058.0;1.0;gold
000067-001;162-163;Abu Thalib;PERSON;1068.0;1078.0;1.0;gold
000067-001;162-163;Rasulullah;PERSON;1152.0;1162.0;1.0;gold
000067-002;162-163;Ibnu Hisyam;PERSON;418.0;429.0;1.0;gold
000067-002;162-163;Abu Thalib;PERSON;600.0;610.0;1.0;gold
000068-001;163;bulan Syawwal;TIME;5.0;18.0;1.0;gold
000068-001;163;Rasulullah;PERSON;49.0;59.0;1.0;gold
000068-001;163;Saudah binti Zam'ah;PERSON;69.0;88.0;1.0;gold
000068-001;163;Habasyah;LOCATION;161.0;169.0;1.0;gold
000068-001;163;Sakran bin Amr;PERSON;209.0;223.0;1.0;gold
000068-001;163;Habasyah;LOCATION;304.0;312.0;1.0;gold
000068-001;163;Makkah;LOCATION;360.0;366.0;1.0;gold
000068-001;163;Habasyah;LOCATION;381.0;389.0;1.0;gold
000068-001;163;Khadijah;PERSON;490.0;498.0;1.0;gold
000068-001;163;Khadijah;PERSON;572.0;580.0;1.0;gold
000068-001;163;Rasulullah;PERSON;588.0;598.0;1.0;gold
000071-001;165-168;Abu Jahal;PERSON;741.0;750.0;1.0;gold
000071-001;165-168;Abu Sufyan;PERSON;752.0;762.0;1.0;gold
000071-001;165-168;Al-Akhnas bin Syariq;PERSON;768.0;788.0;1.0;gold
000071-001;165-168;Rasulullah;PERSON;868.0;878.0;1.0;gold
000071-001;165-168;Abu Jahal;PERSON;1044.0;1053.0;1.0;gold
000071-001;165-168;Muhammad;PERSON;1107.0;1115.0;1.0;gold
000071-002;165-168;Abu Jahal;PERSON;383.0;392.0;1.0;gold
000071-002;165-168;Muhammad;PERSON;416.0;424.0;1.0;gold
000071-002;165-168;Utbah bin Abu Lahab;PERSON;1334.0;1353.0;1.0;gold
000071-003;165-168;Syam;LOCATION;115.0;119.0;1.0;gold
000071-003;165-168;Muhammad;PERSON;191.0;199.0;1.0;gold
000071-003;165-168;Makkah;LOCATION;207.0;213.0;1.0;gold
000071-003;165-168;Ubay bin Khalaf;PERSON;300.0;315.0;1.0;gold
000071-003;165-168;Perang Uhud;EVENT;481.0;492.0;1.0;gold
000071-003;165-168;Makkah;LOCATION;565.0;571.0;1.0;gold
000071-003;165-168;Sa'd bin Mu'adz;PERSON;714.0;729.0;1.0;gold
000071-003;165-168;Umayyah bin Khalaf;PERSON;752.0;770.0;1.0;gold
000071-003;165-168;Makkah;LOCATION;785.0;791.0;1.0;gold
000071-003;165-168;Rasulullah;PERSON;807.0;817.0;1.0;gold
000071-003;165-168;Makkah;LOCATION;963.0;969.0;1.0;gold
000071-003;165-168;Abu Jahal;PERSON;979.0;988.0;1.0;gold
000071-003;165-168;Perang Badr;EVENT;1012.0;1023.0;1.0;gold
000071-003;165-168;Makkah;LOCATION;1065.0;1071.0;1.0;gold
000071-003;165-168;Abu Sufyan;PERSON;1150.0;1160.0;1.0;gold
000071-003;165-168;Yastrib;LOCATION;1245.0;1252.0;1.0;gold
000071-004;165-168;Makkah;LOCATION;519.0;525.0;1.0;gold
000071-004;165-168;Abu Bakkar;PERSON;527.0;537.0;1.0;gold
000071-004;165-168;Utbah bin Rabi'ah;PERSON;609.0;626.0;1.0;gold
000071-004;165-168;Abu Bakar;PERSON;996.0;1005.0;1.0;gold
000071-004;165-168;Rasulullah;PERSON;1050.0;1060.0;1.0;gold
000071-004;165-168;Abu Bakar;PERSON;1071.0;1080.0;1.0;gold
000071-004;165-168;Abu Bakar;PERSON;1128.0;1137.0;1.0;gold
000071-004;165-168;Ummul Khair;PERSON;1205.0;1216.0;1.0;gold
000071-004;165-168;Ummul Khair;PERSON;1324.0;1335.0;1.0;gold
000071-004;165-168;Abu Bakar;PERSON;1358.0;1367.0;1.0;gold
000071-005;165-168;Ummul Khair;PERSON;51.0;62.0;1.0;gold
000071-005;165-168;Ummul Khair;PERSON;170.0;181.0;1.0;gold
000071-005;165-168;Abu Bakar;PERSON;204.0;213.0;1.0;gold
000071-005;165-168;Abu Bakar;PERSON;250.0;259.0;1.0;gold
000071-005;165-168;Rasulullah;PERSON;313.0;323.0;1.0;gold
000071-005;165-168;Ummu Jamil binti Al-Khaththab;PERSON;365.0;394.0;1.0;gold
000071-005;165-168;Ummul Khair;PERSON;417.0;428.0;1.0;gold
000071-005;165-168;Ummu Jamil;PERSON;443.0;453.0;1.0;gold
000071-005;165-168;Abu Bakar;PERSON;494.0;503.0;1.0;gold
000071-005;165-168;Muhammad bin Abdullah;PERSON;530.0;551.0;1.0;gold
000071-005;165-168;Ummu Jamil;PERSON;554.0;564.0;1.0;gold
000071-005;165-168;Bakar;PERSON;601.0;606.0;1.0;gold
000071-005;165-168;Muhammad bin Abdullah;PERSON;611.0;632.0;1.0;gold
000071-005;165-168;Ummul Khair;PERSON;746.0;757.0;1.0;gold
000071-005;165-168;Ummu Jamil;PERSON;764.0;774.0;1.0;gold
000071-005;165-168;Abu Bakar;PERSON;806.0;815.0;1.0;gold
000071-005;165-168;Ummu Jamil;PERSON;845.0;855.0;1.0;gold
000071-005;165-168;Rasulullah;PERSON;1129.0;1139.0;1.0;gold
000071-005;165-168;Rasulullah;PERSON;1171.0;1181.0;1.0;gold
000071-005;165-168;Abu Bakar;PERSON;1263.0;1272.0;1.0;gold
000071-006;165-168;Rasulullah;PERSON;95.0;105.0;1.0;gold
000071-006;165-168;Rasulullah;PERSON;137.0;147.0;1.0;gold
000071-006;165-168;Abu Bakar;PERSON;229.0;238.0;1.0;gold
000071-006;165-168;Abu Bakar;PERSON;328.0;337.0;1.0;gold
000071-006;165-168;Ibnul Arqam;PERSON;348.0;359.0;1.0;gold
000071-006;165-168;Ummu Jamil;PERSON;368.0;378.0;1.0;gold
000071-006;165-168;Abu Bakar;PERSON;379.0;388.0;1.0;gold
000071-006;165-168;Rasulullah;PERSON;484.0;494.0;1.0;gold
000071-006;165-168;Abu Bakar;PERSON;530.0;539.0;1.0;gold
000071-006;165-168;Abu Bakar;PERSON;625.0;634.0;1.0;gold
000071-006;165-168;Rasulullah;PERSON;658.0;668.0;1.0;gold
000071-006;165-168;Perang Uhud;EVENT;797.0;808.0;1.0;gold
000074-001;170-173;Makkah;LOCATION;1151.0;1157.0;1.0;gold
000074-002;170-173;Makkah;LOCATION;245.0;251.0;1.0;gold
000074-002;170-173;Muhammad;PERSON;706.0;714.0;1.0;gold
000074-003;170-173;Habasyah;LOCATION;198.0;206.0;1.0;gold
000074-003;170-173;Yusuf;PERSON;470.0;475.0;1.0;gold
000074-003;170-173;Yusuf;PERSON;575.0;580.0;1.0;gold
000074-003;170-173;Yusuf;PERSON;639.0;644.0;1.0;gold
000074-003;170-173;Makkah;LOCATION;676.0;682.0;1.0;gold
000074-003;170-173;Yusuf;PERSON;776.0;781.0;1.0;gold
000074-003;170-173;Ibrahim;PERSON;1326.0;1333.0;1.0;gold
000074-004;170-173;Ibrahim;PERSON;3.0;10.0;1.0;gold
000074-004;170-173;Rasulullah;PERSON;825.0;835.0;1.0;gold
000074-004;170-173;Ukazh;LOCATION;943.0;948.0;1.0;gold
000074-004;170-173;Dzil-Majaz;LOCATION;964.0;974.0;1.0;gold
000074-005;170-173;Utbah bin Rabi'ah;PERSON;141.0;158.0;1.0;gold
000074-005;170-173;Abu Thalib;PERSON;345.0;355.0;1.0;gold
000074-005;170-173;Khabbab bin Al-Aratt;PERSON;536.0;556.0;1.0;gold
000074-005;170-173;Ka'bah;LOCATION;641.0;647.0;1.0;gold
000074-005;170-173;Hadhramaut;LOCATION;1161.0;1171.0;1.0;gold
000074-006;170-173;Al-Aswad bin Al-Muththalib;PERSON;543.0;569.0;1.0;gold
000074-006;170-173;Kisra;PERSON;756.0;761.0;1.0;gold
000075-001;174-180;Rasulullah;PERSON;111.0;121.0;1.0;gold
000075-001;174-180;Tha'if;LOCATION;130.0;136.0;1.0;gold
000075-001;174-180;Makkah;LOCATION;177.0;183.0;1.0;gold
000075-001;174-180;Zaid bin Haritsah;PERSON;285.0;302.0;1.0;gold
000075-001;174-180;Tha'if;LOCATION;424.0;430.0;1.0;gold
000075-001;174-180;Amr bin Umair;PERSON;542.0;555.0;1.0;gold
000075-001;174-180;Ka'bah;LOCATION;684.0;690.0;1.0;gold
000075-001;174-180;Tha'if;LOCATION;1308.0;1314.0;1.0;gold
000075-001;174-180;Tha'if;LOCATION;1361.0;1367.0;1.0;gold
000075-002;174-180;Tha'if;LOCATION;25.0;31.0;1.0;gold
000075-002;174-180;Zaid bin Haritsah;PERSON;759.0;776.0;1.0;gold
000075-002;174-180;Utbah;PERSON;919.0;924.0;1.0;gold
000075-002;174-180;Tha'if;LOCATION;985.0;991.0;1.0;gold
000075-002;174-180;Tha'if;LOCATION;1028.0;1034.0;1.0;gold
000075-002;174-180;Rasulullah;PERSON;1036.0;1046.0;1.0;gold
000075-003;174-180;Utbah;PERSON;1110.0;1115.0;1.0;gold
000075-004;174-180;Yunus bin Matta;PERSON;369.0;384.0;1.0;gold
000075-004;174-180;Yunus bin Matta;PERSON;436.0;451.0;1.0;gold
000075-004;174-180;Rasulullah;PERSON;574.0;584.0;1.0;gold
000075-004;174-180;Rasulullah;PERSON;1108.0;1118.0;1.0;gold
000075-004;174-180;Makkah;LOCATION;1199.0;1205.0;1.0;gold
000075-004;174-180;Jibril;PERSON;1281.0;1287.0;1.0;gold
000075-004;174-180;Makkah;LOCATION;1388.0;1394.0;1.0;gold
000075-005;174-180;Jibril;PERSON;74.0;80.0;1.0;gold
000075-005;174-180;Makkah;LOCATION;181.0;187.0;1.0;gold
000075-005;174-180;Makkah;LOCATION;226.0;232.0;1.0;gold
000075-005;174-180;Abu Qubais;PERSON;247.0;257.0;1.0;gold
000075-005;174-180;Urwah bin Az-Zubair;PERSON;365.0;384.0;1.0;gold
000075-005;174-180;Aisyah;PERSON;392.0;398.0;1.0;gold
000075-005;174-180;Perang Uhud;EVENT;498.0;509.0;1.0;gold
000075-005;174-180;Aqabah;LOCATION;630.0;636.0;1.0;gold
000075-005;174-180;Ibnu Abdi;PERSON;659.0;668.0;1.0;gold
000075-005;174-180;Yalail bin Abdi;PERSON;669.0;684.0;1.0;gold
000075-005;174-180;Jibril;PERSON;913.0;919.0;1.0;gold
000075-005;174-180;Muhammad;PERSON;1275.0;1283.0;1.0;gold
000075-006;174-180;Rasulullah;PERSON;320.0;330.0;1.0;gold
000075-006;174-180;Rasulullah;PERSON;448.0;458.0;1.0;gold
000075-006;174-180;Wadi Nakhlah;LOCATION;628.0;640.0;1.0;gold
000075-006;174-180;Wadi Nakhlah;LOCATION;679.0;691.0;1.0;gold
000075-006;174-180;Wadi Nakhlah;LOCATION;945.0;957.0;1.0;gold
000075-007;174-180;Musa;PERSON;407.0;411.0;1.0;gold
000075-007;174-180;Muhammad;PERSON;787.0;795.0;1.0;gold
000075-008;174-180;Tha'if;LOCATION;1226.0;1232.0;1.0;gold
000075-008;174-180;Makkah;LOCATION;1286.0;1292.0;1.0;gold
000075-009;174-180;Zaid bin Haritsah;PERSON;178.0;195.0;1.0;gold
000075-009;174-180;Makkah;LOCATION;251.0;257.0;1.0;gold
000075-009;174-180;Zaid;PERSON;327.0;331.0;1.0;gold
000075-009;174-180;Rasulullah;PERSON;505.0;515.0;1.0;gold
000075-009;174-180;Makkah;LOCATION;561.0;567.0;1.0;gold
000075-009;174-180;Al-Akhnas bin Syariq;PERSON;672.0;692.0;1.0;gold
000075-009;174-180;Suhail bin Amr;PERSON;903.0;917.0;1.0;gold
000075-009;174-180;Ka'b;PERSON;1004.0;1008.0;1.0;gold
000075-009;174-180;Al-Muth'im bin Adi;PERSON;1048.0;1066.0;1.0;gold
000075-009;174-180;Masjidil Haram;LOCATION;1248.0;1262.0;1.0;gold
000075-009;174-180;Muhammad;PERSON;1317.0;1325.0;1.0;gold
000075-009;174-180;Makkah;LOCATION;1411.0;1417.0;1.0;gold
000075-010;174-180;Masjidil Haram;LOCATION;180.0;194.0;1.0;gold
000075-010;174-180;Muhammad;PERSON;249.0;257.0;1.0;gold
000075-010;174-180;Makkah;LOCATION;343.0;349.0;1.0;gold
000075-010;174-180;Zaid bin Haritsah;PERSON;372.0;389.0;1.0;gold
000075-010;174-180;Masjidil Haram;LOCATION;407.0;421.0;1.0;gold
000075-010;174-180;Muhammad;PERSON;589.0;597.0;1.0;gold
000075-010;174-180;Muth'im bin Adi;PERSON;818.0;833.0;1.0;gold
000075-010;174-180;Abu Jahal;PERSON;950.0;959.0;1.0;gold
000075-010;174-180;Abu Rasulullah;PERSON;1216.0;1230.0;1.0;gold
000075-010;174-180;Perang Badr;EVENT;1333.0;1344.0;1.0;gold
000075-011;174-180;Thaif;LOCATION;163.0;168.0;1.0;gold
000075-011;174-180;Tha'if;LOCATION;197.0;203.0;1.0;gold
000075-011;174-180;Ibnu Hisyam;PERSON;244.0;255.0;1.0;gold
000076-001;181;bulan Juli tahun 619 M;TIME;94.0;116.0;1.0;gold
000076-001;181;Rasulullah;PERSON;118.0;128.0;1.0;gold
000076-001;181;Makkah;LOCATION;140.0;146.0;1.0;gold
000077-001;181-182;Rasulullah;PERSON;100.0;110.0;1.0;gold
000077-001;181-182;Amir bin Sha'sha'ah;PERSON;146.0;165.0;1.0;gold
000077-001;181-182;Muharib bin Khashafah;PERSON;167.0;188.0;1.0;gold
000077-001;181-182;Al-Harits bin Ka'b;PERSON;278.0;296.0;1.0;gold
000077-001;181-182;Ibnu Ishaq;PERSON;908.0;918.0;1.0;gold
000077-002;181-182;Amir bin Sha'sha';PERSON;230.0;247.0;1.0;gold
000077-002;181-182;Baiharah bin Firas;PERSON;310.0;328.0;1.0;gold
000077-002;181-182;Makkah;LOCATION;1169.0;1175.0;1.0;gold
000077-002;181-182;Abdul Muththalib;PERSON;1249.0;1265.0;1.0;gold
000077-003;181-182;Isma'il;PERSON;364.0;371.0;1.0;gold
000078-001;182-188;Rasulullah;PERSON;11.0;21.0;1.0;gold
000078-001;182-188;Suwaid bin Shamit;PERSON;300.0;317.0;1.0;gold
000078-001;182-188;Yastrib;LOCATION;381.0;388.0;1.0;gold
000078-001;182-188;Makkah;LOCATION;528.0;534.0;1.0;gold
000078-001;182-188;Rasulullah;PERSON;573.0;583.0;1.0;gold
000078-001;182-188;Yastrib;LOCATION;1181.0;1188.0;1.0;gold
000078-001;182-188;Madinah;LOCATION;1190.0;1197.0;1.0;gold
000078-001;182-188;Perang Bu'ats;EVENT;1219.0;1232.0;1.0;gold
000078-001;182-188;Iyas bin Mu'adz;PERSON;1296.0;1311.0;1.0;gold
000078-001;182-188;Yastrib;LOCATION;1351.0;1358.0;1.0;gold
000078-001;182-188;Makkah;LOCATION;1375.0;1381.0;1.0;gold
000078-002;182-188;Iyas bin Mu'adz;PERSON;0.0;15.0;1.0;gold
000078-002;182-188;Yastrib;LOCATION;55.0;62.0;1.0;gold
000078-002;182-188;Makkah;LOCATION;79.0;85.0;1.0;gold
000078-002;182-188;Perang Bu'ats;EVENT;229.0;242.0;1.0;gold
000078-002;182-188;Iyas bin Mu'adz;PERSON;933.0;948.0;1.0;gold
000078-002;182-188;Abul Haisar;PERSON;1031.0;1042.0;1.0;gold
000078-002;182-188;Anas bin Rafi';PERSON;1043.0;1057.0;1.0;gold
000078-003;182-188;Rasulullah;PERSON;71.0;81.0;1.0;gold
000078-003;182-188;Yastrib;LOCATION;111.0;118.0;1.0;gold
000078-003;182-188;Yastrib;LOCATION;232.0;239.0;1.0;gold
000078-003;182-188;Abu Dzarr;PERSON;401.0;410.0;1.0;gold
000078-003;182-188;Yastrib;LOCATION;457.0;464.0;1.0;gold
000078-003;182-188;Yastrib;LOCATION;521.0;528.0;1.0;gold
000078-003;182-188;Suwaid bin Shamit;PERSON;546.0;563.0;1.0;gold
000078-003;182-188;Iyas bin Mu'adz;PERSON;568.0;583.0;1.0;gold
000078-003;182-188;Abu Dzarr;PERSON;631.0;640.0;1.0;gold
000078-003;182-188;Ibnu Abbas;PERSON;709.0;719.0;1.0;gold
000078-003;182-188;Abu Dzarr;PERSON;737.0;746.0;1.0;gold
000078-003;182-188;Makkah;LOCATION;822.0;828.0;1.0;gold
000078-003;182-188;Makkah;LOCATION;1409.0;1415.0;1.0;gold
000078-004;182-188;Makkah;LOCATION;144.0;150.0;1.0;gold
000078-004;182-188;Zamzam;LOCATION;264.0;270.0;1.0;gold
000078-004;182-188;Ali;PERSON;296.0;299.0;1.0;gold
000078-004;182-188;Ibnu Hisyam;PERSON;396.0;407.0;1.0;gold
000078-004;182-188;Ali;PERSON;805.0;808.0;1.0;gold
000078-004;182-188;Ali;PERSON;1080.0;1083.0;1.0;gold
000078-005;182-188;Abu Dzarr;PERSON;688.0;697.0;1.0;gold
000078-005;182-188;Muhammad;PERSON;1167.0;1175.0;1.0;gold
000078-005;182-188;Al-Abbas;PERSON;1338.0;1346.0;1.0;gold
000078-006;182-188;Al-Abbas;PERSON;0.0;8.0;1.0;gold
000078-006;182-188;Al-Abbas;PERSON;517.0;525.0;1.0;gold
000078-006;182-188;Thufail bin Amr;PERSON;596.0;611.0;1.0;gold
000078-006;182-188;Yaman;LOCATION;815.0;820.0;1.0;gold
000078-006;182-188;Makkah;LOCATION;836.0;842.0;1.0;gold
000078-006;182-188;Makkah;LOCATION;894.0;900.0;1.0;gold
000078-006;182-188;Makkah;LOCATION;935.0;941.0;1.0;gold
000078-007;182-188;Ka'bah;LOCATION;521.0;527.0;1.0;gold
000078-008;182-188;Perang Al-Khandaq;EVENT;1348.0;1365.0;1.0;gold
000078-009;182-188;Perang Al-Khandaq;EVENT;171.0;188.0;1.0;gold
000078-009;182-188;Yaman;LOCATION;350.0;355.0;1.0;gold
000078-009;182-188;Makkah;LOCATION;431.0;437.0;1.0;gold
000078-009;182-188;Muhammad;PERSON;487.0;495.0;1.0;gold
000078-009;182-188;Muhammad;PERSON;665.0;673.0;1.0;gold
000078-009;182-188;Rasulullah;PERSON;761.0;771.0;1.0;gold
000078-009;182-188;Ibnu Hisyam;PERSON;854.0;865.0;1.0;gold
000078-009;182-188;Muhammad;PERSON;1265.0;1273.0;1.0;gold
000079-001;188-190;bulan Juli tahun 620 M;TIME;60.0;82.0;1.0;gold
000079-001;188-190;Rasulullah;PERSON;387.0;397.0;1.0;gold
000079-001;188-190;Makkah;LOCATION;432.0;438.0;1.0;gold
000079-001;188-190;Makkah;LOCATION;625.0;631.0;1.0;gold
000079-001;188-190;Abu Bakar;PERSON;693.0;702.0;1.0;gold
000079-001;188-190;Ali;PERSON;707.0;710.0;1.0;gold
000079-001;188-190;Syaiban bin Tsa'labah;PERSON;762.0;783.0;1.0;gold
000079-001;188-190;Abu Bakar;PERSON;826.0;835.0;1.0;gold
000079-001;188-190;Rasulullah;PERSON;1010.0;1020.0;1.0;gold
000079-001;188-190;Aqabah;LOCATION;1030.0;1036.0;1.0;gold
000079-001;188-190;Mina;LOCATION;1040.0;1044.0;1.0;gold
000079-001;188-190;Yastrib;LOCATION;1181.0;1188.0;1.0;gold
000079-001;188-190;As'ad bin Zurarah;PERSON;1236.0;1253.0;1.0;gold
000079-001;188-190;Auf bin Al-Harits bin Rifa'ah bin Afra;PERSON;1279.0;1317.0;1.0;gold
000079-001;188-190;Malik bin Al-Ajlan;PERSON;1426.0;1444.0;1.0;gold
000079-002;188-190;Malik bin Al-Ajlan;PERSON;10.0;28.0;1.0;gold
000079-002;188-190;Quthbah bin Amir bin Hadidah;PERSON;50.0;78.0;1.0;gold
000079-002;188-190;Uqbah bin Amir bin Nabi;PERSON;101.0;124.0;1.0;gold
000079-002;188-190;Ubaid bin Ka'b;PERSON;136.0;150.0;1.0;gold
000079-002;188-190;Jabir bin Abdullah bin Ri'ab;PERSON;154.0;182.0;1.0;gold
000079-002;188-190;Ubaid bin Ghanm;PERSON;194.0;209.0;1.0;gold
000079-002;188-190;Madinah;LOCATION;297.0;304.0;1.0;gold
000079-002;188-190;Yastrib;LOCATION;1190.0;1197.0;1.0;gold
000079-003;188-190;Madinah;LOCATION;409.0;416.0;1.0;gold
000079-003;188-190;Madinah;LOCATION;514.0;521.0;1.0;gold
000079-003;188-190;Rasulullah;PERSON;552.0;562.0;1.0;gold
000079-003;188-190;Ibnu Hisyam;PERSON;606.0;617.0;1.0;gold
000079-003;188-190;Aisyah;PERSON;685.0;691.0;1.0;gold
000079-003;188-190;Madinah;LOCATION;758.0;765.0;1.0;gold
000079-003;188-190;Baitul Maqdis;LOCATION;831.0;844.0;1.0;gold
000079-003;188-190;Rasulullah;PERSON;853.0;863.0;1.0;gold
000080-001;191-197;Isra' dan Mi'raj;EVENT;181.0;197.0;1.0;gold
000080-001;191-197;Isra';EVENT;286.0;291.0;1.0;gold
000080-001;191-197;Ath-Thabari;PERSON;379.0;390.0;1.0;gold
000080-001;191-197;Isra';EVENT;395.0;400.0;1.0;gold
000080-001;191-197;Al-Qurthubi;PERSON;475.0;486.0;1.0;gold
000080-001;191-197;Isra';EVENT;491.0;496.0;1.0;gold
000080-001;191-197;malam tanggal 27 bulan Rajab;TIME;510.0;538.0;1.0;gold
000080-001;191-197;Isra';EVENT;633.0;638.0;1.0;gold
000080-001;191-197;bulan Muharram;TIME;684.0;698.0;1.0;gold
000080-001;191-197;Isra';EVENT;744.0;749.0;1.0;gold
000080-001;191-197;bulan Muharram;TIME;806.0;820.0;1.0;gold
000080-001;191-197;Isra';EVENT;866.0;871.0;1.0;gold
000080-001;191-197;bulan Rabi'ul Awwal;TIME;914.0;933.0;1.0;gold
000080-001;191-197;Khadijah;PERSON;1019.0;1027.0;1.0;gold
000080-001;191-197;bulan Ramadhan;TIME;1051.0;1065.0;1.0;gold
000080-001;191-197;Isra';EVENT;1241.0;1246.0;1.0;gold
000080-001;191-197;Isra';EVENT;1349.0;1354.0;1.0;gold
000080-001;191-197;Isra';EVENT;1373.0;1378.0;1.0;gold
000080-002;191-197;Isra';EVENT;30.0;35.0;1.0;gold
000080-002;191-197;Isra';EVENT;54.0;59.0;1.0;gold
000080-002;191-197;Ibnul Qayyim;PERSON;198.0;210.0;1.0;gold
000080-002;191-197;Rasulullah;PERSON;250.0;260.0;1.0;gold
000080-002;191-197;Masjidil Haram;LOCATION;295.0;309.0;1.0;gold
000080-002;191-197;Baitul Maqdis;LOCATION;313.0;326.0;1.0;gold
000080-002;191-197;Jibril;PERSON;363.0;369.0;1.0;gold
000080-002;191-197;Baitul Maqdis;LOCATION;505.0;518.0;1.0;gold
000080-002;191-197;Jibril;PERSON;555.0;561.0;1.0;gold
000080-002;191-197;Jibril;PERSON;563.0;569.0;1.0;gold
000080-002;191-197;Adam;PERSON;658.0;662.0;1.0;gold
000080-002;191-197;Adam;PERSON;717.0;721.0;1.0;gold
000080-002;191-197;Jibril;PERSON;962.0;968.0;1.0;gold
000080-002;191-197;Yahya bin Zakaria;PERSON;1028.0;1045.0;1.0;gold
000080-002;191-197;Isa bin Maryam;PERSON;1050.0;1064.0;1.0;gold
000080-002;191-197;Yusuf;PERSON;1264.0;1269.0;1.0;gold
000080-002;191-197;Yusuf;PERSON;1300.0;1305.0;1.0;gold
000080-002;191-197;Idris;PERSON;1439.0;1444.0;1.0;gold
000080-003;191-197;Idris;PERSON;23.0;28.0;1.0;gold
000080-003;191-197;Idris;PERSON;59.0;64.0;1.0;gold
000080-003;191-197;Harun bin Imran;PERSON;197.0;212.0;1.0;gold
000080-003;191-197;Harun bin Imran;PERSON;243.0;258.0;1.0;gold
000080-003;191-197;Musa bin Imran;PERSON;391.0;405.0;1.0;gold
000080-003;191-197;Musa bin Imran;PERSON;436.0;450.0;1.0;gold
000080-003;191-197;Musa;PERSON;561.0;565.0;1.0;gold
000080-003;191-197;Musa;PERSON;624.0;628.0;1.0;gold
000080-003;191-197;Ibrahim;PERSON;850.0;857.0;1.0;gold
000080-003;191-197;Ibrahim;PERSON;887.0;894.0;1.0;gold
000080-003;191-197;Sidratul Muntaha;LOCATION;996.0;1012.0;1.0;gold
000080-003;191-197;Al-Baitul-Ma'mur;LOCATION;1039.0;1055.0;1.0;gold
000080-003;191-197;Musa;PERSON;1369.0;1373.0;1.0;gold
000080-003;191-197;Musa;PERSON;1416.0;1420.0;1.0;gold
000080-004;191-197;Musa;PERSON;175.0;179.0;1.0;gold
000080-004;191-197;Jibril;PERSON;206.0;212.0;1.0;gold
000080-004;191-197;Jibril;PERSON;240.0;246.0;1.0;gold
000080-004;191-197;Jibril;PERSON;332.0;338.0;1.0;gold
000080-004;191-197;Musa;PERSON;577.0;581.0;1.0;gold
000080-004;191-197;Musa;PERSON;691.0;695.0;1.0;gold
000080-004;191-197;Musa;PERSON;736.0;740.0;1.0;gold
000080-004;191-197;Musa;PERSON;803.0;807.0;1.0;gold
000080-004;191-197;Ibnul Qayyim;PERSON;1082.0;1094.0;1.0;gold
000080-004;191-197;Ibnu Taimiyah;PERSON;1201.0;1214.0;1.0;gold
000080-005;191-197;Ibnu Abbas;PERSON;144.0;154.0;1.0;gold
000080-005;191-197;Jibril;PERSON;432.0;438.0;1.0;gold
000080-005;191-197;Aisyah;PERSON;467.0;473.0;1.0;gold
000080-005;191-197;Ibnu Mas'ud;PERSON;478.0;489.0;1.0;gold
000080-005;191-197;Jibril;PERSON;701.0;707.0;1.0;gold
000080-005;191-197;Sidratul Muntaha;LOCATION;740.0;756.0;1.0;gold
000080-005;191-197;Jibril;PERSON;785.0;791.0;1.0;gold
000080-005;191-197;Sidratul Muntaha;LOCATION;861.0;877.0;1.0;gold
000080-005;191-197;Mi'raj;EVENT;965.0;971.0;1.0;gold
000080-005;191-197;Nil;LOCATION;1374.0;1377.0;1.0;gold
000080-005;191-197;Eufrat;LOCATION;1382.0;1388.0;1.0;gold
000080-006;191-197;Nil;LOCATION;34.0;37.0;1.0;gold
000080-006;191-197;Eufrat;LOCATION;42.0;48.0;1.0;gold
000080-006;191-197;Nil;LOCATION;123.0;126.0;1.0;gold
000080-006;191-197;Eufrat;LOCATION;131.0;137.0;1.0;gold
000080-006;191-197;Makkah;LOCATION;1367.0;1373.0;1.0;gold
000080-007;191-197;Isra';EVENT;396.0;401.0;1.0;gold
000080-007;191-197;Ibnul Qayyim;PERSON;402.0;414.0;1.0;gold
000080-007;191-197;Rasulullah;PERSON;446.0;456.0;1.0;gold
000080-007;191-197;Baitul Maqdis;LOCATION;698.0;711.0;1.0;gold
000080-008;191-197;Abu Bakar;PERSON;252.0;261.0;1.0;gold
000080-008;191-197;Ibrahim;PERSON;629.0;636.0;1.0;gold
000080-008;191-197;Ibrahim;PERSON;739.0;746.0;1.0;gold
000080-008;191-197;Musa;PERSON;808.0;812.0;1.0;gold
000080-008;191-197;Ibnu Hisyam;PERSON;1129.0;1140.0;1.0;gold
000080-008;191-197;Ibnu Hisyam;PERSON;1195.0;1206.0;1.0;gold
000080-009;191-197;Ibnu Hisyam;PERSON;120.0;131.0;1.0;gold
000080-009;191-197;Ibnu Hisyam;PERSON;186.0;197.0;1.0;gold
000080-009;191-197;Isra' Mi'raj;EVENT;674.0;686.0;1.0;gold
000080-009;191-197;Isra';EVENT;1029.0;1034.0;1.0;gold
000080-009;191-197;Isra';EVENT;1066.0;1071.0;1.0;gold
000080-010;191-197;Isra';EVENT;87.0;92.0;1.0;gold
000080-010;191-197;Baitul Maqdis;LOCATION;121.0;134.0;1.0;gold
000080-010;191-197;Rasulullah;PERSON;344.0;354.0;1.0;gold
000080-010;191-197;Ibrahim;PERSON;399.0;406.0;1.0;gold
000080-010;191-197;Rasulullah;PERSON;810.0;820.0;1.0;gold
000080-010;191-197;Makkah;LOCATION;869.0;875.0;1.0;gold
000080-011;191-197;Nuh;PERSON;513.0;516.0;1.0;gold
000080-011;191-197;Rasulullah;PERSON;1013.0;1023.0;1.0;gold
000080-011;191-197;Isra';EVENT;1334.0;1339.0;1.0;gold
000080-011;191-197;Aqabah;LOCATION;1368.0;1374.0;1.0;gold
000080-011;191-197;Aqabah;LOCATION;1410.0;1416.0;1.0;gold
000081-001;198;Yastrib;LOCATION;75.0;82.0;1.0;gold
000081-001;198;Rasulullah;PERSON;179.0;189.0;1.0;gold
000081-001;198;Makkah;LOCATION;280.0;286.0;1.0;gold
000081-001;198;Rasulullah;PERSON;391.0;401.0;1.0;gold
000081-001;198;Jabir bin Abdullah bin Ri'ab;PERSON;469.0;497.0;1.0;gold
000081-001;198;Mu'adz bin Al-Harits bin Afra';PERSON;534.0;564.0;1.0;gold
000081-001;198;Dzakwan bin Abdul Qais;PERSON;602.0;624.0;1.0;gold
000081-001;198;Ubadah bin Ash-Shamit;PERSON;659.0;680.0;1.0;gold
000081-001;198;Yazin bin Tsa'labah;PERSON;714.0;733.0;1.0;gold
000081-001;198;Al-Abbas bin Ubadah bin Nadhlah;PERSON;775.0;806.0;1.0;gold
000081-001;198;Abul Haritsam bin At-Taihan;PERSON;841.0;868.0;1.0;gold
000081-001;198;Uwaim bin Sa'idah;PERSON;902.0;919.0;1.0;gold
000081-001;198;Amr bin Auf;PERSON;931.0;942.0;1.0;gold
000081-001;198;Rasulullah;PERSON;967.0;977.0;1.0;gold
000081-001;198;Aqabah;LOCATION;981.0;987.0;1.0;gold
000081-001;198;Mina;LOCATION;991.0;995.0;1.0;gold
000081-001;198;Makkah;LOCATION;1074.0;1080.0;1.0;gold
000081-001;198;Ubadah bin Ash-Shamit;PERSON;1110.0;1131.0;1.0;gold
000081-001;198;Rasulullah;PERSON;1139.0;1149.0;1.0;gold
000081-002;198;Uwaim bin Sa'idah;PERSON;0.0;17.0;1.0;gold
000081-002;198;Amr bin Auf;PERSON;29.0;40.0;1.0;gold
000081-002;198;Rasulullah;PERSON;65.0;75.0;1.0;gold
000081-002;198;Aqabah;LOCATION;79.0;85.0;1.0;gold
000081-002;198;Mina;LOCATION;89.0;93.0;1.0;gold
000081-002;198;Makkah;LOCATION;172.0;178.0;1.0;gold
000081-002;198;Ubadah bin Ash-Shamit;PERSON;208.0;229.0;1.0;gold
000081-002;198;Rasulullah;PERSON;237.0;247.0;1.0;gold
000082-001;199;Yastrib;LOCATION;128.0;135.0;1.0;gold
000082-001;199;Mush'ab bin Umair;PERSON;435.0;452.0;1.0;gold
000083-001;199-202;Mush'ab bin Umair;PERSON;0.0;17.0;1.0;gold
000083-001;199-202;As'ad bin Zurarah;PERSON;36.0;53.0;1.0;gold
000083-001;199-202;Yastrib;LOCATION;113.0;120.0;1.0;gold
000083-001;199-202;Mush'ab;PERSON;172.0;179.0;1.0;gold
000083-001;199-202;As'ad bin Zurarah;PERSON;310.0;327.0;1.0;gold
000083-001;199-202;Mush'ab;PERSON;342.0;349.0;1.0;gold
000083-001;199-202;Sa'd bin Mu'adz;PERSON;617.0;632.0;1.0;gold
000083-001;199-202;Usaid bin Hudhair;PERSON;637.0;654.0;1.0;gold
000083-001;199-202;As'ad bin Zurarah;PERSON;756.0;773.0;1.0;gold
000083-001;199-202;Mush'ab;PERSON;778.0;785.0;1.0;gold
000083-001;199-202;Usaid;PERSON;807.0;812.0;1.0;gold
000083-001;199-202;As'ad bin Zurarah;PERSON;1003.0;1020.0;1.0;gold
000083-001;199-202;Usaid;PERSON;1145.0;1150.0;1.0;gold
000083-001;199-202;As'ad;PERSON;1215.0;1220.0;1.0;gold
000083-001;199-202;Usaid;PERSON;1242.0;1247.0;1.0;gold
000083-001;199-202;Mush'ab;PERSON;1265.0;1272.0;1.0;gold
000083-002;199-202;Usaid;PERSON;95.0;100.0;1.0;gold
000083-002;199-202;As'ad;PERSON;165.0;170.0;1.0;gold
000083-002;199-202;Usaid;PERSON;192.0;197.0;1.0;gold
000083-002;199-202;Mush'ab;PERSON;215.0;222.0;1.0;gold
000083-002;199-202;Mush'ab;PERSON;325.0;332.0;1.0;gold
000083-002;199-202;Usaid;PERSON;462.0;467.0;1.0;gold
000083-002;199-202;Mush'ab;PERSON;658.0;665.0;1.0;gold
000083-002;199-202;Usaid;PERSON;939.0;944.0;1.0;gold
000083-002;199-202;Mush'ab;PERSON;996.0;1003.0;1.0;gold
000083-002;199-202;Mush'ab;PERSON;1068.0;1075.0;1.0;gold
000083-002;199-202;Usaid;PERSON;1294.0;1299.0;1.0;gold
000083-003;199-202;Usaid;PERSON;121.0;126.0;1.0;gold
000083-003;199-202;Usaid;PERSON;345.0;350.0;1.0;gold
000083-003;199-202;Sa'd bin Mu'adz;PERSON;682.0;697.0;1.0;gold
000083-003;199-202;Usaid;PERSON;699.0;704.0;1.0;gold
000083-003;199-202;Usaid;PERSON;835.0;840.0;1.0;gold
000083-003;199-202;Usaid;PERSON;971.0;976.0;1.0;gold
000083-003;199-202;Usaid;PERSON;1058.0;1063.0;1.0;gold
000083-003;199-202;As'ad bin Zurarah;PERSON;1362.0;1379.0;1.0;gold
000083-004;199-202;As'ad bin Zurarah;PERSON;186.0;203.0;1.0;gold
000083-004;199-202;As'ad bin Zurarah;PERSON;449.0;466.0;1.0;gold
000083-004;199-202;Mush'ab;PERSON;471.0;478.0;1.0;gold
000083-004;199-202;Usaid;PERSON;576.0;581.0;1.0;gold
000083-004;199-202;Abu Umamah;PERSON;788.0;798.0;1.0;gold
000083-004;199-202;As'ad;PERSON;1003.0;1008.0;1.0;gold
000083-004;199-202;Mush'ab;PERSON;1027.0;1034.0;1.0;gold
000083-004;199-202;Mush'ab;PERSON;1212.0;1219.0;1.0;gold
000083-004;199-202;Sa'd bin Mu'ad;PERSON;1235.0;1249.0;1.0;gold
000083-005;199-202;Mush'ab;PERSON;94.0;101.0;1.0;gold
000083-005;199-202;Sa'd bin Mu'ad;PERSON;117.0;131.0;1.0;gold
000083-005;199-202;Sa'd bin Mu'adz;PERSON;410.0;425.0;1.0;gold
000083-005;199-202;Mush'ab;PERSON;474.0;481.0;1.0;gold
000083-006;199-202;Perang Uhud;EVENT;737.0;748.0;1.0;gold
000083-006;199-202;Perang Uhud;EVENT;760.0;771.0;1.0;gold
000083-006;199-202;Mush'ab;PERSON;995.0;1002.0;1.0;gold
000083-006;199-202;As'ad bin Zurarah;PERSON;1025.0;1042.0;1.0;gold
000083-006;199-202;Umayyah bin Zaid;PERSON;1255.0;1271.0;1.0;gold
000083-006;199-202;Qais bin Al-Aslat;PERSON;1315.0;1332.0;1.0;gold
000083-007;199-202;Qais bin Al-Aslat;PERSON;21.0;38.0;1.0;gold
000083-007;199-202;Perang Khandaq;EVENT;149.0;163.0;1.0;gold
000083-007;199-202;Mush'ab bin Umair;PERSON;257.0;274.0;1.0;gold
000083-007;199-202;Makkah;LOCATION;286.0;292.0;1.0;gold
000083-007;199-202;Yastrib;LOCATION;356.0;363.0;1.0;gold
000084-001;203-204;Yastrib;LOCATION;100.0;107.0;1.0;gold
000084-001;203-204;Makkah;LOCATION;118.0;124.0;1.0;gold
000084-001;203-204;Rasulullah;PERSON;370.0;380.0;1.0;gold
000084-001;203-204;Makkah;LOCATION;440.0;446.0;1.0;gold
000084-001;203-204;Makkah;LOCATION;461.0;467.0;1.0;gold
000084-001;203-204;Rasulullah;PERSON;526.0;536.0;1.0;gold
000084-001;203-204;Aqabah;LOCATION;638.0;644.0;1.0;gold
000084-001;203-204;hari Tasyriq;TIME;662.0;674.0;1.0;gold
000084-001;203-204;Mina;LOCATION;725.0;729.0;1.0;gold
000084-001;203-204;Ka'b bin Malik;PERSON;1017.0;1031.0;1.0;gold
000084-001;203-204;Rasulullah;PERSON;1123.0;1133.0;1.0;gold
000084-001;203-204;Aqabah;LOCATION;1151.0;1157.0;1.0;gold
000084-001;203-204;pertengahan hari-hari Tasyriq;TIME;1163.0;1192.0;1.0;gold
000084-001;203-204;Abdullah bin Amr bin Haram;PERSON;1246.0;1272.0;1.0;gold
000084-002;203-204;Abdullah bin Amr bin Haram;PERSON;0.0;26.0;1.0;gold
000084-002;203-204;Abu Jabir;PERSON;244.0;253.0;1.0;gold
000084-002;203-204;Rasulullah;PERSON;502.0;512.0;1.0;gold
000084-002;203-204;Aqabah;LOCATION;516.0;522.0;1.0;gold
000084-002;203-204;Aqabah;LOCATION;602.0;608.0;1.0;gold
000084-002;203-204;Rasulullah;PERSON;811.0;821.0;1.0;gold
000084-002;203-204;Aqabah;LOCATION;947.0;953.0;1.0;gold
000084-002;203-204;Nasibah binti Ka'b;PERSON;1027.0;1045.0;1.0;gold
000084-002;203-204;Ummu Ammarah;PERSON;1050.0;1062.0;1.0;gold
000084-002;203-204;Mazin bin An-Najj;PERSON;1073.0;1090.0;1.0;gold
000084-002;203-204;Asma binti Amr;PERSON;1099.0;1113.0;1.0;gold
000084-002;203-204;Ummu Mani';PERSON;1119.0;1129.0;1.0;gold
000084-002;203-204;Rasulullah;PERSON;1190.0;1200.0;1.0;gold
000084-002;203-204;Al-Abbas bin Abdul Muththalib;PERSON;1240.0;1269.0;1.0;gold
000085-001;204;Al-Abbas bin Abdul Muththalib;PERSON;146.0;175.0;1.0;gold
000085-001;204;Muhammad;PERSON;419.0;427.0;1.0;gold
000085-001;204;Ka'b;PERSON;958.0;962.0;1.0;gold
000085-001;204;Rasulullah;PERSON;1078.0;1088.0;1.0;gold
000085-001;204;Rasulullah;PERSON;1347.0;1357.0;1.0;gold
000086-001;204-205;Jabir;PERSON;57.0;62.0;1.0;gold
000086-001;204-205;Rasulullah;PERSON;99.0;109.0;1.0;gold
000086-001;204-205;Rasulullah;PERSON;193.0;203.0;1.0;gold
000086-001;204-205;Ka'b;PERSON;641.0;645.0;1.0;gold
000086-001;204-205;Ibnu Ishaq;PERSON;676.0;686.0;1.0;gold
000086-001;204-205;Ka'b;PERSON;747.0;751.0;1.0;gold
000086-001;204-205;Rasulullah;PERSON;767.0;777.0;1.0;gold
000086-001;204-205;Al-Barra' bin Ma'rur;PERSON;1009.0;1029.0;1.0;gold
000086-001;204-205;Rasulullah;PERSON;1225.0;1235.0;1.0;gold
000086-002;204-205;Abul Haitsam bin At-Taihan;PERSON;114.0;140.0;1.0;gold
000086-002;204-205;Al-Barra';PERSON;159.0;168.0;1.0;gold
000086-002;204-205;Rasulullah;PERSON;197.0;207.0;1.0;gold
000086-002;204-205;Rasulullah;PERSON;233.0;243.0;1.0;gold
000086-002;204-205;Ibnu Hibban;PERSON;775.0;786.0;1.0;gold
000086-002;204-205;Ibnu Ishaq;PERSON;847.0;857.0;1.0;gold
000086-002;204-205;Ubadah bin Ash-Shamit;PERSON;899.0;920.0;1.0;gold
000087-001;206;Jabir;PERSON;122.0;127.0;1.0;gold
000087-001;206;As'ad bin Zurarah;PERSON;176.0;193.0;1.0;gold
000087-001;206;As'ad;PERSON;220.0;225.0;1.0;gold
000087-001;206;As'ad;PERSON;359.0;364.0;1.0;gold
000087-001;206;As'ad;PERSON;501.0;506.0;1.0;gold
000087-001;206;Mush'ab bin Umair;PERSON;539.0;556.0;1.0;gold
000087-001;206;Ibnu Ishaq;PERSON;724.0;734.0;1.0;gold
000087-001;206;Abu Umamah;PERSON;762.0;772.0;1.0;gold
000087-001;206;As'ad bin Zurarah;PERSON;773.0;790.0;1.0;gold
000087-001;206;Jabir;PERSON;899.0;904.0;1.0;gold
000087-001;206;Rasulullah;PERSON;1168.0;1178.0;1.0;gold
000088-001;206-209;Rasulullah;PERSON;27.0;37.0;1.0;gold
000088-001;206-209;As'ad bin Zurarah bin Ads;PERSON;489.0;514.0;1.0;gold
000088-001;206-209;Sa'd bin Ar-Rabi' bin Amr;PERSON;518.0;543.0;1.0;gold
000088-001;206-209;Ibnu Ishaq;PERSON;579.0;589.0;1.0;gold
000088-001;206-209;Abul Haitsam;PERSON;661.0;673.0;1.0;gold
000088-001;206-209;Ka'b bin Malik;PERSON;702.0;716.0;1.0;gold
000088-001;206-209;Al-Barra' bin Ma'rur;PERSON;756.0;776.0;1.0;gold
000088-001;206-209;Rasulullah;PERSON;846.0;856.0;1.0;gold
000088-001;206-209;As'ad bin Zararah;PERSON;929.0;946.0;1.0;gold
000088-001;206-209;Abdullah bin Rawahah bin Tsa'labah;PERSON;1006.0;1040.0;1.0;gold
000088-001;206-209;Raff' bin Malik bin Al-Ajlan;PERSON;1044.0;1072.0;1.0;gold
000088-001;206-209;Al-Barra' bin Ma'rur bin Shahr;PERSON;1076.0;1106.0;1.0;gold
000088-001;206-209;Abdullah bin Amr bin Haram;PERSON;1110.0;1136.0;1.0;gold
000088-001;206-209;Ubadah bin Ash-Shamit bin Qais;PERSON;1140.0;1170.0;1.0;gold
000088-001;206-209;Sa'd bin Ubadah bin Dulaim;PERSON;1171.0;1197.0;1.0;gold
000088-001;206-209;Al-Mundzir bin Amr bin Khunais;PERSON;1198.0;1228.0;1.0;gold
000088-001;206-209;Usaid bin Hudhair bin Sammak;PERSON;1233.0;1261.0;1.0;gold
000088-001;206-209;Sa'd bin Khaitsamah bin Al-Harits;PERSON;1266.0;1299.0;1.0;gold
000088-001;206-209;Rifa'ah bin Abdul Mundzir bin Subair;PERSON;1304.0;1340.0;1.0;gold
000088-002;206-209;Rifa'ah bin Abdul Mundzir bin Subair;PERSON;0.0;36.0;1.0;gold
000088-002;206-209;Rasulullah;PERSON;105.0;115.0;1.0;gold
000088-002;206-209;Isa bin Maryam;PERSON;388.0;402.0;1.0;gold
000088-002;206-209;Muhammad;PERSON;1025.0;1033.0;1.0;gold
000088-002;206-209;Rasulullah;PERSON;1154.0;1164.0;1.0;gold
000088-002;206-209;Aqabah;LOCATION;1194.0;1200.0;1.0;gold
000088-003;206-209;Al-Abbas bin Ubadah bin Nadhlah;PERSON;205.0;236.0;1.0;gold
000088-003;206-209;Mina;LOCATION;345.0;349.0;1.0;gold
000088-003;206-209;Makkah;LOCATION;822.0;828.0;1.0;gold
000088-003;206-209;Yastrib;LOCATION;861.0;868.0;1.0;gold
000088-004;206-209;Abdullah bin Ubay bin Salul;PERSON;484.0;511.0;1.0;gold
000088-004;206-209;Abdullah bin Ubay;PERSON;533.0;550.0;1.0;gold
000088-004;206-209;Yastrib;LOCATION;705.0;712.0;1.0;gold
000088-004;206-209;Yastrib;LOCATION;1003.0;1010.0;1.0;gold
000088-005;206-209;Yastrib;LOCATION;175.0;182.0;1.0;gold
000088-005;206-209;Sa'd bin Ubadah;PERSON;304.0;319.0;1.0;gold
000088-005;206-209;Ibnu Hisyam;PERSON;363.0;374.0;1.0;gold
000088-005;206-209;Makkah;LOCATION;665.0;671.0;1.0;gold
000088-005;206-209;Al-Muth'im bin Adi;PERSON;691.0;709.0;1.0;gold
000088-005;206-209;Al-Harits bin Harb bin Umayyah;PERSON;714.0;744.0;1.0;gold
000088-005;206-209;Madinah;LOCATION;900.0;907.0;1.0;gold
000088-005;206-209;Madinah;LOCATION;1107.0;1114.0;1.0;gold
000088-005;206-209;Aqabah;LOCATION;1157.0;1163.0;1.0;gold
000088-005;206-209;Baiat Aqabah Kubra;EVENT;1203.0;1221.0;1.0;gold
000088-006;206-209;Yastrib;LOCATION;183.0;190.0;1.0;gold
000088-006;206-209;Makkah;LOCATION;278.0;284.0;1.0;gold
000088-006;206-209;Aqabah;LOCATION;733.0;739.0;1.0;gold
000088-006;206-209;Ibnu Hisyam;PERSON;1032.0;1043.0;1.0;gold
000089-001;210-213;Baiat Aqabah;EVENT;29.0;41.0;1.0;gold
000089-001;210-213;Rasulullah;PERSON;250.0;260.0;1.0;gold
000089-001;210-213;Hijrah;EVENT;331.0;337.0;1.0;gold
000089-001;210-213;Hijrah;EVENT;574.0;580.0;1.0;gold
000089-001;210-213;Makkah;LOCATION;921.0;927.0;1.0;gold
000089-001;210-213;Abu Salamah;PERSON;1089.0;1100.0;1.0;gold
000089-001;210-213;Baiat Aqabah Kubra;EVENT;1124.0;1142.0;1.0;gold
000089-001;210-213;Ibnu Ishaq;PERSON;1167.0;1177.0;1.0;gold
000089-001;210-213;Madinah;LOCATION;1277.0;1284.0;1.0;gold
000089-002;210-213;Abu Salamah;PERSON;183.0;194.0;1.0;gold
000089-002;210-213;Abu Salamah;PERSON;429.0;440.0;1.0;gold
000089-002;210-213;Abu Salamah;PERSON;481.0;492.0;1.0;gold
000089-002;210-213;Madinah;LOCATION;513.0;520.0;1.0;gold
000089-002;210-213;Ummu Salamah;PERSON;532.0;544.0;1.0;gold
000089-002;210-213;Ummu Salamah;PERSON;1014.0;1026.0;1.0;gold
000089-002;210-213;Madinah;LOCATION;1123.0;1130.0;1.0;gold
000089-002;210-213;Utsman bin Thalhah bin Abu Thalhah;PERSON;1259.0;1293.0;1.0;gold
000089-002;210-213;Utsman;PERSON;1326.0;1332.0;1.0;gold
000089-002;210-213;Ummu Salamah;PERSON;1343.0;1355.0;1.0;gold
000089-002;210-213;Madinah;LOCATION;1359.0;1366.0;1.0;gold
000089-002;210-213;Utsman;PERSON;1404.0;1410.0;1.0;gold
000089-003;210-213;Utsman;PERSON;36.0;42.0;1.0;gold
000089-003;210-213;Utsman;PERSON;142.0;148.0;1.0;gold
000089-003;210-213;Makkah;LOCATION;165.0;171.0;1.0;gold
000089-003;210-213;Madinah;LOCATION;208.0;215.0;1.0;gold
000089-003;210-213;Rasulullah;PERSON;677.0;687.0;1.0;gold
000089-003;210-213;Umar bin Al-Khaththab;PERSON;764.0;785.0;1.0;gold
000089-003;210-213;Iyash bin Abi Rabi'ah;PERSON;787.0;808.0;1.0;gold
000089-003;210-213;Hisyam bin Al-Ashy;PERSON;813.0;831.0;1.0;gold
000089-003;210-213;Umar;PERSON;943.0;947.0;1.0;gold
000089-003;210-213;Umar;PERSON;1037.0;1041.0;1.0;gold
000089-003;210-213;Madinah;LOCATION;1077.0;1084.0;1.0;gold
000089-004;210-213;Umar;PERSON;0.0;4.0;1.0;gold
000089-004;210-213;Umar;PERSON;94.0;98.0;1.0;gold
000089-004;210-213;Madinah;LOCATION;134.0;141.0;1.0;gold
000089-004;210-213;Abu Jahal;PERSON;164.0;173.0;1.0;gold
000089-004;210-213;Umar;PERSON;428.0;432.0;1.0;gold
000089-004;210-213;Makkah;LOCATION;704.0;710.0;1.0;gold
000089-004;210-213;Makkah;LOCATION;778.0;784.0;1.0;gold
000089-004;210-213;Abu Jahal;PERSON;793.0;802.0;1.0;gold
000089-004;210-213;Umar;PERSON;859.0;863.0;1.0;gold
000089-004;210-213;Makkah;LOCATION;1163.0;1169.0;1.0;gold
000089-004;210-213;Abu Jahal;PERSON;1215.0;1224.0;1.0;gold
000089-004;210-213;Abu Jahal;PERSON;1417.0;1426.0;1.0;gold
000089-005;210-213;Abu Jahal;PERSON;30.0;39.0;1.0;gold
000089-005;210-213;Abu Jahal;PERSON;117.0;126.0;1.0;gold
000089-005;210-213;Makkah;LOCATION;170.0;176.0;1.0;gold
000089-005;210-213;Abu Jahal;PERSON;199.0;208.0;1.0;gold
000089-005;210-213;Makkah;LOCATION;248.0;254.0;1.0;gold
000089-005;210-213;Baiat Aqabah Kubra;EVENT;573.0;591.0;1.0;gold
000089-005;210-213;Makkah;LOCATION;649.0;655.0;1.0;gold
000089-005;210-213;Rasulullah;PERSON;664.0;674.0;1.0;gold
000089-005;210-213;Abu Bakar;PERSON;677.0;686.0;1.0;gold
000089-005;210-213;Ali;PERSON;691.0;694.0;1.0;gold
000089-005;210-213;Makkah;LOCATION;742.0;748.0;1.0;gold
000089-005;210-213;Makkah;LOCATION;830.0;836.0;1.0;gold
000089-005;210-213;Rasulullah;PERSON;981.0;991.0;1.0;gold
000089-005;210-213;Walid bin Al-Walid;PERSON;1090.0;1108.0;1.0;gold
000089-005;210-213;Rasulullah;PERSON;1126.0;1136.0;1.0;gold
000089-005;210-213;Makkah;LOCATION;1214.0;1220.0;1.0;gold
000089-006;210-213;Madinah;LOCATION;374.0;381.0;1.0;gold
000089-006;210-213;Ibnu Hisyam;PERSON;409.0;420.0;1.0;gold
000089-006;210-213;Umar;PERSON;443.0;447.0;1.0;gold
000089-006;210-213;Makkah;LOCATION;572.0;578.0;1.0;gold
000089-006;210-213;Abu Bakar;PERSON;580.0;589.0;1.0;gold
000089-006;210-213;Aisyah;PERSON;652.0;658.0;1.0;gold
000089-006;210-213;Rasulullah;PERSON;674.0;684.0;1.0;gold
000089-006;210-213;Madinah;LOCATION;889.0;896.0;1.0;gold
000089-006;210-213;Habasyah;LOCATION;936.0;944.0;1.0;gold
000089-006;210-213;Madinah;LOCATION;972.0;979.0;1.0;gold
000089-006;210-213;Abu Bakar;PERSON;989.0;998.0;1.0;gold
000089-006;210-213;Rasulullah;PERSON;1043.0;1053.0;1.0;gold
000089-006;210-213;Madinah;LOCATION;1084.0;1091.0;1.0;gold
000089-006;210-213;Makkah;LOCATION;1100.0;1106.0;1.0;gold
000089-006;210-213;Madinah;LOCATION;1110.0;1117.0;1.0;gold
000089-006;210-213;Abu Bakar;PERSON;1314.0;1323.0;1.0;gold
000089-006;210-213;Abu Bakar;PERSON;1353.0;1362.0;1.0;gold
000089-006;210-213;Rasulullah;PERSON;1400.0;1410.0;1.0;gold
000090-001;214-217;Rasulullah;PERSON;52.0;62.0;1.0;gold
000090-001;214-217;Makkah;LOCATION;82.0;88.0;1.0;gold
000090-001;214-217;Madinah;LOCATION;191.0;198.0;1.0;gold
000090-001;214-217;Muhammad;PERSON;489.0;497.0;1.0;gold
000090-001;214-217;Madinah;LOCATION;1057.0;1064.0;1.0;gold
000090-001;214-217;Laut Merah;LOCATION;1164.0;1174.0;1.0;gold
000090-001;214-217;Syam;LOCATION;1185.0;1189.0;1.0;gold
000090-001;214-217;Makkah;LOCATION;1218.0;1224.0;1.0;gold
000090-001;214-217;Syam;LOCATION;1228.0;1232.0;1.0;gold
000090-001;214-217;Tha'if;LOCATION;1310.0;1316.0;1.0;gold
000090-002;214-217;Yastrib;LOCATION;191.0;198.0;1.0;gold
000090-002;214-217;Muhammad;PERSON;492.0;500.0;1.0;gold
000090-002;214-217;hari Kamis tanggal 26 Shafar tahun 14 dari nubuwah;TIME;507.0;557.0;1.0;gold
000090-002;214-217;tanggal 12 September tahun 622 M;TIME;577.0;609.0;1.0;gold
000090-002;214-217;Baiat Aqabah Kubra;EVENT;660.0;678.0;1.0;gold
000090-002;214-217;Makkah;LOCATION;721.0;727.0;1.0;gold
000090-002;214-217;Abu Jahal bin Hisyam;PERSON;1154.0;1174.0;1.0;gold
000090-002;214-217;Jubair bin Muth'im;PERSON;1204.0;1222.0;1.0;gold
000090-002;214-217;Thu'aimah bin Adi;PERSON;1227.0;1244.0;1.0;gold
000090-002;214-217;Al-Harits bin Amir;PERSON;1251.0;1269.0;1.0;gold
000090-002;214-217;Naufal bin Abdi;PERSON;1280.0;1295.0;1.0;gold
000090-002;214-217;Utbah;PERSON;1318.0;1323.0;1.0;gold
000090-002;214-217;Abu Sufyan bin Harb;PERSON;1344.0;1363.0;1.0;gold
000090-002;214-217;Syams bin Abdi;PERSON;1379.0;1393.0;1.0;gold
000090-002;214-217;An-Nadhr bin Al-Harits;PERSON;1400.0;1422.0;1.0;gold
000090-003;214-217;Utbah;PERSON;12.0;17.0;1.0;gold
000090-003;214-217;Abu Sufyan bin Harb;PERSON;38.0;57.0;1.0;gold
000090-003;214-217;Syams bin Abdi;PERSON;73.0;87.0;1.0;gold
000090-003;214-217;An-Nadhr bin Al-Harits;PERSON;94.0;116.0;1.0;gold
000090-003;214-217;Abul Bakhtari bin Hisyam;PERSON;227.0;251.0;1.0;gold
000090-003;214-217;Zam'ah bin Al-Aswad;PERSON;253.0;272.0;1.0;gold
000090-003;214-217;Hakim bin Hizam;PERSON;277.0;292.0;1.0;gold
000090-003;214-217;Asad bin Abdul Uzza;PERSON;303.0;322.0;1.0;gold
000090-003;214-217;Umayyah bin Khalaf;PERSON;379.0;397.0;1.0;gold
000090-003;214-217;Najd;LOCATION;672.0;676.0;1.0;gold
000090-003;214-217;Muhammad;PERSON;736.0;744.0;1.0;gold
000090-003;214-217;Abul Aswad;PERSON;1100.0;1110.0;1.0;gold
000090-003;214-217;Ibnu Ishaq;PERSON;1247.0;1257.0;1.0;gold
000090-003;214-217;Jibril;PERSON;1265.0;1271.0;1.0;gold
000090-004;214-217;Ibnu Ishaq;PERSON;81.0;91.0;1.0;gold
000090-004;214-217;Jibril;PERSON;99.0;105.0;1.0;gold
000090-004;214-217;Aisyah;PERSON;260.0;266.0;1.0;gold
000090-004;214-217;Abu Bakar;PERSON;287.0;296.0;1.0;gold
000090-004;214-217;Najd;LOCATION;534.0;538.0;1.0;gold
000090-004;214-217;Abul Bakhtari;PERSON;1059.0;1072.0;1.0;gold
000090-004;214-217;Najd;LOCATION;1297.0;1301.0;1.0;gold
000090-005;214-217;Abul Bakhtari;PERSON;50.0;63.0;1.0;gold
000090-005;214-217;Najd;LOCATION;288.0;292.0;1.0;gold
000090-005;214-217;Makkah;LOCATION;859.0;865.0;1.0;gold
000090-005;214-217;Abu Jahal bin Hisyam;PERSON;885.0;905.0;1.0;gold
000090-005;214-217;Abul Hakam;PERSON;1027.0;1037.0;1.0;gold
000090-005;214-217;Muhammad;PERSON;1280.0;1288.0;1.0;gold
000090-006;214-217;Najd;LOCATION;301.0;305.0;1.0;gold
000090-006;214-217;Makkah;LOCATION;407.0;413.0;1.0;gold
000090-006;214-217;Gua Tsur;LOCATION;590.0;598.0;1.0;gold
000090-006;214-217;Madinah;LOCATION;644.0;651.0;1.0;gold
000091-001;218;Jibril;PERSON;57.0;63.0;1.0;gold
000091-001;218;Abu Bakar;PERSON;352.0;361.0;1.0;gold
000091-001;218;Aisyah;PERSON;394.0;400.0;1.0;gold
000091-001;218;Abu Bakar;PERSON;483.0;492.0;1.0;gold
000091-001;218;Abu Bakar;PERSON;553.0;562.0;1.0;gold
000091-001;218;Rasulullah;PERSON;576.0;586.0;1.0;gold
000091-001;218;Abu Bakar;PERSON;688.0;697.0;1.0;gold
000091-001;218;Abu Bakar;PERSON;879.0;888.0;1.0;gold
000091-001;218;Abu Bakar;PERSON;936.0;945.0;1.0;gold
000091-001;218;Rasulullah;PERSON;962.0;972.0;1.0;gold
000091-001;218;Abu Bakar;PERSON;989.0;998.0;1.0;gold
000091-001;218;Rasulullah;PERSON;1127.0;1137.0;1.0;gold
000091-001;218;Abu Bakar;PERSON;1145.0;1154.0;1.0;gold
000091-001;218;Rasulullah;PERSON;1240.0;1250.0;1.0;gold
000091-001;218;Abu Bakar;PERSON;1294.0;1303.0;1.0;gold
000091-001;218;Rasulullah;PERSON;1317.0;1327.0;1.0;gold
000092-001;218-220;Makkah;LOCATION;106.0;112.0;1.0;gold
000092-001;218-220;Abu Jahal bin Hisyam;PERSON;240.0;260.0;1.0;gold
000092-001;218-220;Al-Hakam bin Abul Ash;PERSON;264.0;285.0;1.0;gold
000092-001;218-220;Uqbah bin Abu Mu'aith;PERSON;289.0;310.0;1.0;gold
000092-001;218-220;An-Nadhar bin Al-Harits;PERSON;314.0;337.0;1.0;gold
000092-001;218-220;Umayyah bin Khalaf;PERSON;341.0;359.0;1.0;gold
000092-001;218-220;Zam'ah bin Al-Aswad;PERSON;363.0;382.0;1.0;gold
000092-001;218-220;Thu'aimah bin Adi;PERSON;386.0;403.0;1.0;gold
000092-001;218-220;Abu Lahab;PERSON;407.0;416.0;1.0;gold
000092-001;218-220;Ubay bin Khalaf;PERSON;417.0;432.0;1.0;gold
000092-001;218-220;Nubih bin Al-Hajjaj;PERSON;437.0;456.0;1.0;gold
000092-001;218-220;Ibnu Ishaq;PERSON;481.0;491.0;1.0;gold
000092-001;218-220;Abu Jahal;PERSON;700.0;709.0;1.0;gold
000092-001;218-220;Muhammad;PERSON;836.0;844.0;1.0;gold
000092-002;218-220;Rasulullah;PERSON;210.0;220.0;1.0;gold
000093-001;220-221;Rasulullah;PERSON;161.0;171.0;1.0;gold
000093-001;220-221;Ali bin Abu Thalib;PERSON;187.0;205.0;1.0;gold
000093-001;220-221;Rasulullah;PERSON;480.0;490.0;1.0;gold
000093-001;220-221;Rasulullah;PERSON;507.0;517.0;1.0;gold
000093-001;220-221;Abu Bakar;PERSON;950.0;959.0;1.0;gold
000093-001;220-221;Abu Bakar;PERSON;993.0;1002.0;1.0;gold
000093-001;220-221;Muhammad;PERSON;1330.0;1338.0;1.0;gold
000093-002;220-221;Ali;PERSON;329.0;332.0;1.0;gold
000093-002;220-221;Muhammad;PERSON;367.0;375.0;1.0;gold
000093-002;220-221;Ali;PERSON;468.0;471.0;1.0;gold
000093-002;220-221;Muhammad;PERSON;548.0;556.0;1.0;gold
000093-002;220-221;Ali;PERSON;557.0;560.0;1.0;gold
000094-001;221;Rasulullah;PERSON;0.0;10.0;1.0;gold
000094-001;221;malam hari tanggal 27 Shafai tahun 14 nubuwah;TIME;35.0;80.0;1.0;gold
000094-001;221;Abu Bakar;PERSON;111.0;120.0;1.0;gold
000094-001;221;Makkah;LOCATION;199.0;205.0;1.0;gold
000094-001;221;Rasulullah;PERSON;252.0;262.0;1.0;gold
000094-001;221;Madinah;LOCATION;416.0;423.0;1.0;gold
000094-001;221;Yaman;LOCATION;531.0;536.0;1.0;gold
000094-001;221;Makkah;LOCATION;542.0;548.0;1.0;gold
000094-001;221;Abu Bakar;PERSON;947.0;956.0;1.0;gold
000095-002;221-223;Abu Bakar;PERSON;24.0;33.0;1.0;gold
000095-002;221-223;Abu Bakar;PERSON;50.0;59.0;1.0;gold
000095-002;221-223;Rasulullah;PERSON;132.0;142.0;1.0;gold
000095-002;221-223;Abdullah bin Abu Bakar;PERSON;326.0;348.0;1.0;gold
000095-002;221-223;Aisyah;PERSON;381.0;387.0;1.0;gold
000095-002;221-223;Makkah;LOCATION;550.0;556.0;1.0;gold
000095-002;221-223;Rasulullah;PERSON;640.0;650.0;1.0;gold
000095-002;221-223;Abu Bakar;PERSON;655.0;664.0;1.0;gold
000095-002;221-223;Abu Bakar;PERSON;811.0;820.0;1.0;gold
000095-002;221-223;Amir bin Fuhairah;PERSON;846.0;863.0;1.0;gold
000095-002;221-223;Abdullah bin Abu Bakar;PERSON;1159.0;1181.0;1.0;gold
000095-002;221-223;Makkah;LOCATION;1214.0;1220.0;1.0;gold
000095-002;221-223;Rasulullah;PERSON;1366.0;1376.0;1.0;gold
000095-003;221-223;Rasulullah;PERSON;109.0;119.0;1.0;gold
000095-003;221-223;Ali;PERSON;170.0;173.0;1.0;gold
000095-003;221-223;Ka'bah;LOCATION;199.0;205.0;1.0;gold
000095-003;221-223;Ali;PERSON;349.0;352.0;1.0;gold
000095-003;221-223;Abu Bakar;PERSON;377.0;386.0;1.0;gold
000095-003;221-223;Asma' binti Abu Bakar;PERSON;421.0;442.0;1.0;gold
000095-003;221-223;Abu Jahal;PERSON;565.0;574.0;1.0;gold
000095-003;221-223;Rasulullah;PERSON;793.0;803.0;1.0;gold
000095-003;221-223;Abu Bakar;PERSON;808.0;817.0;1.0;gold
000095-003;221-223;Makkah;LOCATION;838.0;844.0;1.0;gold
000095-003;221-223;Abu Bakar;PERSON;1381.0;1390.0;1.0;gold
000095-004;221-223;Abu Bakar;PERSON;175.0;184.0;1.0;gold
000095-004;221-223;Abu Bakar;PERSON;282.0;291.0;1.0;gold
000096-001;223-229;Rasulullah;PERSON;140.0;150.0;1.0;gold
000096-001;223-229;Madinah;LOCATION;192.0;199.0;1.0;gold
000096-001;223-229;Abdullah bin Uraiqith;PERSON;223.0;244.0;1.0;gold
000096-001;223-229;Abu Bakar;PERSON;559.0;568.0;1.0;gold
000096-001;223-229;Rasulullah;PERSON;682.0;692.0;1.0;gold
000096-001;223-229;September tahun 622 M;TIME;1014.0;1035.0;1.0;gold
000096-001;223-229;Abdullah bin Uraiqith;PERSON;1037.0;1058.0;1.0;gold
000096-001;223-229;Abu Bakar;PERSON;1088.0;1097.0;1.0;gold
000096-001;223-229;Rasulullah;PERSON;1143.0;1153.0;1.0;gold
000096-001;223-229;Asma' binti Abu Bakar;PERSON;1230.0;1251.0;1.0;gold
000096-002;223-229;Abu Bakar;PERSON;104.0;113.0;1.0;gold
000096-002;223-229;Rasulullah;PERSON;547.0;557.0;1.0;gold
000096-002;223-229;Abu Bakar;PERSON;576.0;585.0;1.0;gold
000096-002;223-229;Amir bin Fuhairah;PERSON;590.0;607.0;1.0;gold
000096-002;223-229;Abullah bin Uraiqith;PERSON;609.0;629.0;1.0;gold
000096-002;223-229;Yaman;LOCATION;752.0;757.0;1.0;gold
000096-002;223-229;Laut Merah;LOCATION;918.0;928.0;1.0;gold
000096-002;223-229;Ibnu Ishaq;PERSON;981.0;991.0;1.0;gold
000096-002;223-229;Rasulullah;PERSON;1037.0;1047.0;1.0;gold
000096-002;223-229;Makkah;LOCATION;1174.0;1180.0;1.0;gold
000096-002;223-229;Abdullah bin Uraiqith;PERSON;1282.0;1303.0;1.0;gold
000096-002;223-229;Qudaid;LOCATION;1422.0;1428.0;1.0;gold
000096-003;223-229;Abu Bakar Ash-Shiddiq;PERSON;373.0;394.0;1.0;gold
000096-003;223-229;Rasulullah;PERSON;782.0;792.0;1.0;gold
000096-003;223-229;Madinah;LOCATION;1070.0;1077.0;1.0;gold
000096-003;223-229;Makkah;LOCATION;1124.0;1130.0;1.0;gold
000096-004;223-229;Rasulullah;PERSON;188.0;198.0;1.0;gold
000096-004;223-229;Abu Bakar;PERSON;403.0;412.0;1.0;gold
000096-004;223-229;Abu Bakar;PERSON;629.0;638.0;1.0;gold
000096-004;223-229;Abu Bakar;PERSON;678.0;687.0;1.0;gold
000096-004;223-229;Abu Bakar;PERSON;843.0;852.0;1.0;gold
000096-004;223-229;Suraqah bin Malik;PERSON;914.0;931.0;1.0;gold
000096-004;223-229;Muhammad;PERSON;1308.0;1316.0;1.0;gold
000096-004;223-229;Muhammad;PERSON;1389.0;1397.0;1.0;gold
000096-005;223-229;Muhammad;PERSON;493.0;501.0;1.0;gold
000096-005;223-229;Rasulullah;PERSON;845.0;855.0;1.0;gold
000096-005;223-229;Abu Bakar;PERSON;915.0;924.0;1.0;gold
000096-006;223-229;Rasulullah;PERSON;114.0;124.0;1.0;gold
000096-006;223-229;Rasulullah;PERSON;164.0;174.0;1.0;gold
000096-006;223-229;Amir bin Fuhairah;PERSON;564.0;581.0;1.0;gold
000096-006;223-229;Rasulullah;PERSON;654.0;664.0;1.0;gold
000096-006;223-229;Abu Bakar;PERSON;712.0;721.0;1.0;gold
000096-006;223-229;Suraqah bin Malik bin Ju'syum;PERSON;860.0;889.0;1.0;gold
000096-006;223-229;Rasulullah;PERSON;953.0;963.0;1.0;gold
000096-006;223-229;Rasulullah;PERSON;1295.0;1305.0;1.0;gold
000096-006;223-229;Ummu Ma'bad;PERSON;1407.0;1418.0;1.0;gold
000096-007;223-229;Ummu Ma'bad;PERSON;52.0;63.0;1.0;gold
000096-007;223-229;Rasulullah;PERSON;236.0;246.0;1.0;gold
000096-007;223-229;Abu Bakar;PERSON;251.0;260.0;1.0;gold
000096-007;223-229;Ummu Ma'bad;PERSON;483.0;494.0;1.0;gold
000096-007;223-229;Rasulullah;PERSON;496.0;506.0;1.0;gold
000096-007;223-229;Ummu Ma'bad;PERSON;612.0;623.0;1.0;gold
000096-007;223-229;Ummu Ma'bad;PERSON;888.0;899.0;1.0;gold
000096-007;223-229;Ummu Ma'bad;PERSON;1159.0;1170.0;1.0;gold
000096-007;223-229;Ummu Ma'bad;PERSON;1256.0;1267.0;1.0;gold
000096-008;223-229;Ummu Ma'bad;PERSON;204.0;215.0;1.0;gold
000096-008;223-229;Abu Ma'bad;PERSON;465.0;475.0;1.0;gold
000096-008;223-229;Ummu Ma'bad;PERSON;819.0;830.0;1.0;gold
000096-008;223-229;Ummu Ma'bad;PERSON;861.0;872.0;1.0;gold
000096-008;223-229;Abu Ma'bad;PERSON;1064.0;1074.0;1.0;gold
000096-009;223-229;Abu Ma'bad;PERSON;78.0;88.0;1.0;gold
000096-009;223-229;Makkah;LOCATION;331.0;337.0;1.0;gold
000096-009;223-229;Makkah;LOCATION;367.0;373.0;1.0;gold
000096-009;223-229;Ummu Ma'bad;PERSON;540.0;551.0;1.0;gold
000096-009;223-229;Muhammad;PERSON;662.0;670.0;1.0;gold
000096-009;223-229;Ka'b;PERSON;786.0;790.0;1.0;gold
000096-009;223-229;Asma' binti Abu Bakar;PERSON;1012.0;1033.0;1.0;gold
000096-009;223-229;Rasulullah;PERSON;1073.0;1083.0;1.0;gold
000096-009;223-229;Makkah;LOCATION;1174.0;1180.0;1.0;gold
000096-009;223-229;Makkah;LOCATION;1381.0;1387.0;1.0;gold
000096-009;223-229;Rasulullah;PERSON;1452.0;1462.0;1.0;gold
000096-010;223-229;Rasulullah;PERSON;51.0;61.0;1.0;gold
000096-010;223-229;Abu Buraidah;PERSON;133.0;145.0;1.0;gold
000096-010;223-229;Abu Bakar;PERSON;200.0;209.0;1.0;gold
000096-010;223-229;Rasulullah;PERSON;316.0;326.0;1.0;gold
000096-010;223-229;Rasulullah;PERSON;641.0;651.0;1.0;gold
000096-010;223-229;Syam;LOCATION;757.0;761.0;1.0;gold
000097-001;229-231;hari Senin tanggal 8 Rabi'ul Awwal;TIME;5.0;39.0;1.0;gold
000097-001;229-231;tanggal 23 September 622 M;TIME;109.0;135.0;1.0;gold
000097-001;229-231;Rasulullah;PERSON;137.0;147.0;1.0;gold
000097-001;229-231;Abdullah bin Az-Zubair;PERSON;166.0;188.0;1.0;gold
000097-001;229-231;Madinah;LOCATION;237.0;244.0;1.0;gold
000097-001;229-231;Rasulullah;PERSON;269.0;279.0;1.0;gold
000097-001;229-231;Makkah;LOCATION;285.0;291.0;1.0;gold
000097-001;229-231;Rasulullah;PERSON;673.0;683.0;1.0;gold
000097-001;229-231;Urwah bin Az-Zubair;PERSON;1064.0;1083.0;1.0;gold
000097-001;229-231;tanggal 9 Rabi;TIME;1215.0;1229.0;1.0;gold
000097-001;229-231;tahun 41;TIME;1240.0;1248.0;1.0;gold
000097-001;229-231;bulan Ramadhan tahun 41 ;TIME;1329.0;1353.0;1.0;gold
000097-002;229-231;Ibnul Qayyim;PERSON;30.0;42.0;1.0;gold
000097-002;229-231;Amr bin Auf;PERSON;113.0;124.0;1.0;gold
000097-002;229-231;Jibril;PERSON;464.0;470.0;1.0;gold
000097-002;229-231;Urwah bin Az-Zubair;PERSON;581.0;600.0;1.0;gold
000097-002;229-231;Rasulullah;PERSON;646.0;656.0;1.0;gold
000097-002;229-231;Amr bin Auf;PERSON;714.0;725.0;1.0;gold
000097-002;229-231;hari Senin bulan Rabi'ul Awwal;TIME;748.0;778.0;1.0;gold
000097-002;229-231;Abu Bakar;PERSON;780.0;789.0;1.0;gold
000097-002;229-231;Rasulullah;PERSON;886.0;896.0;1.0;gold
000097-002;229-231;Abu Bakar;PERSON;926.0;935.0;1.0;gold
000097-002;229-231;Abu Bakar;PERSON;999.0;1008.0;1.0;gold
000097-002;229-231;Rasulullah;PERSON;1085.0;1095.0;1.0;gold
000097-002;229-231;Madinah;LOCATION;1116.0;1123.0;1.0;gold
000097-002;229-231;Madinah;LOCATION;1221.0;1228.0;1.0;gold
000097-003;229-231;Rasulullah;PERSON;178.0;188.0;1.0;gold
000097-003;229-231;Kultsum bin Al-Hadm;PERSON;214.0;233.0;1.0;gold
000097-003;229-231;Sa'd bin Khaitsamah;PERSON;300.0;319.0;1.0;gold
000097-003;229-231;Ali bin Abu Thalib;PERSON;370.0;388.0;1.0;gold
000097-003;229-231;Makkah;LOCATION;399.0;405.0;1.0;gold
000097-003;229-231;Rasulullah;PERSON;450.0;460.0;1.0;gold
000097-003;229-231;Madinah;LOCATION;541.0;548.0;1.0;gold
000097-003;229-231;Ibnu Hisyam;PERSON;699.0;710.0;1.0;gold
000097-003;229-231;hari Senin;TIME;813.0;823.0;1.0;gold
000097-003;229-231;Abu Bakar;PERSON;1036.0;1045.0;1.0;gold
000097-003;229-231;Madinah;LOCATION;1237.0;1244.0;1.0;gold
000097-003;229-231;Salim bin Auf;PERSON;1278.0;1291.0;1.0;gold
000098-001;231-232;Madinah;LOCATION;36.0;43.0;1.0;gold
000098-001;231-232;Yastrib;LOCATION;63.0;70.0;1.0;gold
000098-001;231-232;Madinah;LOCATION;135.0;142.0;1.0;gold
000098-001;231-232;Rasulullah;PERSON;655.0;665.0;1.0;gold
000098-002;231-232;Rasulullah;PERSON;168.0;178.0;1.0;gold
000098-002;231-232;Abu Ayyub;PERSON;214.0;223.0;1.0;gold
000098-002;231-232;Rasulullah;PERSON;270.0;280.0;1.0;gold
000098-002;231-232;Abu Ayyub;PERSON;604.0;613.0;1.0;gold
000098-002;231-232;Rasulullah;PERSON;635.0;645.0;1.0;gold
000098-002;231-232;Abu Ayyub;PERSON;702.0;711.0;1.0;gold
000098-002;231-232;Ummu Kultsum;PERSON;939.0;951.0;1.0;gold
000098-002;231-232;Madinah;LOCATION;961.0;968.0;1.0;gold
000098-002;231-232;Usamah bin Zaid;PERSON;990.0;1005.0;1.0;gold
000098-002;231-232;Ummu Aiman;PERSON;1007.0;1017.0;1.0;gold
000098-002;231-232;Abdullah bin Abu Bakar;PERSON;1019.0;1041.0;1.0;gold
000098-002;231-232;Abu Bakar;PERSON;1063.0;1072.0;1.0;gold
000098-002;231-232;Aisyah;PERSON;1088.0;1094.0;1.0;gold
000098-002;231-232;Zainab;PERSON;1106.0;1112.0;1.0;gold
000098-002;231-232;Abul Ash;PERSON;1159.0;1167.0;1.0;gold
000098-002;231-232;Makkah;LOCATION;1171.0;1177.0;1.0;gold
000098-002;231-232;Zainab;PERSON;1179.0;1185.0;1.0;gold
000098-002;231-232;Perang Badr;EVENT;1243.0;1254.0;1.0;gold
000098-002;231-232;Aisyah;PERSON;1255.0;1261.0;1.0;gold
000098-002;231-232;Rasulullah;PERSON;1279.0;1289.0;1.0;gold
000098-002;231-232;Madinah;LOCATION;1304.0;1311.0;1.0;gold
000098-002;231-232;Abu Bakar;PERSON;1323.0;1332.0;1.0;gold
000098-002;231-232;Bilal;PERSON;1337.0;1342.0;1.0;gold
000098-003;231-232;Zainab;PERSON;0.0;6.0;1.0;gold
000098-003;231-232;Perang Badr;EVENT;64.0;75.0;1.0;gold
000098-003;231-232;Aisyah;PERSON;76.0;82.0;1.0;gold
000098-003;231-232;Rasulullah;PERSON;100.0;110.0;1.0;gold
000098-003;231-232;Madinah;LOCATION;125.0;132.0;1.0;gold
000098-003;231-232;Abu Bakar;PERSON;144.0;153.0;1.0;gold
000098-003;231-232;Bilal;PERSON;158.0;163.0;1.0;gold
000098-003;231-232;Bilal;PERSON;266.0;271.0;1.0;gold
000098-003;231-232;Abu Bakar;PERSON;310.0;319.0;1.0;gold
000098-003;231-232;Aisyah;PERSON;485.0;491.0;1.0;gold
000098-003;231-232;Rasulullah;PERSON;522.0;532.0;1.0;gold
000098-003;231-232;Madinah;LOCATION;618.0;625.0;1.0;gold
000098-003;231-232;Makkah;LOCATION;656.0;662.0;1.0;gold
000098-003;231-232;Madinah;LOCATION;718.0;725.0;1.0;gold
000098-003;231-232;Rasulullah;PERSON;843.0;853.0;1.0;gold
000098-003;231-232;Makkah;LOCATION;921.0;927.0;1.0;gold
000099-001;233;Madinah;LOCATION;8.0;15.0;1.0;gold
000099-001;233;Madinah;LOCATION;191.0;198.0;1.0;gold
000099-001;233;Perjanjian Hudaibiyah;EVENT;280.0;301.0;1.0;gold
000099-001;233;Fathu Makkah;EVENT;423.0;435.0;1.0;gold
000099-001;233;bulan Ramadhan;TIME;441.0;455.0;1.0;gold
000099-001;233;Madinah;LOCATION;695.0;702.0;1.0;gold
000099-001;233;Rasulullah;PERSON;740.0;750.0;1.0;gold
000099-001;233;bulan Rabi'ul Awwal;TIME;756.0;775.0;1.0;gold
000100-001;234;Rasulullah;PERSON;419.0;429.0;1.0;gold
000100-001;234;Madinah;LOCATION;609.0;616.0;1.0;gold
000100-001;234;Madinah;LOCATION;989.0;996.0;1.0;gold
000101-001;234-236;Madinah;LOCATION;121.0;128.0;1.0;gold
000101-001;234-236;Makkah;LOCATION;163.0;169.0;1.0;gold
000101-001;234-236;Madinah;LOCATION;899.0;906.0;1.0;gold
000101-002;234-236;Rasulullah;PERSON;1054.0;1064.0;1.0;gold
000101-003;234-236;Rasulullah;PERSON;380.0;390.0;1.0;gold
000101-003;234-236;Muhammad;PERSON;519.0;527.0;1.0;gold
000101-003;234-236;Madinah;LOCATION;1116.0;1123.0;1.0;gold
000101-004;234-236;Madinah;LOCATION;171.0;178.0;1.0;gold
000102-001;236-237;Madinah;LOCATION;70.0;77.0;1.0;gold
000102-001;236-237;Rasulullah;PERSON;467.0;477.0;1.0;gold
000102-001;236-237;Abdullah bin Ubay;PERSON;659.0;676.0;1.0;gold
000102-001;236-237;Perang Bu'ats;EVENT;707.0;720.0;1.0;gold
000102-001;236-237;Madinah;LOCATION;1130.0;1137.0;1.0;gold
000102-001;236-237;Rasulullah;PERSON;1173.0;1183.0;1.0;gold
000102-001;236-237;Rasulullah;PERSON;1263.0;1273.0;1.0;gold
000102-002;236-237;Rasulullah;PERSON;388.0;398.0;1.0;gold
000103-001;237-242;Hijaz;LOCATION;130.0;135.0;1.0;gold
000103-001;237-242;Hijaz;LOCATION;233.0;238.0;1.0;gold
000103-001;237-242;Ali;PERSON;996.0;999.0;1.0;gold
000103-003;237-242;Madinah;LOCATION;576.0;583.0;1.0;gold
000103-003;237-242;Madinah;LOCATION;729.0;736.0;1.0;gold
000103-003;237-242;Madinah;LOCATION;860.0;867.0;1.0;gold
000103-003;237-242;Perang Bu ats;EVENT;999.0;1012.0;1.0;gold
000103-003;237-242;Rasulullah;PERSON;1106.0;1116.0;1.0;gold
000103-004;237-242;Yastrib;LOCATION;435.0;442.0;1.0;gold
000103-004;237-242;Yatsrib;LOCATION;1006.0;1013.0;1.0;gold
000103-004;237-242;Rasulullah;PERSON;1094.0;1104.0;1.0;gold
000103-004;237-242;Yatsrib;LOCATION;1129.0;1136.0;1.0;gold
000103-004;237-242;Ibnu Ishaq;PERSON;1267.0;1277.0;1.0;gold
000103-004;237-242;Shafiyyah;PERSON;1298.0;1307.0;1.0;gold
000103-004;237-242;Ibnu Ishaq;PERSON;1310.0;1320.0;1.0;gold
000103-004;237-242;Shafiyyah binti Huyai bin Akhthab;PERSON;1356.0;1389.0;1.0;gold
000103-004;237-242;Abu Yasir;PERSON;1468.0;1477.0;1.0;gold
000103-005;237-242;Ibnu Ishaq;PERSON;0.0;10.0;1.0;gold
000103-005;237-242;Shafiyyah binti Huyai bin Akhthab;PERSON;46.0;79.0;1.0;gold
000103-005;237-242;Abu Yasir;PERSON;158.0;167.0;1.0;gold
000103-005;237-242;Rasulullah;PERSON;291.0;301.0;1.0;gold
000103-005;237-242;Madinah;LOCATION;310.0;317.0;1.0;gold
000103-005;237-242;Amr bin Auf;PERSON;344.0;355.0;1.0;gold
000103-005;237-242;Huyai bin Akhthab;PERSON;370.0;387.0;1.0;gold
000103-005;237-242;Abu Yasir bin Akhthab;PERSON;401.0;422.0;1.0;gold
000103-005;237-242;Abdullah bin Salam;PERSON;1092.0;1110.0;1.0;gold
000103-005;237-242;Rasulullah;PERSON;1196.0;1206.0;1.0;gold
000103-005;237-242;Madinah;LOCATION;1210.0;1217.0;1.0;gold
000103-006;237-242;Rasulullah;PERSON;364.0;374.0;1.0;gold
000103-006;237-242;Abdullah bin Salam;PERSON;457.0;475.0;1.0;gold
000103-006;237-242;Abdullah bin Salam;PERSON;541.0;559.0;1.0;gold
000103-006;237-242;Rasulullah;PERSON;1131.0;1141.0;1.0;gold
000103-006;237-242;Abdullah bin Salam;PERSON;1276.0;1294.0;1.0;gold
000103-006;237-242;Muhammad;PERSON;1389.0;1397.0;1.0;gold
000103-007;237-242;Rasulullah;PERSON;310.0;320.0;1.0;gold
000103-007;237-242;Abdullah bin Salam;PERSON;455.0;473.0;1.0;gold
000103-007;237-242;Muhammad;PERSON;568.0;576.0;1.0;gold
000103-007;237-242;Ibnu Hisyam;PERSON;685.0;696.0;1.0;gold
000103-007;237-242;Rasulullah;PERSON;806.0;816.0;1.0;gold
000103-007;237-242;Madinah;LOCATION;887.0;894.0;1.0;gold
000103-008;237-242;Madinah;LOCATION;163.0;170.0;1.0;gold
000103-008;237-242;Rasulullah;PERSON;419.0;429.0;1.0;gold
000103-008;237-242;Baitullah;LOCATION;915.0;924.0;1.0;gold
000103-008;237-242;Jazirah Arab;LOCATION;1008.0;1020.0;1.0;gold
000103-008;237-242;Madinah;LOCATION;1048.0;1055.0;1.0;gold
000103-008;237-242;Madinah;LOCATION;1066.0;1073.0;1.0;gold
000103-008;237-242;Makkah;LOCATION;1340.0;1346.0;1.0;gold
000103-009;237-242;Makkah;LOCATION;193.0;199.0;1.0;gold
000103-009;237-242;Rasulullah;PERSON;934.0;944.0;1.0;gold
000103-009;237-242;Madinah;LOCATION;961.0;968.0;1.0;gold
000103-009;237-242;Rasulullah;PERSON;1052.0;1062.0;1.0;gold
000103-009;237-242;Madinah;LOCATION;1116.0;1123.0;1.0;gold
000103-010;237-242;Madinah;LOCATION;269.0;276.0;1.0;gold
000104-001;243;Rasulullah;PERSON;39.0;49.0;1.0;gold
000104-001;243;hari Jum'at tanggal 12 Rabi'ul Awwal 1 H;TIME;81.0;121.0;1.0;gold
000104-001;243;tanggal 27 September 622 M;TIME;141.0;167.0;1.0;gold
000104-001;243;Abu Ayyub;PERSON;255.0;264.0;1.0;gold
000105-001;243-244;Rasulullah;PERSON;31.0;41.0;1.0;gold
000105-001;243-244;Khaibar;LOCATION;468.0;475.0;1.0;gold
000105-001;243-244;Rasulullah;PERSON;680.0;690.0;1.0;gold
000105-001;243-244;Baitul Maqdis;LOCATION;1045.0;1058.0;1.0;gold
000105-002;243-244;Abu Ayyub;PERSON;300.0;309.0;1.0;gold
000105-002;243-244;Madinah;LOCATION;905.0;912.0;1.0;gold
000105-002;243-244;Abdullah bin Zaid bin Abdi;PERSON;1175.0;1201.0;1.0;gold
000105-002;243-244;Abu Dawud;PERSON;1293.0;1302.0;1.0;gold
000106-001;244-246;Rasulullah;PERSON;72.0;82.0;1.0;gold
000106-001;244-246;Ibnul Qayyim;PERSON;215.0;227.0;1.0;gold
000106-001;244-246;Rasulullah;PERSON;250.0;260.0;1.0;gold
000106-001;244-246;Anas bin Malik;PERSON;327.0;341.0;1.0;gold
000106-001;244-246;Perang Badr;EVENT;622.0;633.0;1.0;gold
000106-001;244-246;Muhammad;PERSON;942.0;950.0;1.0;gold
000106-001;244-246;Ibnu Hajar;PERSON;990.0;1000.0;1.0;gold
000106-001;244-246;Rasulullah;PERSON;1300.0;1310.0;1.0;gold
000106-002;244-246;Rasulullah;PERSON;182.0;192.0;1.0;gold
000106-002;244-246;Madinah;LOCATION;836.0;843.0;1.0;gold
000106-002;244-246;Rasulullah;PERSON;850.0;860.0;1.0;gold
000106-002;244-246;Abdurrahman bin Auf;PERSON;878.0;897.0;1.0;gold
000106-002;244-246;Sa'd bin Ar-Rabi';PERSON;905.0;922.0;1.0;gold
000106-003;244-246;Rasulullah;PERSON;188.0;198.0;1.0;gold
000106-003;244-246;Abu Hurairah;PERSON;340.0;352.0;1.0;gold
000107-001;246-247;Rasulullah;PERSON;48.0;58.0;1.0;gold
000107-001;246-247;Yatsrib;LOCATION;357.0;364.0;1.0;gold
000107-002;246-247;Muhammad;PERSON;1433.0;1441.0;1.0;gold
000108-001;247-250;Rasulullah;PERSON;45.0;55.0;1.0;gold
000108-001;247-250;Rasulullah;PERSON;265.0;275.0;1.0;gold
000108-001;247-250;Ibnu Hisyam;PERSON;509.0;520.0;1.0;gold
000108-001;247-250;Abdullah bin Salam;PERSON;772.0;790.0;1.0;gold
000108-001;247-250;Rasulullah;PERSON;809.0;819.0;1.0;gold
000108-001;247-250;Madinah;LOCATION;828.0;835.0;1.0;gold
000108-001;247-250;Ibnu Majah;PERSON;1242.0;1252.0;1.0;gold
000108-002;247-250;Abu Dawud;PERSON;1304.0;1313.0;1.0;gold
000108-003;247-250;Abu Dawud;PERSON;0.0;9.0;1.0;gold
000108-003;247-250;Ibnu Majah;PERSON;649.0;659.0;1.0;gold
000108-003;247-250;Abu Dawud;PERSON;1098.0;1107.0;1.0;gold
000108-004;247-250;Abdullah bin Mas'ud;PERSON;832.0;851.0;1.0;gold
000108-004;247-250;Muhammad;PERSON;1028.0;1036.0;1.0;gold
000108-005;247-250;Rasulullah;PERSON;368.0;378.0;1.0;gold
000109-001;251-252;Madinah;LOCATION;23.0;30.0;1.0;gold
000109-001;251-252;Madinah;LOCATION;652.0;659.0;1.0;gold
000109-002;251-252;Yatsrib;LOCATION;428.0;435.0;1.0;gold
000109-002;251-252;Muhammad;PERSON;701.0;709.0;1.0;gold
000109-002;251-252;Yatsrib;LOCATION;880.0;887.0;1.0;gold
000109-002;251-252;Madinah;LOCATION;1023.0;1030.0;1.0;gold
000109-002;251-252;Madinah;LOCATION;1100.0;1107.0;1.0;gold
000109-002;251-252;Rasulullah;PERSON;1161.0;1171.0;1.0;gold
000109-002;251-252;Madinah;LOCATION;1270.0;1277.0;1.0;gold
000109-003;251-252;Madinah;LOCATION;23.0;30.0;1.0;gold
000109-003;251-252;Rasulullah;PERSON;117.0;127.0;1.0;gold
000109-003;251-252;Ibnu Hisyam;PERSON;293.0;304.0;1.0;gold
000110-001;253-254;Makkah;LOCATION;98.0;104.0;1.0;gold
000110-001;253-254;Madinah;LOCATION;419.0;426.0;1.0;gold
000110-001;253-254;Abdullah bin Ubay bin Salul;PERSON;487.0;514.0;1.0;gold
000110-001;253-254;Rasulullah;PERSON;579.0;589.0;1.0;gold
000110-001;253-254;Makkah;LOCATION;655.0;661.0;1.0;gold
000110-001;253-254;Abdullah bin Ubay;PERSON;683.0;700.0;1.0;gold
000110-001;253-254;Abdullah bin Ubay;PERSON;1015.0;1032.0;1.0;gold
000110-001;253-254;Makkah;LOCATION;1115.0;1121.0;1.0;gold
000110-001;253-254;Rasulullah;PERSON;1161.0;1171.0;1.0;gold
000110-001;253-254;Abdurrahman bin Ka'b;PERSON;1225.0;1245.0;1.0;gold
000110-001;253-254;Abdullah bin Ubay;PERSON;1290.0;1307.0;1.0;gold
000110-001;253-254;Rasulullah;PERSON;1388.0;1398.0;1.0;gold
000110-002;253-254;Abdurrahman bin Ka'b;PERSON;0.0;20.0;1.0;gold
000110-002;253-254;Abdullah bin Ubay;PERSON;65.0;82.0;1.0;gold
000110-002;253-254;Rasulullah;PERSON;163.0;173.0;1.0;gold
000110-002;253-254;Abdullah bin Ubay bin Salul;PERSON;565.0;592.0;1.0;gold
000111-001;254;Sa'd bin Mu'adz;PERSON;21.0;36.0;1.0;gold
000111-001;254;Makkah;LOCATION;46.0;52.0;1.0;gold
000111-001;254;Makkah;LOCATION;79.0;85.0;1.0;gold
000111-001;254;Umayyah bin Khalaf;PERSON;107.0;125.0;1.0;gold
000111-001;254;Umayyah;PERSON;146.0;153.0;1.0;gold
000111-001;254;Ka'bah;LOCATION;224.0;230.0;1.0;gold
000111-001;254;Umayyah;PERSON;267.0;274.0;1.0;gold
000111-001;254;Ka'bah;LOCATION;288.0;294.0;1.0;gold
000111-001;254;Abu Jahal;PERSON;296.0;305.0;1.0;gold
000111-001;254;Abu Shafwan;PERSON;356.0;367.0;1.0;gold
000111-001;254;Umayyah;PERSON;399.0;406.0;1.0;gold
000111-001;254;Abu Jahal;PERSON;436.0;445.0;1.0;gold
000111-001;254;Makkah;LOCATION;499.0;505.0;1.0;gold
000111-001;254;Abu Shafwan;PERSON;697.0;708.0;1.0;gold
000112-001;254-255;Yatsrib;LOCATION;190.0;197.0;1.0;gold
000112-001;254-255;Rasulullah;PERSON;343.0;353.0;1.0;gold
000112-001;254-255;Aisyah;PERSON;719.0;725.0;1.0;gold
000112-001;254-255;Madinah;LOCATION;778.0;785.0;1.0;gold
000112-001;254-255;Rasulullah;PERSON;787.0;797.0;1.0;gold
000112-001;254-255;Sa'd bin Abi Waqqash;PERSON;1011.0;1031.0;1.0;gold
000112-001;254-255;Rasulullah;PERSON;1128.0;1138.0;1.0;gold
000112-002;254-255;Rasulullah;PERSON;90.0;100.0;1.0;gold
000112-002;254-255;Aisyah;PERSON;224.0;230.0;1.0;gold
000112-002;254-255;Rasulullah;PERSON;266.0;276.0;1.0;gold
000112-002;254-255;Rasulullah;PERSON;569.0;579.0;1.0;gold
000112-002;254-255;Ubay bin Ka'b;PERSON;639.0;652.0;1.0;gold
000112-002;254-255;Rasulullah;PERSON;689.0;699.0;1.0;gold
000112-002;254-255;Madinah;LOCATION;728.0;735.0;1.0;gold
000113-001;255-256;Madinah;LOCATION;102.0;109.0;1.0;gold
000113-001;255-256;Madinah;LOCATION;970.0;977.0;1.0;gold
000113-001;255-256;Makkah;LOCATION;1003.0;1009.0;1.0;gold
000113-001;255-256;Makkah;LOCATION;1360.0;1366.0;1.0;gold
000113-001;255-256;Syam;LOCATION;1370.0;1374.0;1.0;gold
000113-001;255-256;Rasulullah;PERSON;1409.0;1419.0;1.0;gold
000113-002;255-256;Rasulullah;PERSON;33.0;43.0;1.0;gold
000113-002;255-256;Madinah;LOCATION;251.0;258.0;1.0;gold
000113-002;255-256;Madinah;LOCATION;546.0;553.0;1.0;gold
000114-001;256-265;Madinah;LOCATION;305.0;312.0;1.0;gold
000114-001;256-265;Makkah;LOCATION;335.0;341.0;1.0;gold
000114-001;256-265;Yatsrib;LOCATION;464.0;471.0;1.0;gold
000114-001;256-265;Makkah;LOCATION;1204.0;1210.0;1.0;gold
000114-001;256-265;Jazirah Arab;LOCATION;1284.0;1296.0;1.0;gold
000114-001;256-265;tanggal 1 Ramadhan;TIME;1404.0;1422.0;1.0;gold
000114-001;256-265;tahun 623 M;TIME;1450.0;1461.0;1.0;gold
000114-002;256-265;tanggal 1 Ramadhan;TIME;45.0;63.0;1.0;gold
000114-002;256-265;tahun 623 M;TIME;91.0;102.0;1.0;gold
000114-002;256-265;Rasulullah;PERSON;138.0;148.0;1.0;gold
000114-002;256-265;Hamzah bin Abdul Muththalib;PERSON;158.0;185.0;1.0;gold
000114-002;256-265;Syam;LOCATION;276.0;280.0;1.0;gold
000114-002;256-265;Abu Jahal bin Hisyam;PERSON;315.0;335.0;1.0;gold
000114-002;256-265;Majdi bin Amr;PERSON;485.0;498.0;1.0;gold
000114-002;256-265;Hamzah;PERSON;642.0;648.0;1.0;gold
000114-002;256-265;Rasulullah;PERSON;688.0;698.0;1.0;gold
000114-002;256-265;Kannaz bin Hishn;PERSON;746.0;762.0;1.0;gold
000114-002;256-265;tanggal 1 Syawwal 1 H;TIME;808.0;829.0;1.0;gold
000114-002;256-265;Rasulullah;PERSON;831.0;841.0;1.0;gold
000114-002;256-265;Ubaidah bin Al-Harits bin Abdul Muththalib;PERSON;859.0;901.0;1.0;gold
000114-002;256-265;Abu Sufyan;PERSON;962.0;972.0;1.0;gold
000114-002;256-265;Al-Miqdad bin Amr;PERSON;1234.0;1251.0;1.0;gold
000114-002;256-265;Utbah bin Ghazwan;PERSON;1267.0;1284.0;1.0;gold
000114-003;256-265;Misthah bin Utsatsah bin Al-Muththalib bin Abdi;PERSON;157.0;204.0;1.0;gold
000114-003;256-265;Rasulullah;PERSON;288.0;298.0;1.0;gold
000114-003;256-265;Sa'd bin Abi Waqqash;PERSON;308.0;328.0;1.0;gold
000114-003;256-265;Al-Miqdad bin Amr;PERSON;760.0;777.0;1.0;gold
000114-003;256-265;Perang Abwa';EVENT;779.0;791.0;1.0;gold
000114-003;256-265;bulan Shafar 2 H;TIME;810.0;826.0;1.0;gold
000114-003;256-265;Rasulullah;PERSON;859.0;869.0;1.0;gold
000114-003;256-265;Sa'd bin Ubadah;PERSON;904.0;919.0;1.0;gold
000114-003;256-265;Madinah;LOCATION;944.0;951.0;1.0;gold
000114-003;256-265;Amr bin Makshsyi;PERSON;1189.0;1205.0;1.0;gold
000114-003;256-265;Muhammad;PERSON;1285.0;1293.0;1.0;gold
000114-004;256-265;Muhammad;PERSON;55.0;63.0;1.0;gold
000114-004;256-265;Rasulullah;PERSON;388.0;398.0;1.0;gold
000114-004;256-265;Hamzah bin Abdul Muththalib;PERSON;517.0;544.0;1.0;gold
000114-004;256-265;Perang Buwath;EVENT;549.0;562.0;1.0;gold
000114-004;256-265;bulan Rabi'ul Awwal 2 H;TIME;569.0;592.0;1.0;gold
000114-004;256-265;Rasulullah;PERSON;626.0;636.0;1.0;gold
000114-004;256-265;Umayyah bin Khalaf;PERSON;717.0;735.0;1.0;gold
000114-004;256-265;Sa'd bin Mua'dz;PERSON;907.0;922.0;1.0;gold
000114-004;256-265;Madinah;LOCATION;947.0;954.0;1.0;gold
000114-004;256-265;Sa'd bin Abi Waqqash;PERSON;1018.0;1038.0;1.0;gold
000114-004;256-265;Perang Safawan;EVENT;1043.0;1057.0;1.0;gold
000114-004;256-265;bulan Rabi'ul Awwal 2 H;TIME;1064.0;1087.0;1.0;gold
000114-004;256-265;Kurs bin Jabir;PERSON;1129.0;1143.0;1.0;gold
000114-004;256-265;Madinah;LOCATION;1254.0;1261.0;1.0;gold
000114-004;256-265;Rasulullah;PERSON;1325.0;1335.0;1.0;gold
000114-004;256-265;Badr;LOCATION;1435.0;1439.0;1.0;gold
000114-005;256-265;Perang Badr Ula;EVENT;124.0;139.0;1.0;gold
000114-005;256-265;Zaid bin Haritsah;PERSON;178.0;195.0;1.0;gold
000114-005;256-265;Madinah;LOCATION;220.0;227.0;1.0;gold
000114-005;256-265;Ali bin Abu Thalib;PERSON;281.0;299.0;1.0;gold
000114-005;256-265;Perang Dzul Usyairah;EVENT;304.0;324.0;1.0;gold
000114-005;256-265;bulan Jumadal Ula;TIME;331.0;348.0;1.0;gold
000114-005;256-265;Rasulullah;PERSON;458.0;468.0;1.0;gold
000114-005;256-265;Syam;LOCATION;535.0;539.0;1.0;gold
000114-005;256-265;Syam;LOCATION;802.0;806.0;1.0;gold
000114-005;256-265;Perang Badr Kubra;EVENT;850.0;867.0;1.0;gold
000114-005;256-265;bulan Jumadal Ula;TIME;911.0;928.0;1.0;gold
000114-005;256-265;bulan Jumadal Akhirah;TIME;951.0;972.0;1.0;gold
000114-005;256-265;Ibnu Ishaq;PERSON;992.0;1002.0;1.0;gold
000114-005;256-265;Abu Salamah;PERSON;1274.0;1285.0;1.0;gold
000114-005;256-265;Madinah;LOCATION;1322.0;1329.0;1.0;gold
000114-005;256-265;Hamzah bin Abdul Muththalib;PERSON;1384.0;1411.0;1.0;gold
000114-006;256-265;bulan Rajab 2 H;TIME;43.0;58.0;1.0;gold
000114-006;256-265;Rasulullah;PERSON;98.0;108.0;1.0;gold
000114-006;256-265;Abdullah bin Jahsi;PERSON;118.0;136.0;1.0;gold
000114-006;256-265;Rasulullah;PERSON;238.0;248.0;1.0;gold
000114-006;256-265;Abdullah bin Jahsy;PERSON;290.0;308.0;1.0;gold
000114-006;256-265;Makkah;LOCATION;568.0;574.0;1.0;gold
000114-006;256-265;Tha'if;LOCATION;579.0;585.0;1.0;gold
000114-006;256-265;Abdullah bin Jahsy;PERSON;671.0;689.0;1.0;gold
000114-006;256-265;Sa'd bin Abi Waqqash;PERSON;1104.0;1124.0;1.0;gold
000114-006;256-265;Uthbah bin Ghazwan;PERSON;1129.0;1147.0;1.0;gold
000114-006;256-265;Abdullah bin Jahsy;PERSON;1229.0;1247.0;1.0;gold
000114-007;256-265;Amr bin Al-Hadhrami;PERSON;149.0;168.0;1.0;gold
000114-007;256-265;Utsman;PERSON;170.0;176.0;1.0;gold
000114-007;256-265;Abdullah bin Al-Mughirah;PERSON;200.0;224.0;1.0;gold
000114-007;256-265;Al-Hakam bin Kaisan;PERSON;226.0;245.0;1.0;gold
000114-007;256-265;bulan Rajab;TIME;440.0;451.0;1.0;gold
000114-007;256-265;Amar bin Al-Hadhrami;PERSON;763.0;783.0;1.0;gold
000114-007;256-265;Utsman;PERSON;833.0;839.0;1.0;gold
000114-007;256-265;Madinah;LOCATION;948.0;955.0;1.0;gold
000114-007;256-265;Rasulullah;PERSON;1210.0;1220.0;1.0;gold
000114-008;256-265;Masjidil Haram;LOCATION;723.0;737.0;1.0;gold
000114-009;256-265;Rasulullah;PERSON;224.0;234.0;1.0;gold
000114-009;256-265;Rasulullah;PERSON;412.0;422.0;1.0;gold
000114-009;256-265;Perang Badr;EVENT;439.0;450.0;1.0;gold
000114-009;256-265;Kurz bin Jabir;PERSON;623.0;637.0;1.0;gold
000114-009;256-265;Abdullah bin Jahsy;PERSON;818.0;836.0;1.0;gold
000114-009;256-265;Rasulullah;PERSON;921.0;931.0;1.0;gold
000114-009;256-265;Ibnu Hisyam;PERSON;1035.0;1046.0;1.0;gold
000114-010;256-265;Madinah;LOCATION;101.0;108.0;1.0;gold
000114-010;256-265;Madinah;LOCATION;311.0;318.0;1.0;gold
000114-010;256-265;Syam;LOCATION;407.0;411.0;1.0;gold
000114-010;256-265;Badr;LOCATION;867.0;871.0;1.0;gold
000114-010;256-265;Abdullah bin Jahsy;PERSON;919.0;937.0;1.0;gold
000114-010;256-265;bulan Sya'ban 2 H;TIME;977.0;994.0;1.0;gold
000114-011;256-265;Makkah;LOCATION;374.0;380.0;1.0;gold
000114-011;256-265;Masjidil Haram;LOCATION;479.0;493.0;1.0;gold
000114-012;256-265;Muhammad;PERSON;812.0;820.0;1.0;gold
000114-012;256-265;Muhammad;PERSON;1205.0;1213.0;1.0;gold
000114-013;256-265;Muhammad;PERSON;3.0;11.0;1.0;gold
000114-013;256-265;Abdullah bin Jahsy;PERSON;572.0;590.0;1.0;gold
000114-013;256-265;Perang Badr;EVENT;784.0;795.0;1.0;gold
000114-014;256-265;bulan Sya'ban 2 H;TIME;132.0;149.0;1.0;gold
000114-014;256-265;Baitul Maqdis;LOCATION;226.0;239.0;1.0;gold
000114-014;256-265;Masjidil Haram;LOCATION;243.0;257.0;1.0;gold
000115-001;266;Makkah;LOCATION;127.0;133.0;1.0;gold
000115-001;266;Syam;LOCATION;137.0;141.0;1.0;gold
000115-001;266;Syam;LOCATION;184.0;188.0;1.0;gold
000115-001;266;Makkah;LOCATION;192.0;198.0;1.0;gold
000115-001;266;Thalhah bin Ubaidillah;PERSON;221.0;243.0;1.0;gold
000115-001;266;Sa'id bin Zaid;PERSON;248.0;262.0;1.0;gold
000115-001;266;Abu Sufyan;PERSON;423.0;433.0;1.0;gold
000115-001;266;Madinah;LOCATION;484.0;491.0;1.0;gold
000115-001;266;Rasulullah;PERSON;526.0;536.0;1.0;gold
000115-001;266;Makkah;LOCATION;596.0;602.0;1.0;gold
000115-001;266;Madinah;LOCATION;847.0;854.0;1.0;gold
000115-001;266;Rasulullah;PERSON;1062.0;1072.0;1.0;gold
000118-001;267-268;Abu Sufyan;PERSON;0.0;10.0;1.0;gold
000118-001;267-268;Makkah;LOCATION;149.0;155.0;1.0;gold
000118-001;267-268;Muhammad;PERSON;333.0;341.0;1.0;gold
000118-001;267-268;Abu Sufyan;PERSON;417.0;427.0;1.0;gold
000118-001;267-268;Dhamdham bin Amr;PERSON;437.0;453.0;1.0;gold
000118-001;267-268;Makkah;LOCATION;479.0;485.0;1.0;gold
000118-001;267-268;Muhammad;PERSON;603.0;611.0;1.0;gold
000118-001;267-268;Makkah;LOCATION;701.0;707.0;1.0;gold
000118-001;267-268;Abu Sufyan;PERSON;973.0;983.0;1.0;gold
000118-001;267-268;Muhammad;PERSON;999.0;1007.0;1.0;gold
000119-001;268-269;Muhammad;PERSON;68.0;76.0;1.0;gold
000119-001;268-269;Ibnul Hadhrami;PERSON;143.0;157.0;1.0;gold
000119-001;268-269;Makkah;LOCATION;345.0;351.0;1.0;gold
000119-001;268-269;Abu Lahab;PERSON;426.0;435.0;1.0;gold
000119-001;268-269;Makkah;LOCATION;710.0;716.0;1.0;gold
000119-001;268-269;Abu Jahal bin Hisyam;PERSON;905.0;925.0;1.0;gold
000122-001;270;Makkah;LOCATION;55.0;61.0;1.0;gold
000122-001;270;Abu Jahal;PERSON;121.0;130.0;1.0;gold
000122-001;270;Badr;LOCATION;201.0;205.0;1.0;gold
000122-001;270;Al-Akhnas bin Syariq;PERSON;488.0;508.0;1.0;gold
000122-001;270;Abu Jahal;PERSON;527.0;536.0;1.0;gold
000122-001;270;Abu Jahal;PERSON;967.0;976.0;1.0;gold
000122-001;270;Makkah;LOCATION;1107.0;1113.0;1.0;gold
000122-001;270;Badr;LOCATION;1172.0;1176.0;1.0;gold
000122-001;270;Badr;LOCATION;1217.0;1221.0;1.0;gold
000122-001;270;Badr;LOCATION;1278.0;1282.0;1.0;gold
000123-001;270-271;Madinah;LOCATION;18.0;25.0;1.0;gold
000123-001;270-271;Abu Sufyan;PERSON;78.0;88.0;1.0;gold
000123-001;270-271;Rasulullah;PERSON;96.0;106.0;1.0;gold
000123-001;270-271;Makkah;LOCATION;385.0;391.0;1.0;gold
000123-001;270-271;Madinah;LOCATION;818.0;825.0;1.0;gold
000123-001;270-271;Makkah;LOCATION;939.0;945.0;1.0;gold
000123-001;270-271;Makkah;LOCATION;994.0;1000.0;1.0;gold
000123-001;270-271;Madinah;LOCATION;1077.0;1084.0;1.0;gold
000123-001;270-271;Madinah;LOCATION;1172.0;1179.0;1.0;gold
000124-002;271-273;Rasulullah;PERSON;333.0;343.0;1.0;gold
000124-002;271-273;Rasulullah;PERSON;499.0;509.0;1.0;gold
000124-002;271-273;Baiat Aqabah;EVENT;695.0;707.0;1.0;gold
000124-002;271-273;Sa'd bin Mua'dz;PERSON;1072.0;1087.0;1.0;gold
000124-002;271-273;Rasulullah;PERSON;1170.0;1180.0;1.0;gold
000126-001;274-275;Ali bin Abu Thalib;PERSON;158.0;176.0;1.0;gold
000126-001;274-275;Az-Zubair bin Al-Awwam;PERSON;178.0;200.0;1.0;gold
000126-001;274-275;Sa'd bin Abi Waqqash;PERSON;205.0;225.0;1.0;gold
000126-001;274-275;Badr;LOCATION;280.0;284.0;1.0;gold
000126-001;274-275;Makkah;LOCATION;384.0;390.0;1.0;gold
000126-001;274-275;Rasulullah;PERSON;462.0;472.0;1.0;gold
000126-001;274-275;Abu Sufyan;PERSON;769.0;779.0;1.0;gold
000126-001;274-275;Abu Sufyan;PERSON;883.0;893.0;1.0;gold
000126-001;274-275;Abu Sufyan;PERSON;1047.0;1057.0;1.0;gold
000126-001;274-275;Rasulullah;PERSON;1120.0;1130.0;1.0;gold
000126-003;274-275;Makkah;LOCATION;27.0;33.0;1.0;gold
000129-001;277-279;Badr;LOCATION;179.0;183.0;1.0;gold
000129-001;277-279;Rasulullah;PERSON;253.0;263.0;1.0;gold
000129-001;277-279;Hakim bin Hizam;PERSON;429.0;444.0;1.0;gold
000129-001;277-279;Perang Badr;EVENT;599.0;610.0;1.0;gold
000129-001;277-279;Umair bin Wahb;PERSON;666.0;680.0;1.0;gold
000129-001;277-279;Madinah;LOCATION;754.0;761.0;1.0;gold
000129-001;277-279;Yatsrib;LOCATION;1346.0;1353.0;1.0;gold
000131-001;281-282;Al-Aswad bin Abdul Asad;PERSON;50.0;73.0;1.0;gold
000131-001;281-282;Hamzah bin Abdul Muththalib;PERSON;394.0;421.0;1.0;gold
000131-001;281-282;Hamzah;PERSON;451.0;457.0;1.0;gold
000131-001;281-282;Hamzah;PERSON;668.0;674.0;1.0;gold
000131-001;281-282;Utbah bin Rabi'ah;PERSON;895.0;912.0;1.0;gold
000131-001;281-282;Syaibah bin Rabi'ah;PERSON;914.0;933.0;1.0;gold
000131-001;281-282;Al-Walid bin Utbah;PERSON;939.0;957.0;1.0;gold
000131-001;281-282;Auf bin Al-Harits;PERSON;1090.0;1107.0;1.0;gold
000131-001;281-282;Mu'awwidz bin Al-Harits;PERSON;1109.0;1132.0;1.0;gold
000131-001;281-282;Abdullah bin Rawahah;PERSON;1170.0;1190.0;1.0;gold
000132-001;282-283;Ibnu Ishaq;PERSON;90.0;100.0;1.0;gold
000132-001;282-283;Abu Dawud;PERSON;132.0;141.0;1.0;gold
000132-001;282-283;Ali;PERSON;195.0;198.0;1.0;gold
000132-001;282-283;Hamzah;PERSON;229.0;235.0;1.0;gold
000132-001;282-283;Utbah;PERSON;254.0;259.0;1.0;gold
000132-001;282-283;Rasulullah;PERSON;294.0;304.0;1.0;gold
000132-001;282-283;Abu Bakar;PERSON;957.0;966.0;1.0;gold
000132-001;282-283;Rasulullah;PERSON;1060.0;1070.0;1.0;gold
000133-001;284;Rasulullah;PERSON;10.0;20.0;1.0;gold
000133-001;284;Abu Bakar;PERSON;137.0;146.0;1.0;gold
000133-001;284;Jibril;PERSON;155.0;161.0;1.0;gold
000133-001;284;Muhammad bin Ishaq;PERSON;221.0;239.0;1.0;gold
000133-001;284;Rasulullah;PERSON;252.0;262.0;1.0;gold
000133-001;284;Abu Bakar;PERSON;294.0;303.0;1.0;gold
000133-001;284;Jibril;PERSON;353.0;359.0;1.0;gold
000133-001;284;Rasulullah;PERSON;467.0;477.0;1.0;gold
000134-001;284-286;Muhammad;PERSON;227.0;235.0;1.0;gold
000134-001;284-286;Al-Umair bin Al-Hammam;PERSON;571.0;593.0;1.0;gold
000134-001;284-286;Rasulullah;PERSON;704.0;714.0;1.0;gold
000134-001;284-286;Auf bin Al-Harits;PERSON;1102.0;1119.0;1.0;gold
000134-001;284-286;Rasulullah;PERSON;1156.0;1166.0;1.0;gold
000134-002;284-286;Rasulullah;PERSON;535.0;545.0;1.0;gold
000134-002;284-286;Ibnu Sad;PERSON;816.0;824.0;1.0;gold
000134-002;284-286;Ibnu Abbas;PERSON;1023.0;1033.0;1.0;gold
000134-002;284-286;Jibril;PERSON;1444.0;1450.0;1.0;gold
000137-001;287-289;Abu Jahal;PERSON;74.0;83.0;1.0;gold
000137-001;287-289;Muhammad;PERSON;350.0;358.0;1.0;gold
000137-001;287-289;Utbah;PERSON;393.0;398.0;1.0;gold
000137-001;287-289;Abu Jahal;PERSON;1082.0;1091.0;1.0;gold
000137-001;287-289;Abdurrahman bin Auf;PERSON;1282.0;1301.0;1.0;gold
000137-001;287-289;Perang Badr;EVENT;1364.0;1375.0;1.0;gold
000138-001;289-293;Umar bin Al-Hammam;PERSON;53.0;71.0;1.0;gold
000138-001;289-293;Auf bin Al-Harits;PERSON;76.0;93.0;1.0;gold
000138-001;289-293;Ibnu Ishaq;PERSON;597.0;607.0;1.0;gold
000138-001;289-293;Ibnu Abbas;PERSON;626.0;636.0;1.0;gold
000138-001;289-293;Abul Bakhtari bin Hisyam;PERSON;920.0;944.0;1.0;gold
000138-001;289-293;Al-Abbas bin Al-Muththalib;PERSON;989.0;1015.0;1.0;gold
000138-001;289-293;Abu Hudzaifah bin Utbah;PERSON;1085.0;1108.0;1.0;gold
000138-001;289-293;Al-Abbas;PERSON;1201.0;1209.0;1.0;gold
000138-001;289-293;Rasulullah;PERSON;1299.0;1309.0;1.0;gold
000138-001;289-293;Abu Hudzaifah;PERSON;1339.0;1352.0;1.0;gold
000138-002;289-293;Rasulullah;PERSON;76.0;86.0;1.0;gold
000138-002;289-293;Abu Hudzaifah;PERSON;116.0;129.0;1.0;gold
000138-002;289-293;Umar bin Al-Khaththab;PERSON;163.0;184.0;1.0;gold
000138-002;289-293;Abu Hafsh;PERSON;193.0;202.0;1.0;gold
000138-002;289-293;Umar;PERSON;255.0;259.0;1.0;gold
000138-002;289-293;Rasulullah;PERSON;277.0;287.0;1.0;gold
000138-002;289-293;Abu Hudzaifah;PERSON;396.0;409.0;1.0;gold
000138-002;289-293;Abu Hudzaifah;PERSON;598.0;611.0;1.0;gold
000138-002;289-293;perang Al-Yamamah;EVENT;653.0;670.0;1.0;gold
000138-002;289-293;Abul Bakhtari;PERSON;699.0;712.0;1.0;gold
000138-002;289-293;Rasulullah;PERSON;773.0;783.0;1.0;gold
000138-002;289-293;Makkah;LOCATION;807.0;813.0;1.0;gold
000138-002;289-293;Abul Bakhtari;PERSON;1048.0;1061.0;1.0;gold
000138-002;289-293;Mujadzdzar bin Ziyad;PERSON;1104.0;1124.0;1.0;gold
000138-002;289-293;Abul Bakhtari;PERSON;1276.0;1289.0;1.0;gold
000138-002;289-293;Rasulullah;PERSON;1304.0;1314.0;1.0;gold
000138-002;289-293;Abul Bakhtari;PERSON;1397.0;1410.0;1.0;gold
000138-004;289-293;Umayyah;PERSON;77.0;84.0;1.0;gold
000138-004;289-293;Bilal;PERSON;160.0;165.0;1.0;gold
000138-004;289-293;Umayyah;PERSON;174.0;181.0;1.0;gold
000138-004;289-293;Makkah;LOCATION;197.0;203.0;1.0;gold
000138-004;289-293;Bilal;PERSON;240.0;245.0;1.0;gold
000138-004;289-293;Umayyah bin Khalaf;PERSON;283.0;301.0;1.0;gold
000138-004;289-293;Bilal;PERSON;353.0;358.0;1.0;gold
000138-004;289-293;Umayyah bin Khalaf;PERSON;654.0;672.0;1.0;gold
000138-004;289-293;Umayyah;PERSON;840.0;847.0;1.0;gold
000138-004;289-293;Umayyah;PERSON;925.0;932.0;1.0;gold
000138-004;289-293;Umayyah;PERSON;934.0;941.0;1.0;gold
000138-004;289-293;Bilal;PERSON;1251.0;1256.0;1.0;gold
000138-006;289-293;Rasulullah;PERSON;155.0;165.0;1.0;gold
000138-006;289-293;Perang Badr;EVENT;368.0;379.0;1.0;gold
000138-006;289-293;Ukkasyah bin Mihshan;PERSON;391.0;411.0;1.0;gold
000138-006;289-293;Rasulullah;PERSON;450.0;460.0;1.0;gold
000138-006;289-293;Perang Riddah;EVENT;994.0;1007.0;1.0;gold
000138-006;289-293;Mush'ab bin Umair;PERSON;1082.0;1099.0;1.0;gold
000138-006;289-293;Abu Aziz bin Umair;PERSON;1131.0;1149.0;1.0;gold
000138-006;289-293;Abu Aziz;PERSON;1240.0;1248.0;1.0;gold
000138-006;289-293;Mush'ab;PERSON;1286.0;1293.0;1.0;gold
000138-007;289-293;Mush'ab;PERSON;0.0;7.0;1.0;gold
000138-007;289-293;Abu Aziz;PERSON;248.0;256.0;1.0;gold
000138-007;289-293;Mush'ab;PERSON;300.0;307.0;1.0;gold
000138-007;289-293;Utbah bin Rabi'ah;PERSON;426.0;443.0;1.0;gold
000138-007;289-293;Rasulullah;PERSON;483.0;493.0;1.0;gold
000138-007;289-293;Utbah;PERSON;516.0;521.0;1.0;gold
000138-007;289-293;Abu Hudzaifah;PERSON;535.0;548.0;1.0;gold
000138-007;289-293;Abu Hudzaifah;PERSON;592.0;605.0;1.0;gold
000138-007;289-293;Rasulullah;PERSON;712.0;722.0;1.0;gold
000138-007;289-293;Rasulullah;PERSON;1127.0;1137.0;1.0;gold
000138-007;289-293;Abu Hudzaifah;PERSON;1162.0;1175.0;1.0;gold
000140-001;295-297;Badr;LOCATION;47.0;51.0;1.0;gold
000140-001;295-297;Makkah;LOCATION;182.0;188.0;1.0;gold
000140-001;295-297;Makkah;LOCATION;288.0;294.0;1.0;gold
000140-001;295-297;Ibnu Ishaq;PERSON;296.0;306.0;1.0;gold
000140-001;295-297;Makkah;LOCATION;371.0;377.0;1.0;gold
000140-001;295-297;Al-Haisuman bin Abdullah;PERSON;411.0;435.0;1.0;gold
000140-001;295-297;Makkah;LOCATION;503.0;509.0;1.0;gold
000140-001;295-297;Utbah bin Rabi'ah;PERSON;544.0;561.0;1.0;gold
000140-001;295-297;Syaibah bin Rabi'ah;PERSON;563.0;582.0;1.0;gold
000140-001;295-297;Abul Hakam bin Hisyam;PERSON;584.0;605.0;1.0;gold
000140-001;295-297;Umayyah bin Khalaf;PERSON;611.0;629.0;1.0;gold
000140-001;295-297;Shafwan bin Umayyah;PERSON;756.0;775.0;1.0;gold
000140-001;295-297;Shafwan bin Umayyah;PERSON;931.0;950.0;1.0;gold
000140-001;295-297;Abu Rafi';PERSON;1117.0;1126.0;1.0;gold
000140-001;295-297;Rasulullah;PERSON;1137.0;1147.0;1.0;gold
000140-001;295-297;Al-Abbas;PERSON;1183.0;1191.0;1.0;gold
000140-001;295-297;Al-Abbas;PERSON;1254.0;1262.0;1.0;gold
000140-001;295-297;Ummul Fadhl;PERSON;1288.0;1299.0;1.0;gold
000140-001;295-297;Al-Abbas;PERSON;1315.0;1323.0;1.0;gold
000140-001;295-297;Perang Badr;EVENT;1358.0;1369.0;1.0;gold
000140-001;295-297;Abu Lahab;PERSON;1371.0;1380.0;1.0;gold
000140-003;295-297;Abu Rafi';PERSON;244.0;253.0;1.0;gold
000140-003;295-297;Zamzam;LOCATION;280.0;286.0;1.0;gold
000140-003;295-297;Abu Lahab;PERSON;344.0;353.0;1.0;gold
000140-003;295-297;Ummul Fadhl;PERSON;591.0;602.0;1.0;gold
000140-003;295-297;Zamzam;LOCATION;635.0;641.0;1.0;gold
000140-003;295-297;Abu Lahab;PERSON;689.0;698.0;1.0;gold
000140-003;295-297;Ummul Fadhl;PERSON;738.0;749.0;1.0;gold
000140-003;295-297;Abu Lahab;PERSON;832.0;841.0;1.0;gold
000140-003;295-297;Abu Lahab;PERSON;894.0;903.0;1.0;gold
000141-002;297;Madinah;LOCATION;61.0;68.0;1.0;gold
000141-002;297;Madinah;LOCATION;157.0;164.0;1.0;gold
000141-002;297;Badr;LOCATION;202.0;206.0;1.0;gold
000141-002;297;Rasulullah;PERSON;248.0;258.0;1.0;gold
000141-002;297;Usamah bin Zaid;PERSON;279.0;294.0;1.0;gold
000141-002;297;Ruqayah binti Rasulullah;PERSON;373.0;397.0;1.0;gold
000141-002;297;Utsman bin Affan;PERSON;417.0;433.0;1.0;gold
000142-003;298-299;Muhammad;PERSON;105.0;113.0;1.0;gold
000142-003;298-299;Ashim bin Tsabit;PERSON;166.0;182.0;1.0;gold
000142-003;298-299;Ali bin Abu Thalib;PERSON;252.0;270.0;1.0;gold
000145-001;302-304;Badr;EVENT;121.0;125.0;1.0;gold
000146-001;305-306;Perang Badr;EVENT;0.0;11.0;1.0;gold
000146-001;305-306;Perang Badr;EVENT;582.0;593.0;1.0;gold
000146-001;305-306;Madinah;LOCATION;881.0;888.0;1.0;gold
000146-001;305-306;Abdullah bin Ubay;PERSON;1027.0;1044.0;1.0;gold
000146-001;305-306;Madinah;LOCATION;1250.0;1257.0;1.0;gold
000146-002;305-306;Madinah;LOCATION;94.0;101.0;1.0;gold
000146-002;305-306;Madinah;LOCATION;624.0;631.0;1.0;gold
000146-002;305-306;Makkah;LOCATION;865.0;871.0;1.0;gold
000146-002;305-306;Madinah;LOCATION;1267.0;1274.0;1.0;gold
000146-002;305-306;Perang Uhud;EVENT;1310.0;1321.0;1.0;gold
000147-001;306-307;Rasulullah;PERSON;41.0;51.0;1.0;gold
000147-001;306-307;Perang Badr;EVENT;60.0;71.0;1.0;gold
000147-001;306-307;Madinah;LOCATION;162.0;169.0;1.0;gold
000147-001;306-307;Al-Kudr;LOCATION;306.0;313.0;1.0;gold
000147-001;306-307;Madinah;LOCATION;690.0;697.0;1.0;gold
000147-001;306-307;Najd;LOCATION;759.0;763.0;1.0;gold
000147-001;306-307;Makkah;LOCATION;819.0;825.0;1.0;gold
000147-001;306-307;Syam;LOCATION;829.0;833.0;1.0;gold
000147-001;306-307;bulan Syawwal 2 Hijriyah;TIME;863.0;887.0;1.0;gold
000147-001;306-307;Badr;EVENT;921.0;925.0;1.0;gold
000147-001;306-307;Siba bin Arfazhah;PERSON;945.0;962.0;1.0;gold
000147-001;306-307;Madinah;LOCATION;987.0;994.0;1.0;gold
000147-001;306-307;Ibnu Ummi;PERSON;1036.0;1045.0;1.0;gold
000147-001;306-307;Perang Badr;EVENT;1053.0;1064.0;1.0;gold
000147-001;306-307;Ibnu Hisyam;PERSON;1108.0;1119.0;1.0;gold
000148-001;308-310;Perang Badr;EVENT;67.0;78.0;1.0;gold
000148-001;308-310;Makkah;LOCATION;142.0;148.0;1.0;gold
000148-001;308-310;Perang Badr;EVENT;372.0;383.0;1.0;gold
000148-001;308-310;Umair bin Wahb;PERSON;385.0;399.0;1.0;gold
000148-001;308-310;Shafwan bin Umayyah;PERSON;439.0;458.0;1.0;gold
000148-001;308-310;Makkah;LOCATION;568.0;574.0;1.0;gold
000148-001;308-310;Wahb bin Umair;PERSON;585.0;599.0;1.0;gold
000148-001;308-310;Perang Badr;EVENT;616.0;627.0;1.0;gold
000148-001;308-310;Perang Badr;EVENT;697.0;708.0;1.0;gold
000148-001;308-310;Madinah;LOCATION;1310.0;1317.0;1.0;gold
000148-002;308-310;Madinah;LOCATION;110.0;117.0;1.0;gold
000148-002;308-310;Umar bin Al-Khaththab;PERSON;119.0;140.0;1.0;gold
000148-002;308-310;Perang Badr;EVENT;203.0;214.0;1.0;gold
000148-002;308-310;Umar;PERSON;317.0;321.0;1.0;gold
000148-002;308-310;Umar;PERSON;410.0;414.0;1.0;gold
000148-002;308-310;Umar;PERSON;594.0;598.0;1.0;gold
000148-002;308-310;Rasulullah;PERSON;656.0;666.0;1.0;gold
000148-002;308-310;Umar;PERSON;873.0;877.0;1.0;gold
000148-002;308-310;Umar;PERSON;955.0;959.0;1.0;gold
000148-003;308-310;Shafwan bin Umayyah;PERSON;275.0;294.0;1.0;gold
000148-003;308-310;Muhammad;PERSON;618.0;626.0;1.0;gold
000148-003;308-310;Rasulullah;PERSON;868.0;878.0;1.0;gold
000148-004;308-310;Makkah;LOCATION;299.0;305.0;1.0;gold
000148-004;308-310;Badr;LOCATION;446.0;450.0;1.0;gold
000148-004;308-310;Makkah;LOCATION;760.0;766.0;1.0;gold
000149-001;310;Rasulullah;PERSON;93.0;103.0;1.0;gold
000150-001;310-312;Ibnu Ishaq;PERSON;0.0;10.0;1.0;gold
000150-001;310-312;Syas bin Qais;PERSON;24.0;37.0;1.0;gold
000150-001;310-312;Ibnu Hisyam;PERSON;567.0;578.0;1.0;gold
000150-001;310-312;Perang Bu'ats;EVENT;818.0;831.0;1.0;gold
000150-003;310-312;Ibnu Hisyam;PERSON;540.0;551.0;1.0;gold
000150-003;310-312;Perang Badr;EVENT;866.0;877.0;1.0;gold
000150-003;310-312;Rasulullah;PERSON;924.0;934.0;1.0;gold
000150-003;310-312;Madinah;LOCATION;1091.0;1098.0;1.0;gold
000151-001;312-314;Perang Badr;EVENT;109.0;120.0;1.0;gold
000151-001;312-314;Ka'b bin Al-Asyraf;PERSON;403.0;421.0;1.0;gold
000151-001;312-314;Madinah;LOCATION;530.0;537.0;1.0;gold
000151-001;312-314;Badr;LOCATION;1000.0;1004.0;1.0;gold
000151-001;312-314;Rasulullah;PERSON;1299.0;1309.0;1.0;gold
000151-002;312-314;Rasulullah;PERSON;57.0;67.0;1.0;gold
000151-002;312-314;Abu Dawud;PERSON;282.0;291.0;1.0;gold
000151-002;312-314;Ibnu Abbas;PERSON;326.0;336.0;1.0;gold
000151-002;312-314;Rasulullah;PERSON;362.0;372.0;1.0;gold
000151-002;312-314;Perang Badr;EVENT;413.0;424.0;1.0;gold
000151-002;312-314;Madinah;LOCATION;440.0;447.0;1.0;gold
000151-002;312-314;Muhammad;PERSON;654.0;662.0;1.0;gold
000152-001;314-315;Rasulullah;PERSON;24.0;34.0;1.0;gold
000152-001;314-315;Abu Lubabah bin Abdul Mundzir;PERSON;67.0;96.0;1.0;gold
000152-001;314-315;Madinah;LOCATION;121.0;128.0;1.0;gold
000152-001;314-315;Hamzah bin Abdul Muththalib;PERSON;159.0;186.0;1.0;gold
000152-001;314-315;hari Sabtu;TIME;362.0;372.0;1.0;gold
000152-001;314-315;Syawwal 2 H;TIME;390.0;401.0;1.0;gold
000152-001;314-315;Rasulullah;PERSON;719.0;729.0;1.0;gold
000152-001;314-315;Abdullah bin Ubay bin Salul;PERSON;913.0;940.0;1.0;gold
000152-001;314-315;Muhammad;PERSON;1064.0;1072.0;1.0;gold
000152-001;314-315;Abdullah bin Ubay;PERSON;1196.0;1213.0;1.0;gold
000152-002;314-315;Rasulullah;PERSON;534.0;544.0;1.0;gold
000152-002;314-315;Madinah;LOCATION;799.0;806.0;1.0;gold
000152-002;314-315;Syam;LOCATION;890.0;894.0;1.0;gold
000152-002;314-315;Muhammad;PERSON;1207.0;1215.0;1.0;gold
000153-002;315-316;Makkah;LOCATION;133.0;139.0;1.0;gold
000153-002;315-316;Rasulullah;PERSON;141.0;151.0;1.0;gold
000153-002;315-316;Abu Sofyan;PERSON;200.0;210.0;1.0;gold
000153-002;315-316;Abu Sofyan;PERSON;592.0;602.0;1.0;gold
000153-002;315-316;perang As-Sawiq;EVENT;651.0;666.0;1.0;gold
000153-002;315-316;bulan Dzul Hijjah;TIME;681.0;698.0;1.0;gold
000153-002;315-316;Perang Badr;EVENT;718.0;729.0;1.0;gold
000153-002;315-316;Madinah;LOCATION;741.0;748.0;1.0;gold
000153-002;315-316;Abu Lubabah bin Abdul;PERSON;772.0;793.0;1.0;gold
000154-001;316;Rasulullah;PERSON;49.0;59.0;1.0;gold
000154-001;316;Perang Uhud;EVENT;68.0;79.0;1.0;gold
000154-001;316;bulan Muharram 3 H;TIME;98.0;116.0;1.0;gold
000154-001;316;Madinah;LOCATION;152.0;159.0;1.0;gold
000154-001;316;Madinah;LOCATION;291.0;298.0;1.0;gold
000154-001;316;Madinah;LOCATION;484.0;491.0;1.0;gold
000154-001;316;Utsman bin Affan;PERSON;510.0;526.0;1.0;gold
000154-001;316;Bilal;PERSON;748.0;753.0;1.0;gold
000154-001;316;bulan Shafar 3 H;TIME;1056.0;1072.0;1.0;gold
000154-001;316;Madinah;LOCATION;1205.0;1212.0;1.0;gold
000154-001;316;Ibnu Hisyam;PERSON;1242.0;1253.0;1.0;gold
000154-001;316;Ibnu Hisyam;PERSON;1288.0;1299.0;1.0;gold
000155-001;317-321;Ka'b bin Al-Asyraf;PERSON;0.0;18.0;1.0;gold
000155-001;317-321;Rasulullah;PERSON;167.0;177.0;1.0;gold
000155-001;317-321;Madinah;LOCATION;445.0;452.0;1.0;gold
000155-001;317-321;Muhammad;PERSON;756.0;764.0;1.0;gold
000155-001;317-321;Rasulullah;PERSON;949.0;959.0;1.0;gold
000155-001;317-321;Makkah;LOCATION;1163.0;1169.0;1.0;gold
000155-001;317-321;Al-Muththalib bin Abu Wada'ah;PERSON;1191.0;1220.0;1.0;gold
000155-001;317-321;Badr;LOCATION;1374.0;1378.0;1.0;gold
000155-002;317-321;Badr;LOCATION;143.0;147.0;1.0;gold
000155-002;317-321;Muhammad;PERSON;392.0;400.0;1.0;gold
000155-002;317-321;Abu Sufyan;PERSON;480.0;490.0;1.0;gold
000155-002;317-321;Ka'b;PERSON;522.0;526.0;1.0;gold
000155-002;317-321;Makkah;LOCATION;554.0;560.0;1.0;gold
000155-002;317-321;Ka'b bin Al-Asyraf;PERSON;617.0;635.0;1.0;gold
000155-002;317-321;Makkah;LOCATION;880.0;886.0;1.0;gold
000155-002;317-321;Ka'b;PERSON;1098.0;1102.0;1.0;gold
000155-002;317-321;Madinah;LOCATION;1119.0;1126.0;1.0;gold
000155-002;317-321;Rasulullah;PERSON;1240.0;1250.0;1.0;gold
000155-002;317-321;Ka'b bin Al-Asyraf;PERSON;1333.0;1351.0;1.0;gold
000155-004;317-321;Ka'b;PERSON;41.0;45.0;1.0;gold
000155-004;317-321;Muhammad bin Maslamah;PERSON;81.0;102.0;1.0;gold
000155-004;317-321;Ka'b;PERSON;134.0;138.0;1.0;gold
000155-004;317-321;Ka'b;PERSON;293.0;297.0;1.0;gold
000155-004;317-321;Muhammad bin Maslamah;PERSON;545.0;566.0;1.0;gold
000155-004;317-321;Abu Na'ilah;PERSON;600.0;611.0;1.0;gold
000155-004;317-321;Muhammad bin Maslamah;PERSON;642.0;663.0;1.0;gold
000155-004;317-321;Ka'b;PERSON;677.0;681.0;1.0;gold
000155-004;317-321;Ibnul Asyraf;PERSON;753.0;765.0;1.0;gold
000155-004;317-321;Ka'b bin Al-Asyraf;PERSON;908.0;926.0;1.0;gold
000155-004;317-321;Rasulullah;PERSON;951.0;961.0;1.0;gold
000155-004;317-321;Abu Na'ilah;PERSON;1245.0;1256.0;1.0;gold
000155-004;317-321;Ka'b bin Al-Asyraf;PERSON;1261.0;1279.0;1.0;gold
000155-004;317-321;Muhammad bin Maslamah;PERSON;1304.0;1325.0;1.0;gold
000155-004;317-321;Abu Na'ilah;PERSON;1327.0;1338.0;1.0;gold
000155-005;317-321;Muhammad bin Maslamah;PERSON;119.0;140.0;1.0;gold
000155-005;317-321;Abu Na'ilah;PERSON;145.0;156.0;1.0;gold
000155-005;317-321;Ka'b;PERSON;220.0;224.0;1.0;gold
000155-005;317-321;tanggal 14 Rabi'ul Awwal 3 H;TIME;369.0;397.0;1.0;gold
000155-005;317-321;Rasulullah;PERSON;474.0;484.0;1.0;gold
000155-005;317-321;Ka'b;PERSON;768.0;772.0;1.0;gold
000155-005;317-321;Al-Asyraf;LOCATION;773.0;782.0;1.0;gold
000155-005;317-321;Abu Na;PERSON;784.0;790.0;1.0;gold
000155-005;317-321;Ka'b;PERSON;826.0;830.0;1.0;gold
000155-005;317-321;Ka'b;PERSON;837.0;841.0;1.0;gold
000155-005;317-321;Muhammad bin Maslamah;PERSON;1052.0;1073.0;1.0;gold
000155-005;317-321;Abu Na'ilah;PERSON;1097.0;1108.0;1.0;gold
000155-005;317-321;Abu Na'ilah;PERSON;1310.0;1321.0;1.0;gold
000155-006;317-321;Abu Na'ilah;PERSON;66.0;77.0;1.0;gold
000155-006;317-321;Ka'b bin Al-Asyraf;PERSON;277.0;295.0;1.0;gold
000155-006;317-321;Abu Na'ilah;PERSON;340.0;351.0;1.0;gold
000155-006;317-321;Ibnul Asyraf;PERSON;368.0;380.0;1.0;gold
000155-006;317-321;Ka'b bin Al-Asyraf;PERSON;544.0;562.0;1.0;gold
000155-006;317-321;Abu Na'ilah;PERSON;691.0;702.0;1.0;gold
000155-006;317-321;Ka'b;PERSON;723.0;727.0;1.0;gold
000155-006;317-321;Abu Na'ilah;PERSON;904.0;915.0;1.0;gold
000155-006;317-321;Ka'b;PERSON;937.0;941.0;1.0;gold
000155-006;317-321;Abu Na'ilah;PERSON;943.0;954.0;1.0;gold
000155-006;317-321;Ka'b;PERSON;970.0;974.0;1.0;gold
000155-006;317-321;Abu Na'ilah;PERSON;1060.0;1071.0;1.0;gold
000155-006;317-321;Ka'b;PERSON;1140.0;1144.0;1.0;gold
000155-006;317-321;Ka'b;PERSON;1176.0;1180.0;1.0;gold
000155-006;317-321;Abu Na'ilah;PERSON;1236.0;1247.0;1.0;gold
000155-006;317-321;Ka'b;PERSON;1353.0;1357.0;1.0;gold
000155-006;317-321;Abu Na'ilah;PERSON;1451.0;1462.0;1.0;gold
000155-006;317-321;Ka'b;PERSON;1490.0;1494.0;1.0;gold
000155-007;317-321;Abu Na'ilah;PERSON;92.0;103.0;1.0;gold
000155-007;317-321;Ka'b;PERSON;131.0;135.0;1.0;gold
000155-007;317-321;Muhammad bin Maslamah;PERSON;170.0;191.0;1.0;gold
000155-007;317-321;Ka'b;PERSON;245.0;249.0;1.0;gold
000155-007;317-321;Ka'b;PERSON;292.0;296.0;1.0;gold
000155-007;317-321;Ka'b;PERSON;540.0;544.0;1.0;gold
000155-007;317-321;Al-Harits bin Aus;PERSON;567.0;584.0;1.0;gold
000155-007;317-321;Rasulullah;PERSON;1023.0;1033.0;1.0;gold
000155-007;317-321;Rasulullah;PERSON;1271.0;1281.0;1.0;gold
000155-007;317-321;Ka'b;PERSON;1332.0;1336.0;1.0;gold
000155-007;317-321;Ka'b;PERSON;1398.0;1402.0;1.0;gold
000155-008;317-321;Ka'b;PERSON;42.0;46.0;1.0;gold
000155-008;317-321;Ka'b bin Al-Asyraf;PERSON;223.0;241.0;1.0;gold
000155-008;317-321;Rasulullah;PERSON;301.0;311.0;1.0;gold
000155-008;317-321;Rasulullah;PERSON;731.0;741.0;1.0;gold
000155-008;317-321;Madinah;LOCATION;791.0;798.0;1.0;gold
000155-008;317-321;Madinah;LOCATION;890.0;897.0;1.0;gold
000156-001;321;Rasulullah;PERSON;113.0;123.0;1.0;gold
000156-001;321;bulan Rabi'ul Akhir 3 H;TIME;129.0;152.0;1.0;gold
000156-001;321;Hijaz;LOCATION;209.0;214.0;1.0;gold
000156-001;321;bulan Rabi'ul Akhir;TIME;255.0;274.0;1.0;gold
000156-001;321;Madinah;LOCATION;352.0;359.0;1.0;gold
000157-001;321-323;Perang Uhud;EVENT;57.0;68.0;1.0;gold
000157-001;321-323;bulan Jumadal Akhirah 3 H;TIME;83.0;108.0;1.0;gold
000157-001;321-323;Perang Badr;EVENT;189.0;200.0;1.0;gold
000157-001;321-323;Ibnu Hisyam;PERSON;295.0;306.0;1.0;gold
000157-001;321-323;Abu Dawud;PERSON;352.0;361.0;1.0;gold
000157-001;321-323;Syam;LOCATION;463.0;467.0;1.0;gold
000157-001;321-323;Syam;LOCATION;564.0;568.0;1.0;gold
000157-001;321-323;Shafwan bin Umayyah;PERSON;576.0;595.0;1.0;gold
000157-001;321-323;Muhammad;PERSON;638.0;646.0;1.0;gold
000157-001;321-323;Muhammad;PERSON;901.0;909.0;1.0;gold
000157-001;321-323;Makkah;LOCATION;1150.0;1156.0;1.0;gold
000157-001;321-323;Syam;LOCATION;1193.0;1197.0;1.0;gold
000157-001;321-323;Habasyah;LOCATION;1222.0;1230.0;1.0;gold
000157-002;321-323;Makkah;LOCATION;18.0;24.0;1.0;gold
000157-002;321-323;Syam;LOCATION;61.0;65.0;1.0;gold
000157-002;321-323;Habasyah;LOCATION;90.0;98.0;1.0;gold
000157-002;321-323;Al-Aswad bin Abdul Muththalib;PERSON;171.0;200.0;1.0;gold
000157-002;321-323;Irak;LOCATION;266.0;270.0;1.0;gold
000157-002;321-323;Syam;LOCATION;357.0;361.0;1.0;gold
000157-002;321-323;Madinah;LOCATION;392.0;399.0;1.0;gold
000157-002;321-323;Furat bin Hayyan;PERSON;519.0;535.0;1.0;gold
000157-002;321-323;Bakr bin Wa'il;PERSON;546.0;560.0;1.0;gold
000157-002;321-323;Syam;LOCATION;673.0;677.0;1.0;gold
000157-002;321-323;Madinah;LOCATION;761.0;768.0;1.0;gold
000157-002;321-323;Sulaith bin An- Nu'man;PERSON;793.0;815.0;1.0;gold
000157-002;321-323;Makkah;LOCATION;859.0;865.0;1.0;gold
000157-002;321-323;Nu'aim bin Ma'ud;PERSON;903.0;919.0;1.0;gold
000157-002;321-323;Zaid bin Haritsah;PERSON;1270.0;1287.0;1.0;gold
000157-002;321-323;Zaid;PERSON;1289.0;1293.0;1.0;gold
000157-002;321-323;Zaid;PERSON;1363.0;1367.0;1.0;gold
000157-003;321-323;Zaid;PERSON;0.0;4.0;1.0;gold
000157-003;321-323;Rasulullah;PERSON;464.0;474.0;1.0;gold
000157-003;321-323;Furat bin Hayyan;PERSON;572.0;588.0;1.0;gold
000157-003;321-323;Perang Badr;EVENT;697.0;708.0;1.0;gold
000157-003;321-323;Perang Uhud;EVENT;1247.0;1258.0;1.0;gold
000157-003;321-323;Jabal Uhud;LOCATION;1259.0;1269.0;1.0;gold
000158-001;324-325;Makkah;LOCATION;0.0;6.0;1.0;gold
000158-001;324-325;Perang Badr;EVENT;93.0;104.0;1.0;gold
000158-001;324-325;Makkah;LOCATION;284.0;290.0;1.0;gold
000158-001;324-325;Badr;EVENT;312.0;316.0;1.0;gold
000158-001;324-325;Perang Badr;EVENT;477.0;488.0;1.0;gold
000158-001;324-325;Ikrimah bin Abu Jahl;PERSON;853.0;873.0;1.0;gold
000158-001;324-325;Shafwan bin Umayyah;PERSON;875.0;894.0;1.0;gold
000158-001;324-325;Abu Sufyan bin Harb;PERSON;896.0;915.0;1.0;gold
000158-001;324-325;Abdullah bin Abu Rabi'ah;PERSON;920.0;944.0;1.0;gold
000158-001;324-325;Abu Sufyan;PERSON;1067.0;1077.0;1.0;gold
000158-001;324-325;Perang Badr;EVENT;1110.0;1121.0;1.0;gold
000158-001;324-325;Muhammad;PERSON;1229.0;1237.0;1.0;gold
000160-001;326;Makkah;LOCATION;40.0;46.0;1.0;gold
000160-001;326;Madinah;LOCATION;69.0;76.0;1.0;gold
000164-003;327-328;Hamzah bin Abdul Muththalib;PERSON;161.0;188.0;1.0;gold
000164-003;327-328;Rasulullah;PERSON;196.0;206.0;1.0;gold
000164-003;327-328;Perang Badr;EVENT;219.0;230.0;1.0;gold
000164-003;327-328;Madinah;LOCATION;420.0;427.0;1.0;gold
000164-003;327-328;Rasulullah;PERSON;430.0;440.0;1.0;gold
000164-003;327-328;Madinah;LOCATION;547.0;554.0;1.0;gold
000165-002;328-329;Madinah;LOCATION;69.0;76.0;1.0;gold
000165-002;328-329;Ibnu Ummi;PERSON;96.0;105.0;1.0;gold
000165-002;328-329;Madinah;LOCATION;187.0;194.0;1.0;gold
000165-002;328-329;Sa'd bin Mu'adz;PERSON;284.0;299.0;1.0;gold
000165-002;328-329;Sa'd bin Ubadah;PERSON;304.0;319.0;1.0;gold
000165-002;328-329;Rasulullah;PERSON;340.0;350.0;1.0;gold
000168-001;332;Abdullah bin Ubay;PERSON;43.0;60.0;1.0;gold
000168-001;332;Uhud;LOCATION;252.0;256.0;1.0;gold
000168-001;332;Abu Khaitsamah;PERSON;359.0;373.0;1.0;gold
000168-001;332;Rasulullah;PERSON;396.0;406.0;1.0;gold
000168-001;332;Uhud;LOCATION;453.0;457.0;1.0;gold
000168-001;332;Mirba bin Qaizhi;PERSON;628.0;644.0;1.0;gold
000168-001;332;Rasulullah;PERSON;1096.0;1106.0;1.0;gold
000168-001;332;Uhud;LOCATION;1155.0;1159.0;1.0;gold
000168-001;332;Madinah;LOCATION;1226.0;1233.0;1.0;gold
000168-001;332;Uhud;LOCATION;1253.0;1257.0;1.0;gold
000168-001;332;Madinah;LOCATION;1327.0;1334.0;1.0;gold
000170-001;334;Rasulullah;PERSON;0.0;10.0;1.0;gold
000170-001;334;Ali bin Abu Thalib;PERSON;498.0;516.0;1.0;gold
000170-001;334;Az-Zubair bin Al-Awwam;PERSON;518.0;540.0;1.0;gold
000170-001;334;Umar bin Al-Khaththab;PERSON;546.0;567.0;1.0;gold
000170-001;334;Abu Dujanah;PERSON;635.0;646.0;1.0;gold
000170-001;334;Simak bin Kharasyah;PERSON;647.0;666.0;1.0;gold
000170-001;334;Rasulullah;PERSON;716.0;726.0;1.0;gold
000170-001;334;Rasulullah;PERSON;869.0;879.0;1.0;gold
000170-001;334;Abu Dujanah;PERSON;888.0;899.0;1.0;gold
000170-001;334;Abu Dujanah;PERSON;946.0;957.0;1.0;gold
000170-001;334;Rasulullah;PERSON;1366.0;1376.0;1.0;gold
000172-002;335-336;Makkah;LOCATION;121.0;127.0;1.0;gold
000172-002;335-336;Abu Amir;PERSON;197.0;205.0;1.0;gold
000175-002;337-338;Musafi' bin Thalhah bin Abu Thalhah;PERSON;117.0;152.0;1.0;gold
000175-002;337-338;Ashim bin Tsabit bin Abu Al-Aqlah;PERSON;182.0;215.0;1.0;gold
000175-002;337-338;Al-Julas bin Thalhah bin Abu Thalhah;PERSON;273.0;309.0;1.0;gold
000175-002;337-338;Ali bin Abu Thalib;PERSON;335.0;353.0;1.0;gold
000175-002;337-338;Hamzah bin Abdul Muththalib;PERSON;402.0;429.0;1.0;gold
000175-002;337-338;Syuraih bin Qarizh;PERSON;466.0;484.0;1.0;gold
000175-002;337-338;Abu Zaid;PERSON;690.0;698.0;1.0;gold
000175-002;337-338;Amr bin Abdi;PERSON;699.0;711.0;1.0;gold
000175-002;337-338;Syurahbil bin Hasyim;PERSON;822.0;842.0;1.0;gold
000175-002;337-338;Habasyah;LOCATION;1126.0;1134.0;1.0;gold
000176-002;338-340;Abu Dujanah;PERSON;1.0;12.0;1.0;gold
000176-002;338-340;Ibnu Dujanah;PERSON;472.0;484.0;1.0;gold
000176-002;338-340;Abu Dujanah;PERSON;674.0;685.0;1.0;gold
000176-002;338-340;Abu Dujanah;PERSON;736.0;747.0;1.0;gold
000176-002;338-340;Abu Dujanah;PERSON;779.0;790.0;1.0;gold
000176-002;338-340;Abu Dujanah;PERSON;914.0;925.0;1.0;gold
000176-002;338-340;Abu Dujanah;PERSON;983.0;994.0;1.0;gold
000176-002;338-340;Rasulullah;PERSON;1228.0;1238.0;1.0;gold
000176-002;338-340;Hindun binti Uthbah;PERSON;1312.0;1331.0;1.0;gold
000176-002;338-340;Az-Zubair bin Al-Awwam;PERSON;1333.0;1355.0;1.0;gold
000176-002;338-340;Abu Dujanah;PERSON;1374.0;1385.0;1.0;gold
000176-002;338-340;Hindun binti Utbah;PERSON;1445.0;1463.0;1.0;gold
000183-001;343;Khalid bin Al-Walid;PERSON;33.0;52.0;1.0;gold
000183-001;343;Abdullah bin Jubair;PERSON;148.0;167.0;1.0;gold
000183-001;343;Khalid bin Al-Walid;PERSON;237.0;256.0;1.0;gold
000183-001;343;Abdullah bin Jubair;PERSON;277.0;296.0;1.0;gold
000183-001;343;Khalid bin Al-Walid;PERSON;317.0;336.0;1.0;gold
000183-001;343;Amrah binti Alqamah;PERSON;620.0;639.0;1.0;gold
000184-001;343-344;Rasulullah;PERSON;9.0;19.0;1.0;gold
000184-001;343-344;Khalid;PERSON;176.0;182.0;1.0;gold
000184-001;343-344;Uhud;LOCATION;660.0;664.0;1.0;gold
000184-001;343-344;Rasulullah;PERSON;692.0;702.0;1.0;gold
000185-002;344-346;Muhammad;PERSON;113.0;121.0;1.0;gold
000185-002;344-346;Abdullah bin Ubay;PERSON;458.0;475.0;1.0;gold
000185-002;344-346;Abu Sufyan;PERSON;564.0;574.0;1.0;gold
000185-002;344-346;Anas bin An-Nadhr;PERSON;576.0;593.0;1.0;gold
000185-002;344-346;Rasulullah;PERSON;720.0;730.0;1.0;gold
000185-002;344-346;Rasulullah;PERSON;841.0;851.0;1.0;gold
000185-002;344-346;Sa'd bin Mu';PERSON;1106.0;1118.0;1.0;gold
000185-002;344-346;Abu Umar;PERSON;1169.0;1177.0;1.0;gold
000185-002;344-346;Uhud;LOCATION;1265.0;1269.0;1.0;gold
000187-002;347-350;Abdullah bin Qami'ah;PERSON;0.0;20.0;1.0;gold
000187-002;347-350;Ibnu Qami;PERSON;70.0;79.0;1.0;gold
000187-002;347-350;Rasulullah;PERSON;279.0;289.0;1.0;gold
000187-002;347-350;Rasulullah;PERSON;504.0;514.0;1.0;gold
000187-002;347-350;Ibnu Hisyam;PERSON;543.0;554.0;1.0;gold
000187-002;347-350;Ibnu A'idz;PERSON;616.0;626.0;1.0;gold
000187-002;347-350;Ibnu Qami'ah;PERSON;634.0;646.0;1.0;gold
000187-004;347-350;Jazirah Arab;LOCATION;197.0;209.0;1.0;gold
000187-004;347-350;Rasulullah;PERSON;310.0;320.0;1.0;gold
000187-004;347-350;Sa'd bin Abi Waqqash;PERSON;862.0;882.0;1.0;gold
000187-004;347-350;Thalhah bin Ubaidillah;PERSON;1121.0;1143.0;1.0;gold
000187-004;347-350;Jabir;PERSON;1179.0;1184.0;1.0;gold
000187-004;347-350;Rasulullah;PERSON;1234.0;1244.0;1.0;gold
000187-004;347-350;Jabir;PERSON;1288.0;1293.0;1.0;gold
000187-004;347-350;Rasulullah;PERSON;1345.0;1355.0;1.0;gold
000190-004;351-353;Ibnu Qami'ah;PERSON;24.0;36.0;1.0;gold
000190-004;351-353;Mush'ab;PERSON;57.0;64.0;1.0;gold
000190-004;351-353;Rasulullah;PERSON;72.0;82.0;1.0;gold
000190-004;351-353;Muhammad;PERSON;184.0;192.0;1.0;gold
000191-001;353;Rasulullah;PERSON;84.0;94.0;1.0;gold
000198-001;359-360;Umar bin Al-Khaththab;PERSON;0.0;21.0;1.0;gold
000198-001;359-360;Makkah;LOCATION;76.0;82.0;1.0;gold
000198-001;359-360;Abu Sufyan;PERSON;98.0;108.0;1.0;gold
000198-001;359-360;Muhammad;PERSON;171.0;179.0;1.0;gold
000198-001;359-360;Ibnu Qahafah;PERSON;265.0;277.0;1.0;gold
000198-001;359-360;Abu Bakar Ash-Shiddiq;PERSON;297.0;318.0;1.0;gold
000198-001;359-360;Umar bin Al-Khaththab;PERSON;403.0;424.0;1.0;gold
000198-001;359-360;Abu Sufyan;PERSON;489.0;499.0;1.0;gold
000198-001;359-360;Abu Sufyan;PERSON;616.0;626.0;1.0;gold
000198-001;359-360;Umar;PERSON;681.0;685.0;1.0;gold
000198-001;359-360;Abu Sufyan;PERSON;708.0;718.0;1.0;gold
000198-001;359-360;Abu Sufyan;PERSON;898.0;908.0;1.0;gold
000198-001;359-360;Rasulullah;PERSON;1117.0;1127.0;1.0;gold
000198-001;359-360;Abu Sufyan;PERSON;1263.0;1273.0;1.0;gold
000198-001;359-360;Rasulullah;PERSON;1378.0;1388.0;1.0;gold
000198-002;359-360;Ibnu Hisyam;PERSON;182.0;193.0;1.0;gold
000198-002;359-360;Abu Sufyan;PERSON;256.0;266.0;1.0;gold
000198-002;359-360;Perang Badr;EVENT;346.0;357.0;1.0;gold
000198-002;359-360;Umar;PERSON;385.0;389.0;1.0;gold
000198-002;359-360;Abu Sufyan;PERSON;528.0;538.0;1.0;gold
000198-002;359-360;Umar;PERSON;560.0;564.0;1.0;gold
000198-002;359-360;Rasulullah;PERSON;578.0;588.0;1.0;gold
000198-002;359-360;Umar;PERSON;641.0;645.0;1.0;gold
000198-002;359-360;Abu Sufyan;PERSON;658.0;668.0;1.0;gold
000198-002;359-360;Abu Sufyan;PERSON;688.0;698.0;1.0;gold
000198-002;359-360;Umar;PERSON;748.0;752.0;1.0;gold
000198-002;359-360;Muhammad;PERSON;792.0;800.0;1.0;gold
000198-002;359-360;Umar;PERSON;842.0;846.0;1.0;gold
000198-002;359-360;Abu Sufyan;PERSON;897.0;907.0;1.0;gold
000198-002;359-360;Ibnu Qami'ah;PERSON;968.0;980.0;1.0;gold
000198-002;359-360;Ibnu Qami'ah;PERSON;989.0;1001.0;1.0;gold
000198-002;359-360;Ibnu Ishaq;PERSON;1087.0;1097.0;1.0;gold
000198-002;359-360;Abu Sufyan;PERSON;1118.0;1128.0;1.0;gold
000198-002;359-360;Makkah;LOCATION;1192.0;1198.0;1.0;gold
000198-002;359-360;Badr;LOCATION;1267.0;1271.0;1.0;gold
000198-002;359-360;Rasulullah;PERSON;1274.0;1284.0;1.0;gold
000198-002;359-360;Rasulullah;PERSON;1423.0;1433.0;1.0;gold
000198-002;359-360;Ali bin Abu Thalib;PERSON;1443.0;1461.0;1.0;gold
000199-002;360-362;Rasulullah;PERSON;430.0;440.0;1.0;gold
000199-002;360-362;Rasulullah;PERSON;581.0;591.0;1.0;gold
000199-002;360-362;Abu Hurairah;PERSON;647.0;659.0;1.0;gold
000199-002;360-362;Ibnu Hisyam;PERSON;844.0;855.0;1.0;gold
000203-001;367;Sabtu tanggal 7 Syawwal 3 H;TIME;25.0;52.0;1.0;gold
000203-001;367;Rasulullah;PERSON;54.0;64.0;1.0;gold
000203-001;367;Madinah;LOCATION;73.0;80.0;1.0;gold
000203-001;367;Ali bin Abu Thalib;PERSON;302.0;320.0;1.0;gold
000203-001;367;Rasulullah;PERSON;503.0;513.0;1.0;gold
000203-001;367;Sahl bin Hunaif;PERSON;593.0;608.0;1.0;gold
000203-001;367;Abu Dujanah;PERSON;613.0;624.0;1.0;gold
000206-003;368-373;Shafwan bin Umayyah;PERSON;192.0;211.0;1.0;gold
000206-003;368-373;Madinah;LOCATION;697.0;704.0;1.0;gold
000206-003;368-373;Ma'bad bin Ma'bad;PERSON;750.0;767.0;1.0;gold
000206-003;368-373;Abu Sufyan;PERSON;807.0;817.0;1.0;gold
000206-003;368-373;Abu Sufyan;PERSON;907.0;917.0;1.0;gold
000206-003;368-373;Muhammad;PERSON;936.0;944.0;1.0;gold
000206-003;368-373;Abu Sufyan;PERSON;1322.0;1332.0;1.0;gold
000206-005;368-373;Abu Sufyan;PERSON;0.0;10.0;1.0;gold
000206-005;368-373;Muhammad;PERSON;43.0;51.0;1.0;gold
000206-005;368-373;Rasulullah;PERSON;175.0;185.0;1.0;gold
000206-005;368-373;Abu Sufyan;PERSON;279.0;289.0;1.0;gold
000206-005;368-373;Ali;PERSON;773.0;776.0;1.0;gold
000206-005;368-373;Rasulullah;PERSON;777.0;787.0;1.0;gold
000206-005;368-373;Madinah;LOCATION;860.0;867.0;1.0;gold
000206-005;368-373;Madinah;LOCATION;888.0;895.0;1.0;gold
000206-005;368-373;Abu Azzah;PERSON;920.0;929.0;1.0;gold
000206-005;368-373;Perang Badr;EVENT;956.0;967.0;1.0;gold
000206-005;368-373;Rasulullah;PERSON;1001.0;1011.0;1.0;gold
000206-005;368-373;Abu Azzah;PERSON;1164.0;1173.0;1.0;gold
000206-005;368-373;Perang Uhud;EVENT;1368.0;1379.0;1.0;gold
000206-005;368-373;Muhammad;PERSON;1421.0;1429.0;1.0;gold
000206-008;368-373;Madinah;LOCATION;294.0;301.0;1.0;gold
000206-008;368-373;Abu Sufyan;PERSON;815.0;825.0;1.0;gold
000206-008;368-373;Makkah;LOCATION;893.0;899.0;1.0;gold
000206-008;368-373;Abu Sufyan;PERSON;1139.0;1149.0;1.0;gold
000206-008;368-373;Rasulullah;PERSON;1173.0;1183.0;1.0;gold
000206-008;368-373;Perang Uhud;EVENT;1252.0;1263.0;1.0;gold
000208-002;374-375;Uhud;LOCATION;1081.0;1085.0;1.0;gold
000209-001;376-377;Perang Uhud;EVENT;8.0;19.0;1.0;gold
000209-001;376-377;Madinah;LOCATION;273.0;280.0;1.0;gold
000209-001;376-377;Perang Uhud;EVENT;550.0;561.0;1.0;gold
000209-001;376-377;As'ad;PERSON;568.0;573.0;1.0;gold
000209-001;376-377;Madinah;LOCATION;616.0;623.0;1.0;gold
000209-001;376-377;bulan Shafar 4 H;TIME;671.0;687.0;1.0;gold
000209-001;376-377;bulan Rabi'ul Awwal 4 H;TIME;1012.0;1035.0;1.0;gold
000209-001;376-377;Muhammad;PERSON;1079.0;1087.0;1.0;gold
000209-001;376-377;Madinah;LOCATION;1138.0;1145.0;1.0;gold
000209-001;376-377;bulan Jumadil Ula;TIME;1151.0;1168.0;1.0;gold
000209-001;376-377;Perang Uhud;EVENT;1226.0;1237.0;1.0;gold
000209-001;376-377;Rasulullah;PERSON;1344.0;1354.0;1.0;gold
000209-002;376-377;Rasulullah;PERSON;57.0;67.0;1.0;gold
000210-001;377;Uhud;EVENT;83.0;87.0;1.0;gold
000210-001;377;As'ad bin Khuzaimah;PERSON;100.0;119.0;1.0;gold
000210-001;377;Madinah;LOCATION;131.0;138.0;1.0;gold
000210-001;377;Rasulullah;PERSON;291.0;301.0;1.0;gold
000210-001;377;Abu Salamah;PERSON;446.0;457.0;1.0;gold
000210-001;377;As'ad;PERSON;546.0;551.0;1.0;gold
000210-001;377;Madinah;LOCATION;620.0;627.0;1.0;gold
000210-001;377;As'ad;PERSON;841.0;846.0;1.0;gold
000210-001;377;Madinah;LOCATION;889.0;896.0;1.0;gold
000210-001;377;bulan Muharram 4 H;TIME;1014.0;1032.0;1.0;gold
000210-001;377;Perang Uhud;EVENT;1094.0;1105.0;1.0;gold
000210-001;377;Abu Salamah;PERSON;1125.0;1136.0;1.0;gold
000211-001;377;tanggal 5 Muharram;TIME;5.0;23.0;1.0;gold
000211-001;377;Madinah;LOCATION;65.0;72.0;1.0;gold
000211-001;377;Khalid bin Sufyan;PERSON;79.0;96.0;1.0;gold
000211-001;377;Rasulullah;PERSON;160.0;170.0;1.0;gold
000211-001;377;Abdullah bin Unais;PERSON;180.0;198.0;1.0;gold
000211-001;377;Madinah;LOCATION;241.0;248.0;1.0;gold
000211-001;377;Abdullah bin Unais;PERSON;250.0;268.0;1.0;gold
000211-001;377;hari Sabtu;TIME;323.0;333.0;1.0;gold
000211-001;377;bulan Muharram;TIME;352.0;366.0;1.0;gold
000211-001;377;Khalid bin Sufyan;PERSON;401.0;418.0;1.0;gold
000212-001;377-379;bulan Shafar;TIME;5.0;17.0;1.0;gold
000212-001;377-379;Rasulullah;PERSON;95.0;105.0;1.0;gold
000212-001;377-379;Ibnu Ishaq;PERSON;340.0;350.0;1.0;gold
000212-001;377-379;Martsad bin Abu Martsad;PERSON;416.0;439.0;1.0;gold
000212-001;377-379;Ibnu Ishaq;PERSON;495.0;505.0;1.0;gold
000212-001;377-379;Ashim bin Tsabit;PERSON;562.0;578.0;1.0;gold
000212-001;377-379;Hijaz;LOCATION;714.0;719.0;1.0;gold
000212-002;377-379;Khubaib bin Adi;PERSON;106.0;121.0;1.0;gold
000212-002;377-379;Zaid bin Ad-Dastinah;PERSON;123.0;143.0;1.0;gold
000212-002;377-379;Zaid;PERSON;468.0;472.0;1.0;gold
000212-002;377-379;Makkah;LOCATION;488.0;494.0;1.0;gold
000212-002;377-379;Perang Badr;EVENT;536.0;547.0;1.0;gold
000212-002;377-379;Makkah;LOCATION;632.0;638.0;1.0;gold
000212-002;377-379;Hujair bin Abu Ihab;PERSON;685.0;704.0;1.0;gold
000212-002;377-379;Ibnu Hisyam;PERSON;913.0;924.0;1.0;gold
000212-002;377-379;Makkah;LOCATION;1118.0;1124.0;1.0;gold
000212-004;377-379;Makkah;LOCATION;96.0;102.0;1.0;gold
000212-004;377-379;Zaid bin Ad-Datsinah;PERSON;145.0;165.0;1.0;gold
000212-004;377-379;Shafwan bin Umayyah;PERSON;173.0;192.0;1.0;gold
000212-004;377-379;Zaid;PERSON;217.0;221.0;1.0;gold
000212-004;377-379;Perang Badr;EVENT;476.0;487.0;1.0;gold
000212-004;377-379;Umar bin Al-Khaththab;PERSON;805.0;826.0;1.0;gold
000213-001;380-382;Abu Bara';PERSON;173.0;182.0;1.0;gold
000213-001;380-382;Amir bin Malik;PERSON;183.0;197.0;1.0;gold
000213-001;380-382;Rasulullah;PERSON;231.0;241.0;1.0;gold
000213-001;380-382;Rasulullah;PERSON;355.0;365.0;1.0;gold
000213-001;380-382;Najd;LOCATION;424.0;428.0;1.0;gold
000213-001;380-382;Najd;LOCATION;585.0;589.0;1.0;gold
000213-001;380-382;Ibnu Ishaq;PERSON;688.0;698.0;1.0;gold
000213-001;380-382;Al-Mundzir bin Amr;PERSON;810.0;828.0;1.0;gold
000213-001;380-382;Abu Bara;PERSON;983.0;991.0;1.0;gold
000213-001;380-382;Harram bin Milhan;PERSON;1330.0;1347.0;1.0;gold
000213-001;380-382;Rasulullah;PERSON;1380.0;1390.0;1.0;gold
000213-001;380-382;Amir bin Ath;PERSON;1411.0;1423.0;1.0;gold
000213-002;380-382;Harram bin Milhan;PERSON;41.0;58.0;1.0;gold
000213-002;380-382;Rasulullah;PERSON;91.0;101.0;1.0;gold
000213-002;380-382;Amir bin Ath;PERSON;122.0;134.0;1.0;gold
000213-002;380-382;Ka'bah;LOCATION;352.0;358.0;1.0;gold
000213-002;380-382;Amir bin Ath;PERSON;470.0;482.0;1.0;gold
000213-002;380-382;Abu Bara';PERSON;638.0;647.0;1.0;gold
000213-002;380-382;Amir bin Ath;PERSON;709.0;721.0;1.0;gold
000213-002;380-382;Rasulullah;PERSON;1084.0;1094.0;1.0;gold
000213-002;380-382;Ka'b bin Zaid bin An-Najjar;PERSON;1154.0;1181.0;1.0;gold
000213-002;380-382;Perang Khandaq;EVENT;1315.0;1329.0;1.0;gold
000213-003;380-382;Perang Khandaq;EVENT;132.0;146.0;1.0;gold
000213-003;380-382;Amr bin Umayyah;PERSON;162.0;177.0;1.0;gold
000213-003;380-382;Al-Mundzir bin Uqbah bin Amir;PERSON;194.0;223.0;1.0;gold
000213-003;380-382;Amr bin Umayyah;PERSON;493.0;508.0;1.0;gold
000213-003;380-382;Amir bin Ath;PERSON;517.0;529.0;1.0;gold
000213-003;380-382;Amr bin Umayyah;PERSON;685.0;700.0;1.0;gold
000213-003;380-382;Madinah;LOCATION;710.0;717.0;1.0;gold
000213-003;380-382;Rasulullah;PERSON;733.0;743.0;1.0;gold
000213-003;380-382;Perang Uhud;EVENT;828.0;839.0;1.0;gold
000213-003;380-382;Perang Uhud;EVENT;858.0;869.0;1.0;gold
000213-003;380-382;Madinah;LOCATION;963.0;970.0;1.0;gold
000213-004;380-382;Madinah;LOCATION;133.0;140.0;1.0;gold
000213-004;380-382;perang Bani Nadhir;EVENT;465.0;483.0;1.0;gold
000214-001;382-385;Perang Bani Qainuqa';EVENT;544.0;564.0;1.0;gold
000214-001;382-385;Ka'b bin Al-Asyraf;PERSON;581.0;599.0;1.0;gold
000214-001;382-385;Perang Uhud;EVENT;670.0;681.0;1.0;gold
000214-001;382-385;Makkah;LOCATION;830.0;836.0;1.0;gold
000214-001;382-385;Amr bin Umayyah;PERSON;1325.0;1340.0;1.0;gold
000214-001;382-385;Madinah;LOCATION;1408.0;1415.0;1.0;gold
000214-002;382-385;Amr bin Umayyah;PERSON;160.0;175.0;1.0;gold
000214-002;382-385;Madinah;LOCATION;243.0;250.0;1.0;gold
000214-002;382-385;Abul Qasim;PERSON;370.0;380.0;1.0;gold
000214-002;382-385;Abu Bakar;PERSON;607.0;616.0;1.0;gold
000214-002;382-385;Umar;PERSON;618.0;622.0;1.0;gold
000214-002;382-385;Ali;PERSON;624.0;627.0;1.0;gold
000214-002;382-385;Rasulullah;PERSON;820.0;830.0;1.0;gold
000214-002;382-385;Muhammad;PERSON;986.0;994.0;1.0;gold
000214-002;382-385;Amr bin Jahsy;PERSON;1023.0;1036.0;1.0;gold
000214-002;382-385;Sallam bin Misykam;PERSON;1100.0;1118.0;1.0;gold
000214-002;382-385;Muhammad;PERSON;1147.0;1155.0;1.0;gold
000214-002;382-385;Jibril;PERSON;1355.0;1361.0;1.0;gold
000214-002;382-385;Rasulullah;PERSON;1391.0;1401.0;1.0;gold
000214-003;382-385;Jibril;PERSON;0.0;6.0;1.0;gold
000214-003;382-385;Rasulullah;PERSON;36.0;46.0;1.0;gold
000214-003;382-385;Madinah;LOCATION;138.0;145.0;1.0;gold
000214-003;382-385;Madinah;LOCATION;259.0;266.0;1.0;gold
000214-003;382-385;Rasulullah;PERSON;434.0;444.0;1.0;gold
000214-003;382-385;Muhammad bin Maslamah;PERSON;454.0;475.0;1.0;gold
000214-003;382-385;Madinah;LOCATION;547.0;554.0;1.0;gold
000214-003;382-385;Madinah;LOCATION;770.0;777.0;1.0;gold
000214-003;382-385;Madinah;LOCATION;838.0;845.0;1.0;gold
000214-003;382-385;Abdullah bin Ubay bin Salul;PERSON;884.0;911.0;1.0;gold
000214-004;382-385;Huyai bin Akhthab;PERSON;452.0;469.0;1.0;gold
000214-004;382-385;Abdullah bin Ubay;PERSON;516.0;533.0;1.0;gold
000214-005;382-385;Rasulullah;PERSON;454.0;464.0;1.0;gold
000214-005;382-385;Huyai bin Akhthab;PERSON;483.0;500.0;1.0;gold
000214-005;382-385;Ibnu Ummi;PERSON;624.0;633.0;1.0;gold
000214-005;382-385;Madinah;LOCATION;665.0;672.0;1.0;gold
000214-005;382-385;Ali bin Abi Thalib;PERSON;748.0;766.0;1.0;gold
000214-006;382-385;Rasulullah;PERSON;495.0;505.0;1.0;gold
000214-006;382-385;Madinah;LOCATION;547.0;554.0;1.0;gold
000214-006;382-385;Madinah;LOCATION;616.0;623.0;1.0;gold
000214-006;382-385;Huyai bin Akhthab;PERSON;1082.0;1099.0;1.0;gold
000214-006;382-385;Sallam bin Al-Huqaiq;PERSON;1104.0;1124.0;1.0;gold
000214-006;382-385;Khaibar;LOCATION;1134.0;1141.0;1.0;gold
000214-006;382-385;Syam;LOCATION;1171.0;1175.0;1.0;gold
000214-006;382-385;Yamin bin Amr;PERSON;1238.0;1251.0;1.0;gold
000214-006;382-385;Abu Sa'd bin Wahb;PERSON;1256.0;1273.0;1.0;gold
000214-006;382-385;Rasulullah;PERSON;1397.0;1407.0;1.0;gold
000214-007;382-385;Rasulullah;PERSON;63.0;73.0;1.0;gold
000214-007;382-385;Abu Dujanah;PERSON;405.0;416.0;1.0;gold
000214-007;382-385;Sahl bin Hunaif;PERSON;421.0;436.0;1.0;gold
000214-007;382-385;Perang Bani Nadhir;EVENT;642.0;660.0;1.0;gold
000214-007;382-385;bulan Rabi'ul Awwal 4 H;TIME;678.0;701.0;1.0;gold
000214-007;382-385;Ibnu Abbas;PERSON;1396.0;1406.0;1.0;gold
000215-001;385-386;Perang Bani Nadhir;EVENT;58.0;76.0;1.0;gold
000215-001;385-386;Madinah;LOCATION;133.0;140.0;1.0;gold
000215-001;385-386;Ibnu Hisyam;PERSON;226.0;237.0;1.0;gold
000215-001;385-386;Rasulullah;PERSON;358.0;368.0;1.0;gold
000215-001;385-386;Perang Uhud;EVENT;490.0;501.0;1.0;gold
000215-001;385-386;Madinah;LOCATION;554.0;561.0;1.0;gold
000215-001;385-386;Madinah;LOCATION;685.0;692.0;1.0;gold
000215-001;385-386;Madinah;LOCATION;1214.0;1221.0;1.0;gold
000215-001;385-386;Najd;LOCATION;1369.0;1373.0;1.0;gold
000215-001;385-386;bulan Rabi'ul Awwal;TIME;1379.0;1398.0;1.0;gold
000215-002;385-386;Najd;LOCATION;146.0;150.0;1.0;gold
000215-002;385-386;bulan Rabi'ul Awwal;TIME;156.0;175.0;1.0;gold
000215-002;385-386;Madinah;LOCATION;316.0;323.0;1.0;gold
000215-002;385-386;Perang Badr;EVENT;382.0;393.0;1.0;gold
000215-002;385-386;Abu Sufyan;PERSON;431.0;441.0;1.0;gold
000215-002;385-386;Perang Uhud;EVENT;464.0;475.0;1.0;gold
000215-002;385-386;Madinah;LOCATION;504.0;511.0;1.0;gold
000215-002;385-386;Perang Badr;EVENT;806.0;817.0;1.0;gold
000215-002;385-386;Perang Dzatur Riqa';EVENT;844.0;863.0;1.0;gold
000215-002;385-386;Rasulullah;PERSON;881.0;891.0;1.0;gold
000215-002;385-386;bulan Rabi'ul Awwal atau Jumadil Ula;TIME;905.0;941.0;1.0;gold
000215-002;385-386;Abu Hurairah;PERSON;953.0;965.0;1.0;gold
000215-002;385-386;Abu Musa;PERSON;970.0;978.0;1.0;gold
000215-002;385-386;Abu Hurairal;PERSON;1035.0;1047.0;1.0;gold
000215-002;385-386;Perang Khaibar;EVENT;1082.0;1096.0;1.0;gold
000215-002;385-386;Abu Musa;PERSON;1102.0;1110.0;1.0;gold
000215-002;385-386;Khaibar;LOCATION;1147.0;1154.0;1.0;gold
000215-002;385-386;Perang Dzatur Riqa';EVENT;1161.0;1180.0;1.0;gold
000215-002;385-386;Perang Khaibar;EVENT;1197.0;1211.0;1.0;gold
000215-002;385-386;tahun 4 H;TIME;1273.0;1282.0;1.0;gold
000215-002;385-386;Perang Asafan;EVENT;1416.0;1429.0;1.0;gold
000215-003;385-386;Perang Asafan;EVENT;70.0;83.0;1.0;gold
000215-003;385-386;Perang Asafan;EVENT;135.0;148.0;1.0;gold
000215-003;385-386;Perang Khandaq;EVENT;165.0;179.0;1.0;gold
000216-001;387;Perang Uhud;EVENT;253.0;264.0;1.0;gold
000216-001;387;Muhammad;PERSON;300.0;308.0;1.0;gold
000216-001;387;Abu Sufyan;PERSON;350.0;360.0;1.0;gold
000216-001;387;bulan Sya'ban 4 H;TIME;495.0;512.0;1.0;gold
000216-001;387;Rasulullah;PERSON;533.0;543.0;1.0;gold
000216-001;387;Ali bin Abu Thalib;PERSON;682.0;700.0;1.0;gold
000216-001;387;Madinah;LOCATION;702.0;709.0;1.0;gold
000216-001;387;Abdullah bin Rawahah;PERSON;728.0;748.0;1.0;gold
000216-001;387;Badr;LOCATION;765.0;769.0;1.0;gold
000216-001;387;Abu Sufyan;PERSON;814.0;824.0;1.0;gold
000216-001;387;Makkah;LOCATION;957.0;963.0;1.0;gold
000216-001;387;Abu Sufyan;PERSON;1048.0;1058.0;1.0;gold
000216-001;387;Makkah;LOCATION;1077.0;1083.0;1.0;gold
000216-001;387;Makkah;LOCATION;1284.0;1290.0;1.0;gold
000216-002;387;Makkah;LOCATION;268.0;274.0;1.0;gold
000216-002;387;Badr;LOCATION;411.0;415.0;1.0;gold
000216-002;387;Madinah;LOCATION;557.0;564.0;1.0;gold
000216-002;387;Perang Badr;EVENT;665.0;676.0;1.0;gold
000216-002;387;Perang Badr;EVENT;698.0;709.0;1.0;gold
000216-002;387;Perang Badr;EVENT;727.0;738.0;1.0;gold
000216-002;387;Perang Badr Shughra;EVENT;759.0;778.0;1.0;gold
000217-001;387-389;Rasulullah;PERSON;9.0;19.0;1.0;gold
000217-001;387-389;Badr;LOCATION;25.0;29.0;1.0;gold
000217-001;387-389;Madinah;LOCATION;50.0;57.0;1.0;gold
000217-001;387-389;Syam;LOCATION;228.0;232.0;1.0;gold
000217-001;387-389;Badr;EVENT;389.0;393.0;1.0;gold
000217-001;387-389;Madinah;LOCATION;420.0;427.0;1.0;gold
000217-001;387-389;Syam;LOCATION;547.0;551.0;1.0;gold
000217-001;387-389;Madinah;LOCATION;686.0;693.0;1.0;gold
000217-001;387-389;Madinah;LOCATION;714.0;721.0;1.0;gold
000217-001;387-389;Siba' bin Urfuthah;PERSON;729.0;747.0;1.0;gold
000217-001;387-389;Rabi'ul Awwal 5 H;TIME;812.0;829.0;1.0;gold
000217-002;387-389;Rasulullah;PERSON;199.0;209.0;1.0;gold
000217-002;387-389;Madinah;LOCATION;398.0;405.0;1.0;gold
000217-002;387-389;Uyainah bin Hishn;PERSON;427.0;444.0;1.0;gold
000217-002;387-389;Syam;LOCATION;484.0;488.0;1.0;gold
000217-002;387-389;Madinah;LOCATION;584.0;591.0;1.0;gold
000218-001;390-404;Jazirah Arab;LOCATION;125.0;137.0;1.0;gold
000218-001;390-404;Khaibar;LOCATION;370.0;377.0;1.0;gold
000218-001;390-404;Makkah;LOCATION;1113.0;1119.0;1.0;gold
000218-001;390-404;Rasulullah;PERSON;1173.0;1183.0;1.0;gold
000218-001;390-404;Perang Badr;EVENT;1339.0;1350.0;1.0;gold
000218-002;390-404;Rasulullah;PERSON;480.0;490.0;1.0;gold
000218-002;390-404;Tihamah;LOCATION;667.0;674.0;1.0;gold
000218-002;390-404;Abu Sufyan;PERSON;693.0;703.0;1.0;gold
000218-002;390-404;Uyainah bin Hishn;PERSON;914.0;931.0;1.0;gold
000218-002;390-404;Al-Harits bin Auf;PERSON;958.0;975.0;1.0;gold
000218-002;390-404;Madinah;LOCATION;1093.0;1100.0;1.0;gold
000218-002;390-404;Madinah;LOCATION;1198.0;1205.0;1.0;gold
000218-002;390-404;Madinah;LOCATION;1365.0;1372.0;1.0;gold
000218-003;390-404;Madinah;LOCATION;75.0;82.0;1.0;gold
000218-003;390-404;Madinah;LOCATION;177.0;184.0;1.0;gold
000218-003;390-404;Madinah;LOCATION;406.0;413.0;1.0;gold
000218-003;390-404;Madinah;LOCATION;651.0;658.0;1.0;gold
000218-003;390-404;Rasulullah;PERSON;692.0;702.0;1.0;gold
000218-003;390-404;Madinah;LOCATION;796.0;803.0;1.0;gold
000218-003;390-404;Salman Al-Farisi;PERSON;946.0;962.0;1.0;gold
000218-003;390-404;Salman;PERSON;978.0;984.0;1.0;gold
000218-003;390-404;Rasulullah;PERSON;1001.0;1011.0;1.0;gold
000218-003;390-404;Rasulullah;PERSON;1196.0;1206.0;1.0;gold
000218-003;390-404;Rasulullah;PERSON;1421.0;1431.0;1.0;gold
000218-004;390-404;Rasulullah;PERSON;0.0;10.0;1.0;gold
000218-004;390-404;Sahl bin Sa'd;PERSON;117.0;130.0;1.0;gold
000218-004;390-404;Rasulullah;PERSON;159.0;169.0;1.0;gold
000218-004;390-404;Rasulullah;PERSON;403.0;413.0;1.0;gold
000218-004;390-404;Muhammad;PERSON;857.0;865.0;1.0;gold
000218-004;390-404;Al-Barra' bin Azib;PERSON;912.0;930.0;1.0;gold
000218-004;390-404;Ibnu Rawahah;PERSON;1123.0;1135.0;1.0;gold
000218-005;390-404;Abu Thalhah;PERSON;484.0;495.0;1.0;gold
000218-005;390-404;Rasulullah;PERSON;539.0;549.0;1.0;gold
000218-005;390-404;Jabir bin Abdullah;PERSON;761.0;779.0;1.0;gold
000218-005;390-404;Jabir;PERSON;840.0;845.0;1.0;gold
000218-005;390-404;Jabir;PERSON;932.0;937.0;1.0;gold
000218-005;390-404;Rasulullah;PERSON;948.0;958.0;1.0;gold
000218-005;390-404;An-Nu'man bin Basyir;PERSON;1313.0;1333.0;1.0;gold
000218-006;390-404;An-Nu'man bin Basyir;PERSON;88.0;108.0;1.0;gold
000218-006;390-404;Rasulullah;PERSON;239.0;249.0;1.0;gold
000218-006;390-404;Jabir;PERSON;706.0;711.0;1.0;gold
000218-006;390-404;Al-Barra';PERSON;1214.0;1223.0;1.0;gold
000218-006;390-404;Rasulullah;PERSON;1387.0;1397.0;1.0;gold
000218-008;390-404;Madinah;LOCATION;118.0;125.0;1.0;gold
000218-008;390-404;Najd;LOCATION;284.0;288.0;1.0;gold
000218-008;390-404;Uhud;LOCATION;348.0;352.0;1.0;gold
000218-008;390-404;Rasulullah;PERSON;1027.0;1037.0;1.0;gold
000218-008;390-404;Madinah;LOCATION;1221.0;1228.0;1.0;gold
000218-008;390-404;Ibnu Ummi;PERSON;1247.0;1256.0;1.0;gold
000218-009;390-404;Madinah;LOCATION;187.0;194.0;1.0;gold
000218-009;390-404;Amr bin Abdi;PERSON;1339.0;1351.0;1.0;gold
000218-009;390-404;Ikrimah bin Abu Jahl;PERSON;1358.0;1378.0;1.0;gold
000218-009;390-404;Dhirar bin Al-Khaththab;PERSON;1380.0;1403.0;1.0;gold
000218-010;390-404;Amr bin Abdi;PERSON;107.0;119.0;1.0;gold
000218-010;390-404;Ikrimah bin Abu Jahl;PERSON;126.0;146.0;1.0;gold
000218-010;390-404;Dhirar bin Al-Khaththab;PERSON;148.0;171.0;1.0;gold
000218-010;390-404;Ali bin Abi Thalib;PERSON;369.0;387.0;1.0;gold
000218-010;390-404;Amr bin Abi Wudd;PERSON;491.0;507.0;1.0;gold
000218-010;390-404;Ali bin Abu Thalib;PERSON;577.0;595.0;1.0;gold
000218-010;390-404;Ali;PERSON;601.0;604.0;1.0;gold
000218-010;390-404;Ali bin Abu Thalib;PERSON;860.0;878.0;1.0;gold
000218-010;390-404;Ali;PERSON;940.0;943.0;1.0;gold
000218-010;390-404;Ikrimah bin Abu Jahl;PERSON;1096.0;1116.0;1.0;gold
000218-011;390-404;Rasulullah;PERSON;311.0;321.0;1.0;gold
000218-011;390-404;Jabir;PERSON;381.0;386.0;1.0;gold
000218-011;390-404;Umar bin Al-Khaththab;PERSON;393.0;414.0;1.0;gold
000218-011;390-404;Perang Khandaq;EVENT;433.0;447.0;1.0;gold
000218-011;390-404;Rasulullah;PERSON;538.0;548.0;1.0;gold
000218-011;390-404;Ali;PERSON;1091.0;1094.0;1.0;gold
000218-011;390-404;Perang Khandaq;EVENT;1135.0;1149.0;1.0;gold
000218-012;390-404;An-Nawawi;PERSON;389.0;398.0;1.0;gold
000218-012;390-404;Perang Khandaq;EVENT;460.0;474.0;1.0;gold
000218-012;390-404;Sa'd bin Mu'adz;PERSON;1254.0;1269.0;1.0;gold
000218-012;390-404;Habban bin Qais bin Al-Ariqah;PERSON;1436.0;1465.0;1.0;gold
000218-013;390-404;Habban bin Qais bin Al-Ariqah;PERSON;97.0;126.0;1.0;gold
000218-013;390-404;An-Nawawi;PERSON;542.0;551.0;1.0;gold
000218-013;390-404;Huyai bin Akhthab;PERSON;1253.0;1270.0;1.0;gold
000218-013;390-404;Ka'b bin Asad;PERSON;1323.0;1336.0;1.0;gold
000218-014;390-404;Ka'b bin Asad;PERSON;12.0;25.0;1.0;gold
000218-014;390-404;Rasulullah;PERSON;127.0;137.0;1.0;gold
000218-014;390-404;Ka'b;PERSON;229.0;233.0;1.0;gold
000218-014;390-404;Ka'b;PERSON;242.0;246.0;1.0;gold
000218-014;390-404;Ka'b;PERSON;369.0;373.0;1.0;gold
000218-014;390-404;Uhud;LOCATION;659.0;663.0;1.0;gold
000218-014;390-404;Muhammad;PERSON;756.0;764.0;1.0;gold
000218-014;390-404;Ka'b;PERSON;788.0;792.0;1.0;gold
000218-014;390-404;Muhammad;PERSON;1046.0;1054.0;1.0;gold
000218-014;390-404;Ka'b;PERSON;1149.0;1153.0;1.0;gold
000218-014;390-404;Muhammad;PERSON;1293.0;1301.0;1.0;gold
000218-014;390-404;Ka'b bin As';PERSON;1410.0;1422.0;1.0;gold
000218-015;390-404;Muhammad;PERSON;23.0;31.0;1.0;gold
000218-015;390-404;Ka'b;PERSON;126.0;130.0;1.0;gold
000218-015;390-404;Muhammad;PERSON;270.0;278.0;1.0;gold
000218-015;390-404;Ka'b bin As';PERSON;387.0;399.0;1.0;gold
000218-015;390-404;Ibnu Hisyam;PERSON;478.0;489.0;1.0;gold
000218-015;390-404;Ibnu Ishaq;PERSON;704.0;714.0;1.0;gold
000218-015;390-404;Shafiyah binti Abdul Muthalib;PERSON;728.0;757.0;1.0;gold
000218-015;390-404;Hassan bin Tsabit;PERSON;860.0;877.0;1.0;gold
000218-015;390-404;Rasulullah;PERSON;1119.0;1129.0;1.0;gold
000218-016;390-404;Rasulullah;PERSON;234.0;244.0;1.0;gold
000218-016;390-404;Hassan bin Tsabit;PERSON;836.0;853.0;1.0;gold
000218-016;390-404;Rasulullah;PERSON;921.0;931.0;1.0;gold
000218-017;390-404;Rasulullah;PERSON;419.0;429.0;1.0;gold
000218-017;390-404;Sa'd bin Mu'adz;PERSON;646.0;661.0;1.0;gold
000218-017;390-404;Sa'd bin Ubadah;PERSON;663.0;678.0;1.0;gold
000218-017;390-404;Abdullah bin Rawahah;PERSON;680.0;700.0;1.0;gold
000218-017;390-404;Khawwat bin Jubair;PERSON;706.0;724.0;1.0;gold
000218-017;390-404;Rasulullah;PERSON;1285.0;1295.0;1.0;gold
000218-017;390-404;Muhammad;PERSON;1359.0;1367.0;1.0;gold
000218-018;390-404;Muhammad;PERSON;37.0;45.0;1.0;gold
000218-018;390-404;Rasulullah;PERSON;161.0;171.0;1.0;gold
000218-019;390-404;Muhammad;PERSON;137.0;145.0;1.0;gold
000218-019;390-404;Kisra;PERSON;208.0;213.0;1.0;gold
000218-019;390-404;Madinah;LOCATION;550.0;557.0;1.0;gold
000218-019;390-404;Yastrib;LOCATION;848.0;855.0;1.0;gold
000218-019;390-404;Madinah;LOCATION;857.0;864.0;1.0;gold
000218-019;390-404;Rasulullah;PERSON;1231.0;1241.0;1.0;gold
000218-020;390-404;Madinah;LOCATION;304.0;311.0;1.0;gold
000218-020;390-404;Uyainah bin Hishn;PERSON;490.0;507.0;1.0;gold
000218-020;390-404;Al-Harits bin Auf;PERSON;512.0;529.0;1.0;gold
000218-020;390-404;Madinah;LOCATION;616.0;623.0;1.0;gold
000218-020;390-404;Sa'd bin Mu'adz;PERSON;854.0;869.0;1.0;gold
000218-020;390-404;Sa'd bin Ubaidah;PERSON;874.0;890.0;1.0;gold
000218-020;390-404;Rasulullah;PERSON;936.0;946.0;1.0;gold
000218-020;390-404;Madinah;LOCATION;1305.0;1312.0;1.0;gold
000218-021;390-404;Madinah;LOCATION;58.0;65.0;1.0;gold
000218-021;390-404;Nu'aim bin Mas'ud bin Amir Al Asyja'i;PERSON;744.0;781.0;1.0;gold
000218-021;390-404;Rasulullah;PERSON;796.0;806.0;1.0;gold
000218-021;390-404;Rasulullah;PERSON;829.0;839.0;1.0;gold
000218-022;390-404;Muhammad;PERSON;241.0;249.0;1.0;gold
000218-022;390-404;Muhammad;PERSON;579.0;587.0;1.0;gold
000218-022;390-404;Muhammad;PERSON;1158.0;1166.0;1.0;gold
000218-022;390-404;Muhammad;PERSON;1247.0;1255.0;1.0;gold
000218-022;390-404;Muhammad;PERSON;1352.0;1360.0;1.0;gold
000218-023;390-404;Muhammad;PERSON;60.0;68.0;1.0;gold
000218-023;390-404;Muhammad;PERSON;165.0;173.0;1.0;gold
000218-023;390-404;malam Sabtu, bulan Syawwal 5 H;TIME;394.0;424.0;1.0;gold
000218-023;390-404;Muhammad;PERSON;680.0;688.0;1.0;gold
000218-023;390-404;hari Sabtu;TIME;797.0;807.0;1.0;gold
000218-024;390-404;Muhammad;PERSON;458.0;466.0;1.0;gold
000218-024;390-404;Rasulullah;PERSON;829.0;839.0;1.0;gold
000218-025;390-404;Rasulullah;PERSON;355.0;365.0;1.0;gold
000218-025;390-404;Khudzaifah bin Al-Yaman;PERSON;375.0;398.0;1.0;gold
000218-025;390-404;Makkah;LOCATION;555.0;561.0;1.0;gold
000218-025;390-404;Hudzaifah bin Al-Yaman;PERSON;563.0;585.0;1.0;gold
000218-025;390-404;Makkah;LOCATION;646.0;652.0;1.0;gold
000218-025;390-404;Madinah;LOCATION;966.0;973.0;1.0;gold
000218-025;390-404;Perang Khandaq;EVENT;975.0;989.0;1.0;gold
000218-025;390-404;tahun 5 H pada bulan Syawwal;TIME;1007.0;1035.0;1.0;gold
000218-025;390-404;Rasulullah;PERSON;1105.0;1115.0;1.0;gold
000218-025;390-404;bulan Syawwal;TIME;1283.0;1296.0;1.0;gold
000218-025;390-404;bulan Dzul Qa'dah;TIME;1315.0;1332.0;1.0;gold
000218-025;390-404;Ibnu Sa'd;PERSON;1349.0;1358.0;1.0;gold
000218-025;390-404;Rasulullah;PERSON;1360.0;1370.0;1.0;gold
000218-025;390-404;Khandaq;LOCATION;1384.0;1391.0;1.0;gold
000218-025;390-404;hari Rabu;TIME;1397.0;1406.0;1.0;gold
000218-025;390-404;bulan Dzul Qa'dah;TIME;1434.0;1451.0;1.0;gold
000218-026;390-404;bulan Syawwal;TIME;103.0;116.0;1.0;gold
000218-026;390-404;bulan Dzul Qa'dah;TIME;135.0;152.0;1.0;gold
000218-026;390-404;Ibnu Sa'd;PERSON;169.0;178.0;1.0;gold
000218-026;390-404;Rasulullah;PERSON;180.0;190.0;1.0;gold
000218-026;390-404;Khandaq;LOCATION;204.0;211.0;1.0;gold
000218-026;390-404;hari Rabu;TIME;217.0;226.0;1.0;gold
000218-026;390-404;bulan Dzul Qa'dah;TIME;254.0;271.0;1.0;gold
000218-026;390-404;Perang Khandaq;EVENT;306.0;320.0;1.0;gold
000218-026;390-404;Perang Ahzab;EVENT;414.0;426.0;1.0;gold
000218-026;390-404;Madinah;LOCATION;780.0;787.0;1.0;gold
000218-026;390-404;Rasulullah;PERSON;901.0;911.0;1.0;gold
000218-026;390-404;Perang Ahzab;EVENT;975.0;987.0;1.0;gold
000219-001;405-411;Rasulullah;PERSON;29.0;39.0;1.0;gold
000219-001;405-411;Madinah;LOCATION;51.0;58.0;1.0;gold
000219-001;405-411;Ummu Salamah;PERSON;101.0;113.0;1.0;gold
000219-001;405-411;Jibril;PERSON;115.0;121.0;1.0;gold
000219-001;405-411;Jibril;PERSON;517.0;523.0;1.0;gold
000219-001;405-411;Rasulullah;PERSON;563.0;573.0;1.0;gold
000219-001;405-411;Madinah;LOCATION;748.0;755.0;1.0;gold
000219-001;405-411;Ibnu Ummi;PERSON;774.0;783.0;1.0;gold
000219-001;405-411;Ali bin Abi Thalib;PERSON;818.0;836.0;1.0;gold
000219-001;405-411;Rasulullah;PERSON;1196.0;1206.0;1.0;gold
000219-002;405-411;Ka'b bin Asad;PERSON;889.0;902.0;1.0;gold
000219-002;405-411;Muhammad;PERSON;978.0;986.0;1.0;gold
000219-003;405-411;Muhammad;PERSON;233.0;241.0;1.0;gold
000219-003;405-411;Rasulullah;PERSON;378.0;388.0;1.0;gold
000219-003;405-411;hari Sabtu;TIME;444.0;454.0;1.0;gold
000219-003;405-411;Ka'b bin Asad;PERSON;527.0;540.0;1.0;gold
000219-003;405-411;Rasulullah;PERSON;801.0;811.0;1.0;gold
000219-003;405-411;Rasulullah;PERSON;1024.0;1034.0;1.0;gold
000219-003;405-411;Abu Lubabah;PERSON;1059.0;1070.0;1.0;gold
000219-003;405-411;Abu Lubabah;PERSON;1127.0;1138.0;1.0;gold
000219-003;405-411;Abu Lubabah;PERSON;1191.0;1202.0;1.0;gold
000219-003;405-411;Abu Lubabah;PERSON;1267.0;1278.0;1.0;gold
000219-003;405-411;Abu Lubabah;PERSON;1411.0;1422.0;1.0;gold
000219-004;405-411;Abu Lubabah;PERSON;93.0;104.0;1.0;gold
000219-004;405-411;Abu Lubabah;PERSON;163.0;174.0;1.0;gold
000219-004;405-411;Muhammad;PERSON;218.0;226.0;1.0;gold
000219-004;405-411;Abu Lubabah;PERSON;454.0;465.0;1.0;gold
000219-004;405-411;Rasulullah;PERSON;567.0;577.0;1.0;gold
000219-004;405-411;Abu Lubabah;PERSON;840.0;851.0;1.0;gold
000219-004;405-411;Abu Lubabah;PERSON;1095.0;1106.0;1.0;gold
000219-004;405-411;Rasulullah;PERSON;1204.0;1214.0;1.0;gold
000219-005;405-411;Perang Bani Quraizhah;EVENT;350.0;371.0;1.0;gold
000219-005;405-411;Ali bin Abu Thalib;PERSON;542.0;560.0;1.0;gold
000219-005;405-411;Az-Zubair bin Al-Awwam;PERSON;565.0;587.0;1.0;gold
000219-005;405-411;Ali;PERSON;589.0;592.0;1.0;gold
000219-005;405-411;Hamzah;PERSON;679.0;685.0;1.0;gold
000219-005;405-411;Muhammad bin Salamah;PERSON;880.0;900.0;1.0;gold
000219-005;405-411;Rasulullah;PERSON;1058.0;1068.0;1.0;gold
000219-005;405-411;Rasulullah;PERSON;1092.0;1102.0;1.0;gold
000219-006;405-411;Sa'd bin Mu'adz;PERSON;204.0;219.0;1.0;gold
000219-006;405-411;Sa'd bin Mu'adz;PERSON;257.0;272.0;1.0;gold
000219-006;405-411;Madinah;LOCATION;283.0;290.0;1.0;gold
000219-006;405-411;Perang Ahzab;EVENT;371.0;383.0;1.0;gold
000219-006;405-411;Rasulullah;PERSON;472.0;482.0;1.0;gold
000219-006;405-411;Rasulullah;PERSON;581.0;591.0;1.0;gold
000219-006;405-411;Sa'd bin Mu';PERSON;699.0;711.0;1.0;gold
000219-006;405-411;Madinah;LOCATION;1007.0;1014.0;1.0;gold
000219-007;405-411;Rasulullah;PERSON;157.0;167.0;1.0;gold
000219-007;405-411;Rasulullah;PERSON;908.0;918.0;1.0;gold
000219-007;405-411;Madinah;LOCATION;1078.0;1085.0;1.0;gold
000219-007;405-411;Ka'b bin Asad;PERSON;1205.0;1218.0;1.0;gold
000219-007;405-411;Ka'b;PERSON;1289.0;1293.0;1.0;gold
000219-008;405-411;Ka'b bin Asad;PERSON;57.0;70.0;1.0;gold
000219-008;405-411;Ka'b;PERSON;141.0;145.0;1.0;gold
000219-008;405-411;Perang Ahzab;EVENT;938.0;950.0;1.0;gold
000219-008;405-411;Huyai bin Akhthab;PERSON;958.0;975.0;1.0;gold
000219-008;405-411;Ka'b bin Asad;PERSON;1121.0;1134.0;1.0;gold
000219-008;405-411;Ka'b;PERSON;1194.0;1198.0;1.0;gold
000219-008;405-411;Rasulullah;PERSON;1393.0;1403.0;1.0;gold
000219-009;405-411;Rasulullah;PERSON;103.0;113.0;1.0;gold
000219-009;405-411;Khalad bin Suwaid;PERSON;640.0;657.0;1.0;gold
000219-009;405-411;Rasulullah;PERSON;732.0;742.0;1.0;gold
000219-009;405-411;Tsabit bin Qaiz;PERSON;1004.0;1019.0;1.0;gold
000219-009;405-411;Rasulullah;PERSON;1037.0;1047.0;1.0;gold
000219-009;405-411;Az-Zabir bin Batha;PERSON;1053.0;1071.0;1.0;gold
000219-009;405-411;Perang Bu'ats;EVENT;1138.0;1151.0;1.0;gold
000219-009;405-411;Tsabit bin Qaiz;PERSON;1190.0;1205.0;1.0;gold
000219-010;405-411;Tsabit bin Qaiz;PERSON;27.0;42.0;1.0;gold
000219-010;405-411;Rasulullah;PERSON;53.0;63.0;1.0;gold
000219-010;405-411;Abdurrahman bin Az-Zabir;PERSON;489.0;513.0;1.0;gold
000219-010;405-411;Salma binti Qaiz;PERSON;608.0;624.0;1.0;gold
000219-010;405-411;Muhammad bin Maslamah;PERSON;1015.0;1036.0;1.0;gold
000219-010;405-411;Rasulullah;PERSON;1135.0;1145.0;1.0;gold
000219-010;405-411;Sa'd bin Zaid;PERSON;1369.0;1382.0;1.0;gold
000219-010;405-411;Najd;LOCATION;1410.0;1414.0;1.0;gold
000219-011;405-411;Sa'd bin Zaid;PERSON;31.0;44.0;1.0;gold
000219-011;405-411;Najd;LOCATION;72.0;76.0;1.0;gold
000219-011;405-411;Rasulullah;PERSON;132.0;142.0;1.0;gold
000219-011;405-411;Raihanah binti Amr bin Junafah;PERSON;198.0;228.0;1.0;gold
000219-011;405-411;tahun 6 H;TIME;369.0;378.0;1.0;gold
000219-011;405-411;Sa'd bin Mu'adz;PERSON;534.0;549.0;1.0;gold
000219-011;405-411;Perang Ahzab;EVENT;603.0;615.0;1.0;gold
000219-011;405-411;Sa'd bin Mu'adz;PERSON;1345.0;1360.0;1.0;gold
000219-012;405-411;Sa'd bin Mu'adz;PERSON;105.0;120.0;1.0;gold
000219-012;405-411;Jabir;PERSON;197.0;202.0;1.0;gold
000219-012;405-411;Rasulullah;PERSON;210.0;220.0;1.0;gold
000219-012;405-411;Sa'd bin Mu'adz;PERSON;288.0;303.0;1.0;gold
000219-012;405-411;Sa'd bin Mu'adz;PERSON;390.0;405.0;1.0;gold
000219-012;405-411;Rasulullah;PERSON;473.0;483.0;1.0;gold
000219-012;405-411;Khallad bin Suwaid;PERSON;622.0;640.0;1.0;gold
000219-012;405-411;Abu Sinan bin Minshan;PERSON;775.0;796.0;1.0;gold
000219-012;405-411;Abu Lubabah;PERSON;825.0;836.0;1.0;gold
000219-012;405-411;Abu Lubabah;PERSON;1104.0;1115.0;1.0;gold
000219-012;405-411;Ummu Salamah;PERSON;1161.0;1173.0;1.0;gold
000219-012;405-411;Ummu Salamah;PERSON;1174.0;1186.0;1.0;gold
000219-012;405-411;Abu Lubabah;PERSON;1235.0;1246.0;1.0;gold
000219-012;405-411;Abu Lubabah;PERSON;1349.0;1360.0;1.0;gold
000219-013;405-411;Abu Lubabah;PERSON;102.0;113.0;1.0;gold
000219-013;405-411;Ummu Salamah;PERSON;159.0;171.0;1.0;gold
000219-013;405-411;Ummu Salamah;PERSON;172.0;184.0;1.0;gold
000219-013;405-411;Abu Lubabah;PERSON;233.0;244.0;1.0;gold
000219-013;405-411;Abu Lubabah;PERSON;347.0;358.0;1.0;gold
000219-013;405-411;Abu Lubabah;PERSON;391.0;402.0;1.0;gold
000219-013;405-411;Rasulullah;PERSON;469.0;479.0;1.0;gold
000219-013;405-411;bulan Dzul Qa'dah 5 H;TIME;612.0;633.0;1.0;gold
000219-013;405-411;Perang Ahzab;EVENT;724.0;736.0;1.0;gold
000219-013;405-411;Ibnu Hisyam;PERSON;1049.0;1060.0;1.0;gold
000220-001;412-414;Sallam bin Abul Huqaiq;PERSON;0.0;22.0;1.0;gold
000220-001;412-414;Abu Rafi';PERSON;49.0;58.0;1.0;gold
000220-001;412-414;Rasulullah;PERSON;279.0;289.0;1.0;gold
000220-001;412-414;Sallam bin Abul Huqaiq;PERSON;419.0;441.0;1.0;gold
000220-001;412-414;Ka'b bin Al-Asyraf;PERSON;500.0;518.0;1.0;gold
000220-001;412-414;Rasulullah;PERSON;718.0;728.0;1.0;gold
000220-001;412-414;Abdullah bin Atik;PERSON;912.0;929.0;1.0;gold
000220-001;412-414;Khaibar;LOCATION;954.0;961.0;1.0;gold
000220-001;412-414;Abu Raf';PERSON;989.0;997.0;1.0;gold
000220-001;412-414;Abdullah bin Atik;PERSON;1151.0;1168.0;1.0;gold
000220-002;412-414;Abdullah bin Atik;PERSON;197.0;214.0;1.0;gold
000220-002;412-414;Abu Raff';PERSON;413.0;422.0;1.0;gold
000220-002;412-414;Abu Rafi';PERSON;801.0;810.0;1.0;gold
000220-002;412-414;Abu Rafi';PERSON;960.0;969.0;1.0;gold
000220-002;412-414;Abu Rafi';PERSON;1300.0;1309.0;1.0;gold
000220-003;412-414;Abu Rafi';PERSON;131.0;140.0;1.0;gold
000220-003;412-414;Abu Rafi';PERSON;1051.0;1060.0;1.0;gold
000220-003;412-414;Hijaz;LOCATION;1086.0;1091.0;1.0;gold
000220-003;412-414;Abu Rafi;PERSON;1185.0;1193.0;1.0;gold
000220-004;412-414;Ibnu Ishaq;PERSON;238.0;248.0;1.0;gold
000220-004;412-414;Abu Rafi';PERSON;305.0;314.0;1.0;gold
000220-004;412-414;Abu Rafi';PERSON;374.0;383.0;1.0;gold
000220-004;412-414;Abdullah bin Unais;PERSON;391.0;409.0;1.0;gold
000220-004;412-414;Abdullah bin Atik;PERSON;510.0;527.0;1.0;gold
000220-004;412-414;Abdullah bin Atik;PERSON;918.0;935.0;1.0;gold
000220-004;412-414;Rasulullah;PERSON;951.0;961.0;1.0;gold
000220-004;412-414;bulan Dzul Qa'dah atau Dzul Hijjah 5 H;TIME;991.0;1029.0;1.0;gold
000220-004;412-414;Perang Ahzab;EVENT;1038.0;1050.0;1.0;gold
000221-001;414-415;Perang Ahzab;EVENT;63.0;75.0;1.0;gold
000221-001;414-415;Najd;LOCATION;225.0;229.0;1.0;gold
000221-001;414-415;Madinah;LOCATION;257.0;264.0;1.0;gold
000221-001;414-415;Bakr bin Kilab;PERSON;361.0;375.0;1.0;gold
000221-001;414-415;Madinah;LOCATION;560.0;567.0;1.0;gold
000221-001;414-415;Tsumamah bin Ustal;PERSON;583.0;601.0;1.0;gold
000221-001;414-415;Madinah;LOCATION;740.0;747.0;1.0;gold
000221-001;414-415;Muhammad;PERSON;883.0;891.0;1.0;gold
000221-002;414-415;Makkah;LOCATION;684.0;690.0;1.0;gold
000221-002;414-415;Muhammad;PERSON;844.0;852.0;1.0;gold
000221-002;414-415;Rasulullah;PERSON;957.0;967.0;1.0;gold
000221-002;414-415;Makkah;LOCATION;1043.0;1049.0;1.0;gold
000221-002;414-415;Makkah;LOCATION;1188.0;1194.0;1.0;gold
000221-002;414-415;Rasulullah;PERSON;1309.0;1319.0;1.0;gold
000221-002;414-415;Makkah;LOCATION;1433.0;1439.0;1.0;gold
000222-001;415-416;Hijaz;LOCATION;133.0;138.0;1.0;gold
000222-001;415-416;Makkah;LOCATION;161.0;167.0;1.0;gold
000222-001;415-416;bulan Rabi'ul Awwal;TIME;650.0;669.0;1.0;gold
000222-001;415-416;Madinah;LOCATION;723.0;730.0;1.0;gold
000222-001;415-416;Ibnu Ummi;PERSON;749.0;758.0;1.0;gold
000222-001;415-416;Syam;LOCATION;841.0;845.0;1.0;gold
000222-002;415-416;Madinah;LOCATION;289.0;296.0;1.0;gold
000223-001;416-418;Rasulullah;PERSON;12.0;22.0;1.0;gold
000223-001;416-418;Ukkasyah bin Mihshan;PERSON;102.0;122.0;1.0;gold
000223-001;416-418;bulan Rabi'ul Awwal 6 H;TIME;140.0;163.0;1.0;gold
000223-001;416-418;Madinah;LOCATION;384.0;391.0;1.0;gold
000223-001;416-418;Muhammad bin Maslamah;PERSON;410.0;431.0;1.0;gold
000223-001;416-418;bulan Rabi'ul Awwal atau Rabi'ul Akhir;TIME;454.0;492.0;1.0;gold
000223-001;416-418;Muhammad bin Maslamah;PERSON;696.0;717.0;1.0;gold
000223-001;416-418;Abu Ubaidah bin Al-Jarrah;PERSON;779.0;804.0;1.0;gold
000223-001;416-418;Rabi'ul Akhir 6 H;TIME;827.0;844.0;1.0;gold
000223-001;416-418;Muhammad bin Maslamah;PERSON;901.0;922.0;1.0;gold
000223-001;416-418;Abu Ubaidah;PERSON;1053.0;1064.0;1.0;gold
000223-001;416-418;Zaid bin Haritsah;PERSON;1311.0;1328.0;1.0;gold
000223-001;416-418;bulan Rabi'ul Akhir 6 H;TIME;1346.0;1369.0;1.0;gold
000223-002;416-418;Zaid bin Haritsah;PERSON;65.0;82.0;1.0;gold
000223-002;416-418;bulan Rabi'ul Akhir 6 H;TIME;100.0;123.0;1.0;gold
000223-002;416-418;Halimah;PERSON;293.0;300.0;1.0;gold
000223-002;416-418;Madinah;LOCATION;462.0;469.0;1.0;gold
000223-002;416-418;Zaid bin Haritsah;PERSON;553.0;570.0;1.0;gold
000223-002;416-418;Abul Ash;PERSON;714.0;722.0;1.0;gold
000223-002;416-418;Rasulullah;PERSON;744.0;754.0;1.0;gold
000223-002;416-418;Abul Ash;PERSON;783.0;791.0;1.0;gold
000223-002;416-418;Zainab;PERSON;830.0;836.0;1.0;gold
000223-002;416-418;Zainab;PERSON;931.0;937.0;1.0;gold
000223-002;416-418;Zainab;PERSON;1001.0;1007.0;1.0;gold
000223-002;416-418;Rasulullah;PERSON;1037.0;1047.0;1.0;gold
000223-003;416-418;Rasulullah;PERSON;5.0;15.0;1.0;gold
000223-003;416-418;Abul Ash;PERSON;179.0;187.0;1.0;gold
000223-003;416-418;Makkah;LOCATION;204.0;210.0;1.0;gold
000223-003;416-418;Madinah;LOCATION;359.0;366.0;1.0;gold
000223-003;416-418;Madinah;LOCATION;379.0;386.0;1.0;gold
000223-003;416-418;Rasulullah;PERSON;388.0;398.0;1.0;gold
000223-003;416-418;Zainab;PERSON;411.0;417.0;1.0;gold
000223-003;416-418;Abul Ash;PERSON;425.0;433.0;1.0;gold
000223-003;416-418;Abul Ash;PERSON;955.0;963.0;1.0;gold
000223-003;416-418;Fathu Makkah;EVENT;1011.0;1023.0;1.0;gold
000223-003;416-418;Zainab;PERSON;1072.0;1078.0;1.0;gold
000223-003;416-418;Abu Bashir;PERSON;1266.0;1276.0;1.0;gold
000223-003;416-418;Zaid bin Haritsah;PERSON;1380.0;1397.0;1.0;gold
000223-003;416-418;bulan Jumadil Akhir 6 H;TIME;1424.0;1447.0;1.0;gold
000223-004;416-418;Zaid;PERSON;150.0;154.0;1.0;gold
000223-004;416-418;Madinah;LOCATION;218.0;225.0;1.0;gold
000223-004;416-418;Zaid bin Haritsah;PERSON;263.0;280.0;1.0;gold
000223-004;416-418;bulan Rajab 6 H;TIME;300.0;315.0;1.0;gold
000223-004;416-418;Zaid bin Haritsah;PERSON;561.0;578.0;1.0;gold
000223-004;416-418;bulan Rajab 8 H;TIME;663.0;678.0;1.0;gold
000223-004;416-418;Hudaibiyah;EVENT;724.0;734.0;1.0;gold
000223-004;416-418;Jabir;PERSON;736.0;741.0;1.0;gold
000223-004;416-418;Rasulullah;PERSON;755.0;765.0;1.0;gold
000223-004;416-418;Abu Ubaidah;PERSON;823.0;834.0;1.0;gold
000223-004;416-418;Abu Ubaidah;PERSON;1145.0;1156.0;1.0;gold
000223-005;416-418;Abu Ubaidah;PERSON;176.0;187.0;1.0;gold
000223-005;416-418;Madinah;LOCATION;465.0;472.0;1.0;gold
000223-005;416-418;Jabir;PERSON;718.0;723.0;1.0;gold
000223-005;416-418;Hudaibiyah;EVENT;776.0;786.0;1.0;gold
000223-005;416-418;perjanjian Hudaibiyah;EVENT;865.0;886.0;1.0;gold
000224-001;419-420;bulan Sya'ban 6 H;TIME;530.0;547.0;1.0;gold
000224-001;419-420;Al-Harits bin Abu Dhirar;PERSON;670.0;694.0;1.0;gold
000224-001;419-420;Buraidah bin Al-Hushaib;PERSON;767.0;790.0;1.0;gold
000224-001;419-420;Al-Harits bin Al-Dhirar;PERSON;882.0;905.0;1.0;gold
000224-001;419-420;Rasulullah;PERSON;1001.0;1011.0;1.0;gold
000224-001;419-420;Zainab;PERSON;1355.0;1361.0;1.0;gold
000224-001;419-420;Abul Ash;PERSON;1413.0;1421.0;1.0;gold
000224-002;419-420;Zainab;PERSON;49.0;55.0;1.0;gold
000224-002;419-420;Abul Ash;PERSON;107.0;115.0;1.0;gold
000224-002;419-420;Sa'd bin Muadz;PERSON;175.0;189.0;1.0;gold
000224-002;419-420;Sa'd bin Ubadah;PERSON;194.0;209.0;1.0;gold
000224-002;419-420;Sa'd bin Mu'adz;PERSON;306.0;321.0;1.0;gold
000224-002;419-420;perang Bani Quraizhah;EVENT;345.0;366.0;1.0;gold
000224-002;419-420;Ibnu Ishaq;PERSON;414.0;424.0;1.0;gold
000224-002;419-420;Ubaidillah bin Abdullah bin Utbah;PERSON;490.0;523.0;1.0;gold
000224-002;419-420;Aisyah;PERSON;530.0;536.0;1.0;gold
000224-002;419-420;Sa'd bin Mu'adz;PERSON;577.0;592.0;1.0;gold
000224-002;419-420;Usaid bin Hudhair;PERSON;606.0;623.0;1.0;gold
000224-002;419-420;Abu Muhammad bin Hazm;PERSON;633.0;654.0;1.0;gold
000224-002;419-420;Muhammad;PERSON;746.0;754.0;1.0;gold
000224-002;419-420;Ibnul Qayyim;PERSON;791.0;803.0;1.0;gold
000224-002;419-420;tahun 5 H;TIME;854.0;863.0;1.0;gold
000224-002;419-420;Sya'ban;TIME;972.0;979.0;1.0;gold
000224-002;419-420;Madinah;LOCATION;1133.0;1140.0;1.0;gold
000224-002;419-420;Zaid bin Haritsah;PERSON;1159.0;1176.0;1.0;gold
000224-002;419-420;Abu Dzarr;PERSON;1213.0;1222.0;1.0;gold
000224-002;419-420;Numailah bin Abdullah;PERSON;1250.0;1271.0;1.0;gold
000224-002;419-420;Al-Harits bin Abu Dhirar;PERSON;1283.0;1307.0;1.0;gold
000224-003;419-420;Al-Harits bin Abu Dhirar;PERSON;69.0;93.0;1.0;gold
000224-003;419-420;Rasulullah;PERSON;130.0;140.0;1.0;gold
000224-003;419-420;Rasulullah;PERSON;310.0;320.0;1.0;gold
000224-003;419-420;Qudaid;LOCATION;371.0;377.0;1.0;gold
000224-003;419-420;Abu Bakar;PERSON;491.0;500.0;1.0;gold
000224-003;419-420;Sa'd bin Ubadah;PERSON;538.0;553.0;1.0;gold
000224-003;419-420;Rasulullah;PERSON;621.0;631.0;1.0;gold
000224-003;419-420;Ibnul Qayyim;PERSON;1099.0;1111.0;1.0;gold
000224-003;419-420;Rasulullah;PERSON;1178.0;1188.0;1.0;gold
000224-003;419-420;Juwairiyah binti Al-Harits;PERSON;1295.0;1321.0;1.0;gold
000224-003;419-420;Juwairiyah;PERSON;1383.0;1393.0;1.0;gold
000224-003;419-420;Tsabit bin Qais;PERSON;1409.0;1424.0;1.0;gold
000224-004;419-420;Rasulullah;PERSON;50.0;60.0;1.0;gold
000224-004;419-420;Rasulullah;PERSON;262.0;272.0;1.0;gold
000224-004;419-420;Abdullah bin Ubay bin Salul;PERSON;377.0;404.0;1.0;gold
000225-001;420-424;Abdullah bin Ubay;PERSON;33.0;50.0;1.0;gold
000225-001;420-424;Rasulullah;PERSON;130.0;140.0;1.0;gold
000225-001;420-424;Madinah;LOCATION;463.0;470.0;1.0;gold
000225-001;420-424;Rasulullah;PERSON;509.0;519.0;1.0;gold
000225-001;420-424;Sa'd bin Ubadah;PERSON;555.0;570.0;1.0;gold
000225-001;420-424;Abdullah bin Ubay;PERSON;626.0;643.0;1.0;gold
000225-001;420-424;Abdullah bin Ubay;PERSON;917.0;934.0;1.0;gold
000225-001;420-424;Perang Badr;EVENT;1091.0;1102.0;1.0;gold
000225-002;420-424;Perang Uhud;EVENT;227.0;238.0;1.0;gold
000225-002;420-424;Rasulullah;PERSON;543.0;553.0;1.0;gold
000225-002;420-424;Rasulullah;PERSON;574.0;584.0;1.0;gold
000225-002;420-424;Rasulullah;PERSON;734.0;744.0;1.0;gold
000225-002;420-424;Perang Uhud;EVENT;777.0;788.0;1.0;gold
000225-002;420-424;Ibnu Hisyam;PERSON;1240.0;1251.0;1.0;gold
000225-003;420-424;Rasulullah;PERSON;35.0;45.0;1.0;gold
000225-003;420-424;Abdullah bin Ubay;PERSON;89.0;106.0;1.0;gold
000225-003;420-424;Perang Ahzab;EVENT;543.0;555.0;1.0;gold
000225-003;420-424;Rasulullah;PERSON;1123.0;1133.0;1.0;gold
000225-004;420-424;Rasulullah;PERSON;390.0;400.0;1.0;gold
000225-004;420-424;Madinah;LOCATION;509.0;516.0;1.0;gold
000225-004;420-424;Abdullah bin Ubay;PERSON;677.0;694.0;1.0;gold
000225-004;420-424;Perang Ahzab;EVENT;746.0;758.0;1.0;gold
000225-004;420-424;Rasulullah;PERSON;765.0;775.0;1.0;gold
000225-004;420-424;Zainab binti Jahsy;PERSON;800.0;818.0;1.0;gold
000225-004;420-424;Zaid bin Haritsah;PERSON;843.0;860.0;1.0;gold
000225-004;420-424;Zainab;PERSON;1090.0;1096.0;1.0;gold
000225-004;420-424;Zainab;PERSON;1208.0;1214.0;1.0;gold
000225-004;420-424;Zainab;PERSON;1388.0;1394.0;1.0;gold
000225-005;420-424;Zainab;PERSON;0.0;6.0;1.0;gold
000225-005;420-424;Zainab;PERSON;80.0;86.0;1.0;gold
000225-005;420-424;Muhammad;PERSON;243.0;251.0;1.0;gold
000225-005;420-424;Zainab;PERSON;260.0;266.0;1.0;gold
000225-005;420-424;Zaid;PERSON;381.0;385.0;1.0;gold
000225-005;420-424;Zaid;PERSON;395.0;399.0;1.0;gold
000225-005;420-424;Zainab;PERSON;411.0;417.0;1.0;gold
000225-005;420-424;Muhammad;PERSON;437.0;445.0;1.0;gold
000225-005;420-424;Perang Bani Mushthaliq;EVENT;1142.0;1164.0;1.0;gold
000225-005;420-424;Rasulullah;PERSON;1177.0;1187.0;1.0;gold
000226-001;424-429;Perang Bani Mushthaliq;EVENT;5.0;27.0;1.0;gold
000226-001;424-429;Madinah;LOCATION;654.0;661.0;1.0;gold
000226-001;424-429;Rasulullah;PERSON;760.0;770.0;1.0;gold
000226-001;424-429;Umar bin Al-Khaththab;PERSON;880.0;901.0;1.0;gold
000226-001;424-429;Sinan bin Wabar;PERSON;1000.0;1015.0;1.0;gold
000226-001;424-429;Abdullah bin Ubay;PERSON;1201.0;1218.0;1.0;gold
000226-001;424-429;Zaid bin Arqam;PERSON;1275.0;1289.0;1.0;gold
000226-001;424-429;Abdullah bin Ubay;PERSON;1331.0;1348.0;1.0;gold
000226-002;424-429;Abdullah bin Ubay;PERSON;0.0;17.0;1.0;gold
000226-002;424-429;Madinah;LOCATION;280.0;287.0;1.0;gold
000226-002;424-429;Zaid bin Arqam;PERSON;681.0;695.0;1.0;gold
000226-002;424-429;Abdullah bin Ubay;PERSON;727.0;744.0;1.0;gold
000226-002;424-429;Umar bin Al-Khaththab;PERSON;806.0;827.0;1.0;gold
000226-002;424-429;Abbad bin Bisri;PERSON;870.0;885.0;1.0;gold
000226-002;424-429;Umar;PERSON;943.0;947.0;1.0;gold
000226-002;424-429;Muhammad;PERSON;980.0;988.0;1.0;gold
000226-002;424-429;Usaid bin Hudhair;PERSON;1171.0;1188.0;1.0;gold
000226-002;424-429;Abdullah bin Ubay;PERSON;1396.0;1413.0;1.0;gold
000226-003;424-429;Abdullah bin Ubay;PERSON;24.0;41.0;1.0;gold
000226-003;424-429;Usaid;PERSON;68.0;73.0;1.0;gold
000226-003;424-429;Madinah;LOCATION;149.0;156.0;1.0;gold
000226-003;424-429;Rasulullah;PERSON;250.0;260.0;1.0;gold
000226-003;424-429;Rasulullah;PERSON;420.0;430.0;1.0;gold
000226-003;424-429;Zaid bin Arqam;PERSON;1086.0;1100.0;1.0;gold
000226-003;424-429;Rasulullah;PERSON;1140.0;1150.0;1.0;gold
000226-003;424-429;Abdullah bin Ubay;PERSON;1153.0;1170.0;1.0;gold
000226-003;424-429;Zaid;PERSON;1270.0;1274.0;1.0;gold
000226-003;424-429;Rasulullah;PERSON;1328.0;1338.0;1.0;gold
000226-003;424-429;Abdullah bin Ubay;PERSON;1400.0;1417.0;1.0;gold
000226-003;424-429;Zaid;PERSON;1466.0;1470.0;1.0;gold
000226-004;424-429;Rasulullah;PERSON;52.0;62.0;1.0;gold
000226-004;424-429;Abdullah bin Ubay;PERSON;124.0;141.0;1.0;gold
000226-004;424-429;Zaid;PERSON;190.0;194.0;1.0;gold
000226-004;424-429;Zaid bin Arqam;PERSON;206.0;220.0;1.0;gold
000226-004;424-429;Abdullah bin Abdullah bin Ubay;PERSON;558.0;588.0;1.0;gold
000226-004;424-429;Madinah;LOCATION;714.0;721.0;1.0;gold
000226-004;424-429;Abdullah bin Ubay;PERSON;767.0;784.0;1.0;gold
000226-004;424-429;Rasulullah;PERSON;865.0;875.0;1.0;gold
000226-004;424-429;Rasulullah;PERSON;967.0;977.0;1.0;gold
000226-004;424-429;Abdullah bin Abdullah bin Ubay;PERSON;1059.0;1089.0;1.0;gold
000226-004;424-429;Rasulullah;PERSON;1120.0;1130.0;1.0;gold
000226-004;424-429;Aisyah;PERSON;1348.0;1354.0;1.0;gold
000226-004;424-429;Rasulullah;PERSON;1379.0;1389.0;1.0;gold
000226-005;424-429;Aisyah;PERSON;18.0;24.0;1.0;gold
000226-005;424-429;Rasulullah;PERSON;49.0;59.0;1.0;gold
000226-005;424-429;Aisyah;PERSON;290.0;296.0;1.0;gold
000226-005;424-429;Aisyah;PERSON;502.0;508.0;1.0;gold
000226-005;424-429;Aisyah;PERSON;624.0;630.0;1.0;gold
000226-005;424-429;Aisyah;PERSON;904.0;910.0;1.0;gold
000226-005;424-429;Ibnu Hisyam;PERSON;995.0;1006.0;1.0;gold
000226-005;424-429;Aisyah;PERSON;1340.0;1346.0;1.0;gold
000226-005;424-429;Shafwan bin Al-Mu'aththal;PERSON;1411.0;1436.0;1.0;gold
000226-006;424-429;Shafwan bin Al-Mu'aththal;PERSON;40.0;65.0;1.0;gold
000226-006;424-429;Rasulullah;PERSON;124.0;134.0;1.0;gold
000226-006;424-429;Aisyah;PERSON;242.0;248.0;1.0;gold
000226-006;424-429;Aisyah;PERSON;374.0;380.0;1.0;gold
000226-006;424-429;Aisyah;PERSON;401.0;407.0;1.0;gold
000226-006;424-429;Aisyah;PERSON;476.0;482.0;1.0;gold
000226-006;424-429;Aisyah;PERSON;716.0;722.0;1.0;gold
000226-006;424-429;Abdullah bin Ubay;PERSON;821.0;838.0;1.0;gold
000226-006;424-429;Abdullah bin Ubay;PERSON;1075.0;1092.0;1.0;gold
000226-006;424-429;Madinah;LOCATION;1182.0;1189.0;1.0;gold
000226-006;424-429;Rasulullah;PERSON;1276.0;1286.0;1.0;gold
000226-007;424-429;Ali bin Abu Thalib;PERSON;91.0;109.0;1.0;gold
000226-007;424-429;Aisyah;PERSON;149.0;155.0;1.0;gold
000226-007;424-429;Ali;PERSON;188.0;191.0;1.0;gold
000226-007;424-429;Usamah;PERSON;286.0;292.0;1.0;gold
000226-007;424-429;Abdullah bin Ubay;PERSON;508.0;525.0;1.0;gold
000226-007;424-429;Usaid bin Hudhair;PERSON;527.0;544.0;1.0;gold
000226-007;424-429;Abdullah bin Ubay;PERSON;598.0;615.0;1.0;gold
000226-007;424-429;Sa'd bin Ubadah;PERSON;617.0;632.0;1.0;gold
000226-007;424-429;Usaid bin Hudhair;PERSON;726.0;743.0;1.0;gold
000226-007;424-429;Rasulullah;PERSON;798.0;808.0;1.0;gold
000226-007;424-429;Aisyah;PERSON;905.0;911.0;1.0;gold
000226-007;424-429;Madinah;LOCATION;926.0;933.0;1.0;gold
000226-007;424-429;Rasulullah;PERSON;1077.0;1087.0;1.0;gold
000226-007;424-429;Ummu Misthah;PERSON;1213.0;1225.0;1.0;gold
000226-007;424-429;Ummu Misthah;PERSON;1246.0;1258.0;1.0;gold
000226-007;424-429;Aisyah;PERSON;1344.0;1350.0;1.0;gold
000226-007;424-429;Ummu Misthah;PERSON;1377.0;1389.0;1.0;gold
000226-007;424-429;Madinah;LOCATION;1427.0;1434.0;1.0;gold
000226-008;424-429;Ummu Misthah;PERSON;14.0;26.0;1.0;gold
000226-008;424-429;Madinah;LOCATION;64.0;71.0;1.0;gold
000226-008;424-429;Aisyah;PERSON;89.0;95.0;1.0;gold
000226-008;424-429;Rasulullah;PERSON;144.0;154.0;1.0;gold
000226-008;424-429;Aisyah;PERSON;251.0;257.0;1.0;gold
000226-008;424-429;Aisyah;PERSON;382.0;388.0;1.0;gold
000226-008;424-429;Rasulullah;PERSON;606.0;616.0;1.0;gold
000226-008;424-429;Aisyah;PERSON;677.0;683.0;1.0;gold
000226-008;424-429;Aisyah;PERSON;1032.0;1038.0;1.0;gold
000226-008;424-429;Aisyah;PERSON;1211.0;1217.0;1.0;gold
000226-009;424-429;Yusuf;PERSON;433.0;438.0;1.0;gold
000226-009;424-429;Aisyah;PERSON;581.0;587.0;1.0;gold
000226-009;424-429;Rasulullah;PERSON;665.0;675.0;1.0;gold
000226-009;424-429;Aisyah;PERSON;752.0;758.0;1.0;gold
000226-009;424-429;Rasulullah;PERSON;946.0;956.0;1.0;gold
000226-010;424-429;Misthah bin Utsatsah;PERSON;397.0;417.0;1.0;gold
000226-010;424-429;Hassan bin Tsabit;PERSON;419.0;436.0;1.0;gold
000226-010;424-429;Hamnah binti Jahsy;PERSON;442.0;460.0;1.0;gold
000226-010;424-429;Abdullah bin Ubay;PERSON;510.0;527.0;1.0;gold
000226-010;424-429;Abdullah bin Ubay;PERSON;741.0;758.0;1.0;gold
000226-010;424-429;Madinah;LOCATION;808.0;815.0;1.0;gold
000226-010;424-429;Ibnu Ishaq;PERSON;1045.0;1055.0;1.0;gold
000226-010;424-429;Rasulullah;PERSON;1171.0;1181.0;1.0;gold
000226-010;424-429;Umar;PERSON;1198.0;1202.0;1.0;gold
000226-010;424-429;Umar;PERSON;1235.0;1239.0;1.0;gold
000226-011;424-429;Umar;PERSON;181.0;185.0;1.0;gold
000226-011;424-429;Rasulullah;PERSON;241.0;251.0;1.0;gold
000227-001;430-432;Rasulullah;PERSON;53.0;63.0;1.0;gold
000227-001;430-432;Abdurrahman bin Auf;PERSON;81.0;100.0;1.0;gold
000227-001;430-432;bulan Sya'ban 6 H;TIME;150.0;167.0;1.0;gold
000227-001;430-432;Tumadhir bin Al-Ashba';PERSON;551.0;573.0;1.0;gold
000227-001;430-432;Ummu Abi Salamah;PERSON;589.0;605.0;1.0;gold
000227-001;430-432;Ali bin Abu Thalib;PERSON;648.0;666.0;1.0;gold
000227-001;430-432;Sa'd bin Bakr;PERSON;675.0;688.0;1.0;gold
000227-001;430-432;bulan Sya'ban 6 H;TIME;703.0;720.0;1.0;gold
000227-001;430-432;Rasulullah;PERSON;777.0;787.0;1.0;gold
000227-001;430-432;Ali bin Abu Thalib;PERSON;886.0;904.0;1.0;gold
000227-001;430-432;Ali;PERSON;941.0;944.0;1.0;gold
000227-001;430-432;Khaibar;LOCATION;1136.0;1143.0;1.0;gold
000227-001;430-432;Khaibar;LOCATION;1193.0;1200.0;1.0;gold
000227-001;430-432;Ali;PERSON;1289.0;1292.0;1.0;gold
000227-001;430-432;Wabar bin Alim;PERSON;1436.0;1450.0;1.0;gold
000227-002;430-432;Abu Bakar Ash-Shiddiq;PERSON;18.0;39.0;1.0;gold
000227-002;430-432;Zaid bin Haritsah;PERSON;45.0;62.0;1.0;gold
000227-002;430-432;bulan Ramadhan 6 H;TIME;82.0;100.0;1.0;gold
000227-002;430-432;Abu Bakar Ash-Shiddiq;PERSON;196.0;217.0;1.0;gold
000227-002;430-432;Salamah bin Al-Akwa';PERSON;226.0;246.0;1.0;gold
000227-002;430-432;Abu Bakar;PERSON;384.0;393.0;1.0;gold
000227-002;430-432;Ummu Qirfah;PERSON;758.0;769.0;1.0;gold
000227-002;430-432;Abu Bakar;PERSON;917.0;926.0;1.0;gold
000227-002;430-432;Ummu Qirfah;PERSON;950.0;961.0;1.0;gold
000227-002;430-432;Rasulullah;PERSON;1001.0;1011.0;1.0;gold
000227-002;430-432;Abu Bakar;PERSON;1042.0;1051.0;1.0;gold
000227-002;430-432;Makkah;LOCATION;1082.0;1088.0;1.0;gold
000227-002;430-432;Ummu Qirfah;PERSON;1141.0;1152.0;1.0;gold
000227-002;430-432;Kurz bin Jabir;PERSON;1432.0;1446.0;1.0;gold
000227-002;430-432;bulan Syawwal 6 H;TIME;1481.0;1498.0;1.0;gold
000227-003;430-432;Kurz bin Jabir;PERSON;15.0;29.0;1.0;gold
000227-003;430-432;bulan Syawwal 6 H;TIME;64.0;81.0;1.0;gold
000227-003;430-432;Madinah;LOCATION;169.0;176.0;1.0;gold
000227-003;430-432;Amr bin Umayyah;PERSON;1176.0;1191.0;1.0;gold
000227-003;430-432;Salamah bin Abu Salamah;PERSON;1213.0;1236.0;1.0;gold
000227-003;430-432;bulan Syawwal 6 H;TIME;1242.0;1259.0;1.0;gold
000227-003;430-432;Makkah;LOCATION;1284.0;1290.0;1.0;gold
000227-003;430-432;Abu Sufyan;PERSON;1306.0;1316.0;1.0;gold
000227-003;430-432;Abu Sufyan;PERSON;1324.0;1334.0;1.0;gold
000227-004;430-432;Abu Sufyan;PERSON;6.0;16.0;1.0;gold
000227-004;430-432;bulan Shafar 4 H;TIME;481.0;497.0;1.0;gold
000227-004;430-432;tahun 4 H;TIME;619.0;628.0;1.0;gold
000227-004;430-432;Perang Ahzab;EVENT;790.0;802.0;1.0;gold
000227-004;430-432;Perang Ahzab;EVENT;1330.0;1342.0;1.0;gold
000227-005;430-432;Hudaibiyah;EVENT;180.0;190.0;1.0;gold
000227-005;430-432;Jazirah Arab;LOCATION;305.0;317.0;1.0;gold
000228-001;433;Jazirah Arab;LOCATION;29.0;41.0;1.0;gold
000228-001;433;Masjidil Haram;LOCATION;317.0;331.0;1.0;gold
000228-001;433;Madinah;LOCATION;410.0;417.0;1.0;gold
000228-001;433;Rasulullah;PERSON;419.0;429.0;1.0;gold
000228-001;433;Masjidil Haram;LOCATION;482.0;496.0;1.0;gold
000228-001;433;Ka'bah;LOCATION;514.0;520.0;1.0;gold
000228-001;433;Makkah;LOCATION;784.0;790.0;1.0;gold
000228-001;433;Madinah;LOCATION;1085.0;1092.0;1.0;gold
000228-001;433;Ibnu Ummi;PERSON;1111.0;1120.0;1.0;gold
000228-001;433;hari Senin tanggal 1 Dzul Qa'dah 6 H;TIME;1189.0;1225.0;1.0;gold
000228-001;433;Ummu Salamah;PERSON;1267.0;1279.0;1.0;gold
000229-001;433-434;Makkah;LOCATION;30.0;36.0;1.0;gold
000229-001;433-434;Dzul Hulaifah;LOCATION;51.0;64.0;1.0;gold
000229-001;433-434;Ka'b bin Lu';PERSON;426.0;438.0;1.0;gold
000229-001;433-434;Masjidil Haram;LOCATION;589.0;603.0;1.0;gold
000229-001;433-434;Rasulullah;PERSON;606.0;616.0;1.0;gold
000229-001;433-434;Makkah;LOCATION;970.0;976.0;1.0;gold
000229-001;433-434;Abu Bakar;PERSON;1034.0;1043.0;1.0;gold
000229-001;433-434;Masjidil Haram;LOCATION;1246.0;1260.0;1.0;gold
000230-001;434;Rasulullah;PERSON;32.0;42.0;1.0;gold
000230-001;434;Masjidil Haram;LOCATION;186.0;200.0;1.0;gold
000230-001;434;Rasulullah;PERSON;210.0;220.0;1.0;gold
000230-001;434;Ka'b;PERSON;281.0;285.0;1.0;gold
000230-001;434;Khalid bin Al-Walid;PERSON;465.0;484.0;1.0;gold
000230-001;434;Makkah;LOCATION;548.0;554.0;1.0;gold
000230-001;434;Khalid bin Al-Walid;PERSON;564.0;583.0;1.0;gold
000230-001;434;Khalid bin Al-Walid;PERSON;702.0;721.0;1.0;gold
000230-001;434;Khalid;PERSON;1092.0;1098.0;1.0;gold
000231-001;435;Rasulullah;PERSON;0.0;10.0;1.0;gold
000231-001;435;Hudaibiyah;LOCATION;173.0;183.0;1.0;gold
000231-001;435;Makkah;LOCATION;226.0;232.0;1.0;gold
000231-001;435;Khalid bin Al-Walid;PERSON;311.0;330.0;1.0;gold
000231-001;435;Makkah;LOCATION;479.0;485.0;1.0;gold
000231-001;435;Rasulullah;PERSON;513.0;523.0;1.0;gold
000231-001;435;Hudaibiyah;LOCATION;1258.0;1268.0;1.0;gold
000231-001;435;Rasulullah;PERSON;1438.0;1448.0;1.0;gold
000231-002;435;Rasulullah;PERSON;35.0;45.0;1.0;gold
000233-001;436-438;Al-Hulais bin Alqamah;PERSON;36.0;57.0;1.0;gold
000233-001;436-438;Muhammad;PERSON;108.0;116.0;1.0;gold
000233-001;436-438;Rasulullah;PERSON;149.0;159.0;1.0;gold
000233-001;436-438;Masjidil Haram;LOCATION;530.0;544.0;1.0;gold
000233-001;436-438;Urwah bin Mas'ud;PERSON;848.0;864.0;1.0;gold
000233-001;436-438;Muhammad;PERSON;1166.0;1174.0;1.0;gold
000233-002;436-438;Abu Bakar;PERSON;357.0;366.0;1.0;gold
000233-002;436-438;Abu Bakar;PERSON;400.0;409.0;1.0;gold
000233-002;436-438;Al-Mughirah bin Syu'bah;PERSON;683.0;706.0;1.0;gold
000233-002;436-438;Rasulullah;PERSON;924.0;934.0;1.0;gold
000233-002;436-438;Al-Mughirah bin Syu'bah;PERSON;1001.0;1024.0;1.0;gold
000233-002;436-438;Rasulullah;PERSON;1384.0;1394.0;1.0;gold
000234-001;438;Muhammad bin Maslamah;PERSON;538.0;559.0;1.0;gold
000234-001;438;Makkah;LOCATION;915.0;921.0;1.0;gold
000235-001;438-439;Rasulullah;PERSON;14.0;24.0;1.0;gold
000235-001;438-439;Umar bin Al-Khaththab;PERSON;159.0;180.0;1.0;gold
000235-001;438-439;Umar;PERSON;226.0;230.0;1.0;gold
000235-001;438-439;Rasulullah;PERSON;271.0;281.0;1.0;gold
000235-001;438-439;Ka'b;PERSON;326.0;330.0;1.0;gold
000235-001;438-439;Makkah;LOCATION;334.0;340.0;1.0;gold
000235-001;438-439;Utsman bin Affan;PERSON;389.0;405.0;1.0;gold
000235-001;438-439;Utsman bin Affan;PERSON;520.0;536.0;1.0;gold
000235-001;438-439;Makkah;LOCATION;980.0;986.0;1.0;gold
000235-001;438-439;Utsman;PERSON;1033.0;1039.0;1.0;gold
000235-001;438-439;Rasulullah;PERSON;1154.0;1164.0;1.0;gold
000235-001;438-439;Utsman;PERSON;1202.0;1208.0;1.0;gold
000235-001;438-439;Aban bin Sa'id bin Al-Ash;PERSON;1303.0;1328.0;1.0;gold
000235-001;438-439;Utsman;PERSON;1386.0;1392.0;1.0;gold
000235-002;438-439;Aban bin Sa'id bin Al-Ash;PERSON;5.0;30.0;1.0;gold
000235-002;438-439;Utsman;PERSON;88.0;94.0;1.0;gold
000235-002;438-439;Utsman;PERSON;170.0;176.0;1.0;gold
000235-002;438-439;Makkah;LOCATION;208.0;214.0;1.0;gold
000235-002;438-439;Utsman;PERSON;319.0;325.0;1.0;gold
000235-002;438-439;Ka'bah;LOCATION;355.0;361.0;1.0;gold
000235-002;438-439;Utsman;PERSON;370.0;376.0;1.0;gold
000235-002;438-439;Rasulullah;PERSON;428.0;438.0;1.0;gold
000236-002;439-440;Rasulullah;PERSON;23.0;33.0;1.0;gold
000236-002;439-440;Umar;PERSON;50.0;54.0;1.0;gold
000236-002;439-440;Ma'qal bin Yassar;PERSON;89.0;106.0;1.0;gold
000237-001;440-442;Suhail bin Amr;PERSON;74.0;88.0;1.0;gold
000237-001;440-442;Muhammad;PERSON;203.0;211.0;1.0;gold
000237-001;440-442;Madinah;LOCATION;228.0;235.0;1.0;gold
000237-001;440-442;Suhail bin Amr;PERSON;367.0;381.0;1.0;gold
000237-001;440-442;Rasulullah;PERSON;693.0;703.0;1.0;gold
000237-001;440-442;Makkah;LOCATION;758.0;764.0;1.0;gold
000237-001;440-442;Makkah;LOCATION;867.0;873.0;1.0;gold
000237-001;440-442;Rasulullah;PERSON;957.0;967.0;1.0;gold
000237-002;440-442;Muhammad;PERSON;49.0;57.0;1.0;gold
000237-002;440-442;Muhammad;PERSON;484.0;492.0;1.0;gold
000237-002;440-442;Muhammad;PERSON;605.0;613.0;1.0;gold
000237-002;440-442;Ali bin Abu Thalib;PERSON;733.0;751.0;1.0;gold
000237-002;440-442;Ali;PERSON;812.0;815.0;1.0;gold
000237-002;440-442;Ali bin Abu Thalib;PERSON;979.0;997.0;1.0;gold
000237-002;440-442;Muhammad;PERSON;1098.0;1106.0;1.0;gold
000237-002;440-442;Masjidil Haram;LOCATION;1245.0;1259.0;1.0;gold
000238-001;442-443;Abu Jandal bin Suhail;PERSON;57.0;78.0;1.0;gold
000238-001;442-443;Makkah;LOCATION;173.0;179.0;1.0;gold
000238-001;442-443;Abu Jandal;PERSON;725.0;735.0;1.0;gold
000238-001;442-443;Abu Jandal;PERSON;856.0;866.0;1.0;gold
000238-001;442-443;Rasulullah;PERSON;1028.0;1038.0;1.0;gold
000238-001;442-443;Abu Jandal;PERSON;1056.0;1066.0;1.0;gold
000239-001;443;Rasulullah;PERSON;8.0;18.0;1.0;gold
000239-001;443;Ummu Salamah;PERSON;298.0;310.0;1.0;gold
000239-001;443;Ummu Salamah;PERSON;365.0;377.0;1.0;gold
000239-001;443;Rasulullah;PERSON;394.0;404.0;1.0;gold
000239-001;443;Ummu Salamah;PERSON;633.0;645.0;1.0;gold
000239-001;443;Rasulullah;PERSON;789.0;799.0;1.0;gold
000239-001;443;Rasulullah;PERSON;1012.0;1022.0;1.0;gold
000239-001;443;Abu Jahl;PERSON;1059.0;1067.0;1.0;gold
000241-001;445-447;Jazirah Arab;LOCATION;703.0;715.0;1.0;gold
000241-003;445-447;Makkah;LOCATION;103.0;109.0;1.0;gold
000241-003;445-447;Masjidil Haram;LOCATION;927.0;941.0;1.0;gold
000241-003;445-447;Masjidil Haram;LOCATION;1095.0;1109.0;1.0;gold
000242-001;447-449;Masjidil Haram;LOCATION;289.0;303.0;1.0;gold
000242-001;447-449;Rasulullah;PERSON;396.0;406.0;1.0;gold
000242-001;447-449;Umar bin Al-Khaththab;PERSON;999.0;1020.0;1.0;gold
000242-001;447-449;Rasulullah;PERSON;1107.0;1117.0;1.0;gold
000242-001;447-449;Umar;PERSON;1337.0;1341.0;1.0;gold
000242-002;447-449;Umar;PERSON;156.0;160.0;1.0;gold
000242-002;447-449;Ibnul Khaththab;PERSON;168.0;183.0;1.0;gold
000242-002;447-449;Ka'bah;LOCATION;406.0;412.0;1.0;gold
000242-002;447-449;Umar;PERSON;506.0;510.0;1.0;gold
000242-002;447-449;Ka'bah;LOCATION;565.0;571.0;1.0;gold
000242-002;447-449;Umar;PERSON;619.0;623.0;1.0;gold
000242-002;447-449;Abu Bakar;PERSON;687.0;696.0;1.0;gold
000242-002;447-449;Rasulullah;PERSON;763.0;773.0;1.0;gold
000242-002;447-449;Abu Bakar;PERSON;785.0;794.0;1.0;gold
000242-002;447-449;Abu Bakar;PERSON;868.0;877.0;1.0;gold
000242-002;447-449;Rasulullah;PERSON;1040.0;1050.0;1.0;gold
000242-002;447-449;Umar;PERSON;1086.0;1090.0;1.0;gold
000242-002;447-449;Umar;PERSON;1210.0;1214.0;1.0;gold
000242-002;447-449;Rasulullah;PERSON;1232.0;1242.0;1.0;gold
000242-002;447-449;Umar;PERSON;1418.0;1422.0;1.0;gold
000242-003;447-449;Umar;PERSON;0.0;4.0;1.0;gold
000243-001;449-450;Madinah;LOCATION;29.0;36.0;1.0;gold
000243-001;449-450;Makkah;LOCATION;146.0;152.0;1.0;gold
000243-001;449-450;Abu Bashir;PERSON;165.0;175.0;1.0;gold
000243-001;449-450;Madinah;LOCATION;288.0;295.0;1.0;gold
000243-001;449-450;Abu Bashir;PERSON;396.0;406.0;1.0;gold
000243-001;449-450;Makkah;LOCATION;420.0;426.0;1.0;gold
000243-001;449-450;Dzul Hulaifah;LOCATION;441.0;454.0;1.0;gold
000243-001;449-450;Abu Bashir;PERSON;577.0;587.0;1.0;gold
000243-001;449-450;Abu Bashir;PERSON;675.0;685.0;1.0;gold
000243-001;449-450;Abu Bashir;PERSON;883.0;893.0;1.0;gold
000243-001;449-450;Madinah;LOCATION;1038.0;1045.0;1.0;gold
000243-001;449-450;Abu Bashir;PERSON;1316.0;1326.0;1.0;gold
000243-002;449-450;Hudaibiyah;EVENT;189.0;199.0;1.0;gold
000243-002;449-450;Ibnu Hisyam;PERSON;348.0;359.0;1.0;gold
000243-002;449-450;Uamr bin Al-Khaththab;PERSON;468.0;489.0;1.0;gold
000243-002;449-450;Ibnul Jauzi;PERSON;491.0;502.0;1.0;gold
000243-002;449-450;Abu Bashir;PERSON;643.0;653.0;1.0;gold
000243-002;449-450;Abu Bashir;PERSON;789.0;799.0;1.0;gold
000243-002;449-450;Makkah;LOCATION;824.0;830.0;1.0;gold
000243-002;449-450;Abu Jandal;PERSON;888.0;898.0;1.0;gold
000243-002;449-450;Makkah;LOCATION;920.0;926.0;1.0;gold
000243-002;449-450;Abu Bashir;PERSON;949.0;959.0;1.0;gold
000243-002;449-450;Abu Jandal;PERSON;969.0;979.0;1.0;gold
000243-002;449-450;Makkah;LOCATION;1066.0;1072.0;1.0;gold
000243-003;449-450;Abu Jandal;PERSON;8.0;18.0;1.0;gold
000243-003;449-450;Makkah;LOCATION;105.0;111.0;1.0;gold
000243-003;449-450;Abu Bashir;PERSON;183.0;193.0;1.0;gold
000243-003;449-450;Syam;LOCATION;277.0;281.0;1.0;gold
000243-003;449-450;Abu Bashir;PERSON;568.0;578.0;1.0;gold
000243-003;449-450;Madinah;LOCATION;637.0;644.0;1.0;gold
000244-001;450;tahun 7 H;TIME;10.0;19.0;1.0;gold
000244-001;450;Amr bin Al-Ash;PERSON;120.0;134.0;1.0;gold
000244-001;450;Khalid bin Al-Walid;PERSON;136.0;155.0;1.0;gold
000244-001;450;Utsman bin Thalhah;PERSON;160.0;178.0;1.0;gold
000244-001;450;Makkah;LOCATION;266.0;272.0;1.0;gold
000244-001;450;tahun 8 H;TIME;468.0;477.0;1.0;gold
000244-001;450;Amr bin Al-Ash;PERSON;502.0;516.0;1.0;gold
000244-001;450;Najasyi;PERSON;533.0;540.0;1.0;gold
000244-001;450;Khalid bin Al-Walid;PERSON;567.0;586.0;1.0;gold
000244-001;450;Utsman bin Thalhah;PERSON;591.0;609.0;1.0;gold
000244-001;450;Amr bin Al-Ash;PERSON;630.0;644.0;1.0;gold
000244-001;450;Habasyah;LOCATION;658.0;666.0;1.0;gold
000244-001;450;Habasyah;LOCATION;708.0;716.0;1.0;gold
000244-001;450;Madinah;LOCATION;747.0;754.0;1.0;gold
000244-001;450;tahun 7 H;TIME;924.0;933.0;1.0;gold
000245-001;451-452;Jazirah Arab;LOCATION;499.0;511.0;1.0;gold
000245-001;451-452;Madinah;LOCATION;856.0;863.0;1.0;gold
000245-001;451-452;Khaibar;LOCATION;875.0;882.0;1.0;gold
000245-001;451-452;Madinah;LOCATION;1051.0;1058.0;1.0;gold
000245-002;451-452;Rasulullah;PERSON;859.0;869.0;1.0;gold
000245-002;451-452;Najasyi;PERSON;892.0;899.0;1.0;gold
000245-002;451-452;Rasulullah;PERSON;906.0;916.0;1.0;gold
000245-002;451-452;Kisra;PERSON;939.0;944.0;1.0;gold
000245-002;451-452;Persia;LOCATION;951.0;957.0;1.0;gold
000246-001;453;tahun 6 H;TIME;11.0;20.0;1.0;gold
000246-001;453;Hudaibiyah;LOCATION;43.0;53.0;1.0;gold
000246-001;453;Rasulullah;PERSON;55.0;65.0;1.0;gold
000246-001;453;Muhammad;PERSON;444.0;452.0;1.0;gold
000246-001;453;Muhammad;PERSON;515.0;523.0;1.0;gold
000246-001;453;Muhammad;PERSON;633.0;641.0;1.0;gold
000246-001;453;bulan Muharram tahun 7 H;TIME;888.0;912.0;1.0;gold
000246-001;453;Khaibar;LOCATION;945.0;952.0;1.0;gold
000247-001;453-456;Najasyi;PERSON;0.0;7.0;1.0;gold
000247-001;453-456;Ashhamah bin Al-Aijar;PERSON;20.0;41.0;1.0;gold
000247-001;453-456;Amr bin Umayyah;PERSON;76.0;91.0;1.0;gold
000247-001;453-456;tahun 6 H;TIME;114.0;123.0;1.0;gold
000247-001;453-456;bulan Muharram tahun 7 H;TIME;135.0;159.0;1.0;gold
000247-001;453-456;Ath-Thabari;PERSON;161.0;172.0;1.0;gold
000247-001;453-456;Hudaibiyah;EVENT;325.0;335.0;1.0;gold
000247-001;453-456;Habasyah;LOCATION;415.0;423.0;1.0;gold
000247-001;453-456;Makkah;LOCATION;462.0;468.0;1.0;gold
000247-001;453-456;Al-Baihaqi;PERSON;724.0;734.0;1.0;gold
000247-001;453-456;Ibnu Ishaq;PERSON;753.0;763.0;1.0;gold
000247-001;453-456;Najasyi;PERSON;800.0;807.0;1.0;gold
000247-001;453-456;Muhammad;PERSON;830.0;838.0;1.0;gold
000247-001;453-456;Najasyi;PERSON;857.0;864.0;1.0;gold
000247-001;453-456;Habasyah;LOCATION;885.0;893.0;1.0;gold
000247-001;453-456;Muhammad;PERSON;1116.0;1124.0;1.0;gold
000247-002;453-456;Ali;PERSON;561.0;564.0;1.0;gold
000247-002;453-456;Ibnul Qayyim;PERSON;777.0;789.0;1.0;gold
000247-002;453-456;Muhammad;PERSON;1088.0;1096.0;1.0;gold
000247-002;453-456;Najasyi;PERSON;1116.0;1123.0;1.0;gold
000247-002;453-456;Habasyah;LOCATION;1134.0;1142.0;1.0;gold
000247-003;453-456;Isa bin Maryam;PERSON;113.0;127.0;1.0;gold
000247-003;453-456;Isa;PERSON;261.0;264.0;1.0;gold
000247-003;453-456;Adam;PERSON;322.0;326.0;1.0;gold
000247-003;453-456;Perjanjian Hudaibiyah;EVENT;793.0;814.0;1.0;gold
000247-003;453-456;Hudaibiyah;EVENT;982.0;992.0;1.0;gold
000247-003;453-456;Al-Baihaqi;PERSON;1051.0;1061.0;1.0;gold
000247-003;453-456;Ibnu Ishaq;PERSON;1067.0;1077.0;1.0;gold
000247-003;453-456;Hudaibiyah;EVENT;1162.0;1172.0;1.0;gold
000247-004;453-456;Al-Baihaqi;PERSON;412.0;422.0;1.0;gold
000247-004;453-456;Ibnu Abbas;PERSON;428.0;438.0;1.0;gold
000247-004;453-456;Amr bin Umayyah;PERSON;588.0;603.0;1.0;gold
000247-004;453-456;Najasyi;PERSON;651.0;658.0;1.0;gold
000247-004;453-456;Ja'far bin Abu Thalib;PERSON;1067.0;1088.0;1.0;gold
000247-004;453-456;Najasyi;PERSON;1090.0;1097.0;1.0;gold
000247-004;453-456;Muhammad;PERSON;1208.0;1216.0;1.0;gold
000247-004;453-456;Najasyi;PERSON;1235.0;1242.0;1.0;gold
000247-004;453-456;Isa;PERSON;1479.0;1482.0;1.0;gold
000247-005;453-456;Isa;PERSON;84.0;87.0;1.0;gold
000247-005;453-456;Isa;PERSON;129.0;132.0;1.0;gold
000247-005;453-456;Najasyi;PERSON;612.0;619.0;1.0;gold
000247-005;453-456;Habasyah;LOCATION;675.0;683.0;1.0;gold
000247-005;453-456;Amr bin Umayyah;PERSON;739.0;754.0;1.0;gold
000247-005;453-456;Khaibar;LOCATION;855.0;862.0;1.0;gold
000247-005;453-456;Najasyi;PERSON;869.0;876.0;1.0;gold
000247-005;453-456;bulan Rajab tahun 7 H;TIME;902.0;923.0;1.0;gold
000247-005;453-456;Perang Tabuk;EVENT;933.0;945.0;1.0;gold
000248-003;456-458;Muhammad bin Abdullah;PERSON;274.0;295.0;1.0;gold
000248-003;456-458;Syam;LOCATION;547.0;551.0;1.0;gold
000248-003;456-458;Rasulullah;PERSON;993.0;1003.0;1.0;gold
000248-003;456-458;Ibrahim;PERSON;1070.0;1077.0;1.0;gold
000248-003;456-458;Hassan bin Tsabir;PERSON;1125.0;1142.0;1.0;gold
000249-001;458-459;Kisra;PERSON;26.0;31.0;1.0;gold
000249-001;458-459;Persia;LOCATION;38.0;44.0;1.0;gold
000249-001;458-459;Muhammad;PERSON;80.0;88.0;1.0;gold
000249-001;458-459;Kisra;PERSON;108.0;113.0;1.0;gold
000249-001;458-459;Persia;LOCATION;124.0;130.0;1.0;gold
000249-001;458-459;Muhammad;PERSON;306.0;314.0;1.0;gold
000249-001;458-459;Abdullah bin Hudzafah;PERSON;698.0;719.0;1.0;gold
000249-001;458-459;Abdullah;PERSON;891.0;899.0;1.0;gold
000249-001;458-459;Kisra;PERSON;1005.0;1010.0;1.0;gold
000249-001;458-459;Kisra;PERSON;1201.0;1206.0;1.0;gold
000249-001;458-459;Kisra;PERSON;1264.0;1269.0;1.0;gold
000249-003;458-459;malam Selasa tanggal 10 Jumadal;TIME;21.0;52.0;1.0;gold
000249-003;458-459;Rasulullah;PERSON;53.0;63.0;1.0;gold
000249-003;458-459;Kisra;PERSON;184.0;189.0;1.0;gold
000249-003;458-459;Kisra;PERSON;596.0;601.0;1.0;gold
000249-003;458-459;Kisra;PERSON;918.0;923.0;1.0;gold
000250-001;459-463;Heraklius;PERSON;127.0;136.0;1.0;gold
000250-001;459-463;Al-Khadhri;PERSON;204.0;214.0;1.0;gold
000250-001;459-463;Muhammad bin Abdullah;PERSON;278.0;299.0;1.0;gold
000250-001;459-463;Heraklius;PERSON;308.0;317.0;1.0;gold
000250-001;459-463;Ali;PERSON;1032.0;1035.0;1.0;gold
000250-001;459-463;Dihyah bin Khalifah;PERSON;1088.0;1107.0;1.0;gold
000250-001;459-463;Ibnu Abbas;PERSON;1277.0;1287.0;1.0;gold
000250-001;459-463;Abu Sufyan bin Harb;PERSON;1294.0;1313.0;1.0;gold
000250-001;459-463;Heraklius;PERSON;1350.0;1359.0;1.0;gold
000250-001;459-463;Syam;LOCATION;1439.0;1443.0;1.0;gold
000250-002;459-463;Ibnu Abbas;PERSON;29.0;39.0;1.0;gold
000250-002;459-463;Abu Sufyan bin Harb;PERSON;46.0;65.0;1.0;gold
000250-002;459-463;Heraklius;PERSON;102.0;111.0;1.0;gold
000250-002;459-463;Syam;LOCATION;191.0;195.0;1.0;gold
000250-002;459-463;Abu Sufyan;PERSON;197.0;207.0;1.0;gold
000250-002;459-463;Heraklius;PERSON;236.0;245.0;1.0;gold
000250-002;459-463;Baitul Maqdis;LOCATION;270.0;283.0;1.0;gold
000250-002;459-463;Heraklius;PERSON;284.0;293.0;1.0;gold
000250-002;459-463;Abu Sufyan;PERSON;305.0;315.0;1.0;gold
000250-002;459-463;Heraklius;PERSON;392.0;401.0;1.0;gold
000250-002;459-463;Abu Sufyan;PERSON;616.0;626.0;1.0;gold
000250-002;459-463;Heraklius;PERSON;656.0;665.0;1.0;gold
000250-002;459-463;Abu Sufy;PERSON;691.0;699.0;1.0;gold
000250-002;459-463;Heraklius;PERSON;767.0;776.0;1.0;gold
000250-002;459-463;Rasulullah;PERSON;855.0;865.0;1.0;gold
000250-004;459-463;Heraklius;PERSON;438.0;447.0;1.0;gold
000250-004;459-463;Abu Sufyan;PERSON;502.0;512.0;1.0;gold
000250-004;459-463;Heraklius;PERSON;1061.0;1070.0;1.0;gold
000250-004;459-463;Heraklius;PERSON;1365.0;1374.0;1.0;gold
000250-005;459-463;Heraklius;PERSON;193.0;202.0;1.0;gold
000250-006;459-463;Heraklius;PERSON;308.0;317.0;1.0;gold
000250-006;459-463;Rasulullah;PERSON;332.0;342.0;1.0;gold
000250-006;459-463;Heraklius;PERSON;421.0;430.0;1.0;gold
000250-006;459-463;Ibnu Abu;PERSON;613.0;621.0;1.0;gold
000250-006;459-463;Abu Sufyan;PERSON;867.0;877.0;1.0;gold
000250-006;459-463;Abu Sufyan;PERSON;913.0;923.0;1.0;gold
000250-006;459-463;Dihyah bin Khalifah;PERSON;977.0;996.0;1.0;gold
000250-006;459-463;Rasulullah;PERSON;1187.0;1197.0;1.0;gold
000250-006;459-463;Zaid bin Haritsah;PERSON;1311.0;1328.0;1.0;gold
000250-006;459-463;Zaid;PERSON;1394.0;1398.0;1.0;gold
000250-007;459-463;Zaid;PERSON;0.0;4.0;1.0;gold
000250-007;459-463;Rasulullah;PERSON;273.0;283.0;1.0;gold
000250-007;459-463;Perjanjian Hudaibiyah;EVENT;708.0;729.0;1.0;gold
000250-007;459-463;Perjanjian Hudaibiyah;EVENT;802.0;823.0;1.0;gold
000250-007;459-463;Ibnul Qayyim;PERSON;830.0;842.0;1.0;gold
000250-007;459-463;Perjanjian Hudaibiyah;EVENT;905.0;926.0;1.0;gold
000252-001;464-465;Haudzah bin Ali;PERSON;26.0;41.0;1.0;gold
000252-001;464-465;Muhammad;PERSON;111.0;119.0;1.0;gold
000252-001;464-465;Haudzah bin Ali;PERSON;139.0;154.0;1.0;gold
000252-001;464-465;Salith bin Al-Amiri;PERSON;437.0;456.0;1.0;gold
000252-001;464-465;Rasulullah;PERSON;1243.0;1253.0;1.0;gold
000252-001;464-465;Makkah;LOCATION;1279.0;1285.0;1.0;gold
000252-001;464-465;Jibril;PERSON;1287.0;1293.0;1.0;gold
000252-002;464-465;Rasulullah;PERSON;180.0;190.0;1.0;gold
000253-001;465;Muhammad;PERSON;76.0;84.0;1.0;gold
000253-001;465;Al-Harits bin Abu Syamr;PERSON;105.0;128.0;1.0;gold
000253-001;465;Syuja' bin Wahb;PERSON;342.0;357.0;1.0;gold
000253-001;465;Asad bin Khuzainah;PERSON;368.0;386.0;1.0;gold
000254-001;465-469;Muhammad bin Abdullah;PERSON;141.0;162.0;1.0;gold
000254-001;465-469;Abd bin Al-Julunda;PERSON;182.0;200.0;1.0;gold
000254-001;465-469;Amr bin Al-Ash;PERSON;845.0;859.0;1.0;gold
000254-001;465-469;Abd bin Al-Julunda;PERSON;964.0;982.0;1.0;gold
000254-001;465-469;Rasulullah;PERSON;1097.0;1107.0;1.0;gold
000254-002;465-469;Rasulullah;PERSON;46.0;56.0;1.0;gold
000254-002;465-469;Muhammad;PERSON;504.0;512.0;1.0;gold
000254-002;465-469;Muhammad;PERSON;716.0;724.0;1.0;gold
000254-002;465-469;Najasyi;PERSON;993.0;1000.0;1.0;gold
000254-002;465-469;Najasyi;PERSON;1049.0;1056.0;1.0;gold
000254-003;465-469;Heraklius;PERSON;168.0;177.0;1.0;gold
000254-003;465-469;Najasyi;PERSON;271.0;278.0;1.0;gold
000254-003;465-469;Heraklius;PERSON;311.0;320.0;1.0;gold
000254-003;465-469;Muhammad;PERSON;358.0;366.0;1.0;gold
000254-003;465-469;Heraklius;PERSON;506.0;515.0;1.0;gold
000254-003;465-469;Heraklius;PERSON;687.0;696.0;1.0;gold
000254-003;465-469;Muhammad;PERSON;1099.0;1107.0;1.0;gold
000254-004;465-469;Muhammad;PERSON;205.0;213.0;1.0;gold
000254-004;465-469;Rasulullah;PERSON;405.0;415.0;1.0;gold
000254-004;465-469;Rasulullah;PERSON;716.0;726.0;1.0;gold
000254-004;465-469;Rasulullah;PERSON;1432.0;1442.0;1.0;gold
000254-006;465-469;Muhammad;PERSON;540.0;548.0;1.0;gold
000254-006;465-469;Muhammad;PERSON;924.0;932.0;1.0;gold
000254-006;465-469;Abd bin Al-Julunda;PERSON;1033.0;1051.0;1.0;gold
000254-006;465-469;Rasulullah;PERSON;1402.0;1412.0;1.0;gold
000254-007;465-469;Rasulullah;PERSON;220.0;230.0;1.0;gold
000254-007;465-469;Perjanjian Hudaibiyah;EVENT;322.0;343.0;1.0;gold
000254-007;465-469;Rasulullah;PERSON;680.0;690.0;1.0;gold
000254-007;465-469;Heraklius;PERSON;698.0;707.0;1.0;gold
000255-001;470-472;Rasulullah;PERSON;114.0;124.0;1.0;gold
000255-001;470-472;Perjanjian Hudaibiyah;EVENT;204.0;225.0;1.0;gold
000255-001;470-472;Perang Khaibar;EVENT;238.0;252.0;1.0;gold
000255-001;470-472;Perang Khaibar;EVENT;324.0;338.0;1.0;gold
000255-001;470-472;Salamah bin Al-Akwa';PERSON;375.0;395.0;1.0;gold
000255-001;470-472;Perjanjian Hudaibiyah;EVENT;483.0;504.0;1.0;gold
000255-001;470-472;Salamah bin Al-Akwa';PERSON;654.0;674.0;1.0;gold
000255-001;470-472;Rasulullah;PERSON;714.0;724.0;1.0;gold
000255-001;470-472;Abu Thalhah;PERSON;874.0;885.0;1.0;gold
000255-001;470-472;Rasulullah;PERSON;1158.0;1168.0;1.0;gold
000255-001;470-472;Ibnu Al-Akwa';PERSON;1413.0;1426.0;1.0;gold
000255-002;470-472;Ibnu Al-Akwa';PERSON;52.0;65.0;1.0;gold
000255-002;470-472;Rasulullah;PERSON;704.0;714.0;1.0;gold
000255-002;470-472;Rasulullah;PERSON;931.0;941.0;1.0;gold
000255-002;470-472;Salamah bin Al-Akwa';PERSON;1235.0;1255.0;1.0;gold
000255-003;470-472;Rasulullah;PERSON;354.0;364.0;1.0;gold
000255-003;470-472;Abu Qatadah;PERSON;445.0;456.0;1.0;gold
000255-003;470-472;Al-Miqdad bin Al-Aswad;PERSON;462.0;484.0;1.0;gold
000255-003;470-472;Abu Qatadah;PERSON;662.0;673.0;1.0;gold
000255-003;470-472;Abu Qatadah;PERSON;702.0;713.0;1.0;gold
000255-003;470-472;Rasulullah;PERSON;1191.0;1201.0;1.0;gold
000255-004;470-472;Rasulullah;PERSON;51.0;61.0;1.0;gold
000255-004;470-472;Ibnu Al-Akwa';PERSON;228.0;241.0;1.0;gold
000255-004;470-472;Abu Qatadah;PERSON;458.0;469.0;1.0;gold
000255-004;470-472;Madinah;LOCATION;737.0;744.0;1.0;gold
000255-004;470-472;Ibnu Ummi;PERSON;762.0;771.0;1.0;gold
000255-004;470-472;Madinah;LOCATION;803.0;810.0;1.0;gold
000255-004;470-472;Al-Miqdad bin Amr;PERSON;869.0;886.0;1.0;gold
000255-004;470-472;Perang Khaibar;EVENT;895.0;909.0;1.0;gold
000255-004;470-472;Khaibar;LOCATION;931.0;938.0;1.0;gold
000255-004;470-472;Khaibar;LOCATION;957.0;964.0;1.0;gold
000256-001;473;Khaibar;LOCATION;5.0;12.0;1.0;gold
000256-001;473;Madinah;LOCATION;124.0;131.0;1.0;gold
000256-001;473;Khaibar;LOCATION;162.0;169.0;1.0;gold
000257-001;473-474;Najd;LOCATION;248.0;252.0;1.0;gold
000257-001;473-474;Khaibar;LOCATION;461.0;468.0;1.0;gold
000257-001;473-474;Khaibar;LOCATION;606.0;613.0;1.0;gold
000257-001;473-474;Khaibar;LOCATION;705.0;712.0;1.0;gold
000257-001;473-474;Khaibar;LOCATION;751.0;758.0;1.0;gold
000259-001;474;Khaibar;LOCATION;22.0;29.0;1.0;gold
000259-001;474;Perjanjian Hudaibiyah;EVENT;270.0;291.0;1.0;gold
000259-001;474;Khaibar;LOCATION;326.0;333.0;1.0;gold
000260-001;474-475;Hudaibiyah;EVENT;88.0;98.0;1.0;gold
000260-001;474-475;Rasulullah;PERSON;598.0;608.0;1.0;gold
000260-001;474-475;Khaibar;LOCATION;626.0;633.0;1.0;gold
000260-001;474-475;Madinah;LOCATION;865.0;872.0;1.0;gold
000260-001;474-475;Siba' bin Urfuthah;PERSON;880.0;898.0;1.0;gold
000260-001;474-475;Ibnu Ishaq;PERSON;926.0;936.0;1.0;gold
000260-001;474-475;Numailah bin Abdullah;PERSON;944.0;965.0;1.0;gold
000260-001;474-475;Abu Hurairah;PERSON;1051.0;1063.0;1.0;gold
000260-001;474-475;Madinah;LOCATION;1074.0;1081.0;1.0;gold
000260-001;474-475;Siba' bin Urfuthah;PERSON;1112.0;1130.0;1.0;gold
000260-001;474-475;Abu Hurairah;PERSON;1212.0;1224.0;1.0;gold
000260-001;474-475;Rasulullah;PERSON;1233.0;1243.0;1.0;gold
000261-001;475;Abdullah bin Ubay;PERSON;100.0;117.0;1.0;gold
000261-001;475;Khaibar;LOCATION;149.0;156.0;1.0;gold
000261-001;475;Muhammad;PERSON;184.0;192.0;1.0;gold
000261-001;475;Muhammad;PERSON;335.0;343.0;1.0;gold
000261-001;475;Khaibar;LOCATION;418.0;425.0;1.0;gold
000261-001;475;Kinanah bin Abul Huqaiq;PERSON;464.0;487.0;1.0;gold
000261-001;475;Haudzah bin Qais;PERSON;492.0;508.0;1.0;gold
000261-001;475;Khaibar;LOCATION;747.0;754.0;1.0;gold
000262-002;475-476;Rasulullah;PERSON;48.0;58.0;1.0;gold
000262-002;475-476;Rasulullah;PERSON;253.0;263.0;1.0;gold
000262-002;475-476;Umar bin Al-Khaththab;PERSON;761.0;782.0;1.0;gold
000263-001;476-477;Salamah bin Al-Akwa';PERSON;5.0;25.0;1.0;gold
000263-001;476-477;Khaibar;LOCATION;72.0;79.0;1.0;gold
000263-001;476-477;Amir bin Al-Akwa';PERSON;720.0;737.0;1.0;gold
000263-001;476-477;Rasulullah;PERSON;947.0;957.0;1.0;gold
000263-001;476-477;Perang Khaibar;EVENT;1080.0;1094.0;1.0;gold
000263-001;476-477;Rasulullah;PERSON;1253.0;1263.0;1.0;gold
000263-001;476-477;Khaibar;LOCATION;1480.0;1487.0;1.0;gold
000264-001;478-479;Khaibar;LOCATION;113.0;120.0;1.0;gold
000264-001;478-479;Rasulullah;PERSON;199.0;209.0;1.0;gold
000264-001;478-479;Khaibar;LOCATION;388.0;395.0;1.0;gold
000264-001;478-479;Muhammad;PERSON;542.0;550.0;1.0;gold
000264-001;478-479;Muhammad;PERSON;564.0;572.0;1.0;gold
000264-001;478-479;Khaibar;LOCATION;690.0;697.0;1.0;gold
000264-001;478-479;Khaibar;LOCATION;724.0;731.0;1.0;gold
000264-001;478-479;Al-Hubab bin Al-Mundzir;PERSON;906.0;929.0;1.0;gold
000264-001;478-479;Rasulullah;PERSON;966.0;976.0;1.0;gold
000264-001;478-479;Rasulullah;PERSON;1160.0;1170.0;1.0;gold
000264-001;478-479;Khaibar;LOCATION;1237.0;1244.0;1.0;gold
000264-002;478-479;Khaibar;LOCATION;536.0;543.0;1.0;gold
000265-001;479-480;Ali bin Abu Thalib;PERSON;314.0;332.0;1.0;gold
000265-001;479-480;Rasulullah;PERSON;342.0;352.0;1.0;gold
000265-001;479-480;Ali bin Abu Thalib;PERSON;415.0;433.0;1.0;gold
000265-001;479-480;Rasulullah;PERSON;451.0;461.0;1.0;gold
000265-001;479-480;Ali;PERSON;644.0;647.0;1.0;gold
000265-001;479-480;Rasulullah;PERSON;664.0;674.0;1.0;gold
000265-001;479-480;Ali;PERSON;1127.0;1130.0;1.0;gold
000265-001;479-480;Khaibar;LOCATION;1322.0;1329.0;1.0;gold
000265-001;479-480;Ash-Shab bin Muadz;PERSON;1430.0;1448.0;1.0;gold
000266-001;480-482;Ali bin Abu Thalib;PERSON;305.0;323.0;1.0;gold
000266-001;480-482;Salamah bin Al-Akwa;PERSON;635.0;654.0;1.0;gold
000266-001;480-482;Khaibar;LOCATION;686.0;693.0;1.0;gold
000266-001;480-482;Khaibar;LOCATION;777.0;784.0;1.0;gold
000266-001;480-482;Khaibar;LOCATION;927.0;934.0;1.0;gold
000266-002;480-482;Ali bin Abu Thalib;PERSON;449.0;467.0;1.0;gold
000266-002;480-482;Ali bin Abu Thalib;PERSON;648.0;666.0;1.0;gold
000266-002;480-482;Ali;PERSON;762.0;765.0;1.0;gold
000266-002;480-482;Ali bin Abu Thalib;PERSON;888.0;906.0;1.0;gold
000266-002;480-482;Musa;PERSON;938.0;942.0;1.0;gold
000266-002;480-482;Rasulullah;PERSON;1180.0;1190.0;1.0;gold
000267-002;482-483;Ibnu Ishaq;PERSON;267.0;277.0;1.0;gold
000267-002;482-483;Rasulullah;PERSON;387.0;397.0;1.0;gold
000271-001;484-485;Rasulullah;PERSON;55.0;65.0;1.0;gold
000271-001;484-485;Abul Huqaiq;PERSON;124.0;135.0;1.0;gold
000271-001;484-485;Ibnu Ishaq;PERSON;399.0;409.0;1.0;gold
000271-001;484-485;Rasulullah;PERSON;992.0;1002.0;1.0;gold
000272-001;485;Ibnu Abul;PERSON;0.0;9.0;1.0;gold
000272-001;485;Ibnu Abil;PERSON;135.0;144.0;1.0;gold
000272-001;485;Khaibar;LOCATION;320.0;327.0;1.0;gold
000272-001;485;Khaibar;LOCATION;386.0;393.0;1.0;gold
000272-001;485;Rasulullah;PERSON;483.0;493.0;1.0;gold
000272-001;485;Khaibar;LOCATION;792.0;799.0;1.0;gold
000273-001;485-486;Abil;PERSON;15.0;19.0;1.0;gold
000273-001;485-486;Huyai bin Akhthab;PERSON;194.0;211.0;1.0;gold
000273-001;485-486;Khaibar;LOCATION;236.0;243.0;1.0;gold
000273-001;485-486;Ibnu Ishaq;PERSON;271.0;281.0;1.0;gold
000273-001;485-486;Rasulullah;PERSON;295.0;305.0;1.0;gold
000273-001;485-486;Kinanah bin Ar-Rabi;PERSON;314.0;333.0;1.0;gold
000273-001;485-486;Muhammad bin Maslamah;PERSON;1164.0;1185.0;1.0;gold
000273-001;485-486;Mahmud bin Maslamah;PERSON;1275.0;1294.0;1.0;gold
000273-002;485-486;Muhammad bin Maslamah;PERSON;173.0;194.0;1.0;gold
000273-002;485-486;Mahmud bin Maslamah;PERSON;284.0;303.0;1.0;gold
000273-002;485-486;Ibnul Qayyim;PERSON;458.0;470.0;1.0;gold
000273-002;485-486;Rasulullah;PERSON;499.0;509.0;1.0;gold
000273-002;485-486;Abul Huqaiq;PERSON;548.0;559.0;1.0;gold
000273-002;485-486;Shafiyah binti Huyai bin Akhthab;PERSON;667.0;699.0;1.0;gold
000273-002;485-486;Kinanah bin Abul Huqaiq;PERSON;757.0;780.0;1.0;gold
000274-002;486-487;Perang Khaibar;EVENT;46.0;60.0;1.0;gold
000274-002;486-487;Hudaibiyah;EVENT;131.0;141.0;1.0;gold
000274-002;486-487;Khaibar;LOCATION;297.0;304.0;1.0;gold
000274-002;486-487;Umar;PERSON;346.0;350.0;1.0;gold
000274-002;486-487;Khaibar;LOCATION;438.0;445.0;1.0;gold
000274-002;486-487;Aisyah;PERSON;478.0;484.0;1.0;gold
000274-002;486-487;Khaibar;LOCATION;505.0;512.0;1.0;gold
000274-002;486-487;Rasulullah;PERSON;598.0;608.0;1.0;gold
000274-002;486-487;Madinah;LOCATION;620.0;627.0;1.0;gold
000275-001;487-488;Khaibar;EVENT;26.0;33.0;1.0;gold
000275-001;487-488;Ja'far bin Abu Thalib;PERSON;58.0;79.0;1.0;gold
000275-001;487-488;Abu Musa;PERSON;124.0;132.0;1.0;gold
000275-001;487-488;Abu Musa;PERSON;154.0;162.0;1.0;gold
000275-001;487-488;Rasulullah;PERSON;205.0;215.0;1.0;gold
000275-001;487-488;Khaibar;LOCATION;220.0;227.0;1.0;gold
000275-001;487-488;Yaman;LOCATION;255.0;260.0;1.0;gold
000275-001;487-488;Habasyah;LOCATION;360.0;368.0;1.0;gold
000275-001;487-488;Najasyi;PERSON;444.0;451.0;1.0;gold
000275-001;487-488;Rasulullah;PERSON;480.0;490.0;1.0;gold
000275-001;487-488;Habasyah;LOCATION;677.0;685.0;1.0;gold
000275-001;487-488;Khaibar;EVENT;734.0;741.0;1.0;gold
000275-001;487-488;Khaibar;EVENT;1209.0;1216.0;1.0;gold
000276-002;488-489;Madinah;LOCATION;280.0;287.0;1.0;gold
000278-001;489-490;Perang Khaibar;EVENT;43.0;57.0;1.0;gold
000278-001;489-490;Khaibar;LOCATION;190.0;197.0;1.0;gold
000278-001;489-490;Ibnu Hisyam;PERSON;248.0;259.0;1.0;gold
000278-001;489-490;Ath-Thabari;PERSON;522.0;533.0;1.0;gold
000278-001;489-490;Perang Badr;EVENT;686.0;697.0;1.0;gold
000278-001;489-490;Perang Khaibar;EVENT;709.0;723.0;1.0;gold
000278-001;489-490;Perang Badr;EVENT;773.0;784.0;1.0;gold
000279-001;490;Khaibar;LOCATION;16.0;23.0;1.0;gold
000279-001;490;Rasulullah;PERSON;25.0;35.0;1.0;gold
000279-001;490;Muhayyishah bin Mas'ud;PERSON;54.0;76.0;1.0;gold
000279-001;490;Khaibar;LOCATION;192.0;199.0;1.0;gold
000279-001;490;Khaibar;LOCATION;430.0;437.0;1.0;gold
000279-001;490;Rasulullah;PERSON;517.0;527.0;1.0;gold
000282-001;492;Rasulullah;PERSON;28.0;38.0;1.0;gold
000282-001;492;Madinah;LOCATION;67.0;74.0;1.0;gold
000282-001;492;Bilal;PERSON;208.0;213.0;1.0;gold
000282-001;492;Bilal;PERSON;255.0;260.0;1.0;gold
000282-001;492;Rasulullah;PERSON;457.0;467.0;1.0;gold
000282-001;492;Perang Khaibar;EVENT;695.0;709.0;1.0;gold
000282-001;492;Rasulullah;PERSON;755.0;765.0;1.0;gold
000282-001;492;Madinah;LOCATION;769.0;776.0;1.0;gold
000282-001;492;bulan Shafar;TIME;798.0;810.0;1.0;gold
000282-001;492;bulan Rabi'ul Awwal 7 H;TIME;821.0;844.0;1.0;gold
000283-001;492;Madinah;LOCATION;50.0;57.0;1.0;gold
000283-001;492;Madinah;LOCATION;166.0;173.0;1.0;gold
000283-001;492;Najd;LOCATION;335.0;339.0;1.0;gold
000283-001;492;Aban bin Sa'id;PERSON;415.0;429.0;1.0;gold
000283-001;492;Khaibar;LOCATION;458.0;465.0;1.0;gold
000283-001;492;bulan Shafar 7 H;TIME;626.0;642.0;1.0;gold
000283-001;492;Ibnu Haja;PERSON;692.0;701.0;1.0;gold
000283-001;492;Ibnu Hisyam;PERSON;790.0;801.0;1.0;gold
000284-001;493-497;Najd;LOCATION;231.0;235.0;1.0;gold
000284-001;493-497;Makkah;LOCATION;595.0;601.0;1.0;gold
000284-001;493-497;Khaibar;LOCATION;610.0;617.0;1.0;gold
000284-001;493-497;Madinah;LOCATION;879.0;886.0;1.0;gold
000284-001;493-497;Rasulullah;PERSON;893.0;903.0;1.0;gold
000284-001;493-497;Perang Dzatur Riqa';EVENT;980.0;999.0;1.0;gold
000284-001;493-497;Abu Musa;PERSON;1110.0;1118.0;1.0;gold
000284-001;493-497;Abu Hurairah;PERSON;1134.0;1146.0;1.0;gold
000284-001;493-497;Perang Khaibar;EVENT;1218.0;1232.0;1.0;gold
000284-001;493-497;bulan Rabi'ul Awwal 7 H;TIME;1273.0;1296.0;1.0;gold
000284-001;493-497;Rasulullah;PERSON;1370.0;1380.0;1.0;gold
000284-002;493-497;Rasulullah;PERSON;72.0;82.0;1.0;gold
000284-002;493-497;Madinah;LOCATION;251.0;258.0;1.0;gold
000284-002;493-497;Abu Dzar;PERSON;277.0;285.0;1.0;gold
000284-002;493-497;Utsman bin Affan;PERSON;291.0;307.0;1.0;gold
000284-002;493-497;Madinah;LOCATION;439.0;446.0;1.0;gold
000284-002;493-497;Abu Musa;PERSON;646.0;654.0;1.0;gold
000284-002;493-497;Rasulullah;PERSON;701.0;711.0;1.0;gold
000284-002;493-497;Jabir;PERSON;1112.0;1117.0;1.0;gold
000284-002;493-497;Rasulullah;PERSON;1146.0;1156.0;1.0;gold
000284-003;493-497;Jabir;PERSON;334.0;339.0;1.0;gold
000284-003;493-497;Rasulullah;PERSON;362.0;372.0;1.0;gold
000284-004;493-497;Abu Awanah;PERSON;621.0;631.0;1.0;gold
000284-004;493-497;Abu Bisyr;PERSON;638.0;647.0;1.0;gold
000284-004;493-497;Ghaurats bin Al-Harits;PERSON;680.0;702.0;1.0;gold
000284-004;493-497;Ibnu Hajar;PERSON;713.0;723.0;1.0;gold
000284-004;493-497;Rasulullah;PERSON;1189.0;1199.0;1.0;gold
000284-004;493-497;Abbad bin Bisyr;PERSON;1318.0;1333.0;1.0;gold
000284-004;493-497;Ammar bin Yasir;PERSON;1338.0;1353.0;1.0;gold
000284-005;493-497;Makkah;LOCATION;877.0;883.0;1.0;gold
000284-005;493-497;Perang Hunain;EVENT;896.0;909.0;1.0;gold
000284-006;493-497;Rasulullah;PERSON;354.0;364.0;1.0;gold
000284-006;493-497;Madinah;LOCATION;411.0;418.0;1.0;gold
000284-006;493-497;bulan Syawwal 7 H;TIME;426.0;443.0;1.0;gold
000284-006;493-497;Ghalib bin Abdullah;PERSON;538.0;557.0;1.0;gold
000284-006;493-497;bulan Shafar atau Rabi'ul Awwal 7 H;TIME;605.0;640.0;1.0;gold
000284-006;493-497;Basyir bin Suwaid;PERSON;695.0;712.0;1.0;gold
000284-006;493-497;bulan Jumada;TIME;1158.0;1170.0;1.0;gold
000284-006;493-497;Umar bin Al-Khathab;PERSON;1302.0;1321.0;1.0;gold
000284-006;493-497;bulan Sya'ban 7 H;TIME;1337.0;1354.0;1.0;gold
000284-007;493-497;Umar;PERSON;124.0;128.0;1.0;gold
000284-007;493-497;Madinah;LOCATION;232.0;239.0;1.0;gold
000284-007;493-497;Basyir bin Sa'd;PERSON;256.0;271.0;1.0;gold
000284-007;493-497;bulan Sya'ban 7 H;TIME;320.0;337.0;1.0;gold
000284-007;493-497;Madinah;LOCATION;443.0;450.0;1.0;gold
000284-007;493-497;Madinah;LOCATION;686.0;693.0;1.0;gold
000284-007;493-497;Ghalib bin Abdullah;PERSON;712.0;731.0;1.0;gold
000284-007;493-497;Abd bin Tsa'labah;PERSON;764.0;781.0;1.0;gold
000284-007;493-497;Usamah bin Zaid;PERSON;1026.0;1041.0;1.0;gold
000284-007;493-497;Mirdas bin Nuhaik;PERSON;1057.0;1074.0;1.0;gold
000284-007;493-497;Abdullah bin Rawahah;PERSON;1297.0;1317.0;1.0;gold
000284-007;493-497;Khaibar;LOCATION;1321.0;1328.0;1.0;gold
000284-007;493-497;bulan Syawwal 7 H;TIME;1334.0;1351.0;1.0;gold
000284-008;493-497;Abdullah bin Rawahah;PERSON;15.0;35.0;1.0;gold
000284-008;493-497;Khaibar;LOCATION;39.0;46.0;1.0;gold
000284-008;493-497;bulan Syawwal 7 H;TIME;52.0;69.0;1.0;gold
000284-008;493-497;Usair bin Basyir bin Razzam;PERSON;114.0;141.0;1.0;gold
000284-008;493-497;Khaibar;LOCATION;422.0;429.0;1.0;gold
000284-008;493-497;Madinah;LOCATION;476.0;483.0;1.0;gold
000284-008;493-497;Basyir bin Sa'd;PERSON;625.0;640.0;1.0;gold
000284-008;493-497;Yaman;LOCATION;655.0;660.0;1.0;gold
000284-008;493-497;bulan Syawwal 7 H;TIME;677.0;694.0;1.0;gold
000284-008;493-497;Madinah;LOCATION;818.0;825.0;1.0;gold
000284-008;493-497;Madinah;LOCATION;1093.0;1100.0;1.0;gold
000284-008;493-497;Ibnul Qayyim;PERSON;1203.0;1215.0;1.0;gold
000284-008;493-497;tahun 7 H;TIME;1272.0;1281.0;1.0;gold
000284-008;493-497;Jusyam bin Mu'awiyah;PERSON;1343.0;1363.0;1.0;gold
000284-009;493-497;Rasulullah;PERSON;73.0;83.0;1.0;gold
000284-009;493-497;Abu Hadrad;PERSON;93.0;103.0;1.0;gold
000284-009;493-497;Abu Hadrad;PERSON;123.0;133.0;1.0;gold
000284-009;493-497;Usamah;PERSON;329.0;335.0;1.0;gold
000285-001;498-501;bulan Dzul Qa'dah;TIME;37.0;54.0;1.0;gold
000285-001;498-501;Rasulullah;PERSON;76.0;86.0;1.0;gold
000285-001;498-501;Hudaibiyah;EVENT;175.0;185.0;1.0;gold
000285-001;498-501;Madinah;LOCATION;396.0;403.0;1.0;gold
000285-001;498-501;Uwaih bin Abu Rahm;PERSON;422.0;440.0;1.0;gold
000285-001;498-501;Najiyah bin Jundab;PERSON;502.0;520.0;1.0;gold
000285-001;498-501;Dzul Hulaifah;LOCATION;647.0;660.0;1.0;gold
000285-001;498-501;Aus bin Khauli;PERSON;985.0;999.0;1.0;gold
000285-001;498-501;Makkah;LOCATION;1046.0;1052.0;1.0;gold
000285-002;498-501;Aus bin Khauli;PERSON;56.0;70.0;1.0;gold
000285-002;498-501;Makkah;LOCATION;117.0;123.0;1.0;gold
000285-002;498-501;Makkah;LOCATION;230.0;236.0;1.0;gold
000285-002;498-501;Makkah;LOCATION;514.0;520.0;1.0;gold
000285-002;498-501;Yatsrib;LOCATION;650.0;657.0;1.0;gold
000285-002;498-501;Makkah;LOCATION;1050.0;1056.0;1.0;gold
000285-003;498-501;Abdullah bin Rawahah;PERSON;66.0;86.0;1.0;gold
000285-003;498-501;Umar;PERSON;577.0;581.0;1.0;gold
000285-003;498-501;Ibnu Rawahah;PERSON;598.0;610.0;1.0;gold
000285-003;498-501;Umar;PERSON;720.0;724.0;1.0;gold
000285-003;498-501;Shafa;LOCATION;1138.0;1143.0;1.0;gold
000285-003;498-501;Marwah;LOCATION;1148.0;1154.0;1.0;gold
000285-003;498-501;Marwah;LOCATION;1186.0;1192.0;1.0;gold
000285-003;498-501;Makkah;LOCATION;1277.0;1283.0;1.0;gold
000285-003;498-501;Marwah;LOCATION;1368.0;1374.0;1.0;gold
000285-004;498-501;Makkah;LOCATION;83.0;89.0;1.0;gold
000285-004;498-501;Marwah;LOCATION;174.0;180.0;1.0;gold
000285-004;498-501;Rasulullah;PERSON;416.0;426.0;1.0;gold
000285-004;498-501;Makkah;LOCATION;438.0;444.0;1.0;gold
000285-004;498-501;Ali;PERSON;520.0;523.0;1.0;gold
000285-004;498-501;Makkah;LOCATION;655.0;661.0;1.0;gold
000285-004;498-501;Makkah;LOCATION;748.0;754.0;1.0;gold
000285-004;498-501;Hamzah;PERSON;789.0;795.0;1.0;gold
000285-004;498-501;Ali;PERSON;865.0;868.0;1.0;gold
000285-004;498-501;Zaid;PERSON;900.0;904.0;1.0;gold
000285-004;498-501;Rasulullah;PERSON;1054.0;1064.0;1.0;gold
000285-004;498-501;Maimunah binti Al-Harits Al-Amiriyah;PERSON;1074.0;1110.0;1.0;gold
000285-004;498-501;Makkah;LOCATION;1129.0;1135.0;1.0;gold
000285-004;498-501;Ja'far bin Abu Thalib;PERSON;1159.0;1180.0;1.0;gold
000285-004;498-501;Maimunah;PERSON;1195.0;1203.0;1.0;gold
000285-004;498-501;Maimunah;PERSON;1215.0;1223.0;1.0;gold
000285-004;498-501;Al-Abbas;PERSON;1264.0;1272.0;1.0;gold
000285-004;498-501;Al-Abbas;PERSON;1317.0;1325.0;1.0;gold
000285-004;498-501;Makkah;LOCATION;1344.0;1350.0;1.0;gold
000285-004;498-501;Abu Rafi';PERSON;1377.0;1386.0;1.0;gold
000285-004;498-501;Maimunah;PERSON;1401.0;1409.0;1.0;gold
000285-005;498-501;Makkah;LOCATION;17.0;23.0;1.0;gold
000285-005;498-501;Abu Rafi';PERSON;50.0;59.0;1.0;gold
000285-005;498-501;Maimunah;PERSON;74.0;82.0;1.0;gold
000285-005;498-501;Hudaibiyah;EVENT;286.0;296.0;1.0;gold
000285-005;498-501;Ibnu Abil;PERSON;526.0;535.0;1.0;gold
000285-005;498-501;bulan Dzul Hijjah 7 H;TIME;547.0;568.0;1.0;gold
000285-005;498-501;Abul Auja';PERSON;762.0;772.0;1.0;gold
000285-005;498-501;Ghalib bin Abdullah;PERSON;869.0;888.0;1.0;gold
000285-005;498-501;Basyir bin Sa'd;PERSON;936.0;951.0;1.0;gold
000285-005;498-501;bulan Shafar;TIME;966.0;978.0;1.0;gold
000285-005;498-501;bulan Rabi'ul Awwal;TIME;1114.0;1133.0;1.0;gold
000285-005;498-501;Ka'b bin Umari;PERSON;1229.0;1243.0;1.0;gold
000285-006;498-501;Syuja' bin Wahb;PERSON;293.0;308.0;1.0;gold
000285-006;498-501;Shafa;LOCATION;504.0;509.0;1.0;gold
000285-006;498-501;Marwah;LOCATION;514.0;520.0;1.0;gold
000286-001;502;Rasulullah;PERSON;86.0;96.0;1.0;gold
000286-001;502;Syam;LOCATION;362.0;366.0;1.0;gold
000286-001;502;Baitul Maqdis;LOCATION;384.0;397.0;1.0;gold
000287-001;502;Rasulullah;PERSON;37.0;47.0;1.0;gold
000287-001;502;Al-Harits bin Umair;PERSON;57.0;76.0;1.0;gold
000287-001;502;Syurahbil bin Amr;PERSON;161.0;178.0;1.0;gold
000287-001;502;Syam;LOCATION;240.0;244.0;1.0;gold
000287-001;502;Rasulullah;PERSON;512.0;522.0;1.0;gold
000287-001;502;Perang Ahzab;EVENT;781.0;793.0;1.0;gold
000288-001;502-503;Rasulullah;PERSON;0.0;10.0;1.0;gold
000288-001;502-503;Zaid bin Haritsah;PERSON;20.0;37.0;1.0;gold
000288-001;502-503;Zaid;PERSON;89.0;93.0;1.0;gold
000288-001;502-503;Abdullah bin Rawahah;PERSON;171.0;191.0;1.0;gold
000288-001;502-503;Zaid bin Haritsah;PERSON;241.0;258.0;1.0;gold
000288-001;502-503;Al-Haritsah bin Umair;PERSON;322.0;343.0;1.0;gold
000289-001;503-504;Rasulullah;PERSON;129.0;139.0;1.0;gold
000289-001;503-504;Abdullah bin Rawahah;PERSON;244.0;264.0;1.0;gold
000289-001;503-504;Abdullah bin Rawahah;PERSON;317.0;337.0;1.0;gold
000289-001;503-504;Rasulullah;PERSON;452.0;462.0;1.0;gold
000289-001;503-504;Abdullah bin Rawahah;PERSON;939.0;959.0;1.0;gold
000289-001;503-504;Rasulullah;PERSON;1261.0;1271.0;1.0;gold
000289-002;503-504;Syam;LOCATION;151.0;155.0;1.0;gold
000289-002;503-504;Hijaz;LOCATION;175.0;180.0;1.0;gold
000289-002;503-504;Heraklius;PERSON;234.0;243.0;1.0;gold
000290-001;504;Rasulullah;PERSON;478.0;488.0;1.0;gold
000290-001;504;Abdullah bin Rawahah;PERSON;652.0;672.0;1.0;gold
000290-001;504;Abdullah bin Rawahah;PERSON;1264.0;1284.0;1.0;gold
000291-001;504-505;Heraklius;PERSON;85.0;94.0;1.0;gold
000291-001;504-505;Ibnu Hisyam;PERSON;168.0;179.0;1.0;gold
000291-001;504-505;Quthbah bin Qatadah;PERSON;440.0;459.0;1.0;gold
000291-001;504-505;Ubadah bin Malik;PERSON;489.0;505.0;1.0;gold
000292-001;505-506;Zaid bin Haritsah;PERSON;394.0;411.0;1.0;gold
000292-001;505-506;Rasulullah;PERSON;421.0;431.0;1.0;gold
000292-001;505-506;Ja'far bin Abu Thalib;PERSON;695.0;716.0;1.0;gold
000292-002;505-506;Ja'far bin Abu Thalib;PERSON;114.0;135.0;1.0;gold
000292-002;505-506;Ibnu Umar;PERSON;256.0;265.0;1.0;gold
000292-002;505-506;Ibnu Umar;PERSON;501.0;510.0;1.0;gold
000292-002;505-506;Ja'far bin Abu Thalib;PERSON;599.0;620.0;1.0;gold
000292-002;505-506;Ja'far bin Abu Thalib;PERSON;913.0;934.0;1.0;gold
000292-002;505-506;Abdullah bin Rawahah;PERSON;968.0;988.0;1.0;gold
000292-003;505-506;Abdullah bin Rawahah;PERSON;308.0;328.0;1.0;gold
000293-001;506-507;Tsabit bin Arqam;PERSON;57.0;73.0;1.0;gold
000293-001;506-507;Khalid bin Al-Walid;PERSON;271.0;290.0;1.0;gold
000293-001;506-507;Khalid;PERSON;398.0;404.0;1.0;gold
000293-001;506-507;perang Mu'tah;EVENT;477.0;490.0;1.0;gold
000293-001;506-507;Yaman;LOCATION;551.0;556.0;1.0;gold
000293-001;506-507;Madinah;LOCATION;581.0;588.0;1.0;gold
000293-001;506-507;Rasulullah;PERSON;629.0;639.0;1.0;gold
000293-001;506-507;Zaid;PERSON;707.0;711.0;1.0;gold
000293-001;506-507;Ibnu Rawahah;PERSON;809.0;821.0;1.0;gold
000294-001;507-508;Khalid bin Al-Walid;PERSON;254.0;273.0;1.0;gold
000294-001;507-508;Khalid bin Al-Walid;PERSON;539.0;558.0;1.0;gold
000294-001;507-508;Khalid bin Al-Walid;PERSON;1106.0;1125.0;1.0;gold
000294-002;507-508;Syam;LOCATION;704.0;708.0;1.0;gold
000295-001;508;perang Mu'tah;EVENT;1128.0;1141.0;1.0;gold
000296-001;508-510;Rasulullah;PERSON;8.0;18.0;1.0;gold
000296-001;508-510;Syam;LOCATION;71.0;75.0;1.0;gold
000296-001;508-510;Perang Mu'tah;EVENT;155.0;168.0;1.0;gold
000296-001;508-510;Amru bin Al-Ash;PERSON;587.0;602.0;1.0;gold
000296-001;508-510;Syam;LOCATION;672.0;676.0;1.0;gold
000296-001;508-510;bulan Jumadal Akhirah 8 H;TIME;729.0;754.0;1.0;gold
000296-001;508-510;perang Mu'tah;EVENT;762.0;775.0;1.0;gold
000296-001;508-510;Madinah;LOCATION;963.0;970.0;1.0;gold
000296-001;508-510;Amru bin Al-Ash;PERSON;992.0;1007.0;1.0;gold
000296-001;508-510;Rasulullah;PERSON;1079.0;1089.0;1.0;gold
000296-001;508-510;Amr bin Al-Ash;PERSON;1129.0;1143.0;1.0;gold
000296-002;508-510;Amru bin Al-Ash;PERSON;201.0;216.0;1.0;gold
000296-002;508-510;Rafi' bin Mukaits;PERSON;226.0;243.0;1.0;gold
000296-002;508-510;Rasulullah;PERSON;252.0;262.0;1.0;gold
000296-002;508-510;Abu Ubaidah bin Al-Jarrah;PERSON;312.0;337.0;1.0;gold
000296-002;508-510;Abu Bakar;PERSON;383.0;392.0;1.0;gold
000296-002;508-510;Abu Ubaidah;PERSON;451.0;462.0;1.0;gold
000296-002;508-510;Abu Ubaidah;PERSON;613.0;624.0;1.0;gold
000296-002;508-510;Abu Ubaidah;PERSON;668.0;679.0;1.0;gold
000296-002;508-510;Abu Ubaidah;PERSON;813.0;824.0;1.0;gold
000296-002;508-510;Auf bin Malik;PERSON;1168.0;1181.0;1.0;gold
000296-002;508-510;Rasulullah;PERSON;1237.0;1247.0;1.0;gold
000296-002;508-510;Madinah;LOCATION;1417.0;1424.0;1.0;gold
000296-003;508-510;Madinah;LOCATION;19.0;26.0;1.0;gold
000296-003;508-510;Ibnu Ishaq;PERSON;83.0;93.0;1.0;gold
000296-003;508-510;Judzam;LOCATION;171.0;177.0;1.0;gold
000297-001;510;bulan Sya'ban 8 H;TIME;32.0;49.0;1.0;gold
000297-001;510;Najd;LOCATION;127.0;131.0;1.0;gold
000297-001;510;Rasulullah;PERSON;177.0;187.0;1.0;gold
000297-001;510;Abu Qatadah;PERSON;197.0;208.0;1.0;gold
000297-001;510;Ibnu Hisyam;PERSON;415.0;426.0;1.0;gold
000298-001;511;Ibnul Qayyim;PERSON;0.0;12.0;1.0;gold
000299-003;511-513;Muhammad;PERSON;178.0;186.0;1.0;gold
000299-003;511-513;Makkah;LOCATION;774.0;780.0;1.0;gold
000299-003;511-513;Rasulullah;PERSON;990.0;1000.0;1.0;gold
000299-003;511-513;Amr bin Salim;PERSON;1044.0;1057.0;1.0;gold
000299-003;511-513;Ka'b;PERSON;1177.0;1181.0;1.0;gold
000299-003;511-513;Rasulullah;PERSON;1258.0;1268.0;1.0;gold
000299-003;511-513;Makkah;LOCATION;1434.0;1440.0;1.0;gold
000300-001;513-515;Abu Sufyan;PERSON;389.0;399.0;1.0;gold
000300-001;513-515;Rasulullah;PERSON;488.0;498.0;1.0;gold
000300-001;513-515;Abu Sufyan;PERSON;567.0;577.0;1.0;gold
000300-001;513-515;Abu Sufyan;PERSON;656.0;666.0;1.0;gold
000300-001;513-515;Madinah;LOCATION;684.0;691.0;1.0;gold
000300-001;513-515;Budail bin Warqa;PERSON;704.0;720.0;1.0;gold
000300-001;513-515;Madinah;LOCATION;752.0;759.0;1.0;gold
000300-001;513-515;Abu Sufyan;PERSON;800.0;810.0;1.0;gold
000300-001;513-515;Rasulullah;PERSON;860.0;870.0;1.0;gold
000300-001;513-515;Muhammad;PERSON;1026.0;1034.0;1.0;gold
000300-001;513-515;Abu Sufyan;PERSON;1043.0;1053.0;1.0;gold
000300-001;513-515;Makkah;LOCATION;1125.0;1131.0;1.0;gold
000300-001;513-515;Abu Sufyan;PERSON;1133.0;1143.0;1.0;gold
000300-001;513-515;Madinah;LOCATION;1192.0;1199.0;1.0;gold
000300-003;513-515;Umar;PERSON;0.0;4.0;1.0;gold
000300-003;513-515;Rasulullah;PERSON;69.0;79.0;1.0;gold
000300-003;513-515;Abu Sufyan;PERSON;197.0;207.0;1.0;gold
000300-003;513-515;Ali bin Abu Thalib;PERSON;216.0;234.0;1.0;gold
000300-003;513-515;Abu Sufyan;PERSON;308.0;318.0;1.0;gold
000300-003;513-515;Ali;PERSON;334.0;337.0;1.0;gold
000300-003;513-515;Muhammad;PERSON;533.0;541.0;1.0;gold
000300-003;513-515;Abu Sufyan;PERSON;565.0;575.0;1.0;gold
000300-003;513-515;Rasulullah;PERSON;577.0;587.0;1.0;gold
000300-003;513-515;Ali;PERSON;668.0;671.0;1.0;gold
000300-003;513-515;Abu Sufyan;PERSON;673.0;683.0;1.0;gold
000300-003;513-515;Rasulullah;PERSON;1057.0;1067.0;1.0;gold
000300-003;513-515;Abu Sufyan;PERSON;1103.0;1113.0;1.0;gold
000300-003;513-515;Ali bin Abu Thalib;PERSON;1177.0;1195.0;1.0;gold
000301-001;515-517;Ath-Thabarani;PERSON;24.0;37.0;1.0;gold
000301-001;515-517;Rasulullah;PERSON;128.0;138.0;1.0;gold
000301-001;515-517;Aisyah;PERSON;153.0;159.0;1.0;gold
000301-001;515-517;Abu Bakar;PERSON;249.0;258.0;1.0;gold
000301-001;515-517;Aisyah;PERSON;275.0;281.0;1.0;gold
000301-001;515-517;Aisyah;PERSON;374.0;380.0;1.0;gold
000301-001;515-517;Perang Bani Al-Ashfar;EVENT;431.0;452.0;1.0;gold
000301-001;515-517;Rasulullah;PERSON;480.0;490.0;1.0;gold
000301-001;515-517;Aisyah;PERSON;529.0;535.0;1.0;gold
000301-001;515-517;Amr bin Salim;PERSON;564.0;577.0;1.0;gold
000301-001;515-517;Abu Sufyan;PERSON;796.0;806.0;1.0;gold
000301-001;515-517;Rasulullah;PERSON;866.0;876.0;1.0;gold
000301-001;515-517;Makkah;LOCATION;974.0;980.0;1.0;gold
000301-001;515-517;Rasulullah;PERSON;1139.0;1149.0;1.0;gold
000301-001;515-517;Abu Qatadah bin Rab'i;PERSON;1211.0;1232.0;1.0;gold
000301-001;515-517;Dzul Marwah;LOCATION;1292.0;1303.0;1.0;gold
000301-001;515-517;bulan Ramadhan 8 H;TIME;1314.0;1332.0;1.0;gold
000301-002;515-517;Makkah;LOCATION;140.0;146.0;1.0;gold
000301-002;515-517;Hathib bin Abi Balta'ah;PERSON;203.0;226.0;1.0;gold
000301-002;515-517;Rasulullah;PERSON;318.0;328.0;1.0;gold
000301-002;515-517;Rasulullah;PERSON;562.0;572.0;1.0;gold
000301-002;515-517;Hathib bin Abu Balta'ah;PERSON;627.0;650.0;1.0;gold
000301-002;515-517;Ali;PERSON;677.0;680.0;1.0;gold
000301-002;515-517;Ali;PERSON;1199.0;1202.0;1.0;gold
000301-002;515-517;Rasulullah;PERSON;1239.0;1249.0;1.0;gold
000301-002;515-517;Amir bin Al-Adhbath;PERSON;1399.0;1418.0;1.0;gold
000302-001;517-518;bulan Ramadhan 8 H;TIME;24.0;42.0;1.0;gold
000302-001;517-518;Rasulullah;PERSON;44.0;54.0;1.0;gold
000302-001;517-518;Madinah;LOCATION;68.0;75.0;1.0;gold
000302-001;517-518;Makkah;LOCATION;95.0;101.0;1.0;gold
000302-001;517-518;Madinah;LOCATION;136.0;143.0;1.0;gold
000302-001;517-518;Abu Ruhm;PERSON;162.0;170.0;1.0;gold
000302-001;517-518;Rasulullah;PERSON;230.0;240.0;1.0;gold
000302-001;517-518;Al-Abbas bin Abdul Muthalib;PERSON;263.0;290.0;1.0;gold
000302-001;517-518;Abu Sufyan bin Al-Harits;PERSON;433.0;457.0;1.0;gold
000302-001;517-518;Abdullah bin Umayyah;PERSON;481.0;501.0;1.0;gold
000302-001;517-518;Ummu Salamah;PERSON;607.0;619.0;1.0;gold
000302-001;517-518;Ali bin Abu Thalib;PERSON;749.0;767.0;1.0;gold
000302-001;517-518;Abu Sufyan bin Al-Harits;PERSON;789.0;813.0;1.0;gold
000302-001;517-518;Rasulullah;PERSON;825.0;835.0;1.0;gold
000302-001;517-518;Yusuf;PERSON;907.0;912.0;1.0;gold
000302-001;517-518;Abu Sufyan;PERSON;1165.0;1175.0;1.0;gold
000302-001;517-518;Ali;PERSON;1195.0;1198.0;1.0;gold
000302-001;517-518;Abu Sufyan;PERSON;1236.0;1246.0;1.0;gold
000302-002;517-518;Abu Sufyan;PERSON;32.0;42.0;1.0;gold
000302-002;517-518;Abu Sufyan;PERSON;196.0;206.0;1.0;gold
000302-002;517-518;Muhammad;PERSON;328.0;336.0;1.0;gold
000304-001;519-521;Al-Abbas;PERSON;54.0;62.0;1.0;gold
000304-001;519-521;Makkah;LOCATION;221.0;227.0;1.0;gold
000304-001;519-521;Abu Sufyan;PERSON;424.0;434.0;1.0;gold
000304-001;519-521;Hakim bin Hizam;PERSON;481.0;496.0;1.0;gold
000304-001;519-521;Budail bin Zarqa';PERSON;501.0;518.0;1.0;gold
000304-001;519-521;Al-Abbas;PERSON;519.0;527.0;1.0;gold
000304-001;519-521;Abu Sufyan;PERSON;613.0;623.0;1.0;gold
000304-001;519-521;Budail bin Zarqa';PERSON;628.0;645.0;1.0;gold
000304-001;519-521;Abu Sufyan;PERSON;678.0;688.0;1.0;gold
000304-001;519-521;Abu Sufyan;PERSON;861.0;871.0;1.0;gold
000304-001;519-521;Abu Hanzhalah;PERSON;1065.0;1078.0;1.0;gold
000304-001;519-521;Abu Fadhl;PERSON;1144.0;1153.0;1.0;gold
000304-001;519-521;Rasulullah;PERSON;1257.0;1267.0;1.0;gold
000304-001;519-521;Abu Sufyan;PERSON;1414.0;1424.0;1.0;gold
000304-002;519-521;Abu Sufyan;PERSON;123.0;133.0;1.0;gold
000304-002;519-521;Rasulullah;PERSON;300.0;310.0;1.0;gold
000304-002;519-521;Abu Sufyan;PERSON;365.0;375.0;1.0;gold
000304-002;519-521;Rasulullah;PERSON;569.0;579.0;1.0;gold
000304-002;519-521;Rasulullah;PERSON;659.0;669.0;1.0;gold
000304-002;519-521;Umar bin Al-Kahththab;PERSON;739.0;760.0;1.0;gold
000304-002;519-521;Abu Sufyan;PERSON;830.0;840.0;1.0;gold
000304-002;519-521;Abu Sufyan;PERSON;881.0;891.0;1.0;gold
000304-002;519-521;Rasulullah;PERSON;1018.0;1028.0;1.0;gold
000304-002;519-521;Umar;PERSON;1102.0;1106.0;1.0;gold
000304-002;519-521;Umar;PERSON;1194.0;1198.0;1.0;gold
000304-002;519-521;Rasulullah;PERSON;1229.0;1239.0;1.0;gold
000304-002;519-521;Abu Sufyan;PERSON;1252.0;1262.0;1.0;gold
000304-003;519-521;Umar;PERSON;20.0;24.0;1.0;gold
000304-003;519-521;Rasulullah;PERSON;55.0;65.0;1.0;gold
000304-003;519-521;Abu Sufyan;PERSON;78.0;88.0;1.0;gold
000304-003;519-521;Rasulullah;PERSON;143.0;153.0;1.0;gold
000304-003;519-521;Umar bin Al-Khaththab;PERSON;329.0;350.0;1.0;gold
000304-003;519-521;Umar;PERSON;414.0;418.0;1.0;gold
000304-003;519-521;Adi bin Ka'ab;PERSON;483.0;496.0;1.0;gold
000304-003;519-521;Umar;PERSON;572.0;576.0;1.0;gold
000304-003;519-521;Rasulullah;PERSON;746.0;756.0;1.0;gold
000304-003;519-521;Rasulullah;PERSON;791.0;801.0;1.0;gold
000304-003;519-521;Abu Sufyan;PERSON;959.0;969.0;1.0;gold
000304-003;519-521;Abu Sufyan;PERSON;1031.0;1041.0;1.0;gold
000304-003;519-521;Abu Sufyan;PERSON;1129.0;1139.0;1.0;gold
000304-003;519-521;Abu Sufyan;PERSON;1446.0;1456.0;1.0;gold
000305-001;521-522;Selasa pagi hari tanggal 17 Ramadhan 8 H;TIME;5.0;45.0;1.0;gold
000305-001;521-522;Rasulullah;PERSON;47.0;57.0;1.0;gold
000305-001;521-522;Makkah;LOCATION;95.0;101.0;1.0;gold
000305-001;521-522;Al-Abbas;PERSON;124.0;132.0;1.0;gold
000305-001;521-522;Abu Sufyan;PERSON;147.0;157.0;1.0;gold
000305-001;521-522;Abu Sufyan;PERSON;247.0;257.0;1.0;gold
000305-001;521-522;Abu Sufyan;PERSON;389.0;399.0;1.0;gold
000305-001;521-522;Abu Sufyan;PERSON;499.0;509.0;1.0;gold
000305-001;521-522;Abu Sufyan;PERSON;592.0;602.0;1.0;gold
000305-001;521-522;Abu Sufyan;PERSON;704.0;714.0;1.0;gold
000305-001;521-522;Abu Sufyan;PERSON;801.0;811.0;1.0;gold
000305-001;521-522;Rasulullah;PERSON;905.0;915.0;1.0;gold
000305-001;521-522;Abu Sufyan;PERSON;1128.0;1138.0;1.0;gold
000305-001;521-522;Rasulullah;PERSON;1152.0;1162.0;1.0;gold
000305-001;521-522;Abu Sufyan;PERSON;1270.0;1280.0;1.0;gold
000308-001;524;Makkah;LOCATION;93.0;99.0;1.0;gold
000308-001;524;Khalid bin Al-Walid;PERSON;127.0;146.0;1.0;gold
000308-001;524;Khalid;PERSON;212.0;218.0;1.0;gold
000308-001;524;Kurz bin Jabir;PERSON;232.0;246.0;1.0;gold
000308-001;524;Khunais bin Khalid bin Rabi'ah;PERSON;260.0;290.0;1.0;gold
000308-001;524;Khalid;PERSON;507.0;513.0;1.0;gold
000308-001;524;Khalid;PERSON;559.0;565.0;1.0;gold
000308-001;524;Hammas bin Qais;PERSON;652.0;667.0;1.0;gold
000308-001;524;Khalid bin Al-Walid;PERSON;1171.0;1190.0;1.0;gold
000308-001;524;Makkah;LOCATION;1206.0;1212.0;1.0;gold
000308-001;524;Rasulullah;PERSON;1237.0;1247.0;1.0;gold
000308-001;524;Shafa;LOCATION;1251.0;1256.0;1.0;gold
000308-001;524;Rasulullah;PERSON;1417.0;1427.0;1.0;gold
000309-001;525;Rasulullah;PERSON;12.0;22.0;1.0;gold
000309-001;525;Ka'bah;LOCATION;149.0;155.0;1.0;gold
000309-001;525;Ka'bah;LOCATION;202.0;208.0;1.0;gold
000309-001;525;Utsman bin Thalhah;PERSON;803.0;821.0;1.0;gold
000309-001;525;Ka'bah;LOCATION;865.0;871.0;1.0;gold
000309-001;525;Ka'bah;LOCATION;912.0;918.0;1.0;gold
000309-001;525;Ibrahim;PERSON;984.0;991.0;1.0;gold
000309-001;525;Ibrahim;PERSON;1119.0;1126.0;1.0;gold
000310-001;525-526;Ka'bah;LOCATION;21.0;27.0;1.0;gold
000310-001;525-526;Usamah;PERSON;55.0;61.0;1.0;gold
000310-001;525-526;Bilal;PERSON;66.0;71.0;1.0;gold
000310-001;525-526;Ka'bah;LOCATION;106.0;112.0;1.0;gold
000310-001;525-526;Ka'bah;LOCATION;145.0;151.0;1.0;gold
000310-001;525-526;Ka'bah;LOCATION;347.0;353.0;1.0;gold
000310-001;525-526;Ka'bah;LOCATION;441.0;447.0;1.0;gold
000310-001;525-526;Ka'bah;LOCATION;526.0;532.0;1.0;gold
000310-001;525-526;Ka'bah;LOCATION;670.0;676.0;1.0;gold
000310-001;525-526;Ka'bah;LOCATION;1008.0;1014.0;1.0;gold
000310-002;525-526;Adam;PERSON;141.0;145.0;1.0;gold
000310-002;525-526;Adam;PERSON;150.0;154.0;1.0;gold
000310-002;525-526;Yusuf;PERSON;853.0;858.0;1.0;gold
000312-001;527;Rasulullah;PERSON;27.0;37.0;1.0;gold
000312-001;527;Bilal;PERSON;52.0;57.0;1.0;gold
000312-001;527;Ka'bah;LOCATION;77.0;83.0;1.0;gold
000312-001;527;Abu Sufyan bin Harb;PERSON;133.0;152.0;1.0;gold
000312-001;527;Attab bin Usaid;PERSON;154.0;169.0;1.0;gold
000312-001;527;Al-Harits bin Hisyam;PERSON;175.0;195.0;1.0;gold
000312-001;527;Ka'bah;LOCATION;220.0;226.0;1.0;gold
000312-001;527;Usaid;PERSON;267.0;272.0;1.0;gold
000312-001;527;Abu Sufyan;PERSON;465.0;475.0;1.0;gold
000314-002;528-529;Miqyas bin Shubabah;PERSON;71.0;90.0;1.0;gold
000314-002;528-529;Numailah bin Abdullah;PERSON;99.0;120.0;1.0;gold
000314-002;528-529;Ummu Hani;PERSON;217.0;226.0;1.0;gold
000314-002;528-529;Makkah;LOCATION;311.0;317.0;1.0;gold
000314-002;528-529;Ummu Hani;PERSON;342.0;351.0;1.0;gold
000314-002;528-529;Al-Harits bin Nufail;PERSON;549.0;569.0;1.0;gold
000314-002;528-529;Rasulullah;PERSON;630.0;640.0;1.0;gold
000314-002;528-529;Makkah;LOCATION;649.0;655.0;1.0;gold
000314-002;528-529;Ali bin Abu Thalib;PERSON;669.0;687.0;1.0;gold
000314-002;528-529;Habbar bin Al-Aswad;PERSON;689.0;708.0;1.0;gold
000314-002;528-529;Zainab binti Rasulullah;PERSON;760.0;783.0;1.0;gold
000314-002;528-529;Madinah;LOCATION;806.0;813.0;1.0;gold
000314-002;528-529;Zainab;PERSON;868.0;874.0;1.0;gold
000314-002;528-529;Makkah;LOCATION;967.0;973.0;1.0;gold
000314-002;528-529;Ibnu Hajar;PERSON;1226.0;1236.0;1.0;gold
000314-002;528-529;Abu Ma'syar;PERSON;1238.0;1249.0;1.0;gold
000314-002;528-529;Al-Harits bin Ath;PERSON;1318.0;1335.0;1.0;gold
000314-002;528-529;Ali bin Abu Thalib;PERSON;1370.0;1388.0;1.0;gold
000314-002;528-529;Ka'b bin Zuhair;PERSON;1436.0;1451.0;1.0;gold
000314-003;528-529;Ka'b bin Zuhair;PERSON;46.0;61.0;1.0;gold
000314-003;528-529;Wahsy bin Harb;PERSON;178.0;192.0;1.0;gold
000314-003;528-529;Hindun binti Uthbah;PERSON;194.0;213.0;1.0;gold
000314-003;528-529;Abu Sufyan;PERSON;221.0;231.0;1.0;gold
000314-003;528-529;ibnu Khathal;PERSON;279.0;291.0;1.0;gold
000314-003;528-529;Ummu Sa'd;PERSON;311.0;320.0;1.0;gold
000314-003;528-529;Ibnu Ishaq;PERSON;355.0;365.0;1.0;gold
000314-003;528-529;Arnab;PERSON;471.0;476.0;1.0;gold
000314-003;528-529;Ummu Sa'd;PERSON;481.0;490.0;1.0;gold
000317-001;531;Rasulullah;PERSON;8.0;18.0;1.0;gold
000317-001;531;Makkah;LOCATION;57.0;63.0;1.0;gold
000317-001;531;Rasulullah;PERSON;199.0;209.0;1.0;gold
000317-001;531;Makkah;LOCATION;226.0;232.0;1.0;gold
000317-001;531;Shafa;LOCATION;304.0;309.0;1.0;gold
000317-001;531;Rasulullah;PERSON;433.0;443.0;1.0;gold
000318-002;531-532;Rasulullah;PERSON;0.0;10.0;1.0;gold
000318-002;531-532;Umar bin Al-Khaththab;PERSON;101.0;122.0;1.0;gold
000318-002;531-532;Abu Sufyan;PERSON;265.0;275.0;1.0;gold
000318-002;531-532;Abu Sufyan;PERSON;353.0;363.0;1.0;gold
000318-002;531-532;Rasulullah;PERSON;422.0;432.0;1.0;gold
000318-002;531-532;Perang Badr;EVENT;1022.0;1033.0;1.0;gold
000318-002;531-532;Umar;PERSON;1063.0;1067.0;1.0;gold
000320-002;532-536;Makkah;LOCATION;51.0;57.0;1.0;gold
000320-002;532-536;Rasulullah;PERSON;139.0;149.0;1.0;gold
000320-002;532-536;Sa'd bin Zaid;PERSON;748.0;761.0;1.0;gold
000320-004;532-536;Khalid;PERSON;0.0;6.0;1.0;gold
000320-004;532-536;Abdurrahman bin Auf;PERSON;11.0;30.0;1.0;gold
000320-004;532-536;Khalid;PERSON;139.0;145.0;1.0;gold
000320-004;532-536;Khalid;PERSON;163.0;169.0;1.0;gold
000320-004;532-536;Uhud;LOCATION;219.0;223.0;1.0;gold
000320-004;532-536;Makkah;LOCATION;445.0;451.0;1.0;gold
000320-004;532-536;Jazirah Arab;LOCATION;661.0;673.0;1.0;gold
000320-004;532-536;Makkah;LOCATION;700.0;706.0;1.0;gold
000320-004;532-536;Abrahah;PERSON;1146.0;1153.0;1.0;gold
000320-004;532-536;Ka'bah;LOCATION;1165.0;1171.0;1.0;gold
000320-004;532-536;Perjanjian Hudaibiyah;EVENT;1294.0;1315.0;1.0;gold
000320-005;532-536;Makkah;LOCATION;201.0;207.0;1.0;gold
000320-005;532-536;Makkah;LOCATION;483.0;489.0;1.0;gold
000320-005;532-536;Makkah;LOCATION;564.0;570.0;1.0;gold
000320-005;532-536;Jazirah Arab;LOCATION;813.0;825.0;1.0;gold
000320-005;532-536;Perjanjian Hudaibiyah;EVENT;959.0;980.0;1.0;gold
000320-005;532-536;Ibnu Hisyam;PERSON;1255.0;1266.0;1.0;gold
000321-001;537;Rasulullah;PERSON;62.0;72.0;1.0;gold
000321-001;537;Makkah;LOCATION;318.0;324.0;1.0;gold
000321-001;537;Jazirah Arab;LOCATION;445.0;457.0;1.0;gold
000321-001;537;Penaklukan Makkah;EVENT;473.0;490.0;1.0;gold
000321-001;537;Jazirah Arab;LOCATION;784.0;796.0;1.0;gold
000322-001;538;Makkah;LOCATION;12.0;18.0;1.0;gold
000322-001;538;Makkah;LOCATION;105.0;111.0;1.0;gold
000322-001;538;Sa'd bin Bakr;PERSON;442.0;455.0;1.0;gold
000322-001;538;Makkah;LOCATION;632.0;638.0;1.0;gold
000322-001;538;Malik bin Auf;PERSON;680.0;693.0;1.0;gold
000323-001;538;Malik bin Auf;PERSON;42.0;55.0;1.0;gold
000323-001;538;Hunain;LOCATION;312.0;318.0;1.0;gold
000323-001;538;Hunain;LOCATION;347.0;353.0;1.0;gold
000323-001;538;Hunain;LOCATION;364.0;370.0;1.0;gold
000323-001;538;Makkah;LOCATION;445.0;451.0;1.0;gold
000323-001;538;Arafah;LOCATION;488.0;494.0;1.0;gold
000324-001;538-539;Duraid bin Ash-Shimah;PERSON;44.0;65.0;1.0;gold
000324-001;538-539;Malik bin Auf;PERSON;544.0;557.0;1.0;gold
000324-001;538-539;Malik bin Auf;PERSON;650.0;663.0;1.0;gold
000324-002;538-539;Malik bin Auf;PERSON;225.0;238.0;1.0;gold
000325-001;539-540;Malik bin Auf;PERSON;0.0;13.0;1.0;gold
000325-001;539-540;Rasulullah;PERSON;413.0;423.0;1.0;gold
000325-001;539-540;Abu Hadrad;PERSON;433.0;443.0;1.0;gold
000326-001;540;tanggal 6 Syawwal 8 H;TIME;5.0;26.0;1.0;gold
000326-001;540;Rasulullah;PERSON;28.0;38.0;1.0;gold
000326-001;540;Makkah;LOCATION;52.0;58.0;1.0;gold
000326-001;540;Makkah;LOCATION;130.0;136.0;1.0;gold
000326-001;540;Makkah;LOCATION;237.0;243.0;1.0;gold
000326-001;540;Makkah;LOCATION;270.0;276.0;1.0;gold
000326-001;540;Shafwan bin Umayyah;PERSON;360.0;379.0;1.0;gold
000326-001;540;Attab bin Usaid;PERSON;400.0;415.0;1.0;gold
000326-001;540;Rasulullah;PERSON;658.0;668.0;1.0;gold
000326-001;540;Anas bin Abu Martsad;PERSON;827.0;847.0;1.0;gold
000326-001;540;Hunain;LOCATION;899.0;905.0;1.0;gold
000326-001;540;Muhammad;PERSON;1270.0;1278.0;1.0;gold
000326-001;540;Musa;PERSON;1351.0;1355.0;1.0;gold
000327-001;541;malam Rabu tanggal 10 Syawwal;TIME;5.0;34.0;1.0;gold
000327-001;541;Hunain;LOCATION;58.0;64.0;1.0;gold
000327-001;541;Malik bin Auf;PERSON;80.0;93.0;1.0;gold
000327-001;541;Rasulullah;PERSON;455.0;465.0;1.0;gold
000327-001;541;Hunain;LOCATION;636.0;642.0;1.0;gold
000327-001;541;Abu Sufyan bin Harb;PERSON;1000.0;1019.0;1.0;gold
000327-001;541;Laut Merah;LOCATION;1106.0;1116.0;1.0;gold
000327-001;541;Kaladah bin Al-Junaid;PERSON;1132.0;1153.0;1.0;gold
000327-001;541;Rasulullah;PERSON;1215.0;1225.0;1.0;gold
000327-001;541;Muhammad bin Abdullah;PERSON;1330.0;1351.0;1.0;gold
000327-002;541;Rasulullah;PERSON;229.0;239.0;1.0;gold
000327-002;541;Abu Sufyan bin Al-Harits;PERSON;431.0;455.0;1.0;gold
000327-002;541;Al-Abbas;PERSON;502.0;510.0;1.0;gold
000328-001;541-542;Rasulullah;PERSON;0.0;10.0;1.0;gold
000328-001;541-542;Al-Abbas;PERSON;38.0;46.0;1.0;gold
000328-001;541-542;Al-Abbas;PERSON;111.0;119.0;1.0;gold
000328-001;541-542;Al-Abbas;PERSON;228.0;236.0;1.0;gold
000328-001;541-542;Rasulullah;PERSON;704.0;714.0;1.0;gold
000328-001;541-542;Al-Harits bin Al-Khazraj;PERSON;925.0;949.0;1.0;gold
000329-001;542-543;Hunain;EVENT;474.0;480.0;1.0;gold
000330-001;543;Tha'if;LOCATION;90.0;96.0;1.0;gold
000330-001;543;Abu Amir;PERSON;209.0;217.0;1.0;gold
000330-001;543;Abu Amir;PERSON;434.0;442.0;1.0;gold
000330-001;543;Duraid bin Ash-Shimah;PERSON;608.0;629.0;1.0;gold
000330-001;543;Rabi'ah bin Rufai';PERSON;671.0;689.0;1.0;gold
000330-001;543;Tha'if;LOCATION;740.0;746.0;1.0;gold
000330-001;543;Hunain;LOCATION;832.0;838.0;1.0;gold
000331-001;543-544;Rasulullah;PERSON;129.0;139.0;1.0;gold
000331-001;543-544;Mas'ud bin Amr;PERSON;268.0;282.0;1.0;gold
000331-001;543-544;perang Tha'if;EVENT;377.0;390.0;1.0;gold
000331-001;543-544;Syaima' binti Al-Harits;PERSON;432.0;455.0;1.0;gold
000332-001;544-545;Perang Hunain;EVENT;70.0;83.0;1.0;gold
000332-001;544-545;Tha'if;LOCATION;138.0;144.0;1.0;gold
000332-001;544-545;Malik bin Auf;PERSON;180.0;193.0;1.0;gold
000332-001;544-545;Rasulullah;PERSON;241.0;251.0;1.0;gold
000332-001;544-545;Tha'if;LOCATION;264.0;270.0;1.0;gold
000332-001;544-545;Hunain;LOCATION;283.0;289.0;1.0;gold
000332-001;544-545;Khalid bin Walid;PERSON;350.0;366.0;1.0;gold
000332-001;544-545;Rasulullah;PERSON;430.0;440.0;1.0;gold
000332-001;544-545;Malik bin Auf;PERSON;561.0;574.0;1.0;gold
000332-001;544-545;Tha'if;LOCATION;680.0;686.0;1.0;gold
000332-001;544-545;Tha'if;LOCATION;1419.0;1425.0;1.0;gold
000332-003;544-545;Abu Bakrah;PERSON;25.0;35.0;1.0;gold
000332-003;544-545;Rasulullah;PERSON;320.0;330.0;1.0;gold
000332-003;544-545;Naufal bin Mu'awiyyah;PERSON;348.0;369.0;1.0;gold
000332-003;544-545;Umar bin Al-Khaththab;PERSON;662.0;683.0;1.0;gold
000332-004;544-545;Rasulullah;PERSON;195.0;205.0;1.0;gold
000333-001;546-547;Tha'if;LOCATION;42.0;48.0;1.0;gold
000333-001;546-547;Rasulullah;PERSON;50.0;60.0;1.0;gold
000333-001;546-547;Makkah;LOCATION;439.0;445.0;1.0;gold
000333-001;546-547;Abu Sufyan bin Harb;PERSON;596.0;615.0;1.0;gold
000333-001;546-547;Abu Sufyan;PERSON;794.0;804.0;1.0;gold
000333-001;546-547;Hakim bin Hizam;PERSON;941.0;956.0;1.0;gold
000333-001;546-547;Shafwan bin Umayyah;PERSON;1038.0;1057.0;1.0;gold
000333-001;546-547;Al-Harits bin Al-Harits bin Kaladah;PERSON;1180.0;1215.0;1.0;gold
000333-002;546-547;Al-Harits bin Al-Harits bin Kaladah;PERSON;0.0;35.0;1.0;gold
000333-002;546-547;Muhammad;PERSON;251.0;259.0;1.0;gold
000333-002;546-547;Tihamah;LOCATION;627.0;634.0;1.0;gold
000333-002;546-547;Zaid bin Tsabit;PERSON;1223.0;1238.0;1.0;gold
000334-001;547-549;Hunain;EVENT;298.0;304.0;1.0;gold
000334-001;547-549;Rasulullah;PERSON;399.0;409.0;1.0;gold
000334-001;547-549;Ibnu Ishaq;PERSON;560.0;570.0;1.0;gold
000334-001;547-549;Abu Sa'ida;PERSON;589.0;599.0;1.0;gold
000334-001;547-549;Rasulullah;PERSON;633.0;643.0;1.0;gold
000334-001;547-549;Rasulullah;PERSON;881.0;891.0;1.0;gold
000334-001;547-549;Sa'ad bin Ubadah;PERSON;928.0;944.0;1.0;gold
000334-001;547-549;Rasulullah;PERSON;991.0;1001.0;1.0;gold
000334-002;547-549;Rasulullah;PERSON;130.0;140.0;1.0;gold
000334-002;547-549;Sa'd bin Ubadah;PERSON;281.0;296.0;1.0;gold
000334-002;547-549;Sa'd bin Ubadah;PERSON;594.0;609.0;1.0;gold
000334-002;547-549;Rasulullah;PERSON;1330.0;1340.0;1.0;gold
000334-003;547-549;Rasulullah;PERSON;73.0;83.0;1.0;gold
000334-003;547-549;Muhammad;PERSON;936.0;944.0;1.0;gold
000334-004;547-549;Rasulullah;PERSON;214.0;224.0;1.0;gold
000335-001;549-550;Zuhair bin Shurad;PERSON;137.0;154.0;1.0;gold
000335-001;549-550;Abu Burqan;PERSON;208.0;218.0;1.0;gold
000335-001;549-550;Rasulullah;PERSON;811.0;821.0;1.0;gold
000335-001;549-550;Rasulullah;PERSON;847.0;857.0;1.0;gold
000335-001;549-550;Rasulullah;PERSON;1258.0;1268.0;1.0;gold
000335-001;549-550;Al-Aqra' bin Habis;PERSON;1271.0;1289.0;1.0;gold
000335-001;549-550;Uyainah bin Hishn;PERSON;1349.0;1366.0;1.0;gold
000335-002;549-550;Rasulullah;PERSON;145.0;155.0;1.0;gold
000335-002;549-550;Al-Aqra' bin Habis;PERSON;158.0;176.0;1.0;gold
000335-002;549-550;Uyainah bin Hishn;PERSON;236.0;253.0;1.0;gold
000335-002;549-550;Al-Abbas bin Mirdas;PERSON;314.0;333.0;1.0;gold
000335-002;549-550;Rasulullah;PERSON;447.0;457.0;1.0;gold
000335-002;549-550;Al-Abbas bin Mirdas;PERSON;500.0;519.0;1.0;gold
000335-002;549-550;Rasulullah;PERSON;521.0;531.0;1.0;gold
000335-002;549-550;Rasulullah;PERSON;1114.0;1124.0;1.0;gold
000335-003;549-550;Uyainah bin Hishn;PERSON;280.0;297.0;1.0;gold
000336-001;550-551;Rasulullah;PERSON;43.0;53.0;1.0;gold
000336-001;550-551;Makkah;LOCATION;139.0;145.0;1.0;gold
000336-001;550-551;Madinah;LOCATION;231.0;238.0;1.0;gold
000336-001;550-551;Attab bin Usaid;PERSON;252.0;267.0;1.0;gold
000336-001;550-551;Makkah;LOCATION;292.0;298.0;1.0;gold
000336-001;550-551;Madinah;LOCATION;324.0;331.0;1.0;gold
000336-001;550-551;bulan Dzul Hijjah 8 H;TIME;363.0;384.0;1.0;gold
000336-001;550-551;Muhammad;PERSON;386.0;394.0;1.0;gold
000336-001;550-551;Madinah;LOCATION;562.0;569.0;1.0;gold
000336-001;550-551;Makkah;LOCATION;1078.0;1084.0;1.0;gold
000336-001;550-551;Yusuf;PERSON;1393.0;1398.0;1.0;gold
000336-001;550-551;Perang Khunain;EVENT;1409.0;1423.0;1.0;gold
000337-001;552;Rasulullah;PERSON;84.0;94.0;1.0;gold
000337-001;552;Madinah;LOCATION;106.0;113.0;1.0;gold
000338-001;552-553;Rasulullah;PERSON;58.0;68.0;1.0;gold
000338-001;552-553;Madinah;LOCATION;72.0;79.0;1.0;gold
000338-001;552-553;tahun 8 H;TIME;111.0;120.0;1.0;gold
000338-001;552-553;bulan Muharram tahun 9 H;TIME;163.0;187.0;1.0;gold
000338-001;552-553;Uyainah bin Hishn;PERSON;315.0;332.0;1.0;gold
000338-001;552-553;Yazid bin Al-Hushain;PERSON;350.0;370.0;1.0;gold
000338-001;552-553;Abbad bin Bisyr;PERSON;394.0;409.0;1.0;gold
000338-001;552-553;Rafi' bin Mukaits;PERSON;436.0;453.0;1.0;gold
000338-001;552-553;Amru bin Al-Ash;PERSON;469.0;484.0;1.0;gold
000338-001;552-553;Dhahak bin Sufyan;PERSON;508.0;525.0;1.0;gold
000338-001;552-553;Basyir bin Sufyan;PERSON;543.0;560.0;1.0;gold
000338-001;552-553;Ka'b;PERSON;569.0;573.0;1.0;gold
000338-001;552-553;Ibnul Latibah;PERSON;577.0;590.0;1.0;gold
000338-001;552-553;Al-Muhajir bin Abu Umayyah;PERSON;618.0;644.0;1.0;gold
000338-001;552-553;Ziyad bin Lubaid;PERSON;659.0;675.0;1.0;gold
000338-001;552-553;Hadramaut;LOCATION;679.0;688.0;1.0;gold
000338-001;552-553;Adi bin Hatim;PERSON;693.0;706.0;1.0;gold
000338-001;552-553;Malik bin Nuwairah;PERSON;734.0;752.0;1.0;gold
000338-001;552-553;Az-Zibriqan bin Badr;PERSON;775.0;795.0;1.0;gold
000338-001;552-553;Qais bin Ashim;PERSON;822.0;836.0;1.0;gold
000338-001;552-553;Al-A'la bin Al-Hadhrami;PERSON;874.0;897.0;1.0;gold
000338-001;552-553;Al-Bahrain bin Abu Thalib;PERSON;901.0;926.0;1.0;gold
000338-001;552-553;Najran;LOCATION;930.0;936.0;1.0;gold
000338-001;552-553;bulan Muharram 9 H;TIME;1029.0;1047.0;1.0;gold
000338-001;552-553;bulan Muharram 9 H;TIME;1289.0;1307.0;1.0;gold
000338-001;552-553;Hudaibiyah;LOCATION;1390.0;1400.0;1.0;gold
000338-001;552-553;Makkah;LOCATION;1429.0;1435.0;1.0;gold
000339-001;553-557;Uyainah bin Hishn;PERSON;283.0;300.0;1.0;gold
000339-001;553-557;bulan Muharram 9 H;TIME;316.0;334.0;1.0;gold
000339-001;553-557;Uyainah bin Hishn;PERSON;605.0;622.0;1.0;gold
000339-001;553-557;Madinah;LOCATION;940.0;947.0;1.0;gold
000339-001;553-557;Ramlah binti Al-Harits;PERSON;971.0;993.0;1.0;gold
000339-001;553-557;Rasulullah;PERSON;1060.0;1070.0;1.0;gold
000339-001;553-557;Muhammad;PERSON;1094.0;1102.0;1.0;gold
000339-002;553-557;Utharid bin Hajib;PERSON;101.0;118.0;1.0;gold
000339-002;553-557;Rasulullah;PERSON;162.0;172.0;1.0;gold
000339-002;553-557;Tsabit bin Qais bin Syammas;PERSON;187.0;214.0;1.0;gold
000339-002;553-557;Az-Zibriqan bin Badr;PERSON;325.0;345.0;1.0;gold
000339-002;553-557;Hassan bin Tsabit;PERSON;414.0;431.0;1.0;gold
000339-002;553-557;Al-Aqra' bin Habis;PERSON;526.0;544.0;1.0;gold
000339-002;553-557;Rasulullah;PERSON;778.0;788.0;1.0;gold
000339-002;553-557;Quthbah bin Amir;PERSON;886.0;902.0;1.0;gold
000339-002;553-557;bulan Shafar 9 H;TIME;986.0;1002.0;1.0;gold
000339-002;553-557;Madinah;LOCATION;1363.0;1370.0;1.0;gold
000339-002;553-557;Dhahak bin Sufyan;PERSON;1394.0;1411.0;1.0;gold
000339-002;553-557;bulan Rabi'ul Awwal 9 H;TIME;1441.0;1464.0;1.0;gold
000339-003;553-557;Dhahak bin Sufyan;PERSON;19.0;36.0;1.0;gold
000339-003;553-557;bulan Rabi'ul Awwal 9 H;TIME;66.0;89.0;1.0;gold
000339-003;553-557;Alqamah bin Mujazziz;PERSON;357.0;377.0;1.0;gold
000339-003;553-557;bulan Rabi'ul Awwal 9 H;TIME;412.0;435.0;1.0;gold
000339-003;553-557;Habasyah;LOCATION;511.0;519.0;1.0;gold
000339-003;553-557;Makkah;LOCATION;580.0;586.0;1.0;gold
000339-003;553-557;Habasyah;LOCATION;650.0;658.0;1.0;gold
000339-003;553-557;Ali bin Abu Thalib;PERSON;745.0;763.0;1.0;gold
000339-003;553-557;bulan Muharram 9 H;TIME;971.0;989.0;1.0;gold
000339-003;553-557;Al-Aqra' bin Habis;PERSON;1059.0;1077.0;1.0;gold
000339-003;553-557;Al-Aqra' bin Habislah;PERSON;1147.0;1168.0;1.0;gold
000339-003;553-557;Rabi'ul Awwal 9 H;TIME;1407.0;1424.0;1.0;gold
000339-004;553-557;Rabi'ul Awwal 9 H;TIME;22.0;39.0;1.0;gold
000339-004;553-557;Rasulullah;PERSON;41.0;51.0;1.0;gold
000339-004;553-557;Adi bin Hatim;PERSON;413.0;426.0;1.0;gold
000339-004;553-557;Syam;LOCATION;460.0;464.0;1.0;gold
000339-004;553-557;Madinah;LOCATION;661.0;668.0;1.0;gold
000339-004;553-557;Adi bin Hatim;PERSON;678.0;691.0;1.0;gold
000339-004;553-557;Rasulullah;PERSON;714.0;724.0;1.0;gold
000339-004;553-557;Rasulullah;PERSON;750.0;760.0;1.0;gold
000339-004;553-557;Adi bin Hatim;PERSON;1058.0;1071.0;1.0;gold
000339-005;553-557;Adi bin Hatim;PERSON;470.0;483.0;1.0;gold
000339-005;553-557;Syam;LOCATION;487.0;491.0;1.0;gold
000339-005;553-557;Rasulullah;PERSON;544.0;554.0;1.0;gold
000339-005;553-557;Adi bin Hatim;PERSON;728.0;741.0;1.0;gold
000339-005;553-557;Rasulullah;PERSON;750.0;760.0;1.0;gold
000339-005;553-557;Adi bin Hatim;PERSON;1141.0;1154.0;1.0;gold
000339-006;553-557;Adi bin Hatim;PERSON;199.0;212.0;1.0;gold
000339-006;553-557;Rasulullah;PERSON;253.0;263.0;1.0;gold
000339-006;553-557;Ibnu Ishaq;PERSON;392.0;402.0;1.0;gold
000339-006;553-557;Adi bin Hatim;PERSON;408.0;421.0;1.0;gold
000339-006;553-557;Adi bin Hatim;PERSON;746.0;759.0;1.0;gold
000339-007;553-557;Ka'bah;LOCATION;744.0;750.0;1.0;gold
000339-007;553-557;Ka'bah;LOCATION;1138.0;1144.0;1.0;gold
000339-007;553-557;Kisra bin Hurmuz;PERSON;1242.0;1258.0;1.0;gold
000340-001;558;Makkah;LOCATION;19.0;25.0;1.0;gold
000340-001;558;Muhammad;PERSON;157.0;165.0;1.0;gold
000340-001;558;Jazirah Arab;LOCATION;177.0;189.0;1.0;gold
000341-001;558-559;Rasulullah;PERSON;315.0;325.0;1.0;gold
000341-001;558-559;Al-Harits bin Umair;PERSON;328.0;347.0;1.0;gold
000341-001;558-559;Syurahbil bin Amr;PERSON;358.0;375.0;1.0;gold
000341-001;558-559;Zaid bin Haritsah;PERSON;525.0;542.0;1.0;gold
000341-002;558-559;perang Mu'tah;EVENT;310.0;323.0;1.0;gold
000342-001;559-560;Madinah;LOCATION;31.0;38.0;1.0;gold
000342-001;559-560;Madinah;LOCATION;161.0;168.0;1.0;gold
000342-001;559-560;Umar bin Al-Khaththab;PERSON;387.0;408.0;1.0;gold
000342-001;559-560;Umar bin Al-Khaththab;PERSON;709.0;730.0;1.0;gold
000342-001;559-560;Madinah;LOCATION;1065.0;1072.0;1.0;gold
000342-002;559-560;Rasulullah;PERSON;191.0;201.0;1.0;gold
000342-002;559-560;Rasulullah;PERSON;764.0;774.0;1.0;gold
000342-002;559-560;Rasulullah;PERSON;1103.0;1113.0;1.0;gold
000342-003;559-560;Rasulullah;PERSON;532.0;542.0;1.0;gold
000344-001;561;Rasulullah;PERSON;0.0;10.0;1.0;gold
000344-001;561;Madinah;LOCATION;303.0;310.0;1.0;gold
000344-001;561;Perang Hunain;EVENT;471.0;484.0;1.0;gold
000344-001;561;Rasulullah;PERSON;890.0;900.0;1.0;gold
000345-001;561-562;Rasulullah;PERSON;8.0;18.0;1.0;gold
000345-001;561-562;Makkah;LOCATION;225.0;231.0;1.0;gold
000346-001;562-563;Rasulullah;PERSON;29.0;39.0;1.0;gold
000346-001;562-563;Madinah;LOCATION;299.0;306.0;1.0;gold
000346-001;562-563;Utsman bin Affan;PERSON;1154.0;1170.0;1.0;gold
000346-001;562-563;Syam;LOCATION;1213.0;1217.0;1.0;gold
000346-002;562-563;Utsman bin Affan;PERSON;516.0;532.0;1.0;gold
000346-002;562-563;Syam;LOCATION;575.0;579.0;1.0;gold
000346-002;562-563;Rasulullah;PERSON;873.0;883.0;1.0;gold
000346-002;562-563;Utsman;PERSON;948.0;954.0;1.0;gold
000346-002;562-563;Utsman;PERSON;1010.0;1016.0;1.0;gold
000346-002;562-563;Abdurrahman bin Auf;PERSON;1178.0;1197.0;1.0;gold
000346-002;562-563;Abu Bakar;PERSON;1247.0;1256.0;1.0;gold
000346-003;562-563;Abu Bakar;PERSON;0.0;9.0;1.0;gold
000346-003;562-563;Abu Bakar;PERSON;139.0;148.0;1.0;gold
000346-003;562-563;Umar;PERSON;221.0;225.0;1.0;gold
000346-003;562-563;Al-Abbas;PERSON;268.0;276.0;1.0;gold
000346-003;562-563;Sa'd bin Ubadah;PERSON;340.0;355.0;1.0;gold
000346-003;562-563;Muhammad bin Maslamah;PERSON;357.0;378.0;1.0;gold
000346-003;562-563;Ashim bin Adi;PERSON;429.0;442.0;1.0;gold
000347-001;563-565;Muhammad bin Maslamah;PERSON;83.0;104.0;1.0;gold
000347-001;563-565;Siba' bin Urfuthah;PERSON;151.0;169.0;1.0;gold
000347-001;563-565;Madinah;LOCATION;195.0;202.0;1.0;gold
000347-001;563-565;Ali bin Abu Thalib;PERSON;274.0;292.0;1.0;gold
000347-001;563-565;Ali bin Abu Thalib;PERSON;442.0;460.0;1.0;gold
000347-001;563-565;Madinah;LOCATION;525.0;532.0;1.0;gold
000347-001;563-565;Harun;PERSON;618.0;623.0;1.0;gold
000347-001;563-565;Musa;PERSON;632.0;636.0;1.0;gold
000347-001;563-565;hari Kamis;TIME;681.0;691.0;1.0;gold
000347-001;563-565;Rasulullah;PERSON;693.0;703.0;1.0;gold
000347-001;563-565;Tabuk;LOCATION;747.0;752.0;1.0;gold
000347-001;563-565;Tabuk;LOCATION;1439.0;1444.0;1.0;gold
000347-002;563-565;Tabuk;LOCATION;104.0;109.0;1.0;gold
000347-002;563-565;Rasulullah;PERSON;406.0;416.0;1.0;gold
000347-002;563-565;Ibnu Umar;PERSON;737.0;746.0;1.0;gold
000347-002;563-565;Rasulullah;PERSON;1216.0;1226.0;1.0;gold
000347-002;563-565;Tabuk;LOCATION;1412.0;1417.0;1.0;gold
000347-002;563-565;Tabuk;LOCATION;1487.0;1492.0;1.0;gold
000348-001;565-567;Tabuk;LOCATION;22.0;27.0;1.0;gold
000348-001;565-567;Rasulullah;PERSON;86.0;96.0;1.0;gold
000348-001;565-567;Rasulullah;PERSON;563.0;573.0;1.0;gold
000348-001;565-567;Jazirah Arab;LOCATION;842.0;854.0;1.0;gold
000348-001;565-567;Rasulullah;PERSON;1042.0;1052.0;1.0;gold
000348-001;565-567;Yuhannah bin Ru;PERSON;1063.0;1078.0;1.0;gold
000348-002;565-567;Muhammad;PERSON;155.0;163.0;1.0;gold
000348-002;565-567;Yuhannah bin Ru'bah;PERSON;194.0;213.0;1.0;gold
000348-002;565-567;Muhammad;PERSON;347.0;355.0;1.0;gold
000348-002;565-567;Syam;LOCATION;425.0;429.0;1.0;gold
000348-002;565-567;Rasulullah;PERSON;750.0;760.0;1.0;gold
000348-002;565-567;Khalid bin Al-Walid;PERSON;770.0;789.0;1.0;gold
000348-002;565-567;Khalid;PERSON;926.0;932.0;1.0;gold
000348-002;565-567;Khalid;PERSON;1241.0;1247.0;1.0;gold
000348-002;565-567;Rasulullah;PERSON;1296.0;1306.0;1.0;gold
000348-003;565-567;Tabuk;LOCATION;258.0;263.0;1.0;gold
000349-001;567;Tabuk;LOCATION;27.0;32.0;1.0;gold
000349-001;567;Madinah;LOCATION;206.0;213.0;1.0;gold
000349-001;567;Hudzaifah bin Al-Yaman;PERSON;432.0;454.0;1.0;gold
000349-001;567;Rasulullah;PERSON;1030.0;1040.0;1.0;gold
000349-001;567;Rasulullah;PERSON;1134.0;1144.0;1.0;gold
000349-001;567;Madinah;LOCATION;1284.0;1291.0;1.0;gold
000349-001;567;Uhud;LOCATION;1356.0;1360.0;1.0;gold
000349-001;567;Madinah;LOCATION;1444.0;1451.0;1.0;gold
000350-001;568-570;Ali;PERSON;454.0;457.0;1.0;gold
000350-001;568-570;Rasulullah;PERSON;723.0;733.0;1.0;gold
000350-001;568-570;Madinah;LOCATION;1400.0;1407.0;1.0;gold
000350-001;568-570;Rasulullah;PERSON;1409.0;1419.0;1.0;gold
000350-002;568-570;Madinah;LOCATION;17.0;24.0;1.0;gold
000350-002;568-570;Rasulullah;PERSON;26.0;36.0;1.0;gold
000350-002;568-570;Abdullah bin Ubay;PERSON;763.0;780.0;1.0;gold
000350-002;568-570;Ka'b bin Malik;PERSON;879.0;893.0;1.0;gold
000350-002;568-570;Murarah bin Rabi';PERSON;895.0;912.0;1.0;gold
000350-002;568-570;Hilal bin Umayyah;PERSON;918.0;935.0;1.0;gold
000350-002;568-570;Rasulullah;PERSON;1022.0;1032.0;1.0;gold
000350-004;568-570;Madinah;LOCATION;522.0;529.0;1.0;gold
000350-004;568-570;Rasulullah;PERSON;555.0;565.0;1.0;gold
000350-004;568-570;Madinah;LOCATION;593.0;600.0;1.0;gold
000350-004;568-570;Rasulullah;PERSON;776.0;786.0;1.0;gold
000350-004;568-570;Madinah;LOCATION;822.0;829.0;1.0;gold
000350-004;568-570;Madinah;LOCATION;856.0;863.0;1.0;gold
000351-001;570;Jazirah Arab;LOCATION;107.0;119.0;1.0;gold
000351-001;570;Madinah;LOCATION;1232.0;1239.0;1.0;gold
000351-001;570;Rasulullah;PERSON;1293.0;1303.0;1.0;gold
000351-001;570;Makkah;LOCATION;1330.0;1336.0;1.0;gold
000351-001;570;Perang Tabuk;EVENT;1381.0;1393.0;1.0;gold
000351-002;570;Perang Tabuk;EVENT;15.0;27.0;1.0;gold
000352-001;570-571;Ibnu Hisyam;PERSON;145.0;156.0;1.0;gold
000352-001;570-571;An-Nawawi;PERSON;260.0;269.0;1.0;gold
000352-001;570-571;Tabuk;LOCATION;412.0;417.0;1.0;gold
000352-001;570-571;Madinah;LOCATION;552.0;559.0;1.0;gold
000353-001;571;Rasulullah;PERSON;81.0;91.0;1.0;gold
000353-001;571;Tabuk;LOCATION;104.0;109.0;1.0;gold
000353-001;571;Najasyi;PERSON;299.0;306.0;1.0;gold
000353-001;571;Rasulullah;PERSON;338.0;348.0;1.0;gold
000353-001;571;Ummu Kultsum binti Rasululllah;PERSON;376.0;406.0;1.0;gold
000353-001;571;Utsman;PERSON;481.0;487.0;1.0;gold
000353-001;571;Abdullan bin Ubay bin Salul;PERSON;607.0;634.0;1.0;gold
000353-001;571;Rasulullah;PERSON;654.0;664.0;1.0;gold
000353-001;571;Tabuk;LOCATION;677.0;682.0;1.0;gold
000353-001;571;Umar bin Al-Khaththab;PERSON;753.0;774.0;1.0;gold
000353-001;571;Umar bin Al-Khaththab;PERSON;870.0;891.0;1.0;gold
000353-001;571;Tabuk;LOCATION;915.0;920.0;1.0;gold
000354-001;572;bulan Dzul Qi'dah atau Dzul Hijjah;TIME;5.0;39.0;1.0;gold
000354-001;572;Rasulullah;PERSON;50.0;60.0;1.0;gold
000354-001;572;Abu Bakar Ash-Shiddiq;PERSON;70.0;91.0;1.0;gold
000354-001;572;Ali bin Abu Thalib;PERSON;316.0;334.0;1.0;gold
000354-001;572;Ali;PERSON;413.0;416.0;1.0;gold
000354-001;572;Abu Bakar;PERSON;431.0;440.0;1.0;gold
000354-001;572;Abu Bakar;PERSON;463.0;472.0;1.0;gold
000354-001;572;Ali;PERSON;542.0;545.0;1.0;gold
000354-001;572;Abu Bakar;PERSON;642.0;651.0;1.0;gold
000354-001;572;Ali;PERSON;723.0;726.0;1.0;gold
000354-001;572;Rasulullah;PERSON;803.0;813.0;1.0;gold
000354-001;572;Abu Bakar;PERSON;968.0;977.0;1.0;gold
000354-001;572;Jazirah Arab;LOCATION;1230.0;1242.0;1.0;gold
000355-001;573-575;Rasulullah;PERSON;49.0;59.0;1.0;gold
000355-001;573-575;Perang Uhud;EVENT;912.0;923.0;1.0;gold
000355-001;573-575;Hunain;EVENT;928.0;934.0;1.0;gold
000355-001;573-575;Perang Uhud;EVENT;1332.0;1343.0;1.0;gold
000355-001;573-575;Perang Hunain;EVENT;1438.0;1451.0;1.0;gold
000355-002;573-575;Perang Uhud;EVENT;253.0;264.0;1.0;gold
000355-002;573-575;Perang Hunain;EVENT;359.0;372.0;1.0;gold
000355-002;573-575;Persia;LOCATION;1162.0;1168.0;1.0;gold
000355-002;573-575;Irak;LOCATION;1207.0;1211.0;1.0;gold
000355-002;573-575;Syam;LOCATION;1216.0;1220.0;1.0;gold
000355-003;573-575;Rasulullah;PERSON;247.0;257.0;1.0;gold
000355-003;573-575;Madinah;LOCATION;416.0;423.0;1.0;gold
000355-005;573-575;Sulaiman bin Buraidah;PERSON;50.0;71.0;1.0;gold
000355-005;573-575;Rasulullah;PERSON;118.0;128.0;1.0;gold
000355-006;573-575;Makkah;LOCATION;224.0;230.0;1.0;gold
000356-001;576-577;Makkah;LOCATION;61.0;67.0;1.0;gold
000356-001;576-577;Amr bin Salamah;PERSON;295.0;310.0;1.0;gold
000356-001;576-577;Rasulullah;PERSON;512.0;522.0;1.0;gold
000356-001;576-577;Makkah;LOCATION;866.0;872.0;1.0;gold
000356-001;576-577;Makkah;LOCATION;1021.0;1027.0;1.0;gold
000356-002;576-577;Makkah;LOCATION;283.0;289.0;1.0;gold
000356-002;576-577;Perang Tabuk;EVENT;465.0;477.0;1.0;gold
000356-002;576-577;Madinah;LOCATION;544.0;551.0;1.0;gold
000356-002;576-577;tahun 9 H;TIME;557.0;566.0;1.0;gold
000356-002;576-577;Makkah;LOCATION;734.0;740.0;1.0;gold
000356-002;576-577;Perang Tabuk;EVENT;797.0;809.0;1.0;gold
000356-002;576-577;Rasulullah;PERSON;1019.0;1029.0;1.0;gold
000357-001;577-590;Makkah;LOCATION;298.0;304.0;1.0;gold
000357-001;577-590;Makkah;LOCATION;378.0;384.0;1.0;gold
000357-001;577-590;tahun 5 H;TIME;454.0;463.0;1.0;gold
000357-001;577-590;Munkid bin Hayyan;PERSON;547.0;564.0;1.0;gold
000357-001;577-590;Madinah;LOCATION;580.0;587.0;1.0;gold
000357-001;577-590;Madinah;LOCATION;641.0;648.0;1.0;gold
000357-001;577-590;Rasulullah;PERSON;678.0;688.0;1.0;gold
000357-001;577-590;Madinah;LOCATION;692.0;699.0;1.0;gold
000357-001;577-590;Rasulullah;PERSON;956.0;966.0;1.0;gold
000357-001;577-590;Al-Asyaj;PERSON;1046.0;1054.0;1.0;gold
000357-001;577-590;Al-Jarud bin Al-Ala;PERSON;1379.0;1398.0;1.0;gold
000357-002;577-590;tahun 7 H;TIME;42.0;51.0;1.0;gold
000357-002;577-590;Rasulullah;PERSON;67.0;77.0;1.0;gold
000357-002;577-590;Khaibar;LOCATION;95.0;102.0;1.0;gold
000357-002;577-590;Thufail bin Amr;PERSON;181.0;196.0;1.0;gold
000357-002;577-590;Rasulullah;PERSON;229.0;239.0;1.0;gold
000357-002;577-590;Makkah;LOCATION;250.0;256.0;1.0;gold
000357-002;577-590;tahun 7 H;TIME;608.0;617.0;1.0;gold
000357-002;577-590;Madinah;LOCATION;676.0;683.0;1.0;gold
000357-002;577-590;Khaibar;LOCATION;725.0;732.0;1.0;gold
000357-002;577-590;Farwah bin Amr Al-Judzami;PERSON;768.0;793.0;1.0;gold
000357-002;577-590;Syam;LOCATION;1018.0;1022.0;1.0;gold
000357-002;577-590;Perang Mu'tah;EVENT;1158.0;1171.0;1.0;gold
000357-002;577-590;Rasulullah;PERSON;1220.0;1230.0;1.0;gold
000357-003;577-590;Palestina;LOCATION;84.0;93.0;1.0;gold
000357-003;577-590;Rasulullah;PERSON;182.0;192.0;1.0;gold
000357-003;577-590;tahun 8 H;TIME;212.0;221.0;1.0;gold
000357-003;577-590;Yaman;LOCATION;341.0;346.0;1.0;gold
000357-003;577-590;Ziyad bin Al-Harits;PERSON;441.0;460.0;1.0;gold
000357-003;577-590;Rasulullah;PERSON;515.0;525.0;1.0;gold
000357-003;577-590;Rasulullah;PERSON;843.0;853.0;1.0;gold
000357-003;577-590;Ka'b bin Zuhair bin Abu Sulma;PERSON;1128.0;1157.0;1.0;gold
000357-003;577-590;Rasulullah;PERSON;1275.0;1285.0;1.0;gold
000357-004;577-590;Rasulullah;PERSON;27.0;37.0;1.0;gold
000357-004;577-590;Perang Tha'if;EVENT;87.0;100.0;1.0;gold
000357-004;577-590;tahun 8 H;TIME;106.0;115.0;1.0;gold
000357-004;577-590;Ka'b bin Zuhair;PERSON;117.0;132.0;1.0;gold
000357-004;577-590;Bujair bin Zuhair;PERSON;173.0;190.0;1.0;gold
000357-004;577-590;Rasulullah;PERSON;206.0;216.0;1.0;gold
000357-004;577-590;Makkah;LOCATION;244.0;250.0;1.0;gold
000357-004;577-590;Rasulullah;PERSON;480.0;490.0;1.0;gold
000357-004;577-590;Ka'b;PERSON;643.0;647.0;1.0;gold
000357-004;577-590;Madinah;LOCATION;767.0;774.0;1.0;gold
000357-004;577-590;Ka'b;PERSON;905.0;909.0;1.0;gold
000357-004;577-590;Ka'b;PERSON;1076.0;1080.0;1.0;gold
000357-004;577-590;Rasulullah;PERSON;1097.0;1107.0;1.0;gold
000357-004;577-590;Ka'b bin Zuhair;PERSON;1122.0;1137.0;1.0;gold
000357-004;577-590;Ka'b bin Zuhair;PERSON;1327.0;1342.0;1.0;gold
000357-004;577-590;Ka'b;PERSON;1350.0;1354.0;1.0;gold
000357-005;577-590;Ka'b bin Zuhair;PERSON;8.0;23.0;1.0;gold
000357-005;577-590;Ka'b;PERSON;31.0;35.0;1.0;gold
000357-005;577-590;Ka'b;PERSON;258.0;262.0;1.0;gold
000357-005;577-590;Rasulullah;PERSON;354.0;364.0;1.0;gold
000357-005;577-590;Rasulullah;PERSON;500.0;510.0;1.0;gold
000357-005;577-590;Rasulullah;PERSON;550.0;560.0;1.0;gold
000357-005;577-590;Ka'b;PERSON;1345.0;1349.0;1.0;gold
000357-005;577-590;Ka'b;PERSON;1452.0;1456.0;1.0;gold
000357-006;577-590;Ka'b;PERSON;62.0;66.0;1.0;gold
000357-006;577-590;bulan Shafar 9 H;TIME;607.0;623.0;1.0;gold
000357-006;577-590;Hamzah bin An-Nu'man;PERSON;669.0;689.0;1.0;gold
000357-006;577-590;Makkah;LOCATION;887.0;893.0;1.0;gold
000357-006;577-590;Syam;LOCATION;1028.0;1032.0;1.0;gold
000357-006;577-590;Madinah;LOCATION;1186.0;1193.0;1.0;gold
000357-006;577-590;bulan Rabi'ul Awwal 9 H;TIME;1310.0;1333.0;1.0;gold
000357-006;577-590;Madinah;LOCATION;1369.0;1376.0;1.0;gold
000357-006;577-590;Rasulullah;PERSON;1427.0;1437.0;1.0;gold
000357-007;577-590;Rasulullah;PERSON;32.0;42.0;1.0;gold
000357-007;577-590;bulan Ramadhan 9 H;TIME;613.0;631.0;1.0;gold
000357-007;577-590;Rasulullah;PERSON;642.0;652.0;1.0;gold
000357-007;577-590;Tabuk;LOCATION;658.0;663.0;1.0;gold
000357-007;577-590;Urwah bin Mas'ud;PERSON;729.0;745.0;1.0;gold
000357-007;577-590;Rasulullah;PERSON;770.0;780.0;1.0;gold
000357-007;577-590;Perang Tha'if;EVENT;795.0;808.0;1.0;gold
000357-007;577-590;bulan Dzul Hijjah 8 H;TIME;814.0;835.0;1.0;gold
000357-007;577-590;Madinah;LOCATION;853.0;860.0;1.0;gold
000357-008;577-590;Rasulullah;PERSON;270.0;280.0;1.0;gold
000357-008;577-590;Utsman bin Abul Ash;PERSON;736.0;755.0;1.0;gold
000357-008;577-590;Madinah;LOCATION;820.0;827.0;1.0;gold
000357-009;577-590;Rasulullah;PERSON;56.0;66.0;1.0;gold
000357-009;577-590;Utsman bin Abul Ash;PERSON;421.0;440.0;1.0;gold
000357-009;577-590;Rasulullah;PERSON;627.0;637.0;1.0;gold
000357-009;577-590;Utsman bin Abu Ash;PERSON;670.0;688.0;1.0;gold
000357-009;577-590;Utsman;PERSON;764.0;770.0;1.0;gold
000357-009;577-590;Abu Bakar;PERSON;881.0;890.0;1.0;gold
000357-009;577-590;Utsman;PERSON;915.0;921.0;1.0;gold
000357-010;577-590;Rasulullah;PERSON;113.0;123.0;1.0;gold
000357-010;577-590;Rasulullah;PERSON;700.0;710.0;1.0;gold
000357-010;577-590;Khalid bin Al-Walid;PERSON;780.0;799.0;1.0;gold
000357-010;577-590;Al-Mughirah bin Syu'bah;PERSON;820.0;843.0;1.0;gold
000357-010;577-590;Tha'if;LOCATION;1076.0;1082.0;1.0;gold
000357-011;577-590;Khalid bin Al-Walid;PERSON;574.0;593.0;1.0;gold
000357-011;577-590;Madinah;LOCATION;624.0;631.0;1.0;gold
000357-011;577-590;Rasulullah;PERSON;718.0;728.0;1.0;gold
000357-011;577-590;Yaman;LOCATION;821.0;826.0;1.0;gold
000357-011;577-590;Perang Tabuk;EVENT;847.0;859.0;1.0;gold
000357-011;577-590;Al-Harits bin Abdi;PERSON;918.0;936.0;1.0;gold
000357-011;577-590;Nu'man bin Qail;PERSON;948.0;963.0;1.0;gold
000357-011;577-590;Rasulullah;PERSON;1044.0;1054.0;1.0;gold
000357-011;577-590;Malik bin Murrah;PERSON;1062.0;1078.0;1.0;gold
000357-012;577-590;Mu'adz bin Jabal;PERSON;368.0;384.0;1.0;gold
000357-012;577-590;tahun 9 H;TIME;438.0;447.0;1.0;gold
000357-012;577-590;Perang Tabuk;EVENT;468.0;480.0;1.0;gold
000357-012;577-590;Malik bin An-Namath;PERSON;581.0;600.0;1.0;gold
000357-012;577-590;Khalid bin Al-Walid;PERSON;688.0;707.0;1.0;gold
000357-012;577-590;Ali bin Abu Thalib;PERSON;894.0;912.0;1.0;gold
000357-012;577-590;Khalid bin Al-Walid;PERSON;932.0;951.0;1.0;gold
000357-012;577-590;Rasulullah;PERSON;992.0;1002.0;1.0;gold
000357-012;577-590;Ali;PERSON;1079.0;1082.0;1.0;gold
000357-012;577-590;tahun 9 H;TIME;1323.0;1332.0;1.0;gold
000357-012;577-590;Rasulullah;PERSON;1343.0;1353.0;1.0;gold
000357-012;577-590;Perang Tabuk;EVENT;1359.0;1371.0;1.0;gold
000357-013;577-590;Najran;LOCATION;734.0;740.0;1.0;gold
000357-013;577-590;Najran;LOCATION;742.0;748.0;1.0;gold
000357-013;577-590;Makkah;LOCATION;810.0;816.0;1.0;gold
000357-013;577-590;Yaman;LOCATION;825.0;830.0;1.0;gold
000357-013;577-590;Najran;LOCATION;948.0;954.0;1.0;gold
000357-013;577-590;tahun 9 H;TIME;971.0;980.0;1.0;gold
000357-013;577-590;Najran;LOCATION;1092.0;1098.0;1.0;gold
000357-013;577-590;Abu Haritsah bin Alqamah;PERSON;1430.0;1454.0;1.0;gold
000357-014;577-590;Abu Haritsah bin Alqamah;PERSON;22.0;46.0;1.0;gold
000357-014;577-590;Madinah;LOCATION;77.0;84.0;1.0;gold
000357-014;577-590;Rasulullah;PERSON;97.0;107.0;1.0;gold
000357-014;577-590;Isa;PERSON;326.0;329.0;1.0;gold
000357-014;577-590;Isa;PERSON;444.0;447.0;1.0;gold
000357-014;577-590;Adam;PERSON;491.0;495.0;1.0;gold
000357-014;577-590;Adam;PERSON;515.0;519.0;1.0;gold
000357-014;577-590;Isa;PERSON;796.0;799.0;1.0;gold
000357-014;577-590;Ali;PERSON;1122.0;1125.0;1.0;gold
000357-014;577-590;Isa;PERSON;1205.0;1208.0;1.0;gold
000357-014;577-590;Isa;PERSON;1400.0;1403.0;1.0;gold
000357-015;577-590;Rasulullah;PERSON;488.0;498.0;1.0;gold
000357-015;577-590;bulan Rajab;TIME;718.0;729.0;1.0;gold
000357-015;577-590;bulan Shafar;TIME;749.0;761.0;1.0;gold
000357-015;577-590;Najran;LOCATION;1226.0;1232.0;1.0;gold
000357-015;577-590;Ali bin Abu Thalib;PERSON;1257.0;1275.0;1.0;gold
000357-016;577-590;tahun 9 H;TIME;45.0;54.0;1.0;gold
000357-016;577-590;Musailamah bin Tsumamah bin Kabir bin Hubaib bin Al-Harits;PERSON;142.0;200.0;1.0;gold
000357-016;577-590;Rasulullah;PERSON;283.0;293.0;1.0;gold
000357-016;577-590;Rasulullah;PERSON;818.0;828.0;1.0;gold
000357-016;577-590;Muhammad;PERSON;1263.0;1271.0;1.0;gold
000357-017;577-590;Muhammad;PERSON;76.0;84.0;1.0;gold
000357-017;577-590;Najran;LOCATION;377.0;383.0;1.0;gold
000357-018;577-590;Ibnu Mas'ud;PERSON;667.0;678.0;1.0;gold
000357-018;577-590;Ibnul Atsal;PERSON;713.0;724.0;1.0;gold
000357-018;577-590;Rasulullah;PERSON;736.0;746.0;1.0;gold
000357-018;577-590;tahun 10 H;TIME;1130.0;1140.0;1.0;gold
000357-018;577-590;Abu Bakar;PERSON;1173.0;1182.0;1.0;gold
000357-018;577-590;bulan Rabi'ul Awwal 12 H;TIME;1188.0;1212.0;1.0;gold
000357-018;577-590;Hamzah;PERSON;1239.0;1245.0;1.0;gold
000357-018;577-590;Yaman;LOCATION;1322.0;1327.0;1.0;gold
000357-019;577-590;Yaman;LOCATION;131.0;136.0;1.0;gold
000357-019;577-590;Abu Bakar;PERSON;151.0;160.0;1.0;gold
000357-019;577-590;Amir bin Sha'sha'ah;PERSON;183.0;202.0;1.0;gold
000357-019;577-590;Amir bin Ath;PERSON;239.0;251.0;1.0;gold
000357-019;577-590;Arbad bin Qais;PERSON;273.0;287.0;1.0;gold
000357-019;577-590;Khalid bin Ja'far;PERSON;289.0;306.0;1.0;gold
000357-019;577-590;Jabbar bin Aslam;PERSON;312.0;328.0;1.0;gold
000357-019;577-590;Madinah;LOCATION;471.0;478.0;1.0;gold
000357-020;577-590;Madinah;LOCATION;220.0;227.0;1.0;gold
000357-020;577-590;Rasulullah;PERSON;400.0;410.0;1.0;gold
000357-020;577-590;Rasulullah;PERSON;940.0;950.0;1.0;gold
000357-020;577-590;Zaid;PERSON;1039.0;1043.0;1.0;gold
000357-020;577-590;Zaid;PERSON;1198.0;1202.0;1.0;gold
000357-020;577-590;Zaid;PERSON;1429.0;1433.0;1.0;gold
000357-021;577-590;Zaid;PERSON;78.0;82.0;1.0;gold
000357-021;577-590;Yaman;LOCATION;355.0;360.0;1.0;gold
000357-021;577-590;Anir bin Qais;PERSON;408.0;421.0;1.0;gold
000357-021;577-590;Al-Harits bin Ka'b;PERSON;465.0;483.0;1.0;gold
000357-021;577-590;bulan Muharram 11 H;TIME;665.0;684.0;1.0;gold
000357-021;577-590;tahun 9 H;TIME;761.0;770.0;1.0;gold
000357-021;577-590;Jazirah Arab;LOCATION;960.0;972.0;1.0;gold
000357-021;577-590;Madinah;LOCATION;1003.0;1010.0;1.0;gold
000357-021;577-590;Madinah;LOCATION;1104.0;1111.0;1.0;gold
000357-021;577-590;Madinah;LOCATION;1117.0;1124.0;1.0;gold
000357-021;577-590;Jazirah Arab;LOCATION;1156.0;1168.0;1.0;gold
000357-023;577-590;Makkah;LOCATION;207.0;213.0;1.0;gold
000357-023;577-590;Madinah;LOCATION;215.0;222.0;1.0;gold
000357-023;577-590;Yaman;LOCATION;251.0;256.0;1.0;gold
000358-001;591-593;Rasulullah;PERSON;93.0;103.0;1.0;gold
000358-001;591-593;Rasulullah;PERSON;416.0;426.0;1.0;gold
000358-001;591-593;Muhammad;PERSON;490.0;498.0;1.0;gold
000358-002;591-593;Jazirah Arab;LOCATION;418.0;430.0;1.0;gold
000358-002;591-593;Rasulullah;PERSON;859.0;869.0;1.0;gold
000358-002;591-593;Rasulullah;PERSON;1366.0;1376.0;1.0;gold
000358-003;591-593;Rasulullah;PERSON;142.0;152.0;1.0;gold
000358-003;591-593;Jazirah Arab;LOCATION;496.0;508.0;1.0;gold
000358-004;591-593;Adam;PERSON;515.0;519.0;1.0;gold
000358-004;591-593;Adam;PERSON;524.0;528.0;1.0;gold
000358-005;591-593;Jazirah Arab;LOCATION;1004.0;1016.0;1.0;gold
000359-001;594-599;Rasulullah;PERSON;231.0;241.0;1.0;gold
000359-001;594-599;Mu'adz bin Jabal;PERSON;345.0;361.0;1.0;gold
000359-001;594-599;Yaman;LOCATION;365.0;370.0;1.0;gold
000359-001;594-599;tahun 10 H;TIME;376.0;386.0;1.0;gold
000359-001;594-599;Mu'adz;PERSON;422.0;428.0;1.0;gold
000359-001;594-599;Mu'adz;PERSON;574.0;580.0;1.0;gold
000359-001;594-599;Rasulullah;PERSON;639.0;649.0;1.0;gold
000359-001;594-599;Rasulullah;PERSON;679.0;689.0;1.0;gold
000359-001;594-599;Makkah;LOCATION;899.0;905.0;1.0;gold
000359-001;594-599;Rasulullah;PERSON;1078.0;1088.0;1.0;gold
000359-001;594-599;Madinah;LOCATION;1188.0;1195.0;1.0;gold
000359-001;594-599;hari Sabtu;TIME;1233.0;1243.0;1.0;gold
000359-001;594-599;Dzul Hulaifah;LOCATION;1437.0;1450.0;1.0;gold
000359-002;594-599;Dzul Hulaifah;LOCATION;46.0;59.0;1.0;gold
000359-002;594-599;Ibnu Hajar;PERSON;281.0;291.0;1.0;gold
000359-002;594-599;bulan Dzul Qa'dah;TIME;387.0;404.0;1.0;gold
000359-002;594-599;Aisyah;PERSON;600.0;606.0;1.0;gold
000359-002;594-599;Makkah;LOCATION;1107.0;1113.0;1.0;gold
000359-002;594-599;Dzu Thuwa';LOCATION;1142.0;1152.0;1.0;gold
000359-002;594-599;Makkah;LOCATION;1172.0;1178.0;1.0;gold
000359-002;594-599;hari Senin tanggal 4 Dzul Hijjah 10 H;TIME;1236.0;1273.0;1.0;gold
000359-003;594-599;Masjidil Haram;LOCATION;102.0;116.0;1.0;gold
000359-003;594-599;Ka'bah;LOCATION;153.0;159.0;1.0;gold
000359-003;594-599;Shafa;LOCATION;193.0;198.0;1.0;gold
000359-003;594-599;Marwah;LOCATION;203.0;209.0;1.0;gold
000359-003;594-599;Makkah;LOCATION;308.0;314.0;1.0;gold
000359-003;594-599;Ka'bah;LOCATION;520.0;526.0;1.0;gold
000359-003;594-599;Shafa;LOCATION;558.0;563.0;1.0;gold
000359-003;594-599;Marwah;LOCATION;568.0;574.0;1.0;gold
000359-003;594-599;tanggal 8 Dzul Hijjah;TIME;725.0;746.0;1.0;gold
000359-003;594-599;hari tarwiyah;TIME;762.0;775.0;1.0;gold
000359-003;594-599;Mina;LOCATION;793.0;797.0;1.0;gold
000359-003;594-599;Arafah;LOCATION;958.0;964.0;1.0;gold
000359-003;594-599;Arafah;LOCATION;1181.0;1187.0;1.0;gold
000359-004;594-599;Umar;PERSON;147.0;151.0;1.0;gold
000359-004;594-599;Ibnu Rabi';PERSON;475.0;485.0;1.0;gold
000359-004;594-599;Abbas bin Abdul Muthalib;PERSON;578.0;602.0;1.0;gold
000359-005;594-599;Rabi'ah bin Umayyah bin Setelah;PERSON;809.0;840.0;1.0;gold
000359-005;594-599;Ibnu Hisyam;PERSON;915.0;926.0;1.0;gold
000359-005;594-599;Umar bin Al-Khaththab;PERSON;1096.0;1117.0;1.0;gold
000359-005;594-599;Bilal;PERSON;1299.0;1304.0;1.0;gold
000359-005;594-599;Rasulullah;PERSON;1352.0;1362.0;1.0;gold
000359-006;594-599;Rasulullah;PERSON;9.0;19.0;1.0;gold
000359-006;594-599;Bilal;PERSON;76.0;81.0;1.0;gold
000359-006;594-599;Usamah;PERSON;458.0;464.0;1.0;gold
000359-006;594-599;Muzdalifah;LOCATION;499.0;509.0;1.0;gold
000359-006;594-599;Muzdalifah;LOCATION;904.0;914.0;1.0;gold
000359-006;594-599;Mina;LOCATION;931.0;935.0;1.0;gold
000359-006;594-599;Al-Fadhl bin Abbas;PERSON;982.0;1000.0;1.0;gold
000359-006;594-599;Aqabah;LOCATION;1159.0;1165.0;1.0;gold
000359-007;594-599;Ali bin Abu Thalib;PERSON;241.0;259.0;1.0;gold
000359-007;594-599;Ka'bah;LOCATION;524.0;530.0;1.0;gold
000359-007;594-599;Makkah;LOCATION;552.0;558.0;1.0;gold
000359-007;594-599;Ibnu Umar;PERSON;649.0;658.0;1.0;gold
000359-007;594-599;Zamzam;LOCATION;728.0;734.0;1.0;gold
000359-007;594-599;hari kurban atau tanggal 10 Dzul Hijjah;TIME;977.0;1016.0;1.0;gold
000359-007;594-599;Ali;PERSON;1111.0;1114.0;1.0;gold
000359-008;594-599;Abu Bakrah;PERSON;118.0;128.0;1.0;gold
000359-008;594-599;Dzul Hijjah;TIME;401.0;412.0;1.0;gold
000359-008;594-599;Muharram;TIME;418.0;426.0;1.0;gold
000359-008;594-599;Rajab;TIME;434.0;439.0;1.0;gold
000359-008;594-599;Jumada;TIME;465.0;471.0;1.0;gold
000359-008;594-599;Sya'ban;TIME;476.0;483.0;1.0;gold
000359-008;594-599;bulan Dzul Hijjah;TIME;684.0;701.0;1.0;gold
000359-008;594-599;hari kurban;TIME;1156.0;1167.0;1.0;gold
000359-009;594-599;hari Tasyriq;TIME;823.0;835.0;1.0;gold
000359-009;594-599;Mina;LOCATION;853.0;857.0;1.0;gold
000359-009;594-599;Ibrahim;PERSON;1000.0;1007.0;1.0;gold
000359-009;594-599;hari Tasyriq;TIME;1078.0;1090.0;1.0;gold
000359-009;594-599;Abu Dawud;PERSON;1128.0;1137.0;1.0;gold
000359-009;594-599;Sira' binti Nabhan;PERSON;1175.0;1193.0;1.0;gold
000359-009;594-599;Rasulullah;PERSON;1209.0;1219.0;1.0;gold
000359-009;594-599;pertengahan hari-hari Tasyriq;TIME;1312.0;1341.0;1.0;gold
000359-009;594-599;hari kurban;TIME;1403.0;1414.0;1.0;gold
000359-010;594-599;pertengahan hari-hari Tasyriq;TIME;43.0;72.0;1.0;gold
000359-010;594-599;hari kurban;TIME;134.0;145.0;1.0;gold
000359-010;594-599;tanggal 13 Dzul Hijjah;TIME;234.0;256.0;1.0;gold
000359-010;594-599;Mina;LOCATION;284.0;288.0;1.0;gold
000359-010;594-599;Ka'bah;LOCATION;523.0;529.0;1.0;gold
000359-010;594-599;Madinah;LOCATION;702.0;709.0;1.0;gold
000360-001;599-600;Mina;LOCATION;176.0;180.0;1.0;gold
000360-001;599-600;Rasulullah;PERSON;212.0;222.0;1.0;gold
000360-001;599-600;Ibnu Hisyam;PERSON;364.0;375.0;1.0;gold
000360-001;599-600;Farwah bin Amr Al-Judzami;PERSON;449.0;474.0;1.0;gold
000360-001;599-600;Rasulullah;PERSON;629.0;639.0;1.0;gold
000360-001;599-600;bulan Shafar tahun 11 H;TIME;678.0;701.0;1.0;gold
000360-001;599-600;Usamah bin Zaid;PERSON;721.0;736.0;1.0;gold
000360-001;599-600;Palestina;LOCATION;838.0;847.0;1.0;gold
000360-001;599-600;Rasulullah;PERSON;1276.0;1286.0;1.0;gold
000360-002;599-600;Rasulullah;PERSON;19.0;29.0;1.0;gold
000360-002;599-600;Usamah bin Zaid;PERSON;387.0;402.0;1.0;gold
000360-002;599-600;Al-Jurf;LOCATION;436.0;443.0;1.0;gold
000360-002;599-600;Madinah;LOCATION;470.0;477.0;1.0;gold
000360-002;599-600;Rasulullah;PERSON;524.0;534.0;1.0;gold
000360-002;599-600;Usamah;PERSON;812.0;818.0;1.0;gold
000361-001;601-602;bulan Ramadhan tahun 10 H;TIME;218.0;243.0;1.0;gold
000361-001;601-602;Jibril;PERSON;354.0;360.0;1.0;gold
000361-001;601-602;Aqabah;LOCATION;591.0;597.0;1.0;gold
000361-001;601-602;bulan Shafar tahun 11 H;TIME;879.0;902.0;1.0;gold
000361-001;601-602;Rasulullah;PERSON;904.0;914.0;1.0;gold
000361-001;601-602;Uhud;LOCATION;924.0;928.0;1.0;gold
000362-001;602;tanggal 29 Shafar tahun 11 H;TIME;5.0;33.0;1.0;gold
000362-001;602;hari Senin;TIME;53.0;63.0;1.0;gold
000362-001;602;Rasulullah;PERSON;65.0;75.0;1.0;gold
000363-001;602;Rasulullah;PERSON;6.0;16.0;1.0;gold
000363-001;602;Aisyah;PERSON;310.0;316.0;1.0;gold
000363-001;602;Al-Fadhl bin Abbas;PERSON;349.0;367.0;1.0;gold
000363-001;602;Ali bin Abu Thalib;PERSON;372.0;390.0;1.0;gold
000363-001;602;Aisyah;PERSON;412.0;418.0;1.0;gold
000363-001;602;Aisyah;PERSON;500.0;506.0;1.0;gold
000363-001;602;Rasulullah;PERSON;577.0;587.0;1.0;gold
000364-001;602-604;hari Rabu;TIME;5.0;14.0;1.0;gold
000364-001;602-604;Rasulullah;PERSON;43.0;53.0;1.0;gold
000364-003;602-604;Abu Said;PERSON;443.0;451.0;1.0;gold
000364-003;602-604;Abu Bakar;PERSON;480.0;489.0;1.0;gold
000364-003;602-604;Abu Bakar;PERSON;596.0;605.0;1.0;gold
000364-003;602-604;Rasulullah;PERSON;662.0;672.0;1.0;gold
000364-003;602-604;Rasulullah;PERSON;976.0;986.0;1.0;gold
000364-003;602-604;Abu Kemudian;PERSON;1056.0;1068.0;1.0;gold
000364-003;602-604;Abu Bakar;PERSON;1198.0;1207.0;1.0;gold
000364-003;602-604;Abu Bakar;PERSON;1297.0;1306.0;1.0;gold
000365-001;604-605;hari Kamis;TIME;5.0;15.0;1.0;gold
000365-001;604-605;Umar bin Al-Khaththab;PERSON;249.0;270.0;1.0;gold
000365-001;604-605;Rasulullah;PERSON;517.0;527.0;1.0;gold
000365-001;604-605;Umar;PERSON;612.0;616.0;1.0;gold
000365-001;604-605;Jazirah Arab;LOCATION;841.0;853.0;1.0;gold
000365-001;604-605;Usamah;PERSON;1124.0;1130.0;1.0;gold
000365-001;604-605;Rasulullah;PERSON;1232.0;1242.0;1.0;gold
000365-001;604-605;hari Kamis;TIME;1355.0;1365.0;1.0;gold
000365-002;604-605;Aisyah;PERSON;403.0;409.0;1.0;gold
000365-002;604-605;Rasulullah;PERSON;503.0;513.0;1.0;gold
000365-002;604-605;Abu Bakar;PERSON;951.0;960.0;1.0;gold
000365-002;604-605;Abu Bakar;PERSON;1014.0;1023.0;1.0;gold
000365-002;604-605;Aisyah;PERSON;1123.0;1129.0;1.0;gold
000365-002;604-605;Abu Bakar;PERSON;1173.0;1182.0;1.0;gold
000365-002;604-605;Yusuf;PERSON;1325.0;1330.0;1.0;gold
000365-002;604-605;Abu Bakar;PERSON;1338.0;1347.0;1.0;gold
000366-001;605;hari Sabtu;TIME;5.0;15.0;1.0;gold
000366-001;605;Abu Bakar;PERSON;188.0;197.0;1.0;gold
000366-001;605;Abu Bakar;PERSON;260.0;269.0;1.0;gold
000366-001;605;Abu Bakar;PERSON;341.0;350.0;1.0;gold
000366-001;605;Abu Bakar;PERSON;423.0;432.0;1.0;gold
000366-001;605;Abu Bakar;PERSON;479.0;488.0;1.0;gold
000366-001;605;Abu Bakar;PERSON;495.0;504.0;1.0;gold
000367-001;605;Aisyah;PERSON;231.0;237.0;1.0;gold
000368-001;606-607;Anas bin Malik;PERSON;0.0;14.0;1.0;gold
000368-001;606-607;hari Senin;TIME;100.0;110.0;1.0;gold
000368-001;606-607;Abu Bakar;PERSON;122.0;131.0;1.0;gold
000368-001;606-607;Rasulullah;PERSON;146.0;156.0;1.0;gold
000368-001;606-607;Aisyah;PERSON;229.0;235.0;1.0;gold
000368-001;606-607;Abu Bakar;PERSON;330.0;339.0;1.0;gold
000368-001;606-607;Rasulullah;PERSON;414.0;424.0;1.0;gold
000368-001;606-607;Rasulullah;PERSON;578.0;588.0;1.0;gold
000368-001;606-607;Rasulullah;PERSON;732.0;742.0;1.0;gold
000368-001;606-607;Rasulullah;PERSON;1477.0;1487.0;1.0;gold
000368-002;606-607;Rasulullah;PERSON;60.0;70.0;1.0;gold
000368-002;606-607;Hasan;PERSON;231.0;236.0;1.0;gold
000368-002;606-607;Husain;PERSON;241.0;247.0;1.0;gold
000368-002;606-607;Khaibar;LOCATION;545.0;552.0;1.0;gold
000368-002;606-607;Aisyah;PERSON;585.0;591.0;1.0;gold
000368-002;606-607;Khaibar;LOCATION;658.0;665.0;1.0;gold
000369-001;607;Aisyah;PERSON;48.0;54.0;1.0;gold
000369-001;607;Rasulullah;PERSON;198.0;208.0;1.0;gold
000369-001;607;Abdurrahman bin Abu Bakar;PERSON;357.0;382.0;1.0;gold
000369-001;607;Aisyah;PERSON;1279.0;1285.0;1.0;gold
000369-002;607;Aisyah;PERSON;188.0;194.0;1.0;gold
000369-002;607;hari Senin tanggal 12 Rabi'ul Awwal 11 H;TIME;739.0;779.0;1.0;gold
000370-001;607-608;Madinah;LOCATION;51.0;58.0;1.0;gold
000370-001;607-608;Rasulullah;PERSON;181.0;191.0;1.0;gold
000370-001;607-608;Rasulullah;PERSON;287.0;297.0;1.0;gold
000370-001;607-608;Jibril;PERSON;463.0;469.0;1.0;gold
000371-001;608;Umar;PERSON;41.0;45.0;1.0;gold
000371-001;608;Rasulullah;PERSON;157.0;167.0;1.0;gold
000371-001;608;Musa bin Imran;PERSON;288.0;302.0;1.0;gold
000371-001;608;Rasulullah;PERSON;428.0;438.0;1.0;gold
000372-001;608-609;Madinah;LOCATION;41.0;48.0;1.0;gold
000372-001;608-609;Abu Bakar;PERSON;50.0;59.0;1.0;gold
000372-001;608-609;Aisyah;PERSON;157.0;163.0;1.0;gold
000372-001;608-609;Rasulullah;PERSON;185.0;195.0;1.0;gold
000372-001;608-609;Abu Bakar;PERSON;551.0;560.0;1.0;gold
000372-001;608-609;Umar;PERSON;589.0;593.0;1.0;gold
000372-001;608-609;Umar;PERSON;664.0;668.0;1.0;gold
000372-001;608-609;Umar;PERSON;671.0;675.0;1.0;gold
000372-001;608-609;Abu Bakar;PERSON;716.0;725.0;1.0;gold
000372-001;608-609;Umar;PERSON;742.0;746.0;1.0;gold
000372-001;608-609;Abu Bakar;PERSON;748.0;757.0;1.0;gold
000372-001;608-609;Muhammad;PERSON;815.0;823.0;1.0;gold
000372-001;608-609;Muhammad;PERSON;843.0;851.0;1.0;gold
000372-001;608-609;Ibnu Hisyam;PERSON;1025.0;1036.0;1.0;gold
000372-001;608-609;Muhammad;PERSON;1049.0;1057.0;1.0;gold
000372-002;608-609;Ali;PERSON;176.0;179.0;1.0;gold
000372-002;608-609;Ibnu Abbas;PERSON;192.0;202.0;1.0;gold
000372-002;608-609;Abu Bakar;PERSON;308.0;317.0;1.0;gold
000372-002;608-609;Ibnul Musayyab;PERSON;447.0;461.0;1.0;gold
000372-002;608-609;Umar;PERSON;480.0;484.0;1.0;gold
000372-002;608-609;Abu Bakar;PERSON;524.0;533.0;1.0;gold
000373-001;609-610;Rasulullah;PERSON;23.0;33.0;1.0;gold
000373-001;609-610;Abu Bakar;PERSON;232.0;241.0;1.0;gold
000373-001;609-610;hari Senin;TIME;306.0;316.0;1.0;gold
000373-001;609-610;hari Selasa;TIME;610.0;621.0;1.0;gold
000373-001;609-610;Al-Abbas;PERSON;737.0;745.0;1.0;gold
000373-001;609-610;Ali;PERSON;747.0;750.0;1.0;gold
000373-001;609-610;Al-Abbas;PERSON;784.0;792.0;1.0;gold
000373-001;609-610;Rasulullah;PERSON;813.0;823.0;1.0;gold
000373-001;609-610;Usamah bin Zaid;PERSON;826.0;841.0;1.0;gold
000373-001;609-610;Aus bin Khaili;PERSON;847.0;861.0;1.0;gold
000373-001;609-610;Al-Abbas;PERSON;863.0;871.0;1.0;gold
000373-001;609-610;Ali;PERSON;953.0;956.0;1.0;gold
000373-001;609-610;Abu Bakar;PERSON;1228.0;1237.0;1.0;gold
000373-001;609-610;Rasulullah;PERSON;1281.0;1291.0;1.0;gold
000373-001;609-610;Abu Thalhah;PERSON;1398.0;1409.0;1.0;gold
000373-002;609-610;Abu Bakar;PERSON;5.0;14.0;1.0;gold
000373-002;609-610;Rasulullah;PERSON;58.0;68.0;1.0;gold
000373-002;609-610;Abu Thalhah;PERSON;175.0;186.0;1.0;gold
000373-002;609-610;Rasulullah;PERSON;414.0;424.0;1.0;gold
000373-002;609-610;hari Selasa;TIME;708.0;719.0;1.0;gold
000373-002;609-610;Aisyah;PERSON;750.0;756.0;1.0;gold
000373-002;609-610;Rasulullah;PERSON;800.0;810.0;1.0;gold
000373-002;609-610;Rasulullah;PERSON;917.0;927.0;1.0;gold
000373-002;609-610;Rasulullah;PERSON;956.0;966.0;1.0;gold
000375-001;611;Makkah;LOCATION;37.0;43.0;1.0;gold
000375-001;611;Khadijah binti Khuwailid;PERSON;67.0;91.0;1.0;gold
000375-001;611;Khadijah;PERSON;115.0;123.0;1.0;gold
000375-001;611;Khadijah;PERSON;154.0;162.0;1.0;gold
000375-001;611;Khadijah;PERSON;188.0;196.0;1.0;gold
000375-001;611;Khadijah;PERSON;276.0;284.0;1.0;gold
000375-001;611;Khadijah;PERSON;332.0;340.0;1.0;gold
000375-001;611;Khadijah;PERSON;461.0;469.0;1.0;gold
000375-001;611;Zainab;PERSON;478.0;484.0;1.0;gold
000375-001;611;Ummu Kultsum;PERSON;496.0;508.0;1.0;gold
000375-001;611;Zainab;PERSON;524.0;530.0;1.0;gold
000375-001;611;Abul Ash bin Ar-Rabi';PERSON;554.0;575.0;1.0;gold
000375-001;611;Ummu Kultsum;PERSON;616.0;628.0;1.0;gold
000375-001;611;Utsman bin Affan;PERSON;638.0;654.0;1.0;gold
000375-001;611;Ali bin Abu Thalib;PERSON;707.0;725.0;1.0;gold
000375-001;611;Perang Badr;EVENT;744.0;755.0;1.0;gold
000375-001;611;Uhud;EVENT;760.0;764.0;1.0;gold
000375-001;611;Ali;PERSON;795.0;798.0;1.0;gold
000375-001;611;Hasan;PERSON;809.0;814.0;1.0;gold
000375-001;611;Husain;PERSON;816.0;822.0;1.0;gold
000375-001;611;Zainab;PERSON;824.0;830.0;1.0;gold
000375-001;611;Ummu Kultsum;PERSON;836.0;848.0;1.0;gold
000375-001;611;Khadijah;PERSON;1215.0;1223.0;1.0;gold
000375-001;611;Zainab binti Khuzaimah;PERSON;1228.0;1250.0;1.0;gold
000375-001;611;Rasulullah;PERSON;1316.0;1326.0;1.0;gold
000376-001;611;Rasulullah;PERSON;0.0;10.0;1.0;gold
000376-001;611;Khadijah;PERSON;101.0;109.0;1.0;gold
000376-001;611;Sakran bin Amru;PERSON;194.0;209.0;1.0;gold
000377-001;612;Rasulullah;PERSON;0.0;10.0;1.0;gold
000377-001;612;bulan Syawwal;TIME;28.0;41.0;1.0;gold
000377-001;612;bulan Syawwal;TIME;238.0;251.0;1.0;gold
000377-001;612;Madinah;LOCATION;283.0;290.0;1.0;gold
000377-001;612;Aisyah;PERSON;330.0;336.0;1.0;gold
000377-001;612;Aisyah;PERSON;398.0;404.0;1.0;gold
000377-001;612;Rasulullah;PERSON;444.0;454.0;1.0;gold
000378-001;612;Khunais bin Hudzafah;PERSON;29.0;49.0;1.0;gold
000378-001;612;Perang Badr;EVENT;78.0;89.0;1.0;gold
000378-001;612;Uhud;EVENT;94.0;98.0;1.0;gold
000378-001;612;Rasulullah;PERSON;114.0;124.0;1.0;gold
000378-001;612;tahun 3 H;TIME;130.0;139.0;1.0;gold
000379-001;612;Hilal bin Amir bin Sha'sha'ah;PERSON;22.0;51.0;1.0;gold
000379-001;612;Abdullah bin Jahsy;PERSON;198.0;216.0;1.0;gold
000379-001;612;Perang Uhud;EVENT;240.0;251.0;1.0;gold
000379-001;612;Rasulullah;PERSON;267.0;277.0;1.0;gold
000379-001;612;tahun 4 H;TIME;283.0;292.0;1.0;gold
000380-001;612;Abu Salamah;PERSON;28.0;39.0;1.0;gold
000380-001;612;tahun 4 H;TIME;89.0;98.0;1.0;gold
000380-001;612;Rasulullah;PERSON;114.0;124.0;1.0;gold
000380-001;612;bulan Syawwal;TIME;130.0;143.0;1.0;gold
000381-001;612;Asad bin Khuzaimah;PERSON;22.0;40.0;1.0;gold
000381-001;612;Rasulullah;PERSON;56.0;66.0;1.0;gold
000381-001;612;Zaid binti Haritsah;PERSON;104.0;123.0;1.0;gold
000381-001;612;Zaid;PERSON;169.0;173.0;1.0;gold
000381-001;612;Zaid;PERSON;283.0;287.0;1.0;gold
000381-001;612;bulan Sya'ban 6 H;TIME;551.0;568.0;1.0;gold
000382-001;613;Juwairiyah;PERSON;64.0;74.0;1.0;gold
000382-001;613;Tsabit bin Qais bin Syammas;PERSON;148.0;175.0;1.0;gold
000382-001;613;Rasulullah;PERSON;182.0;192.0;1.0;gold
000382-001;613;bulan Sya'ban 6 H;TIME;230.0;247.0;1.0;gold
000383-001;613;Ubaidillah bin Jahsy;PERSON;28.0;48.0;1.0;gold
000383-001;613;Habasyah;LOCATION;81.0;89.0;1.0;gold
000383-001;613;Ummu Habibah;PERSON;201.0;213.0;1.0;gold
000383-001;613;Rasulullah;PERSON;247.0;257.0;1.0;gold
000383-001;613;Amr bin Umayyah;PERSON;267.0;282.0;1.0;gold
000383-001;613;Najasyi;PERSON;337.0;344.0;1.0;gold
000383-001;613;bulan Muharram 7 H;TIME;350.0;368.0;1.0;gold
000384-001;613;Khaibar;LOCATION;77.0;84.0;1.0;gold
000384-001;613;Rasulullah;PERSON;91.0;101.0;1.0;gold
000384-001;613;Khaibar;EVENT;191.0;198.0;1.0;gold
000384-001;613;tahun 7 H;TIME;204.0;213.0;1.0;gold
000385-001;613-618;Lubabah binti Al-Harits;PERSON;32.0;55.0;1.0;gold
000385-001;613-618;Rasulullah;PERSON;57.0;67.0;1.0;gold
000385-001;613-618;bulan Dzul Qa'dah 7 H;TIME;85.0;106.0;1.0;gold
000385-001;613-618;Rasulullah;PERSON;201.0;211.0;1.0;gold
000385-001;613-618;Khadijah;PERSON;328.0;336.0;1.0;gold
000385-001;613-618;Zainab binti Khuzaimah;PERSON;341.0;363.0;1.0;gold
000385-001;613-618;Ibrahim;PERSON;878.0;885.0;1.0;gold
000385-001;613-618;Madinah;LOCATION;940.0;947.0;1.0;gold
000385-001;613-618;tanggal 28 atau 29 Syawwal 10 H;TIME;974.0;1005.0;1.0;gold
000385-001;613-618;tanggal 27 Januari 632 M;TIME;1025.0;1049.0;1.0;gold
000385-001;613-618;Raihanah binti Zaid;PERSON;1073.0;1092.0;1.0;gold
000385-001;613-618;Ibnul Qayyim;PERSON;1328.0;1340.0;1.0;gold
000385-002;613-618;Ibnul Qayyim;PERSON;28.0;40.0;1.0;gold
000385-002;613-618;Abu Ubaidah;PERSON;52.0;63.0;1.0;gold
000385-002;613-618;Zainab binti Jahsy;PERSON;159.0;177.0;1.0;gold
000385-002;613-618;Rasulullah;PERSON;220.0;230.0;1.0;gold
000385-002;613-618;Khadijah;PERSON;491.0;499.0;1.0;gold
000385-002;613-618;Abu Bakar;PERSON;785.0;794.0;1.0;gold
000385-002;613-618;Umar;PERSON;799.0;803.0;1.0;gold
000385-002;613-618;Aisyah;PERSON;821.0;827.0;1.0;gold
000385-002;613-618;Hafshah;PERSON;832.0;839.0;1.0;gold
000385-002;613-618;Ali bin Abu Thalib;PERSON;897.0;915.0;1.0;gold
000385-002;613-618;Ummu Kultsum;PERSON;942.0;954.0;1.0;gold
000385-002;613-618;Ustman bin Affan;PERSON;962.0;978.0;1.0;gold
000385-003;613-618;Rasulullah;PERSON;349.0;359.0;1.0;gold
000385-003;613-618;Ummu Salamah;PERSON;441.0;453.0;1.0;gold
000385-003;613-618;Abu Jahl;PERSON;502.0;510.0;1.0;gold
000385-003;613-618;Khalid bin Walid;PERSON;515.0;531.0;1.0;gold
000385-003;613-618;Rasulullah;PERSON;541.0;551.0;1.0;gold
000385-003;613-618;Khalid bin Al-Walid;PERSON;568.0;587.0;1.0;gold
000385-003;613-618;Perang Uhud;EVENT;620.0;631.0;1.0;gold
000385-003;613-618;Abu Sufyan;PERSON;735.0;745.0;1.0;gold
000385-003;613-618;Ummu Habibah;PERSON;833.0;845.0;1.0;gold
000385-003;613-618;Juwairiyah;PERSON;1020.0;1030.0;1.0;gold
000385-003;613-618;Juwairiyah;PERSON;1051.0;1061.0;1.0;gold
000385-003;613-618;Rasulullah;PERSON;1154.0;1164.0;1.0;gold
000385-004;613-618;Rasulullah;PERSON;21.0;31.0;1.0;gold
000385-004;613-618;Rasulullah;PERSON;154.0;164.0;1.0;gold
000385-004;613-618;Rasulullah;PERSON;947.0;957.0;1.0;gold
000385-005;613-618;Aisyah;PERSON;412.0;418.0;1.0;gold
000385-005;613-618;Rasulullah;PERSON;1223.0;1233.0;1.0;gold
000385-005;613-618;Zainab binti Jahsy;PERSON;1268.0;1286.0;1.0;gold
000385-005;613-618;Zaid;PERSON;1318.0;1322.0;1.0;gold
000385-005;613-618;Zaid;PERSON;1358.0;1362.0;1.0;gold
000385-005;613-618;Zainab;PERSON;1367.0;1373.0;1.0;gold
000385-005;613-618;Zaid;PERSON;1380.0;1384.0;1.0;gold
000385-006;613-618;Zaid;PERSON;34.0;38.0;1.0;gold
000385-006;613-618;Zainab;PERSON;43.0;49.0;1.0;gold
000385-006;613-618;Zaid;PERSON;56.0;60.0;1.0;gold
000385-006;613-618;Rasulullah;PERSON;181.0;191.0;1.0;gold
000385-006;613-618;Zaid;PERSON;402.0;406.0;1.0;gold
000385-006;613-618;Rasulullah;PERSON;597.0;607.0;1.0;gold
000385-006;613-618;Zaid;PERSON;1076.0;1080.0;1.0;gold
000385-006;613-618;Zainab;PERSON;1103.0;1109.0;1.0;gold
000385-006;613-618;Rasulullah;PERSON;1116.0;1126.0;1.0;gold
000385-007;613-618;Zaid;PERSON;176.0;180.0;1.0;gold
000385-007;613-618;Muhammad;PERSON;744.0;752.0;1.0;gold
000385-007;613-618;Rasulullah;PERSON;841.0;851.0;1.0;gold
000385-007;613-618;Hudaibiyah;LOCATION;1156.0;1166.0;1.0;gold
000385-007;613-618;Urwah bin Mas'ud;PERSON;1252.0;1268.0;1.0;gold
000385-007;613-618;Rasulullah;PERSON;1288.0;1298.0;1.0;gold
000385-008;613-618;Urwah bin Mas'ud;PERSON;84.0;100.0;1.0;gold
000385-008;613-618;Rasulullah;PERSON;120.0;130.0;1.0;gold
000385-008;613-618;Abu Bakar;PERSON;503.0;512.0;1.0;gold
000385-008;613-618;Umar;PERSON;517.0;521.0;1.0;gold
000385-008;613-618;Zainab;PERSON;1232.0;1238.0;1.0;gold
000385-008;613-618;Zaid;PERSON;1358.0;1362.0;1.0;gold
000385-008;613-618;Rasulullah;PERSON;1412.0;1422.0;1.0;gold
000385-009;613-618;Rasulullah;PERSON;430.0;440.0;1.0;gold
000385-009;613-618;Rasulullah;PERSON;804.0;814.0;1.0;gold
000385-009;613-618;Aisyah;PERSON;951.0;957.0;1.0;gold
000385-009;613-618;Rasulullah;PERSON;1102.0;1112.0;1.0;gold
000385-010;613-618;Rasulullah;PERSON;140.0;150.0;1.0;gold
000385-010;613-618;Aisyah;PERSON;287.0;293.0;1.0;gold
000385-010;613-618;Rasulullah;PERSON;438.0;448.0;1.0;gold
000385-010;613-618;Aisyah;PERSON;480.0;486.0;1.0;gold
000385-010;613-618;Aisyah;PERSON;543.0;549.0;1.0;gold
000387-001;619-623;Ummu Ma'bad;PERSON;0.0;11.0;1.0;gold
000387-001;619-623;Rasulullah;PERSON;53.0;63.0;1.0;gold
000387-001;619-623;Madinah;LOCATION;182.0;189.0;1.0;gold
000387-002;619-623;Ali bin Abu Thalib;PERSON;1122.0;1140.0;1.0;gold
000387-002;619-623;Rasulullah;PERSON;1169.0;1179.0;1.0;gold
000387-002;619-623;Jabir bin Samurah;PERSON;2342.0;2359.0;1.0;gold
000387-002;619-623;Abu Thufail;PERSON;2427.0;2438.0;1.0;gold
000387-002;619-623;Anas bin Malik;PERSON;2571.0;2585.0;1.0;gold
000387-003;619-623;Ali bin Abu Thalib;PERSON;894.0;912.0;1.0;gold
000387-003;619-623;Rasulullah;PERSON;941.0;951.0;1.0;gold
000387-003;619-623;Jabir bin Samurah;PERSON;2114.0;2131.0;1.0;gold
000387-003;619-623;Abu Thufail;PERSON;2199.0;2210.0;1.0;gold
000387-003;619-623;Anas bin Malik;PERSON;2343.0;2357.0;1.0;gold
000387-004;619-623;Abu Juhaifah;PERSON;293.0;305.0;1.0;gold
000387-004;619-623;Ibnu Hisyam;PERSON;393.0;404.0;1.0;gold
000387-004;619-623;Abdullah bin Bisri;PERSON;601.0;619.0;1.0;gold
000387-004;619-623;Al-Barra';PERSON;679.0;688.0;1.0;gold
000387-004;619-623;Al-Barra';PERSON;1005.0;1014.0;1.0;gold
000387-004;619-623;Al-Barra';PERSON;1090.0;1099.0;1.0;gold
000387-004;619-623;Ar-Rubayyi binti Mu'awwidz;PERSON;1257.0;1283.0;1.0;gold
000387-004;619-623;Jabir bin Samurah;PERSON;1377.0;1394.0;1.0;gold
000387-005;619-623;Jabir bin Samurah;PERSON;0.0;17.0;1.0;gold
000387-005;619-623;Rasulullah;PERSON;112.0;122.0;1.0;gold
000387-005;619-623;Abu Hurairah;PERSON;213.0;225.0;1.0;gold
000387-005;619-623;Rasulullah;PERSON;291.0;301.0;1.0;gold
000387-005;619-623;Rasulullah;PERSON;416.0;426.0;1.0;gold
000387-005;619-623;Ka'b bin Malik;PERSON;549.0;563.0;1.0;gold
000387-005;619-623;Aisyah;PERSON;687.0;693.0;1.0;gold
000387-005;619-623;Abu Kabir;PERSON;786.0;795.0;1.0;gold
000387-005;619-623;Abu Bakar;PERSON;1184.0;1193.0;1.0;gold
000387-006;619-623;Jabir bin Samurah;PERSON;147.0;164.0;1.0;gold
000387-006;619-623;Ibnul Abbas;PERSON;336.0;347.0;1.0;gold
000387-006;619-623;Rasulullah;PERSON;1329.0;1339.0;1.0;gold
000387-006;619-623;Abu Juhaifah;PERSON;1347.0;1359.0;1.0;gold
000387-007;619-623;Abu Juhaifah;PERSON;5.0;17.0;1.0;gold
000387-007;619-623;Jabir bin Samurah;PERSON;177.0;194.0;1.0;gold
000387-007;619-623;Ummu Salamah;PERSON;731.0;743.0;1.0;gold
000387-007;619-623;Jabir;PERSON;799.0;804.0;1.0;gold
000388-001;623-629;Aisyah;PERSON;1080.0;1086.0;1.0;gold
000388-001;623-629;Rasulullah;PERSON;1101.0;1111.0;1.0;gold
000388-002;623-629;Ibnu Abbas;PERSON;352.0;362.0;1.0;gold
000388-002;623-629;bulan Ramadhan;TIME;470.0;484.0;1.0;gold
000388-002;623-629;Jibril;PERSON;500.0;506.0;1.0;gold
000388-002;623-629;bulan Ramadhan;TIME;532.0;546.0;1.0;gold
000388-002;623-629;Jabir;PERSON;719.0;724.0;1.0;gold
000388-002;623-629;Rasulullah;PERSON;788.0;798.0;1.0;gold
000388-002;623-629;Ali;PERSON;1267.0;1270.0;1.0;gold
000388-002;623-629;Rasulullah;PERSON;1358.0;1368.0;1.0;gold
000388-003;623-629;Ali;PERSON;0.0;3.0;1.0;gold
000388-003;623-629;Rasulullah;PERSON;91.0;101.0;1.0;gold
000388-003;623-629;Madinah;LOCATION;202.0;209.0;1.0;gold
000388-003;623-629;Rasulullah;PERSON;314.0;324.0;1.0;gold
000388-003;623-629;Abu Thalhah;PERSON;462.0;473.0;1.0;gold
000388-003;623-629;Abu Sa'id;PERSON;639.0;648.0;1.0;gold
000388-004;623-629;Ali;PERSON;1213.0;1216.0;1.0;gold
000388-004;623-629;Abu Jahl;PERSON;1224.0;1232.0;1.0;gold
000388-005;623-629;Heraklius;PERSON;123.0;132.0;1.0;gold
000388-005;623-629;Abu Sufyan;PERSON;162.0;172.0;1.0;gold
000388-005;623-629;Abu Sufyan;PERSON;248.0;258.0;1.0;gold
000388-005;623-629;Aisyah;PERSON;644.0;650.0;1.0;gold
000388-006;623-629;Aisyah;PERSON;154.0;160.0;1.0;gold
000388-007;623-629;Hindun bin Abu Halah;PERSON;630.0;650.0;1.0;gold
000388-007;623-629;Rasulullah;PERSON;683.0;693.0;1.0;gold
000388-007;623-629;Rasulullah;PERSON;709.0;719.0;1.0;gold
000388-012;623-629;Kharijah binti Zaid;PERSON;267.0;286.0;1.0;gold
000388-012;623-629;Rasulullah;PERSON;722.0;732.0;1.0;gold
000388-013;623-629;Muhammad;PERSON;449.0;457.0;1.0;gold
000388-013;623-629;Muhammad;PERSON;471.0;479.0;1.0;gold
000388-013;623-629;Ibrahim;PERSON;510.0;517.0;1.0;gold
000388-013;623-629;Ibrahim;PERSON;531.0;538.0;1.0;gold
000388-013;623-629;Muhammad;PERSON;610.0;618.0;1.0;gold
000388-013;623-629;Ibrahim;PERSON;666.0;673.0;1.0;gold
000388-013;623-629;Masjidil Haram;LOCATION;835.0;849.0;1.0;gold
000388-013;623-629;Makkah;LOCATION;853.0;859.0;1.0;gold
000388-013;623-629;Madinah;LOCATION;877.0;884.0;1.0;gold
000019-005;82-85;Abu Dzu-;PERSON;524.0;532.0;0.99;pred
000021-002;85-86;Abdul Muththalib;PERSON;108.0;124.0;0.99;pred
000021-002;85-86;Rasulullah;PERSON;328.0;338.0;0.99;pred
000021-002;85-86;Makkah;LOCATION;373.0;379.0;0.99;pred
000021-002;85-86;Abdul Muththalib;PERSON;400.0;416.0;0.99;pred
000021-002;85-86;Abu Thalib;PERSON;481.0;491.0;0.99;pred
000024-002;87;Abu Thalib;PERSON;94.0;104.0;0.99;pred
000024-002;87;Syam;LOCATION;168.0;172.0;0.99;pred
000024-002;87;Abu Thalib;PERSON;236.0;246.0;0.99;pred
000028-001;89-90;Makkah;LOCATION;13.0;19.0;0.99;pred
000028-001;89-90;Khadijah;PERSON;32.0;40.0;0.99;pred
000028-001;89-90;Khadijah;PERSON;348.0;356.0;0.99;pred
000028-001;89-90;Nafisah binti Munyah;PERSON;570.0;590.0;0.99;pred
000028-001;89-90;Khadijah;PERSON;678.0;686.0;0.99;pred
000028-001;89-90;Khadijah;PERSON;808.0;816.0;0.99;pred
000028-001;89-90;Syam;LOCATION;1051.0;1055.0;0.99;pred
000028-001;89-90;Muhammad;PERSON;1115.0;1123.0;0.99;pred
000028-001;89-90;Ibnu Hisyam;PERSON;1168.0;1179.0;0.99;pred
000028-001;89-90;Khadijah;PERSON;1197.0;1205.0;0.99;pred
000028-001;89-90;Rasulullah;PERSON;1373.0;1383.0;0.99;pred
000043-001;110-111;Rasulullah;PERSON;31.0;41.0;0.99;pred
000043-001;110-111;Al-Muththalib bin Abdi;PERSON;160.0;182.0;0.99;pred
000043-001;110-111;Abu Lahab;PERSON;245.0;254.0;0.99;pred
000043-001;110-111;Rasulullah;PERSON;887.0;897.0;0.99;pred
000043-002;110-111;Abu Thalib;PERSON;394.0;404.0;0.99;pred
000043-002;110-111;Muththalib;PERSON;854.0;864.0;0.99;pred
000043-002;110-111;Abu Lahab;PERSON;867.0;876.0;0.99;pred
000043-002;110-111;Abu Thalib;PERSON;997.0;1007.0;0.99;pred
000044-001;111-113;Abu Thalib;PERSON;41.0;51.0;0.99;pred
000044-001;111-113;Ibnu-Atsir;PERSON;86.0;96.0;0.99;pred
000044-001;111-113;Ibnu Abbas;PERSON;450.0;460.0;0.99;pred
000044-001;111-113;Shafa;LOCATION;578.0;583.0;0.99;pred
000044-001;111-113;Abu Lahab;PERSON;809.0;818.0;0.99;pred
000044-001;111-113;Abu Lahab;PERSON;1219.0;1228.0;0.99;pred
000044-001;111-113;Abu Lahab;PERSON;1358.0;1367.0;0.99;pred
000046-001;114;Abu Thalib;PERSON;99.0;109.0;0.99;pred
000046-001;114;Ibnu Ishaq;PERSON;659.0;669.0;0.99;pred
000046-001;114;Abu Thalib;PERSON;722.0;732.0;0.99;pred
000046-001;114;Abu Thalib;PERSON;755.0;765.0;0.99;pred
000046-001;114;Abu Thalib;PERSON;1144.0;1154.0;0.99;pred
000046-001;114;Rasulullah;PERSON;1235.0;1245.0;0.99;pred
000047-001;115-117;Jazirah Arab;LOCATION;207.0;219.0;0.99;pred
000047-001;115-117;Muhammad;PERSON;371.0;379.0;0.99;pred
000047-001;115-117;Al-Walid bin Al-Mughirah;PERSON;481.0;505.0;0.99;pred
000047-004;115-117;Muhammad;PERSON;310.0;318.0;0.99;pred
000047-004;115-117;Abu Lahab;PERSON;413.0;422.0;0.99;pred
000047-004;115-117;Rasulullah;PERSON;466.0;476.0;0.99;pred
000047-004;115-117;Ukazh;LOCATION;531.0;536.0;0.99;pred
000047-004;115-117;Abu Lahab;PERSON;608.0;617.0;0.99;pred
000047-004;115-117;Rasulullah;PERSON;843.0;853.0;0.99;pred
000048-002;117-121;Abu Lahab;PERSON;27.0;36.0;0.99;pred
000048-002;117-121;Yazid bin Ruman;PERSON;71.0;86.0;0.99;pred
000048-002;117-121;Thariq bin Abdullah;PERSON;97.0;116.0;0.99;pred
000048-002;117-121;Rasulullah;PERSON;455.0;465.0;0.99;pred
000048-003;117-121;Muhammad;PERSON;563.0;571.0;0.99;pred
000048-003;117-121;Rasulullah;PERSON;731.0;741.0;0.99;pred
000048-003;117-121;An-Nadhar bin Al-Harits;PERSON;1081.0;1104.0;0.99;pred
000048-004;117-121;Muhammad;PERSON;101.0;109.0;0.99;pred
000048-004;117-121;An-Nadhr;PERSON;1238.0;1246.0;0.99;pred
000048-006;117-121;Ibnu Jarir;PERSON;142.0;152.0;0.99;pred
000048-006;117-121;Rasulullah;PERSON;233.0;243.0;0.99;pred
000048-006;117-121;Abd bin Humaid;PERSON;380.0;394.0;0.99;pred
000048-006;117-121;Ibnu Ishaq;PERSON;499.0;509.0;0.99;pred
000048-006;117-121;Rasulullah;PERSON;560.0;570.0;0.99;pred
000048-006;117-121;Ibnu Hisyam;PERSON;594.0;605.0;0.99;pred
000048-006;117-121;Ka'bah;LOCATION;734.0;740.0;0.99;pred
000048-006;117-121;Al-Aswad bin Al-Muththalib bin Asad bin Abdul Uzza;PERSON;767.0;817.0;0.99;pred
000048-006;117-121;Al-Walid bin Al-Mughirah bin Khalaf;PERSON;822.0;857.0;0.99;pred
000048-006;117-121;Al-Ash bin Wa'il;PERSON;862.0;878.0;0.99;pred
000048-006;117-121;Muhammad;PERSON;955.0;963.0;0.99;pred
000049-001;121-129;Abu Lahab;PERSON;586.0;595.0;0.99;pred
000049-001;121-129;Rasulullah;PERSON;603.0;613.0;0.99;pred
000049-001;121-129;Rasulullah;PERSON;710.0;720.0;0.99;pred
000049-001;121-129;Rasulullah;PERSON;1082.0;1092.0;0.99;pred
000049-001;121-129;Abu Thalib;PERSON;1481.0;1491.0;0.99;pred
000049-002;121-129;Abu Thalib;PERSON;42.0;52.0;0.99;pred
000049-002;121-129;Abu Thalib;PERSON;64.0;74.0;0.99;pred
000049-002;121-129;Abu Lahab;PERSON;514.0;523.0;0.99;pred
000049-002;121-129;Abu Lahab;PERSON;531.0;540.0;0.99;pred
000049-002;121-129;Shafa;LOCATION;778.0;783.0;0.99;pred
000049-002;121-129;Shafa;LOCATION;839.0;844.0;0.99;pred
000049-002;121-129;Abu Lahab;PERSON;850.0;859.0;0.99;pred
000049-002;121-129;Abu Lahab;PERSON;928.0;937.0;0.99;pred
000049-002;121-129;Utbah;PERSON;970.0;975.0;0.99;pred
000049-002;121-129;Utaibah;PERSON;980.0;987.0;0.99;pred
000049-002;121-129;Ummu Kultsum;PERSON;1028.0;1040.0;0.99;pred
000049-002;121-129;Abu Lahab;PERSON;1241.0;1250.0;0.99;pred
000049-002;121-129;Abdullah;PERSON;1288.0;1296.0;0.99;pred
000049-002;121-129;Rasulullah;PERSON;1304.0;1314.0;0.99;pred
000049-002;121-129;Abu Lahab;PERSON;1343.0;1352.0;0.99;pred
000049-002;121-129;Muhammad;PERSON;1450.0;1458.0;0.99;pred
000049-003;121-129;Muhammad;PERSON;75.0;83.0;0.99;pred
000049-003;121-129;Abu Lahab;PERSON;170.0;179.0;0.99;pred
000049-003;121-129;Rasulullah;PERSON;202.0;212.0;0.99;pred
000049-003;121-129;Thariq bin Abdullah;PERSON;255.0;274.0;0.99;pred
000049-003;121-129;Abu Lahab;PERSON;350.0;359.0;0.99;pred
000049-003;121-129;Abu Lahab;PERSON;459.0;468.0;0.99;pred
000049-003;121-129;Ummu Jamil binti Harb bin Umayyah;PERSON;470.0;503.0;0.99;pred
000049-003;121-129;Abu Sufy;PERSON;513.0;521.0;0.99;pred
000049-003;121-129;Rasulullah;PERSON;1034.0;1044.0;0.99;pred
000049-003;121-129;Ka'bah;LOCATION;1100.0;1106.0;0.99;pred
000049-003;121-129;Abu Bakar Ash- Shiddiq;PERSON;1115.0;1137.0;0.99;pred
000049-003;121-129;Rasulullah;PERSON;1243.0;1253.0;0.99;pred
000049-003;121-129;Abu Bakar;PERSON;1291.0;1300.0;0.99;pred
000049-003;121-129;Abu Bakar;PERSON;1332.0;1341.0;0.99;pred
000049-005;121-129;Al-Hakam bin Abul Ash;PERSON;98.0;119.0;0.99;pred
000049-005;121-129;Ibnu Hisyam;PERSON;397.0;408.0;0.99;pred
000049-005;121-129;Uqbah bin Abu Mu'ith;PERSON;761.0;781.0;0.99;pred
000049-005;121-129;Abdullah bin Mas-ud;PERSON;812.0;831.0;0.99;pred
000049-005;121-129;Ka'bah;LOCATION;872.0;878.0;0.99;pred
000049-005;121-129;Abu Jahal;PERSON;889.0;898.0;0.99;pred
000049-005;121-129;Muhammad;PERSON;1131.0;1139.0;0.99;pred
000049-005;121-129;Uqbah bin Abu Mu'ith;PERSON;1196.0;1216.0;0.99;pred
000049-006;121-129;Rasulullah;PERSON;204.0;214.0;0.99;pred
000049-006;121-129;Abdullah bin Mas'ud;PERSON;610.0;629.0;0.99;pred
000049-006;121-129;Abu Jahal;PERSON;777.0;786.0;0.99;pred
000049-006;121-129;Utbah bin Rabi'ah;PERSON;797.0;814.0;0.99;pred
000049-006;121-129;Syaibah bin Rabi'ah;PERSON;815.0;834.0;0.99;pred
000049-006;121-129;Al-Walid bin Utbah;PERSON;836.0;854.0;0.99;pred
000049-006;121-129;Umayyah bin Khalaf;PERSON;856.0;874.0;0.99;pred
000049-006;121-129;Uqbah bin Abu Demi;PERSON;876.0;894.0;0.99;pred
000049-006;121-129;Rasulullah;PERSON;976.0;986.0;0.99;pred
000049-006;121-129;Umayyah bin Khalaf;PERSON;1045.0;1063.0;0.99;pred
000049-006;121-129;Rasulullah;PERSON;1072.0;1082.0;0.99;pred
000049-006;121-129;Ibnu Hisyam;PERSON;1172.0;1183.0;0.99;pred
000049-006;121-129;Rasulullah Shallallahu Alaihi wa Sallam;PERSON;1242.0;1281.0;0.99;pred
000049-006;121-129;Abdullah bin Mas'ud;PERSON;1320.0;1339.0;0.99;pred
000049-007;121-129;Umayyah bin Khalaf;PERSON;151.0;169.0;0.99;pred
000049-007;121-129;Ubay bin Khalaf;PERSON;171.0;186.0;0.99;pred
000049-007;121-129;Uqbah bin Abu Mu'ith;PERSON;212.0;232.0;0.99;pred
000049-007;121-129;Ubay bin Khalaf;PERSON;522.0;537.0;0.99;pred
000049-007;121-129;Al-Akhnas bin Syariq;PERSON;662.0;682.0;0.99;pred
000049-007;121-129;Rasulullah;PERSON;725.0;735.0;0.99;pred
000049-007;121-129;Abu Jahal;PERSON;1139.0;1148.0;0.99;pred
000049-008;121-129;Abu Jahal;PERSON;638.0;647.0;0.99;pred
000049-008;121-129;Rasulullah;PERSON;667.0;677.0;0.99;pred
000049-008;121-129;Masjidil Haram;LOCATION;729.0;743.0;0.99;pred
000049-008;121-129;Ibrahim;PERSON;797.0;804.0;0.99;pred
000049-008;121-129;Muhammad;PERSON;831.0;839.0;0.99;pred
000049-008;121-129;Abu Jahal;PERSON;908.0;917.0;0.99;pred
000049-008;121-129;Muhammad;PERSON;967.0;975.0;0.99;pred
000049-008;121-129;Abu Jahal;PERSON;1239.0;1248.0;0.99;pred
000049-008;121-129;Muhammad;PERSON;1415.0;1423.0;0.99;pred
000049-009;121-129;Abu Jahal;PERSON;192.0;201.0;0.99;pred
000049-009;121-129;Abu Hurairah;PERSON;281.0;293.0;0.99;pred
000049-009;121-129;Jahal;PERSON;314.0;319.0;0.99;pred
000049-009;121-129;Muhammad;PERSON;337.0;345.0;0.99;pred
000049-009;121-129;Abu Jahal;PERSON;532.0;541.0;0.99;pred
000049-009;121-129;Rasulullah;PERSON;560.0;570.0;0.99;pred
000049-009;121-129;Abul Hakam;PERSON;788.0;798.0;0.99;pred
000049-009;121-129;Rasulullah;PERSON;1105.0;1115.0;0.99;pred
000049-009;121-129;Abu Thalib;PERSON;1290.0;1300.0;0.99;pred
000049-009;121-129;Makkah;LOCATION;1346.0;1352.0;0.99;pred
000049-011;121-129;Makkah;LOCATION;236.0;242.0;0.99;pred
000049-011;121-129;Umayyah;PERSON;244.0;251.0;0.99;pred
000049-011;121-129;Bilal;PERSON;312.0;317.0;0.99;pred
000049-011;121-129;Muhammad;PERSON;411.0;419.0;0.99;pred
000049-011;121-129;Bilal;PERSON;452.0;457.0;0.99;pred
000049-011;121-129;Abu Bakar;PERSON;506.0;515.0;0.99;pred
000049-011;121-129;Bilal;PERSON;578.0;583.0;0.99;pred
000049-011;121-129;Abu Bakar;PERSON;590.0;599.0;0.99;pred
000049-011;121-129;Bilal;PERSON;608.0;613.0;0.99;pred
000049-011;121-129;Abu Bakar;PERSON;674.0;683.0;0.99;pred
000049-011;121-129;Ammar bin Yasir;PERSON;744.0;759.0;0.99;pred
000049-011;121-129;Abu Jahal;PERSON;854.0;863.0;0.99;pred
000049-011;121-129;Yasir;PERSON;1096.0;1101.0;0.99;pred
000049-011;121-129;Sumayyah;PERSON;1155.0;1163.0;0.99;pred
000049-011;121-129;Abu Jahal;PERSON;1172.0;1181.0;0.99;pred
000049-012;121-129;Muhammad;PERSON;273.0;281.0;0.99;pred
000049-012;121-129;Ammar;PERSON;381.0;386.0;0.99;pred
000049-012;121-129;Abu Fakihah;PERSON;738.0;749.0;0.99;pred
000049-012;121-129;Khabbab bin Al-Aratt;PERSON;862.0;882.0;0.99;pred
000049-012;121-129;Ummu Ammar binti Siba;PERSON;896.0;917.0;0.99;pred
000049-012;121-129;Ibnu Hisyam;PERSON;1329.0;1340.0;0.99;pred
000049-012;121-129;Ummu Ubais;PERSON;1427.0;1437.0;0.99;pred
000049-013;121-129;Ummu Ubais;PERSON;74.0;84.0;0.99;pred
000049-013;121-129;Umar bin Al-Khaththab;PERSON;347.0;368.0;0.99;pred
000049-013;121-129;Umar;PERSON;475.0;479.0;0.99;pred
000049-013;121-129;Abu Bakar;PERSON;553.0;562.0;0.99;pred
000049-013;121-129;Bilal;PERSON;665.0;670.0;0.99;pred
000049-013;121-129;Amir bin Fuhairah;PERSON;675.0;692.0;0.99;pred
000050-001;129-130;Rasulullah;PERSON;31.0;41.0;0.99;pred
000050-001;129-130;Sa'd bin Abi Waqqash;PERSON;858.0;878.0;0.99;pred
000050-001;129-130;Muhammad bin Abdul Wahhab;PERSON;1084.0;1109.0;0.99;pred
000050-001;129-130;Ibnu Hisyam;PERSON;1140.0;1151.0;0.99;pred
000051-003;130-133;Rasulullah;PERSON;0.0;10.0;0.99;pred
000051-003;130-133;An-Najasyi;PERSON;37.0;47.0;0.99;pred
000051-003;130-133;Habasyah;LOCATION;71.0;79.0;0.99;pred
000051-003;130-133;Habasyah;LOCATION;238.0;246.0;0.99;pred
000051-003;130-133;bulan Rajab;TIME;306.0;317.0;0.99;pred
000051-003;130-133;Habasyah;LOCATION;392.0;400.0;0.99;pred
000051-003;130-133;Utsman bin Affan;PERSON;479.0;495.0;0.99;pred
000051-003;130-133;Rasulullah;PERSON;552.0;562.0;0.99;pred
000051-003;130-133;Baitul-Haram;LOCATION;630.0;642.0;0.99;pred
000051-003;130-133;Ibrahim;PERSON;686.0;693.0;0.99;pred
000051-003;130-133;Habasyah;LOCATION;1036.0;1044.0;0.99;pred
000051-003;130-133;bulan Ramadhan;TIME;1314.0;1328.0;0.99;pred
000051-003;130-133;Masjidil Haram;LOCATION;1366.0;1380.0;0.99;pred
000051-004;130-133;bulan Ramadhan;TIME;5.0;19.0;0.99;pred
000051-004;130-133;Masjidil Haram;LOCATION;57.0;71.0;0.99;pred
000051-005;130-133;Rasulullah;PERSON;506.0;516.0;0.99;pred
000051-005;130-133;Habasyah;LOCATION;1101.0;1109.0;0.99;pred
000051-005;130-133;Makkah;LOCATION;1266.0;1272.0;0.99;pred
000051-005;130-133;bulan Syawwal;TIME;1278.0;1291.0;0.99;pred
000051-005;130-133;Makkah;LOCATION;1331.0;1337.0;0.99;pred
000052-002;133-137;Naj asyi;PERSON;514.0;522.0;0.99;pred
000052-002;133-137;Najasyi;PERSON;629.0;636.0;0.99;pred
000052-002;133-137;Najasyi;PERSON;831.0;838.0;0.99;pred
000052-002;133-137;Ja'far bin Abu Thalib;PERSON;1012.0;1033.0;0.99;pred
000052-004;133-137;Najasyi;PERSON;662.0;669.0;0.99;pred
000052-004;133-137;Maryam;PERSON;809.0;815.0;0.99;pred
000052-004;133-137;Najasyi;PERSON;829.0;836.0;0.99;pred
000052-004;133-137;Najasyi;PERSON;1005.0;1012.0;0.99;pred
000052-004;133-137;Isa;PERSON;1056.0;1059.0;0.99;pred
000052-004;133-137;Najasyi;PERSON;1255.0;1262.0;0.99;pred
000052-007;133-137;Amr bin Al-Ash;PERSON;28.0;42.0;0.99;pred
000052-007;133-137;Najasyi;PERSON;57.0;64.0;0.99;pred
000052-007;133-137;Perang Badr;EVENT;73.0;84.0;0.99;pred
000052-007;133-137;Najasyi;PERSON;188.0;195.0;0.99;pred
000052-007;133-137;Ibnu Ishaq;PERSON;278.0;288.0;0.99;pred
000052-007;133-137;Ibnu bisa;PERSON;407.0;416.0;0.99;pred
000052-007;133-137;Rasulullah;PERSON;620.0;630.0;0.99;pred
000052-007;133-137;Abu Thalib;PERSON;726.0;736.0;0.99;pred
000052-007;133-137;Abu Thalib;PERSON;814.0;824.0;0.99;pred
000053-001;137;Abu Thalib;PERSON;33.0;43.0;0.99;pred
000053-001;137;Abu Thalib;PERSON;81.0;91.0;0.99;pred
000053-001;137;Abu Thalib;PERSON;595.0;605.0;0.99;pred
000053-001;137;Rasulullah;PERSON;646.0;656.0;0.99;pred
000053-001;137;Rasulullah;PERSON;905.0;915.0;0.99;pred
000053-001;137;Abu Thalib;PERSON;1274.0;1284.0;0.99;pred
000053-001;137;Abu Thalib;PERSON;1351.0;1361.0;0.99;pred
000053-002;137;Abu Thalib;PERSON;21.0;31.0;0.99;pred
000053-002;137;Abu Thalib;PERSON;98.0;108.0;0.99;pred
000054-002;138;tahun;TIME;103.0;108.0;0.99;pred
000055-001;138-141;Abu Thalib;PERSON;100.0;110.0;0.99;pred
000055-001;138-141;Makkah;LOCATION;436.0;442.0;0.99;pred
000055-001;138-141;Hamzah bin Abdul Muththalib;PERSON;449.0;476.0;0.99;pred
000055-001;138-141;Umar bin Al-Khaththab;PERSON;481.0;502.0;0.99;pred
000055-001;138-141;Uthbah bin Abu Lahab;PERSON;547.0;567.0;0.99;pred
000055-001;138-141;Rasulullah;PERSON;576.0;586.0;0.99;pred
000055-001;138-141;Ibnu terbenam;PERSON;672.0;685.0;0.99;pred
000055-001;138-141;Utbah;PERSON;1007.0;1012.0;0.99;pred
000055-001;138-141;Syam;LOCATION;1022.0;1026.0;0.99;pred
000055-001;138-141;Syam;LOCATION;1115.0;1119.0;0.99;pred
000055-001;138-141;Utbah;PERSON;1209.0;1214.0;0.99;pred
000055-001;138-141;Muhammad;PERSON;1314.0;1322.0;0.99;pred
000055-002;138-141;Muhammad;PERSON;63.0;71.0;0.99;pred
000055-002;138-141;Muhammad;PERSON;118.0;126.0;0.99;pred
000055-002;138-141;Makkah;LOCATION;134.0;140.0;0.99;pred
000055-002;138-141;Syam;LOCATION;152.0;156.0;0.99;pred
000055-002;138-141;Utbah;PERSON;215.0;220.0;0.99;pred
000055-002;138-141;Ibnu Ishaq;PERSON;328.0;338.0;0.99;pred
000055-002;138-141;Abu Jahal;PERSON;390.0;399.0;0.99;pred
000055-002;138-141;Muhammad;PERSON;450.0;458.0;0.99;pred
000055-002;138-141;Abu Jahal;PERSON;940.0;949.0;0.99;pred
000055-002;138-141;Rasulullah;PERSON;1015.0;1025.0;0.99;pred
000055-002;138-141;Abu Jahal;PERSON;1074.0;1083.0;0.99;pred
000055-002;138-141;Abu Jahal;PERSON;1114.0;1123.0;0.99;pred
000055-002;138-141;Abu Jahal;PERSON;1372.0;1381.0;0.99;pred
000055-002;138-141;Abul Hakam;PERSON;1420.0;1430.0;0.99;pred
000055-003;138-141;Abu Jahal;PERSON;30.0;39.0;0.99;pred
000055-003;138-141;Abul Hakam;PERSON;78.0;88.0;0.99;pred
000055-003;138-141;Ibnu Ishaq;PERSON;524.0;534.0;0.99;pred
000055-003;138-141;Rasulullah;PERSON;547.0;557.0;0.99;pred
000055-003;138-141;Jibril;PERSON;575.0;581.0;0.99;pred
000055-003;138-141;Jibril;PERSON;620.0;626.0;0.99;pred
000055-003;138-141;Abu Jahal;PERSON;677.0;686.0;0.99;pred
000055-003;138-141;Rasulullah;PERSON;696.0;706.0;0.99;pred
000055-003;138-141;Hamzah;PERSON;729.0;735.0;0.99;pred
000055-003;138-141;Rasulullah;PERSON;849.0;859.0;0.99;pred
000055-003;138-141;Ibnu Ishaq;PERSON;911.0;921.0;0.99;pred
000055-003;138-141;Abdullah bin Amru bin Al-Ash;PERSON;940.0;968.0;0.99;pred
000055-003;138-141;Hijir;LOCATION;1031.0;1036.0;0.99;pred
000055-003;138-141;Rasulullah;PERSON;1058.0;1068.0;0.99;pred
000055-003;138-141;Hajar Aswad;LOCATION;1343.0;1354.0;0.99;pred
000055-003;138-141;Ka'bah;LOCATION;1438.0;1444.0;0.99;pred
000055-004;138-141;Ka'bah;LOCATION;66.0;72.0;0.99;pred
000055-004;138-141;Abu Al-Qasim;PERSON;888.0;900.0;0.99;pred
000055-004;138-141;Abu Bakar;PERSON;1143.0;1152.0;0.99;pred
000055-004;138-141;Ibnu Ibnu Amru;PERSON;1351.0;1365.0;0.99;pred
000055-005;138-141;Ibnu Ibnu Amru;PERSON;14.0;28.0;0.99;pred
000055-005;138-141;Urwah bin Az-Zubair;PERSON;143.0;162.0;0.99;pred
000055-005;138-141;Ibnu Amru bin Al-Ash;PERSON;197.0;217.0;0.99;pred
000055-005;138-141;Ka'bah;LOCATION;344.0;350.0;0.99;pred
000055-005;138-141;Uqbah bin Abu Mu'aith;PERSON;369.0;390.0;0.99;pred
000055-005;138-141;Abu Bakar;PERSON;495.0;504.0;0.99;pred
000056-002;141-142;Abu Jahal;PERSON;56.0;65.0;0.99;pred
000056-002;141-142;Abu Jahal;PERSON;231.0;240.0;0.99;pred
000056-002;141-142;Abu Jahal;PERSON;335.0;344.0;0.99;pred
000056-002;141-142;Hamzah;PERSON;428.0;434.0;0.99;pred
000056-002;141-142;Abu Ammarah;PERSON;449.0;460.0;0.99;pred
000057-001;142-148;Umar bin Al-Khaththab;PERSON;172.0;193.0;0.99;pred
000057-001;142-148;bulan Dzul Hijjah;TIME;216.0;233.0;0.99;pred
000057-001;142-148;Hamzah bin Abdul Muththalib;PERSON;303.0;330.0;0.99;pred
000057-001;142-148;Ibnu Umar;PERSON;424.0;433.0;0.99;pred
000057-001;142-148;Ibnu Mas'ud;PERSON;479.0;490.0;0.99;pred
000057-001;142-148;Umar bin Al-Kaththab;PERSON;631.0;651.0;0.99;pred
000057-001;142-148;Abu Jahal bin Hisyam;PERSON;664.0;684.0;0.99;pred
000057-001;142-148;Umar bin Kaththab;PERSON;736.0;753.0;0.99;pred
000057-001;142-148;Umar;PERSON;1047.0;1051.0;0.99;pred
000057-002;142-148;Umar;PERSON;559.0;563.0;0.99;pred
000057-002;142-148;Muhammad;PERSON;643.0;651.0;0.99;pred
000057-002;142-148;Baitul-Haram;LOCATION;819.0;831.0;0.99;pred
000057-002;142-148;Ka'bah;LOCATION;859.0;865.0;0.99;pred
000057-002;142-148;Ibnu Hisyam;PERSON;950.0;961.0;0.99;pred
000057-002;142-148;Umar;PERSON;1076.0;1080.0;0.99;pred
000057-003;142-148;Umar;PERSON;391.0;395.0;0.99;pred
000057-003;142-148;Umar;PERSON;696.0;700.0;0.99;pred
000057-003;142-148;Umar bin Al-Khaththab;PERSON;815.0;836.0;0.99;pred
000057-003;142-148;Rasulullah;PERSON;1244.0;1254.0;0.99;pred
000057-005;142-148;Umar;PERSON;134.0;138.0;0.99;pred
000057-005;142-148;Khabbab bin Al-Art;PERSON;223.0;241.0;0.99;pred
000057-005;142-148;Umar;PERSON;384.0;388.0;0.99;pred
000057-005;142-148;Umar;PERSON;532.0;536.0;0.99;pred
000057-005;142-148;Umar;PERSON;667.0;671.0;0.99;pred
000057-005;142-148;Umar;PERSON;808.0;812.0;0.99;pred
000057-005;142-148;umar;PERSON;821.0;825.0;0.99;pred
000057-005;142-148;Umar;PERSON;920.0;924.0;0.99;pred
000057-005;142-148;Umar;PERSON;1058.0;1062.0;0.99;pred
000057-005;142-148;Ibnu Ishaq;PERSON;1123.0;1133.0;0.99;pred
000057-005;142-148;Umar;PERSON;1135.0;1139.0;0.99;pred
000057-005;142-148;Umar;PERSON;1180.0;1184.0;0.99;pred
000057-005;142-148;Muhammad;PERSON;1338.0;1346.0;0.99;pred
000057-005;142-148;Umar;PERSON;1368.0;1372.0;0.99;pred
000057-008;142-148;Abu Jahal;PERSON;7.0;16.0;0.99;pred
000057-008;142-148;Muhammad;PERSON;234.0;242.0;0.99;pred
000057-008;142-148;Ibnul Jauzi;PERSON;415.0;426.0;0.99;pred
000057-008;142-148;Umar;PERSON;445.0;449.0;0.99;pred
000057-008;142-148;Al-Ashy bin Hasyim;PERSON;612.0;630.0;0.99;pred
000057-008;142-148;Abu Jahal;PERSON;776.0;785.0;0.99;pred
000057-008;142-148;Ibnu Hisyam;PERSON;849.0;860.0;0.99;pred
000057-008;142-148;Ibnul Jauzi;PERSON;865.0;876.0;0.99;pred
000057-008;142-148;Umar;PERSON;919.0;923.0;0.99;pred
000057-008;142-148;Jamil bin Ma'mar;PERSON;952.0;968.0;0.99;pred
000057-008;142-148;Ibnul Khaththab;PERSON;1062.0;1077.0;0.99;pred
000057-008;142-148;Umar;PERSON;1103.0;1107.0;0.99;pred
000057-008;142-148;Umar;PERSON;1215.0;1219.0;0.99;pred
000057-008;142-148;Umar;PERSON;1321.0;1325.0;0.99;pred
000057-008;142-148;Umar;PERSON;1397.0;1401.0;0.99;pred
000057-010;142-148;Ibnu Abbas;PERSON;96.0;106.0;0.99;pred
000057-010;142-148;Umar bin Al-Khaththab;PERSON;142.0;163.0;0.99;pred
000057-010;142-148;Hamzah;PERSON;221.0;227.0;0.99;pred
000057-010;142-148;Rasulullah;PERSON;417.0;427.0;0.99;pred
000057-010;142-148;Umar;PERSON;669.0;673.0;0.99;pred
000057-010;142-148;Hamzah;PERSON;833.0;839.0;0.99;pred
000057-010;142-148;Hamzah;PERSON;875.0;881.0;0.99;pred
000057-010;142-148;Masjidil Haram;LOCATION;963.0;977.0;0.99;pred
000057-010;142-148;Hamzah;PERSON;1053.0;1059.0;0.99;pred
000057-010;142-148;Umar;PERSON;1222.0;1226.0;0.99;pred
000057-010;142-148;Umar;PERSON;1297.0;1301.0;0.99;pred
000057-010;142-148;Umar;PERSON;1325.0;1329.0;0.99;pred
000057-011;142-148;Umar;PERSON;90.0;94.0;0.99;pred
000057-011;142-148;Rasulullah;PERSON;174.0;184.0;0.99;pred
000057-011;142-148;Ibnu Mas'ud;PERSON;243.0;254.0;0.99;pred
000057-011;142-148;Ka'bah;LOCATION;321.0;327.0;0.99;pred
000057-011;142-148;Umar;PERSON;335.0;339.0;0.99;pred
000057-011;142-148;Shuhaib bin Sinar;PERSON;351.0;368.0;0.99;pred
000057-011;142-148;Umar;PERSON;401.0;405.0;0.99;pred
000057-011;142-148;Baitul-Haram;LOCATION;545.0;557.0;0.99;pred
000057-011;142-148;Ka'bah;LOCATION;580.0;586.0;0.99;pred
000057-011;142-148;Abdullah bin Mas'ud;PERSON;682.0;701.0;0.99;pred
000058-002;148-150;Umar bin Al-Khaththab;PERSON;11.0;32.0;0.99;pred
000058-002;148-150;Umar bin Al-Khaththab;PERSON;75.0;96.0;0.99;pred
000058-002;148-150;Utbah;PERSON;109.0;114.0;0.99;pred
000058-002;148-150;Abul Walid;PERSON;741.0;751.0;0.99;pred
000058-003;148-150;Utbah;PERSON;268.0;273.0;0.99;pred
000058-003;148-150;Rasulullah;PERSON;293.0;303.0;0.99;pred
000058-003;148-150;Abul Walid;PERSON;385.0;395.0;0.99;pred
000058-003;148-150;Utbah;PERSON;410.0;415.0;0.99;pred
000058-003;148-150;Abul Walid;PERSON;442.0;452.0;0.99;pred
000058-003;148-150;Utbah;PERSON;1081.0;1086.0;0.99;pred
000058-003;148-150;Abul Walid;PERSON;1207.0;1217.0;0.99;pred
000058-004;148-150;Abul Walid;PERSON;33.0;43.0;0.99;pred
000058-004;148-150;Utbah;PERSON;138.0;143.0;0.99;pred
000058-004;148-150;Abul Walid;PERSON;249.0;259.0;0.99;pred
000058-004;148-150;Abul Walid;PERSON;347.0;357.0;0.99;pred
000058-004;148-150;Abul Walid;PERSON;1138.0;1148.0;0.99;pred
000059-001;150-151;Abu Thalib;PERSON;65.0;75.0;0.99;pred
000059-001;150-151;Ibnu Hisyam;PERSON;168.0;179.0;0.99;pred
000059-001;150-151;Ammarah bin Al-Walid;PERSON;392.0;412.0;0.99;pred
000059-001;150-151;Abu Jahal;PERSON;428.0;437.0;0.99;pred
000059-001;150-151;Uqbah bin Abu Mu'ith;PERSON;521.0;541.0;0.99;pred
000059-001;150-151;Abu Thalib;PERSON;649.0;659.0;0.99;pred
000059-001;150-151;Hamzah;PERSON;884.0;890.0;0.99;pred
000059-001;150-151;Umar;PERSON;896.0;900.0;0.99;pred
000059-001;150-151;Abu Thalib;PERSON;976.0;986.0;0.99;pred
000059-001;150-151;Rasulullah;PERSON;1058.0;1068.0;0.99;pred
000059-001;150-151;Abu Thalib;PERSON;1288.0;1298.0;0.99;pred
000059-002;150-151;Abu Lahab;PERSON;320.0;329.0;0.99;pred
000095-001;221-223;Abu Bakar;PERSON;23.0;32.0;0.99;pred
000095-001;221-223;Abu Bakar;PERSON;229.0;238.0;0.99;pred
000095-001;221-223;bulan Shafar;TIME;454.0;466.0;0.99;pred
000095-001;221-223;bulan Muharram;TIME;536.0;550.0;0.99;pred
000095-001;221-223;bulan Shafar;TIME;629.0;641.0;0.99;pred
000095-001;221-223;bulan Muharram;TIME;904.0;918.0;0.99;pred
000095-001;221-223;Abu Bakar;PERSON;953.0;962.0;0.99;pred
000095-001;221-223;Abu Bakar;PERSON;1115.0;1124.0;0.99;pred
000095-001;221-223;Abu Bakar;PERSON;1149.0;1158.0;0.99;pred
000095-001;221-223;Rasulullah;PERSON;1257.0;1267.0;0.99;pred
000095-001;221-223;Abu Bakar;PERSON;1357.0;1366.0;0.99;pred
000115-002;266;Rasulullah;PERSON;17.0;27.0;0.99;pred
000115-002;266;Badr;LOCATION;480.0;484.0;0.99;pred
000115-002;266;Madinah;LOCATION;540.0;547.0;0.99;pred
000116-001;267;Rasulullah;PERSON;0.0;10.0;0.99;pred
000116-001;267;Zubair bin Al-Awwam;PERSON;288.0;307.0;0.99;pred
000116-001;267;Al-Miqdad bin Al-Aswad;PERSON;328.0;350.0;0.99;pred
000116-001;267;Rasulullah;PERSON;440.0;450.0;0.99;pred
000116-001;267;Ali bin Abu Thalib;PERSON;476.0;494.0;0.99;pred
000116-001;267;Martsad bin Abu Martsad;PERSON;499.0;522.0;0.99;pred
000116-001;267;Ibnu Ummi;PERSON;552.0;561.0;0.99;pred
000116-001;267;Madinah;LOCATION;593.0;600.0;0.99;pred
000116-001;267;Ibnu Ummu Maktum;PERSON;644.0;660.0;0.99;pred
000116-001;267;Madinah;LOCATION;713.0;720.0;0.99;pred
000116-001;267;Abu Lubabah bin Abdul Mudzir;PERSON;735.0;763.0;0.99;pred
000116-001;267;Ibnu Maktum;PERSON;796.0;807.0;0.99;pred
000116-001;267;Abu Lubabah;PERSON;815.0;826.0;0.99;pred
000116-001;267;Mush ab bin Umair;PERSON;891.0;908.0;0.99;pred
000116-001;267;Ali bin Abu Thalib;PERSON;1044.0;1062.0;0.99;pred
000116-001;267;Sa'd bin Mu'adz;PERSON;1117.0;1132.0;0.99;pred
000116-001;267;Az-Zubair bin Al-Awwam;PERSON;1171.0;1193.0;0.99;pred
000116-001;267;Al-Miqdad bin Amr;PERSON;1228.0;1245.0;0.99;pred
000116-001;267;Qais bin Sha'sha'ah;PERSON;1354.0;1373.0;0.99;pred
000117-001;267;Rasulullah;PERSON;30.0;40.0;0.99;pred
000117-001;267;Madinah;LOCATION;64.0;71.0;0.99;pred
000117-001;267;Makkah;LOCATION;130.0;136.0;0.99;pred
000117-001;267;Makkah;LOCATION;273.0;279.0;0.99;pred
000117-001;267;Badr;LOCATION;332.0;336.0;0.99;pred
000117-001;267;Basbas bin Amr;PERSON;406.0;420.0;0.99;pred
000117-001;267;Adi bin Abu Az-Za'ba;PERSON;425.0;445.0;0.99;pred
000117-001;267;Badr;LOCATION;473.0;477.0;0.99;pred
000119-002;268-269;Suraqah bin Malik bin Ju'stum;PERSON;77.0;106.0;0.99;pred
000120-001;269;Rasulullah;PERSON;303.0;313.0;0.99;pred
000120-001;269;Rasulullah;PERSON;463.0;473.0;0.99;pred
000120-001;269;Badr;LOCATION;605.0;609.0;0.99;pred
000120-001;269;Abu Sufyan;PERSON;688.0;698.0;0.99;pred
000121-001;269-270;Abu Sufyan;PERSON;24.0;34.0;0.99;pred
000121-001;269-270;Makkah;LOCATION;82.0;88.0;0.99;pred
000121-001;269-270;Badr;LOCATION;194.0;198.0;0.99;pred
000121-001;269-270;Majdi bin Amr;PERSON;247.0;260.0;0.99;pred
000121-001;269-270;Madinah;LOCATION;285.0;292.0;0.99;pred
000121-001;269-270;Abu Sufyan;PERSON;490.0;500.0;0.99;pred
000121-001;269-270;Yatsrib;LOCATION;708.0;715.0;0.99;pred
000121-001;269-270;Badr;LOCATION;884.0;888.0;0.99;pred
000121-001;269-270;Abu Sufyan;PERSON;937.0;947.0;0.99;pred
000121-001;269-270;Madinah;LOCATION;983.0;990.0;0.99;pred
000121-001;269-270;Makkah;LOCATION;1022.0;1028.0;0.99;pred
000124-001;271-273;Rasulullah;PERSON;71.0;81.0;0.99;pred
000124-001;271-273;Abu Bakar;PERSON;875.0;884.0;0.99;pred
000124-001;271-273;Umar bin Al-Khaththab;PERSON;889.0;910.0;0.99;pred
000124-001;271-273;Al-Miqdad bin Amr;PERSON;974.0;991.0;0.99;pred
000124-001;271-273;Rasulullah;PERSON;1023.0;1033.0;0.99;pred
000124-001;271-273;Musa;PERSON;1211.0;1215.0;0.99;pred
000124-003;271-273;Rasulullah;PERSON;91.0;101.0;0.99;pred
000124-003;271-273;Sa'd bin Mu'adz;PERSON;673.0;688.0;0.99;pred
000124-003;271-273;Rasulullah;PERSON;704.0;714.0;0.99;pred
000124-004;271-273;Rasulullah;PERSON;239.0;249.0;0.99;pred
000124-004;271-273;Sa'd;PERSON;291.0;295.0;0.99;pred
000124-004;271-273;Rasulullah;PERSON;553.0;563.0;0.99;pred
000124-004;271-273;Badr;LOCATION;864.0;868.0;0.99;pred
000125-001;273-274;Abu Bakar Ash-Shiddiq;PERSON;97.0;118.0;0.99;pred
000125-001;273-274;Makkah;LOCATION;176.0;182.0;0.99;pred
000125-001;273-274;Muhammad;PERSON;302.0;310.0;0.99;pred
000125-001;273-274;Muhammad;PERSON;696.0;704.0;0.99;pred
000125-001;273-274;Madinah;LOCATION;865.0;872.0;0.99;pred
000125-001;273-274;Makkah;LOCATION;1046.0;1052.0;0.99;pred
000125-001;273-274;Irak;LOCATION;1310.0;1314.0;0.99;pred
000126-002;274-275;Uthbah;PERSON;719.0;725.0;0.99;pred
000126-002;274-275;Abul Bakhtari bin Hisyam;PERSON;759.0;783.0;0.99;pred
000126-002;274-275;Hakim bin Hizam;PERSON;785.0;800.0;0.99;pred
000126-002;274-275;Naufal bin Khuwalid;PERSON;802.0;821.0;0.99;pred
000126-002;274-275;Al-Harits bin Amir;PERSON;823.0;841.0;0.99;pred
000126-002;274-275;Thu'aimah bin Adi;PERSON;843.0;860.0;0.99;pred
000126-002;274-275;An-Nadhr bin Al-Harits;PERSON;862.0;884.0;0.99;pred
000126-002;274-275;Zam'ah bin Al-Aswad;PERSON;886.0;905.0;0.99;pred
000126-002;274-275;Abu Jahal bin Hisyam;PERSON;907.0;927.0;0.99;pred
000126-002;274-275;Umayyah bin Khalaf;PERSON;929.0;947.0;0.99;pred
000126-002;274-275;Rasulullah;PERSON;1012.0;1022.0;0.99;pred
000126-002;274-275;Makkah;LOCATION;1097.0;1103.0;0.99;pred
000127-001;275-276;Rasulullah;PERSON;0.0;10.0;0.99;pred
000127-001;275-276;Badr;LOCATION;42.0;46.0;0.99;pred
000127-001;275-276;Badr;LOCATION;238.0;242.0;0.99;pred
000127-001;275-276;Al-Hubab bin Al-Mundzir;PERSON;255.0;278.0;0.99;pred
000127-001;275-276;Rasulullah;PERSON;346.0;356.0;0.99;pred
000127-001;275-276;Rasulullah;PERSON;727.0;737.0;0.99;pred
000127-001;275-276;Makkah;LOCATION;899.0;905.0;0.99;pred
000127-001;275-276;Rasulullah;PERSON;1193.0;1203.0;0.99;pred
000127-002;275-276;Sa'd bin Mu'adz;PERSON;98.0;113.0;0.99;pred
000127-002;275-276;Rasulullah;PERSON;133.0;143.0;0.99;pred
000127-002;275-276;Rasulullah;PERSON;1143.0;1153.0;0.99;pred
000127-002;275-276;Sa'd bin Mu'adz;PERSON;1371.0;1386.0;0.99;pred
000127-002;275-276;Rasulullah;PERSON;1417.0;1427.0;0.99;pred
000128-001;276-277;Rasulullah;PERSON;9.0;19.0;0.99;pred
000128-001;276-277;tanggal 17 Ramadhan 2 H;TIME;957.0;980.0;0.99;pred
000129-002;277-279;Yatsrib;LOCATION;88.0;95.0;0.99;pred
000129-002;277-279;Abu Jahl;PERSON;519.0;527.0;0.99;pred
000129-002;277-279;Makkah;LOCATION;612.0;618.0;0.99;pred
000129-002;277-279;Hakim bin Hizam;PERSON;660.0;675.0;0.99;pred
000129-002;277-279;Utbah bin Rabi'ah;PERSON;725.0;742.0;0.99;pred
000129-002;277-279;Abul Walid;PERSON;763.0;773.0;0.99;pred
000129-002;277-279;Utbah;PERSON;936.0;941.0;0.99;pred
000129-002;277-279;Amr bin Al-Hadhrami;PERSON;1003.0;1022.0;0.99;pred
000129-002;277-279;Utbah;PERSON;1104.0;1109.0;0.99;pred
000129-002;277-279;Utbah;PERSON;1318.0;1323.0;0.99;pred
000129-002;277-279;Hakim bin Hizam;PERSON;1339.0;1354.0;0.99;pred
000129-002;277-279;Abu Jahl;PERSON;1379.0;1387.0;0.99;pred
000129-003;277-279;Utbah;PERSON;98.0;103.0;0.99;pred
000129-003;277-279;Hakim bin Hizam;PERSON;119.0;134.0;0.99;pred
000129-003;277-279;Abu Jahl;PERSON;159.0;167.0;0.99;pred
000129-003;277-279;Utbah bin Rabi'ah;PERSON;248.0;265.0;0.99;pred
000129-003;277-279;Muhammad;PERSON;389.0;397.0;0.99;pred
000129-003;277-279;Muhammad;PERSON;683.0;691.0;0.99;pred
000129-003;277-279;Hakim bin Hizam;PERSON;821.0;836.0;0.99;pred
000129-003;277-279;Abu Jahl;PERSON;845.0;853.0;0.99;pred
000129-003;277-279;Abul Hakam;PERSON;917.0;927.0;0.99;pred
000129-003;277-279;Utbah;PERSON;942.0;947.0;0.99;pred
000129-003;277-279;Abu Jahl;PERSON;993.0;1001.0;0.99;pred
000129-003;277-279;Muhammad;PERSON;1073.0;1081.0;0.99;pred
000129-003;277-279;Muhammad;PERSON;1187.0;1195.0;0.99;pred
000129-003;277-279;Utbah;PERSON;1210.0;1215.0;0.99;pred
000129-004;277-279;Utbah;PERSON;13.0;18.0;0.99;pred
000129-004;277-279;Muhammad;PERSON;73.0;81.0;0.99;pred
000129-004;277-279;Hudzaifah bin Utbah;PERSON;260.0;279.0;0.99;pred
000129-004;277-279;Utbah;PERSON;344.0;349.0;0.99;pred
000129-004;277-279;Abu Jahl;PERSON;367.0;375.0;0.99;pred
000129-004;277-279;Abu Jahl;PERSON;608.0;616.0;0.99;pred
000129-004;277-279;Amir bin Al-Hadhrami;PERSON;634.0;654.0;0.99;pred
000129-004;277-279;Amr bin Al-Hadhrami;PERSON;664.0;683.0;0.99;pred
000129-004;277-279;Utbah;PERSON;1220.0;1225.0;0.99;pred
000130-001;279-281;Rasulullah;PERSON;43.0;53.0;0.99;pred
000130-001;279-281;Rasulullah;PERSON;326.0;336.0;0.99;pred
000130-001;279-281;Sawad bin Ghaziyyah;PERSON;422.0;441.0;0.99;pred
000130-001;279-281;Rasulullah;PERSON;608.0;618.0;0.99;pred
000130-001;279-281;Sawad;PERSON;878.0;883.0;0.99;pred
000130-001;279-281;Rasulullah;PERSON;901.0;911.0;0.99;pred
000130-002;279-281;Abu Bakar;PERSON;368.0;377.0;0.99;pred
000130-002;279-281;Sa'd bin Mu'adz;PERSON;389.0;404.0;0.99;pred
000130-002;279-281;Abu Jahl;PERSON;503.0;511.0;0.99;pred
000130-002;279-281;Abu Jahl;PERSON;891.0;899.0;0.99;pred
000131-002;281-282;Muhammad;PERSON;155.0;163.0;0.99;pred
000131-002;281-282;Rasulullah;PERSON;235.0;245.0;0.99;pred
000131-002;281-282;Ubaidah bin Al-Harits;PERSON;273.0;294.0;0.99;pred
000131-002;281-282;Hamzah;PERSON;303.0;309.0;0.99;pred
000131-002;281-282;Ali;PERSON;321.0;324.0;0.99;pred
000131-002;281-282;Utbah bin Rabi;PERSON;594.0;608.0;0.99;pred
000131-002;281-282;Hamzah;PERSON;613.0;619.0;0.99;pred
000131-002;281-282;Syaibah bin Rabi;PERSON;638.0;654.0;0.99;pred
000131-002;281-282;Ali;PERSON;662.0;665.0;0.99;pred
000131-002;281-282;Hamzah;PERSON;698.0;704.0;0.99;pred
000131-002;281-282;Ali;PERSON;709.0;712.0;0.99;pred
000131-002;281-282;Hamzah;PERSON;915.0;921.0;0.99;pred
000131-002;281-282;Ali;PERSON;926.0;929.0;0.99;pred
000131-002;281-282;Utbah;PERSON;942.0;947.0;0.99;pred
000131-002;281-282;Ash-Shafra;LOCATION;1127.0;1137.0;0.99;pred
000131-002;281-282;Perang Badr;EVENT;1169.0;1180.0;0.99;pred
000131-002;281-282;Madinah;LOCATION;1213.0;1220.0;0.99;pred
000131-002;281-282;Ali;PERSON;1236.0;1239.0;0.99;pred
000132-002;282-283;Rasulullah;PERSON;117.0;127.0;0.99;pred
000134-003;284-286;Jibril;PERSON;28.0;34.0;0.99;pred
000134-003;284-286;Rasulullah;PERSON;141.0;151.0;0.99;pred
000134-003;284-286;Abu Dawud;PERSON;226.0;235.0;0.99;pred
000134-003;284-286;Al-Abbas bin Abdul Muththalib;PERSON;485.0;514.0;0.99;pred
000134-003;284-286;Al-Abbas;PERSON;532.0;540.0;0.99;pred
000134-003;284-286;Rasulullah;PERSON;823.0;833.0;0.99;pred
000135-001;286;Suraqah bin Malik bin Ju'syum;PERSON;150.0;179.0;0.99;pred
000135-001;286;Al-Harits bin Hisyam;PERSON;286.0;306.0;0.99;pred
000137-002;287-289;Abu Jahal;PERSON;221.0;230.0;0.99;pred
000137-002;287-289;Rasulullah;PERSON;344.0;354.0;0.99;pred
000137-002;287-289;Abu Jahal;PERSON;715.0;724.0;0.99;pred
000137-002;287-289;Abu Jahal;PERSON;933.0;942.0;0.99;pred
000137-002;287-289;Rasulullah;PERSON;1029.0;1039.0;0.99;pred
000137-002;287-289;Rasulullah;PERSON;1365.0;1375.0;0.99;pred
000137-002;287-289;Mu'adz bin Amr;PERSON;1433.0;1447.0;0.99;pred
000137-003;287-289;Rasulullah;PERSON;95.0;105.0;0.99;pred
000137-003;287-289;Mu'adz bin Amr;PERSON;163.0;177.0;0.99;pred
000137-003;287-289;Mu' adz bin Amr;PERSON;210.0;225.0;0.99;pred
000137-003;287-289;Mu'awwidz bin Ibnu Ishaq;PERSON;239.0;263.0;0.99;pred
000137-003;287-289;bin Amr bin Al-Jamuh;PERSON;284.0;304.0;0.99;pred
000137-003;287-289;Abu Jahal;PERSON;374.0;383.0;0.99;pred
000137-003;287-289;Hakam;PERSON;571.0;576.0;0.99;pred
000137-003;287-289;Jahal;PERSON;582.0;587.0;0.99;pred
000137-003;287-289;Ikrimah;PERSON;842.0;849.0;0.99;pred
000137-003;287-289;Mu awwidz bin Afra;PERSON;1236.0;1254.0;0.99;pred
000137-003;287-289;Abu Jahal;PERSON;1265.0;1274.0;0.99;pred
000137-004;287-289;Mu awwidz bin Afra;PERSON;14.0;32.0;0.99;pred
000137-004;287-289;Abu Jahal;PERSON;43.0;52.0;0.99;pred
000137-004;287-289;Mu;PERSON;140.0;142.0;0.99;pred
000137-004;287-289;Rasulullah;PERSON;386.0;396.0;0.99;pred
000137-004;287-289;Abu Jahal;PERSON;448.0;457.0;0.99;pred
000137-004;287-289;Abdullah bin Mas'ud;PERSON;510.0;529.0;0.99;pred
000137-004;287-289;Abdullah bin Mas'ud;PERSON;577.0;596.0;0.99;pred
000137-004;287-289;Abu Jahal;PERSON;627.0;636.0;0.99;pred
000137-004;287-289;Abdullah bin Mas'ud;PERSON;748.0;767.0;0.99;pred
000137-004;287-289;Abu Jahal;PERSON;806.0;815.0;0.99;pred
000137-005;287-289;Abdullah bin Mas'ud;PERSON;212.0;231.0;0.99;pred
000137-005;287-289;Abu Jahal;PERSON;265.0;274.0;0.99;pred
000137-005;287-289;Abdullah bin Mas'ud;PERSON;290.0;309.0;0.99;pred
000137-005;287-289;Makkah;LOCATION;434.0;440.0;0.99;pred
000137-005;287-289;Abdullah bin Mas'ud;PERSON;447.0;466.0;0.99;pred
000137-005;287-289;Abdullah bin Mas'ud;PERSON;522.0;541.0;0.99;pred
000137-005;287-289;Abu Jahal;PERSON;557.0;566.0;0.99;pred
000137-005;287-289;Rasulullah;PERSON;593.0;603.0;0.99;pred
000137-005;287-289;Rasulullah;PERSON;629.0;639.0;0.99;pred
000137-005;287-289;Abu Jahal;PERSON;668.0;677.0;0.99;pred
000138-003;289-293;Abul Bakhtari;PERSON;129.0;142.0;0.99;pred
000138-003;289-293;Abul Bakhtari;PERSON;223.0;236.0;0.99;pred
000138-003;289-293;Abdurrahman bin Auf;PERSON;241.0;260.0;0.99;pred
000138-003;289-293;Umayyah bin Khalaf;PERSON;265.0;283.0;0.99;pred
000138-003;289-293;Makkah;LOCATION;326.0;332.0;0.99;pred
000138-003;289-293;Perang Badr;EVENT;339.0;350.0;0.99;pred
000138-003;289-293;Abdurrahman;PERSON;355.0;366.0;0.99;pred
000138-003;289-293;Umayyah bin Khalaf;PERSON;376.0;394.0;0.99;pred
000138-003;289-293;Ali bin Umayyah;PERSON;442.0;457.0;0.99;pred
000138-003;289-293;Abdurrahman;PERSON;478.0;489.0;0.99;pred
000138-003;289-293;Umayyah;PERSON;563.0;570.0;0.99;pred
000138-003;289-293;Umayyah;PERSON;773.0;780.0;0.99;pred
000138-003;289-293;Umayyah;PERSON;942.0;949.0;0.99;pred
000138-003;289-293;Ummayah bin Khalaf;PERSON;1080.0;1098.0;0.99;pred
000138-003;289-293;Hamzah bin Abdul Muththalib;PERSON;1243.0;1270.0;0.99;pred
000138-003;289-293;Umayyah;PERSON;1359.0;1366.0;0.99;pred
000138-005;289-293;Abdurrahman bin Auf;PERSON;124.0;143.0;0.99;pred
000138-005;289-293;Umayyah;PERSON;159.0;166.0;0.99;pred
000138-005;289-293;Umayyah;PERSON;197.0;204.0;0.99;pred
000138-005;289-293;Umar bin Al-Khaththab;PERSON;482.0;503.0;0.99;pred
000138-005;289-293;Al-Ash bin Hisyam bin Al-Mughirah;PERSON;531.0;564.0;0.99;pred
000138-005;289-293;Abu Bakar Ash-Shiddiq;PERSON;586.0;607.0;0.99;pred
000138-005;289-293;Rasulullah;PERSON;935.0;945.0;0.99;pred
000138-005;289-293;Sa d bin Mu adz;PERSON;970.0;985.0;0.99;pred
000138-005;289-293;Rasulullah;PERSON;1251.0;1261.0;0.99;pred
000139-001;294;Rasulullah;PERSON;505.0;515.0;0.99;pred
000139-001;294;Abu Thalhah;PERSON;914.0;925.0;0.99;pred
000139-001;294;Badr;LOCATION;1177.0;1181.0;0.99;pred
000139-001;294;Perang Badr;EVENT;1223.0;1234.0;0.99;pred
000139-002;294;Fulan bin Fulan;PERSON;129.0;144.0;0.99;pred
000139-002;294;Fulan bin Fulan;PERSON;152.0;167.0;0.99;pred
000139-002;294;Umar;PERSON;430.0;434.0;0.99;pred
000139-002;294;Rasulullah;PERSON;452.0;462.0;0.99;pred
000139-002;294;Muhammad;PERSON;573.0;581.0;0.99;pred
000140-002;295-297;Zamzam;LOCATION;253.0;259.0;0.99;pred
000140-002;295-297;Ummul Fadhl;PERSON;348.0;359.0;0.99;pred
000140-002;295-297;Abu Lahab;PERSON;455.0;464.0;0.99;pred
000140-002;295-297;Zamzam;LOCATION;564.0;570.0;0.99;pred
000140-002;295-297;Abu Sufyan bin Al-Harits bin Abdul Muththalib;PERSON;618.0;663.0;0.99;pred
000140-002;295-297;Abu Lahab;PERSON;700.0;709.0;0.99;pred
000140-002;295-297;Abu Sufyan;PERSON;780.0;790.0;0.99;pred
000140-002;295-297;Abu Lahab;PERSON;934.0;943.0;0.99;pred
000140-002;295-297;Abu Sufyan;PERSON;945.0;955.0;0.99;pred
000140-004;295-297;Makkah;LOCATION;275.0;281.0;0.99;pred
000140-004;295-297;Perang Badr;EVENT;322.0;333.0;0.99;pred
000140-004;295-297;Perang Badr;EVENT;533.0;544.0;0.99;pred
000140-004;295-297;Al-Aswad bin Al-Muththalib;PERSON;549.0;575.0;0.99;pred
000140-004;295-297;Abu Hakimah;PERSON;910.0;921.0;0.99;pred
000141-001;297;Rasulullah;PERSON;72.0;82.0;0.99;pred
000141-001;297;Madinah;LOCATION;147.0;154.0;0.99;pred
000141-001;297;Abdullah bin Rawahah;PERSON;218.0;238.0;0.99;pred
000141-001;297;Zaid bin Haritsah;PERSON;316.0;333.0;0.99;pred
000141-001;297;Madinah;LOCATION;497.0;504.0;0.99;pred
000141-001;297;Zaid bin Haritsah;PERSON;561.0;578.0;0.99;pred
000141-001;297;Rasulullah;PERSON;614.0;624.0;0.99;pred
000141-001;297;Zaid;PERSON;746.0;750.0;0.99;pred
000141-001;297;Madinah;LOCATION;1072.0;1079.0;0.99;pred
000142-001;298-299;Rasulullah;PERSON;15.0;25.0;0.99;pred
000142-001;298-299;Badr;LOCATION;42.0;46.0;0.99;pred
000142-001;298-299;Ubadah bin Ash-Shamit;PERSON;389.0;410.0;0.99;pred
000142-001;298-299;Perang Badr;EVENT;466.0;477.0;0.99;pred
000142-001;298-299;Rasulullah;PERSON;738.0;748.0;0.99;pred
000142-002;298-299;Badr;LOCATION;256.0;260.0;0.99;pred
000142-002;298-299;Rasulullah;PERSON;270.0;280.0;0.99;pred
000142-002;298-299;Madinah;LOCATION;293.0;300.0;0.99;pred
000142-002;298-299;Abdullah bin Ka'b;PERSON;421.0;438.0;0.99;pred
000142-002;298-299;An-Nadhr bin Al-Harits;PERSON;637.0;659.0;0.99;pred
000142-002;298-299;Rasulullah;PERSON;835.0;845.0;0.99;pred
000142-002;298-299;Ali bin Abu Thalib;PERSON;876.0;894.0;0.99;pred
000142-002;298-299;Uqbah bin Abu Mu'aith;PERSON;965.0;986.0;0.99;pred
000142-002;298-299;Rasulullah;PERSON;1056.0;1066.0;0.99;pred
000142-002;298-299;Abu Bakar;PERSON;1260.0;1269.0;0.99;pred
000142-002;298-299;Muhammad;PERSON;1387.0;1395.0;0.99;pred
000142-002;298-299;Ashim bin Tsabit;PERSON;1448.0;1464.0;0.99;pred
000143-001;299-300;Madinah;LOCATION;86.0;93.0;0.99;pred
000143-001;299-300;Salamah bin Salamah;PERSON;190.0;209.0;0.99;pred
000143-001;299-300;Rasulullah;PERSON;457.0;467.0;0.99;pred
000143-001;299-300;Usaid bin Hudhair;PERSON;565.0;582.0;0.99;pred
000143-001;299-300;Rasulullah;PERSON;643.0;653.0;0.99;pred
000143-001;299-300;Rasulullah;PERSON;752.0;762.0;0.99;pred
000143-001;299-300;Badr;LOCATION;906.0;910.0;0.99;pred
000143-001;299-300;Rasulullah;PERSON;1034.0;1044.0;0.99;pred
000143-001;299-300;Madinah;LOCATION;1091.0;1098.0;0.99;pred
000143-001;299-300;Madinah;LOCATION;1196.0;1203.0;0.99;pred
000143-001;299-300;Madinah;LOCATION;1253.0;1260.0;0.99;pred
000143-001;299-300;Abdullah bin Ubay;PERSON;1315.0;1332.0;0.99;pred
000143-001;299-300;Madinah;LOCATION;1422.0;1429.0;0.99;pred
000143-002;299-300;Abdullah bin Ubay;PERSON;24.0;41.0;0.99;pred
000143-002;299-300;Madinah;LOCATION;131.0;138.0;0.99;pred
000144-001;300-302;Madinah;LOCATION;10.0;17.0;0.99;pred
000144-001;300-302;Rasulullah;PERSON;19.0;29.0;0.99;pred
000144-001;300-302;Abu Bakar;PERSON;92.0;101.0;0.99;pred
000144-001;300-302;Rasulullah;PERSON;118.0;128.0;0.99;pred
000144-001;300-302;Ibnul Khaththab;PERSON;516.0;531.0;0.99;pred
000144-001;300-302;Rasulullah;PERSON;540.0;550.0;0.99;pred
000144-001;300-302;Abu Bakar;PERSON;610.0;619.0;0.99;pred
000144-001;300-302;Uqail bin Abu Thalib;PERSON;704.0;724.0;0.99;pred
000144-001;300-302;Ali bin Abu Thalib;PERSON;732.0;750.0;0.99;pred
000144-001;300-302;Hamzah;PERSON;800.0;806.0;0.99;pred
000144-001;300-302;Rasulullah;PERSON;1008.0;1018.0;0.99;pred
000144-001;300-302;Abu Bakar;PERSON;1049.0;1058.0;0.99;pred
000144-001;300-302;Umar;PERSON;1088.0;1092.0;0.99;pred
000144-001;300-302;Umar bin Al-Khaththab;PERSON;1169.0;1190.0;0.99;pred
000144-001;300-302;Rasulullah;PERSON;1227.0;1237.0;0.99;pred
000144-001;300-302;Abu Bakar;PERSON;1251.0;1260.0;0.99;pred
000144-001;300-302;Rasulullah;PERSON;1301.0;1311.0;0.99;pred
000144-003;300-302;Umar bin Al-Khaththab;PERSON;261.0;282.0;0.99;pred
000144-003;300-302;Ibnul Jauzi;PERSON;284.0;295.0;0.99;pred
000144-003;300-302;Abu Bakarlah;PERSON;319.0;331.0;0.99;pred
000144-003;300-302;Madinah;LOCATION;557.0;564.0;0.99;pred
000144-003;300-302;Rasulullah;PERSON;663.0;673.0;0.99;pred
000144-003;300-302;Al-Muththalib bin Hanthab;PERSON;762.0;787.0;0.99;pred
000144-003;300-302;Shaifl bin Abu Rifa'ah;PERSON;789.0;811.0;0.99;pred
000144-003;300-302;Abu Azzah;PERSON;813.0;822.0;0.99;pred
000144-003;300-302;Uhud;LOCATION;887.0;891.0;0.99;pred
000144-003;300-302;Abul Ash;PERSON;929.0;937.0;0.99;pred
000144-003;300-302;Zainab;PERSON;982.0;988.0;0.99;pred
000144-003;300-302;Zainab;PERSON;1036.0;1042.0;0.99;pred
000144-003;300-302;Khadijah;PERSON;1151.0;1159.0;0.99;pred
000144-003;300-302;Rasulullah;PERSON;1174.0;1184.0;0.99;pred
000144-003;300-302;Abul Ash;PERSON;1297.0;1305.0;0.99;pred
000144-003;300-302;Zainab;PERSON;1399.0;1405.0;0.99;pred
000144-003;300-302;Madinah;LOCATION;1431.0;1438.0;0.99;pred
000144-004;300-302;Zainab;PERSON;24.0;30.0;0.99;pred
000144-004;300-302;Madinah;LOCATION;56.0;63.0;0.99;pred
000144-004;300-302;Zainab;PERSON;80.0;86.0;0.99;pred
000144-004;300-302;Zaid bin Haritsah;PERSON;104.0;121.0;0.99;pred
000144-004;300-302;Zainab;PERSON;223.0;229.0;0.99;pred
000144-004;300-302;Zainab;PERSON;317.0;323.0;0.99;pred
000144-004;300-302;Madinah;LOCATION;352.0;359.0;0.99;pred
000144-004;300-302;Suhail bin Amr;PERSON;444.0;458.0;0.99;pred
000144-004;300-302;Umar;PERSON;487.0;491.0;0.99;pred
000144-004;300-302;Rasulullah;PERSON;507.0;517.0;0.99;pred
000144-004;300-302;Suhail bin Amr;PERSON;542.0;556.0;0.99;pred
000144-004;300-302;Umar;PERSON;707.0;711.0;0.99;pred
000144-004;300-302;Makkah;LOCATION;828.0;834.0;0.99;pred
000144-004;300-302;Abu Sufyan;PERSON;873.0;883.0;0.99;pred
000144-004;300-302;Abu Sufyan;PERSON;900.0;910.0;0.99;pred
000144-004;300-302;Perang Badr;EVENT;938.0;949.0;0.99;pred
000144-004;300-302;Abu Sufyan;PERSON;1001.0;1011.0;0.99;pred
000145-002;302-304;tahun kedua Hijriyah;TIME;827.0;847.0;0.99;pred
000145-002;302-304;Fitri;TIME;1268.0;1273.0;0.99;pred
000145-002;302-304;bulan Syawwal 2 Hijriyah;TIME;1279.0;1303.0;0.99;pred
000145-002;302-304;Perang Badr;EVENT;1359.0;1370.0;0.99;pred
000145-003;302-304;Badr;LOCATION;907.0;911.0;0.99;pred
000150-002;310-312;Rasulullah;PERSON;304.0;314.0;0.99;pred
000150-002;310-312;Rasulullah;PERSON;989.0;999.0;0.99;pred
000150-002;310-312;Syas bin Qais;PERSON;1100.0;1113.0;0.99;pred
000151-003;312-314;Rasulullah;PERSON;434.0;444.0;0.99;pred
000151-003;312-314;Madinah;LOCATION;681.0;688.0;0.99;pred
000151-003;312-314;Madinah;LOCATION;739.0;746.0;0.99;pred
000151-003;312-314;Ibnu Hisyam;PERSON;775.0;786.0;0.99;pred
000151-003;312-314;Abu Aun;PERSON;805.0;812.0;0.99;pred
000153-001;315-316;Shafwan bin Umayyah;PERSON;0.0;19.0;0.99;pred
000153-001;315-316;Abu Sofy;PERSON;100.0;108.0;0.99;pred
000153-001;315-316;Muhammad;PERSON;391.0;399.0;0.99;pred
000153-001;315-316;Madinah;LOCATION;563.0;570.0;0.99;pred
000153-001;315-316;Madinah;LOCATION;617.0;624.0;0.99;pred
000153-001;315-316;Madinah;LOCATION;709.0;716.0;0.99;pred
000153-001;315-316;Huyai bin Akhtab;PERSON;765.0;781.0;0.99;pred
000153-001;315-316;Sallam bin Misykam;PERSON;905.0;923.0;0.99;pred
000153-001;315-316;Abu Sofyan;PERSON;947.0;957.0;0.99;pred
000153-001;315-316;Abu Sofyan;PERSON;1069.0;1079.0;0.99;pred
000153-001;315-316;Madinah;LOCATION;1210.0;1217.0;0.99;pred
000153-001;315-316;Al-Uraidh;LOCATION;1234.0;1243.0;0.99;pred
000153-001;315-316;Ibnu Hisyam;PERSON;1323.0;1334.0;0.99;pred
000155-003;317-321;Rasulullah;PERSON;14.0;24.0;0.99;pred
000155-003;317-321;Ka'b bin Al-Asyraf;PERSON;107.0;125.0;0.99;pred
000155-003;317-321;Muhammad bin Maslamah;PERSON;234.0;255.0;0.99;pred
000155-003;317-321;Ubbad bin Bisyr;PERSON;257.0;272.0;0.99;pred
000155-003;317-321;Abu Na'ilah;PERSON;274.0;285.0;0.99;pred
000155-003;317-321;Sulkan bin Salamah;PERSON;291.0;309.0;0.99;pred
000155-003;317-321;Ka'b;PERSON;319.0;323.0;0.99;pred
000155-003;317-321;Al-Harits bin Aus;PERSON;337.0;354.0;0.99;pred
000155-003;317-321;Abu Abbas bin Jabr;PERSON;359.0;377.0;0.99;pred
000155-003;317-321;Muhammad bin Maslamah;PERSON;413.0;434.0;0.99;pred
000155-003;317-321;Ka'b bin Al-Asyraf;PERSON;479.0;497.0;0.99;pred
000155-003;317-321;Rasulullah;PERSON;528.0;538.0;0.99;pred
000155-003;317-321;Ka'b bin Al-Asyraf;PERSON;582.0;600.0;0.99;pred
000155-003;317-321;Muhammad bin Maslamah;PERSON;662.0;683.0;0.99;pred
000155-003;317-321;Rasulullah;PERSON;719.0;729.0;0.99;pred
000155-003;317-321;Muhammad bin Maslamah;PERSON;847.0;868.0;0.99;pred
000155-003;317-321;Ka'b;PERSON;917.0;921.0;0.99;pred
000155-003;317-321;Muhammad bin Maslamah;PERSON;923.0;944.0;0.99;pred
000155-003;317-321;Ka'b bin Al-Asyraf;PERSON;961.0;979.0;0.99;pred
000155-003;317-321;Muhammad;PERSON;1010.0;1018.0;0.99;pred
000155-003;317-321;Rasulullah;PERSON;1149.0;1159.0;0.99;pred
000155-003;317-321;Ka'b;PERSON;1160.0;1164.0;0.99;pred
000155-003;317-321;Muhammad bin Maslamah;PERSON;1220.0;1241.0;0.99;pred
000155-003;317-321;Ka'b;PERSON;1460.0;1464.0;0.99;pred
000158-002;324-325;Habasyah;LOCATION;581.0;589.0;0.99;pred
000158-002;324-325;Tihamah;LOCATION;609.0;616.0;0.99;pred
000158-002;324-325;Shafwan bin Umayyah;PERSON;714.0;733.0;0.99;pred
000158-002;324-325;Abu Azzah;PERSON;743.0;752.0;0.99;pred
000158-002;324-325;Perang Badr;EVENT;787.0;798.0;0.99;pred
000158-002;324-325;Rasulullah;PERSON;826.0;836.0;0.99;pred
000158-002;324-325;Abu Shafwan;PERSON;934.0;945.0;0.99;pred
000158-002;324-325;Abu Azzah;PERSON;1052.0;1061.0;0.99;pred
000158-002;324-325;Abu Azzah;PERSON;1217.0;1226.0;0.99;pred
000158-003;324-325;Abu Azzah;PERSON;5.0;14.0;0.99;pred
000158-003;324-325;Musafi' bin Abdi;PERSON;146.0;162.0;0.99;pred
000158-003;324-325;Abu Sufyan;PERSON;179.0;189.0;0.99;pred
000158-003;324-325;Perang Sawiq;EVENT;298.0;310.0;0.99;pred
000158-003;324-325;Zaid bin Haritsah;PERSON;540.0;557.0;0.99;pred
000159-001;325-326;Makkah;LOCATION;397.0;403.0;0.99;pred
000159-001;325-326;Abu Sufyan bin Harb;PERSON;598.0;617.0;0.99;pred
000159-001;325-326;Khalid bin Al-Walid;PERSON;661.0;680.0;0.99;pred
000159-001;325-326;Ikrimah bin Abu Jahl;PERSON;690.0;710.0;0.99;pred
000161-001;326;Al-Abbas bin Abdul Muththalib;PERSON;0.0;29.0;0.99;pred
000161-001;326;Makkah;LOCATION;52.0;58.0;0.99;pred
000161-001;326;Al-Abbas;PERSON;164.0;172.0;0.99;pred
000161-001;326;Al-Abbas;PERSON;285.0;293.0;0.99;pred
000161-001;326;Makkah;LOCATION;347.0;353.0;0.99;pred
000161-001;326;Madinah;LOCATION;358.0;365.0;0.99;pred
000161-001;326;Ubay bin Ka'b;PERSON;485.0;498.0;0.99;pred
000161-001;326;Madinah;LOCATION;606.0;613.0;0.99;pred
000162-001;326;Madinah;LOCATION;0.0;7.0;0.99;pred
000162-001;326;Sa'd bin Mu'adz;PERSON;217.0;232.0;0.99;pred
000162-001;326;Usaid bin Hudhair;PERSON;234.0;251.0;0.99;pred
000162-001;326;Sa'd bin Ubadah;PERSON;256.0;271.0;0.99;pred
000162-001;326;Rasulullah;PERSON;296.0;306.0;0.99;pred
000162-001;326;Madinah;LOCATION;380.0;387.0;0.99;pred
000163-001;327;Makkah;LOCATION;8.0;14.0;0.99;pred
000163-001;327;Madinah;LOCATION;81.0;88.0;0.99;pred
000163-001;327;Hindun bin Uthbah;PERSON;107.0;124.0;0.99;pred
000163-001;327;Abu Sufyan;PERSON;132.0;142.0;0.99;pred
000163-001;327;Rasulullah;PERSON;185.0;195.0;0.99;pred
000163-001;327;Madinah;LOCATION;418.0;425.0;0.99;pred
000163-001;327;Uhud;LOCATION;512.0;516.0;0.99;pred
000163-001;327;Madinah;LOCATION;567.0;574.0;0.99;pred
000163-001;327;hari Jum'at tanggal 6 Syawwal 3 H;TIME;622.0;655.0;0.99;pred
000164-001;327-328;Makkah;LOCATION;22.0;28.0;0.99;pred
000164-001;327-328;Makkah;LOCATION;126.0;132.0;0.99;pred
000164-001;327-328;Rasulullah;PERSON;143.0;153.0;0.99;pred
000164-001;327-328;Madinah;LOCATION;749.0;756.0;0.99;pred
000164-001;327-328;Madinah;LOCATION;846.0;853.0;0.99;pred
000164-001;327-328;Madinah;LOCATION;873.0;880.0;0.99;pred
000164-001;327-328;Madinah;LOCATION;936.0;943.0;0.99;pred
000164-001;327-328;Madinah;LOCATION;1080.0;1087.0;0.99;pred
000164-001;327-328;Abdullah bin Ubay;PERSON;1249.0;1266.0;0.99;pred
000164-002;327-328;Abdullah bin Ubay;PERSON;0.0;17.0;0.99;pred
000164-002;327-328;Perang Badr;EVENT;725.0;736.0;0.99;pred
000164-002;327-328;Madinah;LOCATION;792.0;799.0;0.99;pred
000164-002;327-328;Rasulullah;PERSON;902.0;912.0;0.99;pred
000164-002;327-328;Hamzah bin Abdul Muththalib;PERSON;1224.0;1251.0;0.99;pred
000164-002;327-328;Rasulullah;PERSON;1259.0;1269.0;0.99;pred
000164-002;327-328;Perang Badr;EVENT;1282.0;1293.0;0.99;pred
000165-001;328-329;Sa'd bin Mu'adz;PERSON;388.0;403.0;0.99;pred
000165-001;328-329;Usaid bin Hudhair;PERSON;408.0;425.0;0.99;pred
000165-001;328-329;Rasulullah;PERSON;478.0;488.0;0.99;pred
000165-001;328-329;Rasulullah;PERSON;597.0;607.0;0.99;pred
000165-001;328-329;Madinah;LOCATION;733.0;740.0;0.99;pred
000165-001;328-329;Mush'ab bin Umair;PERSON;1049.0;1066.0;0.99;pred
000165-001;328-329;Usaid bin Hudhair;PERSON;1129.0;1146.0;0.99;pred
000165-001;328-329;Al-Hubab bin Al-Mundzir;PERSON;1203.0;1226.0;0.99;pred
000166-001;329-330;Abdullah bin Umar bin Al-Khaththab;PERSON;229.0;263.0;0.99;pred
000166-001;329-330;Usamah bin Zaid;PERSON;265.0;280.0;0.99;pred
000166-001;329-330;Usaid bin Zhuhair;PERSON;282.0;299.0;0.99;pred
000166-001;329-330;Zaid bin Tsabit;PERSON;301.0;316.0;0.99;pred
000166-001;329-330;Zaid bin Arqam;PERSON;318.0;332.0;0.99;pred
000166-001;329-330;Amr bin Hazm;PERSON;334.0;346.0;0.99;pred
000166-001;329-330;Abu Sa'id;PERSON;348.0;357.0;0.99;pred
000166-001;329-330;Sa;PERSON;373.0;375.0;0.99;pred
000166-001;329-330;d bin Habbah;PERSON;376.0;388.0;0.99;pred
000166-001;329-330;Al-Barra' bin Azib;PERSON;421.0;439.0;0.99;pred
000166-001;329-330;Al-Barra;PERSON;477.0;485.0;0.99;pred
000166-001;329-330;Perang Uhud;EVENT;505.0;516.0;0.99;pred
000166-001;329-330;Rafi' bin Khadij;PERSON;531.0;547.0;0.99;pred
000166-001;329-330;Samurah bin Jundab;PERSON;552.0;570.0;0.99;pred
000166-001;329-330;Rafi' bin Khadij;PERSON;637.0;653.0;0.99;pred
000166-001;329-330;Ibnul Qayyim;PERSON;859.0;871.0;0.99;pred
000166-001;329-330;Ibnu Hajar;PERSON;902.0;912.0;0.99;pred
000166-001;329-330;Musa bin Uqbah;PERSON;987.0;1001.0;0.99;pred
000166-001;329-330;Perang Uhud;EVENT;1056.0;1067.0;0.99;pred
000166-001;329-330;Rasulullah;PERSON;1146.0;1156.0;0.99;pred
000166-001;329-330;Abu Burdah;PERSON;1172.0;1182.0;0.99;pred
000166-001;329-330;Rasulullah;PERSON;1292.0;1302.0;0.99;pred
000166-002;329-330;Rasulullah;PERSON;82.0;92.0;0.99;pred
000166-002;329-330;Dzakwan bin Abd Qais;PERSON;502.0;522.0;0.99;pred
000167-001;330-331;Abdullah bin Ubay;PERSON;156.0;173.0;0.99;pred
000167-001;330-331;Abdullah bin Ubay;PERSON;331.0;348.0;0.99;pred
000167-001;330-331;Madinah;LOCATION;1177.0;1184.0;0.99;pred
000167-001;330-331;Abdullah bin Ubay;PERSON;1238.0;1255.0;0.99;pred
000167-002;330-331;Abdullah bin Haram;PERSON;617.0;635.0;0.99;pred
000167-002;330-331;Jabir bin Abdullah;PERSON;642.0;660.0;0.99;pred
000167-002;330-331;Abdullah bin Haram;PERSON;1080.0;1098.0;0.99;pred
000169-001;332-334;Rasulullah;PERSON;8.0;18.0;0.99;pred
000169-001;332-334;Abdullah bin Jubair bin An-Nu'man;PERSON;225.0;258.0;0.99;pred
000169-001;332-334;Rasulullah;PERSON;579.0;589.0;0.99;pred
000169-001;332-334;Ibnu Hisyam;PERSON;860.0;871.0;0.99;pred
000169-002;332-334;Al-Mundzir bin Amr;PERSON;759.0;777.0;0.99;pred
000169-002;332-334;Az-Zubair bin Al-Awwam;PERSON;805.0;827.0;0.99;pred
000169-002;332-334;Al-Miqdad bin Al-Aswad;PERSON;885.0;907.0;0.99;pred
000169-002;332-334;Khalid bin Al-Walid;PERSON;1001.0;1020.0;0.99;pred
000169-002;332-334;Rasulullah;PERSON;1343.0;1353.0;0.99;pred
000169-003;332-334;Rasulullah;PERSON;112.0;122.0;0.99;pred
000169-003;332-334;Ibnu Abbas;PERSON;1031.0;1041.0;0.99;pred
000169-003;332-334;hari Sabtu pagi tanggal 7 Syawwal 3 H;TIME;1259.0;1296.0;0.99;pred
000171-001;334-335;Abu Sufyan bin Harb;PERSON;123.0;142.0;0.99;pred
000171-001;334-335;Ikrimah bin Abu Jahl;PERSON;234.0;254.0;0.99;pred
000171-001;334-335;Shafwan bin Umayyah;PERSON;291.0;310.0;0.99;pred
000171-001;334-335;Abdullah bin Rabi;PERSON;334.0;351.0;0.99;pred
000171-001;334-335;Makkah;LOCATION;523.0;529.0;0.99;pred
000171-001;334-335;Qushay bin Kilab;PERSON;550.0;566.0;0.99;pred
000171-001;334-335;Abu Sufyan;PERSON;751.0;761.0;0.99;pred
000171-001;334-335;Perang Badr;EVENT;844.0;855.0;0.99;pred
000171-001;334-335;An-Nadhr bin Al-Harits;PERSON;892.0;914.0;0.99;pred
000171-001;334-335;Perang Badr;EVENT;1024.0;1035.0;0.99;pred
000171-001;334-335;Muhammad;PERSON;1304.0;1312.0;0.99;pred
000171-001;334-335;Abu Sufyan;PERSON;1355.0;1365.0;0.99;pred
000171-002;334-335;Muhammad;PERSON;103.0;111.0;0.99;pred
000171-002;334-335;Abu Sufyan;PERSON;154.0;164.0;0.99;pred
000171-002;334-335;Abu Sufyan;PERSON;234.0;244.0;0.99;pred
000172-001;335-336;Abu Sufyan;PERSON;109.0;119.0;0.99;pred
000172-001;335-336;Abu Sufyan;PERSON;463.0;473.0;0.99;pred
000172-001;335-336;Abu Amir;PERSON;745.0;753.0;0.99;pred
000172-001;335-336;Abd Amr bin Shaifi;PERSON;806.0;824.0;0.99;pred
000172-001;335-336;Rasulullah;PERSON;865.0;875.0;0.99;pred
000172-001;335-336;Madinah;LOCATION;971.0;978.0;0.99;pred
000172-001;335-336;Madinah;LOCATION;1033.0;1040.0;0.99;pred
000172-001;335-336;Makkah;LOCATION;1383.0;1389.0;0.99;pred
000173-001;336;perang;EVENT;62.0;68.0;0.99;pred
000173-001;336;Hindun binti Utbah;PERSON;88.0;106.0;0.99;pred
000173-001;336;Abu Sufyan;PERSON;114.0;124.0;0.99;pred
000174-001;336-337;Thalhah bin Abu Thalhah;PERSON;186.0;209.0;0.99;pred
000175-001;337-338;Thalhah bin Abu Thalhah;PERSON;314.0;337.0;0.99;pred
000175-001;337-338;Az-Zubair;PERSON;357.0;366.0;0.99;pred
000175-001;337-338;Abu Syaibah;PERSON;403.0;414.0;0.99;pred
000175-001;337-338;Utsman bin Abu Thalhah;PERSON;415.0;437.0;0.99;pred
000175-001;337-338;Hamzah bin Abdul Muththtalib;PERSON;641.0;669.0;0.99;pred
000175-001;337-338;Hamzah;PERSON;772.0;778.0;0.99;pred
000175-001;337-338;Abu Sa'd bin Abu Thalhah;PERSON;899.0;923.0;0.99;pred
000175-001;337-338;Sa'd bin Abi Waqqash;PERSON;931.0;951.0;0.99;pred
000175-001;337-338;Abu Sa;PERSON;960.0;966.0;0.99;pred
000175-001;337-338;Ali bin Abu Thalib;PERSON;1148.0;1166.0;0.99;pred
000175-001;337-338;Abu Sa'd;PERSON;1178.0;1186.0;0.99;pred
000175-001;337-338;Ali bin Abu Thalib;PERSON;1240.0;1258.0;0.99;pred
000176-001;338-340;Perang Uhud;EVENT;366.0;377.0;0.99;pred
000176-001;338-340;Abu Dujanah;PERSON;379.0;390.0;0.99;pred
000176-001;338-340;Rasulullah;PERSON;478.0;488.0;0.99;pred
000176-001;338-340;Az-Zubair bin Al-Awwam;PERSON;759.0;781.0;0.99;pred
000176-001;338-340;Rasulullah;PERSON;871.0;881.0;0.99;pred
000176-001;338-340;Abu Dujanah;PERSON;942.0;953.0;0.99;pred
000176-001;338-340;Abu Dujanah;PERSON;1132.0;1143.0;0.99;pred
000176-001;338-340;Abu Dujanah;PERSON;1186.0;1197.0;0.99;pred
000176-001;338-340;Abu Dujanah;PERSON;1285.0;1296.0;0.99;pred
000176-001;338-340;Dujanah;PERSON;1416.0;1423.0;0.99;pred
000176-003;338-340;Az-Zubair bin Al-Awwam;PERSON;0.0;22.0;0.99;pred
000176-003;338-340;Abu Dujanah;PERSON;41.0;52.0;0.99;pred
000176-003;338-340;Hindun binti Utbah;PERSON;112.0;130.0;0.99;pred
000176-003;338-340;Hamzah bin Abdul Muthalib;PERSON;250.0;275.0;0.99;pred
000176-003;338-340;Ibnu Hisyam;PERSON;468.0;479.0;0.99;pred
000177-001;340;Hamzah;PERSON;56.0;62.0;0.99;pred
000177-001;340;Wahsy bin Harb;PERSON;64.0;78.0;0.99;pred
000177-001;340;Jubair bin Muth'im;PERSON;109.0;127.0;0.99;pred
000177-001;340;Thu'aimah bin Adi;PERSON;143.0;160.0;0.99;pred
000177-001;340;Perang Badr;EVENT;175.0;186.0;0.99;pred
000177-001;340;Uhud;LOCATION;215.0;219.0;0.99;pred
000177-001;340;Hamzah;PERSON;273.0;279.0;0.99;pred
000177-001;340;Muhammad;PERSON;287.0;295.0;0.99;pred
000177-001;340;Habasyah;LOCATION;442.0;450.0;0.99;pred
000177-001;340;Habasyah;LOCATION;481.0;489.0;0.99;pred
000177-001;340;Hamzah;PERSON;634.0;640.0;0.99;pred
000177-001;340;abu-abu;PERSON;712.0;719.0;0.99;pred
000177-001;340;Siba' bin Abdul Uzza;PERSON;924.0;944.0;0.99;pred
000177-001;340;Hamzah;PERSON;983.0;989.0;0.99;pred
000177-001;340;Hamzah;PERSON;1052.0;1058.0;0.99;pred
000177-001;340;Hamzah;PERSON;1111.0;1117.0;0.99;pred
000177-002;340;Hamzah;PERSON;228.0;234.0;0.99;pred
000177-002;340;Makkah;LOCATION;296.0;302.0;0.99;pred
000177-002;340;Ibnu Hisyam;PERSON;336.0;347.0;0.99;pred
000177-002;340;Perang Tha'if;EVENT;420.0;433.0;0.99;pred
000177-002;340;Musailamah;PERSON;466.0;476.0;0.99;pred
000177-002;340;Perang Yarmuk;EVENT;546.0;559.0;0.99;pred
000178-001;341;Hamzah bin Abdul Muththalib;PERSON;109.0;136.0;0.99;pred
000178-001;341;Abu Bakar;PERSON;225.0;234.0;0.99;pred
000178-001;341;Umar bin Al-Khaththab;PERSON;236.0;257.0;0.99;pred
000178-001;341;Ali bin Abu Thalib;PERSON;259.0;277.0;0.99;pred
000178-001;341;Az-;PERSON;279.0;282.0;0.99;pred
000178-001;341;Zubair bin Al-Awwam;PERSON;283.0;302.0;0.99;pred
000178-001;341;Mush'ab bin Umair;PERSON;304.0;321.0;0.99;pred
000178-001;341;Thalhah bin Ubaidillah;PERSON;323.0;345.0;0.99;pred
000178-001;341;Abdullah bin Jahsy;PERSON;347.0;365.0;0.99;pred
000178-001;341;Sa'd bin Mu'adz;PERSON;367.0;382.0;0.99;pred
000178-001;341;Sa'd bin Ubadah;PERSON;384.0;399.0;0.99;pred
000178-001;341;Sa'd bin Ar-Rabi;PERSON;401.0;417.0;0.99;pred
000178-001;341;Anas bin An- Nadhr;PERSON;420.0;438.0;0.99;pred
000179-001;341;Hanzhalah bin Abu Amir;PERSON;89.0;111.0;0.99;pred
000179-001;341;Abu Sufyan bin Harb;PERSON;583.0;602.0;0.99;pred
000179-001;341;Abu Sufyan;PERSON;652.0;662.0;0.99;pred
000179-001;341;Shaddad bin Al-Aswad;PERSON;688.0;708.0;0.99;pred
000180-001;341;Rasulullah;PERSON;37.0;47.0;0.99;pred
000180-001;341;Khalid bin Al-Walid;PERSON;213.0;232.0;0.99;pred
000180-001;341;Abu Amir;PERSON;251.0;259.0;0.99;pred
000181-001;341-342;Ibnu Ishaq;PERSON;1010.0;1020.0;0.99;pred
000181-002;341-342;Ibnu Ishaq;PERSON;0.0;10.0;0.99;pred
000181-002;341-342;Abdullah bin Az-Zubair;PERSON;205.0;227.0;0.99;pred
000181-002;341-342;Hindun binti Utbah;PERSON;318.0;336.0;0.99;pred
000181-002;341-342;Al-Barra' bin Azib;PERSON;419.0;437.0;0.99;pred
000182-001;342-343;Perang Badr;EVENT;173.0;184.0;0.99;pred
000182-001;342-343;Badr;EVENT;533.0;537.0;0.99;pred
000182-001;342-343;Abdullah bin Jubair;PERSON;1045.0;1064.0;0.99;pred
000182-001;342-343;Rasulullah;PERSON;1087.0;1097.0;0.99;pred
000182-001;342-343;Rasulullah;PERSON;1174.0;1184.0;0.99;pred
000182-002;342-343;Abdullah bin Jubair;PERSON;47.0;66.0;0.99;pred
000182-002;342-343;Rasulullah;PERSON;89.0;99.0;0.99;pred
000182-002;342-343;Rasulullah;PERSON;176.0;186.0;0.99;pred
000182-002;342-343;Ibnu Jubair;PERSON;605.0;616.0;0.99;pred
000185-001;344-346;Madinah;LOCATION;300.0;307.0;0.99;pred
000185-001;344-346;Aisyah;PERSON;593.0;599.0;0.99;pred
000185-001;344-346;Perang Uhud;EVENT;625.0;636.0;0.99;pred
000185-001;344-346;Al-Yaman;PERSON;892.0;900.0;0.99;pred
000185-003;344-346;Uhud;LOCATION;34.0;38.0;0.99;pred
000185-003;344-346;Tsabit bin Ad-Dahdah;PERSON;358.0;378.0;0.99;pred
000185-003;344-346;Muhammad;PERSON;440.0;448.0;0.99;pred
000185-003;344-346;Khalid bin Al-Walid;PERSON;661.0;680.0;0.99;pred
000185-003;344-346;Tsabit bin Ad-Dahdah;PERSON;712.0;732.0;0.99;pred
000185-003;344-346;Khalid;PERSON;746.0;752.0;0.99;pred
000185-003;344-346;Muhammad;PERSON;945.0;953.0;0.99;pred
000185-003;344-346;Muhammad;PERSON;1016.0;1024.0;0.99;pred
000185-003;344-346;Abdullah bin Ubay;PERSON;1302.0;1319.0;0.99;pred
000185-004;344-346;kaba;LOCATION;220.0;224.0;0.99;pred
000185-004;344-346;Muhammad;PERSON;245.0;253.0;0.99;pred
000185-004;344-346;Rasulullah;PERSON;508.0;518.0;0.99;pred
000185-004;344-346;Abu Bakar Ash-Shiddiq;PERSON;596.0;617.0;0.99;pred
000185-004;344-346;Umar bin Al-Khaththab;PERSON;619.0;640.0;0.99;pred
000185-004;344-346;Ali bin Abu Thalib;PERSON;642.0;660.0;0.99;pred
000186-001;346-347;Rasulullah;PERSON;171.0;181.0;0.99;pred
000186-001;346-347;Anas bin Malik;PERSON;807.0;821.0;0.99;pred
000186-001;346-347;Rasulullah;PERSON;829.0;839.0;0.99;pred
000186-001;346-347;Umarah bin Yazid bin As-Sakan;PERSON;1448.0;1477.0;0.99;pred
000186-002;346-347;Umarah bin Yazid bin As-Sakan;PERSON;241.0;270.0;0.99;pred
000187-001;347-350;Umarah bin As-Sakan;PERSON;17.0;36.0;0.99;pred
000187-001;347-350;Abu Utsman;PERSON;123.0;133.0;0.99;pred
000187-001;347-350;Thalhah bin Ubaidillah;PERSON;210.0;232.0;0.99;pred
000187-001;347-350;Sa'd bin Abu Waqqash;PERSON;237.0;257.0;0.99;pred
000187-001;347-350;Rasulullah;PERSON;313.0;323.0;0.99;pred
000187-001;347-350;Uthbah bin Abu Waqqash;PERSON;624.0;646.0;0.99;pred
000187-001;347-350;Abdullah bin Syihab;PERSON;820.0;839.0;0.99;pred
000187-001;347-350;Abdullah bin Qami;PERSON;965.0;982.0;0.99;pred
000187-001;347-350;Abdullah bin Qami'ah;PERSON;1386.0;1406.0;0.99;pred
000187-003;347-350;Rasulullah;PERSON;1100.0;1110.0;0.99;pred
000187-003;347-350;Sa'd bin Abi Waqqash;PERSON;1165.0;1185.0;0.99;pred
000187-003;347-350;Thalhah bin Ubaidillah;PERSON;1190.0;1212.0;0.99;pred
000187-005;347-350;Jabir;PERSON;99.0;104.0;0.99;pred
000187-005;347-350;Rasulullah;PERSON;382.0;392.0;0.99;pred
000187-005;347-350;Perang Uhud;EVENT;678.0;689.0;0.99;pred
000187-005;347-350;Qais bin Abu Hazim;PERSON;750.0;768.0;0.99;pred
000187-005;347-350;Perang Uhud;EVENT;856.0;867.0;0.99;pred
000187-005;347-350;Thalhah bin Ubaidillah;PERSON;1045.0;1067.0;0.99;pred
000187-005;347-350;Abu Dawud;PERSON;1070.0;1079.0;0.99;pred
000187-005;347-350;Aisyah;PERSON;1112.0;1118.0;0.99;pred
000187-005;347-350;Abu Bakar;PERSON;1139.0;1148.0;0.99;pred
000187-005;347-350;Perang Uhud;EVENT;1159.0;1170.0;0.99;pred
000187-005;347-350;Thalhah bin Ubaidillah;PERSON;1251.0;1273.0;0.99;pred
000187-006;347-350;Abu Bakar;PERSON;6.0;15.0;0.99;pred
000187-006;347-350;Perang Uhud;EVENT;26.0;37.0;0.99;pred
000187-006;347-350;Thalhah bin Ubaidillah;PERSON;118.0;140.0;0.99;pred
000187-006;347-350;Rasulullah;PERSON;366.0;376.0;0.99;pred
000187-006;347-350;Perang Uhud;EVENT;382.0;393.0;0.99;pred
000187-006;347-350;Jibril;PERSON;608.0;614.0;0.99;pred
000187-006;347-350;Mika'il;PERSON;619.0;626.0;0.99;pred
000188-001;350-351;Rasulullah;PERSON;229.0;239.0;0.99;pred
000188-001;350-351;Abu Bakar Ash-Shiddiq;PERSON;835.0;856.0;0.99;pred
000188-001;350-351;Ibnu Hibban;PERSON;857.0;868.0;0.99;pred
000188-001;350-351;Aisyah;PERSON;908.0;914.0;0.99;pred
000188-001;350-351;Bakar Ash-Shidddiq;PERSON;934.0;952.0;0.99;pred
000188-001;350-351;Perang Uhud;EVENT;973.0;984.0;0.99;pred
000188-001;350-351;Rasulullah;PERSON;1016.0;1026.0;0.99;pred
000188-001;350-351;Abu Ubaidah;PERSON;1284.0;1295.0;0.99;pred
000188-002;350-351;Abu Ubaidah;PERSON;419.0;430.0;0.99;pred
000188-002;350-351;Abu Bakar;PERSON;480.0;489.0;0.99;pred
000188-002;350-351;Abu Bakar;PERSON;519.0;528.0;0.99;pred
000188-002;350-351;Abu Ubaidah;PERSON;552.0;563.0;0.99;pred
000188-002;350-351;Rasulullah;PERSON;645.0;655.0;0.99;pred
000188-002;350-351;Abu Ubaidah;PERSON;695.0;706.0;0.99;pred
000188-002;350-351;Abu Ubaidah;PERSON;785.0;796.0;0.99;pred
000188-002;350-351;Abu Bakar;PERSON;844.0;853.0;0.99;pred
000188-002;350-351;Abu Ubaidah;PERSON;888.0;899.0;0.99;pred
000188-002;350-351;Abu Dujanah;PERSON;1256.0;1267.0;0.99;pred
000188-002;350-351;Mush'ab bin Umair;PERSON;1269.0;1286.0;0.99;pred
000188-002;350-351;Ali bin Abu Thalib;PERSON;1288.0;1306.0;0.99;pred
000188-002;350-351;Sahl bin Hanif;PERSON;1308.0;1322.0;0.99;pred
000188-002;350-351;Malik bin Sinan;PERSON;1324.0;1339.0;0.99;pred
000188-002;350-351;Abu Sa'id;PERSON;1346.0;1355.0;0.99;pred
000188-002;350-351;Ummu Ammarah;PERSON;1367.0;1379.0;0.99;pred
000188-002;350-351;Nasibah binti Ka'b;PERSON;1380.0;1398.0;0.99;pred
000188-002;350-351;Qatadah bin An-Nu'man;PERSON;1413.0;1434.0;0.99;pred
000188-002;350-351;Umar bin Al-Khaththab;PERSON;1436.0;1457.0;0.99;pred
000188-002;350-351;Hathib bin Abu Balta'ah;PERSON;1459.0;1482.0;0.99;pred
000188-002;350-351;Abu Thalhah;PERSON;1488.0;1499.0;0.99;pred
000189-001;351;Rasulullah;PERSON;214.0;224.0;0.99;pred
000189-001;351;Abu Amir;PERSON;272.0;280.0;0.99;pred
000189-001;351;Ali;PERSON;291.0;294.0;0.99;pred
000189-001;351;Thalhah bin Ubaidillah;PERSON;329.0;351.0;0.99;pred
000189-001;351;Naf' bin Jubair;PERSON;397.0;412.0;0.99;pred
000189-001;351;Perang Uhud;EVENT;490.0;501.0;0.99;pred
000189-001;351;Rasulullah;PERSON;573.0;583.0;0.99;pred
000189-001;351;Abdullah bin Syihab;PERSON;656.0;675.0;0.99;pred
000189-001;351;Muhammad;PERSON;730.0;738.0;0.99;pred
000190-001;351-353;Abu Thalhah;PERSON;150.0;161.0;0.99;pred
000190-001;351-353;Rasulullah;PERSON;206.0;216.0;0.99;pred
000190-001;351-353;Perang Uhud;EVENT;352.0;363.0;0.99;pred
000190-001;351-353;Rasulullah;PERSON;400.0;410.0;0.99;pred
000190-001;351-353;Abu Thalhah;PERSON;423.0;434.0;0.99;pred
000190-001;351-353;Abu Thalhah;PERSON;733.0;744.0;0.99;pred
000190-001;351-353;Abu Thalhah;PERSON;822.0;833.0;0.99;pred
000190-001;351-353;Thalhah;PERSON;1032.0;1039.0;0.99;pred
000190-001;351-353;Abu Talhah;PERSON;1079.0;1089.0;0.99;pred
000190-001;351-353;Abu Dujanah;PERSON;1225.0;1236.0;0.99;pred
000190-001;351-353;Rasulullah;PERSON;1256.0;1266.0;0.99;pred
000190-002;351-353;Abu Dujanah;PERSON;105.0;116.0;0.99;pred
000190-002;351-353;Rasulullah;PERSON;136.0;146.0;0.99;pred
000190-002;351-353;Hathib bin Abu Balta'ah;PERSON;294.0;317.0;0.99;pred
000190-002;351-353;Utbah bin Abi Waqqas;PERSON;327.0;347.0;0.99;pred
000190-002;351-353;Utbah;PERSON;470.0;475.0;0.99;pred
000190-002;351-353;Sa'd bin Abi Waqqash;PERSON;528.0;548.0;0.99;pred
000190-002;351-353;Utbah bin Abi Waqqash;PERSON;611.0;632.0;0.99;pred
000190-002;351-353;Sahl bin Hanif;PERSON;726.0;740.0;0.99;pred
000190-002;351-353;Rasulullah;PERSON;787.0;797.0;0.99;pred
000190-002;351-353;Rasulullah;PERSON;874.0;884.0;0.99;pred
000190-002;351-353;Qatadal bin An-Nu'man;PERSON;937.0;958.0;0.99;pred
000190-002;351-353;Rasulullah;PERSON;966.0;976.0;0.99;pred
000190-002;351-353;Qatadah bin An-Nu'man;PERSON;1045.0;1066.0;0.99;pred
000190-002;351-353;Abdurrahman bin Auf;PERSON;1276.0;1295.0;0.99;pred
000190-003;351-353;Malik bin Sinan;PERSON;60.0;75.0;0.99;pred
000190-003;351-353;Abu Sa'id;PERSON;82.0;91.0;0.99;pred
000190-003;351-353;Rasulullah;PERSON;147.0;157.0;0.99;pred
000190-003;351-353;Ummu Umarah;PERSON;506.0;517.0;0.99;pred
000190-003;351-353;Ibnu Qami;PERSON;568.0;577.0;0.99;pred
000190-003;351-353;Ibnu Qami;PERSON;753.0;762.0;0.99;pred
000190-003;351-353;Ummu Umarah;PERSON;826.0;837.0;0.99;pred
000190-003;351-353;Mush'ab bin Umair;PERSON;886.0;903.0;0.99;pred
000190-003;351-353;Ibnu Qami'ah;PERSON;958.0;970.0;0.99;pred
000190-003;351-353;Ibnu Qami'ah;PERSON;1366.0;1378.0;0.99;pred
000192-001;353-355;Mush'ab bin Umair;PERSON;8.0;25.0;0.99;pred
000192-001;353-355;Rasulullah;PERSON;36.0;46.0;0.99;pred
000192-001;353-355;Ali bin Abi Thalib;PERSON;70.0;88.0;0.99;pred
000192-001;353-355;Ibnu Hisyam;PERSON;159.0;170.0;0.99;pred
000192-001;353-355;Rasulullah;PERSON;340.0;350.0;0.99;pred
000192-001;353-355;Ka'b bin Malik;PERSON;527.0;541.0;0.99;pred
000192-001;353-355;Rasulullah;PERSON;640.0;650.0;0.99;pred
000192-001;353-355;Ka'b;PERSON;691.0;695.0;0.99;pred
000192-001;353-355;Ka'b;PERSON;787.0;791.0;0.99;pred
000192-001;353-355;Rasulullah;PERSON;937.0;947.0;0.99;pred
000192-001;353-355;Utsman bin Abdullah bin Al-Mughirah;PERSON;1255.0;1290.0;0.99;pred
000192-002;353-355;Utsman bin Abdullah bin Al-Mughirah;PERSON;0.0;35.0;0.99;pred
000192-002;353-355;Utsman bin Abdullah;PERSON;234.0;253.0;0.99;pred
000192-002;353-355;Al-Harits bin Ash-Shimmah;PERSON;283.0;308.0;0.99;pred
000192-002;353-355;Utsman;PERSON;321.0;327.0;0.99;pred
000192-002;353-355;Rasulullah;PERSON;454.0;464.0;0.99;pred
000192-002;353-355;Abdullah bin Jabir;PERSON;473.0;491.0;0.99;pred
000192-002;353-355;Abu Dujanah;PERSON;570.0;581.0;0.99;pred
000192-002;353-355;Abdullah bin Jabir;PERSON;667.0;685.0;0.99;pred
000192-002;353-355;Abu Thalhah;PERSON;928.0;939.0;0.99;pred
000192-002;353-355;Perang Uhud;EVENT;1006.0;1017.0;0.99;pred
000192-002;353-355;Khalid bin Al-Walid;PERSON;1418.0;1437.0;0.99;pred
000192-002;353-355;Rasulullah;PERSON;1468.0;1478.0;0.99;pred
000193-001;355-356;Ibnu Ishaq;PERSON;0.0;10.0;0.99;pred
000193-001;355-356;Rasulullah;PERSON;31.0;41.0;0.99;pred
000193-001;355-356;Ubay bin Khalaf;PERSON;78.0;93.0;0.99;pred
000193-001;355-356;Muhammad;PERSON;137.0;145.0;0.99;pred
000193-001;355-356;Rasulullah;PERSON;226.0;236.0;0.99;pred
000193-001;355-356;Rasulullah;PERSON;325.0;335.0;0.99;pred
000193-001;355-356;Al-Harits bin Ash-Shimmah;PERSON;388.0;413.0;0.99;pred
000193-001;355-356;Makkah;LOCATION;776.0;782.0;0.99;pred
000193-001;355-356;Muhammad;PERSON;944.0;952.0;0.99;pred
000193-001;355-356;Makkah;LOCATION;1135.0;1141.0;0.99;pred
000193-002;355-356;Sarif;LOCATION;125.0;130.0;0.99;pred
000193-002;355-356;Makkah;LOCATION;180.0;186.0;0.99;pred
000193-002;355-356;Abul Aswad;PERSON;201.0;211.0;0.99;pred
000193-002;355-356;Dzil- Majaz;LOCATION;402.0;413.0;0.99;pred
000193-002;355-356;Rasulullah;PERSON;534.0;544.0;0.99;pred
000193-002;355-356;Makkah;LOCATION;597.0;603.0;0.99;pred
000193-002;355-356;Rasulullah;PERSON;630.0;640.0;0.99;pred
000193-002;355-356;Thalhah bin Ubaidillah;PERSON;1049.0;1071.0;0.99;pred
000194-001;356;Rasulullah;PERSON;8.0;18.0;0.99;pred
000194-001;356;Ibnu Ishaq;PERSON;187.0;197.0;0.99;pred
000194-001;356;Rasulullah;PERSON;217.0;227.0;0.99;pred
000194-001;356;Abu Sufyan;PERSON;317.0;327.0;0.99;pred
000194-001;356;Khalid bin Al-Walid;PERSON;332.0;351.0;0.99;pred
000194-001;356;Umar bin Al-Khaththab;PERSON;444.0;465.0;0.99;pred
000194-001;356;peperangan;EVENT;562.0;572.0;0.99;pred
000194-001;356;Al-Umawi;EVENT;573.0;581.0;0.99;pred
000194-001;356;Rasulullah;PERSON;640.0;650.0;0.99;pred
000195-001;356-357;Makkah;LOCATION;301.0;307.0;0.99;pred
000195-001;356-357;Hindun binti Utbah;PERSON;567.0;585.0;0.99;pred
000195-001;356-357;Hamzah;PERSON;604.0;610.0;0.99;pred
000195-001;356-357;Hamzah;PERSON;736.0;742.0;0.99;pred
000196-001;357-358;Ka'b bin Malik;PERSON;218.0;232.0;0.99;pred
000196-001;357-358;Ka'b;PERSON;1233.0;1237.0;0.99;pred
000196-001;357-358;Abu;PERSON;1250.0;1253.0;0.99;pred
000196-002;357-358;Aisyah binti Abu Bakar;PERSON;112.0;134.0;0.99;pred
000196-002;357-358;Ummu Sulaim;PERSON;139.0;150.0;0.99;pred
000196-002;357-358;Ibnu Hisyam;PERSON;293.0;304.0;0.99;pred
000196-002;357-358;Umar;PERSON;472.0;476.0;0.99;pred
000196-002;357-358;Sulaith;PERSON;492.0;499.0;0.99;pred
000196-002;357-358;Perang Uhud;EVENT;541.0;552.0;0.99;pred
000196-002;357-358;Ummu Aiman;PERSON;590.0;600.0;0.99;pred
000196-002;357-358;Madinah;LOCATION;720.0;727.0;0.99;pred
000196-002;357-358;Hibban bin Al-Ariqah;PERSON;1025.0;1045.0;0.99;pred
000196-002;357-358;Rasulullah;PERSON;1202.0;1212.0;0.99;pred
000196-002;357-358;Sa'd bin Abi Waqqash;PERSON;1289.0;1309.0;0.99;pred
000196-003;357-358;Ummu Aiman;PERSON;112.0;122.0;0.99;pred
000197-001;358-359;Rasulullah;PERSON;8.0;18.0;0.99;pred
000197-001;358-359;Ali bin Abu Thalib;PERSON;42.0;60.0;0.99;pred
000197-001;358-359;Sahl;PERSON;521.0;525.0;0.99;pred
000197-001;358-359;Rasulullah;PERSON;594.0;604.0;0.99;pred
000197-001;358-359;Ali bin Abu Thalib;PERSON;701.0;719.0;0.99;pred
000197-001;358-359;Muhammad bin Maslamah;PERSON;952.0;973.0;0.99;pred
000198-003;359-360;Rasulullah;PERSON;73.0;83.0;0.99;pred
000198-003;359-360;Ali bin Abu Thalib;PERSON;93.0;111.0;0.99;pred
000198-003;359-360;Makkah;LOCATION;302.0;308.0;0.99;pred
000198-003;359-360;Madinah;LOCATION;392.0;399.0;0.99;pred
000198-003;359-360;Ali;PERSON;556.0;559.0;0.99;pred
000198-003;359-360;Makkah;LOCATION;704.0;710.0;0.99;pred
000199-001;360-362;Zaid bin Tsabit;PERSON;103.0;118.0;0.99;pred
000199-001;360-362;Rasulullah;PERSON;130.0;140.0;0.99;pred
000199-001;360-362;Sa'd bin Ar-Rabi;PERSON;165.0;181.0;0.99;pred
000199-001;360-362;Ibnu Hisyam;PERSON;238.0;249.0;0.99;pred
000199-001;360-362;Zaid bin Tsabit;PERSON;386.0;401.0;0.99;pred
000199-001;360-362;Rasulullah;PERSON;713.0;723.0;0.99;pred
000199-001;360-362;Rasulullah;PERSON;847.0;857.0;0.99;pred
000199-001;360-362;Rasulullah;PERSON;918.0;928.0;0.99;pred
000199-001;360-362;Rasulullah;PERSON;1053.0;1063.0;0.99;pred
000199-001;360-362;Abdul Ashal;PERSON;1260.0;1271.0;0.99;pred
000199-001;360-362;Amr bin Tsabit;PERSON;1272.0;1286.0;0.99;pred
000199-003;360-362;Rasulullah;PERSON;168.0;178.0;0.99;pred
000199-003;360-362;Rasulullah;PERSON;471.0;481.0;0.99;pred
000199-003;360-362;Perang Uhud;EVENT;617.0;628.0;0.99;pred
000199-003;360-362;Muhammad;PERSON;733.0;741.0;0.99;pred
000199-003;360-362;hari Sabtu;TIME;818.0;828.0;0.99;pred
000199-003;360-362;Hari Sabtu;TIME;831.0;841.0;0.99;pred
000199-003;360-362;Muhammad;PERSON;1114.0;1122.0;0.99;pred
000199-003;360-362;Rasulullah;PERSON;1242.0;1252.0;0.99;pred
000200-001;362-364;Rasulullah;PERSON;0.0;10.0;0.99;pred
000200-001;362-364;Madinah;LOCATION;362.0;369.0;0.99;pred
000200-001;362-364;Uhud;LOCATION;435.0;439.0;0.99;pred
000200-001;362-364;Abdullah bin Amr bin Haram;PERSON;990.0;1016.0;0.99;pred
000200-001;362-364;Amr bin Al-Jamuh;PERSON;1021.0;1037.0;0.99;pred
000200-001;362-364;Rasulullah;PERSON;1265.0;1275.0;0.99;pred
000200-002;362-364;Rasulullah;PERSON;0.0;10.0;0.99;pred
000200-002;362-364;Hamzah;PERSON;371.0;377.0;0.99;pred
000200-002;362-364;Rasulullah;PERSON;405.0;415.0;0.99;pred
000200-002;362-364;Hamzah;PERSON;493.0;499.0;0.99;pred
000200-002;362-364;Hamzah;PERSON;606.0;612.0;0.99;pred
000200-002;362-364;Hamzah;PERSON;837.0;843.0;0.99;pred
000200-002;362-364;Rasulullah;PERSON;930.0;940.0;0.99;pred
000200-002;362-364;Hamzah;PERSON;966.0;972.0;0.99;pred
000200-002;362-364;Abdullah bin Jahsy;PERSON;1005.0;1023.0;0.99;pred
000200-002;362-364;Ibnu Mas'ud;PERSON;1060.0;1071.0;0.99;pred
000200-002;362-364;Rasulullah;PERSON;1107.0;1117.0;0.99;pred
000200-002;362-364;Hamzah bin Abdul Muththalib;PERSON;1183.0;1210.0;0.99;pred
000200-003;362-364;Hamzah;PERSON;191.0;197.0;0.99;pred
000200-003;362-364;Abdurrahman bin Auf;PERSON;458.0;477.0;0.99;pred
000200-003;362-364;Mush'ab bin Umair;PERSON;489.0;506.0;0.99;pred
000200-003;362-364;Rasulullah;PERSON;769.0;779.0;0.99;pred
000201-001;364-365;Perang Uhud;EVENT;50.0;61.0;0.99;pred
000201-001;364-365;Rasulullah;PERSON;100.0;110.0;0.99;pred
000202-001;365-367;Rasulullah;PERSON;178.0;188.0;0.99;pred
000202-001;365-367;Madinah;LOCATION;200.0;207.0;0.99;pred
000202-001;365-367;Hamnah binti Jahsy;PERSON;405.0;423.0;0.99;pred
000202-001;365-367;Hamzah bin Abdul Muththalib;PERSON;597.0;624.0;0.99;pred
000202-001;365-367;Mush'ab bin Umair;PERSON;663.0;680.0;0.99;pred
000202-001;365-367;Perang Uhud;EVENT;950.0;961.0;0.99;pred
000202-001;365-367;Rasulullah;PERSON;1074.0;1084.0;0.99;pred
000202-001;365-367;Ummu Fulan;PERSON;1117.0;1127.0;0.99;pred
000202-001;365-367;Ummu Sa'd bin Mu'adz;PERSON;1385.0;1405.0;0.99;pred
000202-002;365-367;Ummu Sa'd bin Mu'adz;PERSON;119.0;139.0;0.99;pred
000202-002;365-367;Rasulullah;PERSON;238.0;248.0;0.99;pred
000202-002;365-367;Amr bin Mu'adz;PERSON;382.0;396.0;0.99;pred
000202-002;365-367;Ummu Sa'd;PERSON;445.0;454.0;0.99;pred
000202-002;365-367;Rasulullah;PERSON;470.0;480.0;0.99;pred
000202-002;365-367;Perang Uhud;EVENT;608.0;619.0;0.99;pred
000202-002;365-367;Ummu Sa'd;PERSON;649.0;658.0;0.99;pred
000202-002;365-367;Ummu Sa'd;PERSON;857.0;866.0;0.99;pred
000202-002;365-367;Rasulullah;PERSON;894.0;904.0;0.99;pred
000202-002;365-367;Rasulullah;PERSON;985.0;995.0;0.99;pred
000202-002;365-367;Ibnu Hisyam;PERSON;1084.0;1095.0;0.99;pred
000204-001;367;Ibnu Ishaq;PERSON;369.0;379.0;0.99;pred
000205-001;367-368;Madinah;LOCATION;29.0;36.0;0.99;pred
000205-001;367-368;malam Ahad;TIME;42.0;52.0;0.99;pred
000205-001;367-368;Perang Uhud;EVENT;68.0;79.0;0.99;pred
000205-001;367-368;Ibnu Hisyam;PERSON;326.0;337.0;0.99;pred
000205-001;367-368;Ibnu Hisyam;PERSON;402.0;413.0;0.99;pred
000205-001;367-368;Madinah;LOCATION;446.0;453.0;0.99;pred
000205-001;367-368;Rasulullah;PERSON;493.0;503.0;0.99;pred
000206-001;368-373;Rasulullah;PERSON;0.0;10.0;0.99;pred
000206-001;368-373;Madinah;LOCATION;305.0;312.0;0.99;pred
000206-001;368-373;Perang Uhud;EVENT;598.0;609.0;0.99;pred
000206-001;368-373;hari Ahad tanggal 8 Syawwal 3 H;TIME;620.0;651.0;0.99;pred
000206-001;368-373;Perang Uhud;EVENT;759.0;770.0;0.99;pred
000206-001;368-373;Abdullah bin Ubay;PERSON;816.0;833.0;0.99;pred
000206-001;368-373;Perang Uhud;EVENT;985.0;996.0;0.99;pred
000206-001;368-373;Jabir bin Abdullah;PERSON;1049.0;1067.0;0.99;pred
000206-001;368-373;Rasulullah;PERSON;1109.0;1119.0;0.99;pred
000206-001;368-373;Rasulullah;PERSON;1379.0;1389.0;0.99;pred
000206-001;368-373;Madinah;LOCATION;1429.0;1436.0;0.99;pred
000206-001;368-373;Madinah;LOCATION;1485.0;1492.0;0.99;pred
000206-002;368-373;Rasulullah;PERSON;0.0;10.0;0.99;pred
000206-002;368-373;Madinah;LOCATION;50.0;57.0;0.99;pred
000206-002;368-373;Madinah;LOCATION;106.0;113.0;0.99;pred
000206-002;368-373;Ma'bad bin Abu Ma'bad;PERSON;163.0;184.0;0.99;pred
000206-002;368-373;Rasulullah;PERSON;207.0;217.0;0.99;pred
000206-002;368-373;Muhammad;PERSON;477.0;485.0;0.99;pred
000206-002;368-373;Abu Sufyan;PERSON;686.0;696.0;0.99;pred
000206-002;368-373;Madinah;LOCATION;826.0;833.0;0.99;pred
000206-002;368-373;Madinah;LOCATION;916.0;923.0;0.99;pred
000206-004;368-373;Abu Sufyan;PERSON;33.0;43.0;0.99;pred
000206-004;368-373;Abu Sufyan;PERSON;276.0;286.0;0.99;pred
000206-004;368-373;Makkah;LOCATION;505.0;511.0;0.99;pred
000206-004;368-373;Abu Sufyan;PERSON;571.0;581.0;0.99;pred
000206-004;368-373;Makkah;LOCATION;745.0;751.0;0.99;pred
000206-004;368-373;Abu Sufyan;PERSON;753.0;763.0;0.99;pred
000206-004;368-373;Madinah;LOCATION;824.0;831.0;0.99;pred
000206-004;368-373;Muhammad;PERSON;881.0;889.0;0.99;pred
000206-004;368-373;Abu Sufyan;PERSON;898.0;908.0;0.99;pred
000206-004;368-373;Makkah;LOCATION;956.0;962.0;0.99;pred
000206-004;368-373;Ukazh;LOCATION;997.0;1002.0;0.99;pred
000206-004;368-373;Abu Sufyan;PERSON;1054.0;1064.0;0.99;pred
000206-004;368-373;Muhammad;PERSON;1097.0;1105.0;0.99;pred
000206-004;368-373;Rasulullah;PERSON;1229.0;1239.0;0.99;pred
000206-004;368-373;Abu Sufyan;PERSON;1333.0;1343.0;0.99;pred
000206-006;368-373;Muhammad;PERSON;40.0;48.0;0.99;pred
000206-006;368-373;Makkah;LOCATION;252.0;258.0;0.99;pred
000206-006;368-373;Muhammad;PERSON;329.0;337.0;0.99;pred
000206-006;368-373;Az-Zubair;PERSON;451.0;460.0;0.99;pred
000206-006;368-373;Ashim bin Tsabit;PERSON;466.0;482.0;0.99;pred
000206-006;368-373;Mu'awiyah bin Al-Mughirah bin Abul Ash;PERSON;591.0;629.0;0.99;pred
000206-006;368-373;Abdul Malik bin Marwan;PERSON;637.0;659.0;0.99;pred
000206-006;368-373;Utsman bin Affan;PERSON;748.0;764.0;0.99;pred
000206-006;368-373;Perang Uhud;EVENT;809.0;820.0;0.99;pred
000206-006;368-373;Utsman;PERSON;827.0;833.0;0.99;pred
000206-006;368-373;Rasulullah;PERSON;879.0;889.0;0.99;pred
000206-006;368-373;Madinah;LOCATION;1034.0;1041.0;0.99;pred
000206-006;368-373;Madinah;LOCATION;1202.0;1209.0;0.99;pred
000206-006;368-373;Rasulullah;PERSON;1244.0;1254.0;0.99;pred
000206-006;368-373;Zaid bin Haritsah;PERSON;1269.0;1286.0;0.99;pred
000206-006;368-373;Ammar bin Yasir;PERSON;1291.0;1306.0;0.99;pred
000206-007;368-373;Perang Hamra'ul Asad;EVENT;68.0;88.0;0.99;pred
000206-007;368-373;Perang Uhud;EVENT;171.0;182.0;0.99;pred
000206-007;368-373;Perang Uhud;EVENT;209.0;220.0;0.99;pred
000206-007;368-373;Perang Uhud;EVENT;674.0;685.0;0.99;pred
000206-007;368-373;Hamra'ul Asad;EVENT;690.0;703.0;0.99;pred
000206-007;368-373;Ibnu Hisyam;PERSON;744.0;755.0;0.99;pred
000207-001;373-374;Ali Imran;PERSON;990.0;999.0;0.99;pred
000208-001;374-375;Ibnul Qayyim;PERSON;0.0;12.0;0.99;pred
000208-001;374-375;Ibnu Hajar;PERSON;79.0;89.0;0.99;pred
000208-001;374-375;Perang Uhud;EVENT;138.0;149.0;0.99;pred
000208-001;374-375;Rasulullah;PERSON;462.0;472.0;0.99;pred
000212-003;377-379;Abu Sufyan;PERSON;491.0;501.0;0.99;pred
000212-003;377-379;Muhammad;PERSON;540.0;548.0;0.99;pred
000212-003;377-379;Muhammad;PERSON;734.0;742.0;0.99;pred
000212-003;377-379;Amr bin Umayyah;PERSON;917.0;932.0;0.99;pred
000212-003;377-379;Uqbah bin Al-Harits;PERSON;1090.0;1109.0;0.99;pred
000212-003;377-379;Perang Badr;EVENT;1127.0;1138.0;0.99;pred
000212-003;377-379;Makkah;LOCATION;1423.0;1429.0;0.99;pred
000218-007;390-404;Rasulullah;PERSON;31.0;41.0;0.99;pred
000218-007;390-404;Persi;LOCATION;224.0;229.0;0.99;pred
000218-007;390-404;Yaman;LOCATION;494.0;499.0;0.99;pred
000218-007;390-404;Ibnu Ishaq;PERSON;567.0;577.0;0.99;pred
000218-007;390-404;Salman;PERSON;624.0;630.0;0.99;pred
000218-007;390-404;Madinah;LOCATION;650.0;657.0;0.99;pred
000218-007;390-404;Madinah;LOCATION;829.0;836.0;0.99;pred
000218-007;390-404;Madinah;LOCATION;1321.0;1328.0;0.99;pred
000232-001;435-436;Rasululah;PERSON;8.0;17.0;0.99;pred
000232-001;435-436;Budail bin Warqa;PERSON;65.0;81.0;0.99;pred
000232-001;435-436;Ka'b bin Lu'ay;PERSON;226.0;240.0;0.99;pred
000232-001;435-436;Hudaibiyah;LOCATION;267.0;277.0;0.99;pred
000232-001;435-436;Masjidil Haram;LOCATION;365.0;379.0;0.99;pred
000232-001;435-436;Rasulullah;PERSON;382.0;392.0;0.99;pred
000232-001;435-436;Muhammad;PERSON;1233.0;1241.0;0.99;pred
000232-002;435-436;Muhammad;PERSON;411.0;419.0;0.99;pred
000232-002;435-436;Mikraz;PERSON;869.0;875.0;0.99;pred
000232-002;435-436;Hafsh;PERSON;880.0;885.0;0.99;pred
000232-002;435-436;Rasulullah;PERSON;914.0;924.0;0.99;pred
000233-003;436-438;Urwah;PERSON;143.0;148.0;0.99;pred
000233-003;436-438;Kisra;PERSON;341.0;346.0;0.99;pred
000233-003;436-438;Muhammad;PERSON;467.0;475.0;0.99;pred
000233-003;436-438;Muhammad;PERSON;518.0;526.0;0.99;pred
000236-001;439-440;Utsman bin Affan;PERSON;27.0;43.0;0.99;pred
000236-001;439-440;Makkah;LOCATION;47.0;53.0;0.99;pred
000236-001;439-440;Utsman;PERSON;210.0;216.0;0.99;pred
000236-001;439-440;Utsman;PERSON;289.0;295.0;0.99;pred
000236-001;439-440;Utsman;PERSON;385.0;391.0;0.99;pred
000236-001;439-440;Rasulullah;PERSON;443.0;453.0;0.99;pred
000236-001;439-440;Abu Sinan;PERSON;807.0;816.0;0.99;pred
000236-001;439-440;Salamah bin Al-Akwa;PERSON;837.0;856.0;0.99;pred
000236-001;439-440;Utsman;PERSON;1128.0;1134.0;0.99;pred
000236-001;439-440;Utsman bin Affan;PERSON;1167.0;1183.0;0.99;pred
000236-001;439-440;Jadd bin Qais;PERSON;1331.0;1344.0;0.99;pred
000236-001;439-440;Rasulullah;PERSON;1369.0;1379.0;0.99;pred
000237-003;440-442;Muhammad;PERSON;73.0;81.0;0.99;pred
000237-003;440-442;Masjidil Haram;LOCATION;220.0;234.0;0.99;pred
000237-003;440-442;Muhammad bin Abdullah;PERSON;277.0;298.0;0.99;pred
000237-003;440-442;Ali bin Abu Thalib;PERSON;422.0;440.0;0.99;pred
000237-003;440-442;Ali;PERSON;545.0;548.0;0.99;pred
000237-003;440-442;Umar;PERSON;820.0;824.0;0.99;pred
000237-003;440-442;Ali;PERSON;826.0;829.0;0.99;pred
000237-003;440-442;Rasulullah;PERSON;934.0;944.0;0.99;pred
000237-003;440-442;Abu Bakar Ash-Shiddiq;PERSON;1059.0;1080.0;0.99;pred
000237-003;440-442;Rasulullah;PERSON;1171.0;1181.0;0.99;pred
000237-003;440-442;Abdul Muthalib;PERSON;1244.0;1258.0;0.99;pred
000238-002;442-443;Umar bin Al-Khaththab;PERSON;167.0;188.0;0.99;pred
000238-002;442-443;Abu Jandal;PERSON;209.0;219.0;0.99;pred
000238-002;442-443;Abu Jandal;PERSON;256.0;266.0;0.99;pred
000238-002;442-443;Abu Jandal;PERSON;393.0;403.0;0.99;pred
000238-002;442-443;Umar;PERSON;495.0;499.0;0.99;pred
000240-001;443-445;Hudaibiyah;LOCATION;203.0;213.0;0.99;pred
000240-002;443-445;Umar bin Al-Khaththab;PERSON;987.0;1008.0;0.99;pred
000240-002;443-445;Mu'awiyah;PERSON;1087.0;1096.0;0.99;pred
000240-002;443-445;Shafwan bin Umayyah;PERSON;1122.0;1141.0;0.99;pred
000241-002;445-447;Makkah;LOCATION;1350.0;1356.0;0.99;pred
000241-004;445-447;Rasulullah;PERSON;495.0;505.0;0.99;pred
000241-004;445-447;Makkah;LOCATION;656.0;662.0;0.99;pred
000241-004;445-447;Madinah;LOCATION;715.0;722.0;0.99;pred
000241-004;445-447;Habasyah;LOCATION;763.0;771.0;0.99;pred
000241-004;445-447;Madinah;LOCATION;829.0;836.0;0.99;pred
000241-004;445-447;Rasulullah;PERSON;899.0;909.0;0.99;pred
000248-001;456-458;Juraij bin Mata;PERSON;26.0;41.0;0.99;pred
000248-001;456-458;Mesir;LOCATION;72.0;77.0;0.99;pred
000248-001;456-458;Iskandaria;LOCATION;82.0;92.0;0.99;pred
000248-001;456-458;Muhammad;PERSON;153.0;161.0;0.99;pred
000248-001;456-458;Hathib bin Abu Balta'ah;PERSON;1020.0;1043.0;0.99;pred
000248-002;456-458;Musa;PERSON;574.0;578.0;0.99;pred
000248-002;456-458;Isa;PERSON;587.0;590.0;0.99;pred
000248-002;456-458;Isa;PERSON;621.0;624.0;0.99;pred
000249-002;458-459;Kisra;PERSON;155.0;160.0;0.99;pred
000249-002;458-459;Kisra;PERSON;218.0;223.0;0.99;pred
000249-002;458-459;Kisra;PERSON;303.0;308.0;0.99;pred
000249-002;458-459;Yaman;LOCATION;353.0;358.0;0.99;pred
000249-002;458-459;Hijaz;LOCATION;436.0;441.0;0.99;pred
000249-002;458-459;Rasulullah;PERSON;590.0;600.0;0.99;pred
000249-002;458-459;Kisra;PERSON;642.0;647.0;0.99;pred
000249-002;458-459;Madinah;LOCATION;680.0;687.0;0.99;pred
000249-002;458-459;Kisra;PERSON;795.0;800.0;0.99;pred
000249-002;458-459;Persia;LOCATION;1035.0;1041.0;0.99;pred
000249-002;458-459;Kisra;PERSON;1087.0;1092.0;0.99;pred
000249-002;458-459;Kisra;PERSON;1271.0;1276.0;0.99;pred
000249-002;458-459;malam Selasa tanggal 10 Jumadal;TIME;1386.0;1417.0;0.99;pred
000249-002;458-459;Rasulullah;PERSON;1418.0;1428.0;0.99;pred
000250-003;459-463;Heraklius;PERSON;9.0;18.0;0.99;pred
000250-003;459-463;Abu Sufyan;PERSON;168.0;178.0;0.99;pred
000250-003;459-463;Heraklius;PERSON;1325.0;1334.0;0.99;pred
000251-001;463-464;Al-Mundzir bin Sawa;PERSON;26.0;45.0;0.99;pred
000251-001;463-464;Al-Ala' bin Hadhrami;PERSON;117.0;137.0;0.99;pred
000251-001;463-464;Rasulullah;PERSON;269.0;279.0;0.99;pred
000251-001;463-464;Bahrain;LOCATION;386.0;393.0;0.99;pred
000251-001;463-464;Rasulullah;PERSON;659.0;669.0;0.99;pred
000251-001;463-464;Muhammad;PERSON;723.0;731.0;0.99;pred
000251-001;463-464;Al-Mundzir bin Sawa;PERSON;751.0;770.0;0.99;pred
000251-001;463-464;Muhammad;PERSON;877.0;885.0;0.99;pred
000254-005;465-469;Rasulullah;PERSON;67.0;77.0;0.99;pred
000257-002;473-474;Sallam bin Abul Huqaiq;PERSON;292.0;314.0;0.99;pred
000257-002;473-474;Usair bin Razzam;PERSON;319.0;335.0;0.99;pred
000258-001;474;Hudaibiyah;EVENT;14.0;24.0;0.99;pred
000258-001;474;Rasulullah;PERSON;26.0;36.0;0.99;pred
000258-001;474;Madinah;LOCATION;47.0;54.0;0.99;pred
000258-001;474;bulan Dzul Hijjah;TIME;60.0;77.0;0.99;pred
000258-001;474;bulan Muharram;TIME;111.0;125.0;0.99;pred
000262-001;475-476;Khaibar;LOCATION;23.0;30.0;0.99;pred
000262-001;475-476;Rasulullah;PERSON;32.0;42.0;0.99;pred
000262-001;475-476;Khaibar;LOCATION;339.0;346.0;0.99;pred
000262-001;475-476;Khaibar;LOCATION;875.0;882.0;0.99;pred
000262-001;475-476;Khaibar;LOCATION;1086.0;1093.0;0.99;pred
000262-001;475-476;Syam;LOCATION;1131.0;1135.0;0.99;pred
000262-001;475-476;Syam;LOCATION;1243.0;1247.0;0.99;pred
000262-001;475-476;Rasulullah;PERSON;1315.0;1325.0;0.99;pred
000263-002;476-477;Khaibar;LOCATION;56.0;63.0;0.99;pred
000265-002;479-480;Abul Huqaiq;PERSON;274.0;285.0;0.99;pred
000265-002;479-480;Khaibar;LOCATION;360.0;367.0;0.99;pred
000267-001;482-483;bin Al-Anshari;PERSON;136.0;150.0;0.99;pred
000267-001;482-483;Rasulullah;PERSON;217.0;227.0;0.99;pred
000267-001;482-483;Abu Ishaq;PERSON;288.0;297.0;0.99;pred
000267-001;482-483;Ash-Sha'b bin Muadz;PERSON;885.0;904.0;0.99;pred
000267-001;482-483;Khaibar;LOCATION;919.0;926.0;0.99;pred
000268-001;483;Rasulullah;PERSON;367.0;377.0;0.99;pred
000268-001;483;Abdul Qasim;PERSON;517.0;528.0;0.99;pred
000269-001;483-484;Abu Dujanah;PERSON;416.0;427.0;0.99;pred
000269-001;483-484;Simak bin Kharasyah;PERSON;428.0;447.0;0.99;pred
000270-001;484;Rasulullah;PERSON;1028.0;1038.0;0.99;pred
000270-002;484;Khaibar;LOCATION;466.0;473.0;0.99;pred
000270-002;484;Khaibar;LOCATION;776.0;783.0;0.99;pred
000274-001;486-487;Rasulullah;PERSON;0.0;10.0;0.99;pred
000274-001;486-487;Khaibar;LOCATION;61.0;68.0;0.99;pred
000274-001;486-487;Muhammad;PERSON;100.0;108.0;0.99;pred
000274-001;486-487;Rasulullah;PERSON;260.0;270.0;0.99;pred
000274-001;486-487;Khaibar;LOCATION;445.0;452.0;0.99;pred
000274-001;486-487;Rasulullah;PERSON;565.0;575.0;0.99;pred
000274-001;486-487;Abdullah bin Rawahah;PERSON;713.0;733.0;0.99;pred
000274-001;486-487;Khaibar;LOCATION;740.0;747.0;0.99;pred
000274-001;486-487;Hudaibiyah;EVENT;1162.0;1172.0;0.99;pred
000274-001;486-487;Perang Khaibar;EVENT;1269.0;1283.0;0.99;pred
000274-001;486-487;Perang Khaibar;EVENT;1368.0;1382.0;0.99;pred
000274-001;486-487;Hudaibiyah;EVENT;1453.0;1463.0;0.99;pred
000276-001;488-489;Kinanah bin Abul Huqaiq;PERSON;99.0;122.0;0.99;pred
000276-001;488-489;Dihyah bin Khalifah;PERSON;193.0;212.0;0.99;pred
000276-001;488-489;Shafiyah binti Huyai;PERSON;360.0;380.0;0.99;pred
000276-001;488-489;Shafiyah binti Huyai;PERSON;468.0;488.0;0.99;pred
000276-001;488-489;Shafiyah binti Huyai;PERSON;650.0;670.0;0.99;pred
000276-001;488-489;Madinah;LOCATION;986.0;993.0;0.99;pred
000276-001;488-489;Ummu Sulaim;PERSON;995.0;1006.0;0.99;pred
000276-001;488-489;Rasulullah;PERSON;1361.0;1371.0;0.99;pred
000277-001;489;Rasulullah;PERSON;8.0;18.0;0.99;pred
000277-001;489;Khaibar;LOCATION;63.0;70.0;0.99;pred
000277-001;489;Zainab binti Al-Harits;PERSON;89.0;111.0;0.99;pred
000277-001;489;Sallam bin Misykam;PERSON;119.0;137.0;0.99;pred
000277-001;489;Zainab binti Al-Harits;PERSON;221.0;243.0;0.99;pred
000277-001;489;Rasulullah;PERSON;313.0;323.0;0.99;pred
000277-001;489;Zainab binti Al-Harits;PERSON;718.0;740.0;0.99;pred
000277-001;489;Muhammad;PERSON;899.0;907.0;0.99;pred
000277-001;489;Bisyr bin Al-Barra' bin Ma'rur;PERSON;1082.0;1112.0;0.99;pred
000280-001;490-491;Khaibar;LOCATION;15.0;22.0;0.99;pred
000280-001;490-491;Rasulullah;PERSON;32.0;42.0;0.99;pred
000280-001;490-491;Rasulullah;PERSON;303.0;313.0;0.99;pred
000280-001;490-491;Khaibar;EVENT;511.0;518.0;0.99;pred
000280-001;490-491;Ibnu Hisyam;PERSON;829.0;840.0;0.99;pred
000280-001;490-491;Sa'd bin Ubadah;PERSON;982.0;997.0;0.99;pred
000280-001;490-491;Al-Hubab bin Al-Mundzir;PERSON;1035.0;1058.0;0.99;pred
000280-001;490-491;Abbad bin Bisyr;PERSON;1106.0;1121.0;0.99;pred
000280-001;490-491;Az-Zubair bin Al-Awwam;PERSON;1252.0;1274.0;0.99;pred
000280-002;490-491;Az-Zubair;PERSON;68.0;77.0;0.99;pred
000280-002;490-491;Ali bin Abu Thalib;PERSON;106.0;124.0;0.99;pred
000280-002;490-491;Rasulullah;PERSON;777.0;787.0;0.99;pred
000281-001;491;Khaibar;LOCATION;67.0;74.0;0.99;pred
000281-001;491;Rasulullah;PERSON;270.0;280.0;0.99;pred
000281-001;491;Muhammad;PERSON;383.0;391.0;0.99;pred
000281-001;491;Khalid bin Sa'id;PERSON;609.0;625.0;0.99;pred
000299-001;511-513;perjanjian Hudaibiyah;EVENT;67.0;88.0;0.99;pred
000299-001;511-513;Muhammad;PERSON;132.0;140.0;0.99;pred
000299-001;511-513;Hudaibiyah;EVENT;843.0;853.0;0.99;pred
000299-001;511-513;Naufal bin Mu'awiyah;PERSON;1013.0;1033.0;0.99;pred
000299-002;511-513;Makkah;LOCATION;726.0;732.0;0.99;pred
000299-002;511-513;Budail bin Warqa;PERSON;767.0;783.0;0.99;pred
000299-002;511-513;Amr bin Salim;PERSON;868.0;881.0;0.99;pred
000299-002;511-513;Madinah;LOCATION;914.0;921.0;0.99;pred
000299-002;511-513;Rasulullah;PERSON;937.0;947.0;0.99;pred
000300-002;513-515;Makkah;LOCATION;47.0;53.0;0.99;pred
000300-002;513-515;Abu Sufyan;PERSON;55.0;65.0;0.99;pred
000300-002;513-515;Madinah;LOCATION;114.0;121.0;0.99;pred
000300-002;513-515;Muhammad;PERSON;407.0;415.0;0.99;pred
000300-002;513-515;Abu Sufyan;PERSON;418.0;428.0;0.99;pred
000300-002;513-515;Madinah;LOCATION;467.0;474.0;0.99;pred
000300-002;513-515;Rasulullah;PERSON;523.0;533.0;0.99;pred
000300-002;513-515;Ummu Habibah;PERSON;536.0;548.0;0.99;pred
000300-002;513-515;Ummu Habibah;PERSON;603.0;615.0;0.99;pred
000300-002;513-515;Abu Sufyan;PERSON;656.0;666.0;0.99;pred
000300-002;513-515;Ummu Habibah;PERSON;815.0;827.0;0.99;pred
000300-002;513-515;Rasulullah;PERSON;863.0;873.0;0.99;pred
000300-002;513-515;Abu Sufyan;PERSON;923.0;933.0;0.99;pred
000300-002;513-515;Abu Sufyan;PERSON;1031.0;1041.0;0.99;pred
000300-002;513-515;Rasulullah;PERSON;1050.0;1060.0;0.99;pred
000300-002;513-515;Abu Bakar;PERSON;1172.0;1181.0;0.99;pred
000300-002;513-515;Abu Bakar;PERSON;1220.0;1229.0;0.99;pred
000300-002;513-515;Abu Bakar;PERSON;1265.0;1274.0;0.99;pred
000300-002;513-515;Abu Sufyan;PERSON;1323.0;1333.0;0.99;pred
000300-002;513-515;Umar bin Al-Khaththab;PERSON;1342.0;1363.0;0.99;pred
000300-002;513-515;Umar;PERSON;1389.0;1393.0;0.99;pred
000300-002;513-515;Rasulullah;PERSON;1458.0;1468.0;0.99;pred
000300-004;513-515;Abu Sufyan;PERSON;179.0;189.0;0.99;pred
000300-004;513-515;Ali;PERSON;274.0;277.0;0.99;pred
000300-004;513-515;Abu Sufyan;PERSON;284.0;294.0;0.99;pred
000300-004;513-515;Abu Sufyan;PERSON;516.0;526.0;0.99;pred
000300-004;513-515;Abu Sufyan;PERSON;563.0;573.0;0.99;pred
000300-004;513-515;Muhammad;PERSON;603.0;611.0;0.99;pred
000300-004;513-515;Abu Qahafah;PERSON;720.0;731.0;0.99;pred
000300-004;513-515;Bakar;PERSON;737.0;742.0;0.99;pred
000300-004;513-515;Umar bin Al-Khaththab;PERSON;803.0;824.0;0.99;pred
000300-004;513-515;Ali;PERSON;895.0;898.0;0.99;pred
000300-004;513-515;Abu Sufyan;PERSON;1232.0;1242.0;0.99;pred
000300-004;513-515;Muhammad;PERSON;1252.0;1260.0;0.99;pred
000300-004;513-515;Abu Sufyan;PERSON;1435.0;1445.0;0.99;pred
000301-003;515-517;Muhallim bin Jatstsamah;PERSON;56.0;79.0;0.99;pred
000301-003;515-517;Rasulullah;PERSON;282.0;292.0;0.99;pred
000301-003;515-517;Ibnu Ishaq;PERSON;368.0;378.0;0.99;pred
000301-003;515-517;Ali;PERSON;452.0;455.0;0.99;pred
000301-003;515-517;Rasulullah;PERSON;704.0;714.0;0.99;pred
000301-003;515-517;Hathib bin Abu Balta;PERSON;749.0;769.0;0.99;pred
000301-003;515-517;Rasulullah;PERSON;842.0;852.0;0.99;pred
000301-003;515-517;Rasulullah;PERSON;946.0;956.0;0.99;pred
000301-004;515-517;Umar bin Al-Khaththab;PERSON;225.0;246.0;0.99;pred
000301-004;515-517;Rasulullah;PERSON;263.0;273.0;0.99;pred
000301-004;515-517;Rasulullah;PERSON;384.0;394.0;0.99;pred
000301-004;515-517;Perang Badr;EVENT;441.0;452.0;0.99;pred
000301-004;515-517;Umar;PERSON;506.0;510.0;0.99;pred
000301-004;515-517;Perang Badr;EVENT;583.0;594.0;0.99;pred
000301-004;515-517;Umar;PERSON;703.0;707.0;0.99;pred
000303-001;518-519;Rasulullah;PERSON;0.0;10.0;0.99;pred
000303-001;518-519;Abu Sufyan;PERSON;246.0;256.0;0.99;pred
000303-001;518-519;Rasulullah;PERSON;376.0;386.0;0.99;pred
000303-001;518-519;Abu Sufyan;PERSON;443.0;453.0;0.99;pred
000303-001;518-519;Hamzah;PERSON;556.0;562.0;0.99;pred
000303-001;518-519;Abu Sufyan;PERSON;588.0;598.0;0.99;pred
000303-001;518-519;Umar bin Al-Khaththab;PERSON;924.0;945.0;0.99;pred
000304-004;519-521;Abu Sufyan;PERSON;170.0;180.0;0.99;pred
000304-004;519-521;Abu Sufyan;PERSON;258.0;268.0;0.99;pred
000304-004;519-521;Al-Abbas;PERSON;500.0;508.0;0.99;pred
000304-004;519-521;Muhammad;PERSON;600.0;608.0;0.99;pred
000304-004;519-521;Abu Sufyan;PERSON;681.0;691.0;0.99;pred
000304-004;519-521;Al-Abbas;PERSON;743.0;751.0;0.99;pred
000304-004;519-521;Rasulullah;PERSON;767.0;777.0;0.99;pred
000304-004;519-521;Rasulullah;PERSON;787.0;797.0;0.99;pred
000304-004;519-521;Abu Sufyan;PERSON;799.0;809.0;0.99;pred
000304-004;519-521;Abu Sufyan;PERSON;935.0;945.0;0.99;pred
000304-004;519-521;Masjidil Haram;LOCATION;999.0;1013.0;0.99;pred
000305-002;521-522;Rasulullah;PERSON;12.0;22.0;0.99;pred
000305-002;521-522;Abbas;PERSON;60.0;65.0;0.99;pred
000305-002;521-522;Abu Sufyan;PERSON;130.0;140.0;0.99;pred
000305-002;521-522;Abu Fadhl;PERSON;187.0;196.0;0.99;pred
000305-002;521-522;Al-Abbas;PERSON;273.0;281.0;0.99;pred
000305-002;521-522;Abu Sufyan;PERSON;298.0;308.0;0.99;pred
000305-002;521-522;Abu Sufyan;PERSON;369.0;379.0;0.99;pred
000305-002;521-522;Sa'ad bin Ubadah;PERSON;405.0;421.0;0.99;pred
000305-002;521-522;Abu Sufyan;PERSON;446.0;456.0;0.99;pred
000305-002;521-522;Abu Sufyan;PERSON;579.0;589.0;0.99;pred
000305-002;521-522;Rasulullah;PERSON;606.0;616.0;0.99;pred
000305-002;521-522;Abu Sufyan;PERSON;641.0;651.0;0.99;pred
000305-002;521-522;Rasulullah;PERSON;660.0;670.0;0.99;pred
000305-002;521-522;Abu Sufyan;PERSON;818.0;828.0;0.99;pred
000305-002;521-522;Utsman bin Abdurrahman bin Auf;PERSON;829.0;859.0;0.99;pred
000305-002;521-522;Rasulullah;PERSON;876.0;886.0;0.99;pred
000305-002;521-522;Ka'bah;LOCATION;1027.0;1033.0;0.99;pred
000305-002;521-522;Az-Zubair;PERSON;1303.0;1312.0;0.99;pred
000306-001;522-523;Rasulullah;PERSON;8.0;18.0;0.99;pred
000306-001;522-523;Abu Sufyan;PERSON;28.0;38.0;0.99;pred
000306-001;522-523;Al-Abbas;PERSON;40.0;48.0;0.99;pred
000306-001;522-523;Abu Sufyan;PERSON;99.0;109.0;0.99;pred
000306-001;522-523;Makkah;LOCATION;123.0;129.0;0.99;pred
000306-001;522-523;Muhammad;PERSON;198.0;206.0;0.99;pred
000306-001;522-523;Abu Sufyan;PERSON;295.0;305.0;0.99;pred
000306-001;522-523;Hindun binti Uthbah;PERSON;338.0;357.0;0.99;pred
000306-001;522-523;Abu Sufyan;PERSON;504.0;514.0;0.99;pred
000306-001;522-523;Abu Sufyan;PERSON;698.0;708.0;0.99;pred
000306-001;522-523;Abu Sufyan;PERSON;818.0;828.0;0.99;pred
000306-001;522-523;Ikrimah bin Abu Jahl;PERSON;1362.0;1382.0;0.99;pred
000306-001;522-523;Shafwan bin Umayyah;PERSON;1384.0;1403.0;0.99;pred
000306-001;522-523;Suhail bin Amr;PERSON;1409.0;1423.0;0.99;pred
000306-002;522-523;Ikrimah bin Abu Jahl;PERSON;157.0;177.0;0.99;pred
000306-002;522-523;Shafwan bin Umayyah;PERSON;179.0;198.0;0.99;pred
000306-002;522-523;Suhail bin Amr;PERSON;204.0;218.0;0.99;pred
000306-002;522-523;Hammas bin Qais;PERSON;344.0;359.0;0.99;pred
000306-002;522-523;Muhammad;PERSON;503.0;511.0;0.99;pred
000306-002;522-523;Muhammad;PERSON;603.0;611.0;0.99;pred
000307-001;523-524;Rasulullah;PERSON;0.0;10.0;0.99;pred
000307-001;523-524;Dzu Thuwa;LOCATION;49.0;58.0;0.99;pred
000307-001;523-524;Khalid bin Al-Walid;PERSON;271.0;290.0;0.99;pred
000307-001;523-524;Khalid;PERSON;438.0;444.0;0.99;pred
000307-001;523-524;Makkah;LOCATION;475.0;481.0;0.99;pred
000307-001;523-524;Shafa;LOCATION;608.0;613.0;0.99;pred
000307-001;523-524;Az-Zubair bin Al-Awwam;PERSON;626.0;648.0;0.99;pred
000307-001;523-524;Rasulullah;PERSON;684.0;694.0;0.99;pred
000307-001;523-524;Makkah;LOCATION;727.0;733.0;0.99;pred
000307-001;523-524;Qada;LOCATION;777.0;781.0;0.99;pred
000307-001;523-524;Abu Ubaidah;PERSON;924.0;935.0;0.99;pred
000307-001;523-524;Makkah;LOCATION;1046.0;1052.0;0.99;pred
000307-001;523-524;Rasulullah;PERSON;1062.0;1072.0;0.99;pred
000311-001;526-527;Rasulullah;PERSON;5.0;15.0;0.99;pred
000311-001;526-527;Ali bin Abu Thalib;PERSON;46.0;64.0;0.99;pred
000311-001;526-527;Ka'bah;LOCATION;106.0;112.0;0.99;pred
000311-001;526-527;Rasulullah;PERSON;133.0;143.0;0.99;pred
000311-001;526-527;Ka'bah;LOCATION;176.0;182.0;0.99;pred
000311-001;526-527;Al-Abbas;PERSON;377.0;385.0;0.99;pred
000311-001;526-527;Utsman bin Thalhah;PERSON;409.0;427.0;0.99;pred
000311-001;526-527;Utsman bin Thalhah;PERSON;438.0;456.0;0.99;pred
000311-001;526-527;Utsman;PERSON;521.0;527.0;0.99;pred
000311-001;526-527;Ibnu Sa'd;PERSON;604.0;613.0;0.99;pred
000311-001;526-527;Utsman bin Thalhah;PERSON;700.0;718.0;0.99;pred
000311-001;526-527;Utsman;PERSON;839.0;845.0;0.99;pred
000313-001;527-528;Rasulullah;PERSON;19.0;29.0;0.99;pred
000313-001;527-528;Ummu Hani binti Abu Thalib;PERSON;51.0;77.0;0.99;pred
000313-001;527-528;Ummu Hani;PERSON;244.0;253.0;0.99;pred
000313-001;527-528;Ali bin Abu Thalib;PERSON;366.0;384.0;0.99;pred
000313-001;527-528;Ummu Hani;PERSON;429.0;438.0;0.99;pred
000313-001;527-528;Ummu Hani;PERSON;511.0;520.0;0.99;pred
000313-001;527-528;Ali;PERSON;607.0;610.0;0.99;pred
000313-001;527-528;Ummu Hani;PERSON;706.0;715.0;0.99;pred
000314-001;528-529;Rasulullah;PERSON;14.0;24.0;0.99;pred
000314-001;528-529;Ka'bah;LOCATION;179.0;185.0;0.99;pred
000314-001;528-529;Abdul Uzza bin Khathal;PERSON;213.0;235.0;0.99;pred
000314-001;528-529;Abdullah bin Abu Sarh;PERSON;237.0;258.0;0.99;pred
000314-001;528-529;Ikrimah bin Abu Jahl;PERSON;260.0;280.0;0.99;pred
000314-001;528-529;Al-Harits bin Nufail bin Wahb;PERSON;282.0;311.0;0.99;pred
000314-001;528-529;Miqyas bin Shubabah;PERSON;313.0;332.0;0.99;pred
000314-001;528-529;Habbar bin Al-Aswad;PERSON;334.0;353.0;0.99;pred
000314-001;528-529;Ibnu Khathal;PERSON;375.0;387.0;0.99;pred
000314-001;528-529;Hathib bin Abu Balta'ah;PERSON;506.0;529.0;0.99;pred
000314-001;528-529;Abdullah bin Abu Sarh;PERSON;580.0;601.0;0.99;pred
000314-001;528-529;Utsman bin Affan;PERSON;615.0;631.0;0.99;pred
000314-001;528-529;Utsman bin Affan;PERSON;716.0;732.0;0.99;pred
000314-001;528-529;Utsman;PERSON;739.0;745.0;0.99;pred
000314-001;528-529;Abdullah bin Abu Sarh;PERSON;895.0;916.0;0.99;pred
000314-001;528-529;Abdullah bin Sarh;PERSON;946.0;963.0;0.99;pred
000314-001;528-529;Madinah;LOCATION;1006.0;1013.0;0.99;pred
000314-001;528-529;Makkah;LOCATION;1062.0;1068.0;0.99;pred
000314-001;528-529;Ikrimah bin Abu Jahl;PERSON;1069.0;1089.0;0.99;pred
000314-001;528-529;Yaman;LOCATION;1108.0;1113.0;0.99;pred
000314-001;528-529;Rasulullah;PERSON;1165.0;1175.0;0.99;pred
000314-001;528-529;Yaman;LOCATION;1214.0;1219.0;0.99;pred
000314-001;528-529;Makkah;LOCATION;1256.0;1262.0;0.99;pred
000314-001;528-529;Ikrimah;PERSON;1267.0;1274.0;0.99;pred
000314-001;528-529;Ibnu Khathal;PERSON;1298.0;1310.0;0.99;pred
000314-001;528-529;Ka'bah;LOCATION;1337.0;1343.0;0.99;pred
000315-001;529-530;Umair bin Al-Wahb;PERSON;179.0;196.0;0.99;pred
000315-001;529-530;Rasulullah;PERSON;251.0;261.0;0.99;pred
000315-001;529-530;Makkah;LOCATION;367.0;373.0;0.99;pred
000315-001;529-530;Yaman;LOCATION;476.0;481.0;0.99;pred
000315-001;529-530;Rasulullah;PERSON;837.0;847.0;0.99;pred
000316-001;530-531;Rasulullah;PERSON;36.0;46.0;0.99;pred
000316-001;530-531;Makkah;LOCATION;247.0;253.0;0.99;pred
000316-001;530-531;Makkah;LOCATION;297.0;303.0;0.99;pred
000316-001;530-531;Rasulullah;PERSON;564.0;574.0;0.99;pred
000316-001;530-531;Al-Abbas;PERSON;1078.0;1086.0;0.99;pred
000316-001;530-531;Rasulullah;PERSON;1103.0;1113.0;0.99;pred
000316-001;530-531;Rasulullah;PERSON;1377.0;1387.0;0.99;pred
000316-002;530-531;Rasulullah;PERSON;16.0;26.0;0.99;pred
000316-002;530-531;Yaman;LOCATION;551.0;556.0;0.99;pred
000316-002;530-531;Abu Syah;PERSON;570.0;578.0;0.99;pred
000316-002;530-531;Rasulullah;PERSON;641.0;651.0;0.99;pred
000316-002;530-531;Abu Syah;PERSON;704.0;712.0;0.99;pred
000318-001;531-532;Makkah;LOCATION;25.0;31.0;0.99;pred
000318-001;531-532;Rasulullah;PERSON;37.0;47.0;0.99;pred
000318-001;531-532;Makkah;LOCATION;86.0;92.0;0.99;pred
000318-001;531-532;Rasulullah;PERSON;278.0;288.0;0.99;pred
000318-001;531-532;Shafa;LOCATION;298.0;303.0;0.99;pred
000318-001;531-532;Umar bin Al-Khaththab;PERSON;337.0;358.0;0.99;pred
000318-001;531-532;Shafa;LOCATION;650.0;655.0;0.99;pred
000318-001;531-532;Umar;PERSON;660.0;664.0;0.99;pred
000318-001;531-532;Hindun binti Uthbah;PERSON;820.0;839.0;0.99;pred
000318-001;531-532;Abu Sufyan;PERSON;847.0;857.0;0.99;pred
000318-001;531-532;Hamzah;PERSON;997.0;1003.0;0.99;pred
000318-001;531-532;Rasulullah;PERSON;1005.0;1015.0;0.99;pred
000318-001;531-532;Umar bin Al-Khaththab;PERSON;1106.0;1127.0;0.99;pred
000319-001;532;Rasulullah;PERSON;0.0;10.0;0.99;pred
000319-001;532;Makkah;LOCATION;14.0;20.0;0.99;pred
000319-001;532;Abu Usaid;PERSON;170.0;179.0;0.99;pred
000319-001;532;Makkah;LOCATION;355.0;361.0;0.99;pred
000319-001;532;Makkah;LOCATION;383.0;389.0;0.99;pred
000320-001;532-536;Khalid bin Al-Walid;PERSON;110.0;129.0;0.99;pred
000320-001;532-536;bulan Ramadhan;TIME;229.0;243.0;0.99;pred
000320-001;532-536;Khalid;PERSON;396.0;402.0;0.99;pred
000320-001;532-536;Khalid;PERSON;498.0;504.0;0.99;pred
000320-001;532-536;Rasulullah;PERSON;514.0;524.0;0.99;pred
000320-001;532-536;Khalid;PERSON;583.0;589.0;0.99;pred
000320-001;532-536;Khalid;PERSON;724.0;730.0;0.99;pred
000320-001;532-536;Khalid;PERSON;936.0;942.0;0.99;pred
000320-001;532-536;Khalid;PERSON;1033.0;1039.0;0.99;pred
000320-001;532-536;Rasulullah;PERSON;1094.0;1104.0;0.99;pred
000320-001;532-536;Amru bin Al-Ash;PERSON;1247.0;1262.0;0.99;pred
000320-001;532-536;Makkah;LOCATION;1353.0;1359.0;0.99;pred
000320-003;532-536;Khalid bin Al-Walid;PERSON;197.0;216.0;0.99;pred
000320-003;532-536;Rasulullah;PERSON;224.0;234.0;0.99;pred
000320-003;532-536;bulan Sya'ban;TIME;240.0;253.0;0.99;pred
000320-003;532-536;Khalid;PERSON;594.0;600.0;0.99;pred
000320-003;532-536;Ibnu Umar;PERSON;820.0;829.0;0.99;pred
000320-003;532-536;Khalid;PERSON;869.0;875.0;0.99;pred
000320-003;532-536;Ibnu Umar;PERSON;881.0;890.0;0.99;pred
000320-003;532-536;Rasulullah;PERSON;925.0;935.0;0.99;pred
000320-003;532-536;Ali bin Abu Thalib;PERSON;1246.0;1264.0;0.99;pred
000320-003;532-536;Khalid;PERSON;1354.0;1360.0;0.99;pred
000320-003;532-536;Abdurrahman bin Auf;PERSON;1365.0;1384.0;0.99;pred
000320-006;532-536;Rasulullah;PERSON;164.0;174.0;0.99;pred
000326-002;540;Rasulullah;PERSON;355.0;365.0;0.99;pred
000332-002;544-545;Tha'if;LOCATION;70.0;76.0;0.99;pred
000332-002;544-545;Rasulullah;PERSON;549.0;559.0;0.99;pred
000332-002;544-545;Tha'if;LOCATION;699.0;705.0;0.99;pred
000332-002;544-545;Abu Bakrah;PERSON;1028.0;1038.0;0.99;pred
000332-002;544-545;Tha'if;LOCATION;1078.0;1084.0;0.99;pred
000332-002;544-545;Abu Bakrah;PERSON;1169.0;1179.0;0.99;pred
000343-001;560-561;Syam;LOCATION;171.0;175.0;0.99;pred
000343-001;560-561;Madinah;LOCATION;179.0;186.0;0.99;pred
000343-001;560-561;Heraklius;PERSON;235.0;244.0;0.99;pred
000343-001;560-561;Balqa;LOCATION;557.0;562.0;0.99;pred
000347-003;563-565;Tabuk;LOCATION;32.0;37.0;0.99;pred
000347-003;563-565;Tabuk;LOCATION;107.0;112.0;0.99;pred
000347-003;563-565;Tabuk;LOCATION;1052.0;1057.0;0.99;pred
000347-003;563-565;Rasulullah;PERSON;1104.0;1114.0;0.99;pred
000347-003;563-565;Rasulullah;PERSON;1293.0;1303.0;0.99;pred
000349-002;567;Madinah;LOCATION;82.0;89.0;0.99;pred
000349-002;567;Madinah;LOCATION;302.0;309.0;0.99;pred
000349-002;567;Tabuk;LOCATION;347.0;352.0;0.99;pred
000349-002;567;bulan Rajab;TIME;358.0;369.0;0.99;pred
000349-002;567;bulan Ramadhan;TIME;396.0;410.0;0.99;pred
000349-002;567;Tabuk;LOCATION;474.0;479.0;0.99;pred
