text_id,token,label
000048-004,Demi,O
000048-004,Allah,O
000048-004,",",O
000048-004,telah,O
000048-004,datang,O
000048-004,satu,O
000048-004,urusan,O
000048-004,yang,O
000048-004,kalian,O
000048-004,belum,O
000048-004,juga,O
000048-004,bisa,O
000048-004,mencari,O
000048-004,alasan,O
000048-004,untuk,O
000048-004,menghadapinya,O
000048-004,.,O
000048-004,Muhammad,B_PERSON
000048-004,adalah,O
000048-004,seorang,O
000048-004,pemuda,O
000048-004,belia,O
000048-004,di,O
000048-004,tengah,O
000048-004,kalian,O
000048-004,",",O
000048-004,yang,O
000048-004,paling,O
000048-004,kalian,O
000048-004,ridhai,O
000048-004,",",O
000048-004,paling,O
000048-004,jujur,O
000048-004,perkataannya,O
000048-004,dan,O
000048-004,paling,O
000048-004,besar,O
000048-004,amanatnya,O
000048-004,",",O
000048-004,sehingga,O
000048-004,tatkala,O
000048-004,kalian,O
000048-004,melihat,O
000048-004,uban,O
000048-004,di,O
000048-004,kedua,O
000048-004,pelipisnya,O
000048-004,dan,O
000048-004,dia,O
000048-004,membawa,O
000048-004,apa,O
000048-004,yang,O
000048-004,telah,O
000048-004,dia,O
000048-004,bawa,O
000048-004,kepada,O
000048-004,kalian,O
000048-004,",",O
000048-004,tiba-tiba,O
000048-004,kalian,O
000048-004,mengatakan,O
000048-004,",",O
000048-004,Dia,O
000048-004,adalah,O
000048-004,laki-laki,O
000048-004,penyihir.',O
000048-004,Tidak,O
000048-004,",",O
000048-004,demi,O
000048-004,Allah,O
000048-004,",",O
000048-004,dia,O
000048-004,bukanlah,O
000048-004,laki-laki,O
000048-004,penyihir,O
000048-004,.,O
000048-004,Kita,O
000048-004,sudah,O
000048-004,mengetahui,O
000048-004,para,O
000048-004,penyihir,O
000048-004,.,O
000048-004,hembusan,O
000048-004,dan,O
000048-004,buhul,O
000048-004,talinya,O
000048-004,.,O
000048-004,Kalian,O
000048-004,mengatakan,O
000048-004,",",O
000048-004,Dia,O
000048-004,adalah,O
000048-004,dukun',O
000048-004,.,O
000048-004,Tidak,O
000048-004,",",O
000048-004,demi,O
000048-004,Allah,O
000048-004,",",O
000048-004,dia,O
000048-004,bukanlah,O
000048-004,dukun,O
000048-004,.,O
000048-004,Kita,O
000048-004,sudah,O
000048-004,pernah,O
000048-004,melihat,O
000048-004,dukun-,O
000048-004,dukun,O
000048-004,",",O
000048-004,yang,O
000048-004,komat-kamit,O
000048-004,dan,O
000048-004,membacakan,O
000048-004,mantera,O
000048-004,.,O
000048-004,Kalian,O
000048-004,mengatakan,O
000048-004,.,O
000048-004,Dia,O
000048-004,adalah,O
000048-004,penyair.',O
000048-004,Tidak,O
000048-004,",",O
000048-004,demi,O
000048-004,Allah,O
000048-004,",",O
000048-004,dia,O
000048-004,bukanlah,O
000048-004,penyair,O
000048-004,.,O
000048-004,Kita,O
000048-004,sudah,O
000048-004,mengetahui,O
000048-004,syair,O
000048-004,dan,O
000048-004,mendengar,O
000048-004,semua,O
000048-004,jenis-jenisnya,O
000048-004,",",O
000048-004,baik,O
000048-004,hazaj,O
000048-004,maupun,O
000048-004,rajaz,O
000048-004,.,O
000048-004,Kalian,O
000048-004,berkata,O
000048-004,",",O
000048-004,Dia,O
000048-004,adalah,O
000048-004,orang,O
000048-004,sinting.',O
000048-004,Tidak,O
000048-004,",",O
000048-004,demi,O
000048-004,Allah,O
000048-004,",",O
000048-004,dia,O
000048-004,bukan,O
000048-004,orang,O
000048-004,sinting,O
000048-004,.,O
000048-004,Kita,O
000048-004,sudah,O
000048-004,mengetahui,O
000048-004,orang-orang,O
000048-004,yang,O
000048-004,sinting,O
000048-004,.,O
000048-004,sementara,O
000048-004,dia,O
000048-004,tidak,O
000048-004,menangis,O
000048-004,tersedu-sedu,O
000048-004,",",O
000048-004,tidak,O
000048-004,bertindak,O
000048-004,sekenanya,O
000048-004,dan,O
000048-004,tidak,O
000048-004,berbisik-bisik,O
000048-004,layaknya,O
000048-004,orang,O
000048-004,sinting,O
000048-004,.,O
000048-004,Wahai,O
000048-004,semua,O
000048-004,orang,O
000048-004,Quraisy,O
000048-004,.,O
000048-004,Lihatlah,O
000048-004,lagi,O
000048-004,kedudukan,O
000048-004,kalian,O
000048-004,.,O
000048-004,Demi,O
000048-004,Allah,O
000048-004,",",O
000048-004,kini,O
000048-004,ada,O
000048-004,urusan,O
000048-004,besar,O
000048-004,yang,O
000048-004,datang,O
000048-004,kepada,O
000048-004,kalian,O
000048-004,".""",O
000048-004,Kemudian,O
000048-004,An-Nadhr,B_PERSON
000048-004,pergi,O
000048-004,ke,O
000048-004,Hirah,B_LOCATION
000048-004,.,O
000048-004,Di,O
000048-004,sana,O
000048-004,dia,O
000048-004,mempelajari,O
000048-004,kisah,O
000048-004,para,O
000048-004,raja,O
000048-004,Persi,O
000048-004,",",O
000048-004,perkataan,O
000048-004,Rustum,B_PERSON
000048-004,dan,O
000048-004,Asfandiyar,O
000048-004,.,O
000051-003,Rasulullah,B_PERSON
000051-003,sudah,O
000051-003,tahu,O
000051-003,bahwa,O
000051-003,Ashhamah,O
000051-003,An-Najasyi,B_PERSON
000051-003,",",O
000051-003,raja,O
000051-003,yang,O
000051-003,berkuasa,O
000051-003,di,O
000051-003,Habasyah,B_LOCATION
000051-003,adalah,O
000051-003,seorang,O
000051-003,raja,O
000051-003,yang,O
000051-003,adil,O
000051-003,",",O
000051-003,tak,O
000051-003,bakal,O
000051-003,ada,O
000051-003,seorang,O
000051-003,pun,O
000051-003,yang,O
000051-003,teraniaya,O
000051-003,di,O
000051-003,sisinya,O
000051-003,.,O
000051-003,Oleh,O
000051-003,karena,O
000051-003,itu,O
000051-003,beliau,O
000051-003,memerintahkan,O
000051-003,agar,O
000051-003,beberapa,O
000051-003,orang,O
000051-003,Muslim,O
000051-003,hijrah,O
000051-003,ke,O
000051-003,Habasyah,B_LOCATION
000051-003,",",O
000051-003,melepaskan,O
000051-003,diri,O
000051-003,dari,O
000051-003,cobaan,O
000051-003,sambil,O
000051-003,membawa,O
000051-003,agamanya,O
000051-003,.,O
000051-003,Pada,O
000051-003,bulan,B_TIME
000051-003,Rajab,I_TIME
000051-003,tahun,O
000051-003,kelima,O
000051-003,dari,O
000051-003,nubuwah,O
000051-003,",",O
000051-003,sekelompok,O
000051-003,sahabat,O
000051-003,hijrah,O
000051-003,yang,O
000051-003,pertama,O
000051-003,kali,O
000051-003,ke,O
000051-003,Habasyah,B_LOCATION
000051-003,",",O
000051-003,terdiri,O
000051-003,dari,O
000051-003,dua,O
000051-003,belas,O
000051-003,orang,O
000051-003,laki-laki,O
000051-003,dan,O
000051-003,empat,O
000051-003,orang,O
000051-003,wanita,O
000051-003,",",O
000051-003,yang,O
000051-003,dipimpin,O
000051-003,Utsman,B_PERSON
000051-003,bin,I_PERSON
000051-003,Affan,I_PERSON
000051-003,.,O
000051-003,Dalam,O
000051-003,rombongan,O
000051-003,ini,O
000051-003,ikut,O
000051-003,pula,O
000051-003,Sayyidah,O
000051-003,Ruqayyah,O
000051-003,",",O
000051-003,putri,O
000051-003,Rasulullah,B_PERSON
000051-003,.,O
000051-003,Beliau,O
000051-003,bersabda,O
000051-003,tentang,O
000051-003,keduanya,O
000051-003,",",O
000051-003,"""",O
000051-003,Mereka,O
000051-003,berdua,O
000051-003,adalah,O
000051-003,penduduk,O
000051-003,Baitul-Haram,B_LOCATION
000051-003,pertama,O
000051-003,yang,O
000051-003,hijrah,O
000051-003,di,O
000051-003,jalan,O
000051-003,Allah,O
000051-003,setelah,O
000051-003,Ibrahim,B_PERSON
000051-003,dan,O
000051-003,83,O
000051-003,Mukhashar,O
000051-003,Siratir-Rasul,O
000051-003,",",O
000051-003,Syaikh,O
000051-003,Abdullah,O
000051-003,An-Najdi,O
000051-003,",",O
000051-003,hal,O
000051-003,.,O
000051-003,92-93,O
000051-003,;,O
000051-003,Zadul-Ma'd,O
000051-003,",",O
000051-003,1/24,O
000051-003,;,O
000051-003,Rahmah,O
000051-003,Lil-,O
000051-003,'alamin,O
000051-003,",",O
000051-003,1/61,O
000051-003,.,O
000051-003,Dengan,O
000051-003,berjalan,O
000051-003,mengendap-ngendap,O
000051-003,di,O
000051-003,tengah,O
000051-003,malam,O
000051-003,",",O
000051-003,mereka,O
000051-003,pergi,O
000051-003,menuju,O
000051-003,pinggir,O
000051-003,pantai,O
000051-003,",",O
000051-003,agar,O
000051-003,tidak,O
000051-003,diketahui,O
000051-003,orang-orang,O
000051-003,Quraisy,O
000051-003,.,O
000051-003,Secara,O
000051-003,kebetulan,O
000051-003,saat,O
000051-003,mereka,O
000051-003,tiba,O
000051-003,di,O
000051-003,pelabuhan,O
000051-003,Syaiban,B_LOCATION
000051-003,",",O
000051-003,ada,O
000051-003,dua,O
000051-003,kapal,O
000051-003,datang,O
000051-003,yang,O
000051-003,bertolak,O
000051-003,menuju,O
000051-003,Habasyah,B_LOCATION
000051-003,.,O
000051-003,Setelah,O
000051-003,orang-orang,O
000051-003,Quraisy,O
000051-003,mengetahui,O
000051-003,kepergian,O
000051-003,orang-orang,O
000051-003,Muslim,O
000051-003,ini,O
000051-003,",",O
000051-003,mereka,O
000051-003,segera,O
000051-003,mengejar,O
000051-003,.,O
000051-003,Tetapi,O
000051-003,tatkala,O
000051-003,mereka,O
000051-003,tiba,O
000051-003,di,O
000051-003,pinggir,O
000051-003,pantai,O
000051-003,",",O
000051-003,orang-orang,O
000051-003,Muslim,O
000051-003,sudah,O
000051-003,bertolak,O
000051-003,dengan,O
000051-003,selamat,O
000051-003,.,O
000051-003,Orang,O
000051-003,orang,O
000051-003,Muslim,O
000051-003,hidup,O
000051-003,di,O
000051-003,sana,O
000051-003,dengan,O
000051-003,mendapat,O
000051-003,perlakuan,O
000051-003,yang,O
000051-003,baik,O
000051-003,.,O
000051-003,Pada,O
000051-003,bulan,B_TIME
000051-003,Ramadhan,I_TIME
000051-003,di,O
000051-003,tahun,O
000051-003,yang,O
000051-003,sama,O
000051-003,",",O
000051-003,Nabi,O
000051-003,keluar,O
000051-003,dari,O
000051-003,Masjidil,B_LOCATION
000051-003,Haram,I_LOCATION
000051-003,",",O
000051-003,yang,O
000051-003,saat,O
000051-003,itu,O
000051-003,para,O
000051-003,pemuka,O
000051-003,dan,O
000051-003,pembesar,O
000051-003,Quraisy,O
000051-003,sedang,O
000051-003,berkumpul,O
000051-003,di,O
000051-003,sana,O
000051-003,.,O
000051-004,Pada,O
000051-004,bulan,B_TIME
000051-004,Ramadhan,I_TIME
000051-004,di,O
000051-004,tahun,O
000051-004,yang,O
000051-004,sama,O
000051-004,",",O
000051-004,Nabi,O
000051-004,keluar,O
000051-004,dari,O
000051-004,Masjidil,B_LOCATION
000051-004,Haram,I_LOCATION
000051-004,",",O
000051-004,yang,O
000051-004,saat,O
000051-004,itu,O
000051-004,para,O
000051-004,pemuka,O
000051-004,dan,O
000051-004,pembesar,O
000051-004,Quraisy,O
000051-004,sedang,O
000051-004,berkumpul,O
000051-004,di,O
000051-004,sana,O
000051-004,.,O
000051-004,Beliau,O
000051-004,berdiri,O
000051-004,di,O
000051-004,hadapan,O
000051-004,mereka,O
000051-004,",",O
000051-004,lalu,O
000051-004,seketika,O
000051-004,itu,O
000051-004,pula,O
000051-004,membacakan,O
000051-004,surat,O
000051-004,An-Najm,O
000051-004,.,O
000051-004,Orang-orang,O
000051-004,kafir,O
000051-004,itu,O
000051-004,tidak,O
000051-004,pernah,O
000051-004,mendengarkan,O
000051-004,kalam,O
000051-004,Allah,O
000051-004,yang,O
000051-004,seperti,O
000051-004,itu,O
000051-004,sebelumnya,O
000051-004,.,O
000051-004,Sebab,O
000051-004,redaksi,O
000051-004,mereka,O
000051-004,panjang-panjang,O
000051-004,seperti,O
000051-004,biasanya,O
000051-004,",",O
000051-004,memaksa,O
000051-004,sebagian,O
000051-004,di,O
000051-004,antara,O
000051-004,mereka,O
000051-004,untuk,O
000051-004,menjelaskan,O
000051-004,kepada,O
000051-004,sebagian,O
000051-004,yang,O
000051-004,lain,O
000051-004,",",O
000051-004,seperti,O
000051-004,yang,O
000051-004,dijelaskan,O
000051-004,Allah,O
000051-004,",",O
000051-004,"""",O
000051-004,Dan,O
000051-004,orang-orang,O
000051-004,yang,O
000051-004,kafir,O
000051-004,berkata,O
000051-004,",",O
000051-004,Janganlah,O
000051-004,kalian,O
000051-004,mendengar,O
000051-004,dengan,O
000051-004,sungguh-sungguh,O
000051-004,akan,O
000051-004,Al-Qur'an,O
000051-004,ini,O
000051-004,dan,O
000051-004,buatlah,O
000051-004,hiruk,O
000051-004,pikuk,O
000051-004,terhadapnya,O
000051-004,",",O
000051-004,supaya,O
000051-004,kalian,O
000051-004,dapat,O
000051-004,mengalahkannya,O
000051-004,".""",O
000051-004,(,O
000051-004,Fushshilat,O
000051-004,:,O
000051-004,26,O
000051-004,),O
000051-004,Tetapi,O
000051-004,tatkala,O
000051-004,dilantunkan,O
000051-004,bacaan,O
000051-004,surat,O
000051-004,ini,O
000051-004,",",O
000051-004,gendang,O
000051-004,telinga,O
000051-004,mereka,O
000051-004,diketuk,O
000051-004,kalam,O
000051-004,Ilahi,O
000051-004,yang,O
000051-004,indah,O
000051-004,menawan,O
000051-004,",",O
000051-004,yang,O
000051-004,keindahannya,O
000051-004,sulit,O
000051-004,dilukiskan,O
000051-004,dengan,O
000051-004,suatu,O
000051-004,gambaran,O
000051-004,",",O
000051-004,mereka,O
000051-004,pun,O
000051-004,diam,O
000051-004,terpesona,O
000051-004,",",O
000051-004,menyimak,O
000051-004,isinya,O
000051-004,dan,O
000051-004,semua,O
000051-004,orang,O
000051-004,khidmat,O
000051-004,mendengarnya,O
000051-004,",",O
000051-004,sehingga,O
000051-004,tidak,O
000051-004,ada,O
000051-004,pikiran,O
000051-004,lain,O
000051-004,yang,O
000051-004,melintas,O
000051-004,di,O
000051-004,dalam,O
000051-004,benak,O
000051-004,mereka,O
000051-004,.,O
000051-004,Tatkala,O
000051-004,beliau,O
000051-004,membacakan,O
000051-004,penutup,O
000051-004,surat,O
000051-004,ini,O
000051-004,",",O
000051-004,hati,O
000051-004,mereka,O
000051-004,serasa,O
000051-004,terbang,O
000051-004,.,O
000051-004,Akhirnya,O
000051-004,beliau,O
000051-004,membaca,O
000051-004,ayat,O
000051-004,terakhir,O
000051-004,",",O
000051-004,'Maka,O
000051-004,bersujudlah,O
000051-004,kepada,O
000051-004,Allah,O
000051-004,dan,O
000051-004,sembahlah,O
000051-004,(,O
000051-004,Dia,O
000051-004,),O
000051-004,""".",O
000051-004,(,O
000051-004,An-Najam,O
000051-004,:,O
000051-004,62,O
000051-004,),O
000051-004,Mereka,O
000051-004,pun,O
000051-004,sujud,O
000051-004,.,O
000051-004,Tak,O
000051-004,seorang,O
000051-004,pun,O
000051-004,mampu,O
000051-004,menguasai,O
000051-004,diri,O
000051-004,",",O
000051-004,dan,O
000051-004,mereka,O
000051-004,semua,O
000051-004,merunduk,O
000051-004,dalam,O
000051-004,keadaan,O
000051-004,sujud,O
000051-004,.,O
000051-004,Sebenarnya,O
000051-004,sinar-sinar,O
000051-004,kebenaran,O
000051-004,telah,O
000051-004,merasuk,O
000051-004,ke,O
000051-004,dalam,O
000051-004,jiwa,O
000051-004,orang-orang,O
000051-004,yang,O
000051-004,sombong,O
000051-004,dan,O
000051-004,selalu,O
000051-004,mengolok-ngolok,O
000051-004,itu,O
000051-004,.,O
000051-004,Mereka,O
000051-004,tidak,O
000051-004,mampu,O
000051-004,menahan,O
000051-004,diri,O
000051-004,untuk,O
000051-004,sujud,O
000051-004,.,O
000051-004,4,O
000051-004,84,O
000051-004,Tafhimul-Qur,O
000051-004,'an,O
000051-004,",",O
000051-004,5/188,O
000051-004,.,O
000059-002,Dia,O
000059-002,berdiri,O
000059-002,di,O
000059-002,tengah,O
000059-002,anggota,O
000059-002,keluarganya,O
000059-002,dari,O
000059-002,Bani,O
000059-002,Hasyim,O
000059-002,",",O
000059-002,Bani,O
000059-002,Al-Muththalib,O
000059-002,dan,O
000059-002,Abdi,O
000059-002,Manaf,O
000059-002,",",O
000059-002,meminta,O
000059-002,kesediaan,O
000059-002,mereka,O
000059-002,untuk,O
000059-002,melindungi,O
000059-002,anak,O
000059-002,saudaranya,O
000059-002,.,O
000059-002,Ternyata,O
000059-002,mereka,O
000059-002,menyanggupinya,O
000059-002,",",O
000059-002,yang,O
000059-002,kafir,O
000059-002,maupun,O
000059-002,yang,O
000059-002,Muslim,O
000059-002,",",O
000059-002,sebagai,O
000059-002,langkah,O
000059-002,untuk,O
000059-002,menjaga,O
000059-002,kekerabatan,O
000059-002,.,O
000059-002,Yang,O
000059-002,tidak,O
000059-002,bergabung,O
000059-002,dalam,O
000059-002,kesediaan,O
000059-002,ini,O
000059-002,adalah,O
000059-002,saudaranya,O
000059-002,",",O
000059-002,Abu,B_PERSON
000059-002,Lahab,I_PERSON
000059-002,.,O
000059-002,Dia,O
000059-002,memisahkan,O
000059-002,diri,O
000059-002,dari,O
000059-002,mereka,O
000059-002,dan,O
000059-002,bergabung,O
000059-002,bersama,O
000059-002,orang-orang,O
000059-002,Quraisy,O
000059-002,lainnya,O
000059-002,.,O
000115-002,Oleh,O
000115-002,karena,O
000115-002,itu,O
000115-002,",",O
000115-002,Rasulullah,B_PERSON
000115-002,mengumumkan,O
000115-002,kepada,O
000115-002,orang-orang,O
000115-002,Muslim,O
000115-002,",",O
000115-002,"""",O
000115-002,Ini,O
000115-002,adalah,O
000115-002,kafilah,O
000115-002,dagang,O
000115-002,Quraisy,O
000115-002,yang,O
000115-002,membawa,O
000115-002,harta,O
000115-002,benda,O
000115-002,mereka,O
000115-002,.,O
000115-002,Hadanglah,O
000115-002,kafilah,O
000115-002,itu,O
000115-002,",",O
000115-002,semoga,O
000115-002,Allah,O
000115-002,memberikan,O
000115-002,barang,O
000115-002,rampasan,O
000115-002,itu,O
000115-002,kepada,O
000115-002,kalian,O
000115-002,".""",O
000115-002,Beliau,O
000115-002,tidak,O
000115-002,menekankan,O
000115-002,kepada,O
000115-002,seorang,O
000115-002,pun,O
000115-002,di,O
000115-002,antara,O
000115-002,mereka,O
000115-002,untuk,O
000115-002,bergabung,O
000115-002,",",O
000115-002,tetapi,O
000115-002,beliau,O
000115-002,menyerahkan,O
000115-002,masalah,O
000115-002,ini,O
000115-002,kepada,O
000115-002,kerelaan,O
000115-002,mereka,O
000115-002,Sebab,O
000115-002,kali,O
000115-002,ini,O
000115-002,tidak,O
000115-002,akan,O
000115-002,terjadi,O
000115-002,bentrokan,O
000115-002,yang,O
000115-002,seru,O
000115-002,dengan,O
000115-002,pasukan,O
000115-002,Quraisy,O
000115-002,",",O
000115-002,dan,O
000115-002,memang,O
000115-002,bentrokan,O
000115-002,ini,O
000115-002,baru,O
000115-002,terjadi,O
000115-002,saat,O
000115-002,di,O
000115-002,Badr,B_LOCATION
000115-002,.,O
000115-002,Oleh,O
000115-002,karena,O
000115-002,itu,O
000115-002,",",O
000115-002,banyak,O
000115-002,sahabat,O
000115-002,yang,O
000115-002,memilih,O
000115-002,tetap,O
000115-002,di,O
000115-002,Madinah,B_LOCATION
000115-002,.,O
000115-002,Sebab,O
000115-002,ketetapan,O
000115-002,kali,O
000115-002,ini,O
000115-002,tak,O
000115-002,berbeda,O
000115-002,dengan,O
000115-002,ketetapan,O
000115-002,beliau,O
000115-002,dalam,O
000115-002,mengirimkan,O
000115-002,satuan-satuan,O
000115-002,pasukan,O
000115-002,sebelumnya,O
000115-002,.,O
000115-002,Karena,O
000115-002,itu,O
000115-002,",",O
000115-002,mereka,O
000115-002,pun,O
000115-002,tidak,O
000115-002,mengingkari,O
000115-002,keputusan,O
000115-002,beliau,O
000115-002,untuk,O
000115-002,tidak,O
000115-002,ikut,O
000115-002,dalam,O
000115-002,penghadangan,O
000115-002,ini,O
000115-002,.,O
000117-001,Tanpa,O
000117-001,rasa,O
000117-001,gentar,O
000117-001,sedikit,O
000117-001,pun,O
000117-001,Rasulullah,B_PERSON
000117-001,berangkat,O
000117-001,dari,O
000117-001,jantung,O
000117-001,Madinah,B_LOCATION
000117-001,bersama,O
000117-001,pasukan,O
000117-001,ini,O
000117-001,",",O
000117-001,berjalan,O
000117-001,melewati,O
000117-001,jalur,O
000117-001,pokok,O
000117-001,menuju,O
000117-001,Makkah,B_LOCATION
000117-001,",",O
000117-001,hingga,O
000117-001,tiba,O
000117-001,di,O
000117-001,sumur,O
000117-001,Ar-Rauha,O
000117-001,yang,O
000117-001,sekalipun,O
000117-001,belum,O
000117-001,pernah,O
000117-001,didatangi,O
000117-001,beliau,O
000117-001,.,O
000117-001,Dari,O
000117-001,sini,O
000117-001,beliau,O
000117-001,tidak,O
000117-001,mengambil,O
000117-001,jalan,O
000117-001,ke,O
000117-001,kiri,O
000117-001,yang,O
000117-001,menuju,O
000117-001,Makkah,B_LOCATION
000117-001,",",O
000117-001,tetapi,O
000117-001,justru,O
000117-001,mengambil,O
000117-001,jalan,O
000117-001,ke,O
000117-001,arah,O
000117-001,kanan,O
000117-001,menuju,O
000117-001,Badr,B_LOCATION
000117-001,",",O
000117-001,melewati,O
000117-001,Rahaqan,O
000117-001,dan,O
000117-001,tiba,O
000117-001,di,O
000117-001,Ash-Shafra',B_LOCATION
000117-001,.,O
000117-001,Dari,O
000117-001,sana,O
000117-001,beliau,O
000117-001,mengirim,O
000117-001,Basbas,B_PERSON
000117-001,bin,I_PERSON
000117-001,Amr,I_PERSON
000117-001,dan,O
000117-001,Adi,B_PERSON
000117-001,bin,I_PERSON
000117-001,Abu,I_PERSON
000117-001,Az-Za'ba',I_PERSON
000117-001,Al-Juhannya,O
000117-001,agar,O
000117-001,pergi,O
000117-001,ke,O
000117-001,Badr,B_LOCATION
000117-001,",",O
000117-001,untuk,O
000117-001,mencari,O
000117-001,berita,O
000117-001,tenang,O
000117-001,kafilah,O
000117-001,dagang,O
000117-001,Quraisy,O
000124-004,Demi,O
000124-004,Allah,O
000124-004,",",O
000124-004,jika,O
000124-004,engkau,O
000124-004,maju,O
000124-004,hingga,O
000124-004,mencapai,O
000124-004,dasar,O
000124-004,sumur,O
000124-004,yang,O
000124-004,gelap,O
000124-004,",",O
000124-004,tentu,O
000124-004,kami,O
000124-004,akan,O
000124-004,maju,O
000124-004,bersama,O
000124-004,engkau,O
000124-004,.,O
000124-004,Demi,O
000124-004,Allah,O
000124-004,",",O
000124-004,jika,O
000124-004,engkau,O
000124-004,terhalang,O
000124-004,lautan,O
000124-004,bersama,O
000124-004,kami,O
000124-004,",",O
000124-004,lalu,O
000124-004,engkau,O
000124-004,terjun,O
000124-004,ke,O
000124-004,lautan,O
000124-004,itu,O
000124-004,",",O
000124-004,tentu,O
000124-004,kami,O
000124-004,juga,O
000124-004,akan,O
000124-004,terjun,O
000124-004,bersama,O
000124-004,engkau,O
000124-004,.,O
000124-004,Rasulullah,B_PERSON
000124-004,merasa,O
000124-004,gembira,O
000124-004,dengan,O
000124-004,apa,O
000124-004,yang,O
000124-004,dikatakan,O
000124-004,Sa'd,O
000124-004,dan,O
000124-004,semangatnya,O
000124-004,yang,O
000124-004,menggebu-gebu,O
000124-004,.,O
000124-004,Maka,O
000124-004,beliau,O
000124-004,bersabda,O
000124-004,",",O
000124-004,"""",O
000124-004,Majulah,O
000124-004,kalian,O
000124-004,dan,O
000124-004,terimalah,O
000124-004,kabar,O
000124-004,gembira,O
000124-004,",",O
000124-004,karena,O
000124-004,Allah,O
000124-004,telah,O
000124-004,menjanjikan,O
000124-004,salah,O
000124-004,satu,O
000124-004,dari,O
000124-004,dua,O
000124-004,pihak,O
000124-004,kepadaku,O
000124-004,.,O
000124-004,Demi,O
000124-004,Allah,O
000124-004,",",O
000124-004,seakan-akan,O
000124-004,saat,O
000124-004,ini,O
000124-004,aku,O
000124-004,bisa,O
000124-004,melihat,O
000124-004,tempat,O
000124-004,kematian,O
000124-004,mereka,O
000124-004,".""",O
000124-004,Setelah,O
000124-004,itu,O
000124-004,Rasulullah,B_PERSON
000124-004,meninggalkan,O
000124-004,Dzafiran,O
000124-004,untuk,O
000124-004,melanjutkan,O
000124-004,perjalanan,O
000124-004,.,O
000124-004,Beliau,O
000124-004,melewati,O
000124-004,jalan,O
000124-004,bukit,O
000124-004,yang,O
000124-004,disebut,O
000124-004,Al-Ashafir,O
000124-004,",",O
000124-004,kemudian,O
000124-004,cepat-cepat,O
000124-004,menuju,O
000124-004,suatu,O
000124-004,tempat,O
000124-004,yang,O
000124-004,disebut,O
000124-004,Ad-Dabbah,O
000124-004,dan,O
000124-004,meninggalkan,O
000124-004,Al-Hannan,O
000124-004,di,O
000124-004,sebelah,O
000124-004,kanannya,O
000124-004,",",O
000124-004,yaitu,O
000124-004,sebuah,O
000124-004,bukit,O
000124-004,pasir,O
000124-004,yang,O
000124-004,menyerupai,O
000124-004,gunung,O
000124-004,yang,O
000124-004,kokoh,O
000124-004,",",O
000124-004,kemudian,O
000124-004,tiba,O
000124-004,di,O
000124-004,dekat,O
000124-004,Badr,B_LOCATION
000124-004,.,O
000127-001,Rasulullah,B_PERSON
000127-001,membawa,O
000127-001,pasukannya,O
000127-001,ke,O
000127-001,mata,O
000127-001,air,O
000127-001,Badr,B_LOCATION
000127-001,agar,O
000127-001,bisa,O
000127-001,mendahului,O
000127-001,pasukan,O
000127-001,orang-orang,O
000127-001,Quraisy,O
000127-001,",",O
000127-001,sehingga,O
000127-001,mereka,O
000127-001,bisa,O
000127-001,menghalangi,O
000127-001,orang-orang,O
000127-001,Quraisy,O
000127-001,untuk,O
000127-001,menguasai,O
000127-001,mata,O
000127-001,air,O
000127-001,itu,O
000127-001,.,O
000127-001,Maka,O
000127-001,pada,O
000127-001,petang,O
000127-001,hari,O
000127-001,mereka,O
000127-001,sudah,O
000127-001,tiba,O
000127-001,di,O
000127-001,dekat,O
000127-001,mata,O
000127-001,air,O
000127-001,Badr,B_LOCATION
000127-001,.,O
000127-001,Di,O
000127-001,sinilah,O
000127-001,Al-Hubab,B_PERSON
000127-001,bin,I_PERSON
000127-001,Al-Mundzir,I_PERSON
000127-001,tampil,O
000127-001,layaknya,O
000127-001,seorang,O
000127-001,penasihat,O
000127-001,militer,O
000127-001,",",O
000127-001,seraya,O
000127-001,bertanya,O
000127-001,",",O
000127-001,"""",O
000127-001,Wahai,O
000127-001,Rasulullah,B_PERSON
000127-001,",",O
000127-001,bagaimana,O
000127-001,pendapat,O
000127-001,engkau,O
000127-001,tentang,O
000127-001,keputusan,O
000127-001,berhenti,O
000127-001,di,O
000127-001,tempat,O
000127-001,ini,O
000127-001,?,O
000127-001,Apakah,O
000127-001,ini,O
000127-001,tempat,O
000127-001,berhenti,O
000127-001,yang,O
000127-001,diturunkan,O
000127-001,Allah,O
000127-001,kepada,O
000127-001,engkau,O
000127-001,?,O
000127-001,Jika,O
000127-001,begitu,O
000127-001,keadaannya,O
000127-001,",",O
000127-001,maka,O
000127-001,tidak,O
000127-001,ada,O
000127-001,pilihan,O
000127-001,bagi,O
000127-001,kami,O
000127-001,maju,O
000127-001,atau,O
000127-001,mundur,O
000127-001,dari,O
000127-001,tempat,O
000127-001,ini,O
000127-001,.,O
000127-001,Ataukah,O
000127-001,in,O
000127-001,sekedar,O
000127-001,pendapat,O
000127-001,",",O
000127-001,siasat,O
000127-001,",",O
000127-001,dan,O
000127-001,taktik,O
000127-001,perang,O
000127-001,"?""",O
000127-001,Beliau,O
000127-001,menjawab,O
000127-001,",",O
000127-001,"""",O
000127-001,Ini,O
000127-001,adalah,O
000127-001,pendapatku,O
000127-001,",",O
000127-001,siasat,O
000127-001,",",O
000127-001,dan,O
000127-001,taktik,O
000127-001,perang,O
000127-001,".""",O
000127-001,Dia,O
000127-001,berkata,O
000127-001,",",O
000127-001,"""",O
000127-001,Wahai,O
000127-001,Rasulullah,B_PERSON
000127-001,",",O
000127-001,menurutku,O
000127-001,tidak,O
000127-001,tepat,O
000127-001,jika,O
000127-001,kita,O
000127-001,berhenti,O
000127-001,di,O
000127-001,sini,O
000127-001,.,O
000127-001,Pindahkanlah,O
000127-001,orang-orang,O
000127-001,ke,O
000127-001,tempat,O
000127-001,yang,O
000127-001,lebih,O
000127-001,dekat,O
000127-001,lagi,O
000127-001,dengan,O
000127-001,mata,O
000127-001,air,O
000127-001,daripada,O
000127-001,mereka,O
000127-001,(,O
000127-001,orang-orang,O
000127-001,musyrik,O
000127-001,Makkah,B_LOCATION
000127-001,).,O
000127-001,Kita,O
000127-001,berhenti,O
000127-001,di,O
000127-001,tempat,O
000127-001,itu,O
000127-001,dan,O
000127-001,kita,O
000127-001,timbun,O
000127-001,kolam-kolam,O
000127-001,di,O
000127-001,belakang,O
000127-001,mereka,O
000127-001,",",O
000127-001,lalu,O
000127-001,kita,O
000127-001,buat,O
000127-001,kolam,O
000127-001,yang,O
000127-001,kita,O
000127-001,isi,O
000127-001,air,O
000127-001,hingga,O
000127-001,penuh,O
000127-001,.,O
000127-001,Setelah,O
000127-001,itu,O
000127-001,kita,O
000127-001,berperang,O
000127-001,menghadapi,O
000127-001,mereka,O
000127-001,.,O
000127-001,Kita,O
000127-001,bisa,O
000127-001,minum,O
000127-001,dan,O
000127-001,mereka,O
000127-001,tidak,O
000127-001,bisa,O
000127-001,".""",O
000127-001,Beliau,O
000127-001,bersabda,O
000127-001,",",O
000127-001,"""",O
000127-001,Engkau,O
000127-001,telah,O
000127-001,menyampaikan,O
000127-001,pendapat,O
000127-001,yang,O
000127-001,jitu,O
000127-001,".""",O
000127-001,Maka,O
000127-001,Rasulullah,B_PERSON
000127-001,memindahkan,O
000127-001,pasukannya,O
000127-001,",",O
000127-001,sehingga,O
000127-001,jarak,O
000127-001,mereka,O
000127-001,dengan,O
000127-001,mata,O
000127-001,air,O
000127-001,lebih,O
000127-001,dekat,O
000127-001,lagi,O
000127-001,daripada,O
000127-001,pihak,O
000127-001,musuh,O
000127-001,.,O
000127-001,Separoh,O
000127-001,malam,O
000127-001,mereka,O
000127-001,berada,O
000127-001,di,O
000127-001,tempat,O
000127-001,itu,O
000127-001,",",O
000127-001,lalu,O
000127-001,mereka,O
000127-001,membuat,O
000127-001,sebuah,O
000127-001,kolom,O
000127-001,air,O
000127-001,dan,O
000127-001,menimbun,O
000127-001,kolam-kolam,O
000127-001,yang,O
000127-001,lain,O
000127-001,.,O
000127-001,Tatkala,O
000127-001,orang-orang,O
000127-001,Muslim,O
000127-001,sudah,O
000127-001,berhenti,O
000127-001,di,O
000127-001,tempat,O
000127-001,yang,O
000127-001,dimaksudkan,O
000127-001,.,O
000128-001,Kemudian,O
000128-001,Rasulullah,B_PERSON
000128-001,mempersiapkan,O
000128-001,pasukan,O
000128-001,",",O
000128-001,berkeliling,O
000128-001,di,O
000128-001,sekitar,O
000128-001,arena,O
000128-001,yang,O
000128-001,akan,O
000128-001,dijadikan,O
000128-001,ajang,O
000128-001,pertempuran,O
000128-001,.,O
000128-001,Beliau,O
000128-001,menunjukkan,O
000128-001,jarinya,O
000128-001,ke,O
000128-001,suatu,O
000128-001,tempat,O
000128-001,sambil,O
000128-001,bersabda,O
000128-001,",",O
000128-001,Ini,O
000128-001,tempat,O
000128-001,kematian,O
000128-001,Fulan,O
000128-001,esok,O
000128-001,hari,O
000128-001,insya,O
000128-001,Allah,O
000128-001,",",O
000128-001,dan,O
000128-001,ini,O
000128-001,tempat,O
000128-001,kematiannya,O
000128-001,Fulan,O
000128-001,insya,O
000128-001,Allah,O
000128-001,".""",O
000128-001,Pada,O
000128-001,malam,O
000128-001,itu,O
000128-001,beliau,O
000128-001,sering,O
000128-001,melaksanakan,O
000128-001,shalat,O
000128-001,di,O
000128-001,dekat,O
000128-001,pangkal,O
000128-001,pohon,O
000128-001,yang,O
000128-001,tumbuh,O
000128-001,di,O
000128-001,sana,O
000128-001,.,O
000128-001,Sedangkan,O
000128-001,orang-orang,O
000128-001,Muslim,O
000128-001,tidur,O
000128-001,dengan,O
000128-001,hembusan,O
000128-001,napas,O
000128-001,yang,O
000128-001,tenang,O
000128-001,seakan,O
000128-001,menyinari,O
000128-001,angkasa,O
000128-001,.,O
000128-001,Hati,O
000128-001,mereka,O
000128-001,ditaburi,O
000128-001,keyakinan,O
000128-001,Mereka,O
000128-001,cukup,O
000128-001,istirahat,O
000128-001,pada,O
000128-001,malam,O
000128-001,itu,O
000128-001,",",O
000128-001,dengan,O
000128-001,harapan,O
000128-001,esok,O
000128-001,paginya,O
000128-001,dapat,O
000128-001,melihat,O
000128-001,kabar,O
000128-001,gembira,O
000128-001,dari,O
000128-001,Allah,O
000128-001,"""(",O
000128-001,Ingatlah,O
000128-001,),O
000128-001,ketika,O
000128-001,Allah,O
000128-001,menjadikan,O
000128-001,kalian,O
000128-001,mengantuk,O
000128-001,sebagai,O
000128-001,suatu,O
000128-001,penentram,O
000128-001,dari-Nya,O
000128-001,",",O
000128-001,dan,O
000128-001,Allah,O
000128-001,menurunkan,O
000128-001,kepada,O
000128-001,kalian,O
000128-001,hujan,O
000128-001,dari,O
000128-001,langit,O
000128-001,untuk,O
000128-001,mensucikan,O
000128-001,kalian,O
000128-001,dengan,O
000128-001,hujan,O
000128-001,itu,O
000128-001,dan,O
000128-001,menghilangkan,O
000128-001,dari,O
000128-001,kalian,O
000128-001,gangguan-gangguan,O
000128-001,setan,O
000128-001,dan,O
000128-001,untuk,O
000128-001,menguatkan,O
000128-001,hati,O
000128-001,kalian,O
000128-001,dan,O
000128-001,memperteguh,O
000128-001,dengannya,O
000128-001,telapak,O
000128-001,kaki,O
000128-001,(,O
000128-001,kalian,O
000128-001,).,O
000128-001,"""",O
000128-001,(,O
000128-001,Al-Anfal,O
000128-001,:,O
000128-001,11,O
000128-001,),O
000128-001,Malam,O
000128-001,itu,O
000128-001,adalah,O
000128-001,malam,O
000128-001,Jum'at,O
000128-001,",",O
000128-001,tanggal,B_TIME
000128-001,17,I_TIME
000128-001,Ramadhan,I_TIME
000128-001,2,I_TIME
000128-001,H,I_TIME
000128-001,.,O
000128-001,Sementara,O
000128-001,keberangkatan,O
000128-001,beliau,O
000128-001,pada,O
000128-001,tanggal,O
000128-001,8,O
000128-001,atau,O
000128-001,12,O
000128-001,dari,O
000128-001,bulan,O
000128-001,yang,O
000128-001,sama,O
000128-001,.,O
000139-001,Peperangan,O
000139-001,sudah,O
000139-001,usai,O
000139-001,dengan,O
000139-001,kekalahan,O
000139-001,telak,O
000139-001,di,O
000139-001,pihak,O
000139-001,orang-orang,O
000139-001,musyrik,O
000139-001,dan,O
000139-001,kemenangan,O
000139-001,yang,O
000139-001,nyata,O
000139-001,di,O
000139-001,pihak,O
000139-001,orang-orang,O
000139-001,Muslim,O
000139-001,.,O
000139-001,Yang,O
000139-001,mati,O
000139-001,syahid,O
000139-001,dari,O
000139-001,pasukan,O
000139-001,Muslimin,O
000139-001,dalam,O
000139-001,peperangan,O
000139-001,ini,O
000139-001,ada,O
000139-001,empat,O
000139-001,belas,O
000139-001,orang,O
000139-001,",",O
000139-001,enam,O
000139-001,dari,O
000139-001,Muhajirin,O
000139-001,dan,O
000139-001,delapan,O
000139-001,dari,O
000139-001,Anshar,O
000139-001,.,O
000139-001,Sedangkan,O
000139-001,orang-orang,O
000139-001,musyrik,O
000139-001,mengalami,O
000139-001,kerugian,O
000139-001,yang,O
000139-001,amat,O
000139-001,banyak,O
000139-001,Korban,O
000139-001,di,O
000139-001,antara,O
000139-001,mereka,O
000139-001,ada,O
000139-001,tujuh,O
000139-001,puluh,O
000139-001,orang,O
000139-001,dan,O
000139-001,tujuh,O
000139-001,puluh,O
000139-001,orang,O
000139-001,pula,O
000139-001,yang,O
000139-001,tertawan,O
000139-001,",",O
000139-001,yang,O
000139-001,kebanyakan,O
000139-001,justru,O
000139-001,terdiri,O
000139-001,dari,O
000139-001,para,O
000139-001,pemuka,O
000139-001,dan,O
000139-001,pemimpin,O
000139-001,mereka,O
000139-001,.,O
000139-001,Setelah,O
000139-001,peperangan,O
000139-001,usai,O
000139-001,",",O
000139-001,Rasulullah,B_PERSON
000139-001,berkeliling,O
000139-001,hingga,O
000139-001,berdiri,O
000139-001,di,O
000139-001,dekat,O
000139-001,korban,O
000139-001,dari,O
000139-001,orang-orang,O
000139-001,musyrik,O
000139-001,",",O
000139-001,"""",O
000139-001,Keluarga,O
000139-001,yang,O
000139-001,paling,O
000139-001,buruk,O
000139-001,terhadap,O
000139-001,nabi,O
000139-001,kalian,O
000139-001,adalah,O
000139-001,diri,O
000139-001,kalian,O
000139-001,.,O
000139-001,Kalian,O
000139-001,mendustakan,O
000139-001,aku,O
000139-001,selagi,O
000139-001,orang-orang,O
000139-001,membenarkan,O
000139-001,aku,O
000139-001,.,O
000139-001,Kalian,O
000139-001,menelantarkan,O
000139-001,aku,O
000139-001,selagi,O
000139-001,orang-orang,O
000139-001,menolongku,O
000139-001,.,O
000139-001,Kalian,O
000139-001,mengusir,O
000139-001,aku,O
000139-001,selagi,O
000139-001,orang-orang,O
000139-001,melindungi,O
000139-001,aku,O
000139-001,".""",O
000139-001,Lalu,O
000139-001,beliau,O
000139-001,memerintahkan,O
000139-001,agar,O
000139-001,tubuh,O
000139-001,mereka,O
000139-001,dimasukkan,O
000139-001,ke,O
000139-001,dalam,O
000139-001,sumur,O
000139-001,.,O
000139-001,Diriwayatkan,O
000139-001,dari,O
000139-001,Abu,B_PERSON
000139-001,Thalhah,I_PERSON
000139-001,",",O
000139-001,bahwa,O
000139-001,Nabi,O
000139-001,Allah,O
000139-001,memerintahkan,O
000139-001,untuk,O
000139-001,mengumpulkan,O
000139-001,dua,O
000139-001,puluh,O
000139-001,empat,O
000139-001,pemuka,O
000139-001,Quraisy,O
000139-001,yang,O
000139-001,terbunuh,O
000139-001,",",O
000139-001,lalu,O
000139-001,mereka,O
000139-001,dilemparkan,O
000139-001,ke,O
000139-001,dalam,O
000139-001,sumur,O
000139-001,yang,O
000139-001,kotor,O
000139-001,dan,O
000139-001,bau,O
000139-001,.,O
000139-001,Sebelum,O
000139-001,itu,O
000139-001,",",O
000139-001,jika,O
000139-001,ada,O
000139-001,suatu,O
000139-001,kaum,O
000139-001,mendapatkan,O
000139-001,suatu,O
000139-001,kemenangan,O
000139-001,",",O
000139-001,maka,O
000139-001,mereka,O
000139-001,mengadakan,O
000139-001,pesta,O
000139-001,di,O
000139-001,Badr,B_LOCATION
000139-001,selama,O
000139-001,tiga,O
000139-001,malam,O
000139-001,.,O
000139-001,Pada,O
000139-001,hari,O
000139-001,ketiga,O
000139-001,dari,O
000139-001,Perang,B_EVENT
000139-001,Badr,I_EVENT
000139-001,",",O
000139-001,beliau,O
000139-001,meminta,O
000139-001,hewan,O
000139-001,kendaraannya,O
000139-001,dan,O
000139-001,mengikatnya,O
000139-001,.,O
000139-001,Kemudian,O
000139-001,beliau,O
000139-001,berjalan,O
000139-001,mengikuti,O
000139-001,para,O
000139-001,sahabat,O
000139-001,",",O
000139-001,hingga,O
000139-001,beliau,O
000139-001,berdiri,O
000139-001,di,O
000139-001,bibir,O
000139-001,sumur,O
000139-001,.,O
000139-001,Beliau,O
000139-001,menyebutkan,O
000139-001,nama,O
000139-001,orang-orang,O
000139-001,musyrik,O
000139-001,yang,O
000139-001,jasadnya,O
000139-001,dilemparkan,O
000139-001,ke,O
000139-001,dalam,O
000139-001,sumur,O
000139-001,itu,O
000139-001,",",O
000139-001,begitu,O
000139-001,nama,O
000139-001,bapak-bapak,O
000139-001,mereka,O
000139-001,.,O
000142-001,Seusai,O
000142-001,perang,O
000142-001,",",O
000142-001,Rasulullah,B_PERSON
000142-001,masih,O
000142-001,berada,O
000142-001,di,O
000142-001,Badr,B_LOCATION
000142-001,selama,O
000142-001,tiga,O
000142-001,hari,O
000142-001,Sebelum,O
000142-001,meninggalkan,O
000142-001,kancah,O
000142-001,peperangan,O
000142-001,",",O
000142-001,terjadi,O
000142-001,silang,O
000142-001,pendapat,O
000142-001,di,O
000142-001,antara,O
000142-001,anggota,O
000142-001,pasukan,O
000142-001,tentang,O
000142-001,pembagian,O
000142-001,harta,O
000142-001,rampasan,O
000142-001,.,O
000142-001,Ketika,O
000142-001,silang,O
000142-001,pendapat,O
000142-001,ini,O
000142-001,semakin,O
000142-001,meruncing,O
000142-001,maka,O
000142-001,beliau,O
000142-001,memerintahkan,O
000142-001,agar,O
000142-001,semua,O
000142-001,harta,O
000142-001,rampasan,O
000142-001,di,O
000142-001,tangan,O
000142-001,mereka,O
000142-001,diserahkan,O
000142-001,.,O
000142-001,Mereka,O
000142-001,pun,O
000142-001,menurutinya,O
000142-001,",",O
000142-001,lalu,O
000142-001,turun,O
000142-001,wahyu,O
000142-001,yang,O
000142-001,memecahkan,O
000142-001,masalah,O
000142-001,ini,O
000142-001,.,O
000142-001,Dari,O
000142-001,Ubadah,B_PERSON
000142-001,bin,I_PERSON
000142-001,Ash-Shamit,I_PERSON
000142-001,",",O
000142-001,dia,O
000142-001,berkata,O
000142-001,",",O
000142-001,"""",O
000142-001,Kami,O
000142-001,pergi,O
000142-001,bersama,O
000142-001,Nabi,O
000142-001,bergabung,O
000142-001,dalam,O
000142-001,Perang,B_EVENT
000142-001,Badr,I_EVENT
000142-001,.,O
000142-001,Dua,O
000142-001,pasukan,O
000142-001,saling,O
000142-001,berhadapan,O
000142-001,dan,O
000142-001,Allah,O
000142-001,mengalahkan,O
000142-001,pasukan,O
000142-001,musuh,O
000142-001,.,O
000142-001,Ada,O
000142-001,segolongan,O
000142-001,pasukan,O
000142-001,Muslimin,O
000142-001,yang,O
000142-001,mengejar,O
000142-001,musuh,O
000142-001,",",O
000142-001,mengusir,O
000142-001,dan,O
000142-001,membunuh,O
000142-001,.,O
000142-001,Ada,O
000142-001,pula,O
000142-001,sebagian,O
000142-001,lain,O
000142-001,y,O
000142-001,ang,O
000142-001,meng-,O
000142-001,uasai,O
000142-001,harta,O
000142-001,rampasan,O
000142-001,yang,O
000142-001,telah,O
000142-001,dikumpulkan,O
000142-001,.,O
000142-001,Ada,O
000142-001,pula,O
000142-001,sebagian,O
000142-001,lain,O
000142-001,yang,O
000142-001,menjaga,O
000142-001,Rasulullah,B_PERSON
000142-001,dan,O
000142-001,tidak,O
000142-001,berhadapan,O
000142-001,langsung,O
000142-001,dengan,O
000142-001,musuh,O
000142-001,.,O
000142-001,Pada,O
000142-001,malam,O
000142-001,harinya,O
000142-001,",",O
000142-001,selagi,O
000142-001,sebagian,O
000142-001,sudah,O
000142-001,berkumpul,O
000142-001,dengan,O
000142-001,sebagian,O
000142-001,yang,O
000142-001,lain,O
000142-001,mereka,O
000142-001,yang,O
000142-001,berhasil,O
000142-001,mengumpulkan,O
000142-001,harta,O
000142-001,rampasan,O
000142-001,berkata,O
000142-001,",",O
000142-001,"""",O
000142-001,Kamilah,O
000142-001,yang,O
000142-001,telah,O
000142-001,mengumpulkan,O
000142-001,dan,O
000142-001,siapa,O
000142-001,pun,O
000142-001,tidak,O
000142-001,boleh,O
000142-001,mengusiknya,O
000142-001,".""",O
000142-001,Sedangkan,O
000142-001,mereka,O
000142-001,yang,O
000142-001,bertugas,O
000142-001,mengejar,O
000142-001,musuh,O
000142-001,menyahut,O
000142-001,",",O
000142-001,"""",O
000142-001,Kalian,O
000142-001,tidak,O
000142-001,lebih,O
000142-001,berhak,O
000142-001,daripada,O
000142-001,kami,O
000142-001,.,O
000142-001,Kamilah,O
000142-001,yang,O
000142-001,sebenarnya,O
000142-001,telah,O
000142-001,mengumpulkan,O
000142-001,harta,O
000142-001,rampasan,O
000142-001,itu,O
000142-001,dan,O
000142-001,mengalahkan,O
000142-001,musuh,O
000142-001,".""",O
000142-001,Sedangkan,O
000142-001,mereka,O
000142-001,yang,O
000142-001,bertugas,O
000142-001,menjaga,O
000142-001,beliau,O
000142-001,berkata,O
000142-001,",",O
000142-001,"""",O
000142-001,Kami,O
000142-001,khawatir,O
000142-001,musuh,O
000142-001,akan,O
000142-001,menyerang,O
000142-001,beliau,O
000142-001,",",O
000142-001,maka,O
000142-001,sejak,O
000142-001,awal,O
000142-001,kami,O
000142-001,melindungi,O
000142-001,beliau,O
000142-001,".""",O
000142-001,Maka,O
000142-001,kemudian,O
000142-001,Allah,O
000142-001,menurunkan,O
000142-001,ayat,O
000142-001,",",O
000142-001,JWJT,O
000142-001,"""",O
000142-001,Mereka,O
000142-001,menanyakan,O
000142-001,kepadamu,O
000142-001,tentang,O
000142-001,(,O
000142-001,pembagian,O
000142-001,),O
000142-001,harta,O
000142-001,rampasan,O
000142-001,.,O
000142-001,"Katakanlah,'Harta",O
000142-001,perang,O
000142-001,itu,O
000142-001,kepunyaan,O
000142-001,Allah,O
000142-001,dan,O
000142-001,Rasul,O
000142-001,.,O
000145-002,Setelah,O
000145-002,itu,O
000145-002,Allah,O
000145-002,berfirman,O
000145-002,kepada,O
000145-002,orang-orang,O
000145-002,Muslim,O
000145-002,tentang,O
000145-002,masalah,O
000145-002,harta,O
000145-002,rampasan,O
000145-002,dan,O
000145-002,meletakkan,O
000145-002,dasar-dasar,O
000145-002,masalah,O
000145-002,ini,O
000145-002,.,O
000145-002,Kemudian,O
000145-002,Allah,O
000145-002,menjelaskan,O
000145-002,dan,O
000145-002,menetapkan,O
000145-002,aturan-aturan,O
000145-002,main,O
000145-002,saat,O
000145-002,perang,O
000145-002,dan,O
000145-002,damai,O
000145-002,",",O
000145-002,karena,O
000145-002,dakwah,O
000145-002,Islam,O
000145-002,saat,O
000145-002,itu,O
000145-002,sudah,O
000145-002,memasuki,O
000145-002,tahapan,O
000145-002,ini,O
000145-002,",",O
000145-002,agar,O
000145-002,perang,O
000145-002,yang,O
000145-002,dilakukan,O
000145-002,orang-orang,O
000145-002,Muslim,O
000145-002,berbeda,O
000145-002,dengan,O
000145-002,perang,O
000145-002,yang,O
000145-002,dilakukan,O
000145-002,orang-,O
000145-002,orang,O
000145-002,Jahiliyah,O
000145-002,.,O
000145-002,Mereka,O
000145-002,unggul,O
000145-002,karena,O
000145-002,akhlak,O
000145-002,dan,O
000145-002,nilai-nilai,O
000145-002,yang,O
000145-002,luhur,O
000145-002,serta,O
000145-002,menegaskan,O
000145-002,kepada,O
000145-002,dunia,O
000145-002,bahwa,O
000145-002,Islam,O
000145-002,bukan,O
000145-002,sekedar,O
000145-002,teori,O
000145-002,yang,O
000145-002,mentah,O
000145-002,.,O
000145-002,tetapi,O
000145-002,Islam,O
000145-002,membekali,O
000145-002,para,O
000145-002,pemeluknya,O
000145-002,secara,O
000145-002,praktis,O
000145-002,",",O
000145-002,berlandaskan,O
000145-002,kepada,O
000145-002,dasar-dasar,O
000145-002,dan,O
000145-002,prinsip-prinsip,O
000145-002,yang,O
000145-002,diserunya,O
000145-002,.,O
000145-002,Kemudian,O
000145-002,Allah,O
000145-002,menetapan,O
000145-002,beberapa,O
000145-002,butir,O
000145-002,undang-undang,O
000145-002,Daulah,O
000145-002,Islam,O
000145-002,",",O
000145-002,dengan,O
000145-002,membuat,O
000145-002,perbedaan,O
000145-002,antara,O
000145-002,orang-orang,O
000145-002,Muslim,O
000145-002,yang,O
000145-002,menetap,O
000145-002,di,O
000145-002,wilayah,O
000145-002,Islam,O
000145-002,dan,O
000145-002,mereka,O
000145-002,yang,O
000145-002,menetap,O
000145-002,di,O
000145-002,luar,O
000145-002,wilayah,O
000145-002,Islam,O
000145-002,.,O
000145-002,Pada,O
000145-002,tahun,B_TIME
000145-002,kedua,I_TIME
000145-002,Hijriyah,I_TIME
000145-002,turun,O
000145-002,kewajiban,O
000145-002,puasa,O
000145-002,Ramadhan,O
000145-002,",",O
000145-002,membayar,O
000145-002,zakat,O
000145-002,fitrah,O
000145-002,dan,O
000145-002,penjelasan,O
000145-002,tentang,O
000145-002,batasan-batasan,O
000145-002,zakat,O
000145-002,yang,O
000145-002,lain,O
000145-002,.,O
000145-002,Kewajiban,O
000145-002,membay,O
000145-002,ar,O
000145-002,zakat,O
000145-002,fitrah,O
000145-002,dan,O
000145-002,zakat-zakat,O
000145-002,lainnya,O
000145-002,dimaksudkan,O
000145-002,untuk,O
000145-002,memperingan,O
000145-002,beban,O
000145-002,hidup,O
000145-002,yang,O
000145-002,dijalani,O
000145-002,orang-orang,O
000145-002,Muhajirin,O
000145-002,dan,O
000145-002,Anshar,O
000145-002,yang,O
000145-002,miskin,O
000145-002,",",O
000145-002,yang,O
000145-002,tidak,O
000145-002,mempunyai,O
000145-002,bakat,O
000145-002,usaha,O
000145-002,.,O
000145-002,Ada,O
000145-002,momen,O
000145-002,yang,O
000145-002,paling,O
000145-002,mengesankan,O
000145-002,",",O
000145-002,karena,O
000145-002,Id,O
000145-002,pertama,O
000145-002,yang,O
000145-002,dijalani,O
000145-002,orang-orang,O
000145-002,Muslim,O
000145-002,dalam,O
000145-002,hidup,O
000145-002,mereka,O
000145-002,adalah,O
000145-002,Idul,O
000145-002,Fitri,O
000145-002,pada,O
000145-002,bulan,B_TIME
000145-002,Syawwal,I_TIME
000145-002,2,I_TIME
000145-002,Hijriyah,I_TIME
000145-002,",",O
000145-002,setelah,O
000145-002,mereka,O
000145-002,memperoleh,O
000145-002,kemenangan,O
000145-002,yang,O
000145-002,gemilang,O
000145-002,di,O
000145-002,Perang,B_EVENT
000145-002,Badr,I_EVENT
000145-002,.,O
000145-002,Betapa,O
000145-002,mengesankan,O
000145-002,Id,O
000145-002,yang,O
000145-002,penuh,O
000145-002,kebahagiaan,O
000145-002,ini,O
000145-002,",",O
000145-002,setelah,O
000145-002,Allah,O
000145-002,menyematkan,O
000145-002,mahkota,O
000145-002,kemenangan,O
000145-002,dan,O
000145-002,keperkasaan,O
000145-002,kepada,O
000145-002,mereka,O
000145-002,.,O
000145-003,Betapa,O
000145-003,mengesankan,O
000145-003,Id,O
000145-003,yang,O
000145-003,penuh,O
000145-003,kebahagiaan,O
000145-003,ini,O
000145-003,",",O
000145-003,setelah,O
000145-003,Allah,O
000145-003,menyematkan,O
000145-003,mahkota,O
000145-003,kemenangan,O
000145-003,dan,O
000145-003,keperkasaan,O
000145-003,kepada,O
000145-003,mereka,O
000145-003,.,O
000145-003,Betapa,O
000145-003,mengagumkan,O
000145-003,shalat,O
000145-003,Idul,O
000145-003,Fitri,O
000145-003,yang,O
000145-003,mereka,O
000145-003,lakukan,O
000145-003,saat,O
000145-003,itu,O
000145-003,",",O
000145-003,setelah,O
000145-003,mereka,O
000145-003,keluar,O
000145-003,dari,O
000145-003,rumah,O
000145-003,dengan,O
000145-003,menyerukan,O
000145-003,suara,O
000145-003,takbir,O
000145-003,",",O
000145-003,tahmid,O
000145-003,",",O
000145-003,dan,O
000145-003,tauhid,O
000145-003,.,O
000145-003,Hat,O
000145-003,mereka,O
000145-003,mekar,O
000145-003,dipenuhi,O
000145-003,kecintaan,O
000145-003,kepada,O
000145-003,Allah,O
000145-003,",",O
000145-003,sambil,O
000145-003,tetap,O
000145-003,mengharapkan,O
000145-003,rahmat,O
000145-003,dan,O
000145-003,keridhaan-Nya,O
000145-003,",",O
000145-003,setelah,O
000145-003,Dia,O
000145-003,memuliakan,O
000145-003,mereka,O
000145-003,dengan,O
000145-003,nikmat,O
000145-003,dan,O
000145-003,menguatkan,O
000145-003,mereka,O
000145-003,dengan,O
000145-003,pertolongan-Nya,O
000145-003,.,O
000145-003,Lalu,O
000145-003,Allah,O
000145-003,mengingatkan,O
000145-003,mereka,O
000145-003,tentang,O
000145-003,semua,O
000145-003,ini,O
000145-003,dengan,O
000145-003,berfirman,O
000145-003,",",O
000145-003,81,O
000145-003,I,O
000145-003,x,O
000145-003,i,O
000145-003,"""",O
000145-003,"Dan,ingatlah",O
000145-003,(,O
000145-003,hai,O
000145-003,para,O
000145-003,Muhajirin,O
000145-003,),O
000145-003,ketika,O
000145-003,kalian,O
000145-003,masih,O
000145-003,berjumlah,O
000145-003,sedikit,O
000145-003,lagi,O
000145-003,tertindas,O
000145-003,di,O
000145-003,bumi,O
000145-003,(,O
000145-003,Makkah,B_LOCATION
000145-003,).,O
000145-003,Kalian,O
000145-003,takut,O
000145-003,orang-orang,O
000145-003,(,O
000145-003,Makkah,B_LOCATION
000145-003,),O
000145-003,akar,O
000145-003,menculik,O
000145-003,kalian,O
000145-003,",",O
000145-003,maka,O
000145-003,Allah,O
000145-003,memberi,O
000145-003,kalian,O
000145-003,tempat,O
000145-003,menetap,O
000145-003,(,O
000145-003,Madinah,B_LOCATION
000145-003,),O
000145-003,dan,O
000145-003,dijadikan-Nya,O
000145-003,kalian,O
000145-003,kuat,O
000145-003,dengan,O
000145-003,pertolongan-Nya,O
000145-003,dan,O
000145-003,diberi-Nya,O
000145-003,kalian,O
000145-003,rezeki,O
000145-003,dari,O
000145-003,yang,O
000145-003,baik-baik,O
000145-003,agar,O
000145-003,kalian,O
000145-003,bersyukur,O
000145-003,.,O
000145-003,"""",O
000145-003,(,O
000145-003,Al-Anfal,O
000145-003,:,O
000145-003,26,O
000145-003,),O
000145-003,Sumur,O
000145-003,Badr,B_LOCATION
000163-001,Pasukan,O
000163-001,Makkah,B_LOCATION
000163-001,meneruskan,O
000163-001,perjalanan,O
000163-001,",",O
000163-001,mengambil,O
000163-001,jalur,O
000163-001,utama,O
000163-001,ke,O
000163-001,arah,O
000163-001,barat,O
000163-001,menuju,O
000163-001,Madinah,B_LOCATION
000163-001,.,O
000163-001,Setiba,O
000163-001,di,O
000163-001,Abwa',O
000163-001,",",O
000163-001,Hindun,B_PERSON
000163-001,bin,I_PERSON
000163-001,Uthbah,I_PERSON
000163-001,",",O
000163-001,istri,O
000163-001,Abu,B_PERSON
000163-001,Sufyan,I_PERSON
000163-001,mengusulkan,O
000163-001,untuk,O
000163-001,menggali,O
000163-001,kuburan,O
000163-001,ibunda,O
000163-001,Rasulullah,B_PERSON
000163-001,.,O
000163-001,Namun,O
000163-001,para,O
000163-001,komandan,O
000163-001,pasukan,O
000163-001,Quraisy,O
000163-001,menolak,O
000163-001,usulan,O
000163-001,ini,O
000163-001,.,O
000163-001,Kali,O
000163-001,ini,O
000163-001,mereka,O
000163-001,bersikap,O
000163-001,sangat,O
000163-001,hati-hati,O
000163-001,terhadap,O
000163-001,akibat,O
000163-001,yang,O
000163-001,harus,O
000163-001,dihadapi,O
000163-001,jika,O
000163-001,mereka,O
000163-001,berbuat,O
000163-001,seperti,O
000163-001,itu,O
000163-001,.,O
000163-001,Maka,O
000163-001,pasukan,O
000163-001,melanjutkan,O
000163-001,perjalanan,O
000163-001,hingga,O
000163-001,mendekati,O
000163-001,Madinah,B_LOCATION
000163-001,.,O
000163-001,Mereka,O
000163-001,melewati,O
000163-001,Wadi,O
000163-001,Al-Aqiq,O
000163-001,",",O
000163-001,lalu,O
000163-001,membelok,O
000163-001,ke,O
000163-001,arah,O
000163-001,kanan,O
000163-001,hingga,O
000163-001,tiba,O
000163-001,di,O
000163-001,dekat,O
000163-001,bukit,O
000163-001,Uhud,B_LOCATION
000163-001,",",O
000163-001,di,O
000163-001,suatu,O
000163-001,tempat,O
000163-001,disebut,O
000163-001,Ainain,O
000163-001,",",O
000163-001,di,O
000163-001,sebelah,O
000163-001,utara,O
000163-001,Madinah,B_LOCATION
000163-001,.,O
000163-001,Pasukan,O
000163-001,Quraisy,O
000163-001,mengambil,O
000163-001,tempat,O
000163-001,di,O
000163-001,sana,O
000163-001,pada,O
000163-001,hari,B_TIME
000163-001,Jum'at,I_TIME
000163-001,tanggal,I_TIME
000163-001,6,I_TIME
000163-001,Syawwal,I_TIME
000163-001,3,I_TIME
000163-001,H,I_TIME
000163-001,.,O
000169-003,Pengaturan,O
000169-003,ini,O
000169-003,merupakan,O
000169-003,strategi,O
000169-003,yang,O
000169-003,sangat,O
000169-003,bijaksana,O
000169-003,dan,O
000169-003,sekaligus,O
000169-003,amat,O
000169-003,detil,O
000169-003,",",O
000169-003,yang,O
000169-003,menggambarkan,O
000169-003,kecerdikan,O
000169-003,Rasulullah,B_PERSON
000169-003,sebagai,O
000169-003,seorang,O
000169-003,komandan,O
000169-003,perang,O
000169-003,.,O
000169-003,Tidak,O
000169-003,ada,O
000169-003,seorang,O
000169-003,komandan,O
000169-003,perang,O
000169-003,pun,O
000169-003,yang,O
000169-003,memiliki,O
000169-003,kecerdikan,O
000169-003,dalam,O
000169-003,menetapkan,O
000169-003,strategi,O
000169-003,yang,O
000169-003,sangat,O
000169-003,jitu,O
000169-003,ini,O
000169-003,",",O
000169-003,seperti,O
000169-003,apa,O
000169-003,pun,O
000169-003,keandalannya,O
000169-003,.,O
000169-003,Beliau,O
000169-003,memilih,O
000169-003,tempat,O
000169-003,yang,O
000169-003,sangat,O
000169-003,strategis,O
000169-003,",",O
000169-003,padahal,O
000169-003,kedatangan,O
000169-003,beliau,O
000169-003,di,O
000169-003,sana,O
000169-003,didahului,O
000169-003,pasukan,O
000169-003,musuh,O
000169-003,.,O
000169-003,Punggung,O
000169-003,dan,O
000169-003,sayap,O
000169-003,kanan,O
000169-003,pasukan,O
000169-003,terlindungi,O
000169-003,oleh,O
000169-003,satu-satunya,O
000169-003,tebing,O
000169-003,yang,O
000169-003,ada,O
000169-003,di,O
000169-003,situ,O
000169-003,.,O
000169-003,Beliau,O
000169-003,memilihkan,O
000169-003,tempat,O
000169-003,yang,O
000169-003,relatif,O
000169-003,lebih,O
000169-003,tinggi,O
000169-003,dari,O
000169-003,pasukannya,O
000169-003,.,O
000169-003,Jika,O
000169-003,terdesak,O
000169-003,",",O
000169-003,anggota,O
000169-003,pasukannya,O
000169-003,tidak,O
000169-003,mudah,O
000169-003,menyerah,O
000169-003,lalu,O
000169-003,melarikan,O
000169-003,diri,O
000169-003,",",O
000169-003,justru,O
000169-003,membuka,O
000169-003,peluang,O
000169-003,bagi,O
000169-003,musuh,O
000169-003,untuk,O
000169-003,menghabisi,O
000169-003,dan,O
000169-003,menawan,O
000169-003,mereka,O
000169-003,.,O
000169-003,Jika,O
000169-003,mereka,O
000169-003,terus,O
000169-003,bertahan,O
000169-003,",",O
000169-003,musuh,O
000169-003,justru,O
000169-003,terus,O
000169-003,mendesak,O
000169-003,maju,O
000169-003,.,O
000169-003,Sementara,O
000169-003,musuh,O
000169-003,tidak,O
000169-003,mempunyai,O
000169-003,pilihan,O
000169-003,lain,O
000169-003,untuk,O
000169-003,menyerang,O
000169-003,mereka,O
000169-003,dari,O
000169-003,sisi,O
000169-003,lain,O
000169-003,.,O
000169-003,Sebaliknya,O
000169-003,",",O
000169-003,jika,O
000169-003,kemenangan,O
000169-003,berpihak,O
000169-003,kepada,O
000169-003,pasukan,O
000169-003,Muslimin,O
000169-003,",",O
000169-003,maka,O
000169-003,musuh,O
000169-003,tidak,O
000169-003,dapat,O
000169-003,menghindar,O
000169-003,dari,O
000169-003,kejaran,O
000169-003,174,O
000169-003,Sabda,O
000169-003,beliau,O
000169-003,ini,O
000169-003,diriwayatkan,O
000169-003,Ahmad,O
000169-003,",",O
000169-003,Ath-Thabrany,B_PERSON
000169-003,dan,O
000169-003,Al-Hakim,O
000169-003,dari,O
000169-003,Ibnu,B_PERSON
000169-003,Abbas,I_PERSON
000169-003,.,O
000169-003,Lihat,O
000169-003,Fathul-Bari,O
000169-003,",",O
000169-003,7/350,O
000169-003,.,O
000169-003,mereka,O
000169-003,.,O
000169-003,Di,O
000169-003,samping,O
000169-003,semua,O
000169-003,itu,O
000169-003,",",O
000169-003,beliau,O
000169-003,telah,O
000169-003,menunjuk,O
000169-003,beberapa,O
000169-003,orang,O
000169-003,di,O
000169-003,front,O
000169-003,terdepan,O
000169-003,",",O
000169-003,yang,O
000169-003,terdiri,O
000169-003,dari,O
000169-003,orang-orang,O
000169-003,yang,O
000169-003,gagah,O
000169-003,perkasa,O
000169-003,dan,O
000169-003,pemberani,O
000169-003,Begitulah,O
000169-003,Nabi,O
000169-003,mengatur,O
000169-003,pasukannya,O
000169-003,pada,O
000169-003,hari,B_TIME
000169-003,Sabtu,I_TIME
000169-003,pagi,I_TIME
000169-003,tanggal,I_TIME
000169-003,7,I_TIME
000169-003,Syawwal,I_TIME
000169-003,3,I_TIME
000169-003,H,I_TIME
000169-003,.,O
000182-001,Pada,O
000182-001,saat,O
000182-001,pasukan,O
000182-001,Islam,O
000182-001,yang,O
000182-001,kecil,O
000182-001,tinggal,O
000182-001,meraih,O
000182-001,kemenangan,O
000182-001,sebentar,O
000182-001,lagi,O
000182-001,atas,O
000182-001,pasukan,O
000182-001,Quraisy,O
000182-001,",",O
000182-001,yang,O
000182-001,nilai,O
000182-001,kemenangannya,O
000182-001,tidak,O
000182-001,kalah,O
000182-001,sedikit,O
000182-001,dari,O
000182-001,kemenangan,O
000182-001,yang,O
000182-001,diraih,O
000182-001,di,O
000182-001,Perang,B_EVENT
000182-001,Badr,I_EVENT
000182-001,",",O
000182-001,terjadi,O
000182-001,kesalahan,O
000182-001,fatal,O
000182-001,yang,O
000182-001,dilakukan,O
000182-001,para,O
000182-001,pemanah,O
000182-001,",",O
000182-001,sehingga,O
000182-001,bisa,O
000182-001,membalik,O
000182-001,keadaan,O
000182-001,secara,O
000182-001,total,O
000182-001,dan,O
000182-001,akhirnya,O
000182-001,menimbulkan,O
000182-001,kerugian,O
000182-001,yang,O
000182-001,amat,O
000182-001,banyak,O
000182-001,bagi,O
000182-001,pasukan,O
000182-001,Muslimin,O
000182-001,",",O
000182-001,bahkan,O
000182-001,hampir,O
000182-001,saja,O
000182-001,menyebabkan,O
000182-001,kematian,O
000182-001,bagi,O
000182-001,Nabi,O
000182-001,.,O
000182-001,Kejadian,O
000182-001,ini,O
000182-001,membiaskan,O
000182-001,pengaruh,O
000182-001,yang,O
000182-001,kurang,O
000182-001,menguntungkan,O
000182-001,bagi,O
000182-001,ketenaran,O
000182-001,dan,O
000182-001,kehebatan,O
000182-001,mereka,O
000182-001,setelah,O
000182-001,meraih,O
000182-001,kemenangan,O
000182-001,di,O
000182-001,Badr,B_EVENT
000182-001,.,O
000182-001,Telah,O
000182-001,kami,O
000182-001,utarakan,O
000182-001,teks,O
000182-001,perintah,O
000182-001,Nabi,O
000182-001,yang,O
000182-001,sangat,O
000182-001,keras,O
000182-001,terhadap,O
000182-001,para,O
000182-001,pemanah,O
000182-001,itu,O
000182-001,",",O
000182-001,agar,O
000182-001,mereka,O
000182-001,tetap,O
000182-001,berada,O
000182-001,di,O
000182-001,atas,O
000182-001,bukit,O
000182-001,",",O
000182-001,dalam,O
000182-001,keadaan,O
000182-001,kalah,O
000182-001,maupun,O
000182-001,menang,O
000182-001,.,O
000182-001,Sekalipun,O
000182-001,sudah,O
000182-001,ada,O
000182-001,perintah,O
000182-001,yang,O
000182-001,sangat,O
000182-001,tegas,O
000182-001,ini,O
000182-001,",",O
000182-001,tatkala,O
000182-001,pasukan,O
000182-001,pemanah,O
000182-001,melihat,O
000182-001,orang-orang,O
000182-001,Muslim,O
000182-001,sudah,O
000182-001,mengumpulkan,O
000182-001,harta,O
000182-001,rampasan,O
000182-001,dari,O
000182-001,pihak,O
000182-001,musuh,O
000182-001,",",O
000182-001,mereka,O
000182-001,pun,O
000182-001,dikuasai,O
000182-001,egoisme,O
000182-001,kecintaan,O
000182-001,terhadap,O
000182-001,duniawi,O
000182-001,.,O
000182-001,Mereka,O
000182-001,saling,O
000182-001,berkata,O
000182-001,",",O
000182-001,"""",O
000182-001,Harta,O
000182-001,rampasan,O
000182-001,",",O
000182-001,harta,O
000182-001,rampasan,O
000182-001,!,O
000182-001,Rekan-rekan,O
000182-001,kalian,O
000182-001,sudah,O
000182-001,menang,O
000182-001,.,O
000182-001,Apa,O
000182-001,lagi,O
000182-001,yang,O
000182-001,kalian,O
000182-001,tunggu,O
000182-001,"?""",O
000182-001,Komandan,O
000182-001,mereka,O
000182-001,",",O
000182-001,Abdullah,B_PERSON
000182-001,bin,I_PERSON
000182-001,Jubair,I_PERSON
000182-001,mengingatkan,O
000182-001,perintah,O
000182-001,Rasulullah,B_PERSON
000182-001,kepada,O
000182-001,mereka,O
000182-001,",",O
000182-001,dengan,O
000182-001,berkata,O
000182-001,",",O
000182-001,"""",O
000182-001,Apakah,O
000182-001,kalian,O
000182-001,sudah,O
000182-001,lupa,O
000182-001,apa,O
000182-001,yang,O
000182-001,dikatakan,O
000182-001,Rasulullah,B_PERSON
000182-001,kepada,O
000182-001,kalian,O
000182-001,"?""",O
000182-001,Tetapi,O
000182-001,mayoritas,O
000182-001,di,O
000182-001,antara,O
000182-001,mereka,O
000182-001,tidak,O
000182-001,mempedulikan,O
000182-001,peringatan,O
000182-001,ini,O
000182-001,.,O
000187-003,Sambil,O
000187-003,mengusap,O
000187-003,darah,O
000187-003,y,O
000187-003,ang,O
000187-003,mengalir,O
000187-003,dari,O
000187-003,lukanya,O
000187-003,",",O
000187-003,beliau,O
000187-003,bersabda,O
000187-003,",",O
000187-003,"""",O
000187-003,Bagaimana,O
000187-003,mungkin,O
000187-003,suatu,O
000187-003,kaum,O
000187-003,mendapat,O
000187-003,keberuntungan,O
000187-003,jika,O
000187-003,mereka,O
000187-003,melukai,O
000187-003,wajah,O
000187-003,Rasul-Nya,O
000187-003,dan,O
000187-003,memecahkan,O
000187-003,gigi,O
000187-003,serinya,O
000187-003,",",O
000187-003,padahal,O
000187-003,dia,O
000187-003,mendoakan,O
000187-003,mereka,O
000187-003,kepada,O
000187-003,Allah,O
000187-003,"?""",O
000187-003,Lalu,O
000187-003,Allah,O
000187-003,menurunkan,O
000187-003,ayat,O
000187-003,",",O
000187-003,JTg,O
000187-003,"""",O
000187-003,Tak,O
000187-003,ada,O
000187-003,sedikit,O
000187-003,pun,O
000187-003,campur,O
000187-003,tanganmu,O
000187-003,dalam,O
000187-003,urusan,O
000187-003,mereka,O
000187-003,itu,O
000187-003,atau,O
000187-003,Allah,O
000187-003,menerima,O
000187-003,taubat,O
000187-003,mereka,O
000187-003,atau,O
000187-003,mengadzab,O
000187-003,mereka,O
000187-003,itu,O
000187-003,",",O
000187-003,karena,O
000187-003,sesungguhnya,O
000187-003,mereka,O
000187-003,itu,O
000187-003,orang-orang,O
000187-003,yang,O
000187-003,zhalim,O
000187-003,.,O
000187-003,"""",O
000187-003,(,O
000187-003,Ali-Imran,B_PERSON
000187-003,:,O
000187-003,128,O
000187-003,),O
000187-003,Dalam,O
000187-003,riwayat,O
000187-003,Ath-Thabarani,B_PERSON
000187-003,disebutkan,O
000187-003,",",O
000187-003,beliau,O
000187-003,bersabda,O
000187-003,saat,O
000187-003,itu,O
000187-003,",",O
000187-003,"""",O
000187-003,Amat,O
000187-003,besar,O
000187-003,kemarahan,O
000187-003,Allah,O
000187-003,terhadap,O
000187-003,suatu,O
000187-003,kaum,O
000187-003,yang,O
000187-003,membuat,O
000187-003,wajah,O
000187-003,Rasul-Nya,O
000187-003,berdarah,O
000187-003,".""",O
000187-003,Setelah,O
000187-003,diam,O
000187-003,sejenak,O
000187-003,beliau,O
000187-003,bersabda,O
000187-003,lagi,O
000187-003,",",O
000187-003,"""",O
000187-003,Ya,O
000187-003,Allah,O
000187-003,",",O
000187-003,ampunilah,O
000187-003,kaumku,O
000187-003,",",O
000187-003,karena,O
000187-003,sesungguhnya,O
000187-003,mereka,O
000187-003,tidak,O
000187-003,mengetahui,O
000187-003,".""",O
000187-003,Begitu,O
000187-003,pula,O
000187-003,yang,O
000187-003,disebutkan,O
000187-003,dalam,O
000187-003,Shahih,O
000187-003,Muslim,O
000187-003,",",O
000187-003,beliau,O
000187-003,bersabda,O
000187-003,",",O
000187-003,"""",O
000187-003,Ya,O
000187-003,Rabbi,O
000187-003,",",O
000187-003,ampunilah,O
000187-003,kaumku,O
000187-003,",",O
000187-003,karena,O
000187-003,sesungguhnya,O
000187-003,mereka,O
000187-003,tidak,O
000187-003,mengetahui,O
000187-003,".""",O
000187-003,Di,O
000187-003,dalam,O
000187-003,Asy-Shifa,O
000187-003,",",O
000187-003,karangan,O
000187-003,Al-Qadhy,O
000187-003,Iyadh,O
000187-003,",",O
000187-003,beliau,O
000187-003,bersabda,O
000187-003,",",O
000187-003,"""",O
000187-003,Ya,O
000187-003,Allah,O
000187-003,",",O
000187-003,berikanlah,O
000187-003,petunjuk,O
000187-003,kepada,O
000187-003,kaumku,O
000187-003,",",O
000187-003,karena,O
000187-003,sesungguhnya,O
000187-003,mereka,O
000187-003,tidak,O
000187-003,mengetahui,O
000187-003,".""",O
000187-003,Tidak,O
000187-003,dapat,O
000187-003,diragukan,O
000187-003,bahwa,O
000187-003,orang-orang,O
000187-003,musyrik,O
000187-003,bermaksud,O
000187-003,hendak,O
000187-003,membunuh,O
000187-003,Rasulullah,B_PERSON
000187-003,.,O
000187-003,Hanya,O
000187-003,saja,O
000187-003,dua,O
000187-003,orang,O
000187-003,sahabat,O
000187-003,yang,O
000187-003,menyertai,O
000187-003,beliau,O
000187-003,",",O
000187-003,Sa'd,B_PERSON
000187-003,bin,I_PERSON
000187-003,Abi,I_PERSON
000187-003,Waqqash,I_PERSON
000187-003,dan,O
000187-003,Thalhah,B_PERSON
000187-003,bin,I_PERSON
000187-003,Ubaidillah,I_PERSON
000187-003,berjuang,O
000187-003,dengan,O
000187-003,segenap,O
000187-003,keberanian,O
000187-003,dan,O
000187-003,kepahlawanan,O
000187-003,yang,O
000187-003,jarang,O
000187-003,ditemui,O
000187-003,.,O
000187-003,Mereka,O
000187-003,berdua,O
000187-003,",",O
000187-003,sekalipun,O
000187-003,hanya,O
000187-003,berdua,O
000187-003,di,O
000187-003,sisi,O
000187-003,beliau,O
000187-003,tidak,O
000187-003,memberi,O
000187-003,kesempatan,O
000187-003,kepada,O
000187-003,orang-orang,O
000187-003,musyrik,O
000187-003,untuk,O
000187-003,mewujudkan,O
000187-003,maksudnya,O
000187-003,.,O
000199-003,Kalau,O
000199-003,tidak,O
000199-003,karena,O
000199-003,itu,O
000199-003,",",O
000199-003,aku,O
000199-003,tak,O
000199-003,kan,O
000199-003,sudi,O
000199-003,berperang,O
000199-003,".""",O
000199-003,Karena,O
000199-003,merasa,O
000199-003,tidak,O
000199-003,tahan,O
000199-003,lagi,O
000199-003,dengan,O
000199-003,sakit,O
000199-003,yang,O
000199-003,dideritanya,O
000199-003,",",O
000199-003,maka,O
000199-003,dia,O
000199-003,pun,O
000199-003,bunuh,O
000199-003,diri,O
000199-003,.,O
000199-003,Setelah,O
000199-003,mendengar,O
000199-003,kabarnya,O
000199-003,",",O
000199-003,Rasulullah,B_PERSON
000199-003,bersabda,O
000199-003,",",O
000199-003,"""",O
000199-003,Jika,O
000199-003,dia,O
000199-003,berkata,O
000199-003,seperti,O
000199-003,itu,O
000199-003,",",O
000199-003,maka,O
000199-003,dia,O
000199-003,termasuk,O
000199-003,penghuni,O
000199-003,neraka,O
000199-003,".""",O
000199-003,Begitulah,O
000199-003,akhir,O
000199-003,perjalanan,O
000199-003,orang-orang,O
000199-003,yang,O
000199-003,berperang,O
000199-003,karena,O
000199-003,membela,O
000199-003,kesukuannya,O
000199-003,atau,O
000199-003,karena,O
000199-003,berjuang,O
000199-003,untuk,O
000199-003,meninggikan,O
000199-003,kalimat,O
000199-003,Allah,O
000199-003,",",O
000199-003,sekalipun,O
000199-003,mereka,O
000199-003,berperang,O
000199-003,di,O
000199-003,bawah,O
000199-003,bendera,O
000199-003,Islam,O
000199-003,dan,O
000199-003,bergabung,O
000199-003,bersama,O
000199-003,pasukan,O
000199-003,Rasulullah,B_PERSON
000199-003,dan,O
000199-003,para,O
000199-003,sahabat,O
000199-003,.,O
000199-003,Sebaliknya,O
000199-003,",",O
000199-003,di,O
000199-003,antara,O
000199-003,orang-orang,O
000199-003,yang,O
000199-003,terbunuh,O
000199-003,terdapat,O
000199-003,seorang,O
000199-003,Yahudi,O
000199-003,dari,O
000199-003,Bani,O
000199-003,Tsa'labah,O
000199-003,.,O
000199-003,Namanya,O
000199-003,Mukhairiq,O
000199-003,.,O
000199-003,Saat,O
000199-003,Perang,B_EVENT
000199-003,Uhud,I_EVENT
000199-003,itu,O
000199-003,dia,O
000199-003,berkata,O
000199-003,kepada,O
000199-003,kaumnya,O
000199-003,",",O
000199-003,"""",O
000199-003,Wahai,O
000199-003,semua,O
000199-003,orang,O
000199-003,Yahudi,O
000199-003,",",O
000199-003,demi,O
000199-003,Allah,O
000199-003,",",O
000199-003,kalian,O
000199-003,sudah,O
000199-003,tahu,O
000199-003,bahwa,O
000199-003,membantu,O
000199-003,Muhammad,B_PERSON
000199-003,saat,O
000199-003,ini,O
000199-003,merupakan,O
000199-003,kewajiban,O
000199-003,bagi,O
000199-003,kalian,O
000199-003,".""",O
000199-003,Mereka,O
000199-003,berkata,O
000199-003,",",O
000199-003,"""",O
000199-003,Hari,O
000199-003,ini,O
000199-003,adalah,O
000199-003,hari,B_TIME
000199-003,Sabtu,I_TIME
000199-003,".""",O
000199-003,Hari,B_TIME
000199-003,Sabtu,I_TIME
000199-003,adalah,O
000199-003,hari,O
000199-003,besar,O
000199-003,dan,O
000199-003,suci,O
000199-003,bagi,O
000199-003,orang-orang,O
000199-003,Yahudi,O
000199-003,.,O
000199-003,Pada,O
000199-003,hari,O
000199-003,ini,O
000199-003,mereka,O
000199-003,tidak,O
000199-003,diperkenankan,O
000199-003,berperang,O
000199-003,.,O
000199-003,"""",O
000199-003,Tidak,O
000199-003,ada,O
000199-003,hari,B_TIME
000199-003,Sabtu,I_TIME
000199-003,bagi,O
000199-003,kalian,O
000199-003,",""",O
000199-003,jawabnya,O
000199-003,.,O
000199-003,Lalu,O
000199-003,mengambil,O
000199-003,pedang,O
000199-003,dan,O
000199-003,segala,O
000199-003,perlengkapan,O
000199-003,",",O
000199-003,seraya,O
000199-003,berkata,O
000199-003,",",O
000199-003,"""",O
000199-003,Kalau,O
000199-003,pun,O
000199-003,aku,O
000199-003,mendapat,O
000199-003,celaka,O
000199-003,.,O
000199-003,aku,O
000199-003,tak,O
000199-003,peduli,O
000199-003,dengan,O
000199-003,diri,O
000199-003,Muhammad,B_PERSON
000199-003,.,O
000199-003,Biarlah,O
000199-003,dia,O
000199-003,berbuat,O
000199-003,semaunya,O
000199-003,dalam,O
000199-003,peperangan,O
000199-003,ini,O
000199-003,".""",O
000199-003,Kemudian,O
000199-003,dia,O
000199-003,pergi,O
000199-003,ke,O
000199-003,medan,O
000199-003,perang,O
000199-003,dan,O
000199-003,bertempur,O
000199-003,hingga,O
000199-003,terbunuh,O
000199-003,.,O
000199-003,Rasulullah,B_PERSON
000199-003,bersabda,O
000199-003,tentang,O
000199-003,dirinya,O
000199-003,",",O
000199-003,"""",O
000199-003,Mukhairiq,O
000199-003,adalah,O
000199-003,sebaik-baik,O
000199-003,orang,O
000199-003,Yahudi,O
000199-003,".""",O
000206-007,Keduanya,O
000206-007,dapat,O
000206-007,menyusul,O
000206-007,Mu,O
000206-007,awiyah,O
000206-007,lalu,O
000206-007,membunuhnya,O
000206-007,.,O
000206-007,199,O
000206-007,Yang,O
000206-007,pasti,O
000206-007,",",O
000206-007,Perang,B_EVENT
000206-007,Hamra'ul,I_EVENT
000206-007,Asad,I_EVENT
000206-007,ini,O
000206-007,bukan,O
000206-007,merupakan,O
000206-007,peperangan,O
000206-007,yang,O
000206-007,berdiri,O
000206-007,sendiri,O
000206-007,",",O
000206-007,tetapi,O
000206-007,merupakan,O
000206-007,bagian,O
000206-007,dari,O
000206-007,Perang,B_EVENT
000206-007,Uhud,I_EVENT
000206-007,dan,O
000206-007,kelanjutannya,O
000206-007,.,O
000206-007,Itulah,O
000206-007,Perang,B_EVENT
000206-007,Uhud,I_EVENT
000206-007,dengan,O
000206-007,seluruh,O
000206-007,tahapan,O
000206-007,dan,O
000206-007,rinciannya,O
000206-007,.,O
000206-007,Para,O
000206-007,pengkaji,O
000206-007,telah,O
000206-007,menguraikan,O
000206-007,peristiwa,O
000206-007,ini,O
000206-007,panjang,O
000206-007,lebar,O
000206-007,.,O
000206-007,Lalu,O
000206-007,pihak,O
000206-007,manakah,O
000206-007,yang,O
000206-007,bisa,O
000206-007,dikatakan,O
000206-007,kalah,O
000206-007,atau,O
000206-007,menang,O
000206-007,?,O
000206-007,Yang,O
000206-007,pasti,O
000206-007,",",O
000206-007,pada,O
000206-007,putaran,O
000206-007,kedua,O
000206-007,pasukan,O
000206-007,Quraisy,O
000206-007,lebih,O
000206-007,unggul,O
000206-007,dan,O
000206-007,mereka,O
000206-007,bisa,O
000206-007,menguasai,O
000206-007,keadaan,O
000206-007,.,O
000206-007,Sementara,O
000206-007,jumlah,O
000206-007,korban,O
000206-007,di,O
000206-007,pasukan,O
000206-007,Islam,O
000206-007,juga,O
000206-007,lebih,O
000206-007,banyak,O
000206-007,serta,O
000206-007,lebih,O
000206-007,parah,O
000206-007,.,O
000206-007,Bahkan,O
000206-007,ada,O
000206-007,satu,O
000206-007,kelompok,O
000206-007,pasukan,O
000206-007,Muslimin,O
000206-007,yang,O
000206-007,kalah,O
000206-007,total,O
000206-007,.,O
000206-007,Tetapi,O
000206-007,semua,O
000206-007,ini,O
000206-007,belum,O
000206-007,cukup,O
000206-007,bagi,O
000206-007,kita,O
000206-007,199,O
000206-007,Pembahasan,O
000206-007,tentang,O
000206-007,Perang,B_EVENT
000206-007,Uhud,I_EVENT
000206-007,dan,O
000206-007,Hamra'ul,B_EVENT
000206-007,Asad,I_EVENT
000206-007,ini,O
000206-007,kami,O
000206-007,kutip,O
000206-007,dari,O
000206-007,Sirah,O
000206-007,An-Nabawiyah,O
000206-007,.,O
000206-007,Ibnu,B_PERSON
000206-007,Hisyam,I_PERSON
000206-007,",",O
000206-007,2/60-129,O
000206-007,;,O
000206-007,Zadul-Ma'ad,O
000206-007,",",O
000206-007,2/91-108,O
000206-007,;,O
000206-007,Fathul-Bari,O
000206-007,",",O
000206-007,7/345-377,O
000206-007,;,O
000206-007,Mukhtashar,O
000206-007,Siratir-Rasul,O
000206-007,",",O
000206-007,Syaikh,O
000206-007,Abdullah,O
000206-007,An-Najdi,O
000206-007,",",O
000206-007,hal,O
000206-007,.,O
000206-007,242-257,O
000206-007,.,O
000206-007,Kami,O
000206-007,juga,O
000206-007,menulisnya,O
000206-007,dari,O
000206-007,rujukan-rujukan,O
000206-007,yang,O
000206-007,lain,O
000206-007,.,O
000206-007,untuk,O
000206-007,beranggapan,O
000206-007,bahwa,O
000206-007,ini,O
000206-007,sudah,O
000206-007,mencerminkan,O
000206-007,kemenangan,O
000206-007,bagi,O
000206-007,pasukan,O
000206-007,Quraisy,O
000206-007,.,O
000206-007,Yang,O
000206-007,tidak,O
000206-007,dapat,O
000206-007,diragukan,O
000206-007,",",O
000206-007,pasukan,O
000206-007,Quraisy,O
000206-007,tidak,O
000206-007,mampu,O
000206-007,melibas,O
000206-007,pasukan,O
000206-007,Muslimin,O
000206-007,.,O
000206-007,Sekalipun,O
000206-007,pasukan,O
000206-007,Muslimin,O
000206-007,sempat,O
000206-007,kacau,O
000206-007,balau,O
000206-007,",",O
000206-007,tetapi,O
000206-007,hampir,O
000206-007,mereka,O
000206-007,semua,O
000206-007,tidak,O
000206-007,melarikan,O
000206-007,diri,O
000206-007,.,O
000206-007,Mereka,O
000206-007,terus,O
000206-007,bertempur,O
000206-007,dengan,O
000206-007,gagah,O
000206-007,berani,O
000206-007,hingga,O
000206-007,dapat,O
000206-007,berhimpun,O
000206-007,kembali,O
000206-007,dengan,O
000206-007,komandan,O
000206-007,pasukan,O
000206-007,.,O
000206-007,Mereka,O
000206-007,sama,O
000206-007,sekali,O
000206-007,tidak,O
000206-007,jatuh,O
000206-007,ke,O
000206-007,tangan,O
000206-007,pasukan,O
000206-007,Quraisy,O
000206-007,dan,O
000206-007,tak,O
000206-007,seorang,O
000206-007,pun,O
000206-007,di,O
000206-007,antara,O
000206-007,mereka,O
000206-007,yang,O
000206-007,tertawan,O
000206-007,.,O
000206-007,Di,O
000206-007,samping,O
000206-007,itu,O
000206-007,",",O
000206-007,pasukan,O
000206-007,Quraisy,O
000206-007,tak,O
000206-007,mendapatkan,O
000206-007,barang,O
000206-007,rampasan,O
000206-007,walau,O
000206-007,sedikit,O
000206-007,pun,O
000206-007,.,O
000232-002,Namun,O
000232-002,jika,O
000232-002,tidak,O
000232-002,menghendaki,O
000232-002,kecuali,O
000232-002,perang,O
000232-002,",",O
000232-002,maka,O
000232-002,demi,O
000232-002,diriku,O
000232-002,yang,O
000232-002,ada,O
000232-002,di,O
000232-002,tangan-Nya,O
000232-002,",",O
000232-002,aku,O
000232-002,pasti,O
000232-002,akan,O
000232-002,melayani,O
000232-002,keinginan,O
000232-002,mereka,O
000232-002,hingga,O
000232-002,kemenangan,O
000232-002,yang,O
000232-002,lalu,O
000232-002,hanya,O
000232-002,menjadi,O
000232-002,milikku,O
000232-002,atau,O
000232-002,biarlah,O
000232-002,Allah,O
000232-002,menentukan,O
000232-002,keputusan-Nya,O
000232-002,".""",O
000232-002,Budail,O
000232-002,berkata,O
000232-002,",",O
000232-002,"""",O
000232-002,Aku,O
000232-002,akan,O
000232-002,menyampaikan,O
000232-002,apa,O
000232-002,yang,O
000232-002,engkau,O
000232-002,katakan,O
000232-002,ini,O
000232-002,kepada,O
000232-002,mereka,O
000232-002,".""",O
000232-002,Lalu,O
000232-002,dia,O
000232-002,beranjak,O
000232-002,pergi,O
000232-002,untuk,O
000232-002,menemui,O
000232-002,Quraisy,O
000232-002,",",O
000232-002,seraya,O
000232-002,berkata,O
000232-002,",",O
000232-002,"""",O
000232-002,Aku,O
000232-002,datang,O
000232-002,kepada,O
000232-002,kalian,O
000232-002,setelah,O
000232-002,menemui,O
000232-002,Muhammad,B_PERSON
000232-002,dan,O
000232-002,aku,O
000232-002,mendengar,O
000232-002,dia,O
000232-002,telah,O
000232-002,mengucapkan,O
000232-002,suatu,O
000232-002,perkataan,O
000232-002,.,O
000232-002,Jika,O
000232-002,kalian,O
000232-002,menghendaki,O
000232-002,aku,O
000232-002,bisa,O
000232-002,memberitahukannya,O
000232-002,kepada,O
000232-002,kalian,O
000232-002,".""",O
000232-002,Orang-orang,O
000232-002,yang,O
000232-002,bodoh,O
000232-002,di,O
000232-002,antara,O
000232-002,mereka,O
000232-002,berkata,O
000232-002,",",O
000232-002,"""",O
000232-002,Kami,O
000232-002,tidak,O
000232-002,membu-,O
000232-002,tuhkan,O
000232-002,engkau,O
000232-002,memberitahu,O
000232-002,sesuatu,O
000232-002,pun,O
000232-002,dari,O
000232-002,dirinya,O
000232-002,kepada,O
000232-002,kami,O
000232-002,".""",O
000232-002,Namun,O
000232-002,orang-orang,O
000232-002,yang,O
000232-002,tajam,O
000232-002,pikirannya,O
000232-002,di,O
000232-002,antara,O
000232-002,mereka,O
000232-002,berkata,O
000232-002,.,O
000232-002,"""",O
000232-002,Sampaikan,O
000232-002,apa,O
000232-002,yang,O
000232-002,engkau,O
000232-002,dengar,O
000232-002,darinya,O
000232-002,".""",O
000232-002,"""",O
000232-002,Aku,O
000232-002,mendengar,O
000232-002,dia,O
000232-002,berkata,O
000232-002,begini,O
000232-002,dan,O
000232-002,begitu,O
000232-002,",""",O
000232-002,kata,O
000232-002,Budail,O
000232-002,.,O
000232-002,Lalu,O
000232-002,Quraisy,O
000232-002,mengutus,O
000232-002,Mikraz,O
000232-002,dan,O
000232-002,Hafsh,B_PERSON
000232-002,.,O
000232-002,Saat,O
000232-002,melihat,O
000232-002,kehadirannya,O
000232-002,",",O
000232-002,Rasulullah,B_PERSON
000232-002,bersabda,O
000232-002,",",O
000232-002,"""",O
000232-002,Dia,O
000232-002,adalah,O
000232-002,orang,O
000232-002,yang,O
000232-002,suka,O
000232-002,berkhianat,O
000232-002,".""",O
000232-002,Saat,O
000232-002,sudah,O
000232-002,saling,O
000232-002,berhadapan,O
000232-002,",",O
000232-002,beliau,O
000232-002,mengucapkan,O
000232-002,seperti,O
000232-002,yang,O
000232-002,sudah,O
000232-002,diucapkan,O
000232-002,kepada,O
000232-002,Budail,O
000232-002,dan,O
000232-002,rekan-rekannya,O
000232-002,dari,O
000232-002,Khuza'ah,O
000232-002,.,O
000232-002,Setelah,O
000232-002,itu,O
000232-002,Budail,O
000232-002,kembali,O
000232-002,lagi,O
000232-002,menemui,O
000232-002,orang-orang,O
000232-002,Quraisy,O
000232-002,dan,O
000232-002,menyampaikan,O
000232-002,sabda,O
000232-002,beliau,O
000232-002,.,O
000248-002,Allah,O
000248-002,menyiksanya,O
000248-002,lalu,O
000248-002,menyiksanya,O
000248-002,lagi,O
000248-002,.,O
000248-002,Maka,O
000248-002,ambillah,O
000248-002,pelajaran,O
000248-002,darinya,O
000248-002,",",O
000248-002,dan,O
000248-002,jangan,O
000248-002,sampai,O
000248-002,ada,O
000248-002,orang,O
000248-002,lain,O
000248-002,yang,O
000248-002,mengambil,O
000248-002,pelajaran,O
000248-002,dari,O
000248-002,tuan,O
000248-002,".""",O
000248-002,Muqauqis,O
000248-002,berkata,O
000248-002,",",O
000248-002,"""",O
000248-002,Sesungguhnya,O
000248-002,kami,O
000248-002,mempunyai,O
000248-002,agama,O
000248-002,yang,O
000248-002,tidak,O
000248-002,akan,O
000248-002,kami,O
000248-002,tinggalkan,O
000248-002,kecuali,O
000248-002,jika,O
000248-002,ada,O
000248-002,agama,O
000248-002,lain,O
000248-002,yang,O
000248-002,lebih,O
000248-002,baik,O
000248-002,lagi,O
000248-002,".""",O
000248-002,Hathib,O
000248-002,berkata,O
000248-002,",",O
000248-002,"""",O
000248-002,Kami,O
000248-002,mengajakmu,O
000248-002,kepada,O
000248-002,Islam,O
000248-002,yang,O
000248-002,Allah,O
000248-002,telah,O
000248-002,men-,O
000248-002,cukupkannya,O
000248-002,dari,O
000248-002,agama,O
000248-002,yang,O
000248-002,lain,O
000248-002,.,O
000248-002,Sesungguhnya,O
000248-002,Nabi,O
000248-002,ini,O
000248-002,menyeru,O
000248-002,kepada,O
000248-002,semua,O
000248-002,manusia,O
000248-002,",",O
000248-002,yang,O
000248-002,paling,O
000248-002,ditekan,O
000248-002,Quraisy,O
000248-002,",",O
000248-002,yang,O
000248-002,paling,O
000248-002,dimusuhi,O
000248-002,Yahudi,O
000248-002,",",O
000248-002,dan,O
000248-002,yang,O
000248-002,paling,O
000248-002,dekat,O
000248-002,dengan,O
000248-002,orang-orang,O
000248-002,Nashrani,O
000248-002,.,O
000248-002,Demi,O
000248-002,Allah,O
000248-002,",",O
000248-002,kabar,O
000248-002,y,O
000248-002,ang,O
000248-002,dibawa,O
000248-002,Musa,B_PERSON
000248-002,tentang,O
000248-002,Isa,B_PERSON
000248-002,sama,O
000248-002,dengan,O
000248-002,kabar,O
000248-002,yang,O
000248-002,dibawa,O
000248-002,Isa,B_PERSON
000248-002,tentang,O
000248-002,seruan,O
000248-002,tuan,O
000248-002,y,O
000248-002,ang,O
000248-002,memegang,O
000248-002,Taurat,O
000248-002,kepada,O
000248-002,Injil,O
000248-002,.,O
000248-002,Setiap,O
000248-002,nabi,O
000248-002,yang,O
000248-002,sudah,O
000248-002,mengenal,O
000248-002,suatu,O
000248-002,kaum,O
000248-002,",",O
000248-002,maka,O
000248-002,kaum,O
000248-002,itu,O
000248-002,adalah,O
000248-002,umatnya,O
000248-002,.,O
000248-002,Yang,O
000248-002,pasti,O
000248-002,",",O
000248-002,mereka,O
000248-002,harus,O
000248-002,menaatinya,O
000248-002,.,O
000248-002,Tuan,O
000248-002,termasuk,O
000248-002,orang,O
000248-002,yang,O
000248-002,sudah,O
000248-002,mengenal,O
000248-002,nabi,O
000248-002,ini,O
000248-002,.,O
000248-002,Kami,O
000248-002,tidak,O
000248-002,melarang,O
000248-002,kalian,O
000248-002,dari,O
000248-002,agama,O
000248-002,Al-Masih,O
000248-002,",",O
000248-002,tetapi,O
000248-002,kami,O
000248-002,memerintahkan,O
000248-002,kalian,O
000248-002,untuk,O
000248-002,tetap,O
000248-002,berpegang,O
000248-002,kepadanya,O
000248-002,.,O
000248-002,Muqauqis,O
000248-002,berkata,O
000248-002,",",O
000248-002,Memang,O
000248-002,aku,O
000248-002,telah,O
000248-002,memperhatikan,O
000248-002,agama,O
000248-002,nabi,O
000248-002,ini,O
000248-002,",",O
000248-002,dan,O
000248-002,kutahu,O
000248-002,bahwa,O
000248-002,dia,O
000248-002,tidak,O
000248-002,memerintahkan,O
000248-002,untuk,O
000248-002,menghindari,O
000248-002,agama,O
000248-002,Al-Masih,O
000248-002,tidak,O
000248-002,pula,O
000248-002,seperti,O
000248-002,tukang,O
000248-002,sihir,O
000248-002,yang,O
000248-002,sesat,O
000248-002,atau,O
000248-002,dukun,O
000248-002,yang,O
000248-002,suka,O
000248-002,berdusta,O
000248-002,.,O
000248-002,Kulihat,O
000248-002,dia,O
000248-002,membawa,O
000248-002,tanda,O
000248-002,kenabian,O
000248-002,",",O
000248-002,dengan,O
000248-002,mengeluarkan,O
000248-002,yang,O
000248-002,tersembunyi,O
000248-002,dan,O
000248-002,mengabarkan,O
000248-002,rahasia,O
000248-002,.,O
000248-002,Aku,O
000248-002,akan,O
000248-002,mempertimbangkannya,O
000248-002,".""",O
000248-002,Lalu,O
000248-002,dia,O
000248-002,mengambil,O
000248-002,surat,O
000248-002,Nabi,O
000248-002,",",O
000248-002,memberinya,O
000248-002,setempel,O
000248-002,lalu,O
000248-002,diserahkan,O
000248-002,kepada,O
000248-002,pembantunya,O
000248-002,.,O
000258-001,Sepulang,O
000258-001,dari,O
000258-001,Hudaibiyah,B_EVENT
000258-001,",",O
000258-001,Rasulullah,B_PERSON
000258-001,berada,O
000258-001,di,O
000258-001,Madinah,B_LOCATION
000258-001,pada,O
000258-001,bulan,B_TIME
000258-001,Dzul,I_TIME
000258-001,Hijjah,I_TIME
000258-001,dan,O
000258-001,sebagian,O
000258-001,Muharram,O
000258-001,.,O
000258-001,Pada,O
000258-001,sisa,O
000258-001,bulan,B_TIME
000258-001,Muharram,I_TIME
000258-001,itu,O
000258-001,beliau,O
000262-001,Dalam,O
000262-001,perjalanannya,O
000262-001,ke,O
000262-001,Khaibar,B_LOCATION
000262-001,",",O
000262-001,Rasulullah,B_PERSON
000262-001,mengambil,O
000262-001,jalan,O
000262-001,lewat,O
000262-001,Gunung,O
000262-001,Ashr,O
000262-001,(,O
000262-001,ada,O
000262-001,yang,O
000262-001,membaca,O
000262-001,Ishr,O
000262-001,).,O
000262-001,Setelah,O
000262-001,melewati,O
000262-001,Ash-Shahba',O
000262-001,",",O
000262-001,beliau,O
000262-001,bermalam,O
000262-001,di,O
000262-001,suatu,O
000262-001,lembah,O
000262-001,yang,O
000262-001,disebut,O
000262-001,Ar-Raji',O
000262-001,.,O
000262-001,Dari,O
000262-001,tempat,O
000262-001,ini,O
000262-001,ke,O
000262-001,Ghathafan,O
000262-001,ditempuh,O
000262-001,dengan,O
000262-001,perjalanan,O
000262-001,sehari,O
000262-001,semalam,O
000262-001,.,O
000262-001,Orang-orang,O
000262-001,Ghathafan,O
000262-001,sudah,O
000262-001,mengadakan,O
000262-001,persiapan,O
000262-001,secara,O
000262-001,matang,O
000262-001,dan,O
000262-001,berangkat,O
000262-001,ke,O
000262-001,Khaibar,B_LOCATION
000262-001,untuk,O
000262-001,mengulurkan,O
000262-001,bantuan,O
000262-001,kepada,O
000262-001,orang-orang,O
000262-001,Yahudi,O
000262-001,.,O
000262-001,Tak,O
000262-001,seberapa,O
000262-001,jauh,O
000262-001,berjalan,O
000262-001,.,O
000262-001,mereka,O
000262-001,mendengar,O
000262-001,suara,O
000262-001,gaduh,O
000262-001,dan,O
000262-001,hiruk,O
000262-001,pikuk,O
000262-001,dari,O
000262-001,arah,O
000262-001,belakang,O
000262-001,.,O
000262-001,Mereka,O
000262-001,mengira,O
000262-001,orang-orang,O
000262-001,Muslim,O
000262-001,menyerbu,O
000262-001,keluarga,O
000262-001,dan,O
000262-001,harta,O
000262-001,benda,O
000262-001,yang,O
000262-001,mereka,O
000262-001,tinggalkan,O
000262-001,di,O
000262-001,Ghathafan,O
000262-001,.,O
000262-001,Karena,O
000262-001,itu,O
000262-001,mereka,O
000262-001,kembali,O
000262-001,lagi,O
000262-001,dan,O
000262-001,membatalkan,O
000262-001,niat,O
000262-001,untuk,O
000262-001,membantu,O
000262-001,orang-orang,O
000262-001,Yahudi,O
000262-001,",",O
000262-001,karena,O
000262-001,khawatir,O
000262-001,suatu,O
000262-001,saat,O
000262-001,orang-orang,O
000262-001,Muslim,O
000262-001,justru,O
000262-001,menyerang,O
000262-001,keluarga,O
000262-001,dan,O
000262-001,harta,O
000262-001,benda,O
000262-001,yang,O
000262-001,mereka,O
000262-001,tinggalkan,O
000262-001,.,O
000262-001,Mereka,O
000262-001,tidak,O
000262-001,ingin,O
000262-001,ikut,O
000262-001,campur,O
000262-001,lagi,O
000262-001,urusan,O
000262-001,antara,O
000262-001,Nabi,O
000262-001,dan,O
000262-001,orang-orang,O
000262-001,Yahudi,O
000262-001,Khaibar,B_LOCATION
000262-001,.,O
000262-001,Kemudian,O
000262-001,beliau,O
000262-001,menunjuk,O
000262-001,dua,O
000262-001,orang,O
000262-001,penunjuk,O
000262-001,jalan,O
000262-001,yang,O
000262-001,ikut,O
000262-001,serta,O
000262-001,dalam,O
000262-001,rombongan,O
000262-001,pasukan,O
000262-001,.,O
000262-001,Salah,O
000262-001,seorang,O
000262-001,di,O
000262-001,antara,O
000262-001,keduanya,O
000262-001,bernama,O
000262-001,Husail,O
000262-001,.,O
000262-001,Mereka,O
000262-001,berdua,O
000262-001,menunjukkan,O
000262-001,jalan,O
000262-001,yang,O
000262-001,lebih,O
000262-001,pas,O
000262-001,untuk,O
000262-001,memasuki,O
000262-001,Khaibar,B_LOCATION
000262-001,dari,O
000262-001,arah,O
000262-001,utara,O
000262-001,",",O
000262-001,tepatnya,O
000262-001,dari,O
000262-001,jalur,O
000262-001,Syam,B_LOCATION
000262-001,.,O
000262-001,Dengan,O
000262-001,begitu,O
000262-001,pasukan,O
000262-001,Muslimin,O
000262-001,bisa,O
000262-001,menghadang,O
000262-001,kemungkinan,O
000262-001,orang-orang,O
000262-001,Yahudi,O
000262-001,akan,O
000262-001,melarikan,O
000262-001,diri,O
000262-001,ke,O
000262-001,arah,O
000262-001,Syam,B_LOCATION
000262-001,atau,O
000262-001,ke,O
000262-001,Ghathafan,O
000262-001,.,O
000262-001,"""",O
000262-001,Aku,O
000262-001,akan,O
000262-001,menunjukkan,O
000262-001,jalan,O
000262-001,kepada,O
000262-001,engkau,O
000262-001,wahai,O
000262-001,Rasulullah,B_PERSON
000262-001,",""",O
000262-001,kata,O
000262-001,penunjuk,O
000262-001,jalan,O
000262-001,itu,O
000262-001,.,O
000263-002,Di,O
000263-002,Ash-Shahba',O
000263-002,yang,O
000263-002,jaraknya,O
000263-002,tidak,O
000263-002,seberapa,O
000263-002,jauh,O
000263-002,dengan,O
000263-002,Khaibar,B_LOCATION
000263-002,.,O
000263-002,beliau,O
000263-002,shalat,O
000263-002,ashar,O
000263-002,.,O
000263-002,Kemudian,O
000263-002,beliau,O
000263-002,meminta,O
000263-002,bekal,O
000263-002,makanan,O
000263-002,.,O
000263-002,Karena,O
000263-002,hanya,O
000263-002,sedikit,O
000263-002,",",O
000263-002,beliau,O
000263-002,disodori,O
000263-002,tepung,O
000263-002,gandum,O
000263-002,yang,O
000263-002,tak,O
000263-002,seberapa,O
000263-002,banyak,O
000263-002,jumlahnya,O
000263-002,.,O
000263-002,Setelah,O
000263-002,diolah,O
000263-002,",",O
000263-002,tepung,O
000263-002,itu,O
000263-002,menjadi,O
000263-002,banyak,O
000263-002,.,O
000263-002,Beliau,O
000263-002,memakannya,O
000263-002,dan,O
000263-002,begitu,O
000263-002,pula,O
000263-002,semua,O
000263-002,orang,O
000263-002,.,O
000263-002,Kemudian,O
000263-002,beliau,O
000263-002,hendak,O
000263-002,melaksanakan,O
000263-002,shalat,O
000263-002,maghrib,O
000263-002,.,O
000263-002,Beliau,O
000263-002,cukup,O
000263-002,berkumur,O
000263-002,",",O
000263-002,dan,O
000263-002,orang-orang,O
000263-002,juga,O
000263-002,berkumur,O
000263-002,.,O
000263-002,Kemudian,O
000263-002,beliau,O
000263-002,melaksanakan,O
000263-002,shalat,O
000263-002,maghrib,O
000263-002,tanpa,O
000263-002,wudhu,O
000263-002,lagi,O
000263-002,",",O
000263-002,kemudian,O
000263-002,shalat,O
000263-002,isya',O
000263-002,tanpa,O
000263-002,wudhu',O
000263-002,lagi,O
000263-002,",",O
000263-002,karena,O
000263-002,memang,O
000263-002,belum,O
000263-002,batal,O
000265-002,Benteng,O
000265-002,Ubay,O
000265-002,5,O
000265-002,.,O
000265-002,Benteng,O
000265-002,An-Nizar,O
000265-002,Tiga,O
000265-002,benteng,O
000265-002,yang,O
000265-002,pertama,O
000265-002,terletak,O
000265-002,di,O
000265-002,wilayah,O
000265-002,Nathat,O
000265-002,",",O
000265-002,sedangkan,O
000265-002,dua,O
000265-002,benteng,O
000265-002,yang,O
000265-002,terakhir,O
000265-002,berada,O
000265-002,di,O
000265-002,wilayah,O
000265-002,Asy-Syiq,O
000265-002,.,O
000265-002,Sedangkan,O
000265-002,paroh,O
000265-002,kedua,O
000265-002,yang,O
000265-002,juga,O
000265-002,disebut,O
000265-002,Al-Katibah,O
000265-002,",",O
000265-002,memiliki,O
000265-002,tiga,O
000265-002,benteng,O
000265-002,",",O
000265-002,yaitu,O
000265-002,:,O
000265-002,1,O
000265-002,.,O
000265-002,Benteng,O
000265-002,Al-Qamush,O
000265-002,",",O
000265-002,benteng,O
000265-002,milik,O
000265-002,Bani,O
000265-002,Abul,B_PERSON
000265-002,Huqaiq,I_PERSON
000265-002,dari,O
000265-002,Bani,O
000265-002,Nadhir,O
000265-002,2,O
000265-002,.,O
000265-002,Benteng,O
000265-002,Al-Wathih,O
000265-002,3,O
000265-002,.,O
000265-002,Benteng,O
000265-002,As-Salalim,O
000265-002,Sebenarnya,O
000265-002,di,O
000265-002,Khaibar,B_LOCATION
000265-002,masih,O
000265-002,ada,O
000265-002,beberapa,O
000265-002,benteng,O
000265-002,selain,O
000265-002,delapan,O
000265-002,benteng,O
000265-002,ini,O
000265-002,",",O
000265-002,namun,O
000265-002,benteng-benteng,O
000265-002,itu,O
000265-002,relatif,O
000265-002,lebih,O
000265-002,kecil,O
000265-002,",",O
000265-002,tidak,O
000265-002,sebesar,O
000265-002,dan,O
000265-002,sekuat,O
000265-002,benteng-benteng,O
000265-002,tersebut,O
000265-002,.,O
000265-002,Pertempuran,O
000265-002,yang,O
000265-002,seru,O
000265-002,meletus,O
000265-002,di,O
000265-002,sekitar,O
000265-002,benteng-,O
000265-002,benteng,O
000265-002,paroh,O
000265-002,yang,O
000265-002,pertama,O
000265-002,.,O
000265-002,Sekalipun,O
000265-002,benteng-benteng,O
000265-002,di,O
000265-002,paroh,O
000265-002,kedua,O
000265-002,lebih,O
000265-002,besar,O
000265-002,dan,O
000265-002,lebih,O
000265-002,banyak,O
000265-002,jumlah,O
000265-002,prajuritnya,O
000265-002,",",O
000265-002,tetapi,O
000265-002,mereka,O
000265-002,justru,O
000265-002,menyerah,O
000265-002,begitu,O
000265-002,saja,O
000265-002,",",O
000265-002,tanpa,O
000265-002,ada,O
000265-002,pertempuran,O
000265-002,.,O
000270-002,Orang-orang,O
000270-002,Yahudi,O
000270-002,mengalami,O
000270-002,kekalahan,O
000270-002,secara,O
000270-002,telak,O
000270-002,.,O
000270-002,karena,O
000270-002,mereka,O
000270-002,sudah,O
000270-002,tidak,O
000270-002,memiliki,O
000270-002,jalan,O
000270-002,untuk,O
000270-002,menyelinap,O
000270-002,dari,O
000270-002,benteng,O
000270-002,ini,O
000270-002,seperti,O
000270-002,yang,O
000270-002,mereka,O
000270-002,lakukan,O
000270-002,ketika,O
000270-002,masih,O
000270-002,bertahan,O
000270-002,di,O
000270-002,benteng-benteng,O
000270-002,lain,O
000270-002,sebelumnya,O
000270-002,.,O
000270-002,Karena,O
000270-002,itu,O
000270-002,sebisa,O
000270-002,mungkin,O
000270-002,mereka,O
000270-002,melarikan,O
000270-002,diri,O
000270-002,bagi,O
000270-002,yang,O
000270-002,bisa,O
000270-002,melarikan,O
000270-002,diri,O
000270-002,",",O
000270-002,dan,O
000270-002,meninggalkan,O
000270-002,para,O
000270-002,wanita,O
000270-002,dan,O
000270-002,anak-anak,O
000270-002,menjadi,O
000270-002,tawanan,O
000270-002,orang-orang,O
000270-002,Muslim,O
000270-002,.,O
000270-002,Dengan,O
000270-002,ditaklukkanya,O
000270-002,benteng,O
000270-002,yang,O
000270-002,kokoh,O
000270-002,ini,O
000270-002,",",O
000270-002,maka,O
000270-002,tuntaslah,O
000270-002,sudah,O
000270-002,penaklukkan,O
000270-002,seluruh,O
000270-002,benteng,O
000270-002,Khaibar,B_LOCATION
000270-002,dalam,O
000270-002,paroh,O
000270-002,pertama,O
000270-002,yang,O
000270-002,yang,O
000270-002,berada,O
000270-002,di,O
000270-002,wilayah,O
000270-002,Nathat,O
000270-002,dan,O
000270-002,Asy-Syiq,O
000270-002,.,O
000270-002,Sebenarnya,O
000270-002,masih,O
000270-002,ada,O
000270-002,benteng-benteng,O
000270-002,lain,O
000270-002,yang,O
000270-002,lebih,O
000270-002,kecil,O
000270-002,.,O
000270-002,Tetapi,O
000270-002,dengan,O
000270-002,takluknya,O
000270-002,benteng,O
000270-002,An-Nizar,O
000270-002,ini,O
000270-002,",",O
000270-002,benteng,O
000270-002,benteng,O
000270-002,lain,O
000270-002,yang,O
000270-002,kecil,O
000270-002,langsung,O
000270-002,ditinggalkan,O
000270-002,begitu,O
000270-002,saja,O
000270-002,.,O
000270-002,Setelah,O
000270-002,itu,O
000270-002,mereka,O
000270-002,melarikan,O
000270-002,diri,O
000270-002,ke,O
000270-002,benteng,O
000270-002,paroh,O
000270-002,kedua,O
000270-002,di,O
000270-002,Khaibar,B_LOCATION
000270-002,.,O
000274-001,Rasulullah,B_PERSON
000274-001,meninginkan,O
000274-001,agar,O
000274-001,orang-orang,O
000274-001,Yahudi,O
000274-001,hengkang,O
000274-001,dari,O
000274-001,Khaibar,B_LOCATION
000274-001,.,O
000274-001,Tetapi,O
000274-001,mereka,O
000274-001,berkata,O
000274-001,",",O
000274-001,"""",O
000274-001,Wahai,O
000274-001,Muhammad,B_PERSON
000274-001,",",O
000274-001,berilah,O
000274-001,kami,O
000274-001,kesempatan,O
000274-001,untuk,O
000274-001,tetap,O
000274-001,berada,O
000274-001,di,O
000274-001,tanah,O
000274-001,ini,O
000274-001,agar,O
000274-001,kami,O
000274-001,bisa,O
000274-001,mengolah,O
000274-001,dan,O
000274-001,menanganinya,O
000274-001,Kami,O
000274-001,lebih,O
000274-001,berpengalaman,O
000274-001,daripada,O
000274-001,kalian,O
000274-001,.,O
000274-001,Dan,O
000274-001,memang,O
000274-001,Rasulullah,B_PERSON
000274-001,maupun,O
000274-001,para,O
000274-001,sahabat,O
000274-001,tidak,O
000274-001,mempunyai,O
000274-001,tenaga,O
000274-001,untuk,O
000274-001,mengolah,O
000274-001,tanah-tanah,O
000274-001,itu,O
000274-001,.,O
000274-001,Mereka,O
000274-001,sendiri,O
000274-001,tak,O
000274-001,punya,O
000274-001,banyak,O
000274-001,kesempatan,O
000274-001,untuk,O
000274-001,menanganinya,O
000274-001,.,O
000274-001,Karena,O
000274-001,itu,O
000274-001,beliau,O
000274-001,menyerahkan,O
000274-001,tanah,O
000274-001,Khaibar,B_LOCATION
000274-001,kepada,O
000274-001,orang-orang,O
000274-001,Yahudi,O
000274-001,",",O
000274-001,dan,O
000274-001,mereka,O
000274-001,memperoleh,O
000274-001,bagian,O
000274-001,dari,O
000274-001,hasil,O
000274-001,tanaman,O
000274-001,dan,O
000274-001,panen,O
000274-001,buahnya,O
000274-001,",",O
000274-001,tergantung,O
000274-001,kepada,O
000274-001,Rasulullah,B_PERSON
000274-001,",",O
000274-001,seberapa,O
000274-001,banyak,O
000274-001,beliau,O
000274-001,akan,O
000274-001,menetapkan,O
000274-001,bagian,O
000274-001,bagi,O
000274-001,mereka,O
000274-001,Yang,O
000274-001,membuat,O
000274-001,ancar-ancar,O
000274-001,tentang,O
000274-001,pembagian,O
000274-001,hasil,O
000274-001,pengolahan,O
000274-001,tanah,O
000274-001,ini,O
000274-001,adalah,O
000274-001,Abdullah,B_PERSON
000274-001,bin,I_PERSON
000274-001,Rawahah,I_PERSON
000274-001,Tanah,O
000274-001,Khaibar,B_LOCATION
000274-001,dibagi,O
000274-001,menjadi,O
000274-001,30,O
000274-001,kelompok,O
000274-001,.,O
000274-001,Setiap,O
000274-001,kelompok,O
000274-001,dibagi,O
000274-001,lagi,O
000274-001,menjadi,O
000274-001,100,O
000274-001,bagian,O
000274-001,",",O
000274-001,hingga,O
000274-001,jumlah,O
000274-001,totalnya,O
000274-001,ada,O
000274-001,3600,O
000274-001,bagian,O
000274-001,.,O
000274-001,Nabi,O
000274-001,dan,O
000274-001,orang-orang,O
000274-001,Muslim,O
000274-001,mendapat,O
000274-001,separohnya,O
000274-001,",",O
000274-001,yaitu,O
000274-001,1800,O
000274-001,bagian,O
000274-001,.,O
000274-001,Beliau,O
000274-001,mendapat,O
000274-001,satu,O
000274-001,bagian,O
000274-001,seperti,O
000274-001,yang,O
000274-001,didapat,O
000274-001,Muslim,O
000274-001,lainya,O
000274-001,.,O
000274-001,Sementara,O
000274-001,separoh,O
000274-001,lainnya,O
000274-001,",",O
000274-001,sebanyak,O
000274-001,1800,O
000274-001,bagian,O
000274-001,dikhususkan,O
000274-001,untuk,O
000274-001,para,O
000274-001,wakil,O
000274-001,beliau,O
000274-001,dan,O
000274-001,untuk,O
000274-001,urusan,O
000274-001,umum,O
000274-001,kaum,O
000274-001,Muslimin,O
000274-001,.,O
000274-001,Orang-orang,O
000274-001,Muslim,O
000274-001,yang,O
000274-001,ikut,O
000274-001,dalam,O
000274-001,peristiwa,O
000274-001,Hudaibiyah,I_EVENT
000274-001,",",O
000274-001,yang,O
000274-001,jumlahnya,O
000274-001,1400,O
000274-001,orang,O
000274-001,",",O
000274-001,juga,O
000274-001,mendapat,O
000274-001,bagian,O
000274-001,dari,O
000274-001,separoh,O
000274-001,yang,O
000274-001,terakhir,O
000274-001,ini,O
000274-001,",",O
000274-001,baik,O
000274-001,yang,O
000274-001,saat,O
000274-001,Perang,B_EVENT
000274-001,Khaibar,I_EVENT
000274-001,itu,O
000274-001,mereka,O
000274-001,ikut,O
000274-001,bergabung,O
000274-001,atau,O
000274-001,tidak,O
000274-001,.,O
000274-001,Karena,O
000274-001,bagaimanapun,O
000274-001,juga,O
000274-001,",",O
000274-001,harta,O
000274-001,rampasan,O
000274-001,dari,O
000274-001,Perang,B_EVENT
000274-001,Khaibar,I_EVENT
000274-001,ini,O
000274-001,juga,O
000274-001,tidak,O
000274-001,lepas,O
000274-001,dari,O
000274-001,peran,O
000274-001,orang-orang,O
000274-001,yang,O
000274-001,ikut,O
000274-001,dalam,O
000274-001,peristiwa,O
000274-001,Hudaibiyah,I_EVENT
000274-001,.,O
000347-003,Saat,O
000347-003,perjalanan,O
000347-003,sudah,O
000347-003,mendekati,O
000347-003,Tabuk,B_LOCATION
000347-003,",",O
000347-003,beliau,O
000347-003,bersabda,O
000347-003,",",O
000347-003,"""",O
000347-003,Insya,O
000347-003,Allah,O
000347-003,besok,O
000347-003,kalian,O
000347-003,sudah,O
000347-003,sampai,O
000347-003,di,O
000347-003,mata,O
000347-003,air,O
000347-003,Tabuk,B_LOCATION
000347-003,.,O
000347-003,Paling,O
000347-003,cepat,O
000347-003,kalian,O
000347-003,tiba,O
000347-003,di,O
000347-003,sana,O
000347-003,pada,O
000347-003,waktu,O
000347-003,dhuha,O
000347-003,.,O
000347-003,Siapa,O
000347-003,pun,O
000347-003,yang,O
000347-003,sudah,O
000347-003,tiba,O
000347-003,di,O
000347-003,sana,O
000347-003,",",O
000347-003,maka,O
000347-003,dia,O
000347-003,tidak,O
000347-003,boleh,O
000347-003,mengambil,O
000347-003,air,O
000347-003,sedikit,O
000347-003,pun,O
000347-003,di,O
000347-003,sana,O
000347-003,hingga,O
000347-003,aku,O
000347-003,tiba,O
000347-003,".""",O
000347-003,Mu'adz,O
000347-003,menuturkan,O
000347-003,",",O
000347-003,"""",O
000347-003,Ada,O
000347-003,dua,O
000347-003,orang,O
000347-003,yang,O
000347-003,lebih,O
000347-003,dahulu,O
000347-003,tiba,O
000347-003,di,O
000347-003,sana,O
000347-003,.,O
000347-003,Mata,O
000347-003,airnya,O
000347-003,hanya,O
000347-003,mengeluarkan,O
000347-003,sedikit,O
000347-003,air,O
000347-003,.,O
000347-003,Beliau,O
000347-003,bertanya,O
000347-003,kepada,O
000347-003,dua,O
000347-003,orang,O
000347-003,itu,O
000347-003,",",O
000347-003,"""",O
000347-003,Apakah,O
000347-003,kalian,O
000347-003,berdua,O
000347-003,sudah,O
000347-003,mengambil,O
000347-003,airnya,O
000347-003,walau,O
000347-003,sedikit,O
000347-003,"?""",O
000347-003,"""",O
000347-003,Sudah,O
000347-003,",""",O
000347-003,jawab,O
000347-003,keduanya,O
000347-003,Beliau,O
000347-003,mengucapkan,O
000347-003,sepatah,O
000347-003,dua,O
000347-003,patah,O
000347-003,kata,O
000347-003,kepada,O
000347-003,keduanya,O
000347-003,seperti,O
000347-003,yang,O
000347-003,dikehendaki,O
000347-003,Allah,O
000347-003,untuk,O
000347-003,dikatakan,O
000347-003,kepada,O
000347-003,mereka,O
000347-003,berdua,O
000347-003,.,O
000347-003,Kemudian,O
000347-003,beliau,O
000347-003,mengambil,O
000347-003,sedikit,O
000347-003,airnya,O
000347-003,lalu,O
000347-003,beliau,O
000347-003,menggunakannya,O
000347-003,untuk,O
000347-003,membasuh,O
000347-003,muka,O
000347-003,dan,O
000347-003,tangan,O
000347-003,.,O
000347-003,Kemudian,O
000347-003,air,O
000347-003,itu,O
000347-003,dikembalikan,O
000347-003,lagi,O
000347-003,ke,O
000347-003,mata,O
000347-003,airnya,O
000347-003,",",O
000347-003,hingga,O
000347-003,airnya,O
000347-003,berlimpah,O
000347-003,ruah,O
000347-003,.,O
000347-003,Maka,O
000347-003,orang-orang,O
000347-003,bisa,O
000347-003,mengambil,O
000347-003,air,O
000347-003,dari,O
000347-003,mata,O
000347-003,air,O
000347-003,itu,O
000347-003,.,O
000347-003,Kemudian,O
000347-003,beliau,O
000347-003,bersabda,O
000347-003,",",O
000347-003,"""",O
000347-003,Wahai,O
000347-003,Mu'adz,O
000347-003,",",O
000347-003,jika,O
000347-003,umurmu,O
000347-003,panjang,O
000347-003,",",O
000347-003,maka,O
000347-003,tak,O
000347-003,seberapa,O
000347-003,lama,O
000347-003,kemudian,O
000347-003,engkau,O
000347-003,akan,O
000347-003,melihat,O
000347-003,di,O
000347-003,sini,O
000347-003,sudah,O
000347-003,penuh,O
000347-003,dengan,O
000347-003,kebun-kebun,O
000347-003,".""",O
000347-003,Saat,O
000347-003,masih,O
000347-003,di,O
000347-003,perjalanan,O
000347-003,ke,O
000347-003,Tabuk,B_LOCATION
000347-003,atau,O
000347-003,menurut,O
000347-003,riwayat,O
000347-003,lain,O
000347-003,sudah,O
000347-003,tiba,O
000347-003,di,O
000347-003,sana,O
000347-003,",",O
000347-003,Rasulullah,B_PERSON
000347-003,bersabda,O
000347-003,",",O
000347-003,"""",O
000347-003,Malam,O
000347-003,ini,O
000347-003,akan,O
000347-003,berhembus,O
000347-003,angin,O
000347-003,y,O
000347-003,ang,O
000347-003,kencang,O
000347-003,".""""",O
000347-003,Ada,O
000347-003,seseorang,O
000347-003,yang,O
000347-003,keluar,O
000347-003,dan,O
000347-003,berdiri,O
000347-003,hingga,O
000347-003,berhembus,O
000347-003,angin,O
000347-003,dan,O
000347-003,jatuh,O
000347-003,di,O
000347-003,celah,O
000347-003,antara,O
000347-003,dua,O
000347-003,bukit,O
000347-003,.,O
000347-003,Dalam,O
000347-003,perjalanan,O
000347-003,ini,O
000347-003,Rasulullah,B_PERSON
000347-003,senantiasa,O
000347-003,menjama',O
000347-003,antara,O
000347-003,shalat,O
000347-003,zhuhur,O
000347-003,dan,O
000347-003,anshar,O
000347-003,",",O
000347-003,magrib,O
000347-003,dan,O
000347-003,isya',O
000347-003,",",O
000347-003,kadang,O
000347-003,dengan,O
000347-003,jama',O
000347-003,taqdim,O
000347-003,kadang,O
000347-003,dengan,O
000347-003,jama',O
000347-003,ta'khir,O
000347-003,.,O
000349-002,Ia,O
000349-002,mencintai,O
000349-002,kami,O
000349-002,dan,O
000349-002,kami,O
000349-002,mencintainya,O
000349-002,".""",O
000349-002,Secara,O
000349-002,lamat-lamat,O
000349-002,orang,O
000349-002,yang,O
000349-002,berada,O
000349-002,di,O
000349-002,Madinah,B_LOCATION
000349-002,bisa,O
000349-002,mendengar,O
000349-002,kedatangan,O
000349-002,beliau,O
000349-002,.,O
000349-002,Maka,O
000349-002,para,O
000349-002,wanita,O
000349-002,dan,O
000349-002,anak-anak,O
000349-002,keluar,O
000349-002,untuk,O
000349-002,menyongsong,O
000349-002,kedatangan,O
000349-002,pasukan,O
000349-002,dengan,O
000349-002,suasana,O
000349-002,gembira,O
000349-002,",",O
000349-002,sambil,O
000349-002,mengucapkan,O
000349-002,syair,O
000349-002,seperti,O
000349-002,yang,O
000349-002,mereka,O
000349-002,ucapkan,O
000349-002,saat,O
000349-002,kedatangan,O
000349-002,beliau,O
000349-002,ke,O
000349-002,Madinah,B_LOCATION
000349-002,pertama,O
000349-002,kali,O
000349-002,Keberangkatan,O
000349-002,beliau,O
000349-002,ke,O
000349-002,Tabuk,B_LOCATION
000349-002,pada,O
000349-002,bulan,B_TIME
000349-002,Rajab,I_TIME
000349-002,dan,O
000349-002,pulang,O
000349-002,dari,O
000349-002,sana,O
000349-002,pada,O
000349-002,bulan,B_TIME
000349-002,Ramadhan,I_TIME
000349-002,.,O
000349-002,Peperangan,O
000349-002,ini,O
000349-002,memakan,O
000349-002,waktu,O
000349-002,selama,O
000349-002,50,O
000349-002,hari,O
000349-002,.,O
000349-002,Beliau,O
000349-002,berada,O
000349-002,di,O
000349-002,Tabuk,B_LOCATION
000349-002,selama,O
000349-002,20,O
000349-002,hari,O
000349-002,",",O
000349-002,sedangkan,O
000349-002,sisanya,O
000349-002,dihabiskan,O
000349-002,di,O
000349-002,perjalanan,O
000349-002,pulang,O
000349-002,pergi,O
000349-002,.,O
000349-002,Ini,O
000349-002,merupakan,O
000349-002,peperangan,O
000349-002,beliau,O
000349-002,yang,O
000349-002,terakhir,O
000349-002,kali,O
000349-002,.,O
