text_id,token,label
000051-003,Rasulullah,B_PERSON
000051-003,sudah,O
000051-003,tahu,O
000051-003,bahwa,O
000051-003,Ashhamah,O
000051-003,"An-Najasyi,",B_PERSON
000051-003,raja,O
000051-003,yang,O
000051-003,berkuasa,O
000051-003,di,O
000051-003,Habasyah,B_LOCATION
000051-003,adalah,O
000051-003,seorang,O
000051-003,raja,O
000051-003,yang,O
000051-003,"adil,",O
000051-003,tak,O
000051-003,bakal,O
000051-003,ada,O
000051-003,seorang,O
000051-003,pun,O
000051-003,yang,O
000051-003,teraniaya,O
000051-003,di,O
000051-003,sisinya.,O
000051-003,Oleh,O
000051-003,karena,O
000051-003,itu,O
000051-003,beliau,O
000051-003,memerintahkan,O
000051-003,agar,O
000051-003,beberapa,O
000051-003,orang,O
000051-003,Muslim,O
000051-003,hijrah,O
000051-003,ke,O
000051-003,"Habasyah,",B_LOCATION
000051-003,melepaskan,O
000051-003,diri,O
000051-003,dari,O
000051-003,cobaan,O
000051-003,sambil,O
000051-003,membawa,O
000051-003,agamanya.,O
000051-003,Pada,O
000051-003,bulan,B_TIME
000051-003,Rajab,I_TIME
000051-003,tahun,O
000051-003,kelima,O
000051-003,dari,O
000051-003,"nubuwah,",O
000051-003,sekelompok,O
000051-003,sahabat,O
000051-003,hijrah,O
000051-003,yang,O
000051-003,pertama,O
000051-003,kali,O
000051-003,ke,O
000051-003,"Habasyah,",B_LOCATION
000051-003,terdiri,O
000051-003,dari,O
000051-003,dua,O
000051-003,belas,O
000051-003,orang,O
000051-003,laki-laki,O
000051-003,dan,O
000051-003,empat,O
000051-003,orang,O
000051-003,"wanita,",O
000051-003,yang,O
000051-003,dipimpin,O
000051-003,Utsman,B_PERSON
000051-003,bin,I_PERSON
000051-003,Affan.,I_PERSON
000051-003,Dalam,O
000051-003,rombongan,O
000051-003,ini,O
000051-003,ikut,O
000051-003,pula,O
000051-003,Sayyidah,O
000051-003,"Ruqayyah,",B_PERSON
000051-003,putri,O
000051-003,Rasulullah,B_PERSON
000051-003,.,O
000051-003,Beliau,O
000051-003,bersabda,O
000051-003,tentang,O
000051-003,"keduanya,",O
000051-003,"""Mereka",O
000051-003,berdua,O
000051-003,adalah,O
000051-003,penduduk,O
000051-003,Baitul-Haram,O
000051-003,pertama,O
000051-003,yang,O
000051-003,hijrah,O
000051-003,di,O
000051-003,jalan,O
000051-003,Allah,O
000051-003,setelah,O
000051-003,Ibrahim,B_PERSON
000051-003,dan,O
000051-003,83,O
000051-003,Mukhashar,O
000051-003,"Siratir-Rasul,",O
000051-003,Syaikh,O
000051-003,Abdullah,O
000051-003,"An-Najdi,",O
000051-003,hal.,O
000051-003,92-93;,O
000051-003,"Zadul-Ma'd,",O
000051-003,1/24;,O
000051-003,Rahmah,O
000051-003,Lil-,O
000051-003,"'alamin,",O
000051-003,1/61.,O
000051-003,Dengan,O
000051-003,berjalan,O
000051-003,mengendap-ngendap,O
000051-003,di,O
000051-003,tengah,O
000051-003,"malam,",O
000051-003,mereka,O
000051-003,pergi,O
000051-003,menuju,O
000051-003,pinggir,O
000051-003,"pantai,",O
000051-003,agar,O
000051-003,tidak,O
000051-003,diketahui,O
000051-003,orang-orang,O
000051-003,Quraisy.,O
000051-003,Secara,O
000051-003,kebetulan,O
000051-003,saat,O
000051-003,mereka,O
000051-003,tiba,O
000051-003,di,O
000051-003,pelabuhan,O
000051-003,"Syaiban,",O
000051-003,ada,O
000051-003,dua,O
000051-003,kapal,O
000051-003,datang,O
000051-003,yang,O
000051-003,bertolak,O
000051-003,menuju,O
000051-003,Habasyah.,B_LOCATION
000051-003,Setelah,O
000051-003,orang-orang,O
000051-003,Quraisy,O
000051-003,mengetahui,O
000051-003,kepergian,O
000051-003,orang-orang,O
000051-003,Muslim,O
000051-003,"ini,",O
000051-003,mereka,O
000051-003,segera,O
000051-003,mengejar.,O
000051-003,Tetapi,O
000051-003,tatkala,O
000051-003,mereka,O
000051-003,tiba,O
000051-003,di,O
000051-003,pinggir,O
000051-003,"pantai,",O
000051-003,orang-orang,O
000051-003,Muslim,O
000051-003,sudah,O
000051-003,bertolak,O
000051-003,dengan,O
000051-003,selamat.,O
000051-003,Orang,O
000051-003,orang,O
000051-003,Muslim,O
000051-003,hidup,O
000051-003,di,O
000051-003,sana,O
000051-003,dengan,O
000051-003,mendapat,O
000051-003,perlakuan,O
000051-003,yang,O
000051-003,baik.,O
000051-003,Pada,O
000051-003,bulan,B_TIME
000051-003,Ramadhan,I_TIME
000051-003,di,O
000051-003,tahun,O
000051-003,yang,O
000051-003,"sama,",O
000051-003,Nabi,O
000051-003,keluar,O
000051-003,dari,O
000051-003,Masjidil,B_LOCATION
000051-003,"Haram,",I_LOCATION
000051-003,yang,O
000051-003,saat,O
000051-003,itu,O
000051-003,para,O
000051-003,pemuka,O
000051-003,dan,O
000051-003,pembesar,O
000051-003,Quraisy,O
000051-003,sedang,O
000051-003,berkumpul,O
000051-003,di,O
000051-003,sana.,O
000051-004,Pada,O
000051-004,bulan,B_TIME
000051-004,Ramadhan,I_TIME
000051-004,di,O
000051-004,tahun,O
000051-004,yang,O
000051-004,"sama,",O
000051-004,Nabi,O
000051-004,keluar,O
000051-004,dari,O
000051-004,Masjidil,B_LOCATION
000051-004,"Haram,",I_LOCATION
000051-004,yang,O
000051-004,saat,O
000051-004,itu,O
000051-004,para,O
000051-004,pemuka,O
000051-004,dan,O
000051-004,pembesar,O
000051-004,Quraisy,O
000051-004,sedang,O
000051-004,berkumpul,O
000051-004,di,O
000051-004,sana.,O
000051-004,Beliau,O
000051-004,berdiri,O
000051-004,di,O
000051-004,hadapan,O
000051-004,"mereka,",O
000051-004,lalu,O
000051-004,seketika,O
000051-004,itu,O
000051-004,pula,O
000051-004,membacakan,O
000051-004,surat,O
000051-004,An-Najm.,O
000051-004,Orang-orang,O
000051-004,kafir,O
000051-004,itu,O
000051-004,tidak,O
000051-004,pernah,O
000051-004,mendengarkan,O
000051-004,kalam,O
000051-004,Allah,O
000051-004,yang,O
000051-004,seperti,O
000051-004,itu,O
000051-004,sebelumnya.,O
000051-004,Sebab,O
000051-004,redaksi,O
000051-004,mereka,O
000051-004,panjang-panjang,O
000051-004,seperti,O
000051-004,"biasanya,",O
000051-004,memaksa,O
000051-004,sebagian,O
000051-004,di,O
000051-004,antara,O
000051-004,mereka,O
000051-004,untuk,O
000051-004,menjelaskan,O
000051-004,kepada,O
000051-004,sebagian,O
000051-004,yang,O
000051-004,"lain,",O
000051-004,seperti,O
000051-004,yang,O
000051-004,dijelaskan,O
000051-004,"Allah,",O
000051-004,"""Dan",O
000051-004,orang-orang,O
000051-004,yang,O
000051-004,kafir,O
000051-004,"berkata,",O
000051-004,Janganlah,O
000051-004,kalian,O
000051-004,mendengar,O
000051-004,dengan,O
000051-004,sungguh-sungguh,O
000051-004,akan,O
000051-004,Al-Qur'an,O
000051-004,ini,O
000051-004,dan,O
000051-004,buatlah,O
000051-004,hiruk,O
000051-004,pikuk,O
000051-004,"terhadapnya,",O
000051-004,supaya,O
000051-004,kalian,O
000051-004,dapat,O
000051-004,"mengalahkannya.""",O
000051-004,(Fushshilat:,O
000051-004,26),O
000051-004,Tetapi,O
000051-004,tatkala,O
000051-004,dilantunkan,O
000051-004,bacaan,O
000051-004,surat,O
000051-004,"ini,",O
000051-004,gendang,O
000051-004,telinga,O
000051-004,mereka,O
000051-004,diketuk,O
000051-004,kalam,O
000051-004,Ilahi,O
000051-004,yang,O
000051-004,indah,O
000051-004,"menawan,",O
000051-004,yang,O
000051-004,keindahannya,O
000051-004,sulit,O
000051-004,dilukiskan,O
000051-004,dengan,O
000051-004,suatu,O
000051-004,"gambaran,",O
000051-004,mereka,O
000051-004,pun,O
000051-004,diam,O
000051-004,"terpesona,",O
000051-004,menyimak,O
000051-004,isinya,O
000051-004,dan,O
000051-004,semua,O
000051-004,orang,O
000051-004,khidmat,O
000051-004,"mendengarnya,",O
000051-004,sehingga,O
000051-004,tidak,O
000051-004,ada,O
000051-004,pikiran,O
000051-004,lain,O
000051-004,yang,O
000051-004,melintas,O
000051-004,di,O
000051-004,dalam,O
000051-004,benak,O
000051-004,mereka.,O
000051-004,Tatkala,O
000051-004,beliau,O
000051-004,membacakan,O
000051-004,penutup,O
000051-004,surat,O
000051-004,"ini,",O
000051-004,hati,O
000051-004,mereka,O
000051-004,serasa,O
000051-004,terbang.,O
000051-004,Akhirnya,O
000051-004,beliau,O
000051-004,membaca,O
000051-004,ayat,O
000051-004,"terakhir,",O
000051-004,'Maka,O
000051-004,bersujudlah,O
000051-004,kepada,O
000051-004,Allah,O
000051-004,dan,O
000051-004,sembahlah,O
000051-004,(Dia),O
000051-004,""".",O
000051-004,(An-Najam:,O
000051-004,62),O
000051-004,Mereka,O
000051-004,pun,O
000051-004,sujud.,O
000051-004,Tak,O
000051-004,seorang,O
000051-004,pun,O
000051-004,mampu,O
000051-004,menguasai,O
000051-004,"diri,",O
000051-004,dan,O
000051-004,mereka,O
000051-004,semua,O
000051-004,merunduk,O
000051-004,dalam,O
000051-004,keadaan,O
000051-004,sujud.,O
000051-004,Sebenarnya,O
000051-004,sinar-sinar,O
000051-004,kebenaran,O
000051-004,telah,O
000051-004,merasuk,O
000051-004,ke,O
000051-004,dalam,O
000051-004,jiwa,O
000051-004,orang-orang,O
000051-004,yang,O
000051-004,sombong,O
000051-004,dan,O
000051-004,selalu,O
000051-004,mengolok-ngolok,O
000051-004,itu.,O
000051-004,Mereka,O
000051-004,tidak,O
000051-004,mampu,O
000051-004,menahan,O
000051-004,diri,O
000051-004,untuk,O
000051-004,sujud.,O
000051-004,4,O
000051-004,84,O
000051-004,Tafhimul-Qur,O
000051-004,"'an,",O
000051-004,5/188.,O
000051-005,4,O
000051-005,84,O
000051-005,Tafhimul-Qur,O
000051-005,"'an,",O
000051-005,5/188.,O
000051-005,Makna,O
000051-005,ini,O
000051-005,yang,O
000051-005,bisa,O
000051-005,disimpulkan,O
000051-005,para,O
000051-005,peneliti,O
000051-005,mengenai,O
000051-005,hadits,O
000051-005,Gharaniq.,O
000051-005,Apa,O
000051-005,yang,O
000051-005,selama,O
000051-005,itu,O
000051-005,mereka,O
000051-005,pegang,O
000051-005,telah,O
000051-005,"jatuh,",O
000051-005,karena,O
000051-005,mereka,O
000051-005,merasakan,O
000051-005,keagungan,O
000051-005,kalam,O
000051-005,Allah,O
000051-005,yang,O
000051-005,benar-benar,O
000051-005,telah,O
000051-005,menguasai,O
000051-005,kendali,O
000051-005,mereka.,O
000051-005,Saat,O
000051-005,itu,O
000051-005,mereka,O
000051-005,melakukan,O
000051-005,apa,O
000051-005,yang,O
000051-005,sebelumnya,O
000051-005,hendak,O
000051-005,mereka,O
000051-005,punahkan,O
000051-005,dan,O
000051-005,basmi.,O
000051-005,Maka,O
000051-005,setelah,O
000051-005,itu,O
000051-005,mereka,O
000051-005,yang,O
000051-005,sujud,O
000051-005,itu,O
000051-005,mendapat,O
000051-005,cercaan,O
000051-005,dan,O
000051-005,makian,O
000051-005,dari,O
000051-005,segala,O
000051-005,"arah,",O
000051-005,yaitu,O
000051-005,dilontarkan,O
000051-005,orang-orang,O
000051-005,musyrik,O
000051-005,yang,O
000051-005,tidak,O
000051-005,ikut,O
000051-005,sujud.,O
000051-005,Pada,O
000051-005,saat,O
000051-005,itulah,O
000051-005,mereka,O
000051-005,mendustakan,O
000051-005,Rasulullah,B_PERSON
000051-005,dan,O
000051-005,mengada-ngadakan,O
000051-005,perkataan,O
000051-005,untuk,O
000051-005,memojokkan,O
000051-005,"beliau,",O
000051-005,bahwa,O
000051-005,beliau,O
000051-005,menyebutkan,O
000051-005,nama-nama,O
000051-005,berhala,O
000051-005,mereka,O
000051-005,dengan,O
000051-005,ungkapan,O
000051-005,berisi,O
000051-005,"sanjungan,",O
000051-005,bahwa,O
000051-005,beliau,O
000051-005,berkata,O
000051-005,tentang,O
000051-005,berhala-berhala,O
000051-005,itu.,O
000051-005,"""Itulah",O
000051-005,Gharaniq,O
000051-005,yang,O
000051-005,"luhur,",O
000051-005,yang,O
000051-005,syafaatnya,O
000051-005,benar-benar,O
000051-005,"diharapkan.""",O
000051-005,Mereka,O
000051-005,membuat,O
000051-005,kedustaan,O
000051-005,yang,O
000051-005,nyata,O
000051-005,"ini,",O
000051-005,sebagai,O
000051-005,alasan,O
000051-005,untuk,O
000051-005,menutup-nutupi,O
000051-005,sujud,O
000051-005,mereka,O
000051-005,bersama,O
000051-005,Nabi,O
000051-005,.,O
000051-005,Tindakan,O
000051-005,seperti,O
000051-005,ini,O
000051-005,tidak,O
000051-005,terlalu,O
000051-005,"mengherankan,",O
000051-005,sebab,O
000051-005,mereka,O
000051-005,sudah,O
000051-005,biasa,O
000051-005,membuat,O
000051-005,kedustaan,O
000051-005,dan,O
000051-005,mengarang-ngarang,O
000051-005,cerita,O
000051-005,bohong.,O
000051-005,5,O
000051-005,Cerita,O
000051-005,tentang,O
000051-005,Gharabiq,O
000051-005,dan,O
000051-005,sujudnya,O
000051-005,orang-orang,O
000051-005,musyrik,O
000051-005,ini,O
000051-005,didengar,O
000051-005,para,O
000051-005,Muhajirin,O
000051-005,di,O
000051-005,"Habasyah,",B_LOCATION
000051-005,tetapi,O
000051-005,dengan,O
000051-005,versi,O
000051-005,yang,O
000051-005,berbeda,O
000051-005,jauh,O
000051-005,dengan,O
000051-005,gambaran,O
000051-005,yang,O
000051-005,hakiki.,O
000051-005,Ceritanya,O
000051-005,bahwa,O
000051-005,orang-orang,O
000051-005,Quraisy,O
000051-005,sudah,O
000051-005,masuk,O
000051-005,Islam.,O
000051-005,Oleh,O
000051-005,karena,O
000051-005,itu,O
000051-005,mereka,O
000051-005,pulang,O
000051-005,ke,O
000051-005,Makkah,B_LOCATION
000051-005,pada,O
000051-005,bulan,B_TIME
000051-005,Syawwal,I_TIME
000051-005,pada,O
000051-005,tahun,O
000051-005,yang,O
000051-005,sama.,O
000051-005,Hampir,O
000051-005,mendekati,O
000051-005,Makkah,B_LOCATION
000051-005,sebelum,O
000051-005,tengah,O
000051-005,"hari,",O
000051-005,mereka,O
000051-005,pun,O
000051-005,tahu,O
000051-005,apa,O
000051-005,yang,O
000051-005,sebenarnya,O
000051-005,terjadi.,O
000057-002,Yang,O
000057-002,"pasti,",O
000057-002,di,O
000057-002,dalam,O
000057-002,hatinya,O
000057-002,bergolak,O
000057-002,berbagai,O
000057-002,perasaan,O
000057-002,yang,O
000057-002,sebenarnya,O
000057-002,saling,O
000057-002,bertentangan.,O
000057-002,Penghormatannya,O
000057-002,terhadap,O
000057-002,tradisi-tradisi,O
000057-002,"leluhur,",O
000057-002,kebebasan,O
000057-002,menenggak,O
000057-002,minuman,O
000057-002,keras,O
000057-002,hingga,O
000057-002,mabuk,O
000057-002,dan,O
000057-002,bercanda,O
000057-002,"ria,",O
000057-002,bercampur,O
000057-002,baur,O
000057-002,dengan,O
000057-002,ketaajubannya,O
000057-002,terhadap,O
000057-002,ketabahan,O
000057-002,dan,O
000057-002,kesabaran,O
000057-002,orang-orang,O
000057-002,Muslim,O
000057-002,dalam,O
000057-002,menghadapi,O
000057-002,cobaan,O
000057-002,dalam,O
000057-002,rangka,O
000057-002,mempertahankan,O
000057-002,akidahnya.,O
000057-002,Keadaan,O
000057-002,ini,O
000057-002,masih,O
000057-002,ditambah,O
000057-002,lagi,O
000057-002,dengan,O
000057-002,keragu-raguan,O
000057-002,yang,O
000057-002,menari-nari,O
000057-002,di,O
000057-002,dalam,O
000057-002,benaknya,O
000057-002,dan,O
000057-002,benak,O
000057-002,siapa,O
000057-002,pun,O
000057-002,yang,O
000057-002,"berakal,",O
000057-002,bahwa,O
000057-002,apa,O
000057-002,yang,O
000057-002,diserukan,O
000057-002,Islam,O
000057-002,jauh,O
000057-002,lebih,O
000057-002,bagus,O
000057-002,dan,O
000057-002,agung,O
000057-002,daripada,O
000057-002,yang,O
000057-002,lain.,O
000057-002,Umar,B_PERSON
000057-002,benar-benar,O
000057-002,bingung,O
000057-002,hingga,O
000057-002,dia,O
000057-002,menjadi,O
000057-002,lemas,O
000057-002,sendiri.,O
000057-002,Begitulah,O
000057-002,yang,O
000057-002,dikatakan,O
000057-002,Muhammad,B_PERSON
000057-002,Inilah,O
000057-002,kesimpulan,O
000057-002,dari,O
000057-002,beberapa,O
000057-002,riwayat,O
000057-002,tentang,O
000057-002,keislamannya,O
000057-002,dan,O
000057-002,setelah,O
000057-002,mengompromikan,O
000057-002,riwayat-riwayat,O
000057-002,"tersebut,",O
000057-002,bahwa,O
000057-002,suatu,O
000057-002,malam,O
000057-002,dia,O
000057-002,kelua,O
000057-002,rumah,O
000057-002,hingga,O
000057-002,dia,O
000057-002,tiba,O
000057-002,di,O
000057-002,Baitul-Haram.,O
000057-002,Dia,O
000057-002,menyibak,O
000057-002,kain,O
000057-002,penutup,O
000057-002,Ka'bah,B_LOCATION
000057-002,90,O
000057-002,Mukhtashar,O
000057-002,"Siratir-Rasul,",O
000057-002,hal.,O
000057-002,66;,O
000057-002,Rahmah,O
000057-002,Lil-,O
000057-002,"alamin,",O
000057-002,1/68;,O
000057-002,Sirah,O
000057-002,"An-Nabawiyah,",O
000057-002,Ibnu,B_PERSON
000057-002,"Hisyam,",I_PERSON
000057-002,1/291-292,O
000057-002,92-93,O
000057-002,dan,O
000057-002,dilihatnya,O
000057-002,Nabi,O
000057-002,sedang,O
000057-002,berdiri,O
000057-002,melaksanakan,O
000057-002,shalat.,O
000057-002,Saat,O
000057-002,itu,O
000057-002,beliau,O
000057-002,membaca,O
000057-002,surah,O
000057-002,Al-Haqqah.,O
000057-002,Umar,B_PERSON
000057-002,menyimak,O
000057-002,bacaan,O
000057-002,Al-Qur,O
000057-002,an,O
000057-002,itu,O
000057-002,dan,O
000057-002,dia,O
000057-002,merasa,O
000057-002,taajub,O
000057-002,terhadap,O
000057-002,susunan,O
000057-002,bahasanya.,O
000057-002,Dia,O
000057-002,berkata,O
000057-002,di,O
000057-002,dalam,O
000057-002,"hati,",O
000057-002,"""Demi",O
000057-002,Allah,O
000057-002,tentunya,O
000057-002,ini,O
000057-002,adalah,O
000057-002,ucapan,O
000057-002,seorang,O
000057-002,penyair,O
000057-002,seperti,O
000057-002,yang,O
000057-002,biasa,O
000057-002,diucapkan,O
000057-002,orang-orang,O
000057-002,"Quraisy.""",O
000057-002,Lalu,O
000057-002,beliau,O
000057-002,membaca,O
000057-002,"ayat,",O
000057-002,ucJ,O
000057-002,O,O
000057-002,"JJ,X",O
000057-002,1-2:,O
000057-002,"""Sesungguhnya",O
000057-002,Al-Qur'an,O
000057-002,itu,O
000057-002,adalah,O
000057-002,benar-benar,O
000057-002,wahyu,O
000057-002,(Allah,O
000057-002,yang,O
000057-002,diturunkan,O
000057-002,kepada),O
000057-002,Rasul,O
000057-002,yang,O
000057-002,"mulia,",O
000057-002,dan,O
000057-002,Al-Qur'an,O
000057-002,itu,O
000057-002,bukanlah,O
000057-002,perkataan,O
000057-002,seorang,O
000057-002,penyair.,O
000057-011,Apalagi,O
000057-011,jika,O
000057-011,pertemuan,O
000057-011,itu,O
000057-011,satu,O
000057-011,lawan,O
000057-011,satu.,O
000057-011,Tatkala,O
000057-011,mereka,O
000057-011,bergerombol,O
000057-011,dan,O
000057-011,tahu,O
000057-011,keislaman,O
000057-011,"Umar,",B_PERSON
000057-011,mereka,O
000057-011,pun,O
000057-011,berani,O
000057-011,mengeroyoknya,O
000057-011,dan,O
000057-011,terjadilah,O
000057-011,apa,O
000057-011,yang,O
000057-011,"terjadi,",O
000057-011,pent.,O
000057-011,itulah,O
000057-011,Rasulullah,B_PERSON
000057-011,menjuluki,O
000057-011,"""Al-Faruq""",O
000057-011,(yang,O
000057-011,suka,O
000057-011,memisahkan,O
000057-011,antara,O
000057-011,haq,O
000057-011,dan,O
000057-011,Ibnu,B_PERSON
000057-011,Mas'ud,I_PERSON
000057-011,"berkata,""Hampir-hampir",O
000057-011,kami,O
000057-011,tidak,O
000057-011,bisa,O
000057-011,mendirikan,O
000057-011,shalat,O
000057-011,di,O
000057-011,dekat,O
000057-011,Ka'bah,B_LOCATION
000057-011,hingga,O
000057-011,Umar,B_PERSON
000057-011,masuk,O
000057-011,Dari,O
000057-011,Shuhaib,B_PERSON
000057-011,bin,I_PERSON
000057-011,Sinar,I_PERSON
000057-011,Ar-Rumi,O
000057-011,",",O
000057-011,dia,O
000057-011,"berkata,",O
000057-011,"""Setelah",O
000057-011,Umar,B_PERSON
000057-011,masuk,O
000057-011,"Islam,",O
000057-011,maka,O
000057-011,Islam,O
000057-011,menjadi,O
000057-011,tampak,O
000057-011,dan,O
000057-011,dakwah,O
000057-011,kepadanya,O
000057-011,dilakukan,O
000057-011,secara,O
000057-011,terang-terangan.,O
000057-011,Kami,O
000057-011,bisa,O
000057-011,duduk,O
000057-011,membuat,O
000057-011,lingkaran,O
000057-011,di,O
000057-011,sekitar,O
000057-011,"Baitul-Haram,",B_LOCATION
000057-011,thawaf,O
000057-011,di,O
000057-011,sekeliling,O
000057-011,"Ka'bah,",B_LOCATION
000057-011,berani,O
000057-011,mengambil,O
000057-011,tindakan,O
000057-011,terhadap,O
000057-011,orang,O
000057-011,yang,O
000057-011,berlaku,O
000057-011,kasar,O
000057-011,kepada,O
000057-011,kami,O
000057-011,dan,O
000057-011,Diriwayatkan,O
000057-011,dari,O
000057-011,Abdullah,B_PERSON
000057-011,bin,I_PERSON
000057-011,"Mas'ud,",I_PERSON
000057-011,dia,O
000057-011,"berkata,",O
000057-011,"""Kami",O
000057-011,merasa,O
000057-011,kuat,O
000115-002,Oleh,O
000115-002,karena,O
000115-002,"itu,",O
000115-002,Rasulullah,B_PERSON
000115-002,mengumumkan,O
000115-002,kepada,O
000115-002,orang-orang,O
000115-002,"Muslim,",O
000115-002,"""Ini",O
000115-002,adalah,O
000115-002,kafilah,O
000115-002,dagang,O
000115-002,Quraisy,O
000115-002,yang,O
000115-002,membawa,O
000115-002,harta,O
000115-002,benda,O
000115-002,mereka.,O
000115-002,Hadanglah,O
000115-002,kafilah,O
000115-002,"itu,",O
000115-002,semoga,O
000115-002,Allah,O
000115-002,memberikan,O
000115-002,barang,O
000115-002,rampasan,O
000115-002,itu,O
000115-002,kepada,O
000115-002,"kalian.""",O
000115-002,Beliau,O
000115-002,tidak,O
000115-002,menekankan,O
000115-002,kepada,O
000115-002,seorang,O
000115-002,pun,O
000115-002,di,O
000115-002,antara,O
000115-002,mereka,O
000115-002,untuk,O
000115-002,"bergabung,",O
000115-002,tetapi,O
000115-002,beliau,O
000115-002,menyerahkan,O
000115-002,masalah,O
000115-002,ini,O
000115-002,kepada,O
000115-002,kerelaan,O
000115-002,mereka,O
000115-002,Sebab,O
000115-002,kali,O
000115-002,ini,O
000115-002,tidak,O
000115-002,akan,O
000115-002,terjadi,O
000115-002,bentrokan,O
000115-002,yang,O
000115-002,seru,O
000115-002,dengan,O
000115-002,pasukan,O
000115-002,"Quraisy,",O
000115-002,dan,O
000115-002,memang,O
000115-002,bentrokan,O
000115-002,ini,O
000115-002,baru,O
000115-002,terjadi,O
000115-002,saat,O
000115-002,di,O
000115-002,Badr.,B_LOCATION
000115-002,Oleh,O
000115-002,karena,O
000115-002,"itu,",O
000115-002,banyak,O
000115-002,sahabat,O
000115-002,yang,O
000115-002,memilih,O
000115-002,tetap,O
000115-002,di,O
000115-002,Madinah.,B_LOCATION
000115-002,Sebab,O
000115-002,ketetapan,O
000115-002,kali,O
000115-002,ini,O
000115-002,tak,O
000115-002,berbeda,O
000115-002,dengan,O
000115-002,ketetapan,O
000115-002,beliau,O
000115-002,dalam,O
000115-002,mengirimkan,O
000115-002,satuan-satuan,O
000115-002,pasukan,O
000115-002,sebelumnya.,O
000115-002,Karena,O
000115-002,"itu,",O
000115-002,mereka,O
000115-002,pun,O
000115-002,tidak,O
000115-002,mengingkari,O
000115-002,keputusan,O
000115-002,beliau,O
000115-002,untuk,O
000115-002,tidak,O
000115-002,ikut,O
000115-002,dalam,O
000115-002,penghadangan,O
000115-002,ini.,O
000117-001,Tanpa,O
000117-001,rasa,O
000117-001,gentar,O
000117-001,sedikit,O
000117-001,pun,O
000117-001,Rasulullah,B_PERSON
000117-001,berangkat,O
000117-001,dari,O
000117-001,jantung,O
000117-001,Madinah,B_LOCATION
000117-001,bersama,O
000117-001,pasukan,O
000117-001,"ini,",O
000117-001,berjalan,O
000117-001,melewati,O
000117-001,jalur,O
000117-001,pokok,O
000117-001,menuju,O
000117-001,"Makkah,",B_LOCATION
000117-001,hingga,O
000117-001,tiba,O
000117-001,di,O
000117-001,sumur,O
000117-001,Ar-Rauha,O
000117-001,yang,O
000117-001,sekalipun,O
000117-001,belum,O
000117-001,pernah,O
000117-001,didatangi,O
000117-001,beliau.,O
000117-001,Dari,O
000117-001,sini,O
000117-001,beliau,O
000117-001,tidak,O
000117-001,mengambil,O
000117-001,jalan,O
000117-001,ke,O
000117-001,kiri,O
000117-001,yang,O
000117-001,menuju,O
000117-001,"Makkah,",B_LOCATION
000117-001,tetapi,O
000117-001,justru,O
000117-001,mengambil,O
000117-001,jalan,O
000117-001,ke,O
000117-001,arah,O
000117-001,kanan,O
000117-001,menuju,O
000117-001,"Badr,",B_LOCATION
000117-001,melewati,O
000117-001,Rahaqan,O
000117-001,dan,O
000117-001,tiba,O
000117-001,di,O
000117-001,Ash-Shafra'.,B_LOCATION
000117-001,Dari,O
000117-001,sana,O
000117-001,beliau,O
000117-001,mengirim,O
000117-001,Basbas,B_PERSON
000117-001,bin,I_PERSON
000117-001,Amr,I_PERSON
000117-001,dan,O
000117-001,Adi,B_PERSON
000117-001,bin,I_PERSON
000117-001,Abu,I_PERSON
000117-001,Az-Za'ba',I_PERSON
000117-001,Al-Juhannya,O
000117-001,agar,O
000117-001,pergi,O
000117-001,ke,O
000117-001,"Badr,",B_LOCATION
000117-001,untuk,O
000117-001,mencari,O
000117-001,berita,O
000117-001,tenang,O
000117-001,kafilah,O
000117-001,dagang,O
000117-001,Quraisy,O
000121-001,Seperti,O
000121-001,yang,O
000121-001,dituturkan,O
000121-001,Abu,B_PERSON
000121-001,"Sufyan,",I_PERSON
000121-001,tadinya,O
000121-001,dia,O
000121-001,mengambil,O
000121-001,jalur,O
000121-001,pokok,O
000121-001,yang,O
000121-001,menuju,O
000121-001,Makkah.,B_LOCATION
000121-001,Oleh,O
000121-001,karena,O
000121-001,itu,O
000121-001,dia,O
000121-001,meningkatkan,O
000121-001,kewaspadaan,O
000121-001,dan,O
000121-001,selalu,O
000121-001,menyelidiki.,O
000121-001,Tatkala,O
000121-001,kafilahnya,O
000121-001,sudah,O
000121-001,mendekati,O
000121-001,"Badr,",B_LOCATION
000121-001,dia,O
000121-001,mendahului,O
000121-001,rombongan,O
000121-001,hingga,O
000121-001,bertemu,O
000121-001,dengan,O
000121-001,Majdi,B_PERSON
000121-001,bin,I_PERSON
000121-001,"Amr,",I_PERSON
000121-001,dan,O
000121-001,menanyakan,O
000121-001,pasukan,O
000121-001,Madinah,B_LOCATION
000121-001,kepadanya.,O
000121-001,"""Aku",O
000121-001,tidak,O
000121-001,melihat,O
000121-001,seorang,O
000121-001,pun,O
000121-001,yang,O
000121-001,dicurigai.,O
000121-001,Hanya,O
000121-001,saja,O
000121-001,tadi,O
000121-001,kulihat,O
000121-001,ada,O
000121-001,dua,O
000121-001,orang,O
000121-001,penunggang,O
000121-001,yang,O
000121-001,berhenti,O
000121-001,di,O
000121-001,bukit,O
000121-001,"itu,""",O
000121-001,jawab,O
000121-001,Majdi,O
000121-001,Setelah,O
000121-001,mengisi,O
000121-001,kantong,O
000121-001,"air,",O
000121-001,keduanya,O
000121-001,pun,O
000121-001,pergi.,O
000121-001,Abu,B_PERSON
000121-001,Sufyan,I_PERSON
000121-001,segera,O
000121-001,mendatangi,O
000121-001,tempat,O
000121-001,menderum,O
000121-001,onta,O
000121-001,dua,O
000121-001,orang,O
000121-001,yang,O
000121-001,dimaksudkan,O
000121-001,Majdi,O
000121-001,dan,O
000121-001,meneliti,O
000121-001,"kotorannya,",O
000121-001,yang,O
000121-001,ternyata,O
000121-001,di,O
000121-001,sana,O
000121-001,ada,O
000121-001,biji-bijian,O
000121-001,yang,O
000121-001,masih,O
000121-001,utuh.,O
000121-001,Dia,O
000121-001,"berkata,",O
000121-001,Demi,O
000121-001,"Allah,",O
000121-001,ini,O
000121-001,adalah,O
000121-001,makanan,O
000121-001,hewan,O
000121-001,dari,O
000121-001,"Yatsrib.""",B_LOCATION
000121-001,Secepat,O
000121-001,itu,O
000121-001,pula,O
000121-001,dia,O
000121-001,kembali,O
000121-001,menemui,O
000121-001,kafilahnya,O
000121-001,dan,O
000121-001,mengalihkan,O
000121-001,arah,O
000121-001,perjalanan,O
000121-001,menuju,O
000121-001,ke,O
000121-001,barat,O
000121-001,menuju,O
000121-001,pesisir,O
000121-001,"pantai,",O
000121-001,tidak,O
000121-001,jadi,O
000121-001,mengambil,O
000121-001,jalan,O
000121-001,pokok,O
000121-001,yang,O
000121-001,melewati,O
000121-001,"Badr,",B_LOCATION
000121-001,tepatnya,O
000121-001,ke,O
000121-001,arah,O
000121-001,kiri.,O
000121-001,Dengan,O
000121-001,cara,O
000121-001,itu,O
000121-001,kafilah,O
000121-001,Abu,B_PERSON
000121-001,Sufyan,I_PERSON
000121-001,bisa,O
000121-001,selamat,O
000121-001,dari,O
000121-001,hadangan,O
000121-001,pasukan,O
000121-001,Madinah,B_LOCATION
000121-001,lalu,O
000121-001,mengirim,O
000121-001,surat,O
000121-001,ke,O
000121-001,pasukan,O
000121-001,Makkah,B_LOCATION
000121-001,yang,O
000121-001,sudah,O
000121-001,tiba,O
000121-001,di,O
000121-001,Al-Juhfah.,O
000124-004,Demi,O
000124-004,"Allah,",O
000124-004,jika,O
000124-004,engkau,O
000124-004,maju,O
000124-004,hingga,O
000124-004,mencapai,O
000124-004,dasar,O
000124-004,sumur,O
000124-004,yang,O
000124-004,"gelap,",O
000124-004,tentu,O
000124-004,kami,O
000124-004,akan,O
000124-004,maju,O
000124-004,bersama,O
000124-004,engkau.,O
000124-004,Demi,O
000124-004,"Allah,",O
000124-004,jika,O
000124-004,engkau,O
000124-004,terhalang,O
000124-004,lautan,O
000124-004,bersama,O
000124-004,"kami,",O
000124-004,lalu,O
000124-004,engkau,O
000124-004,terjun,O
000124-004,ke,O
000124-004,lautan,O
000124-004,"itu,",O
000124-004,tentu,O
000124-004,kami,O
000124-004,juga,O
000124-004,akan,O
000124-004,terjun,O
000124-004,bersama,O
000124-004,engkau.,O
000124-004,Rasulullah,B_PERSON
000124-004,merasa,O
000124-004,gembira,O
000124-004,dengan,O
000124-004,apa,O
000124-004,yang,O
000124-004,dikatakan,O
000124-004,Sa'd,O
000124-004,dan,O
000124-004,semangatnya,O
000124-004,yang,O
000124-004,menggebu-gebu.,O
000124-004,Maka,O
000124-004,beliau,O
000124-004,"bersabda,",O
000124-004,"""Majulah",O
000124-004,kalian,O
000124-004,dan,O
000124-004,terimalah,O
000124-004,kabar,O
000124-004,"gembira,",O
000124-004,karena,O
000124-004,Allah,O
000124-004,telah,O
000124-004,menjanjikan,O
000124-004,salah,O
000124-004,satu,O
000124-004,dari,O
000124-004,dua,O
000124-004,pihak,O
000124-004,kepadaku.,O
000124-004,Demi,O
000124-004,"Allah,",O
000124-004,seakan-akan,O
000124-004,saat,O
000124-004,ini,O
000124-004,aku,O
000124-004,bisa,O
000124-004,melihat,O
000124-004,tempat,O
000124-004,kematian,O
000124-004,"mereka.""",O
000124-004,Setelah,O
000124-004,itu,O
000124-004,Rasulullah,B_PERSON
000124-004,meninggalkan,O
000124-004,Dzafiran,O
000124-004,untuk,O
000124-004,melanjutkan,O
000124-004,perjalanan.,O
000124-004,Beliau,O
000124-004,melewati,O
000124-004,jalan,O
000124-004,bukit,O
000124-004,yang,O
000124-004,disebut,O
000124-004,"Al-Ashafir,",O
000124-004,kemudian,O
000124-004,cepat-cepat,O
000124-004,menuju,O
000124-004,suatu,O
000124-004,tempat,O
000124-004,yang,O
000124-004,disebut,O
000124-004,Ad-Dabbah,O
000124-004,dan,O
000124-004,meninggalkan,O
000124-004,Al-Hannan,O
000124-004,di,O
000124-004,sebelah,O
000124-004,"kanannya,",O
000124-004,yaitu,O
000124-004,sebuah,O
000124-004,bukit,O
000124-004,pasir,O
000124-004,yang,O
000124-004,menyerupai,O
000124-004,gunung,O
000124-004,yang,O
000124-004,"kokoh,",O
000124-004,kemudian,O
000124-004,tiba,O
000124-004,di,O
000124-004,dekat,O
000124-004,Badr.,B_LOCATION
000128-001,Kemudian,O
000128-001,Rasulullah,B_PERSON
000128-001,mempersiapkan,O
000128-001,"pasukan,",O
000128-001,berkeliling,O
000128-001,di,O
000128-001,sekitar,O
000128-001,arena,O
000128-001,yang,O
000128-001,akan,O
000128-001,dijadikan,O
000128-001,ajang,O
000128-001,pertempuran.,O
000128-001,Beliau,O
000128-001,menunjukkan,O
000128-001,jarinya,O
000128-001,ke,O
000128-001,suatu,O
000128-001,tempat,O
000128-001,sambil,O
000128-001,"bersabda,",O
000128-001,Ini,O
000128-001,tempat,O
000128-001,kematian,O
000128-001,Fulan,O
000128-001,esok,O
000128-001,hari,O
000128-001,insya,O
000128-001,"Allah,",O
000128-001,dan,O
000128-001,ini,O
000128-001,tempat,O
000128-001,kematiannya,O
000128-001,Fulan,O
000128-001,insya,O
000128-001,"Allah.""",O
000128-001,Pada,O
000128-001,malam,O
000128-001,itu,O
000128-001,beliau,O
000128-001,sering,O
000128-001,melaksanakan,O
000128-001,shalat,O
000128-001,di,O
000128-001,dekat,O
000128-001,pangkal,O
000128-001,pohon,O
000128-001,yang,O
000128-001,tumbuh,O
000128-001,di,O
000128-001,sana.,O
000128-001,Sedangkan,O
000128-001,orang-orang,O
000128-001,Muslim,O
000128-001,tidur,O
000128-001,dengan,O
000128-001,hembusan,O
000128-001,napas,O
000128-001,yang,O
000128-001,tenang,O
000128-001,seakan,O
000128-001,menyinari,O
000128-001,angkasa.,O
000128-001,Hati,O
000128-001,mereka,O
000128-001,ditaburi,O
000128-001,keyakinan,O
000128-001,Mereka,O
000128-001,cukup,O
000128-001,istirahat,O
000128-001,pada,O
000128-001,malam,O
000128-001,"itu,",O
000128-001,dengan,O
000128-001,harapan,O
000128-001,esok,O
000128-001,paginya,O
000128-001,dapat,O
000128-001,melihat,O
000128-001,kabar,O
000128-001,gembira,O
000128-001,dari,O
000128-001,Allah,O
000128-001,"""(Ingatlah)",O
000128-001,ketika,O
000128-001,Allah,O
000128-001,menjadikan,O
000128-001,kalian,O
000128-001,mengantuk,O
000128-001,sebagai,O
000128-001,suatu,O
000128-001,penentram,O
000128-001,"dari-Nya,",O
000128-001,dan,O
000128-001,Allah,O
000128-001,menurunkan,O
000128-001,kepada,O
000128-001,kalian,O
000128-001,hujan,O
000128-001,dari,O
000128-001,langit,O
000128-001,untuk,O
000128-001,mensucikan,O
000128-001,kalian,O
000128-001,dengan,O
000128-001,hujan,O
000128-001,itu,O
000128-001,dan,O
000128-001,menghilangkan,O
000128-001,dari,O
000128-001,kalian,O
000128-001,gangguan-gangguan,O
000128-001,setan,O
000128-001,dan,O
000128-001,untuk,O
000128-001,menguatkan,O
000128-001,hati,O
000128-001,kalian,O
000128-001,dan,O
000128-001,memperteguh,O
000128-001,dengannya,O
000128-001,telapak,O
000128-001,kaki,O
000128-001,(kalian).,O
000128-001,"""",O
000128-001,(Al-Anfal:,O
000128-001,11),O
000128-001,Malam,O
000128-001,itu,O
000128-001,adalah,O
000128-001,malam,O
000128-001,"Jum'at,",O
000128-001,tanggal,B_TIME
000128-001,17,I_TIME
000128-001,Ramadhan,I_TIME
000128-001,2,I_TIME
000128-001,H.,I_TIME
000128-001,Sementara,O
000128-001,keberangkatan,O
000128-001,beliau,O
000128-001,pada,O
000128-001,tanggal,O
000128-001,8,O
000128-001,atau,O
000128-001,12,O
000128-001,dari,O
000128-001,bulan,O
000128-001,yang,O
000128-001,sama.,O
000139-001,Peperangan,O
000139-001,sudah,O
000139-001,usai,O
000139-001,dengan,O
000139-001,kekalahan,O
000139-001,telak,O
000139-001,di,O
000139-001,pihak,O
000139-001,orang-orang,O
000139-001,musyrik,O
000139-001,dan,O
000139-001,kemenangan,O
000139-001,yang,O
000139-001,nyata,O
000139-001,di,O
000139-001,pihak,O
000139-001,orang-orang,O
000139-001,Muslim.,O
000139-001,Yang,O
000139-001,mati,O
000139-001,syahid,O
000139-001,dari,O
000139-001,pasukan,O
000139-001,Muslimin,O
000139-001,dalam,O
000139-001,peperangan,O
000139-001,ini,O
000139-001,ada,O
000139-001,empat,O
000139-001,belas,O
000139-001,"orang,",O
000139-001,enam,O
000139-001,dari,O
000139-001,Muhajirin,O
000139-001,dan,O
000139-001,delapan,O
000139-001,dari,O
000139-001,Anshar.,O
000139-001,Sedangkan,O
000139-001,orang-orang,O
000139-001,musyrik,O
000139-001,mengalami,O
000139-001,kerugian,O
000139-001,yang,O
000139-001,amat,O
000139-001,banyak,O
000139-001,Korban,O
000139-001,di,O
000139-001,antara,O
000139-001,mereka,O
000139-001,ada,O
000139-001,tujuh,O
000139-001,puluh,O
000139-001,orang,O
000139-001,dan,O
000139-001,tujuh,O
000139-001,puluh,O
000139-001,orang,O
000139-001,pula,O
000139-001,yang,O
000139-001,"tertawan,",O
000139-001,yang,O
000139-001,kebanyakan,O
000139-001,justru,O
000139-001,terdiri,O
000139-001,dari,O
000139-001,para,O
000139-001,pemuka,O
000139-001,dan,O
000139-001,pemimpin,O
000139-001,mereka.,O
000139-001,Setelah,O
000139-001,peperangan,O
000139-001,"usai,",O
000139-001,Rasulullah,B_PERSON
000139-001,berkeliling,O
000139-001,hingga,O
000139-001,berdiri,O
000139-001,di,O
000139-001,dekat,O
000139-001,korban,O
000139-001,dari,O
000139-001,orang-orang,O
000139-001,"musyrik,",O
000139-001,"""Keluarga",O
000139-001,yang,O
000139-001,paling,O
000139-001,buruk,O
000139-001,terhadap,O
000139-001,nabi,O
000139-001,kalian,O
000139-001,adalah,O
000139-001,diri,O
000139-001,kalian.,O
000139-001,Kalian,O
000139-001,mendustakan,O
000139-001,aku,O
000139-001,selagi,O
000139-001,orang-orang,O
000139-001,membenarkan,O
000139-001,aku.,O
000139-001,Kalian,O
000139-001,menelantarkan,O
000139-001,aku,O
000139-001,selagi,O
000139-001,orang-orang,O
000139-001,menolongku.,O
000139-001,Kalian,O
000139-001,mengusir,O
000139-001,aku,O
000139-001,selagi,O
000139-001,orang-orang,O
000139-001,melindungi,O
000139-001,"aku.""",O
000139-001,Lalu,O
000139-001,beliau,O
000139-001,memerintahkan,O
000139-001,agar,O
000139-001,tubuh,O
000139-001,mereka,O
000139-001,dimasukkan,O
000139-001,ke,O
000139-001,dalam,O
000139-001,sumur.,O
000139-001,Diriwayatkan,O
000139-001,dari,O
000139-001,Abu,B_PERSON
000139-001,"Thalhah,",I_PERSON
000139-001,bahwa,O
000139-001,Nabi,O
000139-001,Allah,O
000139-001,memerintahkan,O
000139-001,untuk,O
000139-001,mengumpulkan,O
000139-001,dua,O
000139-001,puluh,O
000139-001,empat,O
000139-001,pemuka,O
000139-001,Quraisy,O
000139-001,yang,O
000139-001,"terbunuh,",O
000139-001,lalu,O
000139-001,mereka,O
000139-001,dilemparkan,O
000139-001,ke,O
000139-001,dalam,O
000139-001,sumur,O
000139-001,yang,O
000139-001,kotor,O
000139-001,dan,O
000139-001,bau.,O
000139-001,Sebelum,O
000139-001,"itu,",O
000139-001,jika,O
000139-001,ada,O
000139-001,suatu,O
000139-001,kaum,O
000139-001,mendapatkan,O
000139-001,suatu,O
000139-001,"kemenangan,",O
000139-001,maka,O
000139-001,mereka,O
000139-001,mengadakan,O
000139-001,pesta,O
000139-001,di,O
000139-001,Badr,B_LOCATION
000139-001,selama,O
000139-001,tiga,O
000139-001,malam.,O
000139-001,Pada,O
000139-001,hari,O
000139-001,ketiga,O
000139-001,dari,O
000139-001,Perang,B_EVENT
000139-001,"Badr,",I_EVENT
000139-001,beliau,O
000139-001,meminta,O
000139-001,hewan,O
000139-001,kendaraannya,O
000139-001,dan,O
000139-001,mengikatnya.,O
000139-001,Kemudian,O
000139-001,beliau,O
000139-001,berjalan,O
000139-001,mengikuti,O
000139-001,para,O
000139-001,"sahabat,",O
000139-001,hingga,O
000139-001,beliau,O
000139-001,berdiri,O
000139-001,di,O
000139-001,bibir,O
000139-001,sumur.,O
000139-001,Beliau,O
000139-001,menyebutkan,O
000139-001,nama,O
000139-001,orang-orang,O
000139-001,musyrik,O
000139-001,yang,O
000139-001,jasadnya,O
000139-001,dilemparkan,O
000139-001,ke,O
000139-001,dalam,O
000139-001,sumur,O
000139-001,"itu,",O
000139-001,begitu,O
000139-001,nama,O
000139-001,bapak-bapak,O
000139-001,mereka.,O
000140-004,Namun,O
000140-004,karena,O
000140-004,mereka,O
000140-004,takut,O
000140-004,akan,O
000140-004,dicemooh,O
000140-004,sebagai,O
000140-004,akibat,O
000140-004,dari,O
000140-004,tindakannya,O
000140-004,"ini,",O
000140-004,mereka,O
000140-004,pun,O
000140-004,membuatkan,O
000140-004,sebuah,O
000140-004,lubang,O
000140-004,di,O
000140-004,dekatnya.,O
000140-004,lalu,O
000140-004,mendorong,O
000140-004,tubuhnya,O
000140-004,masuk,O
000140-004,ke,O
000140-004,dalam,O
000140-004,lubang,O
000140-004,"itu,",O
000140-004,lalu,O
000140-004,mereka,O
000140-004,menimbun,O
000140-004,lubang,O
000140-004,kuburan,O
000140-004,dengan,O
000140-004,cara,O
000140-004,melemparkan,O
000140-004,batu,O
000140-004,dari,O
000140-004,kejauhan,O
000140-004,Begitulah,O
000140-004,penduduk,O
000140-004,Makkah,B_LOCATION
000140-004,menerima,O
000140-004,kabar,O
000140-004,kekalahan,O
000140-004,telak,O
000140-004,di,O
000140-004,medan,O
000140-004,Perang,B_EVENT
000140-004,Badr.,I_EVENT
000140-004,Tentu,O
000140-004,saja,O
000140-004,hal,O
000140-004,ini,O
000140-004,menimbulkan,O
000140-004,pengaruh,O
000140-004,yang,O
000140-004,buruk.,O
000140-004,Bahkan,O
000140-004,mereka,O
000140-004,melarang,O
000140-004,untuk,O
000140-004,meratapi,O
000140-004,orang-orang,O
000140-004,yang,O
000140-004,mati,O
000140-004,"terbunuh,",O
000140-004,agar,O
000140-004,mereka,O
000140-004,tidak,O
000140-004,semakin,O
000140-004,terpuruk,O
000140-004,karena,O
000140-004,dicerca,O
000140-004,orang-orang,O
000140-004,Muslim.,O
000140-004,Dalam,O
000140-004,Perang,B_EVENT
000140-004,Badr,I_EVENT
000140-004,ini,O
000140-004,Al-Aswad,B_PERSON
000140-004,bin,I_PERSON
000140-004,Al-Muththalib,I_PERSON
000140-004,kehilangan,O
000140-004,tiga,O
000140-004,anaknya.,O
000140-004,Karena,O
000140-004,"buta,",O
000140-004,dia,O
000140-004,lebih,O
000140-004,suka,O
000140-004,menangisi,O
000140-004,nasib,O
000140-004,yang,O
000140-004,menimpa,O
000140-004,mereka.,O
000140-004,Suatu,O
000140-004,malam,O
000140-004,dia,O
000140-004,mendengar,O
000140-004,suara,O
000140-004,ratap,O
000140-004,tangis.,O
000140-004,Dia,O
000140-004,mengutus,O
000140-004,pembantunya,O
000140-004,dengan,O
000140-004,"berkata,",O
000140-004,"""Lihatlah,",O
000140-004,apakah,O
000140-004,ratap,O
000140-004,tangis,O
000140-004,memang,O
000140-004,diperbolehkan?,O
000140-004,Apakah,O
000140-004,orang-orang,O
000140-004,Quraisy,O
000140-004,juga,O
000140-004,menangisi,O
000140-004,meratapi,O
000140-004,para,O
000140-004,korban,O
000140-004,yang,O
000140-004,mati?,O
000140-004,Karena,O
000140-004,aku,O
000140-004,pun,O
000140-004,ingin,O
000140-004,meratapi,O
000140-004,Abu,B_PERSON
000140-004,Hakimah,I_PERSON
000140-004,"(anaknya),",O
000140-004,karena,O
000140-004,kelopak,O
000140-004,mataku,O
000140-004,sudah,O
000140-004,hampir,O
000140-004,"terbakar.""",O
000140-004,Setelah,O
000140-004,"menyelidiki,",O
000140-004,pembantunya,O
000140-004,kembali,O
000140-004,lagi,O
000140-004,dan,O
000140-004,"berkata,",O
000140-004,"""Yang",O
000140-004,menangis,O
000140-004,itu,O
000140-004,adalah,O
000140-004,seorang,O
000140-004,wanita,O
000140-004,yang,O
000140-004,meratapi,O
000140-004,ontanya,O
000140-004,yang,O
000140-004,"lepas.""",O
000140-004,Al-Aswad,O
000140-004,hampir,O
000140-004,tak,O
000140-004,mampu,O
000140-004,menguasai,O
000140-004,dirinya.,O
000140-004,Lalu,O
000140-004,dia,O
000140-004,menurunkan,O
000140-004,sebuah,O
000140-004,syair,O
000140-004,yang,O
000140-004,sendu,O
000142-001,Seusai,O
000142-001,"perang,",O
000142-001,Rasulullah,B_PERSON
000142-001,masih,O
000142-001,berada,O
000142-001,di,O
000142-001,Badr,B_LOCATION
000142-001,selama,O
000142-001,tiga,O
000142-001,hari,O
000142-001,Sebelum,O
000142-001,meninggalkan,O
000142-001,kancah,O
000142-001,"peperangan,",O
000142-001,terjadi,O
000142-001,silang,O
000142-001,pendapat,O
000142-001,di,O
000142-001,antara,O
000142-001,anggota,O
000142-001,pasukan,O
000142-001,tentang,O
000142-001,pembagian,O
000142-001,harta,O
000142-001,rampasan.,O
000142-001,Ketika,O
000142-001,silang,O
000142-001,pendapat,O
000142-001,ini,O
000142-001,semakin,O
000142-001,meruncing,O
000142-001,maka,O
000142-001,beliau,O
000142-001,memerintahkan,O
000142-001,agar,O
000142-001,semua,O
000142-001,harta,O
000142-001,rampasan,O
000142-001,di,O
000142-001,tangan,O
000142-001,mereka,O
000142-001,diserahkan.,O
000142-001,Mereka,O
000142-001,pun,O
000142-001,"menurutinya,",O
000142-001,lalu,O
000142-001,turun,O
000142-001,wahyu,O
000142-001,yang,O
000142-001,memecahkan,O
000142-001,masalah,O
000142-001,ini.,O
000142-001,Dari,O
000142-001,Ubadah,B_PERSON
000142-001,bin,I_PERSON
000142-001,"Ash-Shamit,",I_PERSON
000142-001,dia,O
000142-001,"berkata,",O
000142-001,"""Kami",O
000142-001,pergi,O
000142-001,bersama,O
000142-001,Nabi,O
000142-001,bergabung,O
000142-001,dalam,O
000142-001,Perang,B_EVENT
000142-001,Badr.,I_EVENT
000142-001,Dua,O
000142-001,pasukan,O
000142-001,saling,O
000142-001,berhadapan,O
000142-001,dan,O
000142-001,Allah,O
000142-001,mengalahkan,O
000142-001,pasukan,O
000142-001,musuh.,O
000142-001,Ada,O
000142-001,segolongan,O
000142-001,pasukan,O
000142-001,Muslimin,O
000142-001,yang,O
000142-001,mengejar,O
000142-001,"musuh,",O
000142-001,mengusir,O
000142-001,dan,O
000142-001,membunuh.,O
000142-001,Ada,O
000142-001,pula,O
000142-001,sebagian,O
000142-001,lain,O
000142-001,y,O
000142-001,ang,O
000142-001,meng-,O
000142-001,uasai,O
000142-001,harta,O
000142-001,rampasan,O
000142-001,yang,O
000142-001,telah,O
000142-001,dikumpulkan.,O
000142-001,Ada,O
000142-001,pula,O
000142-001,sebagian,O
000142-001,lain,O
000142-001,yang,O
000142-001,menjaga,O
000142-001,Rasulullah,B_PERSON
000142-001,dan,O
000142-001,tidak,O
000142-001,berhadapan,O
000142-001,langsung,O
000142-001,dengan,O
000142-001,musuh.,O
000142-001,Pada,O
000142-001,malam,O
000142-001,"harinya,",O
000142-001,selagi,O
000142-001,sebagian,O
000142-001,sudah,O
000142-001,berkumpul,O
000142-001,dengan,O
000142-001,sebagian,O
000142-001,yang,O
000142-001,lain,O
000142-001,mereka,O
000142-001,yang,O
000142-001,berhasil,O
000142-001,mengumpulkan,O
000142-001,harta,O
000142-001,rampasan,O
000142-001,"berkata,",O
000142-001,"""Kamilah",O
000142-001,yang,O
000142-001,telah,O
000142-001,mengumpulkan,O
000142-001,dan,O
000142-001,siapa,O
000142-001,pun,O
000142-001,tidak,O
000142-001,boleh,O
000142-001,"mengusiknya.""",O
000142-001,Sedangkan,O
000142-001,mereka,O
000142-001,yang,O
000142-001,bertugas,O
000142-001,mengejar,O
000142-001,musuh,O
000142-001,"menyahut,",O
000142-001,"""Kalian",O
000142-001,tidak,O
000142-001,lebih,O
000142-001,berhak,O
000142-001,daripada,O
000142-001,kami.,O
000142-001,Kamilah,O
000142-001,yang,O
000142-001,sebenarnya,O
000142-001,telah,O
000142-001,mengumpulkan,O
000142-001,harta,O
000142-001,rampasan,O
000142-001,itu,O
000142-001,dan,O
000142-001,mengalahkan,O
000142-001,"musuh.""",O
000142-001,Sedangkan,O
000142-001,mereka,O
000142-001,yang,O
000142-001,bertugas,O
000142-001,menjaga,O
000142-001,beliau,O
000142-001,"berkata,",O
000142-001,"""Kami",O
000142-001,khawatir,O
000142-001,musuh,O
000142-001,akan,O
000142-001,menyerang,O
000142-001,"beliau,",O
000142-001,maka,O
000142-001,sejak,O
000142-001,awal,O
000142-001,kami,O
000142-001,melindungi,O
000142-001,"beliau.""",O
000142-001,Maka,O
000142-001,kemudian,O
000142-001,Allah,O
000142-001,menurunkan,O
000142-001,"ayat,",O
000142-001,JWJT,O
000142-001,"""Mereka",O
000142-001,menanyakan,O
000142-001,kepadamu,O
000142-001,tentang,O
000142-001,(pembagian),O
000142-001,harta,O
000142-001,rampasan.,O
000142-001,"Katakanlah,'Harta",O
000142-001,perang,O
000142-001,itu,O
000142-001,kepunyaan,O
000142-001,Allah,O
000142-001,dan,O
000142-001,Rasul.,O
000145-002,Setelah,O
000145-002,itu,O
000145-002,Allah,O
000145-002,berfirman,O
000145-002,kepada,O
000145-002,orang-orang,O
000145-002,Muslim,O
000145-002,tentang,O
000145-002,masalah,O
000145-002,harta,O
000145-002,rampasan,O
000145-002,dan,O
000145-002,meletakkan,O
000145-002,dasar-dasar,O
000145-002,masalah,O
000145-002,ini.,O
000145-002,Kemudian,O
000145-002,Allah,O
000145-002,menjelaskan,O
000145-002,dan,O
000145-002,menetapkan,O
000145-002,aturan-aturan,O
000145-002,main,O
000145-002,saat,O
000145-002,perang,O
000145-002,dan,O
000145-002,"damai,",O
000145-002,karena,O
000145-002,dakwah,O
000145-002,Islam,O
000145-002,saat,O
000145-002,itu,O
000145-002,sudah,O
000145-002,memasuki,O
000145-002,tahapan,O
000145-002,"ini,",O
000145-002,agar,O
000145-002,perang,O
000145-002,yang,O
000145-002,dilakukan,O
000145-002,orang-orang,O
000145-002,Muslim,O
000145-002,berbeda,O
000145-002,dengan,O
000145-002,perang,O
000145-002,yang,O
000145-002,dilakukan,O
000145-002,orang-,O
000145-002,orang,O
000145-002,Jahiliyah.,O
000145-002,Mereka,O
000145-002,unggul,O
000145-002,karena,O
000145-002,akhlak,O
000145-002,dan,O
000145-002,nilai-nilai,O
000145-002,yang,O
000145-002,luhur,O
000145-002,serta,O
000145-002,menegaskan,O
000145-002,kepada,O
000145-002,dunia,O
000145-002,bahwa,O
000145-002,Islam,O
000145-002,bukan,O
000145-002,sekedar,O
000145-002,teori,O
000145-002,yang,O
000145-002,mentah.,O
000145-002,tetapi,O
000145-002,Islam,O
000145-002,membekali,O
000145-002,para,O
000145-002,pemeluknya,O
000145-002,secara,O
000145-002,"praktis,",O
000145-002,berlandaskan,O
000145-002,kepada,O
000145-002,dasar-dasar,O
000145-002,dan,O
000145-002,prinsip-prinsip,O
000145-002,yang,O
000145-002,diserunya.,O
000145-002,Kemudian,O
000145-002,Allah,O
000145-002,menetapan,O
000145-002,beberapa,O
000145-002,butir,O
000145-002,undang-undang,O
000145-002,Daulah,O
000145-002,"Islam,",O
000145-002,dengan,O
000145-002,membuat,O
000145-002,perbedaan,O
000145-002,antara,O
000145-002,orang-orang,O
000145-002,Muslim,O
000145-002,yang,O
000145-002,menetap,O
000145-002,di,O
000145-002,wilayah,O
000145-002,Islam,O
000145-002,dan,O
000145-002,mereka,O
000145-002,yang,O
000145-002,menetap,O
000145-002,di,O
000145-002,luar,O
000145-002,wilayah,O
000145-002,Islam.,O
000145-002,Pada,O
000145-002,tahun,B_TIME
000145-002,kedua,I_TIME
000145-002,Hijriyah,I_TIME
000145-002,turun,O
000145-002,kewajiban,O
000145-002,puasa,O
000145-002,"Ramadhan,",B_TIME
000145-002,membayar,O
000145-002,zakat,O
000145-002,fitrah,O
000145-002,dan,O
000145-002,penjelasan,O
000145-002,tentang,O
000145-002,batasan-batasan,O
000145-002,zakat,O
000145-002,yang,O
000145-002,lain.,O
000145-002,Kewajiban,O
000145-002,membay,O
000145-002,ar,O
000145-002,zakat,O
000145-002,fitrah,O
000145-002,dan,O
000145-002,zakat-zakat,O
000145-002,lainnya,O
000145-002,dimaksudkan,O
000145-002,untuk,O
000145-002,memperingan,O
000145-002,beban,O
000145-002,hidup,O
000145-002,yang,O
000145-002,dijalani,O
000145-002,orang-orang,O
000145-002,Muhajirin,O
000145-002,dan,O
000145-002,Anshar,O
000145-002,yang,O
000145-002,"miskin,",O
000145-002,yang,O
000145-002,tidak,O
000145-002,mempunyai,O
000145-002,bakat,O
000145-002,usaha.,O
000145-002,Ada,O
000145-002,momen,O
000145-002,yang,O
000145-002,paling,O
000145-002,"mengesankan,",O
000145-002,karena,O
000145-002,Id,O
000145-002,pertama,O
000145-002,yang,O
000145-002,dijalani,O
000145-002,orang-orang,O
000145-002,Muslim,O
000145-002,dalam,O
000145-002,hidup,O
000145-002,mereka,O
000145-002,adalah,O
000145-002,Idul,B_TIME
000145-002,Fitri,I_TIME
000145-002,pada,O
000145-002,bulan,B_TIME
000145-002,Syawwal,I_TIME
000145-002,2,I_TIME
000145-002,"Hijriyah,",I_TIME
000145-002,setelah,O
000145-002,mereka,O
000145-002,memperoleh,O
000145-002,kemenangan,O
000145-002,yang,O
000145-002,gemilang,O
000145-002,di,O
000145-002,Perang,B_EVENT
000145-002,Badr.,I_EVENT
000145-002,Betapa,O
000145-002,mengesankan,O
000145-002,Id,O
000145-002,yang,O
000145-002,penuh,O
000145-002,kebahagiaan,O
000145-002,"ini,",O
000145-002,setelah,O
000145-002,Allah,O
000145-002,menyematkan,O
000145-002,mahkota,O
000145-002,kemenangan,O
000145-002,dan,O
000145-002,keperkasaan,O
000145-002,kepada,O
000145-002,mereka.,O
000145-003,Betapa,O
000145-003,mengesankan,O
000145-003,Id,O
000145-003,yang,O
000145-003,penuh,O
000145-003,kebahagiaan,O
000145-003,"ini,",O
000145-003,setelah,O
000145-003,Allah,O
000145-003,menyematkan,O
000145-003,mahkota,O
000145-003,kemenangan,O
000145-003,dan,O
000145-003,keperkasaan,O
000145-003,kepada,O
000145-003,mereka.,O
000145-003,Betapa,O
000145-003,mengagumkan,O
000145-003,shalat,O
000145-003,Idul,O
000145-003,Fitri,O
000145-003,yang,O
000145-003,mereka,O
000145-003,lakukan,O
000145-003,saat,O
000145-003,"itu,",O
000145-003,setelah,O
000145-003,mereka,O
000145-003,keluar,O
000145-003,dari,O
000145-003,rumah,O
000145-003,dengan,O
000145-003,menyerukan,O
000145-003,suara,O
000145-003,"takbir,",O
000145-003,"tahmid,",O
000145-003,dan,O
000145-003,tauhid.,O
000145-003,Hat,O
000145-003,mereka,O
000145-003,mekar,O
000145-003,dipenuhi,O
000145-003,kecintaan,O
000145-003,kepada,O
000145-003,"Allah,",O
000145-003,sambil,O
000145-003,tetap,O
000145-003,mengharapkan,O
000145-003,rahmat,O
000145-003,dan,O
000145-003,"keridhaan-Nya,",O
000145-003,setelah,O
000145-003,Dia,O
000145-003,memuliakan,O
000145-003,mereka,O
000145-003,dengan,O
000145-003,nikmat,O
000145-003,dan,O
000145-003,menguatkan,O
000145-003,mereka,O
000145-003,dengan,O
000145-003,pertolongan-Nya.,O
000145-003,Lalu,O
000145-003,Allah,O
000145-003,mengingatkan,O
000145-003,mereka,O
000145-003,tentang,O
000145-003,semua,O
000145-003,ini,O
000145-003,dengan,O
000145-003,"berfirman,",O
000145-003,81,O
000145-003,I,O
000145-003,x,O
000145-003,i,O
000145-003,"""Dan,ingatlah",O
000145-003,(hai,O
000145-003,para,O
000145-003,Muhajirin),O
000145-003,ketika,O
000145-003,kalian,O
000145-003,masih,O
000145-003,berjumlah,O
000145-003,sedikit,O
000145-003,lagi,O
000145-003,tertindas,O
000145-003,di,O
000145-003,bumi,O
000145-003,(Makkah).,B_LOCATION
000145-003,Kalian,O
000145-003,takut,O
000145-003,orang-orang,O
000145-003,(Makkah),O
000145-003,akar,O
000145-003,menculik,O
000145-003,"kalian,",O
000145-003,maka,O
000145-003,Allah,O
000145-003,memberi,O
000145-003,kalian,O
000145-003,tempat,O
000145-003,menetap,O
000145-003,(Madinah),B_LOCATION
000145-003,dan,O
000145-003,dijadikan-Nya,O
000145-003,kalian,O
000145-003,kuat,O
000145-003,dengan,O
000145-003,pertolongan-Nya,O
000145-003,dan,O
000145-003,diberi-Nya,O
000145-003,kalian,O
000145-003,rezeki,O
000145-003,dari,O
000145-003,yang,O
000145-003,baik-baik,O
000145-003,agar,O
000145-003,kalian,O
000145-003,bersyukur.,O
000145-003,"""",O
000145-003,(Al-Anfal:,O
000145-003,26),O
000145-003,Sumur,O
000145-003,Badr,B_LOCATION
000158-002,Maka,O
000158-002,tolonglah,O
000158-002,kami,O
000158-002,dengan,O
000158-002,harta,O
000158-002,kalian,O
000158-002,untuk,O
000158-002,memeranginya.,O
000158-002,Siapa,O
000158-002,tahu,O
000158-002,kita,O
000158-002,bisa,O
000158-002,menuntut,O
000158-002,"balas.""",O
000158-002,Mereka,O
000158-002,memenuhi,O
000158-002,himbauan,O
000158-002,"ini,",O
000158-002,hingga,O
000158-002,terkumpul,O
000158-002,seribu,O
000158-002,onta,O
000158-002,dan,O
000158-002,seribu,O
000158-002,lima,O
000158-002,ratus,O
000158-002,dinar.,O
000158-002,Tentang,O
000158-002,hal,O
000158-002,ini,O
000158-002,Allah,O
000158-002,menurunkan,O
000158-002,ayat.,O
000158-002,XI,O
000158-002,"""Sesungguhnya",O
000158-002,orang-orang,O
000158-002,kafir,O
000158-002,"itu,",O
000158-002,menafkahkan,O
000158-002,harta,O
000158-002,mereka,O
000158-002,untuk,O
000158-002,menghalangi,O
000158-002,(orang),O
000158-002,dari,O
000158-002,jalan,O
000158-002,Allah.,O
000158-002,Mereka,O
000158-002,akan,O
000158-002,menafkahkan,O
000158-002,harta,O
000158-002,"itu,",O
000158-002,kemudian,O
000158-002,menjadi,O
000158-002,sesalan,O
000158-002,bagi,O
000158-002,"mereka,",O
000158-002,dan,O
000158-002,mereka,O
000158-002,akan,O
000158-002,dikalahkan.,O
000158-002,"""",O
000158-002,(Al-Anfal:,O
000158-002,36,O
000158-002,Mereka,O
000158-002,membukakan,O
000158-002,pintu,O
000158-002,dukungan,O
000158-002,bagi,O
000158-002,siapa,O
000158-002,pun,O
000158-002,yang,O
000158-002,hendak,O
000158-002,ikut,O
000158-002,andil,O
000158-002,untuk,O
000158-002,memerangi,O
000158-002,orang-orang,O
000158-002,"Muslim,",O
000158-002,entah,O
000158-002,dia,O
000158-002,berasal,O
000158-002,dari,O
000158-002,Habasyah.,B_LOCATION
000158-002,"Kinanah,",O
000158-002,atau,O
000158-002,pun,O
000158-002,Tihamah.,O
000158-002,Untuk,O
000158-002,keperluan,O
000158-002,ini,O
000158-002,mereka,O
000158-002,menggunakan,O
000158-002,segala,O
000158-002,cara,O
000158-002,untuk,O
000158-002,membangkitkan,O
000158-002,semangat,O
000158-002,manusia.,O
000158-002,Bahkan,O
000158-002,Shafwan,B_PERSON
000158-002,bin,I_PERSON
000158-002,Umayyah,I_PERSON
000158-002,membujuk,O
000158-002,Abu,B_PERSON
000158-002,"Azzah,",I_PERSON
000158-002,seorang,O
000158-002,penyair,O
000158-002,yang,O
000158-002,tertawan,O
000158-002,di,O
000158-002,Perang,B_EVENT
000158-002,"Badr,",I_EVENT
000158-002,namun,O
000158-002,kemudian,O
000158-002,dibebaskan,O
000158-002,Rasulullah,B_PERSON
000158-002,tanpa,O
000158-002,tebusan,O
000158-002,apa,O
000158-002,"pun,",O
000158-002,dengan,O
000158-002,syarat,O
000158-002,dia,O
000158-002,tidak,O
000158-002,boleh,O
000158-002,memerangi,O
000158-002,beliau,O
000158-002,lagi,O
000158-002,dalam,O
000158-002,bentuk,O
000158-002,apa,O
000158-002,pun.,O
000158-002,Abu,B_PERSON
000158-002,Shafwan,I_PERSON
000158-002,mem-,O
000158-002,bunjuknya,O
000158-002,agar,O
000158-002,menggugah,O
000158-002,semangat,O
000158-002,berbagai,O
000158-002,kabilah,O
000158-002,untuk,O
000158-002,memerangi,O
000158-002,kaum,O
000158-002,Muslimin.,O
000158-002,Dia,O
000158-002,"berjanji,",O
000158-002,jika,O
000158-002,Abu,B_PERSON
000158-002,Azzah,I_PERSON
000158-002,kembali,O
000158-002,dari,O
000158-002,perang,O
000158-002,dalam,O
000158-002,keadaan,O
000158-002,"selamat,",O
000158-002,maka,O
000158-002,dia,O
000158-002,akan,O
000158-002,memberinya,O
000158-002,harta,O
000158-002,yang,O
000158-002,melimpah.,O
000158-002,Jika,O
000158-002,"tidak,",O
000158-002,maka,O
000158-002,anak-anaknya,O
000158-002,akan,O
000158-002,mendapatkan,O
000158-002,perlindungan.,O
000158-002,Maka,O
000158-002,Abu,B_PERSON
000158-002,Azzah,I_PERSON
000158-002,bangkit,O
000158-002,membangkitkan,O
000158-002,semangat,O
000158-002,berbagai,O
000158-002,kabilah,O
000158-002,dengan,O
000158-002,syair-syairnya.,O
000169-003,Pengaturan,O
000169-003,ini,O
000169-003,merupakan,O
000169-003,strategi,O
000169-003,yang,O
000169-003,sangat,O
000169-003,bijaksana,O
000169-003,dan,O
000169-003,sekaligus,O
000169-003,amat,O
000169-003,"detil,",O
000169-003,yang,O
000169-003,menggambarkan,O
000169-003,kecerdikan,O
000169-003,Rasulullah,B_PERSON
000169-003,sebagai,O
000169-003,seorang,O
000169-003,komandan,O
000169-003,perang.,O
000169-003,Tidak,O
000169-003,ada,O
000169-003,seorang,O
000169-003,komandan,O
000169-003,perang,O
000169-003,pun,O
000169-003,yang,O
000169-003,memiliki,O
000169-003,kecerdikan,O
000169-003,dalam,O
000169-003,menetapkan,O
000169-003,strategi,O
000169-003,yang,O
000169-003,sangat,O
000169-003,jitu,O
000169-003,"ini,",O
000169-003,seperti,O
000169-003,apa,O
000169-003,pun,O
000169-003,keandalannya.,O
000169-003,Beliau,O
000169-003,memilih,O
000169-003,tempat,O
000169-003,yang,O
000169-003,sangat,O
000169-003,"strategis,",O
000169-003,padahal,O
000169-003,kedatangan,O
000169-003,beliau,O
000169-003,di,O
000169-003,sana,O
000169-003,didahului,O
000169-003,pasukan,O
000169-003,musuh.,O
000169-003,Punggung,O
000169-003,dan,O
000169-003,sayap,O
000169-003,kanan,O
000169-003,pasukan,O
000169-003,terlindungi,O
000169-003,oleh,O
000169-003,satu-satunya,O
000169-003,tebing,O
000169-003,yang,O
000169-003,ada,O
000169-003,di,O
000169-003,situ.,O
000169-003,Beliau,O
000169-003,memilihkan,O
000169-003,tempat,O
000169-003,yang,O
000169-003,relatif,O
000169-003,lebih,O
000169-003,tinggi,O
000169-003,dari,O
000169-003,pasukannya.,O
000169-003,Jika,O
000169-003,"terdesak,",O
000169-003,anggota,O
000169-003,pasukannya,O
000169-003,tidak,O
000169-003,mudah,O
000169-003,menyerah,O
000169-003,lalu,O
000169-003,melarikan,O
000169-003,"diri,",O
000169-003,justru,O
000169-003,membuka,O
000169-003,peluang,O
000169-003,bagi,O
000169-003,musuh,O
000169-003,untuk,O
000169-003,menghabisi,O
000169-003,dan,O
000169-003,menawan,O
000169-003,mereka.,O
000169-003,Jika,O
000169-003,mereka,O
000169-003,terus,O
000169-003,"bertahan,",O
000169-003,musuh,O
000169-003,justru,O
000169-003,terus,O
000169-003,mendesak,O
000169-003,maju.,O
000169-003,Sementara,O
000169-003,musuh,O
000169-003,tidak,O
000169-003,mempunyai,O
000169-003,pilihan,O
000169-003,lain,O
000169-003,untuk,O
000169-003,menyerang,O
000169-003,mereka,O
000169-003,dari,O
000169-003,sisi,O
000169-003,lain.,O
000169-003,"Sebaliknya,",O
000169-003,jika,O
000169-003,kemenangan,O
000169-003,berpihak,O
000169-003,kepada,O
000169-003,pasukan,O
000169-003,"Muslimin,",O
000169-003,maka,O
000169-003,musuh,O
000169-003,tidak,O
000169-003,dapat,O
000169-003,menghindar,O
000169-003,dari,O
000169-003,kejaran,O
000169-003,174,O
000169-003,Sabda,O
000169-003,beliau,O
000169-003,ini,O
000169-003,diriwayatkan,O
000169-003,"Ahmad,",O
000169-003,Ath-Thabrany,O
000169-003,dan,O
000169-003,Al-Hakim,O
000169-003,dari,O
000169-003,Ibnu,B_PERSON
000169-003,Abbas.,I_PERSON
000169-003,Lihat,O
000169-003,Fathul-,O
000169-003,"Bari,",O
000169-003,7/350.,O
000169-003,mereka.,O
000169-003,Di,O
000169-003,samping,O
000169-003,semua,O
000169-003,"itu,",O
000169-003,beliau,O
000169-003,telah,O
000169-003,menunjuk,O
000169-003,beberapa,O
000169-003,orang,O
000169-003,di,O
000169-003,front,O
000169-003,"terdepan,",O
000169-003,yang,O
000169-003,terdiri,O
000169-003,dari,O
000169-003,orang-orang,O
000169-003,yang,O
000169-003,gagah,O
000169-003,perkasa,O
000169-003,dan,O
000169-003,pemberani,O
000169-003,Begitulah,O
000169-003,Nabi,O
000169-003,mengatur,O
000169-003,pasukannya,O
000169-003,pada,O
000169-003,hari,B_TIME
000169-003,Sabtu,I_TIME
000169-003,pagi,O
000169-003,tanggal,B_TIME
000169-003,7,I_TIME
000169-003,Syawwal,I_TIME
000169-003,3,O
000169-003,H.,O
000177-001,Inilah,O
000177-001,penuturan,O
000177-001,yang,O
000177-001,disampaikan,O
000177-001,sendiri,O
000177-001,oleh,O
000177-001,pembunuh,O
000177-001,"Hamzah,",B_PERSON
000177-001,Wahsy,B_PERSON
000177-001,bin,I_PERSON
000177-001,"Harb,",I_PERSON
000177-001,"""Sebelumnya",O
000177-001,aku,O
000177-001,adalah,O
000177-001,budak,O
000177-001,Jubair,B_PERSON
000177-001,bin,I_PERSON
000177-001,Muth'im.,I_PERSON
000177-001,Paman,O
000177-001,Jubair.,O
000177-001,Thu'aimah,B_PERSON
000177-001,bin,I_PERSON
000177-001,Adi,I_PERSON
000177-001,terbunuh,O
000177-001,pada,O
000177-001,Perang,B_EVENT
000177-001,Badr.,I_EVENT
000177-001,Pada,O
000177-001,saat,O
000177-001,Quraisy,O
000177-001,pergi,O
000177-001,ke,O
000177-001,"Uhud,",B_LOCATION
000177-001,Jubair,O
000177-001,berkata,O
000177-001,"kepadaku,",O
000177-001,"""",O
000177-001,Jika,O
000177-001,kamu,O
000177-001,dapat,O
000177-001,membunuh,O
000177-001,"Hamzah,",B_PERSON
000177-001,paman,O
000177-001,"Muhammad,",B_PERSON
000177-001,sebagai,O
000177-001,pembalasan,O
000177-001,atas,O
000177-001,terbunuhnya,O
000177-001,"pamanku,",O
000177-001,maka,O
000177-001,engkau,O
000177-001,jadi,O
000177-001,merdeka'.,O
000177-001,Maka,O
000177-001,aku,O
000177-001,pun,O
000177-001,ikut,O
000177-001,bergabung,O
000177-001,bersama,O
000177-001,pasukan.,O
000177-001,Aku,O
000177-001,adalah,O
000177-001,seorang,O
000177-001,penduduk,O
000177-001,Habasyah.,B_LOCATION
000177-001,Seperti,O
000177-001,lazimnya,O
000177-001,orang-orang,O
000177-001,"Habasyah,",B_LOCATION
000177-001,aku,O
000177-001,juga,O
000177-001,mahir,O
000177-001,dalam,O
000177-001,melontarkan,O
000177-001,tombak,O
000177-001,kecil.,O
000177-001,Jarang,O
000177-001,sekali,O
000177-001,aku,O
000177-001,meleset,O
000177-001,dari,O
000177-001,sasaran.,O
000177-001,Saat,O
000177-001,mereka,O
000177-001,"bertempur,",O
000177-001,aku,O
000177-001,segera,O
000177-001,beranjak,O
000177-001,mencari-cari,O
000177-001,Hamzah.,B_PERSON
000177-001,Akhirnya,O
000177-001,aku,O
000177-001,dapat,O
000177-001,melihat,O
000177-001,kelebatnya,O
000177-001,di,O
000177-001,tengah,O
000177-001,manusia,O
000177-001,layaknya,O
000177-001,onta,O
000177-001,abu-abu,B_PERSON
000177-001,yang,O
000177-001,lincah.,O
000177-001,Tak,O
000177-001,seorang,O
000177-001,pun,O
000177-001,mampu,O
000177-001,menghadapi,O
000177-001,terjangannya.,O
000177-001,Demi,O
000177-001,"Allah,",O
000177-001,aku,O
000177-001,pun,O
000177-001,bersiap-siap,O
000177-001,menjadikan,O
000177-001,sebagai,O
000177-001,sasaran.,O
000177-001,Aku,O
000177-001,berlindung,O
000177-001,di,O
000177-001,balik,O
000177-001,batu,O
000177-001,atau,O
000177-001,pohon,O
000177-001,untuk,O
000177-001,dapat,O
000177-001,mendekatinya.,O
000177-001,Tetapi,O
000177-001,tiba-tiba,O
000177-001,Siba',B_PERSON
000177-001,bin,I_PERSON
000177-001,Abdul,I_PERSON
000177-001,Uzza,I_PERSON
000177-001,mencul,O
000177-001,mendahuluiku,O
000177-001,dengan,O
000177-001,mendatangi,O
000177-001,Hamzah,B_PERSON
000177-001,"""Kemarilah",O
000177-001,wahai,O
000177-001,anak,O
000177-001,wanita,O
000177-001,tukang,O
000177-001,"supit!""",O
000177-001,kata,O
000177-001,Siba',O
000177-001,kepada,O
000177-001,"Hamzah,",B_PERSON
000177-001,karena,O
000177-001,memang,O
000177-001,ibunya,O
000177-001,adalah,O
000177-001,tukang,O
000177-001,supit.,O
000177-001,Seketika,O
000177-001,Hamzah,B_PERSON
000177-001,menyabetkan,O
000177-001,"pedangnya,",O
000177-001,tepat,O
000177-001,mengenai,O
000177-001,kepala,O
000177-001,Siba',O
000177-001,.,O
000177-001,Tombak,O
000177-001,kecil,O
000177-001,sudah,O
000177-001,kuayun-ayunkan,O
000177-001,di,O
000177-001,tangan.,O
000177-001,Saat,O
000177-001,kurasa,O
000177-001,sudah,O
000177-001,me-,O
000177-001,"mungkinkan,",O
000177-001,tombak,O
000177-001,kulontarkan,O
000177-001,tepat,O
000177-001,mengenai,O
000177-001,perutnya,O
000177-001,bagian,O
000177-001,"bawah,",O
000177-001,hingga,O
000177-001,tembus,O
000177-001,ke,O
000177-001,selangkangannya.,O
000177-001,Dia,O
000177-001,berjalan,O
000177-001,ke,O
000177-001,arahku,O
000177-001,dengan,O
000177-001,badan,O
000177-001,limbung,O
000177-001,lalu,O
000177-001,terjerembab,O
000177-001,ke,O
000177-001,tanah.,O
000177-001,Aku,O
000177-001,menungguinya,O
000177-001,beberapa,O
000177-001,saat,O
000177-001,hingga,O
000177-001,dia,O
000177-001,benar-benar,O
000177-001,meninggal.,O
000181-002,Ibnu,B_PERSON
000181-002,Ishaq,I_PERSON
000181-002,"berkata,",O
000181-002,"""Kemudian",O
000181-002,Allah,O
000181-002,menurunkan,O
000181-002,pertolongan-Nya,O
000181-002,kepada,O
000181-002,orang-orang,O
000181-002,Muslim,O
000181-002,dan,O
000181-002,memenuhi,O
000181-002,"janji-Nya,",O
000181-002,sehingga,O
000181-002,mereka,O
000181-002,bisa,O
000181-002,menceraiberaikan,O
000181-002,musuh.,O
000181-002,Hampir,O
000181-002,pasti,O
000181-002,kemenangan,O
000181-002,ada,O
000181-002,di,O
000181-002,tangan,O
000181-002,"mereka.""",O
000181-002,Abdullah,B_PERSON
000181-002,bin,I_PERSON
000181-002,Az-Zubair,I_PERSON
000181-002,meriwayatkan,O
000181-002,dari,O
000181-002,"ayahnya,",O
000181-002,dia,O
000181-002,"berkata,",O
000181-002,"""Demi",O
000181-002,"Allah,",O
000181-002,sampai-sampai,O
000181-002,aku,O
000181-002,bisa,O
000181-002,melihat,O
000181-002,betis,O
000181-002,Hindun,B_PERSON
000181-002,binti,I_PERSON
000181-002,Utbah,I_PERSON
000181-002,yang,O
000181-002,tersingkap,O
000181-002,karena,O
000181-002,harus,O
000181-002,melarikan,O
000181-002,diri,O
000181-002,bersama,O
000181-002,"rekan-rekannya.""",O
000181-002,Dalam,O
000181-002,hadits,O
000181-002,Al-Barra',B_PERSON
000181-002,bin,I_PERSON
000181-002,Azib,I_PERSON
000181-002,di,O
000181-002,dalam,O
000181-002,Ash-Shahih,O
000181-002,"disebutkan,",O
000181-002,"""Saat",O
000181-002,kami,O
000181-002,"menyerang,",O
000181-002,mereka,O
000181-002,melarikan,O
000181-002,"diri,",O
000181-002,hingga,O
000181-002,dapat,O
000181-002,kulihat,O
000181-002,bagaimana,O
000181-002,para,O
000181-002,wanita,O
000181-002,Quraisy,O
000181-002,tertatih-tatih,O
000181-002,di,O
000181-002,bukit,O
000181-002,sambil,O
000181-002,menyingsingkan,O
000181-002,"kebaya,",O
000181-002,hingga,O
000181-002,terlihat,O
000181-002,betis,O
000181-002,dan,O
000181-002,gelang,O
000181-002,kaki,O
000181-002,"mereka.""",O
000181-002,Orang-orang,O
000181-002,Muslim,O
000181-002,mengejar,O
000181-002,orang-orang,O
000181-002,musyrik,O
000181-002,agar,O
000181-002,mereka,O
000181-002,meletakkan,O
000181-002,senjata,O
000181-002,dan,O
000181-002,dapat,O
000181-002,merampas,O
000181-002,harta.,O
000182-001,Pada,O
000182-001,saat,O
000182-001,pasukan,O
000182-001,Islam,O
000182-001,yang,O
000182-001,kecil,O
000182-001,tinggal,O
000182-001,meraih,O
000182-001,kemenangan,O
000182-001,sebentar,O
000182-001,lagi,O
000182-001,atas,O
000182-001,pasukan,O
000182-001,"Quraisy,",O
000182-001,yang,O
000182-001,nilai,O
000182-001,kemenangannya,O
000182-001,tidak,O
000182-001,kalah,O
000182-001,sedikit,O
000182-001,dari,O
000182-001,kemenangan,O
000182-001,yang,O
000182-001,diraih,O
000182-001,di,O
000182-001,Perang,B_EVENT
000182-001,"Badr,",I_EVENT
000182-001,terjadi,O
000182-001,kesalahan,O
000182-001,fatal,O
000182-001,yang,O
000182-001,dilakukan,O
000182-001,para,O
000182-001,"pemanah,",O
000182-001,sehingga,O
000182-001,bisa,O
000182-001,membalik,O
000182-001,keadaan,O
000182-001,secara,O
000182-001,total,O
000182-001,dan,O
000182-001,akhirnya,O
000182-001,menimbulkan,O
000182-001,kerugian,O
000182-001,yang,O
000182-001,amat,O
000182-001,banyak,O
000182-001,bagi,O
000182-001,pasukan,O
000182-001,"Muslimin,",O
000182-001,bahkan,O
000182-001,hampir,O
000182-001,saja,O
000182-001,menyebabkan,O
000182-001,kematian,O
000182-001,bagi,O
000182-001,Nabi,O
000182-001,.,O
000182-001,Kejadian,O
000182-001,ini,O
000182-001,membiaskan,O
000182-001,pengaruh,O
000182-001,yang,O
000182-001,kurang,O
000182-001,menguntungkan,O
000182-001,bagi,O
000182-001,ketenaran,O
000182-001,dan,O
000182-001,kehebatan,O
000182-001,mereka,O
000182-001,setelah,O
000182-001,meraih,O
000182-001,kemenangan,O
000182-001,di,O
000182-001,Badr.,B_LOCATION
000182-001,Telah,O
000182-001,kami,O
000182-001,utarakan,O
000182-001,teks,O
000182-001,perintah,O
000182-001,Nabi,O
000182-001,yang,O
000182-001,sangat,O
000182-001,keras,O
000182-001,terhadap,O
000182-001,para,O
000182-001,pemanah,O
000182-001,"itu,",O
000182-001,agar,O
000182-001,mereka,O
000182-001,tetap,O
000182-001,berada,O
000182-001,di,O
000182-001,atas,O
000182-001,"bukit,",O
000182-001,dalam,O
000182-001,keadaan,O
000182-001,kalah,O
000182-001,maupun,O
000182-001,menang.,O
000182-001,Sekalipun,O
000182-001,sudah,O
000182-001,ada,O
000182-001,perintah,O
000182-001,yang,O
000182-001,sangat,O
000182-001,tegas,O
000182-001,"ini,",O
000182-001,tatkala,O
000182-001,pasukan,O
000182-001,pemanah,O
000182-001,melihat,O
000182-001,orang-orang,O
000182-001,Muslim,O
000182-001,sudah,O
000182-001,mengumpulkan,O
000182-001,harta,O
000182-001,rampasan,O
000182-001,dari,O
000182-001,pihak,O
000182-001,"musuh,",O
000182-001,mereka,O
000182-001,pun,O
000182-001,dikuasai,O
000182-001,egoisme,O
000182-001,kecintaan,O
000182-001,terhadap,O
000182-001,duniawi.,O
000182-001,Mereka,O
000182-001,saling,O
000182-001,"berkata,",O
000182-001,"""Harta",O
000182-001,"rampasan,",O
000182-001,harta,O
000182-001,rampasan!,O
000182-001,Rekan-rekan,O
000182-001,kalian,O
000182-001,sudah,O
000182-001,menang.,O
000182-001,Apa,O
000182-001,lagi,O
000182-001,yang,O
000182-001,kalian,O
000182-001,"tunggu?""",O
000182-001,Komandan,O
000182-001,"mereka,",O
000182-001,Abdullah,B_PERSON
000182-001,bin,I_PERSON
000182-001,Jubair,I_PERSON
000182-001,mengingatkan,O
000182-001,perintah,O
000182-001,Rasulullah,B_PERSON
000182-001,kepada,O
000182-001,"mereka,",O
000182-001,dengan,O
000182-001,"berkata,",O
000182-001,"""Apakah",O
000182-001,kalian,O
000182-001,sudah,O
000182-001,lupa,O
000182-001,apa,O
000182-001,yang,O
000182-001,dikatakan,O
000182-001,Rasulullah,B_PERSON
000182-001,kepada,O
000182-001,"kalian?""",O
000182-001,Tetapi,O
000182-001,mayoritas,O
000182-001,di,O
000182-001,antara,O
000182-001,mereka,O
000182-001,tidak,O
000182-001,mempedulikan,O
000182-001,peringatan,O
000182-001,ini.,O
000185-001,Saat,O
000185-001,pasukan,O
000185-001,Muslimin,O
000185-001,"terjepit,",O
000185-001,banyak,O
000185-001,di,O
000185-001,antara,O
000185-001,mereka,O
000185-001,yang,O
000185-001,hilang,O
000185-001,kendalinya.,O
000185-001,Tidak,O
000185-001,ada,O
000185-001,yang,O
000185-001,dipikirkan,O
000185-001,kecuali,O
000185-001,keselamatan,O
000185-001,diri,O
000185-001,sendiri.,O
000185-001,Mereka,O
000185-001,lari,O
000185-001,dan,O
000185-001,meninggalkan,O
000185-001,kancah,O
000185-001,pertempuran.,O
000185-001,Mereka,O
000185-001,tidak,O
000185-001,tahu,O
000185-001,apa,O
000185-001,yang,O
000185-001,terjadi,O
000185-001,di,O
000185-001,belakang,O
000185-001,mereka,O
000185-001,setelah,O
000185-001,itu.,O
000185-001,Bahkan,O
000185-001,di,O
000185-001,antara,O
000185-001,mereka,O
000185-001,ada,O
000185-001,yang,O
000185-001,kembali,O
000185-001,ke,O
000185-001,Madinah.,B_LOCATION
000185-001,Sebagian,O
000185-001,yang,O
000185-001,lain,O
000185-001,ada,O
000185-001,yang,O
000185-001,melarikan,O
000185-001,diri,O
000185-001,ke,O
000185-001,atas,O
000185-001,gunung,O
000185-001,dan,O
000185-001,sebagian,O
000185-001,lain,O
000185-001,ada,O
000185-001,yang,O
000185-001,berbaur,O
000185-001,dengan,O
000185-001,orang-orang,O
000185-001,musyrik.,O
000185-001,Dua,O
000185-001,pasukan,O
000185-001,saling,O
000185-001,bercampur,O
000185-001,baur,O
000185-001,dan,O
000185-001,sulit,O
000185-001,"dibeda-bedakan,",O
000185-001,sehingga,O
000185-001,tak,O
000185-001,jarang,O
000185-001,orang,O
000185-001,Muslim,O
000185-001,ada,O
000185-001,yang,O
000185-001,menyerang,O
000185-001,orang,O
000185-001,Muslim,O
000185-001,lainnya.,O
000185-001,Al-Bukhari,O
000185-001,meriwayatkan,O
000185-001,dari,O
000185-001,"Aisyah,",B_PERSON
000185-001,dia,O
000185-001,"berkata,",O
000185-001,"""Pada",O
000185-001,saat,O
000185-001,Perang,B_EVENT
000185-001,"Uhud,",I_EVENT
000185-001,orang-orang,O
000185-001,musyrik,O
000185-001,sudah,O
000185-001,kalah,O
000185-001,telak.,O
000185-001,Lalu,O
000185-001,ada,O
000185-001,iblis,O
000185-001,yang,O
000185-001,berseru.,O
000185-001,'Hai,O
000185-001,hamba-hamba,O
000185-001,"Allah,",O
000185-001,waspadailah,O
000185-001,orang-orang,O
000185-001,di,O
000185-001,belakang,O
000185-001,kalian!,O
000185-001,Keadaan,O
000185-001,menjadi,O
000185-001,berbalik,O
000185-001,dan,O
000185-001,mereka,O
000185-001,menjadi,O
000185-001,campur,O
000185-001,aduk.,O
000185-001,Hudzifah,O
000185-001,segera,O
000185-001,menyadari,O
000185-001,hal,O
000185-001,ini.,O
000185-001,Dia,O
000185-001,yang,O
000185-001,bersama,O
000185-001,"ayahnya,",O
000185-001,"Al-Yaman,",O
000185-001,berteriak-teriak,O
000185-001,"""Hai",O
000185-001,hamba-hamba,O
000185-001,"Allah,",O
000185-001,dia,O
000185-001,adalah,O
000185-001,"ayahku!""",O
000185-001,Dia,O
000185-001,khawatir,O
000185-001,ayahnya,O
000185-001,menjadi,O
000185-001,korban,O
000185-001,salah,O
000185-001,sasaran.,O
000185-001,Namun,O
000185-001,tak,O
000185-001,ada,O
000185-001,orang,O
000185-001,yang,O
000185-001,menghalangi,O
000185-001,"mereka,",O
000185-001,tatkala,O
000185-001,mereka,O
000185-001,membunuh,O
000185-001,ayahnya.,O
000185-001,Akhinya,O
000185-001,Hudzaifah,O
000185-001,hanya,O
000185-001,bisa,O
000185-001,"berkata,",O
000185-001,"""Semoga",O
000185-001,Allah,O
000185-001,mengampuni,O
000185-001,"kalian.""",O
000185-001,Ini,O
000185-001,terjadi,O
000185-001,saat,O
000185-001,barisan,O
000185-001,menjadi,O
000185-001,kacau,O
000185-001,"balau,",O
000185-001,centang,O
000185-001,perenang,O
000185-001,dan,O
000185-001,keadaan,O
000185-001,menjadi,O
000185-001,hingar,O
000185-001,bingar.,O
000185-001,Mereka,O
000185-001,tidak,O
000185-001,tahu,O
000185-001,harus,O
000185-001,menghadang,O
000185-001,ke,O
000185-001,mana.,O
000187-006,"""Jika",O
000187-006,Abu,B_PERSON
000187-006,Bakar,I_PERSON
000187-006,mengingat,O
000187-006,Perang,B_EVENT
000187-006,"Uhud,",I_EVENT
000187-006,maka,O
000187-006,dia,O
000187-006,"berkata,",O
000187-006,'Hari,O
000187-006,itu,O
000187-006,semuanya,O
000187-006,milik,O
000187-006,"Thalhah'.""",O
000187-006,Dia,O
000187-006,juga,O
000187-006,"berkata,",O
000187-006,"""Wahai",O
000187-006,Thalhah,B_PERSON
000187-006,bin,I_PERSON
000187-006,"Ubaidillah,",I_PERSON
000187-006,sudah,O
000187-006,selayaknya,O
000187-006,jika,O
000187-006,engkau,O
000187-006,mendapat,O
000187-006,surga,O
000187-006,dan,O
000187-006,duduk,O
000187-006,di,O
000187-006,atas,O
000187-006,kristal-kristal,O
000187-006,mutiara,O
000187-006,yang,O
000187-006,"indah.""",O
000187-006,Pada,O
000187-006,saat,O
000187-006,yang,O
000187-006,kritis,O
000187-006,itu,O
000187-006,Allah,O
000187-006,menurunkan,O
000187-006,pertolongan,O
000187-006,secara,O
000187-006,gaib.,O
000187-006,Di,O
000187-006,dalam,O
000187-006,Ash-Shahihain,O
000187-006,dari,O
000187-006,Sa',O
000187-006,"d,",O
000187-006,dia,O
000187-006,"berkata,",O
000187-006,"""Kulihat",O
000187-006,Rasulullah,B_PERSON
000187-006,pada,O
000187-006,Perang,B_EVENT
000187-006,Uhud,I_EVENT
000187-006,bersama,O
000187-006,dua,O
000187-006,orang,O
000187-006,yang,O
000187-006,bertempur,O
000187-006,dengan,O
000187-006,"gigih,",O
000187-006,mengenakan,O
000187-006,pakaian,O
000187-006,berwarna,O
000187-006,putih.,O
000187-006,Dua,O
000187-006,orang,O
000187-006,itu,O
000187-006,tidak,O
000187-006,pernah,O
000187-006,kulihat,O
000187-006,sebelum,O
000187-006,maupun,O
000187-006,sesudah,O
000187-006,"itu.""",O
000187-006,Dalam,O
000187-006,suatu,O
000187-006,riwayat,O
000187-006,"disebutkan,",O
000187-006,bahwa,O
000187-006,dua,O
000187-006,orang,O
000187-006,itu,O
000187-006,adalah,O
000187-006,Malaikat,O
000187-006,Jibril,B_PERSON
000187-006,dan,O
000187-006,Mika'il.,B_PERSON
000199-003,Kalau,O
000199-003,tidak,O
000199-003,karena,O
000199-003,"itu,",O
000199-003,aku,O
000199-003,tak,O
000199-003,kan,O
000199-003,sudi,O
000199-003,"berperang.""",O
000199-003,Karena,O
000199-003,merasa,O
000199-003,tidak,O
000199-003,tahan,O
000199-003,lagi,O
000199-003,dengan,O
000199-003,sakit,O
000199-003,yang,O
000199-003,"dideritanya,",O
000199-003,maka,O
000199-003,dia,O
000199-003,pun,O
000199-003,bunuh,O
000199-003,diri.,O
000199-003,Setelah,O
000199-003,mendengar,O
000199-003,"kabarnya,",O
000199-003,Rasulullah,B_PERSON
000199-003,"bersabda,",O
000199-003,"""Jika",O
000199-003,dia,O
000199-003,berkata,O
000199-003,seperti,O
000199-003,"itu,",O
000199-003,maka,O
000199-003,dia,O
000199-003,termasuk,O
000199-003,penghuni,O
000199-003,"neraka.""",O
000199-003,Begitulah,O
000199-003,akhir,O
000199-003,perjalanan,O
000199-003,orang-orang,O
000199-003,yang,O
000199-003,berperang,O
000199-003,karena,O
000199-003,membela,O
000199-003,kesukuannya,O
000199-003,atau,O
000199-003,karena,O
000199-003,berjuang,O
000199-003,untuk,O
000199-003,meninggikan,O
000199-003,kalimat,O
000199-003,"Allah,",O
000199-003,sekalipun,O
000199-003,mereka,O
000199-003,berperang,O
000199-003,di,O
000199-003,bawah,O
000199-003,bendera,O
000199-003,Islam,O
000199-003,dan,O
000199-003,bergabung,O
000199-003,bersama,O
000199-003,pasukan,O
000199-003,Rasulullah,B_PERSON
000199-003,dan,O
000199-003,para,O
000199-003,sahabat.,O
000199-003,"Sebaliknya,",O
000199-003,di,O
000199-003,antara,O
000199-003,orang-orang,O
000199-003,yang,O
000199-003,terbunuh,O
000199-003,terdapat,O
000199-003,seorang,O
000199-003,Yahudi,O
000199-003,dari,O
000199-003,Bani,O
000199-003,Tsa'labah.,O
000199-003,Namanya,O
000199-003,Mukhairiq.,O
000199-003,Saat,O
000199-003,Perang,B_EVENT
000199-003,Uhud,I_EVENT
000199-003,itu,O
000199-003,dia,O
000199-003,berkata,O
000199-003,kepada,O
000199-003,"kaumnya,",O
000199-003,"""Wahai",O
000199-003,semua,O
000199-003,orang,O
000199-003,"Yahudi,",O
000199-003,demi,O
000199-003,"Allah,",O
000199-003,kalian,O
000199-003,sudah,O
000199-003,tahu,O
000199-003,bahwa,O
000199-003,membantu,O
000199-003,Muhammad,B_PERSON
000199-003,saat,O
000199-003,ini,O
000199-003,merupakan,O
000199-003,kewajiban,O
000199-003,bagi,O
000199-003,"kalian.""",O
000199-003,Mereka,O
000199-003,"berkata,",O
000199-003,"""Hari",O
000199-003,ini,O
000199-003,adalah,O
000199-003,hari,B_TIME
000199-003,"Sabtu.""",I_TIME
000199-003,Hari,B_TIME
000199-003,Sabtu,I_TIME
000199-003,adalah,O
000199-003,hari,O
000199-003,besar,O
000199-003,dan,O
000199-003,suci,O
000199-003,bagi,O
000199-003,orang-orang,O
000199-003,Yahudi.,O
000199-003,Pada,O
000199-003,hari,O
000199-003,ini,O
000199-003,mereka,O
000199-003,tidak,O
000199-003,diperkenankan,O
000199-003,berperang.,O
000199-003,"""Tidak",O
000199-003,ada,O
000199-003,hari,B_TIME
000199-003,Sabtu,O
000199-003,bagi,O
000199-003,"kalian,""",O
000199-003,jawabnya.,O
000199-003,Lalu,O
000199-003,mengambil,O
000199-003,pedang,O
000199-003,dan,O
000199-003,segala,O
000199-003,"perlengkapan,",O
000199-003,seraya,O
000199-003,"berkata,",O
000199-003,"""Kalau",O
000199-003,pun,O
000199-003,aku,O
000199-003,mendapat,O
000199-003,celaka.,O
000199-003,aku,O
000199-003,tak,O
000199-003,peduli,O
000199-003,dengan,O
000199-003,diri,O
000199-003,Muhammad.,B_PERSON
000199-003,Biarlah,O
000199-003,dia,O
000199-003,berbuat,O
000199-003,semaunya,O
000199-003,dalam,O
000199-003,peperangan,O
000199-003,"ini.""",O
000199-003,Kemudian,O
000199-003,dia,O
000199-003,pergi,O
000199-003,ke,O
000199-003,medan,O
000199-003,perang,O
000199-003,dan,O
000199-003,bertempur,O
000199-003,hingga,O
000199-003,terbunuh.,O
000199-003,Rasulullah,B_PERSON
000199-003,bersabda,O
000199-003,tentang,O
000199-003,"dirinya,",O
000199-003,"""Mukhairiq",O
000199-003,adalah,O
000199-003,sebaik-baik,O
000199-003,orang,O
000199-003,"Yahudi.""",O
000201-001,Al-Imam,O
000201-001,Ahmad,O
000201-001,meriway,O
000201-001,atkan,O
000201-001,tentang,O
000201-001,kejadian,O
000201-001,pada,O
000201-001,Perang,B_EVENT
000201-001,"Uhud,",I_EVENT
000201-001,setelah,O
000201-001,orang-orang,O
000201-001,musyrik,O
000201-001,kembali.,O
000201-001,Rasulullah,B_PERSON
000201-001,"bersabda,",O
000201-001,Berbarislah,O
000201-001,yang,O
000201-001,lurus,O
000201-001,Aku,O
000201-001,akan,O
000201-001,memuji,O
000201-001,Allah,O
000201-001,dan,O
000201-001,berdoa,O
000201-001,"kepada-Nya.""",O
000201-001,Maka,O
000201-001,mereka,O
000201-001,pun,O
000201-001,berjajar,O
000201-001,membuat,O
000201-001,beberapa,O
000201-001,shaff,O
000201-001,ke,O
000201-001,belakang,O
000201-001,"beliau,",O
000201-001,lalu,O
000201-001,beliau,O
000201-001,membaca,O
000201-001,Yg,O
000201-001,yg,O
000201-001,yg,O
000201-001,yg,O
000201-001,yg,O
000201-001,yg,O
000201-001,1/140.,O
000201-001,193,O
000201-001,Shahih,O
000201-001,"Al-Bukhari,",O
000201-001,"2/579,",O
000201-001,Yg,O
000201-001,"""Ya",O
000201-001,"Allah,",O
000201-001,segala,O
000201-001,puji,O
000201-001,"bagi-Mu,",O
000201-001,Ya,O
000201-001,"Allah,",O
000201-001,tidak,O
000201-001,ada,O
000201-001,yang,O
000201-001,bisa,O
000201-001,memungut,O
000201-001,apa,O
000201-001,yang,O
000201-001,Engkau,O
000201-001,"hamparkan,",O
000201-001,tidak,O
000201-001,ada,O
000201-001,yang,O
000201-001,bisa,O
000201-001,menghamparkan,O
000201-001,apa,O
000201-001,yang,O
000201-001,Engkau,O
000201-001,pungut.,O
000201-001,Tidak,O
000201-001,ada,O
000201-001,yang,O
000201-001,bisa,O
000201-001,memberi,O
000201-001,petunjuk,O
000201-001,kepada,O
000201-001,orang,O
000201-001,yang,O
000201-001,Engkau,O
000201-001,sesatkan,O
000201-001,dan,O
000201-001,tidak,O
000201-001,ada,O
000201-001,yang,O
000201-001,bisa,O
000201-001,memberi,O
000201-001,kesesatan,O
000201-001,kepada,O
000201-001,orang,O
000201-001,yang,O
000201-001,Engkau,O
000201-001,beri,O
000201-001,petunjuk.,O
000201-001,Tidak,O
000201-001,ada,O
000201-001,yang,O
000201-001,bisa,O
000201-001,memberi,O
000201-001,apa,O
000201-001,yang,O
000201-001,Engkau,O
000201-001,tahan,O
000201-001,dan,O
000201-001,tidak,O
000201-001,ada,O
000201-001,yang,O
000201-001,bisa,O
000201-001,menahan,O
000201-001,apa,O
000201-001,yang,O
000201-001,Engkau,O
000201-001,berikan.,O
000201-001,Tidak,O
000201-001,ada,O
000201-001,yang,O
000201-001,bisa,O
000201-001,mendekatkan,O
000201-001,apa,O
000201-001,yang,O
000201-001,Engkau,O
000201-001,jauhkan,O
000201-001,dan,O
000201-001,tidak,O
000201-001,ada,O
000201-001,yang,O
000201-001,bisa,O
000201-001,menjauhkan,O
000201-001,apa,O
000201-001,yang,O
000201-001,Engkau,O
000201-001,dekatkan.,O
000201-001,Ya,O
000201-001,"Allah,",O
000201-001,hamparkanlah,O
000201-001,kepada,O
000201-001,kami,O
000201-001,dari,O
000201-001,"barakah-Mu,",O
000201-001,"rahmat-Mu,",O
000201-001,"karunia-Mu,",O
000201-001,dan,O
000201-001,rezeki-Mu.,O
000201-001,Ya,O
000201-001,"Allah,",O
000201-001,sesungguhnya,O
000201-001,aku,O
000201-001,memohon,O
000201-001,kenikmatan,O
000201-001,yang,O
000201-001,kekal,O
000201-001,"kepada-Mu,",O
000201-001,yang,O
000201-001,tidak,O
000201-001,berubah,O
000201-001,dan,O
000201-001,habis.,O
000201-001,Ya,O
000201-001,"Allah,",O
000201-001,sesungguhnya,O
000201-001,aku,O
000201-001,memohon,O
000201-001,pertolongan,O
000201-001,kepada-Mu,O
000201-001,saat,O
000201-001,lemah,O
000201-001,dan,O
000201-001,keamanan,O
000201-001,pada,O
000201-001,saat,O
000201-001,ketakutan.,O
000201-001,Ya,O
000201-001,"Allah,",O
000201-001,sesungguhnya,O
000201-001,aku,O
000201-001,berlindung,O
000201-001,kepada-Mu,O
000201-001,dari,O
000201-001,kejahatan,O
000201-001,yang,O
000201-001,Engkau,O
000201-001,berikan,O
000201-001,kepada,O
000201-001,kami,O
000201-001,dan,O
000201-001,kejahatan,O
000201-001,yang,O
000201-001,Engkau,O
000201-001,tahan,O
000201-001,dari,O
000201-001,kami.,O
000201-001,Ya,O
000201-001,"Allah,",O
000201-001,buatlah,O
000201-001,kami,O
000201-001,mencintai,O
000201-001,iman,O
000201-001,dan,O
000201-001,buatlah,O
000201-001,iman,O
000201-001,itu,O
000201-001,bagus,O
000201-001,di,O
000201-001,dalam,O
000201-001,hati,O
000201-001,kami.,O
000201-001,Buatlah,O
000201-001,kami,O
000201-001,membenci,O
000201-001,"kekufuran,",O
000201-001,"kefasikan,",O
000201-001,dan,O
000201-001,kedurhakaan.,O
000206-007,Keduanya,O
000206-007,dapat,O
000206-007,menyusul,O
000206-007,Mu,O
000206-007,awiyah,O
000206-007,lalu,O
000206-007,membunuhnya.,O
000206-007,199,O
000206-007,Yang,O
000206-007,"pasti,",O
000206-007,Perang,B_EVENT
000206-007,Hamra'ul,I_EVENT
000206-007,Asad,I_EVENT
000206-007,ini,O
000206-007,bukan,O
000206-007,merupakan,O
000206-007,peperangan,O
000206-007,yang,O
000206-007,berdiri,O
000206-007,"sendiri,",O
000206-007,tetapi,O
000206-007,merupakan,O
000206-007,bagian,O
000206-007,dari,O
000206-007,Perang,B_EVENT
000206-007,Uhud,I_EVENT
000206-007,dan,O
000206-007,kelanjutannya.,O
000206-007,Itulah,O
000206-007,Perang,B_EVENT
000206-007,Uhud,I_EVENT
000206-007,dengan,O
000206-007,seluruh,O
000206-007,tahapan,O
000206-007,dan,O
000206-007,rinciannya.,O
000206-007,Para,O
000206-007,pengkaji,O
000206-007,telah,O
000206-007,menguraikan,O
000206-007,peristiwa,O
000206-007,ini,O
000206-007,panjang,O
000206-007,lebar.,O
000206-007,Lalu,O
000206-007,pihak,O
000206-007,manakah,O
000206-007,yang,O
000206-007,bisa,O
000206-007,dikatakan,O
000206-007,kalah,O
000206-007,atau,O
000206-007,menang?,O
000206-007,Yang,O
000206-007,"pasti,",O
000206-007,pada,O
000206-007,putaran,O
000206-007,kedua,O
000206-007,pasukan,O
000206-007,Quraisy,O
000206-007,lebih,O
000206-007,unggul,O
000206-007,dan,O
000206-007,mereka,O
000206-007,bisa,O
000206-007,menguasai,O
000206-007,keadaan.,O
000206-007,Sementara,O
000206-007,jumlah,O
000206-007,korban,O
000206-007,di,O
000206-007,pasukan,O
000206-007,Islam,O
000206-007,juga,O
000206-007,lebih,O
000206-007,banyak,O
000206-007,serta,O
000206-007,lebih,O
000206-007,parah.,O
000206-007,Bahkan,O
000206-007,ada,O
000206-007,satu,O
000206-007,kelompok,O
000206-007,pasukan,O
000206-007,Muslimin,O
000206-007,yang,O
000206-007,kalah,O
000206-007,total.,O
000206-007,Tetapi,O
000206-007,semua,O
000206-007,ini,O
000206-007,belum,O
000206-007,cukup,O
000206-007,bagi,O
000206-007,kita,O
000206-007,199,O
000206-007,Pembahasan,O
000206-007,tentang,O
000206-007,Perang,B_EVENT
000206-007,Uhud,I_EVENT
000206-007,dan,O
000206-007,Hamra'ul,O
000206-007,Asad,O
000206-007,ini,O
000206-007,kami,O
000206-007,kutip,O
000206-007,dari,O
000206-007,Sirah,O
000206-007,An-Nabawiyah.,O
000206-007,Ibnu,B_PERSON
000206-007,"Hisyam,",I_PERSON
000206-007,2/60-129;,O
000206-007,"Zadul-Ma'ad,",O
000206-007,2/91-108;,O
000206-007,"Fathul-Bari,",O
000206-007,7/345-377;,O
000206-007,Mukhtashar,O
000206-007,Siratir-,O
000206-007,"Rasul,",O
000206-007,Syaikh,O
000206-007,Abdullah,O
000206-007,"An-Najdi,",O
000206-007,hal.,O
000206-007,242-257.,O
000206-007,Kami,O
000206-007,juga,O
000206-007,menulisnya,O
000206-007,dari,O
000206-007,rujukan-rujukan,O
000206-007,yang,O
000206-007,lain.,O
000206-007,untuk,O
000206-007,beranggapan,O
000206-007,bahwa,O
000206-007,ini,O
000206-007,sudah,O
000206-007,mencerminkan,O
000206-007,kemenangan,O
000206-007,bagi,O
000206-007,pasukan,O
000206-007,Quraisy.,O
000206-007,Yang,O
000206-007,tidak,O
000206-007,dapat,O
000206-007,"diragukan,",O
000206-007,pasukan,O
000206-007,Quraisy,O
000206-007,tidak,O
000206-007,mampu,O
000206-007,melibas,O
000206-007,pasukan,O
000206-007,Muslimin.,O
000206-007,Sekalipun,O
000206-007,pasukan,O
000206-007,Muslimin,O
000206-007,sempat,O
000206-007,kacau,O
000206-007,"balau,",O
000206-007,tetapi,O
000206-007,hampir,O
000206-007,mereka,O
000206-007,semua,O
000206-007,tidak,O
000206-007,melarikan,O
000206-007,diri.,O
000206-007,Mereka,O
000206-007,terus,O
000206-007,bertempur,O
000206-007,dengan,O
000206-007,gagah,O
000206-007,berani,O
000206-007,hingga,O
000206-007,dapat,O
000206-007,berhimpun,O
000206-007,kembali,O
000206-007,dengan,O
000206-007,komandan,O
000206-007,pasukan.,O
000206-007,Mereka,O
000206-007,sama,O
000206-007,sekali,O
000206-007,tidak,O
000206-007,jatuh,O
000206-007,ke,O
000206-007,tangan,O
000206-007,pasukan,O
000206-007,Quraisy,O
000206-007,dan,O
000206-007,tak,O
000206-007,seorang,O
000206-007,pun,O
000206-007,di,O
000206-007,antara,O
000206-007,mereka,O
000206-007,yang,O
000206-007,tertawan.,O
000206-007,Di,O
000206-007,samping,O
000206-007,"itu,",O
000206-007,pasukan,O
000206-007,Quraisy,O
000206-007,tak,O
000206-007,mendapatkan,O
000206-007,barang,O
000206-007,rampasan,O
000206-007,walau,O
000206-007,sedikit,O
000206-007,pun.,O
000207-002,"""",O
000207-002,(Ali-Imran:,B_PERSON
000207-002,121),O
000207-002,Kesudahan,O
000207-002,ayat-ayat,O
000207-002,ini,O
000207-002,merupakan,O
000207-002,catatan,O
000207-002,menyeluruh,O
000207-002,dari,O
000207-002,hasil,O
000207-002,peperangan,O
000207-002,dan,O
000207-002,hikmahnya.,O
000207-002,Allah,O
000207-002,"berfirman,",O
000207-002,i,O
000207-002,i,O
000207-002,"""Allah",O
000207-002,sekali-kali,O
000207-002,tidak,O
000207-002,akan,O
000207-002,membiarkan,O
000207-002,orang-orang,O
000207-002,yang,O
000207-002,beriman,O
000207-002,dalam,O
000207-002,keadaan,O
000207-002,kamu,O
000207-002,sekarang,O
000207-002,"ini,",O
000207-002,sehingga,O
000207-002,Dia,O
000207-002,menyisihkan,O
000207-002,yang,O
000207-002,buruk,O
000207-002,(munafik),O
000207-002,dari,O
000207-002,yang,O
000207-002,baik,O
000207-002,(mukmin).,O
000207-002,Dan,O
000207-002,Allah,O
000207-002,sekali-kali,O
000207-002,tidak,O
000207-002,akan,O
000207-002,memperlihatkan,O
000207-002,kepada,O
000207-002,kamu,O
000207-002,hal-hal,O
000207-002,yang,O
000207-002,"ghaib,",O
000207-002,akan,O
000207-002,tetapi,O
000207-002,Allah,O
000207-002,memilih,O
000207-002,siapa,O
000207-002,yang,O
000207-002,dikehendaki-Nya,O
000207-002,di,O
000207-002,antara,O
000207-002,rasul-rasulNya.,O
000207-002,Karena,O
000207-002,itu,O
000207-002,berimanlah,O
000207-002,kepada,O
000207-002,Allah,O
000207-002,dan,O
000207-002,rasul-rasulNya;,O
000207-002,dan,O
000207-002,jika,O
000207-002,kamu,O
000207-002,beriman,O
000207-002,dan,O
000207-002,"bertakwa,",O
000207-002,maka,O
000207-002,bagimu,O
000207-002,pahala,O
000207-002,yang,O
000207-002,besar.,O
000207-002,"""",O
000207-002,(Ali,B_PERSON
000207-002,Imran:,O
000207-002,179),O
000212-003,meminta,O
000212-003,kesempatan,O
000212-003,kepada,O
000212-003,mereka,O
000212-003,untuk,O
000212-003,mendirikan,O
000212-003,shalat,O
000212-003,dua,O
000212-003,rakaat,O
000212-003,saja,O
000212-003,Permintaan,O
000212-003,ini,O
000212-003,mereka,O
000212-003,kabulkan.,O
000212-003,Setelah,O
000212-003,mengucapkan,O
000212-003,salam,O
000212-003,dia,O
000212-003,berkata,O
000212-003,"sendiri,",O
000212-003,"""Demi",O
000212-003,"Allah,",O
000212-003,kalau,O
000212-003,bukan,O
000212-003,karena,O
000212-003,mereka,O
000212-003,akan,O
000212-003,mengatakan,O
000212-003,bahwa,O
000212-003,aku,O
000212-003,sedang,O
000212-003,"ketakutan,",O
000212-003,tentu,O
000212-003,aku,O
000212-003,akan,O
000212-003,shalat,O
000212-003,lebih,O
000212-003,banyak,O
000212-003,"lagi.""",O
000212-003,Kemudian,O
000212-003,dia,O
000212-003,berkata,O
000212-003,dengan,O
000212-003,suara,O
000212-003,"nyaring,",O
000212-003,"""Ya",O
000212-003,"Allah,",O
000212-003,hitunglah,O
000212-003,bilangan,O
000212-003,mereka.,O
000212-003,binasakanlah,O
000212-003,mereka,O
000212-003,semua,O
000212-003,dan,O
000212-003,janganlah,O
000212-003,Engkau,O
000212-003,biarkan,O
000212-003,seorang,O
000212-003,pun,O
000212-003,di,O
000212-003,antara,O
000212-003,mereka,O
000212-003,tetap,O
000212-003,"hidup.""",O
000212-003,Setelah,O
000212-003,itu,O
000212-003,dia,O
000212-003,melantumkan,O
000212-003,syair.,O
000212-003,Abu,B_PERSON
000212-003,Sufyan,I_PERSON
000212-003,"menanyainya,",O
000212-003,"""Apakah",O
000212-003,engkau,O
000212-003,suka,O
000212-003,jika,O
000212-003,Muhammad,B_PERSON
000212-003,ada,O
000212-003,di,O
000212-003,tengah,O
000212-003,kami,O
000212-003,lalu,O
000212-003,lehernya,O
000212-003,kami,O
000212-003,"tebas,",O
000212-003,sementara,O
000212-003,engkau,O
000212-003,bebas,O
000212-003,hidup,O
000212-003,di,O
000212-003,tengah,O
000212-003,"keluargamu?""",O
000212-003,Dia,O
000212-003,"menjawab,",O
000212-003,"""Tidak,",O
000212-003,demi,O
000212-003,Allah.,O
000212-003,Aku,O
000212-003,tidak,O
000212-003,suka,O
000212-003,berada,O
000212-003,di,O
000212-003,tengah,O
000212-003,"keluargaku,",O
000212-003,sementara,O
000212-003,Muhammad,B_PERSON
000212-003,di,O
000212-003,tempatnya,O
000212-003,terkena,O
000212-003,sebuah,O
000212-003,duri,O
000212-003,karena,O
000212-003,ulah,O
000212-003,kalian.',O
000212-003,Kemudian,O
000212-003,mereka,O
000212-003,menyalib,O
000212-003,tubuhnya,O
000212-003,dan,O
000212-003,membunuhnya,O
000212-003,serta,O
000212-003,menunjuk,O
000212-003,beberapa,O
000212-003,orang,O
000212-003,untuk,O
000212-003,menjaga,O
000212-003,jasadnya.,O
000212-003,Kemudian,O
000212-003,muncul,O
000212-003,Amr,B_PERSON
000212-003,bin,I_PERSON
000212-003,Umayyah,I_PERSON
000212-003,Adh-Dhamiri,O
000212-003,dan,O
000212-003,pada,O
000212-003,malam,O
000212-003,harinya,O
000212-003,dia,O
000212-003,dapat,O
000212-003,mengakali,O
000212-003,para,O
000212-003,"penjaga,",O
000212-003,lalu,O
000212-003,membawa,O
000212-003,jasadnya,O
000212-003,untuk,O
000212-003,dikuburkan.,O
000212-003,Yang,O
000212-003,menangani,O
000212-003,eksekusi,O
000212-003,terhadap,O
000212-003,Khubaib,O
000212-003,adalah,O
000212-003,Uqbah,B_PERSON
000212-003,bin,I_PERSON
000212-003,"Al-Harits,",I_PERSON
000212-003,yang,O
000212-003,pada,O
000212-003,waktu,O
000212-003,Perang,B_EVENT
000212-003,"Badr,",I_EVENT
000212-003,Khubaib,O
000212-003,telah,O
000212-003,membunuh,O
000212-003,ayahnya,O
000212-003,Uqbah.,O
000212-003,Di,O
000212-003,dalam,O
000212-003,Ash-Shahih,O
000212-003,disebutkan,O
000212-003,bahwa,O
000212-003,Khubaib,O
000212-003,adalah,O
000212-003,orang,O
000212-003,pertama,O
000212-003,yang,O
000212-003,mentradisikan,O
000212-003,shalat,O
000212-003,dua,O
000212-003,rakaat,O
000212-003,jika,O
000212-003,ada,O
000212-003,orang,O
000212-003,Muslim,O
000212-003,yang,O
000212-003,hendak,O
000212-003,dieksekusi.,O
000212-003,Sewaktu,O
000212-003,masih,O
000212-003,ditawan,O
000212-003,di,O
000212-003,"penjara,",O
000212-003,dia,O
000212-003,terlihat,O
000212-003,sedang,O
000212-003,memakan,O
000212-003,setangkai,O
000212-003,buah,O
000212-003,"anggur,",O
000212-003,padahal,O
000212-003,di,O
000212-003,Makkah,B_LOCATION
000212-003,saat,O
000212-003,itu,O
000212-003,tidak,O
000212-003,ada,O
000212-003,buah,O
000212-003,anggur.,O
000232-001,Setelah,O
000232-001,Rasululah,B_PERSON
000232-001,merasa,O
000232-001,tenang,O
000232-001,berada,O
000232-001,di,O
000232-001,"sana,",O
000232-001,tiba-tiba,O
000232-001,muncul,O
000232-001,Budail,B_PERSON
000232-001,bin,I_PERSON
000232-001,Warqa',I_PERSON
000232-001,Al-Khuza'y,O
000232-001,bersama,O
000232-001,beberapa,O
000232-001,orang,O
000232-001,dari,O
000232-001,Bani,O
000232-001,Khuza'ah,O
000232-001,Bani,O
000232-001,Khuza'ah,O
000232-001,biasa,O
000232-001,memberi,O
000232-001,nasihat,O
000232-001,kepada,O
000232-001,beliau.,O
000232-001,Budial,O
000232-001,"berkata,",O
000232-001,"""Saat",O
000232-001,aku,O
000232-001,meninggalkan,O
000232-001,Ka'b,B_PERSON
000232-001,bin,I_PERSON
000232-001,"Lu'ay,",I_PERSON
000232-001,mereka,O
000232-001,siap,O
000232-001,berangkat,O
000232-001,ke,O
000232-001,Hudaibiyah,B_LOCATION
000232-001,dengan,O
000232-001,membawa,O
000232-001,pasukan.,O
000232-001,Mereka,O
000232-001,hendak,O
000232-001,memerangi,O
000232-001,engkau,O
000232-001,dan,O
000232-001,menghalangi,O
000232-001,engkau,O
000232-001,memasuki,O
000232-001,Masjidil,B_LOCATION
000232-001,"Haram,""",I_LOCATION
000232-001,Rasulullah,B_PERSON
000232-001,"bersabda,",O
000232-001,"""Sesungguhnya",O
000232-001,kami,O
000232-001,datang,O
000232-001,bukan,O
000232-001,untuk,O
000232-001,memerangi,O
000232-001,seseorang.,O
000232-001,Tetapi,O
000232-001,kami,O
000232-001,datang,O
000232-001,untuk,O
000232-001,melakukan,O
000232-001,umrah.,O
000232-001,Rupanya,O
000232-001,orang-orang,O
000232-001,Quraisy,O
000232-001,sudah,O
000232-001,semakin,O
000232-001,surut,O
000232-001,dan,O
000232-001,menjadi,O
000232-001,buta,O
000232-001,karena,O
000232-001,peperangan.,O
000232-001,Jika,O
000232-001,mereka,O
000232-001,"menghendaki,",O
000232-001,engkau,O
000232-001,bisa,O
000232-001,membujuk,O
000232-001,mereka,O
000232-001,dan,O
000232-001,membukakan,O
000232-001,jalan,O
000232-001,"bagiku,",O
000232-001,dan,O
000232-001,jika,O
000232-001,mereka,O
000232-001,menghendaki,O
000232-001,untuk,O
000232-001,memasuki,O
000232-001,sesuatu,O
000232-001,yang,O
000232-001,biasa,O
000232-001,dimasuki,O
000232-001,"manusia,",O
000232-001,maka,O
000232-001,mereka,O
000232-001,bisa,O
000232-001,melakukannya,O
000232-001,yang,O
000232-001,berarti,O
000232-001,mereka,O
000232-001,masih,O
000232-001,memiliki,O
000232-001,nyali.,O
000232-001,Namun,O
000232-001,jika,O
000232-001,tidak,O
000232-001,menghendaki,O
000232-001,kecuali,O
000232-001,"perang,",O
000232-001,maka,O
000232-001,demi,O
000232-001,diriku,O
000232-001,yang,O
000232-001,ada,O
000232-001,di,O
000232-001,"tangan-Nya,",O
000232-001,aku,O
000232-001,pasti,O
000232-001,akan,O
000232-001,melayani,O
000232-001,keinginan,O
000232-001,mereka,O
000232-001,hingga,O
000232-001,kemenangan,O
000232-001,yang,O
000232-001,lalu,O
000232-001,hanya,O
000232-001,menjadi,O
000232-001,milikku,O
000232-001,atau,O
000232-001,biarlah,O
000232-001,Allah,O
000232-001,menentukan,O
000232-001,"keputusan-Nya.""",O
000232-001,Budail,O
000232-001,"berkata,",O
000232-001,"""Aku",O
000232-001,akan,O
000232-001,menyampaikan,O
000232-001,apa,O
000232-001,yang,O
000232-001,engkau,O
000232-001,katakan,O
000232-001,ini,O
000232-001,kepada,O
000232-001,"mereka.""",O
000232-001,Lalu,O
000232-001,dia,O
000232-001,beranjak,O
000232-001,pergi,O
000232-001,untuk,O
000232-001,menemui,O
000232-001,"Quraisy,",O
000232-001,seraya,O
000232-001,"berkata,",O
000232-001,"""Aku",O
000232-001,datang,O
000232-001,kepada,O
000232-001,kalian,O
000232-001,setelah,O
000232-001,menemui,O
000232-001,Muhammad,B_PERSON
000232-001,dan,O
000232-001,aku,O
000232-001,mendengar,O
000232-001,dia,O
000232-001,telah,O
000232-001,mengucapkan,O
000232-001,suatu,O
000232-001,perkataan.,O
000233-003,Beliau,O
000233-003,bersabda,O
000233-003,saat,O
000233-003,"itu,",O
000233-003,Aku,O
000233-003,bisa,O
000233-003,menerima,O
000233-003,keislamanmu.,O
000233-003,Tetapi,O
000233-003,harta,O
000233-003,benda,O
000233-003,yang,O
000233-003,engkau,O
000233-003,"bawa,",O
000233-003,aku,O
000233-003,tidak,O
000233-003,mempunyai,O
000233-003,urusan,O
000233-003,"dengannnya.""",O
000233-003,Kemudian,O
000233-003,Urwah,O
000233-003,menyibak,O
000233-003,kerumunan,O
000233-003,para,O
000233-003,sahabat,O
000233-003,dan,O
000233-003,kembali,O
000233-003,ke,O
000233-003,rekan-rekannya,O
000233-003,dari,O
000233-003,Quraisy.,O
000233-003,Di,O
000233-003,sana,O
000233-003,dia,O
000233-003,"berkata,",O
000233-003,"""Wahai",O
000233-003,semua,O
000233-003,"orang,",O
000233-003,demi,O
000233-003,"Allah,",O
000233-003,aku,O
000233-003,pernah,O
000233-003,menjadi,O
000233-003,utusan,O
000233-003,untuk,O
000233-003,menemui,O
000233-003,para,O
000233-003,"raja,",O
000233-003,Qaishar,O
000233-003,dan,O
000233-003,Kisra.,B_PERSON
000233-003,Demi,O
000233-003,"Allah,",O
000233-003,tidak,O
000233-003,pernah,O
000233-003,kulihat,O
000233-003,seorang,O
000233-003,raja,O
000233-003,yang,O
000233-003,diagung-agungkan,O
000233-003,rekan-,O
000233-003,rekannya,O
000233-003,seperti,O
000233-003,yang,O
000233-003,dilakukan,O
000233-003,rekan-rekan,O
000233-003,Muhammad,B_PERSON
000233-003,terhadap,O
000233-003,dirinya.,O
000233-003,Demi,O
000233-003,"Allah,",O
000233-003,setiap,O
000233-003,kali,O
000233-003,Muhammad,B_PERSON
000233-003,mengeluarkan,O
000233-003,"dahak,",O
000233-003,maka,O
000233-003,dahak,O
000233-003,itu,O
000233-003,pasti,O
000233-003,jatuh,O
000233-003,di,O
000233-003,telapak,O
000233-003,tangan,O
000233-003,salah,O
000233-003,seorang,O
000233-003,di,O
000233-003,antara,O
000233-003,"mereka,",O
000233-003,lalu,O
000233-003,dia,O
000233-003,mengusap-,O
000233-003,usapkannya,O
000233-003,ke,O
000233-003,wajah,O
000233-003,atau,O
000233-003,kulit,O
000233-003,badannya.,O
000233-003,Jika,O
000233-003,dia,O
000233-003,memberikan,O
000233-003,suatu,O
000233-003,perintah.,O
000233-003,maka,O
000233-003,mereka,O
000233-003,segera,O
000233-003,melaksanakan,O
000233-003,perintahnya.,O
000233-003,Jika,O
000233-003,dia,O
000233-003,"wudhu,",O
000233-003,maka,O
000233-003,mereka,O
000233-003,seperti,O
000233-003,orang,O
000233-003,yang,O
000233-003,sedang,O
000233-003,bertengkar,O
000233-003,karena,O
000233-003,berebut,O
000233-003,sisa,O
000233-003,air,O
000233-003,wudhunya.,O
000233-003,Jika,O
000233-003,dia,O
000233-003,"berbicara,",O
000233-003,maka,O
000233-003,mereka,O
000233-003,menghentikan,O
000233-003,pembicaraan,O
000233-003,di,O
000233-003,depannya.,O
000233-003,Mereka,O
000233-003,tidak,O
000233-003,pernah,O
000233-003,menghujam,O
000233-003,pandangan,O
000233-003,ke,O
000233-003,wajah,O
000233-003,beliau,O
000233-003,karena,O
000233-003,penghormatan,O
000233-003,terhadap,O
000233-003,dirinya.,O
000233-003,Dia,O
000233-003,telah,O
000233-003,menyampaikan,O
000233-003,tawaran,O
000233-003,yang,O
000233-003,layak,O
000233-003,kepada,O
000233-003,kalian,O
000233-003,Karena,O
000233-003,itu,O
000233-003,terimalah,O
000233-003,tawaran,O
000233-003,"tersebut.""",O
000248-001,Nabi,O
000248-001,menulis,O
000248-001,surat,O
000248-001,kepada,O
000248-001,Juraij,B_PERSON
000248-001,bin,I_PERSON
000248-001,"Mata,",I_PERSON
000248-001,yang,O
000248-001,bergelar,O
000248-001,Muqauqis.,O
000248-001,raja,O
000248-001,Mesir,B_LOCATION
000248-001,dan,O
000248-001,Iskandaria.,B_LOCATION
000248-001,Inilah,O
000248-001,isi,O
000248-001,surat,O
000248-001,beliau:,O
000248-001,"""Bismillahir",O
000248-001,rahmanir,O
000248-001,rahim.,O
000248-001,Dari,O
000248-001,"Muhammad,",B_PERSON
000248-001,hamba,O
000248-001,Allah,O
000248-001,dan,O
000248-001,"Rasul-Nya,",O
000248-001,kepada,O
000248-001,Muqauqis,O
000248-001,Raja,O
000248-001,Qibthi.,O
000248-001,Keselamatan,O
000248-001,bagi,O
000248-001,siapa,O
000248-001,pun,O
000248-001,yang,O
000248-001,mengikuti,O
000248-001,"petunjuk,",O
000248-001,amma,O
000248-001,ba'd.,O
000248-001,Aku,O
000248-001,menyeru,O
000248-001,tuan,O
000248-001,dengan,O
000248-001,seruan,O
000248-001,Islam.,O
000248-001,Masuklah,O
000248-001,"Islam,",O
000248-001,niscaya,O
000248-001,tuan,O
000248-001,akan,O
000248-001,selamat.,O
000248-001,Masuklah,O
000248-001,Islam,O
000248-001,niscaya,O
000248-001,Allah,O
000248-001,akan,O
000248-001,memberikan,O
000248-001,pahala,O
000248-001,kepada,O
000248-001,tuan,O
000248-001,dua,O
000248-001,kali,O
000248-001,lipat.,O
000248-001,Namun,O
000248-001,jika,O
000248-001,tuan,O
000248-001,"berpaling,",O
000248-001,maka,O
000248-001,tuan,O
000248-001,akan,O
000248-001,menanggung,O
000248-001,dosa,O
000248-001,penduduk,O
000248-001,Qibthi.,O
000248-001,224,O
000248-001,Zadul,O
000248-001,"Ma'ad,",O
000248-001,3/61,O
000248-001,"""Katakanlah:",O
000248-001,"""Hai",O
000248-001,Ahli,O
000248-001,"Kitab,",O
000248-001,marilah,O
000248-001,(berpegang),O
000248-001,kepada,O
000248-001,suatu,O
000248-001,kalimat,O
000248-001,(ketetapan),O
000248-001,yang,O
000248-001,tidak,O
000248-001,ada,O
000248-001,perselisihan,O
000248-001,antara,O
000248-001,kami,O
000248-001,dan,O
000248-001,"kamu,",O
000248-001,bahwa,O
000248-001,tidak,O
000248-001,kita,O
000248-001,sembah,O
000248-001,kecuali,O
000248-001,Allah,O
000248-001,dan,O
000248-001,tidak,O
000248-001,kita,O
000248-001,persekutukan,O
000248-001,Dia,O
000248-001,dengan,O
000248-001,sesuatu,O
000248-001,pun,O
000248-001,dan,O
000248-001,tidak,O
000248-001,(pula),O
000248-001,sebagian,O
000248-001,kita,O
000248-001,menjadikan,O
000248-001,sebagian,O
000248-001,yang,O
000248-001,lain,O
000248-001,sebagai,O
000248-001,Tuhan,O
000248-001,selain,O
000248-001,Allah.,O
000248-001,"""",O
000248-001,Jika,O
000248-001,mereka,O
000248-001,berpaling,O
000248-001,maka,O
000248-001,katakanlah,O
000248-001,kepada,O
000248-001,mereka:,O
000248-001,"""Saksikanlah,",O
000248-001,bahwa,O
000248-001,kami,O
000248-001,adalah,O
000248-001,orang-orang,O
000248-001,yang,O
000248-001,berserah,O
000248-001,diri,O
000248-001,(kepada,O
000248-001,Allah).,O
000248-001,"""",O
000248-001,(Ali,B_PERSON
000248-001,Imran:,O
000248-001,64),O
000248-001,Surat,O
000248-001,ini,O
000248-001,dibawa,O
000248-001,Hathib,B_PERSON
000248-001,bin,I_PERSON
000248-001,Abu,I_PERSON
000248-001,Balta'ah.,I_PERSON
000248-001,Setelah,O
000248-001,menghadap,O
000248-001,"Muqauqis,",O
000248-001,Hathib,O
000248-001,berkata,O
000248-001,"kepadanya,",O
000248-001,"""Sebelumnya",O
000248-001,sebelum,O
000248-001,tuan,O
000248-001,ada,O
000248-001,seseorang,O
000248-001,yang,O
000248-001,mengaku,O
000248-001,bahwa,O
000248-001,dia,O
000248-001,adalah,O
000248-001,tuhan,O
000248-001,yang,O
000248-001,paling,O
000248-001,tinggi.,O
000248-001,Lalu,O
000248-001,Allah,O
000248-001,menimpakkan,O
000248-001,hukuman,O
000248-001,kepadanya,O
000248-001,di,O
000248-001,dunia,O
000248-001,dan,O
000248-001,akhirat.,O
000248-001,Allah,O
000248-001,menyiksanya,O
000248-001,lalu,O
000248-001,menyiksanya,O
000248-001,lagi.,O
000258-001,Sepulang,O
000258-001,dari,O
000258-001,"Hudaibiyah,",B_LOCATION
000258-001,Rasulullah,B_PERSON
000258-001,berada,O
000258-001,di,O
000258-001,Madinah,B_LOCATION
000258-001,pada,O
000258-001,bulan,B_TIME
000258-001,Dzul,I_TIME
000258-001,Hijjah,I_TIME
000258-001,dan,O
000258-001,sebagian,O
000258-001,Muharram.,O
000258-001,Pada,O
000258-001,sisa,O
000258-001,bulan,O
000258-001,Muharram,O
000258-001,itu,O
000258-001,beliau,O
000262-001,Dalam,O
000262-001,perjalanannya,O
000262-001,ke,O
000262-001,"Khaibar,",B_LOCATION
000262-001,Rasulullah,B_PERSON
000262-001,mengambil,O
000262-001,jalan,O
000262-001,lewat,O
000262-001,Gunung,O
000262-001,Ashr,O
000262-001,(ada,O
000262-001,yang,O
000262-001,membaca,O
000262-001,Ishr).,O
000262-001,Setelah,O
000262-001,melewati,O
000262-001,"Ash-Shahba',",O
000262-001,beliau,O
000262-001,bermalam,O
000262-001,di,O
000262-001,suatu,O
000262-001,lembah,O
000262-001,yang,O
000262-001,disebut,O
000262-001,Ar-Raji'.,O
000262-001,Dari,O
000262-001,tempat,O
000262-001,ini,O
000262-001,ke,O
000262-001,Ghathafan,O
000262-001,ditempuh,O
000262-001,dengan,O
000262-001,perjalanan,O
000262-001,sehari,O
000262-001,semalam.,O
000262-001,Orang-orang,O
000262-001,Ghathafan,O
000262-001,sudah,O
000262-001,mengadakan,O
000262-001,persiapan,O
000262-001,secara,O
000262-001,matang,O
000262-001,dan,O
000262-001,berangkat,O
000262-001,ke,O
000262-001,Khaibar,B_LOCATION
000262-001,untuk,O
000262-001,mengulurkan,O
000262-001,bantuan,O
000262-001,kepada,O
000262-001,orang-orang,O
000262-001,Yahudi.,O
000262-001,Tak,O
000262-001,seberapa,O
000262-001,jauh,O
000262-001,berjalan.,O
000262-001,mereka,O
000262-001,mendengar,O
000262-001,suara,O
000262-001,gaduh,O
000262-001,dan,O
000262-001,hiruk,O
000262-001,pikuk,O
000262-001,dari,O
000262-001,arah,O
000262-001,belakang.,O
000262-001,Mereka,O
000262-001,mengira,O
000262-001,orang-orang,O
000262-001,Muslim,O
000262-001,menyerbu,O
000262-001,keluarga,O
000262-001,dan,O
000262-001,harta,O
000262-001,benda,O
000262-001,yang,O
000262-001,mereka,O
000262-001,tinggalkan,O
000262-001,di,O
000262-001,Ghathafan.,O
000262-001,Karena,O
000262-001,itu,O
000262-001,mereka,O
000262-001,kembali,O
000262-001,lagi,O
000262-001,dan,O
000262-001,membatalkan,O
000262-001,niat,O
000262-001,untuk,O
000262-001,membantu,O
000262-001,orang-orang,O
000262-001,"Yahudi,",O
000262-001,karena,O
000262-001,khawatir,O
000262-001,suatu,O
000262-001,saat,O
000262-001,orang-orang,O
000262-001,Muslim,O
000262-001,justru,O
000262-001,menyerang,O
000262-001,keluarga,O
000262-001,dan,O
000262-001,harta,O
000262-001,benda,O
000262-001,yang,O
000262-001,mereka,O
000262-001,tinggalkan.,O
000262-001,Mereka,O
000262-001,tidak,O
000262-001,ingin,O
000262-001,ikut,O
000262-001,campur,O
000262-001,lagi,O
000262-001,urusan,O
000262-001,antara,O
000262-001,Nabi,O
000262-001,dan,O
000262-001,orang-orang,O
000262-001,Yahudi,O
000262-001,Khaibar.,B_LOCATION
000262-001,Kemudian,O
000262-001,beliau,O
000262-001,menunjuk,O
000262-001,dua,O
000262-001,orang,O
000262-001,penunjuk,O
000262-001,jalan,O
000262-001,yang,O
000262-001,ikut,O
000262-001,serta,O
000262-001,dalam,O
000262-001,rombongan,O
000262-001,pasukan.,O
000262-001,Salah,O
000262-001,seorang,O
000262-001,di,O
000262-001,antara,O
000262-001,keduanya,O
000262-001,bernama,O
000262-001,Husail.,O
000262-001,Mereka,O
000262-001,berdua,O
000262-001,menunjukkan,O
000262-001,jalan,O
000262-001,yang,O
000262-001,lebih,O
000262-001,pas,O
000262-001,untuk,O
000262-001,memasuki,O
000262-001,Khaibar,B_LOCATION
000262-001,dari,O
000262-001,arah,O
000262-001,"utara,",O
000262-001,tepatnya,O
000262-001,dari,O
000262-001,jalur,O
000262-001,Syam.,B_LOCATION
000262-001,Dengan,O
000262-001,begitu,O
000262-001,pasukan,O
000262-001,Muslimin,O
000262-001,bisa,O
000262-001,menghadang,O
000262-001,kemungkinan,O
000262-001,orang-orang,O
000262-001,Yahudi,O
000262-001,akan,O
000262-001,melarikan,O
000262-001,diri,O
000262-001,ke,O
000262-001,arah,O
000262-001,Syam,B_LOCATION
000262-001,atau,O
000262-001,ke,O
000262-001,Ghathafan.,O
000262-001,"""Aku",O
000262-001,akan,O
000262-001,menunjukkan,O
000262-001,jalan,O
000262-001,kepada,O
000262-001,engkau,O
000262-001,wahai,O
000262-001,"Rasulullah,""",B_PERSON
000262-001,kata,O
000262-001,penunjuk,O
000262-001,jalan,O
000262-001,itu.,O
000263-002,Di,O
000263-002,Ash-Shahba',O
000263-002,yang,O
000263-002,jaraknya,O
000263-002,tidak,O
000263-002,seberapa,O
000263-002,jauh,O
000263-002,dengan,O
000263-002,Khaibar.,B_LOCATION
000263-002,beliau,O
000263-002,shalat,O
000263-002,ashar.,O
000263-002,Kemudian,O
000263-002,beliau,O
000263-002,meminta,O
000263-002,bekal,O
000263-002,makanan.,O
000263-002,Karena,O
000263-002,hanya,O
000263-002,"sedikit,",O
000263-002,beliau,O
000263-002,disodori,O
000263-002,tepung,O
000263-002,gandum,O
000263-002,yang,O
000263-002,tak,O
000263-002,seberapa,O
000263-002,banyak,O
000263-002,jumlahnya.,O
000263-002,Setelah,O
000263-002,"diolah,",O
000263-002,tepung,O
000263-002,itu,O
000263-002,menjadi,O
000263-002,banyak.,O
000263-002,Beliau,O
000263-002,memakannya,O
000263-002,dan,O
000263-002,begitu,O
000263-002,pula,O
000263-002,semua,O
000263-002,orang.,O
000263-002,Kemudian,O
000263-002,beliau,O
000263-002,hendak,O
000263-002,melaksanakan,O
000263-002,shalat,O
000263-002,maghrib.,O
000263-002,Beliau,O
000263-002,cukup,O
000263-002,"berkumur,",O
000263-002,dan,O
000263-002,orang-orang,O
000263-002,juga,O
000263-002,berkumur.,O
000263-002,Kemudian,O
000263-002,beliau,O
000263-002,melaksanakan,O
000263-002,shalat,O
000263-002,maghrib,O
000263-002,tanpa,O
000263-002,wudhu,O
000263-002,"lagi,",O
000263-002,kemudian,O
000263-002,shalat,O
000263-002,isya',O
000263-002,tanpa,O
000263-002,wudhu',O
000263-002,"lagi,",O
000263-002,karena,O
000263-002,memang,O
000263-002,belum,O
000263-002,batal,O
000265-002,Benteng,O
000265-002,Ubay,O
000265-002,5.,O
000265-002,Benteng,O
000265-002,An-Nizar,O
000265-002,Tiga,O
000265-002,benteng,O
000265-002,yang,O
000265-002,pertama,O
000265-002,terletak,O
000265-002,di,O
000265-002,wilayah,O
000265-002,"Nathat,",O
000265-002,sedangkan,O
000265-002,dua,O
000265-002,benteng,O
000265-002,yang,O
000265-002,terakhir,O
000265-002,berada,O
000265-002,di,O
000265-002,wilayah,O
000265-002,Asy-Syiq.,O
000265-002,Sedangkan,O
000265-002,paroh,O
000265-002,kedua,O
000265-002,yang,O
000265-002,juga,O
000265-002,disebut,O
000265-002,"Al-Katibah,",O
000265-002,memiliki,O
000265-002,tiga,O
000265-002,"benteng,",O
000265-002,yaitu:,O
000265-002,1.,O
000265-002,Benteng,O
000265-002,"Al-Qamush,",O
000265-002,benteng,O
000265-002,milik,O
000265-002,Bani,O
000265-002,Abul,O
000265-002,Huqaiq,O
000265-002,dari,O
000265-002,Bani,O
000265-002,Nadhir,O
000265-002,2.,O
000265-002,Benteng,O
000265-002,Al-Wathih,O
000265-002,3.,O
000265-002,Benteng,O
000265-002,As-Salalim,O
000265-002,Sebenarnya,O
000265-002,di,O
000265-002,Khaibar,B_LOCATION
000265-002,masih,O
000265-002,ada,O
000265-002,beberapa,O
000265-002,benteng,O
000265-002,selain,O
000265-002,delapan,O
000265-002,benteng,O
000265-002,"ini,",O
000265-002,namun,O
000265-002,benteng-benteng,O
000265-002,itu,O
000265-002,relatif,O
000265-002,lebih,O
000265-002,"kecil,",O
000265-002,tidak,O
000265-002,sebesar,O
000265-002,dan,O
000265-002,sekuat,O
000265-002,benteng-benteng,O
000265-002,tersebut.,O
000265-002,Pertempuran,O
000265-002,yang,O
000265-002,seru,O
000265-002,meletus,O
000265-002,di,O
000265-002,sekitar,O
000265-002,benteng-,O
000265-002,benteng,O
000265-002,paroh,O
000265-002,yang,O
000265-002,pertama.,O
000265-002,Sekalipun,O
000265-002,benteng-benteng,O
000265-002,di,O
000265-002,paroh,O
000265-002,kedua,O
000265-002,lebih,O
000265-002,besar,O
000265-002,dan,O
000265-002,lebih,O
000265-002,banyak,O
000265-002,jumlah,O
000265-002,"prajuritnya,",O
000265-002,tetapi,O
000265-002,mereka,O
000265-002,justru,O
000265-002,menyerah,O
000265-002,begitu,O
000265-002,"saja,",O
000265-002,tanpa,O
000265-002,ada,O
000265-002,pertempuran.,O
000267-001,Benteng,O
000267-001,Ash-Sha'b,B_PERSON
000267-001,merupakan,O
000267-001,benteng,O
000267-001,kedua,O
000267-001,yang,O
000267-001,terkokoh,O
000267-001,setelah,O
000267-001,benteng,O
000267-001,Na'im.,O
000267-001,Orang-orang,O
000267-001,Muslim,O
000267-001,melancarkan,O
000267-001,serangan,O
000267-001,di,O
000267-001,bawah,O
000267-001,komando,O
000267-001,bin,B_PERSON
000267-001,Al-Anshari.,I_PERSON
000267-001,Mereka,O
000267-001,mengepung,O
000267-001,benteng,O
000267-001,ini,O
000267-001,selama,O
000267-001,tiga,O
000267-001,hari.,O
000267-001,Pada,O
000267-001,hari,O
000267-001,"ketiga,",O
000267-001,Rasulullah,B_PERSON
000267-001,mengucapkan,O
000267-001,doa,O
000267-001,khusus,O
000267-001,untuk,O
000267-001,dapat,O
000267-001,menaklukkan,O
000267-001,benteng,O
000267-001,ini.,O
000267-001,Abu,B_PERSON
000267-001,Ishaq,I_PERSON
000267-001,meriwayatkan,O
000267-001,bahwa,O
000267-001,bani,O
000267-001,Sahm,O
000267-001,dari,O
000267-001,Bani,O
000267-001,Aslam,O
000267-001,mendatangi,O
000267-001,beliau,O
000267-001,dan,O
000267-001,"berkata,",O
000267-001,"""Kita",O
000267-001,telah,O
000267-001,berjuang,O
000267-001,dan,O
000267-001,tidak,O
000267-001,ada,O
000267-001,lagi,O
000267-001,sesuatu,O
000267-001,yang,O
000267-001,tersisa,O
000267-001,di,O
000267-001,tangan,O
000267-001,"kita.""",O
000267-001,Beliau,O
000267-001,memanjatkan,O
000267-001,"""Ya",O
000267-001,"Allah,",O
000267-001,Engkau,O
000267-001,sudah,O
000267-001,tahu,O
000267-001,keadaan,O
000267-001,mereka,O
000267-001,(orang-orang,O
000267-001,Muslim).,O
000267-001,Mereka,O
000267-001,tidak,O
000267-001,lagi,O
000267-001,mempunyai,O
000267-001,kekuatan,O
000267-001,dan,O
000267-001,di,O
000267-001,tanganku,O
000267-001,tak,O
000267-001,ada,O
000267-001,lagi,O
000267-001,sesuatu,O
000267-001,pun,O
000267-001,yang,O
000267-001,bisa,O
000267-001,kuberikan,O
000267-001,kepada,O
000267-001,mereka.,O
000267-001,Maka,O
000267-001,berikanlah,O
000267-001,kemenangan,O
000267-001,kepada,O
000267-001,mereka,O
000267-001,dengan,O
000267-001,menaklukkan,O
000267-001,benteng,O
000267-001,yang,O
000267-001,paling,O
000267-001,mereka,O
000267-001,"perlukan,",O
000267-001,paling,O
000267-001,banyak,O
000267-001,makanan,O
000267-001,dan,O
000267-001,paling,O
000267-001,gemuk,O
000267-001,ternak-,O
000267-001,ternaknya.,O
000267-001,"""",O
000267-001,Orang-orang,O
000267-001,muslim,O
000267-001,bangkit,O
000267-001,melakukan,O
000267-001,penyerbuan,O
000267-001,dan,O
000267-001,Allah,O
000267-001,menundukkan,O
000267-001,benteng,O
000267-001,Ash-Sha'b,B_PERSON
000267-001,bin,I_PERSON
000267-001,Muadz.,I_PERSON
000267-001,Sementara,O
000267-001,di,O
000267-001,Khaibar,B_LOCATION
000267-001,tidak,O
000267-001,ada,O
000267-001,benteng,O
000267-001,yang,O
000267-001,lebih,O
000267-001,banyak,O
000267-001,makanannya,O
000267-001,dan,O
000267-001,lebih,O
000267-001,gemuk,O
000267-001,ternak-ternaknya,O
000267-001,selain,O
000267-001,dari,O
000267-001,benteng,O
000267-001,ini.,O
000267-001,Setelah,O
000267-001,Nabi,O
000267-001,memanjatkan,O
000267-001,doa,O
000267-001,dan,O
000267-001,memerintahkan,O
000267-001,untuk,O
000267-001,menyerbu,O
000267-001,"benteng,",O
000267-001,maka,O
000267-001,Bani,O
000267-001,Aslamlah,O
000267-001,yang,O
000267-001,berada,O
000267-001,di,O
000267-001,barisan,O
000267-001,terdepan.,O
000267-001,Terjadi,O
000267-001,pertempuran,O
000267-001,yang,O
000267-001,sengit,O
000267-001,di,O
000267-001,depan,O
000267-001,benteng.,O
000267-001,Sebelum,O
000267-001,matahari,O
000267-001,tenggelam,O
000267-001,benteng,O
000267-001,sudah,O
000267-001,bisa,O
000267-001,direbut,O
000267-001,dan,O
000267-001,ditaklukkan.,O
000268-001,Setelah,O
000268-001,benteng,O
000268-001,An-Na'im,O
000268-001,dan,O
000268-001,Ash-Sha'b,O
000268-001,dapat,O
000268-001,"ditaklukan,",O
000268-001,orang-orang,O
000268-001,Yahudi,O
000268-001,yang,O
000268-001,berada,O
000268-001,di,O
000268-001,setiap,O
000268-001,benteng,O
000268-001,di,O
000268-001,wilayah,O
000268-001,"Nathat,",O
000268-001,berpindah,O
000268-001,ke,O
000268-001,benteng,O
000268-001,"Az-Zubair,",O
000268-001,sebuah,O
000268-001,benteng,O
000268-001,yang,O
000268-001,"kokoh,",O
000268-001,terletak,O
000268-001,di,O
000268-001,sebuah,O
000268-001,puncak,O
000268-001,"bukit,",O
000268-001,yang,O
000268-001,tidak,O
000268-001,bisa,O
000268-001,dijangkau,O
000268-001,kuda,O
000268-001,atau,O
000268-001,pejalan,O
000268-001,"kaki,",O
000268-001,karena,O
000268-001,perjalanan,O
000268-001,ke,O
000268-001,sana,O
000268-001,cukup,O
000268-001,terjal,O
000268-001,dan,O
000268-001,"sulit,",O
000268-001,di,O
000268-001,samping,O
000268-001,benteng,O
000268-001,itu,O
000268-001,sendiri,O
000268-001,yang,O
000268-001,sangat,O
000268-001,kokoh.,O
000268-001,Rasulullah,B_PERSON
000268-001,memerintahkan,O
000268-001,untuk,O
000268-001,mengepung,O
000268-001,benteng,O
000268-001,ini.,O
000268-001,Pengepungan,O
000268-001,berjalan,O
000268-001,selama,O
000268-001,tiga,O
000268-001,hari.,O
000268-001,Ada,O
000268-001,seorang,O
000268-001,Yahudi,O
000268-001,menemui,O
000268-001,beliau,O
000268-001,seraya,O
000268-001,"berkata,",O
000268-001,"""Wahai",O
000268-001,Abdul,B_PERSON
000268-001,"Qasim,",O
000268-001,sekalipun,O
000268-001,engkau,O
000268-001,berada,O
000268-001,di,O
000268-001,sini,O
000268-001,selama,O
000268-001,"sebulan,",O
000268-001,mereka,O
000268-001,tak,O
000268-001,akan,O
000268-001,ambil,O
000268-001,"pusing,",O
000268-001,sebab,O
000268-001,mereka,O
000268-001,mempunyai,O
000268-001,mata,O
000268-001,air,O
000268-001,dan,O
000268-001,cadangan,O
000268-001,minuman,O
000268-001,di,O
000268-001,bawah,O
000268-001,tanah.,O
000268-001,Mereka,O
000268-001,bisa,O
000268-001,pergi,O
000268-001,ke,O
000268-001,sana,O
000268-001,pada,O
000268-001,malam,O
000268-001,hari,O
000268-001,dan,O
000268-001,mengambil,O
000268-001,minum,O
000268-001,dari,O
000268-001,"sana,",O
000268-001,lalu,O
000268-001,kembali,O
000268-001,lagi,O
000268-001,ke,O
000268-001,benteng,O
000268-001,untuk,O
000268-001,bertahan,O
000268-001,di,O
000268-001,sana.,O
000268-001,Jika,O
000268-001,engkau,O
000268-001,hendak,O
000268-001,memotong,O
000268-001,jalan,O
000268-001,mereka,O
000268-001,ke,O
000268-001,mata,O
000268-001,"air,",O
000268-001,tentu,O
000268-001,mereka,O
000268-001,akan,O
000268-001,keluar,O
000268-001,untuk,O
000268-001,berhadapan,O
000268-001,"denganmu.""",O
000268-001,Maka,O
000268-001,beliau,O
000268-001,memutuskan,O
000268-001,untuk,O
000268-001,menghadang,O
000268-001,jalan,O
000268-001,ke,O
000268-001,mata,O
000268-001,air,O
000268-001,ini.,O
000268-001,Karena,O
000268-001,"itu,",O
000268-001,orang-orang,O
000268-001,Yahudi,O
000268-001,keluar,O
000268-001,bertempur,O
000268-001,hebat,O
000268-001,untuk,O
000268-001,mempertahankan,O
000268-001,mata,O
000268-001,air,O
000268-001,itu.,O
000268-001,Dalam,O
000268-001,pertempuran,O
000268-001,ini,O
000268-001,ada,O
000268-001,seorang,O
000268-001,Muslim,O
000268-001,yang,O
000268-001,menjadi,O
000268-001,"korban,",O
000268-001,sedangkan,O
000268-001,dari,O
000268-001,pihak,O
000268-001,Yahudi,O
000268-001,ada,O
000268-001,sepuluh,O
000268-001,orang.,O
000268-001,Tak,O
000268-001,lama,O
000268-001,kemudian,O
000268-001,beliau,O
000268-001,dapat,O
000268-001,menaklukkan,O
000268-001,benteng,O
000268-001,ini,O
000270-002,Orang-orang,O
000270-002,Yahudi,O
000270-002,mengalami,O
000270-002,kekalahan,O
000270-002,secara,O
000270-002,telak.,O
000270-002,karena,O
000270-002,mereka,O
000270-002,sudah,O
000270-002,tidak,O
000270-002,memiliki,O
000270-002,jalan,O
000270-002,untuk,O
000270-002,menyelinap,O
000270-002,dari,O
000270-002,benteng,O
000270-002,ini,O
000270-002,seperti,O
000270-002,yang,O
000270-002,mereka,O
000270-002,lakukan,O
000270-002,ketika,O
000270-002,masih,O
000270-002,bertahan,O
000270-002,di,O
000270-002,benteng-benteng,O
000270-002,lain,O
000270-002,sebelumnya.,O
000270-002,Karena,O
000270-002,itu,O
000270-002,sebisa,O
000270-002,mungkin,O
000270-002,mereka,O
000270-002,melarikan,O
000270-002,diri,O
000270-002,bagi,O
000270-002,yang,O
000270-002,bisa,O
000270-002,melarikan,O
000270-002,"diri,",O
000270-002,dan,O
000270-002,meninggalkan,O
000270-002,para,O
000270-002,wanita,O
000270-002,dan,O
000270-002,anak-anak,O
000270-002,menjadi,O
000270-002,tawanan,O
000270-002,orang-orang,O
000270-002,Muslim.,O
000270-002,Dengan,O
000270-002,ditaklukkanya,O
000270-002,benteng,O
000270-002,yang,O
000270-002,kokoh,O
000270-002,"ini,",O
000270-002,maka,O
000270-002,tuntaslah,O
000270-002,sudah,O
000270-002,penaklukkan,O
000270-002,seluruh,O
000270-002,benteng,O
000270-002,Khaibar,B_LOCATION
000270-002,dalam,O
000270-002,paroh,O
000270-002,pertama,O
000270-002,yang,O
000270-002,yang,O
000270-002,berada,O
000270-002,di,O
000270-002,wilayah,O
000270-002,Nathat,O
000270-002,dan,O
000270-002,Asy-Syiq.,O
000270-002,Sebenarnya,O
000270-002,masih,O
000270-002,ada,O
000270-002,benteng-benteng,O
000270-002,lain,O
000270-002,yang,O
000270-002,lebih,O
000270-002,kecil.,O
000270-002,Tetapi,O
000270-002,dengan,O
000270-002,takluknya,O
000270-002,benteng,O
000270-002,An-Nizar,O
000270-002,"ini,",O
000270-002,benteng,O
000270-002,benteng,O
000270-002,lain,O
000270-002,yang,O
000270-002,kecil,O
000270-002,langsung,O
000270-002,ditinggalkan,O
000270-002,begitu,O
000270-002,saja.,O
000270-002,Setelah,O
000270-002,itu,O
000270-002,mereka,O
000270-002,melarikan,O
000270-002,diri,O
000270-002,ke,O
000270-002,benteng,O
000270-002,paroh,O
000270-002,kedua,O
000270-002,di,O
000270-002,Khaibar.,B_LOCATION
000274-001,Rasulullah,B_PERSON
000274-001,meninginkan,O
000274-001,agar,O
000274-001,orang-orang,O
000274-001,Yahudi,O
000274-001,hengkang,O
000274-001,dari,O
000274-001,Khaibar.,B_LOCATION
000274-001,Tetapi,O
000274-001,mereka,O
000274-001,"berkata,",O
000274-001,"""Wahai",O
000274-001,"Muhammad,",B_PERSON
000274-001,berilah,O
000274-001,kami,O
000274-001,kesempatan,O
000274-001,untuk,O
000274-001,tetap,O
000274-001,berada,O
000274-001,di,O
000274-001,tanah,O
000274-001,ini,O
000274-001,agar,O
000274-001,kami,O
000274-001,bisa,O
000274-001,mengolah,O
000274-001,dan,O
000274-001,menanganinya,O
000274-001,Kami,O
000274-001,lebih,O
000274-001,berpengalaman,O
000274-001,daripada,O
000274-001,kalian.,O
000274-001,Dan,O
000274-001,memang,O
000274-001,Rasulullah,B_PERSON
000274-001,maupun,O
000274-001,para,O
000274-001,sahabat,O
000274-001,tidak,O
000274-001,mempunyai,O
000274-001,tenaga,O
000274-001,untuk,O
000274-001,mengolah,O
000274-001,tanah-tanah,O
000274-001,itu.,O
000274-001,Mereka,O
000274-001,sendiri,O
000274-001,tak,O
000274-001,punya,O
000274-001,banyak,O
000274-001,kesempatan,O
000274-001,untuk,O
000274-001,menanganinya.,O
000274-001,Karena,O
000274-001,itu,O
000274-001,beliau,O
000274-001,menyerahkan,O
000274-001,tanah,O
000274-001,Khaibar,B_LOCATION
000274-001,kepada,O
000274-001,orang-orang,O
000274-001,"Yahudi,",O
000274-001,dan,O
000274-001,mereka,O
000274-001,memperoleh,O
000274-001,bagian,O
000274-001,dari,O
000274-001,hasil,O
000274-001,tanaman,O
000274-001,dan,O
000274-001,panen,O
000274-001,"buahnya,",O
000274-001,tergantung,O
000274-001,kepada,O
000274-001,Rasulullah,B_PERSON
000274-001,",",O
000274-001,seberapa,O
000274-001,banyak,O
000274-001,beliau,O
000274-001,akan,O
000274-001,menetapkan,O
000274-001,bagian,O
000274-001,bagi,O
000274-001,mereka,O
000274-001,Yang,O
000274-001,membuat,O
000274-001,ancar-ancar,O
000274-001,tentang,O
000274-001,pembagian,O
000274-001,hasil,O
000274-001,pengolahan,O
000274-001,tanah,O
000274-001,ini,O
000274-001,adalah,O
000274-001,Abdullah,B_PERSON
000274-001,bin,I_PERSON
000274-001,Rawahah,I_PERSON
000274-001,Tanah,O
000274-001,Khaibar,B_LOCATION
000274-001,dibagi,O
000274-001,menjadi,O
000274-001,30,O
000274-001,kelompok.,O
000274-001,Setiap,O
000274-001,kelompok,O
000274-001,dibagi,O
000274-001,lagi,O
000274-001,menjadi,O
000274-001,100,O
000274-001,"bagian,",O
000274-001,hingga,O
000274-001,jumlah,O
000274-001,totalnya,O
000274-001,ada,O
000274-001,3600,O
000274-001,bagian.,O
000274-001,Nabi,O
000274-001,dan,O
000274-001,orang-orang,O
000274-001,Muslim,O
000274-001,mendapat,O
000274-001,"separohnya,",O
000274-001,yaitu,O
000274-001,1800,O
000274-001,bagian.,O
000274-001,Beliau,O
000274-001,mendapat,O
000274-001,satu,O
000274-001,bagian,O
000274-001,seperti,O
000274-001,yang,O
000274-001,didapat,O
000274-001,Muslim,O
000274-001,lainya.,O
000274-001,Sementara,O
000274-001,separoh,O
000274-001,"lainnya,",O
000274-001,sebanyak,O
000274-001,1800,O
000274-001,bagian,O
000274-001,dikhususkan,O
000274-001,untuk,O
000274-001,para,O
000274-001,wakil,O
000274-001,beliau,O
000274-001,dan,O
000274-001,untuk,O
000274-001,urusan,O
000274-001,umum,O
000274-001,kaum,O
000274-001,Muslimin.,O
000274-001,Orang-orang,O
000274-001,Muslim,O
000274-001,yang,O
000274-001,ikut,O
000274-001,dalam,O
000274-001,peristiwa,O
000274-001,"Hudaibiyah,",B_LOCATION
000274-001,yang,O
000274-001,jumlahnya,O
000274-001,1400,O
000274-001,"orang,",O
000274-001,juga,O
000274-001,mendapat,O
000274-001,bagian,O
000274-001,dari,O
000274-001,separoh,O
000274-001,yang,O
000274-001,terakhir,O
000274-001,"ini,",O
000274-001,baik,O
000274-001,yang,O
000274-001,saat,O
000274-001,Perang,B_EVENT
000274-001,Khaibar,I_EVENT
000274-001,itu,O
000274-001,mereka,O
000274-001,ikut,O
000274-001,bergabung,O
000274-001,atau,O
000274-001,tidak.,O
000274-001,Karena,O
000274-001,bagaimanapun,O
000274-001,"juga,",O
000274-001,harta,O
000274-001,rampasan,O
000274-001,dari,O
000274-001,Perang,B_EVENT
000274-001,Khaibar,I_EVENT
000274-001,ini,O
000274-001,juga,O
000274-001,tidak,O
000274-001,lepas,O
000274-001,dari,O
000274-001,peran,O
000274-001,orang-orang,O
000274-001,yang,O
000274-001,ikut,O
000274-001,dalam,O
000274-001,peristiwa,O
000274-001,Hudaibiyah.,B_LOCATION
000280-001,Setelah,O
000280-001,urusan,O
000280-001,Khaibar,B_LOCATION
000280-001,"selesai,",O
000280-001,Rasulullah,B_PERSON
000280-001,mengalihkan,O
000280-001,sasaran,O
000280-001,ke,O
000280-001,Wadil,O
000280-001,Qura.,O
000280-001,Di,O
000280-001,sana,O
000280-001,ada,O
000280-001,segolongan,O
000280-001,orang-orang,O
000280-001,Yahudi,O
000280-001,yang,O
000280-001,hidup,O
000280-001,bersama,O
000280-001,segolongan,O
000280-001,orang-orang,O
000280-001,Arab.,O
000280-001,Saat,O
000280-001,orang-orang,O
000280-001,Muslim,O
000280-001,tiba,O
000280-001,di,O
000280-001,"sana,",O
000280-001,orang-orang,O
000280-001,Yahudi,O
000280-001,menyambut,O
000280-001,mereka,O
000280-001,dengan,O
000280-001,lemparan,O
000280-001,anak,O
000280-001,"panah,",O
000280-001,hingga,O
000280-001,mengenai,O
000280-001,seorang,O
000280-001,pembantu,O
000280-001,Rasulullah,B_PERSON
000280-001,hingga,O
000280-001,meninggal,O
000280-001,dunia.,O
000280-001,Orang-orang,O
000280-001,"berkata,",O
000280-001,"""Selamat",O
000280-001,atas,O
000280-001,surga,O
000280-001,yang,O
000280-001,"diperolehnya.""",O
000280-001,Beliau,O
000280-001,"bersabda,",O
000280-001,Sama,O
000280-001,sekali,O
000280-001,tidak.,O
000280-001,Demi,O
000280-001,yang,O
000280-001,diriku,O
000280-001,ada,O
000280-001,di,O
000280-001,tangan-Nya,O
000280-001,mantel,O
000280-001,yang,O
000280-001,dia,O
000280-001,curi,O
000280-001,dari,O
000280-001,harta,O
000280-001,rampasan,O
000280-001,"Khaibar,",B_LOCATION
000280-001,padahal,O
000280-001,dia,O
000280-001,tidak,O
000280-001,mendapat,O
000280-001,bagian,O
000280-001,dari,O
000280-001,harta,O
000280-001,rampasan,O
000280-001,"itu,",O
000280-001,benar-benar,O
000280-001,menjadi,O
000280-001,api,O
000280-001,yang,O
000280-001,"membakarnya.""",O
000280-001,Saat,O
000280-001,orang-orang,O
000280-001,mendengarkan,O
000280-001,sabda,O
000280-001,beliau,O
000280-001,"ini,",O
000280-001,tiba-tiba,O
000280-001,muncul,O
000280-001,seseorang,O
000280-001,ke,O
000280-001,hadapan,O
000280-001,beliau,O
000280-001,sambil,O
000280-001,membawa,O
000280-001,satu,O
000280-001,atau,O
000280-001,dua,O
000280-001,tali,O
000280-001,terompah,O
000280-001,Beliau,O
000280-001,"bersabda,",O
000280-001,"""Ini",O
000280-001,adalan,O
000280-001,terompah,O
000280-001,dari,O
000280-001,api,O
000280-001,233,O
000280-001,Sirah,O
000280-001,"An-Nabawiyah,",O
000280-001,Ibnu,B_PERSON
000280-001,"Hisyam,",I_PERSON
000280-001,2/337-353,O
000280-001,234,O
000280-001,Shahih,O
000280-001,"Al-Bukhari,",O
000280-001,2/608.,O
000280-001,Nabi,O
000280-001,menyiapkan,O
000280-001,para,O
000280-001,sahabat,O
000280-001,untuk,O
000280-001,berperang,O
000280-001,dan,O
000280-001,membariskan,O
000280-001,mereka.,O
000280-001,Satu,O
000280-001,bendera,O
000280-001,diserahkan,O
000280-001,kepada,O
000280-001,Sa'd,B_PERSON
000280-001,bin,I_PERSON
000280-001,"Ubadah,",I_PERSON
000280-001,satu,O
000280-001,bendera,O
000280-001,lagi,O
000280-001,diserahkan,O
000280-001,kepada,O
000280-001,Al-Hubab,B_PERSON
000280-001,bin,I_PERSON
000280-001,Al-Mundzir,I_PERSON
000280-001,dan,O
000280-001,satu,O
000280-001,bendera,O
000280-001,lagi,O
000280-001,diserahkan,O
000280-001,kepada,O
000280-001,kepada,O
000280-001,Abbad,B_PERSON
000280-001,bin,I_PERSON
000280-001,Bisyr.,I_PERSON
000280-001,Beliau,O
000280-001,menyeru,O
000280-001,agar,O
000280-001,mereka,O
000280-001,mau,O
000280-001,masuk,O
000280-001,"Islam,",O
000280-001,namun,O
000280-001,mereka,O
000280-001,menolaknya.,O
000280-001,Muncul,O
000280-001,salah,O
000280-001,seorang,O
000280-001,dari,O
000280-001,mereka,O
000280-001,yang,O
000280-001,mengajak,O
000280-001,adu,O
000280-001,tanding.,O
000280-001,Az-Zubair,B_PERSON
000280-001,bin,I_PERSON
000280-001,Al-Awwam,I_PERSON
000280-001,melayani,O
000280-001,tantangannya,O
000280-001,dan,O
000280-001,dapat,O
000280-001,membunuhnya.,O
000280-001,Muncul,O
000280-001,orang,O
000280-001,kedua,O
000280-001,dari,O
000280-001,mereka,O
000280-001,dan,O
000280-001,akhirnya,O
000280-001,dapat,O
000280-001,dibunuh,O
000280-001,lagi,O
000280-001,oleh,O
000280-001,Az-Zubair.,O
000280-002,Muncul,O
000280-002,orang,O
000280-002,kedua,O
000280-002,dari,O
000280-002,mereka,O
000280-002,dan,O
000280-002,akhirnya,O
000280-002,dapat,O
000280-002,dibunuh,O
000280-002,lagi,O
000280-002,oleh,O
000280-002,Az-Zubair.,O
000280-002,Orang,O
000280-002,ketiga,O
000280-002,dilayani,O
000280-002,oleh,O
000280-002,Ali,B_PERSON
000280-002,bin,I_PERSON
000280-002,Abu,I_PERSON
000280-002,Thalib,I_PERSON
000280-002,dan,O
000280-002,dapat,O
000280-002,"dibunuhnya,",O
000280-002,hingga,O
000280-002,ada,O
000280-002,sebelas,O
000280-002,orang,O
000280-002,di,O
000280-002,antara,O
000280-002,mereka,O
000280-002,yang,O
000280-002,semuanya,O
000280-002,dapat,O
000280-002,dibunuh.,O
000280-002,Setiap,O
000280-002,kali,O
000280-002,ada,O
000280-002,satu,O
000280-002,orang,O
000280-002,di,O
000280-002,antara,O
000280-002,mereka,O
000280-002,yang,O
000280-002,dapat,O
000280-002,"dibunuh,",O
000280-002,maka,O
000280-002,sisanya,O
000280-002,diseru,O
000280-002,untuk,O
000280-002,masuk,O
000280-002,Islam.,O
000280-002,Saat,O
000280-002,itu,O
000280-002,tiba,O
000280-002,waktu,O
000280-002,shalat.,O
000280-002,Maka,O
000280-002,beliau,O
000280-002,melaksanakan,O
000280-002,shalat,O
000280-002,bersama,O
000280-002,para,O
000280-002,sahabat.,O
000280-002,Setelah,O
000280-002,selesai,O
000280-002,"shalat,",O
000280-002,beliau,O
000280-002,kembali,O
000280-002,menyeru,O
000280-002,mereka,O
000280-002,lagi,O
000280-002,agar,O
000280-002,mau,O
000280-002,masuk,O
000280-002,"Islam,",O
000280-002,mengajak,O
000280-002,kepada,O
000280-002,Allah,O
000280-002,dan,O
000280-002,Rasul-Nya.,O
000280-002,Tetapi,O
000280-002,mereka,O
000280-002,tetap,O
000280-002,menolak.,O
000280-002,Pertempuran,O
000280-002,berjalan,O
000280-002,terus,O
000280-002,hingga,O
000280-002,sore,O
000280-002,hari.,O
000280-002,Esok,O
000280-002,paginya,O
000280-002,selagi,O
000280-002,matahari,O
000280-002,belum,O
000280-002,naik,O
000280-002,"sepenggalah,",O
000280-002,mereka,O
000280-002,sudah,O
000280-002,menyerah.,O
000280-002,Beliau,O
000280-002,dapat,O
000280-002,menaklukkan,O
000280-002,mereka,O
000280-002,dengan,O
000280-002,cara,O
000280-002,damai.,O
000280-002,Cukup,O
000280-002,banyak,O
000280-002,harta,O
000280-002,rampasan,O
000280-002,yang,O
000280-002,diperoleh,O
000280-002,dari,O
000280-002,mereka,O
000280-002,Rasulullah,B_PERSON
000280-002,di,O
000280-002,Wadil,O
000280-002,Qura,O
000280-002,selama,O
000280-002,empat,O
000280-002,"hari,",O
000280-002,dan,O
000280-002,membagi,O
000280-002,harta,O
000280-002,rampasan,O
000280-002,di,O
000280-002,antara,O
000280-002,para,O
000280-002,sahabat.,O
000280-002,Sedangkan,O
000280-002,tanahnya,O
000280-002,diserahkan,O
000280-002,kepada,O
000280-002,penduduk,O
000280-002,Wadil,O
000280-002,Qura,O
000280-002,untuk,O
000280-002,"diolah,",O
000280-002,seperti,O
000280-002,yang,O
000280-002,diberlakukan,O
000280-002,terhadap,O
000280-002,penduduk,O
000299-001,Di,O
000299-001,bagian,O
000299-001,terdahulu,O
000299-001,sudah,O
000299-001,kami,O
000299-001,paparkan,O
000299-001,tentang,O
000299-001,salah,O
000299-001,satu,O
000299-001,klausul,O
000299-001,perjanjian,O
000299-001,"Hudaibiyah,",B_LOCATION
000299-001,bahwa,O
000299-001,siapa,O
000299-001,yang,O
000299-001,ingin,O
000299-001,bergabung,O
000299-001,ke,O
000299-001,pihak,O
000299-001,Muhammad,B_PERSON
000299-001,dan,O
000299-001,membuat,O
000299-001,"perjanjian,",O
000299-001,maka,O
000299-001,dia,O
000299-001,boleh,O
000299-001,"melakukannya,",O
000299-001,dan,O
000299-001,siapa,O
000299-001,yang,O
000299-001,ingin,O
000299-001,bergabung,O
000299-001,ke,O
000299-001,pihak,O
000299-001,Quraisy,O
000299-001,dan,O
000299-001,membuat,O
000299-001,"perjanjian,",O
000299-001,maka,O
000299-001,dia,O
000299-001,pun,O
000299-001,boleh,O
000299-001,melakukannya.,O
000299-001,Kabilah,O
000299-001,manapun,O
000299-001,yang,O
000299-001,bergabung,O
000299-001,ke,O
000299-001,salah,O
000299-001,satu,O
000299-001,"pihak,",O
000299-001,maka,O
000299-001,kabilah,O
000299-001,tersebut,O
000299-001,dianggap,O
000299-001,sebagai,O
000299-001,bagian,O
000299-001,dari,O
000299-001,pihak,O
000299-001,yang,O
000299-001,bersangkutan,O
000299-001,Penyerangan,O
000299-001,terhadap,O
000299-001,suatu,O
000299-001,kabilah,O
000299-001,dianggap,O
000299-001,sebagai,O
000299-001,penyerangan,O
000299-001,terhadap,O
000299-001,pihak,O
000299-001,yang,O
000299-001,bersangkutan.,O
000299-001,Atas,O
000299-001,dasar,O
000299-001,klausul,O
000299-001,"ini,",O
000299-001,maka,O
000299-001,Khuza'ah,O
000299-001,bergabung,O
000299-001,ke,O
000299-001,pihak,O
000299-001,Nabi,O
000299-001,sedangkan,O
000299-001,Bani,O
000299-001,Bakr,O
000299-001,bergabung,O
000299-001,ke,O
000299-001,pihak,O
000299-001,Quraisy.,O
000299-001,Sehingga,O
000299-001,masing-masing,O
000299-001,dari,O
000299-001,dua,O
000299-001,kabilah,O
000299-001,ini,O
000299-001,merasa,O
000299-001,aman,O
000299-001,dari,O
000299-001,gangguan,O
000299-001,pihak,O
000299-001,lain.,O
000299-001,Semasa,O
000299-001,"jahiliyah,",O
000299-001,dua,O
000299-001,kabilah,O
000299-001,ini,O
000299-001,saling,O
000299-001,bermusuhan,O
000299-001,dan,O
000299-001,saling,O
000299-001,menyerang.,O
000299-001,Setelah,O
000299-001,Islam,O
000299-001,datang,O
000299-001,dan,O
000299-001,terjadi,O
000299-001,gencatan,O
000299-001,senjata,O
000299-001,di,O
000299-001,Hudaibiyah,B_LOCATION
000299-001,serta,O
000299-001,masing-masing,O
000299-001,mulai,O
000299-001,merasa,O
000299-001,aman,O
000299-001,dari,O
000299-001,gangguan,O
000299-001,pihak,O
000299-001,"lainnya,",O
000299-001,kesempatan,O
000299-001,ini,O
000299-001,justru,O
000299-001,digunakan,O
000299-001,Bani,O
000299-001,Bakr,O
000299-001,untuk,O
000299-001,melampiaskan,O
000299-001,dendam,O
000299-001,lama,O
000299-001,terhadap,O
000299-001,Khuza'ah.,O
000299-001,Naufal,B_PERSON
000299-001,bin,I_PERSON
000299-001,Mu'awiyah,I_PERSON
000299-001,Ad-Daili,O
000299-001,bersama,O
000299-001,segolongan,O
000299-001,orang,O
000299-001,dari,O
000299-001,Bani,O
000299-001,Bakr,O
000299-001,melakukan,O
000299-001,serangan,O
000299-001,mendadak,O
000299-001,pada,O
000299-001,malam,O
000299-001,hari,O
000299-001,terhadap,O
000299-001,Bani,O
000299-001,Khuza,O
000299-001,ah,O
000299-001,yang,O
000299-001,sedang,O
000299-001,berada,O
000299-001,di,O
000299-001,mata,O
000299-001,air,O
000299-001,"mereka,",O
000299-001,Al-Watir.,O
000299-001,Dalam,O
000299-001,serangan,O
000299-001,mendadak,O
000299-001,ini,O
000299-001,dia,O
000299-001,bisa,O
000299-001,menghabisi,O
000299-001,beberapa,O
000299-001,orang,O
000299-001,Bani,O
000299-001,Khuza'ah.,O
000299-001,Kedua,O
000299-001,belah,O
000299-001,pihak,O
000299-001,bertempur,O
000299-001,seru.,O
000301-004,Sementara,O
000301-004,"itu,",O
000301-004,tidak,O
000301-004,ada,O
000301-004,kerabatku,O
000301-004,yang,O
000301-004,bisa,O
000301-004,melindungi,O
000301-004,mereka,O
000301-004,Padahal,O
000301-004,orang-orang,O
000301-004,yang,O
000301-004,bersama,O
000301-004,engkau,O
000301-004,mempunyai,O
000301-004,kerabat,O
000301-004,yang,O
000301-004,bisa,O
000301-004,melindungi,O
000301-004,mereka.,O
000301-004,Karena,O
000301-004,itu,O
000301-004,aku,O
000301-004,ingin,O
000301-004,ada,O
000301-004,kerabat,O
000301-004,yang,O
000301-004,bisa,O
000301-004,melindungi,O
000301-004,keluargaku,O
000301-004,di,O
000301-004,"sana.""",O
000301-004,Umar,B_PERSON
000301-004,bin,I_PERSON
000301-004,Al-Khaththab,I_PERSON
000301-004,"berkata,",O
000301-004,"""Wahai",O
000301-004,"Rasulullah,",B_PERSON
000301-004,biarkan,O
000301-004,aku,O
000301-004,memeng-,O
000301-004,gal,O
000301-004,"lehernya,",O
000301-004,karena,O
000301-004,dia,O
000301-004,telah,O
000301-004,mengkhianati,O
000301-004,Allah,O
000301-004,dan,O
000301-004,Rasul-Nya,O
000301-004,serta,O
000301-004,bersikap,O
000301-004,"munafik.""",O
000301-004,Rasulullah,B_PERSON
000301-004,"menjawab,",O
000301-004,"""Sesungguhnya",O
000301-004,dia,O
000301-004,pernah,O
000301-004,ikut,O
000301-004,dalam,O
000301-004,Perang,B_EVENT
000301-004,Badr.,I_EVENT
000301-004,Lalu,O
000301-004,bagaimana,O
000301-004,engkau,O
000301-004,bisa,O
000301-004,mengetahui,O
000301-004,hal,O
000301-004,itu,O
000301-004,wahai,O
000301-004,Umar?,B_PERSON
000301-004,Boleh,O
000301-004,jadi,O
000301-004,Allah,O
000301-004,telah,O
000301-004,mengetahui,O
000301-004,isi,O
000301-004,hati,O
000301-004,orang-orang,O
000301-004,yang,O
000301-004,ikut,O
000301-004,dalam,O
000301-004,Perang,B_EVENT
000301-004,"Badr.""",I_EVENT
000301-004,Lalu,O
000301-004,beliau,O
000301-004,bersabda,O
000301-004,"lagi,",O
000301-004,"""Berbuatlah",O
000301-004,sesuka,O
000301-004,"kalian,",O
000301-004,karena,O
000301-004,kesalahan,O
000301-004,kalian,O
000301-004,sudah,O
000301-004,"diampuni.""",O
000301-004,Kedua,O
000301-004,mata,O
000301-004,Umar,B_PERSON
000301-004,meneteskan,O
000301-004,butir-butir,O
000301-004,air,O
000301-004,"mata,",O
000301-004,seraya,O
000301-004,"berkata,",O
000301-004,"""Allah",O
000301-004,dan,O
000301-004,Rasul-Nya,O
000301-004,lebih,O
000301-004,"mengetahui.""",O
000301-004,Begitulah,O
000301-004,Allah,O
000301-004,mencekal,O
000301-004,setiap,O
000301-004,"mata-mata,",O
000301-004,hingga,O
000301-004,tak,O
000301-004,ada,O
000301-004,sedikit,O
000301-004,informasi,O
000301-004,pun,O
000301-004,yang,O
000301-004,didengar,O
000301-004,Quraisy,O
000301-004,tentang,O
000301-004,persiapan,O
000301-004,orang-orang,O
000301-004,Muslim,O
000301-004,untuk,O
000301-004,berperang,O
000343-001,Begitulah,O
000343-001,informasi,O
000343-001,yang,O
000343-001,masih,O
000343-001,simpang,O
000343-001,siur,O
000343-001,yang,O
000343-001,diterima,O
000343-001,orang-,O
000343-001,orang,O
000343-001,Muslim,O
000343-001,dan,O
000343-001,gambaran,O
000343-001,keadaan,O
000343-001,mereka,O
000343-001,saat,O
000343-001,"itu,",O
000343-001,hingga,O
000343-001,kemudian,O
000343-001,ada,O
000343-001,serombongan,O
000343-001,orang,O
000343-001,yang,O
000343-001,datang,O
000343-001,dari,O
000343-001,Syam,B_LOCATION
000343-001,ke,O
000343-001,Madinah,B_LOCATION
000343-001,sambil,O
000343-001,membawa,O
000343-001,minyak.,O
000343-001,Mereka,O
000343-001,mengabarkan,O
000343-001,bahwa,O
000343-001,Heraklius,B_PERSON
000343-001,sudah,O
000343-001,menyiapkan,O
000343-001,segelar,O
000343-001,pasukan,O
000343-001,yang,O
000343-001,amat,O
000343-001,"besar,",O
000343-001,berkekuatan,O
000343-001,40.000,O
000343-001,"prajurit,",O
000343-001,yang,O
000343-001,dipimpin,O
000343-001,salah,O
000343-001,seorang,O
000343-001,pembesar,O
000343-001,Romawi.,O
000343-001,Beberapa,O
000343-001,kabilah,O
000343-001,juga,O
000343-001,bergabung,O
000343-001,bersama,O
000343-001,mereka,O
000343-001,seperti,O
000343-001,kabilah,O
000343-001,"Lakhm,",O
000343-001,"Judzam,",O
000343-001,dan,O
000343-001,lain-lainnya,O
000343-001,dari,O
000343-001,kabilah-kabilah,O
000343-001,Arab,O
000343-001,yang,O
000343-001,beragama,O
000343-001,Nashrani.,O
000343-001,Pasukan,O
000343-001,mereka,O
000343-001,yang,O
000343-001,terdepan,O
000343-001,sudah,O
000343-001,tiba,O
000343-001,di,O
000343-001,Balqa',B_LOCATION
000343-001,.,O
000343-001,Begitulah,O
000343-001,keadaan,O
000343-001,yang,O
000343-001,cukup,O
000343-001,"rawan,",O
000343-001,yang,O
000343-001,harus,O
000343-001,dihadapi,O
000343-001,orang-orang,O
000343-001,Muslim.,O
000343-001,Keadaan,O
000343-001,ini,O
000343-001,semakin,O
000343-001,diperparah,O
000343-001,karena,O
000343-001,saat,O
000343-001,itu,O
000343-001,bertepatan,O
000343-001,dengan,O
000343-001,musim,O
000343-001,kemarau,O
000343-001,yang,O
000343-001,amat,O
000343-001,panas,O
000343-001,dan,O
000343-001,kering.,O
000343-001,Orang-orang,O
000343-001,menghadapi,O
000343-001,keadaan,O
000343-001,yang,O
000343-001,lebih,O
000343-001,sulit,O
000343-001,dan,O
000343-001,jarang-jarang,O
000343-001,menampakkan,O
000343-001,diri.,O
000343-001,Sementara,O
000343-001,buah-buah,O
000343-001,juga,O
000343-001,mulai,O
000343-001,"masak,",O
000343-001,sehingga,O
000343-001,mereka,O
000343-001,lebih,O
000343-001,suka,O
000343-001,berada,O
000343-001,di,O
000343-001,kebun,O
000343-001,buah-buahan,O
000343-001,dan,O
000343-001,keteduhan,O
000343-001,pepohonannya.,O
000343-001,Jarak,O
000343-001,yang,O
000343-001,harus,O
000343-001,mereka,O
000343-001,tempuh,O
000343-001,jika,O
000343-001,harus,O
000343-001,berperang,O
000343-001,juga,O
000343-001,amat,O
000343-001,jauh,O
000343-001,lagi,O
000343-001,sulit.,O
000347-003,Saat,O
000347-003,perjalanan,O
000347-003,sudah,O
000347-003,mendekati,O
000347-003,"Tabuk,",B_LOCATION
000347-003,beliau,O
000347-003,"bersabda,",O
000347-003,"""Insya",O
000347-003,Allah,O
000347-003,besok,O
000347-003,kalian,O
000347-003,sudah,O
000347-003,sampai,O
000347-003,di,O
000347-003,mata,O
000347-003,air,O
000347-003,Tabuk.,B_LOCATION
000347-003,Paling,O
000347-003,cepat,O
000347-003,kalian,O
000347-003,tiba,O
000347-003,di,O
000347-003,sana,O
000347-003,pada,O
000347-003,waktu,O
000347-003,dhuha.,O
000347-003,Siapa,O
000347-003,pun,O
000347-003,yang,O
000347-003,sudah,O
000347-003,tiba,O
000347-003,di,O
000347-003,"sana,",O
000347-003,maka,O
000347-003,dia,O
000347-003,tidak,O
000347-003,boleh,O
000347-003,mengambil,O
000347-003,air,O
000347-003,sedikit,O
000347-003,pun,O
000347-003,di,O
000347-003,sana,O
000347-003,hingga,O
000347-003,aku,O
000347-003,"tiba.""",O
000347-003,Mu,O
000347-003,adz,O
000347-003,"menuturkan,",O
000347-003,"""Ada",O
000347-003,dua,O
000347-003,orang,O
000347-003,yang,O
000347-003,lebih,O
000347-003,dahulu,O
000347-003,tiba,O
000347-003,di,O
000347-003,sana.,O
000347-003,Mata,O
000347-003,airnya,O
000347-003,hanya,O
000347-003,mengeluarkan,O
000347-003,sedikit,O
000347-003,air.,O
000347-003,Beliau,O
000347-003,bertanya,O
000347-003,kepada,O
000347-003,dua,O
000347-003,orang,O
000347-003,"itu,",O
000347-003,"""Apakah",O
000347-003,kalian,O
000347-003,berdua,O
000347-003,sudah,O
000347-003,mengambil,O
000347-003,airnya,O
000347-003,walau,O
000347-003,"sedikit?""",O
000347-003,"""Sudah,""",O
000347-003,jawab,O
000347-003,keduanya,O
000347-003,Beliau,O
000347-003,mengucapkan,O
000347-003,sepatah,O
000347-003,dua,O
000347-003,patah,O
000347-003,kata,O
000347-003,kepada,O
000347-003,keduanya,O
000347-003,seperti,O
000347-003,yang,O
000347-003,dikehendaki,O
000347-003,Allah,O
000347-003,untuk,O
000347-003,dikatakan,O
000347-003,kepada,O
000347-003,mereka,O
000347-003,berdua.,O
000347-003,Kemudian,O
000347-003,beliau,O
000347-003,mengambil,O
000347-003,sedikit,O
000347-003,airnya,O
000347-003,lalu,O
000347-003,beliau,O
000347-003,menggunakannya,O
000347-003,untuk,O
000347-003,membasuh,O
000347-003,muka,O
000347-003,dan,O
000347-003,tangan.,O
000347-003,Kemudian,O
000347-003,air,O
000347-003,itu,O
000347-003,dikembalikan,O
000347-003,lagi,O
000347-003,ke,O
000347-003,mata,O
000347-003,"airnya,",O
000347-003,hingga,O
000347-003,airnya,O
000347-003,berlimpah,O
000347-003,ruah.,O
000347-003,Maka,O
000347-003,orang-orang,O
000347-003,bisa,O
000347-003,mengambil,O
000347-003,air,O
000347-003,dari,O
000347-003,mata,O
000347-003,air,O
000347-003,itu.,O
000347-003,Kemudian,O
000347-003,beliau,O
000347-003,"bersabda,",O
000347-003,"""Wahai",O
000347-003,"Mu'adz,",O
000347-003,jika,O
000347-003,umurmu,O
000347-003,"panjang,",O
000347-003,maka,O
000347-003,tak,O
000347-003,seberapa,O
000347-003,lama,O
000347-003,kemudian,O
000347-003,engkau,O
000347-003,akan,O
000347-003,melihat,O
000347-003,di,O
000347-003,sini,O
000347-003,sudah,O
000347-003,penuh,O
000347-003,dengan,O
000347-003,"kebun-kebun.""",O
000347-003,Saat,O
000347-003,masih,O
000347-003,di,O
000347-003,perjalanan,O
000347-003,ke,O
000347-003,Tabuk,B_LOCATION
000347-003,atau,O
000347-003,menurut,O
000347-003,riwayat,O
000347-003,lain,O
000347-003,sudah,O
000347-003,tiba,O
000347-003,di,O
000347-003,"sana,",O
000347-003,Rasulullah,B_PERSON
000347-003,"bersabda,",O
000347-003,"""Malam",O
000347-003,ini,O
000347-003,akan,O
000347-003,berhembus,O
000347-003,angin,O
000347-003,y,O
000347-003,ang,O
000347-003,"kencang.""""",O
000347-003,Ada,O
000347-003,seseorang,O
000347-003,yang,O
000347-003,keluar,O
000347-003,dan,O
000347-003,berdiri,O
000347-003,hingga,O
000347-003,berhembus,O
000347-003,angin,O
000347-003,dan,O
000347-003,jatuh,O
000347-003,di,O
000347-003,celah,O
000347-003,antara,O
000347-003,dua,O
000347-003,bukit.,O
000347-003,Dalam,O
000347-003,perjalanan,O
000347-003,ini,O
000347-003,Rasulullah,B_PERSON
000347-003,senantiasa,O
000347-003,menjama',O
000347-003,antara,O
000347-003,shalat,O
000347-003,zhuhur,O
000347-003,dan,O
000347-003,"anshar,",O
000347-003,magrib,O
000347-003,dan,O
000347-003,"isya',",O
000347-003,kadang,O
000347-003,dengan,O
000347-003,jama',O
000347-003,taqdim,O
000347-003,kadang,O
000347-003,dengan,O
000347-003,jama',O
000347-003,ta'khir.,O
000349-002,Ia,O
000349-002,mencintai,O
000349-002,kami,O
000349-002,dan,O
000349-002,kami,O
000349-002,"mencintainya.""",O
000349-002,Secara,O
000349-002,lamat-lamat,O
000349-002,orang,O
000349-002,yang,O
000349-002,berada,O
000349-002,di,O
000349-002,Madinah,B_LOCATION
000349-002,bisa,O
000349-002,mendengar,O
000349-002,kedatangan,O
000349-002,beliau.,O
000349-002,Maka,O
000349-002,para,O
000349-002,wanita,O
000349-002,dan,O
000349-002,anak-anak,O
000349-002,keluar,O
000349-002,untuk,O
000349-002,menyongsong,O
000349-002,kedatangan,O
000349-002,pasukan,O
000349-002,dengan,O
000349-002,suasana,O
000349-002,"gembira,",O
000349-002,sambil,O
000349-002,mengucapkan,O
000349-002,syair,O
000349-002,seperti,O
000349-002,yang,O
000349-002,mereka,O
000349-002,ucapkan,O
000349-002,saat,O
000349-002,kedatangan,O
000349-002,beliau,O
000349-002,ke,O
000349-002,Madinah,B_LOCATION
000349-002,pertama,O
000349-002,kali,O
000349-002,Keberangkatan,O
000349-002,beliau,O
000349-002,ke,O
000349-002,Tabuk,B_LOCATION
000349-002,pada,O
000349-002,bulan,B_TIME
000349-002,Rajab,I_TIME
000349-002,dan,O
000349-002,pulang,O
000349-002,dari,O
000349-002,sana,O
000349-002,pada,O
000349-002,bulan,B_TIME
000349-002,Ramadhan.,I_TIME
000349-002,Peperangan,O
000349-002,ini,O
000349-002,memakan,O
000349-002,waktu,O
000349-002,selama,O
000349-002,50,O
000349-002,hari.,O
000349-002,Beliau,O
000349-002,berada,O
000349-002,di,O
000349-002,Tabuk,B_LOCATION
000349-002,selama,O
000349-002,20,O
000349-002,"hari,",O
000349-002,sedangkan,O
000349-002,sisanya,O
000349-002,dihabiskan,O
000349-002,di,O
000349-002,perjalanan,O
000349-002,pulang,O
000349-002,pergi.,O
000349-002,Ini,O
000349-002,merupakan,O
000349-002,peperangan,O
000349-002,beliau,O
000349-002,yang,O
000349-002,terakhir,O
000349-002,kali.,O
