text_id,token,label
000043-001,Langkah,O
000043-001,pertama,O
000043-001,yang,O
000043-001,dilakukan,O
000043-001,Rasulullah,B_PERSON
000043-001,setelah,O
000043-001,turun,O
000043-001,ayat,O
000043-001,di,O
000043-001,atas,O
000043-001,ialah,O
000043-001,mengundang,O
000043-001,Bani,O
000043-001,Hasyim,O
000043-001,.,O
000043-001,Mereka,O
000043-001,memenuhi,O
000043-001,undangan,O
000043-001,ini,O
000043-001,",",O
000043-001,yaitu,O
000043-001,beberapa,O
000043-001,orang,O
000043-001,dari,O
000043-001,Bani,O
000043-001,Al-Muththalib,O
000043-001,bin,I_PERSON
000043-001,Abdi,I_PERSON
000043-001,Manaf,O
000043-001,",",O
000043-001,yang,O
000043-001,jumlahnya,O
000043-001,ada,O
000043-001,45,O
000043-001,orang,O
000043-001,.,O
000043-001,Sebelum,O
000043-001,beliau,O
000043-001,berbicara,O
000043-001,",",O
000043-001,Abu,B_PERSON
000043-001,Lahab,I_PERSON
000043-001,sudah,O
000043-001,mendahului,O
000043-001,angkat,O
000043-001,bicara,O
000043-001,",",O
000043-001,"""",O
000043-001,Mereka,O
000043-001,yang,O
000043-001,hadir,O
000043-001,di,O
000043-001,sini,O
000043-001,adalah,O
000043-001,paman-pamanmu,O
000043-001,sendiri,O
000043-001,dan,O
000043-001,anak-,O
000043-001,anaknya,O
000043-001,.,O
000043-001,Maka,O
000043-001,bicaralah,O
000043-001,jika,O
000043-001,ingin,O
000043-001,berbicara,O
000043-001,dan,O
000043-001,tidak,O
000043-001,perlu,O
000043-001,bersikap,O
000043-001,kekanak-,O
000043-001,kanakan,O
000043-001,.,O
000043-001,Ketahuilah,O
000043-001,bahwa,O
000043-001,tidak,O
000043-001,ada,O
000043-001,orang,O
000043-001,Arab,O
000043-001,yang,O
000043-001,berani,O
000043-001,mengernyitkan,O
000043-001,dahi,O
000043-001,terhadap,O
000043-001,kaummu,O
000043-001,.,O
000043-001,Dengan,O
000043-001,begitu,O
000043-001,aku,O
000043-001,berhak,O
000043-001,menghukummu,O
000043-001,.,O
000043-001,Biarkanlah,O
000043-001,urusan,O
000043-001,bani,O
000043-001,bapakmu,O
000043-001,.,O
000043-001,Jika,O
000043-001,engkau,O
000043-001,tetap,O
000043-001,bertahan,O
000043-001,pada,O
000043-001,urusanmu,O
000043-001,ini,O
000043-001,",",O
000043-001,maka,O
000043-001,itu,O
000043-001,lebih,O
000043-001,mudah,O
000043-001,bagi,O
000043-001,mereka,O
000043-001,daripada,O
000043-001,seluruh,O
000043-001,kabilah,O
000043-001,Quraisy,O
000043-001,menerkammu,O
000043-001,dan,O
000043-001,semua,O
000043-001,bangsa,O
000043-001,Arab,O
000043-001,ikut,O
000043-001,campur,O
000043-001,tangan,O
000043-001,.,O
000043-001,Engkau,O
000043-001,tidak,O
000043-001,pernah,O
000043-001,melihat,O
000043-001,seorang,O
000043-001,pun,O
000043-001,dari,O
000043-001,bani,O
000043-001,bapaknya,O
000043-001,yang,O
000043-001,pernah,O
000043-001,berbuat,O
000043-001,macam-macam,O
000043-001,seperti,O
000043-001,engkau,O
000043-001,perbuat,O
000043-001,saat,O
000043-001,ini,O
000043-001,".""",O
000043-001,Rasulullah,B_PERSON
000043-001,hanya,O
000043-001,diam,O
000043-001,dan,O
000043-001,sama,O
000043-001,sekali,O
000043-001,tidak,O
000043-001,berbicara,O
000043-001,dalam,O
000043-001,pertemuan,O
000043-001,itu,O
000043-001,.,O
000043-001,Kemudian,O
000043-001,beliau,O
000043-001,mengundang,O
000043-001,mereka,O
000043-001,untuk,O
000043-001,yang,O
000043-001,kedua,O
000043-001,kalinya,O
000043-001,",",O
000043-001,dan,O
000043-001,dalam,O
000043-001,pertemuan,O
000043-001,itu,O
000043-001,beliau,O
000043-001,bersabda,O
000043-001,",",O
000043-001,"""",O
000043-001,Segala,O
000043-001,puji,O
000043-001,bagi,O
000043-001,Allah,O
000043-001,dan,O
000043-001,aku,O
000043-001,memuji-Nya,O
000043-001,",",O
000043-001,memohon,O
000043-001,pertolongan,O
000043-001,",",O
000043-001,percaya,O
000043-001,dan,O
000043-001,tawakal,O
000043-001,kepada-Nya,O
000043-001,.,O
000043-001,Aku,O
000043-001,bersaksi,O
000043-001,bahwa,O
000043-001,tiada,O
000043-001,Ilah,O
000043-001,selain,O
000043-001,Allah,O
000043-001,semata,O
000043-001,yang,O
000043-001,tiada,O
000043-001,sekutu,O
000043-001,bagi-Nya,O
000043-001,".""",O
000043-001,Kemudian,O
000043-001,beliau,O
000043-001,melanjutkan,O
000043-001,lagi,O
000043-001,",",O
000043-001,Sesungguhnya,O
000043-001,seorang,O
000043-001,pemandu,O
000043-001,itu,O
000043-001,tidak,O
000043-001,akan,O
000043-001,mendustakan,O
000043-001,keluarganya,O
000043-001,.,O
000043-001,Demi,O
000043-001,Allah,O
000043-001,yang,O
000043-001,tidak,O
000043-001,ada,O
000043-001,Ilah,O
000043-001,selain,O
000043-001,Dia,O
000043-001,",",O
000043-001,sesungguhnya,O
000043-001,aku,O
000043-001,adalah,O
000043-001,utusan,O
000043-001,Allah,O
000043-001,kepada,O
000043-001,kalian,O
000043-001,secara,O
000043-001,khusus,O
000043-001,dan,O
000043-001,kepada,O
000043-001,manusia,O
000043-001,secara,O
000043-001,umum,O
000043-001,.,O
000049-002,Terlebih,O
000049-002,lagi,O
000049-002,beliau,O
000049-002,mendapat,O
000049-002,perlidungan,O
000049-002,Abu,B_PERSON
000049-002,Thalib,I_PERSON
000049-002,.,O
000049-002,Sementara,O
000049-002,Abu,B_PERSON
000049-002,Thalib,I_PERSON
000049-002,adalah,O
000049-002,orang,O
000049-002,yang,O
000049-002,terhormat,O
000049-002,.,O
000049-002,Tak,O
000049-002,seorang,O
000049-002,pun,O
000049-002,berani,O
000049-002,melanggar,O
000049-002,perlindungan,O
000049-002,yang,O
000049-002,diberikannya,O
000049-002,.,O
000049-002,Keadaan,O
000049-002,seperti,O
000049-002,ini,O
000049-002,benar-benar,O
000049-002,menggelisahkan,O
000049-002,hati,O
000049-002,orang-orang,O
000049-002,Quraisy,O
000049-002,",",O
000049-002,membuat,O
000049-002,mereka,O
000049-002,bingung,O
000049-002,harus,O
000049-002,berbuat,O
000049-002,apa,O
000049-002,.,O
000049-002,Mereka,O
000049-002,tetap,O
000049-002,menahan,O
000049-002,kegeraman,O
000049-002,sekian,O
000049-002,lama,O
000049-002,dalam,O
000049-002,menghadapi,O
000049-002,dakwah,O
000049-002,",",O
000049-002,yang,O
000049-002,bisa,O
000049-002,memusnahkan,O
000049-002,kepemimpinan,O
000049-002,mereka,O
000049-002,dalam,O
000049-002,agama,O
000049-002,(,O
000049-002,Jahiliyah,O
000049-002,),O
000049-002,dan,O
000049-002,keduniaan,O
000049-002,.,O
000049-002,Oleh,O
000049-002,karena,O
000049-002,itu,O
000049-002,mereka,O
000049-002,mulai,O
000049-002,melancarkan,O
000049-002,serangan,O
000049-002,terhadap,O
000049-002,Nabi,O
000049-002,yang,O
000049-002,dikomandani,O
000049-002,Abu,B_PERSON
000049-002,Lahab,I_PERSON
000049-002,.,O
000049-002,Sikap,O
000049-002,Abu,B_PERSON
000049-002,Lahab,I_PERSON
000049-002,ini,O
000049-002,sudah,O
000049-002,ditunjukkan,O
000049-002,terhadap,O
000049-002,beliau,O
000049-002,sejak,O
000049-002,hari,O
000049-002,pertama,O
000049-002,",",O
000049-002,sebelum,O
000049-002,orang-orang,O
000049-002,Quraisy,O
000049-002,yang,O
000049-002,lain,O
000049-002,bertindak,O
000049-002,Di,O
000049-002,bagian,O
000049-002,terdahulu,O
000049-002,sudah,O
000049-002,kami,O
000049-002,singgung,O
000049-002,tentang,O
000049-002,sikapnya,O
000049-002,terhadap,O
000049-002,Nabi,O
000049-002,di,O
000049-002,pertemuan,O
000049-002,Bani,O
000049-002,Hasyim,O
000049-002,dan,O
000049-002,apa,O
000049-002,yang,O
000049-002,dilakukannya,O
000049-002,di,O
000049-002,bukit,O
000049-002,Shafa,B_PERSON
000049-002,.,O
000049-002,Di,O
000049-002,dalam,O
000049-002,beberapa,O
000049-002,riwayat,O
000049-002,disebutkan,O
000049-002,bahwa,O
000049-002,tatkala,O
000049-002,di,O
000049-002,Shafa,B_PERSON
000049-002,itu,O
000049-002,",",O
000049-002,Abu,B_PERSON
000049-002,Lahab,I_PERSON
000049-002,memungut,O
000049-002,sebuah,O
000049-002,batu,O
000049-002,dan,O
000049-002,menimpukkannya,O
000049-002,kepada,O
000049-002,beliau,O
000049-002,.,O
000049-002,Sebelum,O
000049-002,itu,O
000049-002,",",O
000049-002,Abu,B_PERSON
000049-002,Lahab,I_PERSON
000049-002,sudah,O
000049-002,menikahkan,O
000049-002,kedua,O
000049-002,anaknya,O
000049-002,",",O
000049-002,Utbah,I_PERSON
000049-002,dan,O
000049-002,Utaibah,B_PERSON
000049-002,dengan,O
000049-002,kedua,O
000049-002,putri,O
000049-002,beliau,O
000049-002,",",O
000049-002,Ruqayyah,I_PERSON
000049-002,dan,O
000049-002,Ummu,B_PERSON
000049-002,Kultsum,I_PERSON
000049-002,",",O
000049-002,tepatnya,O
000049-002,sebelum,O
000049-002,beliau,O
000049-002,diutus,O
000049-002,sebagai,O
000049-002,Rasul,O
000049-002,.,O
000049-002,Tetapi,O
000049-002,setelah,O
000049-002,itu,O
000049-002,dia,O
000049-002,menyuruh,O
000049-002,kedua,O
000049-002,anaknya,O
000049-002,untuk,O
000049-002,menceraikan,O
000049-002,istrinya,O
000049-002,masing-masing,O
000049-002,",",O
000049-002,dengan,O
000049-002,disertai,O
000049-002,ancaman,O
000049-002,keras,O
000049-002,.,O
000049-002,Tidak,O
000049-002,ada,O
000049-002,pilihan,O
000049-002,bagi,O
000049-002,kedua,O
000049-002,anak,O
000049-002,Abu,B_PERSON
000049-002,Lahab,I_PERSON
000049-002,kecuali,O
000049-002,menceraikan,O
000049-002,istrinya,O
000049-002,Setelah,O
000049-002,Abdullah,B_PERSON
000049-002,",",O
000049-002,putra,O
000049-002,Rasulullah,B_PERSON
000049-002,yang,O
000049-002,kedua,O
000049-002,meninggal,O
000049-002,dunia,O
000049-002,",",O
000049-002,Abu,B_PERSON
000049-002,Lahab,I_PERSON
000049-002,merasa,O
000049-002,senang,O
000049-002,sekali,O
000049-002,.,O
000049-002,Seketika,O
000049-002,itu,O
000049-002,dia,O
000049-002,menemui,O
000049-002,rekan-rekannya,O
000049-002,dan,O
000049-002,mengatakan,O
000049-002,kepada,O
000049-002,mereka,O
000049-002,bahwa,O
000049-002,Muhammad,B_PERSON
000049-002,sudah,O
000049-002,terputus,O
000049-002,dari,O
000049-002,rahmat,O
000049-002,Allah,O
000049-002,.,O
000049-005,yang,O
000049-005,semuanya,O
000049-005,merupakan,O
000049-005,tetangga,O
000049-005,beliau,O
000049-005,.,O
000049-005,Tak,O
000049-005,seorang,O
000049-005,pun,O
000049-005,di,O
000049-005,antara,O
000049-005,mereka,O
000049-005,yang,O
000049-005,masuk,O
000049-005,Islam,O
000049-005,selain,O
000049-005,Al-Hakam,B_PERSON
000049-005,bin,I_PERSON
000049-005,Abul,I_PERSON
000049-005,Ash,I_PERSON
000049-005,.,O
000049-005,Di,O
000049-005,antara,O
000049-005,mereka,O
000049-005,ada,O
000049-005,yang,O
000049-005,melemparkan,O
000049-005,isi,O
000049-005,perut,O
000049-005,seekor,O
000049-005,domba,O
000049-005,selagi,O
000049-005,beliau,O
000049-005,sedang,O
000049-005,shalat,O
000049-005,.,O
000049-005,Di,O
000049-005,antara,O
000049-005,mereka,O
000049-005,ada,O
000049-005,pula,O
000049-005,yang,O
000049-005,meletakkannya,O
000049-005,di,O
000049-005,dalam,O
000049-005,periuk,O
000049-005,beliau,O
000049-005,.,O
000049-005,Sehingga,O
000049-005,beliau,O
000049-005,perlu,O
000049-005,memasang,O
000049-005,bebatuan,O
000049-005,untuk,O
000049-005,memberi,O
000049-005,tanda,O
000049-005,pembatas,O
000049-005,agar,O
000049-005,tidak,O
000049-005,mereka,O
000049-005,76_,O
000049-005,Lihat,O
000049-005,Sirah,O
000049-005,An-Nabawiyah,O
000049-005,",",O
000049-005,Ibnu,B_PERSON
000049-005,Hisyam,I_PERSON
000049-005,",",O
000049-005,1/335-336,O
000049-005,.,O
000049-005,langgar,O
000049-005,selagi,O
000049-005,sedang,O
000049-005,shalat,O
000049-005,.,O
000049-005,Jika,O
000049-005,beliau,O
000049-005,dilempari,O
000049-005,kotoran-kotoran,O
000049-005,itu,O
000049-005,",",O
000049-005,maka,O
000049-005,beliau,O
000049-005,keluar,O
000049-005,rumah,O
000049-005,sambil,O
000049-005,memegangi,O
000049-005,sepotong,O
000049-005,dahan,O
000049-005,",",O
000049-005,lalu,O
000049-005,beliau,O
000049-005,berdiri,O
000049-005,di,O
000049-005,ambang,O
000049-005,pintu,O
000049-005,sambil,O
000049-005,membersihkannya,O
000049-005,",",O
000049-005,seraya,O
000049-005,bersabda,O
000049-005,",",O
000049-005,"""",O
000049-005,Wahai,O
000049-005,Bani,O
000049-005,Abdi,I_PERSON
000049-005,Manaf,O
000049-005,",",O
000049-005,tetangga,O
000049-005,macam,O
000049-005,apakah,O
000049-005,ini,O
000049-005,"?""",O
000049-005,Kemudian,O
000049-005,beliau,O
000049-005,membuang,O
000049-005,kotoran-,O
000049-005,kotoran,O
000049-005,itu,O
000049-005,ke,O
000049-005,jalan,O
000049-005,Terlebih,O
000049-005,lagi,O
000049-005,kebengisan,O
000049-005,Uqbah,B_PERSON
000049-005,bin,I_PERSON
000049-005,Abu,B_PERSON
000049-005,Mu'ith,I_PERSON
000049-005,.,O
000049-005,Al-Bukhari,O
000049-005,meriwayatkan,O
000049-005,dari,O
000049-005,Abdullah,B_PERSON
000049-005,bin,I_PERSON
000049-005,Mas-ud,I_PERSON
000049-005,",",O
000049-005,bahwa,O
000049-005,suatu,O
000049-005,kali,O
000049-005,Nabi,O
000049-005,shalat,O
000049-005,di,O
000049-005,dekat,O
000049-005,Ka'bah,B_PERSON
000049-005,sedangkan,O
000049-005,Abu,B_PERSON
000049-005,Jahal,I_PERSON
000049-005,dan,O
000049-005,rekan-rekannya,O
000049-005,sedang,O
000049-005,duduk-duduk,O
000049-005,.,O
000049-005,Sebagian,O
000049-005,di,O
000049-005,antara,O
000049-005,mereka,O
000049-005,ada,O
000049-005,yang,O
000049-005,berkata,O
000049-005,kepada,O
000049-005,sebagian,O
000049-005,yang,O
000049-005,lain,O
000049-005,",",O
000049-005,"""",O
000049-005,Siapakah,O
000049-005,di,O
000049-005,antara,O
000049-005,kalian,O
000049-005,yang,O
000049-005,berani,O
000049-005,mengambil,O
000049-005,kotoran,O
000049-005,onta,O
000049-005,yang,O
000049-005,disembelih,O
000049-005,di,O
000049-005,Bani,O
000049-005,Fulan,I_PERSON
000049-005,",",O
000049-005,dan,O
000049-005,meletakkannya,O
000049-005,di,O
000049-005,punggung,O
000049-005,Muhammad,B_PERSON
000049-005,selagi,O
000049-005,sedang,O
000049-005,shalat?',O
000049-005,Maka,O
000049-005,manusia,O
000049-005,yang,O
000049-005,paling,O
000049-005,celaka,O
000049-005,",",O
000049-005,Uqbah,B_PERSON
000049-005,bin,I_PERSON
000049-005,Abu,B_PERSON
000049-005,Mu'ith,I_PERSON
000049-005,",",O
000049-005,melaksanakannya,O
000049-005,Dia,O
000049-005,menunggu,O
000049-005,dan,O
000049-005,memandang,O
000049-005,.,O
000049-005,Tatkala,O
000049-005,beliau,O
000049-005,sedang,O
000049-005,sujud,O
000049-005,kepada,O
000049-005,Allah,O
000049-005,",",O
000049-005,maka,O
000049-005,dia,O
000049-005,meletakkan,O
000049-005,kotoran,O
000049-005,itu,O
000049-005,di,O
000049-005,antara,O
000049-005,pundak,O
000049-005,beliau,O
000049-005,.,O
000049-005,Aku,O
000049-005,hanya,O
000049-005,bisa,O
000049-005,mengawasi,O
000049-005,dan,O
000049-005,tidak,O
000049-005,mampu,O
000049-005,berbuat,O
000049-005,apa-apa,O
000049-005,.,O
000049-006,Aku,O
000049-006,hanya,O
000049-006,bisa,O
000049-006,mengawasi,O
000049-006,dan,O
000049-006,tidak,O
000049-006,mampu,O
000049-006,berbuat,O
000049-006,apa-apa,O
000049-006,.,O
000049-006,Andaikan,O
000049-006,saja,O
000049-006,aku,O
000049-006,bisa,O
000049-006,mencegahnya,O
000049-006,Mereka,O
000049-006,tertawa,O
000049-006,terbahak-bahak,O
000049-006,",",O
000049-006,sehingga,O
000049-006,badan,O
000049-006,mereka,O
000049-006,terguncang-guncang,O
000049-006,mengenai,O
000049-006,teman,O
000049-006,di,O
000049-006,sampingnya,O
000049-006,.,O
000049-006,Saat,O
000049-006,itu,O
000049-006,Rasulullah,B_PERSON
000049-006,yang,O
000049-006,sedang,O
000049-006,sujud,O
000049-006,",",O
000049-006,tetap,O
000049-006,dalam,O
000049-006,keadaan,O
000049-006,sujud,O
000049-006,dan,O
000049-006,tidak,O
000049-006,mengangkat,O
000049-006,kepala,O
000049-006,",",O
000049-006,hingga,O
000049-006,Fathimah,O
000049-006,datang,O
000049-006,menghampiri,O
000049-006,beliau,O
000049-006,",",O
000049-006,lalu,O
000049-006,membuang,O
000049-006,kotoran,O
000049-006,itu,O
000049-006,dari,O
000049-006,punggung,O
000049-006,beliau,O
000049-006,.,O
000049-006,Baru,O
000049-006,setelah,O
000049-006,itu,O
000049-006,beliau,O
000049-006,mengangkat,O
000049-006,kepala,O
000049-006,.,O
000049-006,Kemudian,O
000049-006,beliau,O
000049-006,berdoa,O
000049-006,",",O
000049-006,"""",O
000049-006,Ya,O
000049-006,Allah,O
000049-006,",",O
000049-006,hukumlah,O
000049-006,orang-orang,O
000049-006,Quraisy,O
000049-006,ini,O
000049-006,"!""",O
000049-006,Beliau,O
000049-006,mengucapkan,O
000049-006,tiga,O
000049-006,kali,O
000049-006,",",O
000049-006,sehingga,O
000049-006,membuat,O
000049-006,hati,O
000049-006,mereka,O
000049-006,tersentak,O
000049-006,",",O
000049-006,karena,O
000049-006,beliau,O
000049-006,mendoakan,O
000049-006,kecelakaan,O
000049-006,bagi,O
000049-006,mereka,O
000049-006,Abdullah,B_PERSON
000049-006,bin,I_PERSON
000049-006,Mas'ud,I_PERSON
000049-006,berkata,O
000049-006,lagi,O
000049-006,",",O
000049-006,"""",O
000049-006,Sementara,O
000049-006,mereka,O
000049-006,tahu,O
000049-006,bahwa,O
000049-006,doa,O
000049-006,di,O
000049-006,tempat,O
000049-006,beliau,O
000049-006,itu,O
000049-006,pasti,O
000049-006,mustajab,O
000049-006,.,O
000049-006,Kemudian,O
000049-006,beliau,O
000049-006,menyebut,O
000049-006,nama-nama,O
000049-006,mereka,O
000049-006,",",O
000049-006,"""",O
000049-006,Ya,O
000049-006,Allah,O
000049-006,",",O
000049-006,hukumlah,O
000049-006,Abu,B_PERSON
000049-006,Jahal,I_PERSON
000049-006,",",O
000049-006,hukumlah,O
000049-006,Utbah,B_PERSON
000049-006,bin,I_PERSON
000049-006,Rabi'ah,B_PERSON
000049-006,Syaibah,O
000049-006,bin,I_PERSON
000049-006,Rabi'ah,B_PERSON
000049-006,",",O
000049-006,Al-Walid,O
000049-006,bin,I_PERSON
000049-006,Utbah,B_PERSON
000049-006,",",O
000049-006,Umayyah,B_PERSON
000049-006,bin,I_PERSON
000049-006,Khalaf,I_PERSON
000049-006,",",O
000049-006,Uqbah,B_PERSON
000049-006,bin,I_PERSON
000049-006,Abu,B_PERSON
000049-006,Demi,O
000049-006,yang,O
000049-006,diriku,O
000049-006,di,O
000049-006,tangan-Nya,O
000049-006,",",O
000049-006,aku,O
000049-006,telah,O
000049-006,melihat,O
000049-006,sendiri,O
000049-006,orang-orang,O
000049-006,yang,O
000049-006,disebutkan,O
000049-006,Rasulullah,B_PERSON
000049-006,ini,O
000049-006,menjadi,O
000049-006,korban,O
000049-006,di,O
000049-006,dalam,O
000049-006,sumur,O
000049-006,saat,O
000049-006,Perang,B_EVENT
000049-006,Setiap,O
000049-006,kali,O
000049-006,Umayyah,B_PERSON
000049-006,bin,I_PERSON
000049-006,Khalaf,I_PERSON
000049-006,melihat,O
000049-006,Rasulullah,B_PERSON
000049-006,",",O
000049-006,maka,O
000049-006,dia,O
000049-006,mengumpat,O
000049-006,dan,O
000049-006,mencela,O
000049-006,beliau,O
000049-006,.,O
000049-006,Tentang,O
000049-006,dirinya,O
000049-006,",",O
000049-006,turun,O
000049-006,surah,O
000049-006,Al-Humazah,O
000049-006,Menurut,O
000049-006,Ibnu,B_PERSON
000049-006,Hisyam,I_PERSON
000049-006,",",O
000049-006,humazah,I_PERSON
000049-006,artinya,O
000049-006,orang,O
000049-006,yang,O
000049-006,mencela,O
000049-006,orang,O
000049-006,lain,O
000049-006,secara,O
000049-006,77_,O
000049-006,Rasulullah,B_PERSON
000049-006,Shallallahu,I_PERSON
000049-006,Alaihi,O
000049-006,wa,I_PERSON
000049-006,Sallam,I_PERSON
000049-006,menyebutkan,O
000049-006,orang,O
000049-006,yang,O
000049-006,ketujuh,O
000049-006,",",O
000049-006,namun,O
000049-006,Abdullah,B_PERSON
000049-006,bin,I_PERSON
000049-006,Mas'ud,I_PERSON
000049-006,tidak,O
000049-006,hapal,O
000049-006,siapa,O
000049-006,.,O
000049-006,78,O
000049-006,Shahihul-Bukhari,O
000049-006,",",O
000049-006,Kitabul-Wudhu,O
000049-006,",",O
000049-006,1/37,O
000049-006,.,O
000049-006,blak-blakan,O
000049-006,",",O
000049-006,dengan,O
000049-006,memelototkan,O
000049-006,mata,O
000049-006,dan,O
000049-006,mencemooh,O
000049-006,.,O
000049-007,blak-blakan,O
000049-007,",",O
000049-007,dengan,O
000049-007,memelototkan,O
000049-007,mata,O
000049-007,dan,O
000049-007,mencemooh,O
000049-007,.,O
000049-007,Sedangkan,O
000049-007,lumazal,O
000049-007,artinya,O
000049-007,mencela,O
000049-007,orang,O
000049-007,lain,O
000049-007,secara,O
000049-007,sembunyi-sembunyi,O
000049-007,atau,O
000049-007,mengganggunya,O
000049-007,.,O
000049-007,Saudara,O
000049-007,Umayyah,B_PERSON
000049-007,bin,I_PERSON
000049-007,Khalaf,I_PERSON
000049-007,",",O
000049-007,Ubay,B_PERSON
000049-007,bin,I_PERSON
000049-007,Khalaf,I_PERSON
000049-007,",",O
000049-007,tak,O
000049-007,jauh,O
000049-007,berbeda,O
000049-007,dengan,O
000049-007,Uqbah,B_PERSON
000049-007,bin,I_PERSON
000049-007,Abu,I_PERSON
000049-007,Mu'ith,I_PERSON
000049-007,.,O
000049-007,Suatu,O
000049-007,kali,O
000049-007,Uqbah,B_PERSON
000049-007,mengintip,O
000049-007,di,O
000049-007,dekat,O
000049-007,Nabi,O
000049-007,dan,O
000049-007,mendengarkan,O
000049-007,bacaan,O
000049-007,Al-Qur,O
000049-007,an,O
000049-007,dari,O
000049-007,beliau,O
000049-007,.,O
000049-007,Tatkala,O
000049-007,tindakannya,O
000049-007,ini,O
000049-007,didengar,O
000049-007,dan,O
000049-007,diketahui,O
000049-007,Ubay,B_PERSON
000049-007,",",O
000049-007,maka,O
000049-007,Ubay,O
000049-007,langsung,O
000049-007,menyindir,O
000049-007,dan,O
000049-007,mengejeknya,O
000049-007,",",O
000049-007,lalu,O
000049-007,dia,O
000049-007,meminta,O
000049-007,agar,O
000049-007,Uqbah,B_PERSON
000049-007,meludahi,O
000049-007,wajah,O
000049-007,beliau,O
000049-007,.,O
000049-007,Ternyata,O
000049-007,Uqbah,O
000049-007,benar-benar,O
000049-007,melakukan,O
000049-007,anjuran,O
000049-007,itu,O
000049-007,.,O
000049-007,Ubay,O
000049-007,bin,I_PERSON
000049-007,Khalaf,I_PERSON
000049-007,sendiri,O
000049-007,meremukkan,O
000049-007,tulang-belulang,O
000049-007,hingga,O
000049-007,hancur,O
000049-007,",",O
000049-007,lalu,O
000049-007,menaburkannya,O
000049-007,menurut,O
000049-007,arah,O
000049-007,mata,O
000049-007,angin,O
000049-007,yang,O
000049-007,berhembus,O
000049-007,ke,O
000049-007,arah,O
000049-007,beliau,O
000049-007,.,O
000049-007,Al-Akhnas,O
000049-007,bin,I_PERSON
000049-007,Syariq,O
000049-007,Ats-Tsaqafi,O
000049-007,termasuk,O
000049-007,orang,O
000049-007,yang,O
000049-007,menyakiti,O
000049-007,Rasulullah,B_PERSON
000049-007,.,O
000049-007,Al-Qur'an,O
000049-007,memberinya,O
000049-007,sembilan,O
000049-007,sifat,O
000049-007,yang,O
000049-007,menunjukkan,O
000049-007,keadaan,O
000049-007,dirinya,O
000049-007,",",O
000049-007,yaitu,O
000049-007,dalam,O
000049-007,firman,O
000049-007,Allah,O
000049-007,",",O
000049-007,"""",O
000049-007,Dan,O
000049-007,janganlah,O
000049-007,kamu,O
000049-007,ikuti,O
000049-007,setiap,O
000049-007,orang,O
000049-007,yang,O
000049-007,banyak,O
000049-007,bersumpah,O
000049-007,lagi,O
000049-007,hina,O
000049-007,",",O
000049-007,yang,O
000049-007,banyak,O
000049-007,mencela,O
000049-007,",",O
000049-007,yang,O
000049-007,kian,O
000049-007,ke,O
000049-007,mari,O
000049-007,menghambur,O
000049-007,fitnah,O
000049-007,",",O
000049-007,yang,O
000049-007,banyak,O
000049-007,menghalangi,O
000049-007,perbuatan,O
000049-007,baik,O
000049-007,",",O
000049-007,yang,O
000049-007,melampaui,O
000049-007,batas,O
000049-007,lagi,O
000049-007,banyak,O
000049-007,dosa,O
000049-007,",",O
000049-007,yang,O
000049-007,kaku,O
000049-007,kasar,O
000049-007,",",O
000049-007,selain,O
000049-007,dari,O
000049-007,itu,O
000049-007,",",O
000049-007,yang,O
000049-007,terkenal,O
000049-007,kejahatannya,O
000049-007,",",O
000049-007,"""",O
000049-007,(,O
000049-007,Al-Qalam,O
000049-007,:,O
000049-007,10-13,O
000049-007,),O
000049-007,Kadang-kadang,O
000049-007,Abu,B_PERSON
000049-007,Jahal,I_PERSON
000049-007,mendekati,O
000049-007,Nabi,O
000049-007,untuk,O
000049-007,mendengarkan,O
000049-007,bacaan,O
000049-007,Al-Qur',O
000049-007,an,O
000049-007,",",O
000049-007,kemudian,O
000049-007,beranjak,O
000049-007,pergi,O
000049-007,.,O
000049-007,Namun,O
000049-007,tiada,O
000049-007,juga,O
000049-007,dia,O
000049-007,beriman,O
000049-007,dan,O
000049-007,tunduk,O
000049-007,",",O
000049-007,tidak,O
000049-007,mau,O
000049-007,mengambil,O
000049-007,pelajaran,O
000049-007,dan,O
000049-007,tidak,O
000049-007,takut,O
000049-007,.,O
000049-007,Dia,O
000049-007,mengganggu,O
000049-007,beliau,O
000049-007,dengan,O
000049-007,kata-kata,O
000049-007,",",O
000049-007,menghalangi,O
000049-007,orang,O
000049-007,dari,O
000049-007,jalan,O
000049-007,Allah,O
000049-007,",",O
000049-007,kemudian,O
000049-007,beranjak,O
000049-007,pergi,O
000049-007,sambil,O
000049-007,menyombongkan,O
000049-007,tindakannya,O
000049-007,sendiri,O
000049-007,dan,O
000049-007,bangga,O
000049-007,karena,O
000049-007,telah,O
000049-007,berbuat,O
000049-007,jahat,O
000049-007,.,O
000049-011,Setelah,O
000049-011,itu,O
000049-011,dia,O
000049-011,disuruh,O
000049-011,duduk,O
000049-011,dan,O
000049-011,di,O
000049-011,bawah,O
000049-011,terik,O
000049-011,matahari,O
000049-011,dan,O
000049-011,dibiarkan,O
000049-011,kelaparan,O
000049-011,.,O
000049-011,Penyiksaan,O
000049-011,paling,O
000049-011,keras,O
000049-011,yang,O
000049-011,dialaminya,O
000049-011,",",O
000049-011,suatu,O
000049-011,hari,O
000049-011,dia,O
000049-011,dibawa,O
000049-011,keluar,O
000049-011,selagi,O
000049-011,matahari,O
000049-011,tepat,O
000049-011,di,O
000049-011,tengah,O
000049-011,ufuk,O
000049-011,.,O
000049-011,lalu,O
000049-011,dia,O
000049-011,ditelentangkan,O
000049-011,di,O
000049-011,atas,O
000049-011,padang,O
000049-011,pasir,O
000049-011,Makkah,B_LOCATION
000049-011,.,O
000049-011,Umayyah,B_PERSON
000049-011,meminta,O
000049-011,sebuah,O
000049-011,batu,O
000049-011,yang,O
000049-011,besar,O
000049-011,lalu,O
000049-011,diletakkan,O
000049-011,di,O
000049-011,atas,O
000049-011,dada,O
000049-011,Bilal,B_PERSON
000049-011,",",O
000049-011,seraya,O
000049-011,berkata,O
000049-011,",",O
000049-011,"""",O
000049-011,Tidak,O
000049-011,demi,O
000049-011,Allah,O
000049-011,",",O
000049-011,kamu,O
000049-011,tetap,O
000049-011,seperti,O
000049-011,ini,O
000049-011,hingga,O
000049-011,kamu,O
000049-011,mati,O
000049-011,atau,O
000049-011,mengingkari,O
000049-011,Muhammad,B_PERSON
000049-011,serta,O
000049-011,menyembah,O
000049-011,Lata,O
000049-011,dan,O
000049-011,Uzza,O
000049-011,".""",O
000049-011,Bilal,B_PERSON
000049-011,hanya,O
000049-011,mampu,O
000049-011,berucap,O
000049-011,",",O
000049-011,"""",O
000049-011,Ahad,O
000049-011,",",O
000049-011,Ahad,O
000049-011,...,O
000049-011,Suatu,O
000049-011,hari,O
000049-011,Abu,B_PERSON
000049-011,Bakar,I_PERSON
000049-011,lewat,O
000049-011,selagi,O
000049-011,orang-orang,O
000049-011,Quraisy,O
000049-011,berbuat,O
000049-011,seperti,O
000049-011,itu,O
000049-011,terhadap,O
000049-011,Bilal,B_PERSON
000049-011,.,O
000049-011,Lalu,O
000049-011,Abu,B_PERSON
000049-011,Bakar,I_PERSON
000049-011,membeli,O
000049-011,Bilal,B_PERSON
000049-011,dengan,O
000049-011,seorang,O
000049-011,pemuda,O
000049-011,berkulit,O
000049-011,hitam,O
000049-011,.,O
000049-011,Ada,O
000049-011,yang,O
000049-011,berpendapat,O
000049-011,",",O
000049-011,Abu,B_PERSON
000049-011,Bakar,I_PERSON
000049-011,membelinya,O
000049-011,dengan,O
000049-011,tujuh,O
000049-011,uqiyah,B_PERSON
000049-011,atau,O
000049-011,lima,O
000049-011,keping,O
000049-011,perak,O
000049-011,",",O
000049-011,lalu,O
000049-011,Ammar,B_PERSON
000049-011,bin,I_PERSON
000049-011,Yasir,B_LOCATION
000049-011,",",O
000049-011,budak,O
000049-011,Bani,O
000049-011,Makhzum,O
000049-011,",",O
000049-011,masuk,O
000049-011,Islam,O
000049-011,bersama,O
000049-011,ibu,O
000049-011,dan,O
000049-011,bapaknya,O
000049-011,.,O
000049-011,Orang-orang,O
000049-011,musyrik,O
000049-011,yang,O
000049-011,dipimpin,O
000049-011,Abu,B_PERSON
000049-011,Jahal,I_PERSON
000049-011,menyeret,O
000049-011,mereka,O
000049-011,ke,O
000049-011,tengah,O
000049-011,padang,O
000049-011,pasir,O
000049-011,yang,O
000049-011,panas,O
000049-011,membara,O
000049-011,lalu,O
000049-011,menyiksa,O
000049-011,mereka,O
000049-011,.,O
000049-011,Nabi,O
000049-011,lewat,O
000049-011,selagi,O
000049-011,mereka,O
000049-011,disiksa,O
000049-011,.,O
000049-011,Beliau,O
000049-011,bersabda,O
000049-011,",",O
000049-011,"""",O
000049-011,Sabarlah,O
000049-011,wahai,O
000049-011,keluarga,O
000049-011,Yasir,B_LOCATION
000049-011,!,O
000049-011,Sesungguhnya,O
000049-011,tempat,O
000049-011,yang,O
000049-011,sudah,O
000049-011,dijanjikan,O
000049-011,bagi,O
000049-011,kalian,O
000049-011,adalah,O
000049-011,surga.',O
000049-011,Yasir,B_LOCATION
000049-011,meninggal,O
000049-011,dunia,O
000049-011,dalam,O
000049-011,penyiksaan,O
000049-011,itu,O
000049-011,",",O
000049-011,dan,O
000049-011,ibu,O
000049-011,Ammar,B_PERSON
000049-011,",",O
000049-011,Sumayyah,O
000049-011,ditikam,O
000049-011,Abu,B_PERSON
000049-011,Jahal,I_PERSON
000049-011,dengan,O
000049-011,menggunakan,O
000049-011,tombak,O
000049-011,",",O
000049-011,hingga,O
000049-011,meninggal,O
000049-011,dunia,O
000049-011,Dialah,O
000049-011,wanita,O
000049-011,pertama,O
000049-011,yang,O
000049-011,mati,O
000049-011,syahid,O
000049-011,dalam,O
000049-011,Islam,O
000049-011,.,O
000049-011,Sedangkan,O
000049-011,Ammar,B_PERSON
000049-011,yang,O
000049-011,masih,O
000049-011,hidup,O
000049-011,harus,O
000049-011,menghadapi,O
000049-011,penyiksaan,O
000049-011,yang,O
000049-011,lebih,O
000049-011,menyakitkan,O
000049-011,lagi,O
000049-011,Sebuah,O
000049-011,batu,O
000049-011,yang,O
000049-011,panas,O
000049-011,diletakkan,O
000049-011,di,O
000049-011,dadanya,O
000049-011,dan,O
000049-011,sebagian,O
000049-011,tubuhnya,O
000049-011,yang,O
000049-011,lain,O
000049-011,dibenamkan,O
000049-011,di,O
000049-011,dalam,O
000049-011,pasir,O
000049-011,yang,O
000049-011,panas,O
000049-011,membara,O
000049-011,.,O
000050-001,Langkah,O
000050-001,bijaksana,O
000050-001,yang,O
000050-001,diambil,O
000050-001,Rasulullah,B_PERSON
000050-001,dalam,O
000050-001,menghadapi,O
000050-001,berbagai,O
000050-001,tekanan,O
000050-001,itu,O
000050-001,",",O
000050-001,beliau,O
000050-001,melarang,O
000050-001,orang-orang,O
000050-001,Muslim,O
000050-001,menampakkan,O
000050-001,keislamannya,O
000050-001,.,O
000050-001,baik,O
000050-001,berupa,O
000050-001,perkataan,O
000050-001,maupun,O
000050-001,perbuatan,O
000050-001,.,O
000050-001,Beliau,O
000050-001,tidak,O
000050-001,menemui,O
000050-001,mereka,O
000050-001,kecuali,O
000050-001,dengan,O
000050-001,cara,O
000050-001,sembunyi-sembunyi,O
000050-001,.,O
000050-001,Sebab,O
000050-001,jika,O
000050-001,sampai,O
000050-001,diketahui,O
000050-001,beliau,O
000050-001,bertemu,O
000050-001,mereka,O
000050-001,",",O
000050-001,tentu,O
000050-001,orang-orang,O
000050-001,musyrik,O
000050-001,berusaha,O
000050-001,menghalangi,O
000050-001,usaha,O
000050-001,beliau,O
000050-001,untuk,O
000050-001,mensucikan,O
000050-001,jiwa,O
000050-001,orang-orang,O
000050-001,Muslim,O
000050-001,dan,O
000050-001,mengajarkan,O
000050-001,Al-Kitab,O
000050-001,.,O
000050-001,Bahkan,O
000050-001,tidak,O
000050-001,menutup,O
000050-001,kemungkinan,O
000050-001,yang,O
000050-001,menjurus,O
000050-001,kepada,O
000050-001,bentrokan,O
000050-001,fisik,O
000050-001,antara,O
000050-001,kedua,O
000050-001,belah,O
000050-001,pihak,O
000050-001,.,O
000050-001,Hal,O
000050-001,ini,O
000050-001,benar-benar,O
000050-001,terjadi,O
000050-001,",",O
000050-001,tepatnya,O
000050-001,pada,O
000050-001,tahun,O
000050-001,keempat,O
000050-001,dari,O
000050-001,nubuwah,O
000050-001,Saat,O
000050-001,itu,O
000050-001,para,O
000050-001,sahabat,O
000050-001,beliau,O
000050-001,sedang,O
000050-001,berkumpul,O
000050-001,di,O
000050-001,tengah,O
000050-001,perkampungan,O
000050-001,dan,O
000050-001,mendirikan,O
000050-001,shalat,O
000050-001,.,O
000050-001,Sekalipun,O
000050-001,mereka,O
000050-001,melakukan,O
000050-001,secara,O
000050-001,sembunyi-sembunyi,O
000050-001,.,O
000050-001,toh,O
000050-001,masih,O
000050-001,diketahui,O
000050-001,kelompok,O
000050-001,orang-orang,O
000050-001,kafir,O
000050-001,Quraisy,O
000050-001,.,O
000050-001,Orang-orang,O
000050-001,kafir,O
000050-001,itu,O
000050-001,mencaci,O
000050-001,maki,O
000050-001,dan,O
000050-001,menyerang,O
000050-001,mereka,O
000050-001,",",O
000050-001,hingga,O
000050-001,Sa'd,B_PERSON
000050-001,bin,I_PERSON
000050-001,Abi,I_PERSON
000050-001,Waqqash,O
000050-001,bisa,O
000050-001,menikam,O
000050-001,salah,O
000050-001,seorang,O
000050-001,kafir,O
000050-001,hingga,O
000050-001,darahnya,O
000050-001,tertumpah,O
000050-001,.,O
000050-001,Inilah,O
000050-001,korban,O
000050-001,pertama,O
000050-001,yang,O
000050-001,terjadi,O
000050-001,dalam,O
000050-001,Jika,O
000050-001,bentrokan,O
000050-001,fisik,O
000050-001,ini,O
000050-001,terjadi,O
000050-001,berulang-ulang,O
000050-001,dan,O
000050-001,berlarut-larut,O
000050-001,",",O
000050-001,tentu,O
000050-001,82_,O
000050-001,Mukhtashar,O
000050-001,Siratir-Rasul,O
000050-001,",",O
000050-001,Muhammad,B_PERSON
000050-001,bin,I_PERSON
000050-001,Abdul,I_PERSON
000050-001,Wahhab,I_PERSON
000050-001,",",O
000050-001,hal,O
000050-001,.,O
000050-001,60,O
000050-001,;,O
000050-001,Sirah,O
000050-001,An-Nabawiyah,O
000050-001,",",O
000050-001,Ibnu,B_PERSON
000050-001,Hisyam,I_PERSON
000050-001,",",O
000050-001,1/263,O
000050-001,bisa,O
000050-001,menghancurkan,O
000050-001,orang-orang,O
000050-001,Muslim,O
000050-001,sendiri,O
000050-001,.,O
000050-001,Maka,O
000050-001,langkah,O
000050-001,yang,O
000050-001,paling,O
000050-001,bijaksana,O
000050-001,ialah,O
000050-001,dengan,O
000050-001,menyembunyikan,O
000050-001,keislaman,O
000050-001,mereka,O
000050-001,.,O
000050-001,Maka,O
000050-001,begitulah,O
000050-001,.,O
000050-001,para,O
000050-001,sahabat,O
000050-001,secara,O
000050-001,keseluruhan,O
000050-001,menyembunyikan,O
000050-001,keislaman,O
000050-001,",",O
000050-001,ibadah,O
000050-001,",",O
000050-001,dakwah,O
000050-001,.,O
000050-001,dan,O
000050-001,pertemuannya,O
000050-001,.,O
000051-004,Pada,O
000051-004,bulan,B_TIME
000051-004,Ramadhan,I_TIME
000051-004,di,O
000051-004,tahun,O
000051-004,yang,O
000051-004,sama,O
000051-004,",",O
000051-004,Nabi,O
000051-004,keluar,O
000051-004,dari,O
000051-004,Masjidil,B_LOCATION
000051-004,Haram,I_LOCATION
000051-004,",",O
000051-004,yang,O
000051-004,saat,O
000051-004,itu,O
000051-004,para,O
000051-004,pemuka,O
000051-004,dan,O
000051-004,pembesar,O
000051-004,Quraisy,O
000051-004,sedang,O
000051-004,berkumpul,O
000051-004,di,O
000051-004,sana,O
000051-004,.,O
000051-004,Beliau,O
000051-004,berdiri,O
000051-004,di,O
000051-004,hadapan,O
000051-004,mereka,O
000051-004,",",O
000051-004,lalu,O
000051-004,seketika,O
000051-004,itu,O
000051-004,pula,O
000051-004,membacakan,O
000051-004,surat,O
000051-004,An-Najm,O
000051-004,.,O
000051-004,Orang-orang,O
000051-004,kafir,O
000051-004,itu,O
000051-004,tidak,O
000051-004,pernah,O
000051-004,mendengarkan,O
000051-004,kalam,O
000051-004,Allah,O
000051-004,yang,O
000051-004,seperti,O
000051-004,itu,O
000051-004,sebelumnya,O
000051-004,.,O
000051-004,Sebab,O
000051-004,redaksi,O
000051-004,mereka,O
000051-004,panjang-panjang,O
000051-004,seperti,O
000051-004,biasanya,O
000051-004,",",O
000051-004,memaksa,O
000051-004,sebagian,O
000051-004,di,O
000051-004,antara,O
000051-004,mereka,O
000051-004,untuk,O
000051-004,menjelaskan,O
000051-004,kepada,O
000051-004,sebagian,O
000051-004,yang,O
000051-004,lain,O
000051-004,",",O
000051-004,seperti,O
000051-004,yang,O
000051-004,dijelaskan,O
000051-004,Allah,O
000051-004,",",O
000051-004,"""",O
000051-004,Dan,O
000051-004,orang-orang,O
000051-004,yang,O
000051-004,kafir,O
000051-004,berkata,O
000051-004,",",O
000051-004,Janganlah,O
000051-004,kalian,O
000051-004,mendengar,O
000051-004,dengan,O
000051-004,sungguh-sungguh,O
000051-004,akan,O
000051-004,Al-Qur'an,O
000051-004,ini,O
000051-004,dan,O
000051-004,buatlah,O
000051-004,hiruk,O
000051-004,pikuk,O
000051-004,terhadapnya,O
000051-004,",",O
000051-004,supaya,O
000051-004,kalian,O
000051-004,dapat,O
000051-004,mengalahkannya,O
000051-004,".""",O
000051-004,(,O
000051-004,Fushshilat,O
000051-004,:,O
000051-004,26,O
000051-004,),O
000051-004,Tetapi,O
000051-004,tatkala,O
000051-004,dilantunkan,O
000051-004,bacaan,O
000051-004,surat,O
000051-004,ini,O
000051-004,",",O
000051-004,gendang,O
000051-004,telinga,O
000051-004,mereka,O
000051-004,diketuk,O
000051-004,kalam,O
000051-004,Ilahi,O
000051-004,yang,O
000051-004,indah,O
000051-004,menawan,O
000051-004,",",O
000051-004,yang,O
000051-004,keindahannya,O
000051-004,sulit,O
000051-004,dilukiskan,O
000051-004,dengan,O
000051-004,suatu,O
000051-004,gambaran,O
000051-004,",",O
000051-004,mereka,O
000051-004,pun,O
000051-004,diam,O
000051-004,terpesona,O
000051-004,",",O
000051-004,menyimak,O
000051-004,isinya,O
000051-004,dan,O
000051-004,semua,O
000051-004,orang,O
000051-004,khidmat,O
000051-004,mendengarnya,O
000051-004,",",O
000051-004,sehingga,O
000051-004,tidak,O
000051-004,ada,O
000051-004,pikiran,O
000051-004,lain,O
000051-004,yang,O
000051-004,melintas,O
000051-004,di,O
000051-004,dalam,O
000051-004,benak,O
000051-004,mereka,O
000051-004,.,O
000051-004,Tatkala,O
000051-004,beliau,O
000051-004,membacakan,O
000051-004,penutup,O
000051-004,surat,O
000051-004,ini,O
000051-004,",",O
000051-004,hati,O
000051-004,mereka,O
000051-004,serasa,O
000051-004,terbang,O
000051-004,.,O
000051-004,Akhirnya,O
000051-004,beliau,O
000051-004,membaca,O
000051-004,ayat,O
000051-004,terakhir,O
000051-004,",",O
000051-004,'Maka,O
000051-004,bersujudlah,O
000051-004,kepada,O
000051-004,Allah,O
000051-004,dan,O
000051-004,sembahlah,O
000051-004,(,O
000051-004,Dia,O
000051-004,),O
000051-004,""".",O
000051-004,(,O
000051-004,An-Najam,O
000051-004,:,O
000051-004,62,O
000051-004,),O
000051-004,Mereka,O
000051-004,pun,O
000051-004,sujud,O
000051-004,.,O
000051-004,Tak,O
000051-004,seorang,O
000051-004,pun,O
000051-004,mampu,O
000051-004,menguasai,O
000051-004,diri,O
000051-004,",",O
000051-004,dan,O
000051-004,mereka,O
000051-004,semua,O
000051-004,merunduk,O
000051-004,dalam,O
000051-004,keadaan,O
000051-004,sujud,O
000051-004,.,O
000051-004,Sebenarnya,O
000051-004,sinar-sinar,O
000051-004,kebenaran,O
000051-004,telah,O
000051-004,merasuk,O
000051-004,ke,O
000051-004,dalam,O
000051-004,jiwa,O
000051-004,orang-orang,O
000051-004,yang,O
000051-004,sombong,O
000051-004,dan,O
000051-004,selalu,O
000051-004,mengolok-ngolok,O
000051-004,itu,O
000051-004,.,O
000051-004,Mereka,O
000051-004,tidak,O
000051-004,mampu,O
000051-004,menahan,O
000051-004,diri,O
000051-004,untuk,O
000051-004,sujud,O
000051-004,.,O
000051-004,4,O
000051-004,84,O
000051-004,Tafhimul-Qur,O
000051-004,'an,O
000051-004,",",O
000051-004,5/188,O
000051-004,.,O
000051-005,4,O
000051-005,84,O
000051-005,Tafhimul-Qur,O
000051-005,'an,O
000051-005,",",O
000051-005,5/188,O
000051-005,.,O
000051-005,Makna,O
000051-005,ini,O
000051-005,yang,O
000051-005,bisa,O
000051-005,disimpulkan,O
000051-005,para,O
000051-005,peneliti,O
000051-005,mengenai,O
000051-005,hadits,O
000051-005,Gharaniq,O
000051-005,.,O
000051-005,Apa,O
000051-005,yang,O
000051-005,selama,O
000051-005,itu,O
000051-005,mereka,O
000051-005,pegang,O
000051-005,telah,O
000051-005,jatuh,O
000051-005,",",O
000051-005,karena,O
000051-005,mereka,O
000051-005,merasakan,O
000051-005,keagungan,O
000051-005,kalam,O
000051-005,Allah,O
000051-005,yang,O
000051-005,benar-benar,O
000051-005,telah,O
000051-005,menguasai,O
000051-005,kendali,O
000051-005,mereka,O
000051-005,.,O
000051-005,Saat,O
000051-005,itu,O
000051-005,mereka,O
000051-005,melakukan,O
000051-005,apa,O
000051-005,yang,O
000051-005,sebelumnya,O
000051-005,hendak,O
000051-005,mereka,O
000051-005,punahkan,O
000051-005,dan,O
000051-005,basmi,O
000051-005,.,O
000051-005,Maka,O
000051-005,setelah,O
000051-005,itu,O
000051-005,mereka,O
000051-005,yang,O
000051-005,sujud,O
000051-005,itu,O
000051-005,mendapat,O
000051-005,cercaan,O
000051-005,dan,O
000051-005,makian,O
000051-005,dari,O
000051-005,segala,O
000051-005,arah,O
000051-005,",",O
000051-005,yaitu,O
000051-005,dilontarkan,O
000051-005,orang-orang,O
000051-005,musyrik,O
000051-005,yang,O
000051-005,tidak,O
000051-005,ikut,O
000051-005,sujud,O
000051-005,.,O
000051-005,Pada,O
000051-005,saat,O
000051-005,itulah,O
000051-005,mereka,O
000051-005,mendustakan,O
000051-005,Rasulullah,B_PERSON
000051-005,dan,O
000051-005,mengada-ngadakan,O
000051-005,perkataan,O
000051-005,untuk,O
000051-005,memojokkan,O
000051-005,beliau,O
000051-005,",",O
000051-005,bahwa,O
000051-005,beliau,O
000051-005,menyebutkan,O
000051-005,nama-nama,O
000051-005,berhala,O
000051-005,mereka,O
000051-005,dengan,O
000051-005,ungkapan,O
000051-005,berisi,O
000051-005,sanjungan,O
000051-005,",",O
000051-005,bahwa,O
000051-005,beliau,O
000051-005,berkata,O
000051-005,tentang,O
000051-005,berhala-berhala,O
000051-005,itu,O
000051-005,.,O
000051-005,"""",O
000051-005,Itulah,O
000051-005,Gharaniq,O
000051-005,yang,O
000051-005,luhur,O
000051-005,",",O
000051-005,yang,O
000051-005,syafaatnya,I_TIME
000051-005,benar-benar,O
000051-005,diharapkan,O
000051-005,".""",O
000051-005,Mereka,O
000051-005,membuat,O
000051-005,kedustaan,O
000051-005,yang,O
000051-005,nyata,O
000051-005,ini,O
000051-005,",",O
000051-005,sebagai,O
000051-005,alasan,O
000051-005,untuk,O
000051-005,menutup-nutupi,O
000051-005,sujud,O
000051-005,mereka,O
000051-005,bersama,O
000051-005,Nabi,O
000051-005,.,O
000051-005,Tindakan,O
000051-005,seperti,O
000051-005,ini,O
000051-005,tidak,O
000051-005,terlalu,O
000051-005,mengherankan,O
000051-005,",",O
000051-005,sebab,O
000051-005,mereka,O
000051-005,sudah,O
000051-005,biasa,O
000051-005,membuat,O
000051-005,kedustaan,O
000051-005,dan,O
000051-005,mengarang-ngarang,O
000051-005,cerita,O
000051-005,bohong,O
000051-005,.,O
000051-005,5,O
000051-005,Cerita,O
000051-005,tentang,O
000051-005,Gharabiq,O
000051-005,dan,O
000051-005,sujudnya,O
000051-005,orang-orang,O
000051-005,musyrik,O
000051-005,ini,O
000051-005,didengar,O
000051-005,para,O
000051-005,Muhajirin,O
000051-005,di,O
000051-005,Habasyah,B_LOCATION
000051-005,",",O
000051-005,tetapi,O
000051-005,dengan,O
000051-005,versi,O
000051-005,yang,O
000051-005,berbeda,O
000051-005,jauh,O
000051-005,dengan,O
000051-005,gambaran,O
000051-005,yang,O
000051-005,hakiki,O
000051-005,.,O
000051-005,Ceritanya,O
000051-005,bahwa,O
000051-005,orang-orang,O
000051-005,Quraisy,O
000051-005,sudah,O
000051-005,masuk,O
000051-005,Islam,O
000051-005,.,O
000051-005,Oleh,O
000051-005,karena,O
000051-005,itu,O
000051-005,mereka,O
000051-005,pulang,O
000051-005,ke,O
000051-005,Makkah,B_LOCATION
000051-005,pada,O
000051-005,bulan,O
000051-005,Syawwal,I_TIME
000051-005,pada,O
000051-005,tahun,O
000051-005,yang,O
000051-005,sama,O
000051-005,.,O
000051-005,Hampir,O
000051-005,mendekati,O
000051-005,Makkah,B_LOCATION
000051-005,sebelum,O
000051-005,tengah,O
000051-005,hari,O
000051-005,",",O
000051-005,mereka,O
000051-005,pun,O
000051-005,tahu,O
000051-005,apa,O
000051-005,yang,O
000051-005,sebenarnya,O
000051-005,terjadi,O
000051-005,.,O
000052-002,Kami,O
000052-002,diutus,O
000052-002,para,O
000052-002,pembesar,O
000052-002,kaum,O
000052-002,mereka,O
000052-002,",",O
000052-002,dari,O
000052-002,bapak-bapak,O
000052-002,",",O
000052-002,paman,O
000052-002,dan,O
000052-002,keluarga,O
000052-002,mereka,O
000052-002,untuk,O
000052-002,menemui,O
000052-002,tuan,O
000052-002,",",O
000052-002,agar,O
000052-002,tuan,O
000052-002,berkenan,O
000052-002,mengembaikan,O
000052-002,orang-orang,O
000052-002,ini,O
000052-002,kepada,O
000052-002,mereka,O
000052-002,.,O
000052-002,Sebab,O
000052-002,mereka,O
000052-002,itu,O
000052-002,lebih,O
000052-002,berhak,O
000052-002,terhadap,O
000052-002,orang-orang,O
000052-002,tersebut,O
000052-002,dan,O
000052-002,lebih,O
000052-002,tahu,O
000052-002,apa,O
000052-002,yang,O
000052-002,telah,O
000052-002,mendorong,O
000052-002,orang-orang,O
000052-002,tersebut,O
000052-002,mencela,O
000052-002,dan,O
000052-002,mencaci,O
000052-002,mereka,O
000052-002,".""",O
000052-002,Benar,O
000052-002,apa,O
000052-002,yang,O
000052-002,dikatakan,O
000052-002,mereka,O
000052-002,berdua,O
000052-002,",",O
000052-002,wahai,O
000052-002,Baginda,O
000052-002,Raja,O
000052-002,.,O
000052-002,Maka,O
000052-002,serahkanlah,O
000052-002,mereka,O
000052-002,itu,O
000052-002,kepada,O
000052-002,mereka,O
000052-002,berdua,O
000052-002,",",O
000052-002,agar,O
000052-002,keduanya,O
000052-002,mengembalikan,O
000052-002,mereka,O
000052-002,ke,O
000052-002,kaum,O
000052-002,dan,O
000052-002,negerinya,O
000052-002,",""",O
000052-002,kata,O
000052-002,para,O
000052-002,uskup,O
000052-002,.,O
000052-002,Tetapi,O
000052-002,Raja,O
000052-002,Naj,B_PERSON
000052-002,asyi,I_PERSON
000052-002,merasa,O
000052-002,perlu,O
000052-002,untuk,O
000052-002,meneliti,O
000052-002,secara,O
000052-002,detil,O
000052-002,masalah,O
000052-002,ini,O
000052-002,dan,O
000052-002,mendengarkan,O
000052-002,dari,O
000052-002,masing-masing,O
000052-002,pihak,O
000052-002,.,O
000052-002,Maka,O
000052-002,Raja,O
000052-002,Najasyi,B_PERSON
000052-002,mengirim,O
000052-002,utusan,O
000052-002,untuk,O
000052-002,menemui,O
000052-002,orang-orang,O
000052-002,Muslim,O
000052-002,dan,O
000052-002,mendatangkan,O
000052-002,mereka,O
000052-002,ke,O
000052-002,hadapannya,O
000052-002,.,O
000052-002,Setelah,O
000052-002,para,O
000052-002,Muhajirin,O
000052-002,yang,O
000052-002,dari,O
000052-002,penampilannya,O
000052-002,saja,O
000052-002,sudah,O
000052-002,menampakkan,O
000052-002,kejujuran,O
000052-002,itu,O
000052-002,sudah,O
000052-002,menghadap,O
000052-002,",",O
000052-002,maka,O
000052-002,Najasyi,B_PERSON
000052-002,berkata,O
000052-002,.,O
000052-002,"""",O
000052-002,Macam,O
000052-002,apakah,O
000052-002,agama,O
000052-002,kalian,O
000052-002,",",O
000052-002,yang,O
000052-002,karena,O
000052-002,agama,O
000052-002,itu,O
000052-002,kalian,O
000052-002,memecah,O
000052-002,belah,O
000052-002,kaum,O
000052-002,kalian,O
000052-002,",",O
000052-002,dan,O
000052-002,kalian,O
000052-002,juga,O
000052-002,tidak,O
000052-002,masuk,O
000052-002,agama,O
000052-002,kalian,O
000052-002,serta,O
000052-002,tidak,O
000052-002,satu,O
000052-002,pun,O
000052-002,agama-agama,O
000052-002,ini,O
000052-002,"?""",O
000052-002,Ja'far,I_PERSON
000052-002,bin,I_PERSON
000052-002,Abu,B_PERSON
000052-002,Thalib,I_PERSON
000052-002,yang,O
000052-002,menjadi,O
000052-002,juru,O
000052-002,bicara,O
000052-002,orang-orang,O
000052-002,Muslim,O
000052-002,menjawab,O
000052-002,",",O
000052-002,Wahai,O
000052-002,Tuan,O
000052-002,Raja,O
000052-002,",",O
000052-002,dulu,O
000052-002,kami,O
000052-002,adalah,O
000052-002,pemeluk,O
000052-002,agama,O
000052-002,jahiliyah,O
000052-002,.,O
000052-002,Kami,O
000052-002,menyembah,O
000052-002,berhala-berhala,O
000052-002,",",O
000052-002,memakan,O
000052-002,bangkai,O
000052-002,",",O
000052-002,berbuat,O
000052-002,mesum,O
000052-002,",",O
000052-002,memutuskan,O
000052-002,tali,O
000052-002,persaudaraan,O
000052-002,",",O
000052-002,menyakiti,O
000052-002,tetangga,O
000052-002,dan,O
000052-002,yang,O
000052-002,kuat,O
000052-002,di,O
000052-002,antara,O
000052-002,kita,O
000052-002,memakan,O
000052-002,yang,O
000052-002,lemah,O
000052-002,.,O
000052-002,Begitulah,O
000052-002,gambaran,O
000052-002,kami,O
000052-002,dahulu,O
000052-002,",",O
000052-002,hingga,O
000052-002,Allah,O
000052-002,mengutus,O
000052-002,seorang,O
000052-002,rasul,O
000052-002,dari,O
000052-002,kalangan,O
000052-002,kami,O
000052-002,sendiri,O
000052-002,",",O
000052-002,yang,O
000052-002,kami,O
000052-002,ketahui,O
000052-002,nasab,O
000052-002,",",O
000052-002,kejujuran,O
000052-002,",",O
000052-002,amanah,O
000052-002,",",O
000052-002,dan,O
000052-002,kesucian,O
000052-002,dirinya,O
000052-002,.,O
000057-002,Yang,O
000057-002,pasti,O
000057-002,",",O
000057-002,di,O
000057-002,dalam,O
000057-002,hatinya,O
000057-002,bergolak,O
000057-002,berbagai,O
000057-002,perasaan,O
000057-002,yang,O
000057-002,sebenarnya,O
000057-002,saling,O
000057-002,bertentangan,O
000057-002,.,O
000057-002,Penghormatannya,O
000057-002,terhadap,O
000057-002,tradisi-tradisi,O
000057-002,leluhur,O
000057-002,",",O
000057-002,kebebasan,O
000057-002,menenggak,O
000057-002,minuman,O
000057-002,keras,O
000057-002,hingga,O
000057-002,mabuk,O
000057-002,dan,O
000057-002,bercanda,O
000057-002,ria,O
000057-002,",",O
000057-002,bercampur,O
000057-002,baur,O
000057-002,dengan,O
000057-002,ketaajubannya,O
000057-002,terhadap,O
000057-002,ketabahan,O
000057-002,dan,O
000057-002,kesabaran,O
000057-002,orang-orang,O
000057-002,Muslim,O
000057-002,dalam,O
000057-002,menghadapi,O
000057-002,cobaan,O
000057-002,dalam,O
000057-002,rangka,O
000057-002,mempertahankan,O
000057-002,akidahnya,O
000057-002,.,O
000057-002,Keadaan,O
000057-002,ini,O
000057-002,masih,O
000057-002,ditambah,O
000057-002,lagi,O
000057-002,dengan,O
000057-002,keragu-raguan,O
000057-002,yang,O
000057-002,menari-nari,O
000057-002,di,O
000057-002,dalam,O
000057-002,benaknya,O
000057-002,dan,O
000057-002,benak,O
000057-002,siapa,O
000057-002,pun,O
000057-002,yang,O
000057-002,berakal,O
000057-002,",",O
000057-002,bahwa,O
000057-002,apa,O
000057-002,yang,O
000057-002,diserukan,O
000057-002,Islam,O
000057-002,jauh,O
000057-002,lebih,O
000057-002,bagus,O
000057-002,dan,O
000057-002,agung,O
000057-002,daripada,O
000057-002,yang,O
000057-002,lain,O
000057-002,.,O
000057-002,Umar,B_PERSON
000057-002,benar-benar,O
000057-002,bingung,O
000057-002,hingga,O
000057-002,dia,O
000057-002,menjadi,O
000057-002,lemas,O
000057-002,sendiri,O
000057-002,.,O
000057-002,Begitulah,O
000057-002,yang,O
000057-002,dikatakan,O
000057-002,Muhammad,B_PERSON
000057-002,Inilah,O
000057-002,kesimpulan,O
000057-002,dari,O
000057-002,beberapa,O
000057-002,riwayat,O
000057-002,tentang,O
000057-002,keislamannya,O
000057-002,dan,O
000057-002,setelah,O
000057-002,mengompromikan,O
000057-002,riwayat-riwayat,O
000057-002,tersebut,O
000057-002,",",O
000057-002,bahwa,O
000057-002,suatu,O
000057-002,malam,O
000057-002,dia,O
000057-002,kelua,O
000057-002,rumah,O
000057-002,hingga,O
000057-002,dia,O
000057-002,tiba,O
000057-002,di,O
000057-002,Baitul-Haram,B_LOCATION
000057-002,.,O
000057-002,Dia,O
000057-002,menyibak,O
000057-002,kain,O
000057-002,penutup,O
000057-002,Ka'bah,B_PERSON
000057-002,90,O
000057-002,Mukhtashar,O
000057-002,Siratir-Rasul,O
000057-002,",",O
000057-002,hal,O
000057-002,.,O
000057-002,66,O
000057-002,;,O
000057-002,Rahmah,O
000057-002,Lil-,O
000057-002,alamin,O
000057-002,",",O
000057-002,1/68,O
000057-002,;,O
000057-002,Sirah,O
000057-002,An-Nabawiyah,O
000057-002,",",O
000057-002,Ibnu,B_PERSON
000057-002,Hisyam,I_PERSON
000057-002,",",O
000057-002,1/291-292,O
000057-002,92-93,O
000057-002,dan,O
000057-002,dilihatnya,O
000057-002,Nabi,O
000057-002,sedang,O
000057-002,berdiri,O
000057-002,melaksanakan,O
000057-002,shalat,O
000057-002,.,O
000057-002,Saat,O
000057-002,itu,O
000057-002,beliau,O
000057-002,membaca,O
000057-002,surah,O
000057-002,Al-Haqqah,O
000057-002,.,O
000057-002,Umar,B_PERSON
000057-002,menyimak,O
000057-002,bacaan,O
000057-002,Al-Qur,O
000057-002,an,O
000057-002,itu,O
000057-002,dan,O
000057-002,dia,O
000057-002,merasa,O
000057-002,taajub,O
000057-002,terhadap,O
000057-002,susunan,O
000057-002,bahasanya,O
000057-002,.,O
000057-002,Dia,O
000057-002,berkata,O
000057-002,di,O
000057-002,dalam,O
000057-002,hati,O
000057-002,",",O
000057-002,"""",O
000057-002,Demi,O
000057-002,Allah,O
000057-002,tentunya,O
000057-002,ini,O
000057-002,adalah,O
000057-002,ucapan,O
000057-002,seorang,O
000057-002,penyair,O
000057-002,seperti,O
000057-002,yang,O
000057-002,biasa,O
000057-002,diucapkan,O
000057-002,orang-orang,O
000057-002,Quraisy,O
000057-002,".""",O
000057-002,Lalu,O
000057-002,beliau,O
000057-002,membaca,O
000057-002,ayat,O
000057-002,",",O
000057-002,ucJ,O
000057-002,O,O
000057-002,"JJ,X",O
000057-002,1-2,O
000057-002,:,O
000057-002,"""",O
000057-002,Sesungguhnya,O
000057-002,Al-Qur'an,O
000057-002,itu,O
000057-002,adalah,O
000057-002,benar-benar,O
000057-002,wahyu,O
000057-002,(,O
000057-002,Allah,O
000057-002,yang,O
000057-002,diturunkan,O
000057-002,kepada,O
000057-002,),O
000057-002,Rasul,O
000057-002,yang,O
000057-002,mulia,O
000057-002,",",O
000057-002,dan,O
000057-002,Al-Qur'an,O
000057-002,itu,O
000057-002,bukanlah,O
000057-002,perkataan,O
000057-002,seorang,O
000057-002,penyair,O
000057-002,.,O
000116-001,Rasulullah,B_PERSON
000116-001,mengadakan,O
000116-001,persiapan,O
000116-001,untuk,O
000116-001,keluar,O
000116-001,",",O
000116-001,beserta,O
000116-001,313,O
000116-001,atau,O
000116-001,hingga,O
000116-001,317,O
000116-001,orang,O
000116-001,",",O
000116-001,terdiri,O
000116-001,dari,O
000116-001,82,O
000116-001,hingga,O
000116-001,86,O
000116-001,dari,O
000116-001,Muhajirin,O
000116-001,",",O
000116-001,61,O
000116-001,dari,O
000116-001,Aus,O
000116-001,dan,O
000116-001,170,O
000116-001,dari,O
000116-001,Khazraj,O
000116-001,.,O
000116-001,Mereka,O
000116-001,tidak,O
000116-001,mengadakan,O
000116-001,pertemuan,O
000116-001,khusus,O
000116-001,",",O
000116-001,tidak,O
000116-001,pula,O
000116-001,membawa,O
000116-001,perlengkapan,O
000116-001,yang,O
000116-001,banyak,O
000116-001,.,O
000116-001,Kudanya,O
000116-001,pun,O
000116-001,hanya,O
000116-001,dua,O
000116-001,ekor,O
000116-001,",",O
000116-001,seekor,O
000116-001,milik,O
000116-001,Az,B_PERSON
000116-001,Zubair,I_PERSON
000116-001,bin,I_PERSON
000116-001,Al-Awwam,I_PERSON
000116-001,dan,O
000116-001,satu,O
000116-001,lagi,O
000116-001,milik,O
000116-001,Al-Miqdad,B_PERSON
000116-001,bin,I_PERSON
000116-001,Al-Aswad,I_PERSON
000116-001,Al-Kindi,O
000116-001,Sedangkan,O
000116-001,ontanya,O
000116-001,ada,O
000116-001,70,O
000116-001,ekor,O
000116-001,.,O
000116-001,Satu,O
000116-001,ekor,O
000116-001,dinaiki,O
000116-001,dua,O
000116-001,atau,O
000116-001,tiga,O
000116-001,orang,O
000116-001,.,O
000116-001,Sementara,O
000116-001,Rasulullah,B_PERSON
000116-001,naik,O
000116-001,seekor,O
000116-001,onta,O
000116-001,bersama,O
000116-001,Ali,B_PERSON
000116-001,bin,I_PERSON
000116-001,Abu,I_PERSON
000116-001,Thalib,I_PERSON
000116-001,dan,O
000116-001,Martsad,B_PERSON
000116-001,bin,I_PERSON
000116-001,Abu,I_PERSON
000116-001,Martsad,I_PERSON
000116-001,Al-Ghanaw,O
000116-001,.,O
000116-001,Beliau,O
000116-001,mengangkat,O
000116-001,Ibnu,B_PERSON
000116-001,Ummi,I_PERSON
000116-001,Maktum,O
000116-001,menjadi,O
000116-001,wakil,O
000116-001,beliau,O
000116-001,di,O
000116-001,Madinah,B_LOCATION
000116-001,Namun,O
000116-001,setibanya,O
000116-001,di,O
000116-001,Ar-Rauha',O
000116-001,",",O
000116-001,pengangkatan,O
000116-001,Ibnu,B_PERSON
000116-001,Ummu,B_PERSON
000116-001,Maktum,O
000116-001,sebagai,O
000116-001,wakil,O
000116-001,yang,O
000116-001,menggantikan,O
000116-001,kedudukan,O
000116-001,beliau,O
000116-001,di,O
000116-001,Madinah,B_LOCATION
000116-001,ini,O
000116-001,disanggah,O
000116-001,Abu,I_PERSON
000116-001,Lubabah,I_PERSON
000116-001,bin,I_PERSON
000116-001,Abdul,I_PERSON
000116-001,Mudzir,O
000116-001,.,O
000116-001,Maka,O
000116-001,kemudian,O
000116-001,beliau,O
000116-001,mengganti,O
000116-001,Ibnu,B_PERSON
000116-001,Maktum,O
000116-001,dengan,O
000116-001,Abu,B_PERSON
000116-001,Lubabah,I_PERSON
000116-001,Bendera,O
000116-001,komando,O
000116-001,tertinggi,O
000116-001,yang,O
000116-001,berwarna,O
000116-001,putih,O
000116-001,diserahkan,O
000116-001,kepada,O
000116-001,Mush'ab,O
000116-001,bin,I_PERSON
000116-001,Umair,I_PERSON
000116-001,Al-Qurasyi,O
000116-001,Al-Abdari,O
000116-001,.,O
000116-001,Sementara,O
000116-001,pasukan,O
000116-001,Muslimin,O
000116-001,dibagi,O
000116-001,menjadi,O
000116-001,dua,O
000116-001,batalyon,O
000116-001,:,O
000116-001,1,O
000116-001,.,O
000116-001,Batalyon,O
000116-001,Muhajirin,O
000116-001,",",O
000116-001,yang,O
000116-001,benderanya,O
000116-001,diserahkan,O
000116-001,kepada,O
000116-001,Ali,B_PERSON
000116-001,bin,I_PERSON
000116-001,Abu,I_PERSON
000116-001,Thalib,I_PERSON
000116-001,.,O
000116-001,2,O
000116-001,.,O
000116-001,Batalyon,O
000116-001,Anshar,O
000116-001,yang,O
000116-001,benderanya,O
000116-001,diserahkan,O
000116-001,kepada,O
000116-001,Sa'd,B_PERSON
000116-001,bin,I_PERSON
000116-001,Mu'adz,I_PERSON
000116-001,Komando,O
000116-001,front,O
000116-001,kanan,O
000116-001,diserahkan,O
000116-001,kepada,O
000116-001,Az-Zubair,B_PERSON
000116-001,bin,I_PERSON
000116-001,Al-Awwam,O
000116-001,",",O
000116-001,dan,O
000116-001,front,O
000116-001,kiri,O
000116-001,diserahkan,O
000116-001,kepada,O
000116-001,Al-Miqdad,O
000116-001,bin,I_PERSON
000116-001,Amr,I_PERSON
000116-001,",",O
000116-001,karena,O
000116-001,hanya,O
000116-001,mereka,O
000116-001,berdualah,O
000116-001,yang,O
000116-001,naik,O
000116-001,dalam,O
000116-001,pasukan,O
000116-001,itu,O
000116-001,",",O
000116-001,dan,O
000116-001,pertahanan,O
000116-001,garis,O
000116-001,belakang,O
000116-001,diserahkan,O
000116-001,kepada,O
000116-001,Qais,I_PERSON
000116-001,bin,I_PERSON
000116-001,Sha'sha'ah,O
000116-001,.,O
000116-001,Komando,O
000116-001,tertinggi,O
000116-001,berada,O
000116-001,di,O
000116-001,tangan,O
000116-001,beliau,O
000116-001,.,O
000124-003,Kami,O
000124-003,sudah,O
000124-003,memberikan,O
000124-003,sumpah,O
000124-003,dan,O
000124-003,janji,O
000124-003,kami,O
000124-003,untuk,O
000124-003,patuh,O
000124-003,dan,O
000124-003,taat,O
000124-003,.,O
000124-003,Maka,O
000124-003,majulah,O
000124-003,terus,O
000124-003,wahai,O
000124-003,Rasulullah,B_PERSON
000124-003,seperti,O
000124-003,engkau,O
000124-003,kehendaki,O
000124-003,Demi,O
000124-003,yang,O
000124-003,mengutus,O
000124-003,engkau,O
000124-003,dengan,O
000124-003,kebenaran,O
000124-003,",",O
000124-003,andaikata,O
000124-003,engkau,O
000124-003,bersama,O
000124-003,kami,O
000124-003,terhalang,O
000124-003,lautan,O
000124-003,lalu,O
000124-003,engkau,O
000124-003,terjun,O
000124-003,ke,O
000124-003,dalam,O
000124-003,lautan,O
000124-003,itu,O
000124-003,",",O
000124-003,kami,O
000124-003,pun,O
000124-003,akan,O
000124-003,terjun,O
000124-003,bersama,O
000124-003,engkau,O
000124-003,.,O
000124-003,Tak,O
000124-003,seorang,O
000124-003,pun,O
000124-003,di,O
000124-003,antara,O
000124-003,kami,O
000124-003,yang,O
000124-003,akan,O
000124-003,mundur,O
000124-003,.,O
000124-003,Kami,O
000124-003,sedang,O
000124-003,jika,O
000124-003,besok,O
000124-003,engkau,O
000124-003,berhadapan,O
000124-003,dengan,O
000124-003,musuh,O
000124-003,bersama,O
000124-003,kami,O
000124-003,Sesungguhnya,O
000124-003,kami,O
000124-003,dikenal,O
000124-003,orang-orang,O
000124-003,yang,O
000124-003,sabar,O
000124-003,dalam,O
000124-003,peperangan,O
000124-003,dan,O
000124-003,jujur,O
000124-003,dalam,O
000124-003,pertempuran,O
000124-003,.,O
000124-003,Semoga,O
000124-003,Allah,O
000124-003,memperlihatkan,O
000124-003,kepadamu,O
000124-003,tentang,O
000124-003,diri,O
000124-003,kami,O
000124-003,",",O
000124-003,apa,O
000124-003,yang,O
000124-003,engkau,O
000124-003,senangi,O
000124-003,.,O
000124-003,Maka,O
000124-003,majulah,O
000124-003,bersama,O
000124-003,kami,O
000124-003,dengan,O
000124-003,barakah,O
000124-003,Allah,O
000124-003,".""",O
000124-003,Dalam,O
000124-003,suatu,O
000124-003,riwayat,O
000124-003,disebutkan,O
000124-003,bahwa,O
000124-003,Sa'd,B_PERSON
000124-003,bin,I_PERSON
000124-003,Mu'adz,I_PERSON
000124-003,berkata,O
000124-003,kepada,O
000124-003,Rasulullah,B_PERSON
000124-003,",""",O
000124-003,Boleh,O
000124-003,jadi,O
000124-003,engkau,O
000124-003,khawatir,O
000124-003,orang-orang,O
000124-003,Anshar,O
000124-003,hanya,O
000124-003,berpegang,O
000124-003,kepada,O
000124-003,hak,O
000124-003,mereka,O
000124-003,untuk,O
000124-003,tidak,O
000124-003,menolongmu,O
000124-003,kecuali,O
000124-003,di,O
000124-003,tengah,O
000124-003,perkampungan,O
000124-003,mereka,O
000124-003,.,O
000124-003,Sesungguhnya,O
000124-003,aku,O
000124-003,berbicara,O
000124-003,dan,O
000124-003,memberi,O
000124-003,jawaban,O
000124-003,atas,O
000124-003,nama,O
000124-003,orang-orang,O
000124-003,Anshar,O
000124-003,.,O
000124-003,Maka,O
000124-003,dari,O
000124-003,itu,O
000124-003,majulah,O
000124-003,seperti,O
000124-003,engkau,O
000124-003,kehendaki,O
000124-003,sambunglah,O
000124-003,tali,O
000124-003,siapa,O
000124-003,pun,O
000124-003,yang,O
000124-003,engkau,O
000124-003,kehendaki,O
000124-003,",",O
000124-003,putuslah,O
000124-003,tali,O
000124-003,siapa,O
000124-003,pun,O
000124-003,yang,O
000124-003,engkau,O
000124-003,kehendaki,O
000124-003,",",O
000124-003,ambillah,O
000124-003,dari,O
000124-003,harta,O
000124-003,kami,O
000124-003,menurut,O
000124-003,kehendak,O
000124-003,engkau,O
000124-003,",",O
000124-003,berikanlah,O
000124-003,kepada,O
000124-003,kami,O
000124-003,menurut,O
000124-003,kehendak,O
000124-003,engkau,O
000124-003,.,O
000124-003,Apa,O
000124-003,pun,O
000124-003,yang,O
000124-003,engkau,O
000124-003,ambil,O
000124-003,dari,O
000124-003,kami,O
000124-003,",",O
000124-003,maka,O
000124-003,itu,O
000124-003,lebih,O
000124-003,kami,O
000124-003,sukai,O
000124-003,daripada,O
000124-003,apa,O
000124-003,yang,O
000124-003,engkau,O
000124-003,tinggalkan,O
000124-003,bagi,O
000124-003,kami,O
000124-003,.,O
000124-003,Apa,O
000124-003,pun,O
000124-003,yang,O
000124-003,engkau,O
000124-003,perintahkan,O
000124-003,",",O
000124-003,maka,O
000124-003,urusan,O
000124-003,kami,O
000124-003,hanyalah,O
000124-003,mengikuti,O
000124-003,perintah,O
000124-003,engkau,O
000124-003,.,O
000124-003,Demi,O
000124-003,Allah,O
000124-003,",",O
000124-003,jika,O
000124-003,engkau,O
000124-003,maju,O
000124-003,hingga,O
000124-003,mencapai,O
000124-003,dasar,O
000124-003,sumur,O
000124-003,yang,O
000124-003,gelap,O
000124-003,",",O
000124-003,tentu,O
000124-003,kami,O
000124-003,akan,O
000124-003,maju,O
000124-003,bersama,O
000124-003,engkau,O
000124-003,.,O
000124-004,Demi,O
000124-004,Allah,O
000124-004,",",O
000124-004,jika,O
000124-004,engkau,O
000124-004,maju,O
000124-004,hingga,O
000124-004,mencapai,O
000124-004,dasar,O
000124-004,sumur,O
000124-004,yang,O
000124-004,gelap,O
000124-004,",",O
000124-004,tentu,O
000124-004,kami,O
000124-004,akan,O
000124-004,maju,O
000124-004,bersama,O
000124-004,engkau,O
000124-004,.,O
000124-004,Demi,O
000124-004,Allah,O
000124-004,",",O
000124-004,jika,O
000124-004,engkau,O
000124-004,terhalang,O
000124-004,lautan,O
000124-004,bersama,O
000124-004,kami,O
000124-004,",",O
000124-004,lalu,O
000124-004,engkau,O
000124-004,terjun,O
000124-004,ke,O
000124-004,lautan,O
000124-004,itu,O
000124-004,",",O
000124-004,tentu,O
000124-004,kami,O
000124-004,juga,O
000124-004,akan,O
000124-004,terjun,O
000124-004,bersama,O
000124-004,engkau,O
000124-004,.,O
000124-004,Rasulullah,B_PERSON
000124-004,merasa,O
000124-004,gembira,O
000124-004,dengan,O
000124-004,apa,O
000124-004,yang,O
000124-004,dikatakan,O
000124-004,Sa'd,O
000124-004,dan,O
000124-004,semangatnya,O
000124-004,yang,O
000124-004,menggebu-gebu,O
000124-004,.,O
000124-004,Maka,O
000124-004,beliau,O
000124-004,bersabda,O
000124-004,",",O
000124-004,"""",O
000124-004,Majulah,O
000124-004,kalian,O
000124-004,dan,O
000124-004,terimalah,O
000124-004,kabar,O
000124-004,gembira,O
000124-004,",",O
000124-004,karena,O
000124-004,Allah,O
000124-004,telah,O
000124-004,menjanjikan,O
000124-004,salah,O
000124-004,satu,O
000124-004,dari,O
000124-004,dua,O
000124-004,pihak,O
000124-004,kepadaku,O
000124-004,.,O
000124-004,Demi,O
000124-004,Allah,O
000124-004,",",O
000124-004,seakan-akan,O
000124-004,saat,O
000124-004,ini,O
000124-004,aku,O
000124-004,bisa,O
000124-004,melihat,O
000124-004,tempat,O
000124-004,kematian,O
000124-004,mereka,O
000124-004,".""",O
000124-004,Setelah,O
000124-004,itu,O
000124-004,Rasulullah,B_PERSON
000124-004,meninggalkan,O
000124-004,Dzafiran,O
000124-004,untuk,O
000124-004,melanjutkan,O
000124-004,perjalanan,O
000124-004,.,O
000124-004,Beliau,O
000124-004,melewati,O
000124-004,jalan,O
000124-004,bukit,O
000124-004,yang,O
000124-004,disebut,O
000124-004,Al-Ashafir,O
000124-004,",",O
000124-004,kemudian,O
000124-004,cepat-cepat,O
000124-004,menuju,O
000124-004,suatu,O
000124-004,tempat,O
000124-004,yang,O
000124-004,disebut,O
000124-004,Ad-Dabbah,O
000124-004,dan,O
000124-004,meninggalkan,O
000124-004,Al-Hannan,O
000124-004,di,O
000124-004,sebelah,O
000124-004,kanannya,O
000124-004,",",O
000124-004,yaitu,O
000124-004,sebuah,O
000124-004,bukit,O
000124-004,pasir,O
000124-004,yang,O
000124-004,menyerupai,O
000124-004,gunung,O
000124-004,yang,O
000124-004,kokoh,O
000124-004,",",O
000124-004,kemudian,O
000124-004,tiba,O
000124-004,di,O
000124-004,dekat,O
000124-004,Badr,B_LOCATION
000124-004,.,O
000126-002,Demi,O
000126-002,Allah,O
000126-002,",",O
000126-002,mereka,O
000126-002,berdua,O
000126-002,berkata,O
000126-002,jujur,O
000126-002,.,O
000126-002,Mereka,O
000126-002,adalah,O
000126-002,pesuruh,O
000126-002,Quraisy,O
000126-002,".""",O
000126-002,Kemudian,O
000126-002,beliau,O
000126-002,bersabda,O
000126-002,kepada,O
000126-002,keduanya,O
000126-002,",",O
000126-002,"""",O
000126-002,Kabarkanlah,O
000126-002,kepadaku,O
000126-002,tentang,O
000126-002,posisi,O
000126-002,pasukan,O
000126-002,Quraisy,O
000126-002,"!""",O
000126-002,"""",O
000126-002,Mereka,O
000126-002,berada,O
000126-002,di,O
000126-002,balik,O
000126-002,bukit,O
000126-002,pasir,O
000126-002,yang,O
000126-002,bisa,O
000126-002,engkau,O
000126-002,lihat,O
000126-002,jika,O
000126-002,memandang,O
000126-002,ke,O
000126-002,arah,O
000126-002,Al-Udhwatul-Qushwa,O
000126-002,",""",O
000126-002,jawab,O
000126-002,mereka,O
000126-002,berdua,O
000126-002,"""",O
000126-002,Berapa,O
000126-002,jumlah,O
000126-002,mereka,O
000126-002,"?""",O
000126-002,tanya,O
000126-002,beliau,O
000126-002,"""",O
000126-002,Banyak,O
000126-002,sekali,O
000126-002,".""",O
000126-002,"""",O
000126-002,Berapa,O
000126-002,tepatnya,O
000126-002,?,O
000126-002,"""",O
000126-002,Kami,O
000126-002,tidak,O
000126-002,tahu,O
000126-002,persis,O
000126-002,".""",O
000126-002,"""",O
000126-002,Berapa,O
000126-002,ekor,O
000126-002,binatang,O
000126-002,yang,O
000126-002,mereka,O
000126-002,sembelih,O
000126-002,setiap,O
000126-002,harinya,O
000126-002,"?""",O
000126-002,tanya,O
000126-002,beliau,O
000126-002,.,O
000126-002,"""",O
000126-002,Sehari,O
000126-002,sembilan,O
000126-002,ekor,O
000126-002,dan,O
000126-002,besoknya,O
000126-002,lagi,O
000126-002,sepuluh,O
000126-002,ekor,O
000126-002,",""",O
000126-002,jawab,O
000126-002,mereka,O
000126-002,berdua,O
000126-002,.,O
000126-002,"""",O
000126-002,Berarti,O
000126-002,jumlah,O
000126-002,mereka,O
000126-002,antara,O
000126-002,sembilan,O
000126-002,ratus,O
000126-002,hingga,O
000126-002,seribu,O
000126-002,orang,O
000126-002,",""",O
000126-002,sabda,O
000126-002,beliau,O
000126-002,.,O
000126-002,Kemudian,O
000126-002,beliau,O
000126-002,bertanya,O
000126-002,lagi,O
000126-002,",",O
000126-002,"""",O
000126-002,Siapa,O
000126-002,saja,O
000126-002,pemuka,O
000126-002,Quraisy,O
000126-002,yang,O
000126-002,bergabung,O
000126-002,di,O
000126-002,tengah,O
000126-002,mereka,O
000126-002,"?""",O
000126-002,"""",O
000126-002,Ada,O
000126-002,Uthbah,B_PERSON
000126-002,dan,O
000126-002,Syaibah,B_PERSON
000126-002,",",O
000126-002,kedua,O
000126-002,anak,O
000126-002,Rabi'ah,B_PERSON
000126-002,",",O
000126-002,Abul,B_PERSON
000126-002,Bakhtari,I_PERSON
000126-002,bin,I_PERSON
000126-002,Hisyam,I_PERSON
000126-002,.,O
000126-002,Hakim,B_PERSON
000126-002,bin,I_PERSON
000126-002,Hizam,O
000126-002,",",O
000126-002,Naufal,B_PERSON
000126-002,bin,I_PERSON
000126-002,Khuwalid,O
000126-002,",",O
000126-002,Al-Harits,O
000126-002,bin,I_PERSON
000126-002,Amir,B_PERSON
000126-002,",",O
000126-002,Thu'aimah,O
000126-002,bin,I_PERSON
000126-002,Adi,I_PERSON
000126-002,",",O
000126-002,An-Nadhr,O
000126-002,bin,I_PERSON
000126-002,Al-Harits,O
000126-002,",",O
000126-002,Zam'ah,B_LOCATION
000126-002,bin,I_PERSON
000126-002,Al-Aswad,B_PERSON
000126-002,",",O
000126-002,Abu,B_PERSON
000126-002,Jahal,I_PERSON
000126-002,bin,I_PERSON
000126-002,Hisyam,I_PERSON
000126-002,",",O
000126-002,Umayyah,B_PERSON
000126-002,bin,I_PERSON
000126-002,Khalaf,I_PERSON
000126-002,...,O
000126-002,"""",O
000126-002,dan,O
000126-002,beberapa,O
000126-002,orang,O
000126-002,lagi,O
000126-002,yang,O
000126-002,mereka,O
000126-002,sebutkan,O
000126-002,.,O
000126-002,Setelah,O
000126-002,itu,O
000126-002,Rasulullah,B_PERSON
000126-002,menghadap,O
000126-002,ke,O
000126-002,arah,O
000126-002,semua,O
000126-002,orang,O
000126-002,seraya,O
000126-002,bersabda,O
000126-002,.,O
000126-002,"""",O
000126-002,Wahai,O
000126-002,semua,O
000126-002,orang,O
000126-002,",",O
000126-002,inilah,O
000126-002,Makkah,B_LOCATION
000126-002,yang,O
000126-002,telah,O
000126-002,menghantarkan,O
000126-002,jantung,O
000126-002,hatinya,O
000126-002,kepada,O
000126-002,kalian,O
000126-002,".""",O
000126-002,Pada,O
000126-002,malam,O
000126-002,itu,O
000126-002,Allah,O
000126-002,menurunkan,O
000126-002,huj,B_PERSON
000126-002,an,I_PERSON
000126-002,yang,O
000126-002,deras,O
000126-002,",",O
000126-002,sehingga,O
000126-002,orang-orang,O
000126-002,musyrik,O
000126-002,basah,O
000126-002,kuyup,O
000126-002,dan,O
000126-002,menghambat,O
000126-002,langkah,O
000126-002,mereka,O
000126-002,untuk,O
000126-002,maju,O
000126-002,.,O
000128-001,Kemudian,O
000128-001,Rasulullah,B_PERSON
000128-001,mempersiapkan,O
000128-001,pasukan,O
000128-001,",",O
000128-001,berkeliling,O
000128-001,di,O
000128-001,sekitar,O
000128-001,arena,O
000128-001,yang,O
000128-001,akan,O
000128-001,dijadikan,O
000128-001,ajang,O
000128-001,pertempuran,O
000128-001,.,O
000128-001,Beliau,O
000128-001,menunjukkan,O
000128-001,jarinya,O
000128-001,ke,O
000128-001,suatu,O
000128-001,tempat,O
000128-001,sambil,O
000128-001,bersabda,O
000128-001,",",O
000128-001,Ini,O
000128-001,tempat,O
000128-001,kematian,O
000128-001,Fulan,O
000128-001,esok,O
000128-001,hari,O
000128-001,insya,O
000128-001,Allah,O
000128-001,",",O
000128-001,dan,O
000128-001,ini,O
000128-001,tempat,O
000128-001,kematiannya,O
000128-001,Fulan,O
000128-001,insya,O
000128-001,Allah,O
000128-001,".""",O
000128-001,Pada,O
000128-001,malam,O
000128-001,itu,O
000128-001,beliau,O
000128-001,sering,O
000128-001,melaksanakan,O
000128-001,shalat,O
000128-001,di,O
000128-001,dekat,O
000128-001,pangkal,O
000128-001,pohon,O
000128-001,yang,O
000128-001,tumbuh,O
000128-001,di,O
000128-001,sana,O
000128-001,.,O
000128-001,Sedangkan,O
000128-001,orang-orang,O
000128-001,Muslim,O
000128-001,tidur,O
000128-001,dengan,O
000128-001,hembusan,O
000128-001,napas,O
000128-001,yang,O
000128-001,tenang,O
000128-001,seakan,O
000128-001,menyinari,O
000128-001,angkasa,O
000128-001,.,O
000128-001,Hati,O
000128-001,mereka,O
000128-001,ditaburi,O
000128-001,keyakinan,O
000128-001,Mereka,O
000128-001,cukup,O
000128-001,istirahat,O
000128-001,pada,O
000128-001,malam,O
000128-001,itu,O
000128-001,",",O
000128-001,dengan,O
000128-001,harapan,O
000128-001,esok,O
000128-001,paginya,O
000128-001,dapat,O
000128-001,melihat,O
000128-001,kabar,O
000128-001,gembira,O
000128-001,dari,O
000128-001,Allah,O
000128-001,"""(",O
000128-001,Ingatlah,O
000128-001,),O
000128-001,ketika,O
000128-001,Allah,O
000128-001,menjadikan,O
000128-001,kalian,O
000128-001,mengantuk,O
000128-001,sebagai,O
000128-001,suatu,O
000128-001,penentram,O
000128-001,dari-Nya,O
000128-001,",",O
000128-001,dan,O
000128-001,Allah,O
000128-001,menurunkan,O
000128-001,kepada,O
000128-001,kalian,O
000128-001,hujan,O
000128-001,dari,O
000128-001,langit,O
000128-001,untuk,O
000128-001,mensucikan,O
000128-001,kalian,O
000128-001,dengan,O
000128-001,hujan,O
000128-001,itu,O
000128-001,dan,O
000128-001,menghilangkan,O
000128-001,dari,O
000128-001,kalian,O
000128-001,gangguan-gangguan,O
000128-001,setan,O
000128-001,dan,O
000128-001,untuk,O
000128-001,menguatkan,O
000128-001,hati,O
000128-001,kalian,O
000128-001,dan,O
000128-001,memperteguh,O
000128-001,dengannya,O
000128-001,telapak,O
000128-001,kaki,O
000128-001,(,O
000128-001,kalian,O
000128-001,).,O
000128-001,"""",O
000128-001,(,O
000128-001,Al-Anfal,O
000128-001,:,O
000128-001,11,I_TIME
000128-001,),O
000128-001,Malam,O
000128-001,itu,O
000128-001,adalah,O
000128-001,malam,O
000128-001,Jum'at,I_TIME
000128-001,",",O
000128-001,tanggal,I_TIME
000128-001,17,I_TIME
000128-001,Ramadhan,I_TIME
000128-001,2,O
000128-001,H,I_TIME
000128-001,.,O
000128-001,Sementara,O
000128-001,keberangkatan,O
000128-001,beliau,O
000128-001,pada,O
000128-001,tanggal,I_TIME
000128-001,8,I_TIME
000128-001,atau,O
000128-001,12,I_TIME
000128-001,dari,O
000128-001,bulan,B_TIME
000128-001,yang,O
000128-001,sama,O
000128-001,.,O
000129-002,Tetapi,O
000129-002,wahai,O
000129-002,orang,O
000129-002,orang,O
000129-002,Quraisy,O
000129-002,",",O
000129-002,kulihat,O
000129-002,bencana,O
000129-002,besar,O
000129-002,yang,O
000129-002,membawa,O
000129-002,mimpi,O
000129-002,",",O
000129-002,kolam-kolam,O
000129-002,Yatsrib,B_LOCATION
000129-002,yang,O
000129-002,membawa,O
000129-002,kematian,O
000129-002,yang,O
000129-002,memilukan,O
000129-002,.,O
000129-002,Mereka,O
000129-002,adalah,O
000129-002,orang-orang,O
000129-002,yang,O
000129-002,tidak,O
000129-002,mempunyai,O
000129-002,tameng,O
000129-002,dan,O
000129-002,benteng,O
000129-002,kecuali,O
000129-002,pedang-pedang,O
000129-002,mereka,O
000129-002,Demi,O
000129-002,Allah,O
000129-002,",",O
000129-002,tidak,O
000129-002,ada,O
000129-002,seseorang,O
000129-002,di,O
000129-002,antara,O
000129-002,mereka,O
000129-002,yang,O
000129-002,terbunuh,O
000129-002,",",O
000129-002,melainkan,O
000129-002,dia,O
000129-002,telah,O
000129-002,membunuh,O
000129-002,salah,O
000129-002,seorang,O
000129-002,di,O
000129-002,antara,O
000129-002,kalian,O
000129-002,.,O
000129-002,Jika,O
000129-002,jumlah,O
000129-002,mereka,O
000129-002,sama,O
000129-002,dengan,O
000129-002,jumlah,O
000129-002,kalian,O
000129-002,",",O
000129-002,maka,O
000129-002,tidak,O
000129-002,ada,O
000129-002,artinya,O
000129-002,hidup,O
000129-002,setelah,O
000129-002,itu,O
000129-002,.,O
000129-002,Maka,O
000129-002,pikirkanlah,O
000129-002,hal,O
000129-002,ini,O
000129-002,"!""""",O
000129-002,Pada,O
000129-002,saat,O
000129-002,itu,O
000129-002,ada,O
000129-002,pula,O
000129-002,aksi,O
000129-002,penentangan,O
000129-002,terhadap,O
000129-002,Abu,B_PERSON
000129-002,Jahl,I_PERSON
000129-002,yang,O
000129-002,ngotot,O
000129-002,untuk,O
000129-002,berperang,O
000129-002,.,O
000129-002,Aksi,O
000129-002,penentangan,O
000129-002,ini,O
000129-002,mengajak,O
000129-002,pasukan,O
000129-002,untuk,O
000129-002,kembali,O
000129-002,ke,O
000129-002,Makkah,B_LOCATION
000129-002,tanpa,O
000129-002,harus,O
000129-002,bertempur,O
000129-002,dengan,O
000129-002,musuh,O
000129-002,.,O
000129-002,Maka,O
000129-002,Hakim,B_PERSON
000129-002,bin,I_PERSON
000129-002,Hizam,I_PERSON
000129-002,kembali,O
000129-002,bersama,O
000129-002,beberapa,O
000129-002,orang,O
000129-002,.,O
000129-002,Lalu,O
000129-002,dia,O
000129-002,menemui,O
000129-002,Utbah,B_PERSON
000129-002,bin,I_PERSON
000129-002,Rabi'ah,O
000129-002,dan,O
000129-002,berkata,O
000129-002,",",O
000129-002,"""",O
000129-002,Wahai,O
000129-002,Abul,B_PERSON
000129-002,Walid,O
000129-002,",",O
000129-002,engkau,O
000129-002,adalah,O
000129-002,pemuka,O
000129-002,Quraisy,O
000129-002,",",O
000129-002,pemimpin,O
000129-002,dan,O
000129-002,orang,O
000129-002,yang,O
000129-002,dipatuhi,O
000129-002,.,O
000129-002,Apakah,O
000129-002,engkau,O
000129-002,ingin,O
000129-002,memperoleh,O
000129-002,kenangan,O
000129-002,yang,O
000129-002,manis,O
000129-002,sepanjang,O
000129-002,masa,O
000129-002,"?""",O
000129-002,"""",O
000129-002,Apa,O
000129-002,itu,O
000129-002,wahai,O
000129-002,Hakim,O
000129-002,"?""",O
000129-002,tanya,O
000129-002,Utbah,B_PERSON
000129-002,.,O
000129-002,"""",O
000129-002,Pulanglah,O
000129-002,dengan,O
000129-002,orang-orangmu,O
000129-002,dan,O
000129-002,bawalah,O
000129-002,urusan,O
000129-002,sekutumu,O
000129-002,Amr,I_PERSON
000129-002,bin,I_PERSON
000129-002,Al-Hadhrami,O
000129-002,".""",O
000129-002,Amr,B_PERSON
000129-002,adalah,O
000129-002,orang,O
000129-002,yang,O
000129-002,terbunuh,O
000129-002,saat,O
000129-002,dipanah,O
000129-002,satuan,O
000129-002,perang,O
000129-002,Muslimin,O
000129-002,di,O
000129-002,Nakhlah,O
000129-002,.,O
000129-002,Utbah,B_PERSON
000129-002,berkata,O
000129-002,",",O
000129-002,"""",O
000129-002,Aku,O
000129-002,pasti,O
000129-002,akan,O
000129-002,melakukannya,O
000129-002,dan,O
000129-002,engkaulah,O
000129-002,penjaminku,O
000129-002,atas,O
000129-002,tindakan,O
000129-002,ini,O
000129-002,.,O
000129-002,Memang,O
000129-002,dia,O
000129-002,adalah,O
000129-002,sekutuku,O
000129-002,.,O
000129-002,Maka,O
000129-002,akulah,O
000129-002,yang,O
000129-002,akan,O
000129-002,menangani,O
000129-002,masalah,O
000129-002,tebusannya,O
000129-002,dan,O
000129-002,harta,O
000129-002,yang,O
000129-002,seharusnya,O
000129-002,milik,O
000129-002,dia,O
000129-002,".""",O
000129-002,Kemudian,O
000129-002,Utbah,B_PERSON
000129-002,berkata,O
000129-002,kepada,O
000129-002,Hakim,O
000129-002,bin,I_PERSON
000129-002,Hizam,O
000129-002,",",O
000129-002,"""",O
000129-002,Kalau,O
000129-002,begitu,O
000129-002,temuilah,O
000129-002,Abu,B_PERSON
000129-002,Jahl,I_PERSON
000129-002,.,O
000130-002,Beliau,O
000130-002,juga,O
000130-002,menyampaikan,O
000130-002,beberapa,O
000130-002,petunjuk,O
000130-002,khusus,O
000130-002,tentang,O
000130-002,peperangan,O
000130-002,",",O
000130-002,dengan,O
000130-002,bersabda,O
000130-002,",",O
000130-002,"""",O
000130-002,Jika,O
000130-002,kalian,O
000130-002,merasa,O
000130-002,jumlah,O
000130-002,musuh,O
000130-002,terlalu,O
000130-002,besar,O
000130-002,",",O
000130-002,maka,O
000130-002,lepaskanlah,O
000130-002,anak,O
000130-002,panah,O
000130-002,kepada,O
000130-002,mereka,O
000130-002,.,O
000130-002,Dahuluilah,O
000130-002,mereka,O
000130-002,dalam,O
000130-002,melepaskan,O
000130-002,anak,O
000130-002,panah,O
000130-002,.,O
000130-002,Kalian,O
000130-002,tidak,O
000130-002,perlu,O
000130-002,terburu-buru,O
000130-002,menghunus,O
000130-002,pedang,O
000130-002,kecuali,O
000130-002,setelah,O
000130-002,mereka,O
000130-002,dekat,O
000130-002,dengan,O
000130-002,kalian,O
000130-002,".""",O
000130-002,Setelah,O
000130-002,itu,O
000130-002,beliau,O
000130-002,kembali,O
000130-002,lagi,O
000130-002,ke,O
000130-002,tenda,O
000130-002,bersama,O
000130-002,Abu,B_PERSON
000130-002,Bakar,I_PERSON
000130-002,.,O
000130-002,Sementara,O
000130-002,Sa'd,B_PERSON
000130-002,bin,I_PERSON
000130-002,Mu'adz,I_PERSON
000130-002,bertanggung,O
000130-002,jawab,O
000130-002,memimpin,O
000130-002,satuan,O
000130-002,pasukan,O
000130-002,yang,O
000130-002,bertugas,O
000130-002,melindungi,O
000130-002,beliau,O
000130-002,.,O
000130-002,Ternyata,O
000130-002,pada,O
000130-002,hari,O
000130-002,itu,O
000130-002,Abu,B_PERSON
000130-002,Jahl,I_PERSON
000130-002,juga,O
000130-002,mencari-cari,O
000130-002,keputusan,O
000130-002,dari,O
000130-002,Allah,O
000130-002,dan,O
000130-002,mengharapkan,O
000130-002,kemenangan,O
000130-002,",",O
000130-002,seraya,O
000130-002,berkata,O
000130-002,",",O
000130-002,"""",O
000130-002,Ya,O
000130-002,Allah,O
000130-002,",",O
000130-002,apakah,O
000130-002,kami,O
000130-002,harus,O
000130-002,memutuskan,O
000130-002,tali,O
000130-002,kekerabatan,O
000130-002,dan,O
000130-002,menanggung,O
000130-002,akibat,O
000130-002,yang,O
000130-002,belum,O
000130-002,kami,O
000130-002,ketahui,O
000130-002,secara,O
000130-002,pasti,O
000130-002,?,O
000130-002,Maka,O
000130-002,hancurkanlah,O
000130-002,dia,O
000130-002,pada,O
000130-002,pagi,O
000130-002,ini,O
000130-002,.,O
000130-002,Ya,O
000130-002,Allah,O
000130-002,",",O
000130-002,siapakah,O
000130-002,yang,O
000130-002,lebih,O
000130-002,Engkau,O
000130-002,cintai,O
000130-002,dan,O
000130-002,lebih,O
000130-002,Engkau,O
000130-002,ridhai,O
000130-002,di,O
000130-002,sisi-Mu,O
000130-002,",",O
000130-002,maka,O
000130-002,berilah,O
000130-002,ia,O
000130-002,kemenangan,O
000130-002,pada,O
000130-002,hari,O
000130-002,ini,O
000130-002,".""",O
000130-002,Tentang,O
000130-002,perkataan,O
000130-002,Abu,B_PERSON
000130-002,Jahl,I_PERSON
000130-002,ini,O
000130-002,",",O
000130-002,Allah,O
000130-002,telah,O
000130-002,berfirman,O
000130-002,.,O
000130-002,"""",O
000130-002,Jika,O
000130-002,kalian,O
000130-002,(,O
000130-002,orang-orang,O
000130-002,musyrik,O
000130-002,),O
000130-002,mencari,O
000130-002,keputusan,O
000130-002,",",O
000130-002,maka,O
000130-002,telah,O
000130-002,datang,O
000130-002,keputusan,O
000130-002,kepada,O
000130-002,kalian,O
000130-002,;,O
000130-002,dan,O
000130-002,jika,O
000130-002,kalian,O
000130-002,berhenti,O
000130-002,",",O
000130-002,maka,O
000130-002,itulah,O
000130-002,yang,O
000130-002,lebih,O
000130-002,baik,O
000130-002,bagi,O
000130-002,kalian,O
000130-002,;,O
000130-002,dan,O
000130-002,jika,O
000130-002,kalian,O
000130-002,kembali,O
000130-002,",",O
000130-002,niscaya,O
000130-002,Kami,O
000130-002,kembali,O
000130-002,(,O
000130-002,pula,O
000130-002,),O
000130-002,dan,O
000130-002,angkatan,O
000130-002,perang,O
000130-002,kalian,O
000130-002,sekali-kali,O
000130-002,tidak,O
000130-002,akan,O
000130-002,dapat,O
000130-002,menolak,O
000130-002,kalian,O
000130-002,dari,O
000130-002,sesuatu,O
000130-002,bahaya,O
000130-002,pun,O
000130-002,",",O
000130-002,biarpun,O
000130-002,dia,O
000130-002,banyak,O
000130-002,dan,O
000130-002,sesungguhnya,O
000130-002,Allah,O
000130-002,beserta,O
000130-002,orang-orang,O
000130-002,yang,O
000130-002,beriman,O
000130-002,".""",O
000130-002,(,O
000130-002,Al-Anfal,O
000130-002,:,O
000130-002,19,O
000130-002,),O
000135-001,Setelah,O
000135-001,melihat,O
000135-001,apa,O
000135-001,yang,O
000135-001,dialami,O
000135-001,orang-orang,O
000135-001,musyrik,O
000135-001,tatkala,O
000135-001,berhadapan,O
000135-001,dengan,O
000135-001,pasukan,O
000135-001,Muslimin,O
000135-001,yang,O
000135-001,dibantu,O
000135-001,para,O
000135-001,malaikat,O
000135-001,",",O
000135-001,maka,O
000135-001,iblis,O
000135-001,yang,O
000135-001,berbentuk,O
000135-001,Suraqah,B_PERSON
000135-001,bin,I_PERSON
000135-001,Malik,I_PERSON
000135-001,bin,I_PERSON
000135-001,Ju'syum,I_PERSON
000135-001,",",O
000135-001,yang,O
000135-001,semenjak,O
000135-001,semula,O
000135-001,memang,O
000135-001,menyertai,O
000135-001,pasukan,O
000135-001,Quraisy,O
000135-001,",",O
000135-001,segera,O
000135-001,beranjak,O
000135-001,untuk,O
000135-001,melarikan,O
000135-001,diri,O
000135-001,dari,O
000135-001,kancah,O
000135-001,.,O
000135-001,Al-Harits,B_PERSON
000135-001,bin,I_PERSON
000135-001,Hisyam,I_PERSON
000135-001,yang,O
000135-001,melihat,O
000135-001,gelagatnya,O
000135-001,itu,O
000135-001,hendak,O
000135-001,memegangnya,O
000135-001,.,O
000135-001,Tentu,O
000135-001,saja,O
000135-001,dia,O
000135-001,mengira,O
000135-001,Iblis,O
000135-001,itu,O
000135-001,benar-benar,O
000135-001,Suraqah,O
000135-001,.,O
000135-001,"""",O
000135-001,Mau,O
000135-001,kemana,O
000135-001,kamu,O
000135-001,Suraqah,O
000135-001,"?""",O
000135-001,tanya,O
000135-001,Al-Harits,B_PERSON
000135-001,".""",O
000135-001,Bukankan,O
000135-001,engkau,O
000135-001,pernah,O
000135-001,berkata,O
000135-001,bahwa,O
000135-001,engkau,O
000135-001,akan,O
000135-001,menjadi,O
000135-001,pendukung,O
000135-001,kami,O
000135-001,dan,O
000135-001,tidak,O
000135-001,akan,O
000135-001,meninggalkan,O
000135-001,kami,O
000135-001,"?""",O
000135-001,Namun,O
000135-001,iblis,O
000135-001,itu,O
000135-001,memukul,O
000135-001,dada,O
000135-001,Al-Harits,B_PERSON
000135-001,hingga,O
000135-001,membuatnya,O
000135-001,terjengkang,O
000135-001,.,O
000135-001,Kemudian,O
000135-001,Suraqah,B_PERSON
000135-001,menjawab,O
000135-001,",",O
000135-001,"""",O
000135-001,Sesunguhnya,O
000135-001,aku,O
000135-001,telah,O
000135-001,melihat,O
000135-001,apa,O
000135-001,yang,O
000135-001,tidak,O
000135-001,kalian,O
000135-001,lihat,O
000135-001,.,O
000135-001,Sesungguhnya,O
000135-001,aku,O
000135-001,takut,O
000135-001,kepada,O
000135-001,Allah,O
000135-001,.,O
000135-001,Siksaan,O
000135-001,Allah,O
000135-001,benar-,O
000135-001,benar,O
000135-001,amat,O
000135-001,pedih,O
000135-001,".""",O
000135-001,Setelah,O
000135-001,itu,O
000135-001,dia,O
000135-001,lari,O
000135-001,dan,O
000135-001,menceburkan,O
000135-001,dirinya,O
000135-001,ke,O
000135-001,laut,O
000135-001,.,O
000137-003,Beliau,O
000137-003,memandang,O
000137-003,pedang,O
000137-003,milik,O
000137-003,mereka,O
000137-003,berdua,O
000137-003,",",O
000137-003,lalu,O
000137-003,bersabda,O
000137-003,",",O
000137-003,"""",O
000137-003,Kalian,O
000137-003,berdua,O
000137-003,telah,O
000137-003,membunuhnya,O
000137-003,".""",O
000137-003,Rasulullah,B_PERSON
000137-003,menyerahkan,O
000137-003,harta,O
000137-003,rampasan,O
000137-003,miliknya,O
000137-003,secara,O
000137-003,khusus,O
000137-003,kepada,O
000137-003,Mu'adz,B_PERSON
000137-003,bin,I_PERSON
000137-003,Amr,I_PERSON
000137-003,Al-Jamuh,O
000137-003,.,O
000137-003,Dua,O
000137-003,pemuda,O
000137-003,itu,O
000137-003,adalah,O
000137-003,Mu',B_PERSON
000137-003,adz,O
000137-003,bin,I_PERSON
000137-003,Amr,I_PERSON
000137-003,Al-Jamuh,O
000137-003,dan,O
000137-003,Mu'awwidz,B_PERSON
000137-003,bin,I_PERSON
000137-003,Ibnu,I_PERSON
000137-003,Ishaq,I_PERSON
000137-003,menuturkan,O
000137-003,",",O
000137-003,"""",O
000137-003,Mu'adz,B_PERSON
000137-003,bin,I_PERSON
000137-003,Amr,I_PERSON
000137-003,bin,I_PERSON
000137-003,Al-Jamuh,I_PERSON
000137-003,berkata,O
000137-003,",",O
000137-003,"""",O
000137-003,Aku,O
000137-003,mencari,O
000137-003,informasi,O
000137-003,dari,O
000137-003,orang-orang,O
000137-003,.,O
000137-003,Sementara,O
000137-003,saat,O
000137-003,itu,O
000137-003,Abu,B_PERSON
000137-003,Jahal,I_PERSON
000137-003,berada,O
000137-003,di,O
000137-003,dekat,O
000137-003,pohon,O
000137-003,yang,O
000137-003,rimbun,O
000137-003,",",O
000137-003,berbaur,O
000137-003,dengan,O
000137-003,orang-orang,O
000137-003,musyrik,O
000137-003,yang,O
000137-003,membawa,O
000137-003,tombak,O
000137-003,dan,O
000137-003,pedang,O
000137-003,yang,O
000137-003,memang,O
000137-003,bergerombol,O
000137-003,di,O
000137-003,sekitarnya,O
000137-003,untuk,O
000137-003,melindunginya,O
000137-003,.,O
000137-003,Orang-orang,O
000137-003,berkata,O
000137-003,",",O
000137-003,"""",O
000137-003,Abul,B_PERSON
000137-003,Hakam,I_PERSON
000137-003,(,O
000137-003,Abu,B_PERSON
000137-003,Jahal,I_PERSON
000137-003,),O
000137-003,tidak,O
000137-003,akan,O
000137-003,bisa,O
000137-003,lolos,O
000137-003,".""",O
000137-003,Tatkala,O
000137-003,kudengar,O
000137-003,tentang,O
000137-003,dirinya,O
000137-003,",",O
000137-003,maka,O
000137-003,aku,O
000137-003,mempersiapkan,O
000137-003,diri,O
000137-003,lalu,O
000137-003,mendekati,O
000137-003,dirinya,O
000137-003,.,O
000137-003,Selagi,O
000137-003,jarak,O
000137-003,sudah,O
000137-003,memungkinkan,O
000137-003,",",O
000137-003,aku,O
000137-003,segera,O
000137-003,menyerangnya,O
000137-003,dan,O
000137-003,dapat,O
000137-003,menyabetnya,O
000137-003,hingga,O
000137-003,kakinya,O
000137-003,putus,O
000137-003,pada,O
000137-003,bagian,O
000137-003,betis,O
000137-003,.,O
000137-003,Namun,O
000137-003,kemudian,O
000137-003,anaknya,O
000137-003,",",O
000137-003,Ikrimah,O
000137-003,",",O
000137-003,menyerangku,O
000137-003,dan,O
000137-003,mengenai,O
000137-003,pundakku,O
000137-003,.,O
000137-003,hingga,O
000137-003,tanganku,O
000137-003,putus,O
000137-003,dan,O
000137-003,bergelantungan,O
000137-003,",",O
000137-003,karena,O
000137-003,kulitnya,O
000137-003,masih,O
000137-003,belum,O
000137-003,putus,O
000137-003,.,O
000137-003,Pertempuran,O
000137-003,yang,O
000137-003,terus,O
000137-003,berkecamuk,O
000137-003,membuatku,O
000137-003,tersingkir,O
000137-003,dari,O
000137-003,kancah,O
000137-003,pertempuran,O
000137-003,.,O
000137-003,Setelah,O
000137-003,berhasil,O
000137-003,membunuh,O
000137-003,sekian,O
000137-003,banyak,O
000137-003,musuh,O
000137-003,pada,O
000137-003,hari,O
000137-003,ini,O
000137-003,.,O
000137-003,akhirnya,O
000137-003,aku,O
000137-003,agak,O
000137-003,mundur,O
000137-003,ke,O
000137-003,belakang,O
000137-003,.,O
000137-003,Karena,O
000137-003,rasa,O
000137-003,sakit,O
000137-003,yang,O
000137-003,amat,O
000137-003,sangat,O
000137-003,",",O
000137-003,tanganku,O
000137-003,yang,O
000137-003,tertebas,O
000137-003,kuputus,O
000137-003,dan,O
000137-003,kubuang,O
000137-003,.,O
000137-003,Pada,O
000137-003,saat,O
000137-003,itu,O
000137-003,Mu,B_PERSON
000137-003,awwidz,I_TIME
000137-003,bin,I_PERSON
000137-003,Afra,I_PERSON
000137-003,mendekati,O
000137-003,Abu,B_PERSON
000137-003,Jahal,I_PERSON
000137-003,dan,O
000137-003,menyabetnya,O
000137-003,hingga,O
000137-003,tersungkur,O
000137-003,dan,O
000137-003,membiarkannya,O
000137-003,dalam,O
000137-003,keadaan,O
000137-003,sekarat,O
000137-003,.,O
000140-004,Namun,O
000140-004,karena,O
000140-004,mereka,O
000140-004,takut,O
000140-004,akan,O
000140-004,dicemooh,O
000140-004,sebagai,O
000140-004,akibat,O
000140-004,dari,O
000140-004,tindakannya,O
000140-004,ini,O
000140-004,",",O
000140-004,mereka,O
000140-004,pun,O
000140-004,membuatkan,O
000140-004,sebuah,O
000140-004,lubang,O
000140-004,di,O
000140-004,dekatnya,O
000140-004,.,O
000140-004,lalu,O
000140-004,mendorong,O
000140-004,tubuhnya,O
000140-004,masuk,O
000140-004,ke,O
000140-004,dalam,O
000140-004,lubang,O
000140-004,itu,O
000140-004,",",O
000140-004,lalu,O
000140-004,mereka,O
000140-004,menimbun,O
000140-004,lubang,O
000140-004,kuburan,O
000140-004,dengan,O
000140-004,cara,O
000140-004,melemparkan,O
000140-004,batu,O
000140-004,dari,O
000140-004,kejauhan,O
000140-004,Begitulah,O
000140-004,penduduk,O
000140-004,Makkah,B_LOCATION
000140-004,menerima,O
000140-004,kabar,O
000140-004,kekalahan,O
000140-004,telak,O
000140-004,di,O
000140-004,medan,O
000140-004,Perang,B_EVENT
000140-004,Badr,I_EVENT
000140-004,.,O
000140-004,Tentu,O
000140-004,saja,O
000140-004,hal,O
000140-004,ini,O
000140-004,menimbulkan,O
000140-004,pengaruh,O
000140-004,yang,O
000140-004,buruk,O
000140-004,.,O
000140-004,Bahkan,O
000140-004,mereka,O
000140-004,melarang,O
000140-004,untuk,O
000140-004,meratapi,O
000140-004,orang-orang,O
000140-004,yang,O
000140-004,mati,O
000140-004,terbunuh,O
000140-004,",",O
000140-004,agar,O
000140-004,mereka,O
000140-004,tidak,O
000140-004,semakin,O
000140-004,terpuruk,O
000140-004,karena,O
000140-004,dicerca,O
000140-004,orang-orang,O
000140-004,Muslim,O
000140-004,.,O
000140-004,Dalam,O
000140-004,Perang,B_EVENT
000140-004,Badr,I_EVENT
000140-004,ini,O
000140-004,Al-Aswad,B_PERSON
000140-004,bin,I_PERSON
000140-004,Al-Muththalib,I_PERSON
000140-004,kehilangan,O
000140-004,tiga,O
000140-004,anaknya,O
000140-004,.,O
000140-004,Karena,O
000140-004,buta,O
000140-004,",",O
000140-004,dia,O
000140-004,lebih,O
000140-004,suka,O
000140-004,menangisi,O
000140-004,nasib,O
000140-004,yang,O
000140-004,menimpa,O
000140-004,mereka,O
000140-004,.,O
000140-004,Suatu,O
000140-004,malam,O
000140-004,dia,O
000140-004,mendengar,O
000140-004,suara,O
000140-004,ratap,O
000140-004,tangis,O
000140-004,.,O
000140-004,Dia,O
000140-004,mengutus,O
000140-004,pembantunya,O
000140-004,dengan,O
000140-004,berkata,O
000140-004,",",O
000140-004,"""",O
000140-004,Lihatlah,O
000140-004,",",O
000140-004,apakah,O
000140-004,ratap,O
000140-004,tangis,O
000140-004,memang,O
000140-004,diperbolehkan,O
000140-004,?,O
000140-004,Apakah,O
000140-004,orang-orang,O
000140-004,Quraisy,O
000140-004,juga,O
000140-004,menangisi,O
000140-004,meratapi,O
000140-004,para,O
000140-004,korban,O
000140-004,yang,O
000140-004,mati,O
000140-004,?,O
000140-004,Karena,O
000140-004,aku,O
000140-004,pun,O
000140-004,ingin,O
000140-004,meratapi,O
000140-004,Abu,B_PERSON
000140-004,Hakimah,O
000140-004,(,O
000140-004,anaknya,O
000140-004,"),",O
000140-004,karena,O
000140-004,kelopak,O
000140-004,mataku,O
000140-004,sudah,O
000140-004,hampir,O
000140-004,terbakar,O
000140-004,".""",O
000140-004,Setelah,O
000140-004,menyelidiki,O
000140-004,",",O
000140-004,pembantunya,O
000140-004,kembali,O
000140-004,lagi,O
000140-004,dan,O
000140-004,berkata,O
000140-004,",",O
000140-004,"""",O
000140-004,Yang,O
000140-004,menangis,O
000140-004,itu,O
000140-004,adalah,O
000140-004,seorang,O
000140-004,wanita,O
000140-004,yang,O
000140-004,meratapi,O
000140-004,ontanya,O
000140-004,yang,O
000140-004,lepas,O
000140-004,".""",O
000140-004,Al-Aswad,O
000140-004,hampir,O
000140-004,tak,O
000140-004,mampu,O
000140-004,menguasai,O
000140-004,dirinya,O
000140-004,.,O
000140-004,Lalu,O
000140-004,dia,O
000140-004,menurunkan,O
000140-004,sebuah,O
000140-004,syair,O
000140-004,yang,O
000140-004,sendu,O
000142-001,Seusai,O
000142-001,perang,O
000142-001,",",O
000142-001,Rasulullah,B_PERSON
000142-001,masih,O
000142-001,berada,O
000142-001,di,O
000142-001,Badr,B_LOCATION
000142-001,selama,O
000142-001,tiga,O
000142-001,hari,O
000142-001,Sebelum,O
000142-001,meninggalkan,O
000142-001,kancah,O
000142-001,peperangan,O
000142-001,",",O
000142-001,terjadi,O
000142-001,silang,O
000142-001,pendapat,O
000142-001,di,O
000142-001,antara,O
000142-001,anggota,O
000142-001,pasukan,O
000142-001,tentang,O
000142-001,pembagian,O
000142-001,harta,O
000142-001,rampasan,O
000142-001,.,O
000142-001,Ketika,O
000142-001,silang,O
000142-001,pendapat,O
000142-001,ini,O
000142-001,semakin,O
000142-001,meruncing,O
000142-001,maka,O
000142-001,beliau,O
000142-001,memerintahkan,O
000142-001,agar,O
000142-001,semua,O
000142-001,harta,O
000142-001,rampasan,O
000142-001,di,O
000142-001,tangan,O
000142-001,mereka,O
000142-001,diserahkan,O
000142-001,.,O
000142-001,Mereka,O
000142-001,pun,O
000142-001,menurutinya,O
000142-001,",",O
000142-001,lalu,O
000142-001,turun,O
000142-001,wahyu,O
000142-001,yang,O
000142-001,memecahkan,O
000142-001,masalah,O
000142-001,ini,O
000142-001,.,O
000142-001,Dari,O
000142-001,Ubadah,B_PERSON
000142-001,bin,I_PERSON
000142-001,Ash-Shamit,I_PERSON
000142-001,",",O
000142-001,dia,O
000142-001,berkata,O
000142-001,",",O
000142-001,"""",O
000142-001,Kami,O
000142-001,pergi,O
000142-001,bersama,O
000142-001,Nabi,O
000142-001,bergabung,O
000142-001,dalam,O
000142-001,Perang,B_EVENT
000142-001,Badr,I_EVENT
000142-001,.,O
000142-001,Dua,O
000142-001,pasukan,O
000142-001,saling,O
000142-001,berhadapan,O
000142-001,dan,O
000142-001,Allah,O
000142-001,mengalahkan,O
000142-001,pasukan,O
000142-001,musuh,O
000142-001,.,O
000142-001,Ada,O
000142-001,segolongan,O
000142-001,pasukan,O
000142-001,Muslimin,O
000142-001,yang,O
000142-001,mengejar,O
000142-001,musuh,O
000142-001,",",O
000142-001,mengusir,O
000142-001,dan,O
000142-001,membunuh,O
000142-001,.,O
000142-001,Ada,O
000142-001,pula,O
000142-001,sebagian,O
000142-001,lain,O
000142-001,y,O
000142-001,ang,O
000142-001,meng-,O
000142-001,uasai,O
000142-001,harta,O
000142-001,rampasan,O
000142-001,yang,O
000142-001,telah,O
000142-001,dikumpulkan,O
000142-001,.,O
000142-001,Ada,O
000142-001,pula,O
000142-001,sebagian,O
000142-001,lain,O
000142-001,yang,O
000142-001,menjaga,O
000142-001,Rasulullah,B_PERSON
000142-001,dan,O
000142-001,tidak,O
000142-001,berhadapan,O
000142-001,langsung,O
000142-001,dengan,O
000142-001,musuh,O
000142-001,.,O
000142-001,Pada,O
000142-001,malam,O
000142-001,harinya,O
000142-001,",",O
000142-001,selagi,O
000142-001,sebagian,O
000142-001,sudah,O
000142-001,berkumpul,O
000142-001,dengan,O
000142-001,sebagian,O
000142-001,yang,O
000142-001,lain,O
000142-001,mereka,O
000142-001,yang,O
000142-001,berhasil,O
000142-001,mengumpulkan,O
000142-001,harta,O
000142-001,rampasan,O
000142-001,berkata,O
000142-001,",",O
000142-001,"""",O
000142-001,Kamilah,O
000142-001,yang,O
000142-001,telah,O
000142-001,mengumpulkan,O
000142-001,dan,O
000142-001,siapa,O
000142-001,pun,O
000142-001,tidak,O
000142-001,boleh,O
000142-001,mengusiknya,O
000142-001,".""",O
000142-001,Sedangkan,O
000142-001,mereka,O
000142-001,yang,O
000142-001,bertugas,O
000142-001,mengejar,O
000142-001,musuh,O
000142-001,menyahut,O
000142-001,",",O
000142-001,"""",O
000142-001,Kalian,O
000142-001,tidak,O
000142-001,lebih,O
000142-001,berhak,O
000142-001,daripada,O
000142-001,kami,O
000142-001,.,O
000142-001,Kamilah,O
000142-001,yang,O
000142-001,sebenarnya,O
000142-001,telah,O
000142-001,mengumpulkan,O
000142-001,harta,O
000142-001,rampasan,O
000142-001,itu,O
000142-001,dan,O
000142-001,mengalahkan,O
000142-001,musuh,O
000142-001,".""",O
000142-001,Sedangkan,O
000142-001,mereka,O
000142-001,yang,O
000142-001,bertugas,O
000142-001,menjaga,O
000142-001,beliau,O
000142-001,berkata,O
000142-001,",",O
000142-001,"""",O
000142-001,Kami,O
000142-001,khawatir,O
000142-001,musuh,O
000142-001,akan,O
000142-001,menyerang,O
000142-001,beliau,O
000142-001,",",O
000142-001,maka,O
000142-001,sejak,O
000142-001,awal,O
000142-001,kami,O
000142-001,melindungi,O
000142-001,beliau,O
000142-001,".""",O
000142-001,Maka,O
000142-001,kemudian,O
000142-001,Allah,O
000142-001,menurunkan,O
000142-001,ayat,O
000142-001,",",O
000142-001,JWJT,O
000142-001,"""",O
000142-001,Mereka,O
000142-001,menanyakan,O
000142-001,kepadamu,O
000142-001,tentang,O
000142-001,(,O
000142-001,pembagian,O
000142-001,),O
000142-001,harta,O
000142-001,rampasan,O
000142-001,.,O
000142-001,"Katakanlah,'Harta",O
000142-001,perang,B_EVENT
000142-001,itu,O
000142-001,kepunyaan,O
000142-001,Allah,O
000142-001,dan,O
000142-001,Rasul,O
000142-001,.,O
000142-002,"Katakanlah,'Harta",O
000142-002,perang,O
000142-002,itu,O
000142-002,kepunyaan,O
000142-002,Allah,O
000142-002,dan,O
000142-002,Rasul,O
000142-002,.,O
000142-002,Sebab,O
000142-002,itu,O
000142-002,bertawakalah,O
000142-002,kepada,O
000142-002,Allah,O
000142-002,dan,O
000142-002,perbaikilah,O
000142-002,hubungan,O
000142-002,di,O
000142-002,antara,O
000142-002,sesama,O
000142-002,kalian,O
000142-002,dan,O
000142-002,taatlah,O
000142-002,kepada,O
000142-002,Allah,O
000142-002,dan,O
000142-002,Rasul-Nya,O
000142-002,jika,O
000142-002,kalian,O
000142-002,adalah,O
000142-002,orang,O
000142-002,.,O
000142-002,orang,O
000142-002,yang,O
000142-002,beriman,O
000142-002,.,O
000142-002,"""",O
000142-002,Setelah,O
000142-002,tiga,O
000142-002,hari,O
000142-002,berada,O
000142-002,di,O
000142-002,Badr,B_LOCATION
000142-002,",",O
000142-002,pasukan,O
000142-002,Rasulullah,B_PERSON
000142-002,bergerak,O
000142-002,ke,O
000142-002,Madinah,B_LOCATION
000142-002,sambil,O
000142-002,membawa,O
000142-002,tawanan,O
000142-002,dan,O
000142-002,harta,O
000142-002,rampasan,O
000142-002,yang,O
000142-002,diperoleh,O
000142-002,dari,O
000142-002,orang-orang,O
000142-002,musyrik,O
000142-002,",",O
000142-002,yang,O
000142-002,penanganannya,O
000142-002,diserahkan,O
000142-002,kepada,O
000142-002,Abdullah,B_PERSON
000142-002,bin,I_PERSON
000142-002,Ka'b,I_PERSON
000142-002,.,O
000142-002,Setelah,O
000142-002,melewati,O
000142-002,celah,O
000142-002,Ash-Shafra',O
000142-002,",",O
000142-002,beliau,O
000142-002,menghentikan,O
000142-002,pasukan,O
000142-002,dan,O
000142-002,membagi,O
000142-002,harta,O
000142-002,rampasan,O
000142-002,di,O
000142-002,sana,O
000142-002,secara,O
000142-002,merata,O
000142-002,di,O
000142-002,antara,O
000142-002,orang-orang,O
000142-002,Muslim,O
000142-002,setelah,O
000142-002,mengambil,O
000142-002,seperlimanya,O
000142-002,.,O
000142-002,Setiba,O
000142-002,di,O
000142-002,Ash-Shafra',O
000142-002,",",O
000142-002,An-Nadhr,O
000142-002,bin,I_PERSON
000142-002,Al-Harits,O
000142-002,diperintahkan,O
000142-002,untuk,O
000142-002,dibunuh,O
000142-002,",",O
000142-002,karena,O
000142-002,dia,O
000142-002,adalah,O
000142-002,pembawa,O
000142-002,bendera,O
000142-002,pasukan,O
000142-002,musyrikin,O
000142-002,dan,O
000142-002,dia,O
000142-002,termasuk,O
000142-002,pemuka,O
000142-002,Quraisy,O
000142-002,yang,O
000142-002,amat,O
000142-002,jahat,O
000142-002,",",O
000142-002,paling,O
000142-002,banyak,O
000142-002,memperdayai,O
000142-002,Islam,O
000142-002,dan,O
000142-002,menyiksa,O
000142-002,Rasulullah,B_PERSON
000142-002,.,O
000142-002,Akhirnya,O
000142-002,dia,O
000142-002,dipenggal,O
000142-002,oleh,O
000142-002,Ali,B_PERSON
000142-002,bin,I_PERSON
000142-002,Abu,B_PERSON
000142-002,Thalib,I_PERSON
000142-002,Setibanya,O
000142-002,di,O
000142-002,Irquzh,I_PERSON
000142-002,Zhabyah,O
000142-002,",",O
000142-002,beliau,O
000142-002,juga,O
000142-002,memerintahkan,O
000142-002,untuk,O
000142-002,membunuh,O
000142-002,Uqbah,B_PERSON
000142-002,bin,I_PERSON
000142-002,Abu,B_PERSON
000142-002,Mu'aith,I_PERSON
000142-002,.,O
000142-002,Di,O
000142-002,bagian,O
000142-002,terdahulu,O
000142-002,sudah,O
000142-002,kami,O
000142-002,paparkan,O
000142-002,tentang,O
000142-002,penyiksaan,O
000142-002,terhadap,O
000142-002,Rasulullah,B_PERSON
000142-002,.,O
000142-002,Dialah,O
000142-002,yang,O
000142-002,melontarkan,O
000142-002,kotoran,O
000142-002,isi,O
000142-002,perut,O
000142-002,binatang,O
000142-002,yang,O
000142-002,sudah,O
000142-002,disembelih,O
000142-002,ke,O
000142-002,kepala,O
000142-002,beliau,O
000142-002,saat,O
000142-002,sedang,O
000142-002,shalat,O
000142-002,.,O
000142-002,Dia,O
000142-002,pula,O
000142-002,yang,O
000142-002,menjerat,O
000142-002,leher,O
000142-002,beliau,O
000142-002,dengan,O
000142-002,mantelnya,O
000142-002,.,O
000142-002,Selagi,O
000142-002,dia,O
000142-002,hampir,O
000142-002,dibunuh,O
000142-002,",",O
000142-002,Abu,B_PERSON
000142-002,Bakar,I_PERSON
000142-002,menahannya,O
000142-002,.,O
000142-002,Tatkala,O
000142-002,beliau,O
000142-002,tetap,O
000142-002,memerintahkan,O
000142-002,untuk,O
000142-002,membunuhnya,O
000142-002,Uqbah,B_PERSON
000142-002,bertanya,O
000142-002,",",O
000142-002,"""",O
000142-002,Bagaimana,O
000142-002,dengan,O
000142-002,anak-anakku,O
000142-002,wahai,O
000142-002,Muhammad,B_PERSON
000142-002,"?""",O
000142-002,Beliau,O
000142-002,menjawab,O
000142-002,",",O
000142-002,"""",O
000142-002,Masuk,O
000142-002,neraka,O
000142-002,".""",O
000142-002,Lalu,O
000142-002,dia,O
000142-002,dibunuh,O
000142-002,Ashim,I_PERSON
000142-002,bin,I_PERSON
000142-002,Tsabit,I_PERSON
000142-002,Al-Anshari,I_PERSON
000142-002,.,O
000145-003,Betapa,O
000145-003,mengesankan,O
000145-003,Id,O
000145-003,yang,O
000145-003,penuh,O
000145-003,kebahagiaan,O
000145-003,ini,O
000145-003,",",O
000145-003,setelah,O
000145-003,Allah,O
000145-003,menyematkan,O
000145-003,mahkota,O
000145-003,kemenangan,O
000145-003,dan,O
000145-003,keperkasaan,O
000145-003,kepada,O
000145-003,mereka,O
000145-003,.,O
000145-003,Betapa,O
000145-003,mengagumkan,O
000145-003,shalat,O
000145-003,Idul,O
000145-003,Fitri,O
000145-003,yang,O
000145-003,mereka,O
000145-003,lakukan,O
000145-003,saat,O
000145-003,itu,O
000145-003,",",O
000145-003,setelah,O
000145-003,mereka,O
000145-003,keluar,O
000145-003,dari,O
000145-003,rumah,O
000145-003,dengan,O
000145-003,menyerukan,O
000145-003,suara,O
000145-003,takbir,O
000145-003,",",O
000145-003,tahmid,O
000145-003,",",O
000145-003,dan,O
000145-003,tauhid,O
000145-003,.,O
000145-003,Hat,O
000145-003,mereka,O
000145-003,mekar,O
000145-003,dipenuhi,O
000145-003,kecintaan,O
000145-003,kepada,O
000145-003,Allah,O
000145-003,",",O
000145-003,sambil,O
000145-003,tetap,O
000145-003,mengharapkan,O
000145-003,rahmat,O
000145-003,dan,O
000145-003,keridhaan-Nya,O
000145-003,",",O
000145-003,setelah,O
000145-003,Dia,O
000145-003,memuliakan,O
000145-003,mereka,O
000145-003,dengan,O
000145-003,nikmat,O
000145-003,dan,O
000145-003,menguatkan,O
000145-003,mereka,O
000145-003,dengan,O
000145-003,pertolongan-Nya,O
000145-003,.,O
000145-003,Lalu,O
000145-003,Allah,O
000145-003,mengingatkan,O
000145-003,mereka,O
000145-003,tentang,O
000145-003,semua,O
000145-003,ini,O
000145-003,dengan,O
000145-003,berfirman,O
000145-003,",",O
000145-003,81,O
000145-003,I,O
000145-003,x,O
000145-003,i,O
000145-003,"""",O
000145-003,"Dan,ingatlah",O
000145-003,(,O
000145-003,hai,O
000145-003,para,O
000145-003,Muhajirin,O
000145-003,),O
000145-003,ketika,O
000145-003,kalian,O
000145-003,masih,O
000145-003,berjumlah,O
000145-003,sedikit,O
000145-003,lagi,O
000145-003,tertindas,O
000145-003,di,O
000145-003,bumi,O
000145-003,(,O
000145-003,Makkah,B_LOCATION
000145-003,).,O
000145-003,Kalian,O
000145-003,takut,O
000145-003,orang-orang,O
000145-003,(,O
000145-003,Makkah,B_LOCATION
000145-003,),O
000145-003,akar,O
000145-003,menculik,O
000145-003,kalian,O
000145-003,",",O
000145-003,maka,O
000145-003,Allah,O
000145-003,memberi,O
000145-003,kalian,O
000145-003,tempat,O
000145-003,menetap,O
000145-003,(,O
000145-003,Madinah,B_LOCATION
000145-003,),O
000145-003,dan,O
000145-003,dijadikan-Nya,O
000145-003,kalian,O
000145-003,kuat,O
000145-003,dengan,O
000145-003,pertolongan-Nya,O
000145-003,dan,O
000145-003,diberi-Nya,O
000145-003,kalian,O
000145-003,rezeki,O
000145-003,dari,O
000145-003,yang,O
000145-003,baik-baik,O
000145-003,agar,O
000145-003,kalian,O
000145-003,bersyukur,O
000145-003,.,O
000145-003,"""",O
000145-003,(,O
000145-003,Al-Anfal,O
000145-003,:,O
000145-003,26,O
000145-003,),O
000145-003,Sumur,O
000145-003,Badr,O
000153-001,Shafwan,B_PERSON
000153-001,bin,I_PERSON
000153-001,Umayyah,I_PERSON
000153-001,menjalin,O
000153-001,persekongkolan,O
000153-001,dan,O
000153-001,konspirasi,O
000153-001,dengan,O
000153-001,orang-orang,O
000153-001,Yahudi,O
000153-001,serta,O
000153-001,munafik,O
000153-001,.,O
000153-001,Abu,B_PERSON
000153-001,Sofy,I_PERSON
000153-001,an,O
000153-001,berpikir,O
000153-001,untuk,O
000153-001,melakukan,O
000153-001,suatu,O
000153-001,tindakan,O
000153-001,yang,O
000153-001,sedikit,O
000153-001,menyerempet,O
000153-001,bahaya,O
000153-001,",",O
000153-001,dengan,O
000153-001,maksud,O
000153-001,untuk,O
000153-001,menjaga,O
000153-001,kedudukan,O
000153-001,kaumnya,O
000153-001,dan,O
000153-001,menunjukkan,O
000153-001,kekuatan,O
000153-001,yang,O
000153-001,mereka,O
000153-001,miliki,O
000153-001,.,O
000153-001,Dia,O
000153-001,sendiri,O
000153-001,sudah,O
000153-001,bernadzar,O
000153-001,untuk,O
000153-001,tidak,O
000153-001,membasahi,O
000153-001,rambutnya,O
000153-001,dengan,O
000153-001,air,O
000153-001,sekalipun,O
000153-001,junub,O
000153-001,",",O
000153-001,hingga,O
000153-001,dia,O
000153-001,dapat,O
000153-001,menyerang,O
000153-001,Muhammad,B_PERSON
000153-001,.,O
000153-001,Maka,O
000153-001,bersama,O
000153-001,dua,O
000153-001,ratus,O
000153-001,orang,O
000153-001,dia,O
000153-001,pergi,O
000153-001,untuk,O
000153-001,melaksanakan,O
000153-001,sumpahnya,O
000153-001,itu,O
000153-001,",",O
000153-001,hingga,O
000153-001,dia,O
000153-001,tiba,O
000153-001,di,O
000153-001,suatu,O
000153-001,jalan,O
000153-001,terusan,O
000153-001,di,O
000153-001,sebuah,O
000153-001,gunung,O
000153-001,yang,O
000153-001,bernama,O
000153-001,Naib,O
000153-001,.,O
000153-001,Jaraknya,O
000153-001,dari,O
000153-001,Madinah,B_LOCATION
000153-001,kira-kira,O
000153-001,12,O
000153-001,mil,O
000153-001,.,O
000153-001,Namun,O
000153-001,tidak,O
000153-001,berani,O
000153-001,masuk,O
000153-001,ke,O
000153-001,Madinah,B_LOCATION
000153-001,secara,O
000153-001,terang-terangan,O
000153-001,.,O
000153-001,Maka,O
000153-001,layaknya,O
000153-001,seorang,O
000153-001,perampok,O
000153-001,",",O
000153-001,dia,O
000153-001,mengendap-ngendap,O
000153-001,masuk,O
000153-001,Madinah,B_LOCATION
000153-001,pada,O
000153-001,malam,O
000153-001,hari,O
000153-001,yang,O
000153-001,gelap,O
000153-001,dan,O
000153-001,mendatangi,O
000153-001,rumah,O
000153-001,Huyai,O
000153-001,bin,I_PERSON
000153-001,Akhtab,I_PERSON
000153-001,.,O
000153-001,Dia,O
000153-001,meminta,O
000153-001,izin,O
000153-001,untuk,O
000153-001,masuk,O
000153-001,rumah,O
000153-001,",",O
000153-001,namun,O
000153-001,Huyai,I_PERSON
000153-001,menolaknya,O
000153-001,karena,O
000153-001,dia,O
000153-001,takut,O
000153-001,.,O
000153-001,Maka,O
000153-001,dia,O
000153-001,beranjak,O
000153-001,pergi,O
000153-001,dan,O
000153-001,mendatangi,O
000153-001,rumah,O
000153-001,Sallam,B_PERSON
000153-001,bin,I_PERSON
000153-001,Misykam,O
000153-001,",",O
000153-001,pemimpin,O
000153-001,Bani,O
000153-001,Nadhir,O
000153-001,.,O
000153-001,Abu,B_PERSON
000153-001,Sofyan,I_PERSON
000153-001,meminta,O
000153-001,agar,O
000153-001,kedatangannya,O
000153-001,ini,O
000153-001,dirahasiakan,O
000153-001,dari,O
000153-001,siapa,O
000153-001,pun,O
000153-001,.,O
000153-001,Setelah,O
000153-001,dijamu,O
000153-001,dan,O
000153-001,disuguhi,O
000153-001,arak,O
000153-001,",",O
000153-001,pada,O
000153-001,akhir,O
000153-001,malam,O
000153-001,Abu,B_PERSON
000153-001,Sofyan,I_PERSON
000153-001,keluar,O
000153-001,rumah,O
000153-001,dan,O
000153-001,kembali,O
000153-001,lagi,O
000153-001,menemui,O
000153-001,rekan-rekannya,O
000153-001,.,O
000153-001,Dia,O
000153-001,mengutus,O
000153-001,beberapa,O
000153-001,orang,O
000153-001,pilihan,O
000153-001,di,O
000153-001,antara,O
000153-001,tentaranya,O
000153-001,agar,O
000153-001,pergi,O
000153-001,ke,O
000153-001,arah,O
000153-001,Madinah,B_LOCATION
000153-001,dan,O
000153-001,berhenti,O
000153-001,di,O
000153-001,Al-Uraidh,O
000153-001,.,O
000153-001,Di,O
000153-001,sana,O
000153-001,mereka,O
000153-001,membabati,O
000153-001,pohon,O
000153-001,dan,O
000153-001,166,O
000153-001,Zadul-Ma'ad,O
000153-001,",",O
000153-001,2/71,O
000153-001,;,O
000153-001,Sirah,O
000153-001,An-Nabawiyah,O
000153-001,",",O
000153-001,Ibnu,B_PERSON
000153-001,Hisyam,I_PERSON
000153-001,",",O
000153-001,2/47-49,O
000153-001,membakar,O
000153-001,pagar-pagar,O
000153-001,kebun,O
000153-001,korma,O
000153-001,.,O
000153-001,Mereka,O
000153-001,mendapatkan,O
000153-001,seorang,O
000153-001,Anshar,O
000153-001,dan,O
000153-001,rekannya,O
000153-001,di,O
000153-001,kebun,O
000153-001,itu,O
000153-001,",",O
000153-001,lalu,O
000153-001,mereka,O
000153-001,membunuh,O
000153-001,keduanya,O
000153-001,.,O
000155-003,Pada,O
000155-003,saat,O
000155-003,itu,O
000155-003,Rasulullah,B_PERSON
000155-003,mengajukan,O
000155-003,pertanyaan,O
000155-003,kepada,O
000155-003,orang-orang,O
000155-003,Muslim,O
000155-003,",",O
000155-003,"""",O
000155-003,Siapakah,O
000155-003,yang,O
000155-003,berani,O
000155-003,menghadapi,O
000155-003,Ka'b,B_PERSON
000155-003,bin,I_PERSON
000155-003,Al-Asyraf,I_PERSON
000155-003,?,O
000155-003,Sesungguhnya,O
000155-003,dia,O
000155-003,telah,O
000155-003,menyakiti,O
000155-003,Allah,O
000155-003,dan,O
000155-003,Rasul-Nya,O
000155-003,".""",O
000155-003,Maka,O
000155-003,ada,O
000155-003,beberapa,O
000155-003,sahabat,O
000155-003,yang,O
000155-003,maju,O
000155-003,ke,O
000155-003,depan,O
000155-003,",",O
000155-003,yaitu,O
000155-003,Muhammad,B_PERSON
000155-003,bin,I_PERSON
000155-003,Maslamah,I_PERSON
000155-003,",",O
000155-003,Ubbad,B_PERSON
000155-003,bin,I_PERSON
000155-003,Bisyr,I_PERSON
000155-003,",",O
000155-003,Abu,B_PERSON
000155-003,Na'ilah,I_PERSON
000155-003,atau,O
000155-003,Sulkan,B_PERSON
000155-003,bin,I_PERSON
000155-003,Salamah,I_PERSON
000155-003,",",O
000155-003,saudara,O
000155-003,Ka'b,B_PERSON
000155-003,dari,O
000155-003,susuan,O
000155-003,",",O
000155-003,Al-Harits,B_PERSON
000155-003,bin,I_PERSON
000155-003,Aus,I_PERSON
000155-003,dan,O
000155-003,Abu,B_PERSON
000155-003,Abbas,I_PERSON
000155-003,bin,I_PERSON
000155-003,Jabr,I_PERSON
000155-003,.,O
000155-003,Yang,O
000155-003,memimpin,O
000155-003,kelompok,O
000155-003,ini,O
000155-003,adalah,O
000155-003,Muhammad,B_PERSON
000155-003,bin,I_PERSON
000155-003,Maslamah,I_PERSON
000155-003,.,O
000155-003,Dalam,O
000155-003,beberapa,O
000155-003,riwayat,O
000155-003,tentang,O
000155-003,terbunuhnya,O
000155-003,Ka'b,B_PERSON
000155-003,bin,I_PERSON
000155-003,Al-Asyraf,I_PERSON
000155-003,ini,O
000155-003,menyebutkan,O
000155-003,bahwa,O
000155-003,tatkala,O
000155-003,Rasulullah,B_PERSON
000155-003,bersabda,O
000155-003,",",O
000155-003,"""",O
000155-003,Siapakah,O
000155-003,yang,O
000155-003,berani,O
000155-003,menghadapi,O
000155-003,Ka'b,B_PERSON
000155-003,bin,I_PERSON
000155-003,Al-Asyraf,I_PERSON
000155-003,?,O
000155-003,Sesungguhnya,O
000155-003,dia,O
000155-003,telah,O
000155-003,menyakiti,O
000155-003,Allah,O
000155-003,dan,O
000155-003,Rasul-Nya,O
000155-003,""",",O
000155-003,maka,O
000155-003,Muhammad,B_PERSON
000155-003,bin,I_PERSON
000155-003,Maslamah,I_PERSON
000155-003,bangkit,O
000155-003,seraya,O
000155-003,berkata,O
000155-003,",",O
000155-003,"""",O
000155-003,Aku,O
000155-003,wahai,O
000155-003,Rasulullah,B_PERSON
000155-003,.,O
000155-003,Apakah,O
000155-003,engkau,O
000155-003,suka,O
000155-003,jika,O
000155-003,aku,O
000155-003,membunuhnya?',O
000155-003,"""",O
000155-003,Benar,O
000155-003,",""",O
000155-003,jawab,O
000155-003,beliau,O
000155-003,.,O
000155-003,"""",O
000155-003,Perkenankan,O
000155-003,aku,O
000155-003,untuk,O
000155-003,menyampaikan,O
000155-003,siasat,O
000155-003,",""",O
000155-003,pinta,O
000155-003,Muhammad,B_PERSON
000155-003,bin,I_PERSON
000155-003,Maslamah,I_PERSON
000155-003,.,O
000155-003,"""",O
000155-003,Katakanlah,O
000155-003,!,O
000155-003,Inilah,O
000155-003,skenarionya,O
000155-003,untuk,O
000155-003,menjebak,O
000155-003,Ka'b,B_PERSON
000155-003,.,O
000155-003,Muhammad,B_PERSON
000155-003,bin,I_PERSON
000155-003,Maslamah,I_PERSON
000155-003,akan,O
000155-003,mendatangi,O
000155-003,Ka'b,B_PERSON
000155-003,bin,I_PERSON
000155-003,Al-Asyraf,I_PERSON
000155-003,sambil,O
000155-003,berkata,O
000155-003,",",O
000155-003,"""",O
000155-003,Sesungguhnya,O
000155-003,Muhammad,B_PERSON
000155-003,telah,O
000155-003,meminta,O
000155-003,sedekah,O
000155-003,kepada,O
000155-003,kami,O
000155-003,",",O
000155-003,namun,O
000155-003,begitu,O
000155-003,dia,O
000155-003,juga,O
000155-003,telah,O
000155-003,banyak,O
000155-003,menolong,O
000155-003,kami,O
000155-003,".""",O
000155-003,katanya,O
000155-003,seolah-olah,O
000155-003,dia,O
000155-003,tidak,O
000155-003,suka,O
000155-003,terhadap,O
000155-003,Rasulullah,B_PERSON
000155-003,Ka'b,B_PERSON
000155-003,berkata,O
000155-003,",",O
000155-003,"""",O
000155-003,Kamu,O
000155-003,pasti,O
000155-003,akan,O
000155-003,merasa,O
000155-003,bosan,O
000155-003,menghadapinya,O
000155-003,".""",O
000155-003,Muhammad,B_PERSON
000155-003,bin,I_PERSON
000155-003,Maslamah,I_PERSON
000155-003,berkata,O
000155-003,",",O
000155-003,"""",O
000155-003,Sesungguhnya,O
000155-003,kami,O
000155-003,telah,O
000155-003,meng-,O
000155-003,ikutinya,O
000155-003,.,O
000155-003,Kami,O
000155-003,tidak,O
000155-003,akan,O
000155-003,meninggalkannya,O
000155-003,sebelum,O
000155-003,tahu,O
000155-003,kemana,O
000155-003,dia,O
000155-003,akan,O
000155-003,membawa,O
000155-003,urusannya,O
000155-003,.,O
000155-003,Untuk,O
000155-003,itu,O
000155-003,beri,O
000155-003,kami,O
000155-003,pinjaman,O
000155-003,beberapa,O
000155-003,gantang,I_PERSON
000155-003,.,O
000155-003,"""",O
000155-003,Kalau,O
000155-003,begitu,O
000155-003,serahkan,O
000155-003,jaminannya,O
000155-003,",""",O
000155-003,kata,O
000155-003,Ka'b,B_PERSON
000155-003,.,O
000163-001,Pasukan,O
000163-001,Makkah,B_LOCATION
000163-001,meneruskan,O
000163-001,perjalanan,O
000163-001,",",O
000163-001,mengambil,O
000163-001,jalur,O
000163-001,utama,O
000163-001,ke,O
000163-001,arah,O
000163-001,barat,O
000163-001,menuju,O
000163-001,Madinah,B_LOCATION
000163-001,.,O
000163-001,Setiba,O
000163-001,di,O
000163-001,Abwa',O
000163-001,",",O
000163-001,Hindun,B_PERSON
000163-001,bin,I_PERSON
000163-001,Uthbah,I_PERSON
000163-001,",",O
000163-001,istri,O
000163-001,Abu,B_PERSON
000163-001,Sufyan,I_PERSON
000163-001,mengusulkan,O
000163-001,untuk,O
000163-001,menggali,O
000163-001,kuburan,O
000163-001,ibunda,O
000163-001,Rasulullah,B_PERSON
000163-001,.,O
000163-001,Namun,O
000163-001,para,O
000163-001,komandan,O
000163-001,pasukan,O
000163-001,Quraisy,O
000163-001,menolak,O
000163-001,usulan,O
000163-001,ini,O
000163-001,.,O
000163-001,Kali,O
000163-001,ini,O
000163-001,mereka,O
000163-001,bersikap,O
000163-001,sangat,O
000163-001,hati-hati,O
000163-001,terhadap,O
000163-001,akibat,O
000163-001,yang,O
000163-001,harus,O
000163-001,dihadapi,O
000163-001,jika,O
000163-001,mereka,O
000163-001,berbuat,O
000163-001,seperti,O
000163-001,itu,O
000163-001,.,O
000163-001,Maka,O
000163-001,pasukan,O
000163-001,melanjutkan,O
000163-001,perjalanan,O
000163-001,hingga,O
000163-001,mendekati,O
000163-001,Madinah,B_LOCATION
000163-001,.,O
000163-001,Mereka,O
000163-001,melewati,O
000163-001,Wadi,O
000163-001,Al-Aqiq,O
000163-001,",",O
000163-001,lalu,O
000163-001,membelok,O
000163-001,ke,O
000163-001,arah,O
000163-001,kanan,O
000163-001,hingga,O
000163-001,tiba,O
000163-001,di,O
000163-001,dekat,O
000163-001,bukit,O
000163-001,Uhud,B_LOCATION
000163-001,",",O
000163-001,di,O
000163-001,suatu,O
000163-001,tempat,O
000163-001,disebut,O
000163-001,Ainain,B_LOCATION
000163-001,",",O
000163-001,di,O
000163-001,sebelah,O
000163-001,utara,O
000163-001,Madinah,B_LOCATION
000163-001,.,O
000163-001,Pasukan,O
000163-001,Quraisy,O
000163-001,mengambil,O
000163-001,tempat,O
000163-001,di,O
000163-001,sana,O
000163-001,pada,O
000163-001,hari,B_TIME
000163-001,Jum'at,I_TIME
000163-001,tanggal,I_TIME
000163-001,6,I_TIME
000163-001,Syawwal,I_TIME
000163-001,3,O
000163-001,H,I_TIME
000163-001,.,O
000164-002,Abdullah,B_PERSON
000164-002,bin,I_PERSON
000164-002,Ubay,I_PERSON
000164-002,sangat,O
000164-002,menyetujui,O
000164-002,pendapat,O
000164-002,ini,O
000164-002,",",O
000164-002,yang,O
000164-002,saat,O
000164-002,itu,O
000164-002,dia,O
000164-002,juga,O
000164-002,ikut,O
000164-002,hadir,O
000164-002,dalam,O
000164-002,Majlis,O
000164-002,Permusyawaratan,O
000164-002,sebagai,O
000164-002,wakil,O
000164-002,dari,O
000164-002,pemuka,O
000164-002,Khazraj,O
000164-002,.,O
000164-002,Dia,O
000164-002,menyetujui,O
000164-002,pendapat,O
000164-002,ini,O
000164-002,bukan,O
000164-002,karena,O
000164-002,faktor,O
000164-002,strategi,O
000164-002,perang,O
000164-002,",",O
000164-002,tetapi,O
000164-002,agar,O
000164-002,memungkinkan,O
000164-002,baginya,O
000164-002,untuk,O
000164-002,menjauhi,O
000164-002,peperangan,O
000164-002,tanpa,O
000164-002,mencolok,O
000164-002,mata,O
000164-002,dan,O
000164-002,dia,O
000164-002,bisa,O
000164-002,menyelinap,O
000164-002,tanpa,O
000164-002,diketahui,O
000164-002,seorang,O
000164-002,pun,O
000164-002,.,O
000164-002,Namun,O
000164-002,Allah,O
000164-002,berkeinginan,O
000164-002,melecehkan,O
000164-002,dirinya,O
000164-002,dan,O
000164-002,rekan-rekannya,O
000164-002,di,O
000164-002,hadapan,O
000164-002,orang-orang,O
000164-002,Muslim,O
000164-002,untuk,O
000164-002,pertama,O
000164-002,kalinya,O
000164-002,",",O
000164-002,dan,O
000164-002,menyingkap,O
000164-002,tabir,O
000164-002,yang,O
000164-002,di,O
000164-002,belakangnya,O
000164-002,ada,O
000164-002,kekufuran,O
000164-002,dan,O
000164-002,kemunafikan,O
000164-002,.,O
000164-002,Sehingga,O
000164-002,dalam,O
000164-002,kondisi,O
000164-002,yang,O
000164-002,sangat,O
000164-002,rawan,O
000164-002,itu,O
000164-002,orang-orang,O
000164-002,Muslim,O
000164-002,bisa,O
000164-002,mengetahui,O
000164-002,ular-ular,O
000164-002,berbisa,O
000164-002,yang,O
000164-002,menyelinap,O
000164-002,di,O
000164-002,balik,O
000164-002,kesamar-samaran,O
000164-002,.,O
000164-002,Sekumpulan,O
000164-002,para,O
000164-002,sahabat,O
000164-002,yang,O
000164-002,tidak,O
000164-002,ikut,O
000164-002,serta,O
000164-002,dalam,O
000164-002,Perang,B_EVENT
000164-002,Badr,I_EVENT
000164-002,se-,O
000164-002,belumnya,O
000164-002,",",O
000164-002,mengusulkan,O
000164-002,kepada,O
000164-002,Nabi,O
000164-002,agar,O
000164-002,keluar,O
000164-002,dari,O
000164-002,Madinah,B_LOCATION
000164-002,.,O
000164-002,Bahkan,O
000164-002,mereka,O
000164-002,sangat,O
000164-002,ngotot,O
000164-002,dengan,O
000164-002,usulannya,O
000164-002,ini,O
000164-002,",",O
000164-002,sehingga,O
000164-002,ada,O
000164-002,di,O
000164-002,antara,O
000164-002,mereka,O
000164-002,yang,O
000164-002,berkata,O
000164-002,",",O
000164-002,"""",O
000164-002,Wahai,O
000164-002,Rasulullah,B_PERSON
000164-002,",",O
000164-002,sejak,O
000164-002,dulu,O
000164-002,kami,O
000164-002,sudah,O
000164-002,mengharapkan,O
000164-002,hari,O
000164-002,seperti,O
000164-002,ini,O
000164-002,dan,O
000164-002,kami,O
000164-002,selalu,O
000164-002,berdoa,O
000164-002,kepada,O
000164-002,Allah,O
000164-002,.,O
000164-002,Dia,O
000164-002,sudah,O
000164-002,menuntun,O
000164-002,kami,O
000164-002,dan,O
000164-002,tempat,O
000164-002,yang,O
000164-002,dituju,O
000164-002,sudah,O
000164-002,dekat,O
000164-002,.,O
000164-002,Keluarlah,O
000164-002,untuk,O
000164-002,menghadapi,O
000164-002,musuh-musuh,O
000164-002,kita,O
000164-002,",",O
000164-002,agar,O
000164-002,mereka,O
000164-002,tidak,O
000164-002,menganggap,O
000164-002,kita,O
000164-002,takut,O
000164-002,kepada,O
000164-002,mereka,O
000164-002,".""",O
000164-002,Di,O
000164-002,antara,O
000164-002,tokoh,O
000164-002,kelompok,O
000164-002,yang,O
000164-002,sangat,O
000164-002,berantusias,O
000164-002,ini,O
000164-002,adalah,O
000164-002,Hamzah,B_PERSON
000164-002,bin,I_PERSON
000164-002,Abdul,I_PERSON
000164-002,Muththalib,I_PERSON
000164-002,",",O
000164-002,paman,O
000164-002,Rasulullah,B_PERSON
000164-002,",",O
000164-002,yang,O
000164-002,pada,O
000164-002,Perang,B_EVENT
000164-002,Badr,I_EVENT
000164-002,dia,O
000164-002,hanya,O
000164-002,menggantungkan,O
000164-002,pedangnya,O
000164-002,.,O
000165-001,Nabi,O
000165-001,mendirikan,O
000165-001,shalat,O
000165-001,Jum'at,O
000165-001,dengan,O
000165-001,orang-orang,O
000165-001,Muslim,O
000165-001,",",O
000165-001,menyam,O
000165-001,paikan,O
000165-001,nasihat,O
000165-001,dan,O
000165-001,perintah,O
000165-001,kepada,O
000165-001,mereka,O
000165-001,dengan,O
000165-001,penuh,O
000165-001,semangat,O
000165-001,",",O
000165-001,mengabarkan,O
000165-001,bahwa,O
000165-001,kemenangan,O
000165-001,pasti,O
000165-001,di,O
000165-001,tangan,O
000165-001,selagi,O
000165-001,mereka,O
000165-001,sabar,O
000165-001,",",O
000165-001,serta,O
000165-001,memerintahkan,O
000165-001,untuk,O
000165-001,bersiap-siap,O
000165-001,menghadapi,O
000165-001,musuh,O
000165-001,.,O
000165-001,Apa,O
000165-001,yang,O
000165-001,disampaikan,O
000165-001,beliau,O
000165-001,ini,O
000165-001,disambut,O
000165-001,gembira,O
000165-001,oleh,O
000165-001,semua,O
000165-001,orang,O
000165-001,.,O
000165-001,Orang-orang,O
000165-001,sudah,O
000165-001,menunggu-nunggu,O
000165-001,Nabi,O
000165-001,yang,O
000165-001,belum,O
000165-001,keluar,O
000165-001,dari,O
000165-001,rumah,O
000165-001,.,O
000165-001,Sa'd,B_PERSON
000165-001,bin,I_PERSON
000165-001,Mu'adz,I_PERSON
000165-001,dan,O
000165-001,Usaid,B_PERSON
000165-001,bin,I_PERSON
000165-001,Hudhair,I_PERSON
000165-001,berkata,O
000165-001,kepada,O
000165-001,mereka,O
000165-001,"""",O
000165-001,Rupanya,O
000165-001,kalian,O
000165-001,telah,O
000165-001,memaksa,O
000165-001,Rasulullah,B_PERSON
000165-001,".""",O
000165-001,Maka,O
000165-001,masalah,O
000165-001,ini,O
000165-001,diserahkan,O
000165-001,kepada,O
000165-001,keputusan,O
000165-001,beliau,O
000165-001,.,O
000165-001,Setelah,O
000165-001,beliau,O
000165-001,keluar,O
000165-001,rumah,O
000165-001,",",O
000165-001,mereka,O
000165-001,berkata,O
000165-001,",",O
000165-001,"""",O
000165-001,Wahai,O
000165-001,Rasulullah,B_PERSON
000165-001,",",O
000165-001,bukan,O
000165-001,maksud,O
000165-001,kami,O
000165-001,untuk,O
000165-001,menentang,O
000165-001,engkau,O
000165-001,.,O
000165-001,Berbuatlah,O
000165-001,menurut,O
000165-001,kehendak,O
000165-001,engkau,O
000165-001,.,O
000165-001,Jika,O
000165-001,memang,O
000165-001,engkau,O
000165-001,lebih,O
000165-001,suka,O
000165-001,kita,O
000165-001,menetap,O
000165-001,di,O
000165-001,Madinah,B_LOCATION
000165-001,",",O
000165-001,maka,O
000165-001,lakukanlah,O
000165-001,"!""",O
000165-001,Beliau,O
000165-001,menjawab,O
000165-001,",",O
000165-001,"""",O
000165-001,Tidak,O
000165-001,selayaknya,O
000165-001,bagi,O
000165-001,seorang,O
000165-001,Nabi,O
000165-001,apabilah,O
000165-001,sudah,O
000165-001,mengenakan,O
000165-001,baju,O
000165-001,besinya,O
000165-001,",",O
000165-001,untuk,O
000165-001,meletakkannya,O
000165-001,kembali,O
000165-001,",",O
000165-001,hingga,O
000165-001,Allah,O
000165-001,membuat,O
000165-001,keputusan,O
000165-001,antara,O
000165-001,dirinya,O
000165-001,dan,O
000165-001,musuhnya,O
000165-001,".""",O
000165-001,Beliau,O
000165-001,membagi,O
000165-001,pasukannya,O
000165-001,menjadi,O
000165-001,tiga,O
000165-001,kelompok,O
000165-001,:,O
000165-001,1,O
000165-001,.,O
000165-001,Kelompok,O
000165-001,Muhajirin,O
000165-001,",",O
000165-001,yang,O
000165-001,benderanya,O
000165-001,diserahkan,O
000165-001,kepada,O
000165-001,Mush'ab,B_PERSON
000165-001,bin,I_PERSON
000165-001,Umair,I_PERSON
000165-001,Al-Abdari,I_PERSON
000165-001,.,O
000165-001,2,O
000165-001,.,O
000165-001,Kelompok,O
000165-001,Aus,O
000165-001,",",O
000165-001,yang,O
000165-001,benderanya,O
000165-001,diserahkan,O
000165-001,kepada,O
000165-001,Usaid,B_PERSON
000165-001,bin,I_PERSON
000165-001,Hudhair,I_PERSON
000165-001,.,O
000165-001,3,O
000165-001,.,O
000165-001,Kelompok,O
000165-001,Khazraj,O
000165-001,",",O
000165-001,yang,O
000165-001,benderanya,O
000165-001,diserahkan,O
000165-001,kepada,O
000165-001,Al-Hubab,O
000165-001,bin,I_PERSON
000165-001,Al-Mundzir,I_PERSON
000165-001,Al-Jamuh,O
000165-001,.,O
000165-001,Pasukan,O
000165-001,ini,O
000165-001,terdiri,O
000165-001,dari,O
000165-001,seribu,O
000165-001,prajurit,O
000165-001,",",O
000165-001,seratus,O
000165-001,prajurit,O
000165-001,mengenakan,O
000165-001,baju,O
000165-001,besi,O
000165-001,dan,O
000165-001,lima,O
000165-001,puluh,O
000165-001,orang,O
000165-001,penunggang,O
000165-001,kuda,O
000165-001,.,O
000165-001,Ada,O
000165-001,yang,O
000165-001,berpendapat,O
000165-001,",",O
000165-001,kali,O
000165-001,ini,O
000165-001,tak,O
000165-001,seorang,O
000165-001,pun,O
000165-001,yang,O
000165-001,menunggang,O
000165-001,kuda,O
000165-001,.,O
000166-001,Setibanya,O
000166-001,di,O
000166-001,suatu,O
000166-001,tempat,O
000166-001,yang,O
000166-001,disebut,O
000166-001,Asy-Syaikhani,O
000166-001,",",O
000166-001,beliau,O
000166-001,meng,O
000166-001,.,O
000166-001,inspeksi,O
000166-001,pasukan,O
000166-001,dan,O
000166-001,menolak,O
000166-001,keikutsertaan,O
000166-001,prajurit,O
000166-001,yang,O
000166-001,usianya,O
000166-001,terlalu,O
000166-001,muda,O
000166-001,dan,O
000166-001,dianggap,O
000166-001,belum,O
000166-001,mampu,O
000166-001,terjun,O
000166-001,ke,O
000166-001,kancah,O
000166-001,perang,O
000166-001,.,O
000166-001,Anak-anak,O
000166-001,yang,O
000166-001,ditolak,O
000166-001,ini,O
000166-001,adalah,O
000166-001,Abdullah,B_PERSON
000166-001,bin,I_PERSON
000166-001,Umar,I_PERSON
000166-001,bin,I_PERSON
000166-001,Al-Khaththab,I_PERSON
000166-001,",",O
000166-001,Usamah,B_PERSON
000166-001,bin,I_PERSON
000166-001,Zaid,I_PERSON
000166-001,",",O
000166-001,Usaid,B_PERSON
000166-001,bin,I_PERSON
000166-001,Zhuhair,I_PERSON
000166-001,",",O
000166-001,Zaid,B_PERSON
000166-001,bin,I_PERSON
000166-001,Tsabit,I_PERSON
000166-001,",",O
000166-001,Zaid,B_PERSON
000166-001,bin,I_PERSON
000166-001,Arqam,I_PERSON
000166-001,",",O
000166-001,Amr,B_PERSON
000166-001,bin,I_PERSON
000166-001,Hazm,I_PERSON
000166-001,",",O
000166-001,Abu,B_PERSON
000166-001,Sa'id,I_PERSON
000166-001,Al-Khudri,O
000166-001,.,O
000166-001,dan,O
000166-001,Sa'd,B_PERSON
000166-001,bin,I_PERSON
000166-001,Habbah,I_PERSON
000166-001,.,O
000166-001,Di,O
000166-001,antara,O
000166-001,mereka,O
000166-001,ini,O
000166-001,pula,O
000166-001,nama,O
000166-001,Al-Barra',B_PERSON
000166-001,bin,I_PERSON
000166-001,Azib,I_PERSON
000166-001,.,O
000166-001,Tetapi,O
000166-001,Al-Bukhari,O
000166-001,menyebutkan,O
000166-001,bahwa,O
000166-001,Al-Barra',B_PERSON
000166-001,mati,O
000166-001,syahid,O
000166-001,dalam,O
000166-001,Perang,B_EVENT
000166-001,Uhud,I_EVENT
000166-001,ini,O
000166-001,Sedangkan,O
000166-001,Rafi',I_PERSON
000166-001,bin,I_PERSON
000166-001,Khadij,B_PERSON
000166-001,dan,O
000166-001,Samurah,I_PERSON
000166-001,bin,I_PERSON
000166-001,Jundab,O
000166-001,diperbolehkan,O
000166-001,bergabung,O
000166-001,sekalipun,O
000166-001,usia,O
000166-001,mereka,O
000166-001,masih,O
000166-001,terlalu,O
000166-001,muda,O
000166-001,.,O
000166-001,Rafi',I_PERSON
000166-001,bin,I_PERSON
000166-001,Khadij,B_PERSON
000166-001,diperbolehkan,O
000166-001,karena,O
000166-001,dia,O
000166-001,diketahui,O
000166-001,mahir,O
000166-001,melepaskan,O
000166-001,anak,O
000166-001,panah,O
000166-001,.,O
000166-001,Setelah,O
000166-001,tahu,O
000166-001,Rafi',I_PERSON
000166-001,diperbolehkan,O
000166-001,",",O
000166-001,maka,O
000166-001,Samurah,I_PERSON
000166-001,protes,O
000166-001,",",O
000166-001,dengan,O
000166-001,berkata,O
000166-001,",",O
000166-001,"""",O
000166-001,Aku,O
000166-001,lebih,O
000166-001,kuat,O
000166-001,170,O
000166-001,Jumlah,O
000166-001,penunggang,O
000166-001,kuda,O
000166-001,ini,O
000166-001,seperti,O
000166-001,yang,O
000166-001,dikatakan,O
000166-001,Ibnul,B_PERSON
000166-001,Qayyim,I_PERSON
000166-001,di,O
000166-001,dalam,O
000166-001,Al-Huda,O
000166-001,",",O
000166-001,2/92,O
000166-001,.,O
000166-001,Namun,O
000166-001,Ibnu,B_PERSON
000166-001,Hajar,I_PERSON
000166-001,membantah,O
000166-001,dengan,O
000166-001,berkata,O
000166-001,",",O
000166-001,"""",O
000166-001,Ini,O
000166-001,merupakan,O
000166-001,kesalahan,O
000166-001,yang,O
000166-001,sangat,O
000166-001,mencolok,O
000166-001,",""",O
000166-001,Musa,B_PERSON
000166-001,bin,I_PERSON
000166-001,Uqbah,O
000166-001,menegaskan,O
000166-001,bahwa,O
000166-001,tak,O
000166-001,seorang,O
000166-001,pun,O
000166-001,penunggang,O
000166-001,kuda,O
000166-001,saat,O
000166-001,Perang,B_EVENT
000166-001,Uhud,I_EVENT
000166-001,.,O
000166-001,Kami,O
000166-001,lebih,O
000166-001,cenderung,O
000166-001,kepada,O
000166-001,pendapat,O
000166-001,Al-Waqidi,B_PERSON
000166-001,",",O
000166-001,bahwa,O
000166-001,di,O
000166-001,sana,O
000166-001,ada,O
000166-001,kuda,O
000166-001,milik,O
000166-001,Rasulullah,B_PERSON
000166-001,dan,O
000166-001,kuda,O
000166-001,milik,O
000166-001,Abu,I_PERSON
000166-001,Burdah,O
000166-001,.,O
000166-001,Lihat,O
000166-001,Fathul-Bari,O
000166-001,",",O
000166-001,7/350,O
000166-001,.,O
000166-001,dari,O
000166-001,Rafi',I_PERSON
000166-001,",",O
000166-001,karena,O
000166-001,aku,O
000166-001,pernah,O
000166-001,mengalahkannya,O
000166-001,".""",O
000166-001,Tatkala,O
000166-001,hal,O
000166-001,ini,O
000166-001,disampaikan,O
000166-001,kepada,O
000166-001,Rasulullah,B_PERSON
000166-001,",",O
000166-001,maka,O
000166-001,beliau,O
000166-001,memerintahkan,O
000166-001,agar,O
000166-001,keduanya,O
000166-001,bertanding,O
000166-001,di,O
000166-001,hadapan,O
000166-001,beliau,O
000166-001,",",O
000166-001,dan,O
000166-001,ternyata,O
000166-001,Samurah,I_PERSON
000166-001,dapat,O
000166-001,mengalahkan,O
000166-001,Raft',I_PERSON
000166-001,.,O
000167-001,Sesaat,O
000167-001,sebelum,O
000167-001,fajar,O
000167-001,menyingsing,O
000167-001,",",O
000167-001,selagi,O
000167-001,shalat,O
000167-001,subuh,O
000167-001,hampir,O
000167-001,dilaksanakan,O
000167-001,.,O
000167-001,sementara,O
000167-001,musuh,O
000167-001,sudah,O
000167-001,dapat,O
000167-001,dilihat,O
000167-001,dan,O
000167-001,musuh,O
000167-001,pun,O
000167-001,dapat,O
000167-001,melihat,O
000167-001,mereka,O
000167-001,tiba-tiba,O
000167-001,Abdullah,B_PERSON
000167-001,bin,I_PERSON
000167-001,Ubay,I_PERSON
000167-001,membelot,O
000167-001,.,O
000167-001,Tidak,O
000167-001,kurang,O
000167-001,dari,O
000167-001,sepertiga,O
000167-001,anggota,O
000167-001,pasukan,O
000167-001,yang,O
000167-001,menarik,O
000167-001,diri,O
000167-001,.,O
000167-001,Mereka,O
000167-001,berkata,O
000167-001,",",O
000167-001,"""",O
000167-001,Kita,O
000167-001,tidak,O
000167-001,tahu,O
000167-001,atas,O
000167-001,dasar,O
000167-001,apa,O
000167-001,kita,O
000167-001,memerangi,O
000167-001,diri,O
000167-001,kita,O
000167-001,sendiri,O
000167-001,"?""",O
000167-001,Abdullah,B_PERSON
000167-001,bin,I_PERSON
000167-001,Ubay,I_PERSON
000167-001,beralasan,O
000167-001,",",O
000167-001,karena,O
000167-001,Nabi,O
000167-001,mengabaikan,O
000167-001,pendapatnya,O
000167-001,yang,O
000167-001,lebih,O
000167-001,suka,O
000167-001,mendengarkan,O
000167-001,pendapat,O
000167-001,orang,O
000167-001,lain,O
000167-001,.,O
000167-001,Tidak,O
000167-001,dapat,O
000167-001,diragukan,O
000167-001,sebab,O
000167-001,pembelotan,O
000167-001,ini,O
000167-001,bukan,O
000167-001,seperti,O
000167-001,diungkapkan,O
000167-001,tokoh,O
000167-001,orang-orang,O
000167-001,munafik,O
000167-001,ini,O
000167-001,",",O
000167-001,karena,O
000167-001,beliau,O
000167-001,mengabaikan,O
000167-001,pendapatnya,O
000167-001,.,O
000167-001,Kalau,O
000167-001,tidak,O
000167-001,",",O
000167-001,buat,O
000167-001,apa,O
000167-001,dia,O
000167-001,ikut,O
000167-001,ke,O
000167-001,tempat,O
000167-001,itu,O
000167-001,?,O
000167-001,Kalau,O
000167-001,pun,O
000167-001,itu,O
000167-001,sebabnya,O
000167-001,",",O
000167-001,tentu,O
000167-001,dia,O
000167-001,akan,O
000167-001,menolak,O
000167-001,sejak,O
000167-001,akan,O
000167-001,berangkat,O
000167-001,.,O
000167-001,Tujuannya,O
000167-001,yang,O
000167-001,pokok,O
000167-001,adalah,O
000167-001,ingin,O
000167-001,menimbulkan,O
000167-001,keguncangan,O
000167-001,dan,O
000167-001,keresahan,O
000167-001,di,O
000167-001,tengah,O
000167-001,pasukan,O
000167-001,Muslimin,O
000167-001,",",O
000167-001,setelah,O
000167-001,mendengar,O
000167-001,dan,O
000167-001,melihat,O
000167-001,pasukan,O
000167-001,musuh,O
000167-001,",",O
000167-001,sehingga,O
000167-001,banyak,O
000167-001,orang,O
000167-001,yang,O
000167-001,mundur,O
000167-001,dari,O
000167-001,pasukan,O
000167-001,Nabi,O
000167-001,dan,O
000167-001,sisanya,O
000167-001,yang,O
000167-001,masih,O
000167-001,bergabung,O
000167-001,bersama,O
000167-001,beliau,O
000167-001,menjadi,O
000167-001,jatuh,O
000167-001,mentalnya,O
000167-001,sementara,O
000167-001,keberanian,O
000167-001,musuh,O
000167-001,semakin,O
000167-001,meningkat,O
000167-001,dan,O
000167-001,semangatnya,O
000167-001,semakin,O
000167-001,membara,O
000167-001,karena,O
000167-001,melihat,O
000167-001,kenyataan,O
000167-001,ini,O
000167-001,.,O
000167-001,Cara,O
000167-001,ini,O
000167-001,bisa,O
000167-001,mempercepat,O
000167-001,kehancuran,O
000167-001,Nabi,O
000167-001,dan,O
000167-001,para,O
000167-001,sahabat,O
000167-001,.,O
000167-001,Setelah,O
000167-001,itu,O
000167-001,kejayaan,O
000167-001,dan,O
000167-001,kepemimpinan,O
000167-001,di,O
000167-001,Madinah,B_LOCATION
000167-001,bisa,O
000167-001,berada,O
000167-001,di,O
000167-001,tangan,O
000167-001,orang,O
000167-001,munafik,O
000167-001,ini,O
000167-001,.,O
000167-001,Hampir,O
000167-001,saja,O
000167-001,Abdullah,B_PERSON
000167-001,bin,I_PERSON
000167-001,Ubay,I_PERSON
000167-001,berhasil,O
000167-001,mewujudkan,O
000167-001,rencananya,O
000167-001,.,O
000167-001,Dua,O
000167-001,golongan,O
000167-001,yang,O
000167-001,bergabung,O
000167-001,dalam,O
000167-001,pasukan,O
000167-001,Muslimin,O
000167-001,",",O
000167-001,Bani,O
000167-001,Haritsh,O
000167-001,dari,O
000167-001,Aus,O
000167-001,dan,O
000167-001,Bani,O
000167-001,Salimah,B_PERSON
000167-001,dari,O
000167-001,Khazraj,O
000167-001,hampir,O
000167-001,saja,O
000167-001,kehilangan,O
000167-001,semangat,O
000167-001,.,O
000171-001,Orang-orang,O
000171-001,musyrik,O
000171-001,mengatur,O
000171-001,pasukannya,O
000171-001,hanya,O
000171-001,berdasarkan,O
000171-001,aturan,O
000171-001,barisan-barisan,O
000171-001,.,O
000171-001,Komandan,O
000171-001,pasukan,O
000171-001,tertinggi,O
000171-001,ada,O
000171-001,di,O
000171-001,tangan,O
000171-001,Abu,B_PERSON
000171-001,Sufyan,I_PERSON
000171-001,bin,I_PERSON
000171-001,Harb,I_PERSON
000171-001,yang,O
000171-001,mengambil,O
000171-001,posisi,O
000171-001,di,O
000171-001,tengah-tengah,O
000171-001,pasukan,O
000171-001,.,O
000171-001,Kavaleri,O
000171-001,Quraisy,O
000171-001,di,O
000171-001,sayap,O
000171-001,lainnya,O
000171-001,dipimpin,O
000171-001,Ikrimah,B_PERSON
000171-001,bin,I_PERSON
000171-001,Abu,I_PERSON
000171-001,Jahl,I_PERSON
000171-001,.,O
000171-001,Sedangkan,O
000171-001,pejalan,O
000171-001,kakinya,O
000171-001,dipimpin,O
000171-001,Shafwan,B_PERSON
000171-001,bin,I_PERSON
000171-001,Umayyah,I_PERSON
000171-001,",",O
000171-001,para,O
000171-001,pemanah,O
000171-001,dipimpin,O
000171-001,Abdullah,B_PERSON
000171-001,bin,I_PERSON
000171-001,Rabi'ah,I_PERSON
000171-001,Bendera,O
000171-001,perang,O
000171-001,diserahkah,O
000171-001,kepada,O
000171-001,beberapa,O
000171-001,orang,O
000171-001,dari,O
000171-001,Bani,O
000171-001,Abdid-Dar,O
000171-001,.,O
000171-001,Ini,O
000171-001,memang,O
000171-001,merupakan,O
000171-001,kedudukan,O
000171-001,mereka,O
000171-001,semenjak,O
000171-001,Bani,O
000171-001,Abdi,O
000171-001,Manaf,O
000171-001,membagi-,O
000171-001,bagi,O
000171-001,beberapa,O
000171-001,kedudukan,O
000171-001,di,O
000171-001,Makkah,B_LOCATION
000171-001,",",O
000171-001,yang,O
000171-001,diwarisi,O
000171-001,dari,O
000171-001,Qushay,B_PERSON
000171-001,bin,I_PERSON
000171-001,Kilab,I_PERSON
000171-001,",",O
000171-001,seperti,O
000171-001,yang,O
000171-001,sudah,O
000171-001,kita,O
000171-001,bahas,O
000171-001,di,O
000171-001,bagian,O
000171-001,awal,O
000171-001,buku,O
000171-001,ini,O
000171-001,.,O
000171-001,Jadi,O
000171-001,tak,O
000171-001,seorang,O
000171-001,pun,O
000171-001,boleh,O
000171-001,menentangnya,O
000171-001,",",O
000171-001,karena,O
000171-001,terikat,O
000171-001,oleh,O
000171-001,tradisi,O
000171-001,yang,O
000171-001,sudah,O
000171-001,berlaku,O
000171-001,.,O
000171-001,Hanya,O
000171-001,saja,O
000171-001,komandan,O
000171-001,pasukan,O
000171-001,tertinggi,O
000171-001,",",O
000171-001,Abu,B_PERSON
000171-001,Sufyan,I_PERSON
000171-001,banyak,O
000171-001,bercerita,O
000171-001,kepada,O
000171-001,mereka,O
000171-001,tentang,O
000171-001,apa,O
000171-001,yang,O
000171-001,menimpa,O
000171-001,pasukan,O
000171-001,Quraisy,O
000171-001,pada,O
000171-001,saat,O
000171-001,Perang,B_EVENT
000171-001,Badr,I_EVENT
000171-001,",",O
000171-001,yaitu,O
000171-001,saat,O
000171-001,pembawa,O
000171-001,bendera,O
000171-001,mereka,O
000171-001,",",O
000171-001,An-Nadhr,B_PERSON
000171-001,bin,I_PERSON
000171-001,Al-Harits,B_PERSON
000171-001,tertawan,O
000171-001,.,O
000171-001,Dia,O
000171-001,berkata,O
000171-001,kepada,O
000171-001,mereka,O
000171-001,",",O
000171-001,"""",O
000171-001,Wahai,O
000171-001,Bani,O
000171-001,Abdid-Dar,O
000171-001,",",O
000171-001,kalian,O
000171-001,telah,O
000171-001,dipercaya,O
000171-001,membawa,O
000171-001,bendera,O
000171-001,kami,O
000171-001,saat,O
000171-001,Perang,B_EVENT
000171-001,Badr,I_EVENT
000171-001,",",O
000171-001,dan,O
000171-001,akhirnya,O
000171-001,kita,O
000171-001,mengalami,O
000171-001,sial,O
000171-001,seperti,O
000171-001,yang,O
000171-001,sudah,O
000171-001,kalian,O
000171-001,ketahui,O
000171-001,.,O
000171-001,Sesungguhnya,O
000171-001,pasukan,O
000171-001,itu,O
000171-001,diukur,O
000171-001,dari,O
000171-001,benderanya,O
000171-001,.,O
000171-001,Jika,O
000171-001,bendera,O
000171-001,itu,O
000171-001,musnah,O
000171-001,",",O
000171-001,maka,O
000171-001,musnalah,O
000171-001,mereka,O
000171-001,.,O
000171-001,Jadi,O
000171-001,lebih,O
000171-001,baik,O
000171-001,kalian,O
000171-001,melindungi,O
000171-001,bendera,O
000171-001,kita,O
000171-001,ataukah,O
000171-001,lebih,O
000171-001,baik,O
000171-001,kalian,O
000171-001,melepaskan,O
000171-001,urusan,O
000171-001,kita,O
000171-001,dengan,O
000171-001,Muhammad,B_PERSON
000171-001,",",O
000171-001,dan,O
000171-001,cukuplah,O
000171-001,kami,O
000171-001,sebagai,O
000171-001,wakil,O
000171-001,kalian,O
000171-001,".""",O
000171-001,Abu,B_PERSON
000171-001,Sufyan,I_PERSON
000171-001,berhasil,O
000171-001,dengan,O
000171-001,pancingannya,O
000171-001,.,O
000173-001,Ada,O
000173-001,beberapa,O
000173-001,wanita,O
000173-001,Quraisy,O
000173-001,yang,O
000173-001,ikut,O
000173-001,bergabung,O
000173-001,dalam,O
000173-001,pasukar,O
000173-001,perang,O
000173-001,kali,O
000173-001,ini,O
000173-001,",",O
000173-001,dipimpin,O
000173-001,Hindun,B_PERSON
000173-001,binti,I_PERSON
000173-001,Utbah,I_PERSON
000173-001,",",O
000173-001,istri,O
000173-001,Abu,B_PERSON
000173-001,Sufyan,I_PERSON
000173-001,.,O
000173-001,Mereka,O
000173-001,tak,O
000173-001,henti-hentinya,O
000173-001,berkeliling,O
000173-001,di,O
000173-001,antara,O
000173-001,barisan,O
000173-001,",",O
000173-001,menabuh,O
000173-001,rebana,O
000173-001,",",O
000173-001,membangkitkan,O
000173-001,semangat,O
000173-001,",",O
000173-001,mengobarkan,O
000173-001,tekad,O
000173-001,berperang,O
000173-001,dan,O
000173-001,menggerakkan,O
000173-001,perasaan,O
000173-001,untuk,O
000173-001,bertempur,O
000173-001,dan,O
000173-001,maju,O
000173-001,ke,O
000173-001,depan,O
000173-001,.,O
000173-001,Terkadang,O
000173-001,mereka,O
000173-001,berseru,O
000173-001,kepada,O
000173-001,orang-orang,O
000173-001,yang,O
000173-001,membawa,O
000173-001,bendera,O
000173-001,.,O
000173-001,"""",O
000173-001,Hayo,B_PERSON
000173-001,Badi,O
000173-001,Abdid-Dar,O
000173-001,hayo,O
000173-001,pelindung,O
000173-001,barisan,O
000173-001,belakang,O
000173-001,tebaskan,O
000173-001,segala,O
000173-001,senjata,O
000173-001,yang,O
000173-001,tajam,O
000173-001,.,O
000173-001,"""",O
000173-001,Terkadang,O
000173-001,mereka,O
000173-001,memompa,O
000173-001,semangat,O
000173-001,kaumnya,O
000173-001,untuk,O
000173-001,terus,O
000173-001,berperang,O
000173-001,dengan,O
000173-001,berseru,O
000173-001,.,O
000173-001,"""",O
000173-001,Jika,O
000173-001,kalian,O
000173-001,maju,O
000173-001,kan,O
000173-001,kami,O
000173-001,peluk,O
000173-001,kami,O
000173-001,hamparkan,O
000173-001,kasur,O
000173-001,yang,O
000173-001,empuk,O
000173-001,atau,O
000173-001,jika,O
000173-001,kalian,O
000173-001,mundur,O
000173-001,kami,O
000173-001,kan,O
000173-001,berpisah,O
000173-001,perpisahan,O
000173-001,tanpa,O
000173-001,cinta,O
000173-001,kasih,O
000173-001,.,O
000173-001,"""",O
000176-001,Pertempuran,O
000176-001,semakin,O
000176-001,lama,O
000176-001,semakin,O
000176-001,panas,O
000176-001,dan,O
000176-001,yang,O
000176-001,paling,O
000176-001,berat,O
000176-001,berkisar,O
000176-001,di,O
000176-001,sekitar,O
000176-001,orang-orang,O
000176-001,musyrik,O
000176-001,.,O
000176-001,Pertempuran,O
000176-001,berkecamuk,O
000176-001,di,O
000176-001,setiap,O
000176-001,kancah,O
000176-001,peperangan,O
000176-001,.,O
000176-001,Sementara,O
000176-001,iman,O
000176-001,menguasai,O
000176-001,barisan,O
000176-001,orang-orang,O
000176-001,Muslim,O
000176-001,.,O
000176-001,Mereka,O
000176-001,menyerbu,O
000176-001,ke,O
000176-001,tengah,O
000176-001,pasukan,O
000176-001,musyrik,O
000176-001,layaknya,O
000176-001,air,O
000176-001,bah,O
000176-001,yang,O
000176-001,menjebol,O
000176-001,tembok,O
000176-001,bendungan,O
000176-001,",",O
000176-001,sambil,O
000176-001,berkata,O
000176-001,",",O
000176-001,"""",O
000176-001,Matilah,O
000176-001,",",O
000176-001,matilah,O
000176-001,"!""",O
000176-001,Begitu,O
000176-001,seruan,O
000176-001,mereka,O
000176-001,pada,O
000176-001,waktu,O
000176-001,Perang,B_EVENT
000176-001,Uhud,I_EVENT
000176-001,.,O
000176-001,Abu,B_PERSON
000176-001,Dujanah,I_PERSON
000176-001,datang,O
000176-001,menyeruak,O
000176-001,sambil,O
000176-001,mengikatkan,O
000176-001,sorban,O
000176-001,berwarna,O
000176-001,merah,O
000176-001,di,O
000176-001,kepalanya,O
000176-001,",",O
000176-001,membawa,O
000176-001,pedang,O
000176-001,Rasulullah,B_PERSON
000176-001,",",O
000176-001,dengan,O
000176-001,satu,O
000176-001,tekad,O
000176-001,untuk,O
000176-001,memenuhi,O
000176-001,hak,O
000176-001,pedang,O
000176-001,itu,O
000176-001,.,O
000176-001,Maka,O
000176-001,dia,O
000176-001,pun,O
000176-001,bertempur,O
000176-001,menyelusup,O
000176-001,kesana,O
000176-001,kemari,O
000176-001,di,O
000176-001,tengah,O
000176-001,manusia,O
000176-001,.,O
000176-001,Siapa,O
000176-001,pun,O
000176-001,orang,O
000176-001,musyrik,O
000176-001,yang,O
000176-001,berpapasan,O
000176-001,dengannya,O
000176-001,pasti,O
000176-001,dibabatnya,O
000176-001,hingga,O
000176-001,meninggal,O
000176-001,.,O
000176-001,Dia,O
000176-001,benar-benar,O
000176-001,telah,O
000176-001,mengacak-ngacak,O
000176-001,barisan,O
000176-001,orang-orang,O
000176-001,musyrik,O
000176-001,.,O
000176-001,Az-Zubair,O
000176-001,bin,I_PERSON
000176-001,Al-Awwam,O
000176-001,berkata,O
000176-001,",",O
000176-001,"""",O
000176-001,Ada,O
000176-001,yang,O
000176-001,terasa,O
000176-001,mengganjal,O
000176-001,di,O
000176-001,dalam,O
000176-001,sanubari,O
000176-001,tatkala,O
000176-001,aku,O
000176-001,meminta,O
000176-001,pedang,O
000176-001,kepada,O
000176-001,Rasulullah,B_PERSON
000176-001,",",O
000176-001,namun,O
000176-001,beliau,O
000176-001,menolak,O
000176-001,permintaanku,O
000176-001,dan,O
000176-001,memberikanya,O
000176-001,kepada,O
000176-001,Abu,B_PERSON
000176-001,Dujanah,I_PERSON
000176-001,.,O
000176-001,Aku,O
000176-001,bertanya-,O
000176-001,tanya,O
000176-001,kepada,O
000176-001,diri,O
000176-001,sendiri,O
000176-001,",",O
000176-001,'Toh,O
000176-001,aku,O
000176-001,adalah,O
000176-001,anak,O
000176-001,Shafiyah,B_PERSON
000176-001,",",O
000176-001,bibi,O
000176-001,beliau,O
000176-001,",",O
000176-001,juga,O
000176-001,berasal,O
000176-001,dari,O
000176-001,Quraisy,O
000176-001,.,O
000176-001,Aku,O
000176-001,sudah,O
000176-001,berusaha,O
000176-001,menemui,O
000176-001,beliau,O
000176-001,dan,O
000176-001,meminta,O
000176-001,pedang,O
000176-001,itu,O
000176-001,sebelum,O
000176-001,Abu,B_PERSON
000176-001,Dujanah,I_PERSON
000176-001,.,O
000176-001,Namun,O
000176-001,justru,O
000176-001,beliau,O
000176-001,memberikannya,O
000176-001,kepada,O
000176-001,Abu,B_PERSON
000176-001,Dujanah,I_PERSON
000176-001,dan,O
000176-001,meninggalkan,O
000176-001,aku,O
000176-001,.,O
000176-001,Demi,O
000176-001,Allah,O
000176-001,aku,O
000176-001,benar-benar,O
000176-001,ingin,O
000176-001,melihat,O
000176-001,apa,O
000176-001,yang,O
000176-001,bisa,O
000176-001,dilakukan,O
000176-001,Abu,B_PERSON
000176-001,Dujanah',I_PERSON
000176-001,.,O
000176-001,Maka,O
000176-001,aku,O
000176-001,menguntitnya,O
000176-001,.,O
000176-001,Dia,O
000176-001,mengeluarkan,O
000176-001,sorban,O
000176-001,merahnya,O
000176-001,lalu,O
000176-001,mengikatnya,O
000176-001,di,O
000176-001,kepala,O
000176-001,.,O
000176-001,Orang-orang,O
000176-001,Anshar,O
000176-001,berkata,O
000176-001,.,O
000176-001,"""",O
000176-001,Abu,B_PERSON
000176-001,Dujanah,I_PERSON
000176-001,telah,O
000176-001,mengeluarkan,O
000176-001,sorban,O
000176-001,kematian,O
000176-001,""".",O
000177-001,Inilah,O
000177-001,penuturan,O
000177-001,yang,O
000177-001,disampaikan,O
000177-001,sendiri,O
000177-001,oleh,O
000177-001,pembunuh,O
000177-001,Hamzah,B_PERSON
000177-001,",",O
000177-001,Wahsy,B_PERSON
000177-001,bin,I_PERSON
000177-001,Harb,I_PERSON
000177-001,",",O
000177-001,"""",O
000177-001,Sebelumnya,O
000177-001,aku,O
000177-001,adalah,O
000177-001,budak,O
000177-001,Jubair,B_PERSON
000177-001,bin,I_PERSON
000177-001,Muth'im,I_PERSON
000177-001,.,O
000177-001,Paman,O
000177-001,Jubair,O
000177-001,.,O
000177-001,Thu'aimah,B_PERSON
000177-001,bin,I_PERSON
000177-001,Adi,I_PERSON
000177-001,terbunuh,O
000177-001,pada,O
000177-001,Perang,B_EVENT
000177-001,Badr,I_EVENT
000177-001,.,O
000177-001,Pada,O
000177-001,saat,O
000177-001,Quraisy,O
000177-001,pergi,O
000177-001,ke,O
000177-001,Uhud,B_LOCATION
000177-001,",",O
000177-001,Jubair,O
000177-001,berkata,O
000177-001,kepadaku,O
000177-001,",",O
000177-001,"""",O
000177-001,Jika,O
000177-001,kamu,O
000177-001,dapat,O
000177-001,membunuh,O
000177-001,Hamzah,B_PERSON
000177-001,",",O
000177-001,paman,O
000177-001,Muhammad,B_PERSON
000177-001,",",O
000177-001,sebagai,O
000177-001,pembalasan,O
000177-001,atas,O
000177-001,terbunuhnya,O
000177-001,pamanku,O
000177-001,",",O
000177-001,maka,O
000177-001,engkau,O
000177-001,jadi,O
000177-001,merdeka',O
000177-001,.,O
000177-001,Maka,O
000177-001,aku,O
000177-001,pun,O
000177-001,ikut,O
000177-001,bergabung,O
000177-001,bersama,O
000177-001,pasukan,O
000177-001,.,O
000177-001,Aku,O
000177-001,adalah,O
000177-001,seorang,O
000177-001,penduduk,O
000177-001,Habasyah,B_LOCATION
000177-001,.,O
000177-001,Seperti,O
000177-001,lazimnya,O
000177-001,orang-orang,O
000177-001,Habasyah,B_LOCATION
000177-001,",",O
000177-001,aku,O
000177-001,juga,O
000177-001,mahir,O
000177-001,dalam,O
000177-001,melontarkan,O
000177-001,tombak,O
000177-001,kecil,O
000177-001,.,O
000177-001,Jarang,O
000177-001,sekali,O
000177-001,aku,O
000177-001,meleset,O
000177-001,dari,O
000177-001,sasaran,O
000177-001,.,O
000177-001,Saat,O
000177-001,mereka,O
000177-001,bertempur,O
000177-001,",",O
000177-001,aku,O
000177-001,segera,O
000177-001,beranjak,O
000177-001,mencari-cari,O
000177-001,Hamzah,B_PERSON
000177-001,.,O
000177-001,Akhirnya,O
000177-001,aku,O
000177-001,dapat,O
000177-001,melihat,O
000177-001,kelebatnya,O
000177-001,di,O
000177-001,tengah,O
000177-001,manusia,O
000177-001,layaknya,O
000177-001,onta,O
000177-001,abu-abu,B_PERSON
000177-001,yang,O
000177-001,lincah,O
000177-001,.,O
000177-001,Tak,O
000177-001,seorang,O
000177-001,pun,O
000177-001,mampu,O
000177-001,menghadapi,O
000177-001,terjangannya,O
000177-001,.,O
000177-001,Demi,O
000177-001,Allah,O
000177-001,",",O
000177-001,aku,O
000177-001,pun,O
000177-001,bersiap-siap,O
000177-001,menjadikan,O
000177-001,sebagai,O
000177-001,sasaran,O
000177-001,.,O
000177-001,Aku,O
000177-001,berlindung,O
000177-001,di,O
000177-001,balik,O
000177-001,batu,O
000177-001,atau,O
000177-001,pohon,O
000177-001,untuk,O
000177-001,dapat,O
000177-001,mendekatinya,O
000177-001,.,O
000177-001,Tetapi,O
000177-001,tiba-tiba,O
000177-001,Siba',B_PERSON
000177-001,bin,I_PERSON
000177-001,Abdul,I_PERSON
000177-001,Uzza,O
000177-001,mencul,O
000177-001,mendahuluiku,O
000177-001,dengan,O
000177-001,mendatangi,O
000177-001,Hamzah,B_PERSON
000177-001,"""",O
000177-001,Kemarilah,O
000177-001,wahai,O
000177-001,anak,O
000177-001,wanita,O
000177-001,tukang,O
000177-001,supit,I_PERSON
000177-001,"!""",O
000177-001,kata,O
000177-001,Siba',O
000177-001,kepada,O
000177-001,Hamzah,B_PERSON
000177-001,",",O
000177-001,karena,O
000177-001,memang,O
000177-001,ibunya,O
000177-001,adalah,O
000177-001,tukang,O
000177-001,supit,O
000177-001,.,O
000177-001,Seketika,O
000177-001,Hamzah,B_PERSON
000177-001,menyabetkan,O
000177-001,pedangnya,O
000177-001,",",O
000177-001,tepat,O
000177-001,mengenai,O
000177-001,kepala,O
000177-001,Siba',B_PERSON
000177-001,.,O
000177-001,Tombak,O
000177-001,kecil,O
000177-001,sudah,O
000177-001,kuayun-ayunkan,O
000177-001,di,O
000177-001,tangan,O
000177-001,.,O
000177-001,Saat,O
000177-001,kurasa,O
000177-001,sudah,O
000177-001,me-,O
000177-001,mungkinkan,O
000177-001,",",O
000177-001,tombak,O
000177-001,kulontarkan,O
000177-001,tepat,O
000177-001,mengenai,O
000177-001,perutnya,O
000177-001,bagian,O
000177-001,bawah,O
000177-001,",",O
000177-001,hingga,O
000177-001,tembus,O
000177-001,ke,O
000177-001,selangkangannya,O
000177-001,.,O
000177-001,Dia,O
000177-001,berjalan,O
000177-001,ke,O
000177-001,arahku,O
000177-001,dengan,O
000177-001,badan,O
000177-001,limbung,O
000177-001,lalu,O
000177-001,terjerembab,O
000177-001,ke,O
000177-001,tanah,O
000177-001,.,O
000177-001,Aku,O
000177-001,menungguinya,O
000177-001,beberapa,O
000177-001,saat,O
000177-001,hingga,O
000177-001,dia,O
000177-001,benar-benar,O
000177-001,meninggal,O
000177-001,.,O
000179-001,Di,O
000179-001,antara,O
000179-001,pahlawan,O
000179-001,perang,O
000179-001,yang,O
000179-001,bertempur,O
000179-001,tanpa,O
000179-001,mengenal,O
000179-001,rasa,O
000179-001,takut,O
000179-001,pada,O
000179-001,waktu,O
000179-001,itu,O
000179-001,adalah,O
000179-001,Hanzhalah,B_PERSON
000179-001,bin,I_PERSON
000179-001,Abu,I_PERSON
000179-001,Amir,I_PERSON
000179-001,.,O
000179-001,Ayahnya,O
000179-001,adalah,O
000179-001,seorang,O
000179-001,tabib,O
000179-001,yang,O
000179-001,disebut,O
000179-001,si,O
000179-001,Fasik,O
000179-001,",",O
000179-001,yang,O
000179-001,sudah,O
000179-001,kami,O
000179-001,singgung,O
000179-001,di,O
000179-001,atas,O
000179-001,.,O
000179-001,Hanzhalah,B_PERSON
000179-001,baru,O
000179-001,saja,O
000179-001,melangsungkan,O
000179-001,pernikahan,O
000179-001,.,O
000179-001,Saat,O
000179-001,mendengar,O
000179-001,gemuruh,O
000179-001,pertempuran,O
000179-001,",",O
000179-001,yang,O
000179-001,saat,O
000179-001,itu,O
000179-001,dia,O
000179-001,masih,O
000179-001,berada,O
000179-001,di,O
000179-001,dalam,O
000179-001,pelukan,O
000179-001,istrinya,O
000179-001,",",O
000179-001,maka,O
000179-001,dia,O
000179-001,segera,O
000179-001,melepaskan,O
000179-001,pelukan,O
000179-001,istrinya,O
000179-001,dan,O
000179-001,langsung,O
000179-001,beranjak,O
000179-001,untuk,O
000179-001,berjihad,O
000179-001,.,O
000179-001,Saat,O
000179-001,sudah,O
000179-001,terjun,O
000179-001,ke,O
000179-001,kancah,O
000179-001,pertempuran,O
000179-001,berhadapan,O
000179-001,dengan,O
000179-001,pasukan,O
000179-001,musyrikin,O
000179-001,",",O
000179-001,dia,O
000179-001,menyibak,O
000179-001,barisan,O
000179-001,hingga,O
000179-001,dapat,O
000179-001,berhadapan,O
000179-001,langsung,O
000179-001,dengan,O
000179-001,komandan,O
000179-001,pasukan,O
000179-001,musuh,O
000179-001,",",O
000179-001,Abu,B_PERSON
000179-001,Sufyan,I_PERSON
000179-001,bin,I_PERSON
000179-001,Harb,I_PERSON
000179-001,.,O
000179-001,Sebenarnya,O
000179-001,saat,O
000179-001,itu,O
000179-001,dia,O
000179-001,sudah,O
000179-001,dapat,O
000179-001,menundukkan,O
000179-001,Abu,B_PERSON
000179-001,Sufyan,I_PERSON
000179-001,.,O
000179-001,Namun,O
000179-001,hal,O
000179-001,itu,O
000179-001,diketahui,O
000179-001,Shaddad,O
000179-001,bin,I_PERSON
000179-001,Al-Aswad,O
000179-001,yang,O
000179-001,kemudian,O
000179-001,menikamnya,O
000179-001,hingga,O
000179-001,meninggal,O
000179-001,dunia,O
000179-001,sebagai,O
000179-001,syahid,B_PERSON
000181-002,Ibnu,B_PERSON
000181-002,Ishaq,I_PERSON
000181-002,berkata,O
000181-002,",",O
000181-002,"""",O
000181-002,Kemudian,O
000181-002,Allah,O
000181-002,menurunkan,O
000181-002,pertolongan-Nya,O
000181-002,kepada,O
000181-002,orang-orang,O
000181-002,Muslim,O
000181-002,dan,O
000181-002,memenuhi,O
000181-002,janji-Nya,O
000181-002,",",O
000181-002,sehingga,O
000181-002,mereka,O
000181-002,bisa,O
000181-002,menceraiberaikan,O
000181-002,musuh,O
000181-002,.,O
000181-002,Hampir,O
000181-002,pasti,O
000181-002,kemenangan,O
000181-002,ada,O
000181-002,di,O
000181-002,tangan,O
000181-002,mereka,O
000181-002,".""",O
000181-002,Abdullah,B_PERSON
000181-002,bin,I_PERSON
000181-002,Az-Zubair,I_PERSON
000181-002,meriwayatkan,O
000181-002,dari,O
000181-002,ayahnya,O
000181-002,",",O
000181-002,dia,O
000181-002,berkata,O
000181-002,",",O
000181-002,"""",O
000181-002,Demi,O
000181-002,Allah,O
000181-002,",",O
000181-002,sampai-sampai,O
000181-002,aku,O
000181-002,bisa,O
000181-002,melihat,O
000181-002,betis,O
000181-002,Hindun,B_PERSON
000181-002,binti,I_PERSON
000181-002,Utbah,I_PERSON
000181-002,yang,O
000181-002,tersingkap,O
000181-002,karena,O
000181-002,harus,O
000181-002,melarikan,O
000181-002,diri,O
000181-002,bersama,O
000181-002,rekan-rekannya,O
000181-002,".""",O
000181-002,Dalam,O
000181-002,hadits,O
000181-002,Al-Barra',B_PERSON
000181-002,bin,I_PERSON
000181-002,Azib,I_PERSON
000181-002,di,O
000181-002,dalam,O
000181-002,Ash-Shahih,O
000181-002,disebutkan,O
000181-002,",",O
000181-002,"""",O
000181-002,Saat,O
000181-002,kami,O
000181-002,menyerang,O
000181-002,",",O
000181-002,mereka,O
000181-002,melarikan,O
000181-002,diri,O
000181-002,",",O
000181-002,hingga,O
000181-002,dapat,O
000181-002,kulihat,O
000181-002,bagaimana,O
000181-002,para,O
000181-002,wanita,O
000181-002,Quraisy,O
000181-002,tertatih-tatih,O
000181-002,di,O
000181-002,bukit,O
000181-002,sambil,O
000181-002,menyingsingkan,O
000181-002,kebaya,O
000181-002,",",O
000181-002,hingga,O
000181-002,terlihat,O
000181-002,betis,O
000181-002,dan,O
000181-002,gelang,O
000181-002,kaki,O
000181-002,mereka,O
000181-002,".""",O
000181-002,Orang-orang,O
000181-002,Muslim,O
000181-002,mengejar,O
000181-002,orang-orang,O
000181-002,musyrik,O
000181-002,agar,O
000181-002,mereka,O
000181-002,meletakkan,O
000181-002,senjata,O
000181-002,dan,O
000181-002,dapat,O
000181-002,merampas,O
000181-002,harta,O
000181-002,.,O
000182-001,Pada,O
000182-001,saat,O
000182-001,pasukan,O
000182-001,Islam,O
000182-001,yang,O
000182-001,kecil,O
000182-001,tinggal,O
000182-001,meraih,O
000182-001,kemenangan,O
000182-001,sebentar,O
000182-001,lagi,O
000182-001,atas,O
000182-001,pasukan,O
000182-001,Quraisy,O
000182-001,",",O
000182-001,yang,O
000182-001,nilai,O
000182-001,kemenangannya,O
000182-001,tidak,O
000182-001,kalah,O
000182-001,sedikit,O
000182-001,dari,O
000182-001,kemenangan,O
000182-001,yang,O
000182-001,diraih,O
000182-001,di,O
000182-001,Perang,B_EVENT
000182-001,Badr,I_EVENT
000182-001,",",O
000182-001,terjadi,O
000182-001,kesalahan,O
000182-001,fatal,O
000182-001,yang,O
000182-001,dilakukan,O
000182-001,para,O
000182-001,pemanah,O
000182-001,",",O
000182-001,sehingga,O
000182-001,bisa,O
000182-001,membalik,O
000182-001,keadaan,O
000182-001,secara,O
000182-001,total,O
000182-001,dan,O
000182-001,akhirnya,O
000182-001,menimbulkan,O
000182-001,kerugian,O
000182-001,yang,O
000182-001,amat,O
000182-001,banyak,O
000182-001,bagi,O
000182-001,pasukan,O
000182-001,Muslimin,O
000182-001,",",O
000182-001,bahkan,O
000182-001,hampir,O
000182-001,saja,O
000182-001,menyebabkan,O
000182-001,kematian,O
000182-001,bagi,O
000182-001,Nabi,O
000182-001,.,O
000182-001,Kejadian,O
000182-001,ini,O
000182-001,membiaskan,O
000182-001,pengaruh,O
000182-001,yang,O
000182-001,kurang,O
000182-001,menguntungkan,O
000182-001,bagi,O
000182-001,ketenaran,O
000182-001,dan,O
000182-001,kehebatan,O
000182-001,mereka,O
000182-001,setelah,O
000182-001,meraih,O
000182-001,kemenangan,O
000182-001,di,O
000182-001,Badr,B_LOCATION
000182-001,.,O
000182-001,Telah,O
000182-001,kami,O
000182-001,utarakan,O
000182-001,teks,O
000182-001,perintah,O
000182-001,Nabi,O
000182-001,yang,O
000182-001,sangat,O
000182-001,keras,O
000182-001,terhadap,O
000182-001,para,O
000182-001,pemanah,O
000182-001,itu,O
000182-001,",",O
000182-001,agar,O
000182-001,mereka,O
000182-001,tetap,O
000182-001,berada,O
000182-001,di,O
000182-001,atas,O
000182-001,bukit,O
000182-001,",",O
000182-001,dalam,O
000182-001,keadaan,O
000182-001,kalah,O
000182-001,maupun,O
000182-001,menang,O
000182-001,.,O
000182-001,Sekalipun,O
000182-001,sudah,O
000182-001,ada,O
000182-001,perintah,O
000182-001,yang,O
000182-001,sangat,O
000182-001,tegas,O
000182-001,ini,O
000182-001,",",O
000182-001,tatkala,O
000182-001,pasukan,O
000182-001,pemanah,O
000182-001,melihat,O
000182-001,orang-orang,O
000182-001,Muslim,O
000182-001,sudah,O
000182-001,mengumpulkan,O
000182-001,harta,O
000182-001,rampasan,O
000182-001,dari,O
000182-001,pihak,O
000182-001,musuh,O
000182-001,",",O
000182-001,mereka,O
000182-001,pun,O
000182-001,dikuasai,O
000182-001,egoisme,O
000182-001,kecintaan,O
000182-001,terhadap,O
000182-001,duniawi,O
000182-001,.,O
000182-001,Mereka,O
000182-001,saling,O
000182-001,berkata,O
000182-001,",",O
000182-001,"""",O
000182-001,Harta,O
000182-001,rampasan,O
000182-001,",",O
000182-001,harta,O
000182-001,rampasan,O
000182-001,!,O
000182-001,Rekan-rekan,O
000182-001,kalian,O
000182-001,sudah,O
000182-001,menang,O
000182-001,.,O
000182-001,Apa,O
000182-001,lagi,O
000182-001,yang,O
000182-001,kalian,O
000182-001,tunggu,O
000182-001,"?""",O
000182-001,Komandan,O
000182-001,mereka,O
000182-001,",",O
000182-001,Abdullah,B_PERSON
000182-001,bin,I_PERSON
000182-001,Jubair,I_PERSON
000182-001,mengingatkan,O
000182-001,perintah,O
000182-001,Rasulullah,B_PERSON
000182-001,kepada,O
000182-001,mereka,O
000182-001,",",O
000182-001,dengan,O
000182-001,berkata,O
000182-001,",",O
000182-001,"""",O
000182-001,Apakah,O
000182-001,kalian,O
000182-001,sudah,O
000182-001,lupa,O
000182-001,apa,O
000182-001,yang,O
000182-001,dikatakan,O
000182-001,Rasulullah,B_PERSON
000182-001,kepada,O
000182-001,kalian,O
000182-001,"?""",O
000182-001,Tetapi,O
000182-001,mayoritas,O
000182-001,di,O
000182-001,antara,O
000182-001,mereka,O
000182-001,tidak,O
000182-001,mempedulikan,O
000182-001,peringatan,O
000182-001,ini,O
000182-001,.,O
000186-001,Setelah,O
000186-001,berjalan,O
000186-001,dengan,O
000186-001,cara,O
000186-001,memutar,O
000186-001,",",O
000186-001,ada,O
000186-001,beberapa,O
000186-001,orang,O
000186-001,Muslim,O
000186-001,yang,O
000186-001,berada,O
000186-001,di,O
000186-001,samping,O
000186-001,kiri,O
000186-001,kanan,O
000186-001,pasukan,O
000186-001,Quraisy,O
000186-001,.,O
000186-001,Setelah,O
000186-001,itu,O
000186-001,peperangan,O
000186-001,lebih,O
000186-001,banyak,O
000186-001,berkobar,O
000186-001,di,O
000186-001,sekitar,O
000186-001,Rasulullah,B_PERSON
000186-001,.,O
000186-001,Seperti,O
000186-001,yang,O
000186-001,sudah,O
000186-001,kami,O
000186-001,paparkan,O
000186-001,di,O
000186-001,atas,O
000186-001,",",O
000186-001,bahwa,O
000186-001,tatkala,O
000186-001,orang-orang,O
000186-001,musyrik,O
000186-001,mengambil,O
000186-001,jalan,O
000186-001,memutar,O
000186-001,",",O
000186-001,beliau,O
000186-001,hanya,O
000186-001,bersama,O
000186-001,sembilan,O
000186-001,orang,O
000186-001,Muslim,O
000186-001,.,O
000186-001,Tatkala,O
000186-001,beliau,O
000186-001,berseru,O
000186-001,",",O
000186-001,"""",O
000186-001,Kemarilah,O
000186-001,!,O
000186-001,Aku,O
000186-001,adalah,O
000186-001,Rasul,O
000186-001,Allah,O
000186-001,""",",O
000186-001,maka,O
000186-001,orang-orang,O
000186-001,musyrik,O
000186-001,mendengarnya,O
000186-001,dan,O
000186-001,mengetahui,O
000186-001,keberadaan,O
000186-001,beliau,O
000186-001,.,O
000186-001,Seketika,O
000186-001,itu,O
000186-001,pula,O
000186-001,mereka,O
000186-001,memusatkan,O
000186-001,serangan,O
000186-001,ke,O
000186-001,arah,O
000186-001,beliau,O
000186-001,secara,O
000186-001,gencar,O
000186-001,sebelum,O
000186-001,anggota,O
000186-001,pasukan,O
000186-001,Islam,O
000186-001,yang,O
000186-001,lain,O
000186-001,bisa,O
000186-001,mencapai,O
000186-001,tempat,O
000186-001,beliau,O
000186-001,.,O
000186-001,Maka,O
000186-001,terjadilah,O
000186-001,pertempuran,O
000186-001,yang,O
000186-001,seru,O
000186-001,antara,O
000186-001,orang,O
000186-001,orang,O
000186-001,musyrik,O
000186-001,dan,O
000186-001,sembilan,O
000186-001,orang,O
000186-001,Muslim,O
000186-001,itu,O
000186-001,.,O
000186-001,Di,O
000186-001,sinilah,O
000186-001,tampak,O
000186-001,butir-butir,O
000186-001,kecintaan,O
000186-001,",",O
000186-001,kesetiaan,O
000186-001,",",O
000186-001,patriotisme,O
000186-001,",",O
000186-001,dan,O
000186-001,keberanian,O
000186-001,.,O
000186-001,Muslim,O
000186-001,meriwayatkan,O
000186-001,dari,O
000186-001,Anas,B_PERSON
000186-001,bin,I_PERSON
000186-001,Malik,I_PERSON
000186-001,",",O
000186-001,bahwa,O
000186-001,Rasulullah,B_PERSON
000186-001,memencil,O
000186-001,bersama,O
000186-001,tujuh,O
000186-001,orang,O
000186-001,Anshar,O
000186-001,dan,O
000186-001,dua,O
000186-001,Muhajirin,O
000186-001,.,O
000186-001,Saat,O
000186-001,orang-orang,O
000186-001,Quraisy,O
000186-001,melancarkan,O
000186-001,serangan,O
000186-001,secara,O
000186-001,gencar,O
000186-001,",",O
000186-001,beliau,O
000186-001,bersabda,O
000186-001,",",O
000186-001,"""",O
000186-001,Siapa,O
000186-001,pun,O
000186-001,yang,O
000186-001,melindungi,O
000186-001,kami,O
000186-001,",",O
000186-001,maka,O
000186-001,dia,O
000186-001,masuk,O
000186-001,surga,O
000186-001,atau,O
000186-001,dia,O
000186-001,akan,O
000186-001,menjadi,O
000186-001,pendampingku,O
000186-001,di,O
000186-001,surga,O
000186-001,".""",O
000186-001,Maka,O
000186-001,ada,O
000186-001,seorang,O
000186-001,Anshar,O
000186-001,yang,O
000186-001,maju,O
000186-001,dan,O
000186-001,bertempur,O
000186-001,melawan,O
000186-001,sekian,O
000186-001,177,O
000186-001,Zadul-Ma'ad,O
000186-001,",",O
000186-001,2/96,O
000186-001,.,O
000186-001,banyak,O
000186-001,orang-orang,O
000186-001,musyrik,O
000186-001,hingga,O
000186-001,dia,O
000186-001,terbunuh,O
000186-001,.,O
000186-001,Lalu,O
000186-001,disusul,O
000186-001,orang,O
000186-001,Anshar,O
000186-001,lainnya,O
000186-001,",",O
000186-001,sehingga,O
000186-001,mereka,O
000186-001,yang,O
000186-001,berjumlah,O
000186-001,tujuh,O
000186-001,orang,O
000186-001,terbunuh,O
000186-001,semuanya,O
000186-001,Setelah,O
000186-001,itu,O
000186-001,beliau,O
000186-001,bersabda,O
000186-001,kepada,O
000186-001,rekannya,O
000186-001,dari,O
000186-001,Muhajirin,O
000186-001,",",O
000186-001,"""",O
000186-001,Mereka,O
000186-001,tidak,O
000186-001,adil,O
000186-001,terhadap,O
000186-001,kita,O
000186-001,".""",O
000186-001,Orang,O
000186-001,terakhir,O
000186-001,dari,O
000186-001,tujuh,O
000186-001,Anshar,O
000186-001,yang,O
000186-001,mati,O
000186-001,adalah,O
000186-001,Umarah,B_PERSON
000186-001,bin,I_PERSON
000186-001,Yazid,B_PERSON
000186-001,bin,I_PERSON
000186-001,As-Sakan,O
000186-001,.,O
000187-005,Karena,O
000187-005,itu,O
000187-005,beliau,O
000187-005,bersabda,O
000187-005,",",O
000187-005,"""",O
000187-005,Bagian,O
000187-005,siapakah,O
000187-005,orang-orang,O
000187-005,itu,O
000187-005,"?""",O
000187-005,"""",O
000187-005,Bagianku,O
000187-005,",""",O
000187-005,jawab,O
000187-005,Thalhah,O
000187-005,.,O
000187-005,Kemudian,O
000187-005,Jabir,B_PERSON
000187-005,menuturkan,O
000187-005,sepak,O
000187-005,terjang,O
000187-005,orang-orang,O
000187-005,Anshar,O
000187-005,dan,O
000187-005,bagaimana,O
000187-005,mereka,O
000187-005,mati,O
000187-005,satu,O
000187-005,demi,O
000187-005,satu,O
000187-005,seperti,O
000187-005,yang,O
000187-005,diriwayatkan,O
000187-005,Muslim,O
000187-005,di,O
000187-005,atas,O
000187-005,.,O
000187-005,Setelah,O
000187-005,semua,O
000187-005,Anshar,O
000187-005,terbunuh,O
000187-005,",",O
000187-005,Thalhah,O
000187-005,maju,O
000187-005,dan,O
000187-005,bertempur,O
000187-005,menghadapi,O
000187-005,sebelas,O
000187-005,orang,O
000187-005,hingga,O
000187-005,jari-jari,O
000187-005,tangannya,O
000187-005,terputus,O
000187-005,.,O
000187-005,Dia,O
000187-005,berkata,O
000187-005,",",O
000187-005,"""",O
000187-005,Rasakan,O
000187-005,kamu,O
000187-005,"!!""",O
000187-005,Rasulullah,B_PERSON
000187-005,menyahut,O
000187-005,",",O
000187-005,"""",O
000187-005,Andaikata,O
000187-005,engkau,O
000187-005,"berucap,'Bismillah'",O
000187-005,",",O
000187-005,tentu,O
000187-005,para,O
000187-005,malaikat,O
000187-005,akan,O
000187-005,mengangkat,O
000187-005,dirimu,O
000187-005,dan,O
000187-005,orang-orang,O
000187-005,bisa,O
000187-005,melihatmu,O
000187-005,".""",O
000187-005,Kemudian,O
000187-005,Allah,O
000187-005,membuat,O
000187-005,orang-orang,O
000187-005,musyrik,O
000187-005,itu,O
000187-005,mundur,O
000187-005,.,O
000187-005,Disebutkan,O
000187-005,dalam,O
000187-005,riwayat,O
000187-005,Al-Hakim,O
000187-005,",",O
000187-005,bahwa,O
000187-005,dia,O
000187-005,mendapat,O
000187-005,tiga,O
000187-005,puluh,O
000187-005,sembilan,O
000187-005,atau,O
000187-005,tiga,O
000187-005,puluh,O
000187-005,lima,O
000187-005,luka,O
000187-005,pada,O
000187-005,Perang,B_EVENT
000187-005,Uhud,I_EVENT
000187-005,dan,O
000187-005,jari-jari,O
000187-005,tangannya,O
000187-005,putus,O
000187-005,.,O
000187-005,Al-Bukhari,O
000187-005,meriwayatkan,O
000187-005,dari,O
000187-005,Qais,I_PERSON
000187-005,bin,I_PERSON
000187-005,Abu,B_PERSON
000187-005,Hazim,I_EVENT
000187-005,",",O
000187-005,dia,O
000187-005,berkata,O
000187-005,",",O
000187-005,"""",O
000187-005,Kulihat,O
000187-005,jari-jari,O
000187-005,tangan,O
000187-005,Thalhah,I_EVENT
000187-005,terpotong,O
000187-005,",",O
000187-005,karena,O
000187-005,melindungi,O
000187-005,Nabi,O
000187-005,pada,O
000187-005,Perang,B_EVENT
000187-005,Uhud,I_EVENT
000187-005,.,O
000187-005,At-Tirmidzi,O
000187-005,meriwayatkan,O
000187-005,bahwa,O
000187-005,saat,O
000187-005,itu,O
000187-005,Nabi,O
000187-005,bersabda,O
000187-005,tentang,O
000187-005,diri,O
000187-005,Thalhah,O
000187-005,",",O
000187-005,"""",O
000187-005,Barangsiapa,O
000187-005,ingin,O
000187-005,melihat,O
000187-005,orang,O
000187-005,mati,O
000187-005,syahid,O
000187-005,yang,O
000187-005,berjalan,O
000187-005,di,O
000187-005,muka,O
000187-005,bumi,O
000187-005,",",O
000187-005,maka,O
000187-005,hendaklah,O
000187-005,dia,O
000187-005,melihat,O
000187-005,Thalhah,O
000187-005,bin,I_PERSON
000187-005,Ubaidillah,I_PERSON
000187-005,".""",O
000187-005,Abu,B_PERSON
000187-005,Dawud,I_PERSON
000187-005,Ath-Thayalisi,I_PERSON
000187-005,meriwayatkan,O
000187-005,dari,O
000187-005,Aisyah,B_PERSON
000187-005,",",O
000187-005,dia,O
000187-005,berkata,O
000187-005,.,O
000187-005,"""",O
000187-005,Jika,O
000187-005,Abu,B_PERSON
000187-005,Bakar,I_PERSON
000187-005,mengingat,O
000187-005,Perang,B_EVENT
000187-005,Uhud,I_EVENT
000187-005,",",O
000187-005,maka,O
000187-005,dia,O
000187-005,berkata,O
000187-005,",",O
000187-005,'Hari,O
000187-005,itu,O
000187-005,semuanya,O
000187-005,milik,O
000187-005,Thalhah',I_EVENT
000187-005,".""",O
000187-005,Dia,O
000187-005,juga,O
000187-005,berkata,O
000187-005,",",O
000187-005,"""",O
000187-005,Wahai,O
000187-005,Thalhah,O
000187-005,bin,I_PERSON
000187-005,Ubaidillah,I_PERSON
000187-005,",",O
000187-005,sudah,O
000187-005,selayaknya,O
000187-005,jika,O
000187-005,engkau,O
000187-005,mendapat,O
000187-005,surga,O
000187-005,dan,O
000187-005,duduk,O
000187-005,di,O
000187-005,atas,O
000187-005,kristal-kristal,O
000187-005,mutiara,O
000187-005,yang,O
000187-005,indah,O
000187-005,".""",O
000187-005,Pada,O
000187-005,saat,O
000187-005,yang,O
000187-005,kritis,O
000187-005,itu,O
000187-005,Allah,O
000187-005,menurunkan,O
000187-005,pertolongan,O
000187-005,secara,O
000187-005,gaib,O
000187-005,.,O
000192-002,Utsman,B_PERSON
000192-002,bin,I_PERSON
000192-002,Abdullah,I_PERSON
000192-002,bin,I_PERSON
000192-002,Al-Mughirah,I_PERSON
000192-002,",",O
000192-002,salah,O
000192-002,seorang,O
000192-002,penunggang,O
000192-002,kuda,O
000192-002,dari,O
000192-002,pasukan,O
000192-002,musyrikin,O
000192-002,merangsek,O
000192-002,ke,O
000192-002,hadapan,O
000192-002,Nabi,O
000192-002,sambil,O
000192-002,berkata,O
000192-002,"""",O
000192-002,Aku,O
000192-002,tidak,O
000192-002,selamat,O
000192-002,selagi,O
000192-002,dia,O
000192-002,masih,O
000192-002,selamat,O
000192-002,".""",O
000192-002,Lalu,O
000192-002,beliau,O
000192-002,bangkit,O
000192-002,untuk,O
000192-002,menghadapinya,O
000192-002,.,O
000192-002,Hanya,O
000192-002,saja,O
000192-002,kuda,O
000192-002,Utsman,B_PERSON
000192-002,bin,I_PERSON
000192-002,Abdullah,I_PERSON
000192-002,terperosok,O
000192-002,ke,O
000192-002,sebuah,O
000192-002,lubang,O
000192-002,.,O
000192-002,Al-Harits,B_PERSON
000192-002,bin,I_PERSON
000192-002,Ash-Shimmah,I_PERSON
000192-002,menghampiri,O
000192-002,Utsman,B_PERSON
000192-002,dan,O
000192-002,membabat,O
000192-002,kakinya,O
000192-002,hingga,O
000192-002,terduduk,O
000192-002,.,O
000192-002,Kemudian,O
000192-002,dia,O
000192-002,meringkusnya,O
000192-002,dan,O
000192-002,melucuti,O
000192-002,senjatanya,O
000192-002,",",O
000192-002,lalu,O
000192-002,bermaksud,O
000192-002,membawanya,O
000192-002,ke,O
000192-002,hadapan,O
000192-002,Rasulullah,B_PERSON
000192-002,.,O
000192-002,Namun,O
000192-002,Abdullah,B_PERSON
000192-002,bin,I_PERSON
000192-002,Jabir,I_PERSON
000192-002,mengejar,O
000192-002,Al-Harits,O
000192-002,dan,O
000192-002,menyabetkan,O
000192-002,pedang,O
000192-002,ke,O
000192-002,pundak,O
000192-002,Al-Harits,B_PERSON
000192-002,hingga,O
000192-002,terluka,O
000192-002,.,O
000192-002,Abu,B_PERSON
000192-002,Dujanah,I_PERSON
000192-002,",",O
000192-002,seorang,O
000192-002,prajurit,O
000192-002,yang,O
000192-002,heroik,O
000192-002,dengan,O
000192-002,sorban,O
000192-002,merah,O
000192-002,yang,O
000192-002,diikatkan,O
000192-002,di,O
000192-002,kepala,O
000192-002,menyerang,O
000192-002,Abdullah,B_PERSON
000192-002,bin,I_PERSON
000192-002,Jabir,I_PERSON
000192-002,dan,O
000192-002,menyabetkan,O
000192-002,pedang,O
000192-002,ke,O
000192-002,arahnya,O
000192-002,hingga,O
000192-002,kepalanya,O
000192-002,terpenggal,O
000192-002,.,O
000192-002,Justru,O
000192-002,pada,O
000192-002,saat,O
000192-002,peperangan,O
000192-002,yang,O
000192-002,pahit,O
000192-002,itu,O
000192-002,",",O
000192-002,orang-orang,O
000192-002,Muslim,O
000192-002,dikuasai,O
000192-002,rasa,O
000192-002,kantuk,O
000192-002,sebagai,O
000192-002,suatu,O
000192-002,penentram,O
000192-002,hati,O
000192-002,yang,O
000192-002,datangnya,O
000192-002,dari,O
000192-002,Allah,O
000192-002,",",O
000192-002,seperti,O
000192-002,disebutkan,O
000192-002,di,O
000192-002,dalam,O
000192-002,Al-Qur'an,I_PERSON
000192-002,.,O
000192-002,Abu,I_PERSON
000192-002,Thalhah,O
000192-002,berkata,O
000192-002,",",O
000192-002,"""",O
000192-002,Aku,O
000192-002,termasuk,O
000192-002,yang,O
000192-002,tak,O
000192-002,mampu,O
000192-002,membendung,O
000192-002,rasa,O
000192-002,kantuk,O
000192-002,saat,O
000192-002,Perang,B_EVENT
000192-002,Uhud,I_EVENT
000192-002,",",O
000192-002,hingga,O
000192-002,pedangku,O
000192-002,jatuh,O
000192-002,dari,O
000192-002,tangan,O
000192-002,beberapa,O
000192-002,kali,O
000192-002,.,O
000192-002,Pedang,O
000192-002,itu,O
000192-002,jatuh,O
000192-002,lalu,O
000192-002,kuambil,O
000192-002,",",O
000192-002,jatuh,O
000192-002,lagi,O
000192-002,lalu,O
000192-002,kuambil,O
000192-002,lagi,O
000192-002,".""",O
000192-002,Dengan,O
000192-002,gambaran,O
000192-002,keberanian,O
000192-002,seperti,O
000192-002,itu,O
000192-002,",",O
000192-002,beliau,O
000192-002,dan,O
000192-002,para,O
000192-002,sahabat,O
000192-002,yang,O
000192-002,bersamanya,O
000192-002,dapat,O
000192-002,mencapai,O
000192-002,jalan,O
000192-002,bukit,O
000192-002,dan,O
000192-002,memberi,O
000192-002,jalan,O
000192-002,bagi,O
000192-002,sisa-sisa,O
000192-002,pasukan,O
000192-002,yang,O
000192-002,lain,O
000192-002,untuk,O
000192-002,melewatinya,O
000192-002,hingga,O
000192-002,mencapai,O
000192-002,tempat,O
000192-002,yang,O
000192-002,aman,O
000192-002,.,O
000192-002,Dengan,O
000192-002,begitu,O
000192-002,mereka,O
000192-002,bisa,O
000192-002,saling,O
000192-002,bertemu,O
000192-002,di,O
000192-002,bukit,O
000192-002,.,O
000192-002,Seperti,O
000192-002,apa,O
000192-002,pun,O
000192-002,kecerdikan,O
000192-002,Khalid,B_PERSON
000192-002,bin,I_PERSON
000192-002,Al-Walid,I_PERSON
000192-002,masih,O
000192-002,kalah,O
000192-002,dengan,O
000192-002,kecerdikan,O
000192-002,Rasulullah,B_PERSON
000200-002,Rasulullah,B_PERSON
000200-002,mengabarkan,O
000200-002,para,O
000200-002,sahabat,O
000200-002,bahwa,O
000200-002,malaikat,O
000200-002,sedang,O
000200-002,memandikan,O
000200-002,jasadnya,O
000200-002,.,O
000200-002,Lalu,O
000200-002,beliau,O
000200-002,bersabda,O
000200-002,",",O
000200-002,"""",O
000200-002,Tanyakan,O
000200-002,kepada,O
000200-002,keluarganya,O
000200-002,",",O
000200-002,ada,O
000200-002,apa,O
000200-002,dengan,O
000200-002,dirinya,O
000200-002,"?""",O
000200-002,Lalu,O
000200-002,mereka,O
000200-002,bertanya,O
000200-002,kepada,O
000200-002,istrinya,O
000200-002,",",O
000200-002,dan,O
000200-002,dikabarkan,O
000200-002,tentang,O
000200-002,keadaannya,O
000200-002,sedang,O
000200-002,junub,O
000200-002,saat,O
000200-002,berangkat,O
000200-002,perang,O
000200-002,.,O
000200-002,Dari,O
000200-002,kejadian,O
000200-002,ini,O
000200-002,dia,O
000200-002,mendapatkan,O
000200-002,julukan,O
000200-002,Ghasilul,O
000200-002,Malaikat,O
000200-002,(,O
000200-002,orang,O
000200-002,yang,O
000200-002,dimandikan,O
000200-002,Setelah,O
000200-002,melihat,O
000200-002,keadaan,O
000200-002,Hamzah,B_PERSON
000200-002,",",O
000200-002,paman,O
000200-002,dan,O
000200-002,saudara,O
000200-002,susuan,O
000200-002,",",O
000200-002,Rasulullah,B_PERSON
000200-002,amat,O
000200-002,berduka,O
000200-002,.,O
000200-002,Tatkala,O
000200-002,bibi,O
000200-002,beliau,O
000200-002,",",O
000200-002,Shafiyah,B_PERSON
000200-002,hendak,O
000200-002,melihat,O
000200-002,jasad,O
000200-002,saudaranya,O
000200-002,",",O
000200-002,Hamzah,B_PERSON
000200-002,",",O
000200-002,maka,O
000200-002,beliau,O
000200-002,memerintahkan,O
000200-002,anaknya,O
000200-002,",",O
000200-002,Az-Zubair,O
000200-002,untuk,O
000200-002,mengalihkan,O
000200-002,agar,O
000200-002,tidak,O
000200-002,melihat,O
000200-002,apa,O
000200-002,yang,O
000200-002,menimpa,O
000200-002,jasad,O
000200-002,Hamzah,B_PERSON
000200-002,.,O
000200-002,"""",O
000200-002,Ada,O
000200-002,apa,O
000200-002,memangnya,O
000200-002,"?""",O
000200-002,tanya,O
000200-002,Shafiyah,B_PERSON
000200-002,",",O
000200-002,"""",O
000200-002,kudengar,O
000200-002,saudaraku,O
000200-002,itu,O
000200-002,banyak,O
000200-002,mendapat,O
000200-002,luka,O
000200-002,",",O
000200-002,dan,O
000200-002,itu,O
000200-002,terjadi,O
000200-002,karena,O
000200-002,Allah,O
000200-002,.,O
000200-002,Kami,O
000200-002,ridha,O
000200-002,sekalipun,O
000200-002,keadaan,O
000200-002,sedemikian,O
000200-002,rupa,O
000200-002,.,O
000200-002,Aku,O
000200-002,akan,O
000200-002,tabah,O
000200-002,dan,O
000200-002,sabar,O
000200-002,insya,O
000200-002,Allah,O
000200-002,".""",O
000200-002,Lalu,O
000200-002,dia,O
000200-002,mendekati,O
000200-002,jasad,O
000200-002,Hamzah,B_PERSON
000200-002,",",O
000200-002,memandanginya,O
000200-002,lalu,O
000200-002,berdoa,O
000200-002,baginya,O
000200-002,.,O
000200-002,Setelah,O
000200-002,itu,O
000200-002,dia,O
000200-002,mundur,O
000200-002,dan,O
000200-002,memohon,O
000200-002,ampun,O
000200-002,baginya,O
000200-002,.,O
000200-002,Rasulullah,B_PERSON
000200-002,memerintahkan,O
000200-002,agar,O
000200-002,jasad,O
000200-002,Hamzah,B_PERSON
000200-002,dikubur,O
000200-002,satu,O
000200-002,liang,O
000200-002,dengan,O
000200-002,jasad,O
000200-002,Abdullah,B_PERSON
000200-002,bin,I_PERSON
000200-002,Jahsy,I_PERSON
000200-002,",",O
000200-002,keponakannya,O
000200-002,dan,O
000200-002,saudara,O
000200-002,sesusuan,O
000200-002,.,O
000200-002,Ibnu,B_PERSON
000200-002,Mas'ud,I_PERSON
000200-002,berkata,O
000200-002,",",O
000200-002,kami,O
000200-002,tidak,O
000200-002,pernah,O
000200-002,melihat,O
000200-002,Rasulullah,B_PERSON
000200-002,dalam,O
000200-002,keadaan,O
000200-002,menangis,O
000200-002,lebih,O
000200-002,sesegukan,O
000200-002,daripada,O
000200-002,tangisannya,O
000200-002,atas,O
000200-002,Hamzah,B_PERSON
000200-002,bin,I_PERSON
000200-002,Abdul,B_PERSON
000200-002,Muththalib,I_PERSON
000200-002,.,O
000200-002,Beliau,O
000200-002,memeluknya,O
000200-002,kemudian,O
000200-002,berdiri,O
000200-002,di,O
000200-002,sampingnya,O
000200-002,.,O
000200-002,Beliau,O
000200-002,menangis,O
000200-002,lagi,O
000200-002,hingga,O
000200-002,terisak-isak,O
000200-002,".""",O
000200-002,191,O
000200-002,Zadul-Ma'ad,O
000200-002,",",O
000200-002,2/94,O
000200-002,Pemandangan,O
000200-002,para,O
000200-002,syuhada,O
000200-002,benar-benar,O
000200-002,sangat,O
000200-002,mengenaskan,O
000200-002,dan,O
000200-002,membuat,O
000200-002,hati,O
000200-002,teriris-iris,O
000200-002,.,O
000200-003,Beliau,O
000200-003,menangis,O
000200-003,lagi,O
000200-003,hingga,O
000200-003,terisak-isak,O
000200-003,".""",O
000200-003,191,O
000200-003,Zadul-Ma'ad,O
000200-003,",",O
000200-003,2/94,O
000200-003,Pemandangan,O
000200-003,para,O
000200-003,syuhada,O
000200-003,benar-benar,O
000200-003,sangat,O
000200-003,mengenaskan,O
000200-003,dan,O
000200-003,membuat,O
000200-003,hati,O
000200-003,teriris-iris,O
000200-003,.,O
000200-003,Khabbab,B_LOCATION
000200-003,berkata,O
000200-003,",",O
000200-003,"""",O
000200-003,Tidak,O
000200-003,ada,O
000200-003,kafan,O
000200-003,bagi,O
000200-003,Hamzah,B_PERSON
000200-003,selain,O
000200-003,selembar,O
000200-003,mantel,O
000200-003,yang,O
000200-003,berwarna,O
000200-003,putih,O
000200-003,bercampur,O
000200-003,hitam,O
000200-003,.,O
000200-003,Jika,O
000200-003,mantel,O
000200-003,itu,O
000200-003,ditarik,O
000200-003,ke,O
000200-003,bagian,O
000200-003,pala,O
000200-003,",",O
000200-003,maka,O
000200-003,kakinya,O
000200-003,menyembul,O
000200-003,",",O
000200-003,dan,O
000200-003,jika,O
000200-003,ditarik,O
000200-003,ke,O
000200-003,bagian,O
000200-003,kaki,O
000200-003,",",O
000200-003,maka,O
000200-003,kepalanya,O
000200-003,yang,O
000200-003,menyembul,O
000200-003,.,O
000200-003,Akhirnya,O
000200-003,mantel,O
000200-003,itu,O
000200-003,ditarik,O
000200-003,menutupi,O
000200-003,kepala,O
000200-003,dan,O
000200-003,kakinya,O
000200-003,ditutupi,O
000200-003,dengan,O
000200-003,Abdurrahman,B_PERSON
000200-003,bin,I_PERSON
000200-003,Auf,I_PERSON
000200-003,berkata,O
000200-003,",",O
000200-003,"""",O
000200-003,Mush'ab,B_PERSON
000200-003,bin,I_PERSON
000200-003,Umair,I_PERSON
000200-003,terbunuh,O
000200-003,",",O
000200-003,padahal,O
000200-003,dia,O
000200-003,lebih,O
000200-003,baik,O
000200-003,daripada,O
000200-003,aku,O
000200-003,.,O
000200-003,Dia,O
000200-003,dikafani,O
000200-003,dengan,O
000200-003,mantel,O
000200-003,.,O
000200-003,Jika,O
000200-003,bagian,O
000200-003,kepalanya,O
000200-003,ditutupi,O
000200-003,",",O
000200-003,maka,O
000200-003,kakinya,O
000200-003,menyembul,O
000200-003,",",O
000200-003,dan,O
000200-003,jika,O
000200-003,kakinya,O
000200-003,yang,O
000200-003,ditutupi,O
000200-003,",",O
000200-003,maka,O
000200-003,kepalanya,O
000200-003,yang,O
000200-003,menyembul,O
000200-003,".""",O
000200-003,Riwayat,O
000200-003,serupa,O
000200-003,juga,O
000200-003,berlaku,O
000200-003,bagi,O
000200-003,Khabbab,B_LOCATION
000200-003,Dalam,O
000200-003,keadaan,O
000200-003,seperti,O
000200-003,ini,O
000200-003,Rasulullah,B_PERSON
000200-003,bersabda,O
000200-003,kepada,O
000200-003,kami,O
000200-003,",",O
000200-003,"""",O
000200-003,Tutuplah,O
000200-003,mantel,O
000200-003,itu,O
000200-003,ke,O
000200-003,bagian,O
000200-003,kepalanya,O
000200-003,dan,O
000200-003,tutupkan,O
000200-003,dedaunan,O
000200-003,ke,O
000200-003,bagian,O
000202-001,Seusai,O
000202-001,mengubur,O
000202-001,para,O
000202-001,syuhada',O
000202-001,",",O
000202-001,berdoa,O
000202-001,kepada,O
000202-001,Allah,O
000202-001,",",O
000202-001,dan,O
000202-001,pasrah,O
000202-001,kepada-,O
000202-001,194,O
000202-001,Diriwayatkan,O
000202-001,Al-Bukhari,O
000202-001,di,O
000202-001,dalam,O
000202-001,Al-Adabul-Mufrad,O
000202-001,",",O
000202-001,dan,O
000202-001,Al-Imam,O
000202-001,Ahmad,O
000202-001,di,O
000202-001,dalam,O
000202-001,Musnad-,O
000202-001,nya,O
000202-001,",",O
000202-001,3/424,O
000202-001,.,O
000202-001,Nya,O
000202-001,",",O
000202-001,Rasulullah,B_PERSON
000202-001,kembali,O
000202-001,ke,O
000202-001,Madinah,B_LOCATION
000202-001,.,O
000202-001,Di,O
000202-001,sini,O
000202-001,terlihat,O
000202-001,butir-butir,O
000202-001,dan,O
000202-001,kasih,O
000202-001,sayang,O
000202-001,dari,O
000202-001,para,O
000202-001,wanita,O
000202-001,Mukminah,O
000202-001,",",O
000202-001,seperti,O
000202-001,kecintaan,O
000202-001,yang,O
000202-001,ditampakkan,O
000202-001,orang-,O
000202-001,orang,O
000202-001,Mukmin,O
000202-001,di,O
000202-001,kancah,O
000202-001,peperangan,O
000202-001,.,O
000202-001,Di,O
000202-001,tengah,O
000202-001,perjalanan,O
000202-001,beliau,O
000202-001,berpapasan,O
000202-001,dengan,O
000202-001,Hamnah,B_PERSON
000202-001,binti,I_PERSON
000202-001,Jahsy,I_PERSON
000202-001,.,O
000202-001,Setelah,O
000202-001,kematian,O
000202-001,saudaranya,O
000202-001,dikabarkan,O
000202-001,kepadanya,O
000202-001,",",O
000202-001,dia,O
000202-001,berucap,O
000202-001,",",O
000202-001,"""",O
000202-001,Inna,O
000202-001,lillahi,O
000202-001,...,O
000202-001,Lalu,O
000202-001,memohon,O
000202-001,ampunan,O
000202-001,baginya,O
000202-001,.,O
000202-001,Dia,O
000202-001,berbuat,O
000202-001,hal,O
000202-001,serupa,O
000202-001,tatkala,O
000202-001,dikabarkan,O
000202-001,kematian,O
000202-001,pamannya,O
000202-001,",",O
000202-001,Hamzah,B_PERSON
000202-001,bin,I_PERSON
000202-001,Abdul,I_PERSON
000202-001,Muththalib,I_PERSON
000202-001,.,O
000202-001,Ketika,O
000202-001,dikabarkan,O
000202-001,kematian,O
000202-001,suaminya,O
000202-001,",",O
000202-001,Mush'ab,B_PERSON
000202-001,bin,I_PERSON
000202-001,Umair,B_PERSON
000202-001,",",O
000202-001,maka,O
000202-001,dia,O
000202-001,menjerit,O
000202-001,dengan,O
000202-001,suara,O
000202-001,keras,O
000202-001,Saat,O
000202-001,itu,O
000202-001,beliau,O
000202-001,bersabda,O
000202-001,",",O
000202-001,"""",O
000202-001,Sesungguhnya,O
000202-001,suami,O
000202-001,wanita,O
000202-001,itu,O
000202-001,mempunyai,O
000202-001,tempat,O
000202-001,tersendiri,O
000202-001,di,O
000202-001,hatinya,O
000202-001,".""",O
000202-001,Di,O
000202-001,tengah,O
000202-001,perjalanan,O
000202-001,beliau,O
000202-001,juga,O
000202-001,berpapasan,O
000202-001,dengan,O
000202-001,seorang,O
000202-001,wanita,O
000202-001,dari,O
000202-001,Bani,O
000202-001,Dinar,O
000202-001,",",O
000202-001,yang,O
000202-001,suami,O
000202-001,",",O
000202-001,saudaranya,O
000202-001,dan,O
000202-001,ayahnya,O
000202-001,terbunuh,O
000202-001,dalam,O
000202-001,Perang,B_EVENT
000202-001,Uhud,I_EVENT
000202-001,.,O
000202-001,Saat,O
000202-001,orang-orang,O
000202-001,memberitahukan,O
000202-001,kematian,O
000202-001,mereka,O
000202-001,",",O
000202-001,wanita,O
000202-001,ini,O
000202-001,justru,O
000202-001,bertanya,O
000202-001,",",O
000202-001,"""",O
000202-001,Lalu,O
000202-001,apa,O
000202-001,yang,O
000202-001,terjadi,O
000202-001,pada,O
000202-001,diri,O
000202-001,Rasulullah,B_PERSON
000202-001,"?""",O
000202-001,"""",O
000202-001,Beliau,O
000202-001,baik-baik,O
000202-001,saja,O
000202-001,wahai,O
000202-001,Ummu,B_PERSON
000202-001,Fulan,I_PERSON
000202-001,.,O
000202-001,Beliau,O
000202-001,membawa,O
000202-001,puji,O
000202-001,bagi,O
000202-001,Allah,O
000202-001,seperti,O
000202-001,yang,O
000202-001,engkau,O
000202-001,inginkan,O
000202-001,",""",O
000202-001,jawab,O
000202-001,mereka,O
000202-001,.,O
000202-001,"""",O
000202-001,Tunjukkan,O
000202-001,kepadaku,O
000202-001,agar,O
000202-001,aku,O
000202-001,bisa,O
000202-001,melihat,O
000202-001,beliau,O
000202-001,",""",O
000202-001,pintanya,O
000202-001,.,O
000202-001,Ketika,O
000202-001,wanita,O
000202-001,itu,O
000202-001,sudah,O
000202-001,melihat,O
000202-001,beliau,O
000202-001,",",O
000202-001,maka,O
000202-001,dia,O
000202-001,berkata,O
000202-001,",",O
000202-001,"""",O
000202-001,Setiap,O
000202-001,musibah,O
000202-001,asal,O
000202-001,tidak,O
000202-001,menimpa,O
000202-001,engkau,O
000202-001,adalah,O
000202-001,Lalu,O
000202-001,datang,O
000202-001,Ummu,B_PERSON
000202-001,Sa'd,B_PERSON
000202-001,bin,I_PERSON
000202-001,Mu'adz,I_PERSON
000202-001,sambil,O
000202-001,berlari-lari,O
000202-001,",",O
000202-001,sementara,O
000202-001,Sa'd,B_PERSON
000202-001,sedang,O
000202-001,memegang,O
000202-001,tali,O
000202-001,kekang,O
000202-001,kuda,O
000202-001,beliau,O
000202-001,.,O
000202-002,Ketika,O
000202-002,wanita,O
000202-002,itu,O
000202-002,sudah,O
000202-002,melihat,O
000202-002,beliau,O
000202-002,",",O
000202-002,maka,O
000202-002,dia,O
000202-002,berkata,O
000202-002,",",O
000202-002,"""",O
000202-002,Setiap,O
000202-002,musibah,O
000202-002,asal,O
000202-002,tidak,O
000202-002,menimpa,O
000202-002,engkau,O
000202-002,adalah,O
000202-002,Lalu,O
000202-002,datang,O
000202-002,Ummu,B_PERSON
000202-002,Sa'd,I_PERSON
000202-002,bin,I_PERSON
000202-002,Mu'adz,I_PERSON
000202-002,sambil,O
000202-002,berlari-lari,O
000202-002,",",O
000202-002,sementara,O
000202-002,Sa'd,O
000202-002,sedang,O
000202-002,memegang,O
000202-002,tali,O
000202-002,kekang,O
000202-002,kuda,O
000202-002,beliau,O
000202-002,.,O
000202-002,Sa'd,O
000202-002,berkata,O
000202-002,",",O
000202-002,"""",O
000202-002,Wahai,O
000202-002,Rasulullah,B_PERSON
000202-002,",",O
000202-002,itu,O
000202-002,adalah,O
000202-002,ibuku,O
000202-002,".""",O
000202-002,"""",O
000202-002,Selamat,O
000202-002,atas,O
000202-002,kedatangannya,O
000202-002,",""",O
000202-002,sabda,O
000202-002,beliau,O
000202-002,.,O
000202-002,Lalu,O
000202-002,beliau,O
000202-002,berdiri,O
000202-002,sendiri,O
000202-002,untuk,O
000202-002,menyongsongnya,O
000202-002,.,O
000202-002,Setelah,O
000202-002,dia,O
000202-002,dekat,O
000202-002,",",O
000202-002,Amr,B_PERSON
000202-002,bin,I_PERSON
000202-002,Mu'adz,I_PERSON
000202-002,",",O
000202-002,anaknya,O
000202-002,yang,O
000202-002,lain,O
000202-002,berusaha,O
000202-002,menghiburnya,O
000202-002,.,O
000202-002,Namun,O
000202-002,Ummu,B_PERSON
000202-002,Sa'd,I_PERSON
000202-002,berkata,O
000202-002,kepada,O
000202-002,Rasulullah,B_PERSON
000202-002,.,O
000202-002,"""",O
000202-002,Selagi,O
000202-002,kulihat,O
000202-002,engkau,O
000202-002,selamat,O
000202-002,",",O
000202-002,maka,O
000202-002,musibah,O
000202-002,yang,O
000202-002,menimpa,O
000202-002,kuanggap,O
000202-002,ringan,O
000202-002,".""",O
000202-002,Kemudian,O
000202-002,beliau,O
000202-002,berdoa,O
000202-002,untuk,O
000202-002,keluarga,O
000202-002,para,O
000202-002,korban,O
000202-002,Perang,B_EVENT
000202-002,Uhud,I_EVENT
000202-002,Lalu,O
000202-002,beliau,O
000202-002,bersabda,O
000202-002,",",O
000202-002,"""",O
000202-002,Wahai,O
000202-002,Ummu,B_PERSON
000202-002,Sa'd,B_PERSON
000202-002,",",O
000202-002,bergembiralah,O
000202-002,dan,O
000202-002,sampaikanlah,O
000202-002,kabar,O
000202-002,gembira,O
000202-002,kepada,O
000202-002,keluarga,O
000202-002,mereka,O
000202-002,",",O
000202-002,bahwa,O
000202-002,mereka,O
000202-002,yang,O
000202-002,terbunuh,O
000202-002,saling,O
000202-002,menyayangi,O
000202-002,di,O
000202-002,surga,O
000202-002,semuanya,O
000202-002,",",O
000202-002,dan,O
000202-002,mereka,O
000202-002,juga,O
000202-002,memintakan,O
000202-002,syafaat,O
000202-002,bagi,O
000202-002,keluarga,O
000202-002,mereka,O
000202-002,semua,O
000202-002,".""",O
000202-002,Ummu,B_PERSON
000202-002,Sa'd,O
000202-002,berkata,O
000202-002,",",O
000202-002,"""",O
000202-002,Kami,O
000202-002,ridha,O
000202-002,wahai,O
000202-002,Rasulullah,B_PERSON
000202-002,.,O
000202-002,Siapakah,O
000202-002,yang,O
000202-002,masih,O
000202-002,ingin,O
000202-002,menangis,O
000202-002,setelah,O
000202-002,ini,O
000202-002,"?""",O
000202-002,Lalu,O
000202-002,dia,O
000202-002,berkata,O
000202-002,lagi,O
000202-002,",",O
000202-002,"""",O
000202-002,Wahai,O
000202-002,Rasulullah,B_PERSON
000202-002,",",O
000202-002,berdoalah,O
000202-002,bagi,O
000202-002,orang-orang,O
000202-002,yang,O
000202-002,menggantikan,O
000202-002,keluarga,O
000202-002,mereka,O
000202-002,".""",O
000202-002,195,O
000202-002,Sirah,O
000202-002,An-Nabawiyah,O
000202-002,",",O
000202-002,Ibnu,B_PERSON
000202-002,Hisyam,I_PERSON
000202-002,",",O
000202-002,2/99,O
000202-002,Beliau,O
000202-002,bersabda,O
000202-002,",",O
000202-002,"""",O
000202-002,Ya,O
000202-002,Allah,O
000202-002,",",O
000202-002,singkirkanlah,O
000202-002,duka,O
000202-002,hati,O
000202-002,mereka,O
000202-002,",",O
000202-002,gantilah,O
000202-002,yang,O
000202-002,hilang,O
000202-002,dan,O
000202-002,baguskanlah,O
000202-002,orang-orang,O
000202-002,yang,O
000202-002,menggantikan,O
000204-001,Beberapa,O
000204-001,riwayat,O
000204-001,telah,O
000204-001,sepakat,O
000204-001,menyebutkan,O
000204-001,bahwa,O
000204-001,korban,O
000204-001,yang,O
000204-001,mati,O
000204-001,di,O
000204-001,pihak,O
000204-001,orang-orang,O
000204-001,Muslim,O
000204-001,ada,O
000204-001,70,O
000204-001,orang,O
000204-001,",",O
000204-001,yang,O
000204-001,kebanyakan,O
000204-001,berasal,O
000204-001,dari,O
000204-001,kalangan,O
000204-001,Anshar,O
000204-001,",",O
000204-001,tepatnya,O
000204-001,sebanyak,O
000204-001,64,O
000204-001,dari,O
000204-001,Aus,O
000204-001,.,O
000204-001,Sementara,O
000204-001,dari,O
000204-001,kalangan,O
000204-001,Yahudi,O
000204-001,ada,O
000204-001,satu,O
000204-001,orang,O
000204-001,yang,O
000204-001,terbunuh,O
000204-001,.,O
000204-001,Sedangkan,O
000204-001,dari,O
000204-001,kalangan,O
000204-001,Muhajirin,O
000204-001,hanya,O
000204-001,empat,O
000204-001,orang,O
000204-001,.,O
000204-001,Sedangkan,O
000204-001,korban,O
000204-001,yang,O
000204-001,terbunuh,O
000204-001,dari,O
000204-001,pihak,O
000204-001,orang-orang,O
000204-001,musyrik,O
000204-001,menurut,O
000204-001,Ibnu,B_PERSON
000204-001,Ishaq,I_PERSON
000204-001,ada,O
000204-001,20,O
000204-001,orang,O
000204-001,.,O
000204-001,Tetapi,O
000204-001,setelah,O
000204-001,penelusuran,O
000204-001,yang,O
000204-001,lebih,O
000204-001,mendetail,O
000204-001,dengan,O
000204-001,mempertimbangkan,O
000204-001,kondisi,O
000204-001,peperangan,O
000204-001,saat,O
000204-001,itu,O
000204-001,",",O
000204-001,dan,O
000204-001,hal,O
000204-001,ini,O
000204-001,juga,O
000204-001,dikuatkan,O
000204-001,beberapa,O
000204-001,pakar,O
000204-001,biografi,O
000204-001,dan,O
000204-001,peperangan,O
000204-001,",",O
000204-001,ternyata,O
000204-001,korban,O
000204-001,di,O
000204-001,pihak,O
000204-001,mereka,O
000204-001,ada,O
000204-001,37,O
000206-004,Apa,O
000206-004,yang,O
000206-004,kau,O
000206-004,katakan,O
000206-004,ini,O
000206-004,"?""",O
000206-004,tanya,O
000206-004,Abu,B_PERSON
000206-004,Sufyan,I_PERSON
000206-004,.,O
000206-004,Demi,O
000206-004,Allah,O
000206-004,",",O
000206-004,menurut,O
000206-004,pendapatku,O
000206-004,",",O
000206-004,lebih,O
000206-004,baik,O
000206-004,kalian,O
000206-004,segera,O
000206-004,pulang,O
000206-004,sebelum,O
000206-004,dia,O
000206-004,memergoki,O
000206-004,buntut,O
000206-004,pasukan,O
000206-004,ini,O
000206-004,".""",O
000206-004,-Demi,O
000206-004,Allah,O
000206-004,",",O
000206-004,sebenarnya,O
000206-004,kami,O
000206-004,sudah,O
000206-004,sepakat,O
000206-004,untuk,O
000206-004,kembali,O
000206-004,lagi,O
000206-004,menyerang,O
000206-004,mereka,O
000206-004,hingga,O
000206-004,kami,O
000206-004,dapat,O
000206-004,membinasakan,O
000206-004,mereka,O
000206-004,",""",O
000206-004,kata,O
000206-004,Abu,B_PERSON
000206-004,Sufyan,I_PERSON
000206-004,"""",O
000206-004,Jangan,O
000206-004,lakukan,O
000206-004,itu,O
000206-004,.,O
000206-004,Inilah,O
000206-004,nasihatku,O
000206-004,",""",O
000206-004,kata,O
000206-004,Ma'bad,O
000206-004,Seketika,O
000206-004,itu,O
000206-004,tekad,O
000206-004,pasukan,O
000206-004,Quraisy,O
000206-004,menjadi,O
000206-004,melempem,O
000206-004,.,O
000206-004,Mereka,O
000206-004,tidak,O
000206-004,lagi,O
000206-004,bersemangat,O
000206-004,dan,O
000206-004,bahkan,O
000206-004,ada,O
000206-004,kekhawatiran,O
000206-004,.,O
000206-004,Maka,O
000206-004,tidak,O
000206-004,ada,O
000206-004,pilihan,O
000206-004,lain,O
000206-004,kecuali,O
000206-004,segera,O
000206-004,kembali,O
000206-004,ke,O
000206-004,Makkah,B_LOCATION
000206-004,.,O
000206-004,Ma'bad,O
000206-004,berharap,O
000206-004,dapat,O
000206-004,mengusir,O
000206-004,pasukan,O
000206-004,Quraisy,O
000206-004,",",O
000206-004,sekalipun,O
000206-004,Abu,B_PERSON
000206-004,Sufyan,I_PERSON
000206-004,sudah,O
000206-004,bertekad,O
000206-004,bulat,O
000206-004,untuk,O
000206-004,menghabisi,O
000206-004,pasukan,O
000206-004,Islam,O
000206-004,.,O
000206-004,Karena,O
000206-004,dengan,O
000206-004,begitu,O
000206-004,dia,O
000206-004,bisa,O
000206-004,menggagalkan,O
000206-004,pecahnya,O
000206-004,pertempuran,O
000206-004,kedua,O
000206-004,belah,O
000206-004,pihak,O
000206-004,.,O
000206-004,Dalam,O
000206-004,perjalanan,O
000206-004,pulang,O
000206-004,ke,O
000206-004,Makkah,B_LOCATION
000206-004,",",O
000206-004,Abu,B_PERSON
000206-004,Sufyan,I_PERSON
000206-004,berpapasan,O
000206-004,dengan,O
000206-004,rombongan,O
000206-004,Abdul,B_PERSON
000206-004,Qais,I_PERSON
000206-004,yang,O
000206-004,hendak,O
000206-004,pergi,O
000206-004,ke,O
000206-004,Madinah,B_LOCATION
000206-004,.,O
000206-004,"""",O
000206-004,Apakah,O
000206-004,kalian,O
000206-004,sudi,O
000206-004,menyampaikan,O
000206-004,suratku,O
000206-004,kepada,O
000206-004,Muhammad,B_PERSON
000206-004,"?""",O
000206-004,tanya,O
000206-004,Abu,B_PERSON
000206-004,Sufyan,I_PERSON
000206-004,.,O
000206-004,Lalu,O
000206-004,dia,O
000206-004,berkata,O
000206-004,lagi,O
000206-004,",",O
000206-004,"""",O
000206-004,Sekembali,O
000206-004,kalian,O
000206-004,dari,O
000206-004,Makkah,B_LOCATION
000206-004,kami,O
000206-004,akan,O
000206-004,memberikan,O
000206-004,kismis,B_PERSON
000206-004,pasar,O
000206-004,Ukazh,B_PERSON
000206-004,kepada,O
000206-004,rombongan,O
000206-004,kalian,O
000206-004,".""",O
000206-004,"""",O
000206-004,Bolehlah,O
000206-004,",""",O
000206-004,kata,O
000206-004,mereka,O
000206-004,.,O
000206-004,Abu,B_PERSON
000206-004,Sufyan,I_PERSON
000206-004,berkata,O
000206-004,",",O
000206-004,"""",O
000206-004,Sampaikan,O
000206-004,juga,O
000206-004,kepada,O
000206-004,Muhammad,B_PERSON
000206-004,bahwa,O
000206-004,aku,O
000206-004,telah,O
000206-004,menghimpun,O
000206-004,sekian,O
000206-004,banyak,O
000206-004,orang,O
000206-004,untuk,O
000206-004,menghabisinya,O
000206-004,dan,O
000206-004,menghabisi,O
000206-004,rekan-rekannya,O
000206-004,".""""",O
000206-004,Setelah,O
000206-004,bertemu,O
000206-004,dengan,O
000206-004,Rasulullah,B_PERSON
000206-004,dan,O
000206-004,para,O
000206-004,sahabat,O
000206-004,yang,O
000206-004,masih,O
000206-004,berada,O
000206-004,di,O
000206-004,Hamra'ul,I_PERSON
000206-004,Asad,I_PERSON
000206-004,",",O
000206-004,rombongan,O
000206-004,Abdul,I_PERSON
000206-004,Qais,I_PERSON
000206-004,menyampaikan,O
000206-004,pesan,O
000206-004,Abu,B_PERSON
000206-004,Sufyan,I_PERSON
000206-004,kepada,O
000206-004,beliau,O
000206-004,.,O
000206-007,Keduanya,O
000206-007,dapat,O
000206-007,menyusul,O
000206-007,Mu,O
000206-007,awiyah,O
000206-007,lalu,O
000206-007,membunuhnya,O
000206-007,.,O
000206-007,199,O
000206-007,Yang,O
000206-007,pasti,O
000206-007,",",O
000206-007,Perang,B_EVENT
000206-007,Hamra'ul,I_EVENT
000206-007,Asad,O
000206-007,ini,O
000206-007,bukan,O
000206-007,merupakan,O
000206-007,peperangan,O
000206-007,yang,O
000206-007,berdiri,O
000206-007,sendiri,O
000206-007,",",O
000206-007,tetapi,O
000206-007,merupakan,O
000206-007,bagian,O
000206-007,dari,O
000206-007,Perang,B_EVENT
000206-007,Uhud,I_EVENT
000206-007,dan,O
000206-007,kelanjutannya,O
000206-007,.,O
000206-007,Itulah,O
000206-007,Perang,B_EVENT
000206-007,Uhud,I_EVENT
000206-007,dengan,O
000206-007,seluruh,O
000206-007,tahapan,O
000206-007,dan,O
000206-007,rinciannya,O
000206-007,.,O
000206-007,Para,O
000206-007,pengkaji,O
000206-007,telah,O
000206-007,menguraikan,O
000206-007,peristiwa,O
000206-007,ini,O
000206-007,panjang,O
000206-007,lebar,O
000206-007,.,O
000206-007,Lalu,O
000206-007,pihak,O
000206-007,manakah,O
000206-007,yang,O
000206-007,bisa,O
000206-007,dikatakan,O
000206-007,kalah,O
000206-007,atau,O
000206-007,menang,O
000206-007,?,O
000206-007,Yang,O
000206-007,pasti,O
000206-007,",",O
000206-007,pada,O
000206-007,putaran,O
000206-007,kedua,O
000206-007,pasukan,O
000206-007,Quraisy,O
000206-007,lebih,O
000206-007,unggul,O
000206-007,dan,O
000206-007,mereka,O
000206-007,bisa,O
000206-007,menguasai,O
000206-007,keadaan,O
000206-007,.,O
000206-007,Sementara,O
000206-007,jumlah,O
000206-007,korban,O
000206-007,di,O
000206-007,pasukan,O
000206-007,Islam,O
000206-007,juga,O
000206-007,lebih,O
000206-007,banyak,O
000206-007,serta,O
000206-007,lebih,O
000206-007,parah,O
000206-007,.,O
000206-007,Bahkan,O
000206-007,ada,O
000206-007,satu,O
000206-007,kelompok,O
000206-007,pasukan,O
000206-007,Muslimin,O
000206-007,yang,O
000206-007,kalah,O
000206-007,total,O
000206-007,.,O
000206-007,Tetapi,O
000206-007,semua,O
000206-007,ini,O
000206-007,belum,O
000206-007,cukup,O
000206-007,bagi,O
000206-007,kita,O
000206-007,199,O
000206-007,Pembahasan,O
000206-007,tentang,O
000206-007,Perang,B_EVENT
000206-007,Uhud,I_EVENT
000206-007,dan,O
000206-007,Hamra'ul,B_PERSON
000206-007,Asad,O
000206-007,ini,O
000206-007,kami,O
000206-007,kutip,O
000206-007,dari,O
000206-007,Sirah,O
000206-007,An-Nabawiyah,O
000206-007,.,O
000206-007,Ibnu,B_PERSON
000206-007,Hisyam,I_PERSON
000206-007,",",O
000206-007,2/60-129,O
000206-007,;,O
000206-007,Zadul-Ma'ad,O
000206-007,",",O
000206-007,2/91-108,O
000206-007,;,O
000206-007,Fathul-Bari,O
000206-007,",",O
000206-007,7/345-377,O
000206-007,;,O
000206-007,Mukhtashar,O
000206-007,Siratir-Rasul,O
000206-007,",",O
000206-007,Syaikh,O
000206-007,Abdullah,B_PERSON
000206-007,An-Najdi,O
000206-007,",",O
000206-007,hal,O
000206-007,.,O
000206-007,242-257,O
000206-007,.,O
000206-007,Kami,O
000206-007,juga,O
000206-007,menulisnya,O
000206-007,dari,O
000206-007,rujukan-rujukan,O
000206-007,yang,O
000206-007,lain,O
000206-007,.,O
000206-007,untuk,O
000206-007,beranggapan,O
000206-007,bahwa,O
000206-007,ini,O
000206-007,sudah,O
000206-007,mencerminkan,O
000206-007,kemenangan,O
000206-007,bagi,O
000206-007,pasukan,O
000206-007,Quraisy,O
000206-007,.,O
000206-007,Yang,O
000206-007,tidak,O
000206-007,dapat,O
000206-007,diragukan,O
000206-007,",",O
000206-007,pasukan,O
000206-007,Quraisy,O
000206-007,tidak,O
000206-007,mampu,O
000206-007,melibas,O
000206-007,pasukan,O
000206-007,Muslimin,O
000206-007,.,O
000206-007,Sekalipun,O
000206-007,pasukan,O
000206-007,Muslimin,O
000206-007,sempat,O
000206-007,kacau,O
000206-007,balau,O
000206-007,",",O
000206-007,tetapi,O
000206-007,hampir,O
000206-007,mereka,O
000206-007,semua,O
000206-007,tidak,O
000206-007,melarikan,O
000206-007,diri,O
000206-007,.,O
000206-007,Mereka,O
000206-007,terus,O
000206-007,bertempur,O
000206-007,dengan,O
000206-007,gagah,O
000206-007,berani,O
000206-007,hingga,O
000206-007,dapat,O
000206-007,berhimpun,O
000206-007,kembali,O
000206-007,dengan,O
000206-007,komandan,O
000206-007,pasukan,O
000206-007,.,O
000206-007,Mereka,O
000206-007,sama,O
000206-007,sekali,O
000206-007,tidak,O
000206-007,jatuh,O
000206-007,ke,O
000206-007,tangan,O
000206-007,pasukan,O
000206-007,Quraisy,O
000206-007,dan,O
000206-007,tak,O
000206-007,seorang,O
000206-007,pun,O
000206-007,di,O
000206-007,antara,O
000206-007,mereka,O
000206-007,yang,O
000206-007,tertawan,O
000206-007,.,O
000206-007,Di,O
000206-007,samping,O
000206-007,itu,O
000206-007,",",O
000206-007,pasukan,O
000206-007,Quraisy,O
000206-007,tak,O
000206-007,mendapatkan,O
000206-007,barang,O
000206-007,rampasan,O
000206-007,walau,O
000206-007,sedikit,O
000206-007,pun,O
000206-007,.,O
000207-002,"""",O
000207-002,(,O
000207-002,Ali-Imran,B_PERSON
000207-002,:,O
000207-002,121,O
000207-002,),O
000207-002,Kesudahan,O
000207-002,ayat-ayat,O
000207-002,ini,O
000207-002,merupakan,O
000207-002,catatan,O
000207-002,menyeluruh,O
000207-002,dari,O
000207-002,hasil,O
000207-002,peperangan,O
000207-002,dan,O
000207-002,hikmahnya,O
000207-002,.,O
000207-002,Allah,O
000207-002,berfirman,O
000207-002,",",O
000207-002,i,O
000207-002,i,O
000207-002,"""",O
000207-002,Allah,O
000207-002,sekali-kali,O
000207-002,tidak,O
000207-002,akan,O
000207-002,membiarkan,O
000207-002,orang-orang,O
000207-002,yang,O
000207-002,beriman,O
000207-002,dalam,O
000207-002,keadaan,O
000207-002,kamu,O
000207-002,sekarang,O
000207-002,ini,O
000207-002,",",O
000207-002,sehingga,O
000207-002,Dia,O
000207-002,menyisihkan,O
000207-002,yang,O
000207-002,buruk,O
000207-002,(,O
000207-002,munafik,O
000207-002,),O
000207-002,dari,O
000207-002,yang,O
000207-002,baik,O
000207-002,(,O
000207-002,mukmin,O
000207-002,).,O
000207-002,Dan,O
000207-002,Allah,O
000207-002,sekali-kali,O
000207-002,tidak,O
000207-002,akan,O
000207-002,memperlihatkan,O
000207-002,kepada,O
000207-002,kamu,O
000207-002,hal-hal,O
000207-002,yang,O
000207-002,ghaib,O
000207-002,",",O
000207-002,akan,O
000207-002,tetapi,O
000207-002,Allah,O
000207-002,memilih,O
000207-002,siapa,O
000207-002,yang,O
000207-002,dikehendaki-Nya,O
000207-002,di,O
000207-002,antara,O
000207-002,rasul-rasulNya,O
000207-002,.,O
000207-002,Karena,O
000207-002,itu,O
000207-002,berimanlah,O
000207-002,kepada,O
000207-002,Allah,O
000207-002,dan,O
000207-002,rasul-rasulNya,O
000207-002,;,O
000207-002,dan,O
000207-002,jika,O
000207-002,kamu,O
000207-002,beriman,O
000207-002,dan,O
000207-002,bertakwa,O
000207-002,",",O
000207-002,maka,O
000207-002,bagimu,O
000207-002,pahala,O
000207-002,yang,O
000207-002,besar,O
000207-002,.,O
000207-002,"""",O
000207-002,(,O
000207-002,Ali,B_PERSON
000207-002,Imran,O
000207-002,:,O
000207-002,179,O
000207-002,),O
000212-003,meminta,O
000212-003,kesempatan,O
000212-003,kepada,O
000212-003,mereka,O
000212-003,untuk,O
000212-003,mendirikan,O
000212-003,shalat,O
000212-003,dua,O
000212-003,rakaat,O
000212-003,saja,O
000212-003,Permintaan,O
000212-003,ini,O
000212-003,mereka,O
000212-003,kabulkan,O
000212-003,.,O
000212-003,Setelah,O
000212-003,mengucapkan,O
000212-003,salam,O
000212-003,dia,O
000212-003,berkata,O
000212-003,sendiri,O
000212-003,",",O
000212-003,"""",O
000212-003,Demi,O
000212-003,Allah,O
000212-003,",",O
000212-003,kalau,O
000212-003,bukan,O
000212-003,karena,O
000212-003,mereka,O
000212-003,akan,O
000212-003,mengatakan,O
000212-003,bahwa,O
000212-003,aku,O
000212-003,sedang,O
000212-003,ketakutan,O
000212-003,",",O
000212-003,tentu,O
000212-003,aku,O
000212-003,akan,O
000212-003,shalat,O
000212-003,lebih,O
000212-003,banyak,O
000212-003,lagi,O
000212-003,".""",O
000212-003,Kemudian,O
000212-003,dia,O
000212-003,berkata,O
000212-003,dengan,O
000212-003,suara,O
000212-003,nyaring,O
000212-003,",",O
000212-003,"""",O
000212-003,Ya,O
000212-003,Allah,O
000212-003,",",O
000212-003,hitunglah,O
000212-003,bilangan,O
000212-003,mereka,O
000212-003,.,O
000212-003,binasakanlah,O
000212-003,mereka,O
000212-003,semua,O
000212-003,dan,O
000212-003,janganlah,O
000212-003,Engkau,O
000212-003,biarkan,O
000212-003,seorang,O
000212-003,pun,O
000212-003,di,O
000212-003,antara,O
000212-003,mereka,O
000212-003,tetap,O
000212-003,hidup,O
000212-003,".""",O
000212-003,Setelah,O
000212-003,itu,O
000212-003,dia,O
000212-003,melantumkan,O
000212-003,syair,O
000212-003,.,O
000212-003,Abu,B_PERSON
000212-003,Sufyan,I_PERSON
000212-003,menanyainya,O
000212-003,",",O
000212-003,"""",O
000212-003,Apakah,O
000212-003,engkau,O
000212-003,suka,O
000212-003,jika,O
000212-003,Muhammad,B_PERSON
000212-003,ada,O
000212-003,di,O
000212-003,tengah,O
000212-003,kami,O
000212-003,lalu,O
000212-003,lehernya,O
000212-003,kami,O
000212-003,tebas,O
000212-003,",",O
000212-003,sementara,O
000212-003,engkau,O
000212-003,bebas,O
000212-003,hidup,O
000212-003,di,O
000212-003,tengah,O
000212-003,keluargamu,O
000212-003,"?""",O
000212-003,Dia,O
000212-003,menjawab,O
000212-003,",",O
000212-003,"""",O
000212-003,Tidak,O
000212-003,",",O
000212-003,demi,O
000212-003,Allah,O
000212-003,.,O
000212-003,Aku,O
000212-003,tidak,O
000212-003,suka,O
000212-003,berada,O
000212-003,di,O
000212-003,tengah,O
000212-003,keluargaku,O
000212-003,",",O
000212-003,sementara,O
000212-003,Muhammad,B_PERSON
000212-003,di,O
000212-003,tempatnya,O
000212-003,terkena,O
000212-003,sebuah,O
000212-003,duri,O
000212-003,karena,O
000212-003,ulah,O
000212-003,kalian.',O
000212-003,Kemudian,O
000212-003,mereka,O
000212-003,menyalib,O
000212-003,tubuhnya,O
000212-003,dan,O
000212-003,membunuhnya,O
000212-003,serta,O
000212-003,menunjuk,O
000212-003,beberapa,O
000212-003,orang,O
000212-003,untuk,O
000212-003,menjaga,O
000212-003,jasadnya,O
000212-003,.,O
000212-003,Kemudian,O
000212-003,muncul,O
000212-003,Amr,I_PERSON
000212-003,bin,I_PERSON
000212-003,Umayyah,B_PERSON
000212-003,Adh-Dhamiri,O
000212-003,dan,O
000212-003,pada,O
000212-003,malam,O
000212-003,harinya,O
000212-003,dia,O
000212-003,dapat,O
000212-003,mengakali,O
000212-003,para,O
000212-003,penjaga,O
000212-003,",",O
000212-003,lalu,O
000212-003,membawa,O
000212-003,jasadnya,O
000212-003,untuk,O
000212-003,dikuburkan,O
000212-003,.,O
000212-003,Yang,O
000212-003,menangani,O
000212-003,eksekusi,O
000212-003,terhadap,O
000212-003,Khubaib,O
000212-003,adalah,O
000212-003,Uqbah,B_PERSON
000212-003,bin,I_PERSON
000212-003,Al-Harits,O
000212-003,",",O
000212-003,yang,O
000212-003,pada,O
000212-003,waktu,O
000212-003,Perang,B_EVENT
000212-003,Badr,I_EVENT
000212-003,",",O
000212-003,Khubaib,O
000212-003,telah,O
000212-003,membunuh,O
000212-003,ayahnya,O
000212-003,Uqbah,B_PERSON
000212-003,.,O
000212-003,Di,O
000212-003,dalam,O
000212-003,Ash-Shahih,I_PERSON
000212-003,disebutkan,O
000212-003,bahwa,O
000212-003,Khubaib,O
000212-003,adalah,O
000212-003,orang,O
000212-003,pertama,O
000212-003,yang,O
000212-003,mentradisikan,O
000212-003,shalat,O
000212-003,dua,O
000212-003,rakaat,O
000212-003,jika,O
000212-003,ada,O
000212-003,orang,O
000212-003,Muslim,O
000212-003,yang,O
000212-003,hendak,O
000212-003,dieksekusi,O
000212-003,.,O
000212-003,Sewaktu,O
000212-003,masih,O
000212-003,ditawan,O
000212-003,di,O
000212-003,penjara,O
000212-003,",",O
000212-003,dia,O
000212-003,terlihat,O
000212-003,sedang,O
000212-003,memakan,O
000212-003,setangkai,O
000212-003,buah,O
000212-003,anggur,O
000212-003,",",O
000212-003,padahal,O
000212-003,di,O
000212-003,Makkah,B_LOCATION
000212-003,saat,O
000212-003,itu,O
000212-003,tidak,O
000212-003,ada,O
000212-003,buah,O
000212-003,anggur,O
000212-003,.,O
000232-001,Setelah,O
000232-001,Rasululah,O
000232-001,merasa,O
000232-001,tenang,O
000232-001,berada,O
000232-001,di,O
000232-001,sana,O
000232-001,",",O
000232-001,tiba-tiba,O
000232-001,muncul,O
000232-001,Budail,B_PERSON
000232-001,bin,I_PERSON
000232-001,Warqa',I_PERSON
000232-001,Al-Khuza'y,O
000232-001,bersama,O
000232-001,beberapa,O
000232-001,orang,O
000232-001,dari,O
000232-001,Bani,O
000232-001,Khuza'ah,O
000232-001,Bani,O
000232-001,Khuza'ah,O
000232-001,biasa,O
000232-001,memberi,O
000232-001,nasihat,O
000232-001,kepada,O
000232-001,beliau,O
000232-001,.,O
000232-001,Budial,O
000232-001,berkata,O
000232-001,",",O
000232-001,"""",O
000232-001,Saat,O
000232-001,aku,O
000232-001,meninggalkan,O
000232-001,Ka'b,B_PERSON
000232-001,bin,I_PERSON
000232-001,Lu'ay,I_PERSON
000232-001,",",O
000232-001,mereka,O
000232-001,siap,O
000232-001,berangkat,O
000232-001,ke,O
000232-001,Hudaibiyah,B_EVENT
000232-001,dengan,O
000232-001,membawa,O
000232-001,pasukan,O
000232-001,.,O
000232-001,Mereka,O
000232-001,hendak,O
000232-001,memerangi,O
000232-001,engkau,O
000232-001,dan,O
000232-001,menghalangi,O
000232-001,engkau,O
000232-001,memasuki,O
000232-001,Masjidil,B_LOCATION
000232-001,Haram,I_LOCATION
000232-001,",""",O
000232-001,Rasulullah,B_PERSON
000232-001,bersabda,O
000232-001,",",O
000232-001,"""",O
000232-001,Sesungguhnya,O
000232-001,kami,O
000232-001,datang,O
000232-001,bukan,O
000232-001,untuk,O
000232-001,memerangi,O
000232-001,seseorang,O
000232-001,.,O
000232-001,Tetapi,O
000232-001,kami,O
000232-001,datang,O
000232-001,untuk,O
000232-001,melakukan,O
000232-001,umrah,O
000232-001,.,O
000232-001,Rupanya,O
000232-001,orang-orang,O
000232-001,Quraisy,O
000232-001,sudah,O
000232-001,semakin,O
000232-001,surut,O
000232-001,dan,O
000232-001,menjadi,O
000232-001,buta,O
000232-001,karena,O
000232-001,peperangan,O
000232-001,.,O
000232-001,Jika,O
000232-001,mereka,O
000232-001,menghendaki,O
000232-001,",",O
000232-001,engkau,O
000232-001,bisa,O
000232-001,membujuk,O
000232-001,mereka,O
000232-001,dan,O
000232-001,membukakan,O
000232-001,jalan,O
000232-001,bagiku,O
000232-001,",",O
000232-001,dan,O
000232-001,jika,O
000232-001,mereka,O
000232-001,menghendaki,O
000232-001,untuk,O
000232-001,memasuki,O
000232-001,sesuatu,O
000232-001,yang,O
000232-001,biasa,O
000232-001,dimasuki,O
000232-001,manusia,O
000232-001,",",O
000232-001,maka,O
000232-001,mereka,O
000232-001,bisa,O
000232-001,melakukannya,O
000232-001,yang,O
000232-001,berarti,O
000232-001,mereka,O
000232-001,masih,O
000232-001,memiliki,O
000232-001,nyali,O
000232-001,.,O
000232-001,Namun,O
000232-001,jika,O
000232-001,tidak,O
000232-001,menghendaki,O
000232-001,kecuali,O
000232-001,perang,O
000232-001,",",O
000232-001,maka,O
000232-001,demi,O
000232-001,diriku,O
000232-001,yang,O
000232-001,ada,O
000232-001,di,O
000232-001,tangan-Nya,O
000232-001,",",O
000232-001,aku,O
000232-001,pasti,O
000232-001,akan,O
000232-001,melayani,O
000232-001,keinginan,O
000232-001,mereka,O
000232-001,hingga,O
000232-001,kemenangan,O
000232-001,yang,O
000232-001,lalu,O
000232-001,hanya,O
000232-001,menjadi,O
000232-001,milikku,O
000232-001,atau,O
000232-001,biarlah,O
000232-001,Allah,O
000232-001,menentukan,O
000232-001,keputusan-Nya,O
000232-001,".""",O
000232-001,Budail,O
000232-001,berkata,O
000232-001,",",O
000232-001,"""",O
000232-001,Aku,O
000232-001,akan,O
000232-001,menyampaikan,O
000232-001,apa,O
000232-001,yang,O
000232-001,engkau,O
000232-001,katakan,O
000232-001,ini,O
000232-001,kepada,O
000232-001,mereka,O
000232-001,".""",O
000232-001,Lalu,O
000232-001,dia,O
000232-001,beranjak,O
000232-001,pergi,O
000232-001,untuk,O
000232-001,menemui,O
000232-001,Quraisy,O
000232-001,",",O
000232-001,seraya,O
000232-001,berkata,O
000232-001,",",O
000232-001,"""",O
000232-001,Aku,O
000232-001,datang,O
000232-001,kepada,O
000232-001,kalian,O
000232-001,setelah,O
000232-001,menemui,O
000232-001,Muhammad,B_PERSON
000232-001,dan,O
000232-001,aku,O
000232-001,mendengar,O
000232-001,dia,O
000232-001,telah,O
000232-001,mengucapkan,O
000232-001,suatu,O
000232-001,perkataan,O
000232-001,.,O
000232-002,Namun,O
000232-002,jika,O
000232-002,tidak,O
000232-002,menghendaki,O
000232-002,kecuali,O
000232-002,perang,O
000232-002,",",O
000232-002,maka,O
000232-002,demi,O
000232-002,diriku,O
000232-002,yang,O
000232-002,ada,O
000232-002,di,O
000232-002,tangan-Nya,O
000232-002,",",O
000232-002,aku,O
000232-002,pasti,O
000232-002,akan,O
000232-002,melayani,O
000232-002,keinginan,O
000232-002,mereka,O
000232-002,hingga,O
000232-002,kemenangan,O
000232-002,yang,O
000232-002,lalu,O
000232-002,hanya,O
000232-002,menjadi,O
000232-002,milikku,O
000232-002,atau,O
000232-002,biarlah,O
000232-002,Allah,O
000232-002,menentukan,O
000232-002,keputusan-Nya,O
000232-002,".""",O
000232-002,Budail,O
000232-002,berkata,O
000232-002,",",O
000232-002,"""",O
000232-002,Aku,O
000232-002,akan,O
000232-002,menyampaikan,O
000232-002,apa,O
000232-002,yang,O
000232-002,engkau,O
000232-002,katakan,O
000232-002,ini,O
000232-002,kepada,O
000232-002,mereka,O
000232-002,".""",O
000232-002,Lalu,O
000232-002,dia,O
000232-002,beranjak,O
000232-002,pergi,O
000232-002,untuk,O
000232-002,menemui,O
000232-002,Quraisy,O
000232-002,",",O
000232-002,seraya,O
000232-002,berkata,O
000232-002,",",O
000232-002,"""",O
000232-002,Aku,O
000232-002,datang,O
000232-002,kepada,O
000232-002,kalian,O
000232-002,setelah,O
000232-002,menemui,O
000232-002,Muhammad,B_PERSON
000232-002,dan,O
000232-002,aku,O
000232-002,mendengar,O
000232-002,dia,O
000232-002,telah,O
000232-002,mengucapkan,O
000232-002,suatu,O
000232-002,perkataan,O
000232-002,.,O
000232-002,Jika,O
000232-002,kalian,O
000232-002,menghendaki,O
000232-002,aku,O
000232-002,bisa,O
000232-002,memberitahukannya,O
000232-002,kepada,O
000232-002,kalian,O
000232-002,".""",O
000232-002,Orang-orang,O
000232-002,yang,O
000232-002,bodoh,O
000232-002,di,O
000232-002,antara,O
000232-002,mereka,O
000232-002,berkata,O
000232-002,",",O
000232-002,"""",O
000232-002,Kami,O
000232-002,tidak,O
000232-002,membu-,O
000232-002,tuhkan,O
000232-002,engkau,O
000232-002,memberitahu,O
000232-002,sesuatu,O
000232-002,pun,O
000232-002,dari,O
000232-002,dirinya,O
000232-002,kepada,O
000232-002,kami,O
000232-002,".""",O
000232-002,Namun,O
000232-002,orang-orang,O
000232-002,yang,O
000232-002,tajam,O
000232-002,pikirannya,O
000232-002,di,O
000232-002,antara,O
000232-002,mereka,O
000232-002,berkata,O
000232-002,.,O
000232-002,"""",O
000232-002,Sampaikan,O
000232-002,apa,O
000232-002,yang,O
000232-002,engkau,O
000232-002,dengar,O
000232-002,darinya,O
000232-002,".""",O
000232-002,"""",O
000232-002,Aku,O
000232-002,mendengar,O
000232-002,dia,O
000232-002,berkata,O
000232-002,begini,O
000232-002,dan,O
000232-002,begitu,O
000232-002,",""",O
000232-002,kata,O
000232-002,Budail,O
000232-002,.,O
000232-002,Lalu,O
000232-002,Quraisy,O
000232-002,mengutus,O
000232-002,Mikraz,O
000232-002,dan,O
000232-002,Hafsh,B_PERSON
000232-002,.,O
000232-002,Saat,O
000232-002,melihat,O
000232-002,kehadirannya,O
000232-002,",",O
000232-002,Rasulullah,B_PERSON
000232-002,bersabda,O
000232-002,",",O
000232-002,"""",O
000232-002,Dia,O
000232-002,adalah,O
000232-002,orang,O
000232-002,yang,O
000232-002,suka,O
000232-002,berkhianat,O
000232-002,".""",O
000232-002,Saat,O
000232-002,sudah,O
000232-002,saling,O
000232-002,berhadapan,O
000232-002,",",O
000232-002,beliau,O
000232-002,mengucapkan,O
000232-002,seperti,O
000232-002,yang,O
000232-002,sudah,O
000232-002,diucapkan,O
000232-002,kepada,O
000232-002,Budail,O
000232-002,dan,O
000232-002,rekan-rekannya,O
000232-002,dari,O
000232-002,Khuza'ah,O
000232-002,.,O
000232-002,Setelah,O
000232-002,itu,O
000232-002,Budail,O
000232-002,kembali,O
000232-002,lagi,O
000232-002,menemui,O
000232-002,orang-orang,O
000232-002,Quraisy,O
000232-002,dan,O
000232-002,menyampaikan,O
000232-002,sabda,O
000232-002,beliau,O
000232-002,.,O
000249-002,Dengan,O
000249-002,congkak,O
000249-002,dia,O
000249-002,berkata,O
000249-002,",",O
000249-002,"""",O
000249-002,Seorang,O
000249-002,budak,O
000249-002,yang,O
000249-002,hina,O
000249-002,dina,O
000249-002,dari,O
000249-002,rakyatku,O
000249-002,pernah,O
000249-002,menulis,O
000249-002,namanya,O
000249-002,sebelum,O
000249-002,aku,O
000249-002,berkuasa,O
000249-002,".""",O
000249-002,Setelah,O
000249-002,mendengar,O
000249-002,apa,O
000249-002,yang,O
000249-002,dilakukan,O
000249-002,Kisra,B_PERSON
000249-002,",",O
000249-002,Nabi,O
000249-002,bersabda,O
000249-002,",",O
000249-002,"""",O
000249-002,Allah,O
000249-002,akan,O
000249-002,mencabik-cabik,O
000249-002,kerajaannya,O
000249-002,".""",O
000249-002,Kisra,B_PERSON
000249-002,benar-benar,O
000249-002,akan,O
000249-002,mengalami,O
000249-002,seperti,O
000249-002,apa,O
000249-002,yang,O
000249-002,disabdakan,O
000249-002,beliau,O
000249-002,ini,O
000249-002,.,O
000249-002,Setelah,O
000249-002,itu,O
000249-002,Kisra,B_PERSON
000249-002,menulis,O
000249-002,surat,O
000249-002,kepada,O
000249-002,Badzan,B_LOCATION
000249-002,",",O
000249-002,gubernurnya,O
000249-002,di,O
000249-002,Yaman,B_LOCATION
000249-002,",",O
000249-002,yang,O
000249-002,isinya,O
000249-002,:,O
000249-002,"""",O
000249-002,Utuslah,O
000249-002,dua,O
000249-002,orang,O
000249-002,yang,O
000249-002,gagah,O
000249-002,perkasa,O
000249-002,untuk,O
000249-002,menemui,O
000249-002,orang,O
000249-002,dari,O
000249-002,Hijaz,B_LOCATION
000249-002,ini,O
000249-002,",",O
000249-002,dan,O
000249-002,setelah,O
000249-002,itu,O
000249-002,hendaklah,O
000249-002,mereka,O
000249-002,membawanya,O
000249-002,untuk,O
000249-002,menemuiku,O
000249-002,".""",O
000249-002,Maka,O
000249-002,Badzan,B_PERSON
000249-002,menunjuk,O
000249-002,dua,O
000249-002,orang,O
000249-002,bawahannya,O
000249-002,",",O
000249-002,membawa,O
000249-002,surat,O
000249-002,yang,O
000249-002,disampaikan,O
000249-002,kepada,O
000249-002,Rasulullah,B_PERSON
000249-002,",",O
000249-002,dan,O
000249-002,pulangnya,O
000249-002,disuruh,O
000249-002,langsung,O
000249-002,menemui,O
000249-002,Kisra,B_PERSON
000249-002,.,O
000249-002,Setelah,O
000249-002,dua,O
000249-002,utusan,O
000249-002,itu,O
000249-002,tiba,O
000249-002,di,O
000249-002,Madinah,B_LOCATION
000249-002,dan,O
000249-002,menghadap,O
000249-002,beliau,O
000249-002,",",O
000249-002,salah,O
000249-002,seorang,O
000249-002,di,O
000249-002,antara,O
000249-002,dua,O
000249-002,orang,O
000249-002,itu,O
000249-002,berkata,O
000249-002,",",O
000249-002,Sesungguhnya,O
000249-002,Syahinsyah,O
000249-002,(,O
000249-002,Raja,O
000249-002,Diraja,O
000249-002,),O
000249-002,Kisra,B_PERSON
000249-002,telah,O
000249-002,mengirim,O
000249-002,surat,O
000249-002,kepada,O
000249-002,Raja,O
000249-002,Badzan,B_LOCATION
000249-002,",",O
000249-002,agar,O
000249-002,dia,O
000249-002,mengirim,O
000249-002,utusan,O
000249-002,untuk,O
000249-002,menemui,O
000249-002,tuan,O
000249-002,",",O
000249-002,lalu,O
000249-002,membawa,O
000249-002,tuan,O
000249-002,ke,O
000249-002,hadapannya,O
000249-002,".""",O
000249-002,Kata-katanya,O
000249-002,bernada,O
000249-002,ancaman,O
000249-002,.,O
000249-002,Nabi,O
000249-002,menyuruh,O
000249-002,agar,O
000249-002,keduanya,O
000249-002,menemui,O
000249-002,beliau,O
000249-002,lagi,O
000249-002,esok,O
000249-002,harinya,O
000249-002,Pada,O
000249-002,saat,O
000249-002,yang,O
000249-002,sama,O
000249-002,di,O
000249-002,Persia,B_LOCATION
000249-002,terjadi,O
000249-002,pemberontakan,O
000249-002,besar-besaran,O
000249-002,terhadap,O
000249-002,Kisra,B_PERSON
000249-002,",",O
000249-002,yang,O
000249-002,justru,O
000249-002,berasal,O
000249-002,dari,O
000249-002,keluarganya,O
000249-002,sendiri,O
000249-002,.,O
000249-002,Padahal,O
000249-002,sebelum,O
000249-002,itu,O
000249-002,mereka,O
000249-002,juga,O
000249-002,mengalami,O
000249-002,banyak,O
000249-002,kekalahan,O
000249-002,cukup,O
000249-002,telak,O
000249-002,dari,O
000249-002,pasukan,O
000249-002,Qaishar,O
000249-002,.,O
000249-002,Pemberontakan,O
000249-002,ini,O
000249-002,dimotori,O
000249-002,oleh,O
000249-002,putra,O
000249-002,Kisra,B_PERSON
000249-002,sendiri,O
000249-002,",",O
000249-002,Syiruyah,O
000249-002,.,O
000249-002,Dia,O
000249-002,bangkit,O
000249-002,melawan,O
000249-002,ayahnya,O
000249-002,dan,O
000249-002,membunuhnya,O
000249-002,lalu,O
000249-002,merebut,O
000249-002,kerajannya,O
000249-002,.,O
000249-002,Hal,O
000249-002,ini,O
000249-002,terjadi,O
000249-002,pada,O
000249-002,malam,O
000249-002,Selasa,I_TIME
000249-002,tanggal,B_TIME
000249-002,10,I_TIME
000249-002,Jumadal,I_TIME
000249-002,Rasulullah,B_PERSON
000249-002,mengetahuinya,O
000249-002,lewat,O
000249-002,pemberitaan,O
000249-002,wahyu,O
000249-002,.,O
000251-001,Nabi,O
000251-001,menulis,O
000251-001,surat,O
000251-001,kepada,O
000251-001,Al-Mundzir,B_PERSON
000251-001,bin,I_PERSON
000251-001,Sawa,I_PERSON
000251-001,",",O
000251-001,pemimpin,O
000251-001,Bahrain,O
000251-001,.,O
000251-001,berisi,O
000251-001,seruan,O
000251-001,agar,O
000251-001,dia,O
000251-001,masuk,O
000251-001,Islam,O
000251-001,.,O
000251-001,Beliau,O
000251-001,mengutus,O
000251-001,Al-Ala',B_PERSON
000251-001,bin,I_PERSON
000251-001,Hadhrami,I_PERSON
000251-001,untuk,O
000251-001,mengantarkannya,O
000251-001,.,O
000251-001,Setelah,O
000251-001,menerima,O
000251-001,dan,O
000251-001,membaca,O
000251-001,surat,O
000251-001,beliau,O
000251-001,",",O
000251-001,Al-Mundzir,O
000251-001,menulis,O
000251-001,balasannya,O
000251-001,sebagai,O
000251-001,berikut,O
000251-001,:,O
000251-001,"""",O
000251-001,Amma,O
000251-001,ba'd,O
000251-001,.,O
000251-001,Wahai,O
000251-001,Rasulullah,B_PERSON
000251-001,",",O
000251-001,saya,O
000251-001,sudah,O
000251-001,membaca,O
000251-001,surat,O
000251-001,tuan,O
000251-001,yang,O
000251-001,226,O
000251-001,Shahih,O
000251-001,Bukhari,O
000251-001,",",O
000251-001,1/4,O
000251-001,;,O
000251-001,Shahih,O
000251-001,Muslim,O
000251-001,",",O
000251-001,2/98-99,O
000251-001,tertuju,O
000251-001,kepada,O
000251-001,rakyat,O
000251-001,Bahrain,O
000251-001,.,O
000251-001,Di,O
000251-001,antara,O
000251-001,mereka,O
000251-001,ada,O
000251-001,yang,O
000251-001,menyukai,O
000251-001,Islam,O
000251-001,dar,O
000251-001,kagum,O
000251-001,kepadanya,O
000251-001,lalu,O
000251-001,memeluknya,O
000251-001,",",O
000251-001,dan,O
000251-001,di,O
000251-001,antara,O
000251-001,mereka,O
000251-001,ada,O
000251-001,pula,O
000251-001,yang,O
000251-001,tidak,O
000251-001,menyukainya,O
000251-001,.,O
000251-001,Sementara,O
000251-001,di,O
000251-001,negeriku,O
000251-001,ada,O
000251-001,orang-orang,O
000251-001,Majusi,O
000251-001,dan,O
000251-001,Yahudi,O
000251-001,.,O
000251-001,Maka,O
000251-001,tulislah,O
000251-001,lagi,O
000251-001,surat,O
000251-001,kepadaku,O
000251-001,yang,O
000251-001,bisa,O
000251-001,menjelaskan,O
000251-001,urusan,O
000251-001,tuan,O
000251-001,".""",O
000251-001,Maka,O
000251-001,Rasulullah,B_PERSON
000251-001,menulis,O
000251-001,surat,O
000251-001,lagi,O
000251-001,"""",O
000251-001,Bismillahir,O
000251-001,rahmanir,O
000251-001,rahim,O
000251-001,.,O
000251-001,Dari,O
000251-001,Muhammad,B_PERSON
000251-001,Rasul,O
000251-001,Allah,O
000251-001,kepada,O
000251-001,Al-Mundzir,O
000251-001,bin,I_PERSON
000251-001,Sawa,B_PERSON
000251-001,.,O
000251-001,Kesejahteraan,O
000251-001,bagi,O
000251-001,dirimu,O
000251-001,.,O
000251-001,Aku,O
000251-001,memuji,O
000251-001,bagimu,O
000251-001,kepada,O
000251-001,Allah,O
000251-001,yang,O
000251-001,tiada,O
000251-001,Illah,O
000251-001,selain-Nya,O
000251-001,Aku,O
000251-001,bersaksi,O
000251-001,bahwa,O
000251-001,Muhammad,B_PERSON
000251-001,adalah,O
000251-001,hamba,O
000251-001,dan,O
000251-001,Rasul-Nya,O
000251-001,",",O
000251-001,amma,O
000251-001,ba,O
000251-001,'d,O
000251-001,.,O
000251-001,Aku,O
000251-001,mengingatkanmu,O
000251-001,terhadap,O
000251-001,Allah,O
000251-001,.,O
000251-001,Barangsiapa,O
000251-001,yang,O
000251-001,memberi,O
000251-001,nasihat,O
000251-001,kepada,O
000251-001,dirinya,O
000251-001,sendiri,O
000251-001,",",O
000251-001,dan,O
000251-001,siapa,O
000251-001,yang,O
000251-001,menaati,O
000251-001,utusan-utusanku,O
000251-001,dan,O
000251-001,mengikuti,O
000251-001,mereka,O
000251-001,",",O
000251-001,berarti,O
000251-001,dia,O
000251-001,telah,O
000251-001,menaatiku,O
000251-001,.,O
000251-001,Barangsiapa,O
000251-001,memberi,O
000251-001,nasihat,O
000251-001,kepada,O
000251-001,mereka,O
000251-001,",",O
000251-001,berarti,O
000251-001,dia,O
000251-001,telah,O
000251-001,memberi,O
000251-001,nasihat,O
000251-001,karena,O
000251-001,aku,O
000251-001,.,O
000251-001,Sesungguhnya,O
000251-001,para,O
000251-001,utusanku,O
000251-001,telah,O
000251-001,menyampaikan,O
000251-001,pujian,O
000251-001,y,O
000251-001,ang,O
000251-001,baik,O
000251-001,atas,O
000251-001,dirimu,O
000251-001,.,O
000251-001,Aku,O
000251-001,telah,O
000251-001,memberi,O
000251-001,syafaat,O
000251-001,kepadamu,O
000251-001,tentang,O
000251-001,kaummu,O
000251-001,.,O
000251-001,Biarkanlah,O
000251-001,orang-orang,O
000251-001,Muslim,O
000251-001,karena,O
000251-001,mereka,O
000251-001,telah,O
000251-001,masuk,O
000251-001,Islam,O
000251-001,",",O
000251-001,kuampuni,O
000251-001,orang-orang,O
000251-001,yang,O
000251-001,telah,O
000251-001,berbuat,O
000251-001,dosa,O
000251-001,dan,O
000251-001,terimalah,O
000251-001,mereka,O
000251-001,.,O
000258-001,Sepulang,O
000258-001,dari,O
000258-001,Hudaibiyah,B_EVENT
000258-001,",",O
000258-001,Rasulullah,B_PERSON
000258-001,berada,O
000258-001,di,O
000258-001,Madinah,B_LOCATION
000258-001,pada,O
000258-001,bulan,B_TIME
000258-001,Dzul,I_TIME
000258-001,Hijjah,I_TIME
000258-001,dan,O
000258-001,sebagian,O
000258-001,Muharram,I_TIME
000258-001,.,O
000258-001,Pada,O
000258-001,sisa,O
000258-001,bulan,B_TIME
000258-001,Muharram,I_TIME
000258-001,itu,O
000258-001,beliau,O
000262-001,Dalam,O
000262-001,perjalanannya,O
000262-001,ke,O
000262-001,Khaibar,B_LOCATION
000262-001,",",O
000262-001,Rasulullah,B_PERSON
000262-001,mengambil,O
000262-001,jalan,O
000262-001,lewat,O
000262-001,Gunung,O
000262-001,Ashr,O
000262-001,(,O
000262-001,ada,O
000262-001,yang,O
000262-001,membaca,O
000262-001,Ishr,O
000262-001,).,O
000262-001,Setelah,O
000262-001,melewati,O
000262-001,Ash-Shahba',O
000262-001,",",O
000262-001,beliau,O
000262-001,bermalam,O
000262-001,di,O
000262-001,suatu,O
000262-001,lembah,O
000262-001,yang,O
000262-001,disebut,O
000262-001,Ar-Raji',O
000262-001,.,O
000262-001,Dari,O
000262-001,tempat,O
000262-001,ini,O
000262-001,ke,O
000262-001,Ghathafan,O
000262-001,ditempuh,O
000262-001,dengan,O
000262-001,perjalanan,O
000262-001,sehari,O
000262-001,semalam,O
000262-001,.,O
000262-001,Orang-orang,O
000262-001,Ghathafan,O
000262-001,sudah,O
000262-001,mengadakan,O
000262-001,persiapan,O
000262-001,secara,O
000262-001,matang,O
000262-001,dan,O
000262-001,berangkat,O
000262-001,ke,O
000262-001,Khaibar,B_LOCATION
000262-001,untuk,O
000262-001,mengulurkan,O
000262-001,bantuan,O
000262-001,kepada,O
000262-001,orang-orang,O
000262-001,Yahudi,O
000262-001,.,O
000262-001,Tak,O
000262-001,seberapa,O
000262-001,jauh,O
000262-001,berjalan,O
000262-001,.,O
000262-001,mereka,O
000262-001,mendengar,O
000262-001,suara,O
000262-001,gaduh,O
000262-001,dan,O
000262-001,hiruk,O
000262-001,pikuk,O
000262-001,dari,O
000262-001,arah,O
000262-001,belakang,O
000262-001,.,O
000262-001,Mereka,O
000262-001,mengira,O
000262-001,orang-orang,O
000262-001,Muslim,O
000262-001,menyerbu,O
000262-001,keluarga,O
000262-001,dan,O
000262-001,harta,O
000262-001,benda,O
000262-001,yang,O
000262-001,mereka,O
000262-001,tinggalkan,O
000262-001,di,O
000262-001,Ghathafan,O
000262-001,.,O
000262-001,Karena,O
000262-001,itu,O
000262-001,mereka,O
000262-001,kembali,O
000262-001,lagi,O
000262-001,dan,O
000262-001,membatalkan,O
000262-001,niat,O
000262-001,untuk,O
000262-001,membantu,O
000262-001,orang-orang,O
000262-001,Yahudi,O
000262-001,",",O
000262-001,karena,O
000262-001,khawatir,O
000262-001,suatu,O
000262-001,saat,O
000262-001,orang-orang,O
000262-001,Muslim,O
000262-001,justru,O
000262-001,menyerang,O
000262-001,keluarga,O
000262-001,dan,O
000262-001,harta,O
000262-001,benda,O
000262-001,yang,O
000262-001,mereka,O
000262-001,tinggalkan,O
000262-001,.,O
000262-001,Mereka,O
000262-001,tidak,O
000262-001,ingin,O
000262-001,ikut,O
000262-001,campur,O
000262-001,lagi,O
000262-001,urusan,O
000262-001,antara,O
000262-001,Nabi,O
000262-001,dan,O
000262-001,orang-orang,O
000262-001,Yahudi,O
000262-001,Khaibar,B_LOCATION
000262-001,.,O
000262-001,Kemudian,O
000262-001,beliau,O
000262-001,menunjuk,O
000262-001,dua,O
000262-001,orang,O
000262-001,penunjuk,O
000262-001,jalan,O
000262-001,yang,O
000262-001,ikut,O
000262-001,serta,O
000262-001,dalam,O
000262-001,rombongan,O
000262-001,pasukan,O
000262-001,.,O
000262-001,Salah,O
000262-001,seorang,O
000262-001,di,O
000262-001,antara,O
000262-001,keduanya,O
000262-001,bernama,O
000262-001,Husail,O
000262-001,.,O
000262-001,Mereka,O
000262-001,berdua,O
000262-001,menunjukkan,O
000262-001,jalan,O
000262-001,yang,O
000262-001,lebih,O
000262-001,pas,O
000262-001,untuk,O
000262-001,memasuki,O
000262-001,Khaibar,B_LOCATION
000262-001,dari,O
000262-001,arah,O
000262-001,utara,O
000262-001,",",O
000262-001,tepatnya,O
000262-001,dari,O
000262-001,jalur,O
000262-001,Syam,B_LOCATION
000262-001,.,O
000262-001,Dengan,O
000262-001,begitu,O
000262-001,pasukan,O
000262-001,Muslimin,O
000262-001,bisa,O
000262-001,menghadang,O
000262-001,kemungkinan,O
000262-001,orang-orang,O
000262-001,Yahudi,O
000262-001,akan,O
000262-001,melarikan,O
000262-001,diri,O
000262-001,ke,O
000262-001,arah,O
000262-001,Syam,B_LOCATION
000262-001,atau,O
000262-001,ke,O
000262-001,Ghathafan,O
000262-001,.,O
000262-001,"""",O
000262-001,Aku,O
000262-001,akan,O
000262-001,menunjukkan,O
000262-001,jalan,O
000262-001,kepada,O
000262-001,engkau,O
000262-001,wahai,O
000262-001,Rasulullah,B_PERSON
000262-001,",""",O
000262-001,kata,O
000262-001,penunjuk,O
000262-001,jalan,O
000262-001,itu,O
000262-001,.,O
000277-001,Setelah,O
000277-001,Rasulullah,B_PERSON
000277-001,merasa,O
000277-001,tenang,O
000277-001,karena,O
000277-001,sudah,O
000277-001,bisa,O
000277-001,menaklukkan,O
000277-001,Khaibar,B_LOCATION
000277-001,",",O
000277-001,tiba-tiba,O
000277-001,muncul,O
000277-001,Zainab,B_PERSON
000277-001,binti,I_PERSON
000277-001,Al-Harits,I_PERSON
000277-001,",",O
000277-001,istri,O
000277-001,Sallam,B_PERSON
000277-001,bin,I_PERSON
000277-001,Misykam,I_PERSON
000277-001,di,O
000277-001,hadapan,O
000277-001,beliau,O
000277-001,sambil,O
000277-001,menyodorkan,O
000277-001,daging,O
000277-001,domba,O
000277-001,yang,O
000277-001,sudah,O
000277-001,dipanggang,O
000277-001,Sebelumnya,O
000277-001,Zainab,B_PERSON
000277-001,binti,I_PERSON
000277-001,Al-Harits,I_PERSON
000277-001,pernah,O
000277-001,menanyakan,O
000277-001,",",O
000277-001,bagian,O
000277-001,mana,O
000277-001,dari,O
000277-001,daging,O
000277-001,domba,O
000277-001,yang,O
000277-001,paling,O
000277-001,disukai,O
000277-001,Rasulullah,B_PERSON
000277-001,?,O
000277-001,Ada,O
000277-001,yang,O
000277-001,mengabarkan,O
000277-001,kepadanya,O
000277-001,bahwa,O
000277-001,beliau,O
000277-001,menyukai,O
000277-001,bagian,O
000277-001,paha,O
000277-001,.,O
000277-001,Maka,O
000277-001,dia,O
000277-001,menyusupkan,O
000277-001,racun,O
000277-001,lebih,O
000277-001,banyak,O
000277-001,ke,O
000277-001,bagian,O
000277-001,ini,O
000277-001,",",O
000277-001,lalu,O
000277-001,mengirimkannya,O
000277-001,.,O
000277-001,Setelah,O
000277-001,menerimanya,O
000277-001,",",O
000277-001,beliau,O
000277-001,menggigit,O
000277-001,untuk,O
000277-001,satu,O
000277-001,kunyahan,O
000277-001,",",O
000277-001,namun,O
000277-001,kemudian,O
000277-001,memuntahkannya,O
000277-001,lagi,O
000277-001,dan,O
000277-001,tidak,O
000277-001,menelannya,O
000277-001,.,O
000277-001,Beliau,O
000277-001,bersabda,O
000277-001,",",O
000277-001,Tulang,O
000277-001,ini,O
000277-001,mengabarkan,O
000277-001,kepadaku,O
000277-001,bahwa,O
000277-001,di,O
000277-001,dalam,O
000277-001,daging,O
000277-001,disusupi,O
000277-001,racun,O
000277-001,".""",O
000277-001,Kemudian,O
000277-001,beliau,O
000277-001,memerintahkan,O
000277-001,untuk,O
000277-001,memanggil,O
000277-001,Zainab,B_PERSON
000277-001,binti,I_PERSON
000277-001,Al-Harits,I_PERSON
000277-001,Setelah,O
000277-001,ditanya,O
000277-001,",",O
000277-001,dia,O
000277-001,mengakui,O
000277-001,perbuatannya,O
000277-001,.,O
000277-001,"""",O
000277-001,Apa,O
000277-001,yang,O
000277-001,mendorongmu,O
000277-001,berbuat,O
000277-001,seperti,O
000277-001,itu,O
000277-001,"?""",O
000277-001,Tanya,O
000277-001,beliau,O
000277-001,.,O
000277-001,Dia,O
000277-001,menjawab,O
000277-001,",",O
000277-001,"""",O
000277-001,Aku,O
000277-001,pernah,O
000277-001,berkata,O
000277-001,sendiri,O
000277-001,",",O
000277-001,Kalau,O
000277-001,memang,O
000277-001,Muhammad,B_PERSON
000277-001,seorang,O
000277-001,raja,O
000277-001,",",O
000277-001,maka,O
000277-001,aku,O
000277-001,ingin,O
000277-001,menghabisinya,O
000277-001,.,O
000277-001,Jika,O
000277-001,dia,O
000277-001,seorang,O
000277-001,Nabi,O
000277-001,tentu,O
000277-001,akan,O
000277-001,ada,O
000277-001,pemberitahuan,O
000277-001,kepadanya,O
000277-001,".""",O
000277-001,Setelah,O
000277-001,itu,O
000277-001,beliau,O
000277-001,meninggalkan,O
000277-001,wanita,O
000277-001,itu,O
000277-001,.,O
000277-001,Sementara,O
000277-001,saat,O
000277-001,itu,O
000277-001,ada,O
000277-001,Bisyr,I_PERSON
000277-001,bin,I_PERSON
000277-001,Al-Barra',B_PERSON
000277-001,bin,I_PERSON
000277-001,Ma'rur,I_PERSON
000277-001,yang,O
000277-001,juga,O
000277-001,mengambil,O
000277-001,daging,O
000277-001,tersebut,O
000277-001,",",O
000277-001,mengunyah,O
000277-001,dan,O
000277-001,menelannya,O
000277-001,",",O
000277-001,hingga,O
000277-001,dia,O
000277-001,meninggal,O
000277-001,karenanya,O
000277-001,.,O
000277-001,Ada,O
000277-001,beberapa,O
000277-001,riwayat,O
000277-001,yang,O
000277-001,berbeda,O
000277-001,",",O
000277-001,apakah,O
000277-001,wanita,O
000277-001,itu,O
000277-001,dilepas,O
000277-001,begitu,O
000277-001,saja,O
000277-001,ataukah,O
000277-001,dibunuh,O
000277-001,.,O
000277-001,Namun,O
000277-001,kemudian,O
000277-001,banyak,O
000277-001,yang,O
000277-001,sepakat,O
000277-001,bahwa,O
000277-001,memang,O
000277-001,wanita,O
000277-001,itu,O
000277-001,dilepas,O
000277-001,pada,O
000277-001,awal,O
000277-001,mulanya,O
000277-001,.,O
000277-001,Tetapi,O
000277-001,setelah,O
000277-001,Bisyr,I_PERSON
000277-001,meninggal,O
000277-001,gara-gara,I_PERSON
000277-001,memakan,O
000277-001,daging,O
000277-001,itu,O
000277-001,",",O
000277-001,maka,O
000277-001,wanita,O
000277-001,tersebut,O
000277-001,dibunuh,O
000277-001,sebagai,O
000277-001,qishash,I_PERSON
000281-001,Tatkala,O
000281-001,orang-orang,O
000281-001,Yahudi,O
000281-001,Taima',O
000281-001,mendengar,O
000281-001,kabar,O
000281-001,tentang,O
000281-001,penduduk,O
000281-001,Khaibar,B_LOCATION
000281-001,yang,O
000281-001,menyerah,O
000281-001,",",O
000281-001,kemudian,O
000281-001,disusul,O
000281-001,penduduk,O
000281-001,Fadak,O
000281-001,dan,O
000281-001,Wadil,O
000281-001,Qura,O
000281-001,",",O
000281-001,mereka,O
000281-001,tidak,O
000281-001,berani,O
000281-001,menunjukkan,O
000281-001,perlawanan,O
000281-001,terhadap,O
000281-001,orang-orang,O
000281-001,Muslim,O
000281-001,Mereka,O
000281-001,mengirimkan,O
000281-001,utusan,O
000281-001,untuk,O
000281-001,menawarkan,O
000281-001,perjanjian,O
000281-001,damai,O
000281-001,.,O
000281-001,Rasulullah,B_PERSON
000281-001,menerima,O
000281-001,tawaran,O
000281-001,ini,O
000281-001,.,O
000281-001,Isi,O
000281-001,perjanjian,O
000281-001,dituangkan,O
000281-001,dalam,O
000281-001,sebuah,O
000281-001,tulisan,O
000281-001,",",O
000281-001,yang,O
000281-001,isinya,O
000281-001,:,O
000281-001,"""",O
000281-001,Inilah,O
000281-001,perjanjian,O
000281-001,Muhammad,B_PERSON
000281-001,Rasul,O
000281-001,Allah,O
000281-001,dengan,O
000281-001,Bani,O
000281-001,Adi,O
000281-001,",",O
000281-001,bahwa,O
000281-001,mereka,O
000281-001,mendapat,O
000281-001,jaminan,O
000281-001,sebagai,O
000281-001,ahli,O
000281-001,dzimmah,O
000281-001,",",O
000281-001,mereka,O
000281-001,harus,O
000281-001,menyerahkan,O
000281-001,jizyah,O
000281-001,",",O
000281-001,tidak,O
000281-001,ada,O
000281-001,permusuhan,O
000281-001,dan,O
000281-001,kepindahan,O
000281-001,ke,O
000281-001,tempat,O
000281-001,lain,O
000281-001,".""",O
000281-001,Yang,O
000281-001,bertugas,O
000281-001,menulis,O
000281-001,surat,O
000281-001,perjanjian,O
000281-001,ini,O
000281-001,adalah,O
000281-001,Khalid,B_PERSON
000281-001,bin,I_PERSON
000281-001,Sa'id,I_PERSON
000281-001,.,O
000281-001,235,O
000281-001,Zadul,O
000281-001,Ma'ad,O
000281-001,",",O
000281-001,2/146-147,O
000281-001,.,O
000307-001,Rasulullah,B_PERSON
000307-001,melanjutkan,O
000307-001,perjalanan,O
000307-001,hingga,O
000307-001,tiba,O
000307-001,di,O
000307-001,Dzu,O
000307-001,Thuwa,O
000307-001,.,O
000307-001,Di,O
000307-001,sana,O
000307-001,beliau,O
000307-001,merundukkan,O
000307-001,kepala,O
000307-001,karena,O
000307-001,hendak,O
000307-001,menunjukkan,O
000307-001,ketundukan,O
000307-001,kepada,O
000307-001,Allah,O
000307-001,",",O
000307-001,saat,O
000307-001,melihat,O
000307-001,kemenangan,O
000307-001,yang,O
000307-001,dianugerahkan,O
000307-001,Allah,O
000307-001,.,O
000307-001,Jenggot,O
000307-001,beliau,O
000307-001,hampir,O
000307-001,menyentuh,O
000307-001,pelana,O
000307-001,Di,O
000307-001,sini,O
000307-001,pula,O
000307-001,beliau,O
000307-001,membagi,O
000307-001,pasukan,O
000307-001,.,O
000307-001,Khalid,B_PERSON
000307-001,bin,I_PERSON
000307-001,Al-Walid,I_PERSON
000307-001,ditempatkan,O
000307-001,di,O
000307-001,sayap,O
000307-001,kanan,O
000307-001,bersama,O
000307-001,Bani,O
000307-001,Aslam,O
000307-001,",",O
000307-001,Sulaim,O
000307-001,",",O
000307-001,Ghifar,O
000307-001,",",O
000307-001,Muzainah,O
000307-001,",",O
000307-001,Juhainah,O
000307-001,",",O
000307-001,dan,O
000307-001,beberapa,O
000307-001,kabilah,O
000307-001,Arab,O
000307-001,lainnya,O
000307-001,.,O
000307-001,Beliau,O
000307-001,memerintahkan,O
000307-001,pasukan,O
000307-001,Khalid,B_PERSON
000307-001,ini,O
000307-001,masuk,O
000307-001,dari,O
000307-001,dataran,O
000307-001,rendah,O
000307-001,Makkah,B_LOCATION
000307-001,.,O
000307-001,Beliau,O
000307-001,bersabda,O
000307-001,",",O
000307-001,"""",O
000307-001,Jika,O
000307-001,ada,O
000307-001,orang-orang,O
000307-001,Quraisy,O
000307-001,yang,O
000307-001,menghadang,O
000307-001,kalian,O
000307-001,",",O
000307-001,maka,O
000307-001,perangilah,O
000307-001,mereka,O
000307-001,",",O
000307-001,dan,O
000307-001,tunggulah,O
000307-001,kedatanganku,O
000307-001,di,O
000307-001,Shafa,B_LOCATION
000307-001,".""",O
000307-001,Sedangkan,O
000307-001,Az-Zubair,O
000307-001,bin,I_PERSON
000307-001,Al-Awwam,I_PERSON
000307-001,ada,O
000307-001,di,O
000307-001,sayap,O
000307-001,kiri,O
000307-001,",",O
000307-001,membawa,O
000307-001,bendera,O
000307-001,Rasulullah,B_PERSON
000307-001,dan,O
000307-001,memerintahkannya,O
000307-001,agar,O
000307-001,masuk,O
000307-001,Makkah,B_LOCATION
000307-001,dari,O
000307-001,dataran,O
000307-001,tingginya,O
000307-001,",",O
000307-001,tepatnya,O
000307-001,dari,O
000307-001,arah,O
000307-001,Qada,O
000307-001,.,O
000307-001,Beliau,O
000307-001,memerintahkan,O
000307-001,untuk,O
000307-001,menancapkan,O
000307-001,benderanya,O
000307-001,di,O
000307-001,Al-Hajun,I_PERSON
000307-001,dan,O
000307-001,tidak,O
000307-001,boleh,O
000307-001,meninggalkan,O
000307-001,tempat,O
000307-001,itu,O
000307-001,hingga,O
000307-001,beliau,O
000307-001,tiba,O
000307-001,di,O
000307-001,sana,O
000307-001,.,O
000307-001,Sementara,O
000307-001,Abu,B_PERSON
000307-001,Ubaidah,I_PERSON
000307-001,bersama,O
000307-001,beberapa,O
000307-001,orang,O
000307-001,tanpa,O
000307-001,membawa,O
000307-001,senjata,O
000307-001,diperintahkan,O
000307-001,untuk,O
000307-001,masuk,O
000307-001,langsung,O
000307-001,ke,O
000307-001,tengah,O
000307-001,lembah,O
000307-001,hingga,O
000307-001,masuk,O
000307-001,Makkah,B_LOCATION
000307-001,di,O
000307-001,depan,O
000307-001,Rasulullah,B_PERSON
000314-001,Pada,O
000314-001,hari,O
000314-001,itu,O
000314-001,Rasulullah,B_PERSON
000314-001,memutuskan,O
000314-001,untuk,O
000314-001,mengeksekusi,O
000314-001,sembilan,O
000314-001,orang,O
000314-001,tokoh,O
000314-001,penjahat,O
000314-001,.,O
000314-001,Beliau,O
000314-001,memerintahkan,O
000314-001,untuk,O
000314-001,membunuh,O
000314-001,mereka,O
000314-001,sekalipun,O
000314-001,mereka,O
000314-001,tertangkap,O
000314-001,di,O
000314-001,bawah,O
000314-001,kain,O
000314-001,penutup,O
000314-001,Ka'bah,B_LOCATION
000314-001,.,O
000314-001,Sembilan,O
000314-001,orang,O
000314-001,itu,O
000314-001,adalah,O
000314-001,Abdul,B_PERSON
000314-001,Uzza,I_PERSON
000314-001,bin,I_PERSON
000314-001,Khathal,I_PERSON
000314-001,",",O
000314-001,Abdullah,B_PERSON
000314-001,bin,I_PERSON
000314-001,Abu,I_PERSON
000314-001,Sarh,I_PERSON
000314-001,",",O
000314-001,Ikrimah,B_PERSON
000314-001,bin,I_PERSON
000314-001,Abu,I_PERSON
000314-001,Jahl,I_PERSON
000314-001,.,O
000314-001,Al-Harits,B_PERSON
000314-001,bin,I_PERSON
000314-001,Nufail,I_PERSON
000314-001,bin,I_PERSON
000314-001,Wahb,I_PERSON
000314-001,",",O
000314-001,Miqyas,B_PERSON
000314-001,bin,I_PERSON
000314-001,Shubabah,I_PERSON
000314-001,",",O
000314-001,Habbar,B_PERSON
000314-001,bin,I_PERSON
000314-001,Al-Aswad,I_PERSON
000314-001,.,O
000314-001,dua,O
000314-001,biduanita,O
000314-001,milik,O
000314-001,Ibnu,B_PERSON
000314-001,Khathal,I_PERSON
000314-001,yang,O
000314-001,isi,O
000314-001,nyanyiannya,O
000314-001,selalu,O
000314-001,mencaci,O
000314-001,maki,O
000314-001,diri,O
000314-001,beliau,O
000314-001,dan,O
000314-001,Sarah,O
000314-001,",",O
000314-001,budak,O
000314-001,sebagian,O
000314-001,Bani,O
000314-001,Abdul,B_PERSON
000314-001,Muthalib,I_PERSON
000314-001,yang,O
000314-001,membawa,O
000314-001,surat,O
000314-001,Hathib,B_PERSON
000314-001,bin,I_PERSON
000314-001,Abu,I_PERSON
000314-001,Balta'ah,I_PERSON
000314-001,Apakah,O
000314-001,mereka,O
000314-001,ini,O
000314-001,benar-benar,O
000314-001,dieksekusi,O
000314-001,?,O
000314-001,Tentang,O
000314-001,Abdullah,B_PERSON
000314-001,bin,I_PERSON
000314-001,Abu,B_PERSON
000314-001,Sarh,I_PERSON
000314-001,",",O
000314-001,dia,O
000314-001,menemui,O
000314-001,Utsman,B_PERSON
000314-001,bin,I_PERSON
000314-001,Affan,I_PERSON
000314-001,",",O
000314-001,karena,O
000314-001,mereka,O
000314-001,berdua,O
000314-001,adalah,O
000314-001,saudara,O
000314-001,sesusuan,O
000314-001,.,O
000314-001,Abdullah,B_PERSON
000314-001,meminta,O
000314-001,perlindungan,O
000314-001,kepada,O
000314-001,Utsman,B_PERSON
000314-001,bin,I_PERSON
000314-001,Affan,I_PERSON
000314-001,.,O
000314-001,Maka,O
000314-001,Utsman,B_PERSON
000314-001,memintakan,O
000314-001,amnesti,I_PERSON
000314-001,kepada,O
000314-001,beliau,O
000314-001,.,O
000314-001,Beliau,O
000314-001,diam,O
000314-001,cukup,O
000314-001,lama,O
000314-001,dan,O
000314-001,tidak,O
000314-001,menanggapi,O
000314-001,permintaan,O
000314-001,amnesti,O
000314-001,itu,O
000314-001,",",O
000314-001,dengan,O
000314-001,harapan,O
000314-001,para,O
000314-001,sahabat,O
000314-001,segera,O
000314-001,menghampiri,O
000314-001,Abdullah,B_PERSON
000314-001,bin,I_PERSON
000314-001,Abu,I_PERSON
000314-001,Sarh,I_PERSON
000314-001,dan,O
000314-001,membunuhnya,O
000314-001,.,O
000314-001,Sebelum,O
000314-001,itu,O
000314-001,Abdullah,B_PERSON
000314-001,bin,I_PERSON
000314-001,Sarh,I_PERSON
000314-001,sudah,O
000314-001,masuk,O
000314-001,Islam,O
000314-001,dan,O
000314-001,juga,O
000314-001,ikut,O
000314-001,hijrah,O
000314-001,ke,O
000314-001,Madinah,B_LOCATION
000314-001,.,O
000314-001,Tetapi,O
000314-001,kemudian,O
000314-001,dia,O
000314-001,murtad,O
000314-001,dan,O
000314-001,kembali,O
000314-001,lagi,O
000314-001,ke,O
000314-001,Makkah,B_LOCATION
000314-001,Ikrimah,B_PERSON
000314-001,bin,I_PERSON
000314-001,Abu,B_PERSON
000314-001,Jahl,I_PERSON
000314-001,melarikan,O
000314-001,diri,O
000314-001,ke,O
000314-001,Yaman,B_LOCATION
000314-001,",",O
000314-001,lalu,O
000314-001,istrinya,O
000314-001,memintakan,O
000314-001,amnesti,O
000314-001,baginya,O
000314-001,.,O
000314-001,Setelah,O
000314-001,Rasulullah,B_PERSON
000314-001,memberi,O
000314-001,amnesti,I_PERSON
000314-001,",",O
000314-001,istrinya,O
000314-001,menyusul,O
000314-001,ke,O
000314-001,Yaman,B_LOCATION
000314-001,",",O
000314-001,lalu,O
000314-001,mereka,O
000314-001,berdua,O
000314-001,kembali,O
000314-001,lagi,O
000314-001,ke,O
000314-001,Makkah,B_LOCATION
000314-001,dan,O
000314-001,Ikrimah,O
000314-001,masuk,O
000314-001,Islam,O
000314-001,.,O
000314-001,Sedangkan,O
000314-001,Ibnu,B_PERSON
000314-001,Khathal,O
000314-001,berjuntai,O
000314-001,di,O
000314-001,kain,O
000314-001,penutup,O
000314-001,Ka'bah,B_PERSON
000314-001,.,O
000314-001,Seseorang,O
000314-001,menemui,O
000314-001,beliau,O
000314-001,dan,O
000314-001,mengabarkannya,O
000314-001,.,O
000314-001,Beliau,O
000314-001,bersabda,O
000314-001,",",O
000314-001,"""",O
000314-001,Bunuhlah,O
000314-001,dia,O
000314-001,"!""",O
000314-001,Maka,O
000314-001,orang,O
000314-001,itu,O
000314-001,membunuhnya,O
000314-001,.,O
000320-001,Setelah,O
000320-001,suasana,O
000320-001,menjadi,O
000320-001,tenang,O
000320-001,",",O
000320-001,beliau,O
000320-001,mengirim,O
000320-001,beberapa,O
000320-001,satuan,O
000320-001,perang,O
000320-001,dan,O
000320-001,utusan,O
000320-001,",",O
000320-001,di,O
000320-001,antaranya,O
000320-001,l,O
000320-001,.,O
000320-001,Pengiriman,O
000320-001,Khalid,B_PERSON
000320-001,bin,I_PERSON
000320-001,Al-Walid,I_PERSON
000320-001,untuk,O
000320-001,mendatangi,O
000320-001,berhala,O
000320-001,Uzza,O
000320-001,di,O
000320-001,Nakhlah,O
000320-001,dan,O
000320-001,menghancurkannya,O
000320-001,",",O
000320-001,tepatnya,O
000320-001,lima,O
000320-001,hari,O
000320-001,sebelum,O
000320-001,habisnya,O
000320-001,bulan,B_TIME
000320-001,Ramadhan,I_TIME
000320-001,.,O
000320-001,Berhala,O
000320-001,ini,O
000320-001,milik,O
000320-001,orang-orang,O
000320-001,Quraisy,O
000320-001,dan,O
000320-001,semua,O
000320-001,Bani,O
000320-001,Kinanah,O
000320-001,",",O
000320-001,juga,O
000320-001,termasuk,O
000320-001,berhala,O
000320-001,mereka,O
000320-001,yang,O
000320-001,paling,O
000320-001,besar,O
000320-001,.,O
000320-001,Penjaga,O
000320-001,berhala,O
000320-001,ini,O
000320-001,adalah,O
000320-001,Bani,O
000320-001,Syaiban,O
000320-001,.,O
000320-001,Khalid,B_PERSON
000320-001,pergi,O
000320-001,ke,O
000320-001,sana,O
000320-001,bersama,O
000320-001,30,O
000320-001,orang,O
000320-001,penunggang,O
000320-001,kuda,O
000320-001,",",O
000320-001,hingga,O
000320-001,tiba,O
000320-001,di,O
000320-001,sana,O
000320-001,dan,O
000320-001,merobohkannya,O
000320-001,.,O
000320-001,Setelah,O
000320-001,Khalid,B_PERSON
000320-001,kembali,O
000320-001,",",O
000320-001,Rasulullah,B_PERSON
000320-001,bertanya,O
000320-001,",",O
000320-001,"""",O
000320-001,Apakah,O
000320-001,engkau,O
000320-001,melihat,O
000320-001,sesuatu,O
000320-001,"?""",O
000320-001,"""",O
000320-001,Tidak,O
000320-001,",""",O
000320-001,jawab,O
000320-001,Khalid,B_PERSON
000320-001,.,O
000320-001,"""",O
000320-001,Kalau,O
000320-001,begitu,O
000320-001,engkau,O
000320-001,belum,O
000320-001,benar-benar,O
000320-001,merobohkannya,O
000320-001,.,O
000320-001,Kembalilah,O
000320-001,ke,O
000320-001,sana,O
000320-001,lagi,O
000320-001,dan,O
000320-001,robohkanlah,O
000320-001,"!""",O
000320-001,sabda,O
000320-001,beliau,O
000320-001,.,O
000320-001,Dengan,O
000320-001,hati,O
000320-001,bergejolak,O
000320-001,Khalid,B_PERSON
000320-001,pergi,O
000320-001,lagi,O
000320-001,sambil,O
000320-001,menghunus,O
000320-001,pedangnya,O
000320-001,.,O
000320-001,Di,O
000320-001,sana,O
000320-001,ada,O
000320-001,seorang,O
000320-001,wanita,O
000320-001,berkulit,O
000320-001,hitam,O
000320-001,yang,O
000320-001,keluar,O
000320-001,di,O
000320-001,hadapannya,O
000320-001,dalam,O
000320-001,keadaan,O
000320-001,telanjang,O
000320-001,dan,O
000320-001,menggeraikan,O
000320-001,rambutnya,O
000320-001,.,O
000320-001,Orang-orang,O
000320-001,berteriak,O
000320-001,karena,O
000320-001,ulah,O
000320-001,wanita,O
000320-001,ini,O
000320-001,.,O
000320-001,Khalid,B_PERSON
000320-001,menebaskan,O
000320-001,pedangnya,O
000320-001,ke,O
000320-001,tubuh,O
000320-001,wanita,O
000320-001,itu,O
000320-001,dan,O
000320-001,memotongnya,O
000320-001,menjadi,O
000320-001,dua,O
000320-001,bagian,O
000320-001,.,O
000320-001,Setelah,O
000320-001,itu,O
000320-001,",",O
000320-001,Khalid,B_PERSON
000320-001,kembali,O
000320-001,dan,O
000320-001,memberitahukannya,O
000320-001,apa,O
000320-001,yang,O
000320-001,terjadi,O
000320-001,kepada,O
000320-001,Rasulullah,B_PERSON
000320-001,.,O
000320-001,Kemudian,O
000320-001,beliau,O
000320-001,bersabda,O
000320-001,",",O
000320-001,"""",O
000320-001,Dulu,O
000320-001,aku,O
000320-001,sempat,O
000320-001,putus,O
000320-001,asa,I_PERSON
000320-001,kalau-kalau,O
000320-001,Uzza,I_PERSON
000320-001,akan,O
000320-001,disembah,O
000320-001,selama-lamanya,O
000320-001,di,O
000320-001,negeri,O
000320-001,kalian,O
000320-001,ini,O
000320-001,".""",O
000320-001,2,O
000320-001,.,O
000320-001,Pada,O
000320-001,bulan,O
000320-001,itu,O
000320-001,Amru,B_PERSON
000320-001,bin,I_PERSON
000320-001,Al-Ash,I_PERSON
000320-001,juga,O
000320-001,diutus,O
000320-001,untuk,O
000320-001,menghancurkan,O
000320-001,Suwa',I_PERSON
000320-001,.,O
000320-001,berhala,O
000320-001,milik,O
000320-001,Hudzail,I_PERSON
000320-001,di,O
000320-001,Ruhath,O
000320-001,",",O
000320-001,sejauh,O
000320-001,3,O
000320-001,mil,O
000320-001,dari,O
000320-001,Makkah,B_LOCATION
000320-001,.,O
000332-002,Mereka,O
000332-002,pun,O
000332-002,bermarkas,O
000332-002,di,O
000332-002,sana,O
000332-002,.,O
000332-002,Nabi,O
000332-002,memasang,O
000332-002,manjaniq,O
000332-002,ke,O
000332-002,arah,O
000332-002,penduduk,O
000332-002,Tha'if,B_LOCATION
000332-002,di,O
000332-002,dalam,O
000332-002,benteng,O
000332-002,dan,O
000332-002,melontarkan,O
000332-002,peluru-peluru,O
000332-002,batu,O
000332-002,",",O
000332-002,hingga,O
000332-002,dapat,O
000332-002,merontokkan,O
000332-002,sebagian,O
000332-002,dinding,O
000332-002,benteng,O
000332-002,dan,O
000332-002,beberapa,O
000332-002,prajurit,O
000332-002,Muslim,O
000332-002,masuk,O
000332-002,ke,O
000332-002,dalam,O
000332-002,benteng,O
000332-002,lewat,O
000332-002,dinding,O
000332-002,yang,O
000332-002,sudah,O
000332-002,terlubangi,O
000332-002,itu,O
000332-002,.,O
000332-002,Mereka,O
000332-002,masuk,O
000332-002,ke,O
000332-002,arah,O
000332-002,pagar,O
000332-002,benteng,O
000332-002,untuk,O
000332-002,membakarnya,O
000332-002,.,O
000332-002,Tetapi,O
000332-002,musuh,O
000332-002,melontarkan,O
000332-002,besi,O
000332-002,yang,O
000332-002,sudah,O
000332-002,dibakar,O
000332-002,panas,O
000332-002,dan,O
000332-002,juga,O
000332-002,serangan,O
000332-002,anak,O
000332-002,panah,O
000332-002,ke,O
000332-002,arah,O
000332-002,orang-orang,O
000332-002,Muslim,O
000332-002,yang,O
000332-002,masuk,O
000332-002,ke,O
000332-002,dalam,O
000332-002,benteng,O
000332-002,hingga,O
000332-002,dapat,O
000332-002,membunuh,O
000332-002,sebagian,O
000332-002,di,O
000332-002,antara,O
000332-002,mereka,O
000332-002,Sebagai,O
000332-002,bagian,O
000332-002,dari,O
000332-002,siasat,O
000332-002,perang,O
000332-002,",",O
000332-002,Rasulullah,B_PERSON
000332-002,memerintahkan,O
000332-002,untuk,O
000332-002,menebangi,O
000332-002,pohon,O
000332-002,anggur,O
000332-002,dan,O
000332-002,membakarnya,O
000332-002,.,O
000332-002,Karena,O
000332-002,cukup,O
000332-002,banyak,O
000332-002,pohon-,O
000332-002,pohon,O
000332-002,anggur,O
000332-002,yang,O
000332-002,ditebangi,O
000332-002,",",O
000332-002,pihak,O
000332-002,musuh,O
000332-002,dari,O
000332-002,pihak,O
000332-002,Tha'if,B_LOCATION
000332-002,memohon,O
000332-002,atas,O
000332-002,nama,O
000332-002,Allah,O
000332-002,dan,O
000332-002,hubungan,O
000332-002,kekerabatan,O
000332-002,",",O
000332-002,agar,O
000332-002,penebangan,O
000332-002,itu,O
000332-002,dihentikan,O
000332-002,.,O
000332-002,Beliau,O
000332-002,mengabulkan,O
000332-002,permohonan,O
000332-002,mereka,O
000332-002,.,O
000332-002,Lalu,O
000332-002,beliau,O
000332-002,berseru,O
000332-002,",",O
000332-002,"""",O
000332-002,Siapa,O
000332-002,pun,O
000332-002,yang,O
000332-002,mau,O
000332-002,turun,O
000332-002,dari,O
000332-002,benteng,O
000332-002,dan,O
000332-002,datang,O
000332-002,ke,O
000332-002,sini,O
000332-002,",",O
000332-002,maka,O
000332-002,dia,O
000332-002,bebas,O
000332-002,".""",O
000332-002,Ada,O
000332-002,20,O
000332-002,orang,O
000332-002,yang,O
000332-002,turun,O
000332-002,dari,O
000332-002,benteng,O
000332-002,dan,O
000332-002,mendatangi,O
000332-002,pasukan,O
000332-002,Muslimin,O
000332-002,.,O
000332-002,Di,O
000332-002,antara,O
000332-002,mereka,O
000332-002,ada,O
000332-002,yang,O
000332-002,dijuluki,O
000332-002,Abu,B_PERSON
000332-002,Bakrah,O
000332-002,.,O
000332-002,Pekerjaannya,O
000332-002,memanjat,O
000332-002,dinding,O
000332-002,benteng,O
000332-002,Tha'if,B_LOCATION
000332-002,lalu,O
000332-002,menjulurkan,O
000332-002,kerekan,O
000332-002,bundar,O
000332-002,untuk,O
000332-002,mengambil,O
000332-002,air,O
000332-002,minum,O
000332-002,.,O
000332-002,Maka,O
000332-002,beliau,O
000332-002,menjulukinya,O
000332-002,Abu,B_PERSON
000332-002,Bakrah,O
000332-002,(,O
000332-002,tukang,O
000332-002,kerek,O
000332-002,).,O
000343-001,Begitulah,O
000343-001,informasi,O
000343-001,yang,O
000343-001,masih,O
000343-001,simpang,O
000343-001,siur,O
000343-001,yang,O
000343-001,diterima,O
000343-001,orang-,O
000343-001,orang,O
000343-001,Muslim,O
000343-001,dan,O
000343-001,gambaran,O
000343-001,keadaan,O
000343-001,mereka,O
000343-001,saat,O
000343-001,itu,O
000343-001,",",O
000343-001,hingga,O
000343-001,kemudian,O
000343-001,ada,O
000343-001,serombongan,O
000343-001,orang,O
000343-001,yang,O
000343-001,datang,O
000343-001,dari,O
000343-001,Syam,B_LOCATION
000343-001,ke,O
000343-001,Madinah,B_LOCATION
000343-001,sambil,O
000343-001,membawa,O
000343-001,minyak,O
000343-001,.,O
000343-001,Mereka,O
000343-001,mengabarkan,O
000343-001,bahwa,O
000343-001,Heraklius,B_PERSON
000343-001,sudah,O
000343-001,menyiapkan,O
000343-001,segelar,O
000343-001,pasukan,O
000343-001,yang,O
000343-001,amat,O
000343-001,besar,O
000343-001,",",O
000343-001,berkekuatan,O
000343-001,40.000,O
000343-001,prajurit,O
000343-001,",",O
000343-001,yang,O
000343-001,dipimpin,O
000343-001,salah,O
000343-001,seorang,O
000343-001,pembesar,O
000343-001,Romawi,O
000343-001,.,O
000343-001,Beberapa,O
000343-001,kabilah,O
000343-001,juga,O
000343-001,bergabung,O
000343-001,bersama,O
000343-001,mereka,O
000343-001,seperti,O
000343-001,kabilah,O
000343-001,Lakhm,O
000343-001,",",O
000343-001,Judzam,O
000343-001,",",O
000343-001,dan,O
000343-001,lain-lainnya,O
000343-001,dari,O
000343-001,kabilah-kabilah,O
000343-001,Arab,O
000343-001,yang,O
000343-001,beragama,O
000343-001,Nashrani,O
000343-001,.,O
000343-001,Pasukan,O
000343-001,mereka,O
000343-001,yang,O
000343-001,terdepan,O
000343-001,sudah,O
000343-001,tiba,O
000343-001,di,O
000343-001,Balqa',O
000343-001,.,O
000343-001,Begitulah,O
000343-001,keadaan,O
000343-001,yang,O
000343-001,cukup,O
000343-001,rawan,O
000343-001,",",O
000343-001,yang,O
000343-001,harus,O
000343-001,dihadapi,O
000343-001,orang-orang,O
000343-001,Muslim,O
000343-001,.,O
000343-001,Keadaan,O
000343-001,ini,O
000343-001,semakin,O
000343-001,diperparah,O
000343-001,karena,O
000343-001,saat,O
000343-001,itu,O
000343-001,bertepatan,O
000343-001,dengan,O
000343-001,musim,O
000343-001,kemarau,O
000343-001,yang,O
000343-001,amat,O
000343-001,panas,O
000343-001,dan,O
000343-001,kering,O
000343-001,.,O
000343-001,Orang-orang,O
000343-001,menghadapi,O
000343-001,keadaan,O
000343-001,yang,O
000343-001,lebih,O
000343-001,sulit,O
000343-001,dan,O
000343-001,jarang-jarang,O
000343-001,menampakkan,O
000343-001,diri,O
000343-001,.,O
000343-001,Sementara,O
000343-001,buah-buah,O
000343-001,juga,O
000343-001,mulai,O
000343-001,masak,O
000343-001,",",O
000343-001,sehingga,O
000343-001,mereka,O
000343-001,lebih,O
000343-001,suka,O
000343-001,berada,O
000343-001,di,O
000343-001,kebun,O
000343-001,buah-buahan,O
000343-001,dan,O
000343-001,keteduhan,O
000343-001,pepohonannya,O
000343-001,.,O
000343-001,Jarak,O
000343-001,yang,O
000343-001,harus,O
000343-001,mereka,O
000343-001,tempuh,O
000343-001,jika,O
000343-001,harus,O
000343-001,berperang,O
000343-001,juga,O
000343-001,amat,O
000343-001,jauh,O
000343-001,lagi,O
000343-001,sulit,O
000343-001,.,O
000347-003,Saat,O
000347-003,perjalanan,O
000347-003,sudah,O
000347-003,mendekati,O
000347-003,Tabuk,B_LOCATION
000347-003,",",O
000347-003,beliau,O
000347-003,bersabda,O
000347-003,",",O
000347-003,"""",O
000347-003,Insya,O
000347-003,Allah,O
000347-003,besok,O
000347-003,kalian,O
000347-003,sudah,O
000347-003,sampai,O
000347-003,di,O
000347-003,mata,O
000347-003,air,O
000347-003,Tabuk,B_LOCATION
000347-003,.,O
000347-003,Paling,O
000347-003,cepat,O
000347-003,kalian,O
000347-003,tiba,O
000347-003,di,O
000347-003,sana,O
000347-003,pada,O
000347-003,waktu,O
000347-003,dhuha,O
000347-003,.,O
000347-003,Siapa,O
000347-003,pun,O
000347-003,yang,O
000347-003,sudah,O
000347-003,tiba,O
000347-003,di,O
000347-003,sana,O
000347-003,",",O
000347-003,maka,O
000347-003,dia,O
000347-003,tidak,O
000347-003,boleh,O
000347-003,mengambil,O
000347-003,air,O
000347-003,sedikit,O
000347-003,pun,O
000347-003,di,O
000347-003,sana,O
000347-003,hingga,O
000347-003,aku,O
000347-003,tiba,O
000347-003,".""",O
000347-003,Mu'adz,O
000347-003,menuturkan,O
000347-003,",",O
000347-003,"""",O
000347-003,Ada,O
000347-003,dua,O
000347-003,orang,O
000347-003,yang,O
000347-003,lebih,O
000347-003,dahulu,O
000347-003,tiba,O
000347-003,di,O
000347-003,sana,O
000347-003,.,O
000347-003,Mata,O
000347-003,airnya,O
000347-003,hanya,O
000347-003,mengeluarkan,O
000347-003,sedikit,O
000347-003,air,O
000347-003,.,O
000347-003,Beliau,O
000347-003,bertanya,O
000347-003,kepada,O
000347-003,dua,O
000347-003,orang,O
000347-003,itu,O
000347-003,",",O
000347-003,"""",O
000347-003,Apakah,O
000347-003,kalian,O
000347-003,berdua,O
000347-003,sudah,O
000347-003,mengambil,O
000347-003,airnya,O
000347-003,walau,O
000347-003,sedikit,O
000347-003,"?""",O
000347-003,"""",O
000347-003,Sudah,O
000347-003,",""",O
000347-003,jawab,O
000347-003,keduanya,O
000347-003,Beliau,O
000347-003,mengucapkan,O
000347-003,sepatah,O
000347-003,dua,O
000347-003,patah,O
000347-003,kata,O
000347-003,kepada,O
000347-003,keduanya,O
000347-003,seperti,O
000347-003,yang,O
000347-003,dikehendaki,O
000347-003,Allah,O
000347-003,untuk,O
000347-003,dikatakan,O
000347-003,kepada,O
000347-003,mereka,O
000347-003,berdua,O
000347-003,.,O
000347-003,Kemudian,O
000347-003,beliau,O
000347-003,mengambil,O
000347-003,sedikit,O
000347-003,airnya,O
000347-003,lalu,O
000347-003,beliau,O
000347-003,menggunakannya,O
000347-003,untuk,O
000347-003,membasuh,O
000347-003,muka,O
000347-003,dan,O
000347-003,tangan,O
000347-003,.,O
000347-003,Kemudian,O
000347-003,air,O
000347-003,itu,O
000347-003,dikembalikan,O
000347-003,lagi,O
000347-003,ke,O
000347-003,mata,O
000347-003,airnya,O
000347-003,",",O
000347-003,hingga,O
000347-003,airnya,O
000347-003,berlimpah,O
000347-003,ruah,O
000347-003,.,O
000347-003,Maka,O
000347-003,orang-orang,O
000347-003,bisa,O
000347-003,mengambil,O
000347-003,air,O
000347-003,dari,O
000347-003,mata,O
000347-003,air,O
000347-003,itu,O
000347-003,.,O
000347-003,Kemudian,O
000347-003,beliau,O
000347-003,bersabda,O
000347-003,",",O
000347-003,"""",O
000347-003,Wahai,O
000347-003,Mu'adz,O
000347-003,",",O
000347-003,jika,O
000347-003,umurmu,O
000347-003,panjang,O
000347-003,",",O
000347-003,maka,O
000347-003,tak,O
000347-003,seberapa,O
000347-003,lama,O
000347-003,kemudian,O
000347-003,engkau,O
000347-003,akan,O
000347-003,melihat,O
000347-003,di,O
000347-003,sini,O
000347-003,sudah,O
000347-003,penuh,O
000347-003,dengan,O
000347-003,kebun-kebun,O
000347-003,".""",O
000347-003,Saat,O
000347-003,masih,O
000347-003,di,O
000347-003,perjalanan,O
000347-003,ke,O
000347-003,Tabuk,B_LOCATION
000347-003,atau,O
000347-003,menurut,O
000347-003,riwayat,O
000347-003,lain,O
000347-003,sudah,O
000347-003,tiba,O
000347-003,di,O
000347-003,sana,O
000347-003,",",O
000347-003,Rasulullah,B_PERSON
000347-003,bersabda,O
000347-003,",",O
000347-003,"""",O
000347-003,Malam,O
000347-003,ini,O
000347-003,akan,O
000347-003,berhembus,O
000347-003,angin,O
000347-003,y,O
000347-003,ang,O
000347-003,kencang,O
000347-003,".""""",O
000347-003,Ada,O
000347-003,seseorang,O
000347-003,yang,O
000347-003,keluar,O
000347-003,dan,O
000347-003,berdiri,O
000347-003,hingga,O
000347-003,berhembus,O
000347-003,angin,O
000347-003,dan,O
000347-003,jatuh,O
000347-003,di,O
000347-003,celah,O
000347-003,antara,O
000347-003,dua,O
000347-003,bukit,O
000347-003,.,O
000347-003,Dalam,O
000347-003,perjalanan,O
000347-003,ini,O
000347-003,Rasulullah,B_PERSON
000347-003,senantiasa,O
000347-003,menjama',O
000347-003,antara,O
000347-003,shalat,O
000347-003,zhuhur,O
000347-003,dan,O
000347-003,anshar,O
000347-003,",",O
000347-003,magrib,O
000347-003,dan,O
000347-003,isya',O
000347-003,",",O
000347-003,kadang,O
000347-003,dengan,O
000347-003,jama',O
000347-003,taqdim,O
000347-003,kadang,O
000347-003,dengan,O
000347-003,jama',O
000347-003,ta'khir,O
000347-003,.,O
