text_id,token,label
000044-001,Setelah,O
000044-001,Nabi,O
000044-001,merasa,O
000044-001,yakin,O
000044-001,terhadap,O
000044-001,janji,O
000044-001,Abu,B_PERSON
000044-001,Thalib,I_PERSON
000044-001,untuk,O
000044-001,melindungi,O
000044-001,68,O
000044-001,Fiqhus-Sirah,O
000044-001,",",O
000044-001,Ibnu-Atsir,B_PERSON
000044-001,",",O
000044-001,hal,O
000044-001,.,O
000044-001,77-78,O
000044-001,dalam,O
000044-001,menyampaikan,O
000044-001,wahyu,O
000044-001,dari,O
000044-001,Allah,O
000044-001,",",O
000044-001,maka,O
000044-001,suatu,O
000044-001,hari,O
000044-001,beliau,O
000044-001,berdiri,O
000044-001,di,O
000044-001,atas,O
000044-001,Shafa,B_LOCATION
000044-001,",",O
000044-001,lalu,O
000044-001,berseru,O
000044-001,",",O
000044-001,"""",O
000044-001,Wahai,O
000044-001,semua,O
000044-001,orang,O
000044-001,"!""",O
000044-001,Maka,O
000044-001,semua,O
000044-001,suku,O
000044-001,Quraisy,O
000044-001,berkumpul,O
000044-001,memenuhi,O
000044-001,seruan,O
000044-001,beliau,O
000044-001,",",O
000044-001,lalu,O
000044-001,beliau,O
000044-001,mengajak,O
000044-001,mereka,O
000044-001,kepada,O
000044-001,tauhid,O
000044-001,dan,O
000044-001,iman,O
000044-001,kepada,O
000044-001,risalah,O
000044-001,beliau,O
000044-001,serta,O
000044-001,iman,O
000044-001,kepada,O
000044-001,Hari,O
000044-001,Akhirat,O
000044-001,.,O
000044-001,Al-Bukhari,O
000044-001,telah,O
000044-001,meriwayatkan,O
000044-001,sebagian,O
000044-001,dari,O
000044-001,kisah,O
000044-001,ini,O
000044-001,",",O
000044-001,dari,O
000044-001,Ibnu,B_PERSON
000044-001,Abbas,I_PERSON
000044-001,.,O
000044-001,dia,O
000044-001,berkata,O
000044-001,",",O
000044-001,"""",O
000044-001,Tatkala,O
000044-001,turun,O
000044-001,ayat,O
000044-001,",",O
000044-001,"""",O
000044-001,Dan,O
000044-001,",",O
000044-001,berilah,O
000044-001,peringatan,O
000044-001,kepada,O
000044-001,kerabat-,O
000044-001,kerabatmu,O
000044-001,yang,O
000044-001,dekat,O
000044-001,""",",O
000044-001,maka,O
000044-001,Nabi,O
000044-001,naik,O
000044-001,ke,O
000044-001,Shafa,B_LOCATION
000044-001,",",O
000044-001,lalu,O
000044-001,berseru,O
000044-001,",",O
000044-001,Wahai,O
000044-001,Bani,O
000044-001,Fihr,O
000044-001,",",O
000044-001,wahai,O
000044-001,Bani,O
000044-001,Adi!',O
000044-001,yang,O
000044-001,ditunjukan,O
000044-001,kepada,O
000044-001,semua,O
000044-001,suku,O
000044-001,Quraisy,O
000044-001,",",O
000044-001,hingga,O
000044-001,mereka,O
000044-001,berkumpul,O
000044-001,semua,O
000044-001,.,O
000044-001,Jika,O
000044-001,ada,O
000044-001,seseorang,O
000044-001,berhalangan,O
000044-001,hadir,O
000044-001,",",O
000044-001,maka,O
000044-001,dia,O
000044-001,mengirim,O
000044-001,utusan,O
000044-001,untuk,O
000044-001,melihat,O
000044-001,apa,O
000044-001,yang,O
000044-001,sedang,O
000044-001,terjadi,O
000044-001,.,O
000044-001,Abu,B_PERSON
000044-001,Lahab,I_PERSON
000044-001,berserta,O
000044-001,para,O
000044-001,pemuka,O
000044-001,Quraisy,O
000044-001,juga,O
000044-001,ikut,O
000044-001,datang,O
000044-001,.,O
000044-001,Beliau,O
000044-001,melanjutkan,O
000044-001,",",O
000044-001,"""",O
000044-001,Apa,O
000044-001,pendapat,O
000044-001,kalian,O
000044-001,jika,O
000044-001,kukabarkan,O
000044-001,bahwa,O
000044-001,di,O
000044-001,lembah,O
000044-001,ini,O
000044-001,ada,O
000044-001,pasukan,O
000044-001,kuda,O
000044-001,yang,O
000044-001,mengepung,O
000044-001,kalian,O
000044-001,",",O
000044-001,apakah,O
000044-001,kalian,O
000044-001,percaya,O
000044-001,kepadaku,O
000044-001,"?""",O
000044-001,"""",O
000044-001,Benar,O
000044-001,",""",O
000044-001,jawab,O
000044-001,mereka,O
000044-001,",",O
000044-001,"""",O
000044-001,kami,O
000044-001,tidak,O
000044-001,pernah,O
000044-001,mempunyai,O
000044-001,pengalaman,O
000044-001,bersama,O
000044-001,engkau,O
000044-001,kecuali,O
000044-001,kejujuran,O
000044-001,".""",O
000044-001,Beliau,O
000044-001,bersabda,O
000044-001,",",O
000044-001,Sesungguhnya,O
000044-001,aku,O
000044-001,memberi,O
000044-001,peringatan,O
000044-001,kepada,O
000044-001,kalian,O
000044-001,sebeluam,O
000044-001,datangnya,O
000044-001,adzab,O
000044-001,yang,O
000044-001,pedih,O
000044-001,".""",O
000044-001,Abu,B_PERSON
000044-001,Lahab,I_PERSON
000044-001,berkata,O
000044-001,",",O
000044-001,"""",O
000044-001,Celakalah,O
000044-001,engkau,O
000044-001,untuk,O
000044-001,selama-lamanya,O
000044-001,.,O
000044-001,Untuk,O
000044-001,inikah,O
000044-001,engkau,O
000044-001,mengumpulkan,O
000044-001,kami,O
000044-001,"?""",O
000044-001,Lalu,O
000044-001,turun,O
000044-001,ayat,O
000044-001,",",O
000044-001,Celakalah,O
000044-001,kedua,O
000044-001,tangan,O
000044-001,Abu,B_PERSON
000044-001,Lahab,I_PERSON
000044-001,""".",O
000048-004,Demi,O
000048-004,Allah,O
000048-004,",",O
000048-004,telah,O
000048-004,datang,O
000048-004,satu,O
000048-004,urusan,O
000048-004,yang,O
000048-004,kalian,O
000048-004,belum,O
000048-004,juga,O
000048-004,bisa,O
000048-004,mencari,O
000048-004,alasan,O
000048-004,untuk,O
000048-004,menghadapinya,O
000048-004,.,O
000048-004,Muhammad,B_PERSON
000048-004,adalah,O
000048-004,seorang,O
000048-004,pemuda,O
000048-004,belia,O
000048-004,di,O
000048-004,tengah,O
000048-004,kalian,O
000048-004,",",O
000048-004,yang,O
000048-004,paling,O
000048-004,kalian,O
000048-004,ridhai,O
000048-004,",",O
000048-004,paling,O
000048-004,jujur,O
000048-004,perkataannya,O
000048-004,dan,O
000048-004,paling,O
000048-004,besar,O
000048-004,amanatnya,O
000048-004,",",O
000048-004,sehingga,O
000048-004,tatkala,O
000048-004,kalian,O
000048-004,melihat,O
000048-004,uban,O
000048-004,di,O
000048-004,kedua,O
000048-004,pelipisnya,O
000048-004,dan,O
000048-004,dia,O
000048-004,membawa,O
000048-004,apa,O
000048-004,yang,O
000048-004,telah,O
000048-004,dia,O
000048-004,bawa,O
000048-004,kepada,O
000048-004,kalian,O
000048-004,",",O
000048-004,tiba-tiba,O
000048-004,kalian,O
000048-004,mengatakan,O
000048-004,",",O
000048-004,Dia,O
000048-004,adalah,O
000048-004,laki-laki,O
000048-004,penyihir.',O
000048-004,Tidak,O
000048-004,",",O
000048-004,demi,O
000048-004,Allah,O
000048-004,",",O
000048-004,dia,O
000048-004,bukanlah,O
000048-004,laki-laki,O
000048-004,penyihir,O
000048-004,.,O
000048-004,Kita,O
000048-004,sudah,O
000048-004,mengetahui,O
000048-004,para,O
000048-004,penyihir,O
000048-004,.,O
000048-004,hembusan,O
000048-004,dan,O
000048-004,buhul,O
000048-004,talinya,O
000048-004,.,O
000048-004,Kalian,O
000048-004,mengatakan,O
000048-004,",",O
000048-004,Dia,O
000048-004,adalah,O
000048-004,dukun',O
000048-004,.,O
000048-004,Tidak,O
000048-004,",",O
000048-004,demi,O
000048-004,Allah,O
000048-004,",",O
000048-004,dia,O
000048-004,bukanlah,O
000048-004,dukun,O
000048-004,.,O
000048-004,Kita,O
000048-004,sudah,O
000048-004,pernah,O
000048-004,melihat,O
000048-004,dukun-,O
000048-004,dukun,O
000048-004,",",O
000048-004,yang,O
000048-004,komat-kamit,O
000048-004,dan,O
000048-004,membacakan,O
000048-004,mantera,O
000048-004,.,O
000048-004,Kalian,O
000048-004,mengatakan,O
000048-004,.,O
000048-004,Dia,O
000048-004,adalah,O
000048-004,penyair.',O
000048-004,Tidak,O
000048-004,",",O
000048-004,demi,O
000048-004,Allah,O
000048-004,",",O
000048-004,dia,O
000048-004,bukanlah,O
000048-004,penyair,O
000048-004,.,O
000048-004,Kita,O
000048-004,sudah,O
000048-004,mengetahui,O
000048-004,syair,O
000048-004,dan,O
000048-004,mendengar,O
000048-004,semua,O
000048-004,jenis-jenisnya,O
000048-004,",",O
000048-004,baik,O
000048-004,hazaj,O
000048-004,maupun,O
000048-004,rajaz,O
000048-004,.,O
000048-004,Kalian,O
000048-004,berkata,O
000048-004,",",O
000048-004,Dia,O
000048-004,adalah,O
000048-004,orang,O
000048-004,sinting.',O
000048-004,Tidak,O
000048-004,",",O
000048-004,demi,O
000048-004,Allah,O
000048-004,",",O
000048-004,dia,O
000048-004,bukan,O
000048-004,orang,O
000048-004,sinting,O
000048-004,.,O
000048-004,Kita,O
000048-004,sudah,O
000048-004,mengetahui,O
000048-004,orang-orang,O
000048-004,yang,O
000048-004,sinting,O
000048-004,.,O
000048-004,sementara,O
000048-004,dia,O
000048-004,tidak,O
000048-004,menangis,O
000048-004,tersedu-sedu,O
000048-004,",",O
000048-004,tidak,O
000048-004,bertindak,O
000048-004,sekenanya,O
000048-004,dan,O
000048-004,tidak,O
000048-004,berbisik-bisik,O
000048-004,layaknya,O
000048-004,orang,O
000048-004,sinting,O
000048-004,.,O
000048-004,Wahai,O
000048-004,semua,O
000048-004,orang,O
000048-004,Quraisy,O
000048-004,.,O
000048-004,Lihatlah,O
000048-004,lagi,O
000048-004,kedudukan,O
000048-004,kalian,O
000048-004,.,O
000048-004,Demi,O
000048-004,Allah,O
000048-004,",",O
000048-004,kini,O
000048-004,ada,O
000048-004,urusan,O
000048-004,besar,O
000048-004,yang,O
000048-004,datang,O
000048-004,kepada,O
000048-004,kalian,O
000048-004,".""",O
000048-004,Kemudian,O
000048-004,An-Nadhr,B_PERSON
000048-004,pergi,O
000048-004,ke,O
000048-004,Hirah,O
000048-004,.,O
000048-004,Di,O
000048-004,sana,O
000048-004,dia,O
000048-004,mempelajari,O
000048-004,kisah,O
000048-004,para,O
000048-004,raja,O
000048-004,Persi,O
000048-004,",",O
000048-004,perkataan,O
000048-004,Rustum,O
000048-004,dan,O
000048-004,Asfandiyar,O
000048-004,.,O
000049-002,Terlebih,O
000049-002,lagi,O
000049-002,beliau,O
000049-002,mendapat,O
000049-002,perlidungan,O
000049-002,Abu,B_PERSON
000049-002,Thalib,I_PERSON
000049-002,.,O
000049-002,Sementara,O
000049-002,Abu,B_PERSON
000049-002,Thalib,I_PERSON
000049-002,adalah,O
000049-002,orang,O
000049-002,yang,O
000049-002,terhormat,O
000049-002,.,O
000049-002,Tak,O
000049-002,seorang,O
000049-002,pun,O
000049-002,berani,O
000049-002,melanggar,O
000049-002,perlindungan,O
000049-002,yang,O
000049-002,diberikannya,O
000049-002,.,O
000049-002,Keadaan,O
000049-002,seperti,O
000049-002,ini,O
000049-002,benar-benar,O
000049-002,menggelisahkan,O
000049-002,hati,O
000049-002,orang-orang,O
000049-002,Quraisy,O
000049-002,",",O
000049-002,membuat,O
000049-002,mereka,O
000049-002,bingung,O
000049-002,harus,O
000049-002,berbuat,O
000049-002,apa,O
000049-002,.,O
000049-002,Mereka,O
000049-002,tetap,O
000049-002,menahan,O
000049-002,kegeraman,O
000049-002,sekian,O
000049-002,lama,O
000049-002,dalam,O
000049-002,menghadapi,O
000049-002,dakwah,O
000049-002,",",O
000049-002,yang,O
000049-002,bisa,O
000049-002,memusnahkan,O
000049-002,kepemimpinan,O
000049-002,mereka,O
000049-002,dalam,O
000049-002,agama,O
000049-002,(,O
000049-002,Jahiliyah,O
000049-002,),O
000049-002,dan,O
000049-002,keduniaan,O
000049-002,.,O
000049-002,Oleh,O
000049-002,karena,O
000049-002,itu,O
000049-002,mereka,O
000049-002,mulai,O
000049-002,melancarkan,O
000049-002,serangan,O
000049-002,terhadap,O
000049-002,Nabi,O
000049-002,yang,O
000049-002,dikomandani,O
000049-002,Abu,B_PERSON
000049-002,Lahab,I_PERSON
000049-002,.,O
000049-002,Sikap,O
000049-002,Abu,B_PERSON
000049-002,Lahab,I_PERSON
000049-002,ini,O
000049-002,sudah,O
000049-002,ditunjukkan,O
000049-002,terhadap,O
000049-002,beliau,O
000049-002,sejak,O
000049-002,hari,O
000049-002,pertama,O
000049-002,",",O
000049-002,sebelum,O
000049-002,orang-orang,O
000049-002,Quraisy,O
000049-002,yang,O
000049-002,lain,O
000049-002,bertindak,O
000049-002,Di,O
000049-002,bagian,O
000049-002,terdahulu,O
000049-002,sudah,O
000049-002,kami,O
000049-002,singgung,O
000049-002,tentang,O
000049-002,sikapnya,O
000049-002,terhadap,O
000049-002,Nabi,O
000049-002,di,O
000049-002,pertemuan,O
000049-002,Bani,O
000049-002,Hasyim,O
000049-002,dan,O
000049-002,apa,O
000049-002,yang,O
000049-002,dilakukannya,O
000049-002,di,O
000049-002,bukit,O
000049-002,Shafa,B_LOCATION
000049-002,.,O
000049-002,Di,O
000049-002,dalam,O
000049-002,beberapa,O
000049-002,riwayat,O
000049-002,disebutkan,O
000049-002,bahwa,O
000049-002,tatkala,O
000049-002,di,O
000049-002,Shafa,B_LOCATION
000049-002,itu,O
000049-002,",",O
000049-002,Abu,B_PERSON
000049-002,Lahab,I_PERSON
000049-002,memungut,O
000049-002,sebuah,O
000049-002,batu,O
000049-002,dan,O
000049-002,menimpukkannya,O
000049-002,kepada,O
000049-002,beliau,O
000049-002,.,O
000049-002,Sebelum,O
000049-002,itu,O
000049-002,",",O
000049-002,Abu,B_PERSON
000049-002,Lahab,I_PERSON
000049-002,sudah,O
000049-002,menikahkan,O
000049-002,kedua,O
000049-002,anaknya,O
000049-002,",",O
000049-002,Utbah,B_PERSON
000049-002,dan,O
000049-002,Utaibah,O
000049-002,dengan,O
000049-002,kedua,O
000049-002,putri,O
000049-002,beliau,O
000049-002,",",O
000049-002,Ruqayyah,O
000049-002,dan,O
000049-002,Ummu,B_PERSON
000049-002,Kultsum,I_PERSON
000049-002,",",O
000049-002,tepatnya,O
000049-002,sebelum,O
000049-002,beliau,O
000049-002,diutus,O
000049-002,sebagai,O
000049-002,Rasul,O
000049-002,.,O
000049-002,Tetapi,O
000049-002,setelah,O
000049-002,itu,O
000049-002,dia,O
000049-002,menyuruh,O
000049-002,kedua,O
000049-002,anaknya,O
000049-002,untuk,O
000049-002,menceraikan,O
000049-002,istrinya,O
000049-002,masing-masing,O
000049-002,",",O
000049-002,dengan,O
000049-002,disertai,O
000049-002,ancaman,O
000049-002,keras,O
000049-002,.,O
000049-002,Tidak,O
000049-002,ada,O
000049-002,pilihan,O
000049-002,bagi,O
000049-002,kedua,O
000049-002,anak,O
000049-002,Abu,B_PERSON
000049-002,Lahab,I_PERSON
000049-002,kecuali,O
000049-002,menceraikan,O
000049-002,istrinya,O
000049-002,Setelah,O
000049-002,Abdullah,O
000049-002,",",O
000049-002,putra,O
000049-002,Rasulullah,B_PERSON
000049-002,yang,O
000049-002,kedua,O
000049-002,meninggal,O
000049-002,dunia,O
000049-002,",",O
000049-002,Abu,B_PERSON
000049-002,Lahab,I_PERSON
000049-002,merasa,O
000049-002,senang,O
000049-002,sekali,O
000049-002,.,O
000049-002,Seketika,O
000049-002,itu,O
000049-002,dia,O
000049-002,menemui,O
000049-002,rekan-rekannya,O
000049-002,dan,O
000049-002,mengatakan,O
000049-002,kepada,O
000049-002,mereka,O
000049-002,bahwa,O
000049-002,Muhammad,B_PERSON
000049-002,sudah,O
000049-002,terputus,O
000049-002,dari,O
000049-002,rahmat,O
000049-002,Allah,O
000049-002,.,O
000049-007,blak-blakan,O
000049-007,",",O
000049-007,dengan,O
000049-007,memelototkan,O
000049-007,mata,O
000049-007,dan,O
000049-007,mencemooh,O
000049-007,.,O
000049-007,Sedangkan,O
000049-007,lumazal,O
000049-007,artinya,O
000049-007,mencela,O
000049-007,orang,O
000049-007,lain,O
000049-007,secara,O
000049-007,sembunyi-sembunyi,O
000049-007,atau,O
000049-007,mengganggunya,O
000049-007,.,O
000049-007,Saudara,O
000049-007,Umayyah,B_PERSON
000049-007,bin,I_PERSON
000049-007,Khalaf,I_PERSON
000049-007,",",O
000049-007,Ubay,B_PERSON
000049-007,bin,I_PERSON
000049-007,Khalaf,I_PERSON
000049-007,",",O
000049-007,tak,O
000049-007,jauh,O
000049-007,berbeda,O
000049-007,dengan,O
000049-007,Uqbah,B_PERSON
000049-007,bin,I_PERSON
000049-007,Abu,I_PERSON
000049-007,Mu'ith,I_PERSON
000049-007,.,O
000049-007,Suatu,O
000049-007,kali,O
000049-007,Uqbah,O
000049-007,mengintip,O
000049-007,di,O
000049-007,dekat,O
000049-007,Nabi,O
000049-007,dan,O
000049-007,mendengarkan,O
000049-007,bacaan,O
000049-007,Al-Qur,O
000049-007,an,O
000049-007,dari,O
000049-007,beliau,O
000049-007,.,O
000049-007,Tatkala,O
000049-007,tindakannya,O
000049-007,ini,O
000049-007,didengar,O
000049-007,dan,O
000049-007,diketahui,O
000049-007,Ubay,O
000049-007,",",O
000049-007,maka,O
000049-007,Ubay,O
000049-007,langsung,O
000049-007,menyindir,O
000049-007,dan,O
000049-007,mengejeknya,O
000049-007,",",O
000049-007,lalu,O
000049-007,dia,O
000049-007,meminta,O
000049-007,agar,O
000049-007,Uqbah,B_PERSON
000049-007,meludahi,O
000049-007,wajah,O
000049-007,beliau,O
000049-007,.,O
000049-007,Ternyata,O
000049-007,Uqbah,B_PERSON
000049-007,benar-benar,O
000049-007,melakukan,O
000049-007,anjuran,O
000049-007,itu,O
000049-007,.,O
000049-007,Ubay,B_PERSON
000049-007,bin,O
000049-007,Khalaf,I_PERSON
000049-007,sendiri,O
000049-007,meremukkan,O
000049-007,tulang-belulang,O
000049-007,hingga,O
000049-007,hancur,O
000049-007,",",O
000049-007,lalu,O
000049-007,menaburkannya,O
000049-007,menurut,O
000049-007,arah,O
000049-007,mata,O
000049-007,angin,O
000049-007,yang,O
000049-007,berhembus,O
000049-007,ke,O
000049-007,arah,O
000049-007,beliau,O
000049-007,.,O
000049-007,Al-Akhnas,B_PERSON
000049-007,bin,I_PERSON
000049-007,Syariq,I_PERSON
000049-007,Ats-Tsaqafi,O
000049-007,termasuk,O
000049-007,orang,O
000049-007,yang,O
000049-007,menyakiti,O
000049-007,Rasulullah,B_PERSON
000049-007,.,O
000049-007,Al-Qur'an,O
000049-007,memberinya,O
000049-007,sembilan,O
000049-007,sifat,O
000049-007,yang,O
000049-007,menunjukkan,O
000049-007,keadaan,O
000049-007,dirinya,O
000049-007,",",O
000049-007,yaitu,O
000049-007,dalam,O
000049-007,firman,O
000049-007,Allah,O
000049-007,",",O
000049-007,"""",O
000049-007,Dan,O
000049-007,janganlah,O
000049-007,kamu,O
000049-007,ikuti,O
000049-007,setiap,O
000049-007,orang,O
000049-007,yang,O
000049-007,banyak,O
000049-007,bersumpah,O
000049-007,lagi,O
000049-007,hina,O
000049-007,",",O
000049-007,yang,O
000049-007,banyak,O
000049-007,mencela,O
000049-007,",",O
000049-007,yang,O
000049-007,kian,O
000049-007,ke,O
000049-007,mari,O
000049-007,menghambur,O
000049-007,fitnah,O
000049-007,",",O
000049-007,yang,O
000049-007,banyak,O
000049-007,menghalangi,O
000049-007,perbuatan,O
000049-007,baik,O
000049-007,",",O
000049-007,yang,O
000049-007,melampaui,O
000049-007,batas,O
000049-007,lagi,O
000049-007,banyak,O
000049-007,dosa,O
000049-007,",",O
000049-007,yang,O
000049-007,kaku,O
000049-007,kasar,O
000049-007,",",O
000049-007,selain,O
000049-007,dari,O
000049-007,itu,O
000049-007,",",O
000049-007,yang,O
000049-007,terkenal,O
000049-007,kejahatannya,O
000049-007,",",O
000049-007,"""",O
000049-007,(,O
000049-007,Al-Qalam,O
000049-007,:,O
000049-007,10-13,O
000049-007,),O
000049-007,Kadang-kadang,O
000049-007,Abu,B_PERSON
000049-007,Jahal,I_PERSON
000049-007,mendekati,O
000049-007,Nabi,O
000049-007,untuk,O
000049-007,mendengarkan,O
000049-007,bacaan,O
000049-007,Al-Qur',O
000049-007,an,O
000049-007,",",O
000049-007,kemudian,O
000049-007,beranjak,O
000049-007,pergi,O
000049-007,.,O
000049-007,Namun,O
000049-007,tiada,O
000049-007,juga,O
000049-007,dia,O
000049-007,beriman,O
000049-007,dan,O
000049-007,tunduk,O
000049-007,",",O
000049-007,tidak,O
000049-007,mau,O
000049-007,mengambil,O
000049-007,pelajaran,O
000049-007,dan,O
000049-007,tidak,O
000049-007,takut,O
000049-007,.,O
000049-007,Dia,O
000049-007,mengganggu,O
000049-007,beliau,O
000049-007,dengan,O
000049-007,kata-kata,O
000049-007,",",O
000049-007,menghalangi,O
000049-007,orang,O
000049-007,dari,O
000049-007,jalan,O
000049-007,Allah,O
000049-007,",",O
000049-007,kemudian,O
000049-007,beranjak,O
000049-007,pergi,O
000049-007,sambil,O
000049-007,menyombongkan,O
000049-007,tindakannya,O
000049-007,sendiri,O
000049-007,dan,O
000049-007,bangga,O
000049-007,karena,O
000049-007,telah,O
000049-007,berbuat,O
000049-007,jahat,O
000049-007,.,O
000051-003,Rasulullah,B_PERSON
000051-003,sudah,O
000051-003,tahu,O
000051-003,bahwa,O
000051-003,Ashhamah,O
000051-003,An-Najasyi,B_PERSON
000051-003,",",O
000051-003,raja,O
000051-003,yang,O
000051-003,berkuasa,O
000051-003,di,O
000051-003,Habasyah,B_LOCATION
000051-003,adalah,O
000051-003,seorang,O
000051-003,raja,O
000051-003,yang,O
000051-003,adil,O
000051-003,",",O
000051-003,tak,O
000051-003,bakal,O
000051-003,ada,O
000051-003,seorang,O
000051-003,pun,O
000051-003,yang,O
000051-003,teraniaya,O
000051-003,di,O
000051-003,sisinya,O
000051-003,.,O
000051-003,Oleh,O
000051-003,karena,O
000051-003,itu,O
000051-003,beliau,O
000051-003,memerintahkan,O
000051-003,agar,O
000051-003,beberapa,O
000051-003,orang,O
000051-003,Muslim,O
000051-003,hijrah,O
000051-003,ke,O
000051-003,Habasyah,B_LOCATION
000051-003,",",O
000051-003,melepaskan,O
000051-003,diri,O
000051-003,dari,O
000051-003,cobaan,O
000051-003,sambil,O
000051-003,membawa,O
000051-003,agamanya,O
000051-003,.,O
000051-003,Pada,O
000051-003,bulan,B_TIME
000051-003,Rajab,I_TIME
000051-003,tahun,O
000051-003,kelima,O
000051-003,dari,O
000051-003,nubuwah,O
000051-003,",",O
000051-003,sekelompok,O
000051-003,sahabat,O
000051-003,hijrah,O
000051-003,yang,O
000051-003,pertama,O
000051-003,kali,O
000051-003,ke,O
000051-003,Habasyah,B_LOCATION
000051-003,",",O
000051-003,terdiri,O
000051-003,dari,O
000051-003,dua,O
000051-003,belas,O
000051-003,orang,O
000051-003,laki-laki,O
000051-003,dan,O
000051-003,empat,O
000051-003,orang,O
000051-003,wanita,O
000051-003,",",O
000051-003,yang,O
000051-003,dipimpin,O
000051-003,Utsman,B_PERSON
000051-003,bin,I_PERSON
000051-003,Affan,I_PERSON
000051-003,.,O
000051-003,Dalam,O
000051-003,rombongan,O
000051-003,ini,O
000051-003,ikut,O
000051-003,pula,O
000051-003,Sayyidah,O
000051-003,Ruqayyah,O
000051-003,",",O
000051-003,putri,O
000051-003,Rasulullah,B_PERSON
000051-003,.,O
000051-003,Beliau,O
000051-003,bersabda,O
000051-003,tentang,O
000051-003,keduanya,O
000051-003,",",O
000051-003,"""",O
000051-003,Mereka,O
000051-003,berdua,O
000051-003,adalah,O
000051-003,penduduk,O
000051-003,Baitul-Haram,O
000051-003,pertama,O
000051-003,yang,O
000051-003,hijrah,O
000051-003,di,O
000051-003,jalan,O
000051-003,Allah,O
000051-003,setelah,O
000051-003,Ibrahim,B_PERSON
000051-003,dan,O
000051-003,83,O
000051-003,Mukhashar,O
000051-003,Siratir-Rasul,O
000051-003,",",O
000051-003,Syaikh,O
000051-003,Abdullah,O
000051-003,An-Najdi,O
000051-003,",",O
000051-003,hal,O
000051-003,.,O
000051-003,92-93,O
000051-003,;,O
000051-003,Zadul-Ma'd,O
000051-003,",",O
000051-003,1/24,O
000051-003,;,O
000051-003,Rahmah,O
000051-003,Lil-,O
000051-003,'alamin,O
000051-003,",",O
000051-003,1/61,O
000051-003,.,O
000051-003,Dengan,O
000051-003,berjalan,O
000051-003,mengendap-ngendap,O
000051-003,di,O
000051-003,tengah,O
000051-003,malam,O
000051-003,",",O
000051-003,mereka,O
000051-003,pergi,O
000051-003,menuju,O
000051-003,pinggir,O
000051-003,pantai,O
000051-003,",",O
000051-003,agar,O
000051-003,tidak,O
000051-003,diketahui,O
000051-003,orang-orang,O
000051-003,Quraisy,O
000051-003,.,O
000051-003,Secara,O
000051-003,kebetulan,O
000051-003,saat,O
000051-003,mereka,O
000051-003,tiba,O
000051-003,di,O
000051-003,pelabuhan,O
000051-003,Syaiban,B_TIME
000051-003,",",O
000051-003,ada,O
000051-003,dua,O
000051-003,kapal,O
000051-003,datang,O
000051-003,yang,O
000051-003,bertolak,O
000051-003,menuju,O
000051-003,Habasyah,B_LOCATION
000051-003,.,O
000051-003,Setelah,O
000051-003,orang-orang,O
000051-003,Quraisy,O
000051-003,mengetahui,O
000051-003,kepergian,O
000051-003,orang-orang,O
000051-003,Muslim,O
000051-003,ini,O
000051-003,",",O
000051-003,mereka,O
000051-003,segera,O
000051-003,mengejar,O
000051-003,.,O
000051-003,Tetapi,O
000051-003,tatkala,O
000051-003,mereka,O
000051-003,tiba,O
000051-003,di,O
000051-003,pinggir,O
000051-003,pantai,O
000051-003,",",O
000051-003,orang-orang,O
000051-003,Muslim,O
000051-003,sudah,O
000051-003,bertolak,O
000051-003,dengan,O
000051-003,selamat,O
000051-003,.,O
000051-003,Orang,O
000051-003,orang,O
000051-003,Muslim,O
000051-003,hidup,O
000051-003,di,O
000051-003,sana,O
000051-003,dengan,O
000051-003,mendapat,O
000051-003,perlakuan,O
000051-003,yang,O
000051-003,baik,O
000051-003,.,O
000051-003,Pada,O
000051-003,bulan,B_TIME
000051-003,Ramadhan,I_TIME
000051-003,di,O
000051-003,tahun,O
000051-003,yang,O
000051-003,sama,O
000051-003,",",O
000051-003,Nabi,O
000051-003,keluar,O
000051-003,dari,O
000051-003,Masjidil,B_LOCATION
000051-003,Haram,I_LOCATION
000051-003,",",O
000051-003,yang,O
000051-003,saat,O
000051-003,itu,O
000051-003,para,O
000051-003,pemuka,O
000051-003,dan,O
000051-003,pembesar,O
000051-003,Quraisy,O
000051-003,sedang,O
000051-003,berkumpul,O
000051-003,di,O
000051-003,sana,O
000051-003,.,O
000051-004,Pada,O
000051-004,bulan,B_TIME
000051-004,Ramadhan,I_TIME
000051-004,di,O
000051-004,tahun,O
000051-004,yang,O
000051-004,sama,O
000051-004,",",O
000051-004,Nabi,O
000051-004,keluar,O
000051-004,dari,O
000051-004,Masjidil,B_LOCATION
000051-004,Haram,I_LOCATION
000051-004,",",O
000051-004,yang,O
000051-004,saat,O
000051-004,itu,O
000051-004,para,O
000051-004,pemuka,O
000051-004,dan,O
000051-004,pembesar,O
000051-004,Quraisy,O
000051-004,sedang,O
000051-004,berkumpul,O
000051-004,di,O
000051-004,sana,O
000051-004,.,O
000051-004,Beliau,O
000051-004,berdiri,O
000051-004,di,O
000051-004,hadapan,O
000051-004,mereka,O
000051-004,",",O
000051-004,lalu,O
000051-004,seketika,O
000051-004,itu,O
000051-004,pula,O
000051-004,membacakan,O
000051-004,surat,O
000051-004,An-Najm,O
000051-004,.,O
000051-004,Orang-orang,O
000051-004,kafir,O
000051-004,itu,O
000051-004,tidak,O
000051-004,pernah,O
000051-004,mendengarkan,O
000051-004,kalam,O
000051-004,Allah,O
000051-004,yang,O
000051-004,seperti,O
000051-004,itu,O
000051-004,sebelumnya,O
000051-004,.,O
000051-004,Sebab,O
000051-004,redaksi,O
000051-004,mereka,O
000051-004,panjang-panjang,O
000051-004,seperti,O
000051-004,biasanya,O
000051-004,",",O
000051-004,memaksa,O
000051-004,sebagian,O
000051-004,di,O
000051-004,antara,O
000051-004,mereka,O
000051-004,untuk,O
000051-004,menjelaskan,O
000051-004,kepada,O
000051-004,sebagian,O
000051-004,yang,O
000051-004,lain,O
000051-004,",",O
000051-004,seperti,O
000051-004,yang,O
000051-004,dijelaskan,O
000051-004,Allah,O
000051-004,",",O
000051-004,"""",O
000051-004,Dan,O
000051-004,orang-orang,O
000051-004,yang,O
000051-004,kafir,O
000051-004,berkata,O
000051-004,",",O
000051-004,Janganlah,O
000051-004,kalian,O
000051-004,mendengar,O
000051-004,dengan,O
000051-004,sungguh-sungguh,O
000051-004,akan,O
000051-004,Al-Qur'an,O
000051-004,ini,O
000051-004,dan,O
000051-004,buatlah,O
000051-004,hiruk,O
000051-004,pikuk,O
000051-004,terhadapnya,O
000051-004,",",O
000051-004,supaya,O
000051-004,kalian,O
000051-004,dapat,O
000051-004,mengalahkannya,O
000051-004,".""",O
000051-004,(,O
000051-004,Fushshilat,O
000051-004,:,O
000051-004,26,O
000051-004,),O
000051-004,Tetapi,O
000051-004,tatkala,O
000051-004,dilantunkan,O
000051-004,bacaan,O
000051-004,surat,O
000051-004,ini,O
000051-004,",",O
000051-004,gendang,O
000051-004,telinga,O
000051-004,mereka,O
000051-004,diketuk,O
000051-004,kalam,O
000051-004,Ilahi,O
000051-004,yang,O
000051-004,indah,O
000051-004,menawan,O
000051-004,",",O
000051-004,yang,O
000051-004,keindahannya,O
000051-004,sulit,O
000051-004,dilukiskan,O
000051-004,dengan,O
000051-004,suatu,O
000051-004,gambaran,O
000051-004,",",O
000051-004,mereka,O
000051-004,pun,O
000051-004,diam,O
000051-004,terpesona,O
000051-004,",",O
000051-004,menyimak,O
000051-004,isinya,O
000051-004,dan,O
000051-004,semua,O
000051-004,orang,O
000051-004,khidmat,O
000051-004,mendengarnya,O
000051-004,",",O
000051-004,sehingga,O
000051-004,tidak,O
000051-004,ada,O
000051-004,pikiran,O
000051-004,lain,O
000051-004,yang,O
000051-004,melintas,O
000051-004,di,O
000051-004,dalam,O
000051-004,benak,O
000051-004,mereka,O
000051-004,.,O
000051-004,Tatkala,O
000051-004,beliau,O
000051-004,membacakan,O
000051-004,penutup,O
000051-004,surat,O
000051-004,ini,O
000051-004,",",O
000051-004,hati,O
000051-004,mereka,O
000051-004,serasa,O
000051-004,terbang,O
000051-004,.,O
000051-004,Akhirnya,O
000051-004,beliau,O
000051-004,membaca,O
000051-004,ayat,O
000051-004,terakhir,O
000051-004,",",O
000051-004,'Maka,O
000051-004,bersujudlah,O
000051-004,kepada,O
000051-004,Allah,O
000051-004,dan,O
000051-004,sembahlah,O
000051-004,(,O
000051-004,Dia,O
000051-004,),O
000051-004,""".",O
000051-004,(,O
000051-004,An-Najam,O
000051-004,:,O
000051-004,62,O
000051-004,),O
000051-004,Mereka,O
000051-004,pun,O
000051-004,sujud,O
000051-004,.,O
000051-004,Tak,O
000051-004,seorang,O
000051-004,pun,O
000051-004,mampu,O
000051-004,menguasai,O
000051-004,diri,O
000051-004,",",O
000051-004,dan,O
000051-004,mereka,O
000051-004,semua,O
000051-004,merunduk,O
000051-004,dalam,O
000051-004,keadaan,O
000051-004,sujud,O
000051-004,.,O
000051-004,Sebenarnya,O
000051-004,sinar-sinar,O
000051-004,kebenaran,O
000051-004,telah,O
000051-004,merasuk,O
000051-004,ke,O
000051-004,dalam,O
000051-004,jiwa,O
000051-004,orang-orang,O
000051-004,yang,O
000051-004,sombong,O
000051-004,dan,O
000051-004,selalu,O
000051-004,mengolok-ngolok,O
000051-004,itu,O
000051-004,.,O
000051-004,Mereka,O
000051-004,tidak,O
000051-004,mampu,O
000051-004,menahan,O
000051-004,diri,O
000051-004,untuk,O
000051-004,sujud,O
000051-004,.,O
000051-004,4,O
000051-004,84,O
000051-004,Tafhimul-Qur,O
000051-004,'an,O
000051-004,",",O
000051-004,5/188,O
000051-004,.,O
000051-005,4,O
000051-005,84,O
000051-005,Tafhimul-Qur,O
000051-005,'an,O
000051-005,",",O
000051-005,5/188,O
000051-005,.,O
000051-005,Makna,O
000051-005,ini,O
000051-005,yang,O
000051-005,bisa,O
000051-005,disimpulkan,O
000051-005,para,O
000051-005,peneliti,O
000051-005,mengenai,O
000051-005,hadits,O
000051-005,Gharaniq,O
000051-005,.,O
000051-005,Apa,O
000051-005,yang,O
000051-005,selama,O
000051-005,itu,O
000051-005,mereka,O
000051-005,pegang,O
000051-005,telah,O
000051-005,jatuh,O
000051-005,",",O
000051-005,karena,O
000051-005,mereka,O
000051-005,merasakan,O
000051-005,keagungan,O
000051-005,kalam,O
000051-005,Allah,O
000051-005,yang,O
000051-005,benar-benar,O
000051-005,telah,O
000051-005,menguasai,O
000051-005,kendali,O
000051-005,mereka,O
000051-005,.,O
000051-005,Saat,O
000051-005,itu,O
000051-005,mereka,O
000051-005,melakukan,O
000051-005,apa,O
000051-005,yang,O
000051-005,sebelumnya,O
000051-005,hendak,O
000051-005,mereka,O
000051-005,punahkan,O
000051-005,dan,O
000051-005,basmi,O
000051-005,.,O
000051-005,Maka,O
000051-005,setelah,O
000051-005,itu,O
000051-005,mereka,O
000051-005,yang,O
000051-005,sujud,O
000051-005,itu,O
000051-005,mendapat,O
000051-005,cercaan,O
000051-005,dan,O
000051-005,makian,O
000051-005,dari,O
000051-005,segala,O
000051-005,arah,O
000051-005,",",O
000051-005,yaitu,O
000051-005,dilontarkan,O
000051-005,orang-orang,O
000051-005,musyrik,O
000051-005,yang,O
000051-005,tidak,O
000051-005,ikut,O
000051-005,sujud,O
000051-005,.,O
000051-005,Pada,O
000051-005,saat,O
000051-005,itulah,O
000051-005,mereka,O
000051-005,mendustakan,O
000051-005,Rasulullah,B_PERSON
000051-005,dan,O
000051-005,mengada-ngadakan,O
000051-005,perkataan,O
000051-005,untuk,O
000051-005,memojokkan,O
000051-005,beliau,O
000051-005,",",O
000051-005,bahwa,O
000051-005,beliau,O
000051-005,menyebutkan,O
000051-005,nama-nama,O
000051-005,berhala,O
000051-005,mereka,O
000051-005,dengan,O
000051-005,ungkapan,O
000051-005,berisi,O
000051-005,sanjungan,O
000051-005,",",O
000051-005,bahwa,O
000051-005,beliau,O
000051-005,berkata,O
000051-005,tentang,O
000051-005,berhala-berhala,O
000051-005,itu,O
000051-005,.,O
000051-005,"""",O
000051-005,Itulah,O
000051-005,Gharaniq,O
000051-005,yang,O
000051-005,luhur,O
000051-005,",",O
000051-005,yang,O
000051-005,syafaatnya,O
000051-005,benar-benar,O
000051-005,diharapkan,O
000051-005,".""",O
000051-005,Mereka,O
000051-005,membuat,O
000051-005,kedustaan,O
000051-005,yang,O
000051-005,nyata,O
000051-005,ini,O
000051-005,",",O
000051-005,sebagai,O
000051-005,alasan,O
000051-005,untuk,O
000051-005,menutup-nutupi,O
000051-005,sujud,O
000051-005,mereka,O
000051-005,bersama,O
000051-005,Nabi,O
000051-005,.,O
000051-005,Tindakan,O
000051-005,seperti,O
000051-005,ini,O
000051-005,tidak,O
000051-005,terlalu,O
000051-005,mengherankan,O
000051-005,",",O
000051-005,sebab,O
000051-005,mereka,O
000051-005,sudah,O
000051-005,biasa,O
000051-005,membuat,O
000051-005,kedustaan,O
000051-005,dan,O
000051-005,mengarang-ngarang,O
000051-005,cerita,O
000051-005,bohong,O
000051-005,.,O
000051-005,5,O
000051-005,Cerita,O
000051-005,tentang,O
000051-005,Gharabiq,O
000051-005,dan,O
000051-005,sujudnya,O
000051-005,orang-orang,O
000051-005,musyrik,O
000051-005,ini,O
000051-005,didengar,O
000051-005,para,O
000051-005,Muhajirin,O
000051-005,di,O
000051-005,Habasyah,B_LOCATION
000051-005,",",O
000051-005,tetapi,O
000051-005,dengan,O
000051-005,versi,O
000051-005,yang,O
000051-005,berbeda,O
000051-005,jauh,O
000051-005,dengan,O
000051-005,gambaran,O
000051-005,yang,O
000051-005,hakiki,O
000051-005,.,O
000051-005,Ceritanya,O
000051-005,bahwa,O
000051-005,orang-orang,O
000051-005,Quraisy,O
000051-005,sudah,O
000051-005,masuk,O
000051-005,Islam,O
000051-005,.,O
000051-005,Oleh,O
000051-005,karena,O
000051-005,itu,O
000051-005,mereka,O
000051-005,pulang,O
000051-005,ke,O
000051-005,Makkah,B_LOCATION
000051-005,pada,O
000051-005,bulan,B_TIME
000051-005,Syawwal,I_TIME
000051-005,pada,O
000051-005,tahun,O
000051-005,yang,O
000051-005,sama,O
000051-005,.,O
000051-005,Hampir,O
000051-005,mendekati,O
000051-005,Makkah,B_LOCATION
000051-005,sebelum,O
000051-005,tengah,O
000051-005,hari,O
000051-005,",",O
000051-005,mereka,O
000051-005,pun,O
000051-005,tahu,O
000051-005,apa,O
000051-005,yang,O
000051-005,sebenarnya,O
000051-005,terjadi,O
000051-005,.,O
000052-002,Kami,O
000052-002,diutus,O
000052-002,para,O
000052-002,pembesar,O
000052-002,kaum,O
000052-002,mereka,O
000052-002,",",O
000052-002,dari,O
000052-002,bapak-bapak,O
000052-002,",",O
000052-002,paman,O
000052-002,dan,O
000052-002,keluarga,O
000052-002,mereka,O
000052-002,untuk,O
000052-002,menemui,O
000052-002,tuan,O
000052-002,",",O
000052-002,agar,O
000052-002,tuan,O
000052-002,berkenan,O
000052-002,mengembaikan,O
000052-002,orang-orang,O
000052-002,ini,O
000052-002,kepada,O
000052-002,mereka,O
000052-002,.,O
000052-002,Sebab,O
000052-002,mereka,O
000052-002,itu,O
000052-002,lebih,O
000052-002,berhak,O
000052-002,terhadap,O
000052-002,orang-orang,O
000052-002,tersebut,O
000052-002,dan,O
000052-002,lebih,O
000052-002,tahu,O
000052-002,apa,O
000052-002,yang,O
000052-002,telah,O
000052-002,mendorong,O
000052-002,orang-orang,O
000052-002,tersebut,O
000052-002,mencela,O
000052-002,dan,O
000052-002,mencaci,O
000052-002,mereka,O
000052-002,".""",O
000052-002,Benar,O
000052-002,apa,O
000052-002,yang,O
000052-002,dikatakan,O
000052-002,mereka,O
000052-002,berdua,O
000052-002,",",O
000052-002,wahai,O
000052-002,Baginda,O
000052-002,Raja,O
000052-002,.,O
000052-002,Maka,O
000052-002,serahkanlah,O
000052-002,mereka,O
000052-002,itu,O
000052-002,kepada,O
000052-002,mereka,O
000052-002,berdua,O
000052-002,",",O
000052-002,agar,O
000052-002,keduanya,O
000052-002,mengembalikan,O
000052-002,mereka,O
000052-002,ke,O
000052-002,kaum,O
000052-002,dan,O
000052-002,negerinya,O
000052-002,",""",O
000052-002,kata,O
000052-002,para,O
000052-002,uskup,O
000052-002,.,O
000052-002,Tetapi,O
000052-002,Raja,O
000052-002,Naj,B_PERSON
000052-002,asyi,I_PERSON
000052-002,merasa,O
000052-002,perlu,O
000052-002,untuk,O
000052-002,meneliti,O
000052-002,secara,O
000052-002,detil,O
000052-002,masalah,O
000052-002,ini,O
000052-002,dan,O
000052-002,mendengarkan,O
000052-002,dari,O
000052-002,masing-masing,O
000052-002,pihak,O
000052-002,.,O
000052-002,Maka,O
000052-002,Raja,O
000052-002,Najasyi,B_PERSON
000052-002,mengirim,O
000052-002,utusan,O
000052-002,untuk,O
000052-002,menemui,O
000052-002,orang-orang,O
000052-002,Muslim,O
000052-002,dan,O
000052-002,mendatangkan,O
000052-002,mereka,O
000052-002,ke,O
000052-002,hadapannya,O
000052-002,.,O
000052-002,Setelah,O
000052-002,para,O
000052-002,Muhajirin,O
000052-002,yang,O
000052-002,dari,O
000052-002,penampilannya,O
000052-002,saja,O
000052-002,sudah,O
000052-002,menampakkan,O
000052-002,kejujuran,O
000052-002,itu,O
000052-002,sudah,O
000052-002,menghadap,O
000052-002,",",O
000052-002,maka,O
000052-002,Najasyi,B_PERSON
000052-002,berkata,O
000052-002,.,O
000052-002,"""",O
000052-002,Macam,O
000052-002,apakah,O
000052-002,agama,O
000052-002,kalian,O
000052-002,",",O
000052-002,yang,O
000052-002,karena,O
000052-002,agama,O
000052-002,itu,O
000052-002,kalian,O
000052-002,memecah,O
000052-002,belah,O
000052-002,kaum,O
000052-002,kalian,O
000052-002,",",O
000052-002,dan,O
000052-002,kalian,O
000052-002,juga,O
000052-002,tidak,O
000052-002,masuk,O
000052-002,agama,O
000052-002,kalian,O
000052-002,serta,O
000052-002,tidak,O
000052-002,satu,O
000052-002,pun,O
000052-002,agama-agama,O
000052-002,ini,O
000052-002,"?""",O
000052-002,Ja'far,B_PERSON
000052-002,bin,I_PERSON
000052-002,Abu,I_PERSON
000052-002,Thalib,I_PERSON
000052-002,yang,O
000052-002,menjadi,O
000052-002,juru,O
000052-002,bicara,O
000052-002,orang-orang,O
000052-002,Muslim,O
000052-002,menjawab,O
000052-002,",",O
000052-002,Wahai,O
000052-002,Tuan,O
000052-002,Raja,O
000052-002,",",O
000052-002,dulu,O
000052-002,kami,O
000052-002,adalah,O
000052-002,pemeluk,O
000052-002,agama,O
000052-002,jahiliyah,O
000052-002,.,O
000052-002,Kami,O
000052-002,menyembah,O
000052-002,berhala-berhala,O
000052-002,",",O
000052-002,memakan,O
000052-002,bangkai,O
000052-002,",",O
000052-002,berbuat,O
000052-002,mesum,O
000052-002,",",O
000052-002,memutuskan,O
000052-002,tali,O
000052-002,persaudaraan,O
000052-002,",",O
000052-002,menyakiti,O
000052-002,tetangga,O
000052-002,dan,O
000052-002,yang,O
000052-002,kuat,O
000052-002,di,O
000052-002,antara,O
000052-002,kita,O
000052-002,memakan,O
000052-002,yang,O
000052-002,lemah,O
000052-002,.,O
000052-002,Begitulah,O
000052-002,gambaran,O
000052-002,kami,O
000052-002,dahulu,O
000052-002,",",O
000052-002,hingga,O
000052-002,Allah,O
000052-002,mengutus,O
000052-002,seorang,O
000052-002,rasul,O
000052-002,dari,O
000052-002,kalangan,O
000052-002,kami,O
000052-002,sendiri,O
000052-002,",",O
000052-002,yang,O
000052-002,kami,O
000052-002,ketahui,O
000052-002,nasab,O
000052-002,",",O
000052-002,kejujuran,O
000052-002,",",O
000052-002,amanah,O
000052-002,",",O
000052-002,dan,O
000052-002,kesucian,O
000052-002,dirinya,O
000052-002,.,O
000052-004,Lalu,O
000052-004,kaum,O
000052-004,kami,O
000052-004,memusuhi,O
000052-004,kami,O
000052-004,",",O
000052-004,menyiksa,O
000052-004,kami,O
000052-004,dan,O
000052-004,menimbulkan,O
000052-004,cobaan,O
000052-004,terhadap,O
000052-004,agama,O
000052-004,kami,O
000052-004,",",O
000052-004,dengan,O
000052-004,tujuan,O
000052-004,untuk,O
000052-004,mengembalikan,O
000052-004,kami,O
000052-004,kepada,O
000052-004,penyembahan,O
000052-004,terhadap,O
000052-004,patung,O
000052-004,",",O
000052-004,tanpa,O
000052-004,diperbolehkan,O
000052-004,menyembah,O
000052-004,Allah,O
000052-004,",",O
000052-004,agar,O
000052-004,kami,O
000052-004,menghalalkan,O
000052-004,berbagai,O
000052-004,macam,O
000052-004,keburukan,O
000052-004,seperti,O
000052-004,dahulu,O
000052-004,.,O
000052-004,Setelah,O
000052-004,mereka,O
000052-004,menekan,O
000052-004,",",O
000052-004,berbuat,O
000052-004,semena-mena,O
000052-004,",",O
000052-004,mempersempit,O
000052-004,gerak,O
000052-004,kami,O
000052-004,dan,O
000052-004,menghalangi,O
000052-004,diri,O
000052-004,kami,O
000052-004,dari,O
000052-004,agama,O
000052-004,kami,O
000052-004,",",O
000052-004,maka,O
000052-004,kami,O
000052-004,pun,O
000052-004,pergi,O
000052-004,ke,O
000052-004,negeri,O
000052-004,tuan,O
000052-004,dan,O
000052-004,memilih,O
000052-004,tuan,O
000052-004,daripada,O
000052-004,orang,O
000052-004,lain,O
000052-004,.,O
000052-004,Kami,O
000052-004,gembira,O
000052-004,mendapat,O
000052-004,perlindungan,O
000052-004,tuan,O
000052-004,dan,O
000052-004,kami,O
000052-004,tetap,O
000052-004,berharap,O
000052-004,agar,O
000052-004,kami,O
000052-004,tidak,O
000052-004,dizhalimi,O
000052-004,di,O
000052-004,sisi,O
000052-004,tuan,O
000052-004,",",O
000052-004,wahai,O
000052-004,tuan,O
000052-004,Raja,O
000052-004,"!""""",O
000052-004,"""",O
000052-004,Apakah,O
000052-004,engkau,O
000052-004,bisa,O
000052-004,membacakan,O
000052-004,sedikit,O
000052-004,ajaran,O
000052-004,dari,O
000052-004,Allah,O
000052-004,yang,O
000052-004,dibawa,O
000052-004,(,O
000052-004,Rasulullah,B_PERSON
000052-004,")?""",O
000052-004,tanya,O
000052-004,Najasyi,B_PERSON
000052-004,.,O
000052-004,"""",O
000052-004,Ya,O
000052-004,".""",O
000052-004,Jawab,O
000052-004,Ja'far,O
000052-004,.,O
000052-004,"""",O
000052-004,Kalau,O
000052-004,begitu,O
000052-004,bacakanlah,O
000052-004,kepadaku,O
000052-004,"!""",O
000052-004,Lalu,O
000052-004,Ja'far,O
000052-004,membacakan,O
000052-004,dengan,O
000052-004,menghafal,O
000052-004,",",O
000052-004,dari,O
000052-004,",",O
000052-004,"""",O
000052-004,Kaf,O
000052-004,ha'ya',O
000052-004,ain,O
000052-004,shad,O
000052-004,""".",O
000052-004,Dari,O
000052-004,surat,O
000052-004,Maryam,O
000052-004,.,O
000052-004,Demi,O
000052-004,Allah,O
000052-004,",",O
000052-004,Najasyi,B_PERSON
000052-004,menangis,O
000052-004,hingga,O
000052-004,membasahi,O
000052-004,jenggotnya,O
000052-004,",",O
000052-004,begitu,O
000052-004,pula,O
000052-004,para,O
000052-004,uskupnya,O
000052-004,hingga,O
000052-004,jenggot,O
000052-004,mereka,O
000052-004,basah,O
000052-004,oleh,O
000052-004,air,O
000052-004,mata,O
000052-004,",",O
000052-004,tatkala,O
000052-004,mendengar,O
000052-004,apa,O
000052-004,yang,O
000052-004,dibacakan,O
000052-004,kepada,O
000052-004,mereka,O
000052-004,.,O
000052-004,Kemudian,O
000052-004,Najasyi,B_PERSON
000052-004,berkata,O
000052-004,",",O
000052-004,"""",O
000052-004,Sesungguhnya,O
000052-004,ini,O
000052-004,dan,O
000052-004,yang,O
000052-004,dibawa,O
000052-004,Isa,B_PERSON
000052-004,benar-,O
000052-004,benar,O
000052-004,keluar,O
000052-004,dari,O
000052-004,satu,O
000052-004,misykat,O
000052-004,.,O
000052-004,Pergilah,O
000052-004,kalian,O
000052-004,berdua,O
000052-004,.,O
000052-004,Demi,O
000052-004,Allah,O
000052-004,aku,O
000052-004,tidak,O
000052-004,akan,O
000052-004,menyerahkan,O
000052-004,mereka,O
000052-004,kepada,O
000052-004,kalian,O
000052-004,berdua,O
000052-004,dan,O
000052-004,sama,O
000052-004,sekali,O
000052-004,tidak,O
000052-004,".""",O
000052-004,Maka,O
000052-004,keduanya,O
000052-004,beranjak,O
000052-004,pergi,O
000052-004,dari,O
000052-004,hadapan,O
000052-004,Najasyi,B_PERSON
000052-004,.,O
000055-005,An-Nabawiyah,O
000055-005,",",O
000055-005,Ibnu,B_PERSON
000055-005,Ibnu,I_PERSON
000055-005,Amru,I_PERSON
000055-005,berkata,O
000055-005,",",O
000055-005,"""",O
000055-005,Itulah,O
000055-005,kondisi,O
000055-005,paling,O
000055-005,keras,O
000055-005,yang,O
000055-005,dilakukan,O
000055-005,Quraisy,O
000055-005,.,O
000055-005,yang,O
000055-005,pernah,O
000055-005,kulihat,O
000055-005,".""",O
000055-005,Dalam,O
000055-005,riwayat,O
000055-005,Al-Bukhari,O
000055-005,dari,O
000055-005,Urwah,B_PERSON
000055-005,bin,I_PERSON
000055-005,Az-Zubair,I_PERSON
000055-005,",",O
000055-005,dia,O
000055-005,berkata,O
000055-005,",",O
000055-005,"""",O
000055-005,Aku,O
000055-005,berkata,O
000055-005,kepada,O
000055-005,Ibnu,B_PERSON
000055-005,Amru,I_PERSON
000055-005,bin,I_PERSON
000055-005,Al-Ash,I_PERSON
000055-005,",",O
000055-005,Sampaikanlah,O
000055-005,padaku,O
000055-005,keadaan,O
000055-005,paling,O
000055-005,keras,O
000055-005,yang,O
000055-005,dilakukan,O
000055-005,Quraisy,O
000055-005,terhadap,O
000055-005,Nabi,O
000055-005,".""",O
000055-005,Dia,O
000055-005,menjawab,O
000055-005,",",O
000055-005,"""",O
000055-005,Tatkala,O
000055-005,Nabi,O
000055-005,shalat,O
000055-005,di,O
000055-005,dalam,O
000055-005,Ka'bah,B_LOCATION
000055-005,",",O
000055-005,tiba-tiba,O
000055-005,muncul,O
000055-005,Uqbah,B_PERSON
000055-005,bin,I_PERSON
000055-005,Abu,I_PERSON
000055-005,Mu'aith,I_PERSON
000055-005,",",O
000055-005,lalu,O
000055-005,dia,O
000055-005,melingkarkan,O
000055-005,pakaiannya,O
000055-005,di,O
000055-005,leher,O
000055-005,beliau,O
000055-005,",",O
000055-005,lalu,O
000055-005,menjerat,O
000055-005,beliau,O
000055-005,dengan,O
000055-005,tarikan,O
000055-005,yang,O
000055-005,keras,O
000055-005,.,O
000055-005,Lalu,O
000055-005,Abu,B_PERSON
000055-005,Bakar,I_PERSON
000055-005,tiba,O
000055-005,dan,O
000055-005,langsung,O
000055-005,mencengkeram,O
000055-005,pundaknya,O
000055-005,serta,O
000055-005,menyingkirkan,O
000055-005,dari,O
000055-005,sisi,O
000055-005,beliau,O
000055-005,",",O
000055-005,seraya,O
000055-005,berkata,O
000055-005,.,O
000055-005,"""",O
000055-005,Apakah,O
000055-005,kalian,O
000055-005,tega,O
000055-005,membunuh,O
000055-005,seorang,O
000055-005,yang,O
000055-005,mengatakan,O
000055-005,",",O
000055-005,Rabb-ku,O
000055-005,adalah,O
000056-002,Tatkala,O
000056-002,sudah,O
000056-002,masuk,O
000056-002,masjid,O
000056-002,",",O
000056-002,dia,O
000056-002,berdiri,O
000056-002,di,O
000056-002,dekat,O
000056-002,kepala,O
000056-002,Abu,B_PERSON
000056-002,Jahal,I_PERSON
000056-002,lalu,O
000056-002,berkata,O
000056-002,",",O
000056-002,"""",O
000056-002,Wahai,O
000056-002,orang,O
000056-002,yang,O
000056-002,berpantat,O
000056-002,kuning,O
000056-002,",",O
000056-002,apakah,O
000056-002,engkau,O
000056-002,berani,O
000056-002,mencela,O
000056-002,anak,O
000056-002,saudaraku,O
000056-002,",",O
000056-002,padahal,O
000056-002,aku,O
000056-002,berada,O
000056-002,di,O
000056-002,atas,O
000056-002,agamanya,O
000056-002,?,O
000056-002,"""",O
000056-002,Seketika,O
000056-002,itu,O
000056-002,dia,O
000056-002,memukul,O
000056-002,kepala,O
000056-002,Abu,B_PERSON
000056-002,Jahal,I_PERSON
000056-002,dengan,O
000056-002,tangkai,O
000056-002,busur,O
000056-002,hingga,O
000056-002,menimbulkan,O
000056-002,luka,O
000056-002,yang,O
000056-002,menganga,O
000056-002,.,O
000056-002,Orang-orang,O
000056-002,Bani,O
000056-002,Makhzum,O
000056-002,(,O
000056-002,kampung,O
000056-002,Abu,B_PERSON
000056-002,Jahal,I_PERSON
000056-002,),O
000056-002,bangkit,O
000056-002,berdiri,O
000056-002,",",O
000056-002,begitu,O
000056-002,pula,O
000056-002,yang,O
000056-002,dilakukan,O
000056-002,orang-orang,O
000056-002,dari,O
000056-002,Bani,O
000056-002,Hasyim,O
000056-002,(,O
000056-002,kampung,O
000056-002,Hamzah,B_PERSON
000056-002,),O
000056-002,Biarkan,O
000056-002,saja,O
000056-002,Abu,B_PERSON
000056-002,Ammarah,I_PERSON
000056-002,(,O
000056-002,Hamzah,B_PERSON
000056-002,"),",O
000056-002,karena,O
000056-002,memang,O
000056-002,aku,O
000056-002,telah,O
000056-002,mencaci,O
000057-005,Sesungguhnya,O
000057-005,saudarimu,O
000057-005,dan,O
000057-005,iparmu,O
000057-005,telah,O
000057-005,keluar,O
000057-005,dari,O
000057-005,agama,O
000057-005,serta,O
000057-005,meninggalkan,O
000057-005,agama,O
000057-005,yang,O
000057-005,selama,O
000057-005,ini,O
000057-005,engkau,O
000057-005,peluk,O
000057-005,".""",O
000057-005,Dengan,O
000057-005,terburu-buru,O
000057-005,Umar,B_PERSON
000057-005,berlalu,O
000057-005,hingga,O
000057-005,tiba,O
000057-005,di,O
000057-005,rumah,O
000057-005,adik,O
000057-005,perempuanny,O
000057-005,a,O
000057-005,dan,O
000057-005,iparnya,O
000057-005,",",O
000057-005,yang,O
000057-005,saat,O
000057-005,itu,O
000057-005,ada,O
000057-005,pula,O
000057-005,Khabbab,B_PERSON
000057-005,bin,I_PERSON
000057-005,Al-Art,I_PERSON
000057-005,",",O
000057-005,sedang,O
000057-005,menghadapi,O
000057-005,Shahifah,O
000057-005,berisi,O
000057-005,surat,O
000057-005,Thaha,O
000057-005,.,O
000057-005,Dia,O
000057-005,membacakan,O
000057-005,surat,O
000057-005,ini,O
000057-005,di,O
000057-005,hadapan,O
000057-005,mereka,O
000057-005,berdua,O
000057-005,.,O
000057-005,Tatkala,O
000057-005,Khabbab,B_PERSON
000057-005,mendengar,O
000057-005,suara,O
000057-005,kedatangan,O
000057-005,Umar,B_PERSON
000057-005,",",O
000057-005,dia,O
000057-005,menyingkir,O
000057-005,ke,O
000057-005,bagian,O
000057-005,belakang,O
000057-005,ruangan,O
000057-005,",",O
000057-005,sedangkan,O
000057-005,Fathimah,O
000057-005,menyembunyikan,O
000057-005,Shahifah,O
000057-005,Al-Qur,O
000057-005,an,O
000057-005,.,O
000057-005,Namun,O
000057-005,",",O
000057-005,tatkala,O
000057-005,mendekati,O
000057-005,rumah,O
000057-005,adiknya,O
000057-005,tadi,O
000057-005,",",O
000057-005,Umar,B_PERSON
000057-005,sempat,O
000057-005,mendengar,O
000057-005,bacaan,O
000057-005,Khabbab,B_PERSON
000057-005,di,O
000057-005,hadapan,O
000057-005,adik,O
000057-005,dan,O
000057-005,iparnya,O
000057-005,.,O
000057-005,"""",O
000057-005,Apa,O
000057-005,suara,O
000057-005,bisik-bisik,O
000057-005,yang,O
000057-005,sempat,O
000057-005,kudengar,O
000057-005,dari,O
000057-005,kalian,O
000057-005,tadi,O
000057-005,"?""",O
000057-005,tanya,O
000057-005,Umar,B_PERSON
000057-005,tatkala,O
000057-005,sudah,O
000057-005,masuk,O
000057-005,rumah,O
000057-005,.,O
000057-005,"""",O
000057-005,Hanya,O
000057-005,sekadar,O
000057-005,obrolan,O
000057-005,di,O
000057-005,antara,O
000057-005,kami,O
000057-005,",""",O
000057-005,jawab,O
000057-005,keduanya,O
000057-005,"""",O
000057-005,Kupikir,O
000057-005,kalian,O
000057-005,berdua,O
000057-005,sudah,O
000057-005,keluar,O
000057-005,dari,O
000057-005,agama,O
000057-005,",""",O
000057-005,kata,O
000057-005,Umar,B_PERSON
000057-005,.,O
000057-005,"""",O
000057-005,Wahai,O
000057-005,umar,O
000057-005,",""",O
000057-005,kata,O
000057-005,adik,O
000057-005,iparnya,O
000057-005,",",O
000057-005,"""",O
000057-005,apa,O
000057-005,pendapatmu,O
000057-005,jika,O
000057-005,kebenaran,O
000057-005,ada,O
000057-005,dalam,O
000057-005,agama,O
000057-005,selain,O
000057-005,agamamu,O
000057-005,"?""",O
000057-005,Seketika,O
000057-005,Umar,B_PERSON
000057-005,melompat,O
000057-005,ke,O
000057-005,arah,O
000057-005,adik,O
000057-005,iparnya,O
000057-005,dan,O
000057-005,menginjaknya,O
000057-005,keras,O
000057-005,.,O
000057-005,keras,O
000057-005,.,O
000057-005,Adiknya,O
000057-005,mendekat,O
000057-005,untuk,O
000057-005,menolong,O
000057-005,suaminya,O
000057-005,dan,O
000057-005,mengangkat,O
000057-005,badannya,O
000057-005,Namun,O
000057-005,",",O
000057-005,Umar,B_PERSON
000057-005,menonjok,O
000057-005,Fathimah,O
000057-005,hingga,O
000057-005,wajahnya,O
000057-005,berdarah,O
000057-005,.,O
000057-005,Menurut,O
000057-005,riwayat,O
000057-005,Ibnu,B_PERSON
000057-005,Ishaq,I_PERSON
000057-005,",",O
000057-005,Umar,B_PERSON
000057-005,memukul,O
000057-005,Fathimah,O
000057-005,hingga,O
000057-005,terluka,O
000057-005,.,O
000057-005,.,O
000057-005,Wahai,O
000057-005,Umar,B_PERSON
000057-005,",""",O
000057-005,kata,O
000057-005,Fathimah,O
000057-005,dengan,O
000057-005,berang,O
000057-005,",",O
000057-005,"""",O
000057-005,jika,O
000057-005,memang,O
000057-005,kebenaran,O
000057-005,itu,O
000057-005,ada,O
000057-005,dalam,O
000057-005,selain,O
000057-005,agamamu,O
000057-005,",",O
000057-005,maka,O
000057-005,bersaksilah,O
000057-005,bahwa,O
000057-005,tiada,O
000057-005,Ilah,O
000057-005,selain,O
000057-005,Allah,O
000057-005,dan,O
000057-005,bersaksilah,O
000057-005,bahwa,O
000057-005,Muhammad,B_PERSON
000057-005,adalah,O
000057-005,Rasul,O
000057-005,Allah,O
000057-005,".""",O
000057-005,Umar,B_PERSON
000057-005,mulai,O
000057-005,merasa,O
000057-005,putus,O
000057-005,asa,O
000057-005,.,O
000057-005,Dia,O
000057-005,lihat,O
000057-005,darah,O
000057-005,yang,O
000057-005,meleleh,O
000057-005,dari,O
000057-005,wajah,O
000057-005,adiknya,O
000057-005,.,O
000057-005,Maka,O
000057-005,dia,O
000057-005,merasa,O
000057-005,menyesal,O
000057-005,dan,O
000057-005,malu,O
000057-005,atas,O
000057-005,perbuatannya,O
000057-005,.,O
000115-002,Oleh,O
000115-002,karena,O
000115-002,itu,O
000115-002,",",O
000115-002,Rasulullah,B_PERSON
000115-002,mengumumkan,O
000115-002,kepada,O
000115-002,orang-orang,O
000115-002,Muslim,O
000115-002,",",O
000115-002,"""",O
000115-002,Ini,O
000115-002,adalah,O
000115-002,kafilah,O
000115-002,dagang,O
000115-002,Quraisy,O
000115-002,yang,O
000115-002,membawa,O
000115-002,harta,O
000115-002,benda,O
000115-002,mereka,O
000115-002,.,O
000115-002,Hadanglah,O
000115-002,kafilah,O
000115-002,itu,O
000115-002,",",O
000115-002,semoga,O
000115-002,Allah,O
000115-002,memberikan,O
000115-002,barang,O
000115-002,rampasan,O
000115-002,itu,O
000115-002,kepada,O
000115-002,kalian,O
000115-002,".""",O
000115-002,Beliau,O
000115-002,tidak,O
000115-002,menekankan,O
000115-002,kepada,O
000115-002,seorang,O
000115-002,pun,O
000115-002,di,O
000115-002,antara,O
000115-002,mereka,O
000115-002,untuk,O
000115-002,bergabung,O
000115-002,",",O
000115-002,tetapi,O
000115-002,beliau,O
000115-002,menyerahkan,O
000115-002,masalah,O
000115-002,ini,O
000115-002,kepada,O
000115-002,kerelaan,O
000115-002,mereka,O
000115-002,Sebab,O
000115-002,kali,O
000115-002,ini,O
000115-002,tidak,O
000115-002,akan,O
000115-002,terjadi,O
000115-002,bentrokan,O
000115-002,yang,O
000115-002,seru,O
000115-002,dengan,O
000115-002,pasukan,O
000115-002,Quraisy,O
000115-002,",",O
000115-002,dan,O
000115-002,memang,O
000115-002,bentrokan,O
000115-002,ini,O
000115-002,baru,O
000115-002,terjadi,O
000115-002,saat,O
000115-002,di,O
000115-002,Badr,B_LOCATION
000115-002,.,O
000115-002,Oleh,O
000115-002,karena,O
000115-002,itu,O
000115-002,",",O
000115-002,banyak,O
000115-002,sahabat,O
000115-002,yang,O
000115-002,memilih,O
000115-002,tetap,O
000115-002,di,O
000115-002,Madinah,B_LOCATION
000115-002,.,O
000115-002,Sebab,O
000115-002,ketetapan,O
000115-002,kali,O
000115-002,ini,O
000115-002,tak,O
000115-002,berbeda,O
000115-002,dengan,O
000115-002,ketetapan,O
000115-002,beliau,O
000115-002,dalam,O
000115-002,mengirimkan,O
000115-002,satuan-satuan,O
000115-002,pasukan,O
000115-002,sebelumnya,O
000115-002,.,O
000115-002,Karena,O
000115-002,itu,O
000115-002,",",O
000115-002,mereka,O
000115-002,pun,O
000115-002,tidak,O
000115-002,mengingkari,O
000115-002,keputusan,O
000115-002,beliau,O
000115-002,untuk,O
000115-002,tidak,O
000115-002,ikut,O
000115-002,dalam,O
000115-002,penghadangan,O
000115-002,ini,O
000115-002,.,O
000120-001,Setelah,O
000120-001,persiapan,O
000120-001,dianggap,O
000120-001,selesai,O
000120-001,",",O
000120-001,mereka,O
000120-001,pun,O
000120-001,berangkat,O
000120-001,meninggalkan,O
000120-001,tempat,O
000120-001,mereka,O
000120-001,.,O
000120-001,Sikap,O
000120-001,mereka,O
000120-001,telah,O
000120-001,digambarkan,O
000120-001,Allah,O
000120-001,dalam,O
000120-001,firman-Nya,O
000120-001,.,O
000120-001,"""...",O
000120-001,dengan,O
000120-001,rasa,O
000120-001,angkuh,O
000120-001,dan,O
000120-001,dengan,O
000120-001,maksud,O
000120-001,riya',O
000120-001,kepada,O
000120-001,manusia,O
000120-001,serta,O
000120-001,menghalangi,O
000120-001,(,O
000120-001,orang,O
000120-001,),O
000120-001,dari,O
000120-001,jalan,O
000120-001,Allah,O
000120-001,.,O
000120-001,"""",O
000120-001,(,O
000120-001,Al-Anfal,O
000120-001,:,O
000120-001,47,O
000120-001,),O
000120-001,Mereka,O
000120-001,datang,O
000120-001,seperti,O
000120-001,yang,O
000120-001,digambarkan,O
000120-001,Rasulullah,B_PERSON
000120-001,",",O
000120-001,"""",O
000120-001,Dengan,O
000120-001,membawa,O
000120-001,kemarahan,O
000120-001,dan,O
000120-001,senjata,O
000120-001,mereka,O
000120-001,.,O
000120-001,Mereka,O
000120-001,memusuhi,O
000120-001,Allah,O
000120-001,dan,O
000120-001,Rasul-Nya,O
000120-001,".""",O
000120-001,Mereka,O
000120-001,pergi,O
000120-001,dengan,O
000120-001,membawa,O
000120-001,kemurkaan,O
000120-001,dan,O
000120-001,kedengkian,O
000120-001,terhadap,O
000120-001,Rasulullah,B_PERSON
000120-001,serta,O
000120-001,para,O
000120-001,sahabat,O
000120-001,",",O
000120-001,di,O
000120-001,samping,O
000120-001,untuk,O
000120-001,menyelamatkan,O
000120-001,kafilah,O
000120-001,dagang,O
000120-001,mereka,O
000120-001,.,O
000120-001,Mereka,O
000120-001,bergerak,O
000120-001,dengan,O
000120-001,cepat,O
000120-001,",",O
000120-001,lurus,O
000120-001,ke,O
000120-001,arah,O
000120-001,utara,O
000120-001,menuju,O
000120-001,Badr,B_LOCATION
000120-001,.,O
000120-001,Mereka,O
000120-001,melewati,O
000120-001,jalur,O
000120-001,Usfan,O
000120-001,",",O
000120-001,Qadid,O
000120-001,",",O
000120-001,dan,O
000120-001,Al-Juhfah,O
000120-001,.,O
000120-001,Di,O
000120-001,sana,O
000120-001,datang,O
000120-001,surat,O
000120-001,dari,O
000120-001,Abu,B_PERSON
000120-001,Sufyan,I_PERSON
000120-001,yang,O
000120-001,isinya,O
000120-001,:,O
000120-001,"""",O
000120-001,Sesungguhnya,O
000120-001,kalian,O
000120-001,keluar,O
000120-001,hanya,O
000120-001,untuk,O
000120-001,menyelamatkan,O
000120-001,kafilah,O
000120-001,dagang,O
000120-001,",",O
000120-001,orang-orang,O
000120-001,kalian,O
000120-001,dan,O
000120-001,harta,O
000120-001,benda,O
000120-001,kalian,O
000120-001,.,O
000120-001,Allah,O
000120-001,telah,O
000120-001,menyelamatkan,O
000120-001,semuanya,O
000120-001,.,O
000120-001,Karena,O
000120-001,itu,O
000120-001,lebih,O
000120-001,baik,O
000120-001,kembalilah,O
000120-001,".""",O
000121-001,Seperti,O
000121-001,yang,O
000121-001,dituturkan,O
000121-001,Abu,B_PERSON
000121-001,Sufyan,I_PERSON
000121-001,",",O
000121-001,tadinya,O
000121-001,dia,O
000121-001,mengambil,O
000121-001,jalur,O
000121-001,pokok,O
000121-001,yang,O
000121-001,menuju,O
000121-001,Makkah,B_LOCATION
000121-001,.,O
000121-001,Oleh,O
000121-001,karena,O
000121-001,itu,O
000121-001,dia,O
000121-001,meningkatkan,O
000121-001,kewaspadaan,O
000121-001,dan,O
000121-001,selalu,O
000121-001,menyelidiki,O
000121-001,.,O
000121-001,Tatkala,O
000121-001,kafilahnya,O
000121-001,sudah,O
000121-001,mendekati,O
000121-001,Badr,B_LOCATION
000121-001,",",O
000121-001,dia,O
000121-001,mendahului,O
000121-001,rombongan,O
000121-001,hingga,O
000121-001,bertemu,O
000121-001,dengan,O
000121-001,Majdi,B_PERSON
000121-001,bin,I_PERSON
000121-001,Amr,I_PERSON
000121-001,",",O
000121-001,dan,O
000121-001,menanyakan,O
000121-001,pasukan,O
000121-001,Madinah,B_LOCATION
000121-001,kepadanya,O
000121-001,.,O
000121-001,"""",O
000121-001,Aku,O
000121-001,tidak,O
000121-001,melihat,O
000121-001,seorang,O
000121-001,pun,O
000121-001,yang,O
000121-001,dicurigai,O
000121-001,.,O
000121-001,Hanya,O
000121-001,saja,O
000121-001,tadi,O
000121-001,kulihat,O
000121-001,ada,O
000121-001,dua,O
000121-001,orang,O
000121-001,penunggang,O
000121-001,yang,O
000121-001,berhenti,O
000121-001,di,O
000121-001,bukit,O
000121-001,itu,O
000121-001,",""",O
000121-001,jawab,O
000121-001,Majdi,O
000121-001,Setelah,O
000121-001,mengisi,O
000121-001,kantong,O
000121-001,air,O
000121-001,",",O
000121-001,keduanya,O
000121-001,pun,O
000121-001,pergi,O
000121-001,.,O
000121-001,Abu,B_PERSON
000121-001,Sufyan,I_PERSON
000121-001,segera,O
000121-001,mendatangi,O
000121-001,tempat,O
000121-001,menderum,O
000121-001,onta,O
000121-001,dua,O
000121-001,orang,O
000121-001,yang,O
000121-001,dimaksudkan,O
000121-001,Majdi,O
000121-001,dan,O
000121-001,meneliti,O
000121-001,kotorannya,O
000121-001,",",O
000121-001,yang,O
000121-001,ternyata,O
000121-001,di,O
000121-001,sana,O
000121-001,ada,O
000121-001,biji-bijian,O
000121-001,yang,O
000121-001,masih,O
000121-001,utuh,O
000121-001,.,O
000121-001,Dia,O
000121-001,berkata,O
000121-001,",",O
000121-001,Demi,O
000121-001,Allah,O
000121-001,",",O
000121-001,ini,O
000121-001,adalah,O
000121-001,makanan,O
000121-001,hewan,O
000121-001,dari,O
000121-001,Yatsrib,B_LOCATION
000121-001,".""",O
000121-001,Secepat,O
000121-001,itu,O
000121-001,pula,O
000121-001,dia,O
000121-001,kembali,O
000121-001,menemui,O
000121-001,kafilahnya,O
000121-001,dan,O
000121-001,mengalihkan,O
000121-001,arah,O
000121-001,perjalanan,O
000121-001,menuju,O
000121-001,ke,O
000121-001,barat,O
000121-001,menuju,O
000121-001,pesisir,O
000121-001,pantai,O
000121-001,",",O
000121-001,tidak,O
000121-001,jadi,O
000121-001,mengambil,O
000121-001,jalan,O
000121-001,pokok,O
000121-001,yang,O
000121-001,melewati,O
000121-001,Badr,B_LOCATION
000121-001,",",O
000121-001,tepatnya,O
000121-001,ke,O
000121-001,arah,O
000121-001,kiri,O
000121-001,.,O
000121-001,Dengan,O
000121-001,cara,O
000121-001,itu,O
000121-001,kafilah,O
000121-001,Abu,B_PERSON
000121-001,Sufyan,I_PERSON
000121-001,bisa,O
000121-001,selamat,O
000121-001,dari,O
000121-001,hadangan,O
000121-001,pasukan,O
000121-001,Madinah,B_LOCATION
000121-001,lalu,O
000121-001,mengirim,O
000121-001,surat,O
000121-001,ke,O
000121-001,pasukan,O
000121-001,Makkah,B_LOCATION
000121-001,yang,O
000121-001,sudah,O
000121-001,tiba,O
000121-001,di,O
000121-001,Al-Juhfah,B_LOCATION
000121-001,.,O
000124-003,Kami,O
000124-003,sudah,O
000124-003,memberikan,O
000124-003,sumpah,O
000124-003,dan,O
000124-003,janji,O
000124-003,kami,O
000124-003,untuk,O
000124-003,patuh,O
000124-003,dan,O
000124-003,taat,O
000124-003,.,O
000124-003,Maka,O
000124-003,majulah,O
000124-003,terus,O
000124-003,wahai,O
000124-003,Rasulullah,B_PERSON
000124-003,seperti,O
000124-003,engkau,O
000124-003,kehendaki,O
000124-003,Demi,O
000124-003,yang,O
000124-003,mengutus,O
000124-003,engkau,O
000124-003,dengan,O
000124-003,kebenaran,O
000124-003,",",O
000124-003,andaikata,O
000124-003,engkau,O
000124-003,bersama,O
000124-003,kami,O
000124-003,terhalang,O
000124-003,lautan,O
000124-003,lalu,O
000124-003,engkau,O
000124-003,terjun,O
000124-003,ke,O
000124-003,dalam,O
000124-003,lautan,O
000124-003,itu,O
000124-003,",",O
000124-003,kami,O
000124-003,pun,O
000124-003,akan,O
000124-003,terjun,O
000124-003,bersama,O
000124-003,engkau,O
000124-003,.,O
000124-003,Tak,O
000124-003,seorang,O
000124-003,pun,O
000124-003,di,O
000124-003,antara,O
000124-003,kami,O
000124-003,yang,O
000124-003,akan,O
000124-003,mundur,O
000124-003,.,O
000124-003,Kami,O
000124-003,sedang,O
000124-003,jika,O
000124-003,besok,O
000124-003,engkau,O
000124-003,berhadapan,O
000124-003,dengan,O
000124-003,musuh,O
000124-003,bersama,O
000124-003,kami,O
000124-003,Sesungguhnya,O
000124-003,kami,O
000124-003,dikenal,O
000124-003,orang-orang,O
000124-003,yang,O
000124-003,sabar,O
000124-003,dalam,O
000124-003,peperangan,O
000124-003,dan,O
000124-003,jujur,O
000124-003,dalam,O
000124-003,pertempuran,O
000124-003,.,O
000124-003,Semoga,O
000124-003,Allah,O
000124-003,memperlihatkan,O
000124-003,kepadamu,O
000124-003,tentang,O
000124-003,diri,O
000124-003,kami,O
000124-003,",",O
000124-003,apa,O
000124-003,yang,O
000124-003,engkau,O
000124-003,senangi,O
000124-003,.,O
000124-003,Maka,O
000124-003,majulah,O
000124-003,bersama,O
000124-003,kami,O
000124-003,dengan,O
000124-003,barakah,O
000124-003,Allah,O
000124-003,".""",O
000124-003,Dalam,O
000124-003,suatu,O
000124-003,riwayat,O
000124-003,disebutkan,O
000124-003,bahwa,O
000124-003,Sa'd,B_PERSON
000124-003,bin,I_PERSON
000124-003,Mu'adz,I_PERSON
000124-003,berkata,O
000124-003,kepada,O
000124-003,Rasulullah,B_PERSON
000124-003,",""",O
000124-003,Boleh,O
000124-003,jadi,O
000124-003,engkau,O
000124-003,khawatir,O
000124-003,orang-orang,O
000124-003,Anshar,O
000124-003,hanya,O
000124-003,berpegang,O
000124-003,kepada,O
000124-003,hak,O
000124-003,mereka,O
000124-003,untuk,O
000124-003,tidak,O
000124-003,menolongmu,O
000124-003,kecuali,O
000124-003,di,O
000124-003,tengah,O
000124-003,perkampungan,O
000124-003,mereka,O
000124-003,.,O
000124-003,Sesungguhnya,O
000124-003,aku,O
000124-003,berbicara,O
000124-003,dan,O
000124-003,memberi,O
000124-003,jawaban,O
000124-003,atas,O
000124-003,nama,O
000124-003,orang-orang,O
000124-003,Anshar,O
000124-003,.,O
000124-003,Maka,O
000124-003,dari,O
000124-003,itu,O
000124-003,majulah,O
000124-003,seperti,O
000124-003,engkau,O
000124-003,kehendaki,O
000124-003,sambunglah,O
000124-003,tali,O
000124-003,siapa,O
000124-003,pun,O
000124-003,yang,O
000124-003,engkau,O
000124-003,kehendaki,O
000124-003,",",O
000124-003,putuslah,O
000124-003,tali,O
000124-003,siapa,O
000124-003,pun,O
000124-003,yang,O
000124-003,engkau,O
000124-003,kehendaki,O
000124-003,",",O
000124-003,ambillah,O
000124-003,dari,O
000124-003,harta,O
000124-003,kami,O
000124-003,menurut,O
000124-003,kehendak,O
000124-003,engkau,O
000124-003,",",O
000124-003,berikanlah,O
000124-003,kepada,O
000124-003,kami,O
000124-003,menurut,O
000124-003,kehendak,O
000124-003,engkau,O
000124-003,.,O
000124-003,Apa,O
000124-003,pun,O
000124-003,yang,O
000124-003,engkau,O
000124-003,ambil,O
000124-003,dari,O
000124-003,kami,O
000124-003,",",O
000124-003,maka,O
000124-003,itu,O
000124-003,lebih,O
000124-003,kami,O
000124-003,sukai,O
000124-003,daripada,O
000124-003,apa,O
000124-003,yang,O
000124-003,engkau,O
000124-003,tinggalkan,O
000124-003,bagi,O
000124-003,kami,O
000124-003,.,O
000124-003,Apa,O
000124-003,pun,O
000124-003,yang,O
000124-003,engkau,O
000124-003,perintahkan,O
000124-003,",",O
000124-003,maka,O
000124-003,urusan,O
000124-003,kami,O
000124-003,hanyalah,O
000124-003,mengikuti,O
000124-003,perintah,O
000124-003,engkau,O
000124-003,.,O
000124-003,Demi,O
000124-003,Allah,O
000124-003,",",O
000124-003,jika,O
000124-003,engkau,O
000124-003,maju,O
000124-003,hingga,O
000124-003,mencapai,O
000124-003,dasar,O
000124-003,sumur,O
000124-003,yang,O
000124-003,gelap,O
000124-003,",",O
000124-003,tentu,O
000124-003,kami,O
000124-003,akan,O
000124-003,maju,O
000124-003,bersama,O
000124-003,engkau,O
000124-003,.,O
000124-004,Demi,O
000124-004,Allah,O
000124-004,",",O
000124-004,jika,O
000124-004,engkau,O
000124-004,maju,O
000124-004,hingga,O
000124-004,mencapai,O
000124-004,dasar,O
000124-004,sumur,O
000124-004,yang,O
000124-004,gelap,O
000124-004,",",O
000124-004,tentu,O
000124-004,kami,O
000124-004,akan,O
000124-004,maju,O
000124-004,bersama,O
000124-004,engkau,O
000124-004,.,O
000124-004,Demi,O
000124-004,Allah,O
000124-004,",",O
000124-004,jika,O
000124-004,engkau,O
000124-004,terhalang,O
000124-004,lautan,O
000124-004,bersama,O
000124-004,kami,O
000124-004,",",O
000124-004,lalu,O
000124-004,engkau,O
000124-004,terjun,O
000124-004,ke,O
000124-004,lautan,O
000124-004,itu,O
000124-004,",",O
000124-004,tentu,O
000124-004,kami,O
000124-004,juga,O
000124-004,akan,O
000124-004,terjun,O
000124-004,bersama,O
000124-004,engkau,O
000124-004,.,O
000124-004,Rasulullah,B_PERSON
000124-004,merasa,O
000124-004,gembira,O
000124-004,dengan,O
000124-004,apa,O
000124-004,yang,O
000124-004,dikatakan,O
000124-004,Sa'd,O
000124-004,dan,O
000124-004,semangatnya,O
000124-004,yang,O
000124-004,menggebu-gebu,O
000124-004,.,O
000124-004,Maka,O
000124-004,beliau,O
000124-004,bersabda,O
000124-004,",",O
000124-004,"""",O
000124-004,Majulah,O
000124-004,kalian,O
000124-004,dan,O
000124-004,terimalah,O
000124-004,kabar,O
000124-004,gembira,O
000124-004,",",O
000124-004,karena,O
000124-004,Allah,O
000124-004,telah,O
000124-004,menjanjikan,O
000124-004,salah,O
000124-004,satu,O
000124-004,dari,O
000124-004,dua,O
000124-004,pihak,O
000124-004,kepadaku,O
000124-004,.,O
000124-004,Demi,O
000124-004,Allah,O
000124-004,",",O
000124-004,seakan-akan,O
000124-004,saat,O
000124-004,ini,O
000124-004,aku,O
000124-004,bisa,O
000124-004,melihat,O
000124-004,tempat,O
000124-004,kematian,O
000124-004,mereka,O
000124-004,".""",O
000124-004,Setelah,O
000124-004,itu,O
000124-004,Rasulullah,B_PERSON
000124-004,meninggalkan,O
000124-004,Dzafiran,O
000124-004,untuk,O
000124-004,melanjutkan,O
000124-004,perjalanan,O
000124-004,.,O
000124-004,Beliau,O
000124-004,melewati,O
000124-004,jalan,O
000124-004,bukit,O
000124-004,yang,O
000124-004,disebut,O
000124-004,Al-Ashafir,O
000124-004,",",O
000124-004,kemudian,O
000124-004,cepat-cepat,O
000124-004,menuju,O
000124-004,suatu,O
000124-004,tempat,O
000124-004,yang,O
000124-004,disebut,O
000124-004,Ad-Dabbah,O
000124-004,dan,O
000124-004,meninggalkan,O
000124-004,Al-Hannan,O
000124-004,di,O
000124-004,sebelah,O
000124-004,kanannya,O
000124-004,",",O
000124-004,yaitu,O
000124-004,sebuah,O
000124-004,bukit,O
000124-004,pasir,O
000124-004,yang,O
000124-004,menyerupai,O
000124-004,gunung,O
000124-004,yang,O
000124-004,kokoh,O
000124-004,",",O
000124-004,kemudian,O
000124-004,tiba,O
000124-004,di,O
000124-004,dekat,O
000124-004,Badr,B_LOCATION
000124-004,.,O
000126-002,Demi,O
000126-002,Allah,O
000126-002,",",O
000126-002,mereka,O
000126-002,berdua,O
000126-002,berkata,O
000126-002,jujur,O
000126-002,.,O
000126-002,Mereka,O
000126-002,adalah,O
000126-002,pesuruh,O
000126-002,Quraisy,O
000126-002,".""",O
000126-002,Kemudian,O
000126-002,beliau,O
000126-002,bersabda,O
000126-002,kepada,O
000126-002,keduanya,O
000126-002,",",O
000126-002,"""",O
000126-002,Kabarkanlah,O
000126-002,kepadaku,O
000126-002,tentang,O
000126-002,posisi,O
000126-002,pasukan,O
000126-002,Quraisy,O
000126-002,"!""",O
000126-002,"""",O
000126-002,Mereka,O
000126-002,berada,O
000126-002,di,O
000126-002,balik,O
000126-002,bukit,O
000126-002,pasir,O
000126-002,yang,O
000126-002,bisa,O
000126-002,engkau,O
000126-002,lihat,O
000126-002,jika,O
000126-002,memandang,O
000126-002,ke,O
000126-002,arah,O
000126-002,Al-Udhwatul-Qushwa,O
000126-002,",""",O
000126-002,jawab,O
000126-002,mereka,O
000126-002,berdua,O
000126-002,"""",O
000126-002,Berapa,O
000126-002,jumlah,O
000126-002,mereka,O
000126-002,"?""",O
000126-002,tanya,O
000126-002,beliau,O
000126-002,"""",O
000126-002,Banyak,O
000126-002,sekali,O
000126-002,".""",O
000126-002,"""",O
000126-002,Berapa,O
000126-002,tepatnya,O
000126-002,?,O
000126-002,"""",O
000126-002,Kami,O
000126-002,tidak,O
000126-002,tahu,O
000126-002,persis,O
000126-002,".""",O
000126-002,"""",O
000126-002,Berapa,O
000126-002,ekor,O
000126-002,binatang,O
000126-002,yang,O
000126-002,mereka,O
000126-002,sembelih,O
000126-002,setiap,O
000126-002,harinya,O
000126-002,"?""",O
000126-002,tanya,O
000126-002,beliau,O
000126-002,.,O
000126-002,"""",O
000126-002,Sehari,O
000126-002,sembilan,O
000126-002,ekor,O
000126-002,dan,O
000126-002,besoknya,O
000126-002,lagi,O
000126-002,sepuluh,O
000126-002,ekor,O
000126-002,",""",O
000126-002,jawab,O
000126-002,mereka,O
000126-002,berdua,O
000126-002,.,O
000126-002,"""",O
000126-002,Berarti,O
000126-002,jumlah,O
000126-002,mereka,O
000126-002,antara,O
000126-002,sembilan,O
000126-002,ratus,O
000126-002,hingga,O
000126-002,seribu,O
000126-002,orang,O
000126-002,",""",O
000126-002,sabda,O
000126-002,beliau,O
000126-002,.,O
000126-002,Kemudian,O
000126-002,beliau,O
000126-002,bertanya,O
000126-002,lagi,O
000126-002,",",O
000126-002,"""",O
000126-002,Siapa,O
000126-002,saja,O
000126-002,pemuka,O
000126-002,Quraisy,O
000126-002,yang,O
000126-002,bergabung,O
000126-002,di,O
000126-002,tengah,O
000126-002,mereka,O
000126-002,"?""",O
000126-002,"""",O
000126-002,Ada,O
000126-002,Uthbah,B_PERSON
000126-002,dan,O
000126-002,Syaibah,O
000126-002,",",O
000126-002,kedua,O
000126-002,anak,O
000126-002,Rabi'ah,O
000126-002,",",O
000126-002,Abul,B_PERSON
000126-002,Bakhtari,I_PERSON
000126-002,bin,I_PERSON
000126-002,Hisyam,I_PERSON
000126-002,.,O
000126-002,Hakim,B_PERSON
000126-002,bin,I_PERSON
000126-002,Hizam,I_PERSON
000126-002,",",O
000126-002,Naufal,B_PERSON
000126-002,bin,I_PERSON
000126-002,Khuwalid,I_PERSON
000126-002,",",O
000126-002,Al-Harits,B_PERSON
000126-002,bin,I_PERSON
000126-002,Amir,I_PERSON
000126-002,",",O
000126-002,Thu'aimah,B_PERSON
000126-002,bin,I_PERSON
000126-002,Adi,I_PERSON
000126-002,",",O
000126-002,An-Nadhr,B_PERSON
000126-002,bin,I_PERSON
000126-002,Al-Harits,I_PERSON
000126-002,",",O
000126-002,Zam'ah,B_PERSON
000126-002,bin,I_PERSON
000126-002,Al-Aswad,I_PERSON
000126-002,",",O
000126-002,Abu,B_PERSON
000126-002,Jahal,I_PERSON
000126-002,bin,I_PERSON
000126-002,Hisyam,I_PERSON
000126-002,",",O
000126-002,Umayyah,B_PERSON
000126-002,bin,I_PERSON
000126-002,Khalaf,I_PERSON
000126-002,...,O
000126-002,"""",O
000126-002,dan,O
000126-002,beberapa,O
000126-002,orang,O
000126-002,lagi,O
000126-002,yang,O
000126-002,mereka,O
000126-002,sebutkan,O
000126-002,.,O
000126-002,Setelah,O
000126-002,itu,O
000126-002,Rasulullah,B_PERSON
000126-002,menghadap,O
000126-002,ke,O
000126-002,arah,O
000126-002,semua,O
000126-002,orang,O
000126-002,seraya,O
000126-002,bersabda,O
000126-002,.,O
000126-002,"""",O
000126-002,Wahai,O
000126-002,semua,O
000126-002,orang,O
000126-002,",",O
000126-002,inilah,O
000126-002,Makkah,B_LOCATION
000126-002,yang,O
000126-002,telah,O
000126-002,menghantarkan,O
000126-002,jantung,O
000126-002,hatinya,O
000126-002,kepada,O
000126-002,kalian,O
000126-002,".""",O
000126-002,Pada,O
000126-002,malam,O
000126-002,itu,O
000126-002,Allah,O
000126-002,menurunkan,O
000126-002,huj,O
000126-002,an,O
000126-002,yang,O
000126-002,deras,O
000126-002,",",O
000126-002,sehingga,O
000126-002,orang-orang,O
000126-002,musyrik,O
000126-002,basah,O
000126-002,kuyup,O
000126-002,dan,O
000126-002,menghambat,O
000126-002,langkah,O
000126-002,mereka,O
000126-002,untuk,O
000126-002,maju,O
000126-002,.,O
000127-001,Rasulullah,B_PERSON
000127-001,membawa,O
000127-001,pasukannya,O
000127-001,ke,O
000127-001,mata,O
000127-001,air,O
000127-001,Badr,B_LOCATION
000127-001,agar,O
000127-001,bisa,O
000127-001,mendahului,O
000127-001,pasukan,O
000127-001,orang-orang,O
000127-001,Quraisy,O
000127-001,",",O
000127-001,sehingga,O
000127-001,mereka,O
000127-001,bisa,O
000127-001,menghalangi,O
000127-001,orang-orang,O
000127-001,Quraisy,O
000127-001,untuk,O
000127-001,menguasai,O
000127-001,mata,O
000127-001,air,O
000127-001,itu,O
000127-001,.,O
000127-001,Maka,O
000127-001,pada,O
000127-001,petang,O
000127-001,hari,O
000127-001,mereka,O
000127-001,sudah,O
000127-001,tiba,O
000127-001,di,O
000127-001,dekat,O
000127-001,mata,O
000127-001,air,O
000127-001,Badr,B_LOCATION
000127-001,.,O
000127-001,Di,O
000127-001,sinilah,O
000127-001,Al-Hubab,B_PERSON
000127-001,bin,I_PERSON
000127-001,Al-Mundzir,I_PERSON
000127-001,tampil,O
000127-001,layaknya,O
000127-001,seorang,O
000127-001,penasihat,O
000127-001,militer,O
000127-001,",",O
000127-001,seraya,O
000127-001,bertanya,O
000127-001,",",O
000127-001,"""",O
000127-001,Wahai,O
000127-001,Rasulullah,B_PERSON
000127-001,",",O
000127-001,bagaimana,O
000127-001,pendapat,O
000127-001,engkau,O
000127-001,tentang,O
000127-001,keputusan,O
000127-001,berhenti,O
000127-001,di,O
000127-001,tempat,O
000127-001,ini,O
000127-001,?,O
000127-001,Apakah,O
000127-001,ini,O
000127-001,tempat,O
000127-001,berhenti,O
000127-001,yang,O
000127-001,diturunkan,O
000127-001,Allah,O
000127-001,kepada,O
000127-001,engkau,O
000127-001,?,O
000127-001,Jika,O
000127-001,begitu,O
000127-001,keadaannya,O
000127-001,",",O
000127-001,maka,O
000127-001,tidak,O
000127-001,ada,O
000127-001,pilihan,O
000127-001,bagi,O
000127-001,kami,O
000127-001,maju,O
000127-001,atau,O
000127-001,mundur,O
000127-001,dari,O
000127-001,tempat,O
000127-001,ini,O
000127-001,.,O
000127-001,Ataukah,O
000127-001,in,O
000127-001,sekedar,O
000127-001,pendapat,O
000127-001,",",O
000127-001,siasat,O
000127-001,",",O
000127-001,dan,O
000127-001,taktik,O
000127-001,perang,O
000127-001,"?""",O
000127-001,Beliau,O
000127-001,menjawab,O
000127-001,",",O
000127-001,"""",O
000127-001,Ini,O
000127-001,adalah,O
000127-001,pendapatku,O
000127-001,",",O
000127-001,siasat,O
000127-001,",",O
000127-001,dan,O
000127-001,taktik,O
000127-001,perang,O
000127-001,".""",O
000127-001,Dia,O
000127-001,berkata,O
000127-001,",",O
000127-001,"""",O
000127-001,Wahai,O
000127-001,Rasulullah,B_PERSON
000127-001,",",O
000127-001,menurutku,O
000127-001,tidak,O
000127-001,tepat,O
000127-001,jika,O
000127-001,kita,O
000127-001,berhenti,O
000127-001,di,O
000127-001,sini,O
000127-001,.,O
000127-001,Pindahkanlah,O
000127-001,orang-orang,O
000127-001,ke,O
000127-001,tempat,O
000127-001,yang,O
000127-001,lebih,O
000127-001,dekat,O
000127-001,lagi,O
000127-001,dengan,O
000127-001,mata,O
000127-001,air,O
000127-001,daripada,O
000127-001,mereka,O
000127-001,(,O
000127-001,orang-orang,O
000127-001,musyrik,O
000127-001,Makkah,B_LOCATION
000127-001,).,O
000127-001,Kita,O
000127-001,berhenti,O
000127-001,di,O
000127-001,tempat,O
000127-001,itu,O
000127-001,dan,O
000127-001,kita,O
000127-001,timbun,O
000127-001,kolam-kolam,O
000127-001,di,O
000127-001,belakang,O
000127-001,mereka,O
000127-001,",",O
000127-001,lalu,O
000127-001,kita,O
000127-001,buat,O
000127-001,kolam,O
000127-001,yang,O
000127-001,kita,O
000127-001,isi,O
000127-001,air,O
000127-001,hingga,O
000127-001,penuh,O
000127-001,.,O
000127-001,Setelah,O
000127-001,itu,O
000127-001,kita,O
000127-001,berperang,O
000127-001,menghadapi,O
000127-001,mereka,O
000127-001,.,O
000127-001,Kita,O
000127-001,bisa,O
000127-001,minum,O
000127-001,dan,O
000127-001,mereka,O
000127-001,tidak,O
000127-001,bisa,O
000127-001,".""",O
000127-001,Beliau,O
000127-001,bersabda,O
000127-001,",",O
000127-001,"""",O
000127-001,Engkau,O
000127-001,telah,O
000127-001,menyampaikan,O
000127-001,pendapat,O
000127-001,yang,O
000127-001,jitu,O
000127-001,".""",O
000127-001,Maka,O
000127-001,Rasulullah,B_PERSON
000127-001,memindahkan,O
000127-001,pasukannya,O
000127-001,",",O
000127-001,sehingga,O
000127-001,jarak,O
000127-001,mereka,O
000127-001,dengan,O
000127-001,mata,O
000127-001,air,O
000127-001,lebih,O
000127-001,dekat,O
000127-001,lagi,O
000127-001,daripada,O
000127-001,pihak,O
000127-001,musuh,O
000127-001,.,O
000127-001,Separoh,O
000127-001,malam,O
000127-001,mereka,O
000127-001,berada,O
000127-001,di,O
000127-001,tempat,O
000127-001,itu,O
000127-001,",",O
000127-001,lalu,O
000127-001,mereka,O
000127-001,membuat,O
000127-001,sebuah,O
000127-001,kolom,O
000127-001,air,O
000127-001,dan,O
000127-001,menimbun,O
000127-001,kolam-kolam,O
000127-001,yang,O
000127-001,lain,O
000127-001,.,O
000127-001,Tatkala,O
000127-001,orang-orang,O
000127-001,Muslim,O
000127-001,sudah,O
000127-001,berhenti,O
000127-001,di,O
000127-001,tempat,O
000127-001,yang,O
000127-001,dimaksudkan,O
000127-001,.,O
000127-002,Tatkala,O
000127-002,orang-orang,O
000127-002,Muslim,O
000127-002,sudah,O
000127-002,berhenti,O
000127-002,di,O
000127-002,tempat,O
000127-002,yang,O
000127-002,dimaksudkan,O
000127-002,.,O
000127-002,dekat,O
000127-002,dengan,O
000127-002,mata,O
000127-002,air,O
000127-002,",",O
000127-002,maka,O
000127-002,Sa'd,B_PERSON
000127-002,bin,I_PERSON
000127-002,Mu'adz,I_PERSON
000127-002,mengusulkan,O
000127-002,kepada,O
000127-002,Rasulullah,B_PERSON
000127-002,",",O
000127-002,bagaimana,O
000127-002,jika,O
000127-002,orang-orang,O
000127-002,Muslim,O
000127-002,membuat,O
000127-002,tempat,O
000127-002,khusus,O
000127-002,bagi,O
000127-002,beliau,O
000127-002,untuk,O
000127-002,memberikan,O
000127-002,komando,O
000127-002,",",O
000127-002,sekaligus,O
000127-002,sebagai,O
000127-002,antisipasi,O
000127-002,adanya,O
000127-002,serangan,O
000127-002,mendadak,O
000127-002,serta,O
000127-002,kemungkinan,O
000127-002,jika,O
000127-002,mereka,O
000127-002,terdesak,O
000127-002,dan,O
000127-002,sebelum,O
000127-002,memastikan,O
000127-002,kemenangan,O
000127-002,.,O
000127-002,Dia,O
000127-002,berkata,O
000127-002,",",O
000127-002,"""",O
000127-002,Wahai,O
000127-002,Nabi,O
000127-002,Allah,O
000127-002,",",O
000127-002,bagaimana,O
000127-002,jika,O
000127-002,kami,O
000127-002,membuat,O
000127-002,sebuah,O
000127-002,tenda,O
000127-002,bagi,O
000127-002,engkau,O
000127-002,dan,O
000127-002,kami,O
000127-002,siapkan,O
000127-002,kendaraan,O
000127-002,di,O
000127-002,sisi,O
000127-002,engkau,O
000127-002,",",O
000127-002,kemudian,O
000127-002,biarlah,O
000127-002,kami,O
000127-002,menghadapi,O
000127-002,musuh,O
000127-002,?,O
000127-002,Jika,O
000127-002,Allah,O
000127-002,memberikan,O
000127-002,kemenangan,O
000127-002,kepada,O
000127-002,kita,O
000127-002,atau,O
000127-002,musuh,O
000127-002,",",O
000127-002,maka,O
000127-002,memang,O
000127-002,itulah,O
000127-002,yang,O
000127-002,kami,O
000127-002,sukai,O
000127-002,.,O
000127-002,Tetapi,O
000127-002,jika,O
000127-002,hasilnya,O
000127-002,lain,O
000127-002,",",O
000127-002,maka,O
000127-002,engkau,O
000127-002,bisa,O
000127-002,langsung,O
000127-002,duduk,O
000127-002,di,O
000127-002,atas,O
000127-002,kendaraan,O
000127-002,",",O
000127-002,lalu,O
000127-002,bisa,O
000127-002,menyusul,O
000127-002,orang-orang,O
000127-002,di,O
000127-002,belakang,O
000127-002,kami,O
000127-002,.,O
000127-002,Di,O
000127-002,sana,O
000127-002,masih,O
000127-002,ada,O
000127-002,beberapa,O
000127-002,orang,O
000127-002,yang,O
000127-002,tidak,O
000127-002,ikut,O
000127-002,bergabung,O
000127-002,dengan,O
000127-002,kami,O
000127-002,.,O
000127-002,Wahai,O
000127-002,Nabi,O
000127-002,Allah,O
000127-002,",",O
000127-002,mereka,O
000127-002,jauh,O
000127-002,lebih,O
000127-002,mencintai,O
000127-002,engkau,O
000127-002,daripada,O
000127-002,cinta,O
000127-002,kami,O
000127-002,kepada,O
000127-002,engkau,O
000127-002,.,O
000127-002,Jika,O
000127-002,mereka,O
000127-002,menganggap,O
000127-002,bahwa,O
000127-002,engkau,O
000127-002,harus,O
000127-002,menghadapi,O
000127-002,perang,O
000127-002,",",O
000127-002,tentu,O
000127-002,mereka,O
000127-002,tidak,O
000127-002,akan,O
000127-002,mangkir,O
000127-002,dari,O
000127-002,sisi,O
000127-002,engkau,O
000127-002,.,O
000127-002,Allah,O
000127-002,pasti,O
000127-002,akan,O
000127-002,membela,O
000127-002,engkau,O
000127-002,bersama,O
000127-002,mereka,O
000127-002,",",O
000127-002,memberikan,O
000127-002,nasihat,O
000127-002,kepada,O
000127-002,engkau,O
000127-002,dan,O
000127-002,berjihad,O
000127-002,bersama,O
000127-002,engkau,O
000127-002,".""",O
000127-002,Maka,O
000127-002,Rasulullah,B_PERSON
000127-002,memohon,O
000127-002,dan,O
000127-002,mendoakan,O
000127-002,kebaikan,O
000127-002,bagi,O
000127-002,Sa'd,O
000127-002,.,O
000127-002,Lalu,O
000127-002,orang-orang,O
000127-002,Muslim,O
000127-002,membuat,O
000127-002,sebuah,O
000127-002,tenda,O
000127-002,di,O
000127-002,tempat,O
000127-002,yang,O
000127-002,tinggi,O
000127-002,",",O
000127-002,tepatnya,O
000127-002,di,O
000127-002,sebelah,O
000127-002,timur,O
000127-002,laut,O
000127-002,dari,O
000127-002,medan,O
000127-002,perang,O
000127-002,.,O
000127-002,Ada,O
000127-002,beberapa,O
000127-002,pemuda,O
000127-002,Anshar,O
000127-002,yang,O
000127-002,telah,O
000127-002,ditunjuk,O
000127-002,menyertai,O
000127-002,Sa'd,B_PERSON
000127-002,bin,I_PERSON
000127-002,Mu'adz,I_PERSON
000127-002,",",O
000127-002,yang,O
000127-002,berjaga-jaga,O
000127-002,di,O
000127-002,sekitar,O
000127-002,Rasulullah,B_PERSON
000129-002,Tetapi,O
000129-002,wahai,O
000129-002,orang,O
000129-002,orang,O
000129-002,Quraisy,O
000129-002,",",O
000129-002,kulihat,O
000129-002,bencana,O
000129-002,besar,O
000129-002,yang,O
000129-002,membawa,O
000129-002,mimpi,O
000129-002,",",O
000129-002,kolam-kolam,O
000129-002,Yatsrib,B_LOCATION
000129-002,yang,O
000129-002,membawa,O
000129-002,kematian,O
000129-002,yang,O
000129-002,memilukan,O
000129-002,.,O
000129-002,Mereka,O
000129-002,adalah,O
000129-002,orang-orang,O
000129-002,yang,O
000129-002,tidak,O
000129-002,mempunyai,O
000129-002,tameng,O
000129-002,dan,O
000129-002,benteng,O
000129-002,kecuali,O
000129-002,pedang-pedang,O
000129-002,mereka,O
000129-002,Demi,O
000129-002,Allah,O
000129-002,",",O
000129-002,tidak,O
000129-002,ada,O
000129-002,seseorang,O
000129-002,di,O
000129-002,antara,O
000129-002,mereka,O
000129-002,yang,O
000129-002,terbunuh,O
000129-002,",",O
000129-002,melainkan,O
000129-002,dia,O
000129-002,telah,O
000129-002,membunuh,O
000129-002,salah,O
000129-002,seorang,O
000129-002,di,O
000129-002,antara,O
000129-002,kalian,O
000129-002,.,O
000129-002,Jika,O
000129-002,jumlah,O
000129-002,mereka,O
000129-002,sama,O
000129-002,dengan,O
000129-002,jumlah,O
000129-002,kalian,O
000129-002,",",O
000129-002,maka,O
000129-002,tidak,O
000129-002,ada,O
000129-002,artinya,O
000129-002,hidup,O
000129-002,setelah,O
000129-002,itu,O
000129-002,.,O
000129-002,Maka,O
000129-002,pikirkanlah,O
000129-002,hal,O
000129-002,ini,O
000129-002,"!""""",O
000129-002,Pada,O
000129-002,saat,O
000129-002,itu,O
000129-002,ada,O
000129-002,pula,O
000129-002,aksi,O
000129-002,penentangan,O
000129-002,terhadap,O
000129-002,Abu,B_PERSON
000129-002,Jahl,I_PERSON
000129-002,yang,O
000129-002,ngotot,O
000129-002,untuk,O
000129-002,berperang,O
000129-002,.,O
000129-002,Aksi,O
000129-002,penentangan,O
000129-002,ini,O
000129-002,mengajak,O
000129-002,pasukan,O
000129-002,untuk,O
000129-002,kembali,O
000129-002,ke,O
000129-002,Makkah,B_LOCATION
000129-002,tanpa,O
000129-002,harus,O
000129-002,bertempur,O
000129-002,dengan,O
000129-002,musuh,O
000129-002,.,O
000129-002,Maka,O
000129-002,Hakim,O
000129-002,bin,O
000129-002,Hizam,I_PERSON
000129-002,kembali,O
000129-002,bersama,O
000129-002,beberapa,O
000129-002,orang,O
000129-002,.,O
000129-002,Lalu,O
000129-002,dia,O
000129-002,menemui,O
000129-002,Utbah,B_PERSON
000129-002,bin,I_PERSON
000129-002,Rabi'ah,I_PERSON
000129-002,dan,O
000129-002,berkata,O
000129-002,",",O
000129-002,"""",O
000129-002,Wahai,O
000129-002,Abul,B_PERSON
000129-002,Walid,I_PERSON
000129-002,",",O
000129-002,engkau,O
000129-002,adalah,O
000129-002,pemuka,O
000129-002,Quraisy,O
000129-002,",",O
000129-002,pemimpin,O
000129-002,dan,O
000129-002,orang,O
000129-002,yang,O
000129-002,dipatuhi,O
000129-002,.,O
000129-002,Apakah,O
000129-002,engkau,O
000129-002,ingin,O
000129-002,memperoleh,O
000129-002,kenangan,O
000129-002,yang,O
000129-002,manis,O
000129-002,sepanjang,O
000129-002,masa,O
000129-002,"?""",O
000129-002,"""",O
000129-002,Apa,O
000129-002,itu,O
000129-002,wahai,O
000129-002,Hakim,O
000129-002,"?""",O
000129-002,tanya,O
000129-002,Utbah,B_PERSON
000129-002,.,O
000129-002,"""",O
000129-002,Pulanglah,O
000129-002,dengan,O
000129-002,orang-orangmu,O
000129-002,dan,O
000129-002,bawalah,O
000129-002,urusan,O
000129-002,sekutumu,O
000129-002,Amr,B_PERSON
000129-002,bin,I_PERSON
000129-002,Al-Hadhrami,I_PERSON
000129-002,".""",O
000129-002,Amr,O
000129-002,adalah,O
000129-002,orang,O
000129-002,yang,O
000129-002,terbunuh,O
000129-002,saat,O
000129-002,dipanah,O
000129-002,satuan,O
000129-002,perang,O
000129-002,Muslimin,O
000129-002,di,O
000129-002,Nakhlah,O
000129-002,.,O
000129-002,Utbah,B_PERSON
000129-002,berkata,O
000129-002,",",O
000129-002,"""",O
000129-002,Aku,O
000129-002,pasti,O
000129-002,akan,O
000129-002,melakukannya,O
000129-002,dan,O
000129-002,engkaulah,O
000129-002,penjaminku,O
000129-002,atas,O
000129-002,tindakan,O
000129-002,ini,O
000129-002,.,O
000129-002,Memang,O
000129-002,dia,O
000129-002,adalah,O
000129-002,sekutuku,O
000129-002,.,O
000129-002,Maka,O
000129-002,akulah,O
000129-002,yang,O
000129-002,akan,O
000129-002,menangani,O
000129-002,masalah,O
000129-002,tebusannya,O
000129-002,dan,O
000129-002,harta,O
000129-002,yang,O
000129-002,seharusnya,O
000129-002,milik,O
000129-002,dia,O
000129-002,".""",O
000129-002,Kemudian,O
000129-002,Utbah,B_PERSON
000129-002,berkata,O
000129-002,kepada,O
000129-002,Hakim,B_PERSON
000129-002,bin,I_PERSON
000129-002,Hizam,I_PERSON
000129-002,",",O
000129-002,"""",O
000129-002,Kalau,O
000129-002,begitu,O
000129-002,temuilah,O
000129-002,Abu,B_PERSON
000129-002,Jahl,I_PERSON
000129-002,.,O
000130-002,Beliau,O
000130-002,juga,O
000130-002,menyampaikan,O
000130-002,beberapa,O
000130-002,petunjuk,O
000130-002,khusus,O
000130-002,tentang,O
000130-002,peperangan,O
000130-002,",",O
000130-002,dengan,O
000130-002,bersabda,O
000130-002,",",O
000130-002,"""",O
000130-002,Jika,O
000130-002,kalian,O
000130-002,merasa,O
000130-002,jumlah,O
000130-002,musuh,O
000130-002,terlalu,O
000130-002,besar,O
000130-002,",",O
000130-002,maka,O
000130-002,lepaskanlah,O
000130-002,anak,O
000130-002,panah,O
000130-002,kepada,O
000130-002,mereka,O
000130-002,.,O
000130-002,Dahuluilah,O
000130-002,mereka,O
000130-002,dalam,O
000130-002,melepaskan,O
000130-002,anak,O
000130-002,panah,O
000130-002,.,O
000130-002,Kalian,O
000130-002,tidak,O
000130-002,perlu,O
000130-002,terburu-buru,O
000130-002,menghunus,O
000130-002,pedang,O
000130-002,kecuali,O
000130-002,setelah,O
000130-002,mereka,O
000130-002,dekat,O
000130-002,dengan,O
000130-002,kalian,O
000130-002,".""",O
000130-002,Setelah,O
000130-002,itu,O
000130-002,beliau,O
000130-002,kembali,O
000130-002,lagi,O
000130-002,ke,O
000130-002,tenda,O
000130-002,bersama,O
000130-002,Abu,B_PERSON
000130-002,Bakar,I_PERSON
000130-002,.,O
000130-002,Sementara,O
000130-002,Sa'd,B_PERSON
000130-002,bin,I_PERSON
000130-002,Mu'adz,I_PERSON
000130-002,bertanggung,O
000130-002,jawab,O
000130-002,memimpin,O
000130-002,satuan,O
000130-002,pasukan,O
000130-002,yang,O
000130-002,bertugas,O
000130-002,melindungi,O
000130-002,beliau,O
000130-002,.,O
000130-002,Ternyata,O
000130-002,pada,O
000130-002,hari,O
000130-002,itu,O
000130-002,Abu,B_PERSON
000130-002,Jahl,I_PERSON
000130-002,juga,O
000130-002,mencari-cari,O
000130-002,keputusan,O
000130-002,dari,O
000130-002,Allah,O
000130-002,dan,O
000130-002,mengharapkan,O
000130-002,kemenangan,O
000130-002,",",O
000130-002,seraya,O
000130-002,berkata,O
000130-002,",",O
000130-002,"""",O
000130-002,Ya,O
000130-002,Allah,O
000130-002,",",O
000130-002,apakah,O
000130-002,kami,O
000130-002,harus,O
000130-002,memutuskan,O
000130-002,tali,O
000130-002,kekerabatan,O
000130-002,dan,O
000130-002,menanggung,O
000130-002,akibat,O
000130-002,yang,O
000130-002,belum,O
000130-002,kami,O
000130-002,ketahui,O
000130-002,secara,O
000130-002,pasti,O
000130-002,?,O
000130-002,Maka,O
000130-002,hancurkanlah,O
000130-002,dia,O
000130-002,pada,O
000130-002,pagi,O
000130-002,ini,O
000130-002,.,O
000130-002,Ya,O
000130-002,Allah,O
000130-002,",",O
000130-002,siapakah,O
000130-002,yang,O
000130-002,lebih,O
000130-002,Engkau,O
000130-002,cintai,O
000130-002,dan,O
000130-002,lebih,O
000130-002,Engkau,O
000130-002,ridhai,O
000130-002,di,O
000130-002,sisi-Mu,O
000130-002,",",O
000130-002,maka,O
000130-002,berilah,O
000130-002,ia,O
000130-002,kemenangan,O
000130-002,pada,O
000130-002,hari,O
000130-002,ini,O
000130-002,".""",O
000130-002,Tentang,O
000130-002,perkataan,O
000130-002,Abu,B_PERSON
000130-002,Jahl,I_PERSON
000130-002,ini,O
000130-002,",",O
000130-002,Allah,O
000130-002,telah,O
000130-002,berfirman,O
000130-002,.,O
000130-002,"""",O
000130-002,Jika,O
000130-002,kalian,O
000130-002,(,O
000130-002,orang-orang,O
000130-002,musyrik,O
000130-002,),O
000130-002,mencari,O
000130-002,keputusan,O
000130-002,",",O
000130-002,maka,O
000130-002,telah,O
000130-002,datang,O
000130-002,keputusan,O
000130-002,kepada,O
000130-002,kalian,O
000130-002,;,O
000130-002,dan,O
000130-002,jika,O
000130-002,kalian,O
000130-002,berhenti,O
000130-002,",",O
000130-002,maka,O
000130-002,itulah,O
000130-002,yang,O
000130-002,lebih,O
000130-002,baik,O
000130-002,bagi,O
000130-002,kalian,O
000130-002,;,O
000130-002,dan,O
000130-002,jika,O
000130-002,kalian,O
000130-002,kembali,O
000130-002,",",O
000130-002,niscaya,O
000130-002,Kami,O
000130-002,kembali,O
000130-002,(,O
000130-002,pula,O
000130-002,),O
000130-002,dan,O
000130-002,angkatan,O
000130-002,perang,O
000130-002,kalian,O
000130-002,sekali-kali,O
000130-002,tidak,O
000130-002,akan,O
000130-002,dapat,O
000130-002,menolak,O
000130-002,kalian,O
000130-002,dari,O
000130-002,sesuatu,O
000130-002,bahaya,O
000130-002,pun,O
000130-002,",",O
000130-002,biarpun,O
000130-002,dia,O
000130-002,banyak,O
000130-002,dan,O
000130-002,sesungguhnya,O
000130-002,Allah,O
000130-002,beserta,O
000130-002,orang-orang,O
000130-002,yang,O
000130-002,beriman,O
000130-002,".""",O
000130-002,(,O
000130-002,Al-Anfal,O
000130-002,:,O
000130-002,19,O
000130-002,),O
000131-002,Kami,O
000131-002,tidak,O
000131-002,membutuhkan,O
000131-002,kalian,O
000131-002,.,O
000131-002,Kami,O
000131-002,hanya,O
000131-002,menginginkan,O
000131-002,kerabat,O
000131-002,pamanku,O
000131-002,".""",O
000131-002,Lalu,O
000131-002,ada,O
000131-002,di,O
000131-002,antara,O
000131-002,orang-orang,O
000131-002,musyrik,O
000131-002,itu,O
000131-002,yang,O
000131-002,berseru,O
000131-002,dengan,O
000131-002,suara,O
000131-002,lantang,O
000131-002,",",O
000131-002,Hai,O
000131-002,Muhammad,B_PERSON
000131-002,",",O
000131-002,keluarkan,O
000131-002,orang-orang,O
000131-002,yang,O
000131-002,terpandang,O
000131-002,yang,O
000131-002,berasal,O
000131-002,dari,O
000131-002,kaum,O
000131-002,kalian,O
000131-002,".""",O
000131-002,Rasulullah,B_PERSON
000131-002,bersabda,O
000131-002,",",O
000131-002,"""",O
000131-002,Bangunlah,O
000131-002,wahai,O
000131-002,Ubaidah,B_PERSON
000131-002,bin,I_PERSON
000131-002,Al-Harits,I_PERSON
000131-002,",",O
000131-002,engkau,O
000131-002,Hamzah,B_PERSON
000131-002,dan,O
000131-002,engkau,O
000131-002,Ali,B_PERSON
000131-002,"!""",O
000131-002,Tatkala,O
000131-002,tiga,O
000131-002,orang,O
000131-002,Muslim,O
000131-002,ini,O
000131-002,berdiri,O
000131-002,dan,O
000131-002,menghampiri,O
000131-002,tiga,O
000131-002,orang,O
000131-002,musyrik,O
000131-002,itu,O
000131-002,",",O
000131-002,mereka,O
000131-002,bertanya,O
000131-002,",",O
000131-002,"""",O
000131-002,Siapa,O
000131-002,kalian,O
000131-002,ini,O
000131-002,"?""",O
000131-002,Setelah,O
000131-002,pertanyaan,O
000131-002,ini,O
000131-002,dijawab,O
000131-002,",",O
000131-002,mereka,O
000131-002,pun,O
000131-002,berkata,O
000131-002,",",O
000131-002,"""",O
000131-002,Memang,O
000131-002,kalian,O
000131-002,orang-orang,O
000131-002,terpandang,O
000131-002,".""",O
000131-002,Ubaidah,O
000131-002,yang,O
000131-002,paling,O
000131-002,tua,O
000131-002,di,O
000131-002,antara,O
000131-002,mereka,O
000131-002,",",O
000131-002,berhadapan,O
000131-002,dengan,O
000131-002,Utbah,B_PERSON
000131-002,bin,I_PERSON
000131-002,Rabi'ah,O
000131-002,",",O
000131-002,Hamzah,B_PERSON
000131-002,berhadapan,O
000131-002,dengan,O
000131-002,Syaibah,B_PERSON
000131-002,bin,I_PERSON
000131-002,Rabi'ah,I_PERSON
000131-002,dan,O
000131-002,Ali,B_PERSON
000131-002,berhadapan,O
000131-002,dengan,O
000131-002,Al-Walid,O
000131-002,.,O
000131-002,153,O
000131-002,Hamzah,B_PERSON
000131-002,dan,O
000131-002,Ali,B_PERSON
000131-002,tidak,O
000131-002,terlalu,O
000131-002,kesulitan,O
000131-002,melibas,O
000131-002,lawan,O
000131-002,tandingnya,O
000131-002,.,O
000131-002,Lain,O
000131-002,halnya,O
000131-002,dengan,O
000131-002,Ubaidah,O
000131-002,dan,O
000131-002,lawan,O
000131-002,tandingnya,O
000131-002,.,O
000131-002,Masing-masing,O
000131-002,saling,O
000131-002,melancarkan,O
000131-002,serangan,O
000131-002,hingga,O
000131-002,dua,O
000131-002,kali,O
000131-002,",",O
000131-002,dan,O
000131-002,masing-masing,O
000131-002,melukai,O
000131-002,lawannya,O
000131-002,Kemudian,O
000131-002,Hamzah,B_PERSON
000131-002,dan,O
000131-002,Ali,B_PERSON
000131-002,menghampiri,O
000131-002,Utbah,B_PERSON
000131-002,lalu,O
000131-002,membunuhnya,O
000131-002,.,O
000131-002,Setelah,O
000131-002,itu,O
000131-002,mereka,O
000131-002,berdua,O
000131-002,memapah,O
000131-002,tubuh,O
000131-002,Ubaidah,O
000131-002,yang,O
000131-002,sudah,O
000131-002,lemah,O
000131-002,",",O
000131-002,karena,O
000131-002,kakinya,O
000131-002,tertebas,O
000131-002,hingga,O
000131-002,putus,O
000131-002,.,O
000131-002,Dia,O
000131-002,sama,O
000131-002,sekali,O
000131-002,tidak,O
000131-002,mengeluh,O
000131-002,hingga,O
000131-002,meninggal,O
000131-002,dunia,O
000131-002,di,O
000131-002,Ash-Shafra',O
000131-002,",",O
000131-002,empat,O
000131-002,atau,O
000131-002,lima,O
000131-002,hari,O
000131-002,setelah,O
000131-002,Perang,B_EVENT
000131-002,Badr,I_EVENT
000131-002,",",O
000131-002,di,O
000131-002,tengah,O
000131-002,perjalanan,O
000131-002,pulang,O
000131-002,ke,O
000131-002,Madinah,B_LOCATION
000131-002,.,O
000131-002,Pada,O
000131-002,saat,O
000131-002,itu,O
000131-002,Ali,B_PERSON
000131-002,bersumpah,O
000131-002,kepada,O
000131-002,Allah,O
000131-002,",",O
000131-002,hingga,O
000131-002,karenanya,O
000131-002,turun,O
000131-002,ayat,O
000131-002,tentang,O
000131-002,kiprahnya,O
000131-002,",",O
000131-002,A:z,O
000131-002,"""",O
000131-002,Inilah,O
000131-002,dua,O
000131-002,golongan,O
000131-002,(,O
000131-002,golongan,O
000131-002,Mukmin,O
000131-002,dan,O
000131-002,golongan,O
000131-002,kafir,O
000131-002,),O
000131-002,yang,O
000131-002,bertengkar,O
000131-002,",",O
000131-002,mereka,O
000131-002,saling,O
000131-002,bertengkar,O
000131-002,karena,O
000131-002,Rabb,O
000131-002,mereka,O
000131-002,.,O
000131-002,"""",O
000131-002,Kesudahan,O
000131-002,adu,O
000131-002,tanding,O
000131-002,ini,O
000131-002,merupakan,O
000131-002,awal,O
000131-002,yang,O
000131-002,buruk,O
000131-002,bagi,O
000131-002,orang,O
000131-002,.,O
000134-003,155,O
000134-003,Haizum,O
000134-003,adalah,O
000134-003,nama,O
000134-003,kuda,O
000134-003,Jibril,B_PERSON
000134-003,.,O
000134-003,Ada,O
000134-003,yang,O
000134-003,berpendapat,O
000134-003,",",O
000134-003,namanya,O
000134-003,adalah,O
000134-003,Jzizum,O
000134-003,",",O
000134-003,pent,O
000134-003,.,O
000134-003,Anshar,O
000134-003,yang,O
000134-003,melihat,O
000134-003,kejadian,O
000134-003,ini,O
000134-003,menuturkannya,O
000134-003,kepada,O
000134-003,Rasulullah,B_PERSON
000134-003,.,O
000134-003,Maka,O
000134-003,beliau,O
000134-003,bersabda,O
000134-003,",",O
000134-003,Engkau,O
000134-003,benar,O
000134-003,.,O
000134-003,Itulah,O
000134-003,pertolongan,O
000134-003,dari,O
000134-003,langit,O
000134-003,yang,O
000134-003,Abu,B_PERSON
000134-003,Dawud,I_PERSON
000134-003,Al-Mazini,O
000134-003,berkata,O
000134-003,",",O
000134-003,"""",O
000134-003,Selagi,O
000134-003,aku,O
000134-003,mengejar,O
000134-003,salah,O
000134-003,seorang,O
000134-003,musyrikin,O
000134-003,untuk,O
000134-003,menebasnya,O
000134-003,",",O
000134-003,tiba-tiba,O
000134-003,kepalanya,O
000134-003,sudah,O
000134-003,tertebas,O
000134-003,sebelum,O
000134-003,pedangku,O
000134-003,mengenainya,O
000134-003,.,O
000134-003,Aku,O
000134-003,sadar,O
000134-003,bahwa,O
000134-003,rupanya,O
000134-003,dia,O
000134-003,telah,O
000134-003,dibunuh,O
000134-003,seseorang,O
000134-003,selain,O
000134-003,diriku,O
000134-003,".""",O
000134-003,Ada,O
000134-003,seorang,O
000134-003,Anshar,O
000134-003,datang,O
000134-003,membawa,O
000134-003,Al-Abbas,B_PERSON
000134-003,bin,I_PERSON
000134-003,Abdul,I_PERSON
000134-003,Muththalib,I_PERSON
000134-003,sebagai,O
000134-003,tawanan,O
000134-003,.,O
000134-003,Al-Abbas,B_PERSON
000134-003,berkata,O
000134-003,",",O
000134-003,"""",O
000134-003,Demi,O
000134-003,Allah,O
000134-003,",",O
000134-003,bukan,O
000134-003,orang,O
000134-003,ini,O
000134-003,yang,O
000134-003,tadi,O
000134-003,menawanku,O
000134-003,.,O
000134-003,Tadi,O
000134-003,aku,O
000134-003,ditawan,O
000134-003,seorang,O
000134-003,laki-laki,O
000134-003,botak,O
000134-003,yang,O
000134-003,wajahnya,O
000134-003,sangat,O
000134-003,tampan,O
000134-003,menunggu,O
000134-003,seekor,O
000134-003,kuda,O
000134-003,yang,O
000134-003,gagah,O
000134-003,.,O
000134-003,Aku,O
000134-003,tidak,O
000134-003,pernah,O
000134-003,melihatnya,O
000134-003,ada,O
000134-003,di,O
000134-003,tengah-tengah,O
000134-003,mereka,O
000134-003,".""",O
000134-003,Orang,O
000134-003,Anshar,O
000134-003,itu,O
000134-003,menyahut,O
000134-003,",",O
000134-003,"""",O
000134-003,Akulah,O
000134-003,yang,O
000134-003,telah,O
000134-003,menawannya,O
000134-003,wahai,O
000134-003,Rasulullah,B_PERSON
000134-003,".""",O
000134-003,Beliau,O
000134-003,bersabda,O
000134-003,",",O
000134-003,"""",O
000134-003,Diamlah,O
000134-003,kau,O
000134-003,",",O
000134-003,karena,O
000134-003,Allah,O
000134-003,telah,O
000134-003,membantumu,O
000134-003,dengan,O
000134-003,seorang,O
000134-003,malaikat,O
000134-003,yang,O
000134-003,mulia,O
000134-003,".""",O
000137-003,Beliau,O
000137-003,memandang,O
000137-003,pedang,O
000137-003,milik,O
000137-003,mereka,O
000137-003,berdua,O
000137-003,",",O
000137-003,lalu,O
000137-003,bersabda,O
000137-003,",",O
000137-003,"""",O
000137-003,Kalian,O
000137-003,berdua,O
000137-003,telah,O
000137-003,membunuhnya,O
000137-003,".""",O
000137-003,Rasulullah,B_PERSON
000137-003,menyerahkan,O
000137-003,harta,O
000137-003,rampasan,O
000137-003,miliknya,O
000137-003,secara,O
000137-003,khusus,O
000137-003,kepada,O
000137-003,Mu'adz,B_PERSON
000137-003,bin,I_PERSON
000137-003,Amr,I_PERSON
000137-003,Al-Jamuh,O
000137-003,.,O
000137-003,Dua,O
000137-003,pemuda,O
000137-003,itu,O
000137-003,adalah,O
000137-003,Mu',B_PERSON
000137-003,adz,I_PERSON
000137-003,bin,I_PERSON
000137-003,Amr,I_PERSON
000137-003,Al-Jamuh,O
000137-003,dan,O
000137-003,Mu'awwidz,B_PERSON
000137-003,bin,I_PERSON
000137-003,Ibnu,I_PERSON
000137-003,Ishaq,I_PERSON
000137-003,menuturkan,O
000137-003,",",O
000137-003,"""",O
000137-003,Mu'adz,B_PERSON
000137-003,bin,I_PERSON
000137-003,Amr,I_PERSON
000137-003,bin,I_PERSON
000137-003,Al-Jamuh,I_PERSON
000137-003,berkata,O
000137-003,",",O
000137-003,"""",O
000137-003,Aku,O
000137-003,mencari,O
000137-003,informasi,O
000137-003,dari,O
000137-003,orang-orang,O
000137-003,.,O
000137-003,Sementara,O
000137-003,saat,O
000137-003,itu,O
000137-003,Abu,B_PERSON
000137-003,Jahal,I_PERSON
000137-003,berada,O
000137-003,di,O
000137-003,dekat,O
000137-003,pohon,O
000137-003,yang,O
000137-003,rimbun,O
000137-003,",",O
000137-003,berbaur,O
000137-003,dengan,O
000137-003,orang-orang,O
000137-003,musyrik,O
000137-003,yang,O
000137-003,membawa,O
000137-003,tombak,O
000137-003,dan,O
000137-003,pedang,O
000137-003,yang,O
000137-003,memang,O
000137-003,bergerombol,O
000137-003,di,O
000137-003,sekitarnya,O
000137-003,untuk,O
000137-003,melindunginya,O
000137-003,.,O
000137-003,Orang-orang,O
000137-003,berkata,O
000137-003,",",O
000137-003,"""",O
000137-003,Abul,B_PERSON
000137-003,Hakam,I_PERSON
000137-003,(,O
000137-003,Abu,B_PERSON
000137-003,Jahal,I_PERSON
000137-003,),O
000137-003,tidak,O
000137-003,akan,O
000137-003,bisa,O
000137-003,lolos,O
000137-003,".""",O
000137-003,Tatkala,O
000137-003,kudengar,O
000137-003,tentang,O
000137-003,dirinya,O
000137-003,",",O
000137-003,maka,O
000137-003,aku,O
000137-003,mempersiapkan,O
000137-003,diri,O
000137-003,lalu,O
000137-003,mendekati,O
000137-003,dirinya,O
000137-003,.,O
000137-003,Selagi,O
000137-003,jarak,O
000137-003,sudah,O
000137-003,memungkinkan,O
000137-003,",",O
000137-003,aku,O
000137-003,segera,O
000137-003,menyerangnya,O
000137-003,dan,O
000137-003,dapat,O
000137-003,menyabetnya,O
000137-003,hingga,O
000137-003,kakinya,O
000137-003,putus,O
000137-003,pada,O
000137-003,bagian,O
000137-003,betis,O
000137-003,.,O
000137-003,Namun,O
000137-003,kemudian,O
000137-003,anaknya,O
000137-003,",",O
000137-003,Ikrimah,O
000137-003,",",O
000137-003,menyerangku,O
000137-003,dan,O
000137-003,mengenai,O
000137-003,pundakku,O
000137-003,.,O
000137-003,hingga,O
000137-003,tanganku,O
000137-003,putus,O
000137-003,dan,O
000137-003,bergelantungan,O
000137-003,",",O
000137-003,karena,O
000137-003,kulitnya,O
000137-003,masih,O
000137-003,belum,O
000137-003,putus,O
000137-003,.,O
000137-003,Pertempuran,O
000137-003,yang,O
000137-003,terus,O
000137-003,berkecamuk,O
000137-003,membuatku,O
000137-003,tersingkir,O
000137-003,dari,O
000137-003,kancah,O
000137-003,pertempuran,O
000137-003,.,O
000137-003,Setelah,O
000137-003,berhasil,O
000137-003,membunuh,O
000137-003,sekian,O
000137-003,banyak,O
000137-003,musuh,O
000137-003,pada,O
000137-003,hari,O
000137-003,ini,O
000137-003,.,O
000137-003,akhirnya,O
000137-003,aku,O
000137-003,agak,O
000137-003,mundur,O
000137-003,ke,O
000137-003,belakang,O
000137-003,.,O
000137-003,Karena,O
000137-003,rasa,O
000137-003,sakit,O
000137-003,yang,O
000137-003,amat,O
000137-003,sangat,O
000137-003,",",O
000137-003,tanganku,O
000137-003,yang,O
000137-003,tertebas,O
000137-003,kuputus,O
000137-003,dan,O
000137-003,kubuang,O
000137-003,.,O
000137-003,Pada,O
000137-003,saat,O
000137-003,itu,O
000137-003,Mu,B_PERSON
000137-003,awwidz,B_PERSON
000137-003,bin,I_PERSON
000137-003,Afra,I_PERSON
000137-003,mendekati,O
000137-003,Abu,B_PERSON
000137-003,Jahal,I_PERSON
000137-003,dan,O
000137-003,menyabetnya,O
000137-003,hingga,O
000137-003,tersungkur,O
000137-003,dan,O
000137-003,membiarkannya,O
000137-003,dalam,O
000137-003,keadaan,O
000137-003,sekarat,O
000137-003,.,O
000138-008,Tatkala,O
000138-008,beliau,O
000138-008,bersabda,O
000138-008,",",O
000138-008,"""",O
000138-008,Ada,O
000138-008,tujuh,O
000138-008,puluh,O
000138-008,ribu,O
000138-008,umatku,O
000138-008,yang,O
000138-008,masuk,O
000138-008,surga,O
000138-008,dalam,O
000138-008,rupa,O
000138-008,bulan,O
000138-008,purnama,O
000138-008,".""",O
000138-008,Lalu,O
000138-008,Ukkasyah,O
000138-008,memohon,O
000138-008,kepada,O
000138-008,beliau,O
000138-008,untuk,O
000138-008,berdoa,O
000138-008,kepada,O
000138-008,Allah,O
000138-008,",",O
000138-008,agar,O
000138-008,dia,O
000138-008,dijadikan,O
000138-008,golongan,O
000138-008,ini,O
000138-008,.,O
000138-008,Maka,O
000138-008,sabda,O
000138-008,beliau,O
000138-008,",",O
000138-008,"""",O
000138-008,Engkau,O
000138-008,termasuk,O
000138-008,golongan,O
000138-008,mereka,O
000138-008,".""",O
000138-008,Kemudian,O
000138-008,tatkala,O
000138-008,ada,O
000138-008,orang,O
000138-008,Anshar,O
000138-008,yang,O
000138-008,meminta,O
000138-008,seperti,O
000138-008,yang,O
000138-008,dipinta,O
000138-008,Ukkasyah,O
000138-008,",",O
000138-008,beliau,O
000138-008,menjawab,O
000138-008,",",O
000138-008,"""",O
000138-008,Engkau,O
000138-008,sudah,O
000138-008,didahului,O
000138-008,Ukkasyah,O
000138-008,""",",O
000138-008,pent,O
000138-008,.,O
000138-008,159,O
000138-008,AkhirnyaAbu,O
000138-008,Aziz,I_PERSON
000138-008,ditebus,O
000138-008,dengan,O
000138-008,nilai,O
000138-008,yang,O
000138-008,paling,O
000138-008,tinggi,O
000138-008,di,O
000138-008,antara,O
000138-008,semua,O
000138-008,tawanan,O
000138-008,yaitu,O
000138-008,sebanyak,O
000138-008,empat,O
000138-008,ribu,O
000138-008,dirham,O
000138-008,",",O
000138-008,pent,O
000138-008,.,O
000139-001,Peperangan,O
000139-001,sudah,O
000139-001,usai,O
000139-001,dengan,O
000139-001,kekalahan,O
000139-001,telak,O
000139-001,di,O
000139-001,pihak,O
000139-001,orang-orang,O
000139-001,musyrik,O
000139-001,dan,O
000139-001,kemenangan,O
000139-001,yang,O
000139-001,nyata,O
000139-001,di,O
000139-001,pihak,O
000139-001,orang-orang,O
000139-001,Muslim,O
000139-001,.,O
000139-001,Yang,O
000139-001,mati,O
000139-001,syahid,O
000139-001,dari,O
000139-001,pasukan,O
000139-001,Muslimin,O
000139-001,dalam,O
000139-001,peperangan,O
000139-001,ini,O
000139-001,ada,O
000139-001,empat,O
000139-001,belas,O
000139-001,orang,O
000139-001,",",O
000139-001,enam,O
000139-001,dari,O
000139-001,Muhajirin,O
000139-001,dan,O
000139-001,delapan,O
000139-001,dari,O
000139-001,Anshar,O
000139-001,.,O
000139-001,Sedangkan,O
000139-001,orang-orang,O
000139-001,musyrik,O
000139-001,mengalami,O
000139-001,kerugian,O
000139-001,yang,O
000139-001,amat,O
000139-001,banyak,O
000139-001,Korban,O
000139-001,di,O
000139-001,antara,O
000139-001,mereka,O
000139-001,ada,O
000139-001,tujuh,O
000139-001,puluh,O
000139-001,orang,O
000139-001,dan,O
000139-001,tujuh,O
000139-001,puluh,O
000139-001,orang,O
000139-001,pula,O
000139-001,yang,O
000139-001,tertawan,O
000139-001,",",O
000139-001,yang,O
000139-001,kebanyakan,O
000139-001,justru,O
000139-001,terdiri,O
000139-001,dari,O
000139-001,para,O
000139-001,pemuka,O
000139-001,dan,O
000139-001,pemimpin,O
000139-001,mereka,O
000139-001,.,O
000139-001,Setelah,O
000139-001,peperangan,O
000139-001,usai,O
000139-001,",",O
000139-001,Rasulullah,B_PERSON
000139-001,berkeliling,O
000139-001,hingga,O
000139-001,berdiri,O
000139-001,di,O
000139-001,dekat,O
000139-001,korban,O
000139-001,dari,O
000139-001,orang-orang,O
000139-001,musyrik,O
000139-001,",",O
000139-001,"""",O
000139-001,Keluarga,O
000139-001,yang,O
000139-001,paling,O
000139-001,buruk,O
000139-001,terhadap,O
000139-001,nabi,O
000139-001,kalian,O
000139-001,adalah,O
000139-001,diri,O
000139-001,kalian,O
000139-001,.,O
000139-001,Kalian,O
000139-001,mendustakan,O
000139-001,aku,O
000139-001,selagi,O
000139-001,orang-orang,O
000139-001,membenarkan,O
000139-001,aku,O
000139-001,.,O
000139-001,Kalian,O
000139-001,menelantarkan,O
000139-001,aku,O
000139-001,selagi,O
000139-001,orang-orang,O
000139-001,menolongku,O
000139-001,.,O
000139-001,Kalian,O
000139-001,mengusir,O
000139-001,aku,O
000139-001,selagi,O
000139-001,orang-orang,O
000139-001,melindungi,O
000139-001,aku,O
000139-001,".""",O
000139-001,Lalu,O
000139-001,beliau,O
000139-001,memerintahkan,O
000139-001,agar,O
000139-001,tubuh,O
000139-001,mereka,O
000139-001,dimasukkan,O
000139-001,ke,O
000139-001,dalam,O
000139-001,sumur,O
000139-001,.,O
000139-001,Diriwayatkan,O
000139-001,dari,O
000139-001,Abu,B_PERSON
000139-001,Thalhah,I_PERSON
000139-001,",",O
000139-001,bahwa,O
000139-001,Nabi,O
000139-001,Allah,O
000139-001,memerintahkan,O
000139-001,untuk,O
000139-001,mengumpulkan,O
000139-001,dua,O
000139-001,puluh,O
000139-001,empat,O
000139-001,pemuka,O
000139-001,Quraisy,O
000139-001,yang,O
000139-001,terbunuh,O
000139-001,",",O
000139-001,lalu,O
000139-001,mereka,O
000139-001,dilemparkan,O
000139-001,ke,O
000139-001,dalam,O
000139-001,sumur,O
000139-001,yang,O
000139-001,kotor,O
000139-001,dan,O
000139-001,bau,O
000139-001,.,O
000139-001,Sebelum,O
000139-001,itu,O
000139-001,",",O
000139-001,jika,O
000139-001,ada,O
000139-001,suatu,O
000139-001,kaum,O
000139-001,mendapatkan,O
000139-001,suatu,O
000139-001,kemenangan,O
000139-001,",",O
000139-001,maka,O
000139-001,mereka,O
000139-001,mengadakan,O
000139-001,pesta,O
000139-001,di,O
000139-001,Badr,B_LOCATION
000139-001,selama,O
000139-001,tiga,O
000139-001,malam,O
000139-001,.,O
000139-001,Pada,O
000139-001,hari,O
000139-001,ketiga,O
000139-001,dari,O
000139-001,Perang,B_EVENT
000139-001,Badr,I_EVENT
000139-001,",",O
000139-001,beliau,O
000139-001,meminta,O
000139-001,hewan,O
000139-001,kendaraannya,O
000139-001,dan,O
000139-001,mengikatnya,O
000139-001,.,O
000139-001,Kemudian,O
000139-001,beliau,O
000139-001,berjalan,O
000139-001,mengikuti,O
000139-001,para,O
000139-001,sahabat,O
000139-001,",",O
000139-001,hingga,O
000139-001,beliau,O
000139-001,berdiri,O
000139-001,di,O
000139-001,bibir,O
000139-001,sumur,O
000139-001,.,O
000139-001,Beliau,O
000139-001,menyebutkan,O
000139-001,nama,O
000139-001,orang-orang,O
000139-001,musyrik,O
000139-001,yang,O
000139-001,jasadnya,O
000139-001,dilemparkan,O
000139-001,ke,O
000139-001,dalam,O
000139-001,sumur,O
000139-001,itu,O
000139-001,",",O
000139-001,begitu,O
000139-001,nama,O
000139-001,bapak-bapak,O
000139-001,mereka,O
000139-001,.,O
000140-002,Ketika,O
000140-002,sudah,O
000140-002,ada,O
000140-002,kabar,O
000140-002,tentang,O
000140-002,kekalahan,O
000140-002,pasukan,O
000140-002,Quraisy,O
000140-002,",",O
000140-002,maka,O
000140-002,Allah,O
000140-002,membuatnya,O
000140-002,rendah,O
000140-002,dan,O
000140-002,hina,O
000140-002,.,O
000140-002,Sedangkan,O
000140-002,kami,O
000140-002,merasa,O
000140-002,kuat,O
000140-002,dan,O
000140-002,perkasa,O
000140-002,.,O
000140-002,Sementara,O
000140-002,aku,O
000140-002,adalah,O
000140-002,orang,O
000140-002,lemah,O
000140-002,yang,O
000140-002,bertugas,O
000140-002,membuat,O
000140-002,anak,O
000140-002,panah,O
000140-002,Aku,O
000140-002,merautnya,O
000140-002,sambil,O
000140-002,duduk,O
000140-002,di,O
000140-002,batu,O
000140-002,pembatas,O
000140-002,sumur,B_LOCATION
000140-002,Zamzam,B_LOCATION
000140-002,.,O
000140-002,Demi,O
000140-002,Allah,O
000140-002,",",O
000140-002,tatkala,O
000140-002,aku,O
000140-002,sedang,O
000140-002,duduk,O
000140-002,sambil,O
000140-002,meraut,O
000140-002,anak-anak,O
000140-002,panahku,O
000140-002,dan,O
000140-002,di,O
000140-002,sisiku,O
000140-002,ada,O
000140-002,Ummul,B_PERSON
000140-002,Fadhl,I_PERSON
000140-002,yang,O
000140-002,juga,O
000140-002,sedang,O
000140-002,duduk-duduk,O
000140-002,",",O
000140-002,sementara,O
000140-002,saat,O
000140-002,itu,O
000140-002,kami,O
000140-002,amat,O
000140-002,gembira,O
000140-002,dengan,O
000140-002,kabar,O
000140-002,itu,O
000140-002,",",O
000140-002,tiba-tiba,O
000140-002,Abu,B_PERSON
000140-002,Lahab,I_PERSON
000140-002,berjalan,O
000140-002,dengan,O
000140-002,menyeret,O
000140-002,kedua,O
000140-002,kakinya,O
000140-002,yang,O
000140-002,tak,O
000140-002,berdaya,O
000140-002,",",O
000140-002,hingga,O
000140-002,dia,O
000140-002,duduk,O
000140-002,di,O
000140-002,pinggir,O
000140-002,batu,O
000140-002,pembatas,O
000140-002,Zamzam,B_LOCATION
000140-002,Punggungnya,O
000140-002,menyandar,O
000140-002,ke,O
000140-002,punggungku,O
000140-002,.,O
000140-002,"""""",O
000140-002,Ini,O
000140-002,dia,O
000140-002,Abu,B_PERSON
000140-002,Sufyan,I_PERSON
000140-002,bin,I_PERSON
000140-002,Al-Harits,O
000140-002,bin,I_PERSON
000140-002,Abdul,I_PERSON
000140-002,Muththalib,I_PERSON
000140-002,sudah,O
000140-002,datang,O
000140-002,",""",O
000140-002,orang-orang,O
000140-002,berkata,O
000140-002,.,O
000140-002,Abu,B_PERSON
000140-002,Lahab,I_PERSON
000140-002,berkata,O
000140-002,",",O
000140-002,"""",O
000140-002,Mari,O
000140-002,ke,O
000140-002,sini,O
000140-002,.,O
000140-002,Demi,O
000140-002,Allah,O
000140-002,",",O
000140-002,kabar,O
000140-002,apa,O
000140-002,yang,O
000140-002,engkau,O
000140-002,bawa,O
000140-002,"?""",O
000140-002,Lalu,O
000140-002,Abu,B_PERSON
000140-002,Sufyan,I_PERSON
000140-002,duduk,O
000140-002,di,O
000140-002,sampingnya,O
000140-002,",",O
000140-002,sementara,O
000140-002,orang-orang,O
000140-002,berdiri,O
000140-002,di,O
000140-002,hadapannya,O
000140-002,.,O
000140-002,.,O
000140-002,Wahai,O
000140-002,keponakkanku,O
000140-002,",",O
000140-002,kabarkan,O
000140-002,kepadaku,O
000140-002,bagaimana,O
000140-002,urusan,O
000140-002,orang-,O
000140-002,orang,O
000140-002,"?""",O
000140-002,tanya,O
000140-002,Abu,B_PERSON
000140-002,Lahab,I_PERSON
000140-002,.,O
000140-002,Abu,B_PERSON
000140-002,Sufyan,I_PERSON
000140-002,menjawab,O
000140-002,",",O
000140-002,"""",O
000140-002,Selagi,O
000140-002,kami,O
000140-002,berhadapan,O
000140-002,dengan,O
000140-002,segolongan,O
000140-002,orang,O
000140-002,",",O
000140-002,justru,O
000140-002,kami,O
000140-002,menyerahkan,O
000140-002,pundak-pundak,O
000140-002,kami,O
000140-002,kepada,O
000140-002,mereka,O
000140-002,.,O
000140-002,Mereka,O
000140-002,menyerang,O
000140-002,kami,O
000140-002,sekehendak,O
000140-002,hatinya,O
000140-002,dan,O
000140-002,menawan,O
000140-002,kami,O
000140-002,sekehendak,O
000140-002,hatinya,O
000140-002,Demi,O
000140-002,Allah,O
000140-002,",",O
000140-002,sekalipun,O
000140-002,begitu,O
000140-002,aku,O
000140-002,tidak,O
000140-002,mencela,O
000140-002,siapa,O
000140-002,pun,O
000140-002,.,O
000140-002,Kami,O
000140-002,harus,O
000140-002,berhadapan,O
000140-002,dengan,O
000140-002,orang-orang,O
000140-002,yang,O
000140-002,berpakaian,O
000140-002,putih,O
000140-002,sambil,O
000140-002,menunggang,O
000140-002,kuda,O
000140-002,yang,O
000140-002,perkasa,O
000140-002,",",O
000140-002,berseliweran,O
000140-002,di,O
000140-002,antara,O
000140-002,langit,O
000140-002,dan,O
000140-002,bumi,O
000140-002,.,O
000140-004,Namun,O
000140-004,karena,O
000140-004,mereka,O
000140-004,takut,O
000140-004,akan,O
000140-004,dicemooh,O
000140-004,sebagai,O
000140-004,akibat,O
000140-004,dari,O
000140-004,tindakannya,O
000140-004,ini,O
000140-004,",",O
000140-004,mereka,O
000140-004,pun,O
000140-004,membuatkan,O
000140-004,sebuah,O
000140-004,lubang,O
000140-004,di,O
000140-004,dekatnya,O
000140-004,.,O
000140-004,lalu,O
000140-004,mendorong,O
000140-004,tubuhnya,O
000140-004,masuk,O
000140-004,ke,O
000140-004,dalam,O
000140-004,lubang,O
000140-004,itu,O
000140-004,",",O
000140-004,lalu,O
000140-004,mereka,O
000140-004,menimbun,O
000140-004,lubang,O
000140-004,kuburan,O
000140-004,dengan,O
000140-004,cara,O
000140-004,melemparkan,O
000140-004,batu,O
000140-004,dari,O
000140-004,kejauhan,O
000140-004,Begitulah,O
000140-004,penduduk,O
000140-004,Makkah,B_LOCATION
000140-004,menerima,O
000140-004,kabar,O
000140-004,kekalahan,O
000140-004,telak,O
000140-004,di,O
000140-004,medan,O
000140-004,Perang,B_EVENT
000140-004,Badr,I_EVENT
000140-004,.,O
000140-004,Tentu,O
000140-004,saja,O
000140-004,hal,O
000140-004,ini,O
000140-004,menimbulkan,O
000140-004,pengaruh,O
000140-004,yang,O
000140-004,buruk,O
000140-004,.,O
000140-004,Bahkan,O
000140-004,mereka,O
000140-004,melarang,O
000140-004,untuk,O
000140-004,meratapi,O
000140-004,orang-orang,O
000140-004,yang,O
000140-004,mati,O
000140-004,terbunuh,O
000140-004,",",O
000140-004,agar,O
000140-004,mereka,O
000140-004,tidak,O
000140-004,semakin,O
000140-004,terpuruk,O
000140-004,karena,O
000140-004,dicerca,O
000140-004,orang-orang,O
000140-004,Muslim,O
000140-004,.,O
000140-004,Dalam,O
000140-004,Perang,B_EVENT
000140-004,Badr,I_EVENT
000140-004,ini,O
000140-004,Al-Aswad,B_PERSON
000140-004,bin,I_PERSON
000140-004,Al-Muththalib,I_PERSON
000140-004,kehilangan,O
000140-004,tiga,O
000140-004,anaknya,O
000140-004,.,O
000140-004,Karena,O
000140-004,buta,O
000140-004,",",O
000140-004,dia,O
000140-004,lebih,O
000140-004,suka,O
000140-004,menangisi,O
000140-004,nasib,O
000140-004,yang,O
000140-004,menimpa,O
000140-004,mereka,O
000140-004,.,O
000140-004,Suatu,O
000140-004,malam,O
000140-004,dia,O
000140-004,mendengar,O
000140-004,suara,O
000140-004,ratap,O
000140-004,tangis,O
000140-004,.,O
000140-004,Dia,O
000140-004,mengutus,O
000140-004,pembantunya,O
000140-004,dengan,O
000140-004,berkata,O
000140-004,",",O
000140-004,"""",O
000140-004,Lihatlah,O
000140-004,",",O
000140-004,apakah,O
000140-004,ratap,O
000140-004,tangis,O
000140-004,memang,O
000140-004,diperbolehkan,O
000140-004,?,O
000140-004,Apakah,O
000140-004,orang-orang,O
000140-004,Quraisy,O
000140-004,juga,O
000140-004,menangisi,O
000140-004,meratapi,O
000140-004,para,O
000140-004,korban,O
000140-004,yang,O
000140-004,mati,O
000140-004,?,O
000140-004,Karena,O
000140-004,aku,O
000140-004,pun,O
000140-004,ingin,O
000140-004,meratapi,O
000140-004,Abu,B_PERSON
000140-004,Hakimah,I_PERSON
000140-004,(,O
000140-004,anaknya,O
000140-004,"),",O
000140-004,karena,O
000140-004,kelopak,O
000140-004,mataku,O
000140-004,sudah,O
000140-004,hampir,O
000140-004,terbakar,O
000140-004,".""",O
000140-004,Setelah,O
000140-004,menyelidiki,O
000140-004,",",O
000140-004,pembantunya,O
000140-004,kembali,O
000140-004,lagi,O
000140-004,dan,O
000140-004,berkata,O
000140-004,",",O
000140-004,"""",O
000140-004,Yang,O
000140-004,menangis,O
000140-004,itu,O
000140-004,adalah,O
000140-004,seorang,O
000140-004,wanita,O
000140-004,yang,O
000140-004,meratapi,O
000140-004,ontanya,O
000140-004,yang,O
000140-004,lepas,O
000140-004,".""",O
000140-004,Al-Aswad,O
000140-004,hampir,O
000140-004,tak,O
000140-004,mampu,O
000140-004,menguasai,O
000140-004,dirinya,O
000140-004,.,O
000140-004,Lalu,O
000140-004,dia,O
000140-004,menurunkan,O
000140-004,sebuah,O
000140-004,syair,O
000140-004,yang,O
000140-004,sendu,O
000142-001,Seusai,O
000142-001,perang,O
000142-001,",",O
000142-001,Rasulullah,B_PERSON
000142-001,masih,O
000142-001,berada,O
000142-001,di,O
000142-001,Badr,B_LOCATION
000142-001,selama,O
000142-001,tiga,O
000142-001,hari,O
000142-001,Sebelum,O
000142-001,meninggalkan,O
000142-001,kancah,O
000142-001,peperangan,O
000142-001,",",O
000142-001,terjadi,O
000142-001,silang,O
000142-001,pendapat,O
000142-001,di,O
000142-001,antara,O
000142-001,anggota,O
000142-001,pasukan,O
000142-001,tentang,O
000142-001,pembagian,O
000142-001,harta,O
000142-001,rampasan,O
000142-001,.,O
000142-001,Ketika,O
000142-001,silang,O
000142-001,pendapat,O
000142-001,ini,O
000142-001,semakin,O
000142-001,meruncing,O
000142-001,maka,O
000142-001,beliau,O
000142-001,memerintahkan,O
000142-001,agar,O
000142-001,semua,O
000142-001,harta,O
000142-001,rampasan,O
000142-001,di,O
000142-001,tangan,O
000142-001,mereka,O
000142-001,diserahkan,O
000142-001,.,O
000142-001,Mereka,O
000142-001,pun,O
000142-001,menurutinya,O
000142-001,",",O
000142-001,lalu,O
000142-001,turun,O
000142-001,wahyu,O
000142-001,yang,O
000142-001,memecahkan,O
000142-001,masalah,O
000142-001,ini,O
000142-001,.,O
000142-001,Dari,O
000142-001,Ubadah,B_PERSON
000142-001,bin,I_PERSON
000142-001,Ash-Shamit,I_PERSON
000142-001,",",O
000142-001,dia,O
000142-001,berkata,O
000142-001,",",O
000142-001,"""",O
000142-001,Kami,O
000142-001,pergi,O
000142-001,bersama,O
000142-001,Nabi,O
000142-001,bergabung,O
000142-001,dalam,O
000142-001,Perang,B_EVENT
000142-001,Badr,I_EVENT
000142-001,.,O
000142-001,Dua,O
000142-001,pasukan,O
000142-001,saling,O
000142-001,berhadapan,O
000142-001,dan,O
000142-001,Allah,O
000142-001,mengalahkan,O
000142-001,pasukan,O
000142-001,musuh,O
000142-001,.,O
000142-001,Ada,O
000142-001,segolongan,O
000142-001,pasukan,O
000142-001,Muslimin,O
000142-001,yang,O
000142-001,mengejar,O
000142-001,musuh,O
000142-001,",",O
000142-001,mengusir,O
000142-001,dan,O
000142-001,membunuh,O
000142-001,.,O
000142-001,Ada,O
000142-001,pula,O
000142-001,sebagian,O
000142-001,lain,O
000142-001,y,O
000142-001,ang,O
000142-001,meng-,O
000142-001,uasai,O
000142-001,harta,O
000142-001,rampasan,O
000142-001,yang,O
000142-001,telah,O
000142-001,dikumpulkan,O
000142-001,.,O
000142-001,Ada,O
000142-001,pula,O
000142-001,sebagian,O
000142-001,lain,O
000142-001,yang,O
000142-001,menjaga,O
000142-001,Rasulullah,B_PERSON
000142-001,dan,O
000142-001,tidak,O
000142-001,berhadapan,O
000142-001,langsung,O
000142-001,dengan,O
000142-001,musuh,O
000142-001,.,O
000142-001,Pada,O
000142-001,malam,O
000142-001,harinya,O
000142-001,",",O
000142-001,selagi,O
000142-001,sebagian,O
000142-001,sudah,O
000142-001,berkumpul,O
000142-001,dengan,O
000142-001,sebagian,O
000142-001,yang,O
000142-001,lain,O
000142-001,mereka,O
000142-001,yang,O
000142-001,berhasil,O
000142-001,mengumpulkan,O
000142-001,harta,O
000142-001,rampasan,O
000142-001,berkata,O
000142-001,",",O
000142-001,"""",O
000142-001,Kamilah,O
000142-001,yang,O
000142-001,telah,O
000142-001,mengumpulkan,O
000142-001,dan,O
000142-001,siapa,O
000142-001,pun,O
000142-001,tidak,O
000142-001,boleh,O
000142-001,mengusiknya,O
000142-001,".""",O
000142-001,Sedangkan,O
000142-001,mereka,O
000142-001,yang,O
000142-001,bertugas,O
000142-001,mengejar,O
000142-001,musuh,O
000142-001,menyahut,O
000142-001,",",O
000142-001,"""",O
000142-001,Kalian,O
000142-001,tidak,O
000142-001,lebih,O
000142-001,berhak,O
000142-001,daripada,O
000142-001,kami,O
000142-001,.,O
000142-001,Kamilah,O
000142-001,yang,O
000142-001,sebenarnya,O
000142-001,telah,O
000142-001,mengumpulkan,O
000142-001,harta,O
000142-001,rampasan,O
000142-001,itu,O
000142-001,dan,O
000142-001,mengalahkan,O
000142-001,musuh,O
000142-001,".""",O
000142-001,Sedangkan,O
000142-001,mereka,O
000142-001,yang,O
000142-001,bertugas,O
000142-001,menjaga,O
000142-001,beliau,O
000142-001,berkata,O
000142-001,",",O
000142-001,"""",O
000142-001,Kami,O
000142-001,khawatir,O
000142-001,musuh,O
000142-001,akan,O
000142-001,menyerang,O
000142-001,beliau,O
000142-001,",",O
000142-001,maka,O
000142-001,sejak,O
000142-001,awal,O
000142-001,kami,O
000142-001,melindungi,O
000142-001,beliau,O
000142-001,".""",O
000142-001,Maka,O
000142-001,kemudian,O
000142-001,Allah,O
000142-001,menurunkan,O
000142-001,ayat,O
000142-001,",",O
000142-001,JWJT,O
000142-001,"""",O
000142-001,Mereka,O
000142-001,menanyakan,O
000142-001,kepadamu,O
000142-001,tentang,O
000142-001,(,O
000142-001,pembagian,O
000142-001,),O
000142-001,harta,O
000142-001,rampasan,O
000142-001,.,O
000142-001,"Katakanlah,'Harta",O
000142-001,perang,O
000142-001,itu,O
000142-001,kepunyaan,O
000142-001,Allah,O
000142-001,dan,O
000142-001,Rasul,O
000142-001,.,O
000145-003,Betapa,O
000145-003,mengesankan,O
000145-003,Id,O
000145-003,yang,O
000145-003,penuh,O
000145-003,kebahagiaan,O
000145-003,ini,O
000145-003,",",O
000145-003,setelah,O
000145-003,Allah,O
000145-003,menyematkan,O
000145-003,mahkota,O
000145-003,kemenangan,O
000145-003,dan,O
000145-003,keperkasaan,O
000145-003,kepada,O
000145-003,mereka,O
000145-003,.,O
000145-003,Betapa,O
000145-003,mengagumkan,O
000145-003,shalat,O
000145-003,Idul,O
000145-003,Fitri,O
000145-003,yang,O
000145-003,mereka,O
000145-003,lakukan,O
000145-003,saat,O
000145-003,itu,O
000145-003,",",O
000145-003,setelah,O
000145-003,mereka,O
000145-003,keluar,O
000145-003,dari,O
000145-003,rumah,O
000145-003,dengan,O
000145-003,menyerukan,O
000145-003,suara,O
000145-003,takbir,O
000145-003,",",O
000145-003,tahmid,O
000145-003,",",O
000145-003,dan,O
000145-003,tauhid,O
000145-003,.,O
000145-003,Hat,O
000145-003,mereka,O
000145-003,mekar,O
000145-003,dipenuhi,O
000145-003,kecintaan,O
000145-003,kepada,O
000145-003,Allah,O
000145-003,",",O
000145-003,sambil,O
000145-003,tetap,O
000145-003,mengharapkan,O
000145-003,rahmat,O
000145-003,dan,O
000145-003,keridhaan-Nya,O
000145-003,",",O
000145-003,setelah,O
000145-003,Dia,O
000145-003,memuliakan,O
000145-003,mereka,O
000145-003,dengan,O
000145-003,nikmat,O
000145-003,dan,O
000145-003,menguatkan,O
000145-003,mereka,O
000145-003,dengan,O
000145-003,pertolongan-Nya,O
000145-003,.,O
000145-003,Lalu,O
000145-003,Allah,O
000145-003,mengingatkan,O
000145-003,mereka,O
000145-003,tentang,O
000145-003,semua,O
000145-003,ini,O
000145-003,dengan,O
000145-003,berfirman,O
000145-003,",",O
000145-003,81,O
000145-003,I,O
000145-003,x,O
000145-003,i,O
000145-003,"""",O
000145-003,"Dan,ingatlah",O
000145-003,(,O
000145-003,hai,O
000145-003,para,O
000145-003,Muhajirin,O
000145-003,),O
000145-003,ketika,O
000145-003,kalian,O
000145-003,masih,O
000145-003,berjumlah,O
000145-003,sedikit,O
000145-003,lagi,O
000145-003,tertindas,O
000145-003,di,O
000145-003,bumi,O
000145-003,(,O
000145-003,Makkah,B_LOCATION
000145-003,).,O
000145-003,Kalian,O
000145-003,takut,O
000145-003,orang-orang,O
000145-003,(,O
000145-003,Makkah,B_LOCATION
000145-003,),O
000145-003,akar,O
000145-003,menculik,O
000145-003,kalian,O
000145-003,",",O
000145-003,maka,O
000145-003,Allah,O
000145-003,memberi,O
000145-003,kalian,O
000145-003,tempat,O
000145-003,menetap,O
000145-003,(,O
000145-003,Madinah,B_LOCATION
000145-003,),O
000145-003,dan,O
000145-003,dijadikan-Nya,O
000145-003,kalian,O
000145-003,kuat,O
000145-003,dengan,O
000145-003,pertolongan-Nya,O
000145-003,dan,O
000145-003,diberi-Nya,O
000145-003,kalian,O
000145-003,rezeki,O
000145-003,dari,O
000145-003,yang,O
000145-003,baik-baik,O
000145-003,agar,O
000145-003,kalian,O
000145-003,bersyukur,O
000145-003,.,O
000145-003,"""",O
000145-003,(,O
000145-003,Al-Anfal,O
000145-003,:,O
000145-003,26,O
000145-003,),O
000145-003,Sumur,O
000145-003,Badr,B_LOCATION
000158-002,Maka,O
000158-002,tolonglah,O
000158-002,kami,O
000158-002,dengan,O
000158-002,harta,O
000158-002,kalian,O
000158-002,untuk,O
000158-002,memeranginya,O
000158-002,.,O
000158-002,Siapa,O
000158-002,tahu,O
000158-002,kita,O
000158-002,bisa,O
000158-002,menuntut,O
000158-002,balas,O
000158-002,".""",O
000158-002,Mereka,O
000158-002,memenuhi,O
000158-002,himbauan,O
000158-002,ini,O
000158-002,",",O
000158-002,hingga,O
000158-002,terkumpul,O
000158-002,seribu,O
000158-002,onta,O
000158-002,dan,O
000158-002,seribu,O
000158-002,lima,O
000158-002,ratus,O
000158-002,dinar,O
000158-002,.,O
000158-002,Tentang,O
000158-002,hal,O
000158-002,ini,O
000158-002,Allah,O
000158-002,menurunkan,O
000158-002,ayat,O
000158-002,.,O
000158-002,XI,O
000158-002,"""",O
000158-002,Sesungguhnya,O
000158-002,orang-orang,O
000158-002,kafir,O
000158-002,itu,O
000158-002,",",O
000158-002,menafkahkan,O
000158-002,harta,O
000158-002,mereka,O
000158-002,untuk,O
000158-002,menghalangi,O
000158-002,(,O
000158-002,orang,O
000158-002,),O
000158-002,dari,O
000158-002,jalan,O
000158-002,Allah,O
000158-002,.,O
000158-002,Mereka,O
000158-002,akan,O
000158-002,menafkahkan,O
000158-002,harta,O
000158-002,itu,O
000158-002,",",O
000158-002,kemudian,O
000158-002,menjadi,O
000158-002,sesalan,O
000158-002,bagi,O
000158-002,mereka,O
000158-002,",",O
000158-002,dan,O
000158-002,mereka,O
000158-002,akan,O
000158-002,dikalahkan,O
000158-002,.,O
000158-002,"""",O
000158-002,(,O
000158-002,Al-Anfal,O
000158-002,:,O
000158-002,36,O
000158-002,Mereka,O
000158-002,membukakan,O
000158-002,pintu,O
000158-002,dukungan,O
000158-002,bagi,O
000158-002,siapa,O
000158-002,pun,O
000158-002,yang,O
000158-002,hendak,O
000158-002,ikut,O
000158-002,andil,O
000158-002,untuk,O
000158-002,memerangi,O
000158-002,orang-orang,O
000158-002,Muslim,O
000158-002,",",O
000158-002,entah,O
000158-002,dia,O
000158-002,berasal,O
000158-002,dari,O
000158-002,Habasyah,B_LOCATION
000158-002,.,O
000158-002,Kinanah,O
000158-002,",",O
000158-002,atau,O
000158-002,pun,O
000158-002,Tihamah,O
000158-002,.,O
000158-002,Untuk,O
000158-002,keperluan,O
000158-002,ini,O
000158-002,mereka,O
000158-002,menggunakan,O
000158-002,segala,O
000158-002,cara,O
000158-002,untuk,O
000158-002,membangkitkan,O
000158-002,semangat,O
000158-002,manusia,O
000158-002,.,O
000158-002,Bahkan,O
000158-002,Shafwan,B_PERSON
000158-002,bin,I_PERSON
000158-002,Umayyah,I_PERSON
000158-002,membujuk,O
000158-002,Abu,B_PERSON
000158-002,Azzah,I_PERSON
000158-002,",",O
000158-002,seorang,O
000158-002,penyair,O
000158-002,yang,O
000158-002,tertawan,O
000158-002,di,O
000158-002,Perang,B_EVENT
000158-002,Badr,I_EVENT
000158-002,",",O
000158-002,namun,O
000158-002,kemudian,O
000158-002,dibebaskan,O
000158-002,Rasulullah,B_PERSON
000158-002,tanpa,O
000158-002,tebusan,O
000158-002,apa,O
000158-002,pun,O
000158-002,",",O
000158-002,dengan,O
000158-002,syarat,O
000158-002,dia,O
000158-002,tidak,O
000158-002,boleh,O
000158-002,memerangi,O
000158-002,beliau,O
000158-002,lagi,O
000158-002,dalam,O
000158-002,bentuk,O
000158-002,apa,O
000158-002,pun,O
000158-002,.,O
000158-002,Abu,B_PERSON
000158-002,Shafwan,I_PERSON
000158-002,mem-,O
000158-002,bunjuknya,O
000158-002,agar,O
000158-002,menggugah,O
000158-002,semangat,O
000158-002,berbagai,O
000158-002,kabilah,O
000158-002,untuk,O
000158-002,memerangi,O
000158-002,kaum,O
000158-002,Muslimin,O
000158-002,.,O
000158-002,Dia,O
000158-002,berjanji,O
000158-002,",",O
000158-002,jika,O
000158-002,Abu,B_PERSON
000158-002,Azzah,I_PERSON
000158-002,kembali,O
000158-002,dari,O
000158-002,perang,O
000158-002,dalam,O
000158-002,keadaan,O
000158-002,selamat,O
000158-002,",",O
000158-002,maka,O
000158-002,dia,O
000158-002,akan,O
000158-002,memberinya,O
000158-002,harta,O
000158-002,yang,O
000158-002,melimpah,O
000158-002,.,O
000158-002,Jika,O
000158-002,tidak,O
000158-002,",",O
000158-002,maka,O
000158-002,anak-anaknya,O
000158-002,akan,O
000158-002,mendapatkan,O
000158-002,perlindungan,O
000158-002,.,O
000158-002,Maka,O
000158-002,Abu,B_PERSON
000158-002,Azzah,I_PERSON
000158-002,bangkit,O
000158-002,membangkitkan,O
000158-002,semangat,O
000158-002,berbagai,O
000158-002,kabilah,O
000158-002,dengan,O
000158-002,syair-syairnya,O
000158-002,.,O
000161-001,Al-Abbas,B_PERSON
000161-001,bin,I_PERSON
000161-001,Abdul,I_PERSON
000161-001,Muththalib,I_PERSON
000161-001,yang,O
000161-001,masih,O
000161-001,menetap,O
000161-001,di,O
000161-001,Makkah,B_LOCATION
000161-001,terus,O
000161-001,memata-matai,O
000161-001,setiap,O
000161-001,tindakan,O
000161-001,Quraisy,O
000161-001,dan,O
000161-001,persiapan,O
000161-001,militer,O
000161-001,mereka,O
000161-001,.,O
000161-001,Setelah,O
000161-001,pasukan,O
000161-001,berangkat,O
000161-001,",",O
000161-001,maka,O
000161-001,Al-Abbas,B_PERSON
000161-001,mengirim,O
000161-001,kabar,O
000161-001,surat,O
000161-001,kilat,O
000161-001,kepada,O
000161-001,Nabi,O
000161-001,",",O
000161-001,berupa,O
000161-001,kabar,O
000161-001,secara,O
000161-001,rinci,O
000161-001,tentang,O
000161-001,pasukan,O
000161-001,Quraisy,O
000161-001,Secepat,O
000161-001,kilat,O
000161-001,utusan,O
000161-001,Al-Abbas,B_PERSON
000161-001,pergi,O
000161-001,menyampaikan,O
000161-001,surat,O
000161-001,",",O
000161-001,menempuh,O
000161-001,perjalanan,O
000161-001,antara,O
000161-001,Makkah,B_LOCATION
000161-001,dan,O
000161-001,Madinah,B_LOCATION
000161-001,hanya,O
000161-001,jangka,O
000161-001,waktu,O
000161-001,tiga,O
000161-001,hari,O
000161-001,.,O
000161-001,Dia,O
000161-001,menyertakan,O
000161-001,surat,O
000161-001,itu,O
000161-001,tatkala,O
000161-001,beliau,O
000161-001,sedang,O
000161-001,berada,O
000161-001,di,O
000161-001,masjid,O
000161-001,Quba',O
000161-001,.,O
000161-001,Beliau,O
000161-001,menyuruh,O
000161-001,Ubay,B_PERSON
000161-001,bin,I_PERSON
000161-001,Ka'b,I_PERSON
000161-001,untuk,O
000161-001,membacakan,O
000161-001,surat,O
000161-001,tersebut,O
000161-001,dan,O
000161-001,memerintahkan,O
000161-001,untuk,O
000161-001,merahasiakannya,O
000161-001,.,O
000161-001,Seketika,O
000161-001,itu,O
000161-001,pula,O
000161-001,beliau,O
000161-001,pergi,O
000161-001,ke,O
000161-001,Madinah,B_LOCATION
000161-001,",",O
000161-001,lalu,O
000161-001,merembugkan,O
000161-001,permasalahannya,O
000161-001,dengan,O
000161-001,para,O
000161-001,pemuka,O
000161-001,Muhajirin,O
000161-001,dan,O
000161-001,Anshar,O
000161-001,.,O
000162-001,Madinah,B_LOCATION
000162-001,dalam,O
000162-001,keadaan,O
000162-001,siaga,O
000162-001,satu,O
000162-001,.,O
000162-001,Tak,O
000162-001,seorang,O
000162-001,pun,O
000162-001,lepas,O
000162-001,dari,O
000162-001,senjatanya,O
000162-001,.,O
000162-001,Sekalipun,O
000162-001,sedang,O
000162-001,shalat,O
000162-001,mereka,O
000162-001,tetap,O
000162-001,dalam,O
000162-001,keadaan,O
000162-001,siaga,O
000162-001,untuk,O
000162-001,menghadapi,O
000162-001,segala,O
000162-001,kemungkinan,O
000162-001,yang,O
000162-001,bakal,O
000162-001,terjadi,O
000162-001,.,O
000162-001,Ada,O
000162-001,sekumpulan,O
000162-001,Anshar,O
000162-001,",",O
000162-001,seperti,O
000162-001,Sa'd,B_PERSON
000162-001,bin,I_PERSON
000162-001,Mu'adz,I_PERSON
000162-001,",",O
000162-001,Usaid,B_PERSON
000162-001,bin,I_PERSON
000162-001,Hudhair,I_PERSON
000162-001,dan,O
000162-001,Sa'd,B_PERSON
000162-001,bin,I_PERSON
000162-001,Ubadah,I_PERSON
000162-001,yang,O
000162-001,senantiasa,O
000162-001,menjaga,O
000162-001,Rasulullah,B_PERSON
000162-001,.,O
000162-001,Mereka,O
000162-001,selalu,O
000162-001,berada,O
000162-001,di,O
000162-001,dekat,O
000162-001,pintu,O
000162-001,rumah,O
000162-001,beliau,O
000162-001,.,O
000162-001,Setiap,O
000162-001,pintu,O
000162-001,gerbang,O
000162-001,Madinah,B_LOCATION
000162-001,pasti,O
000162-001,ada,O
000162-001,sekumpulan,O
000162-001,penjaga,O
000162-001,",",O
000162-001,karena,O
000162-001,dikhwatirkan,O
000162-001,musuh,O
000162-001,menyerang,O
000162-001,secara,O
000162-001,tiba-tiba,O
000162-001,.,O
000162-001,Ada,O
000162-001,pula,O
000162-001,sekumpulan,O
000162-001,orang-,O
000162-001,orang,O
000162-001,Muslim,O
000162-001,yang,O
000162-001,bertugas,O
000162-001,memata-matai,O
000162-001,setiap,O
000162-001,gerakan,O
000162-001,musuh,O
000162-001,.,O
000162-001,Mereka,O
000162-001,berputar-putar,O
000162-001,di,O
000162-001,setiap,O
000162-001,jalur,O
000162-001,yang,O
000162-001,bisa,O
000162-001,saja,O
000162-001,dilalui,O
000162-001,orang-orang,O
000162-001,musyrik,O
000162-001,untuk,O
000162-001,menyerang,O
000162-001,orang-orang,O
000162-001,Muslim,O
000162-001,.,O
000163-001,Pasukan,O
000163-001,Makkah,B_LOCATION
000163-001,meneruskan,O
000163-001,perjalanan,O
000163-001,",",O
000163-001,mengambil,O
000163-001,jalur,O
000163-001,utama,O
000163-001,ke,O
000163-001,arah,O
000163-001,barat,O
000163-001,menuju,O
000163-001,Madinah,B_LOCATION
000163-001,.,O
000163-001,Setiba,O
000163-001,di,O
000163-001,Abwa',O
000163-001,",",O
000163-001,Hindun,B_PERSON
000163-001,bin,I_PERSON
000163-001,Uthbah,I_PERSON
000163-001,",",O
000163-001,istri,O
000163-001,Abu,B_PERSON
000163-001,Sufyan,I_PERSON
000163-001,mengusulkan,O
000163-001,untuk,O
000163-001,menggali,O
000163-001,kuburan,O
000163-001,ibunda,O
000163-001,Rasulullah,B_PERSON
000163-001,.,O
000163-001,Namun,O
000163-001,para,O
000163-001,komandan,O
000163-001,pasukan,O
000163-001,Quraisy,O
000163-001,menolak,O
000163-001,usulan,O
000163-001,ini,O
000163-001,.,O
000163-001,Kali,O
000163-001,ini,O
000163-001,mereka,O
000163-001,bersikap,O
000163-001,sangat,O
000163-001,hati-hati,O
000163-001,terhadap,O
000163-001,akibat,O
000163-001,yang,O
000163-001,harus,O
000163-001,dihadapi,O
000163-001,jika,O
000163-001,mereka,O
000163-001,berbuat,O
000163-001,seperti,O
000163-001,itu,O
000163-001,.,O
000163-001,Maka,O
000163-001,pasukan,O
000163-001,melanjutkan,O
000163-001,perjalanan,O
000163-001,hingga,O
000163-001,mendekati,O
000163-001,Madinah,B_LOCATION
000163-001,.,O
000163-001,Mereka,O
000163-001,melewati,O
000163-001,Wadi,O
000163-001,Al-Aqiq,O
000163-001,",",O
000163-001,lalu,O
000163-001,membelok,O
000163-001,ke,O
000163-001,arah,O
000163-001,kanan,O
000163-001,hingga,O
000163-001,tiba,O
000163-001,di,O
000163-001,dekat,O
000163-001,bukit,O
000163-001,Uhud,B_LOCATION
000163-001,",",O
000163-001,di,O
000163-001,suatu,O
000163-001,tempat,O
000163-001,disebut,O
000163-001,Ainain,O
000163-001,",",O
000163-001,di,O
000163-001,sebelah,O
000163-001,utara,O
000163-001,Madinah,B_LOCATION
000163-001,.,O
000163-001,Pasukan,O
000163-001,Quraisy,O
000163-001,mengambil,O
000163-001,tempat,O
000163-001,di,O
000163-001,sana,O
000163-001,pada,O
000163-001,hari,B_TIME
000163-001,Jum'at,I_TIME
000163-001,tanggal,I_TIME
000163-001,6,I_TIME
000163-001,Syawwal,I_TIME
000163-001,3,I_TIME
000163-001,H,O
000163-001,.,O
000166-002,dari,O
000166-002,Rafi',O
000166-002,",",O
000166-002,karena,O
000166-002,aku,O
000166-002,pernah,O
000166-002,mengalahkannya,O
000166-002,".""",O
000166-002,Tatkala,O
000166-002,hal,O
000166-002,ini,O
000166-002,disampaikan,O
000166-002,kepada,O
000166-002,Rasulullah,B_PERSON
000166-002,",",O
000166-002,maka,O
000166-002,beliau,O
000166-002,memerintahkan,O
000166-002,agar,O
000166-002,keduanya,O
000166-002,bertanding,O
000166-002,di,O
000166-002,hadapan,O
000166-002,beliau,O
000166-002,",",O
000166-002,dan,O
000166-002,ternyata,O
000166-002,Samurah,O
000166-002,dapat,O
000166-002,mengalahkan,O
000166-002,Raft',O
000166-002,.,O
000166-002,Maka,O
000166-002,dia,O
000166-002,pun,O
000166-002,diperbolehkan,O
000166-002,untuk,O
000166-002,Karena,O
000166-002,sudah,O
000166-002,petang,O
000166-002,",",O
000166-002,beliau,O
000166-002,berhenti,O
000166-002,di,O
000166-002,tempat,O
000166-002,itu,O
000166-002,",",O
000166-002,lalu,O
000166-002,shalat,O
000166-002,Magrib,O
000166-002,.,O
000166-002,kemudian,O
000166-002,Isya',O
000166-002,bersama,O
000166-002,seluruh,O
000166-002,pasukan,O
000166-002,",",O
000166-002,dan,O
000166-002,diputuskan,O
000166-002,untuk,O
000166-002,tetap,O
000166-002,berada,O
000166-002,di,O
000166-002,sana,O
000166-002,.,O
000166-002,Beliau,O
000166-002,memilih,O
000166-002,lima,O
000166-002,puluh,O
000166-002,orang,O
000166-002,untuk,O
000166-002,berjaga-jaga,O
000166-002,dan,O
000166-002,berkeliling,O
000166-002,di,O
000166-002,sekitar,O
000166-002,pasukan,O
000166-002,.,O
000166-002,Beliau,O
000166-002,menunjuk,O
000166-002,Dzakwan,B_PERSON
000166-002,bin,I_PERSON
000166-002,Abd,I_PERSON
000166-002,Qais,I_PERSON
000166-002,sebagai,O
000166-002,penjaga,O
000166-002,beliau,O
000166-002,secara,O
000166-002,khusus,O
000166-002,.,O
000169-003,Pengaturan,O
000169-003,ini,O
000169-003,merupakan,O
000169-003,strategi,O
000169-003,yang,O
000169-003,sangat,O
000169-003,bijaksana,O
000169-003,dan,O
000169-003,sekaligus,O
000169-003,amat,O
000169-003,detil,O
000169-003,",",O
000169-003,yang,O
000169-003,menggambarkan,O
000169-003,kecerdikan,O
000169-003,Rasulullah,B_PERSON
000169-003,sebagai,O
000169-003,seorang,O
000169-003,komandan,O
000169-003,perang,O
000169-003,.,O
000169-003,Tidak,O
000169-003,ada,O
000169-003,seorang,O
000169-003,komandan,O
000169-003,perang,O
000169-003,pun,O
000169-003,yang,O
000169-003,memiliki,O
000169-003,kecerdikan,O
000169-003,dalam,O
000169-003,menetapkan,O
000169-003,strategi,O
000169-003,yang,O
000169-003,sangat,O
000169-003,jitu,O
000169-003,ini,O
000169-003,",",O
000169-003,seperti,O
000169-003,apa,O
000169-003,pun,O
000169-003,keandalannya,O
000169-003,.,O
000169-003,Beliau,O
000169-003,memilih,O
000169-003,tempat,O
000169-003,yang,O
000169-003,sangat,O
000169-003,strategis,O
000169-003,",",O
000169-003,padahal,O
000169-003,kedatangan,O
000169-003,beliau,O
000169-003,di,O
000169-003,sana,O
000169-003,didahului,O
000169-003,pasukan,O
000169-003,musuh,O
000169-003,.,O
000169-003,Punggung,O
000169-003,dan,O
000169-003,sayap,O
000169-003,kanan,O
000169-003,pasukan,O
000169-003,terlindungi,O
000169-003,oleh,O
000169-003,satu-satunya,O
000169-003,tebing,O
000169-003,yang,O
000169-003,ada,O
000169-003,di,O
000169-003,situ,O
000169-003,.,O
000169-003,Beliau,O
000169-003,memilihkan,O
000169-003,tempat,O
000169-003,yang,O
000169-003,relatif,O
000169-003,lebih,O
000169-003,tinggi,O
000169-003,dari,O
000169-003,pasukannya,O
000169-003,.,O
000169-003,Jika,O
000169-003,terdesak,O
000169-003,",",O
000169-003,anggota,O
000169-003,pasukannya,O
000169-003,tidak,O
000169-003,mudah,O
000169-003,menyerah,O
000169-003,lalu,O
000169-003,melarikan,O
000169-003,diri,O
000169-003,",",O
000169-003,justru,O
000169-003,membuka,O
000169-003,peluang,O
000169-003,bagi,O
000169-003,musuh,O
000169-003,untuk,O
000169-003,menghabisi,O
000169-003,dan,O
000169-003,menawan,O
000169-003,mereka,O
000169-003,.,O
000169-003,Jika,O
000169-003,mereka,O
000169-003,terus,O
000169-003,bertahan,O
000169-003,",",O
000169-003,musuh,O
000169-003,justru,O
000169-003,terus,O
000169-003,mendesak,O
000169-003,maju,O
000169-003,.,O
000169-003,Sementara,O
000169-003,musuh,O
000169-003,tidak,O
000169-003,mempunyai,O
000169-003,pilihan,O
000169-003,lain,O
000169-003,untuk,O
000169-003,menyerang,O
000169-003,mereka,O
000169-003,dari,O
000169-003,sisi,O
000169-003,lain,O
000169-003,.,O
000169-003,Sebaliknya,O
000169-003,",",O
000169-003,jika,O
000169-003,kemenangan,O
000169-003,berpihak,O
000169-003,kepada,O
000169-003,pasukan,O
000169-003,Muslimin,O
000169-003,",",O
000169-003,maka,O
000169-003,musuh,O
000169-003,tidak,O
000169-003,dapat,O
000169-003,menghindar,O
000169-003,dari,O
000169-003,kejaran,O
000169-003,174,O
000169-003,Sabda,O
000169-003,beliau,O
000169-003,ini,O
000169-003,diriwayatkan,O
000169-003,Ahmad,O
000169-003,",",O
000169-003,Ath-Thabrany,B_PERSON
000169-003,dan,O
000169-003,Al-Hakim,O
000169-003,dari,O
000169-003,Ibnu,B_PERSON
000169-003,Abbas,I_PERSON
000169-003,.,O
000169-003,Lihat,O
000169-003,Fathul-Bari,O
000169-003,",",O
000169-003,7/350,O
000169-003,.,O
000169-003,mereka,O
000169-003,.,O
000169-003,Di,O
000169-003,samping,O
000169-003,semua,O
000169-003,itu,O
000169-003,",",O
000169-003,beliau,O
000169-003,telah,O
000169-003,menunjuk,O
000169-003,beberapa,O
000169-003,orang,O
000169-003,di,O
000169-003,front,O
000169-003,terdepan,O
000169-003,",",O
000169-003,yang,O
000169-003,terdiri,O
000169-003,dari,O
000169-003,orang-orang,O
000169-003,yang,O
000169-003,gagah,O
000169-003,perkasa,O
000169-003,dan,O
000169-003,pemberani,O
000169-003,Begitulah,O
000169-003,Nabi,O
000169-003,mengatur,O
000169-003,pasukannya,O
000169-003,pada,O
000169-003,hari,B_TIME
000169-003,Sabtu,I_TIME
000169-003,pagi,O
000169-003,tanggal,I_TIME
000169-003,7,I_TIME
000169-003,Syawwal,I_TIME
000169-003,3,I_TIME
000169-003,H,I_TIME
000169-003,.,O
000171-001,Orang-orang,O
000171-001,musyrik,O
000171-001,mengatur,O
000171-001,pasukannya,O
000171-001,hanya,O
000171-001,berdasarkan,O
000171-001,aturan,O
000171-001,barisan-barisan,O
000171-001,.,O
000171-001,Komandan,O
000171-001,pasukan,O
000171-001,tertinggi,O
000171-001,ada,O
000171-001,di,O
000171-001,tangan,O
000171-001,Abu,B_PERSON
000171-001,Sufyan,I_PERSON
000171-001,bin,I_PERSON
000171-001,Harb,I_PERSON
000171-001,yang,O
000171-001,mengambil,O
000171-001,posisi,O
000171-001,di,O
000171-001,tengah-tengah,O
000171-001,pasukan,O
000171-001,.,O
000171-001,Kavaleri,O
000171-001,Quraisy,O
000171-001,di,O
000171-001,sayap,O
000171-001,lainnya,O
000171-001,dipimpin,O
000171-001,Ikrimah,B_PERSON
000171-001,bin,I_PERSON
000171-001,Abu,I_PERSON
000171-001,Jahl,I_PERSON
000171-001,.,O
000171-001,Sedangkan,O
000171-001,pejalan,O
000171-001,kakinya,O
000171-001,dipimpin,O
000171-001,Shafwan,B_PERSON
000171-001,bin,I_PERSON
000171-001,Umayyah,I_PERSON
000171-001,",",O
000171-001,para,O
000171-001,pemanah,O
000171-001,dipimpin,O
000171-001,Abdullah,B_PERSON
000171-001,bin,I_PERSON
000171-001,Rabi'ah,I_PERSON
000171-001,Bendera,O
000171-001,perang,O
000171-001,diserahkah,O
000171-001,kepada,O
000171-001,beberapa,O
000171-001,orang,O
000171-001,dari,O
000171-001,Bani,O
000171-001,Abdid-Dar,O
000171-001,.,O
000171-001,Ini,O
000171-001,memang,O
000171-001,merupakan,O
000171-001,kedudukan,O
000171-001,mereka,O
000171-001,semenjak,O
000171-001,Bani,O
000171-001,Abdi,O
000171-001,Manaf,O
000171-001,membagi-,O
000171-001,bagi,O
000171-001,beberapa,O
000171-001,kedudukan,O
000171-001,di,O
000171-001,Makkah,B_LOCATION
000171-001,",",O
000171-001,yang,O
000171-001,diwarisi,O
000171-001,dari,O
000171-001,Qushay,B_PERSON
000171-001,bin,I_PERSON
000171-001,Kilab,I_PERSON
000171-001,",",O
000171-001,seperti,O
000171-001,yang,O
000171-001,sudah,O
000171-001,kita,O
000171-001,bahas,O
000171-001,di,O
000171-001,bagian,O
000171-001,awal,O
000171-001,buku,O
000171-001,ini,O
000171-001,.,O
000171-001,Jadi,O
000171-001,tak,O
000171-001,seorang,O
000171-001,pun,O
000171-001,boleh,O
000171-001,menentangnya,O
000171-001,",",O
000171-001,karena,O
000171-001,terikat,O
000171-001,oleh,O
000171-001,tradisi,O
000171-001,yang,O
000171-001,sudah,O
000171-001,berlaku,O
000171-001,.,O
000171-001,Hanya,O
000171-001,saja,O
000171-001,komandan,O
000171-001,pasukan,O
000171-001,tertinggi,O
000171-001,",",O
000171-001,Abu,B_PERSON
000171-001,Sufyan,I_PERSON
000171-001,banyak,O
000171-001,bercerita,O
000171-001,kepada,O
000171-001,mereka,O
000171-001,tentang,O
000171-001,apa,O
000171-001,yang,O
000171-001,menimpa,O
000171-001,pasukan,O
000171-001,Quraisy,O
000171-001,pada,O
000171-001,saat,O
000171-001,Perang,B_EVENT
000171-001,Badr,I_EVENT
000171-001,",",O
000171-001,yaitu,O
000171-001,saat,O
000171-001,pembawa,O
000171-001,bendera,O
000171-001,mereka,O
000171-001,",",O
000171-001,An-Nadhr,B_PERSON
000171-001,bin,I_PERSON
000171-001,Al-Harits,I_PERSON
000171-001,tertawan,O
000171-001,.,O
000171-001,Dia,O
000171-001,berkata,O
000171-001,kepada,O
000171-001,mereka,O
000171-001,",",O
000171-001,"""",O
000171-001,Wahai,O
000171-001,Bani,O
000171-001,Abdid-Dar,O
000171-001,",",O
000171-001,kalian,O
000171-001,telah,O
000171-001,dipercaya,O
000171-001,membawa,O
000171-001,bendera,O
000171-001,kami,O
000171-001,saat,O
000171-001,Perang,B_EVENT
000171-001,Badr,I_EVENT
000171-001,",",O
000171-001,dan,O
000171-001,akhirnya,O
000171-001,kita,O
000171-001,mengalami,O
000171-001,sial,O
000171-001,seperti,O
000171-001,yang,O
000171-001,sudah,O
000171-001,kalian,O
000171-001,ketahui,O
000171-001,.,O
000171-001,Sesungguhnya,O
000171-001,pasukan,O
000171-001,itu,O
000171-001,diukur,O
000171-001,dari,O
000171-001,benderanya,O
000171-001,.,O
000171-001,Jika,O
000171-001,bendera,O
000171-001,itu,O
000171-001,musnah,O
000171-001,",",O
000171-001,maka,O
000171-001,musnalah,O
000171-001,mereka,O
000171-001,.,O
000171-001,Jadi,O
000171-001,lebih,O
000171-001,baik,O
000171-001,kalian,O
000171-001,melindungi,O
000171-001,bendera,O
000171-001,kita,O
000171-001,ataukah,O
000171-001,lebih,O
000171-001,baik,O
000171-001,kalian,O
000171-001,melepaskan,O
000171-001,urusan,O
000171-001,kita,O
000171-001,dengan,O
000171-001,Muhammad,B_PERSON
000171-001,",",O
000171-001,dan,O
000171-001,cukuplah,O
000171-001,kami,O
000171-001,sebagai,O
000171-001,wakil,O
000171-001,kalian,O
000171-001,".""",O
000171-001,Abu,B_PERSON
000171-001,Sufyan,I_PERSON
000171-001,berhasil,O
000171-001,dengan,O
000171-001,pancingannya,O
000171-001,.,O
000177-001,Inilah,O
000177-001,penuturan,O
000177-001,yang,O
000177-001,disampaikan,O
000177-001,sendiri,O
000177-001,oleh,O
000177-001,pembunuh,O
000177-001,Hamzah,B_PERSON
000177-001,",",O
000177-001,Wahsy,B_PERSON
000177-001,bin,I_PERSON
000177-001,Harb,I_PERSON
000177-001,",",O
000177-001,"""",O
000177-001,Sebelumnya,O
000177-001,aku,O
000177-001,adalah,O
000177-001,budak,O
000177-001,Jubair,B_PERSON
000177-001,bin,I_PERSON
000177-001,Muth'im,I_PERSON
000177-001,.,O
000177-001,Paman,O
000177-001,Jubair,B_PERSON
000177-001,.,O
000177-001,Thu'aimah,B_PERSON
000177-001,bin,I_PERSON
000177-001,Adi,I_PERSON
000177-001,terbunuh,O
000177-001,pada,O
000177-001,Perang,B_EVENT
000177-001,Badr,I_EVENT
000177-001,.,O
000177-001,Pada,O
000177-001,saat,O
000177-001,Quraisy,O
000177-001,pergi,O
000177-001,ke,O
000177-001,Uhud,B_LOCATION
000177-001,",",O
000177-001,Jubair,B_PERSON
000177-001,berkata,O
000177-001,kepadaku,O
000177-001,",",O
000177-001,"""",O
000177-001,Jika,O
000177-001,kamu,O
000177-001,dapat,O
000177-001,membunuh,O
000177-001,Hamzah,B_PERSON
000177-001,",",O
000177-001,paman,O
000177-001,Muhammad,B_PERSON
000177-001,",",O
000177-001,sebagai,O
000177-001,pembalasan,O
000177-001,atas,O
000177-001,terbunuhnya,O
000177-001,pamanku,O
000177-001,",",O
000177-001,maka,O
000177-001,engkau,O
000177-001,jadi,O
000177-001,merdeka',O
000177-001,.,O
000177-001,Maka,O
000177-001,aku,O
000177-001,pun,O
000177-001,ikut,O
000177-001,bergabung,O
000177-001,bersama,O
000177-001,pasukan,O
000177-001,.,O
000177-001,Aku,O
000177-001,adalah,O
000177-001,seorang,O
000177-001,penduduk,O
000177-001,Habasyah,B_LOCATION
000177-001,.,O
000177-001,Seperti,O
000177-001,lazimnya,O
000177-001,orang-orang,O
000177-001,Habasyah,B_LOCATION
000177-001,",",O
000177-001,aku,O
000177-001,juga,O
000177-001,mahir,O
000177-001,dalam,O
000177-001,melontarkan,O
000177-001,tombak,O
000177-001,kecil,O
000177-001,.,O
000177-001,Jarang,O
000177-001,sekali,O
000177-001,aku,O
000177-001,meleset,O
000177-001,dari,O
000177-001,sasaran,O
000177-001,.,O
000177-001,Saat,O
000177-001,mereka,O
000177-001,bertempur,O
000177-001,",",O
000177-001,aku,O
000177-001,segera,O
000177-001,beranjak,O
000177-001,mencari-cari,O
000177-001,Hamzah,B_PERSON
000177-001,.,O
000177-001,Akhirnya,O
000177-001,aku,O
000177-001,dapat,O
000177-001,melihat,O
000177-001,kelebatnya,O
000177-001,di,O
000177-001,tengah,O
000177-001,manusia,O
000177-001,layaknya,O
000177-001,onta,O
000177-001,abu-abu,B_PERSON
000177-001,yang,O
000177-001,lincah,O
000177-001,.,O
000177-001,Tak,O
000177-001,seorang,O
000177-001,pun,O
000177-001,mampu,O
000177-001,menghadapi,O
000177-001,terjangannya,O
000177-001,.,O
000177-001,Demi,O
000177-001,Allah,O
000177-001,",",O
000177-001,aku,O
000177-001,pun,O
000177-001,bersiap-siap,O
000177-001,menjadikan,O
000177-001,sebagai,O
000177-001,sasaran,O
000177-001,.,O
000177-001,Aku,O
000177-001,berlindung,O
000177-001,di,O
000177-001,balik,O
000177-001,batu,O
000177-001,atau,O
000177-001,pohon,O
000177-001,untuk,O
000177-001,dapat,O
000177-001,mendekatinya,O
000177-001,.,O
000177-001,Tetapi,O
000177-001,tiba-tiba,O
000177-001,Siba',O
000177-001,bin,I_PERSON
000177-001,Abdul,I_PERSON
000177-001,Uzza,I_PERSON
000177-001,mencul,O
000177-001,mendahuluiku,O
000177-001,dengan,O
000177-001,mendatangi,O
000177-001,Hamzah,B_PERSON
000177-001,"""",O
000177-001,Kemarilah,O
000177-001,wahai,O
000177-001,anak,O
000177-001,wanita,O
000177-001,tukang,O
000177-001,supit,O
000177-001,"!""",O
000177-001,kata,O
000177-001,Siba',O
000177-001,kepada,O
000177-001,Hamzah,B_PERSON
000177-001,",",O
000177-001,karena,O
000177-001,memang,O
000177-001,ibunya,O
000177-001,adalah,O
000177-001,tukang,O
000177-001,supit,O
000177-001,.,O
000177-001,Seketika,O
000177-001,Hamzah,B_PERSON
000177-001,menyabetkan,O
000177-001,pedangnya,O
000177-001,",",O
000177-001,tepat,O
000177-001,mengenai,O
000177-001,kepala,O
000177-001,Siba',O
000177-001,.,O
000177-001,Tombak,O
000177-001,kecil,O
000177-001,sudah,O
000177-001,kuayun-ayunkan,O
000177-001,di,O
000177-001,tangan,O
000177-001,.,O
000177-001,Saat,O
000177-001,kurasa,O
000177-001,sudah,O
000177-001,me-,O
000177-001,mungkinkan,O
000177-001,",",O
000177-001,tombak,O
000177-001,kulontarkan,O
000177-001,tepat,O
000177-001,mengenai,O
000177-001,perutnya,O
000177-001,bagian,O
000177-001,bawah,O
000177-001,",",O
000177-001,hingga,O
000177-001,tembus,O
000177-001,ke,O
000177-001,selangkangannya,O
000177-001,.,O
000177-001,Dia,O
000177-001,berjalan,O
000177-001,ke,O
000177-001,arahku,O
000177-001,dengan,O
000177-001,badan,O
000177-001,limbung,O
000177-001,lalu,O
000177-001,terjerembab,O
000177-001,ke,O
000177-001,tanah,O
000177-001,.,O
000177-001,Aku,O
000177-001,menungguinya,O
000177-001,beberapa,O
000177-001,saat,O
000177-001,hingga,O
000177-001,dia,O
000177-001,benar-benar,O
000177-001,meninggal,O
000177-001,.,O
000177-002,Aku,O
000177-002,menungguinya,O
000177-002,beberapa,O
000177-002,saat,O
000177-002,hingga,O
000177-002,dia,O
000177-002,benar-benar,O
000177-002,meninggal,O
000177-002,.,O
000177-002,Setelah,O
000177-002,itu,O
000177-002,baru,O
000177-002,kuhampiri,O
000177-002,jasadnya,O
000177-002,dan,O
000177-002,kucabut,O
000177-002,tombakku,O
000177-002,.,O
000177-002,Kemudian,O
000177-002,aku,O
000177-002,kembali,O
000177-002,lagi,O
000177-002,ke,O
000177-002,tenda,O
000177-002,dan,O
000177-002,duduk,O
000177-002,di,O
000177-002,sana,O
000177-002,.,O
000177-002,Aku,O
000177-002,tidak,O
000177-002,mempunyai,O
000177-002,kepentingan,O
000177-002,lain,O
000177-002,.,O
000177-002,Aku,O
000177-002,membunuh,O
000177-002,Hamzah,B_PERSON
000177-002,dengan,O
000177-002,tujuan,O
000177-002,agar,O
000177-002,aku,O
000177-002,menjadi,O
000177-002,orang,O
000177-002,merdeka,O
000177-002,.,O
000177-002,Maka,O
000177-002,setiba,O
000177-002,di,O
000177-002,Makkah,B_LOCATION
000177-002,",",O
000177-002,aku,O
000177-002,pun,O
000177-002,176,O
000177-002,Sirah,O
000177-002,An-Nabawiyah,O
000177-002,",",O
000177-002,Ibnu,B_PERSON
000177-002,Hisyam,I_PERSON
000177-002,",",O
000177-002,2/69-72,O
000177-002,;,O
000177-002,Shahih,O
000177-002,Al-Bukhari,O
000177-002,",",O
000177-002,2/583,O
000177-002,.,O
000177-002,Akhirnya,O
000177-002,Wahsyi,O
000177-002,masuk,O
000177-002,Islam,O
000177-002,setelah,O
000177-002,Perang,B_EVENT
000177-002,Tha'if,I_EVENT
000177-002,dan,O
000177-002,akhirnya,O
000177-002,dia,O
000177-002,dapat,O
000177-002,membunuh,O
000177-002,Musailamah,O
000177-002,Al-Kadzdzab,O
000177-002,dengan,O
000177-002,tombaknya,O
000177-002,itu,O
000177-002,pula,O
000177-002,.,O
000177-002,Dia,O
000177-002,juga,O
000177-002,ikut,O
000177-002,bergabung,O
000177-002,dalam,O
000177-002,Perang,O
000177-002,Yarmuk,O
000177-002,melawan,O
000177-002,pasukan,O
000177-002,Romawi,O
000177-002,.,O
000182-001,Pada,O
000182-001,saat,O
000182-001,pasukan,O
000182-001,Islam,O
000182-001,yang,O
000182-001,kecil,O
000182-001,tinggal,O
000182-001,meraih,O
000182-001,kemenangan,O
000182-001,sebentar,O
000182-001,lagi,O
000182-001,atas,O
000182-001,pasukan,O
000182-001,Quraisy,O
000182-001,",",O
000182-001,yang,O
000182-001,nilai,O
000182-001,kemenangannya,O
000182-001,tidak,O
000182-001,kalah,O
000182-001,sedikit,O
000182-001,dari,O
000182-001,kemenangan,O
000182-001,yang,O
000182-001,diraih,O
000182-001,di,O
000182-001,Perang,B_EVENT
000182-001,Badr,I_EVENT
000182-001,",",O
000182-001,terjadi,O
000182-001,kesalahan,O
000182-001,fatal,O
000182-001,yang,O
000182-001,dilakukan,O
000182-001,para,O
000182-001,pemanah,O
000182-001,",",O
000182-001,sehingga,O
000182-001,bisa,O
000182-001,membalik,O
000182-001,keadaan,O
000182-001,secara,O
000182-001,total,O
000182-001,dan,O
000182-001,akhirnya,O
000182-001,menimbulkan,O
000182-001,kerugian,O
000182-001,yang,O
000182-001,amat,O
000182-001,banyak,O
000182-001,bagi,O
000182-001,pasukan,O
000182-001,Muslimin,O
000182-001,",",O
000182-001,bahkan,O
000182-001,hampir,O
000182-001,saja,O
000182-001,menyebabkan,O
000182-001,kematian,O
000182-001,bagi,O
000182-001,Nabi,O
000182-001,.,O
000182-001,Kejadian,O
000182-001,ini,O
000182-001,membiaskan,O
000182-001,pengaruh,O
000182-001,yang,O
000182-001,kurang,O
000182-001,menguntungkan,O
000182-001,bagi,O
000182-001,ketenaran,O
000182-001,dan,O
000182-001,kehebatan,O
000182-001,mereka,O
000182-001,setelah,O
000182-001,meraih,O
000182-001,kemenangan,O
000182-001,di,O
000182-001,Badr,B_LOCATION
000182-001,.,O
000182-001,Telah,O
000182-001,kami,O
000182-001,utarakan,O
000182-001,teks,O
000182-001,perintah,O
000182-001,Nabi,O
000182-001,yang,O
000182-001,sangat,O
000182-001,keras,O
000182-001,terhadap,O
000182-001,para,O
000182-001,pemanah,O
000182-001,itu,O
000182-001,",",O
000182-001,agar,O
000182-001,mereka,O
000182-001,tetap,O
000182-001,berada,O
000182-001,di,O
000182-001,atas,O
000182-001,bukit,O
000182-001,",",O
000182-001,dalam,O
000182-001,keadaan,O
000182-001,kalah,O
000182-001,maupun,O
000182-001,menang,O
000182-001,.,O
000182-001,Sekalipun,O
000182-001,sudah,O
000182-001,ada,O
000182-001,perintah,O
000182-001,yang,O
000182-001,sangat,O
000182-001,tegas,O
000182-001,ini,O
000182-001,",",O
000182-001,tatkala,O
000182-001,pasukan,O
000182-001,pemanah,O
000182-001,melihat,O
000182-001,orang-orang,O
000182-001,Muslim,O
000182-001,sudah,O
000182-001,mengumpulkan,O
000182-001,harta,O
000182-001,rampasan,O
000182-001,dari,O
000182-001,pihak,O
000182-001,musuh,O
000182-001,",",O
000182-001,mereka,O
000182-001,pun,O
000182-001,dikuasai,O
000182-001,egoisme,O
000182-001,kecintaan,O
000182-001,terhadap,O
000182-001,duniawi,O
000182-001,.,O
000182-001,Mereka,O
000182-001,saling,O
000182-001,berkata,O
000182-001,",",O
000182-001,"""",O
000182-001,Harta,O
000182-001,rampasan,O
000182-001,",",O
000182-001,harta,O
000182-001,rampasan,O
000182-001,!,O
000182-001,Rekan-rekan,O
000182-001,kalian,O
000182-001,sudah,O
000182-001,menang,O
000182-001,.,O
000182-001,Apa,O
000182-001,lagi,O
000182-001,yang,O
000182-001,kalian,O
000182-001,tunggu,O
000182-001,"?""",O
000182-001,Komandan,O
000182-001,mereka,O
000182-001,",",O
000182-001,Abdullah,B_PERSON
000182-001,bin,I_PERSON
000182-001,Jubair,I_PERSON
000182-001,mengingatkan,O
000182-001,perintah,O
000182-001,Rasulullah,B_PERSON
000182-001,kepada,O
000182-001,mereka,O
000182-001,",",O
000182-001,dengan,O
000182-001,berkata,O
000182-001,",",O
000182-001,"""",O
000182-001,Apakah,O
000182-001,kalian,O
000182-001,sudah,O
000182-001,lupa,O
000182-001,apa,O
000182-001,yang,O
000182-001,dikatakan,O
000182-001,Rasulullah,B_PERSON
000182-001,kepada,O
000182-001,kalian,O
000182-001,"?""",O
000182-001,Tetapi,O
000182-001,mayoritas,O
000182-001,di,O
000182-001,antara,O
000182-001,mereka,O
000182-001,tidak,O
000182-001,mempedulikan,O
000182-001,peringatan,O
000182-001,ini,O
000182-001,.,O
000185-001,Saat,O
000185-001,pasukan,O
000185-001,Muslimin,O
000185-001,terjepit,O
000185-001,",",O
000185-001,banyak,O
000185-001,di,O
000185-001,antara,O
000185-001,mereka,O
000185-001,yang,O
000185-001,hilang,O
000185-001,kendalinya,O
000185-001,.,O
000185-001,Tidak,O
000185-001,ada,O
000185-001,yang,O
000185-001,dipikirkan,O
000185-001,kecuali,O
000185-001,keselamatan,O
000185-001,diri,O
000185-001,sendiri,O
000185-001,.,O
000185-001,Mereka,O
000185-001,lari,O
000185-001,dan,O
000185-001,meninggalkan,O
000185-001,kancah,O
000185-001,pertempuran,O
000185-001,.,O
000185-001,Mereka,O
000185-001,tidak,O
000185-001,tahu,O
000185-001,apa,O
000185-001,yang,O
000185-001,terjadi,O
000185-001,di,O
000185-001,belakang,O
000185-001,mereka,O
000185-001,setelah,O
000185-001,itu,O
000185-001,.,O
000185-001,Bahkan,O
000185-001,di,O
000185-001,antara,O
000185-001,mereka,O
000185-001,ada,O
000185-001,yang,O
000185-001,kembali,O
000185-001,ke,O
000185-001,Madinah,B_LOCATION
000185-001,.,O
000185-001,Sebagian,O
000185-001,yang,O
000185-001,lain,O
000185-001,ada,O
000185-001,yang,O
000185-001,melarikan,O
000185-001,diri,O
000185-001,ke,O
000185-001,atas,O
000185-001,gunung,O
000185-001,dan,O
000185-001,sebagian,O
000185-001,lain,O
000185-001,ada,O
000185-001,yang,O
000185-001,berbaur,O
000185-001,dengan,O
000185-001,orang-orang,O
000185-001,musyrik,O
000185-001,.,O
000185-001,Dua,O
000185-001,pasukan,O
000185-001,saling,O
000185-001,bercampur,O
000185-001,baur,O
000185-001,dan,O
000185-001,sulit,O
000185-001,dibeda-bedakan,O
000185-001,",",O
000185-001,sehingga,O
000185-001,tak,O
000185-001,jarang,O
000185-001,orang,O
000185-001,Muslim,O
000185-001,ada,O
000185-001,yang,O
000185-001,menyerang,O
000185-001,orang,O
000185-001,Muslim,O
000185-001,lainnya,O
000185-001,.,O
000185-001,Al-Bukhari,O
000185-001,meriwayatkan,O
000185-001,dari,O
000185-001,Aisyah,B_PERSON
000185-001,",",O
000185-001,dia,O
000185-001,berkata,O
000185-001,",",O
000185-001,"""",O
000185-001,Pada,O
000185-001,saat,O
000185-001,Perang,B_EVENT
000185-001,Uhud,I_EVENT
000185-001,",",O
000185-001,orang-orang,O
000185-001,musyrik,O
000185-001,sudah,O
000185-001,kalah,O
000185-001,telak,O
000185-001,.,O
000185-001,Lalu,O
000185-001,ada,O
000185-001,iblis,O
000185-001,yang,O
000185-001,berseru,O
000185-001,.,O
000185-001,'Hai,O
000185-001,hamba-hamba,O
000185-001,Allah,O
000185-001,",",O
000185-001,waspadailah,O
000185-001,orang-orang,O
000185-001,di,O
000185-001,belakang,O
000185-001,kalian,O
000185-001,!,O
000185-001,Keadaan,O
000185-001,menjadi,O
000185-001,berbalik,O
000185-001,dan,O
000185-001,mereka,O
000185-001,menjadi,O
000185-001,campur,O
000185-001,aduk,O
000185-001,.,O
000185-001,Hudzifah,B_PERSON
000185-001,segera,O
000185-001,menyadari,O
000185-001,hal,O
000185-001,ini,O
000185-001,.,O
000185-001,Dia,O
000185-001,yang,O
000185-001,bersama,O
000185-001,ayahnya,O
000185-001,",",O
000185-001,Al-Yaman,O
000185-001,",",O
000185-001,berteriak-teriak,O
000185-001,"""",O
000185-001,Hai,O
000185-001,hamba-hamba,O
000185-001,Allah,O
000185-001,",",O
000185-001,dia,O
000185-001,adalah,O
000185-001,ayahku,O
000185-001,"!""",O
000185-001,Dia,O
000185-001,khawatir,O
000185-001,ayahnya,O
000185-001,menjadi,O
000185-001,korban,O
000185-001,salah,O
000185-001,sasaran,O
000185-001,.,O
000185-001,Namun,O
000185-001,tak,O
000185-001,ada,O
000185-001,orang,O
000185-001,yang,O
000185-001,menghalangi,O
000185-001,mereka,O
000185-001,",",O
000185-001,tatkala,O
000185-001,mereka,O
000185-001,membunuh,O
000185-001,ayahnya,O
000185-001,.,O
000185-001,Akhinya,O
000185-001,Hudzaifah,B_PERSON
000185-001,hanya,O
000185-001,bisa,O
000185-001,berkata,O
000185-001,",",O
000185-001,"""",O
000185-001,Semoga,O
000185-001,Allah,O
000185-001,mengampuni,O
000185-001,kalian,O
000185-001,".""",O
000185-001,Ini,O
000185-001,terjadi,O
000185-001,saat,O
000185-001,barisan,O
000185-001,menjadi,O
000185-001,kacau,O
000185-001,balau,O
000185-001,",",O
000185-001,centang,O
000185-001,perenang,O
000185-001,dan,O
000185-001,keadaan,O
000185-001,menjadi,O
000185-001,hingar,O
000185-001,bingar,O
000185-001,.,O
000185-001,Mereka,O
000185-001,tidak,O
000185-001,tahu,O
000185-001,harus,O
000185-001,menghadang,O
000185-001,ke,O
000185-001,mana,O
000185-001,.,O
000185-003,Aku,O
000185-003,bisa,O
000185-003,mencium,O
000185-003,baunya,O
000185-003,dari,O
000185-003,arah,O
000185-003,Uhud,B_LOCATION
000185-003,".""",O
000185-003,Setelah,O
000185-003,itu,O
000185-003,dia,O
000185-003,beranjak,O
000185-003,dan,O
000185-003,menyerbu,O
000185-003,",",O
000185-003,tak,O
000185-003,seorang,O
000185-003,pun,O
000185-003,mendapatkan,O
000185-003,jasadnya,O
000185-003,.,O
000185-003,Namun,O
000185-003,kemudian,O
000185-003,saudarinya,O
000185-003,bisa,O
000185-003,mengenalinya,O
000185-003,dari,O
000185-003,perawakan,O
000185-003,tubuhnya,O
000185-003,",",O
000185-003,yang,O
000185-003,ternyata,O
000185-003,di,O
000185-003,tubuhnya,O
000185-003,terdapat,O
000185-003,lebih,O
000185-003,dari,O
000185-003,delapan,O
000185-003,puluh,O
000185-003,luka,O
000185-003,",",O
000185-003,ada,O
000185-003,yang,O
000185-003,berupa,O
000185-003,sabetan,O
000185-003,pedang,O
000185-003,dan,O
000185-003,ada,O
000185-003,yang,O
000185-003,berupa,O
000185-003,hujaman,O
000185-003,anak,O
000185-003,panah,O
000185-003,dan,O
000185-003,ada,O
000185-003,yang,O
000185-003,berupa,O
000185-003,tusukan,O
000185-003,tombak,O
000185-003,Tsabit,B_PERSON
000185-003,bin,I_PERSON
000185-003,Ad-Dahdah,I_PERSON
000185-003,berseru,O
000185-003,kepada,O
000185-003,kaumnya,O
000185-003,",",O
000185-003,"""",O
000185-003,Wahai,O
000185-003,semua,O
000185-003,orang,O
000185-003,Anshar,O
000185-003,",",O
000185-003,kalau,O
000185-003,pun,O
000185-003,Muhammad,B_PERSON
000185-003,benar-benar,O
000185-003,terbunuh,O
000185-003,",",O
000185-003,toh,O
000185-003,Allah,O
000185-003,hidup,O
000185-003,tidak,O
000185-003,mati,O
000185-003,.,O
000185-003,Berperanglah,O
000185-003,atas,O
000185-003,nama,O
000185-003,agama,O
000185-003,kalian,O
000185-003,",",O
000185-003,karena,O
000185-003,Allah,O
000185-003,akan,O
000185-003,memenangkan,O
000185-003,dan,O
000185-003,menolong,O
000185-003,kalian,O
000185-003,".""",O
000185-003,Maka,O
000185-003,beberapa,O
000185-003,orang,O
000185-003,Anshar,O
000185-003,bangkit,O
000185-003,bersamanya,O
000185-003,untuk,O
000185-003,menghalangi,O
000185-003,kavaleri,O
000185-003,Khalid,B_PERSON
000185-003,bin,I_PERSON
000185-003,Al-Walid,I_PERSON
000185-003,.,O
000185-003,Mereka,O
000185-003,terus,O
000185-003,berperang,O
000185-003,hingga,O
000185-003,Tsabit,B_PERSON
000185-003,bin,I_PERSON
000185-003,Ad-Dahdah,I_PERSON
000185-003,bisa,O
000185-003,dibunuh,O
000185-003,Khalid,B_PERSON
000185-003,dengan,O
000185-003,tombak,O
000185-003,",",O
000185-003,dan,O
000185-003,akhirny,O
000185-003,a,O
000185-003,semua,O
000185-003,rekannya,O
000185-003,juga,O
000185-003,mati,O
000185-003,.,O
000185-003,Ada,O
000185-003,seorang,O
000185-003,Muhajirin,O
000185-003,melewati,O
000185-003,salah,O
000185-003,seorang,O
000185-003,Anshar,O
000185-003,yang,O
000185-003,sedang,O
000185-003,berlumuran,O
000185-003,darah,O
000185-003,.,O
000185-003,Dia,O
000185-003,bertanya,O
000185-003,",",O
000185-003,"""",O
000185-003,Wahai,O
000185-003,Fulan,O
000185-003,",",O
000185-003,apakah,O
000185-003,engkau,O
000185-003,merasa,O
000185-003,bahwa,O
000185-003,Muhammad,B_PERSON
000185-003,benar-benar,O
000185-003,telah,O
000185-003,terbunuh,O
000185-003,"?""",O
000185-003,Orang,O
000185-003,Anshar,O
000185-003,itu,O
000185-003,menjawab,O
000185-003,",",O
000185-003,"""",O
000185-003,Jika,O
000185-003,Muhammad,B_PERSON
000185-003,telah,O
000185-003,terbunuh,O
000185-003,berarti,O
000185-003,di,O
000185-003,telah,O
000185-003,sampai,O
000185-003,ke,O
000185-003,surga,O
000185-003,.,O
000185-003,Maka,O
000185-003,berperanglah,O
000185-003,kalian,O
000185-003,atas,O
000185-003,nama,O
000185-003,agama,O
000185-003,Dengan,O
000185-003,keberanian,O
000185-003,",",O
000185-003,semangat,O
000185-003,dan,O
000185-003,sifat,O
000185-003,kesatria,O
000185-003,semacam,O
000185-003,ini,O
000185-003,",",O
000185-003,maka,O
000185-003,menta,O
000185-003,orang-orang,O
000185-003,Muslim,O
000185-003,kembali,O
000185-003,bangkit,O
000185-003,.,O
000185-003,Mereka,O
000185-003,segera,O
000185-003,membuang,O
000185-003,jauh-jauh,O
000185-003,pikiran,O
000185-003,untuk,O
000185-003,menyerah,O
000185-003,atau,O
000185-003,berhubungan,O
000185-003,dengan,O
000185-003,Abdullah,B_PERSON
000185-003,bin,I_PERSON
000185-003,Ubay,I_PERSON
000185-003,.,O
000185-003,Mereka,O
000185-003,memungut,O
000185-003,senjatanya,O
000185-003,kembali,O
000185-003,dan,O
000185-003,menghadang,O
000185-003,gelombang,O
000185-003,serangan,O
000185-003,pasukan,O
000185-003,Quraisy,O
000185-003,.,O
000187-005,Karena,O
000187-005,itu,O
000187-005,beliau,O
000187-005,bersabda,O
000187-005,",",O
000187-005,"""",O
000187-005,Bagian,O
000187-005,siapakah,O
000187-005,orang-orang,O
000187-005,itu,O
000187-005,"?""",O
000187-005,"""",O
000187-005,Bagianku,O
000187-005,",""",O
000187-005,jawab,O
000187-005,Thalhah,O
000187-005,.,O
000187-005,Kemudian,O
000187-005,Jabir,B_PERSON
000187-005,menuturkan,O
000187-005,sepak,O
000187-005,terjang,O
000187-005,orang-orang,O
000187-005,Anshar,O
000187-005,dan,O
000187-005,bagaimana,O
000187-005,mereka,O
000187-005,mati,O
000187-005,satu,O
000187-005,demi,O
000187-005,satu,O
000187-005,seperti,O
000187-005,yang,O
000187-005,diriwayatkan,O
000187-005,Muslim,O
000187-005,di,O
000187-005,atas,O
000187-005,.,O
000187-005,Setelah,O
000187-005,semua,O
000187-005,Anshar,O
000187-005,terbunuh,O
000187-005,",",O
000187-005,Thalhah,O
000187-005,maju,O
000187-005,dan,O
000187-005,bertempur,O
000187-005,menghadapi,O
000187-005,sebelas,O
000187-005,orang,O
000187-005,hingga,O
000187-005,jari-jari,O
000187-005,tangannya,O
000187-005,terputus,O
000187-005,.,O
000187-005,Dia,O
000187-005,berkata,O
000187-005,",",O
000187-005,"""",O
000187-005,Rasakan,O
000187-005,kamu,O
000187-005,"!!""",O
000187-005,Rasulullah,B_PERSON
000187-005,menyahut,O
000187-005,",",O
000187-005,"""",O
000187-005,Andaikata,O
000187-005,engkau,O
000187-005,"berucap,'Bismillah'",O
000187-005,",",O
000187-005,tentu,O
000187-005,para,O
000187-005,malaikat,O
000187-005,akan,O
000187-005,mengangkat,O
000187-005,dirimu,O
000187-005,dan,O
000187-005,orang-orang,O
000187-005,bisa,O
000187-005,melihatmu,O
000187-005,".""",O
000187-005,Kemudian,O
000187-005,Allah,O
000187-005,membuat,O
000187-005,orang-orang,O
000187-005,musyrik,O
000187-005,itu,O
000187-005,mundur,O
000187-005,.,O
000187-005,Disebutkan,O
000187-005,dalam,O
000187-005,riwayat,O
000187-005,Al-Hakim,O
000187-005,",",O
000187-005,bahwa,O
000187-005,dia,O
000187-005,mendapat,O
000187-005,tiga,O
000187-005,puluh,O
000187-005,sembilan,O
000187-005,atau,O
000187-005,tiga,O
000187-005,puluh,O
000187-005,lima,O
000187-005,luka,O
000187-005,pada,O
000187-005,Perang,B_EVENT
000187-005,Uhud,I_EVENT
000187-005,dan,O
000187-005,jari-jari,O
000187-005,tangannya,O
000187-005,putus,O
000187-005,.,O
000187-005,Al-Bukhari,O
000187-005,meriwayatkan,O
000187-005,dari,O
000187-005,Qais,B_PERSON
000187-005,bin,I_PERSON
000187-005,Abu,I_PERSON
000187-005,Hazim,I_PERSON
000187-005,",",O
000187-005,dia,O
000187-005,berkata,O
000187-005,",",O
000187-005,"""",O
000187-005,Kulihat,O
000187-005,jari-jari,O
000187-005,tangan,O
000187-005,Thalhah,B_PERSON
000187-005,terpotong,O
000187-005,",",O
000187-005,karena,O
000187-005,melindungi,O
000187-005,Nabi,O
000187-005,pada,O
000187-005,Perang,B_EVENT
000187-005,Uhud,I_EVENT
000187-005,.,O
000187-005,At-Tirmidzi,O
000187-005,meriwayatkan,O
000187-005,bahwa,O
000187-005,saat,O
000187-005,itu,O
000187-005,Nabi,O
000187-005,bersabda,O
000187-005,tentang,O
000187-005,diri,O
000187-005,Thalhah,O
000187-005,",",O
000187-005,"""",O
000187-005,Barangsiapa,O
000187-005,ingin,O
000187-005,melihat,O
000187-005,orang,O
000187-005,mati,O
000187-005,syahid,O
000187-005,yang,O
000187-005,berjalan,O
000187-005,di,O
000187-005,muka,O
000187-005,bumi,O
000187-005,",",O
000187-005,maka,O
000187-005,hendaklah,O
000187-005,dia,O
000187-005,melihat,O
000187-005,Thalhah,B_PERSON
000187-005,bin,I_PERSON
000187-005,Ubaidillah,I_PERSON
000187-005,".""",O
000187-005,Abu,B_PERSON
000187-005,Dawud,I_PERSON
000187-005,Ath-Thayalisi,O
000187-005,meriwayatkan,O
000187-005,dari,O
000187-005,Aisyah,B_PERSON
000187-005,",",O
000187-005,dia,O
000187-005,berkata,O
000187-005,.,O
000187-005,"""",O
000187-005,Jika,O
000187-005,Abu,B_PERSON
000187-005,Bakar,I_PERSON
000187-005,mengingat,O
000187-005,Perang,B_EVENT
000187-005,Uhud,I_EVENT
000187-005,",",O
000187-005,maka,O
000187-005,dia,O
000187-005,berkata,O
000187-005,",",O
000187-005,'Hari,O
000187-005,itu,O
000187-005,semuanya,O
000187-005,milik,O
000187-005,Thalhah',O
000187-005,".""",O
000187-005,Dia,O
000187-005,juga,O
000187-005,berkata,O
000187-005,",",O
000187-005,"""",O
000187-005,Wahai,O
000187-005,Thalhah,B_PERSON
000187-005,bin,I_PERSON
000187-005,Ubaidillah,I_PERSON
000187-005,",",O
000187-005,sudah,O
000187-005,selayaknya,O
000187-005,jika,O
000187-005,engkau,O
000187-005,mendapat,O
000187-005,surga,O
000187-005,dan,O
000187-005,duduk,O
000187-005,di,O
000187-005,atas,O
000187-005,kristal-kristal,O
000187-005,mutiara,O
000187-005,yang,O
000187-005,indah,O
000187-005,".""",O
000187-005,Pada,O
000187-005,saat,O
000187-005,yang,O
000187-005,kritis,O
000187-005,itu,O
000187-005,Allah,O
000187-005,menurunkan,O
000187-005,pertolongan,O
000187-005,secara,O
000187-005,gaib,O
000187-005,.,O
000187-006,"""",O
000187-006,Jika,O
000187-006,Abu,B_PERSON
000187-006,Bakar,I_PERSON
000187-006,mengingat,O
000187-006,Perang,B_EVENT
000187-006,Uhud,I_EVENT
000187-006,",",O
000187-006,maka,O
000187-006,dia,O
000187-006,berkata,O
000187-006,",",O
000187-006,'Hari,O
000187-006,itu,O
000187-006,semuanya,O
000187-006,milik,O
000187-006,Thalhah',O
000187-006,".""",O
000187-006,Dia,O
000187-006,juga,O
000187-006,berkata,O
000187-006,",",O
000187-006,"""",O
000187-006,Wahai,O
000187-006,Thalhah,B_PERSON
000187-006,bin,I_PERSON
000187-006,Ubaidillah,I_PERSON
000187-006,",",O
000187-006,sudah,O
000187-006,selayaknya,O
000187-006,jika,O
000187-006,engkau,O
000187-006,mendapat,O
000187-006,surga,O
000187-006,dan,O
000187-006,duduk,O
000187-006,di,O
000187-006,atas,O
000187-006,kristal-kristal,O
000187-006,mutiara,O
000187-006,yang,O
000187-006,indah,O
000187-006,".""",O
000187-006,Pada,O
000187-006,saat,O
000187-006,yang,O
000187-006,kritis,O
000187-006,itu,O
000187-006,Allah,O
000187-006,menurunkan,O
000187-006,pertolongan,O
000187-006,secara,O
000187-006,gaib,O
000187-006,.,O
000187-006,Di,O
000187-006,dalam,O
000187-006,Ash-Shahihain,O
000187-006,dari,O
000187-006,Sa',O
000187-006,d,O
000187-006,",",O
000187-006,dia,O
000187-006,berkata,O
000187-006,",",O
000187-006,"""",O
000187-006,Kulihat,O
000187-006,Rasulullah,B_PERSON
000187-006,pada,O
000187-006,Perang,B_EVENT
000187-006,Uhud,I_EVENT
000187-006,bersama,O
000187-006,dua,O
000187-006,orang,O
000187-006,yang,O
000187-006,bertempur,O
000187-006,dengan,O
000187-006,gigih,O
000187-006,",",O
000187-006,mengenakan,O
000187-006,pakaian,O
000187-006,berwarna,O
000187-006,putih,O
000187-006,.,O
000187-006,Dua,O
000187-006,orang,O
000187-006,itu,O
000187-006,tidak,O
000187-006,pernah,O
000187-006,kulihat,O
000187-006,sebelum,O
000187-006,maupun,O
000187-006,sesudah,O
000187-006,itu,O
000187-006,".""",O
000187-006,Dalam,O
000187-006,suatu,O
000187-006,riwayat,O
000187-006,disebutkan,O
000187-006,",",O
000187-006,bahwa,O
000187-006,dua,O
000187-006,orang,O
000187-006,itu,O
000187-006,adalah,O
000187-006,Malaikat,O
000187-006,Jibril,B_PERSON
000187-006,dan,O
000187-006,Mika'il,O
000187-006,.,O
000196-001,Pada,O
000196-001,detik-detik,O
000196-001,terakhir,O
000196-001,ini,O
000196-001,ada,O
000196-001,dua,O
000196-001,peristiwa,O
000196-001,yang,O
000196-001,menunjukkan,O
000196-001,seberapa,O
000196-001,jauh,O
000196-001,kesiapan,O
000196-001,para,O
000196-001,pahlawan,O
000196-001,Muslim,O
000196-001,untuk,O
000196-001,terus,O
000196-001,berperang,O
000196-001,dan,O
000196-001,seberapa,O
000196-001,jauh,O
000196-001,keteguhan,O
000196-001,hati,O
000196-001,mereka,O
000196-001,di,O
000196-001,jalan,O
000196-001,Allah,O
000196-001,.,O
000196-001,Inilah,O
000196-001,dua,O
000196-001,peristiwa,O
000196-001,tersebut,O
000196-001,.,O
000196-001,Ka'b,B_PERSON
000196-001,bin,I_PERSON
000196-001,Malik,I_PERSON
000196-001,menuturkan,O
000196-001,",",O
000196-001,"""",O
000196-001,Aku,O
000196-001,termasuk,O
000196-001,orang-orang,O
000196-001,yang,O
000196-001,bergabung,O
000196-001,1,O
000196-001,.,O
000196-001,dalam,O
000196-001,peperangan,O
000196-001,.,O
000196-001,Setelah,O
000196-001,kulihat,O
000196-001,tindakan,O
000196-001,orang-orang,O
000196-001,musyrik,O
000196-001,terhadap,O
000196-001,tubuh,O
000196-001,orang-orang,O
000196-001,Muslim,O
000196-001,yang,O
000196-001,terbunuh,O
000196-001,",",O
000196-001,maka,O
000196-001,aku,O
000196-001,pun,O
000196-001,berlalu,O
000196-001,ke,O
000196-001,sana,O
000196-001,dan,O
000196-001,mengintip,O
000196-001,.,O
000196-001,Kulihat,O
000196-001,ada,O
000196-001,seorang,O
000196-001,musyrik,O
000196-001,yang,O
000196-001,mengumpulkan,O
000196-001,baju-,O
000196-001,baju,O
000196-001,besi,O
000196-001,yang,O
000196-001,di,O
000196-001,dalamnya,O
000196-001,masih,O
000196-001,ada,O
000196-001,jasad,O
000196-001,orang-orang,O
000196-001,Muslim,O
000196-001,seraya,O
000196-001,berkata,O
000196-001,",",O
000196-001,"""",O
000196-001,Kumpulkanlah,O
000196-001,sebagaimana,O
000196-001,kalian,O
000196-001,mengumpulkan,O
000196-001,kambing,O
000196-001,kambing,O
000196-001,yang,O
000196-001,sudah,O
000196-001,disembelih,O
000196-001,".""",O
000196-001,Ternyata,O
000196-001,ada,O
000196-001,seorang,O
000196-001,Muslim,O
000196-001,yang,O
000196-001,sudah,O
000196-001,menunggu,O
000196-001,kedatangannya,O
000196-001,sejak,O
000196-001,tadi,O
000196-001,sambil,O
000196-001,mengenakan,O
000196-001,baju,O
000196-001,besinya,O
000196-001,.,O
000196-001,Aku,O
000196-001,berjalan,O
000196-001,mendekat,O
000196-001,di,O
000196-001,belakangnya,O
000196-001,dan,O
000196-001,telah,O
000196-001,kuperkirakan,O
000196-001,jarak,O
000196-001,antara,O
000196-001,diriku,O
000196-001,dan,O
000196-001,orang,O
000196-001,Muslim,O
000196-001,serta,O
000196-001,orang,O
000196-001,musyrik,O
000196-001,itu,O
000196-001,hingga,O
000196-001,semuanya,O
000196-001,bisa,O
000196-001,kulihat,O
000196-001,dengan,O
000196-001,jelas,O
000196-001,.,O
000196-001,Ternyata,O
000196-001,orang,O
000196-001,musyrik,O
000196-001,itu,O
000196-001,lebih,O
000196-001,lengkap,O
000196-001,dan,O
000196-001,lebih,O
000196-001,baik,O
000196-001,keadaannya,O
000196-001,.,O
000196-001,Aku,O
000196-001,terus,O
000196-001,mengawasi,O
000196-001,keduanya,O
000196-001,hingga,O
000196-001,mereka,O
000196-001,saling,O
000196-001,berhadapan,O
000196-001,.,O
000196-001,Lalu,O
000196-001,orang,O
000196-001,Muslim,O
000196-001,memukul,O
000196-001,orang,O
000196-001,musyrik,O
000196-001,hingga,O
000196-001,terputus,O
000196-001,menjadi,O
000196-001,dua,O
000196-001,bagian,O
000196-001,.,O
000196-001,Orang,O
000196-001,Muslim,O
000196-001,itu,O
000196-001,menampakkan,O
000196-001,wajahnya,O
000196-001,dan,O
000196-001,bertanya,O
000196-001,kepadaku,O
000196-001,",",O
000196-001,"""",O
000196-001,Bagaimana,O
000196-001,menurut,O
000196-001,pendapatmu,O
000196-001,wahai,O
000196-001,Ka'b,B_PERSON
000196-001,?,O
000196-001,Aku,O
000196-001,adalah,O
000196-001,Abu,O
000196-001,2,O
000196-001,.,O
000196-001,Ada,O
000196-001,beberapa,O
000196-001,wanita,O
000196-001,Mukminah,O
000196-001,yang,O
000196-001,datang,O
000196-001,ke,O
000196-001,medan,O
000196-001,peperangan,O
000196-001,setelah,O
000196-001,pertempuran,O
000196-001,usai,O
000196-001,.,O
000196-003,Beliau,O
000196-003,tersenyum,O
000196-003,hingga,O
000196-003,terlihat,O
000196-003,gigi,O
000196-003,gerahamnya,O
000196-003,.,O
000196-003,Saat,O
000196-003,itu,O
000196-003,beliau,O
000196-003,bersabda,O
000196-003,",",O
000196-003,"""",O
000196-003,Sa'd,O
000196-003,telah,O
000196-003,melecehkan,O
000196-003,Hibban,O
000196-003,untuk,O
000196-003,Ummu,B_PERSON
000196-003,Aiman,I_PERSON
000196-003,.,O
000196-003,Allah,O
000196-003,telah,O
000196-003,memenuhi,O
000196-003,doanya,O
000196-003,".""",O
000200-002,Rasulullah,B_PERSON
000200-002,mengabarkan,O
000200-002,para,O
000200-002,sahabat,O
000200-002,bahwa,O
000200-002,malaikat,O
000200-002,sedang,O
000200-002,memandikan,O
000200-002,jasadnya,O
000200-002,.,O
000200-002,Lalu,O
000200-002,beliau,O
000200-002,bersabda,O
000200-002,",",O
000200-002,"""",O
000200-002,Tanyakan,O
000200-002,kepada,O
000200-002,keluarganya,O
000200-002,",",O
000200-002,ada,O
000200-002,apa,O
000200-002,dengan,O
000200-002,dirinya,O
000200-002,"?""",O
000200-002,Lalu,O
000200-002,mereka,O
000200-002,bertanya,O
000200-002,kepada,O
000200-002,istrinya,O
000200-002,",",O
000200-002,dan,O
000200-002,dikabarkan,O
000200-002,tentang,O
000200-002,keadaannya,O
000200-002,sedang,O
000200-002,junub,O
000200-002,saat,O
000200-002,berangkat,O
000200-002,perang,O
000200-002,.,O
000200-002,Dari,O
000200-002,kejadian,O
000200-002,ini,O
000200-002,dia,O
000200-002,mendapatkan,O
000200-002,julukan,O
000200-002,Ghasilul,O
000200-002,Malaikat,O
000200-002,(,O
000200-002,orang,O
000200-002,yang,O
000200-002,dimandikan,O
000200-002,Setelah,O
000200-002,melihat,O
000200-002,keadaan,O
000200-002,Hamzah,B_PERSON
000200-002,",",O
000200-002,paman,O
000200-002,dan,O
000200-002,saudara,O
000200-002,susuan,O
000200-002,",",O
000200-002,Rasulullah,B_PERSON
000200-002,amat,O
000200-002,berduka,O
000200-002,.,O
000200-002,Tatkala,O
000200-002,bibi,O
000200-002,beliau,O
000200-002,",",O
000200-002,Shafiyah,O
000200-002,hendak,O
000200-002,melihat,O
000200-002,jasad,O
000200-002,saudaranya,O
000200-002,",",O
000200-002,Hamzah,B_PERSON
000200-002,",",O
000200-002,maka,O
000200-002,beliau,O
000200-002,memerintahkan,O
000200-002,anaknya,O
000200-002,",",O
000200-002,Az-Zubair,B_PERSON
000200-002,untuk,O
000200-002,mengalihkan,O
000200-002,agar,O
000200-002,tidak,O
000200-002,melihat,O
000200-002,apa,O
000200-002,yang,O
000200-002,menimpa,O
000200-002,jasad,O
000200-002,Hamzah,B_PERSON
000200-002,.,O
000200-002,"""",O
000200-002,Ada,O
000200-002,apa,O
000200-002,memangnya,O
000200-002,"?""",O
000200-002,tanya,O
000200-002,Shafiyah,O
000200-002,",",O
000200-002,"""",O
000200-002,kudengar,O
000200-002,saudaraku,O
000200-002,itu,O
000200-002,banyak,O
000200-002,mendapat,O
000200-002,luka,O
000200-002,",",O
000200-002,dan,O
000200-002,itu,O
000200-002,terjadi,O
000200-002,karena,O
000200-002,Allah,O
000200-002,.,O
000200-002,Kami,O
000200-002,ridha,O
000200-002,sekalipun,O
000200-002,keadaan,O
000200-002,sedemikian,O
000200-002,rupa,O
000200-002,.,O
000200-002,Aku,O
000200-002,akan,O
000200-002,tabah,O
000200-002,dan,O
000200-002,sabar,O
000200-002,insya,O
000200-002,Allah,O
000200-002,".""",O
000200-002,Lalu,O
000200-002,dia,O
000200-002,mendekati,O
000200-002,jasad,O
000200-002,Hamzah,B_PERSON
000200-002,",",O
000200-002,memandanginya,O
000200-002,lalu,O
000200-002,berdoa,O
000200-002,baginya,O
000200-002,.,O
000200-002,Setelah,O
000200-002,itu,O
000200-002,dia,O
000200-002,mundur,O
000200-002,dan,O
000200-002,memohon,O
000200-002,ampun,O
000200-002,baginya,O
000200-002,.,O
000200-002,Rasulullah,B_PERSON
000200-002,memerintahkan,O
000200-002,agar,O
000200-002,jasad,O
000200-002,Hamzah,B_PERSON
000200-002,dikubur,O
000200-002,satu,O
000200-002,liang,O
000200-002,dengan,O
000200-002,jasad,O
000200-002,Abdullah,B_PERSON
000200-002,bin,I_PERSON
000200-002,Jahsy,I_PERSON
000200-002,",",O
000200-002,keponakannya,O
000200-002,dan,O
000200-002,saudara,O
000200-002,sesusuan,O
000200-002,.,O
000200-002,Ibnu,B_PERSON
000200-002,Mas'ud,I_PERSON
000200-002,berkata,O
000200-002,",",O
000200-002,kami,O
000200-002,tidak,O
000200-002,pernah,O
000200-002,melihat,O
000200-002,Rasulullah,B_PERSON
000200-002,dalam,O
000200-002,keadaan,O
000200-002,menangis,O
000200-002,lebih,O
000200-002,sesegukan,O
000200-002,daripada,O
000200-002,tangisannya,O
000200-002,atas,O
000200-002,Hamzah,B_PERSON
000200-002,bin,I_PERSON
000200-002,Abdul,I_PERSON
000200-002,Muththalib,I_PERSON
000200-002,.,O
000200-002,Beliau,O
000200-002,memeluknya,O
000200-002,kemudian,O
000200-002,berdiri,O
000200-002,di,O
000200-002,sampingnya,O
000200-002,.,O
000200-002,Beliau,O
000200-002,menangis,O
000200-002,lagi,O
000200-002,hingga,O
000200-002,terisak-isak,O
000200-002,".""",O
000200-002,191,O
000200-002,Zadul-Ma'ad,O
000200-002,",",O
000200-002,2/94,O
000200-002,Pemandangan,O
000200-002,para,O
000200-002,syuhada,O
000200-002,benar-benar,O
000200-002,sangat,O
000200-002,mengenaskan,O
000200-002,dan,O
000200-002,membuat,O
000200-002,hati,O
000200-002,teriris-iris,O
000200-002,.,O
000206-007,Keduanya,O
000206-007,dapat,O
000206-007,menyusul,O
000206-007,Mu,O
000206-007,awiyah,O
000206-007,lalu,O
000206-007,membunuhnya,O
000206-007,.,O
000206-007,199,O
000206-007,Yang,O
000206-007,pasti,O
000206-007,",",O
000206-007,Perang,B_EVENT
000206-007,Hamra'ul,I_EVENT
000206-007,Asad,O
000206-007,ini,O
000206-007,bukan,O
000206-007,merupakan,O
000206-007,peperangan,O
000206-007,yang,O
000206-007,berdiri,O
000206-007,sendiri,O
000206-007,",",O
000206-007,tetapi,O
000206-007,merupakan,O
000206-007,bagian,O
000206-007,dari,O
000206-007,Perang,B_EVENT
000206-007,Uhud,I_EVENT
000206-007,dan,O
000206-007,kelanjutannya,O
000206-007,.,O
000206-007,Itulah,O
000206-007,Perang,B_EVENT
000206-007,Uhud,I_EVENT
000206-007,dengan,O
000206-007,seluruh,O
000206-007,tahapan,O
000206-007,dan,O
000206-007,rinciannya,O
000206-007,.,O
000206-007,Para,O
000206-007,pengkaji,O
000206-007,telah,O
000206-007,menguraikan,O
000206-007,peristiwa,O
000206-007,ini,O
000206-007,panjang,O
000206-007,lebar,O
000206-007,.,O
000206-007,Lalu,O
000206-007,pihak,O
000206-007,manakah,O
000206-007,yang,O
000206-007,bisa,O
000206-007,dikatakan,O
000206-007,kalah,O
000206-007,atau,O
000206-007,menang,O
000206-007,?,O
000206-007,Yang,O
000206-007,pasti,O
000206-007,",",O
000206-007,pada,O
000206-007,putaran,O
000206-007,kedua,O
000206-007,pasukan,O
000206-007,Quraisy,O
000206-007,lebih,O
000206-007,unggul,O
000206-007,dan,O
000206-007,mereka,O
000206-007,bisa,O
000206-007,menguasai,O
000206-007,keadaan,O
000206-007,.,O
000206-007,Sementara,O
000206-007,jumlah,O
000206-007,korban,O
000206-007,di,O
000206-007,pasukan,O
000206-007,Islam,O
000206-007,juga,O
000206-007,lebih,O
000206-007,banyak,O
000206-007,serta,O
000206-007,lebih,O
000206-007,parah,O
000206-007,.,O
000206-007,Bahkan,O
000206-007,ada,O
000206-007,satu,O
000206-007,kelompok,O
000206-007,pasukan,O
000206-007,Muslimin,O
000206-007,yang,O
000206-007,kalah,O
000206-007,total,O
000206-007,.,O
000206-007,Tetapi,O
000206-007,semua,O
000206-007,ini,O
000206-007,belum,O
000206-007,cukup,O
000206-007,bagi,O
000206-007,kita,O
000206-007,199,O
000206-007,Pembahasan,O
000206-007,tentang,O
000206-007,Perang,B_EVENT
000206-007,Uhud,I_EVENT
000206-007,dan,O
000206-007,Hamra'ul,O
000206-007,Asad,O
000206-007,ini,O
000206-007,kami,O
000206-007,kutip,O
000206-007,dari,O
000206-007,Sirah,O
000206-007,An-Nabawiyah,O
000206-007,.,O
000206-007,Ibnu,B_PERSON
000206-007,Hisyam,I_PERSON
000206-007,",",O
000206-007,2/60-129,O
000206-007,;,O
000206-007,Zadul-Ma'ad,O
000206-007,",",O
000206-007,2/91-108,O
000206-007,;,O
000206-007,Fathul-Bari,O
000206-007,",",O
000206-007,7/345-377,O
000206-007,;,O
000206-007,Mukhtashar,O
000206-007,Siratir-Rasul,O
000206-007,",",O
000206-007,Syaikh,O
000206-007,Abdullah,O
000206-007,An-Najdi,O
000206-007,",",O
000206-007,hal,O
000206-007,.,O
000206-007,242-257,O
000206-007,.,O
000206-007,Kami,O
000206-007,juga,O
000206-007,menulisnya,O
000206-007,dari,O
000206-007,rujukan-rujukan,O
000206-007,yang,O
000206-007,lain,O
000206-007,.,O
000206-007,untuk,O
000206-007,beranggapan,O
000206-007,bahwa,O
000206-007,ini,O
000206-007,sudah,O
000206-007,mencerminkan,O
000206-007,kemenangan,O
000206-007,bagi,O
000206-007,pasukan,O
000206-007,Quraisy,O
000206-007,.,O
000206-007,Yang,O
000206-007,tidak,O
000206-007,dapat,O
000206-007,diragukan,O
000206-007,",",O
000206-007,pasukan,O
000206-007,Quraisy,O
000206-007,tidak,O
000206-007,mampu,O
000206-007,melibas,O
000206-007,pasukan,O
000206-007,Muslimin,O
000206-007,.,O
000206-007,Sekalipun,O
000206-007,pasukan,O
000206-007,Muslimin,O
000206-007,sempat,O
000206-007,kacau,O
000206-007,balau,O
000206-007,",",O
000206-007,tetapi,O
000206-007,hampir,O
000206-007,mereka,O
000206-007,semua,O
000206-007,tidak,O
000206-007,melarikan,O
000206-007,diri,O
000206-007,.,O
000206-007,Mereka,O
000206-007,terus,O
000206-007,bertempur,O
000206-007,dengan,O
000206-007,gagah,O
000206-007,berani,O
000206-007,hingga,O
000206-007,dapat,O
000206-007,berhimpun,O
000206-007,kembali,O
000206-007,dengan,O
000206-007,komandan,O
000206-007,pasukan,O
000206-007,.,O
000206-007,Mereka,O
000206-007,sama,O
000206-007,sekali,O
000206-007,tidak,O
000206-007,jatuh,O
000206-007,ke,O
000206-007,tangan,O
000206-007,pasukan,O
000206-007,Quraisy,O
000206-007,dan,O
000206-007,tak,O
000206-007,seorang,O
000206-007,pun,O
000206-007,di,O
000206-007,antara,O
000206-007,mereka,O
000206-007,yang,O
000206-007,tertawan,O
000206-007,.,O
000206-007,Di,O
000206-007,samping,O
000206-007,itu,O
000206-007,",",O
000206-007,pasukan,O
000206-007,Quraisy,O
000206-007,tak,O
000206-007,mendapatkan,O
000206-007,barang,O
000206-007,rampasan,O
000206-007,walau,O
000206-007,sedikit,O
000206-007,pun,O
000206-007,.,O
000207-002,"""",O
000207-002,(,O
000207-002,Ali-Imran,B_PERSON
000207-002,:,O
000207-002,121,O
000207-002,),O
000207-002,Kesudahan,O
000207-002,ayat-ayat,O
000207-002,ini,O
000207-002,merupakan,O
000207-002,catatan,O
000207-002,menyeluruh,O
000207-002,dari,O
000207-002,hasil,O
000207-002,peperangan,O
000207-002,dan,O
000207-002,hikmahnya,O
000207-002,.,O
000207-002,Allah,O
000207-002,berfirman,O
000207-002,",",O
000207-002,i,O
000207-002,i,O
000207-002,"""",O
000207-002,Allah,O
000207-002,sekali-kali,O
000207-002,tidak,O
000207-002,akan,O
000207-002,membiarkan,O
000207-002,orang-orang,O
000207-002,yang,O
000207-002,beriman,O
000207-002,dalam,O
000207-002,keadaan,O
000207-002,kamu,O
000207-002,sekarang,O
000207-002,ini,O
000207-002,",",O
000207-002,sehingga,O
000207-002,Dia,O
000207-002,menyisihkan,O
000207-002,yang,O
000207-002,buruk,O
000207-002,(,O
000207-002,munafik,O
000207-002,),O
000207-002,dari,O
000207-002,yang,O
000207-002,baik,O
000207-002,(,O
000207-002,mukmin,O
000207-002,).,O
000207-002,Dan,O
000207-002,Allah,O
000207-002,sekali-kali,O
000207-002,tidak,O
000207-002,akan,O
000207-002,memperlihatkan,O
000207-002,kepada,O
000207-002,kamu,O
000207-002,hal-hal,O
000207-002,yang,O
000207-002,ghaib,O
000207-002,",",O
000207-002,akan,O
000207-002,tetapi,O
000207-002,Allah,O
000207-002,memilih,O
000207-002,siapa,O
000207-002,yang,O
000207-002,dikehendaki-Nya,O
000207-002,di,O
000207-002,antara,O
000207-002,rasul-rasulNya,O
000207-002,.,O
000207-002,Karena,O
000207-002,itu,O
000207-002,berimanlah,O
000207-002,kepada,O
000207-002,Allah,O
000207-002,dan,O
000207-002,rasul-rasulNya,O
000207-002,;,O
000207-002,dan,O
000207-002,jika,O
000207-002,kamu,O
000207-002,beriman,O
000207-002,dan,O
000207-002,bertakwa,O
000207-002,",",O
000207-002,maka,O
000207-002,bagimu,O
000207-002,pahala,O
000207-002,yang,O
000207-002,besar,O
000207-002,.,O
000207-002,"""",O
000207-002,(,O
000207-002,Ali,B_PERSON
000207-002,Imran,O
000207-002,:,O
000207-002,179,O
000207-002,),O
000212-003,meminta,O
000212-003,kesempatan,O
000212-003,kepada,O
000212-003,mereka,O
000212-003,untuk,O
000212-003,mendirikan,O
000212-003,shalat,O
000212-003,dua,O
000212-003,rakaat,O
000212-003,saja,O
000212-003,Permintaan,O
000212-003,ini,O
000212-003,mereka,O
000212-003,kabulkan,O
000212-003,.,O
000212-003,Setelah,O
000212-003,mengucapkan,O
000212-003,salam,O
000212-003,dia,O
000212-003,berkata,O
000212-003,sendiri,O
000212-003,",",O
000212-003,"""",O
000212-003,Demi,O
000212-003,Allah,O
000212-003,",",O
000212-003,kalau,O
000212-003,bukan,O
000212-003,karena,O
000212-003,mereka,O
000212-003,akan,O
000212-003,mengatakan,O
000212-003,bahwa,O
000212-003,aku,O
000212-003,sedang,O
000212-003,ketakutan,O
000212-003,",",O
000212-003,tentu,O
000212-003,aku,O
000212-003,akan,O
000212-003,shalat,O
000212-003,lebih,O
000212-003,banyak,O
000212-003,lagi,O
000212-003,".""",O
000212-003,Kemudian,O
000212-003,dia,O
000212-003,berkata,O
000212-003,dengan,O
000212-003,suara,O
000212-003,nyaring,O
000212-003,",",O
000212-003,"""",O
000212-003,Ya,O
000212-003,Allah,O
000212-003,",",O
000212-003,hitunglah,O
000212-003,bilangan,O
000212-003,mereka,O
000212-003,.,O
000212-003,binasakanlah,O
000212-003,mereka,O
000212-003,semua,O
000212-003,dan,O
000212-003,janganlah,O
000212-003,Engkau,O
000212-003,biarkan,O
000212-003,seorang,O
000212-003,pun,O
000212-003,di,O
000212-003,antara,O
000212-003,mereka,O
000212-003,tetap,O
000212-003,hidup,O
000212-003,".""",O
000212-003,Setelah,O
000212-003,itu,O
000212-003,dia,O
000212-003,melantumkan,O
000212-003,syair,O
000212-003,.,O
000212-003,Abu,B_PERSON
000212-003,Sufyan,I_PERSON
000212-003,menanyainya,O
000212-003,",",O
000212-003,"""",O
000212-003,Apakah,O
000212-003,engkau,O
000212-003,suka,O
000212-003,jika,O
000212-003,Muhammad,B_PERSON
000212-003,ada,O
000212-003,di,O
000212-003,tengah,O
000212-003,kami,O
000212-003,lalu,O
000212-003,lehernya,O
000212-003,kami,O
000212-003,tebas,O
000212-003,",",O
000212-003,sementara,O
000212-003,engkau,O
000212-003,bebas,O
000212-003,hidup,O
000212-003,di,O
000212-003,tengah,O
000212-003,keluargamu,O
000212-003,"?""",O
000212-003,Dia,O
000212-003,menjawab,O
000212-003,",",O
000212-003,"""",O
000212-003,Tidak,O
000212-003,",",O
000212-003,demi,O
000212-003,Allah,O
000212-003,.,O
000212-003,Aku,O
000212-003,tidak,O
000212-003,suka,O
000212-003,berada,O
000212-003,di,O
000212-003,tengah,O
000212-003,keluargaku,O
000212-003,",",O
000212-003,sementara,O
000212-003,Muhammad,B_PERSON
000212-003,di,O
000212-003,tempatnya,O
000212-003,terkena,O
000212-003,sebuah,O
000212-003,duri,O
000212-003,karena,O
000212-003,ulah,O
000212-003,kalian.',O
000212-003,Kemudian,O
000212-003,mereka,O
000212-003,menyalib,O
000212-003,tubuhnya,O
000212-003,dan,O
000212-003,membunuhnya,O
000212-003,serta,O
000212-003,menunjuk,O
000212-003,beberapa,O
000212-003,orang,O
000212-003,untuk,O
000212-003,menjaga,O
000212-003,jasadnya,O
000212-003,.,O
000212-003,Kemudian,O
000212-003,muncul,O
000212-003,Amr,B_PERSON
000212-003,bin,I_PERSON
000212-003,Umayyah,I_PERSON
000212-003,Adh-Dhamiri,O
000212-003,dan,O
000212-003,pada,O
000212-003,malam,O
000212-003,harinya,O
000212-003,dia,O
000212-003,dapat,O
000212-003,mengakali,O
000212-003,para,O
000212-003,penjaga,O
000212-003,",",O
000212-003,lalu,O
000212-003,membawa,O
000212-003,jasadnya,O
000212-003,untuk,O
000212-003,dikuburkan,O
000212-003,.,O
000212-003,Yang,O
000212-003,menangani,O
000212-003,eksekusi,O
000212-003,terhadap,O
000212-003,Khubaib,O
000212-003,adalah,O
000212-003,Uqbah,B_PERSON
000212-003,bin,I_PERSON
000212-003,Al-Harits,I_PERSON
000212-003,",",O
000212-003,yang,O
000212-003,pada,O
000212-003,waktu,O
000212-003,Perang,B_EVENT
000212-003,Badr,I_EVENT
000212-003,",",O
000212-003,Khubaib,O
000212-003,telah,O
000212-003,membunuh,O
000212-003,ayahnya,O
000212-003,Uqbah,B_PERSON
000212-003,.,O
000212-003,Di,O
000212-003,dalam,O
000212-003,Ash-Shahih,O
000212-003,disebutkan,O
000212-003,bahwa,O
000212-003,Khubaib,O
000212-003,adalah,O
000212-003,orang,O
000212-003,pertama,O
000212-003,yang,O
000212-003,mentradisikan,O
000212-003,shalat,O
000212-003,dua,O
000212-003,rakaat,O
000212-003,jika,O
000212-003,ada,O
000212-003,orang,O
000212-003,Muslim,O
000212-003,yang,O
000212-003,hendak,O
000212-003,dieksekusi,O
000212-003,.,O
000212-003,Sewaktu,O
000212-003,masih,O
000212-003,ditawan,O
000212-003,di,O
000212-003,penjara,O
000212-003,",",O
000212-003,dia,O
000212-003,terlihat,O
000212-003,sedang,O
000212-003,memakan,O
000212-003,setangkai,O
000212-003,buah,O
000212-003,anggur,O
000212-003,",",O
000212-003,padahal,O
000212-003,di,O
000212-003,Makkah,B_LOCATION
000212-003,saat,O
000212-003,itu,O
000212-003,tidak,O
000212-003,ada,O
000212-003,buah,O
000212-003,anggur,O
000212-003,.,O
000232-001,Setelah,O
000232-001,Rasululah,O
000232-001,merasa,O
000232-001,tenang,O
000232-001,berada,O
000232-001,di,O
000232-001,sana,O
000232-001,",",O
000232-001,tiba-tiba,O
000232-001,muncul,O
000232-001,Budail,B_PERSON
000232-001,bin,I_PERSON
000232-001,Warqa',I_PERSON
000232-001,Al-Khuza'y,O
000232-001,bersama,O
000232-001,beberapa,O
000232-001,orang,O
000232-001,dari,O
000232-001,Bani,O
000232-001,Khuza'ah,O
000232-001,Bani,O
000232-001,Khuza'ah,O
000232-001,biasa,O
000232-001,memberi,O
000232-001,nasihat,O
000232-001,kepada,O
000232-001,beliau,O
000232-001,.,O
000232-001,Budial,O
000232-001,berkata,O
000232-001,",",O
000232-001,"""",O
000232-001,Saat,O
000232-001,aku,O
000232-001,meninggalkan,O
000232-001,Ka'b,B_PERSON
000232-001,bin,I_PERSON
000232-001,Lu'ay,I_PERSON
000232-001,",",O
000232-001,mereka,O
000232-001,siap,O
000232-001,berangkat,O
000232-001,ke,O
000232-001,Hudaibiyah,B_LOCATION
000232-001,dengan,O
000232-001,membawa,O
000232-001,pasukan,O
000232-001,.,O
000232-001,Mereka,O
000232-001,hendak,O
000232-001,memerangi,O
000232-001,engkau,O
000232-001,dan,O
000232-001,menghalangi,O
000232-001,engkau,O
000232-001,memasuki,O
000232-001,Masjidil,B_LOCATION
000232-001,Haram,I_LOCATION
000232-001,",""",O
000232-001,Rasulullah,B_PERSON
000232-001,bersabda,O
000232-001,",",O
000232-001,"""",O
000232-001,Sesungguhnya,O
000232-001,kami,O
000232-001,datang,O
000232-001,bukan,O
000232-001,untuk,O
000232-001,memerangi,O
000232-001,seseorang,O
000232-001,.,O
000232-001,Tetapi,O
000232-001,kami,O
000232-001,datang,O
000232-001,untuk,O
000232-001,melakukan,O
000232-001,umrah,O
000232-001,.,O
000232-001,Rupanya,O
000232-001,orang-orang,O
000232-001,Quraisy,O
000232-001,sudah,O
000232-001,semakin,O
000232-001,surut,O
000232-001,dan,O
000232-001,menjadi,O
000232-001,buta,O
000232-001,karena,O
000232-001,peperangan,O
000232-001,.,O
000232-001,Jika,O
000232-001,mereka,O
000232-001,menghendaki,O
000232-001,",",O
000232-001,engkau,O
000232-001,bisa,O
000232-001,membujuk,O
000232-001,mereka,O
000232-001,dan,O
000232-001,membukakan,O
000232-001,jalan,O
000232-001,bagiku,O
000232-001,",",O
000232-001,dan,O
000232-001,jika,O
000232-001,mereka,O
000232-001,menghendaki,O
000232-001,untuk,O
000232-001,memasuki,O
000232-001,sesuatu,O
000232-001,yang,O
000232-001,biasa,O
000232-001,dimasuki,O
000232-001,manusia,O
000232-001,",",O
000232-001,maka,O
000232-001,mereka,O
000232-001,bisa,O
000232-001,melakukannya,O
000232-001,yang,O
000232-001,berarti,O
000232-001,mereka,O
000232-001,masih,O
000232-001,memiliki,O
000232-001,nyali,O
000232-001,.,O
000232-001,Namun,O
000232-001,jika,O
000232-001,tidak,O
000232-001,menghendaki,O
000232-001,kecuali,O
000232-001,perang,O
000232-001,",",O
000232-001,maka,O
000232-001,demi,O
000232-001,diriku,O
000232-001,yang,O
000232-001,ada,O
000232-001,di,O
000232-001,tangan-Nya,O
000232-001,",",O
000232-001,aku,O
000232-001,pasti,O
000232-001,akan,O
000232-001,melayani,O
000232-001,keinginan,O
000232-001,mereka,O
000232-001,hingga,O
000232-001,kemenangan,O
000232-001,yang,O
000232-001,lalu,O
000232-001,hanya,O
000232-001,menjadi,O
000232-001,milikku,O
000232-001,atau,O
000232-001,biarlah,O
000232-001,Allah,O
000232-001,menentukan,O
000232-001,keputusan-Nya,O
000232-001,".""",O
000232-001,Budail,O
000232-001,berkata,O
000232-001,",",O
000232-001,"""",O
000232-001,Aku,O
000232-001,akan,O
000232-001,menyampaikan,O
000232-001,apa,O
000232-001,yang,O
000232-001,engkau,O
000232-001,katakan,O
000232-001,ini,O
000232-001,kepada,O
000232-001,mereka,O
000232-001,".""",O
000232-001,Lalu,O
000232-001,dia,O
000232-001,beranjak,O
000232-001,pergi,O
000232-001,untuk,O
000232-001,menemui,O
000232-001,Quraisy,O
000232-001,",",O
000232-001,seraya,O
000232-001,berkata,O
000232-001,",",O
000232-001,"""",O
000232-001,Aku,O
000232-001,datang,O
000232-001,kepada,O
000232-001,kalian,O
000232-001,setelah,O
000232-001,menemui,O
000232-001,Muhammad,B_PERSON
000232-001,dan,O
000232-001,aku,O
000232-001,mendengar,O
000232-001,dia,O
000232-001,telah,O
000232-001,mengucapkan,O
000232-001,suatu,O
000232-001,perkataan,O
000232-001,.,O
000233-003,Beliau,O
000233-003,bersabda,O
000233-003,saat,O
000233-003,itu,O
000233-003,",",O
000233-003,Aku,O
000233-003,bisa,O
000233-003,menerima,O
000233-003,keislamanmu,O
000233-003,.,O
000233-003,Tetapi,O
000233-003,harta,O
000233-003,benda,O
000233-003,yang,O
000233-003,engkau,O
000233-003,bawa,O
000233-003,",",O
000233-003,aku,O
000233-003,tidak,O
000233-003,mempunyai,O
000233-003,urusan,O
000233-003,dengannnya,O
000233-003,".""",O
000233-003,Kemudian,O
000233-003,Urwah,O
000233-003,menyibak,O
000233-003,kerumunan,O
000233-003,para,O
000233-003,sahabat,O
000233-003,dan,O
000233-003,kembali,O
000233-003,ke,O
000233-003,rekan-rekannya,O
000233-003,dari,O
000233-003,Quraisy,O
000233-003,.,O
000233-003,Di,O
000233-003,sana,O
000233-003,dia,O
000233-003,berkata,O
000233-003,",",O
000233-003,"""",O
000233-003,Wahai,O
000233-003,semua,O
000233-003,orang,O
000233-003,",",O
000233-003,demi,O
000233-003,Allah,O
000233-003,",",O
000233-003,aku,O
000233-003,pernah,O
000233-003,menjadi,O
000233-003,utusan,O
000233-003,untuk,O
000233-003,menemui,O
000233-003,para,O
000233-003,raja,O
000233-003,",",O
000233-003,Qaishar,O
000233-003,dan,O
000233-003,Kisra,B_PERSON
000233-003,.,O
000233-003,Demi,O
000233-003,Allah,O
000233-003,",",O
000233-003,tidak,O
000233-003,pernah,O
000233-003,kulihat,O
000233-003,seorang,O
000233-003,raja,O
000233-003,yang,O
000233-003,diagung-agungkan,O
000233-003,rekan-,O
000233-003,rekannya,O
000233-003,seperti,O
000233-003,yang,O
000233-003,dilakukan,O
000233-003,rekan-rekan,O
000233-003,Muhammad,B_PERSON
000233-003,terhadap,O
000233-003,dirinya,O
000233-003,.,O
000233-003,Demi,O
000233-003,Allah,O
000233-003,",",O
000233-003,setiap,O
000233-003,kali,O
000233-003,Muhammad,B_PERSON
000233-003,mengeluarkan,O
000233-003,dahak,O
000233-003,",",O
000233-003,maka,O
000233-003,dahak,O
000233-003,itu,O
000233-003,pasti,O
000233-003,jatuh,O
000233-003,di,O
000233-003,telapak,O
000233-003,tangan,O
000233-003,salah,O
000233-003,seorang,O
000233-003,di,O
000233-003,antara,O
000233-003,mereka,O
000233-003,",",O
000233-003,lalu,O
000233-003,dia,O
000233-003,mengusap-,O
000233-003,usapkannya,O
000233-003,ke,O
000233-003,wajah,O
000233-003,atau,O
000233-003,kulit,O
000233-003,badannya,O
000233-003,.,O
000233-003,Jika,O
000233-003,dia,O
000233-003,memberikan,O
000233-003,suatu,O
000233-003,perintah,O
000233-003,.,O
000233-003,maka,O
000233-003,mereka,O
000233-003,segera,O
000233-003,melaksanakan,O
000233-003,perintahnya,O
000233-003,.,O
000233-003,Jika,O
000233-003,dia,O
000233-003,wudhu,O
000233-003,",",O
000233-003,maka,O
000233-003,mereka,O
000233-003,seperti,O
000233-003,orang,O
000233-003,yang,O
000233-003,sedang,O
000233-003,bertengkar,O
000233-003,karena,O
000233-003,berebut,O
000233-003,sisa,O
000233-003,air,O
000233-003,wudhunya,O
000233-003,.,O
000233-003,Jika,O
000233-003,dia,O
000233-003,berbicara,O
000233-003,",",O
000233-003,maka,O
000233-003,mereka,O
000233-003,menghentikan,O
000233-003,pembicaraan,O
000233-003,di,O
000233-003,depannya,O
000233-003,.,O
000233-003,Mereka,O
000233-003,tidak,O
000233-003,pernah,O
000233-003,menghujam,O
000233-003,pandangan,O
000233-003,ke,O
000233-003,wajah,O
000233-003,beliau,O
000233-003,karena,O
000233-003,penghormatan,O
000233-003,terhadap,O
000233-003,dirinya,O
000233-003,.,O
000233-003,Dia,O
000233-003,telah,O
000233-003,menyampaikan,O
000233-003,tawaran,O
000233-003,yang,O
000233-003,layak,O
000233-003,kepada,O
000233-003,kalian,O
000233-003,Karena,O
000233-003,itu,O
000233-003,terimalah,O
000233-003,tawaran,O
000233-003,tersebut,O
000233-003,".""",O
000248-001,Nabi,O
000248-001,menulis,O
000248-001,surat,O
000248-001,kepada,O
000248-001,Juraij,B_PERSON
000248-001,bin,I_PERSON
000248-001,Mata,I_PERSON
000248-001,",",O
000248-001,yang,O
000248-001,bergelar,O
000248-001,Muqauqis,O
000248-001,.,O
000248-001,raja,O
000248-001,Mesir,B_LOCATION
000248-001,dan,O
000248-001,Iskandaria,B_LOCATION
000248-001,.,O
000248-001,Inilah,O
000248-001,isi,O
000248-001,surat,O
000248-001,beliau,O
000248-001,:,O
000248-001,"""",O
000248-001,Bismillahir,O
000248-001,rahmanir,O
000248-001,rahim,O
000248-001,.,O
000248-001,Dari,O
000248-001,Muhammad,B_PERSON
000248-001,",",O
000248-001,hamba,O
000248-001,Allah,O
000248-001,dan,O
000248-001,Rasul-Nya,O
000248-001,",",O
000248-001,kepada,O
000248-001,Muqauqis,O
000248-001,Raja,O
000248-001,Qibthi,O
000248-001,.,O
000248-001,Keselamatan,O
000248-001,bagi,O
000248-001,siapa,O
000248-001,pun,O
000248-001,yang,O
000248-001,mengikuti,O
000248-001,petunjuk,O
000248-001,",",O
000248-001,amma,B_PERSON
000248-001,ba'd,O
000248-001,.,O
000248-001,Aku,O
000248-001,menyeru,O
000248-001,tuan,O
000248-001,dengan,O
000248-001,seruan,O
000248-001,Islam,O
000248-001,.,O
000248-001,Masuklah,O
000248-001,Islam,O
000248-001,",",O
000248-001,niscaya,O
000248-001,tuan,O
000248-001,akan,O
000248-001,selamat,O
000248-001,.,O
000248-001,Masuklah,O
000248-001,Islam,O
000248-001,niscaya,O
000248-001,Allah,O
000248-001,akan,O
000248-001,memberikan,O
000248-001,pahala,O
000248-001,kepada,O
000248-001,tuan,O
000248-001,dua,O
000248-001,kali,O
000248-001,lipat,O
000248-001,.,O
000248-001,Namun,O
000248-001,jika,O
000248-001,tuan,O
000248-001,berpaling,O
000248-001,",",O
000248-001,maka,O
000248-001,tuan,O
000248-001,akan,O
000248-001,menanggung,O
000248-001,dosa,O
000248-001,penduduk,O
000248-001,Qibthi,O
000248-001,.,O
000248-001,224,O
000248-001,Zadul,O
000248-001,Ma'ad,O
000248-001,",",O
000248-001,3/61,O
000248-001,"""",O
000248-001,Katakanlah,O
000248-001,:,O
000248-001,"""",O
000248-001,Hai,O
000248-001,Ahli,O
000248-001,Kitab,O
000248-001,",",O
000248-001,marilah,O
000248-001,(,O
000248-001,berpegang,O
000248-001,),O
000248-001,kepada,O
000248-001,suatu,O
000248-001,kalimat,O
000248-001,(,O
000248-001,ketetapan,O
000248-001,),O
000248-001,yang,O
000248-001,tidak,O
000248-001,ada,O
000248-001,perselisihan,O
000248-001,antara,O
000248-001,kami,O
000248-001,dan,O
000248-001,kamu,O
000248-001,",",O
000248-001,bahwa,O
000248-001,tidak,O
000248-001,kita,O
000248-001,sembah,O
000248-001,kecuali,O
000248-001,Allah,O
000248-001,dan,O
000248-001,tidak,O
000248-001,kita,O
000248-001,persekutukan,O
000248-001,Dia,O
000248-001,dengan,O
000248-001,sesuatu,O
000248-001,pun,O
000248-001,dan,O
000248-001,tidak,O
000248-001,(,O
000248-001,pula,O
000248-001,),O
000248-001,sebagian,O
000248-001,kita,O
000248-001,menjadikan,O
000248-001,sebagian,O
000248-001,yang,O
000248-001,lain,O
000248-001,sebagai,O
000248-001,Tuhan,O
000248-001,selain,O
000248-001,Allah,O
000248-001,.,O
000248-001,"""",O
000248-001,Jika,O
000248-001,mereka,O
000248-001,berpaling,O
000248-001,maka,O
000248-001,katakanlah,O
000248-001,kepada,O
000248-001,mereka,O
000248-001,:,O
000248-001,"""",O
000248-001,Saksikanlah,O
000248-001,",",O
000248-001,bahwa,O
000248-001,kami,O
000248-001,adalah,O
000248-001,orang-orang,O
000248-001,yang,O
000248-001,berserah,O
000248-001,diri,O
000248-001,(,O
000248-001,kepada,O
000248-001,Allah,O
000248-001,).,O
000248-001,"""",O
000248-001,(,O
000248-001,Ali,B_PERSON
000248-001,Imran,O
000248-001,:,O
000248-001,64,O
000248-001,),O
000248-001,Surat,O
000248-001,ini,O
000248-001,dibawa,O
000248-001,Hathib,B_PERSON
000248-001,bin,I_PERSON
000248-001,Abu,I_PERSON
000248-001,Balta'ah,I_PERSON
000248-001,.,O
000248-001,Setelah,O
000248-001,menghadap,O
000248-001,Muqauqis,O
000248-001,",",O
000248-001,Hathib,O
000248-001,berkata,O
000248-001,kepadanya,O
000248-001,",",O
000248-001,"""",O
000248-001,Sebelumnya,O
000248-001,sebelum,O
000248-001,tuan,O
000248-001,ada,O
000248-001,seseorang,O
000248-001,yang,O
000248-001,mengaku,O
000248-001,bahwa,O
000248-001,dia,O
000248-001,adalah,O
000248-001,tuhan,O
000248-001,yang,O
000248-001,paling,O
000248-001,tinggi,O
000248-001,.,O
000248-001,Lalu,O
000248-001,Allah,O
000248-001,menimpakkan,O
000248-001,hukuman,O
000248-001,kepadanya,O
000248-001,di,O
000248-001,dunia,O
000248-001,dan,O
000248-001,akhirat,O
000248-001,.,O
000248-001,Allah,O
000248-001,menyiksanya,O
000248-001,lalu,O
000248-001,menyiksanya,O
000248-001,lagi,O
000248-001,.,O
000250-003,Kemudian,O
000250-003,Heraklius,B_PERSON
000250-003,berkata,O
000250-003,kepada,O
000250-003,para,O
000250-003,penerjemahnya,O
000250-003,",",O
000250-003,.,O
000250-003,Aku,O
000250-003,akan,O
000250-003,bertanya,O
000250-003,tentang,O
000250-003,orang,O
000250-003,tersebut,O
000250-003,(,O
000250-003,Rasulullah,B_PERSON
000250-003,),O
000250-003,kepada,O
000250-003,orang,O
000250-003,ini,O
000250-003,.,O
000250-003,Jika,O
000250-003,dia,O
000250-003,bohong,O
000250-003,",",O
000250-003,maka,O
000250-003,bohongi,O
000250-003,pula,O
000250-003,dia,O
000250-003,".""",O
000250-003,Abu,B_PERSON
000250-003,Sufyan,I_PERSON
000250-003,berkata,O
000250-003,sendiri,O
000250-003,",",O
000250-003,"""",O
000250-003,Demi,O
000250-003,Allah,O
000250-003,",",O
000250-003,kalau,O
000250-003,bukan,O
000250-003,karena,O
000250-003,rasa,O
000250-003,malu,O
000250-003,jika,O
000250-003,mereka,O
000250-003,lebih,O
000250-003,banyak,O
000250-003,membohongiku,O
000250-003,",",O
000250-003,tentu,O
000250-003,aku,O
000250-003,akan,O
000250-003,berkata,O
000250-003,bohong,O
000250-003,kepadanya,O
000250-003,".""",O
000250-003,Kemudian,O
000250-003,dia,O
000250-003,menuturkan,O
000250-003,",",O
000250-003,"""",O
000250-003,Pertanyaan,O
000250-003,pertama,O
000250-003,yang,O
000250-003,diajukan,O
000250-003,kepadaku,O
000250-003,adalah,O
000250-003,",",O
000250-003,"""",O
000250-003,Bagaimana,O
000250-003,nasabnya,O
000250-003,di,O
000250-003,tengah,O
000250-003,kalian,O
000250-003,"?""",O
000250-003,Aku,O
000250-003,menjawab,O
000250-003,",",O
000250-003,"""",O
000250-003,Dia,O
000250-003,orang,O
000250-003,yang,O
000250-003,terpandang,O
000250-003,di,O
000250-003,antara,O
000250-003,kami,O
000250-003,".""",O
000250-003,"""",O
000250-003,Apakah,O
000250-003,pernah,O
000250-003,ada,O
000250-003,seorang,O
000250-003,sebelumnya,O
000250-003,yang,O
000250-003,berkata,O
000250-003,seperti,O
000250-003,yang,O
000250-003,dia,O
000250-003,katakan?',O
000250-003,"""",O
000250-003,"""",O
000250-003,Tidak,O
000250-003,ada,O
000250-003,",""",O
000250-003,jawabku,O
000250-003,"""",O
000250-003,Apakah,O
000250-003,di,O
000250-003,antara,O
000250-003,bapak-bapaknya,O
000250-003,ada,O
000250-003,yang,O
000250-003,menjadi,O
000250-003,raja,O
000250-003,"?""",O
000250-003,"""",O
000250-003,Tidak,O
000250-003,ada,O
000250-003,".""",O
000250-003,"""",O
000250-003,Apakah,O
000250-003,yang,O
000250-003,mengikutinya,O
000250-003,dari,O
000250-003,kalangan,O
000250-003,orang-orang,O
000250-003,yang,O
000250-003,terpandang,O
000250-003,atau,O
000250-003,orang,O
000250-003,yang,O
000250-003,lemah,O
000250-003,"?""",O
000250-003,"""",O
000250-003,Orang-orang,O
000250-003,yang,O
000250-003,lemah,O
000250-003,di,O
000250-003,antara,O
000250-003,mereka,O
000250-003,".""",O
000250-003,"""",O
000250-003,Apakah,O
000250-003,jumlah,O
000250-003,mereka,O
000250-003,semakin,O
000250-003,hari,O
000250-003,semakin,O
000250-003,bertambah,O
000250-003,atau,O
000250-003,semakin,O
000250-003,berkurang?',O
000250-003,.,O
000250-003,Semakin,O
000250-003,bertambah,O
000250-003,".""",O
000250-003,"""",O
000250-003,Adakah,O
000250-003,di,O
000250-003,antara,O
000250-003,pengikutnya,O
000250-003,yang,O
000250-003,keluar,O
000250-003,dari,O
000250-003,agamanya,O
000250-003,karena,O
000250-003,benci,O
000250-003,agama,O
000250-003,itu,O
000250-003,setelah,O
000250-003,dia,O
000250-003,memasukinya,O
000250-003,?,O
000250-003,"""",O
000250-003,Tidak,O
000250-003,ada,O
000250-003,".""",O
000250-003,"""",O
000250-003,Apakah,O
000250-003,kalian,O
000250-003,menuduhnya,O
000250-003,pembohong,O
000250-003,sebelum,O
000250-003,dia,O
000250-003,mengatakan,O
000250-003,apa,O
000250-003,yang,O
000250-003,dikatakannya,O
000250-003,"?""",O
000250-003,"""",O
000250-003,Tidak,O
000250-003,".""",O
000250-003,"""",O
000250-003,Apakah,O
000250-003,dia,O
000250-003,pernah,O
000250-003,berkhianat,O
000250-003,"?""""",O
000250-003,.,O
000250-003,Tidak,O
000250-003,pernah,O
000250-003,.,O
000250-003,Selama,O
000250-003,kami,O
000250-003,bergaul,O
000250-003,dengannya,O
000250-003,",",O
000250-003,kami,O
000250-003,tidak,O
000250-003,pernah,O
000250-003,melihat,O
000250-003,melakukan,O
000250-003,hal,O
000250-003,itu,O
000250-003,".""",O
000250-003,"""",O
000250-003,Tidak,O
000250-003,ada,O
000250-003,kata-kata,O
000250-003,lain,O
000250-003,yang,O
000250-003,memungkinkan,O
000250-003,bagiku,O
000250-003,untuk,O
000250-003,mengorek,O
000250-003,keterangan,O
000250-003,".""",O
000250-003,Tetapi,O
000250-003,kemudian,O
000250-003,Heraklius,B_PERSON
000250-003,bertanya,O
000250-003,lagi,O
000250-003,",",O
000250-003,"""",O
000250-003,Apakah,O
000250-003,kalian,O
000250-003,memeranginya,O
000250-003,"?""",O
000250-003,"""",O
000250-003,Ya,O
000250-003,",""",O
000250-003,jawabku,O
000250-003,.,O
000250-003,"""",O
000250-003,Bagaimana,O
000250-003,cara,O
000250-003,kalian,O
000250-003,memeranginya,O
000250-003,"?""",O
000250-003,-Peperangan,O
000250-003,antara,O
000250-003,kami,O
000250-003,dan,O
000250-003,dia,O
000250-003,silih,O
000250-003,berganti,O
000250-003,.,O
000251-001,Nabi,O
000251-001,menulis,O
000251-001,surat,O
000251-001,kepada,O
000251-001,Al-Mundzir,B_PERSON
000251-001,bin,I_PERSON
000251-001,Sawa,I_PERSON
000251-001,",",O
000251-001,pemimpin,O
000251-001,Bahrain,O
000251-001,.,O
000251-001,berisi,O
000251-001,seruan,O
000251-001,agar,O
000251-001,dia,O
000251-001,masuk,O
000251-001,Islam,O
000251-001,.,O
000251-001,Beliau,O
000251-001,mengutus,O
000251-001,Al-Ala',B_PERSON
000251-001,bin,I_PERSON
000251-001,Hadhrami,I_PERSON
000251-001,untuk,O
000251-001,mengantarkannya,O
000251-001,.,O
000251-001,Setelah,O
000251-001,menerima,O
000251-001,dan,O
000251-001,membaca,O
000251-001,surat,O
000251-001,beliau,O
000251-001,",",O
000251-001,Al-Mundzir,O
000251-001,menulis,O
000251-001,balasannya,O
000251-001,sebagai,O
000251-001,berikut,O
000251-001,:,O
000251-001,"""",O
000251-001,Amma,O
000251-001,ba'd,O
000251-001,.,O
000251-001,Wahai,O
000251-001,Rasulullah,B_PERSON
000251-001,",",O
000251-001,saya,O
000251-001,sudah,O
000251-001,membaca,O
000251-001,surat,O
000251-001,tuan,O
000251-001,yang,O
000251-001,226,O
000251-001,Shahih,O
000251-001,Bukhari,O
000251-001,",",O
000251-001,1/4,O
000251-001,;,O
000251-001,Shahih,O
000251-001,Muslim,O
000251-001,",",O
000251-001,2/98-99,O
000251-001,tertuju,O
000251-001,kepada,O
000251-001,rakyat,O
000251-001,Bahrain,O
000251-001,.,O
000251-001,Di,O
000251-001,antara,O
000251-001,mereka,O
000251-001,ada,O
000251-001,yang,O
000251-001,menyukai,O
000251-001,Islam,O
000251-001,dar,O
000251-001,kagum,O
000251-001,kepadanya,O
000251-001,lalu,O
000251-001,memeluknya,O
000251-001,",",O
000251-001,dan,O
000251-001,di,O
000251-001,antara,O
000251-001,mereka,O
000251-001,ada,O
000251-001,pula,O
000251-001,yang,O
000251-001,tidak,O
000251-001,menyukainya,O
000251-001,.,O
000251-001,Sementara,O
000251-001,di,O
000251-001,negeriku,O
000251-001,ada,O
000251-001,orang-orang,O
000251-001,Majusi,O
000251-001,dan,O
000251-001,Yahudi,O
000251-001,.,O
000251-001,Maka,O
000251-001,tulislah,O
000251-001,lagi,O
000251-001,surat,O
000251-001,kepadaku,O
000251-001,yang,O
000251-001,bisa,O
000251-001,menjelaskan,O
000251-001,urusan,O
000251-001,tuan,O
000251-001,".""",O
000251-001,Maka,O
000251-001,Rasulullah,B_PERSON
000251-001,menulis,O
000251-001,surat,O
000251-001,lagi,O
000251-001,"""",O
000251-001,Bismillahir,O
000251-001,rahmanir,O
000251-001,rahim,O
000251-001,.,O
000251-001,Dari,O
000251-001,Muhammad,B_PERSON
000251-001,Rasul,O
000251-001,Allah,O
000251-001,kepada,O
000251-001,Al-Mundzir,B_PERSON
000251-001,bin,I_PERSON
000251-001,Sawa,I_PERSON
000251-001,.,O
000251-001,Kesejahteraan,O
000251-001,bagi,O
000251-001,dirimu,O
000251-001,.,O
000251-001,Aku,O
000251-001,memuji,O
000251-001,bagimu,O
000251-001,kepada,O
000251-001,Allah,O
000251-001,yang,O
000251-001,tiada,O
000251-001,Illah,O
000251-001,selain-Nya,O
000251-001,Aku,O
000251-001,bersaksi,O
000251-001,bahwa,O
000251-001,Muhammad,B_PERSON
000251-001,adalah,O
000251-001,hamba,O
000251-001,dan,O
000251-001,Rasul-Nya,O
000251-001,",",O
000251-001,amma,O
000251-001,ba,O
000251-001,'d,O
000251-001,.,O
000251-001,Aku,O
000251-001,mengingatkanmu,O
000251-001,terhadap,O
000251-001,Allah,O
000251-001,.,O
000251-001,Barangsiapa,O
000251-001,yang,O
000251-001,memberi,O
000251-001,nasihat,O
000251-001,kepada,O
000251-001,dirinya,O
000251-001,sendiri,O
000251-001,",",O
000251-001,dan,O
000251-001,siapa,O
000251-001,yang,O
000251-001,menaati,O
000251-001,utusan-utusanku,O
000251-001,dan,O
000251-001,mengikuti,O
000251-001,mereka,O
000251-001,",",O
000251-001,berarti,O
000251-001,dia,O
000251-001,telah,O
000251-001,menaatiku,O
000251-001,.,O
000251-001,Barangsiapa,O
000251-001,memberi,O
000251-001,nasihat,O
000251-001,kepada,O
000251-001,mereka,O
000251-001,",",O
000251-001,berarti,O
000251-001,dia,O
000251-001,telah,O
000251-001,memberi,O
000251-001,nasihat,O
000251-001,karena,O
000251-001,aku,O
000251-001,.,O
000251-001,Sesungguhnya,O
000251-001,para,O
000251-001,utusanku,O
000251-001,telah,O
000251-001,menyampaikan,O
000251-001,pujian,O
000251-001,y,O
000251-001,ang,O
000251-001,baik,O
000251-001,atas,O
000251-001,dirimu,O
000251-001,.,O
000251-001,Aku,O
000251-001,telah,O
000251-001,memberi,O
000251-001,syafaat,O
000251-001,kepadamu,O
000251-001,tentang,O
000251-001,kaummu,O
000251-001,.,O
000251-001,Biarkanlah,O
000251-001,orang-orang,O
000251-001,Muslim,O
000251-001,karena,O
000251-001,mereka,O
000251-001,telah,O
000251-001,masuk,O
000251-001,Islam,O
000251-001,",",O
000251-001,kuampuni,O
000251-001,orang-orang,O
000251-001,yang,O
000251-001,telah,O
000251-001,berbuat,O
000251-001,dosa,O
000251-001,dan,O
000251-001,terimalah,O
000251-001,mereka,O
000251-001,.,O
000262-001,Dalam,O
000262-001,perjalanannya,O
000262-001,ke,O
000262-001,Khaibar,B_LOCATION
000262-001,",",O
000262-001,Rasulullah,B_PERSON
000262-001,mengambil,O
000262-001,jalan,O
000262-001,lewat,O
000262-001,Gunung,O
000262-001,Ashr,O
000262-001,(,O
000262-001,ada,O
000262-001,yang,O
000262-001,membaca,O
000262-001,Ishr,O
000262-001,).,O
000262-001,Setelah,O
000262-001,melewati,O
000262-001,Ash-Shahba',O
000262-001,",",O
000262-001,beliau,O
000262-001,bermalam,O
000262-001,di,O
000262-001,suatu,O
000262-001,lembah,O
000262-001,yang,O
000262-001,disebut,O
000262-001,Ar-Raji',O
000262-001,.,O
000262-001,Dari,O
000262-001,tempat,O
000262-001,ini,O
000262-001,ke,O
000262-001,Ghathafan,O
000262-001,ditempuh,O
000262-001,dengan,O
000262-001,perjalanan,O
000262-001,sehari,O
000262-001,semalam,O
000262-001,.,O
000262-001,Orang-orang,O
000262-001,Ghathafan,O
000262-001,sudah,O
000262-001,mengadakan,O
000262-001,persiapan,O
000262-001,secara,O
000262-001,matang,O
000262-001,dan,O
000262-001,berangkat,O
000262-001,ke,O
000262-001,Khaibar,B_LOCATION
000262-001,untuk,O
000262-001,mengulurkan,O
000262-001,bantuan,O
000262-001,kepada,O
000262-001,orang-orang,O
000262-001,Yahudi,O
000262-001,.,O
000262-001,Tak,O
000262-001,seberapa,O
000262-001,jauh,O
000262-001,berjalan,O
000262-001,.,O
000262-001,mereka,O
000262-001,mendengar,O
000262-001,suara,O
000262-001,gaduh,O
000262-001,dan,O
000262-001,hiruk,O
000262-001,pikuk,O
000262-001,dari,O
000262-001,arah,O
000262-001,belakang,O
000262-001,.,O
000262-001,Mereka,O
000262-001,mengira,O
000262-001,orang-orang,O
000262-001,Muslim,O
000262-001,menyerbu,O
000262-001,keluarga,O
000262-001,dan,O
000262-001,harta,O
000262-001,benda,O
000262-001,yang,O
000262-001,mereka,O
000262-001,tinggalkan,O
000262-001,di,O
000262-001,Ghathafan,O
000262-001,.,O
000262-001,Karena,O
000262-001,itu,O
000262-001,mereka,O
000262-001,kembali,O
000262-001,lagi,O
000262-001,dan,O
000262-001,membatalkan,O
000262-001,niat,O
000262-001,untuk,O
000262-001,membantu,O
000262-001,orang-orang,O
000262-001,Yahudi,O
000262-001,",",O
000262-001,karena,O
000262-001,khawatir,O
000262-001,suatu,O
000262-001,saat,O
000262-001,orang-orang,O
000262-001,Muslim,O
000262-001,justru,O
000262-001,menyerang,O
000262-001,keluarga,O
000262-001,dan,O
000262-001,harta,O
000262-001,benda,O
000262-001,yang,O
000262-001,mereka,O
000262-001,tinggalkan,O
000262-001,.,O
000262-001,Mereka,O
000262-001,tidak,O
000262-001,ingin,O
000262-001,ikut,O
000262-001,campur,O
000262-001,lagi,O
000262-001,urusan,O
000262-001,antara,O
000262-001,Nabi,O
000262-001,dan,O
000262-001,orang-orang,O
000262-001,Yahudi,O
000262-001,Khaibar,B_LOCATION
000262-001,.,O
000262-001,Kemudian,O
000262-001,beliau,O
000262-001,menunjuk,O
000262-001,dua,O
000262-001,orang,O
000262-001,penunjuk,O
000262-001,jalan,O
000262-001,yang,O
000262-001,ikut,O
000262-001,serta,O
000262-001,dalam,O
000262-001,rombongan,O
000262-001,pasukan,O
000262-001,.,O
000262-001,Salah,O
000262-001,seorang,O
000262-001,di,O
000262-001,antara,O
000262-001,keduanya,O
000262-001,bernama,O
000262-001,Husail,O
000262-001,.,O
000262-001,Mereka,O
000262-001,berdua,O
000262-001,menunjukkan,O
000262-001,jalan,O
000262-001,yang,O
000262-001,lebih,O
000262-001,pas,O
000262-001,untuk,O
000262-001,memasuki,O
000262-001,Khaibar,B_LOCATION
000262-001,dari,O
000262-001,arah,O
000262-001,utara,O
000262-001,",",O
000262-001,tepatnya,O
000262-001,dari,O
000262-001,jalur,O
000262-001,Syam,B_LOCATION
000262-001,.,O
000262-001,Dengan,O
000262-001,begitu,O
000262-001,pasukan,O
000262-001,Muslimin,O
000262-001,bisa,O
000262-001,menghadang,O
000262-001,kemungkinan,O
000262-001,orang-orang,O
000262-001,Yahudi,O
000262-001,akan,O
000262-001,melarikan,O
000262-001,diri,O
000262-001,ke,O
000262-001,arah,O
000262-001,Syam,B_LOCATION
000262-001,atau,O
000262-001,ke,O
000262-001,Ghathafan,O
000262-001,.,O
000262-001,"""",O
000262-001,Aku,O
000262-001,akan,O
000262-001,menunjukkan,O
000262-001,jalan,O
000262-001,kepada,O
000262-001,engkau,O
000262-001,wahai,O
000262-001,Rasulullah,B_PERSON
000262-001,",""",O
000262-001,kata,O
000262-001,penunjuk,O
000262-001,jalan,O
000262-001,itu,O
000262-001,.,O
000263-002,Di,O
000263-002,Ash-Shahba',O
000263-002,yang,O
000263-002,jaraknya,O
000263-002,tidak,O
000263-002,seberapa,O
000263-002,jauh,O
000263-002,dengan,O
000263-002,Khaibar,B_LOCATION
000263-002,.,O
000263-002,beliau,O
000263-002,shalat,O
000263-002,ashar,O
000263-002,.,O
000263-002,Kemudian,O
000263-002,beliau,O
000263-002,meminta,O
000263-002,bekal,O
000263-002,makanan,O
000263-002,.,O
000263-002,Karena,O
000263-002,hanya,O
000263-002,sedikit,O
000263-002,",",O
000263-002,beliau,O
000263-002,disodori,O
000263-002,tepung,O
000263-002,gandum,O
000263-002,yang,O
000263-002,tak,O
000263-002,seberapa,O
000263-002,banyak,O
000263-002,jumlahnya,O
000263-002,.,O
000263-002,Setelah,O
000263-002,diolah,O
000263-002,",",O
000263-002,tepung,O
000263-002,itu,O
000263-002,menjadi,O
000263-002,banyak,O
000263-002,.,O
000263-002,Beliau,O
000263-002,memakannya,O
000263-002,dan,O
000263-002,begitu,O
000263-002,pula,O
000263-002,semua,O
000263-002,orang,O
000263-002,.,O
000263-002,Kemudian,O
000263-002,beliau,O
000263-002,hendak,O
000263-002,melaksanakan,O
000263-002,shalat,O
000263-002,maghrib,O
000263-002,.,O
000263-002,Beliau,O
000263-002,cukup,O
000263-002,berkumur,O
000263-002,",",O
000263-002,dan,O
000263-002,orang-orang,O
000263-002,juga,O
000263-002,berkumur,O
000263-002,.,O
000263-002,Kemudian,O
000263-002,beliau,O
000263-002,melaksanakan,O
000263-002,shalat,O
000263-002,maghrib,O
000263-002,tanpa,O
000263-002,wudhu,O
000263-002,lagi,O
000263-002,",",O
000263-002,kemudian,O
000263-002,shalat,O
000263-002,isya',O
000263-002,tanpa,O
000263-002,wudhu',O
000263-002,lagi,O
000263-002,",",O
000263-002,karena,O
000263-002,memang,O
000263-002,belum,O
000263-002,batal,O
000265-002,Benteng,O
000265-002,Ubay,O
000265-002,5,O
000265-002,.,O
000265-002,Benteng,O
000265-002,An-Nizar,O
000265-002,Tiga,O
000265-002,benteng,O
000265-002,yang,O
000265-002,pertama,O
000265-002,terletak,O
000265-002,di,O
000265-002,wilayah,O
000265-002,Nathat,O
000265-002,",",O
000265-002,sedangkan,O
000265-002,dua,O
000265-002,benteng,O
000265-002,yang,O
000265-002,terakhir,O
000265-002,berada,O
000265-002,di,O
000265-002,wilayah,O
000265-002,Asy-Syiq,O
000265-002,.,O
000265-002,Sedangkan,O
000265-002,paroh,O
000265-002,kedua,O
000265-002,yang,O
000265-002,juga,O
000265-002,disebut,O
000265-002,Al-Katibah,O
000265-002,",",O
000265-002,memiliki,O
000265-002,tiga,O
000265-002,benteng,O
000265-002,",",O
000265-002,yaitu,O
000265-002,:,O
000265-002,1,O
000265-002,.,O
000265-002,Benteng,O
000265-002,Al-Qamush,O
000265-002,",",O
000265-002,benteng,O
000265-002,milik,O
000265-002,Bani,O
000265-002,Abul,B_PERSON
000265-002,Huqaiq,I_PERSON
000265-002,dari,O
000265-002,Bani,O
000265-002,Nadhir,O
000265-002,2,O
000265-002,.,O
000265-002,Benteng,O
000265-002,Al-Wathih,O
000265-002,3,O
000265-002,.,O
000265-002,Benteng,O
000265-002,As-Salalim,O
000265-002,Sebenarnya,O
000265-002,di,O
000265-002,Khaibar,B_LOCATION
000265-002,masih,O
000265-002,ada,O
000265-002,beberapa,O
000265-002,benteng,O
000265-002,selain,O
000265-002,delapan,O
000265-002,benteng,O
000265-002,ini,O
000265-002,",",O
000265-002,namun,O
000265-002,benteng-benteng,O
000265-002,itu,O
000265-002,relatif,O
000265-002,lebih,O
000265-002,kecil,O
000265-002,",",O
000265-002,tidak,O
000265-002,sebesar,O
000265-002,dan,O
000265-002,sekuat,O
000265-002,benteng-benteng,O
000265-002,tersebut,O
000265-002,.,O
000265-002,Pertempuran,O
000265-002,yang,O
000265-002,seru,O
000265-002,meletus,O
000265-002,di,O
000265-002,sekitar,O
000265-002,benteng-,O
000265-002,benteng,O
000265-002,paroh,O
000265-002,yang,O
000265-002,pertama,O
000265-002,.,O
000265-002,Sekalipun,O
000265-002,benteng-benteng,O
000265-002,di,O
000265-002,paroh,O
000265-002,kedua,O
000265-002,lebih,O
000265-002,besar,O
000265-002,dan,O
000265-002,lebih,O
000265-002,banyak,O
000265-002,jumlah,O
000265-002,prajuritnya,O
000265-002,",",O
000265-002,tetapi,O
000265-002,mereka,O
000265-002,justru,O
000265-002,menyerah,O
000265-002,begitu,O
000265-002,saja,O
000265-002,",",O
000265-002,tanpa,O
000265-002,ada,O
000265-002,pertempuran,O
000265-002,.,O
000267-001,Benteng,O
000267-001,Ash-Sha'b,O
000267-001,merupakan,O
000267-001,benteng,O
000267-001,kedua,O
000267-001,yang,O
000267-001,terkokoh,O
000267-001,setelah,O
000267-001,benteng,O
000267-001,Na'im,O
000267-001,.,O
000267-001,Orang-orang,O
000267-001,Muslim,O
000267-001,melancarkan,O
000267-001,serangan,O
000267-001,di,O
000267-001,bawah,O
000267-001,komando,O
000267-001,bin,I_PERSON
000267-001,Al-Anshari,I_PERSON
000267-001,.,O
000267-001,Mereka,O
000267-001,mengepung,O
000267-001,benteng,O
000267-001,ini,O
000267-001,selama,O
000267-001,tiga,O
000267-001,hari,O
000267-001,.,O
000267-001,Pada,O
000267-001,hari,O
000267-001,ketiga,O
000267-001,",",O
000267-001,Rasulullah,B_PERSON
000267-001,mengucapkan,O
000267-001,doa,O
000267-001,khusus,O
000267-001,untuk,O
000267-001,dapat,O
000267-001,menaklukkan,O
000267-001,benteng,O
000267-001,ini,O
000267-001,.,O
000267-001,Abu,B_PERSON
000267-001,Ishaq,I_PERSON
000267-001,meriwayatkan,O
000267-001,bahwa,O
000267-001,bani,O
000267-001,Sahm,O
000267-001,dari,O
000267-001,Bani,O
000267-001,Aslam,O
000267-001,mendatangi,O
000267-001,beliau,O
000267-001,dan,O
000267-001,berkata,O
000267-001,",",O
000267-001,"""",O
000267-001,Kita,O
000267-001,telah,O
000267-001,berjuang,O
000267-001,dan,O
000267-001,tidak,O
000267-001,ada,O
000267-001,lagi,O
000267-001,sesuatu,O
000267-001,yang,O
000267-001,tersisa,O
000267-001,di,O
000267-001,tangan,O
000267-001,kita,O
000267-001,".""",O
000267-001,Beliau,O
000267-001,memanjatkan,O
000267-001,"""",O
000267-001,Ya,O
000267-001,Allah,O
000267-001,",",O
000267-001,Engkau,O
000267-001,sudah,O
000267-001,tahu,O
000267-001,keadaan,O
000267-001,mereka,O
000267-001,(,O
000267-001,orang-orang,O
000267-001,Muslim,O
000267-001,).,O
000267-001,Mereka,O
000267-001,tidak,O
000267-001,lagi,O
000267-001,mempunyai,O
000267-001,kekuatan,O
000267-001,dan,O
000267-001,di,O
000267-001,tanganku,O
000267-001,tak,O
000267-001,ada,O
000267-001,lagi,O
000267-001,sesuatu,O
000267-001,pun,O
000267-001,yang,O
000267-001,bisa,O
000267-001,kuberikan,O
000267-001,kepada,O
000267-001,mereka,O
000267-001,.,O
000267-001,Maka,O
000267-001,berikanlah,O
000267-001,kemenangan,O
000267-001,kepada,O
000267-001,mereka,O
000267-001,dengan,O
000267-001,menaklukkan,O
000267-001,benteng,O
000267-001,yang,O
000267-001,paling,O
000267-001,mereka,O
000267-001,perlukan,O
000267-001,",",O
000267-001,paling,O
000267-001,banyak,O
000267-001,makanan,O
000267-001,dan,O
000267-001,paling,O
000267-001,gemuk,O
000267-001,ternak-,O
000267-001,ternaknya,O
000267-001,.,O
000267-001,"""",O
000267-001,Orang-orang,O
000267-001,muslim,O
000267-001,bangkit,O
000267-001,melakukan,O
000267-001,penyerbuan,O
000267-001,dan,O
000267-001,Allah,O
000267-001,menundukkan,O
000267-001,benteng,O
000267-001,Ash-Sha'b,O
000267-001,bin,I_PERSON
000267-001,Muadz,I_PERSON
000267-001,.,O
000267-001,Sementara,O
000267-001,di,O
000267-001,Khaibar,B_LOCATION
000267-001,tidak,O
000267-001,ada,O
000267-001,benteng,O
000267-001,yang,O
000267-001,lebih,O
000267-001,banyak,O
000267-001,makanannya,O
000267-001,dan,O
000267-001,lebih,O
000267-001,gemuk,O
000267-001,ternak-ternaknya,O
000267-001,selain,O
000267-001,dari,O
000267-001,benteng,O
000267-001,ini,O
000267-001,.,O
000267-001,Setelah,O
000267-001,Nabi,O
000267-001,memanjatkan,O
000267-001,doa,O
000267-001,dan,O
000267-001,memerintahkan,O
000267-001,untuk,O
000267-001,menyerbu,O
000267-001,benteng,O
000267-001,",",O
000267-001,maka,O
000267-001,Bani,O
000267-001,Aslamlah,O
000267-001,yang,O
000267-001,berada,O
000267-001,di,O
000267-001,barisan,O
000267-001,terdepan,O
000267-001,.,O
000267-001,Terjadi,O
000267-001,pertempuran,O
000267-001,yang,O
000267-001,sengit,O
000267-001,di,O
000267-001,depan,O
000267-001,benteng,O
000267-001,.,O
000267-001,Sebelum,O
000267-001,matahari,O
000267-001,tenggelam,O
000267-001,benteng,O
000267-001,sudah,O
000267-001,bisa,O
000267-001,direbut,O
000267-001,dan,O
000267-001,ditaklukkan,O
000267-001,.,O
000268-001,Setelah,O
000268-001,benteng,O
000268-001,An-Na'im,O
000268-001,dan,O
000268-001,Ash-Sha'b,O
000268-001,dapat,O
000268-001,ditaklukan,O
000268-001,",",O
000268-001,orang-orang,O
000268-001,Yahudi,O
000268-001,yang,O
000268-001,berada,O
000268-001,di,O
000268-001,setiap,O
000268-001,benteng,O
000268-001,di,O
000268-001,wilayah,O
000268-001,Nathat,O
000268-001,",",O
000268-001,berpindah,O
000268-001,ke,O
000268-001,benteng,O
000268-001,Az-Zubair,O
000268-001,",",O
000268-001,sebuah,O
000268-001,benteng,O
000268-001,yang,O
000268-001,kokoh,O
000268-001,",",O
000268-001,terletak,O
000268-001,di,O
000268-001,sebuah,O
000268-001,puncak,O
000268-001,bukit,O
000268-001,",",O
000268-001,yang,O
000268-001,tidak,O
000268-001,bisa,O
000268-001,dijangkau,O
000268-001,kuda,O
000268-001,atau,O
000268-001,pejalan,O
000268-001,kaki,O
000268-001,",",O
000268-001,karena,O
000268-001,perjalanan,O
000268-001,ke,O
000268-001,sana,O
000268-001,cukup,O
000268-001,terjal,O
000268-001,dan,O
000268-001,sulit,O
000268-001,",",O
000268-001,di,O
000268-001,samping,O
000268-001,benteng,O
000268-001,itu,O
000268-001,sendiri,O
000268-001,yang,O
000268-001,sangat,O
000268-001,kokoh,O
000268-001,.,O
000268-001,Rasulullah,B_PERSON
000268-001,memerintahkan,O
000268-001,untuk,O
000268-001,mengepung,O
000268-001,benteng,O
000268-001,ini,O
000268-001,.,O
000268-001,Pengepungan,O
000268-001,berjalan,O
000268-001,selama,O
000268-001,tiga,O
000268-001,hari,O
000268-001,.,O
000268-001,Ada,O
000268-001,seorang,O
000268-001,Yahudi,O
000268-001,menemui,O
000268-001,beliau,O
000268-001,seraya,O
000268-001,berkata,O
000268-001,",",O
000268-001,"""",O
000268-001,Wahai,O
000268-001,Abdul,O
000268-001,Qasim,O
000268-001,",",O
000268-001,sekalipun,O
000268-001,engkau,O
000268-001,berada,O
000268-001,di,O
000268-001,sini,O
000268-001,selama,O
000268-001,sebulan,O
000268-001,",",O
000268-001,mereka,O
000268-001,tak,O
000268-001,akan,O
000268-001,ambil,O
000268-001,pusing,O
000268-001,",",O
000268-001,sebab,O
000268-001,mereka,O
000268-001,mempunyai,O
000268-001,mata,O
000268-001,air,O
000268-001,dan,O
000268-001,cadangan,O
000268-001,minuman,O
000268-001,di,O
000268-001,bawah,O
000268-001,tanah,O
000268-001,.,O
000268-001,Mereka,O
000268-001,bisa,O
000268-001,pergi,O
000268-001,ke,O
000268-001,sana,O
000268-001,pada,O
000268-001,malam,O
000268-001,hari,O
000268-001,dan,O
000268-001,mengambil,O
000268-001,minum,O
000268-001,dari,O
000268-001,sana,O
000268-001,",",O
000268-001,lalu,O
000268-001,kembali,O
000268-001,lagi,O
000268-001,ke,O
000268-001,benteng,O
000268-001,untuk,O
000268-001,bertahan,O
000268-001,di,O
000268-001,sana,O
000268-001,.,O
000268-001,Jika,O
000268-001,engkau,O
000268-001,hendak,O
000268-001,memotong,O
000268-001,jalan,O
000268-001,mereka,O
000268-001,ke,O
000268-001,mata,O
000268-001,air,O
000268-001,",",O
000268-001,tentu,O
000268-001,mereka,O
000268-001,akan,O
000268-001,keluar,O
000268-001,untuk,O
000268-001,berhadapan,O
000268-001,denganmu,O
000268-001,".""",O
000268-001,Maka,O
000268-001,beliau,O
000268-001,memutuskan,O
000268-001,untuk,O
000268-001,menghadang,O
000268-001,jalan,O
000268-001,ke,O
000268-001,mata,O
000268-001,air,O
000268-001,ini,O
000268-001,.,O
000268-001,Karena,O
000268-001,itu,O
000268-001,",",O
000268-001,orang-orang,O
000268-001,Yahudi,O
000268-001,keluar,O
000268-001,bertempur,O
000268-001,hebat,O
000268-001,untuk,O
000268-001,mempertahankan,O
000268-001,mata,O
000268-001,air,O
000268-001,itu,O
000268-001,.,O
000268-001,Dalam,O
000268-001,pertempuran,O
000268-001,ini,O
000268-001,ada,O
000268-001,seorang,O
000268-001,Muslim,O
000268-001,yang,O
000268-001,menjadi,O
000268-001,korban,O
000268-001,",",O
000268-001,sedangkan,O
000268-001,dari,O
000268-001,pihak,O
000268-001,Yahudi,O
000268-001,ada,O
000268-001,sepuluh,O
000268-001,orang,O
000268-001,.,O
000268-001,Tak,O
000268-001,lama,O
000268-001,kemudian,O
000268-001,beliau,O
000268-001,dapat,O
000268-001,menaklukkan,O
000268-001,benteng,O
000268-001,ini,O
000270-002,Orang-orang,O
000270-002,Yahudi,O
000270-002,mengalami,O
000270-002,kekalahan,O
000270-002,secara,O
000270-002,telak,O
000270-002,.,O
000270-002,karena,O
000270-002,mereka,O
000270-002,sudah,O
000270-002,tidak,O
000270-002,memiliki,O
000270-002,jalan,O
000270-002,untuk,O
000270-002,menyelinap,O
000270-002,dari,O
000270-002,benteng,O
000270-002,ini,O
000270-002,seperti,O
000270-002,yang,O
000270-002,mereka,O
000270-002,lakukan,O
000270-002,ketika,O
000270-002,masih,O
000270-002,bertahan,O
000270-002,di,O
000270-002,benteng-benteng,O
000270-002,lain,O
000270-002,sebelumnya,O
000270-002,.,O
000270-002,Karena,O
000270-002,itu,O
000270-002,sebisa,O
000270-002,mungkin,O
000270-002,mereka,O
000270-002,melarikan,O
000270-002,diri,O
000270-002,bagi,O
000270-002,yang,O
000270-002,bisa,O
000270-002,melarikan,O
000270-002,diri,O
000270-002,",",O
000270-002,dan,O
000270-002,meninggalkan,O
000270-002,para,O
000270-002,wanita,O
000270-002,dan,O
000270-002,anak-anak,O
000270-002,menjadi,O
000270-002,tawanan,O
000270-002,orang-orang,O
000270-002,Muslim,O
000270-002,.,O
000270-002,Dengan,O
000270-002,ditaklukkanya,O
000270-002,benteng,O
000270-002,yang,O
000270-002,kokoh,O
000270-002,ini,O
000270-002,",",O
000270-002,maka,O
000270-002,tuntaslah,O
000270-002,sudah,O
000270-002,penaklukkan,O
000270-002,seluruh,O
000270-002,benteng,O
000270-002,Khaibar,B_LOCATION
000270-002,dalam,O
000270-002,paroh,O
000270-002,pertama,O
000270-002,yang,O
000270-002,yang,O
000270-002,berada,O
000270-002,di,O
000270-002,wilayah,O
000270-002,Nathat,O
000270-002,dan,O
000270-002,Asy-Syiq,O
000270-002,.,O
000270-002,Sebenarnya,O
000270-002,masih,O
000270-002,ada,O
000270-002,benteng-benteng,O
000270-002,lain,O
000270-002,yang,O
000270-002,lebih,O
000270-002,kecil,O
000270-002,.,O
000270-002,Tetapi,O
000270-002,dengan,O
000270-002,takluknya,O
000270-002,benteng,O
000270-002,An-Nizar,O
000270-002,ini,O
000270-002,",",O
000270-002,benteng,O
000270-002,benteng,O
000270-002,lain,O
000270-002,yang,O
000270-002,kecil,O
000270-002,langsung,O
000270-002,ditinggalkan,O
000270-002,begitu,O
000270-002,saja,O
000270-002,.,O
000270-002,Setelah,O
000270-002,itu,O
000270-002,mereka,O
000270-002,melarikan,O
000270-002,diri,O
000270-002,ke,O
000270-002,benteng,O
000270-002,paroh,O
000270-002,kedua,O
000270-002,di,O
000270-002,Khaibar,B_LOCATION
000270-002,.,O
000276-001,Seperti,O
000276-001,yang,O
000276-001,sudah,O
000276-001,disebutkan,O
000276-001,di,O
000276-001,atas,O
000276-001,",",O
000276-001,Shafiyah,O
000276-001,dikumpulkan,O
000276-001,bersama,O
000276-001,para,O
000276-001,tawanan,O
000276-001,setelah,O
000276-001,suaminya,O
000276-001,",",O
000276-001,Kinanah,B_PERSON
000276-001,bin,I_PERSON
000276-001,Abul,I_PERSON
000276-001,Huqaiq,I_PERSON
000276-001,",",O
000276-001,dibunuh,O
000276-001,karena,O
000276-001,berkhianat,O
000276-001,.,O
000276-001,Setelah,O
000276-001,semua,O
000276-001,tawanan,O
000276-001,dikumpulkan,O
000276-001,",",O
000276-001,Muncul,O
000276-001,Dihyah,B_PERSON
000276-001,bin,I_PERSON
000276-001,Khalifah,I_PERSON
000276-001,Al-Kalbi,O
000276-001,",",O
000276-001,seraya,O
000276-001,berkata,O
000276-001,",",O
000276-001,Wahai,O
000276-001,Nabi,O
000276-001,Allah,O
000276-001,",",O
000276-001,berikan,O
000276-001,kepadaku,O
000276-001,seorang,O
000276-001,tawanan,O
000276-001,wanita,O
000276-001,"!""",O
000276-001,Beliau,O
000276-001,bersabda,O
000276-001,",",O
000276-001,"""",O
000276-001,Pergilah,O
000276-001,dan,O
000276-001,ambilah,O
000276-001,"!""",O
000276-001,Setelah,O
000276-001,dia,O
000276-001,memilih,O
000276-001,Shafiyah,B_PERSON
000276-001,binti,I_PERSON
000276-001,Huyai,I_PERSON
000276-001,",",O
000276-001,ada,O
000276-001,seorang,O
000276-001,menemui,O
000276-001,Nabi,O
000276-001,seraya,O
000276-001,berkata,O
000276-001,",",O
000276-001,"""",O
000276-001,Wahai,O
000276-001,nabi,O
000276-001,Allah,O
000276-001,",",O
000276-001,apakah,O
000276-001,engkau,O
000276-001,menyerahkan,O
000276-001,Shafiyah,B_PERSON
000276-001,binti,I_PERSON
000276-001,Huyai,I_PERSON
000276-001,",",O
000276-001,putri,O
000276-001,pemimpin,O
000276-001,Quraizah,O
000276-001,dan,O
000276-001,Bani,O
000276-001,Nadhir,O
000276-001,kepada,O
000276-001,Dihyah,O
000276-001,?,O
000276-001,Shafiyah,O
000276-001,hanya,O
000276-001,pantas,O
000276-001,milik,O
000276-001,engkau,O
000276-001,".""""",O
000276-001,"""",O
000276-001,Kalau,O
000276-001,begitu,O
000276-001,panggil,O
000276-001,dia,O
000276-001,bersama,O
000276-001,Shafiyah,B_PERSON
000276-001,",""",O
000276-001,sabda,O
000276-001,beliau,O
000276-001,.,O
000276-001,Setelah,O
000276-001,Shafiyah,B_PERSON
000276-001,binti,I_PERSON
000276-001,Huyai,I_PERSON
000276-001,dihadirkan,O
000276-001,",",O
000276-001,beliau,O
000276-001,memandang,O
000276-001,dirinya,O
000276-001,",",O
000276-001,lalu,O
000276-001,bersabda,O
000276-001,kepada,O
000276-001,Dihyah,O
000276-001,",",O
000276-001,"""",O
000276-001,Ambilah,O
000276-001,tawanan,O
000276-001,wanita,O
000276-001,selainnya,O
000276-001,"!""",O
000276-001,Beliau,O
000276-001,menawarkan,O
000276-001,kepada,O
000276-001,Shafiyah,O
000276-001,agar,O
000276-001,masuk,O
000276-001,Islam,O
000276-001,",",O
000276-001,dan,O
000276-001,dia,O
000276-001,pun,O
000276-001,memenuhinya,O
000276-001,.,O
000276-001,Setelah,O
000276-001,memerdekakannya,O
000276-001,",",O
000276-001,beliau,O
000276-001,menikahinya,O
000276-001,.,O
000276-001,Ada,O
000276-001,pun,O
000276-001,mas,O
000276-001,kawinnya,O
000276-001,adalah,O
000276-001,pembebasan,O
000276-001,dirinya,O
000276-001,.,O
000276-001,Setiba,O
000276-001,di,O
000276-001,Ash-Shahba',I_PERSON
000276-001,dalam,O
000276-001,perjalanan,O
000276-001,ke,O
000276-001,Madinah,B_LOCATION
000276-001,",",O
000276-001,Ummu,B_PERSON
000276-001,Sulaim,I_PERSON
000276-001,merias,O
000276-001,Shafiyah,O
000276-001,",",O
000276-001,dan,O
000276-001,malam,O
000276-001,itu,O
000276-001,menjadi,O
000276-001,miliknya,O
000276-001,bersama,O
000276-001,beliau,O
000276-001,dan,O
000276-001,merupakan,O
000276-001,malam,O
000276-001,pengantinnya,O
000276-001,.,O
000276-001,Untuk,O
000276-001,acara,O
000276-001,walimah,O
000276-001,dihidangkan,O
000276-001,korma,O
000276-001,",",O
000276-001,makanan,O
000276-001,dari,O
000276-001,tepung,O
000276-001,",",O
000276-001,dan,O
000276-001,keju,O
000276-001,.,O
000276-001,Beliau,O
000276-001,berada,O
000276-001,di,O
000276-001,sana,O
000276-001,selama,O
000276-001,tiga,O
000276-001,hari,O
000276-001,.,O
000276-001,Pada,O
000276-001,saat-saat,O
000276-001,itu,O
000276-001,beliau,O
000276-001,melihat,O
000276-001,ada,O
000276-001,bilur-bilur,O
000276-001,warna,O
000276-001,biru,O
000276-001,membekas,O
000276-001,di,O
000276-001,wajah,O
000276-001,Shafiyah,B_PERSON
000276-001,.,O
000276-001,Beliau,O
000276-001,bertanya,O
000276-001,",",O
000276-001,"""",O
000276-001,Ada,O
000276-001,apa,O
000276-001,ini,O
000276-001,"?""",O
000276-001,Shafiyah,O
000276-001,menjawab,O
000276-001,",",O
000276-001,"""",O
000276-001,Wahai,O
000276-001,Rasulullah,B_PERSON
000276-001,",",O
000276-001,sebelum,O
000276-001,engkau,O
000276-001,mendatangi,O
000276-001,kami,O
000276-001,.,O
000276-001,aku,O
000276-001,bermimpi,O
000276-001,melihat,O
000276-001,bulan,O
000276-001,seakan-akan,O
000276-001,terlepas,O
000276-001,dari,O
000276-001,tempatnya,O
000276-001,dan,O
000276-001,jatuh,O
000276-001,di,O
000276-001,bilikku,O
000276-001,.,O
000277-001,Setelah,O
000277-001,Rasulullah,B_PERSON
000277-001,merasa,O
000277-001,tenang,O
000277-001,karena,O
000277-001,sudah,O
000277-001,bisa,O
000277-001,menaklukkan,O
000277-001,Khaibar,B_LOCATION
000277-001,",",O
000277-001,tiba-tiba,O
000277-001,muncul,O
000277-001,Zainab,B_PERSON
000277-001,binti,I_PERSON
000277-001,Al-Harits,I_PERSON
000277-001,",",O
000277-001,istri,O
000277-001,Sallam,B_PERSON
000277-001,bin,I_PERSON
000277-001,Misykam,I_PERSON
000277-001,di,O
000277-001,hadapan,O
000277-001,beliau,O
000277-001,sambil,O
000277-001,menyodorkan,O
000277-001,daging,O
000277-001,domba,O
000277-001,yang,O
000277-001,sudah,O
000277-001,dipanggang,O
000277-001,Sebelumnya,O
000277-001,Zainab,B_PERSON
000277-001,binti,I_PERSON
000277-001,Al-Harits,I_PERSON
000277-001,pernah,O
000277-001,menanyakan,O
000277-001,",",O
000277-001,bagian,O
000277-001,mana,O
000277-001,dari,O
000277-001,daging,O
000277-001,domba,O
000277-001,yang,O
000277-001,paling,O
000277-001,disukai,O
000277-001,Rasulullah,B_PERSON
000277-001,?,O
000277-001,Ada,O
000277-001,yang,O
000277-001,mengabarkan,O
000277-001,kepadanya,O
000277-001,bahwa,O
000277-001,beliau,O
000277-001,menyukai,O
000277-001,bagian,O
000277-001,paha,O
000277-001,.,O
000277-001,Maka,O
000277-001,dia,O
000277-001,menyusupkan,O
000277-001,racun,O
000277-001,lebih,O
000277-001,banyak,O
000277-001,ke,O
000277-001,bagian,O
000277-001,ini,O
000277-001,",",O
000277-001,lalu,O
000277-001,mengirimkannya,O
000277-001,.,O
000277-001,Setelah,O
000277-001,menerimanya,O
000277-001,",",O
000277-001,beliau,O
000277-001,menggigit,O
000277-001,untuk,O
000277-001,satu,O
000277-001,kunyahan,O
000277-001,",",O
000277-001,namun,O
000277-001,kemudian,O
000277-001,memuntahkannya,O
000277-001,lagi,O
000277-001,dan,O
000277-001,tidak,O
000277-001,menelannya,O
000277-001,.,O
000277-001,Beliau,O
000277-001,bersabda,O
000277-001,",",O
000277-001,Tulang,O
000277-001,ini,O
000277-001,mengabarkan,O
000277-001,kepadaku,O
000277-001,bahwa,O
000277-001,di,O
000277-001,dalam,O
000277-001,daging,O
000277-001,disusupi,O
000277-001,racun,O
000277-001,".""",O
000277-001,Kemudian,O
000277-001,beliau,O
000277-001,memerintahkan,O
000277-001,untuk,O
000277-001,memanggil,O
000277-001,Zainab,B_PERSON
000277-001,binti,I_PERSON
000277-001,Al-Harits,I_PERSON
000277-001,Setelah,O
000277-001,ditanya,O
000277-001,",",O
000277-001,dia,O
000277-001,mengakui,O
000277-001,perbuatannya,O
000277-001,.,O
000277-001,"""",O
000277-001,Apa,O
000277-001,yang,O
000277-001,mendorongmu,O
000277-001,berbuat,O
000277-001,seperti,O
000277-001,itu,O
000277-001,"?""",O
000277-001,Tanya,O
000277-001,beliau,O
000277-001,.,O
000277-001,Dia,O
000277-001,menjawab,O
000277-001,",",O
000277-001,"""",O
000277-001,Aku,O
000277-001,pernah,O
000277-001,berkata,O
000277-001,sendiri,O
000277-001,",",O
000277-001,Kalau,O
000277-001,memang,O
000277-001,Muhammad,B_PERSON
000277-001,seorang,O
000277-001,raja,O
000277-001,",",O
000277-001,maka,O
000277-001,aku,O
000277-001,ingin,O
000277-001,menghabisinya,O
000277-001,.,O
000277-001,Jika,O
000277-001,dia,O
000277-001,seorang,O
000277-001,Nabi,O
000277-001,tentu,O
000277-001,akan,O
000277-001,ada,O
000277-001,pemberitahuan,O
000277-001,kepadanya,O
000277-001,".""",O
000277-001,Setelah,O
000277-001,itu,O
000277-001,beliau,O
000277-001,meninggalkan,O
000277-001,wanita,O
000277-001,itu,O
000277-001,.,O
000277-001,Sementara,O
000277-001,saat,O
000277-001,itu,O
000277-001,ada,O
000277-001,Bisyr,B_PERSON
000277-001,bin,I_PERSON
000277-001,Al-Barra',I_PERSON
000277-001,bin,I_PERSON
000277-001,Ma'rur,I_PERSON
000277-001,yang,O
000277-001,juga,O
000277-001,mengambil,O
000277-001,daging,O
000277-001,tersebut,O
000277-001,",",O
000277-001,mengunyah,O
000277-001,dan,O
000277-001,menelannya,O
000277-001,",",O
000277-001,hingga,O
000277-001,dia,O
000277-001,meninggal,O
000277-001,karenanya,O
000277-001,.,O
000277-001,Ada,O
000277-001,beberapa,O
000277-001,riwayat,O
000277-001,yang,O
000277-001,berbeda,O
000277-001,",",O
000277-001,apakah,O
000277-001,wanita,O
000277-001,itu,O
000277-001,dilepas,O
000277-001,begitu,O
000277-001,saja,O
000277-001,ataukah,O
000277-001,dibunuh,O
000277-001,.,O
000277-001,Namun,O
000277-001,kemudian,O
000277-001,banyak,O
000277-001,yang,O
000277-001,sepakat,O
000277-001,bahwa,O
000277-001,memang,O
000277-001,wanita,O
000277-001,itu,O
000277-001,dilepas,O
000277-001,pada,O
000277-001,awal,O
000277-001,mulanya,O
000277-001,.,O
000277-001,Tetapi,O
000277-001,setelah,O
000277-001,Bisyr,O
000277-001,meninggal,O
000277-001,gara-gara,O
000277-001,memakan,O
000277-001,daging,O
000277-001,itu,O
000277-001,",",O
000277-001,maka,O
000277-001,wanita,O
000277-001,tersebut,O
000277-001,dibunuh,O
000277-001,sebagai,O
000277-001,qishash,O
000280-001,Setelah,O
000280-001,urusan,O
000280-001,Khaibar,B_LOCATION
000280-001,selesai,O
000280-001,",",O
000280-001,Rasulullah,B_PERSON
000280-001,mengalihkan,O
000280-001,sasaran,O
000280-001,ke,O
000280-001,Wadil,O
000280-001,Qura,O
000280-001,.,O
000280-001,Di,O
000280-001,sana,O
000280-001,ada,O
000280-001,segolongan,O
000280-001,orang-orang,O
000280-001,Yahudi,O
000280-001,yang,O
000280-001,hidup,O
000280-001,bersama,O
000280-001,segolongan,O
000280-001,orang-orang,O
000280-001,Arab,O
000280-001,.,O
000280-001,Saat,O
000280-001,orang-orang,O
000280-001,Muslim,O
000280-001,tiba,O
000280-001,di,O
000280-001,sana,O
000280-001,",",O
000280-001,orang-orang,O
000280-001,Yahudi,O
000280-001,menyambut,O
000280-001,mereka,O
000280-001,dengan,O
000280-001,lemparan,O
000280-001,anak,O
000280-001,panah,O
000280-001,",",O
000280-001,hingga,O
000280-001,mengenai,O
000280-001,seorang,O
000280-001,pembantu,O
000280-001,Rasulullah,B_PERSON
000280-001,hingga,O
000280-001,meninggal,O
000280-001,dunia,O
000280-001,.,O
000280-001,Orang-orang,O
000280-001,berkata,O
000280-001,",",O
000280-001,"""",O
000280-001,Selamat,O
000280-001,atas,O
000280-001,surga,O
000280-001,yang,O
000280-001,diperolehnya,O
000280-001,".""",O
000280-001,Beliau,O
000280-001,bersabda,O
000280-001,",",O
000280-001,Sama,O
000280-001,sekali,O
000280-001,tidak,O
000280-001,.,O
000280-001,Demi,O
000280-001,yang,O
000280-001,diriku,O
000280-001,ada,O
000280-001,di,O
000280-001,tangan-Nya,O
000280-001,mantel,O
000280-001,yang,O
000280-001,dia,O
000280-001,curi,O
000280-001,dari,O
000280-001,harta,O
000280-001,rampasan,O
000280-001,Khaibar,B_LOCATION
000280-001,",",O
000280-001,padahal,O
000280-001,dia,O
000280-001,tidak,O
000280-001,mendapat,O
000280-001,bagian,O
000280-001,dari,O
000280-001,harta,O
000280-001,rampasan,O
000280-001,itu,O
000280-001,",",O
000280-001,benar-benar,O
000280-001,menjadi,O
000280-001,api,O
000280-001,yang,O
000280-001,membakarnya,O
000280-001,".""",O
000280-001,Saat,O
000280-001,orang-orang,O
000280-001,mendengarkan,O
000280-001,sabda,O
000280-001,beliau,O
000280-001,ini,O
000280-001,",",O
000280-001,tiba-tiba,O
000280-001,muncul,O
000280-001,seseorang,O
000280-001,ke,O
000280-001,hadapan,O
000280-001,beliau,O
000280-001,sambil,O
000280-001,membawa,O
000280-001,satu,O
000280-001,atau,O
000280-001,dua,O
000280-001,tali,O
000280-001,terompah,O
000280-001,Beliau,O
000280-001,bersabda,O
000280-001,",",O
000280-001,"""",O
000280-001,Ini,O
000280-001,adalan,O
000280-001,terompah,O
000280-001,dari,O
000280-001,api,O
000280-001,233,O
000280-001,Sirah,O
000280-001,An-Nabawiyah,O
000280-001,",",O
000280-001,Ibnu,B_PERSON
000280-001,Hisyam,I_PERSON
000280-001,",",O
000280-001,2/337-353,O
000280-001,234,O
000280-001,Shahih,O
000280-001,Al-Bukhari,O
000280-001,",",O
000280-001,2/608,O
000280-001,.,O
000280-001,Nabi,O
000280-001,menyiapkan,O
000280-001,para,O
000280-001,sahabat,O
000280-001,untuk,O
000280-001,berperang,O
000280-001,dan,O
000280-001,membariskan,O
000280-001,mereka,O
000280-001,.,O
000280-001,Satu,O
000280-001,bendera,O
000280-001,diserahkan,O
000280-001,kepada,O
000280-001,Sa'd,B_PERSON
000280-001,bin,I_PERSON
000280-001,Ubadah,I_PERSON
000280-001,",",O
000280-001,satu,O
000280-001,bendera,O
000280-001,lagi,O
000280-001,diserahkan,O
000280-001,kepada,O
000280-001,Al-Hubab,B_PERSON
000280-001,bin,I_PERSON
000280-001,Al-Mundzir,I_PERSON
000280-001,dan,O
000280-001,satu,O
000280-001,bendera,O
000280-001,lagi,O
000280-001,diserahkan,O
000280-001,kepada,O
000280-001,kepada,O
000280-001,Abbad,B_PERSON
000280-001,bin,I_PERSON
000280-001,Bisyr,I_PERSON
000280-001,.,O
000280-001,Beliau,O
000280-001,menyeru,O
000280-001,agar,O
000280-001,mereka,O
000280-001,mau,O
000280-001,masuk,O
000280-001,Islam,O
000280-001,",",O
000280-001,namun,O
000280-001,mereka,O
000280-001,menolaknya,O
000280-001,.,O
000280-001,Muncul,O
000280-001,salah,O
000280-001,seorang,O
000280-001,dari,O
000280-001,mereka,O
000280-001,yang,O
000280-001,mengajak,O
000280-001,adu,O
000280-001,tanding,O
000280-001,.,O
000280-001,Az-Zubair,B_PERSON
000280-001,bin,I_PERSON
000280-001,Al-Awwam,I_PERSON
000280-001,melayani,O
000280-001,tantangannya,O
000280-001,dan,O
000280-001,dapat,O
000280-001,membunuhnya,O
000280-001,.,O
000280-001,Muncul,O
000280-001,orang,O
000280-001,kedua,O
000280-001,dari,O
000280-001,mereka,O
000280-001,dan,O
000280-001,akhirnya,O
000280-001,dapat,O
000280-001,dibunuh,O
000280-001,lagi,O
000280-001,oleh,O
000280-001,Az-Zubair,O
000280-001,.,O
000280-002,Muncul,O
000280-002,orang,O
000280-002,kedua,O
000280-002,dari,O
000280-002,mereka,O
000280-002,dan,O
000280-002,akhirnya,O
000280-002,dapat,O
000280-002,dibunuh,O
000280-002,lagi,O
000280-002,oleh,O
000280-002,Az-Zubair,O
000280-002,.,O
000280-002,Orang,O
000280-002,ketiga,O
000280-002,dilayani,O
000280-002,oleh,O
000280-002,Ali,B_PERSON
000280-002,bin,I_PERSON
000280-002,Abu,I_PERSON
000280-002,Thalib,I_PERSON
000280-002,dan,O
000280-002,dapat,O
000280-002,dibunuhnya,O
000280-002,",",O
000280-002,hingga,O
000280-002,ada,O
000280-002,sebelas,O
000280-002,orang,O
000280-002,di,O
000280-002,antara,O
000280-002,mereka,O
000280-002,yang,O
000280-002,semuanya,O
000280-002,dapat,O
000280-002,dibunuh,O
000280-002,.,O
000280-002,Setiap,O
000280-002,kali,O
000280-002,ada,O
000280-002,satu,O
000280-002,orang,O
000280-002,di,O
000280-002,antara,O
000280-002,mereka,O
000280-002,yang,O
000280-002,dapat,O
000280-002,dibunuh,O
000280-002,",",O
000280-002,maka,O
000280-002,sisanya,O
000280-002,diseru,O
000280-002,untuk,O
000280-002,masuk,O
000280-002,Islam,O
000280-002,.,O
000280-002,Saat,O
000280-002,itu,O
000280-002,tiba,O
000280-002,waktu,O
000280-002,shalat,O
000280-002,.,O
000280-002,Maka,O
000280-002,beliau,O
000280-002,melaksanakan,O
000280-002,shalat,O
000280-002,bersama,O
000280-002,para,O
000280-002,sahabat,O
000280-002,.,O
000280-002,Setelah,O
000280-002,selesai,O
000280-002,shalat,O
000280-002,",",O
000280-002,beliau,O
000280-002,kembali,O
000280-002,menyeru,O
000280-002,mereka,O
000280-002,lagi,O
000280-002,agar,O
000280-002,mau,O
000280-002,masuk,O
000280-002,Islam,O
000280-002,",",O
000280-002,mengajak,O
000280-002,kepada,O
000280-002,Allah,O
000280-002,dan,O
000280-002,Rasul-Nya,O
000280-002,.,O
000280-002,Tetapi,O
000280-002,mereka,O
000280-002,tetap,O
000280-002,menolak,O
000280-002,.,O
000280-002,Pertempuran,O
000280-002,berjalan,O
000280-002,terus,O
000280-002,hingga,O
000280-002,sore,O
000280-002,hari,O
000280-002,.,O
000280-002,Esok,O
000280-002,paginya,O
000280-002,selagi,O
000280-002,matahari,O
000280-002,belum,O
000280-002,naik,O
000280-002,sepenggalah,O
000280-002,",",O
000280-002,mereka,O
000280-002,sudah,O
000280-002,menyerah,O
000280-002,.,O
000280-002,Beliau,O
000280-002,dapat,O
000280-002,menaklukkan,O
000280-002,mereka,O
000280-002,dengan,O
000280-002,cara,O
000280-002,damai,O
000280-002,.,O
000280-002,Cukup,O
000280-002,banyak,O
000280-002,harta,O
000280-002,rampasan,O
000280-002,yang,O
000280-002,diperoleh,O
000280-002,dari,O
000280-002,mereka,O
000280-002,Rasulullah,B_PERSON
000280-002,di,O
000280-002,Wadil,O
000280-002,Qura,O
000280-002,selama,O
000280-002,empat,O
000280-002,hari,O
000280-002,",",O
000280-002,dan,O
000280-002,membagi,O
000280-002,harta,O
000280-002,rampasan,O
000280-002,di,O
000280-002,antara,O
000280-002,para,O
000280-002,sahabat,O
000280-002,.,O
000280-002,Sedangkan,O
000280-002,tanahnya,O
000280-002,diserahkan,O
000280-002,kepada,O
000280-002,penduduk,O
000280-002,Wadil,O
000280-002,Qura,O
000280-002,untuk,O
000280-002,diolah,O
000280-002,",",O
000280-002,seperti,O
000280-002,yang,O
000280-002,diberlakukan,O
000280-002,terhadap,O
000280-002,penduduk,O
000281-001,Tatkala,O
000281-001,orang-orang,O
000281-001,Yahudi,O
000281-001,Taima',O
000281-001,mendengar,O
000281-001,kabar,O
000281-001,tentang,O
000281-001,penduduk,O
000281-001,Khaibar,B_LOCATION
000281-001,yang,O
000281-001,menyerah,O
000281-001,",",O
000281-001,kemudian,O
000281-001,disusul,O
000281-001,penduduk,O
000281-001,Fadak,O
000281-001,dan,O
000281-001,Wadil,O
000281-001,Qura,O
000281-001,",",O
000281-001,mereka,O
000281-001,tidak,O
000281-001,berani,O
000281-001,menunjukkan,O
000281-001,perlawanan,O
000281-001,terhadap,O
000281-001,orang-orang,O
000281-001,Muslim,O
000281-001,Mereka,O
000281-001,mengirimkan,O
000281-001,utusan,O
000281-001,untuk,O
000281-001,menawarkan,O
000281-001,perjanjian,O
000281-001,damai,O
000281-001,.,O
000281-001,Rasulullah,B_PERSON
000281-001,menerima,O
000281-001,tawaran,O
000281-001,ini,O
000281-001,.,O
000281-001,Isi,O
000281-001,perjanjian,O
000281-001,dituangkan,O
000281-001,dalam,O
000281-001,sebuah,O
000281-001,tulisan,O
000281-001,",",O
000281-001,yang,O
000281-001,isinya,O
000281-001,:,O
000281-001,"""",O
000281-001,Inilah,O
000281-001,perjanjian,O
000281-001,Muhammad,B_PERSON
000281-001,Rasul,O
000281-001,Allah,O
000281-001,dengan,O
000281-001,Bani,O
000281-001,Adi,O
000281-001,",",O
000281-001,bahwa,O
000281-001,mereka,O
000281-001,mendapat,O
000281-001,jaminan,O
000281-001,sebagai,O
000281-001,ahli,O
000281-001,dzimmah,O
000281-001,",",O
000281-001,mereka,O
000281-001,harus,O
000281-001,menyerahkan,O
000281-001,jizyah,O
000281-001,",",O
000281-001,tidak,O
000281-001,ada,O
000281-001,permusuhan,O
000281-001,dan,O
000281-001,kepindahan,O
000281-001,ke,O
000281-001,tempat,O
000281-001,lain,O
000281-001,".""",O
000281-001,Yang,O
000281-001,bertugas,O
000281-001,menulis,O
000281-001,surat,O
000281-001,perjanjian,O
000281-001,ini,O
000281-001,adalah,O
000281-001,Khalid,B_PERSON
000281-001,bin,I_PERSON
000281-001,Sa'id,I_PERSON
000281-001,.,O
000281-001,235,O
000281-001,Zadul,O
000281-001,Ma'ad,O
000281-001,",",O
000281-001,2/146-147,O
000281-001,.,O
000311-001,Saat,O
000311-001,Rasulullah,B_PERSON
000311-001,sedang,O
000311-001,duduk,O
000311-001,di,O
000311-001,dalam,O
000311-001,masjid,O
000311-001,",",O
000311-001,Ali,B_PERSON
000311-001,bin,I_PERSON
000311-001,Abu,I_PERSON
000311-001,Thalib,I_PERSON
000311-001,menghampiri,O
000311-001,beliau,O
000311-001,sambil,O
000311-001,memegang,O
000311-001,kunci,O
000311-001,Ka'bah,B_LOCATION
000311-001,dan,O
000311-001,berkata,O
000311-001,",",O
000311-001,"""",O
000311-001,Wahai,O
000311-001,Rasulullah,B_PERSON
000311-001,",",O
000311-001,serahkanlah,O
000311-001,kewenangan,O
000311-001,menjaga,O
000311-001,Ka'bah,B_LOCATION
000311-001,kepada,O
000311-001,kami,O
000311-001,bersama,O
000311-001,kewenangan,O
000311-001,memberi,O
000311-001,minum,O
000311-001,kepada,O
000311-001,orang-orang,O
000311-001,yang,O
000311-001,haji,O
000311-001,.,O
000311-001,Shalawat,O
000311-001,Allah,O
000311-001,semoga,O
000311-001,dilimpahkan,O
000311-001,kepada,O
000311-001,engkau,O
000311-001,".""",O
000311-001,Dalam,O
000311-001,suatu,O
000311-001,riwayat,O
000311-001,disebutkan,O
000311-001,bahwa,O
000311-001,yang,O
000311-001,berkata,O
000311-001,seperti,O
000311-001,itu,O
000311-001,adalah,O
000311-001,Al-Abbas,B_PERSON
000311-001,.,O
000311-001,Beliau,O
000311-001,bertanya,O
000311-001,",",O
000311-001,Mana,O
000311-001,Utsman,B_PERSON
000311-001,bin,I_PERSON
000311-001,Thalhah,I_PERSON
000311-001,"?""",O
000311-001,Setelah,O
000311-001,Utsman,B_PERSON
000311-001,bin,I_PERSON
000311-001,Thalhah,I_PERSON
000311-001,dipanggil,O
000311-001,dan,O
000311-001,menghadap,O
000311-001,",",O
000311-001,beliau,O
000311-001,bersabda,O
000311-001,.,O
000311-001,"""",O
000311-001,Inilah,O
000311-001,kuncimu,O
000311-001,wahai,O
000311-001,Utsman,B_PERSON
000311-001,.,O
000311-001,Hari,O
000311-001,ini,O
000311-001,adalah,O
000311-001,untuk,O
000311-001,berbuat,O
000311-001,kebaikan,O
000311-001,dan,O
000311-001,pemenuhan,O
000311-001,janji,O
000311-001,".""",O
000311-001,Dalam,O
000311-001,riwayat,O
000311-001,Ibnu,B_PERSON
000311-001,Sa'd,I_PERSON
000311-001,di,O
000311-001,dalam,O
000311-001,Ath-Thabaqat,O
000311-001,",",O
000311-001,disebutkan,O
000311-001,bahwa,O
000311-001,beliau,O
000311-001,bersabda,O
000311-001,saat,O
000311-001,menyerahkan,O
000311-001,kunci,O
000311-001,kepada,O
000311-001,Utsman,B_PERSON
000311-001,bin,I_PERSON
000311-001,Thalhah,I_PERSON
000311-001,",",O
000311-001,"""",O
000311-001,Ambillah,O
000311-001,kunci,O
000311-001,ini,O
000311-001,sebagai,O
000311-001,pusaka,O
000311-001,yang,O
000311-001,abadi,O
000311-001,.,O
000311-001,Tidak,O
000311-001,ada,O
000311-001,yang,O
000311-001,merampasnya,O
000311-001,dari,O
000311-001,kalian,O
000311-001,kecuali,O
000311-001,orang,O
000311-001,yang,O
000311-001,zhalim,O
000311-001,.,O
000311-001,Wahai,O
000311-001,Utsman,B_PERSON
000311-001,",",O
000311-001,sesungguhnya,O
000311-001,Allah,O
000311-001,menyerahkan,O
000311-001,keamanan,O
000311-001,Rumah-Nya,O
000311-001,kepada,O
000311-001,kalian,O
000311-001,.,O
000311-001,Ambillah,O
000311-001,dari,O
000311-001,apa,O
000311-001,yang,O
000311-001,diberikan,O
000311-001,kepada,O
000311-001,kalian,O
000311-001,dari,O
000311-001,rumah,O
000311-001,ini,O
000311-001,dengan,O
000311-001,cara,O
000311-001,yang,O
000311-001,ma'ruf,O
000311-001,".""",O
000315-001,Shafwan,O
000315-001,termasuk,O
000315-001,orang,O
000315-001,yang,O
000315-001,tidak,O
000315-001,dijatuhi,O
000315-001,hukuman,O
000315-001,mati,O
000315-001,.,O
000315-001,Tetapi,O
000315-001,sebagai,O
000315-001,pemimpin,O
000315-001,Quraisy,O
000315-001,yang,O
000315-001,besar,O
000315-001,",",O
000315-001,dia,O
000315-001,merasa,O
000315-001,takut,O
000315-001,terhadap,O
000315-001,keselamatan,O
000315-001,dirinya,O
000315-001,.,O
000315-001,Karena,O
000315-001,itu,O
000315-001,dia,O
000315-001,melarikan,O
000315-001,diri,O
000315-001,.,O
000315-001,Umair,B_PERSON
000315-001,bin,I_PERSON
000315-001,Al-Wahb,I_PERSON
000315-001,Al-Jumahi,O
000315-001,memintakan,O
000315-001,perlindungan,O
000315-001,bagi,O
000315-001,dirinya,O
000315-001,kepada,O
000315-001,Rasulullah,B_PERSON
000315-001,",",O
000315-001,dan,O
000315-001,beliau,O
000315-001,memberikannya,O
000315-001,Bahkan,O
000315-001,beliau,O
000315-001,memberinya,O
000315-001,kain,O
000315-001,kerudung,O
000315-001,kepala,O
000315-001,yang,O
000315-001,beliau,O
000315-001,pakai,O
000315-001,saat,O
000315-001,memasuki,O
000315-001,Makkah,B_LOCATION
000315-001,.,O
000315-001,Umair,O
000315-001,segera,O
000315-001,menyusul,O
000315-001,Shafwan,O
000315-001,yang,O
000315-001,saat,O
000315-001,itu,O
000315-001,sudah,O
000315-001,bersiap-siap,O
000315-001,naik,O
000315-001,perahu,O
000315-001,dari,O
000315-001,Jiddah,O
000315-001,dengan,O
000315-001,tujuan,O
000315-001,Yaman,B_LOCATION
000315-001,.,O
000315-001,"""",O
000315-001,Beri,O
000315-001,aku,O
000315-001,kesempatan,O
000315-001,dua,O
000315-001,bulan,O
000315-001,untuk,O
000315-001,mengambil,O
000315-001,keputusan,O
000315-001,",""",O
000315-001,kata,O
000315-001,Shafwan,O
000315-001,.,O
000315-001,"""",O
000315-001,Bahkan,O
000315-001,engkau,O
000315-001,diberi,O
000315-001,kesempatan,O
000315-001,selama,O
000315-001,empat,O
000315-001,bulan,O
000315-001,",""",O
000315-001,kata,O
000315-001,Umair,O
000315-001,.,O
000315-001,Kemudian,O
000315-001,Shafwan,O
000315-001,masuk,O
000315-001,Islam,O
000315-001,.,O
000315-001,Sedangkan,O
000315-001,istrinya,O
000315-001,sudah,O
000315-001,masuk,O
000315-001,Islam,O
000315-001,lebih,O
000315-001,dahulu,O
000315-001,.,O
000315-001,Beliau,O
000315-001,mengesahkan,O
000315-001,keduanya,O
000315-001,berdasarkan,O
000315-001,pernikahan,O
000315-001,yang,O
000315-001,pertama,O
000315-001,.,O
000315-001,Sementara,O
000315-001,Fadhalah,O
000315-001,adalah,O
000315-001,orang,O
000315-001,yang,O
000315-001,pemberani,O
000315-001,.,O
000315-001,Dia,O
000315-001,langsung,O
000315-001,menemui,O
000315-001,Rasulullah,B_PERSON
000315-001,dan,O
000315-001,secara,O
000315-001,diam-diam,O
000315-001,hendak,O
000315-001,membunuh,O
000315-001,beliau,O
000315-001,yang,O
000315-001,sedang,O
000315-001,thawaf,O
000315-001,.,O
000315-001,Setelah,O
000315-001,saling,O
000315-001,berhadapan,O
000315-001,",",O
000315-001,beliau,O
000315-001,mengetahui,O
000315-001,apa,O
000315-001,yang,O
000315-001,terbetik,O
000315-001,dalam,O
000315-001,hatinya,O
000315-001,dan,O
000315-001,beliau,O
000315-001,justru,O
000315-001,mengungkapkan,O
000315-001,hal,O
000315-001,ini,O
000315-001,kepadanya,O
000315-001,.,O
000315-001,Maka,O
000315-001,seketika,O
000315-001,itu,O
000315-001,pula,O
000315-001,Fadhalah,O
000315-001,masuk,O
000315-001,Islam,O
000315-001,.,O
000320-006,322-351,O
000320-006,.,O
000320-006,Kekuasaan,O
000320-006,yang,O
000320-006,sudah,O
000320-006,terpegang,O
000320-006,di,O
000320-006,tangan,O
000320-006,ini,O
000320-006,benar-benar,O
000320-006,membantu,O
000320-006,untuk,O
000320-006,menguasai,O
000320-006,keadaan,O
000320-006,.,O
000320-006,Tidak,O
000320-006,ada,O
000320-006,pilihan,O
000320-006,bagi,O
000320-006,kaum,O
000320-006,Arab,O
000320-006,kecuali,O
000320-006,mengirim,O
000320-006,utusan,O
000320-006,kepada,O
000320-006,Rasulullah,B_PERSON
000320-006,",",O
000320-006,lalu,O
000320-006,mereka,O
000320-006,menyatakan,O
000320-006,kesediaan,O
000320-006,untuk,O
000320-006,masuk,O
000320-006,Islam,O
000320-006,dan,O
000320-006,menyebarkan,O
000320-006,dakwahnya,O
000320-006,ke,O
000320-006,seluruh,O
000320-006,dunia,O
000320-006,.,O
000320-006,Misi,O
000320-006,dakwah,O
000320-006,ke,O
000320-006,seluruh,O
000320-006,dunia,O
000320-006,ini,O
000320-006,dapat,O
000320-006,ditempuh,O
000320-006,selama,O
000320-006,dua,O
000320-006,tahun,O
000320-006,setelah,O
000320-006,itu,O
000320-006,Tempat,O
000320-006,Shuluh,O
000320-006,Al-Hudaibiyah,O
000343-001,Begitulah,O
000343-001,informasi,O
000343-001,yang,O
000343-001,masih,O
000343-001,simpang,O
000343-001,siur,O
000343-001,yang,O
000343-001,diterima,O
000343-001,orang-,O
000343-001,orang,O
000343-001,Muslim,O
000343-001,dan,O
000343-001,gambaran,O
000343-001,keadaan,O
000343-001,mereka,O
000343-001,saat,O
000343-001,itu,O
000343-001,",",O
000343-001,hingga,O
000343-001,kemudian,O
000343-001,ada,O
000343-001,serombongan,O
000343-001,orang,O
000343-001,yang,O
000343-001,datang,O
000343-001,dari,O
000343-001,Syam,B_LOCATION
000343-001,ke,O
000343-001,Madinah,B_LOCATION
000343-001,sambil,O
000343-001,membawa,O
000343-001,minyak,O
000343-001,.,O
000343-001,Mereka,O
000343-001,mengabarkan,O
000343-001,bahwa,O
000343-001,Heraklius,B_PERSON
000343-001,sudah,O
000343-001,menyiapkan,O
000343-001,segelar,O
000343-001,pasukan,O
000343-001,yang,O
000343-001,amat,O
000343-001,besar,O
000343-001,",",O
000343-001,berkekuatan,O
000343-001,40.000,O
000343-001,prajurit,O
000343-001,",",O
000343-001,yang,O
000343-001,dipimpin,O
000343-001,salah,O
000343-001,seorang,O
000343-001,pembesar,O
000343-001,Romawi,O
000343-001,.,O
000343-001,Beberapa,O
000343-001,kabilah,O
000343-001,juga,O
000343-001,bergabung,O
000343-001,bersama,O
000343-001,mereka,O
000343-001,seperti,O
000343-001,kabilah,O
000343-001,Lakhm,O
000343-001,",",O
000343-001,Judzam,O
000343-001,",",O
000343-001,dan,O
000343-001,lain-lainnya,O
000343-001,dari,O
000343-001,kabilah-kabilah,O
000343-001,Arab,O
000343-001,yang,O
000343-001,beragama,O
000343-001,Nashrani,O
000343-001,.,O
000343-001,Pasukan,O
000343-001,mereka,O
000343-001,yang,O
000343-001,terdepan,O
000343-001,sudah,O
000343-001,tiba,O
000343-001,di,O
000343-001,Balqa',O
000343-001,.,O
000343-001,Begitulah,O
000343-001,keadaan,O
000343-001,yang,O
000343-001,cukup,O
000343-001,rawan,O
000343-001,",",O
000343-001,yang,O
000343-001,harus,O
000343-001,dihadapi,O
000343-001,orang-orang,O
000343-001,Muslim,O
000343-001,.,O
000343-001,Keadaan,O
000343-001,ini,O
000343-001,semakin,O
000343-001,diperparah,O
000343-001,karena,O
000343-001,saat,O
000343-001,itu,O
000343-001,bertepatan,O
000343-001,dengan,O
000343-001,musim,O
000343-001,kemarau,O
000343-001,yang,O
000343-001,amat,O
000343-001,panas,O
000343-001,dan,O
000343-001,kering,O
000343-001,.,O
000343-001,Orang-orang,O
000343-001,menghadapi,O
000343-001,keadaan,O
000343-001,yang,O
000343-001,lebih,O
000343-001,sulit,O
000343-001,dan,O
000343-001,jarang-jarang,O
000343-001,menampakkan,O
000343-001,diri,O
000343-001,.,O
000343-001,Sementara,O
000343-001,buah-buah,O
000343-001,juga,O
000343-001,mulai,O
000343-001,masak,O
000343-001,",",O
000343-001,sehingga,O
000343-001,mereka,O
000343-001,lebih,O
000343-001,suka,O
000343-001,berada,O
000343-001,di,O
000343-001,kebun,O
000343-001,buah-buahan,O
000343-001,dan,O
000343-001,keteduhan,O
000343-001,pepohonannya,O
000343-001,.,O
000343-001,Jarak,O
000343-001,yang,O
000343-001,harus,O
000343-001,mereka,O
000343-001,tempuh,O
000343-001,jika,O
000343-001,harus,O
000343-001,berperang,O
000343-001,juga,O
000343-001,amat,O
000343-001,jauh,O
000343-001,lagi,O
000343-001,sulit,O
000343-001,.,O
