text_id,token,label
000048-006,Allah,O
000048-006,berfirman,O
000048-006,",",O
000048-006,"""",O
000048-006,Maka,O
000048-006,mereka,O
000048-006,menginginkan,O
000048-006,supaya,O
000048-006,kamu,O
000048-006,bersikap,O
000048-006,lunak,O
000048-006,lalu,O
000048-006,mereka,O
000048-006,bersikap,O
000048-006,lunak,O
000048-006,(,O
000048-006,pula,O
000048-006,kepadamu,O
000048-006,).,O
000048-006,"""",O
000048-006,(,O
000048-006,Al-Qalam,O
000048-006,:,O
000048-006,9,O
000048-006,),O
000048-006,Ada,O
000048-006,riwayat,O
000048-006,Ibnu,B_PERSON
000048-006,Jarir,I_PERSON
000048-006,dan,O
000048-006,Ath-Thabarani,O
000048-006,yang,O
000048-006,menyebutkan,O
000048-006,bahwa,O
000048-006,orang-,O
000048-006,orang,O
000048-006,musyrik,O
000048-006,menawarkan,O
000048-006,kepada,O
000048-006,Rasulullah,B_PERSON
000048-006,",",O
000048-006,agar,O
000048-006,beliau,O
000048-006,menyembah,O
000048-006,sesembahan,O
000048-006,mereka,O
000048-006,selama,O
000048-006,setahun,O
000048-006,dan,O
000048-006,mereka,O
000048-006,menyembah,O
000048-006,Rabb,O
000048-006,beliau,O
000048-006,selama,O
000048-006,setahun,O
000048-006,kemudian,O
000048-006,.,O
000048-006,Riwayat,O
000048-006,lain,O
000048-006,menutur,O
000048-006,Abd,B_PERSON
000048-006,bin,I_PERSON
000048-006,Humaid,I_PERSON
000048-006,menyebutkan,O
000048-006,bahwa,O
000048-006,mereka,O
000048-006,berkata,O
000048-006,",""",O
000048-006,Andaikan,O
000048-006,engkau,O
000048-006,mau,O
000048-006,menerima,O
000048-006,sesembahan,O
000048-006,kami,O
000048-006,.,O
000048-006,kami,O
000048-006,pun,O
000048-006,mau,O
000048-006,menyembah,O
000048-006,Ibnu,B_PERSON
000048-006,Ishaq,I_PERSON
000048-006,meriwayatkan,O
000048-006,dengan,O
000048-006,sanadnya,O
000048-006,",",O
000048-006,dia,O
000048-006,berkata,O
000048-006,",",O
000048-006,Selagi,O
000048-006,Rasulullah,B_PERSON
000048-006,74,O
000048-006,Sirah,O
000048-006,An-Nabawiyah,O
000048-006,",",O
000048-006,Ibnu,B_PERSON
000048-006,Hisyam,I_PERSON
000048-006,",",O
000048-006,1/299-300,O
000048-006,",",O
000048-006,358,O
000048-006,;,O
000048-006,Mukhtashar,O
000048-006,Siratir-Rasul,O
000048-006,",",O
000048-006,Syaikh,O
000048-006,Abdullah,O
000048-006,An-Najdi,O
000048-006,",",O
000048-006,hal,O
000048-006,.,O
000048-006,117-118,O
000048-006,.,O
000048-006,75,O
000048-006,Tafhimul-Qur'an,O
000048-006,",",O
000048-006,6/501,O
000048-006,.,O
000048-006,sedang,O
000048-006,thawaf,O
000048-006,di,O
000048-006,Ka'bah,B_LOCATION
000048-006,",",O
000048-006,beliau,O
000048-006,berpapasan,O
000048-006,dengan,O
000048-006,Al-Aswad,B_PERSON
000048-006,bin,I_PERSON
000048-006,Al-Muththalib,I_PERSON
000048-006,bin,I_PERSON
000048-006,Asad,I_PERSON
000048-006,bin,I_PERSON
000048-006,Abdul,I_PERSON
000048-006,Uzza,I_PERSON
000048-006,dan,O
000048-006,Al-Walid,B_PERSON
000048-006,bin,I_PERSON
000048-006,Al-Mughirah,I_PERSON
000048-006,bin,I_PERSON
000048-006,Khalaf,I_PERSON
000048-006,dan,O
000048-006,Al-Ash,B_PERSON
000048-006,bin,I_PERSON
000048-006,Wa'il,I_PERSON
000048-006,As-Sahmi,O
000048-006,",",O
000048-006,yang,O
000048-006,mereka,O
000048-006,ini,O
000048-006,adalah,O
000048-006,para,O
000048-006,tetua,O
000048-006,kaumnya,O
000048-006,.,O
000048-006,Mereka,O
000048-006,berkata,O
000048-006,",",O
000048-006,"""",O
000048-006,Wahai,O
000048-006,Muhammad,B_PERSON
000048-006,",",O
000048-006,kesinilah,O
000048-006,!,O
000048-006,Kami,O
000048-006,mau,O
000048-006,menyembah,O
000048-006,apa,O
000048-006,yang,O
000048-006,engkau,O
000048-006,sembah,O
000048-006,dan,O
000048-006,engkau,O
000048-006,juga,O
000048-006,harus,O
000048-006,menyembah,O
000048-006,apa,O
000048-006,yang,O
000048-006,kami,O
000048-006,sembah,O
000048-006,.,O
000048-006,sehingga,O
000048-006,kita,O
000048-006,bisa,O
000048-006,saling,O
000048-006,bersekutu,O
000048-006,dalam,O
000048-006,masalah,O
000048-006,ini,O
000048-006,.,O
000048-006,Jika,O
000048-006,apa,O
000048-006,yang,O
000048-006,engkau,O
000048-006,sembah,O
000048-006,ternyata,O
000048-006,lebih,O
000048-006,baik,O
000048-006,dari,O
000048-006,apa,O
000048-006,yang,O
000048-006,kami,O
000048-006,sembah,O
000048-006,",",O
000048-006,maka,O
000048-006,kami,O
000048-006,boleh,O
000048-006,melepas,O
000048-006,apa,O
000048-006,yang,O
000048-006,seharusnya,O
000048-006,menjadi,O
000048-006,bagian,O
000048-006,kami,O
000048-006,",",O
000048-006,dan,O
000048-006,jika,O
000048-006,apa,O
000048-006,yang,O
000048-006,kami,O
000048-006,sembah,O
000048-006,ternyata,O
000048-006,lebih,O
000048-006,baik,O
000048-006,dari,O
000048-006,apa,O
000048-006,yang,O
000048-006,engkau,O
000048-006,sembah,O
000048-006,",",O
000048-006,maka,O
000048-006,engkau,O
000048-006,harus,O
000048-006,melepas,O
000048-006,bagianmu,O
000048-006,".""",O
000048-006,Lalu,O
000048-006,Allah,O
000048-006,menurunkan,O
000048-006,surah,O
000048-006,Al-Kafirun,O
000048-006,.,O
000051-003,Rasulullah,B_PERSON
000051-003,sudah,O
000051-003,tahu,O
000051-003,bahwa,O
000051-003,Ashhamah,O
000051-003,An-Najasyi,B_PERSON
000051-003,",",O
000051-003,raja,O
000051-003,yang,O
000051-003,berkuasa,O
000051-003,di,O
000051-003,Habasyah,B_LOCATION
000051-003,adalah,O
000051-003,seorang,O
000051-003,raja,O
000051-003,yang,O
000051-003,adil,O
000051-003,",",O
000051-003,tak,O
000051-003,bakal,O
000051-003,ada,O
000051-003,seorang,O
000051-003,pun,O
000051-003,yang,O
000051-003,teraniaya,O
000051-003,di,O
000051-003,sisinya,O
000051-003,.,O
000051-003,Oleh,O
000051-003,karena,O
000051-003,itu,O
000051-003,beliau,O
000051-003,memerintahkan,O
000051-003,agar,O
000051-003,beberapa,O
000051-003,orang,O
000051-003,Muslim,O
000051-003,hijrah,O
000051-003,ke,O
000051-003,Habasyah,B_LOCATION
000051-003,",",O
000051-003,melepaskan,O
000051-003,diri,O
000051-003,dari,O
000051-003,cobaan,O
000051-003,sambil,O
000051-003,membawa,O
000051-003,agamanya,O
000051-003,.,O
000051-003,Pada,O
000051-003,bulan,B_TIME
000051-003,Rajab,I_TIME
000051-003,tahun,O
000051-003,kelima,O
000051-003,dari,O
000051-003,nubuwah,O
000051-003,",",O
000051-003,sekelompok,O
000051-003,sahabat,O
000051-003,hijrah,O
000051-003,yang,O
000051-003,pertama,O
000051-003,kali,O
000051-003,ke,O
000051-003,Habasyah,B_LOCATION
000051-003,",",O
000051-003,terdiri,O
000051-003,dari,O
000051-003,dua,O
000051-003,belas,O
000051-003,orang,O
000051-003,laki-laki,O
000051-003,dan,O
000051-003,empat,O
000051-003,orang,O
000051-003,wanita,O
000051-003,",",O
000051-003,yang,O
000051-003,dipimpin,O
000051-003,Utsman,B_PERSON
000051-003,bin,I_PERSON
000051-003,Affan,I_PERSON
000051-003,.,O
000051-003,Dalam,O
000051-003,rombongan,O
000051-003,ini,O
000051-003,ikut,O
000051-003,pula,O
000051-003,Sayyidah,O
000051-003,Ruqayyah,O
000051-003,",",O
000051-003,putri,O
000051-003,Rasulullah,B_PERSON
000051-003,.,O
000051-003,Beliau,O
000051-003,bersabda,O
000051-003,tentang,O
000051-003,keduanya,O
000051-003,",",O
000051-003,"""",O
000051-003,Mereka,O
000051-003,berdua,O
000051-003,adalah,O
000051-003,penduduk,O
000051-003,Baitul-Haram,B_LOCATION
000051-003,pertama,O
000051-003,yang,O
000051-003,hijrah,O
000051-003,di,O
000051-003,jalan,O
000051-003,Allah,O
000051-003,setelah,O
000051-003,Ibrahim,B_PERSON
000051-003,dan,O
000051-003,83,O
000051-003,Mukhashar,O
000051-003,Siratir-Rasul,O
000051-003,",",O
000051-003,Syaikh,O
000051-003,Abdullah,O
000051-003,An-Najdi,O
000051-003,",",O
000051-003,hal,O
000051-003,.,O
000051-003,92-93,O
000051-003,;,O
000051-003,Zadul-Ma'd,O
000051-003,",",O
000051-003,1/24,O
000051-003,;,O
000051-003,Rahmah,O
000051-003,Lil-,O
000051-003,'alamin,O
000051-003,",",O
000051-003,1/61,O
000051-003,.,O
000051-003,Dengan,O
000051-003,berjalan,O
000051-003,mengendap-ngendap,O
000051-003,di,O
000051-003,tengah,O
000051-003,malam,O
000051-003,",",O
000051-003,mereka,O
000051-003,pergi,O
000051-003,menuju,O
000051-003,pinggir,O
000051-003,pantai,O
000051-003,",",O
000051-003,agar,O
000051-003,tidak,O
000051-003,diketahui,O
000051-003,orang-orang,O
000051-003,Quraisy,O
000051-003,.,O
000051-003,Secara,O
000051-003,kebetulan,O
000051-003,saat,O
000051-003,mereka,O
000051-003,tiba,O
000051-003,di,O
000051-003,pelabuhan,O
000051-003,Syaiban,O
000051-003,",",O
000051-003,ada,O
000051-003,dua,O
000051-003,kapal,O
000051-003,datang,O
000051-003,yang,O
000051-003,bertolak,O
000051-003,menuju,O
000051-003,Habasyah,B_LOCATION
000051-003,.,O
000051-003,Setelah,O
000051-003,orang-orang,O
000051-003,Quraisy,O
000051-003,mengetahui,O
000051-003,kepergian,O
000051-003,orang-orang,O
000051-003,Muslim,O
000051-003,ini,O
000051-003,",",O
000051-003,mereka,O
000051-003,segera,O
000051-003,mengejar,O
000051-003,.,O
000051-003,Tetapi,O
000051-003,tatkala,O
000051-003,mereka,O
000051-003,tiba,O
000051-003,di,O
000051-003,pinggir,O
000051-003,pantai,O
000051-003,",",O
000051-003,orang-orang,O
000051-003,Muslim,O
000051-003,sudah,O
000051-003,bertolak,O
000051-003,dengan,O
000051-003,selamat,O
000051-003,.,O
000051-003,Orang,O
000051-003,orang,O
000051-003,Muslim,O
000051-003,hidup,O
000051-003,di,O
000051-003,sana,O
000051-003,dengan,O
000051-003,mendapat,O
000051-003,perlakuan,O
000051-003,yang,O
000051-003,baik,O
000051-003,.,O
000051-003,Pada,O
000051-003,bulan,B_TIME
000051-003,Ramadhan,I_TIME
000051-003,di,O
000051-003,tahun,O
000051-003,yang,O
000051-003,sama,O
000051-003,",",O
000051-003,Nabi,O
000051-003,keluar,O
000051-003,dari,O
000051-003,Masjidil,B_LOCATION
000051-003,Haram,I_LOCATION
000051-003,",",O
000051-003,yang,O
000051-003,saat,O
000051-003,itu,O
000051-003,para,O
000051-003,pemuka,O
000051-003,dan,O
000051-003,pembesar,O
000051-003,Quraisy,O
000051-003,sedang,O
000051-003,berkumpul,O
000051-003,di,O
000051-003,sana,O
000051-003,.,O
000051-005,4,O
000051-005,84,O
000051-005,Tafhimul-Qur,O
000051-005,'an,O
000051-005,",",O
000051-005,5/188,O
000051-005,.,O
000051-005,Makna,O
000051-005,ini,O
000051-005,yang,O
000051-005,bisa,O
000051-005,disimpulkan,O
000051-005,para,O
000051-005,peneliti,O
000051-005,mengenai,O
000051-005,hadits,O
000051-005,Gharaniq,O
000051-005,.,O
000051-005,Apa,O
000051-005,yang,O
000051-005,selama,O
000051-005,itu,O
000051-005,mereka,O
000051-005,pegang,O
000051-005,telah,O
000051-005,jatuh,O
000051-005,",",O
000051-005,karena,O
000051-005,mereka,O
000051-005,merasakan,O
000051-005,keagungan,O
000051-005,kalam,O
000051-005,Allah,O
000051-005,yang,O
000051-005,benar-benar,O
000051-005,telah,O
000051-005,menguasai,O
000051-005,kendali,O
000051-005,mereka,O
000051-005,.,O
000051-005,Saat,O
000051-005,itu,O
000051-005,mereka,O
000051-005,melakukan,O
000051-005,apa,O
000051-005,yang,O
000051-005,sebelumnya,O
000051-005,hendak,O
000051-005,mereka,O
000051-005,punahkan,O
000051-005,dan,O
000051-005,basmi,O
000051-005,.,O
000051-005,Maka,O
000051-005,setelah,O
000051-005,itu,O
000051-005,mereka,O
000051-005,yang,O
000051-005,sujud,O
000051-005,itu,O
000051-005,mendapat,O
000051-005,cercaan,O
000051-005,dan,O
000051-005,makian,O
000051-005,dari,O
000051-005,segala,O
000051-005,arah,O
000051-005,",",O
000051-005,yaitu,O
000051-005,dilontarkan,O
000051-005,orang-orang,O
000051-005,musyrik,O
000051-005,yang,O
000051-005,tidak,O
000051-005,ikut,O
000051-005,sujud,O
000051-005,.,O
000051-005,Pada,O
000051-005,saat,O
000051-005,itulah,O
000051-005,mereka,O
000051-005,mendustakan,O
000051-005,Rasulullah,B_PERSON
000051-005,dan,O
000051-005,mengada-ngadakan,O
000051-005,perkataan,O
000051-005,untuk,O
000051-005,memojokkan,O
000051-005,beliau,O
000051-005,",",O
000051-005,bahwa,O
000051-005,beliau,O
000051-005,menyebutkan,O
000051-005,nama-nama,O
000051-005,berhala,O
000051-005,mereka,O
000051-005,dengan,O
000051-005,ungkapan,O
000051-005,berisi,O
000051-005,sanjungan,O
000051-005,",",O
000051-005,bahwa,O
000051-005,beliau,O
000051-005,berkata,O
000051-005,tentang,O
000051-005,berhala-berhala,O
000051-005,itu,O
000051-005,.,O
000051-005,"""",O
000051-005,Itulah,O
000051-005,Gharaniq,O
000051-005,yang,O
000051-005,luhur,O
000051-005,",",O
000051-005,yang,O
000051-005,syafaatnya,O
000051-005,benar-benar,O
000051-005,diharapkan,O
000051-005,".""",O
000051-005,Mereka,O
000051-005,membuat,O
000051-005,kedustaan,O
000051-005,yang,O
000051-005,nyata,O
000051-005,ini,O
000051-005,",",O
000051-005,sebagai,O
000051-005,alasan,O
000051-005,untuk,O
000051-005,menutup-nutupi,O
000051-005,sujud,O
000051-005,mereka,O
000051-005,bersama,O
000051-005,Nabi,O
000051-005,.,O
000051-005,Tindakan,O
000051-005,seperti,O
000051-005,ini,O
000051-005,tidak,O
000051-005,terlalu,O
000051-005,mengherankan,O
000051-005,",",O
000051-005,sebab,O
000051-005,mereka,O
000051-005,sudah,O
000051-005,biasa,O
000051-005,membuat,O
000051-005,kedustaan,O
000051-005,dan,O
000051-005,mengarang-ngarang,O
000051-005,cerita,O
000051-005,bohong,O
000051-005,.,O
000051-005,5,O
000051-005,Cerita,O
000051-005,tentang,O
000051-005,Gharabiq,O
000051-005,dan,O
000051-005,sujudnya,O
000051-005,orang-orang,O
000051-005,musyrik,O
000051-005,ini,O
000051-005,didengar,O
000051-005,para,O
000051-005,Muhajirin,O
000051-005,di,O
000051-005,Habasyah,B_LOCATION
000051-005,",",O
000051-005,tetapi,O
000051-005,dengan,O
000051-005,versi,O
000051-005,yang,O
000051-005,berbeda,O
000051-005,jauh,O
000051-005,dengan,O
000051-005,gambaran,O
000051-005,yang,O
000051-005,hakiki,O
000051-005,.,O
000051-005,Ceritanya,O
000051-005,bahwa,O
000051-005,orang-orang,O
000051-005,Quraisy,O
000051-005,sudah,O
000051-005,masuk,O
000051-005,Islam,O
000051-005,.,O
000051-005,Oleh,O
000051-005,karena,O
000051-005,itu,O
000051-005,mereka,O
000051-005,pulang,O
000051-005,ke,O
000051-005,Makkah,B_LOCATION
000051-005,pada,O
000051-005,bulan,B_TIME
000051-005,Syawwal,I_TIME
000051-005,pada,O
000051-005,tahun,O
000051-005,yang,O
000051-005,sama,O
000051-005,.,O
000051-005,Hampir,O
000051-005,mendekati,O
000051-005,Makkah,B_LOCATION
000051-005,sebelum,O
000051-005,tengah,O
000051-005,hari,O
000051-005,",",O
000051-005,mereka,O
000051-005,pun,O
000051-005,tahu,O
000051-005,apa,O
000051-005,yang,O
000051-005,sebenarnya,O
000051-005,terjadi,O
000051-005,.,O
000052-002,Kami,O
000052-002,diutus,O
000052-002,para,O
000052-002,pembesar,O
000052-002,kaum,O
000052-002,mereka,O
000052-002,",",O
000052-002,dari,O
000052-002,bapak-bapak,O
000052-002,",",O
000052-002,paman,O
000052-002,dan,O
000052-002,keluarga,O
000052-002,mereka,O
000052-002,untuk,O
000052-002,menemui,O
000052-002,tuan,O
000052-002,",",O
000052-002,agar,O
000052-002,tuan,O
000052-002,berkenan,O
000052-002,mengembaikan,O
000052-002,orang-orang,O
000052-002,ini,O
000052-002,kepada,O
000052-002,mereka,O
000052-002,.,O
000052-002,Sebab,O
000052-002,mereka,O
000052-002,itu,O
000052-002,lebih,O
000052-002,berhak,O
000052-002,terhadap,O
000052-002,orang-orang,O
000052-002,tersebut,O
000052-002,dan,O
000052-002,lebih,O
000052-002,tahu,O
000052-002,apa,O
000052-002,yang,O
000052-002,telah,O
000052-002,mendorong,O
000052-002,orang-orang,O
000052-002,tersebut,O
000052-002,mencela,O
000052-002,dan,O
000052-002,mencaci,O
000052-002,mereka,O
000052-002,".""",O
000052-002,Benar,O
000052-002,apa,O
000052-002,yang,O
000052-002,dikatakan,O
000052-002,mereka,O
000052-002,berdua,O
000052-002,",",O
000052-002,wahai,O
000052-002,Baginda,O
000052-002,Raja,O
000052-002,.,O
000052-002,Maka,O
000052-002,serahkanlah,O
000052-002,mereka,O
000052-002,itu,O
000052-002,kepada,O
000052-002,mereka,O
000052-002,berdua,O
000052-002,",",O
000052-002,agar,O
000052-002,keduanya,O
000052-002,mengembalikan,O
000052-002,mereka,O
000052-002,ke,O
000052-002,kaum,O
000052-002,dan,O
000052-002,negerinya,O
000052-002,",""",O
000052-002,kata,O
000052-002,para,O
000052-002,uskup,O
000052-002,.,O
000052-002,Tetapi,O
000052-002,Raja,O
000052-002,Naj,B_PERSON
000052-002,asyi,I_PERSON
000052-002,merasa,O
000052-002,perlu,O
000052-002,untuk,O
000052-002,meneliti,O
000052-002,secara,O
000052-002,detil,O
000052-002,masalah,O
000052-002,ini,O
000052-002,dan,O
000052-002,mendengarkan,O
000052-002,dari,O
000052-002,masing-masing,O
000052-002,pihak,O
000052-002,.,O
000052-002,Maka,O
000052-002,Raja,O
000052-002,Najasyi,B_PERSON
000052-002,mengirim,O
000052-002,utusan,O
000052-002,untuk,O
000052-002,menemui,O
000052-002,orang-orang,O
000052-002,Muslim,O
000052-002,dan,O
000052-002,mendatangkan,O
000052-002,mereka,O
000052-002,ke,O
000052-002,hadapannya,O
000052-002,.,O
000052-002,Setelah,O
000052-002,para,O
000052-002,Muhajirin,O
000052-002,yang,O
000052-002,dari,O
000052-002,penampilannya,O
000052-002,saja,O
000052-002,sudah,O
000052-002,menampakkan,O
000052-002,kejujuran,O
000052-002,itu,O
000052-002,sudah,O
000052-002,menghadap,O
000052-002,",",O
000052-002,maka,O
000052-002,Najasyi,B_PERSON
000052-002,berkata,O
000052-002,.,O
000052-002,"""",O
000052-002,Macam,O
000052-002,apakah,O
000052-002,agama,O
000052-002,kalian,O
000052-002,",",O
000052-002,yang,O
000052-002,karena,O
000052-002,agama,O
000052-002,itu,O
000052-002,kalian,O
000052-002,memecah,O
000052-002,belah,O
000052-002,kaum,O
000052-002,kalian,O
000052-002,",",O
000052-002,dan,O
000052-002,kalian,O
000052-002,juga,O
000052-002,tidak,O
000052-002,masuk,O
000052-002,agama,O
000052-002,kalian,O
000052-002,serta,O
000052-002,tidak,O
000052-002,satu,O
000052-002,pun,O
000052-002,agama-agama,O
000052-002,ini,O
000052-002,"?""",O
000052-002,Ja'far,B_PERSON
000052-002,bin,I_PERSON
000052-002,Abu,I_PERSON
000052-002,Thalib,I_PERSON
000052-002,yang,O
000052-002,menjadi,O
000052-002,juru,O
000052-002,bicara,O
000052-002,orang-orang,O
000052-002,Muslim,O
000052-002,menjawab,O
000052-002,",",O
000052-002,Wahai,O
000052-002,Tuan,O
000052-002,Raja,O
000052-002,",",O
000052-002,dulu,O
000052-002,kami,O
000052-002,adalah,O
000052-002,pemeluk,O
000052-002,agama,O
000052-002,jahiliyah,O
000052-002,.,O
000052-002,Kami,O
000052-002,menyembah,O
000052-002,berhala-berhala,O
000052-002,",",O
000052-002,memakan,O
000052-002,bangkai,O
000052-002,",",O
000052-002,berbuat,O
000052-002,mesum,O
000052-002,",",O
000052-002,memutuskan,O
000052-002,tali,O
000052-002,persaudaraan,O
000052-002,",",O
000052-002,menyakiti,O
000052-002,tetangga,O
000052-002,dan,O
000052-002,yang,O
000052-002,kuat,O
000052-002,di,O
000052-002,antara,O
000052-002,kita,O
000052-002,memakan,O
000052-002,yang,O
000052-002,lemah,O
000052-002,.,O
000052-002,Begitulah,O
000052-002,gambaran,O
000052-002,kami,O
000052-002,dahulu,O
000052-002,",",O
000052-002,hingga,O
000052-002,Allah,O
000052-002,mengutus,O
000052-002,seorang,O
000052-002,rasul,O
000052-002,dari,O
000052-002,kalangan,O
000052-002,kami,O
000052-002,sendiri,O
000052-002,",",O
000052-002,yang,O
000052-002,kami,O
000052-002,ketahui,O
000052-002,nasab,O
000052-002,",",O
000052-002,kejujuran,O
000052-002,",",O
000052-002,amanah,O
000052-002,",",O
000052-002,dan,O
000052-002,kesucian,O
000052-002,dirinya,O
000052-002,.,O
000052-004,Lalu,O
000052-004,kaum,O
000052-004,kami,O
000052-004,memusuhi,O
000052-004,kami,O
000052-004,",",O
000052-004,menyiksa,O
000052-004,kami,O
000052-004,dan,O
000052-004,menimbulkan,O
000052-004,cobaan,O
000052-004,terhadap,O
000052-004,agama,O
000052-004,kami,O
000052-004,",",O
000052-004,dengan,O
000052-004,tujuan,O
000052-004,untuk,O
000052-004,mengembalikan,O
000052-004,kami,O
000052-004,kepada,O
000052-004,penyembahan,O
000052-004,terhadap,O
000052-004,patung,O
000052-004,",",O
000052-004,tanpa,O
000052-004,diperbolehkan,O
000052-004,menyembah,O
000052-004,Allah,O
000052-004,",",O
000052-004,agar,O
000052-004,kami,O
000052-004,menghalalkan,O
000052-004,berbagai,O
000052-004,macam,O
000052-004,keburukan,O
000052-004,seperti,O
000052-004,dahulu,O
000052-004,.,O
000052-004,Setelah,O
000052-004,mereka,O
000052-004,menekan,O
000052-004,",",O
000052-004,berbuat,O
000052-004,semena-mena,O
000052-004,",",O
000052-004,mempersempit,O
000052-004,gerak,O
000052-004,kami,O
000052-004,dan,O
000052-004,menghalangi,O
000052-004,diri,O
000052-004,kami,O
000052-004,dari,O
000052-004,agama,O
000052-004,kami,O
000052-004,",",O
000052-004,maka,O
000052-004,kami,O
000052-004,pun,O
000052-004,pergi,O
000052-004,ke,O
000052-004,negeri,O
000052-004,tuan,O
000052-004,dan,O
000052-004,memilih,O
000052-004,tuan,O
000052-004,daripada,O
000052-004,orang,O
000052-004,lain,O
000052-004,.,O
000052-004,Kami,O
000052-004,gembira,O
000052-004,mendapat,O
000052-004,perlindungan,O
000052-004,tuan,O
000052-004,dan,O
000052-004,kami,O
000052-004,tetap,O
000052-004,berharap,O
000052-004,agar,O
000052-004,kami,O
000052-004,tidak,O
000052-004,dizhalimi,O
000052-004,di,O
000052-004,sisi,O
000052-004,tuan,O
000052-004,",",O
000052-004,wahai,O
000052-004,tuan,O
000052-004,Raja,O
000052-004,"!""""",O
000052-004,"""",O
000052-004,Apakah,O
000052-004,engkau,O
000052-004,bisa,O
000052-004,membacakan,O
000052-004,sedikit,O
000052-004,ajaran,O
000052-004,dari,O
000052-004,Allah,O
000052-004,yang,O
000052-004,dibawa,O
000052-004,(,O
000052-004,Rasulullah,B_PERSON
000052-004,")?""",O
000052-004,tanya,O
000052-004,Najasyi,B_PERSON
000052-004,.,O
000052-004,"""",O
000052-004,Ya,O
000052-004,".""",O
000052-004,Jawab,O
000052-004,Ja'far,O
000052-004,.,O
000052-004,"""",O
000052-004,Kalau,O
000052-004,begitu,O
000052-004,bacakanlah,O
000052-004,kepadaku,O
000052-004,"!""",O
000052-004,Lalu,O
000052-004,Ja'far,O
000052-004,membacakan,O
000052-004,dengan,O
000052-004,menghafal,O
000052-004,",",O
000052-004,dari,O
000052-004,",",O
000052-004,"""",O
000052-004,Kaf,O
000052-004,ha'ya',O
000052-004,ain,O
000052-004,shad,O
000052-004,""".",O
000052-004,Dari,O
000052-004,surat,O
000052-004,Maryam,B_PERSON
000052-004,.,O
000052-004,Demi,O
000052-004,Allah,O
000052-004,",",O
000052-004,Najasyi,B_PERSON
000052-004,menangis,O
000052-004,hingga,O
000052-004,membasahi,O
000052-004,jenggotnya,O
000052-004,",",O
000052-004,begitu,O
000052-004,pula,O
000052-004,para,O
000052-004,uskupnya,O
000052-004,hingga,O
000052-004,jenggot,O
000052-004,mereka,O
000052-004,basah,O
000052-004,oleh,O
000052-004,air,O
000052-004,mata,O
000052-004,",",O
000052-004,tatkala,O
000052-004,mendengar,O
000052-004,apa,O
000052-004,yang,O
000052-004,dibacakan,O
000052-004,kepada,O
000052-004,mereka,O
000052-004,.,O
000052-004,Kemudian,O
000052-004,Najasyi,B_PERSON
000052-004,berkata,O
000052-004,",",O
000052-004,"""",O
000052-004,Sesungguhnya,O
000052-004,ini,O
000052-004,dan,O
000052-004,yang,O
000052-004,dibawa,O
000052-004,Isa,B_PERSON
000052-004,benar-,O
000052-004,benar,O
000052-004,keluar,O
000052-004,dari,O
000052-004,satu,O
000052-004,misykat,O
000052-004,.,O
000052-004,Pergilah,O
000052-004,kalian,O
000052-004,berdua,O
000052-004,.,O
000052-004,Demi,O
000052-004,Allah,O
000052-004,aku,O
000052-004,tidak,O
000052-004,akan,O
000052-004,menyerahkan,O
000052-004,mereka,O
000052-004,kepada,O
000052-004,kalian,O
000052-004,berdua,O
000052-004,dan,O
000052-004,sama,O
000052-004,sekali,O
000052-004,tidak,O
000052-004,".""",O
000052-004,Maka,O
000052-004,keduanya,O
000052-004,beranjak,O
000052-004,pergi,O
000052-004,dari,O
000052-004,hadapan,O
000052-004,Najasyi,B_PERSON
000052-004,.,O
000057-002,Yang,O
000057-002,pasti,O
000057-002,",",O
000057-002,di,O
000057-002,dalam,O
000057-002,hatinya,O
000057-002,bergolak,O
000057-002,berbagai,O
000057-002,perasaan,O
000057-002,yang,O
000057-002,sebenarnya,O
000057-002,saling,O
000057-002,bertentangan,O
000057-002,.,O
000057-002,Penghormatannya,O
000057-002,terhadap,O
000057-002,tradisi-tradisi,O
000057-002,leluhur,O
000057-002,",",O
000057-002,kebebasan,O
000057-002,menenggak,O
000057-002,minuman,O
000057-002,keras,O
000057-002,hingga,O
000057-002,mabuk,O
000057-002,dan,O
000057-002,bercanda,O
000057-002,ria,O
000057-002,",",O
000057-002,bercampur,O
000057-002,baur,O
000057-002,dengan,O
000057-002,ketaajubannya,O
000057-002,terhadap,O
000057-002,ketabahan,O
000057-002,dan,O
000057-002,kesabaran,O
000057-002,orang-orang,O
000057-002,Muslim,O
000057-002,dalam,O
000057-002,menghadapi,O
000057-002,cobaan,O
000057-002,dalam,O
000057-002,rangka,O
000057-002,mempertahankan,O
000057-002,akidahnya,O
000057-002,.,O
000057-002,Keadaan,O
000057-002,ini,O
000057-002,masih,O
000057-002,ditambah,O
000057-002,lagi,O
000057-002,dengan,O
000057-002,keragu-raguan,O
000057-002,yang,O
000057-002,menari-nari,O
000057-002,di,O
000057-002,dalam,O
000057-002,benaknya,O
000057-002,dan,O
000057-002,benak,O
000057-002,siapa,O
000057-002,pun,O
000057-002,yang,O
000057-002,berakal,O
000057-002,",",O
000057-002,bahwa,O
000057-002,apa,O
000057-002,yang,O
000057-002,diserukan,O
000057-002,Islam,O
000057-002,jauh,O
000057-002,lebih,O
000057-002,bagus,O
000057-002,dan,O
000057-002,agung,O
000057-002,daripada,O
000057-002,yang,O
000057-002,lain,O
000057-002,.,O
000057-002,Umar,B_PERSON
000057-002,benar-benar,O
000057-002,bingung,O
000057-002,hingga,O
000057-002,dia,O
000057-002,menjadi,O
000057-002,lemas,O
000057-002,sendiri,O
000057-002,.,O
000057-002,Begitulah,O
000057-002,yang,O
000057-002,dikatakan,O
000057-002,Muhammad,B_PERSON
000057-002,Inilah,O
000057-002,kesimpulan,O
000057-002,dari,O
000057-002,beberapa,O
000057-002,riwayat,O
000057-002,tentang,O
000057-002,keislamannya,O
000057-002,dan,O
000057-002,setelah,O
000057-002,mengompromikan,O
000057-002,riwayat-riwayat,O
000057-002,tersebut,O
000057-002,",",O
000057-002,bahwa,O
000057-002,suatu,O
000057-002,malam,O
000057-002,dia,O
000057-002,kelua,O
000057-002,rumah,O
000057-002,hingga,O
000057-002,dia,O
000057-002,tiba,O
000057-002,di,O
000057-002,Baitul-Haram,B_LOCATION
000057-002,.,O
000057-002,Dia,O
000057-002,menyibak,O
000057-002,kain,O
000057-002,penutup,O
000057-002,Ka'bah,B_LOCATION
000057-002,90,O
000057-002,Mukhtashar,O
000057-002,Siratir-Rasul,O
000057-002,",",O
000057-002,hal,O
000057-002,.,O
000057-002,66,O
000057-002,;,O
000057-002,Rahmah,O
000057-002,Lil-,O
000057-002,alamin,O
000057-002,",",O
000057-002,1/68,O
000057-002,;,O
000057-002,Sirah,O
000057-002,An-Nabawiyah,O
000057-002,",",O
000057-002,Ibnu,B_PERSON
000057-002,Hisyam,I_PERSON
000057-002,",",O
000057-002,1/291-292,O
000057-002,92-93,O
000057-002,dan,O
000057-002,dilihatnya,O
000057-002,Nabi,O
000057-002,sedang,O
000057-002,berdiri,O
000057-002,melaksanakan,O
000057-002,shalat,O
000057-002,.,O
000057-002,Saat,O
000057-002,itu,O
000057-002,beliau,O
000057-002,membaca,O
000057-002,surah,O
000057-002,Al-Haqqah,O
000057-002,.,O
000057-002,Umar,B_PERSON
000057-002,menyimak,O
000057-002,bacaan,O
000057-002,Al-Qur,O
000057-002,an,O
000057-002,itu,O
000057-002,dan,O
000057-002,dia,O
000057-002,merasa,O
000057-002,taajub,O
000057-002,terhadap,O
000057-002,susunan,O
000057-002,bahasanya,O
000057-002,.,O
000057-002,Dia,O
000057-002,berkata,O
000057-002,di,O
000057-002,dalam,O
000057-002,hati,O
000057-002,",",O
000057-002,"""",O
000057-002,Demi,O
000057-002,Allah,O
000057-002,tentunya,O
000057-002,ini,O
000057-002,adalah,O
000057-002,ucapan,O
000057-002,seorang,O
000057-002,penyair,O
000057-002,seperti,O
000057-002,yang,O
000057-002,biasa,O
000057-002,diucapkan,O
000057-002,orang-orang,O
000057-002,Quraisy,O
000057-002,".""",O
000057-002,Lalu,O
000057-002,beliau,O
000057-002,membaca,O
000057-002,ayat,O
000057-002,",",O
000057-002,ucJ,O
000057-002,O,O
000057-002,"JJ,X",O
000057-002,1-2,O
000057-002,:,O
000057-002,"""",O
000057-002,Sesungguhnya,O
000057-002,Al-Qur'an,O
000057-002,itu,O
000057-002,adalah,O
000057-002,benar-benar,O
000057-002,wahyu,O
000057-002,(,O
000057-002,Allah,O
000057-002,yang,O
000057-002,diturunkan,O
000057-002,kepada,O
000057-002,),O
000057-002,Rasul,O
000057-002,yang,O
000057-002,mulia,O
000057-002,",",O
000057-002,dan,O
000057-002,Al-Qur'an,O
000057-002,itu,O
000057-002,bukanlah,O
000057-002,perkataan,O
000057-002,seorang,O
000057-002,penyair,O
000057-002,.,O
000057-011,Apalagi,O
000057-011,jika,O
000057-011,pertemuan,O
000057-011,itu,O
000057-011,satu,O
000057-011,lawan,O
000057-011,satu,O
000057-011,.,O
000057-011,Tatkala,O
000057-011,mereka,O
000057-011,bergerombol,O
000057-011,dan,O
000057-011,tahu,O
000057-011,keislaman,O
000057-011,Umar,B_PERSON
000057-011,",",O
000057-011,mereka,O
000057-011,pun,O
000057-011,berani,O
000057-011,mengeroyoknya,O
000057-011,dan,O
000057-011,terjadilah,O
000057-011,apa,O
000057-011,yang,O
000057-011,terjadi,O
000057-011,",",O
000057-011,pent,O
000057-011,.,O
000057-011,itulah,O
000057-011,Rasulullah,B_PERSON
000057-011,menjuluki,O
000057-011,"""",O
000057-011,Al-Faruq,O
000057-011,"""",O
000057-011,(,O
000057-011,yang,O
000057-011,suka,O
000057-011,memisahkan,O
000057-011,antara,O
000057-011,haq,O
000057-011,dan,O
000057-011,Ibnu,B_PERSON
000057-011,Mas'ud,I_PERSON
000057-011,"berkata,""Hampir-hampir",O
000057-011,kami,O
000057-011,tidak,O
000057-011,bisa,O
000057-011,mendirikan,O
000057-011,shalat,O
000057-011,di,O
000057-011,dekat,O
000057-011,Ka'bah,B_LOCATION
000057-011,hingga,O
000057-011,Umar,B_PERSON
000057-011,masuk,O
000057-011,Dari,O
000057-011,Shuhaib,B_PERSON
000057-011,bin,I_PERSON
000057-011,Sinar,I_PERSON
000057-011,Ar-Rumi,O
000057-011,",",O
000057-011,dia,O
000057-011,berkata,O
000057-011,",",O
000057-011,"""",O
000057-011,Setelah,O
000057-011,Umar,B_PERSON
000057-011,masuk,O
000057-011,Islam,O
000057-011,",",O
000057-011,maka,O
000057-011,Islam,O
000057-011,menjadi,O
000057-011,tampak,O
000057-011,dan,O
000057-011,dakwah,O
000057-011,kepadanya,O
000057-011,dilakukan,O
000057-011,secara,O
000057-011,terang-terangan,O
000057-011,.,O
000057-011,Kami,O
000057-011,bisa,O
000057-011,duduk,O
000057-011,membuat,O
000057-011,lingkaran,O
000057-011,di,O
000057-011,sekitar,O
000057-011,Baitul-Haram,B_LOCATION
000057-011,",",O
000057-011,thawaf,O
000057-011,di,O
000057-011,sekeliling,O
000057-011,Ka'bah,B_LOCATION
000057-011,",",O
000057-011,berani,O
000057-011,mengambil,O
000057-011,tindakan,O
000057-011,terhadap,O
000057-011,orang,O
000057-011,yang,O
000057-011,berlaku,O
000057-011,kasar,O
000057-011,kepada,O
000057-011,kami,O
000057-011,dan,O
000057-011,Diriwayatkan,O
000057-011,dari,O
000057-011,Abdullah,B_PERSON
000057-011,bin,I_PERSON
000057-011,Mas'ud,I_PERSON
000057-011,",",O
000057-011,dia,O
000057-011,berkata,O
000057-011,",",O
000057-011,"""",O
000057-011,Kami,O
000057-011,merasa,O
000057-011,kuat,O
000059-002,Dia,O
000059-002,berdiri,O
000059-002,di,O
000059-002,tengah,O
000059-002,anggota,O
000059-002,keluarganya,O
000059-002,dari,O
000059-002,Bani,O
000059-002,Hasyim,O
000059-002,",",O
000059-002,Bani,O
000059-002,Al-Muththalib,O
000059-002,dan,O
000059-002,Abdi,O
000059-002,Manaf,O
000059-002,",",O
000059-002,meminta,O
000059-002,kesediaan,O
000059-002,mereka,O
000059-002,untuk,O
000059-002,melindungi,O
000059-002,anak,O
000059-002,saudaranya,O
000059-002,.,O
000059-002,Ternyata,O
000059-002,mereka,O
000059-002,menyanggupinya,O
000059-002,",",O
000059-002,yang,O
000059-002,kafir,O
000059-002,maupun,O
000059-002,yang,O
000059-002,Muslim,O
000059-002,",",O
000059-002,sebagai,O
000059-002,langkah,O
000059-002,untuk,O
000059-002,menjaga,O
000059-002,kekerabatan,O
000059-002,.,O
000059-002,Yang,O
000059-002,tidak,O
000059-002,bergabung,O
000059-002,dalam,O
000059-002,kesediaan,O
000059-002,ini,O
000059-002,adalah,O
000059-002,saudaranya,O
000059-002,",",O
000059-002,Abu,B_PERSON
000059-002,Lahab,I_PERSON
000059-002,.,O
000059-002,Dia,O
000059-002,memisahkan,O
000059-002,diri,O
000059-002,dari,O
000059-002,mereka,O
000059-002,dan,O
000059-002,bergabung,O
000059-002,bersama,O
000059-002,orang-orang,O
000059-002,Quraisy,O
000059-002,lainnya,O
000059-002,.,O
000115-002,Oleh,O
000115-002,karena,O
000115-002,itu,O
000115-002,",",O
000115-002,Rasulullah,B_PERSON
000115-002,mengumumkan,O
000115-002,kepada,O
000115-002,orang-orang,O
000115-002,Muslim,O
000115-002,",",O
000115-002,"""",O
000115-002,Ini,O
000115-002,adalah,O
000115-002,kafilah,O
000115-002,dagang,O
000115-002,Quraisy,O
000115-002,yang,O
000115-002,membawa,O
000115-002,harta,O
000115-002,benda,O
000115-002,mereka,O
000115-002,.,O
000115-002,Hadanglah,O
000115-002,kafilah,O
000115-002,itu,O
000115-002,",",O
000115-002,semoga,O
000115-002,Allah,O
000115-002,memberikan,O
000115-002,barang,O
000115-002,rampasan,O
000115-002,itu,O
000115-002,kepada,O
000115-002,kalian,O
000115-002,".""",O
000115-002,Beliau,O
000115-002,tidak,O
000115-002,menekankan,O
000115-002,kepada,O
000115-002,seorang,O
000115-002,pun,O
000115-002,di,O
000115-002,antara,O
000115-002,mereka,O
000115-002,untuk,O
000115-002,bergabung,O
000115-002,",",O
000115-002,tetapi,O
000115-002,beliau,O
000115-002,menyerahkan,O
000115-002,masalah,O
000115-002,ini,O
000115-002,kepada,O
000115-002,kerelaan,O
000115-002,mereka,O
000115-002,Sebab,O
000115-002,kali,O
000115-002,ini,O
000115-002,tidak,O
000115-002,akan,O
000115-002,terjadi,O
000115-002,bentrokan,O
000115-002,yang,O
000115-002,seru,O
000115-002,dengan,O
000115-002,pasukan,O
000115-002,Quraisy,O
000115-002,",",O
000115-002,dan,O
000115-002,memang,O
000115-002,bentrokan,O
000115-002,ini,O
000115-002,baru,O
000115-002,terjadi,O
000115-002,saat,O
000115-002,di,O
000115-002,Badr,B_LOCATION
000115-002,.,O
000115-002,Oleh,O
000115-002,karena,O
000115-002,itu,O
000115-002,",",O
000115-002,banyak,O
000115-002,sahabat,O
000115-002,yang,O
000115-002,memilih,O
000115-002,tetap,O
000115-002,di,O
000115-002,Madinah,B_LOCATION
000115-002,.,O
000115-002,Sebab,O
000115-002,ketetapan,O
000115-002,kali,O
000115-002,ini,O
000115-002,tak,O
000115-002,berbeda,O
000115-002,dengan,O
000115-002,ketetapan,O
000115-002,beliau,O
000115-002,dalam,O
000115-002,mengirimkan,O
000115-002,satuan-satuan,O
000115-002,pasukan,O
000115-002,sebelumnya,O
000115-002,.,O
000115-002,Karena,O
000115-002,itu,O
000115-002,",",O
000115-002,mereka,O
000115-002,pun,O
000115-002,tidak,O
000115-002,mengingkari,O
000115-002,keputusan,O
000115-002,beliau,O
000115-002,untuk,O
000115-002,tidak,O
000115-002,ikut,O
000115-002,dalam,O
000115-002,penghadangan,O
000115-002,ini,O
000115-002,.,O
000117-001,Tanpa,O
000117-001,rasa,O
000117-001,gentar,O
000117-001,sedikit,O
000117-001,pun,O
000117-001,Rasulullah,B_PERSON
000117-001,berangkat,O
000117-001,dari,O
000117-001,jantung,O
000117-001,Madinah,B_LOCATION
000117-001,bersama,O
000117-001,pasukan,O
000117-001,ini,O
000117-001,",",O
000117-001,berjalan,O
000117-001,melewati,O
000117-001,jalur,O
000117-001,pokok,O
000117-001,menuju,O
000117-001,Makkah,B_LOCATION
000117-001,",",O
000117-001,hingga,O
000117-001,tiba,O
000117-001,di,O
000117-001,sumur,O
000117-001,Ar-Rauha,O
000117-001,yang,O
000117-001,sekalipun,O
000117-001,belum,O
000117-001,pernah,O
000117-001,didatangi,O
000117-001,beliau,O
000117-001,.,O
000117-001,Dari,O
000117-001,sini,O
000117-001,beliau,O
000117-001,tidak,O
000117-001,mengambil,O
000117-001,jalan,O
000117-001,ke,O
000117-001,kiri,O
000117-001,yang,O
000117-001,menuju,O
000117-001,Makkah,B_LOCATION
000117-001,",",O
000117-001,tetapi,O
000117-001,justru,O
000117-001,mengambil,O
000117-001,jalan,O
000117-001,ke,O
000117-001,arah,O
000117-001,kanan,O
000117-001,menuju,O
000117-001,Badr,B_LOCATION
000117-001,",",O
000117-001,melewati,O
000117-001,Rahaqan,O
000117-001,dan,O
000117-001,tiba,O
000117-001,di,O
000117-001,Ash-Shafra',O
000117-001,.,O
000117-001,Dari,O
000117-001,sana,O
000117-001,beliau,O
000117-001,mengirim,O
000117-001,Basbas,B_PERSON
000117-001,bin,I_PERSON
000117-001,Amr,I_PERSON
000117-001,dan,O
000117-001,Adi,B_PERSON
000117-001,bin,I_PERSON
000117-001,Abu,I_PERSON
000117-001,Az-Za'ba',I_PERSON
000117-001,Al-Juhannya,O
000117-001,agar,O
000117-001,pergi,O
000117-001,ke,O
000117-001,Badr,B_LOCATION
000117-001,",",O
000117-001,untuk,O
000117-001,mencari,O
000117-001,berita,O
000117-001,tenang,O
000117-001,kafilah,O
000117-001,dagang,O
000117-001,Quraisy,O
000121-001,Seperti,O
000121-001,yang,O
000121-001,dituturkan,O
000121-001,Abu,B_PERSON
000121-001,Sufyan,I_PERSON
000121-001,",",O
000121-001,tadinya,O
000121-001,dia,O
000121-001,mengambil,O
000121-001,jalur,O
000121-001,pokok,O
000121-001,yang,O
000121-001,menuju,O
000121-001,Makkah,B_LOCATION
000121-001,.,O
000121-001,Oleh,O
000121-001,karena,O
000121-001,itu,O
000121-001,dia,O
000121-001,meningkatkan,O
000121-001,kewaspadaan,O
000121-001,dan,O
000121-001,selalu,O
000121-001,menyelidiki,O
000121-001,.,O
000121-001,Tatkala,O
000121-001,kafilahnya,O
000121-001,sudah,O
000121-001,mendekati,O
000121-001,Badr,B_LOCATION
000121-001,",",O
000121-001,dia,O
000121-001,mendahului,O
000121-001,rombongan,O
000121-001,hingga,O
000121-001,bertemu,O
000121-001,dengan,O
000121-001,Majdi,B_PERSON
000121-001,bin,I_PERSON
000121-001,Amr,I_PERSON
000121-001,",",O
000121-001,dan,O
000121-001,menanyakan,O
000121-001,pasukan,O
000121-001,Madinah,B_LOCATION
000121-001,kepadanya,O
000121-001,.,O
000121-001,"""",O
000121-001,Aku,O
000121-001,tidak,O
000121-001,melihat,O
000121-001,seorang,O
000121-001,pun,O
000121-001,yang,O
000121-001,dicurigai,O
000121-001,.,O
000121-001,Hanya,O
000121-001,saja,O
000121-001,tadi,O
000121-001,kulihat,O
000121-001,ada,O
000121-001,dua,O
000121-001,orang,O
000121-001,penunggang,O
000121-001,yang,O
000121-001,berhenti,O
000121-001,di,O
000121-001,bukit,O
000121-001,itu,O
000121-001,",""",O
000121-001,jawab,O
000121-001,Majdi,O
000121-001,Setelah,O
000121-001,mengisi,O
000121-001,kantong,O
000121-001,air,O
000121-001,",",O
000121-001,keduanya,O
000121-001,pun,O
000121-001,pergi,O
000121-001,.,O
000121-001,Abu,B_PERSON
000121-001,Sufyan,I_PERSON
000121-001,segera,O
000121-001,mendatangi,O
000121-001,tempat,O
000121-001,menderum,O
000121-001,onta,O
000121-001,dua,O
000121-001,orang,O
000121-001,yang,O
000121-001,dimaksudkan,O
000121-001,Majdi,O
000121-001,dan,O
000121-001,meneliti,O
000121-001,kotorannya,O
000121-001,",",O
000121-001,yang,O
000121-001,ternyata,O
000121-001,di,O
000121-001,sana,O
000121-001,ada,O
000121-001,biji-bijian,O
000121-001,yang,O
000121-001,masih,O
000121-001,utuh,O
000121-001,.,O
000121-001,Dia,O
000121-001,berkata,O
000121-001,",",O
000121-001,Demi,O
000121-001,Allah,O
000121-001,",",O
000121-001,ini,O
000121-001,adalah,O
000121-001,makanan,O
000121-001,hewan,O
000121-001,dari,O
000121-001,Yatsrib,B_LOCATION
000121-001,".""",O
000121-001,Secepat,O
000121-001,itu,O
000121-001,pula,O
000121-001,dia,O
000121-001,kembali,O
000121-001,menemui,O
000121-001,kafilahnya,O
000121-001,dan,O
000121-001,mengalihkan,O
000121-001,arah,O
000121-001,perjalanan,O
000121-001,menuju,O
000121-001,ke,O
000121-001,barat,O
000121-001,menuju,O
000121-001,pesisir,O
000121-001,pantai,O
000121-001,",",O
000121-001,tidak,O
000121-001,jadi,O
000121-001,mengambil,O
000121-001,jalan,O
000121-001,pokok,O
000121-001,yang,O
000121-001,melewati,O
000121-001,Badr,B_LOCATION
000121-001,",",O
000121-001,tepatnya,O
000121-001,ke,O
000121-001,arah,O
000121-001,kiri,O
000121-001,.,O
000121-001,Dengan,O
000121-001,cara,O
000121-001,itu,O
000121-001,kafilah,O
000121-001,Abu,B_PERSON
000121-001,Sufyan,I_PERSON
000121-001,bisa,O
000121-001,selamat,O
000121-001,dari,O
000121-001,hadangan,O
000121-001,pasukan,O
000121-001,Madinah,B_LOCATION
000121-001,lalu,O
000121-001,mengirim,O
000121-001,surat,O
000121-001,ke,O
000121-001,pasukan,O
000121-001,Makkah,B_LOCATION
000121-001,yang,O
000121-001,sudah,O
000121-001,tiba,O
000121-001,di,O
000121-001,Al-Juhfah,O
000121-001,.,O
000124-004,Demi,O
000124-004,Allah,O
000124-004,",",O
000124-004,jika,O
000124-004,engkau,O
000124-004,maju,O
000124-004,hingga,O
000124-004,mencapai,O
000124-004,dasar,O
000124-004,sumur,O
000124-004,yang,O
000124-004,gelap,O
000124-004,",",O
000124-004,tentu,O
000124-004,kami,O
000124-004,akan,O
000124-004,maju,O
000124-004,bersama,O
000124-004,engkau,O
000124-004,.,O
000124-004,Demi,O
000124-004,Allah,O
000124-004,",",O
000124-004,jika,O
000124-004,engkau,O
000124-004,terhalang,O
000124-004,lautan,O
000124-004,bersama,O
000124-004,kami,O
000124-004,",",O
000124-004,lalu,O
000124-004,engkau,O
000124-004,terjun,O
000124-004,ke,O
000124-004,lautan,O
000124-004,itu,O
000124-004,",",O
000124-004,tentu,O
000124-004,kami,O
000124-004,juga,O
000124-004,akan,O
000124-004,terjun,O
000124-004,bersama,O
000124-004,engkau,O
000124-004,.,O
000124-004,Rasulullah,B_PERSON
000124-004,merasa,O
000124-004,gembira,O
000124-004,dengan,O
000124-004,apa,O
000124-004,yang,O
000124-004,dikatakan,O
000124-004,Sa'd,O
000124-004,dan,O
000124-004,semangatnya,O
000124-004,yang,O
000124-004,menggebu-gebu,O
000124-004,.,O
000124-004,Maka,O
000124-004,beliau,O
000124-004,bersabda,O
000124-004,",",O
000124-004,"""",O
000124-004,Majulah,O
000124-004,kalian,O
000124-004,dan,O
000124-004,terimalah,O
000124-004,kabar,O
000124-004,gembira,O
000124-004,",",O
000124-004,karena,O
000124-004,Allah,O
000124-004,telah,O
000124-004,menjanjikan,O
000124-004,salah,O
000124-004,satu,O
000124-004,dari,O
000124-004,dua,O
000124-004,pihak,O
000124-004,kepadaku,O
000124-004,.,O
000124-004,Demi,O
000124-004,Allah,O
000124-004,",",O
000124-004,seakan-akan,O
000124-004,saat,O
000124-004,ini,O
000124-004,aku,O
000124-004,bisa,O
000124-004,melihat,O
000124-004,tempat,O
000124-004,kematian,O
000124-004,mereka,O
000124-004,".""",O
000124-004,Setelah,O
000124-004,itu,O
000124-004,Rasulullah,B_PERSON
000124-004,meninggalkan,O
000124-004,Dzafiran,O
000124-004,untuk,O
000124-004,melanjutkan,O
000124-004,perjalanan,O
000124-004,.,O
000124-004,Beliau,O
000124-004,melewati,O
000124-004,jalan,O
000124-004,bukit,O
000124-004,yang,O
000124-004,disebut,O
000124-004,Al-Ashafir,O
000124-004,",",O
000124-004,kemudian,O
000124-004,cepat-cepat,O
000124-004,menuju,O
000124-004,suatu,O
000124-004,tempat,O
000124-004,yang,O
000124-004,disebut,O
000124-004,Ad-Dabbah,O
000124-004,dan,O
000124-004,meninggalkan,O
000124-004,Al-Hannan,O
000124-004,di,O
000124-004,sebelah,O
000124-004,kanannya,O
000124-004,",",O
000124-004,yaitu,O
000124-004,sebuah,O
000124-004,bukit,O
000124-004,pasir,O
000124-004,yang,O
000124-004,menyerupai,O
000124-004,gunung,O
000124-004,yang,O
000124-004,kokoh,O
000124-004,",",O
000124-004,kemudian,O
000124-004,tiba,O
000124-004,di,O
000124-004,dekat,O
000124-004,Badr,B_LOCATION
000124-004,.,O
000126-002,Demi,O
000126-002,Allah,O
000126-002,",",O
000126-002,mereka,O
000126-002,berdua,O
000126-002,berkata,O
000126-002,jujur,O
000126-002,.,O
000126-002,Mereka,O
000126-002,adalah,O
000126-002,pesuruh,O
000126-002,Quraisy,O
000126-002,".""",O
000126-002,Kemudian,O
000126-002,beliau,O
000126-002,bersabda,O
000126-002,kepada,O
000126-002,keduanya,O
000126-002,",",O
000126-002,"""",O
000126-002,Kabarkanlah,O
000126-002,kepadaku,O
000126-002,tentang,O
000126-002,posisi,O
000126-002,pasukan,O
000126-002,Quraisy,O
000126-002,"!""",O
000126-002,"""",O
000126-002,Mereka,O
000126-002,berada,O
000126-002,di,O
000126-002,balik,O
000126-002,bukit,O
000126-002,pasir,O
000126-002,yang,O
000126-002,bisa,O
000126-002,engkau,O
000126-002,lihat,O
000126-002,jika,O
000126-002,memandang,O
000126-002,ke,O
000126-002,arah,O
000126-002,Al-Udhwatul-Qushwa,O
000126-002,",""",O
000126-002,jawab,O
000126-002,mereka,O
000126-002,berdua,O
000126-002,"""",O
000126-002,Berapa,O
000126-002,jumlah,O
000126-002,mereka,O
000126-002,"?""",O
000126-002,tanya,O
000126-002,beliau,O
000126-002,"""",O
000126-002,Banyak,O
000126-002,sekali,O
000126-002,".""",O
000126-002,"""",O
000126-002,Berapa,O
000126-002,tepatnya,O
000126-002,?,O
000126-002,"""",O
000126-002,Kami,O
000126-002,tidak,O
000126-002,tahu,O
000126-002,persis,O
000126-002,".""",O
000126-002,"""",O
000126-002,Berapa,O
000126-002,ekor,O
000126-002,binatang,O
000126-002,yang,O
000126-002,mereka,O
000126-002,sembelih,O
000126-002,setiap,O
000126-002,harinya,O
000126-002,"?""",O
000126-002,tanya,O
000126-002,beliau,O
000126-002,.,O
000126-002,"""",O
000126-002,Sehari,O
000126-002,sembilan,O
000126-002,ekor,O
000126-002,dan,O
000126-002,besoknya,O
000126-002,lagi,O
000126-002,sepuluh,O
000126-002,ekor,O
000126-002,",""",O
000126-002,jawab,O
000126-002,mereka,O
000126-002,berdua,O
000126-002,.,O
000126-002,"""",O
000126-002,Berarti,O
000126-002,jumlah,O
000126-002,mereka,O
000126-002,antara,O
000126-002,sembilan,O
000126-002,ratus,O
000126-002,hingga,O
000126-002,seribu,O
000126-002,orang,O
000126-002,",""",O
000126-002,sabda,O
000126-002,beliau,O
000126-002,.,O
000126-002,Kemudian,O
000126-002,beliau,O
000126-002,bertanya,O
000126-002,lagi,O
000126-002,",",O
000126-002,"""",O
000126-002,Siapa,O
000126-002,saja,O
000126-002,pemuka,O
000126-002,Quraisy,O
000126-002,yang,O
000126-002,bergabung,O
000126-002,di,O
000126-002,tengah,O
000126-002,mereka,O
000126-002,"?""",O
000126-002,"""",O
000126-002,Ada,O
000126-002,Uthbah,B_PERSON
000126-002,dan,O
000126-002,Syaibah,O
000126-002,",",O
000126-002,kedua,O
000126-002,anak,O
000126-002,Rabi'ah,O
000126-002,",",O
000126-002,Abul,B_PERSON
000126-002,Bakhtari,I_PERSON
000126-002,bin,I_PERSON
000126-002,Hisyam,I_PERSON
000126-002,.,O
000126-002,Hakim,B_PERSON
000126-002,bin,I_PERSON
000126-002,Hizam,I_PERSON
000126-002,",",O
000126-002,Naufal,B_PERSON
000126-002,bin,I_PERSON
000126-002,Khuwalid,I_PERSON
000126-002,",",O
000126-002,Al-Harits,B_PERSON
000126-002,bin,I_PERSON
000126-002,Amir,I_PERSON
000126-002,",",O
000126-002,Thu'aimah,B_PERSON
000126-002,bin,I_PERSON
000126-002,Adi,I_PERSON
000126-002,",",O
000126-002,An-Nadhr,B_PERSON
000126-002,bin,I_PERSON
000126-002,Al-Harits,I_PERSON
000126-002,",",O
000126-002,Zam'ah,B_PERSON
000126-002,bin,I_PERSON
000126-002,Al-Aswad,I_PERSON
000126-002,",",O
000126-002,Abu,B_PERSON
000126-002,Jahal,I_PERSON
000126-002,bin,I_PERSON
000126-002,Hisyam,I_PERSON
000126-002,",",O
000126-002,Umayyah,B_PERSON
000126-002,bin,I_PERSON
000126-002,Khalaf,I_PERSON
000126-002,...,O
000126-002,"""",O
000126-002,dan,O
000126-002,beberapa,O
000126-002,orang,O
000126-002,lagi,O
000126-002,yang,O
000126-002,mereka,O
000126-002,sebutkan,O
000126-002,.,O
000126-002,Setelah,O
000126-002,itu,O
000126-002,Rasulullah,B_PERSON
000126-002,menghadap,O
000126-002,ke,O
000126-002,arah,O
000126-002,semua,O
000126-002,orang,O
000126-002,seraya,O
000126-002,bersabda,O
000126-002,.,O
000126-002,"""",O
000126-002,Wahai,O
000126-002,semua,O
000126-002,orang,O
000126-002,",",O
000126-002,inilah,O
000126-002,Makkah,B_LOCATION
000126-002,yang,O
000126-002,telah,O
000126-002,menghantarkan,O
000126-002,jantung,O
000126-002,hatinya,O
000126-002,kepada,O
000126-002,kalian,O
000126-002,".""",O
000126-002,Pada,O
000126-002,malam,O
000126-002,itu,O
000126-002,Allah,O
000126-002,menurunkan,O
000126-002,huj,O
000126-002,an,O
000126-002,yang,O
000126-002,deras,O
000126-002,",",O
000126-002,sehingga,O
000126-002,orang-orang,O
000126-002,musyrik,O
000126-002,basah,O
000126-002,kuyup,O
000126-002,dan,O
000126-002,menghambat,O
000126-002,langkah,O
000126-002,mereka,O
000126-002,untuk,O
000126-002,maju,O
000126-002,.,O
000128-001,Kemudian,O
000128-001,Rasulullah,B_PERSON
000128-001,mempersiapkan,O
000128-001,pasukan,O
000128-001,",",O
000128-001,berkeliling,O
000128-001,di,O
000128-001,sekitar,O
000128-001,arena,O
000128-001,yang,O
000128-001,akan,O
000128-001,dijadikan,O
000128-001,ajang,O
000128-001,pertempuran,O
000128-001,.,O
000128-001,Beliau,O
000128-001,menunjukkan,O
000128-001,jarinya,O
000128-001,ke,O
000128-001,suatu,O
000128-001,tempat,O
000128-001,sambil,O
000128-001,bersabda,O
000128-001,",",O
000128-001,Ini,O
000128-001,tempat,O
000128-001,kematian,O
000128-001,Fulan,O
000128-001,esok,O
000128-001,hari,O
000128-001,insya,O
000128-001,Allah,O
000128-001,",",O
000128-001,dan,O
000128-001,ini,O
000128-001,tempat,O
000128-001,kematiannya,O
000128-001,Fulan,O
000128-001,insya,O
000128-001,Allah,O
000128-001,".""",O
000128-001,Pada,O
000128-001,malam,O
000128-001,itu,O
000128-001,beliau,O
000128-001,sering,O
000128-001,melaksanakan,O
000128-001,shalat,O
000128-001,di,O
000128-001,dekat,O
000128-001,pangkal,O
000128-001,pohon,O
000128-001,yang,O
000128-001,tumbuh,O
000128-001,di,O
000128-001,sana,O
000128-001,.,O
000128-001,Sedangkan,O
000128-001,orang-orang,O
000128-001,Muslim,O
000128-001,tidur,O
000128-001,dengan,O
000128-001,hembusan,O
000128-001,napas,O
000128-001,yang,O
000128-001,tenang,O
000128-001,seakan,O
000128-001,menyinari,O
000128-001,angkasa,O
000128-001,.,O
000128-001,Hati,O
000128-001,mereka,O
000128-001,ditaburi,O
000128-001,keyakinan,O
000128-001,Mereka,O
000128-001,cukup,O
000128-001,istirahat,O
000128-001,pada,O
000128-001,malam,O
000128-001,itu,O
000128-001,",",O
000128-001,dengan,O
000128-001,harapan,O
000128-001,esok,O
000128-001,paginya,O
000128-001,dapat,O
000128-001,melihat,O
000128-001,kabar,O
000128-001,gembira,O
000128-001,dari,O
000128-001,Allah,O
000128-001,"""(",O
000128-001,Ingatlah,O
000128-001,),O
000128-001,ketika,O
000128-001,Allah,O
000128-001,menjadikan,O
000128-001,kalian,O
000128-001,mengantuk,O
000128-001,sebagai,O
000128-001,suatu,O
000128-001,penentram,O
000128-001,dari-Nya,O
000128-001,",",O
000128-001,dan,O
000128-001,Allah,O
000128-001,menurunkan,O
000128-001,kepada,O
000128-001,kalian,O
000128-001,hujan,O
000128-001,dari,O
000128-001,langit,O
000128-001,untuk,O
000128-001,mensucikan,O
000128-001,kalian,O
000128-001,dengan,O
000128-001,hujan,O
000128-001,itu,O
000128-001,dan,O
000128-001,menghilangkan,O
000128-001,dari,O
000128-001,kalian,O
000128-001,gangguan-gangguan,O
000128-001,setan,O
000128-001,dan,O
000128-001,untuk,O
000128-001,menguatkan,O
000128-001,hati,O
000128-001,kalian,O
000128-001,dan,O
000128-001,memperteguh,O
000128-001,dengannya,O
000128-001,telapak,O
000128-001,kaki,O
000128-001,(,O
000128-001,kalian,O
000128-001,).,O
000128-001,"""",O
000128-001,(,O
000128-001,Al-Anfal,O
000128-001,:,O
000128-001,11,O
000128-001,),O
000128-001,Malam,O
000128-001,itu,O
000128-001,adalah,O
000128-001,malam,B_TIME
000128-001,Jum'at,I_TIME
000128-001,",",O
000128-001,tanggal,B_TIME
000128-001,17,I_TIME
000128-001,Ramadhan,I_TIME
000128-001,2,I_TIME
000128-001,H,I_TIME
000128-001,.,O
000128-001,Sementara,O
000128-001,keberangkatan,O
000128-001,beliau,O
000128-001,pada,O
000128-001,tanggal,O
000128-001,8,O
000128-001,atau,O
000128-001,12,O
000128-001,dari,O
000128-001,bulan,O
000128-001,yang,O
000128-001,sama,O
000128-001,.,O
000139-001,Peperangan,O
000139-001,sudah,O
000139-001,usai,O
000139-001,dengan,O
000139-001,kekalahan,O
000139-001,telak,O
000139-001,di,O
000139-001,pihak,O
000139-001,orang-orang,O
000139-001,musyrik,O
000139-001,dan,O
000139-001,kemenangan,O
000139-001,yang,O
000139-001,nyata,O
000139-001,di,O
000139-001,pihak,O
000139-001,orang-orang,O
000139-001,Muslim,O
000139-001,.,O
000139-001,Yang,O
000139-001,mati,O
000139-001,syahid,O
000139-001,dari,O
000139-001,pasukan,O
000139-001,Muslimin,O
000139-001,dalam,O
000139-001,peperangan,O
000139-001,ini,O
000139-001,ada,O
000139-001,empat,O
000139-001,belas,O
000139-001,orang,O
000139-001,",",O
000139-001,enam,O
000139-001,dari,O
000139-001,Muhajirin,O
000139-001,dan,O
000139-001,delapan,O
000139-001,dari,O
000139-001,Anshar,O
000139-001,.,O
000139-001,Sedangkan,O
000139-001,orang-orang,O
000139-001,musyrik,O
000139-001,mengalami,O
000139-001,kerugian,O
000139-001,yang,O
000139-001,amat,O
000139-001,banyak,O
000139-001,Korban,O
000139-001,di,O
000139-001,antara,O
000139-001,mereka,O
000139-001,ada,O
000139-001,tujuh,O
000139-001,puluh,O
000139-001,orang,O
000139-001,dan,O
000139-001,tujuh,O
000139-001,puluh,O
000139-001,orang,O
000139-001,pula,O
000139-001,yang,O
000139-001,tertawan,O
000139-001,",",O
000139-001,yang,O
000139-001,kebanyakan,O
000139-001,justru,O
000139-001,terdiri,O
000139-001,dari,O
000139-001,para,O
000139-001,pemuka,O
000139-001,dan,O
000139-001,pemimpin,O
000139-001,mereka,O
000139-001,.,O
000139-001,Setelah,O
000139-001,peperangan,O
000139-001,usai,O
000139-001,",",O
000139-001,Rasulullah,B_PERSON
000139-001,berkeliling,O
000139-001,hingga,O
000139-001,berdiri,O
000139-001,di,O
000139-001,dekat,O
000139-001,korban,O
000139-001,dari,O
000139-001,orang-orang,O
000139-001,musyrik,O
000139-001,",",O
000139-001,"""",O
000139-001,Keluarga,O
000139-001,yang,O
000139-001,paling,O
000139-001,buruk,O
000139-001,terhadap,O
000139-001,nabi,O
000139-001,kalian,O
000139-001,adalah,O
000139-001,diri,O
000139-001,kalian,O
000139-001,.,O
000139-001,Kalian,O
000139-001,mendustakan,O
000139-001,aku,O
000139-001,selagi,O
000139-001,orang-orang,O
000139-001,membenarkan,O
000139-001,aku,O
000139-001,.,O
000139-001,Kalian,O
000139-001,menelantarkan,O
000139-001,aku,O
000139-001,selagi,O
000139-001,orang-orang,O
000139-001,menolongku,O
000139-001,.,O
000139-001,Kalian,O
000139-001,mengusir,O
000139-001,aku,O
000139-001,selagi,O
000139-001,orang-orang,O
000139-001,melindungi,O
000139-001,aku,O
000139-001,".""",O
000139-001,Lalu,O
000139-001,beliau,O
000139-001,memerintahkan,O
000139-001,agar,O
000139-001,tubuh,O
000139-001,mereka,O
000139-001,dimasukkan,O
000139-001,ke,O
000139-001,dalam,O
000139-001,sumur,O
000139-001,.,O
000139-001,Diriwayatkan,O
000139-001,dari,O
000139-001,Abu,B_PERSON
000139-001,Thalhah,I_PERSON
000139-001,",",O
000139-001,bahwa,O
000139-001,Nabi,O
000139-001,Allah,O
000139-001,memerintahkan,O
000139-001,untuk,O
000139-001,mengumpulkan,O
000139-001,dua,O
000139-001,puluh,O
000139-001,empat,O
000139-001,pemuka,O
000139-001,Quraisy,O
000139-001,yang,O
000139-001,terbunuh,O
000139-001,",",O
000139-001,lalu,O
000139-001,mereka,O
000139-001,dilemparkan,O
000139-001,ke,O
000139-001,dalam,O
000139-001,sumur,O
000139-001,yang,O
000139-001,kotor,O
000139-001,dan,O
000139-001,bau,O
000139-001,.,O
000139-001,Sebelum,O
000139-001,itu,O
000139-001,",",O
000139-001,jika,O
000139-001,ada,O
000139-001,suatu,O
000139-001,kaum,O
000139-001,mendapatkan,O
000139-001,suatu,O
000139-001,kemenangan,O
000139-001,",",O
000139-001,maka,O
000139-001,mereka,O
000139-001,mengadakan,O
000139-001,pesta,O
000139-001,di,O
000139-001,Badr,B_LOCATION
000139-001,selama,O
000139-001,tiga,O
000139-001,malam,O
000139-001,.,O
000139-001,Pada,O
000139-001,hari,O
000139-001,ketiga,O
000139-001,dari,O
000139-001,Perang,B_EVENT
000139-001,Badr,I_EVENT
000139-001,",",O
000139-001,beliau,O
000139-001,meminta,O
000139-001,hewan,O
000139-001,kendaraannya,O
000139-001,dan,O
000139-001,mengikatnya,O
000139-001,.,O
000139-001,Kemudian,O
000139-001,beliau,O
000139-001,berjalan,O
000139-001,mengikuti,O
000139-001,para,O
000139-001,sahabat,O
000139-001,",",O
000139-001,hingga,O
000139-001,beliau,O
000139-001,berdiri,O
000139-001,di,O
000139-001,bibir,O
000139-001,sumur,O
000139-001,.,O
000139-001,Beliau,O
000139-001,menyebutkan,O
000139-001,nama,O
000139-001,orang-orang,O
000139-001,musyrik,O
000139-001,yang,O
000139-001,jasadnya,O
000139-001,dilemparkan,O
000139-001,ke,O
000139-001,dalam,O
000139-001,sumur,O
000139-001,itu,O
000139-001,",",O
000139-001,begitu,O
000139-001,nama,O
000139-001,bapak-bapak,O
000139-001,mereka,O
000139-001,.,O
000140-004,Namun,O
000140-004,karena,O
000140-004,mereka,O
000140-004,takut,O
000140-004,akan,O
000140-004,dicemooh,O
000140-004,sebagai,O
000140-004,akibat,O
000140-004,dari,O
000140-004,tindakannya,O
000140-004,ini,O
000140-004,",",O
000140-004,mereka,O
000140-004,pun,O
000140-004,membuatkan,O
000140-004,sebuah,O
000140-004,lubang,O
000140-004,di,O
000140-004,dekatnya,O
000140-004,.,O
000140-004,lalu,O
000140-004,mendorong,O
000140-004,tubuhnya,O
000140-004,masuk,O
000140-004,ke,O
000140-004,dalam,O
000140-004,lubang,O
000140-004,itu,O
000140-004,",",O
000140-004,lalu,O
000140-004,mereka,O
000140-004,menimbun,O
000140-004,lubang,O
000140-004,kuburan,O
000140-004,dengan,O
000140-004,cara,O
000140-004,melemparkan,O
000140-004,batu,O
000140-004,dari,O
000140-004,kejauhan,O
000140-004,Begitulah,O
000140-004,penduduk,O
000140-004,Makkah,B_LOCATION
000140-004,menerima,O
000140-004,kabar,O
000140-004,kekalahan,O
000140-004,telak,O
000140-004,di,O
000140-004,medan,O
000140-004,Perang,B_EVENT
000140-004,Badr,I_EVENT
000140-004,.,O
000140-004,Tentu,O
000140-004,saja,O
000140-004,hal,O
000140-004,ini,O
000140-004,menimbulkan,O
000140-004,pengaruh,O
000140-004,yang,O
000140-004,buruk,O
000140-004,.,O
000140-004,Bahkan,O
000140-004,mereka,O
000140-004,melarang,O
000140-004,untuk,O
000140-004,meratapi,O
000140-004,orang-orang,O
000140-004,yang,O
000140-004,mati,O
000140-004,terbunuh,O
000140-004,",",O
000140-004,agar,O
000140-004,mereka,O
000140-004,tidak,O
000140-004,semakin,O
000140-004,terpuruk,O
000140-004,karena,O
000140-004,dicerca,O
000140-004,orang-orang,O
000140-004,Muslim,O
000140-004,.,O
000140-004,Dalam,O
000140-004,Perang,B_EVENT
000140-004,Badr,I_EVENT
000140-004,ini,O
000140-004,Al-Aswad,B_PERSON
000140-004,bin,I_PERSON
000140-004,Al-Muththalib,I_PERSON
000140-004,kehilangan,O
000140-004,tiga,O
000140-004,anaknya,O
000140-004,.,O
000140-004,Karena,O
000140-004,buta,O
000140-004,",",O
000140-004,dia,O
000140-004,lebih,O
000140-004,suka,O
000140-004,menangisi,O
000140-004,nasib,O
000140-004,yang,O
000140-004,menimpa,O
000140-004,mereka,O
000140-004,.,O
000140-004,Suatu,O
000140-004,malam,O
000140-004,dia,O
000140-004,mendengar,O
000140-004,suara,O
000140-004,ratap,O
000140-004,tangis,O
000140-004,.,O
000140-004,Dia,O
000140-004,mengutus,O
000140-004,pembantunya,O
000140-004,dengan,O
000140-004,berkata,O
000140-004,",",O
000140-004,"""",O
000140-004,Lihatlah,O
000140-004,",",O
000140-004,apakah,O
000140-004,ratap,O
000140-004,tangis,O
000140-004,memang,O
000140-004,diperbolehkan,O
000140-004,?,O
000140-004,Apakah,O
000140-004,orang-orang,O
000140-004,Quraisy,O
000140-004,juga,O
000140-004,menangisi,O
000140-004,meratapi,O
000140-004,para,O
000140-004,korban,O
000140-004,yang,O
000140-004,mati,O
000140-004,?,O
000140-004,Karena,O
000140-004,aku,O
000140-004,pun,O
000140-004,ingin,O
000140-004,meratapi,O
000140-004,Abu,B_PERSON
000140-004,Hakimah,I_PERSON
000140-004,(,O
000140-004,anaknya,O
000140-004,"),",O
000140-004,karena,O
000140-004,kelopak,O
000140-004,mataku,O
000140-004,sudah,O
000140-004,hampir,O
000140-004,terbakar,O
000140-004,".""",O
000140-004,Setelah,O
000140-004,menyelidiki,O
000140-004,",",O
000140-004,pembantunya,O
000140-004,kembali,O
000140-004,lagi,O
000140-004,dan,O
000140-004,berkata,O
000140-004,",",O
000140-004,"""",O
000140-004,Yang,O
000140-004,menangis,O
000140-004,itu,O
000140-004,adalah,O
000140-004,seorang,O
000140-004,wanita,O
000140-004,yang,O
000140-004,meratapi,O
000140-004,ontanya,O
000140-004,yang,O
000140-004,lepas,O
000140-004,".""",O
000140-004,Al-Aswad,O
000140-004,hampir,O
000140-004,tak,O
000140-004,mampu,O
000140-004,menguasai,O
000140-004,dirinya,O
000140-004,.,O
000140-004,Lalu,O
000140-004,dia,O
000140-004,menurunkan,O
000140-004,sebuah,O
000140-004,syair,O
000140-004,yang,O
000140-004,sendu,O
000169-002,Jika,O
000169-002,kalian,O
000169-002,melihat,O
000169-002,kami,O
000169-002,telah,O
000169-002,mengumpulkan,O
000169-002,harta,O
000169-002,rampasan,O
000169-002,",",O
000169-002,maka,O
000169-002,janganlah,O
000169-002,kalian,O
000169-002,turun,O
000169-002,bergabung,O
000169-002,bersama,O
000169-002,Dalam,O
000169-002,riwayat,O
000169-002,Al-Bukhari,O
000169-002,disebutkan,O
000169-002,",",O
000169-002,beliau,O
000169-002,bersabda,O
000169-002,",",O
000169-002,"""",O
000169-002,Jika,O
000169-002,kalian,O
000169-002,melihat,O
000169-002,kami,O
000169-002,disambar,O
000169-002,burung,O
000169-002,sekalipun,O
000169-002,",",O
000169-002,maka,O
000169-002,janganlah,O
000169-002,kalian,O
000169-002,meninggalkan,O
000169-002,tempat,O
000169-002,itu,O
000169-002,",",O
000169-002,kecuali,O
000169-002,ada,O
000169-002,utusan,O
000169-002,yang,O
000169-002,datang,O
000169-002,kepada,O
000169-002,kalian,O
000169-002,.,O
000169-002,Jika,O
000169-002,kalian,O
000169-002,melihat,O
000169-002,kami,O
000169-002,dapat,O
000169-002,mengalahkan,O
000169-002,mereka,O
000169-002,",",O
000169-002,maka,O
000169-002,janganlah,O
000169-002,kalian,O
000169-002,meninggalkan,O
000169-002,tempat,O
000169-002,",",O
000169-002,hingga,O
000169-002,ada,O
000169-002,utusan,O
000169-002,yang,O
000169-002,datang,O
000169-002,kepada,O
000169-002,kalian,O
000169-002,".""",O
000169-002,Dengan,O
000169-002,ditempatkannya,O
000169-002,detasemen,O
000169-002,di,O
000169-002,atas,O
000169-002,bukit,O
000169-002,dengan,O
000169-002,disertai,O
000169-002,perintah-,O
000169-002,perintah,O
000169-002,militer,O
000169-002,yang,O
000169-002,keras,O
000169-002,",",O
000169-002,maka,O
000169-002,beliau,O
000169-002,sudah,O
000169-002,bisa,O
000169-002,menyumbat,O
000169-002,satu,O
000169-002,celah,O
000169-002,yang,O
000169-002,memungkinkan,O
000169-002,bagi,O
000169-002,kavaleri,O
000169-002,Quraisy,O
000169-002,untuk,O
000169-002,menyusup,O
000169-002,ke,O
000169-002,barisan,O
000169-002,orang-orang,O
000169-002,Muslim,O
000169-002,dari,O
000169-002,arah,O
000169-002,belakang,O
000169-002,dan,O
000169-002,mengacaukannya,O
000169-002,.,O
000169-002,Pasukan,O
000169-002,Muslimin,O
000169-002,di,O
000169-002,sayap,O
000169-002,kanan,O
000169-002,dikomandani,O
000169-002,Al-Mundzir,B_PERSON
000169-002,bin,I_PERSON
000169-002,Amr,I_PERSON
000169-002,",",O
000169-002,di,O
000169-002,sayap,O
000169-002,kiri,O
000169-002,dikomandani,O
000169-002,Az-Zubair,B_PERSON
000169-002,bin,I_PERSON
000169-002,Al-Awwam,I_PERSON
000169-002,",",O
000169-002,dan,O
000169-002,masih,O
000169-002,didukung,O
000169-002,oleh,O
000169-002,satuan,O
000169-002,pasukan,O
000169-002,yang,O
000169-002,dikomandani,O
000169-002,Al-Miqdad,B_PERSON
000169-002,bin,I_PERSON
000169-002,Al-Aswad,I_PERSON
000169-002,.,O
000169-002,Az-Zubair,O
000169-002,bertugas,O
000169-002,menghadang,O
000169-002,laju,O
000169-002,kavaleri,O
000169-002,(,O
000169-002,pasukan,O
000169-002,penunggang,O
000169-002,kuda,O
000169-002,),O
000169-002,Quraisy,O
000169-002,yang,O
000169-002,dipimpin,O
000169-002,Khalid,B_PERSON
000169-002,bin,I_PERSON
000169-002,Al-Walid,I_PERSON
000169-002,(,O
000169-002,yang,O
000169-002,saat,O
000169-002,itu,O
000169-002,masih,O
000169-002,kafir,O
000169-002,).,O
000169-002,Di,O
000169-002,barisan,O
000169-002,terdepan,O
000169-002,ada,O
000169-002,sejumlah,O
000169-002,orang,O
000169-002,yang,O
000169-002,pemberani,O
000169-002,",",O
000169-002,tokoh-tokoh,O
000169-002,yang,O
000169-002,dikenal,O
000169-002,gagah,O
000169-002,perkasa,O
000169-002,dan,O
000169-002,hebat,O
000169-002,sepak,O
000169-002,terjangnya,O
000169-002,",",O
000169-002,yang,O
000169-002,kemampuannya,O
000169-002,bisa,O
000169-002,disamakan,O
000169-002,dengan,O
000169-002,beribu-ribu,O
000169-002,orang,O
000169-002,.,O
000169-002,Pengaturan,O
000169-002,ini,O
000169-002,merupakan,O
000169-002,strategi,O
000169-002,yang,O
000169-002,sangat,O
000169-002,bijaksana,O
000169-002,dan,O
000169-002,sekaligus,O
000169-002,amat,O
000169-002,detil,O
000169-002,",",O
000169-002,yang,O
000169-002,menggambarkan,O
000169-002,kecerdikan,O
000169-002,Rasulullah,B_PERSON
000169-002,sebagai,O
000169-002,seorang,O
000169-002,komandan,O
000169-002,perang,O
000169-002,.,O
000173-001,Ada,O
000173-001,beberapa,O
000173-001,wanita,O
000173-001,Quraisy,O
000173-001,yang,O
000173-001,ikut,O
000173-001,bergabung,O
000173-001,dalam,O
000173-001,pasukar,O
000173-001,perang,O
000173-001,kali,O
000173-001,ini,O
000173-001,",",O
000173-001,dipimpin,O
000173-001,Hindun,B_PERSON
000173-001,binti,I_PERSON
000173-001,Utbah,I_PERSON
000173-001,",",O
000173-001,istri,O
000173-001,Abu,B_PERSON
000173-001,Sufyan,I_PERSON
000173-001,.,O
000173-001,Mereka,O
000173-001,tak,O
000173-001,henti-hentinya,O
000173-001,berkeliling,O
000173-001,di,O
000173-001,antara,O
000173-001,barisan,O
000173-001,",",O
000173-001,menabuh,O
000173-001,rebana,O
000173-001,",",O
000173-001,membangkitkan,O
000173-001,semangat,O
000173-001,",",O
000173-001,mengobarkan,O
000173-001,tekad,O
000173-001,berperang,O
000173-001,dan,O
000173-001,menggerakkan,O
000173-001,perasaan,O
000173-001,untuk,O
000173-001,bertempur,O
000173-001,dan,O
000173-001,maju,O
000173-001,ke,O
000173-001,depan,O
000173-001,.,O
000173-001,Terkadang,O
000173-001,mereka,O
000173-001,berseru,O
000173-001,kepada,O
000173-001,orang-orang,O
000173-001,yang,O
000173-001,membawa,O
000173-001,bendera,O
000173-001,.,O
000173-001,"""",O
000173-001,Hayo,O
000173-001,Badi,O
000173-001,Abdid-Dar,O
000173-001,hayo,O
000173-001,pelindung,O
000173-001,barisan,O
000173-001,belakang,O
000173-001,tebaskan,O
000173-001,segala,O
000173-001,senjata,O
000173-001,yang,O
000173-001,tajam,O
000173-001,.,O
000173-001,"""",O
000173-001,Terkadang,O
000173-001,mereka,O
000173-001,memompa,O
000173-001,semangat,O
000173-001,kaumnya,O
000173-001,untuk,O
000173-001,terus,O
000173-001,berperang,O
000173-001,dengan,O
000173-001,berseru,O
000173-001,.,O
000173-001,"""",O
000173-001,Jika,O
000173-001,kalian,O
000173-001,maju,O
000173-001,kan,O
000173-001,kami,O
000173-001,peluk,O
000173-001,kami,O
000173-001,hamparkan,O
000173-001,kasur,O
000173-001,yang,O
000173-001,empuk,O
000173-001,atau,O
000173-001,jika,O
000173-001,kalian,O
000173-001,mundur,O
000173-001,kami,O
000173-001,kan,O
000173-001,berpisah,O
000173-001,perpisahan,O
000173-001,tanpa,O
000173-001,cinta,O
000173-001,kasih,O
000173-001,.,O
000173-001,"""",O
000174-001,Dua,O
000174-001,pihak,O
000174-001,saling,O
000174-001,mendekat,O
000174-001,dan,O
000174-001,merangsek,O
000174-001,ke,O
000174-001,depan,O
000174-001,.,O
000174-001,Tahapan-tahapan,O
000174-001,perang,O
000174-001,sudah,O
000174-001,dimulai,O
000174-001,.,O
000174-001,Yang,O
000174-001,pertama,O
000174-001,kali,O
000174-001,menyulut,O
000174-001,bara,O
000174-001,pertempuran,O
000174-001,adalah,O
000174-001,pembawa,O
000174-001,bendera,O
000174-001,dari,O
000174-001,kalangan,O
000174-001,musyrikin,O
000174-001,",",O
000174-001,yaitu,O
000174-001,Thalhah,B_PERSON
000174-001,bin,I_PERSON
000174-001,Abu,I_PERSON
000174-001,Thalhah,I_PERSON
000174-001,Al-Abdari,O
000174-001,.,O
000174-001,Dia,O
000174-001,adalah,O
000174-001,penunggang,O
000174-001,kuda,O
000174-001,Quraisy,O
000174-001,yang,O
000174-001,paling,O
000174-001,pemberani,O
000174-001,.,O
000174-001,Orang-,O
000174-001,orang,O
000174-001,Muslim,O
000174-001,menyebutnya,O
000174-001,Kabsyul,O
000174-001,Katibah,O
000174-001,.,O
000174-001,Dia,O
000174-001,keluar,O
000174-001,sambil,O
000174-001,menunggang,O
000174-001,onta,O
000174-001,",",O
000174-001,mengajak,O
000174-001,untuk,O
000174-001,adu,O
000174-001,tanding,O
000174-001,.,O
000174-001,Tak,O
000174-001,seorang,O
000174-001,pun,O
000174-001,yang,O
000174-001,segera,O
000174-001,menyambut,O
000174-001,tantangannya,O
000174-001,untuk,O
000174-001,adu,O
000174-001,tanding,O
000174-001,karena,O
000174-001,keberaniannya,O
000174-001,itu,O
000174-001,.,O
000174-001,Akhirnya,O
000174-001,Az-Zubair,B_PERSON
000174-001,maju,O
000174-001,menghampirinya,O
000174-001,.,O
000174-001,Dia,O
000174-001,maju,O
000174-001,tidak,O
000174-001,dengan,O
000174-001,cara,O
000174-001,pelan-pelan,O
000174-001,",",O
000174-001,tetapi,O
000174-001,langsung,O
000174-001,melompat,O
000174-001,layaknya,O
000174-001,seekor,O
000174-001,singa,O
000174-001,.,O
000174-001,Sehingga,O
000174-001,sebelum,O
000174-001,sempat,O
000174-001,Thalhah,O
000174-001,turun,O
000174-001,dari,O
000174-001,punggung,O
000174-001,ontanya,O
000174-001,",",O
000174-001,Az-Zubair,B_PERSON
000174-001,sudah,O
000174-001,menusukkan,O
000174-001,pedangnya,O
000174-001,hingga,O
000174-001,Thalhah,O
000174-001,terjerembab,O
000174-001,ke,O
000174-001,tanah,O
000174-001,",",O
000174-001,mati,O
000174-001,.,O
000174-001,Nabi,O
000174-001,menyaksikan,O
000174-001,adu,O
000174-001,tanding,O
000174-001,yang,O
000174-001,sangat,O
000174-001,mencengankan,O
000174-001,ini,O
000174-001,Maka,O
000174-001,seketika,O
000174-001,beliau,O
000174-001,bertakbir,O
000174-001,yang,O
000174-001,kemudian,O
000174-001,dikuti,O
000174-001,semua,O
000174-001,orang,O
000174-001,Muslim,O
000174-001,.,O
000174-001,Beliau,O
000174-001,memuji,O
000174-001,Az-Zubair,O
000174-001,dan,O
000174-001,bersabda,O
000174-001,sesuai,O
000174-001,dengan,O
000174-001,kapasitas,O
000174-001,dirinya,O
000174-001,",",O
000174-001,"""",O
000174-001,Sesungguhnya,O
000174-001,setiap,O
000174-001,Nabi,O
000174-001,itu,O
000174-001,mempunyai,O
000174-001,pengikut,O
000174-001,setia,O
000174-001,.,O
000174-001,Adapun,O
000174-001,pengikut,O
000174-001,setiaku,O
000174-001,adalah,O
000174-001,Az-Zubair,B_PERSON
000174-001,".""",O
000177-001,Inilah,O
000177-001,penuturan,O
000177-001,yang,O
000177-001,disampaikan,O
000177-001,sendiri,O
000177-001,oleh,O
000177-001,pembunuh,O
000177-001,Hamzah,B_PERSON
000177-001,",",O
000177-001,Wahsy,B_PERSON
000177-001,bin,I_PERSON
000177-001,Harb,I_PERSON
000177-001,",",O
000177-001,"""",O
000177-001,Sebelumnya,O
000177-001,aku,O
000177-001,adalah,O
000177-001,budak,O
000177-001,Jubair,B_PERSON
000177-001,bin,I_PERSON
000177-001,Muth'im,I_PERSON
000177-001,.,O
000177-001,Paman,O
000177-001,Jubair,O
000177-001,.,O
000177-001,Thu'aimah,B_PERSON
000177-001,bin,I_PERSON
000177-001,Adi,I_PERSON
000177-001,terbunuh,O
000177-001,pada,O
000177-001,Perang,B_EVENT
000177-001,Badr,I_EVENT
000177-001,.,O
000177-001,Pada,O
000177-001,saat,O
000177-001,Quraisy,O
000177-001,pergi,O
000177-001,ke,O
000177-001,Uhud,B_LOCATION
000177-001,",",O
000177-001,Jubair,O
000177-001,berkata,O
000177-001,kepadaku,O
000177-001,",",O
000177-001,"""",O
000177-001,Jika,O
000177-001,kamu,O
000177-001,dapat,O
000177-001,membunuh,O
000177-001,Hamzah,B_PERSON
000177-001,",",O
000177-001,paman,O
000177-001,Muhammad,B_PERSON
000177-001,",",O
000177-001,sebagai,O
000177-001,pembalasan,O
000177-001,atas,O
000177-001,terbunuhnya,O
000177-001,pamanku,O
000177-001,",",O
000177-001,maka,O
000177-001,engkau,O
000177-001,jadi,O
000177-001,merdeka',O
000177-001,.,O
000177-001,Maka,O
000177-001,aku,O
000177-001,pun,O
000177-001,ikut,O
000177-001,bergabung,O
000177-001,bersama,O
000177-001,pasukan,O
000177-001,.,O
000177-001,Aku,O
000177-001,adalah,O
000177-001,seorang,O
000177-001,penduduk,O
000177-001,Habasyah,B_LOCATION
000177-001,.,O
000177-001,Seperti,O
000177-001,lazimnya,O
000177-001,orang-orang,O
000177-001,Habasyah,B_LOCATION
000177-001,",",O
000177-001,aku,O
000177-001,juga,O
000177-001,mahir,O
000177-001,dalam,O
000177-001,melontarkan,O
000177-001,tombak,O
000177-001,kecil,O
000177-001,.,O
000177-001,Jarang,O
000177-001,sekali,O
000177-001,aku,O
000177-001,meleset,O
000177-001,dari,O
000177-001,sasaran,O
000177-001,.,O
000177-001,Saat,O
000177-001,mereka,O
000177-001,bertempur,O
000177-001,",",O
000177-001,aku,O
000177-001,segera,O
000177-001,beranjak,O
000177-001,mencari-cari,O
000177-001,Hamzah,B_PERSON
000177-001,.,O
000177-001,Akhirnya,O
000177-001,aku,O
000177-001,dapat,O
000177-001,melihat,O
000177-001,kelebatnya,O
000177-001,di,O
000177-001,tengah,O
000177-001,manusia,O
000177-001,layaknya,O
000177-001,onta,O
000177-001,abu-abu,O
000177-001,yang,O
000177-001,lincah,O
000177-001,.,O
000177-001,Tak,O
000177-001,seorang,O
000177-001,pun,O
000177-001,mampu,O
000177-001,menghadapi,O
000177-001,terjangannya,O
000177-001,.,O
000177-001,Demi,O
000177-001,Allah,O
000177-001,",",O
000177-001,aku,O
000177-001,pun,O
000177-001,bersiap-siap,O
000177-001,menjadikan,O
000177-001,sebagai,O
000177-001,sasaran,O
000177-001,.,O
000177-001,Aku,O
000177-001,berlindung,O
000177-001,di,O
000177-001,balik,O
000177-001,batu,O
000177-001,atau,O
000177-001,pohon,O
000177-001,untuk,O
000177-001,dapat,O
000177-001,mendekatinya,O
000177-001,.,O
000177-001,Tetapi,O
000177-001,tiba-tiba,O
000177-001,Siba',B_PERSON
000177-001,bin,I_PERSON
000177-001,Abdul,I_PERSON
000177-001,Uzza,I_PERSON
000177-001,mencul,O
000177-001,mendahuluiku,O
000177-001,dengan,O
000177-001,mendatangi,O
000177-001,Hamzah,B_PERSON
000177-001,"""",O
000177-001,Kemarilah,O
000177-001,wahai,O
000177-001,anak,O
000177-001,wanita,O
000177-001,tukang,O
000177-001,supit,O
000177-001,"!""",O
000177-001,kata,O
000177-001,Siba',O
000177-001,kepada,O
000177-001,Hamzah,B_PERSON
000177-001,",",O
000177-001,karena,O
000177-001,memang,O
000177-001,ibunya,O
000177-001,adalah,O
000177-001,tukang,O
000177-001,supit,O
000177-001,.,O
000177-001,Seketika,O
000177-001,Hamzah,B_PERSON
000177-001,menyabetkan,O
000177-001,pedangnya,O
000177-001,",",O
000177-001,tepat,O
000177-001,mengenai,O
000177-001,kepala,O
000177-001,Siba',O
000177-001,.,O
000177-001,Tombak,O
000177-001,kecil,O
000177-001,sudah,O
000177-001,kuayun-ayunkan,O
000177-001,di,O
000177-001,tangan,O
000177-001,.,O
000177-001,Saat,O
000177-001,kurasa,O
000177-001,sudah,O
000177-001,me-,O
000177-001,mungkinkan,O
000177-001,",",O
000177-001,tombak,O
000177-001,kulontarkan,O
000177-001,tepat,O
000177-001,mengenai,O
000177-001,perutnya,O
000177-001,bagian,O
000177-001,bawah,O
000177-001,",",O
000177-001,hingga,O
000177-001,tembus,O
000177-001,ke,O
000177-001,selangkangannya,O
000177-001,.,O
000177-001,Dia,O
000177-001,berjalan,O
000177-001,ke,O
000177-001,arahku,O
000177-001,dengan,O
000177-001,badan,O
000177-001,limbung,O
000177-001,lalu,O
000177-001,terjerembab,O
000177-001,ke,O
000177-001,tanah,O
000177-001,.,O
000177-001,Aku,O
000177-001,menungguinya,O
000177-001,beberapa,O
000177-001,saat,O
000177-001,hingga,O
000177-001,dia,O
000177-001,benar-benar,O
000177-001,meninggal,O
000177-001,.,O
000177-002,Aku,O
000177-002,menungguinya,O
000177-002,beberapa,O
000177-002,saat,O
000177-002,hingga,O
000177-002,dia,O
000177-002,benar-benar,O
000177-002,meninggal,O
000177-002,.,O
000177-002,Setelah,O
000177-002,itu,O
000177-002,baru,O
000177-002,kuhampiri,O
000177-002,jasadnya,O
000177-002,dan,O
000177-002,kucabut,O
000177-002,tombakku,O
000177-002,.,O
000177-002,Kemudian,O
000177-002,aku,O
000177-002,kembali,O
000177-002,lagi,O
000177-002,ke,O
000177-002,tenda,O
000177-002,dan,O
000177-002,duduk,O
000177-002,di,O
000177-002,sana,O
000177-002,.,O
000177-002,Aku,O
000177-002,tidak,O
000177-002,mempunyai,O
000177-002,kepentingan,O
000177-002,lain,O
000177-002,.,O
000177-002,Aku,O
000177-002,membunuh,O
000177-002,Hamzah,B_PERSON
000177-002,dengan,O
000177-002,tujuan,O
000177-002,agar,O
000177-002,aku,O
000177-002,menjadi,O
000177-002,orang,O
000177-002,merdeka,O
000177-002,.,O
000177-002,Maka,O
000177-002,setiba,O
000177-002,di,O
000177-002,Makkah,B_LOCATION
000177-002,",",O
000177-002,aku,O
000177-002,pun,O
000177-002,176,O
000177-002,Sirah,O
000177-002,An-Nabawiyah,O
000177-002,",",O
000177-002,Ibnu,B_PERSON
000177-002,Hisyam,I_PERSON
000177-002,",",O
000177-002,2/69-72,O
000177-002,;,O
000177-002,Shahih,O
000177-002,Al-Bukhari,O
000177-002,",",O
000177-002,2/583,O
000177-002,.,O
000177-002,Akhirnya,O
000177-002,Wahsyi,O
000177-002,masuk,O
000177-002,Islam,O
000177-002,setelah,O
000177-002,Perang,B_EVENT
000177-002,Tha'if,I_EVENT
000177-002,dan,O
000177-002,akhirnya,O
000177-002,dia,O
000177-002,dapat,O
000177-002,membunuh,O
000177-002,Musailamah,O
000177-002,Al-Kadzdzab,O
000177-002,dengan,O
000177-002,tombaknya,O
000177-002,itu,O
000177-002,pula,O
000177-002,.,O
000177-002,Dia,O
000177-002,juga,O
000177-002,ikut,O
000177-002,bergabung,O
000177-002,dalam,O
000177-002,Perang,B_EVENT
000177-002,Yarmuk,I_EVENT
000177-002,melawan,O
000177-002,pasukan,O
000177-002,Romawi,O
000177-002,.,O
000182-001,Pada,O
000182-001,saat,O
000182-001,pasukan,O
000182-001,Islam,O
000182-001,yang,O
000182-001,kecil,O
000182-001,tinggal,O
000182-001,meraih,O
000182-001,kemenangan,O
000182-001,sebentar,O
000182-001,lagi,O
000182-001,atas,O
000182-001,pasukan,O
000182-001,Quraisy,O
000182-001,",",O
000182-001,yang,O
000182-001,nilai,O
000182-001,kemenangannya,O
000182-001,tidak,O
000182-001,kalah,O
000182-001,sedikit,O
000182-001,dari,O
000182-001,kemenangan,O
000182-001,yang,O
000182-001,diraih,O
000182-001,di,O
000182-001,Perang,B_EVENT
000182-001,Badr,I_EVENT
000182-001,",",O
000182-001,terjadi,O
000182-001,kesalahan,O
000182-001,fatal,O
000182-001,yang,O
000182-001,dilakukan,O
000182-001,para,O
000182-001,pemanah,O
000182-001,",",O
000182-001,sehingga,O
000182-001,bisa,O
000182-001,membalik,O
000182-001,keadaan,O
000182-001,secara,O
000182-001,total,O
000182-001,dan,O
000182-001,akhirnya,O
000182-001,menimbulkan,O
000182-001,kerugian,O
000182-001,yang,O
000182-001,amat,O
000182-001,banyak,O
000182-001,bagi,O
000182-001,pasukan,O
000182-001,Muslimin,O
000182-001,",",O
000182-001,bahkan,O
000182-001,hampir,O
000182-001,saja,O
000182-001,menyebabkan,O
000182-001,kematian,O
000182-001,bagi,O
000182-001,Nabi,O
000182-001,.,O
000182-001,Kejadian,O
000182-001,ini,O
000182-001,membiaskan,O
000182-001,pengaruh,O
000182-001,yang,O
000182-001,kurang,O
000182-001,menguntungkan,O
000182-001,bagi,O
000182-001,ketenaran,O
000182-001,dan,O
000182-001,kehebatan,O
000182-001,mereka,O
000182-001,setelah,O
000182-001,meraih,O
000182-001,kemenangan,O
000182-001,di,O
000182-001,Badr,B_LOCATION
000182-001,.,O
000182-001,Telah,O
000182-001,kami,O
000182-001,utarakan,O
000182-001,teks,O
000182-001,perintah,O
000182-001,Nabi,O
000182-001,yang,O
000182-001,sangat,O
000182-001,keras,O
000182-001,terhadap,O
000182-001,para,O
000182-001,pemanah,O
000182-001,itu,O
000182-001,",",O
000182-001,agar,O
000182-001,mereka,O
000182-001,tetap,O
000182-001,berada,O
000182-001,di,O
000182-001,atas,O
000182-001,bukit,O
000182-001,",",O
000182-001,dalam,O
000182-001,keadaan,O
000182-001,kalah,O
000182-001,maupun,O
000182-001,menang,O
000182-001,.,O
000182-001,Sekalipun,O
000182-001,sudah,O
000182-001,ada,O
000182-001,perintah,O
000182-001,yang,O
000182-001,sangat,O
000182-001,tegas,O
000182-001,ini,O
000182-001,",",O
000182-001,tatkala,O
000182-001,pasukan,O
000182-001,pemanah,O
000182-001,melihat,O
000182-001,orang-orang,O
000182-001,Muslim,O
000182-001,sudah,O
000182-001,mengumpulkan,O
000182-001,harta,O
000182-001,rampasan,O
000182-001,dari,O
000182-001,pihak,O
000182-001,musuh,O
000182-001,",",O
000182-001,mereka,O
000182-001,pun,O
000182-001,dikuasai,O
000182-001,egoisme,O
000182-001,kecintaan,O
000182-001,terhadap,O
000182-001,duniawi,O
000182-001,.,O
000182-001,Mereka,O
000182-001,saling,O
000182-001,berkata,O
000182-001,",",O
000182-001,"""",O
000182-001,Harta,O
000182-001,rampasan,O
000182-001,",",O
000182-001,harta,O
000182-001,rampasan,O
000182-001,!,O
000182-001,Rekan-rekan,O
000182-001,kalian,O
000182-001,sudah,O
000182-001,menang,O
000182-001,.,O
000182-001,Apa,O
000182-001,lagi,O
000182-001,yang,O
000182-001,kalian,O
000182-001,tunggu,O
000182-001,"?""",O
000182-001,Komandan,O
000182-001,mereka,O
000182-001,",",O
000182-001,Abdullah,B_PERSON
000182-001,bin,I_PERSON
000182-001,Jubair,I_PERSON
000182-001,mengingatkan,O
000182-001,perintah,O
000182-001,Rasulullah,B_PERSON
000182-001,kepada,O
000182-001,mereka,O
000182-001,",",O
000182-001,dengan,O
000182-001,berkata,O
000182-001,",",O
000182-001,"""",O
000182-001,Apakah,O
000182-001,kalian,O
000182-001,sudah,O
000182-001,lupa,O
000182-001,apa,O
000182-001,yang,O
000182-001,dikatakan,O
000182-001,Rasulullah,B_PERSON
000182-001,kepada,O
000182-001,kalian,O
000182-001,"?""",O
000182-001,Tetapi,O
000182-001,mayoritas,O
000182-001,di,O
000182-001,antara,O
000182-001,mereka,O
000182-001,tidak,O
000182-001,mempedulikan,O
000182-001,peringatan,O
000182-001,ini,O
000182-001,.,O
000185-001,Saat,O
000185-001,pasukan,O
000185-001,Muslimin,O
000185-001,terjepit,O
000185-001,",",O
000185-001,banyak,O
000185-001,di,O
000185-001,antara,O
000185-001,mereka,O
000185-001,yang,O
000185-001,hilang,O
000185-001,kendalinya,O
000185-001,.,O
000185-001,Tidak,O
000185-001,ada,O
000185-001,yang,O
000185-001,dipikirkan,O
000185-001,kecuali,O
000185-001,keselamatan,O
000185-001,diri,O
000185-001,sendiri,O
000185-001,.,O
000185-001,Mereka,O
000185-001,lari,O
000185-001,dan,O
000185-001,meninggalkan,O
000185-001,kancah,O
000185-001,pertempuran,O
000185-001,.,O
000185-001,Mereka,O
000185-001,tidak,O
000185-001,tahu,O
000185-001,apa,O
000185-001,yang,O
000185-001,terjadi,O
000185-001,di,O
000185-001,belakang,O
000185-001,mereka,O
000185-001,setelah,O
000185-001,itu,O
000185-001,.,O
000185-001,Bahkan,O
000185-001,di,O
000185-001,antara,O
000185-001,mereka,O
000185-001,ada,O
000185-001,yang,O
000185-001,kembali,O
000185-001,ke,O
000185-001,Madinah,B_LOCATION
000185-001,.,O
000185-001,Sebagian,O
000185-001,yang,O
000185-001,lain,O
000185-001,ada,O
000185-001,yang,O
000185-001,melarikan,O
000185-001,diri,O
000185-001,ke,O
000185-001,atas,O
000185-001,gunung,O
000185-001,dan,O
000185-001,sebagian,O
000185-001,lain,O
000185-001,ada,O
000185-001,yang,O
000185-001,berbaur,O
000185-001,dengan,O
000185-001,orang-orang,O
000185-001,musyrik,O
000185-001,.,O
000185-001,Dua,O
000185-001,pasukan,O
000185-001,saling,O
000185-001,bercampur,O
000185-001,baur,O
000185-001,dan,O
000185-001,sulit,O
000185-001,dibeda-bedakan,O
000185-001,",",O
000185-001,sehingga,O
000185-001,tak,O
000185-001,jarang,O
000185-001,orang,O
000185-001,Muslim,O
000185-001,ada,O
000185-001,yang,O
000185-001,menyerang,O
000185-001,orang,O
000185-001,Muslim,O
000185-001,lainnya,O
000185-001,.,O
000185-001,Al-Bukhari,O
000185-001,meriwayatkan,O
000185-001,dari,O
000185-001,Aisyah,B_PERSON
000185-001,",",O
000185-001,dia,O
000185-001,berkata,O
000185-001,",",O
000185-001,"""",O
000185-001,Pada,O
000185-001,saat,O
000185-001,Perang,B_EVENT
000185-001,Uhud,I_EVENT
000185-001,",",O
000185-001,orang-orang,O
000185-001,musyrik,O
000185-001,sudah,O
000185-001,kalah,O
000185-001,telak,O
000185-001,.,O
000185-001,Lalu,O
000185-001,ada,O
000185-001,iblis,O
000185-001,yang,O
000185-001,berseru,O
000185-001,.,O
000185-001,'Hai,O
000185-001,hamba-hamba,O
000185-001,Allah,O
000185-001,",",O
000185-001,waspadailah,O
000185-001,orang-orang,O
000185-001,di,O
000185-001,belakang,O
000185-001,kalian,O
000185-001,!,O
000185-001,Keadaan,O
000185-001,menjadi,O
000185-001,berbalik,O
000185-001,dan,O
000185-001,mereka,O
000185-001,menjadi,O
000185-001,campur,O
000185-001,aduk,O
000185-001,.,O
000185-001,Hudzifah,O
000185-001,segera,O
000185-001,menyadari,O
000185-001,hal,O
000185-001,ini,O
000185-001,.,O
000185-001,Dia,O
000185-001,yang,O
000185-001,bersama,O
000185-001,ayahnya,O
000185-001,",",O
000185-001,Al-Yaman,B_PERSON
000185-001,",",O
000185-001,berteriak-teriak,O
000185-001,"""",O
000185-001,Hai,O
000185-001,hamba-hamba,O
000185-001,Allah,O
000185-001,",",O
000185-001,dia,O
000185-001,adalah,O
000185-001,ayahku,O
000185-001,"!""",O
000185-001,Dia,O
000185-001,khawatir,O
000185-001,ayahnya,O
000185-001,menjadi,O
000185-001,korban,O
000185-001,salah,O
000185-001,sasaran,O
000185-001,.,O
000185-001,Namun,O
000185-001,tak,O
000185-001,ada,O
000185-001,orang,O
000185-001,yang,O
000185-001,menghalangi,O
000185-001,mereka,O
000185-001,",",O
000185-001,tatkala,O
000185-001,mereka,O
000185-001,membunuh,O
000185-001,ayahnya,O
000185-001,.,O
000185-001,Akhinya,O
000185-001,Hudzaifah,O
000185-001,hanya,O
000185-001,bisa,O
000185-001,berkata,O
000185-001,",",O
000185-001,"""",O
000185-001,Semoga,O
000185-001,Allah,O
000185-001,mengampuni,O
000185-001,kalian,O
000185-001,".""",O
000185-001,Ini,O
000185-001,terjadi,O
000185-001,saat,O
000185-001,barisan,O
000185-001,menjadi,O
000185-001,kacau,O
000185-001,balau,O
000185-001,",",O
000185-001,centang,O
000185-001,perenang,O
000185-001,dan,O
000185-001,keadaan,O
000185-001,menjadi,O
000185-001,hingar,O
000185-001,bingar,O
000185-001,.,O
000185-001,Mereka,O
000185-001,tidak,O
000185-001,tahu,O
000185-001,harus,O
000185-001,menghadang,O
000185-001,ke,O
000185-001,mana,O
000185-001,.,O
000199-003,Kalau,O
000199-003,tidak,O
000199-003,karena,O
000199-003,itu,O
000199-003,",",O
000199-003,aku,O
000199-003,tak,O
000199-003,kan,O
000199-003,sudi,O
000199-003,berperang,O
000199-003,".""",O
000199-003,Karena,O
000199-003,merasa,O
000199-003,tidak,O
000199-003,tahan,O
000199-003,lagi,O
000199-003,dengan,O
000199-003,sakit,O
000199-003,yang,O
000199-003,dideritanya,O
000199-003,",",O
000199-003,maka,O
000199-003,dia,O
000199-003,pun,O
000199-003,bunuh,O
000199-003,diri,O
000199-003,.,O
000199-003,Setelah,O
000199-003,mendengar,O
000199-003,kabarnya,O
000199-003,",",O
000199-003,Rasulullah,B_PERSON
000199-003,bersabda,O
000199-003,",",O
000199-003,"""",O
000199-003,Jika,O
000199-003,dia,O
000199-003,berkata,O
000199-003,seperti,O
000199-003,itu,O
000199-003,",",O
000199-003,maka,O
000199-003,dia,O
000199-003,termasuk,O
000199-003,penghuni,O
000199-003,neraka,O
000199-003,".""",O
000199-003,Begitulah,O
000199-003,akhir,O
000199-003,perjalanan,O
000199-003,orang-orang,O
000199-003,yang,O
000199-003,berperang,O
000199-003,karena,O
000199-003,membela,O
000199-003,kesukuannya,O
000199-003,atau,O
000199-003,karena,O
000199-003,berjuang,O
000199-003,untuk,O
000199-003,meninggikan,O
000199-003,kalimat,O
000199-003,Allah,O
000199-003,",",O
000199-003,sekalipun,O
000199-003,mereka,O
000199-003,berperang,O
000199-003,di,O
000199-003,bawah,O
000199-003,bendera,O
000199-003,Islam,O
000199-003,dan,O
000199-003,bergabung,O
000199-003,bersama,O
000199-003,pasukan,O
000199-003,Rasulullah,B_PERSON
000199-003,dan,O
000199-003,para,O
000199-003,sahabat,O
000199-003,.,O
000199-003,Sebaliknya,O
000199-003,",",O
000199-003,di,O
000199-003,antara,O
000199-003,orang-orang,O
000199-003,yang,O
000199-003,terbunuh,O
000199-003,terdapat,O
000199-003,seorang,O
000199-003,Yahudi,O
000199-003,dari,O
000199-003,Bani,O
000199-003,Tsa'labah,O
000199-003,.,O
000199-003,Namanya,O
000199-003,Mukhairiq,O
000199-003,.,O
000199-003,Saat,O
000199-003,Perang,B_EVENT
000199-003,Uhud,I_EVENT
000199-003,itu,O
000199-003,dia,O
000199-003,berkata,O
000199-003,kepada,O
000199-003,kaumnya,O
000199-003,",",O
000199-003,"""",O
000199-003,Wahai,O
000199-003,semua,O
000199-003,orang,O
000199-003,Yahudi,O
000199-003,",",O
000199-003,demi,O
000199-003,Allah,O
000199-003,",",O
000199-003,kalian,O
000199-003,sudah,O
000199-003,tahu,O
000199-003,bahwa,O
000199-003,membantu,O
000199-003,Muhammad,B_PERSON
000199-003,saat,O
000199-003,ini,O
000199-003,merupakan,O
000199-003,kewajiban,O
000199-003,bagi,O
000199-003,kalian,O
000199-003,".""",O
000199-003,Mereka,O
000199-003,berkata,O
000199-003,",",O
000199-003,"""",O
000199-003,Hari,O
000199-003,ini,O
000199-003,adalah,O
000199-003,hari,B_TIME
000199-003,Sabtu,I_TIME
000199-003,".""",O
000199-003,Hari,B_TIME
000199-003,Sabtu,I_TIME
000199-003,adalah,O
000199-003,hari,O
000199-003,besar,O
000199-003,dan,O
000199-003,suci,O
000199-003,bagi,O
000199-003,orang-orang,O
000199-003,Yahudi,O
000199-003,.,O
000199-003,Pada,O
000199-003,hari,O
000199-003,ini,O
000199-003,mereka,O
000199-003,tidak,O
000199-003,diperkenankan,O
000199-003,berperang,O
000199-003,.,O
000199-003,"""",O
000199-003,Tidak,O
000199-003,ada,O
000199-003,hari,B_TIME
000199-003,Sabtu,I_TIME
000199-003,bagi,O
000199-003,kalian,O
000199-003,",""",O
000199-003,jawabnya,O
000199-003,.,O
000199-003,Lalu,O
000199-003,mengambil,O
000199-003,pedang,O
000199-003,dan,O
000199-003,segala,O
000199-003,perlengkapan,O
000199-003,",",O
000199-003,seraya,O
000199-003,berkata,O
000199-003,",",O
000199-003,"""",O
000199-003,Kalau,O
000199-003,pun,O
000199-003,aku,O
000199-003,mendapat,O
000199-003,celaka,O
000199-003,.,O
000199-003,aku,O
000199-003,tak,O
000199-003,peduli,O
000199-003,dengan,O
000199-003,diri,O
000199-003,Muhammad,B_PERSON
000199-003,.,O
000199-003,Biarlah,O
000199-003,dia,O
000199-003,berbuat,O
000199-003,semaunya,O
000199-003,dalam,O
000199-003,peperangan,O
000199-003,ini,O
000199-003,".""",O
000199-003,Kemudian,O
000199-003,dia,O
000199-003,pergi,O
000199-003,ke,O
000199-003,medan,O
000199-003,perang,O
000199-003,dan,O
000199-003,bertempur,O
000199-003,hingga,O
000199-003,terbunuh,O
000199-003,.,O
000199-003,Rasulullah,B_PERSON
000199-003,bersabda,O
000199-003,tentang,O
000199-003,dirinya,O
000199-003,",",O
000199-003,"""",O
000199-003,Mukhairiq,O
000199-003,adalah,O
000199-003,sebaik-baik,O
000199-003,orang,O
000199-003,Yahudi,O
000199-003,".""",O
000205-001,Orang-orang,O
000205-001,Muslim,O
000205-001,berada,O
000205-001,di,O
000205-001,Madinah,B_LOCATION
000205-001,pada,O
000205-001,malam,B_TIME
000205-001,Ahad,I_TIME
000205-001,",",O
000205-001,sepulang,O
000205-001,dari,O
000205-001,Perang,B_EVENT
000205-001,Uhud,I_EVENT
000205-001,.,O
000205-001,Suasana,O
000205-001,duka,O
000205-001,menyelimuti,O
000205-001,diri,O
000205-001,mereka,O
000205-001,",",O
000205-001,ditambah,O
000205-001,lagi,O
000205-001,keadaan,O
000205-001,badan,O
000205-001,yang,O
000205-001,terasa,O
000205-001,letih,O
000205-001,dan,O
000205-001,payah,O
000205-001,.,O
000205-001,Kali,O
000205-001,ini,O
000205-001,mereka,O
000205-001,benar-benar,O
000205-001,mendapat,O
000205-001,bencana,O
000205-001,.,O
000205-001,Namun,O
000205-001,begitu,O
000205-001,mereka,O
000205-001,tetap,O
000205-001,berjaga-jaga,O
000205-001,di,O
000205-001,dalam,O
000205-001,dan,O
000205-001,pinggir,O
000205-001,Al-Halabiyah,O
000205-001,.,O
000205-001,2/47,O
000205-001,.,O
000205-001,197,O
000205-001,Sirah,O
000205-001,An-Nabawiyah,O
000205-001,",",O
000205-001,Ibnu,B_PERSON
000205-001,Hisyam,I_PERSON
000205-001,",",O
000205-001,2/100,O
000205-001,.,O
000205-001,198,O
000205-001,Lihat,O
000205-001,rincian,O
000205-001,masalah,O
000205-001,ini,O
000205-001,dalam,O
000205-001,Sirah,O
000205-001,An-Nabawiyah,O
000205-001,",",O
000205-001,Ibnu,B_PERSON
000205-001,Hisyam,I_PERSON
000205-001,",",O
000205-001,2/122-129,O
000205-001,;,O
000205-001,Fathul-Bari,O
000205-001,",",O
000205-001,7/351,O
000205-001,.,O
000205-001,Madinah,B_LOCATION
000205-001,",",O
000205-001,khususnya,O
000205-001,menjaga,O
000205-001,komandan,O
000205-001,tertinggi,O
000205-001,",",O
000205-001,Rasulullah,B_PERSON
000205-001,",",O
000205-001,yang,O
000205-001,sewaktu,O
000205-001,waktu,O
000205-001,bisa,O
000205-001,terancam,O
000205-001,bahaya,O
000232-001,Setelah,O
000232-001,Rasululah,B_PERSON
000232-001,merasa,O
000232-001,tenang,O
000232-001,berada,O
000232-001,di,O
000232-001,sana,O
000232-001,",",O
000232-001,tiba-tiba,O
000232-001,muncul,O
000232-001,Budail,B_PERSON
000232-001,bin,I_PERSON
000232-001,Warqa',I_PERSON
000232-001,Al-Khuza'y,O
000232-001,bersama,O
000232-001,beberapa,O
000232-001,orang,O
000232-001,dari,O
000232-001,Bani,O
000232-001,Khuza'ah,O
000232-001,Bani,O
000232-001,Khuza'ah,O
000232-001,biasa,O
000232-001,memberi,O
000232-001,nasihat,O
000232-001,kepada,O
000232-001,beliau,O
000232-001,.,O
000232-001,Budial,O
000232-001,berkata,O
000232-001,",",O
000232-001,"""",O
000232-001,Saat,O
000232-001,aku,O
000232-001,meninggalkan,O
000232-001,Ka'b,B_PERSON
000232-001,bin,I_PERSON
000232-001,Lu'ay,I_PERSON
000232-001,",",O
000232-001,mereka,O
000232-001,siap,O
000232-001,berangkat,O
000232-001,ke,O
000232-001,Hudaibiyah,B_LOCATION
000232-001,dengan,O
000232-001,membawa,O
000232-001,pasukan,O
000232-001,.,O
000232-001,Mereka,O
000232-001,hendak,O
000232-001,memerangi,O
000232-001,engkau,O
000232-001,dan,O
000232-001,menghalangi,O
000232-001,engkau,O
000232-001,memasuki,O
000232-001,Masjidil,B_LOCATION
000232-001,Haram,I_LOCATION
000232-001,",""",O
000232-001,Rasulullah,B_PERSON
000232-001,bersabda,O
000232-001,",",O
000232-001,"""",O
000232-001,Sesungguhnya,O
000232-001,kami,O
000232-001,datang,O
000232-001,bukan,O
000232-001,untuk,O
000232-001,memerangi,O
000232-001,seseorang,O
000232-001,.,O
000232-001,Tetapi,O
000232-001,kami,O
000232-001,datang,O
000232-001,untuk,O
000232-001,melakukan,O
000232-001,umrah,O
000232-001,.,O
000232-001,Rupanya,O
000232-001,orang-orang,O
000232-001,Quraisy,O
000232-001,sudah,O
000232-001,semakin,O
000232-001,surut,O
000232-001,dan,O
000232-001,menjadi,O
000232-001,buta,O
000232-001,karena,O
000232-001,peperangan,O
000232-001,.,O
000232-001,Jika,O
000232-001,mereka,O
000232-001,menghendaki,O
000232-001,",",O
000232-001,engkau,O
000232-001,bisa,O
000232-001,membujuk,O
000232-001,mereka,O
000232-001,dan,O
000232-001,membukakan,O
000232-001,jalan,O
000232-001,bagiku,O
000232-001,",",O
000232-001,dan,O
000232-001,jika,O
000232-001,mereka,O
000232-001,menghendaki,O
000232-001,untuk,O
000232-001,memasuki,O
000232-001,sesuatu,O
000232-001,yang,O
000232-001,biasa,O
000232-001,dimasuki,O
000232-001,manusia,O
000232-001,",",O
000232-001,maka,O
000232-001,mereka,O
000232-001,bisa,O
000232-001,melakukannya,O
000232-001,yang,O
000232-001,berarti,O
000232-001,mereka,O
000232-001,masih,O
000232-001,memiliki,O
000232-001,nyali,O
000232-001,.,O
000232-001,Namun,O
000232-001,jika,O
000232-001,tidak,O
000232-001,menghendaki,O
000232-001,kecuali,O
000232-001,perang,O
000232-001,",",O
000232-001,maka,O
000232-001,demi,O
000232-001,diriku,O
000232-001,yang,O
000232-001,ada,O
000232-001,di,O
000232-001,tangan-Nya,O
000232-001,",",O
000232-001,aku,O
000232-001,pasti,O
000232-001,akan,O
000232-001,melayani,O
000232-001,keinginan,O
000232-001,mereka,O
000232-001,hingga,O
000232-001,kemenangan,O
000232-001,yang,O
000232-001,lalu,O
000232-001,hanya,O
000232-001,menjadi,O
000232-001,milikku,O
000232-001,atau,O
000232-001,biarlah,O
000232-001,Allah,O
000232-001,menentukan,O
000232-001,keputusan-Nya,O
000232-001,".""",O
000232-001,Budail,O
000232-001,berkata,O
000232-001,",",O
000232-001,"""",O
000232-001,Aku,O
000232-001,akan,O
000232-001,menyampaikan,O
000232-001,apa,O
000232-001,yang,O
000232-001,engkau,O
000232-001,katakan,O
000232-001,ini,O
000232-001,kepada,O
000232-001,mereka,O
000232-001,".""",O
000232-001,Lalu,O
000232-001,dia,O
000232-001,beranjak,O
000232-001,pergi,O
000232-001,untuk,O
000232-001,menemui,O
000232-001,Quraisy,O
000232-001,",",O
000232-001,seraya,O
000232-001,berkata,O
000232-001,",",O
000232-001,"""",O
000232-001,Aku,O
000232-001,datang,O
000232-001,kepada,O
000232-001,kalian,O
000232-001,setelah,O
000232-001,menemui,O
000232-001,Muhammad,B_PERSON
000232-001,dan,O
000232-001,aku,O
000232-001,mendengar,O
000232-001,dia,O
000232-001,telah,O
000232-001,mengucapkan,O
000232-001,suatu,O
000232-001,perkataan,O
000232-001,.,O
000241-004,Di,O
000241-004,sini,O
000241-004,tidak,O
000241-004,ada,O
000241-004,sesuatu,O
000241-004,yang,O
000241-004,membahayakan,O
000241-004,bagi,O
000241-004,orang-orang,O
000241-004,Muslim,O
000241-004,.,O
000241-004,Sebagaimana,O
000241-004,diketahui,O
000241-004,",",O
000241-004,selagi,O
000241-004,seseorang,O
000241-004,disebut,O
000241-004,orang,O
000241-004,Muslim,O
000241-004,",",O
000241-004,tentu,O
000241-004,dia,O
000241-004,tidak,O
000241-004,akan,O
000241-004,lari,O
000241-004,dari,O
000241-004,Allah,O
000241-004,dan,O
000241-004,Rasul-Nya,O
000241-004,",",O
000241-004,tidak,O
000241-004,meninggalkan,O
000241-004,wilayah,O
000241-004,Islam,O
000241-004,",",O
000241-004,kecuali,O
000241-004,dia,O
000241-004,memang,O
000241-004,murtad,O
000241-004,secara,O
000241-004,lahir,O
000241-004,dan,O
000241-004,batin,O
000241-004,.,O
000241-004,Jika,O
000241-004,dia,O
000241-004,murtad,O
000241-004,",",O
000241-004,maka,O
000241-004,Islam,O
000241-004,dan,O
000241-004,orang-orang,O
000241-004,Muslim,O
000241-004,sama,O
000241-004,sekali,O
000241-004,tidak,O
000241-004,membutuhkan,O
000241-004,dirinya,O
000241-004,.,O
000241-004,Bahkan,O
000241-004,tindakannya,O
000241-004,yang,O
000241-004,memisahkan,O
000241-004,diri,O
000241-004,dari,O
000241-004,masyarakat,O
000241-004,Islam,O
000241-004,jauh,O
000241-004,lebih,O
000241-004,baik,O
000241-004,daripada,O
000241-004,dia,O
000241-004,berada,O
000241-004,di,O
000241-004,tengah,O
000241-004,mereka,O
000241-004,Ini,O
000241-004,yang,O
000241-004,diisyaratkan,O
000241-004,Rasulullah,B_PERSON
000241-004,dalam,O
000241-004,sabda,O
000241-004,beliau,O
000241-004,",",O
000241-004,"""",O
000241-004,Sesungguhnya,O
000241-004,siapa,O
000241-004,pun,O
000241-004,di,O
000241-004,antara,O
000241-004,kita,O
000241-004,yang,O
000241-004,pergi,O
000241-004,bergabung,O
000241-004,dengan,O
000241-004,mereka,O
000241-004,",",O
000241-004,maka,O
000241-004,dia,O
000241-004,akan,O
000241-004,dijauhi,O
000241-004,Allah,O
000241-004,.,O
000241-004,Sedangkan,O
000241-004,di,O
000241-004,antara,O
000241-004,orang,O
000241-004,Makkah,B_LOCATION
000241-004,yang,O
000241-004,masuk,O
000241-004,Islam,O
000241-004,",",O
000241-004,kalaupun,O
000241-004,dia,O
000241-004,tidak,O
000241-004,bisa,O
000241-004,datang,O
000241-004,ke,O
000241-004,Madinah,B_LOCATION
000241-004,",",O
000241-004,toh,O
000241-004,bumi,O
000241-004,Allah,O
000241-004,itu,O
000241-004,amat,O
000241-004,luas,O
000241-004,.,O
000241-004,Bukankah,O
000241-004,Habasyah,B_LOCATION
000241-004,terbuka,O
000241-004,lebar,O
000241-004,bagi,O
000241-004,orang-orang,O
000241-004,Muslim,O
000241-004,pada,O
000241-004,saat,O
000241-004,penduduk,O
000241-004,Madinah,B_LOCATION
000241-004,belum,O
000241-004,mengenal,O
000241-004,Islam,O
000241-004,sedikit,O
000241-004,pun,O
000241-004,"?""",O
000241-004,Ini,O
000241-004,pula,O
000241-004,yang,O
000241-004,diisyaratkan,O
000241-004,Rasulullah,B_PERSON
000241-004,dalam,O
000241-004,sabda,O
000241-004,beliau,O
000241-004,",",O
000241-004,"""",O
000241-004,Dan,O
000241-004,barangsiapa,O
000241-004,di,O
000241-004,antara,O
000241-004,mereka,O
000241-004,yang,O
000241-004,hendak,O
000241-004,mendatangi,O
000241-004,kita,O
000241-004,",",O
000241-004,tentu,O
000241-004,Allah,O
000241-004,akan,O
000241-004,memberikan,O
000241-004,pemecahan,O
000241-004,dan,O
000241-004,jalan,O
000241-004,keluar,O
000241-004,kepadanya,O
000241-004,".""",O
000241-004,Mengambil,O
000241-004,langkah,O
000241-004,seperti,O
000241-004,ini,O
000241-004,",",O
000241-004,sekalipun,O
000241-004,secara,O
000241-004,sepintas,O
000241-004,lalu,O
000241-004,tampak,O
000241-004,keunggulan,O
000241-004,bagi,O
000241-004,Quraisy,O
000241-004,",",O
000241-004,pada,O
000241-004,hakikatnya,O
000241-004,mencerminkan,O
000241-004,kegundahan,O
000241-004,",",O
000241-004,kegelisahan,O
000241-004,",",O
000241-004,dan,O
000241-004,ketakutan,O
000241-004,mereka,O
000241-004,terhadap,O
000241-004,eksistensi,O
000241-004,paganisme,O
000241-004,.,O
000241-004,Mereka,O
000241-004,merasa,O
000241-004,seakan-akan,O
000241-004,eksistensi,O
000241-004,mereka,O
000241-004,berada,O
000241-004,di,O
000241-004,pinggir,O
000241-004,jurang,O
000241-004,yang,O
000241-004,terjal,O
000241-004,Maka,O
000241-004,langkah,O
000241-004,inilah,O
000241-004,yang,O
000241-004,mereka,O
000241-004,ambil,O
000241-004,.,O
000241-004,Kalaupun,O
000241-004,ada,O
000241-004,di,O
000241-004,antara,O
000241-004,orang-orang,O
000241-004,Muslim,O
000241-004,yang,O
000241-004,lari,O
000241-004,ke,O
000241-004,pihak,O
000241-004,Quraisy,O
000241-004,",",O
000241-004,maka,O
000241-004,Nabi,O
000241-004,tak,O
000241-004,akan,O
000241-004,meminta,O
000241-004,untuk,O
000241-004,mengembalikannya,O
000241-004,.,O
000249-002,Dengan,O
000249-002,congkak,O
000249-002,dia,O
000249-002,berkata,O
000249-002,",",O
000249-002,"""",O
000249-002,Seorang,O
000249-002,budak,O
000249-002,yang,O
000249-002,hina,O
000249-002,dina,O
000249-002,dari,O
000249-002,rakyatku,O
000249-002,pernah,O
000249-002,menulis,O
000249-002,namanya,O
000249-002,sebelum,O
000249-002,aku,O
000249-002,berkuasa,O
000249-002,".""",O
000249-002,Setelah,O
000249-002,mendengar,O
000249-002,apa,O
000249-002,yang,O
000249-002,dilakukan,O
000249-002,Kisra,B_PERSON
000249-002,",",O
000249-002,Nabi,O
000249-002,bersabda,O
000249-002,",",O
000249-002,"""",O
000249-002,Allah,O
000249-002,akan,O
000249-002,mencabik-cabik,O
000249-002,kerajaannya,O
000249-002,".""",O
000249-002,Kisra,B_PERSON
000249-002,benar-benar,O
000249-002,akan,O
000249-002,mengalami,O
000249-002,seperti,O
000249-002,apa,O
000249-002,yang,O
000249-002,disabdakan,O
000249-002,beliau,O
000249-002,ini,O
000249-002,.,O
000249-002,Setelah,O
000249-002,itu,O
000249-002,Kisra,B_PERSON
000249-002,menulis,O
000249-002,surat,O
000249-002,kepada,O
000249-002,Badzan,B_PERSON
000249-002,",",O
000249-002,gubernurnya,O
000249-002,di,O
000249-002,Yaman,B_LOCATION
000249-002,",",O
000249-002,yang,O
000249-002,isinya,O
000249-002,:,O
000249-002,"""",O
000249-002,Utuslah,O
000249-002,dua,O
000249-002,orang,O
000249-002,yang,O
000249-002,gagah,O
000249-002,perkasa,O
000249-002,untuk,O
000249-002,menemui,O
000249-002,orang,O
000249-002,dari,O
000249-002,Hijaz,B_LOCATION
000249-002,ini,O
000249-002,",",O
000249-002,dan,O
000249-002,setelah,O
000249-002,itu,O
000249-002,hendaklah,O
000249-002,mereka,O
000249-002,membawanya,O
000249-002,untuk,O
000249-002,menemuiku,O
000249-002,".""",O
000249-002,Maka,O
000249-002,Badzan,O
000249-002,menunjuk,O
000249-002,dua,O
000249-002,orang,O
000249-002,bawahannya,O
000249-002,",",O
000249-002,membawa,O
000249-002,surat,O
000249-002,yang,O
000249-002,disampaikan,O
000249-002,kepada,O
000249-002,Rasulullah,B_PERSON
000249-002,",",O
000249-002,dan,O
000249-002,pulangnya,O
000249-002,disuruh,O
000249-002,langsung,O
000249-002,menemui,O
000249-002,Kisra,B_PERSON
000249-002,.,O
000249-002,Setelah,O
000249-002,dua,O
000249-002,utusan,O
000249-002,itu,O
000249-002,tiba,O
000249-002,di,O
000249-002,Madinah,B_LOCATION
000249-002,dan,O
000249-002,menghadap,O
000249-002,beliau,O
000249-002,",",O
000249-002,salah,O
000249-002,seorang,O
000249-002,di,O
000249-002,antara,O
000249-002,dua,O
000249-002,orang,O
000249-002,itu,O
000249-002,berkata,O
000249-002,",",O
000249-002,Sesungguhnya,O
000249-002,Syahinsyah,O
000249-002,(,O
000249-002,Raja,O
000249-002,Diraja,O
000249-002,),O
000249-002,Kisra,B_PERSON
000249-002,telah,O
000249-002,mengirim,O
000249-002,surat,O
000249-002,kepada,O
000249-002,Raja,O
000249-002,Badzan,O
000249-002,",",O
000249-002,agar,O
000249-002,dia,O
000249-002,mengirim,O
000249-002,utusan,O
000249-002,untuk,O
000249-002,menemui,O
000249-002,tuan,O
000249-002,",",O
000249-002,lalu,O
000249-002,membawa,O
000249-002,tuan,O
000249-002,ke,O
000249-002,hadapannya,O
000249-002,".""",O
000249-002,Kata-katanya,O
000249-002,bernada,O
000249-002,ancaman,O
000249-002,.,O
000249-002,Nabi,O
000249-002,menyuruh,O
000249-002,agar,O
000249-002,keduanya,O
000249-002,menemui,O
000249-002,beliau,O
000249-002,lagi,O
000249-002,esok,O
000249-002,harinya,O
000249-002,Pada,O
000249-002,saat,O
000249-002,yang,O
000249-002,sama,O
000249-002,di,O
000249-002,Persia,B_LOCATION
000249-002,terjadi,O
000249-002,pemberontakan,O
000249-002,besar-besaran,O
000249-002,terhadap,O
000249-002,Kisra,B_PERSON
000249-002,",",O
000249-002,yang,O
000249-002,justru,O
000249-002,berasal,O
000249-002,dari,O
000249-002,keluarganya,O
000249-002,sendiri,O
000249-002,.,O
000249-002,Padahal,O
000249-002,sebelum,O
000249-002,itu,O
000249-002,mereka,O
000249-002,juga,O
000249-002,mengalami,O
000249-002,banyak,O
000249-002,kekalahan,O
000249-002,cukup,O
000249-002,telak,O
000249-002,dari,O
000249-002,pasukan,O
000249-002,Qaishar,O
000249-002,.,O
000249-002,Pemberontakan,O
000249-002,ini,O
000249-002,dimotori,O
000249-002,oleh,O
000249-002,putra,O
000249-002,Kisra,B_PERSON
000249-002,sendiri,O
000249-002,",",O
000249-002,Syiruyah,B_PERSON
000249-002,.,O
000249-002,Dia,O
000249-002,bangkit,O
000249-002,melawan,O
000249-002,ayahnya,O
000249-002,dan,O
000249-002,membunuhnya,O
000249-002,lalu,O
000249-002,merebut,O
000249-002,kerajannya,O
000249-002,.,O
000249-002,Hal,O
000249-002,ini,O
000249-002,terjadi,O
000249-002,pada,O
000249-002,malam,B_TIME
000249-002,Selasa,I_TIME
000249-002,tanggal,I_TIME
000249-002,10,I_TIME
000249-002,Jumadal,I_TIME
000249-002,Rasulullah,B_PERSON
000249-002,mengetahuinya,O
000249-002,lewat,O
000249-002,pemberitaan,O
000249-002,wahyu,O
000249-002,.,O
000262-001,Dalam,O
000262-001,perjalanannya,O
000262-001,ke,O
000262-001,Khaibar,B_LOCATION
000262-001,",",O
000262-001,Rasulullah,B_PERSON
000262-001,mengambil,O
000262-001,jalan,O
000262-001,lewat,O
000262-001,Gunung,O
000262-001,Ashr,O
000262-001,(,O
000262-001,ada,O
000262-001,yang,O
000262-001,membaca,O
000262-001,Ishr,O
000262-001,).,O
000262-001,Setelah,O
000262-001,melewati,O
000262-001,Ash-Shahba',O
000262-001,",",O
000262-001,beliau,O
000262-001,bermalam,O
000262-001,di,O
000262-001,suatu,O
000262-001,lembah,O
000262-001,yang,O
000262-001,disebut,O
000262-001,Ar-Raji',O
000262-001,.,O
000262-001,Dari,O
000262-001,tempat,O
000262-001,ini,O
000262-001,ke,O
000262-001,Ghathafan,O
000262-001,ditempuh,O
000262-001,dengan,O
000262-001,perjalanan,O
000262-001,sehari,O
000262-001,semalam,O
000262-001,.,O
000262-001,Orang-orang,O
000262-001,Ghathafan,O
000262-001,sudah,O
000262-001,mengadakan,O
000262-001,persiapan,O
000262-001,secara,O
000262-001,matang,O
000262-001,dan,O
000262-001,berangkat,O
000262-001,ke,O
000262-001,Khaibar,B_LOCATION
000262-001,untuk,O
000262-001,mengulurkan,O
000262-001,bantuan,O
000262-001,kepada,O
000262-001,orang-orang,O
000262-001,Yahudi,O
000262-001,.,O
000262-001,Tak,O
000262-001,seberapa,O
000262-001,jauh,O
000262-001,berjalan,O
000262-001,.,O
000262-001,mereka,O
000262-001,mendengar,O
000262-001,suara,O
000262-001,gaduh,O
000262-001,dan,O
000262-001,hiruk,O
000262-001,pikuk,O
000262-001,dari,O
000262-001,arah,O
000262-001,belakang,O
000262-001,.,O
000262-001,Mereka,O
000262-001,mengira,O
000262-001,orang-orang,O
000262-001,Muslim,O
000262-001,menyerbu,O
000262-001,keluarga,O
000262-001,dan,O
000262-001,harta,O
000262-001,benda,O
000262-001,yang,O
000262-001,mereka,O
000262-001,tinggalkan,O
000262-001,di,O
000262-001,Ghathafan,O
000262-001,.,O
000262-001,Karena,O
000262-001,itu,O
000262-001,mereka,O
000262-001,kembali,O
000262-001,lagi,O
000262-001,dan,O
000262-001,membatalkan,O
000262-001,niat,O
000262-001,untuk,O
000262-001,membantu,O
000262-001,orang-orang,O
000262-001,Yahudi,O
000262-001,",",O
000262-001,karena,O
000262-001,khawatir,O
000262-001,suatu,O
000262-001,saat,O
000262-001,orang-orang,O
000262-001,Muslim,O
000262-001,justru,O
000262-001,menyerang,O
000262-001,keluarga,O
000262-001,dan,O
000262-001,harta,O
000262-001,benda,O
000262-001,yang,O
000262-001,mereka,O
000262-001,tinggalkan,O
000262-001,.,O
000262-001,Mereka,O
000262-001,tidak,O
000262-001,ingin,O
000262-001,ikut,O
000262-001,campur,O
000262-001,lagi,O
000262-001,urusan,O
000262-001,antara,O
000262-001,Nabi,O
000262-001,dan,O
000262-001,orang-orang,O
000262-001,Yahudi,O
000262-001,Khaibar,B_LOCATION
000262-001,.,O
000262-001,Kemudian,O
000262-001,beliau,O
000262-001,menunjuk,O
000262-001,dua,O
000262-001,orang,O
000262-001,penunjuk,O
000262-001,jalan,O
000262-001,yang,O
000262-001,ikut,O
000262-001,serta,O
000262-001,dalam,O
000262-001,rombongan,O
000262-001,pasukan,O
000262-001,.,O
000262-001,Salah,O
000262-001,seorang,O
000262-001,di,O
000262-001,antara,O
000262-001,keduanya,O
000262-001,bernama,O
000262-001,Husail,O
000262-001,.,O
000262-001,Mereka,O
000262-001,berdua,O
000262-001,menunjukkan,O
000262-001,jalan,O
000262-001,yang,O
000262-001,lebih,O
000262-001,pas,O
000262-001,untuk,O
000262-001,memasuki,O
000262-001,Khaibar,B_LOCATION
000262-001,dari,O
000262-001,arah,O
000262-001,utara,O
000262-001,",",O
000262-001,tepatnya,O
000262-001,dari,O
000262-001,jalur,O
000262-001,Syam,B_LOCATION
000262-001,.,O
000262-001,Dengan,O
000262-001,begitu,O
000262-001,pasukan,O
000262-001,Muslimin,O
000262-001,bisa,O
000262-001,menghadang,O
000262-001,kemungkinan,O
000262-001,orang-orang,O
000262-001,Yahudi,O
000262-001,akan,O
000262-001,melarikan,O
000262-001,diri,O
000262-001,ke,O
000262-001,arah,O
000262-001,Syam,B_LOCATION
000262-001,atau,O
000262-001,ke,O
000262-001,Ghathafan,O
000262-001,.,O
000262-001,"""",O
000262-001,Aku,O
000262-001,akan,O
000262-001,menunjukkan,O
000262-001,jalan,O
000262-001,kepada,O
000262-001,engkau,O
000262-001,wahai,O
000262-001,Rasulullah,B_PERSON
000262-001,",""",O
000262-001,kata,O
000262-001,penunjuk,O
000262-001,jalan,O
000262-001,itu,O
000262-001,.,O
000263-002,Di,O
000263-002,Ash-Shahba',O
000263-002,yang,O
000263-002,jaraknya,O
000263-002,tidak,O
000263-002,seberapa,O
000263-002,jauh,O
000263-002,dengan,O
000263-002,Khaibar,B_LOCATION
000263-002,.,O
000263-002,beliau,O
000263-002,shalat,O
000263-002,ashar,O
000263-002,.,O
000263-002,Kemudian,O
000263-002,beliau,O
000263-002,meminta,O
000263-002,bekal,O
000263-002,makanan,O
000263-002,.,O
000263-002,Karena,O
000263-002,hanya,O
000263-002,sedikit,O
000263-002,",",O
000263-002,beliau,O
000263-002,disodori,O
000263-002,tepung,O
000263-002,gandum,O
000263-002,yang,O
000263-002,tak,O
000263-002,seberapa,O
000263-002,banyak,O
000263-002,jumlahnya,O
000263-002,.,O
000263-002,Setelah,O
000263-002,diolah,O
000263-002,",",O
000263-002,tepung,O
000263-002,itu,O
000263-002,menjadi,O
000263-002,banyak,O
000263-002,.,O
000263-002,Beliau,O
000263-002,memakannya,O
000263-002,dan,O
000263-002,begitu,O
000263-002,pula,O
000263-002,semua,O
000263-002,orang,O
000263-002,.,O
000263-002,Kemudian,O
000263-002,beliau,O
000263-002,hendak,O
000263-002,melaksanakan,O
000263-002,shalat,O
000263-002,maghrib,O
000263-002,.,O
000263-002,Beliau,O
000263-002,cukup,O
000263-002,berkumur,O
000263-002,",",O
000263-002,dan,O
000263-002,orang-orang,O
000263-002,juga,O
000263-002,berkumur,O
000263-002,.,O
000263-002,Kemudian,O
000263-002,beliau,O
000263-002,melaksanakan,O
000263-002,shalat,O
000263-002,maghrib,O
000263-002,tanpa,O
000263-002,wudhu,O
000263-002,lagi,O
000263-002,",",O
000263-002,kemudian,O
000263-002,shalat,O
000263-002,isya',O
000263-002,tanpa,O
000263-002,wudhu',O
000263-002,lagi,O
000263-002,",",O
000263-002,karena,O
000263-002,memang,O
000263-002,belum,O
000263-002,batal,O
000265-002,Benteng,O
000265-002,Ubay,O
000265-002,5,O
000265-002,.,O
000265-002,Benteng,O
000265-002,An-Nizar,O
000265-002,Tiga,O
000265-002,benteng,O
000265-002,yang,O
000265-002,pertama,O
000265-002,terletak,O
000265-002,di,O
000265-002,wilayah,O
000265-002,Nathat,O
000265-002,",",O
000265-002,sedangkan,O
000265-002,dua,O
000265-002,benteng,O
000265-002,yang,O
000265-002,terakhir,O
000265-002,berada,O
000265-002,di,O
000265-002,wilayah,O
000265-002,Asy-Syiq,O
000265-002,.,O
000265-002,Sedangkan,O
000265-002,paroh,O
000265-002,kedua,O
000265-002,yang,O
000265-002,juga,O
000265-002,disebut,O
000265-002,Al-Katibah,O
000265-002,",",O
000265-002,memiliki,O
000265-002,tiga,O
000265-002,benteng,O
000265-002,",",O
000265-002,yaitu,O
000265-002,:,O
000265-002,1,O
000265-002,.,O
000265-002,Benteng,O
000265-002,Al-Qamush,O
000265-002,",",O
000265-002,benteng,O
000265-002,milik,O
000265-002,Bani,O
000265-002,Abul,O
000265-002,Huqaiq,I_PERSON
000265-002,dari,O
000265-002,Bani,O
000265-002,Nadhir,O
000265-002,2,O
000265-002,.,O
000265-002,Benteng,O
000265-002,Al-Wathih,O
000265-002,3,O
000265-002,.,O
000265-002,Benteng,O
000265-002,As-Salalim,O
000265-002,Sebenarnya,O
000265-002,di,O
000265-002,Khaibar,B_LOCATION
000265-002,masih,O
000265-002,ada,O
000265-002,beberapa,O
000265-002,benteng,O
000265-002,selain,O
000265-002,delapan,O
000265-002,benteng,O
000265-002,ini,O
000265-002,",",O
000265-002,namun,O
000265-002,benteng-benteng,O
000265-002,itu,O
000265-002,relatif,O
000265-002,lebih,O
000265-002,kecil,O
000265-002,",",O
000265-002,tidak,O
000265-002,sebesar,O
000265-002,dan,O
000265-002,sekuat,O
000265-002,benteng-benteng,O
000265-002,tersebut,O
000265-002,.,O
000265-002,Pertempuran,O
000265-002,yang,O
000265-002,seru,O
000265-002,meletus,O
000265-002,di,O
000265-002,sekitar,O
000265-002,benteng-,O
000265-002,benteng,O
000265-002,paroh,O
000265-002,yang,O
000265-002,pertama,O
000265-002,.,O
000265-002,Sekalipun,O
000265-002,benteng-benteng,O
000265-002,di,O
000265-002,paroh,O
000265-002,kedua,O
000265-002,lebih,O
000265-002,besar,O
000265-002,dan,O
000265-002,lebih,O
000265-002,banyak,O
000265-002,jumlah,O
000265-002,prajuritnya,O
000265-002,",",O
000265-002,tetapi,O
000265-002,mereka,O
000265-002,justru,O
000265-002,menyerah,O
000265-002,begitu,O
000265-002,saja,O
000265-002,",",O
000265-002,tanpa,O
000265-002,ada,O
000265-002,pertempuran,O
000265-002,.,O
000267-001,Benteng,O
000267-001,Ash-Sha'b,B_PERSON
000267-001,merupakan,O
000267-001,benteng,O
000267-001,kedua,O
000267-001,yang,O
000267-001,terkokoh,O
000267-001,setelah,O
000267-001,benteng,O
000267-001,Na'im,O
000267-001,.,O
000267-001,Orang-orang,O
000267-001,Muslim,O
000267-001,melancarkan,O
000267-001,serangan,O
000267-001,di,O
000267-001,bawah,O
000267-001,komando,B_PERSON
000267-001,bin,B_PERSON
000267-001,Al-Anshari,I_PERSON
000267-001,.,O
000267-001,Mereka,O
000267-001,mengepung,O
000267-001,benteng,O
000267-001,ini,O
000267-001,selama,O
000267-001,tiga,O
000267-001,hari,O
000267-001,.,O
000267-001,Pada,O
000267-001,hari,O
000267-001,ketiga,O
000267-001,",",O
000267-001,Rasulullah,B_PERSON
000267-001,mengucapkan,O
000267-001,doa,O
000267-001,khusus,O
000267-001,untuk,O
000267-001,dapat,O
000267-001,menaklukkan,O
000267-001,benteng,O
000267-001,ini,O
000267-001,.,O
000267-001,Abu,B_PERSON
000267-001,Ishaq,I_PERSON
000267-001,meriwayatkan,O
000267-001,bahwa,O
000267-001,bani,O
000267-001,Sahm,O
000267-001,dari,O
000267-001,Bani,O
000267-001,Aslam,O
000267-001,mendatangi,O
000267-001,beliau,O
000267-001,dan,O
000267-001,berkata,O
000267-001,",",O
000267-001,"""",O
000267-001,Kita,O
000267-001,telah,O
000267-001,berjuang,O
000267-001,dan,O
000267-001,tidak,O
000267-001,ada,O
000267-001,lagi,O
000267-001,sesuatu,O
000267-001,yang,O
000267-001,tersisa,O
000267-001,di,O
000267-001,tangan,O
000267-001,kita,O
000267-001,".""",O
000267-001,Beliau,O
000267-001,memanjatkan,O
000267-001,"""",O
000267-001,Ya,O
000267-001,Allah,O
000267-001,",",O
000267-001,Engkau,O
000267-001,sudah,O
000267-001,tahu,O
000267-001,keadaan,O
000267-001,mereka,O
000267-001,(,O
000267-001,orang-orang,O
000267-001,Muslim,O
000267-001,).,O
000267-001,Mereka,O
000267-001,tidak,O
000267-001,lagi,O
000267-001,mempunyai,O
000267-001,kekuatan,O
000267-001,dan,O
000267-001,di,O
000267-001,tanganku,O
000267-001,tak,O
000267-001,ada,O
000267-001,lagi,O
000267-001,sesuatu,O
000267-001,pun,O
000267-001,yang,O
000267-001,bisa,O
000267-001,kuberikan,O
000267-001,kepada,O
000267-001,mereka,O
000267-001,.,O
000267-001,Maka,O
000267-001,berikanlah,O
000267-001,kemenangan,O
000267-001,kepada,O
000267-001,mereka,O
000267-001,dengan,O
000267-001,menaklukkan,O
000267-001,benteng,O
000267-001,yang,O
000267-001,paling,O
000267-001,mereka,O
000267-001,perlukan,O
000267-001,",",O
000267-001,paling,O
000267-001,banyak,O
000267-001,makanan,O
000267-001,dan,O
000267-001,paling,O
000267-001,gemuk,O
000267-001,ternak-,O
000267-001,ternaknya,O
000267-001,.,O
000267-001,"""",O
000267-001,Orang-orang,O
000267-001,muslim,O
000267-001,bangkit,O
000267-001,melakukan,O
000267-001,penyerbuan,O
000267-001,dan,O
000267-001,Allah,O
000267-001,menundukkan,O
000267-001,benteng,O
000267-001,Ash-Sha'b,B_PERSON
000267-001,bin,I_PERSON
000267-001,Muadz,I_PERSON
000267-001,.,O
000267-001,Sementara,O
000267-001,di,O
000267-001,Khaibar,B_LOCATION
000267-001,tidak,O
000267-001,ada,O
000267-001,benteng,O
000267-001,yang,O
000267-001,lebih,O
000267-001,banyak,O
000267-001,makanannya,O
000267-001,dan,O
000267-001,lebih,O
000267-001,gemuk,O
000267-001,ternak-ternaknya,O
000267-001,selain,O
000267-001,dari,O
000267-001,benteng,O
000267-001,ini,O
000267-001,.,O
000267-001,Setelah,O
000267-001,Nabi,O
000267-001,memanjatkan,O
000267-001,doa,O
000267-001,dan,O
000267-001,memerintahkan,O
000267-001,untuk,O
000267-001,menyerbu,O
000267-001,benteng,O
000267-001,",",O
000267-001,maka,O
000267-001,Bani,O
000267-001,Aslamlah,O
000267-001,yang,O
000267-001,berada,O
000267-001,di,O
000267-001,barisan,O
000267-001,terdepan,O
000267-001,.,O
000267-001,Terjadi,O
000267-001,pertempuran,O
000267-001,yang,O
000267-001,sengit,O
000267-001,di,O
000267-001,depan,O
000267-001,benteng,O
000267-001,.,O
000267-001,Sebelum,O
000267-001,matahari,O
000267-001,tenggelam,O
000267-001,benteng,O
000267-001,sudah,O
000267-001,bisa,O
000267-001,direbut,O
000267-001,dan,O
000267-001,ditaklukkan,O
000267-001,.,O
000270-002,Orang-orang,O
000270-002,Yahudi,O
000270-002,mengalami,O
000270-002,kekalahan,O
000270-002,secara,O
000270-002,telak,O
000270-002,.,O
000270-002,karena,O
000270-002,mereka,O
000270-002,sudah,O
000270-002,tidak,O
000270-002,memiliki,O
000270-002,jalan,O
000270-002,untuk,O
000270-002,menyelinap,O
000270-002,dari,O
000270-002,benteng,O
000270-002,ini,O
000270-002,seperti,O
000270-002,yang,O
000270-002,mereka,O
000270-002,lakukan,O
000270-002,ketika,O
000270-002,masih,O
000270-002,bertahan,O
000270-002,di,O
000270-002,benteng-benteng,O
000270-002,lain,O
000270-002,sebelumnya,O
000270-002,.,O
000270-002,Karena,O
000270-002,itu,O
000270-002,sebisa,O
000270-002,mungkin,O
000270-002,mereka,O
000270-002,melarikan,O
000270-002,diri,O
000270-002,bagi,O
000270-002,yang,O
000270-002,bisa,O
000270-002,melarikan,O
000270-002,diri,O
000270-002,",",O
000270-002,dan,O
000270-002,meninggalkan,O
000270-002,para,O
000270-002,wanita,O
000270-002,dan,O
000270-002,anak-anak,O
000270-002,menjadi,O
000270-002,tawanan,O
000270-002,orang-orang,O
000270-002,Muslim,O
000270-002,.,O
000270-002,Dengan,O
000270-002,ditaklukkanya,O
000270-002,benteng,O
000270-002,yang,O
000270-002,kokoh,O
000270-002,ini,O
000270-002,",",O
000270-002,maka,O
000270-002,tuntaslah,O
000270-002,sudah,O
000270-002,penaklukkan,O
000270-002,seluruh,O
000270-002,benteng,O
000270-002,Khaibar,B_LOCATION
000270-002,dalam,O
000270-002,paroh,O
000270-002,pertama,O
000270-002,yang,O
000270-002,yang,O
000270-002,berada,O
000270-002,di,O
000270-002,wilayah,O
000270-002,Nathat,O
000270-002,dan,O
000270-002,Asy-Syiq,O
000270-002,.,O
000270-002,Sebenarnya,O
000270-002,masih,O
000270-002,ada,O
000270-002,benteng-benteng,O
000270-002,lain,O
000270-002,yang,O
000270-002,lebih,O
000270-002,kecil,O
000270-002,.,O
000270-002,Tetapi,O
000270-002,dengan,O
000270-002,takluknya,O
000270-002,benteng,O
000270-002,An-Nizar,O
000270-002,ini,O
000270-002,",",O
000270-002,benteng,O
000270-002,benteng,O
000270-002,lain,O
000270-002,yang,O
000270-002,kecil,O
000270-002,langsung,O
000270-002,ditinggalkan,O
000270-002,begitu,O
000270-002,saja,O
000270-002,.,O
000270-002,Setelah,O
000270-002,itu,O
000270-002,mereka,O
000270-002,melarikan,O
000270-002,diri,O
000270-002,ke,O
000270-002,benteng,O
000270-002,paroh,O
000270-002,kedua,O
000270-002,di,O
000270-002,Khaibar,B_LOCATION
000270-002,.,O
000274-001,Rasulullah,B_PERSON
000274-001,meninginkan,O
000274-001,agar,O
000274-001,orang-orang,O
000274-001,Yahudi,O
000274-001,hengkang,O
000274-001,dari,O
000274-001,Khaibar,B_LOCATION
000274-001,.,O
000274-001,Tetapi,O
000274-001,mereka,O
000274-001,berkata,O
000274-001,",",O
000274-001,"""",O
000274-001,Wahai,O
000274-001,Muhammad,B_PERSON
000274-001,",",O
000274-001,berilah,O
000274-001,kami,O
000274-001,kesempatan,O
000274-001,untuk,O
000274-001,tetap,O
000274-001,berada,O
000274-001,di,O
000274-001,tanah,O
000274-001,ini,O
000274-001,agar,O
000274-001,kami,O
000274-001,bisa,O
000274-001,mengolah,O
000274-001,dan,O
000274-001,menanganinya,O
000274-001,Kami,O
000274-001,lebih,O
000274-001,berpengalaman,O
000274-001,daripada,O
000274-001,kalian,O
000274-001,.,O
000274-001,Dan,O
000274-001,memang,O
000274-001,Rasulullah,B_PERSON
000274-001,maupun,O
000274-001,para,O
000274-001,sahabat,O
000274-001,tidak,O
000274-001,mempunyai,O
000274-001,tenaga,O
000274-001,untuk,O
000274-001,mengolah,O
000274-001,tanah-tanah,O
000274-001,itu,O
000274-001,.,O
000274-001,Mereka,O
000274-001,sendiri,O
000274-001,tak,O
000274-001,punya,O
000274-001,banyak,O
000274-001,kesempatan,O
000274-001,untuk,O
000274-001,menanganinya,O
000274-001,.,O
000274-001,Karena,O
000274-001,itu,O
000274-001,beliau,O
000274-001,menyerahkan,O
000274-001,tanah,O
000274-001,Khaibar,B_LOCATION
000274-001,kepada,O
000274-001,orang-orang,O
000274-001,Yahudi,O
000274-001,",",O
000274-001,dan,O
000274-001,mereka,O
000274-001,memperoleh,O
000274-001,bagian,O
000274-001,dari,O
000274-001,hasil,O
000274-001,tanaman,O
000274-001,dan,O
000274-001,panen,O
000274-001,buahnya,O
000274-001,",",O
000274-001,tergantung,O
000274-001,kepada,O
000274-001,Rasulullah,B_PERSON
000274-001,",",O
000274-001,seberapa,O
000274-001,banyak,O
000274-001,beliau,O
000274-001,akan,O
000274-001,menetapkan,O
000274-001,bagian,O
000274-001,bagi,O
000274-001,mereka,O
000274-001,Yang,O
000274-001,membuat,O
000274-001,ancar-ancar,O
000274-001,tentang,O
000274-001,pembagian,O
000274-001,hasil,O
000274-001,pengolahan,O
000274-001,tanah,O
000274-001,ini,O
000274-001,adalah,O
000274-001,Abdullah,B_PERSON
000274-001,bin,I_PERSON
000274-001,Rawahah,I_PERSON
000274-001,Tanah,O
000274-001,Khaibar,B_LOCATION
000274-001,dibagi,O
000274-001,menjadi,O
000274-001,30,O
000274-001,kelompok,O
000274-001,.,O
000274-001,Setiap,O
000274-001,kelompok,O
000274-001,dibagi,O
000274-001,lagi,O
000274-001,menjadi,O
000274-001,100,O
000274-001,bagian,O
000274-001,",",O
000274-001,hingga,O
000274-001,jumlah,O
000274-001,totalnya,O
000274-001,ada,O
000274-001,3600,O
000274-001,bagian,O
000274-001,.,O
000274-001,Nabi,O
000274-001,dan,O
000274-001,orang-orang,O
000274-001,Muslim,O
000274-001,mendapat,O
000274-001,separohnya,O
000274-001,",",O
000274-001,yaitu,O
000274-001,1800,O
000274-001,bagian,O
000274-001,.,O
000274-001,Beliau,O
000274-001,mendapat,O
000274-001,satu,O
000274-001,bagian,O
000274-001,seperti,O
000274-001,yang,O
000274-001,didapat,O
000274-001,Muslim,O
000274-001,lainya,O
000274-001,.,O
000274-001,Sementara,O
000274-001,separoh,O
000274-001,lainnya,O
000274-001,",",O
000274-001,sebanyak,O
000274-001,1800,O
000274-001,bagian,O
000274-001,dikhususkan,O
000274-001,untuk,O
000274-001,para,O
000274-001,wakil,O
000274-001,beliau,O
000274-001,dan,O
000274-001,untuk,O
000274-001,urusan,O
000274-001,umum,O
000274-001,kaum,O
000274-001,Muslimin,O
000274-001,.,O
000274-001,Orang-orang,O
000274-001,Muslim,O
000274-001,yang,O
000274-001,ikut,O
000274-001,dalam,O
000274-001,peristiwa,B_EVENT
000274-001,Hudaibiyah,I_EVENT
000274-001,",",O
000274-001,yang,O
000274-001,jumlahnya,O
000274-001,1400,O
000274-001,orang,O
000274-001,",",O
000274-001,juga,O
000274-001,mendapat,O
000274-001,bagian,O
000274-001,dari,O
000274-001,separoh,O
000274-001,yang,O
000274-001,terakhir,O
000274-001,ini,O
000274-001,",",O
000274-001,baik,O
000274-001,yang,O
000274-001,saat,O
000274-001,Perang,B_EVENT
000274-001,Khaibar,I_EVENT
000274-001,itu,O
000274-001,mereka,O
000274-001,ikut,O
000274-001,bergabung,O
000274-001,atau,O
000274-001,tidak,O
000274-001,.,O
000274-001,Karena,O
000274-001,bagaimanapun,O
000274-001,juga,O
000274-001,",",O
000274-001,harta,O
000274-001,rampasan,O
000274-001,dari,O
000274-001,Perang,B_EVENT
000274-001,Khaibar,I_EVENT
000274-001,ini,O
000274-001,juga,O
000274-001,tidak,O
000274-001,lepas,O
000274-001,dari,O
000274-001,peran,O
000274-001,orang-orang,O
000274-001,yang,O
000274-001,ikut,O
000274-001,dalam,O
000274-001,peristiwa,B_EVENT
000274-001,Hudaibiyah,I_EVENT
000274-001,.,O
000281-001,Tatkala,O
000281-001,orang-orang,O
000281-001,Yahudi,O
000281-001,Taima',O
000281-001,mendengar,O
000281-001,kabar,O
000281-001,tentang,O
000281-001,penduduk,O
000281-001,Khaibar,B_LOCATION
000281-001,yang,O
000281-001,menyerah,O
000281-001,",",O
000281-001,kemudian,O
000281-001,disusul,O
000281-001,penduduk,O
000281-001,Fadak,O
000281-001,dan,O
000281-001,Wadil,O
000281-001,Qura,O
000281-001,",",O
000281-001,mereka,O
000281-001,tidak,O
000281-001,berani,O
000281-001,menunjukkan,O
000281-001,perlawanan,O
000281-001,terhadap,O
000281-001,orang-orang,O
000281-001,Muslim,O
000281-001,Mereka,O
000281-001,mengirimkan,O
000281-001,utusan,O
000281-001,untuk,O
000281-001,menawarkan,O
000281-001,perjanjian,O
000281-001,damai,O
000281-001,.,O
000281-001,Rasulullah,B_PERSON
000281-001,menerima,O
000281-001,tawaran,O
000281-001,ini,O
000281-001,.,O
000281-001,Isi,O
000281-001,perjanjian,O
000281-001,dituangkan,O
000281-001,dalam,O
000281-001,sebuah,O
000281-001,tulisan,O
000281-001,",",O
000281-001,yang,O
000281-001,isinya,O
000281-001,:,O
000281-001,"""",O
000281-001,Inilah,O
000281-001,perjanjian,O
000281-001,Muhammad,B_PERSON
000281-001,Rasul,O
000281-001,Allah,O
000281-001,dengan,O
000281-001,Bani,O
000281-001,Adi,O
000281-001,",",O
000281-001,bahwa,O
000281-001,mereka,O
000281-001,mendapat,O
000281-001,jaminan,O
000281-001,sebagai,O
000281-001,ahli,O
000281-001,dzimmah,O
000281-001,",",O
000281-001,mereka,O
000281-001,harus,O
000281-001,menyerahkan,O
000281-001,jizyah,O
000281-001,",",O
000281-001,tidak,O
000281-001,ada,O
000281-001,permusuhan,O
000281-001,dan,O
000281-001,kepindahan,O
000281-001,ke,O
000281-001,tempat,O
000281-001,lain,O
000281-001,".""",O
000281-001,Yang,O
000281-001,bertugas,O
000281-001,menulis,O
000281-001,surat,O
000281-001,perjanjian,O
000281-001,ini,O
000281-001,adalah,O
000281-001,Khalid,B_PERSON
000281-001,bin,I_PERSON
000281-001,Sa'id,I_PERSON
000281-001,.,O
000281-001,235,O
000281-001,Zadul,O
000281-001,Ma'ad,O
000281-001,",",O
000281-001,2/146-147,O
000281-001,.,O
000320-006,322-351,O
000320-006,.,O
000320-006,Kekuasaan,O
000320-006,yang,O
000320-006,sudah,O
000320-006,terpegang,O
000320-006,di,O
000320-006,tangan,O
000320-006,ini,O
000320-006,benar-benar,O
000320-006,membantu,O
000320-006,untuk,O
000320-006,menguasai,O
000320-006,keadaan,O
000320-006,.,O
000320-006,Tidak,O
000320-006,ada,O
000320-006,pilihan,O
000320-006,bagi,O
000320-006,kaum,O
000320-006,Arab,O
000320-006,kecuali,O
000320-006,mengirim,O
000320-006,utusan,O
000320-006,kepada,O
000320-006,Rasulullah,B_PERSON
000320-006,",",O
000320-006,lalu,O
000320-006,mereka,O
000320-006,menyatakan,O
000320-006,kesediaan,O
000320-006,untuk,O
000320-006,masuk,O
000320-006,Islam,O
000320-006,dan,O
000320-006,menyebarkan,O
000320-006,dakwahnya,O
000320-006,ke,O
000320-006,seluruh,O
000320-006,dunia,O
000320-006,.,O
000320-006,Misi,O
000320-006,dakwah,O
000320-006,ke,O
000320-006,seluruh,O
000320-006,dunia,O
000320-006,ini,O
000320-006,dapat,O
000320-006,ditempuh,O
000320-006,selama,O
000320-006,dua,O
000320-006,tahun,O
000320-006,setelah,O
000320-006,itu,O
000320-006,Tempat,O
000320-006,Shuluh,O
000320-006,Al-Hudaibiyah,O
000343-001,Begitulah,O
000343-001,informasi,O
000343-001,yang,O
000343-001,masih,O
000343-001,simpang,O
000343-001,siur,O
000343-001,yang,O
000343-001,diterima,O
000343-001,orang-,O
000343-001,orang,O
000343-001,Muslim,O
000343-001,dan,O
000343-001,gambaran,O
000343-001,keadaan,O
000343-001,mereka,O
000343-001,saat,O
000343-001,itu,O
000343-001,",",O
000343-001,hingga,O
000343-001,kemudian,O
000343-001,ada,O
000343-001,serombongan,O
000343-001,orang,O
000343-001,yang,O
000343-001,datang,O
000343-001,dari,O
000343-001,Syam,B_LOCATION
000343-001,ke,O
000343-001,Madinah,B_LOCATION
000343-001,sambil,O
000343-001,membawa,O
000343-001,minyak,O
000343-001,.,O
000343-001,Mereka,O
000343-001,mengabarkan,O
000343-001,bahwa,O
000343-001,Heraklius,B_PERSON
000343-001,sudah,O
000343-001,menyiapkan,O
000343-001,segelar,O
000343-001,pasukan,O
000343-001,yang,O
000343-001,amat,O
000343-001,besar,O
000343-001,",",O
000343-001,berkekuatan,O
000343-001,40.000,O
000343-001,prajurit,O
000343-001,",",O
000343-001,yang,O
000343-001,dipimpin,O
000343-001,salah,O
000343-001,seorang,O
000343-001,pembesar,O
000343-001,Romawi,O
000343-001,.,O
000343-001,Beberapa,O
000343-001,kabilah,O
000343-001,juga,O
000343-001,bergabung,O
000343-001,bersama,O
000343-001,mereka,O
000343-001,seperti,O
000343-001,kabilah,O
000343-001,Lakhm,O
000343-001,",",O
000343-001,Judzam,O
000343-001,",",O
000343-001,dan,O
000343-001,lain-lainnya,O
000343-001,dari,O
000343-001,kabilah-kabilah,O
000343-001,Arab,O
000343-001,yang,O
000343-001,beragama,O
000343-001,Nashrani,O
000343-001,.,O
000343-001,Pasukan,O
000343-001,mereka,O
000343-001,yang,O
000343-001,terdepan,O
000343-001,sudah,O
000343-001,tiba,O
000343-001,di,O
000343-001,Balqa',B_LOCATION
000343-001,.,O
000343-001,Begitulah,O
000343-001,keadaan,O
000343-001,yang,O
000343-001,cukup,O
000343-001,rawan,O
000343-001,",",O
000343-001,yang,O
000343-001,harus,O
000343-001,dihadapi,O
000343-001,orang-orang,O
000343-001,Muslim,O
000343-001,.,O
000343-001,Keadaan,O
000343-001,ini,O
000343-001,semakin,O
000343-001,diperparah,O
000343-001,karena,O
000343-001,saat,O
000343-001,itu,O
000343-001,bertepatan,O
000343-001,dengan,O
000343-001,musim,O
000343-001,kemarau,O
000343-001,yang,O
000343-001,amat,O
000343-001,panas,O
000343-001,dan,O
000343-001,kering,O
000343-001,.,O
000343-001,Orang-orang,O
000343-001,menghadapi,O
000343-001,keadaan,O
000343-001,yang,O
000343-001,lebih,O
000343-001,sulit,O
000343-001,dan,O
000343-001,jarang-jarang,O
000343-001,menampakkan,O
000343-001,diri,O
000343-001,.,O
000343-001,Sementara,O
000343-001,buah-buah,O
000343-001,juga,O
000343-001,mulai,O
000343-001,masak,O
000343-001,",",O
000343-001,sehingga,O
000343-001,mereka,O
000343-001,lebih,O
000343-001,suka,O
000343-001,berada,O
000343-001,di,O
000343-001,kebun,O
000343-001,buah-buahan,O
000343-001,dan,O
000343-001,keteduhan,O
000343-001,pepohonannya,O
000343-001,.,O
000343-001,Jarak,O
000343-001,yang,O
000343-001,harus,O
000343-001,mereka,O
000343-001,tempuh,O
000343-001,jika,O
000343-001,harus,O
000343-001,berperang,O
000343-001,juga,O
000343-001,amat,O
000343-001,jauh,O
000343-001,lagi,O
000343-001,sulit,O
000343-001,.,O
000347-003,Saat,O
000347-003,perjalanan,O
000347-003,sudah,O
000347-003,mendekati,O
000347-003,Tabuk,B_LOCATION
000347-003,",",O
000347-003,beliau,O
000347-003,bersabda,O
000347-003,",",O
000347-003,"""",O
000347-003,Insya,O
000347-003,Allah,O
000347-003,besok,O
000347-003,kalian,O
000347-003,sudah,O
000347-003,sampai,O
000347-003,di,O
000347-003,mata,O
000347-003,air,O
000347-003,Tabuk,B_LOCATION
000347-003,.,O
000347-003,Paling,O
000347-003,cepat,O
000347-003,kalian,O
000347-003,tiba,O
000347-003,di,O
000347-003,sana,O
000347-003,pada,O
000347-003,waktu,O
000347-003,dhuha,O
000347-003,.,O
000347-003,Siapa,O
000347-003,pun,O
000347-003,yang,O
000347-003,sudah,O
000347-003,tiba,O
000347-003,di,O
000347-003,sana,O
000347-003,",",O
000347-003,maka,O
000347-003,dia,O
000347-003,tidak,O
000347-003,boleh,O
000347-003,mengambil,O
000347-003,air,O
000347-003,sedikit,O
000347-003,pun,O
000347-003,di,O
000347-003,sana,O
000347-003,hingga,O
000347-003,aku,O
000347-003,tiba,O
000347-003,".""",O
000347-003,Mu'adz,B_PERSON
000347-003,menuturkan,O
000347-003,",",O
000347-003,"""",O
000347-003,Ada,O
000347-003,dua,O
000347-003,orang,O
000347-003,yang,O
000347-003,lebih,O
000347-003,dahulu,O
000347-003,tiba,O
000347-003,di,O
000347-003,sana,O
000347-003,.,O
000347-003,Mata,O
000347-003,airnya,O
000347-003,hanya,O
000347-003,mengeluarkan,O
000347-003,sedikit,O
000347-003,air,O
000347-003,.,O
000347-003,Beliau,O
000347-003,bertanya,O
000347-003,kepada,O
000347-003,dua,O
000347-003,orang,O
000347-003,itu,O
000347-003,",",O
000347-003,"""",O
000347-003,Apakah,O
000347-003,kalian,O
000347-003,berdua,O
000347-003,sudah,O
000347-003,mengambil,O
000347-003,airnya,O
000347-003,walau,O
000347-003,sedikit,O
000347-003,"?""",O
000347-003,"""",O
000347-003,Sudah,O
000347-003,",""",O
000347-003,jawab,O
000347-003,keduanya,O
000347-003,Beliau,O
000347-003,mengucapkan,O
000347-003,sepatah,O
000347-003,dua,O
000347-003,patah,O
000347-003,kata,O
000347-003,kepada,O
000347-003,keduanya,O
000347-003,seperti,O
000347-003,yang,O
000347-003,dikehendaki,O
000347-003,Allah,O
000347-003,untuk,O
000347-003,dikatakan,O
000347-003,kepada,O
000347-003,mereka,O
000347-003,berdua,O
000347-003,.,O
000347-003,Kemudian,O
000347-003,beliau,O
000347-003,mengambil,O
000347-003,sedikit,O
000347-003,airnya,O
000347-003,lalu,O
000347-003,beliau,O
000347-003,menggunakannya,O
000347-003,untuk,O
000347-003,membasuh,O
000347-003,muka,O
000347-003,dan,O
000347-003,tangan,O
000347-003,.,O
000347-003,Kemudian,O
000347-003,air,O
000347-003,itu,O
000347-003,dikembalikan,O
000347-003,lagi,O
000347-003,ke,O
000347-003,mata,O
000347-003,airnya,O
000347-003,",",O
000347-003,hingga,O
000347-003,airnya,O
000347-003,berlimpah,O
000347-003,ruah,O
000347-003,.,O
000347-003,Maka,O
000347-003,orang-orang,O
000347-003,bisa,O
000347-003,mengambil,O
000347-003,air,O
000347-003,dari,O
000347-003,mata,O
000347-003,air,O
000347-003,itu,O
000347-003,.,O
000347-003,Kemudian,O
000347-003,beliau,O
000347-003,bersabda,O
000347-003,",",O
000347-003,"""",O
000347-003,Wahai,O
000347-003,Mu'adz,O
000347-003,",",O
000347-003,jika,O
000347-003,umurmu,O
000347-003,panjang,O
000347-003,",",O
000347-003,maka,O
000347-003,tak,O
000347-003,seberapa,O
000347-003,lama,O
000347-003,kemudian,O
000347-003,engkau,O
000347-003,akan,O
000347-003,melihat,O
000347-003,di,O
000347-003,sini,O
000347-003,sudah,O
000347-003,penuh,O
000347-003,dengan,O
000347-003,kebun-kebun,O
000347-003,".""",O
000347-003,Saat,O
000347-003,masih,O
000347-003,di,O
000347-003,perjalanan,O
000347-003,ke,O
000347-003,Tabuk,B_LOCATION
000347-003,atau,O
000347-003,menurut,O
000347-003,riwayat,O
000347-003,lain,O
000347-003,sudah,O
000347-003,tiba,O
000347-003,di,O
000347-003,sana,O
000347-003,",",O
000347-003,Rasulullah,B_PERSON
000347-003,bersabda,O
000347-003,",",O
000347-003,"""",O
000347-003,Malam,O
000347-003,ini,O
000347-003,akan,O
000347-003,berhembus,O
000347-003,angin,O
000347-003,y,O
000347-003,ang,O
000347-003,kencang,O
000347-003,".""""",O
000347-003,Ada,O
000347-003,seseorang,O
000347-003,yang,O
000347-003,keluar,O
000347-003,dan,O
000347-003,berdiri,O
000347-003,hingga,O
000347-003,berhembus,O
000347-003,angin,O
000347-003,dan,O
000347-003,jatuh,O
000347-003,di,O
000347-003,celah,O
000347-003,antara,O
000347-003,dua,O
000347-003,bukit,O
000347-003,.,O
000347-003,Dalam,O
000347-003,perjalanan,O
000347-003,ini,O
000347-003,Rasulullah,B_PERSON
000347-003,senantiasa,O
000347-003,menjama',O
000347-003,antara,O
000347-003,shalat,O
000347-003,zhuhur,O
000347-003,dan,O
000347-003,anshar,O
000347-003,",",O
000347-003,magrib,O
000347-003,dan,O
000347-003,isya',O
000347-003,",",O
000347-003,kadang,O
000347-003,dengan,O
000347-003,jama',O
000347-003,taqdim,O
000347-003,kadang,O
000347-003,dengan,O
000347-003,jama',O
000347-003,ta'khir,O
000347-003,.,O
000349-002,Ia,O
000349-002,mencintai,O
000349-002,kami,O
000349-002,dan,O
000349-002,kami,O
000349-002,mencintainya,O
000349-002,".""",O
000349-002,Secara,O
000349-002,lamat-lamat,O
000349-002,orang,O
000349-002,yang,O
000349-002,berada,O
000349-002,di,O
000349-002,Madinah,B_LOCATION
000349-002,bisa,O
000349-002,mendengar,O
000349-002,kedatangan,O
000349-002,beliau,O
000349-002,.,O
000349-002,Maka,O
000349-002,para,O
000349-002,wanita,O
000349-002,dan,O
000349-002,anak-anak,O
000349-002,keluar,O
000349-002,untuk,O
000349-002,menyongsong,O
000349-002,kedatangan,O
000349-002,pasukan,O
000349-002,dengan,O
000349-002,suasana,O
000349-002,gembira,O
000349-002,",",O
000349-002,sambil,O
000349-002,mengucapkan,O
000349-002,syair,O
000349-002,seperti,O
000349-002,yang,O
000349-002,mereka,O
000349-002,ucapkan,O
000349-002,saat,O
000349-002,kedatangan,O
000349-002,beliau,O
000349-002,ke,O
000349-002,Madinah,B_LOCATION
000349-002,pertama,O
000349-002,kali,O
000349-002,Keberangkatan,O
000349-002,beliau,O
000349-002,ke,O
000349-002,Tabuk,B_LOCATION
000349-002,pada,O
000349-002,bulan,B_TIME
000349-002,Rajab,I_TIME
000349-002,dan,O
000349-002,pulang,O
000349-002,dari,O
000349-002,sana,O
000349-002,pada,O
000349-002,bulan,B_TIME
000349-002,Ramadhan,I_TIME
000349-002,.,O
000349-002,Peperangan,O
000349-002,ini,O
000349-002,memakan,O
000349-002,waktu,O
000349-002,selama,O
000349-002,50,O
000349-002,hari,O
000349-002,.,O
000349-002,Beliau,O
000349-002,berada,O
000349-002,di,O
000349-002,Tabuk,B_LOCATION
000349-002,selama,O
000349-002,20,O
000349-002,hari,O
000349-002,",",O
000349-002,sedangkan,O
000349-002,sisanya,O
000349-002,dihabiskan,O
000349-002,di,O
000349-002,perjalanan,O
000349-002,pulang,O
000349-002,pergi,O
000349-002,.,O
000349-002,Ini,O
000349-002,merupakan,O
000349-002,peperangan,O
000349-002,beliau,O
000349-002,yang,O
000349-002,terakhir,O
000349-002,kali,O
000349-002,.,O
