text_id,token,label
000047-001,Selama,O
000047-001,masa-masa,O
000047-001,itu,O
000047-001,orang-orang,O
000047-001,Quraisy,O
000047-001,juga,O
000047-001,disibukkan,O
000047-001,urusan,O
000047-001,"lain,",O
000047-001,yaitu,O
000047-001,semakin,O
000047-001,dekatnya,O
000047-001,jarak,O
000047-001,antara,O
000047-001,dakwah,O
000047-001,secara,O
000047-001,terang-terangan,O
000047-001,dengan,O
000047-001,musim,O
000047-001,haji.,B_LOCATION
000047-001,Mereka,O
000047-001,menyadari,O
000047-001,bahwa,O
000047-001,berbagai,O
000047-001,utusan,O
000047-001,dari,O
000047-001,seluruh,O
000047-001,Jazirah,B_LOCATION
000047-001,Arab,I_LOCATION
000047-001,akan,O
000047-001,mendatangi,O
000047-001,mereka.,O
000047-001,Oleh,O
000047-001,karena,O
000047-001,itu,O
000047-001,mereka,O
000047-001,berpendapat,O
000047-001,untuk,O
000047-001,mengeluarkan,O
000047-001,satu,O
000047-001,pernyataan,O
000047-001,resmi,O
000047-001,yang,O
000047-001,disampaikan,O
000047-001,kepada,O
000047-001,bangsa,O
000047-001,Arab,O
000047-001,tentang,O
000047-001,status,O
000047-001,"Muhammad,",B_PERSON
000047-001,agar,O
000047-001,dakwah,O
000047-001,beliau,O
000047-001,tidak,O
000047-001,meninggalkan,O
000047-001,pengaruh,O
000047-001,di,O
000047-001,dalam,O
000047-001,jiwa,O
000047-001,mereka.,O
000047-001,Mereka,O
000047-001,pun,O
000047-001,berkumpul,O
000047-001,di,O
000047-001,tempat,O
000047-001,Al-Walid,B_PERSON
000047-001,bin,I_PERSON
000047-001,"Al-Mughirah,",I_PERSON
000047-001,memperbincangkan,O
000047-001,masalah,O
000047-001,ini.,O
000047-001,Al-Walid,B_PERSON
000047-001,"berkata,",O
000047-001,Ambil,O
000047-001,satu,O
000047-001,kesimpulan,O
000047-001,tentang,O
000047-001,masalah,O
000047-001,"ini,",O
000047-001,dan,O
000047-001,jangan,O
000047-001,sampai,O
000047-001,kalian,O
000047-001,saling,O
000047-001,berbeda,O
000047-001,"pendapat,",O
000047-001,sehingga,O
000047-001,sebagian,O
000047-001,di,O
000047-001,antara,O
000047-001,kalian,O
000047-001,mendustakan,O
000047-001,sebagian,O
000047-001,yang,O
000047-001,"lain,",O
000047-001,sebagian,O
000047-001,menyanggah,O
000047-001,sebagian,O
000047-001,yang,O
000047-001,"lain.""""",O
000047-001,"""Pendapatmu",O
000047-001,sendiri,O
000047-001,"bagaimana?""",O
000047-001,tanya,O
000047-001,mereka.,O
000047-001,"""Sampaikan",O
000047-001,dulu,O
000047-001,pendapat,O
000047-001,"kalian,",O
000047-001,biar,O
000047-001,aku,O
000047-001,"mendengarnya,""",O
000047-001,kata,O
000047-001,Al-Walid,B_PERSON
000047-001,"""Kita",O
000047-001,katakan,O
000047-001,saja,O
000047-001,bahwa,O
000047-001,dia,O
000047-001,adalah,O
000047-001,seorang,O
000047-001,"dukun.""",O
000047-001,"""Tidak,",O
000047-001,demi,O
000047-001,"Allah,",O
000047-001,dia,O
000047-001,bukanlah,O
000047-001,seorang,O
000047-001,"dukun,""",O
000047-001,jawab,O
000047-001,"Al-Walid,",B_PERSON
000047-001,toh,O
000047-001,kita,O
000047-001,pernah,O
000047-001,melihat,O
000047-001,para,O
000047-001,dukun.,O
000047-001,Dia,O
000047-001,sama,O
000047-001,sekali,O
000047-001,tidak,O
000047-001,menggunakan,O
000047-001,sajak,O
000047-001,dan,O
000047-001,mantera,O
000047-001,seperti,O
000047-001,"dukun.""",O
000047-001,"""Kita",O
000047-001,katakan,O
000047-001,"saja,",O
000047-001,dia,O
000047-001,orang,O
000047-001,"sinting,""",O
000047-001,kata,O
000047-001,mereka.,O
000047-001,"""Dia",O
000047-001,bukanlah,O
000047-001,orang,O
000047-001,"sinting,""",O
000047-001,kata,O
000047-001,"Al-Walid,",B_PERSON
000047-001,"""toh",O
000047-001,kita,O
000047-001,sudah,O
000047-001,melihat,O
000047-001,orang-orang,O
000047-001,sinting,O
000047-001,dan,O
000047-001,mengetahuinya.,O
000047-001,Dia,O
000047-001,tidak,O
000047-001,menangis,O
000047-001,tersedu-sedu,O
000047-001,tidak,O
000047-001,bertindak,O
000047-001,sekenanya,O
000047-001,dan,O
000047-001,tidak,O
000047-001,berbisik-bisik,O
000047-001,layaknya,O
000047-001,orang,O
000047-001,"sinting.""",O
000047-001,"""Kita",O
000047-001,katakan,O
000047-001,"saja,",O
000047-001,dia,O
000047-001,seorang,O
000047-001,"penyair,""",O
000047-001,kata,O
000047-001,mereka.,O
000047-004,"""",O
000047-004,(Al-Muddatstsir:,O
000047-004,18-25),O
000047-004,Setelah,O
000047-004,semua,O
000047-004,orang,O
000047-004,yang,O
000047-004,hadir,O
000047-004,dalam,O
000047-004,pertemuan,O
000047-004,menyepakati,O
000047-004,ketetapan,O
000047-004,"itu,",O
000047-004,maka,O
000047-004,mereka,O
000047-004,memutuskan,O
000047-004,untuk,O
000047-004,melaksanakannya.,O
000047-004,Untuk,O
000047-004,itu,O
000047-004,mereka,O
000047-004,duduk,O
000047-004,di,O
000047-004,pinggir-pinggir,O
000047-004,jalan,O
000047-004,yang,O
000047-004,dilalui,O
000047-004,manusia,O
000047-004,tatkala,O
000047-004,"datang,",O
000047-004,sehingga,O
000047-004,tak,O
000047-004,seorang,O
000047-004,pun,O
000047-004,yang,O
000047-004,lewat,O
000047-004,melainkan,O
000047-004,mendapat,O
000047-004,peringatan,O
000047-004,tentang,O
000047-004,diri,O
000047-004,Muhammad,B_PERSON
000047-004,dan,O
000047-004,mereka,O
000047-004,juga,O
000047-004,menyebutkan,O
000047-004,keadaannya.,O
000047-004,71,O
000047-004,72,O
000047-004,Lihat,O
000047-004,Fi,O
000047-004,Yang,O
000047-004,memelopori,O
000047-004,pelaksanaan,O
000047-004,ini,O
000047-004,adalah,O
000047-004,Abu,B_PERSON
000047-004,Lahab.,I_PERSON
000047-004,Ketika,O
000047-004,musim,O
000047-004,haji,B_LOCATION
000047-004,benar-benar,O
000047-004,sudah,O
000047-004,"tiba,",O
000047-004,Rasulullah,B_PERSON
000047-004,mendatangi,O
000047-004,manusia,O
000047-004,di,O
000047-004,tempat,O
000047-004,tinggal,O
000047-004,"mereka,",O
000047-004,di,O
000047-004,pasar,O
000047-004,"Ukazh,",B_LOCATION
000047-004,"Majannah,",B_LOCATION
000047-004,dan,O
000047-004,"Dzil-Majaz,",O
000047-004,menyeru,O
000047-004,mereka,O
000047-004,kepada,O
000047-004,Allah.,O
000047-004,Sementara,O
000047-004,"itu,",O
000047-004,Abu,B_PERSON
000047-004,Lahab,I_PERSON
000047-004,menguntit,O
000047-004,di,O
000047-004,belakang,O
000047-004,"beliau,",O
000047-004,sambil,O
000047-004,"berkata,",O
000047-004,"""Janganlah",O
000047-004,kalian,O
000047-004,"mematuhinya,",O
000047-004,karena,O
000047-004,dia,O
000047-004,orang,O
000047-004,yang,O
000047-004,keluar,O
000047-004,dari,O
000047-004,agama,O
000047-004,dan,O
000047-004,seorang,O
000047-004,"Akibatnya,",O
000047-004,pada,O
000047-004,musim,O
000047-004,itu,O
000047-004,orang-orang,O
000047-004,Arab,O
000047-004,pulang,O
000047-004,ke,O
000047-004,tempat,O
000047-004,masing,O
000047-004,masing,O
000047-004,dengan,O
000047-004,membawa,O
000047-004,urusan,O
000047-004,Rasulullah,B_PERSON
000047-004,.,O
000047-004,Nama,O
000047-004,beliau,O
000047-004,tersebar,O
000047-004,di,O
000047-004,seluruh,O
000047-004,penjuru,O
000047-004,Arab.,O
000049-012,Sedangkan,O
000049-012,Ammar,B_PERSON
000049-012,yang,O
000049-012,masih,O
000049-012,hidup,O
000049-012,harus,O
000049-012,menghadapi,O
000049-012,penyiksaan,O
000049-012,yang,O
000049-012,lebih,O
000049-012,menyakitkan,O
000049-012,lagi,O
000049-012,Sebuah,O
000049-012,batu,O
000049-012,yang,O
000049-012,panas,O
000049-012,diletakkan,O
000049-012,di,O
000049-012,dadanya,O
000049-012,dan,O
000049-012,sebagian,O
000049-012,tubuhnya,O
000049-012,yang,O
000049-012,lain,O
000049-012,dibenamkan,O
000049-012,di,O
000049-012,dalam,O
000049-012,pasir,O
000049-012,yang,O
000049-012,panas,O
000049-012,membara.,O
000049-012,Kami,O
000049-012,tidak,O
000049-012,akan,O
000049-012,membiarkanmu,O
000049-012,kecuali,O
000049-012,jika,O
000049-012,engkau,O
000049-012,mau,O
000049-012,mencaci,O
000049-012,"Muhammad,",B_PERSON
000049-012,atau,O
000049-012,engkau,O
000049-012,mau,O
000049-012,mengatakan,O
000049-012,hal-hal,O
000049-012,yang,O
000049-012,baik,O
000049-012,tentang,O
000049-012,Lata,B_PERSON
000049-012,dan,O
000049-012,"Uzza,""",B_PERSON
000049-012,kata,O
000049-012,mereka.,O
000049-012,Dengan,O
000049-012,terpaksa,O
000049-012,Ammar,B_PERSON
000049-012,memenuhi,O
000049-012,permintaan,O
000049-012,mereka,O
000049-012,itu,O
000049-012,hingga,O
000049-012,dilepaskan.,O
000049-012,Setelah,O
000049-012,itu,O
000049-012,dia,O
000049-012,menemu,O
000049-012,Nabi,B_PERSON
000049-012,sambil,O
000049-012,menangis,O
000049-012,dan,O
000049-012,meminta,O
000049-012,ampun.,O
000049-012,Lalu,O
000049-012,turun,O
000049-012,ayat,O
000049-012,tentang,O
000049-012,"dirinya,",O
000049-012,O,O
000049-012,"""Barangsiapa",O
000049-012,yang,O
000049-012,kafir,O
000049-012,kepada,O
000049-012,Allah,O
000049-012,sesudah,O
000049-012,dia,O
000049-012,beriman,O
000049-012,(dia,O
000049-012,mendapat,O
000049-012,kemurkaan,O
000049-012,"Allah),",O
000049-012,kecuali,O
000049-012,orang,O
000049-012,yang,O
000049-012,dipaksa,O
000049-012,kafir,O
000049-012,padahal,O
000049-012,hatinya,O
000049-012,tetap,O
000049-012,tenang,O
000049-012,dalam,O
000049-012,beriman,O
000049-012,(dia,O
000049-012,tidak,O
000049-012,berdosa).,O
000049-012,"""",O
000049-012,(An-Nahl:,B_PERSON
000049-012,103),O
000049-012,Abu,B_PERSON
000049-012,"Fakihah,",I_PERSON
000049-012,yang,O
000049-012,nama,O
000049-012,aslinya,O
000049-012,"Aflah,",B_PERSON
000049-012,budak,O
000049-012,Bani,O
000049-012,Abdid-Dar,O
000049-012,diikat,O
000049-012,kakinya,O
000049-012,dengan,O
000049-012,ikatan,O
000049-012,"kencang,",O
000049-012,lalu,O
000049-012,diseret,O
000049-012,di,O
000049-012,atas,O
000049-012,tanah,O
000049-012,Khabbab,B_PERSON
000049-012,bin,I_PERSON
000049-012,"Al-Aratt,",I_PERSON
000049-012,budak,O
000049-012,milik,O
000049-012,Ummu,B_PERSON
000049-012,Ammar,I_PERSON
000049-012,binti,I_PERSON
000049-012,Siba',I_PERSON
000049-012,Al,O
000049-012,Khuza'iyah,I_PERSON
000049-012,juga,O
000049-012,mendapat,O
000049-012,berbagai,O
000049-012,macam,O
000049-012,penyiksaan.,O
000049-012,Mereka,O
000049-012,mencengkeram,O
000049-012,rambutnya,O
000049-012,lalu,O
000049-012,menariknya,O
000049-012,dengan,O
000049-012,tarikan,O
000049-012,yang,O
000049-012,keras,O
000049-012,dan,O
000049-012,membelitkan,O
000049-012,tali,O
000049-012,di,O
000049-012,lehernya,O
000049-012,dan,O
000049-012,menelentangkannya,O
000049-012,di,O
000049-012,tanah,O
000049-012,hingga,O
000049-012,beberapa,O
000049-012,kali,O
000049-012,di,O
000049-012,atas,O
000049-012,pasir,O
000049-012,yang,O
000049-012,"menyengat,",O
000049-012,kemudian,O
000049-012,mereka,O
000049-012,meletakkan,O
000049-012,sebuah,O
000049-012,batu,O
000049-012,di,O
000049-012,atas,O
000049-012,"tubuhnya,",O
000049-012,hingga,O
000049-012,dia,O
000049-012,tidak,O
000049-012,mampu,O
000049-012,berdiri,O
000049-012,lagi.,O
000049-012,80,O
000049-012,Rahmah,O
000049-012,Lil-,O
000049-012,"'alamin,",O
000049-012,1/57;,O
000049-012,"Talqihul-Fuhum,",O
000049-012,hal,O
000049-012,61;,O
000049-012,Sirah,O
000049-012,"An-Nabawiyah,",O
000049-012,Ibnu,B_PERSON
000049-012,"Hisyam,",I_PERSON
000049-012,1/317,O
000049-012,318.,O
000049-012,81,O
000049-012,Rahmah,O
000049-012,Lil-,O
000049-012,"alamin,",O
000049-012,1/57,O
000049-012,"Zinnirah,",O
000049-012,"Nahdiyah,",O
000049-012,dan,O
000049-012,kedua,O
000049-012,"putrinya,",O
000049-012,serta,O
000049-012,Ummu,B_PERSON
000049-012,"Ubais,",I_PERSON
000049-012,yang,O
000049-012,semuanya,O
000049-012,hamba,O
000049-012,"sahaya,",O
000049-012,juga,O
000049-012,masuk,O
000049-012,Islam.,O
000051-004,Pada,O
000051-004,bulan,B_TIME
000051-004,Ramadhan,I_TIME
000051-004,di,O
000051-004,tahun,B_TIME
000051-004,yang,O
000051-004,"sama,",O
000051-004,Nabi,O
000051-004,keluar,O
000051-004,dari,O
000051-004,Masjidil,B_LOCATION
000051-004,"Haram,",I_LOCATION
000051-004,yang,O
000051-004,saat,O
000051-004,itu,O
000051-004,para,O
000051-004,pemuka,O
000051-004,dan,O
000051-004,pembesar,O
000051-004,Quraisy,O
000051-004,sedang,O
000051-004,berkumpul,O
000051-004,di,O
000051-004,sana.,O
000051-004,Beliau,O
000051-004,berdiri,O
000051-004,di,O
000051-004,hadapan,O
000051-004,"mereka,",O
000051-004,lalu,O
000051-004,seketika,O
000051-004,itu,O
000051-004,pula,O
000051-004,membacakan,O
000051-004,surat,O
000051-004,An-Najm.,O
000051-004,Orang-orang,O
000051-004,kafir,O
000051-004,itu,O
000051-004,tidak,O
000051-004,pernah,O
000051-004,mendengarkan,O
000051-004,kalam,O
000051-004,Allah,O
000051-004,yang,O
000051-004,seperti,O
000051-004,itu,O
000051-004,sebelumnya.,O
000051-004,Sebab,O
000051-004,redaksi,O
000051-004,mereka,O
000051-004,panjang-panjang,O
000051-004,seperti,O
000051-004,"biasanya,",O
000051-004,memaksa,O
000051-004,sebagian,O
000051-004,di,O
000051-004,antara,O
000051-004,mereka,O
000051-004,untuk,O
000051-004,menjelaskan,O
000051-004,kepada,O
000051-004,sebagian,O
000051-004,yang,O
000051-004,"lain,",O
000051-004,seperti,O
000051-004,yang,O
000051-004,dijelaskan,O
000051-004,"Allah,",O
000051-004,"""Dan",O
000051-004,orang-orang,O
000051-004,yang,O
000051-004,kafir,O
000051-004,"berkata,",O
000051-004,Janganlah,O
000051-004,kalian,O
000051-004,mendengar,O
000051-004,dengan,O
000051-004,sungguh-sungguh,O
000051-004,akan,O
000051-004,Al-Qur'an,O
000051-004,ini,O
000051-004,dan,O
000051-004,buatlah,O
000051-004,hiruk,O
000051-004,pikuk,O
000051-004,"terhadapnya,",O
000051-004,supaya,O
000051-004,kalian,O
000051-004,dapat,O
000051-004,"mengalahkannya.""",O
000051-004,(Fushshilat:,O
000051-004,26),O
000051-004,Tetapi,O
000051-004,tatkala,O
000051-004,dilantunkan,O
000051-004,bacaan,O
000051-004,surat,O
000051-004,"ini,",O
000051-004,gendang,O
000051-004,telinga,O
000051-004,mereka,O
000051-004,diketuk,O
000051-004,kalam,O
000051-004,Ilahi,O
000051-004,yang,O
000051-004,indah,O
000051-004,"menawan,",O
000051-004,yang,O
000051-004,keindahannya,O
000051-004,sulit,O
000051-004,dilukiskan,O
000051-004,dengan,O
000051-004,suatu,O
000051-004,"gambaran,",O
000051-004,mereka,O
000051-004,pun,O
000051-004,diam,O
000051-004,"terpesona,",O
000051-004,menyimak,O
000051-004,isinya,O
000051-004,dan,O
000051-004,semua,O
000051-004,orang,O
000051-004,khidmat,O
000051-004,"mendengarnya,",O
000051-004,sehingga,O
000051-004,tidak,O
000051-004,ada,O
000051-004,pikiran,O
000051-004,lain,O
000051-004,yang,O
000051-004,melintas,O
000051-004,di,O
000051-004,dalam,O
000051-004,benak,O
000051-004,mereka.,O
000051-004,Tatkala,O
000051-004,beliau,O
000051-004,membacakan,O
000051-004,penutup,O
000051-004,surat,O
000051-004,"ini,",O
000051-004,hati,O
000051-004,mereka,O
000051-004,serasa,O
000051-004,terbang.,O
000051-004,Akhirnya,O
000051-004,beliau,O
000051-004,membaca,O
000051-004,ayat,O
000051-004,"terakhir,",O
000051-004,'Maka,O
000051-004,bersujudlah,O
000051-004,kepada,O
000051-004,Allah,O
000051-004,dan,O
000051-004,sembahlah,O
000051-004,(Dia),O
000051-004,""".",O
000051-004,(An-Najam:,B_PERSON
000051-004,62),O
000051-004,Mereka,O
000051-004,pun,O
000051-004,sujud.,O
000051-004,Tak,O
000051-004,seorang,O
000051-004,pun,O
000051-004,mampu,O
000051-004,menguasai,O
000051-004,"diri,",O
000051-004,dan,O
000051-004,mereka,O
000051-004,semua,O
000051-004,merunduk,O
000051-004,dalam,O
000051-004,keadaan,O
000051-004,sujud.,O
000051-004,Sebenarnya,O
000051-004,sinar-sinar,O
000051-004,kebenaran,O
000051-004,telah,O
000051-004,merasuk,O
000051-004,ke,O
000051-004,dalam,O
000051-004,jiwa,O
000051-004,orang-orang,O
000051-004,yang,O
000051-004,sombong,O
000051-004,dan,O
000051-004,selalu,O
000051-004,mengolok-ngolok,O
000051-004,itu.,O
000051-004,Mereka,O
000051-004,tidak,O
000051-004,mampu,O
000051-004,menahan,O
000051-004,diri,O
000051-004,untuk,O
000051-004,sujud.,O
000051-004,4,O
000051-004,84,O
000051-004,Tafhimul-Qur,O
000051-004,"'an,",O
000051-004,5/188.,O
000057-002,Yang,O
000057-002,"pasti,",O
000057-002,di,O
000057-002,dalam,O
000057-002,hatinya,O
000057-002,bergolak,O
000057-002,berbagai,O
000057-002,perasaan,O
000057-002,yang,O
000057-002,sebenarnya,O
000057-002,saling,O
000057-002,bertentangan.,O
000057-002,Penghormatannya,O
000057-002,terhadap,O
000057-002,tradisi-tradisi,O
000057-002,"leluhur,",O
000057-002,kebebasan,O
000057-002,menenggak,O
000057-002,minuman,O
000057-002,keras,O
000057-002,hingga,O
000057-002,mabuk,O
000057-002,dan,O
000057-002,bercanda,O
000057-002,"ria,",O
000057-002,bercampur,O
000057-002,baur,O
000057-002,dengan,O
000057-002,ketaajubannya,O
000057-002,terhadap,O
000057-002,ketabahan,O
000057-002,dan,O
000057-002,kesabaran,O
000057-002,orang-orang,O
000057-002,Muslim,O
000057-002,dalam,O
000057-002,menghadapi,O
000057-002,cobaan,O
000057-002,dalam,O
000057-002,rangka,O
000057-002,mempertahankan,O
000057-002,akidahnya.,O
000057-002,Keadaan,O
000057-002,ini,O
000057-002,masih,O
000057-002,ditambah,O
000057-002,lagi,O
000057-002,dengan,O
000057-002,keragu-raguan,O
000057-002,yang,O
000057-002,menari-nari,O
000057-002,di,O
000057-002,dalam,O
000057-002,benaknya,O
000057-002,dan,O
000057-002,benak,O
000057-002,siapa,O
000057-002,pun,O
000057-002,yang,O
000057-002,"berakal,",O
000057-002,bahwa,O
000057-002,apa,O
000057-002,yang,O
000057-002,diserukan,O
000057-002,Islam,O
000057-002,jauh,O
000057-002,lebih,O
000057-002,bagus,O
000057-002,dan,O
000057-002,agung,O
000057-002,daripada,O
000057-002,yang,O
000057-002,lain.,O
000057-002,Umar,B_PERSON
000057-002,benar-benar,O
000057-002,bingung,O
000057-002,hingga,O
000057-002,dia,O
000057-002,menjadi,O
000057-002,lemas,O
000057-002,sendiri.,O
000057-002,Begitulah,O
000057-002,yang,O
000057-002,dikatakan,O
000057-002,Muhammad,B_PERSON
000057-002,Inilah,O
000057-002,kesimpulan,O
000057-002,dari,O
000057-002,beberapa,O
000057-002,riwayat,O
000057-002,tentang,O
000057-002,keislamannya,O
000057-002,dan,O
000057-002,setelah,O
000057-002,mengompromikan,O
000057-002,riwayat-riwayat,O
000057-002,"tersebut,",O
000057-002,bahwa,O
000057-002,suatu,O
000057-002,malam,O
000057-002,dia,O
000057-002,kelua,O
000057-002,rumah,O
000057-002,hingga,O
000057-002,dia,O
000057-002,tiba,O
000057-002,di,O
000057-002,Baitul-Haram.,B_LOCATION
000057-002,Dia,O
000057-002,menyibak,O
000057-002,kain,O
000057-002,penutup,O
000057-002,Ka'bah,B_LOCATION
000057-002,90,O
000057-002,Mukhtashar,O
000057-002,"Siratir-Rasul,",O
000057-002,hal.,O
000057-002,66;,O
000057-002,Rahmah,O
000057-002,Lil-,O
000057-002,"alamin,",O
000057-002,1/68;,O
000057-002,Sirah,O
000057-002,"An-Nabawiyah,",O
000057-002,Ibnu,B_PERSON
000057-002,"Hisyam,",I_PERSON
000057-002,1/291-292,O
000057-002,92-93,O
000057-002,dan,O
000057-002,dilihatnya,O
000057-002,Nabi,B_PERSON
000057-002,sedang,O
000057-002,berdiri,O
000057-002,melaksanakan,O
000057-002,shalat.,O
000057-002,Saat,O
000057-002,itu,O
000057-002,beliau,O
000057-002,membaca,O
000057-002,surah,O
000057-002,Al-Haqqah.,O
000057-002,Umar,B_PERSON
000057-002,menyimak,O
000057-002,bacaan,O
000057-002,Al-Qur,O
000057-002,an,O
000057-002,itu,O
000057-002,dan,O
000057-002,dia,O
000057-002,merasa,O
000057-002,taajub,O
000057-002,terhadap,O
000057-002,susunan,O
000057-002,bahasanya.,O
000057-002,Dia,O
000057-002,berkata,O
000057-002,di,O
000057-002,dalam,O
000057-002,"hati,",O
000057-002,"""Demi",O
000057-002,Allah,O
000057-002,tentunya,O
000057-002,ini,O
000057-002,adalah,O
000057-002,ucapan,O
000057-002,seorang,O
000057-002,penyair,O
000057-002,seperti,O
000057-002,yang,O
000057-002,biasa,O
000057-002,diucapkan,O
000057-002,orang-orang,O
000057-002,"Quraisy.""",O
000057-002,Lalu,O
000057-002,beliau,O
000057-002,membaca,O
000057-002,"ayat,",O
000057-002,ucJ,O
000057-002,O,O
000057-002,"JJ,X",O
000057-002,1-2:,O
000057-002,"""Sesungguhnya",O
000057-002,Al-Qur'an,O
000057-002,itu,O
000057-002,adalah,O
000057-002,benar-benar,O
000057-002,wahyu,O
000057-002,(Allah,O
000057-002,yang,O
000057-002,diturunkan,O
000057-002,kepada),O
000057-002,Rasul,O
000057-002,yang,O
000057-002,"mulia,",O
000057-002,dan,O
000057-002,Al-Qur'an,O
000057-002,itu,O
000057-002,bukanlah,O
000057-002,perkataan,O
000057-002,seorang,O
000057-002,penyair.,O
000057-005,Sesungguhnya,O
000057-005,saudarimu,O
000057-005,dan,O
000057-005,iparmu,O
000057-005,telah,O
000057-005,keluar,O
000057-005,dari,O
000057-005,agama,O
000057-005,serta,O
000057-005,meninggalkan,O
000057-005,agama,O
000057-005,yang,O
000057-005,selama,O
000057-005,ini,O
000057-005,engkau,O
000057-005,"peluk.""",O
000057-005,Dengan,O
000057-005,terburu-buru,O
000057-005,Umar,B_PERSON
000057-005,berlalu,O
000057-005,hingga,O
000057-005,tiba,O
000057-005,di,O
000057-005,rumah,O
000057-005,adik,O
000057-005,perempuanny,O
000057-005,a,O
000057-005,dan,O
000057-005,"iparnya,",O
000057-005,yang,O
000057-005,saat,O
000057-005,itu,O
000057-005,ada,O
000057-005,pula,O
000057-005,Khabbab,B_PERSON
000057-005,bin,I_PERSON
000057-005,"Al-Art,",I_PERSON
000057-005,sedang,O
000057-005,menghadapi,O
000057-005,Shahifah,O
000057-005,berisi,O
000057-005,surat,O
000057-005,Thaha.,O
000057-005,Dia,O
000057-005,membacakan,O
000057-005,surat,O
000057-005,ini,O
000057-005,di,O
000057-005,hadapan,O
000057-005,mereka,O
000057-005,berdua.,O
000057-005,Tatkala,O
000057-005,Khabbab,B_PERSON
000057-005,mendengar,O
000057-005,suara,O
000057-005,kedatangan,O
000057-005,"Umar,",B_PERSON
000057-005,dia,O
000057-005,menyingkir,O
000057-005,ke,O
000057-005,bagian,O
000057-005,belakang,O
000057-005,"ruangan,",O
000057-005,sedangkan,O
000057-005,Fathimah,B_PERSON
000057-005,menyembunyikan,O
000057-005,Shahifah,O
000057-005,Al-Qur,O
000057-005,an.,O
000057-005,"Namun,",O
000057-005,tatkala,O
000057-005,mendekati,O
000057-005,rumah,O
000057-005,adiknya,O
000057-005,"tadi,",O
000057-005,Umar,B_PERSON
000057-005,sempat,O
000057-005,mendengar,O
000057-005,bacaan,O
000057-005,Khabbab,O
000057-005,di,O
000057-005,hadapan,O
000057-005,adik,O
000057-005,dan,O
000057-005,iparnya.,O
000057-005,"""Apa",O
000057-005,suara,O
000057-005,bisik-bisik,O
000057-005,yang,O
000057-005,sempat,O
000057-005,kudengar,O
000057-005,dari,O
000057-005,kalian,O
000057-005,"tadi?""",O
000057-005,tanya,O
000057-005,Umar,B_PERSON
000057-005,tatkala,O
000057-005,sudah,O
000057-005,masuk,O
000057-005,rumah.,O
000057-005,"""Hanya",O
000057-005,sekadar,O
000057-005,obrolan,O
000057-005,di,O
000057-005,antara,O
000057-005,"kami,""",O
000057-005,jawab,O
000057-005,keduanya,O
000057-005,"""Kupikir",O
000057-005,kalian,O
000057-005,berdua,O
000057-005,sudah,O
000057-005,keluar,O
000057-005,dari,O
000057-005,"agama,""",O
000057-005,kata,O
000057-005,Umar.,B_PERSON
000057-005,"""Wahai",O
000057-005,"umar,""",B_PERSON
000057-005,kata,O
000057-005,adik,O
000057-005,"iparnya,",O
000057-005,"""apa",O
000057-005,pendapatmu,O
000057-005,jika,O
000057-005,kebenaran,O
000057-005,ada,O
000057-005,dalam,O
000057-005,agama,O
000057-005,selain,O
000057-005,"agamamu?""",O
000057-005,Seketika,O
000057-005,Umar,B_PERSON
000057-005,melompat,O
000057-005,ke,O
000057-005,arah,O
000057-005,adik,O
000057-005,iparnya,O
000057-005,dan,O
000057-005,menginjaknya,O
000057-005,keras.,O
000057-005,keras.,O
000057-005,Adiknya,O
000057-005,mendekat,O
000057-005,untuk,O
000057-005,menolong,O
000057-005,suaminya,O
000057-005,dan,O
000057-005,mengangkat,O
000057-005,badannya,O
000057-005,"Namun,",O
000057-005,Umar,B_PERSON
000057-005,menonjok,O
000057-005,Fathimah,O
000057-005,hingga,O
000057-005,wajahnya,O
000057-005,berdarah.,O
000057-005,Menurut,O
000057-005,riwayat,O
000057-005,Ibnu,B_PERSON
000057-005,"Ishaq,",I_PERSON
000057-005,Umar,B_PERSON
000057-005,memukul,O
000057-005,Fathimah,O
000057-005,hingga,O
000057-005,terluka.,O
000057-005,.Wahai,O
000057-005,"Umar,""",B_PERSON
000057-005,kata,O
000057-005,Fathimah,O
000057-005,dengan,O
000057-005,"berang,",O
000057-005,"""jika",O
000057-005,memang,O
000057-005,kebenaran,O
000057-005,itu,O
000057-005,ada,O
000057-005,dalam,O
000057-005,selain,O
000057-005,"agamamu,",O
000057-005,maka,O
000057-005,bersaksilah,O
000057-005,bahwa,O
000057-005,tiada,O
000057-005,Ilah,O
000057-005,selain,O
000057-005,Allah,O
000057-005,dan,O
000057-005,bersaksilah,O
000057-005,bahwa,O
000057-005,Muhammad,B_PERSON
000057-005,adalah,O
000057-005,Rasul,O
000057-005,"Allah.""",O
000057-005,Umar,B_PERSON
000057-005,mulai,O
000057-005,merasa,O
000057-005,putus,O
000057-005,asa.,O
000057-005,Dia,O
000057-005,lihat,O
000057-005,darah,O
000057-005,yang,O
000057-005,meleleh,O
000057-005,dari,O
000057-005,wajah,O
000057-005,adiknya.,O
000057-005,Maka,O
000057-005,dia,O
000057-005,merasa,O
000057-005,menyesal,O
000057-005,dan,O
000057-005,malu,O
000057-005,atas,O
000057-005,perbuatannya.,O
000120-001,Setelah,O
000120-001,persiapan,O
000120-001,dianggap,O
000120-001,"selesai,",O
000120-001,mereka,O
000120-001,pun,O
000120-001,berangkat,O
000120-001,meninggalkan,O
000120-001,tempat,O
000120-001,mereka.,O
000120-001,Sikap,O
000120-001,mereka,O
000120-001,telah,O
000120-001,digambarkan,O
000120-001,Allah,O
000120-001,dalam,O
000120-001,firman-Nya.,O
000120-001,"""...",O
000120-001,dengan,O
000120-001,rasa,O
000120-001,angkuh,O
000120-001,dan,O
000120-001,dengan,O
000120-001,maksud,O
000120-001,riya',O
000120-001,kepada,O
000120-001,manusia,O
000120-001,serta,O
000120-001,menghalangi,O
000120-001,(orang),O
000120-001,dari,O
000120-001,jalan,O
000120-001,Allah.,O
000120-001,"""",O
000120-001,(Al-Anfal:,B_PERSON
000120-001,47),O
000120-001,Mereka,O
000120-001,datang,O
000120-001,seperti,O
000120-001,yang,O
000120-001,digambarkan,O
000120-001,Rasulullah,B_PERSON
000120-001,",",O
000120-001,"""Dengan",O
000120-001,membawa,O
000120-001,kemarahan,O
000120-001,dan,O
000120-001,senjata,O
000120-001,mereka.,O
000120-001,Mereka,O
000120-001,memusuhi,O
000120-001,Allah,O
000120-001,dan,O
000120-001,Rasul-,O
000120-001,"Nya.""",O
000120-001,Mereka,O
000120-001,pergi,O
000120-001,dengan,O
000120-001,membawa,O
000120-001,kemurkaan,O
000120-001,dan,O
000120-001,kedengkian,O
000120-001,terhadap,O
000120-001,Rasulullah,B_PERSON
000120-001,serta,O
000120-001,para,O
000120-001,"sahabat,",O
000120-001,di,O
000120-001,samping,O
000120-001,untuk,O
000120-001,menyelamatkan,O
000120-001,kafilah,O
000120-001,dagang,O
000120-001,mereka.,O
000120-001,Mereka,O
000120-001,bergerak,O
000120-001,dengan,O
000120-001,"cepat,",O
000120-001,lurus,O
000120-001,ke,O
000120-001,arah,O
000120-001,utara,O
000120-001,menuju,O
000120-001,Badr.,B_LOCATION
000120-001,Mereka,O
000120-001,melewati,O
000120-001,jalur,O
000120-001,"Usfan,",B_LOCATION
000120-001,"Qadid,",O
000120-001,dan,O
000120-001,Al-Juhfah.,O
000120-001,Di,O
000120-001,sana,O
000120-001,datang,O
000120-001,surat,O
000120-001,dari,O
000120-001,Abu,B_PERSON
000120-001,Sufyan,I_PERSON
000120-001,yang,O
000120-001,isinya:,O
000120-001,"""Sesungguhnya",O
000120-001,kalian,O
000120-001,keluar,O
000120-001,hanya,O
000120-001,untuk,O
000120-001,menyelamatkan,O
000120-001,kafilah,O
000120-001,"dagang,",O
000120-001,orang-orang,O
000120-001,kalian,O
000120-001,dan,O
000120-001,harta,O
000120-001,benda,O
000120-001,kalian.,O
000120-001,Allah,O
000120-001,telah,O
000120-001,menyelamatkan,O
000120-001,semuanya.,O
000120-001,Karena,O
000120-001,itu,O
000120-001,lebih,O
000120-001,baik,O
000120-001,"kembalilah.""",O
000126-002,Demi,O
000126-002,"Allah,",O
000126-002,mereka,O
000126-002,berdua,O
000126-002,berkata,O
000126-002,jujur.,O
000126-002,Mereka,O
000126-002,adalah,O
000126-002,pesuruh,O
000126-002,"Quraisy.""",O
000126-002,Kemudian,O
000126-002,beliau,O
000126-002,bersabda,O
000126-002,kepada,O
000126-002,"keduanya,",O
000126-002,"""Kabarkanlah",O
000126-002,kepadaku,O
000126-002,tentang,O
000126-002,posisi,O
000126-002,pasukan,O
000126-002,"Quraisy!""",O
000126-002,"""Mereka",O
000126-002,berada,O
000126-002,di,O
000126-002,balik,O
000126-002,bukit,O
000126-002,pasir,O
000126-002,yang,O
000126-002,bisa,O
000126-002,engkau,O
000126-002,lihat,O
000126-002,jika,O
000126-002,memandang,O
000126-002,ke,O
000126-002,arah,O
000126-002,"Al-Udhwatul-Qushwa,""",O
000126-002,jawab,O
000126-002,mereka,O
000126-002,berdua,O
000126-002,"""Berapa",O
000126-002,jumlah,O
000126-002,"mereka?""",O
000126-002,tanya,O
000126-002,beliau,O
000126-002,"""Banyak",O
000126-002,"sekali.""",O
000126-002,"""Berapa",O
000126-002,tepatnya?,O
000126-002,"""Kami",O
000126-002,tidak,O
000126-002,tahu,O
000126-002,"persis.""",O
000126-002,"""Berapa",O
000126-002,ekor,O
000126-002,binatang,O
000126-002,yang,O
000126-002,mereka,O
000126-002,sembelih,O
000126-002,setiap,O
000126-002,"harinya?""",O
000126-002,tanya,O
000126-002,beliau.,O
000126-002,"""Sehari",O
000126-002,sembilan,O
000126-002,ekor,O
000126-002,dan,O
000126-002,besoknya,O
000126-002,lagi,O
000126-002,sepuluh,O
000126-002,"ekor,""",O
000126-002,jawab,O
000126-002,mereka,O
000126-002,berdua.,O
000126-002,"""Berarti",O
000126-002,jumlah,O
000126-002,mereka,O
000126-002,antara,O
000126-002,sembilan,O
000126-002,ratus,O
000126-002,hingga,O
000126-002,seribu,O
000126-002,"orang,""",O
000126-002,sabda,O
000126-002,beliau.,O
000126-002,Kemudian,O
000126-002,beliau,O
000126-002,bertanya,O
000126-002,"lagi,",O
000126-002,"""Siapa",O
000126-002,saja,O
000126-002,pemuka,O
000126-002,Quraisy,O
000126-002,yang,O
000126-002,bergabung,O
000126-002,di,O
000126-002,tengah,O
000126-002,"mereka?""",O
000126-002,"""Ada",O
000126-002,Uthbah,B_PERSON
000126-002,dan,O
000126-002,"Syaibah,",O
000126-002,kedua,O
000126-002,anak,O
000126-002,"Rabi'ah,",O
000126-002,Abul,B_PERSON
000126-002,Bakhtari,I_PERSON
000126-002,bin,I_PERSON
000126-002,Hisyam.,I_PERSON
000126-002,Hakim,B_PERSON
000126-002,bin,I_PERSON
000126-002,"Hizam,",I_PERSON
000126-002,Naufal,B_PERSON
000126-002,bin,I_PERSON
000126-002,"Khuwalid,",I_PERSON
000126-002,Al-Harits,B_PERSON
000126-002,bin,I_PERSON
000126-002,"Amir,",I_PERSON
000126-002,Thu'aimah,B_PERSON
000126-002,bin,I_PERSON
000126-002,"Adi,",I_PERSON
000126-002,An-Nadhr,B_PERSON
000126-002,bin,I_PERSON
000126-002,"Al-Harits,",I_PERSON
000126-002,Zam'ah,B_PERSON
000126-002,bin,I_PERSON
000126-002,"Al-Aswad,",I_PERSON
000126-002,Abu,B_PERSON
000126-002,Jahal,I_PERSON
000126-002,bin,I_PERSON
000126-002,"Hisyam,",I_PERSON
000126-002,Umayyah,B_PERSON
000126-002,bin,I_PERSON
000126-002,Khalaf,I_PERSON
000126-002,...,O
000126-002,"""",O
000126-002,dan,O
000126-002,beberapa,O
000126-002,orang,O
000126-002,lagi,O
000126-002,yang,O
000126-002,mereka,O
000126-002,sebutkan.,O
000126-002,Setelah,O
000126-002,itu,O
000126-002,Rasulullah,B_PERSON
000126-002,menghadap,O
000126-002,ke,O
000126-002,arah,O
000126-002,semua,O
000126-002,orang,O
000126-002,seraya,O
000126-002,bersabda.,O
000126-002,"""Wahai",O
000126-002,semua,O
000126-002,"orang,",O
000126-002,inilah,O
000126-002,Makkah,B_LOCATION
000126-002,yang,O
000126-002,telah,O
000126-002,menghantarkan,O
000126-002,jantung,O
000126-002,hatinya,O
000126-002,kepada,O
000126-002,"kalian.""",O
000126-002,Pada,O
000126-002,malam,O
000126-002,itu,O
000126-002,Allah,O
000126-002,menurunkan,O
000126-002,huj,O
000126-002,an,O
000126-002,yang,O
000126-002,"deras,",O
000126-002,sehingga,O
000126-002,orang-orang,O
000126-002,musyrik,O
000126-002,basah,O
000126-002,kuyup,O
000126-002,dan,O
000126-002,menghambat,O
000126-002,langkah,O
000126-002,mereka,O
000126-002,untuk,O
000126-002,maju.,O
000128-001,Kemudian,O
000128-001,Rasulullah,B_PERSON
000128-001,mempersiapkan,O
000128-001,"pasukan,",O
000128-001,berkeliling,O
000128-001,di,O
000128-001,sekitar,O
000128-001,arena,O
000128-001,yang,O
000128-001,akan,O
000128-001,dijadikan,O
000128-001,ajang,O
000128-001,pertempuran.,O
000128-001,Beliau,O
000128-001,menunjukkan,O
000128-001,jarinya,O
000128-001,ke,O
000128-001,suatu,O
000128-001,tempat,O
000128-001,sambil,O
000128-001,"bersabda,",O
000128-001,Ini,O
000128-001,tempat,O
000128-001,kematian,O
000128-001,Fulan,O
000128-001,esok,O
000128-001,hari,O
000128-001,insya,O
000128-001,"Allah,",O
000128-001,dan,O
000128-001,ini,O
000128-001,tempat,O
000128-001,kematiannya,O
000128-001,Fulan,O
000128-001,insya,O
000128-001,"Allah.""",O
000128-001,Pada,O
000128-001,malam,O
000128-001,itu,O
000128-001,beliau,O
000128-001,sering,O
000128-001,melaksanakan,O
000128-001,shalat,O
000128-001,di,O
000128-001,dekat,O
000128-001,pangkal,O
000128-001,pohon,O
000128-001,yang,O
000128-001,tumbuh,O
000128-001,di,O
000128-001,sana.,O
000128-001,Sedangkan,O
000128-001,orang-orang,O
000128-001,Muslim,O
000128-001,tidur,O
000128-001,dengan,O
000128-001,hembusan,O
000128-001,napas,O
000128-001,yang,O
000128-001,tenang,O
000128-001,seakan,O
000128-001,menyinari,O
000128-001,angkasa.,O
000128-001,Hati,O
000128-001,mereka,O
000128-001,ditaburi,O
000128-001,keyakinan,O
000128-001,Mereka,O
000128-001,cukup,O
000128-001,istirahat,O
000128-001,pada,O
000128-001,malam,O
000128-001,"itu,",O
000128-001,dengan,O
000128-001,harapan,O
000128-001,esok,O
000128-001,paginya,O
000128-001,dapat,O
000128-001,melihat,O
000128-001,kabar,O
000128-001,gembira,O
000128-001,dari,O
000128-001,Allah,O
000128-001,"""(Ingatlah)",O
000128-001,ketika,O
000128-001,Allah,O
000128-001,menjadikan,O
000128-001,kalian,O
000128-001,mengantuk,O
000128-001,sebagai,O
000128-001,suatu,O
000128-001,penentram,O
000128-001,"dari-Nya,",O
000128-001,dan,O
000128-001,Allah,O
000128-001,menurunkan,O
000128-001,kepada,O
000128-001,kalian,O
000128-001,hujan,O
000128-001,dari,O
000128-001,langit,O
000128-001,untuk,O
000128-001,mensucikan,O
000128-001,kalian,O
000128-001,dengan,O
000128-001,hujan,O
000128-001,itu,O
000128-001,dan,O
000128-001,menghilangkan,O
000128-001,dari,O
000128-001,kalian,O
000128-001,gangguan-gangguan,O
000128-001,setan,O
000128-001,dan,O
000128-001,untuk,O
000128-001,menguatkan,O
000128-001,hati,O
000128-001,kalian,O
000128-001,dan,O
000128-001,memperteguh,O
000128-001,dengannya,O
000128-001,telapak,O
000128-001,kaki,O
000128-001,(kalian).,O
000128-001,"""",O
000128-001,(Al-Anfal:,B_PERSON
000128-001,11),O
000128-001,Malam,O
000128-001,itu,O
000128-001,adalah,O
000128-001,malam,B_TIME
000128-001,"Jum'at,",I_TIME
000128-001,tanggal,B_TIME
000128-001,17,I_TIME
000128-001,Ramadhan,I_TIME
000128-001,2,I_TIME
000128-001,H.,I_TIME
000128-001,Sementara,O
000128-001,keberangkatan,O
000128-001,beliau,O
000128-001,pada,O
000128-001,tanggal,B_TIME
000128-001,8,I_TIME
000128-001,atau,O
000128-001,12,O
000128-001,dari,O
000128-001,bulan,B_TIME
000128-001,yang,O
000128-001,sama.,O
000132-002,Kelak,O
000132-002,akan,O
000132-002,Aku,O
000132-002,jatuhkan,O
000132-002,rasa,O
000132-002,ketakutan,O
000132-002,ke,O
000132-002,dalam,O
000132-002,hati,O
000132-002,orang-orang,O
000132-002,kafir.,O
000132-002,"""",O
000132-002,(Al-Anfal:,O
000132-002,12,O
000132-002,Lalu,O
000132-002,Allah,O
000132-002,mewahyukan,O
000132-002,kepada,O
000132-002,Rasulullah,B_PERSON
000132-002,"""Sesungguhnya",O
000132-002,Aku,O
000132-002,akan,O
000132-002,mendatangkan,O
000132-002,bala,O
000132-002,bantuan,O
000132-002,kepada,O
000132-002,kalian,O
000132-002,dengan,O
000132-002,seribu,O
000132-002,malaikat,O
000132-002,yang,O
000132-002,datang,O
000132-002,berturut-turut.,O
000132-002,"""",O
000132-002,(Al-Anfal:,B_PERSON
000132-002,9),O
000132-002,"Artinya,",O
000132-002,para,O
000132-002,malaikat,O
000132-002,itu,O
000132-002,datang,O
000132-002,secara,O
000132-002,"bergelombang,",O
000132-002,sebagian,O
000132-002,datang,O
000132-002,lalu,O
000132-002,disusul,O
000132-002,sebagian,O
000132-002,yang,O
000132-002,"lain,",O
000132-002,tidak,O
000132-002,datang,O
000132-002,serentak,O
000132-002,dalam,O
000132-002,satu,O
000132-002,waktu,O
000135-001,Setelah,O
000135-001,melihat,O
000135-001,apa,O
000135-001,yang,O
000135-001,dialami,O
000135-001,orang-orang,O
000135-001,musyrik,O
000135-001,tatkala,O
000135-001,berhadapan,O
000135-001,dengan,O
000135-001,pasukan,O
000135-001,Muslimin,O
000135-001,yang,O
000135-001,dibantu,O
000135-001,para,O
000135-001,"malaikat,",O
000135-001,maka,O
000135-001,iblis,O
000135-001,yang,O
000135-001,berbentuk,O
000135-001,Suraqah,B_PERSON
000135-001,bin,I_PERSON
000135-001,Malik,I_PERSON
000135-001,bin,I_PERSON
000135-001,"Ju'syum,",I_PERSON
000135-001,yang,O
000135-001,semenjak,O
000135-001,semula,O
000135-001,memang,O
000135-001,menyertai,O
000135-001,pasukan,O
000135-001,"Quraisy,",O
000135-001,segera,O
000135-001,beranjak,O
000135-001,untuk,O
000135-001,melarikan,O
000135-001,diri,O
000135-001,dari,O
000135-001,kancah.,O
000135-001,Al-Harits,B_PERSON
000135-001,bin,I_PERSON
000135-001,Hisyam,I_PERSON
000135-001,yang,O
000135-001,melihat,O
000135-001,gelagatnya,O
000135-001,itu,O
000135-001,hendak,O
000135-001,memegangnya.,O
000135-001,Tentu,O
000135-001,saja,O
000135-001,dia,O
000135-001,mengira,O
000135-001,Iblis,O
000135-001,itu,O
000135-001,benar-benar,O
000135-001,Suraqah.,B_PERSON
000135-001,"""Mau",O
000135-001,kemana,O
000135-001,kamu,O
000135-001,"Suraqah?""",B_PERSON
000135-001,tanya,O
000135-001,"Al-Harits.""",B_PERSON
000135-001,Bukankan,O
000135-001,engkau,O
000135-001,pernah,O
000135-001,berkata,O
000135-001,bahwa,O
000135-001,engkau,O
000135-001,akan,O
000135-001,menjadi,O
000135-001,pendukung,O
000135-001,kami,O
000135-001,dan,O
000135-001,tidak,O
000135-001,akan,O
000135-001,meninggalkan,O
000135-001,"kami?""",O
000135-001,Namun,O
000135-001,iblis,O
000135-001,itu,O
000135-001,memukul,O
000135-001,dada,O
000135-001,Al-Harits,B_PERSON
000135-001,hingga,O
000135-001,membuatnya,O
000135-001,terjengkang.,O
000135-001,Kemudian,O
000135-001,Suraqah,B_PERSON
000135-001,"menjawab,",O
000135-001,"""Sesunguhnya",O
000135-001,aku,O
000135-001,telah,O
000135-001,melihat,O
000135-001,apa,O
000135-001,yang,O
000135-001,tidak,O
000135-001,kalian,O
000135-001,lihat.,O
000135-001,Sesungguhnya,O
000135-001,aku,O
000135-001,takut,O
000135-001,kepada,O
000135-001,Allah.,O
000135-001,Siksaan,O
000135-001,Allah,O
000135-001,benar-,O
000135-001,benar,O
000135-001,amat,O
000135-001,"pedih.""",O
000135-001,Setelah,O
000135-001,itu,O
000135-001,dia,O
000135-001,lari,O
000135-001,dan,O
000135-001,menceburkan,O
000135-001,dirinya,O
000135-001,ke,O
000135-001,laut.,O
000144-002,Jika,O
000144-002,perlu,O
000144-002,aku,O
000144-002,untuk,O
000144-002,"menangis,",O
000144-002,maka,O
000144-002,aku,O
000144-002,pun,O
000144-002,akan,O
000144-002,menangis.,O
000144-002,Jika,O
000144-002,aku,O
000144-002,tidak,O
000144-002,perlu,O
000144-002,"menangis,",O
000144-002,aku,O
000144-002,pun,O
000144-002,tetap,O
000144-002,akan,O
000144-002,menangis,O
000144-002,karena,O
000144-002,engkau,O
000144-002,berdua,O
000144-002,"menangis.""",O
000144-002,Beliau,O
000144-002,"menjawab,",O
000144-002,"""Aku",O
000144-002,menangis,O
000144-002,karena,O
000144-002,permintaan,O
000144-002,yang,O
000144-002,disampaikan,O
000144-002,rekan-rekanmu,O
000144-002,"kepadaku,",O
000144-002,agar,O
000144-002,meminta,O
000144-002,tebusan,O
000144-002,dari,O
000144-002,"mereka,",O
000144-002,padahal,O
000144-002,dahulu,O
000144-002,siksaan,O
000144-002,yang,O
000144-002,mereka,O
000144-002,tawarkan,O
000144-002,kepadaku,O
000144-002,dulu,O
000144-002,lebih,O
000144-002,dekat,O
000144-002,dari,O
000144-002,pohon,O
000144-002,"ini.""",O
000144-002,Yang,O
000144-002,beliau,O
000144-002,maksudkan,O
000144-002,adalah,O
000144-002,sebatang,O
000144-002,pohon,O
000144-002,di,O
000144-002,dekat,O
000144-002,Lalu,O
000144-002,Allah,O
000144-002,menurunkan,O
000144-002,"ayat,",O
000144-002,X,O
000144-002,AKTT,O
000144-002,"""Tidak",O
000144-002,patut,O
000144-002,bagi,O
000144-002,seorang,O
000144-002,Nabi,O
000144-002,mempunyai,O
000144-002,tawanan,O
000144-002,sebelum,O
000144-002,ia,O
000144-002,melumpuhkan,O
000144-002,musuhnya,O
000144-002,di,O
000144-002,muka,O
000144-002,bumi.,O
000144-002,Kalian,O
000144-002,menghendaki,O
000144-002,harta,O
000144-002,benda,O
000144-002,duniawi,O
000144-002,sedangkan,O
000144-002,Allah,O
000144-002,menghendaki,O
000144-002,(pahala),O
000144-002,akhirat,O
000144-002,(untuk,O
000144-002,kalian),O
000144-002,"Dan,",O
000144-002,Allah,O
000144-002,Mahaperkasa,O
000144-002,lagi,O
000144-002,Mahabijaksana.,O
000144-002,Kalau,O
000144-002,sekiranya,O
000144-002,tidak,O
000144-002,ada,O
000144-002,ketetapan,O
000144-002,yang,O
000144-002,telah,O
000144-002,terdahulu,O
000144-002,dari,O
000144-002,"Allah,",O
000144-002,niscaya,O
000144-002,kalian,O
000144-002,ditimpa,O
000144-002,siksaan,O
000144-002,yang,O
000144-002,besar,O
000144-002,karena,O
000144-002,tebusan,O
000144-002,yang,O
000144-002,kalian,O
000144-002,ambil.,O
000144-002,"""",O
000144-002,(Al-Anfal:,B_PERSON
000144-002,67-68),O
000144-002,Ketetapan,O
000144-002,terdahulu,O
000144-002,yang,O
000144-002,dimaksudkan,O
000144-002,Allah,O
000144-002,ini,O
000144-002,seperti,O
000144-002,yang,O
000144-002,telah,O
000144-002,difirmankan-Nya,O
000144-002,k:u,O
000144-002,x,O
000144-002,E,O
000144-002,Ep,O
000144-002,"""Setelah",O
000144-002,itu,O
000144-002,kalian,O
000144-002,boleh,O
000144-002,membebaskan,O
000144-002,mereka,O
000144-002,atau,O
000144-002,menerima,O
000144-002,tebusan,O
000144-002,sampai,O
000144-002,perang,O
000144-002,berhenti.,O
000144-002,"""",O
000144-002,(Muhammad:,B_PERSON
000144-002,4),O
000144-002,Di,O
000144-002,sini,O
000144-002,terkandung,O
000144-002,perkenan,O
000144-002,untuk,O
000144-002,mengambil,O
000144-002,tebusan,O
000144-002,dari,O
000144-002,para,O
000144-002,"tawanan,",O
000144-002,selagi,O
000144-002,para,O
000144-002,tawanan,O
000144-002,itu,O
000144-002,tidak,O
000144-002,disiksa.,O
000144-002,Diturunkan,O
000144-002,"celaan,",O
000144-002,karena,O
000144-002,mereka,O
000144-002,menawan,O
000144-002,orang-orang,O
000144-002,"kafir,",O
000144-002,padahal,O
000144-002,sebelumnya,O
000144-002,tidak,O
000144-002,ada,O
000144-002,peperangan.,O
000144-002,Kemudian,O
000144-002,mereka,O
000144-002,bisa,O
000144-002,menerima,O
000144-002,"tebusan,",O
000144-002,tidak,O
000144-002,hanya,O
000144-002,dari,O
000144-002,orang-orang,O
000144-002,jahat,O
000144-002,yang,O
000144-002,tidak,O
000144-002,menjadi,O
000144-002,tawanan,O
000144-002,di,O
000144-002,medan,O
000144-002,"perang,",O
000144-002,tetapi,O
000144-002,juga,O
000144-002,dari,O
000144-002,para,O
000144-002,penjahat,O
000144-002,perang.,O
000167-001,Sesaat,O
000167-001,sebelum,O
000167-001,fajar,O
000167-001,"menyingsing,",O
000167-001,selagi,O
000167-001,shalat,O
000167-001,subuh,O
000167-001,hampir,O
000167-001,dilaksanakan.,O
000167-001,sementara,O
000167-001,musuh,O
000167-001,sudah,O
000167-001,dapat,O
000167-001,dilihat,O
000167-001,dan,O
000167-001,musuh,O
000167-001,pun,O
000167-001,dapat,O
000167-001,melihat,O
000167-001,mereka,O
000167-001,tiba-tiba,O
000167-001,Abdullah,B_PERSON
000167-001,bin,I_PERSON
000167-001,Ubay,I_PERSON
000167-001,membelot.,O
000167-001,Tidak,O
000167-001,kurang,O
000167-001,dari,O
000167-001,sepertiga,O
000167-001,anggota,O
000167-001,pasukan,O
000167-001,yang,O
000167-001,menarik,O
000167-001,diri.,O
000167-001,Mereka,O
000167-001,"berkata,",O
000167-001,"""",O
000167-001,Kita,O
000167-001,tidak,O
000167-001,tahu,O
000167-001,atas,O
000167-001,dasar,O
000167-001,apa,O
000167-001,kita,O
000167-001,memerangi,O
000167-001,diri,O
000167-001,kita,O
000167-001,"sendiri?""",O
000167-001,Abdullah,B_PERSON
000167-001,bin,I_PERSON
000167-001,Ubay,I_PERSON
000167-001,"beralasan,",O
000167-001,karena,O
000167-001,Nabi,O
000167-001,mengabaikan,O
000167-001,pendapatnya,O
000167-001,yang,O
000167-001,lebih,O
000167-001,suka,O
000167-001,mendengarkan,O
000167-001,pendapat,O
000167-001,orang,O
000167-001,lain.,O
000167-001,Tidak,O
000167-001,dapat,O
000167-001,diragukan,O
000167-001,sebab,O
000167-001,pembelotan,O
000167-001,ini,O
000167-001,bukan,O
000167-001,seperti,O
000167-001,diungkapkan,O
000167-001,tokoh,O
000167-001,orang-orang,O
000167-001,munafik,O
000167-001,"ini,",O
000167-001,karena,O
000167-001,beliau,O
000167-001,mengabaikan,O
000167-001,pendapatnya.,O
000167-001,Kalau,O
000167-001,"tidak,",O
000167-001,buat,O
000167-001,apa,O
000167-001,dia,O
000167-001,ikut,O
000167-001,ke,O
000167-001,tempat,O
000167-001,itu?,O
000167-001,Kalau,O
000167-001,pun,O
000167-001,itu,O
000167-001,"sebabnya,",O
000167-001,tentu,O
000167-001,dia,O
000167-001,akan,O
000167-001,menolak,O
000167-001,sejak,O
000167-001,akan,O
000167-001,berangkat.,O
000167-001,Tujuannya,O
000167-001,yang,O
000167-001,pokok,O
000167-001,adalah,O
000167-001,ingin,O
000167-001,menimbulkan,O
000167-001,keguncangan,O
000167-001,dan,O
000167-001,keresahan,O
000167-001,di,O
000167-001,tengah,O
000167-001,pasukan,O
000167-001,"Muslimin,",O
000167-001,setelah,O
000167-001,mendengar,O
000167-001,dan,O
000167-001,melihat,O
000167-001,pasukan,O
000167-001,"musuh,",O
000167-001,sehingga,O
000167-001,banyak,O
000167-001,orang,O
000167-001,yang,O
000167-001,mundur,O
000167-001,dari,O
000167-001,pasukan,O
000167-001,Nabi,O
000167-001,dan,O
000167-001,sisanya,O
000167-001,yang,O
000167-001,masih,O
000167-001,bergabung,O
000167-001,bersama,O
000167-001,beliau,O
000167-001,menjadi,O
000167-001,jatuh,O
000167-001,mentalnya,O
000167-001,sementara,O
000167-001,keberanian,O
000167-001,musuh,O
000167-001,semakin,O
000167-001,meningkat,O
000167-001,dan,O
000167-001,semangatnya,O
000167-001,semakin,O
000167-001,membara,O
000167-001,karena,O
000167-001,melihat,O
000167-001,kenyataan,O
000167-001,ini.,O
000167-001,Cara,O
000167-001,ini,O
000167-001,bisa,O
000167-001,mempercepat,O
000167-001,kehancuran,O
000167-001,Nabi,O
000167-001,dan,O
000167-001,para,O
000167-001,sahabat.,O
000167-001,Setelah,O
000167-001,itu,O
000167-001,kejayaan,O
000167-001,dan,O
000167-001,kepemimpinan,O
000167-001,di,O
000167-001,Madinah,B_LOCATION
000167-001,bisa,O
000167-001,berada,O
000167-001,di,O
000167-001,tangan,O
000167-001,orang,O
000167-001,munafik,O
000167-001,ini.,O
000167-001,Hampir,O
000167-001,saja,O
000167-001,Abdullah,B_PERSON
000167-001,bin,I_PERSON
000167-001,Ubay,I_PERSON
000167-001,berhasil,O
000167-001,mewujudkan,O
000167-001,rencananya.,O
000167-001,Dua,O
000167-001,golongan,O
000167-001,yang,O
000167-001,bergabung,O
000167-001,dalam,O
000167-001,pasukan,O
000167-001,"Muslimin,",O
000167-001,Bani,O
000167-001,Haritsh,I_PERSON
000167-001,dari,O
000167-001,Aus,O
000167-001,dan,O
000167-001,Bani,O
000167-001,Salimah,I_PERSON
000167-001,dari,O
000167-001,Khazraj,O
000167-001,hampir,O
000167-001,saja,O
000167-001,kehilangan,O
000167-001,semangat.,O
000169-001,Di,O
000169-001,sana,O
000169-001,Rasulullah,B_PERSON
000169-001,membagi,O
000169-001,tugas,O
000169-001,pasukannya,O
000169-001,dan,O
000169-001,membariskan,O
000169-001,mereka,O
000169-001,sebagai,O
000169-001,persiapan,O
000169-001,untuk,O
000169-001,menghadapi,O
000169-001,pertempuran.,O
000169-001,Beliau,O
000169-001,menunjuk,O
000169-001,satu,O
000169-001,detasemen,O
000169-001,yang,O
000169-001,terdiri,O
000169-001,dari,O
000169-001,para,O
000169-001,pemanah,O
000169-001,ulung.,O
000169-001,Komandan,O
000169-001,detasemen,O
000169-001,ini,O
000169-001,diserahkan,O
000169-001,kepada,O
000169-001,Abdullah,B_PERSON
000169-001,bin,I_PERSON
000169-001,Jubair,I_PERSON
000169-001,bin,I_PERSON
000169-001,An-Nu'man,I_PERSON
000169-001,Al-Anshari,O
000169-001,Al-Ausi,O
000169-001,Beliau,O
000169-001,memerintahkan,O
000169-001,agar,O
000169-001,mereka,O
000169-001,menempati,O
000169-001,posisi,O
000169-001,di,O
000169-001,atas,O
000169-001,"bukit,",O
000169-001,sebelah,O
000169-001,selatan,O
000169-001,Wadi,B_LOCATION
000169-001,"Qanat,",I_LOCATION
000169-001,yang,O
000169-001,di,O
000169-001,kemudian,O
000169-001,hari,O
000169-001,dikenal,O
000169-001,dengan,O
000169-001,nama,O
000169-001,Jabal,B_LOCATION
000169-001,Rumat.,O
000169-001,Posisi,O
000169-001,tepatnya,O
000169-001,kira-kira,O
000169-001,150,O
000169-001,m,O
000169-001,dari,O
000169-001,posisi,O
000169-001,pasukan,O
000169-001,Muslimin.,O
000169-001,Tujuan,O
000169-001,dari,O
000169-001,penempatan-penempatan,O
000169-001,detasemen,O
000169-001,ini,O
000169-001,tercermin,O
000169-001,dari,O
000169-001,penjelasan,O
000169-001,yang,O
000169-001,disampaikan,O
000169-001,Rasulullah,B_PERSON
000169-001,kepada,O
000169-001,para,O
000169-001,pemanah.,O
000169-001,Beliau,O
000169-001,bersabda,O
000169-001,kepada,O
000169-001,pemimpin,O
000169-001,"mereka,",O
000169-001,"""Lindungilah",O
000169-001,kami,O
000169-001,dengan,O
000169-001,anak,O
000169-001,"panah,",O
000169-001,agar,O
000169-001,musuh,O
000169-001,tidak,O
000169-001,menyerang,O
000169-001,kami,O
000169-001,dari,O
000169-001,arah,O
000169-001,belakang.,O
000169-001,Tetaplah,O
000169-001,di,O
000169-001,"tempatmu,",O
000169-001,entah,O
000169-001,kita,O
000169-001,di,O
000169-001,atas,O
000169-001,angin,O
000169-001,atau,O
000169-001,pun,O
000169-001,"terdesak,",O
000169-001,agar,O
000169-001,kita,O
000169-001,tidak,O
000169-001,diserang,O
000169-001,dari,O
000169-001,173,O
000169-001,Sirah,O
000169-001,"An-Nabawiyah,",O
000169-001,Ibnu,B_PERSON
000169-001,"Hisyam,",I_PERSON
000169-001,2/65-66,O
000169-001,Beliau,O
000169-001,juga,O
000169-001,bersabda,O
000169-001,kepada,O
000169-001,para,O
000169-001,pemanah,O
000169-001,"itu,",O
000169-001,"""Lindungilah",O
000169-001,punggung,O
000169-001,kami.,O
000169-001,Jika,O
000169-001,kalian,O
000169-001,melihat,O
000169-001,kami,O
000169-001,sedang,O
000169-001,"bertempur,",O
000169-001,maka,O
000169-001,kalian,O
000169-001,tak,O
000169-001,perlu,O
000169-001,membantu,O
000169-001,kami.,O
000169-001,Jika,O
000169-001,kalian,O
000169-001,melihat,O
000169-001,kami,O
000169-001,telah,O
000169-001,mengumpulkan,O
000169-001,harta,O
000169-001,"rampasan,",O
000169-001,maka,O
000169-001,janganlah,O
000169-001,kalian,O
000169-001,turun,O
000169-001,bergabung,O
000169-001,bersama,O
000169-001,Dalam,O
000169-001,riwayat,O
000169-001,Al-Bukhari,O
000169-001,"disebutkan,",O
000169-001,beliau,O
000169-001,"bersabda,",O
000169-001,"""Jika",O
000169-001,kalian,O
000169-001,melihat,O
000169-001,kami,O
000169-001,disambar,O
000169-001,burung,O
000169-001,"sekalipun,",O
000169-001,maka,O
000169-001,janganlah,O
000169-001,kalian,O
000169-001,meninggalkan,O
000169-001,tempat,O
000169-001,"itu,",O
000169-001,kecuali,O
000169-001,ada,O
000169-001,utusan,O
000169-001,yang,O
000169-001,datang,O
000169-001,kepada,O
000169-001,kalian.,O
000169-002,Jika,O
000169-002,kalian,O
000169-002,melihat,O
000169-002,kami,O
000169-002,telah,O
000169-002,mengumpulkan,O
000169-002,harta,O
000169-002,"rampasan,",O
000169-002,maka,O
000169-002,janganlah,O
000169-002,kalian,O
000169-002,turun,O
000169-002,bergabung,O
000169-002,bersama,O
000169-002,Dalam,O
000169-002,riwayat,O
000169-002,Al-Bukhari,O
000169-002,"disebutkan,",O
000169-002,beliau,O
000169-002,"bersabda,",O
000169-002,"""Jika",O
000169-002,kalian,O
000169-002,melihat,O
000169-002,kami,O
000169-002,disambar,O
000169-002,burung,O
000169-002,"sekalipun,",O
000169-002,maka,O
000169-002,janganlah,O
000169-002,kalian,O
000169-002,meninggalkan,O
000169-002,tempat,O
000169-002,"itu,",O
000169-002,kecuali,O
000169-002,ada,O
000169-002,utusan,O
000169-002,yang,O
000169-002,datang,O
000169-002,kepada,O
000169-002,kalian.,O
000169-002,Jika,O
000169-002,kalian,O
000169-002,melihat,O
000169-002,kami,O
000169-002,dapat,O
000169-002,mengalahkan,O
000169-002,"mereka,",O
000169-002,maka,O
000169-002,janganlah,O
000169-002,kalian,O
000169-002,meninggalkan,O
000169-002,"tempat,",O
000169-002,hingga,O
000169-002,ada,O
000169-002,utusan,O
000169-002,yang,O
000169-002,datang,O
000169-002,kepada,O
000169-002,"kalian.""",O
000169-002,Dengan,O
000169-002,ditempatkannya,O
000169-002,detasemen,O
000169-002,di,O
000169-002,atas,O
000169-002,bukit,O
000169-002,dengan,O
000169-002,disertai,O
000169-002,perintah-,O
000169-002,perintah,O
000169-002,militer,O
000169-002,yang,O
000169-002,"keras,",O
000169-002,maka,O
000169-002,beliau,O
000169-002,sudah,O
000169-002,bisa,O
000169-002,menyumbat,O
000169-002,satu,O
000169-002,celah,O
000169-002,yang,O
000169-002,memungkinkan,O
000169-002,bagi,O
000169-002,kavaleri,O
000169-002,Quraisy,O
000169-002,untuk,O
000169-002,menyusup,O
000169-002,ke,O
000169-002,barisan,O
000169-002,orang-orang,O
000169-002,Muslim,O
000169-002,dari,O
000169-002,arah,O
000169-002,belakang,O
000169-002,dan,O
000169-002,mengacaukannya.,O
000169-002,Pasukan,O
000169-002,Muslimin,O
000169-002,di,O
000169-002,sayap,O
000169-002,kanan,O
000169-002,dikomandani,O
000169-002,Al-Mundzir,B_PERSON
000169-002,bin,I_PERSON
000169-002,"Amr,",I_PERSON
000169-002,di,O
000169-002,sayap,O
000169-002,kiri,O
000169-002,dikomandani,O
000169-002,Az-Zubair,B_PERSON
000169-002,bin,I_PERSON
000169-002,"Al-Awwam,",I_PERSON
000169-002,dan,O
000169-002,masih,O
000169-002,didukung,O
000169-002,oleh,O
000169-002,satuan,O
000169-002,pasukan,O
000169-002,yang,O
000169-002,dikomandani,O
000169-002,Al-Miqdad,B_PERSON
000169-002,bin,I_PERSON
000169-002,Al-Aswad.,I_PERSON
000169-002,Az-Zubair,B_PERSON
000169-002,bertugas,O
000169-002,menghadang,O
000169-002,laju,O
000169-002,kavaleri,O
000169-002,(pasukan,O
000169-002,penunggang,O
000169-002,kuda),O
000169-002,Quraisy,O
000169-002,yang,O
000169-002,dipimpin,O
000169-002,Khalid,B_PERSON
000169-002,bin,I_PERSON
000169-002,Al-Walid,I_PERSON
000169-002,(yang,O
000169-002,saat,O
000169-002,itu,O
000169-002,masih,O
000169-002,kafir).,O
000169-002,Di,O
000169-002,barisan,O
000169-002,terdepan,O
000169-002,ada,O
000169-002,sejumlah,O
000169-002,orang,O
000169-002,yang,O
000169-002,"pemberani,",O
000169-002,tokoh-tokoh,O
000169-002,yang,O
000169-002,dikenal,O
000169-002,gagah,O
000169-002,perkasa,O
000169-002,dan,O
000169-002,hebat,O
000169-002,sepak,O
000169-002,"terjangnya,",O
000169-002,yang,O
000169-002,kemampuannya,O
000169-002,bisa,O
000169-002,disamakan,O
000169-002,dengan,O
000169-002,beribu-ribu,O
000169-002,orang.,O
000169-002,Pengaturan,O
000169-002,ini,O
000169-002,merupakan,O
000169-002,strategi,O
000169-002,yang,O
000169-002,sangat,O
000169-002,bijaksana,O
000169-002,dan,O
000169-002,sekaligus,O
000169-002,amat,O
000169-002,"detil,",O
000169-002,yang,O
000169-002,menggambarkan,O
000169-002,kecerdikan,O
000169-002,Rasulullah,B_PERSON
000169-002,sebagai,O
000169-002,seorang,O
000169-002,komandan,O
000169-002,perang.,O
000174-001,Dua,O
000174-001,pihak,O
000174-001,saling,O
000174-001,mendekat,O
000174-001,dan,O
000174-001,merangsek,O
000174-001,ke,O
000174-001,depan.,O
000174-001,Tahapan-tahapan,O
000174-001,perang,O
000174-001,sudah,O
000174-001,dimulai.,O
000174-001,Yang,O
000174-001,pertama,O
000174-001,kali,O
000174-001,menyulut,O
000174-001,bara,O
000174-001,pertempuran,O
000174-001,adalah,O
000174-001,pembawa,O
000174-001,bendera,O
000174-001,dari,O
000174-001,kalangan,O
000174-001,"musyrikin,",O
000174-001,yaitu,B_PERSON
000174-001,Thalhah,B_PERSON
000174-001,bin,I_PERSON
000174-001,Abu,I_PERSON
000174-001,Thalhah,I_PERSON
000174-001,Al-Abdari.,I_PERSON
000174-001,Dia,O
000174-001,adalah,O
000174-001,penunggang,O
000174-001,kuda,O
000174-001,Quraisy,O
000174-001,yang,O
000174-001,paling,O
000174-001,pemberani.,O
000174-001,Orang-,O
000174-001,orang,O
000174-001,Muslim,O
000174-001,menyebutnya,O
000174-001,Kabsyul,O
000174-001,Katibah.,O
000174-001,Dia,O
000174-001,keluar,O
000174-001,sambil,O
000174-001,menunggang,O
000174-001,"onta,",O
000174-001,mengajak,O
000174-001,untuk,O
000174-001,adu,O
000174-001,tanding.,O
000174-001,Tak,O
000174-001,seorang,O
000174-001,pun,O
000174-001,yang,O
000174-001,segera,O
000174-001,menyambut,O
000174-001,tantangannya,O
000174-001,untuk,O
000174-001,adu,O
000174-001,tanding,O
000174-001,karena,O
000174-001,keberaniannya,O
000174-001,itu.,O
000174-001,Akhirnya,O
000174-001,Az-Zubair,B_PERSON
000174-001,maju,O
000174-001,menghampirinya.,O
000174-001,Dia,O
000174-001,maju,O
000174-001,tidak,O
000174-001,dengan,O
000174-001,cara,O
000174-001,"pelan-pelan,",O
000174-001,tetapi,O
000174-001,langsung,O
000174-001,melompat,O
000174-001,layaknya,O
000174-001,seekor,O
000174-001,singa.,O
000174-001,Sehingga,O
000174-001,sebelum,O
000174-001,sempat,O
000174-001,Thalhah,B_PERSON
000174-001,turun,O
000174-001,dari,O
000174-001,punggung,O
000174-001,"ontanya,",O
000174-001,Az-Zubair,B_PERSON
000174-001,sudah,O
000174-001,menusukkan,O
000174-001,pedangnya,O
000174-001,hingga,O
000174-001,Thalhah,B_PERSON
000174-001,terjerembab,O
000174-001,ke,O
000174-001,"tanah,",O
000174-001,mati.,O
000174-001,Nabi,O
000174-001,menyaksikan,O
000174-001,adu,O
000174-001,tanding,O
000174-001,yang,O
000174-001,sangat,O
000174-001,mencengankan,O
000174-001,ini,O
000174-001,Maka,O
000174-001,seketika,O
000174-001,beliau,O
000174-001,bertakbir,O
000174-001,yang,O
000174-001,kemudian,O
000174-001,dikuti,O
000174-001,semua,O
000174-001,orang,O
000174-001,Muslim.,O
000174-001,Beliau,O
000174-001,memuji,O
000174-001,Az-Zubair,B_PERSON
000174-001,dan,O
000174-001,bersabda,O
000174-001,sesuai,O
000174-001,dengan,O
000174-001,kapasitas,O
000174-001,"dirinya,",O
000174-001,"""Sesungguhnya",O
000174-001,setiap,O
000174-001,Nabi,O
000174-001,itu,O
000174-001,mempunyai,O
000174-001,pengikut,O
000174-001,setia.,O
000174-001,Adapun,O
000174-001,pengikut,O
000174-001,setiaku,O
000174-001,adalah,O
000174-001,"Az-Zubair.""",B_PERSON
000181-001,Begitulah,O
000181-001,roda,O
000181-001,pertempuran,O
000181-001,terus,O
000181-001,berputar,O
000181-001,dan,O
000181-001,pasukan,O
000181-001,Muslimin,O
000181-001,yang,O
000181-001,kecil,O
000181-001,justru,O
000181-001,menguasai,O
000181-001,seluruh,O
000181-001,"keadaan,",O
000181-001,sehingga,O
000181-001,sempat,O
000181-001,menyurutkan,O
000181-001,ambisi,O
000181-001,para,O
000181-001,dedengkot,O
000181-001,"musyrikin,",O
000181-001,dan,O
000181-001,membuat,O
000181-001,barisan,O
000181-001,mereka,O
000181-001,berlari,O
000181-001,menghindar,O
000181-001,ke,O
000181-001,"kanan,",O
000181-001,ke,O
000181-001,"kiri,",O
000181-001,ke,O
000181-001,"depan,",O
000181-001,dan,O
000181-001,ke,O
000181-001,belakang.,O
000181-001,Seakan-akan,O
000181-001,tiga,O
000181-001,ribu,O
000181-001,prajurit,O
000181-001,musyrikin,O
000181-001,harus,O
000181-001,berhadapan,O
000181-001,dengan,O
000181-001,tiga,O
000181-001,puluh,O
000181-001,ribu,O
000181-001,prajurit,O
000181-001,Muslim.,O
000181-001,Keberanian,O
000181-001,pasukan,O
000181-001,Muslimin,O
000181-001,terlihat,O
000181-001,jelas.,O
000181-001,Setelah,O
000181-001,Quraisy,O
000181-001,habis-habisan,O
000181-001,menguras,O
000181-001,tenaganya,O
000181-001,untuk,O
000181-001,menghadang,O
000181-001,serbuan,O
000181-001,pasukan,O
000181-001,"Muslimin,",O
000181-001,maka,O
000181-001,terlihat,O
000181-001,semangat,O
000181-001,mereka,O
000181-001,yang,O
000181-001,turun,O
000181-001,drastis,O
000181-001,Bahkan,O
000181-001,tak,O
000181-001,seorang,O
000181-001,pun,O
000181-001,di,O
000181-001,antara,O
000181-001,mereka,O
000181-001,yang,O
000181-001,berani,O
000181-001,mendekati,O
000181-001,bendera.,O
000181-001,setelah,O
000181-001,terbunuhnya,O
000181-001,pembawa,O
000181-001,bendera,O
000181-001,mereka,O
000181-001,yang,O
000181-001,"terakhir,",O
000181-001,yaitu,B_PERSON
000181-001,Shu,B_PERSON
000181-001,ab.,I_PERSON
000181-001,Tak,O
000181-001,seorang,O
000181-001,pun,O
000181-001,berani,O
000181-001,mengambil,O
000181-001,bendera,O
000181-001,itu,O
000181-001,agar,O
000181-001,pertempuran,O
000181-001,berlangsung,O
000181-001,seru,O
000181-001,di,O
000181-001,sekitarnya.,O
000181-001,Mereka,O
000181-001,sudah,O
000181-001,ancang-ancang,O
000181-001,untuk,O
000181-001,mundur,O
000181-001,dan,O
000181-001,melarikan,O
000181-001,"diri,",O
000181-001,seakan,O
000181-001,mereka,O
000181-001,lupa,O
000181-001,apa,O
000181-001,yang,O
000181-001,pernah,O
000181-001,bergejolak,O
000181-001,di,O
000181-001,dalam,O
000181-001,hati,O
000181-001,mereka,O
000181-001,sebelum,O
000181-001,"itu,",O
000181-001,yaitu,O
000181-001,dendam,O
000181-001,kesumat,O
000181-001,dan,O
000181-001,keinginan,O
000181-001,untuk,O
000181-001,mengembalikan,O
000181-001,"kejayaan,",O
000181-001,"kehormatan,",O
000181-001,dan,O
000181-001,wibawa.,O
000181-001,Ibnu,B_PERSON
000181-001,Ishaq,I_PERSON
000181-001,"berkata,",O
000181-001,"""Kemudian",O
000181-001,Allah,O
000181-001,menurunkan,O
000181-001,pertolongan-Nya,O
000181-001,kepada,O
000181-001,orang-orang,O
000181-001,Muslim,O
000181-001,dan,O
000181-001,memenuhi,O
000181-001,"janji-Nya,",O
000181-001,sehingga,O
000181-001,mereka,O
000181-001,bisa,O
000181-001,menceraiberaikan,O
000181-001,musuh.,O
000187-005,Karena,O
000187-005,itu,O
000187-005,beliau,O
000187-005,"bersabda,",O
000187-005,"""Bagian",O
000187-005,siapakah,O
000187-005,orang-orang,O
000187-005,"itu?""",O
000187-005,"""Bagianku,""",O
000187-005,jawab,O
000187-005,Thalhah.,B_PERSON
000187-005,Kemudian,O
000187-005,Jabir,B_PERSON
000187-005,menuturkan,O
000187-005,sepak,O
000187-005,terjang,O
000187-005,orang-orang,O
000187-005,Anshar,O
000187-005,dan,O
000187-005,bagaimana,O
000187-005,mereka,O
000187-005,mati,O
000187-005,satu,O
000187-005,demi,O
000187-005,satu,O
000187-005,seperti,O
000187-005,yang,O
000187-005,diriwayatkan,O
000187-005,Muslim,B_PERSON
000187-005,di,O
000187-005,atas.,O
000187-005,Setelah,O
000187-005,semua,O
000187-005,Anshar,O
000187-005,"terbunuh,",O
000187-005,Thalhah,B_PERSON
000187-005,maju,O
000187-005,dan,O
000187-005,bertempur,O
000187-005,menghadapi,O
000187-005,sebelas,O
000187-005,orang,O
000187-005,hingga,O
000187-005,jari-jari,O
000187-005,tangannya,O
000187-005,terputus.,O
000187-005,Dia,O
000187-005,"berkata,",O
000187-005,"""Rasakan",O
000187-005,"kamu!!""",O
000187-005,Rasulullah,B_PERSON
000187-005,"menyahut,",O
000187-005,"""Andaikata",O
000187-005,engkau,O
000187-005,"berucap,'Bismillah',",O
000187-005,tentu,O
000187-005,para,O
000187-005,malaikat,O
000187-005,akan,O
000187-005,mengangkat,O
000187-005,dirimu,O
000187-005,dan,O
000187-005,orang-orang,O
000187-005,bisa,O
000187-005,"melihatmu.""",O
000187-005,Kemudian,O
000187-005,Allah,O
000187-005,membuat,O
000187-005,orang-orang,O
000187-005,musyrik,O
000187-005,itu,O
000187-005,mundur.,O
000187-005,Disebutkan,O
000187-005,dalam,O
000187-005,riwayat,O
000187-005,"Al-Hakim,",B_PERSON
000187-005,bahwa,O
000187-005,dia,O
000187-005,mendapat,O
000187-005,tiga,O
000187-005,puluh,O
000187-005,sembilan,O
000187-005,atau,O
000187-005,tiga,O
000187-005,puluh,O
000187-005,lima,O
000187-005,luka,O
000187-005,pada,O
000187-005,Perang,B_EVENT
000187-005,Uhud,I_EVENT
000187-005,dan,O
000187-005,jari-jari,O
000187-005,tangannya,O
000187-005,putus.,O
000187-005,Al-Bukhari,B_PERSON
000187-005,meriwayatkan,O
000187-005,dari,O
000187-005,Qais,B_PERSON
000187-005,bin,I_PERSON
000187-005,Abu,I_PERSON
000187-005,"Hazim,",I_PERSON
000187-005,dia,O
000187-005,"berkata,",O
000187-005,"""Kulihat",O
000187-005,jari-jari,O
000187-005,tangan,O
000187-005,Thalhah,B_PERSON
000187-005,"terpotong,",O
000187-005,karena,O
000187-005,melindungi,O
000187-005,Nabi,O
000187-005,pada,O
000187-005,Perang,B_EVENT
000187-005,Uhud.,I_EVENT
000187-005,At-Tirmidzi,B_PERSON
000187-005,meriwayatkan,O
000187-005,bahwa,O
000187-005,saat,O
000187-005,itu,O
000187-005,Nabi,B_PERSON
000187-005,bersabda,O
000187-005,tentang,O
000187-005,diri,O
000187-005,"Thalhah,",B_PERSON
000187-005,"""Barangsiapa",O
000187-005,ingin,O
000187-005,melihat,O
000187-005,orang,O
000187-005,mati,O
000187-005,syahid,O
000187-005,yang,O
000187-005,berjalan,O
000187-005,di,O
000187-005,muka,O
000187-005,"bumi,",O
000187-005,maka,O
000187-005,hendaklah,O
000187-005,dia,O
000187-005,melihat,O
000187-005,Thalhah,B_PERSON
000187-005,bin,I_PERSON
000187-005,"Ubaidillah.""",I_PERSON
000187-005,Abu,B_PERSON
000187-005,Dawud,I_PERSON
000187-005,Ath-Thayalisi,O
000187-005,meriwayatkan,O
000187-005,dari,O
000187-005,"Aisyah,",B_PERSON
000187-005,dia,O
000187-005,berkata.,O
000187-005,"""Jika",O
000187-005,Abu,B_PERSON
000187-005,Bakar,I_PERSON
000187-005,mengingat,O
000187-005,Perang,B_EVENT
000187-005,"Uhud,",I_EVENT
000187-005,maka,O
000187-005,dia,O
000187-005,"berkata,",O
000187-005,'Hari,O
000187-005,itu,O
000187-005,semuanya,O
000187-005,milik,O
000187-005,"Thalhah'.""",B_PERSON
000187-005,Dia,O
000187-005,juga,O
000187-005,"berkata,",O
000187-005,"""Wahai",O
000187-005,Thalhah,B_PERSON
000187-005,bin,I_PERSON
000187-005,"Ubaidillah,",I_PERSON
000187-005,sudah,O
000187-005,selayaknya,O
000187-005,jika,O
000187-005,engkau,O
000187-005,mendapat,O
000187-005,surga,O
000187-005,dan,O
000187-005,duduk,O
000187-005,di,O
000187-005,atas,O
000187-005,kristal-kristal,O
000187-005,mutiara,O
000187-005,yang,O
000187-005,"indah.""",O
000187-005,Pada,O
000187-005,saat,O
000187-005,yang,O
000187-005,kritis,O
000187-005,itu,O
000187-005,Allah,O
000187-005,menurunkan,O
000187-005,pertolongan,O
000187-005,secara,O
000187-005,gaib.,O
000194-001,Setelah,O
000194-001,Rasulullah,B_PERSON
000194-001,mendapatkan,O
000194-001,tempat,O
000194-001,sebagai,O
000194-001,pusat,O
000194-001,komando,O
000194-001,di,O
000194-001,jalan,O
000194-001,"bukit,",O
000194-001,maka,O
000194-001,orang-orang,O
000194-001,musyrik,O
000194-001,melancarkan,O
000194-001,serangan,O
000194-001,yang,O
000194-001,"terakhir,",O
000194-001,sebagai,O
000194-001,upaya,O
000194-001,untuk,O
000194-001,menghabisi,O
000194-001,orang-orang,O
000194-001,Muslim,O
000194-001,Ibnu,B_PERSON
000194-001,Ishaq,I_PERSON
000194-001,"menuturkan,",O
000194-001,selagi,O
000194-001,Rasulullah,B_PERSON
000194-001,berada,O
000194-001,di,O
000194-001,jalan,O
000194-001,"bukit,",O
000194-001,ada,O
000194-001,beberapa,O
000194-001,orang,O
000194-001,Quraisy,O
000194-001,yang,O
000194-001,mendakit,O
000194-001,"bukit,",O
000194-001,di,O
000194-001,bawah,O
000194-001,pimpinan,O
000194-001,Abu,B_PERSON
000194-001,Sufyan,I_PERSON
000194-001,dan,O
000194-001,Khalid,B_PERSON
000194-001,bin,I_PERSON
000194-001,Al-Walid.,I_PERSON
000194-001,Beliau,O
000194-001,"bersabda,",O
000194-001,"""Ya",O
000194-001,"Allah,",O
000194-001,tidak,O
000194-001,selayaknya,O
000194-001,bagi,O
000194-001,mereka,O
000194-001,untuk,O
000194-001,mengungguli,O
000194-001,"kita.""",O
000194-001,Kemudian,O
000194-001,Umar,B_PERSON
000194-001,bin,I_PERSON
000194-001,Al-Khaththab,I_PERSON
000194-001,bersama,O
000194-001,beberapa,O
000194-001,orang,O
000194-001,Muhajirin,O
000194-001,menyerang,O
000194-001,"mereka,",O
000194-001,hingga,O
000194-001,mereka,O
000194-001,turun,O
000194-001,dari,O
000194-001,atas,O
000194-001,bukit.,O
000194-001,Sewaktu,O
000194-001,peperangan,B_EVENT
000194-001,"Al-Umawi,",B_PERSON
000194-001,orang-orang,O
000194-001,musyrik,O
000194-001,juga,O
000194-001,pernah,O
000194-001,naik,O
000194-001,ke,O
000194-001,atas,O
000194-001,bukit.,O
000194-001,Lalu,O
000194-001,Rasulullah,B_PERSON
000194-001,bersabda,O
000194-001,kepada,O
000194-001,"Sa'd,",B_PERSON
000194-001,"""Buatlah",O
000194-001,mereka,O
000194-001,"ketakutan!""",O
000194-001,"""Bagaimana",O
000194-001,dengan,O
000194-001,hanya,O
000194-001,sendirian,O
000194-001,aku,O
000194-001,bisa,O
000194-001,membuat,O
000194-001,mereka,O
000194-001,"ketakutan?""",O
000194-001,tanya,O
000194-001,Sa'd.,B_PERSON
000194-001,Namun,O
000194-001,beliau,O
000194-001,tetap,O
000194-001,bersabda,O
000194-001,seperti,O
000194-001,itu,O
000194-001,hingga,O
000194-001,tiga,O
000194-001,kali.,O
000194-001,Akhirnya,O
000194-001,Sa'd,B_PERSON
000194-001,mengambil,O
000194-001,sebatang,O
000194-001,anak,O
000194-001,panah,O
000194-001,dari,O
000194-001,"tabungnya,",O
000194-001,lalu,O
000194-001,membidikannya,O
000194-001,ke,O
000194-001,tubuh,O
000194-001,salah,O
000194-001,seorang,O
000194-001,musyrik,O
000194-001,hingga,O
000194-001,dapat,O
000194-001,membunuhnya.,O
000194-001,Sa'd,B_PERSON
000194-001,"menuturkan,",O
000194-001,"""Lalu",O
000194-001,anak,O
000194-001,panah,O
000194-001,itu,O
000194-001,kuambil,O
000194-001,lagi,O
000194-001,dan,O
000194-001,kubidikan,O
000194-001,kepada,O
000194-001,seseorang,O
000194-001,yang,O
000194-001,lain,O
000194-001,hingga,O
000194-001,dapat,O
000194-001,membunuhnya.,O
000194-001,Kemudian,O
000194-001,anak,O
000194-001,panah,O
000194-001,itu,O
000194-001,kuambil,O
000194-001,lagi,O
000194-001,dan,O
000194-001,kubidikan,O
000194-001,kepada,O
000194-001,seseorang,O
000194-001,yang,O
000194-001,lain,O
000194-001,lagi,O
000194-001,hingga,O
000194-001,dapat,O
000194-001,membunuhnya.,O
000194-001,Akhirnya,O
000194-001,mereka,O
000194-001,turun,O
000194-001,dari,O
000194-001,atas,O
000194-001,bukit.,O
000194-001,"Kukatakan,",O
000194-001,Ini,O
000194-001,adalah,O
000194-001,anak,O
000194-001,panah,O
000194-001,yang,O
000194-001,penuh,O
000194-001,"barakah.""",O
000194-001,Lalu,O
000194-001,aku,O
000194-001,memasukannya,O
000194-001,ke,O
000194-001,dalam,O
000194-001,"tabungnya.""",O
000194-001,Anak,O
000194-001,panah,O
000194-001,itu,O
000194-001,tetap,O
000194-001,disimpan,O
000194-001,Sa'd,B_PERSON
000194-001,hingga,O
000194-001,saat,O
000194-001,dia,O
000194-001,meninggal,O
000194-001,dunia,O
000194-001,dan,O
000194-001,setelah,O
000194-001,itu,O
000194-001,disimpan,O
000194-001,anak,O
000197-001,Setelah,O
000197-001,Rasulullah,B_PERSON
000197-001,berada,O
000197-001,di,O
000197-001,jalan,O
000197-001,"bukit,",O
000197-001,Ali,B_PERSON
000197-001,bin,I_PERSON
000197-001,Abu,I_PERSON
000197-001,Thalib,I_PERSON
000197-001,pergi.,O
000197-001,Tak,O
000197-001,seberapa,O
000197-001,lama,O
000197-001,kemudian,O
000197-001,dia,O
000197-001,kembali,O
000197-001,lagi,O
000197-001,sambil,O
000197-001,membawa,O
000197-001,perisai,O
000197-001,dari,O
000197-001,kulit,O
000197-001,y,O
000197-001,ang,O
000197-001,sudah,O
000197-001,dipenuhi,O
000197-001,air,O
000197-001,yang,O
000197-001,diambil,O
000197-001,dari,O
000197-001,mata,O
000197-001,air,O
000197-001,Al-Mihras.,B_PERSON
000197-001,Dia,O
000197-001,menghampiri,O
000197-001,beliau,O
000197-001,dan,O
000197-001,menyuruh,O
000197-001,untuk,O
000197-001,meminumnya.,O
000197-001,Namun,O
000197-001,beliau,O
000197-001,mencium,O
000197-001,bau,O
000197-001,yang,O
000197-001,tidak,O
000197-001,"sedap,",O
000197-001,sehingga,O
000197-001,tidak,O
000197-001,jadi,O
000197-001,meminumnya.,O
000197-001,Air,O
000197-001,itu,O
000197-001,beliau,O
000197-001,pergunakan,O
000197-001,untuk,O
000197-001,membasuh,O
000197-001,darah,O
000197-001,di,O
000197-001,muka,O
000197-001,beliau,O
000197-001,dan,O
000197-001,mengguyurkannya,O
000197-001,ke,O
000197-001,"kepala,",O
000197-001,sambil,O
000197-001,"bersabda,",O
000197-001,"""Allah",O
000197-001,amat,O
000197-001,murka,O
000197-001,terhadap,O
000197-001,orang,O
000197-001,yang,O
000197-001,membuat,O
000197-001,wajah,O
000197-001,Nabi-Nya,O
000197-001,berdarah.,O
000197-001,"""",O
000197-001,Sahl,B_PERSON
000197-001,"berkata,",O
000197-001,"""Demi",O
000197-001,"Allah,",O
000197-001,aku,O
000197-001,benar-benar,O
000197-001,tahu,O
000197-001,siapa,O
000197-001,yang,O
000197-001,membasuh,O
000197-001,luka,O
000197-001,Rasulullah,B_PERSON
000197-001,",",O
000197-001,siapa,O
000197-001,y,O
000197-001,ang,O
000197-001,menuangkan,O
000197-001,air,O
000197-001,dan,O
000197-001,dengan,O
000197-001,apa,O
000197-001,mengobati.,O
000197-001,Fathimah.,B_PERSON
000197-001,putri,O
000197-001,beliau,O
000197-001,yang,O
000197-001,membasuh,O
000197-001,dan,O
000197-001,Ali,B_PERSON
000197-001,bin,I_PERSON
000197-001,Abu,I_PERSON
000197-001,Thalib,I_PERSON
000197-001,yang,O
000197-001,menuangkan,O
000197-001,air.,O
000197-001,Tatkala,O
000197-001,Fathimah,B_PERSON
000197-001,melihat,O
000197-001,bahwa,O
000197-001,basuhan,O
000197-001,air,O
000197-001,itu,O
000197-001,justru,O
000197-001,membuat,O
000197-001,darah,O
000197-001,beliau,O
000197-001,semakin,O
000197-001,mengalir,O
000197-001,"banyak,",O
000197-001,maka,O
000197-001,dia,O
000197-001,menyobek,O
000197-001,sepotong,O
000197-001,tikar,O
000197-001,lalu,O
000197-001,membakarnya,O
000197-001,dan,O
000197-001,menempelkannya,O
000197-001,di,O
000197-001,luka,O
000197-001,"beliau,",O
000197-001,hingga,O
000197-001,darahnya,O
000197-001,berhenti.,O
000197-001,Muhammad,B_PERSON
000197-001,bin,I_PERSON
000197-001,Maslamah,I_PERSON
000197-001,datang,O
000197-001,sambil,O
000197-001,membawa,O
000197-001,air,O
000197-001,yang,O
000197-001,segar.,O
000197-001,Maka,O
000197-001,Nabi,O
000197-001,meminumnya,O
000197-001,dan,O
000197-001,mendoakan,O
000197-001,kebaikan,O
000197-001,baginya.,O
000197-001,Beliau,O
000197-001,shalat,O
000197-001,zhuhur,O
000197-001,di,O
000197-001,tempat,O
000197-001,itu,O
000197-001,sambil,O
000197-001,duduk,O
000197-001,karena,O
000197-001,"lukanya,",O
000197-001,sedangkan,O
000197-001,orang-orang,O
000197-001,Muslim,O
000197-001,di,O
000197-001,belakang,O
000197-001,beliau,O
000197-001,juga,O
000197-001,sambil,O
000201-001,Al-Imam,O
000201-001,Ahmad,B_PERSON
000201-001,meriway,O
000201-001,atkan,O
000201-001,tentang,O
000201-001,kejadian,O
000201-001,pada,O
000201-001,Perang,B_EVENT
000201-001,"Uhud,",I_EVENT
000201-001,setelah,O
000201-001,orang-orang,O
000201-001,musyrik,O
000201-001,kembali.,O
000201-001,Rasulullah,B_PERSON
000201-001,"bersabda,",O
000201-001,Berbarislah,O
000201-001,yang,O
000201-001,lurus,O
000201-001,Aku,O
000201-001,akan,O
000201-001,memuji,O
000201-001,Allah,O
000201-001,dan,O
000201-001,berdoa,O
000201-001,"kepada-Nya.""",O
000201-001,Maka,O
000201-001,mereka,O
000201-001,pun,O
000201-001,berjajar,O
000201-001,membuat,O
000201-001,beberapa,O
000201-001,shaff,O
000201-001,ke,O
000201-001,belakang,O
000201-001,"beliau,",O
000201-001,lalu,O
000201-001,beliau,O
000201-001,membaca,O
000201-001,Yg,O
000201-001,yg,O
000201-001,yg,O
000201-001,yg,O
000201-001,yg,O
000201-001,yg,O
000201-001,1/140.,O
000201-001,193,O
000201-001,Shahih,O
000201-001,"Al-Bukhari,",O
000201-001,"2/579,",O
000201-001,Yg,O
000201-001,"""Ya",O
000201-001,"Allah,",O
000201-001,segala,O
000201-001,puji,O
000201-001,"bagi-Mu,",O
000201-001,Ya,O
000201-001,"Allah,",O
000201-001,tidak,O
000201-001,ada,O
000201-001,yang,O
000201-001,bisa,O
000201-001,memungut,O
000201-001,apa,O
000201-001,yang,O
000201-001,Engkau,O
000201-001,"hamparkan,",O
000201-001,tidak,O
000201-001,ada,O
000201-001,yang,O
000201-001,bisa,O
000201-001,menghamparkan,O
000201-001,apa,O
000201-001,yang,O
000201-001,Engkau,O
000201-001,pungut.,O
000201-001,Tidak,O
000201-001,ada,O
000201-001,yang,O
000201-001,bisa,O
000201-001,memberi,O
000201-001,petunjuk,O
000201-001,kepada,O
000201-001,orang,O
000201-001,yang,O
000201-001,Engkau,O
000201-001,sesatkan,O
000201-001,dan,O
000201-001,tidak,O
000201-001,ada,O
000201-001,yang,O
000201-001,bisa,O
000201-001,memberi,O
000201-001,kesesatan,O
000201-001,kepada,O
000201-001,orang,O
000201-001,yang,O
000201-001,Engkau,O
000201-001,beri,O
000201-001,petunjuk.,O
000201-001,Tidak,O
000201-001,ada,O
000201-001,yang,O
000201-001,bisa,O
000201-001,memberi,O
000201-001,apa,O
000201-001,yang,O
000201-001,Engkau,O
000201-001,tahan,O
000201-001,dan,O
000201-001,tidak,O
000201-001,ada,O
000201-001,yang,O
000201-001,bisa,O
000201-001,menahan,O
000201-001,apa,O
000201-001,yang,O
000201-001,Engkau,O
000201-001,berikan.,O
000201-001,Tidak,O
000201-001,ada,O
000201-001,yang,O
000201-001,bisa,O
000201-001,mendekatkan,O
000201-001,apa,O
000201-001,yang,O
000201-001,Engkau,O
000201-001,jauhkan,O
000201-001,dan,O
000201-001,tidak,O
000201-001,ada,O
000201-001,yang,O
000201-001,bisa,O
000201-001,menjauhkan,O
000201-001,apa,O
000201-001,yang,O
000201-001,Engkau,O
000201-001,dekatkan.,O
000201-001,Ya,O
000201-001,"Allah,",O
000201-001,hamparkanlah,O
000201-001,kepada,O
000201-001,kami,O
000201-001,dari,O
000201-001,"barakah-Mu,",O
000201-001,"rahmat-Mu,",O
000201-001,"karunia-Mu,",O
000201-001,dan,O
000201-001,rezeki-Mu.,O
000201-001,Ya,O
000201-001,"Allah,",O
000201-001,sesungguhnya,O
000201-001,aku,O
000201-001,memohon,O
000201-001,kenikmatan,O
000201-001,yang,O
000201-001,kekal,O
000201-001,"kepada-Mu,",O
000201-001,yang,O
000201-001,tidak,O
000201-001,berubah,O
000201-001,dan,O
000201-001,habis.,O
000201-001,Ya,O
000201-001,"Allah,",O
000201-001,sesungguhnya,O
000201-001,aku,O
000201-001,memohon,O
000201-001,pertolongan,O
000201-001,kepada-Mu,O
000201-001,saat,O
000201-001,lemah,O
000201-001,dan,O
000201-001,keamanan,O
000201-001,pada,O
000201-001,saat,O
000201-001,ketakutan.,O
000201-001,Ya,O
000201-001,"Allah,",O
000201-001,sesungguhnya,O
000201-001,aku,O
000201-001,berlindung,O
000201-001,kepada-Mu,O
000201-001,dari,O
000201-001,kejahatan,O
000201-001,yang,O
000201-001,Engkau,O
000201-001,berikan,O
000201-001,kepada,O
000201-001,kami,O
000201-001,dan,O
000201-001,kejahatan,O
000201-001,yang,O
000201-001,Engkau,O
000201-001,tahan,O
000201-001,dari,O
000201-001,kami.,O
000201-001,Ya,O
000201-001,"Allah,",O
000201-001,buatlah,O
000201-001,kami,O
000201-001,mencintai,O
000201-001,iman,O
000201-001,dan,O
000201-001,buatlah,O
000201-001,iman,O
000201-001,itu,O
000201-001,bagus,O
000201-001,di,O
000201-001,dalam,O
000201-001,hati,O
000201-001,kami.,O
000201-001,Buatlah,O
000201-001,kami,O
000201-001,membenci,O
000201-001,"kekufuran,",O
000201-001,"kefasikan,",O
000201-001,dan,O
000201-001,kedurhakaan.,O
000205-001,Orang-orang,O
000205-001,Muslim,O
000205-001,berada,O
000205-001,di,O
000205-001,Madinah,B_LOCATION
000205-001,pada,O
000205-001,malam,B_TIME
000205-001,"Ahad,",I_TIME
000205-001,sepulang,O
000205-001,dari,O
000205-001,Perang,B_EVENT
000205-001,Uhud.,I_EVENT
000205-001,Suasana,O
000205-001,duka,O
000205-001,menyelimuti,O
000205-001,diri,O
000205-001,"mereka,",O
000205-001,ditambah,O
000205-001,lagi,O
000205-001,keadaan,O
000205-001,badan,O
000205-001,yang,O
000205-001,terasa,O
000205-001,letih,O
000205-001,dan,O
000205-001,payah.,O
000205-001,Kali,O
000205-001,ini,O
000205-001,mereka,O
000205-001,benar-benar,O
000205-001,mendapat,O
000205-001,bencana.,O
000205-001,Namun,O
000205-001,begitu,O
000205-001,mereka,O
000205-001,tetap,O
000205-001,berjaga-jaga,O
000205-001,di,O
000205-001,dalam,O
000205-001,dan,O
000205-001,pinggir,O
000205-001,Al-Halabiyah.,O
000205-001,2/47.,O
000205-001,197,O
000205-001,Sirah,O
000205-001,"An-Nabawiyah,",O
000205-001,Ibnu,B_PERSON
000205-001,"Hisyam,",I_PERSON
000205-001,2/100.,O
000205-001,198,O
000205-001,Lihat,O
000205-001,rincian,O
000205-001,masalah,O
000205-001,ini,O
000205-001,dalam,O
000205-001,Sirah,O
000205-001,"An-Nabawiyah,",O
000205-001,Ibnu,B_PERSON
000205-001,"Hisyam,",I_PERSON
000205-001,2/122-129;,O
000205-001,"Fathul-Bari,",O
000205-001,7/351.,O
000205-001,"Madinah,",B_LOCATION
000205-001,khususnya,O
000205-001,menjaga,O
000205-001,komandan,O
000205-001,"tertinggi,",O
000205-001,Rasulullah,B_PERSON
000205-001,",",O
000205-001,yang,O
000205-001,sewaktu,O
000205-001,waktu,O
000205-001,bisa,O
000205-001,terancam,O
000205-001,bahaya,O
000206-002,Rasulullah,B_PERSON
000206-002,bersama,O
000206-002,orang-orang,O
000206-002,Muslim,O
000206-002,keluar,O
000206-002,dari,O
000206-002,Madinah,B_LOCATION
000206-002,hingga,O
000206-002,tiba,O
000206-002,di,O
000206-002,Hamra'ul,B_LOCATION
000206-002,"Asad,",I_LOCATION
000206-002,sejauh,O
000206-002,8,O
000206-002,mil,O
000206-002,dari,O
000206-002,Madinah.,B_LOCATION
000206-002,Mereka,O
000206-002,bermarkas,O
000206-002,di,O
000206-002,sana,O
000206-002,Selagi,O
000206-002,di,O
000206-002,"sana,",O
000206-002,muncul,O
000206-002,Ma'bad,B_PERSON
000206-002,bin,I_PERSON
000206-002,Abu,I_PERSON
000206-002,Ma'bad,I_PERSON
000206-002,Al-Khuza'i,O
000206-002,di,O
000206-002,hadapan,O
000206-002,Rasulullah,B_PERSON
000206-002,lalu,O
000206-002,masuk,O
000206-002,Islam.,O
000206-002,Tetapi,O
000206-002,ada,O
000206-002,pendapat,O
000206-002,yang,O
000206-002,mengatakan,O
000206-002,bahwa,O
000206-002,dia,O
000206-002,masih,O
000206-002,dalam,O
000206-002,keadaan,O
000206-002,musyrik,O
000206-002,saat,O
000206-002,itu.,O
000206-002,Yang,O
000206-002,"pasti,",O
000206-002,dia,O
000206-002,memberikan,O
000206-002,nasihat,O
000206-002,dan,O
000206-002,berpihak,O
000206-002,kepada,O
000206-002,"beliau,",O
000206-002,apalagi,O
000206-002,ada,O
000206-002,perjanjian,O
000206-002,persahabatan,O
000206-002,antara,O
000206-002,Bani,O
000206-002,Khuza'ah,O
000206-002,dan,O
000206-002,Bani,O
000206-002,Hasyim.,O
000206-002,Dia,O
000206-002,"berkata,",O
000206-002,"""Wahai",O
000206-002,"Muhammad,",B_PERSON
000206-002,Demi,O
000206-002,Allah,O
000206-002,kami,O
000206-002,(orang-orang,O
000206-002,Quraisy),O
000206-002,merasa,O
000206-002,hebat,O
000206-002,karena,O
000206-002,bencana,O
000206-002,yang,O
000206-002,menimpa,O
000206-002,rekan-,O
000206-002,rekanmu.,O
000206-002,Namun,O
000206-002,aku,O
000206-002,tetap,O
000206-002,berharap,O
000206-002,Allah,O
000206-002,masih,O
000206-002,memberi,O
000206-002,afiat,O
000206-002,"kepadamu.""",O
000206-002,Lalu,O
000206-002,beliau,O
000206-002,menyuruh,O
000206-002,Ma'bad,B_PERSON
000206-002,agar,O
000206-002,menyusul,O
000206-002,Abu,B_PERSON
000206-002,Sufyan,I_PERSON
000206-002,dan,O
000206-002,pasukannya,O
000206-002,serta,O
000206-002,melecehkannya.,O
000206-002,Ternyata,O
000206-002,apa,O
000206-002,yang,O
000206-002,dipikirkan,O
000206-002,beliau,O
000206-002,tentang,O
000206-002,niat,O
000206-002,pasukan,O
000206-002,Quraisy,O
000206-002,untuk,O
000206-002,melakukan,O
000206-002,serangan,O
000206-002,ke,O
000206-002,Madinah,B_LOCATION
000206-002,benar-benar,O
000206-002,akan,O
000206-002,dilaksanakan,O
000206-002,Saat,O
000206-002,singgah,O
000206-002,ke,O
000206-002,Ar-Rauha',B_LOCATION
000206-002,yang,O
000206-002,jaraknya,O
000206-002,36,O
000206-002,mil,O
000206-002,dari,O
000206-002,"Madinah,",B_LOCATION
000206-002,orang-orang,O
000206-002,musyrik,O
000206-002,saling,O
000206-002,ejek-mengejek,O
000206-002,"""Kalian",O
000206-002,belum,O
000206-002,berbuat,O
000206-002,"apa-apa,""",O
000206-002,kata,O
000206-002,sebagian,O
000206-002,di,O
000206-002,antara,O
000206-002,mereka,O
000206-002,kepada,O
000206-002,sebagian,O
000206-002,yang,O
000206-002,lain.,O
000206-002,Kalian,O
000206-002,sudah,O
000206-002,menguasai,O
000206-002,pemuka,O
000206-002,dan,O
000206-002,orang,O
000206-002,yang,O
000206-002,kuat,O
000206-002,di,O
000206-002,antara,O
000206-002,"mereka,",O
000206-002,kemudian,O
000206-002,kalian,O
000206-002,meninggalkan,O
000206-002,mereka.,O
000206-002,Sementara,O
000206-002,masih,O
000206-002,ada,O
000206-002,sekian,O
000206-002,banyak,O
000206-002,kepala,O
000206-002,yang,O
000206-002,berhimpun,O
000206-002,lagi,O
000206-002,untuk,O
000206-002,menghadapi,O
000206-002,kalian.,O
000206-002,Maka,O
000206-002,kembalilah,O
000206-002,untuk,O
000206-002,mencabut,O
000206-002,hingga,O
000206-002,ke,O
000206-002,akar-akar,O
000206-002,"mereka.""",O
000206-002,Sebenarnya,O
000206-002,jalan,O
000206-002,pikiran,O
000206-002,ini,O
000206-002,hanya,O
000206-002,muncul,O
000206-002,di,O
000206-002,permukaan,O
000206-002,"saja,",O
000206-002,dari,O
000206-002,orang.,O
000206-002,orang,O
000206-002,yang,O
000206-002,tidak,O
000206-002,bisa,O
000206-002,mengukur,O
000206-002,secara,O
000206-002,persis,O
000206-002,kekuatan,O
000206-002,di,O
000206-002,kedua,O
000206-002,belah,O
000206-002,pihak,O
000206-002,dan,O
000206-002,khususnya,O
000206-002,spiritual,O
000206-002,mereka.,O
000207-001,Al-Qur',O
000207-001,an,O
000207-001,turun,O
000207-001,menyoroti,O
000207-001,setiap,O
000207-001,kejadian,O
000207-001,yang,O
000207-001,penting,O
000207-001,dalam,O
000207-001,peperangan,O
000207-001,"ini,",O
000207-001,tahapan,O
000207-001,demi,O
000207-001,"tahapan,",O
000207-001,ditambah,O
000207-001,dengan,O
000207-001,berberapa,O
000207-001,catatan,O
000207-001,yang,O
000207-001,menjelaskan,O
000207-001,berberapa,O
000207-001,sebab,O
000207-001,yang,O
000207-001,mengakibatkan,O
000207-001,kerugian,O
000207-001,yang,O
000207-001,besar,O
000207-001,itu.,O
000207-001,Al-Qur,O
000207-001,an,O
000207-001,juga,O
000207-001,menampakkan,O
000207-001,beberapa,O
000207-001,sisi,O
000207-001,kelemahan,O
000207-001,yang,O
000207-001,ada,O
000207-001,di,O
000207-001,tengah,O
000207-001,pasukan,O
000207-001,orang-orang,O
000207-001,Mukmin,O
000207-001,ini,O
000207-001,jika,O
000207-001,dikaitkan,O
000207-001,dengan,O
000207-001,kewajiban,O
000207-001,yang,O
000207-001,seharusnya,O
000207-001,mereka,O
000207-001,kerjakan,O
000207-001,pada,O
000207-001,saat-saat,O
000207-001,yang,O
000207-001,"kritis,",O
000207-001,apalagi,O
000207-001,jika,O
000207-001,dikaitkan,O
000207-001,dengan,O
000207-001,tujuan,O
000207-001,yang,O
000207-001,hendak,O
000207-001,diraih,O
000207-001,umat,O
000207-001,"ini,",O
000207-001,sebagai,O
000207-001,umat,O
000207-001,paling,O
000207-001,baik,O
000207-001,yang,O
000207-001,dikeluarkan,O
000207-001,bagi,O
000207-001,manusia.,O
000207-001,Al-Qur',O
000207-001,an,O
000207-001,juga,O
000207-001,membicarakan,O
000207-001,sikap,O
000207-001,orang-orang,O
000207-001,"munafik,",O
000207-001,melecehkan,O
000207-001,mereka,O
000207-001,dan,O
000207-001,menyingkap,O
000207-001,permusuhan,O
000207-001,terhadap,O
000207-001,Allah,O
000207-001,dan,O
000207-001,Rasul-Nya,O
000207-001,yang,O
000207-001,tersimpan,O
000207-001,di,O
000207-001,dalam,O
000207-001,hati,O
000207-001,"mereka,",O
000207-001,sambil,O
000207-001,berusaha,O
000207-001,mengenyahkan,O
000207-001,keragu-raguan,O
000207-001,dan,O
000207-001,kebimbangan,O
000207-001,yang,O
000207-001,bersemayam,O
000207-001,di,O
000207-001,dalam,O
000207-001,hati,O
000207-001,orang-orang,O
000207-001,Mukmin,O
000207-001,yang,O
000207-001,lemah.,O
000207-001,Karena,O
000207-001,kelompok,O
000207-001,inilah,O
000207-001,yang,O
000207-001,menjadi,O
000207-001,sasaran,O
000207-001,orang-orang,O
000207-001,munafik,O
000207-001,dan,O
000207-001,Yahudi.,O
000207-001,Al-Qur',O
000207-001,an,O
000207-001,juga,O
000207-001,mengisyaratkan,O
000207-001,tujuan,O
000207-001,yang,O
000207-001,mulia,O
000207-001,dari,O
000207-001,peperangan,O
000207-001,ini.,O
000207-001,Ada,O
000207-001,enam,O
000207-001,puluh,O
000207-001,ay,O
000207-001,at,O
000207-001,dari,O
000207-001,surah,O
000207-001,Ali,B_PERSON
000207-001,Imran,I_PERSON
000207-001,yang,O
000207-001,turun,O
000207-001,mengenai,O
000207-001,peperangan,O
000207-001,"ini,",O
000207-001,diawali,O
000207-001,dengan,O
000207-001,permulaan,O
000207-001,tahapan,O
000207-001,"perang,",O
000207-001,JIy,O
000207-001,JCnW,O
000207-001,Kq',O
000207-001,"""Dan",O
000207-001,"(ingatlah),",O
000207-001,ketika,O
000207-001,kamu,O
000207-001,berangkat,O
000207-001,pada,O
000207-001,pagi,O
000207-001,hari,O
000207-001,dari,O
000207-001,(rumah),O
000207-001,keluargamu,O
000207-001,akan,O
000207-001,menempatkan,O
000207-001,para,O
000207-001,mukmin,O
000207-001,pada,O
000207-001,beberapa,O
000207-001,tempat,O
000207-001,untuk,O
000207-001,berperang.,O
000207-001,"""",O
000207-001,(Ali-Imran:,B_PERSON
000207-001,121),O
000207-001,Kesudahan,O
000207-001,ayat-ayat,O
000207-001,ini,O
000207-001,merupakan,O
000207-001,catatan,O
000207-001,menyeluruh,O
000207-001,dari,O
000207-001,hasil,O
000207-001,peperangan,O
000207-001,dan,O
000207-001,hikmahnya.,O
000207-002,"""",O
000207-002,(Ali-Imran:,B_PERSON
000207-002,121),O
000207-002,Kesudahan,O
000207-002,ayat-ayat,O
000207-002,ini,O
000207-002,merupakan,O
000207-002,catatan,O
000207-002,menyeluruh,O
000207-002,dari,O
000207-002,hasil,O
000207-002,peperangan,O
000207-002,dan,O
000207-002,hikmahnya.,O
000207-002,Allah,O
000207-002,"berfirman,",O
000207-002,i,O
000207-002,i,O
000207-002,"""Allah",O
000207-002,sekali-kali,O
000207-002,tidak,O
000207-002,akan,O
000207-002,membiarkan,O
000207-002,orang-orang,O
000207-002,yang,O
000207-002,beriman,O
000207-002,dalam,O
000207-002,keadaan,O
000207-002,kamu,O
000207-002,sekarang,O
000207-002,"ini,",O
000207-002,sehingga,O
000207-002,Dia,O
000207-002,menyisihkan,O
000207-002,yang,O
000207-002,buruk,O
000207-002,(munafik),O
000207-002,dari,O
000207-002,yang,O
000207-002,baik,O
000207-002,(mukmin).,O
000207-002,Dan,O
000207-002,Allah,O
000207-002,sekali-kali,O
000207-002,tidak,O
000207-002,akan,O
000207-002,memperlihatkan,O
000207-002,kepada,O
000207-002,kamu,O
000207-002,hal-hal,O
000207-002,yang,O
000207-002,"ghaib,",O
000207-002,akan,O
000207-002,tetapi,O
000207-002,Allah,O
000207-002,memilih,O
000207-002,siapa,O
000207-002,yang,O
000207-002,dikehendaki-Nya,O
000207-002,di,O
000207-002,antara,O
000207-002,rasul-rasulNya.,O
000207-002,Karena,O
000207-002,itu,O
000207-002,berimanlah,O
000207-002,kepada,O
000207-002,Allah,O
000207-002,dan,O
000207-002,rasul-rasulNya;,O
000207-002,dan,O
000207-002,jika,O
000207-002,kamu,O
000207-002,beriman,O
000207-002,dan,O
000207-002,"bertakwa,",O
000207-002,maka,O
000207-002,bagimu,O
000207-002,pahala,O
000207-002,yang,O
000207-002,besar.,O
000207-002,"""",O
000207-002,(Ali,B_PERSON
000207-002,Imran:,I_PERSON
000207-002,179),O
000218-007,Kami,O
000218-007,melaporkan,O
000218-007,hal,O
000218-007,ini,O
000218-007,kepada,O
000218-007,Rasulullah,B_PERSON
000218-007,.,O
000218-007,Beliau,O
000218-007,"datang,",O
000218-007,mengambil,O
000218-007,cangkul,O
000218-007,dan,O
000218-007,"bersabda,",O
000218-007,"""Bismillah",O
000218-007,"...""",O
000218-007,Kemudian,O
000218-007,menghantam,O
000218-007,tanah,O
000218-007,yang,O
000218-007,keras,O
000218-007,itu,O
000218-007,dengan,O
000218-007,sekali,O
000218-007,hantaman.,O
000218-007,Beliau,O
000218-007,"bersabda,",O
000218-007,"""Allah",O
000218-007,"Mahabesar,",O
000218-007,aku,O
000218-007,diberi,O
000218-007,tanah,O
000218-007,Persi.,O
000218-007,Demi,O
000218-007,Allah,O
000218-007,saat,O
000218-007,ini,O
000218-007,pun,O
000218-007,aku,O
000218-007,bisa,O
000218-007,melihat,O
000218-007,Istana,O
000218-007,Mada'in,O
000218-007,yang,O
000218-007,bercat,O
000218-007,"putih.""",O
000218-007,Kemudian,O
000218-007,beliau,O
000218-007,menghantam,O
000218-007,untuk,O
000218-007,ketiga,O
000218-007,"kalinya,",O
000218-007,dan,O
000218-007,bersabda.,O
000218-007,"""Bismillah",O
000218-007,"...""",O
000218-007,Maka,O
000218-007,hancurlah,O
000218-007,tanah,O
000218-007,yang,O
000218-007,masih,O
000218-007,tersisa.,O
000218-007,Kemudian,O
000218-007,beliau,O
000218-007,"bersabda,",O
000218-007,"""Allah",O
000218-007,Mahabesar.,O
000218-007,Aku,O
000218-007,diberi,O
000218-007,kunci-kunci,O
000218-007,Yaman.,B_LOCATION
000218-007,Demi,O
000218-007,Allah,O
000218-007,dari,O
000218-007,tempatku,O
000218-007,ini,O
000218-007,aku,O
000218-007,bisa,O
000218-007,melihat,O
000218-007,pintu-pintu,O
000218-007,gerbang,O
000218-007,Ibnu,B_PERSON
000218-007,Ishaq,I_PERSON
000218-007,juga,O
000218-007,meriwayatkan,O
000218-007,yang,O
000218-007,serupa,O
000218-007,dengan,O
000218-007,ini,O
000218-007,dari,O
000218-007,Salman,B_PERSON
000218-007,Al-Farisi,I_PERSON
000218-007,.,O
000218-007,Karena,O
000218-007,Madinah,B_LOCATION
000218-007,dikepung,O
000218-007,dengan,O
000218-007,"gunung,",O
000218-007,tanah-tanah,O
000218-007,kasar,O
000218-007,yang,O
000218-007,"berbatuan,",O
000218-007,dan,O
000218-007,kebun-kebun,O
000218-007,korma,O
000218-007,di,O
000218-007,segala,O
000218-007,sudutnya,O
000218-007,kecuali,O
000218-007,bagian,O
000218-007,"utara,",O
000218-007,tentunya,O
000218-007,pasukan,O
000218-007,musuh,O
000218-007,sebanyak,O
000218-007,itu,O
000218-007,akan,O
000218-007,menyerbu,O
000218-007,Madinah,B_LOCATION
000218-007,dari,O
000218-007,arah,O
000218-007,utara,O
000218-007,Sebagai,O
000218-007,pemegang,O
000218-007,pucuk,O
000218-007,pimpinan,O
000218-007,militer,O
000218-007,beliau,O
000218-007,tahu,O
000218-007,betul,O
000218-007,hal,O
000218-007,ini.,O
000218-007,Untuk,O
000218-007,itu,O
000218-007,parit,O
000218-007,digali,O
000218-007,di,O
000218-007,bagian,O
000218-007,ini.,O
000218-007,Orang-orang,O
000218-007,Muslim,O
000218-007,terus,O
000218-007,menggali,O
000218-007,parit,O
000218-007,tanpa,O
000218-007,henti,O
000218-007,sepanjang,O
000218-007,siang,O
000218-007,Baru,O
000218-007,pada,O
000218-007,sore,O
000218-007,harinya,O
000218-007,mereka,O
000218-007,pulang,O
000218-007,ke,O
000218-007,rumah,O
000218-007,menemui,O
000218-007,"keluarga,",O
000218-007,hingga,O
000218-007,204,O
000218-007,Sunan,O
000218-007,"An-Nasai,",B_PERSON
000218-007,"2/56,",O
000218-007,Ahmad,B_PERSON
000218-007,juga,O
000218-007,meriwayatkannya,O
000218-007,di,O
000218-007,dalam,O
000218-007,Al-Musnad.,O
000218-007,Lafazh,O
000218-007,ini,O
000218-007,bukan,O
000218-007,dari,O
000218-007,An-Nasa'i.,B_PERSON
000218-007,penggalian,O
000218-007,parit,O
000218-007,selesai,O
000218-007,seperti,O
000218-007,rencana,O
000218-007,semula,O
000218-007,sebelum,O
000218-007,pasukan,O
000218-007,paganis,O
000218-007,yang,O
000218-007,tidak,O
000218-007,terkira,O
000218-007,bayaknya,O
000218-007,tiba,O
000218-007,di,O
000218-007,pinggiran,O
000218-007,Madinah.,B_LOCATION
000232-002,Namun,O
000232-002,jika,O
000232-002,tidak,O
000232-002,menghendaki,O
000232-002,kecuali,O
000232-002,"perang,",O
000232-002,maka,O
000232-002,demi,O
000232-002,diriku,O
000232-002,yang,O
000232-002,ada,O
000232-002,di,O
000232-002,"tangan-Nya,",O
000232-002,aku,O
000232-002,pasti,O
000232-002,akan,O
000232-002,melayani,O
000232-002,keinginan,O
000232-002,mereka,O
000232-002,hingga,O
000232-002,kemenangan,O
000232-002,yang,O
000232-002,lalu,O
000232-002,hanya,O
000232-002,menjadi,O
000232-002,milikku,O
000232-002,atau,O
000232-002,biarlah,O
000232-002,Allah,O
000232-002,menentukan,O
000232-002,"keputusan-Nya.""",O
000232-002,Budail,O
000232-002,"berkata,",O
000232-002,"""Aku",O
000232-002,akan,O
000232-002,menyampaikan,O
000232-002,apa,O
000232-002,yang,O
000232-002,engkau,O
000232-002,katakan,O
000232-002,ini,O
000232-002,kepada,O
000232-002,"mereka.""",O
000232-002,Lalu,O
000232-002,dia,O
000232-002,beranjak,O
000232-002,pergi,O
000232-002,untuk,O
000232-002,menemui,O
000232-002,"Quraisy,",O
000232-002,seraya,O
000232-002,"berkata,",O
000232-002,"""Aku",O
000232-002,datang,O
000232-002,kepada,O
000232-002,kalian,O
000232-002,setelah,O
000232-002,menemui,O
000232-002,Muhammad,B_PERSON
000232-002,dan,O
000232-002,aku,O
000232-002,mendengar,O
000232-002,dia,O
000232-002,telah,O
000232-002,mengucapkan,O
000232-002,suatu,O
000232-002,perkataan.,O
000232-002,Jika,O
000232-002,kalian,O
000232-002,menghendaki,O
000232-002,aku,O
000232-002,bisa,O
000232-002,memberitahukannya,O
000232-002,kepada,O
000232-002,"kalian.""",O
000232-002,Orang-orang,O
000232-002,yang,O
000232-002,bodoh,O
000232-002,di,O
000232-002,antara,O
000232-002,mereka,O
000232-002,"berkata,",O
000232-002,"""Kami",O
000232-002,tidak,O
000232-002,membu-,O
000232-002,tuhkan,O
000232-002,engkau,O
000232-002,memberitahu,O
000232-002,sesuatu,O
000232-002,pun,O
000232-002,dari,O
000232-002,dirinya,O
000232-002,kepada,O
000232-002,"kami.""",O
000232-002,Namun,O
000232-002,orang-orang,O
000232-002,yang,O
000232-002,tajam,O
000232-002,pikirannya,O
000232-002,di,O
000232-002,antara,O
000232-002,mereka,O
000232-002,berkata.,O
000232-002,"""Sampaikan",O
000232-002,apa,O
000232-002,yang,O
000232-002,engkau,O
000232-002,dengar,O
000232-002,"darinya.""",O
000232-002,"""Aku",O
000232-002,mendengar,O
000232-002,dia,O
000232-002,berkata,O
000232-002,begini,O
000232-002,dan,O
000232-002,"begitu,""",O
000232-002,kata,O
000232-002,Budail.,O
000232-002,Lalu,O
000232-002,Quraisy,O
000232-002,mengutus,O
000232-002,Mikraz,B_PERSON
000232-002,dan,O
000232-002,Hafsh.,B_PERSON
000232-002,Saat,O
000232-002,melihat,O
000232-002,"kehadirannya,",O
000232-002,Rasulullah,B_PERSON
000232-002,"bersabda,",O
000232-002,"""Dia",O
000232-002,adalah,O
000232-002,orang,O
000232-002,yang,O
000232-002,suka,O
000232-002,"berkhianat.""",O
000232-002,Saat,O
000232-002,sudah,O
000232-002,saling,O
000232-002,"berhadapan,",O
000232-002,beliau,O
000232-002,mengucapkan,O
000232-002,seperti,O
000232-002,yang,O
000232-002,sudah,O
000232-002,diucapkan,O
000232-002,kepada,O
000232-002,Budail,O
000232-002,dan,O
000232-002,rekan-rekannya,O
000232-002,dari,O
000232-002,Khuza'ah.,B_LOCATION
000232-002,Setelah,O
000232-002,itu,O
000232-002,Budail,O
000232-002,kembali,O
000232-002,lagi,O
000232-002,menemui,O
000232-002,orang-orang,O
000232-002,Quraisy,O
000232-002,dan,O
000232-002,menyampaikan,O
000232-002,sabda,O
000232-002,beliau.,O
000241-002,Bukankah,O
000241-002,sebenarnya,O
000241-002,hal,O
000241-002,ini,O
000241-002,merupakan,O
000241-002,kegagalan,O
000241-002,yang,O
000241-002,telak,O
000241-002,bagi,O
000241-002,pihak,O
000241-002,"Quraisy,",O
000241-002,dan,O
000241-002,sebaliknya,O
000241-002,merupakan,O
000241-002,kemenangan,O
000241-002,nyata,O
000241-002,bagi,O
000241-002,pihak,O
000241-002,orang-orang,O
000241-002,Muslim?,O
000241-002,Peperangan,O
000241-002,secara,O
000241-002,terus-menerus,O
000241-002,yang,O
000241-002,melibatkan,O
000241-002,orang-orang,O
000241-002,Muslim,O
000241-002,dan,O
000241-002,"musuh-musuhnya,",O
000241-002,sama,O
000241-002,sekali,O
000241-002,tidak,O
000241-002,dimaksudkan,O
000241-002,orang-orang,O
000241-002,Muslim,O
000241-002,untuk,O
000241-002,mendapatkan,O
000241-002,harta,O
000241-002,"benda,",O
000241-002,merenggut,O
000241-002,"nyawa,",O
000241-002,membinasakan,O
000241-002,manusia,O
000241-002,atau,O
000241-002,pun,O
000241-002,memaksa,O
000241-002,manusia,O
000241-002,agar,O
000241-002,mau,O
000241-002,memeluk,O
000241-002,Islam.,O
000241-002,Satu-satunya,O
000241-002,tujuan,O
000241-002,yang,O
000241-002,hendak,O
000241-002,dicapai,O
000241-002,orang-orang,O
000241-002,Muslim,O
000241-002,dari,O
000241-002,berbagai,O
000241-002,peperangan,O
000241-002,itu,O
000241-002,ialah,O
000241-002,justru,O
000241-002,ingin,O
000241-002,menciptakan,O
000241-002,kebebasan,O
000241-002,yang,O
000241-002,utuh,O
000241-002,kepada,O
000241-002,manusia,O
000241-002,dalam,O
000241-002,masalah,O
000241-002,akidah,O
000241-002,dan,O
000241-002,agama.,O
000241-002,Hal,O
000241-002,ini,O
000241-002,telah,O
000241-002,diisyaratkan,O
000241-002,firman,O
000241-002,Allah.,O
000241-002,"""Maka",O
000241-002,barangsiapa,O
000241-002,yang,O
000241-002,ingin,O
000241-002,"(beriman),",O
000241-002,hendaklah,O
000241-002,ia,O
000241-002,beriman.,O
000241-002,Dan,O
000241-002,barangsiapa,O
000241-002,yang,O
000241-002,ingin,O
000241-002,"(kafir),",O
000241-002,biarlah,O
000241-002,ia,O
000241-002,kafir.,O
000241-002,"""",O
000241-002,(Al-Kahfi:,O
000241-002,29,O
000241-002,Tidak,O
000241-002,ada,O
000241-002,satu,O
000241-002,kekuatan,O
000241-002,pun,O
000241-002,yang,O
000241-002,bisa,O
000241-002,menghalangi,O
000241-002,maksud,O
000241-002,mereka,O
000241-002,Bagian-bagian,O
000241-002,dari,O
000241-002,tujuan,O
000241-002,ini,O
000241-002,atau,O
000241-002,sinyal-sinyalnya,O
000241-002,telah,O
000241-002,terpegang,O
000241-002,di,O
000241-002,tangan,O
000241-002,Boleh,O
000241-002,jadi,O
000241-002,tujuan,O
000241-002,ini,O
000241-002,tidak,O
000241-002,akan,O
000241-002,tercapai,O
000241-002,sekali,O
000241-002,pun,O
000241-002,dengan,O
000241-002,kemenangan,O
000241-002,yang,O
000241-002,besar,O
000241-002,dalam,O
000241-002,peperangan.,O
000241-002,Dengan,O
000241-002,adanya,O
000241-002,kebebasan,O
000241-002,"ini,",O
000241-002,orang-orang,O
000241-002,Muslim,O
000241-002,bisa,O
000241-002,mencapai,O
000241-002,keberhasilan,O
000241-002,yang,O
000241-002,besar,O
000241-002,di,O
000241-002,bidang,O
000241-002,dakwah.,O
000241-002,Jumlah,O
000241-002,mereka,O
000241-002,yang,O
000241-002,tidak,O
000241-002,lebih,O
000241-002,dari,O
000241-002,tiga,O
000241-002,ribu,O
000241-002,orang,O
000241-002,sebelum,O
000241-002,gencatan,O
000241-002,"senjata,",O
000241-002,semakin,O
000241-002,bertambah,O
000241-002,banyak,O
000241-002,setelah,O
000241-002,adanya,O
000241-002,gencatan,O
000241-002,senjata.,O
000241-002,Selama,O
000241-002,dua,O
000241-002,tahun,O
000241-002,setelah,O
000241-002,"itu,",O
000241-002,pasukan,O
000241-002,Islam,O
000241-002,terdiri,O
000241-002,dari,O
000241-002,sepuluh,O
000241-002,ribu,O
000241-002,"prajurit,",O
000241-002,yaitu,O
000241-002,saat,O
000241-002,penaklukkan,O
000241-002,Makkah,B_LOCATION
000241-002,Klausul,O
000241-002,kedua,O
000241-002,juga,O
000241-002,merupakan,O
000241-002,bagian,O
000241-002,kedua,O
000241-002,dari,O
000241-002,kemenangan,O
000241-002,bagi,O
000241-002,orang-,O
000241-002,orang,O
000241-002,Muslim.,O
000248-001,Nabi,O
000248-001,menulis,O
000248-001,surat,O
000248-001,kepada,O
000248-001,Juraij,B_PERSON
000248-001,bin,I_PERSON
000248-001,"Mata,",I_PERSON
000248-001,yang,O
000248-001,bergelar,O
000248-001,Muqauqis.,O
000248-001,raja,O
000248-001,Mesir,B_LOCATION
000248-001,dan,O
000248-001,Iskandaria.,B_LOCATION
000248-001,Inilah,O
000248-001,isi,O
000248-001,surat,O
000248-001,beliau:,O
000248-001,"""Bismillahir",O
000248-001,rahmanir,O
000248-001,rahim.,O
000248-001,Dari,O
000248-001,"Muhammad,",B_PERSON
000248-001,hamba,O
000248-001,Allah,O
000248-001,dan,O
000248-001,"Rasul-Nya,",O
000248-001,kepada,O
000248-001,Muqauqis,O
000248-001,Raja,O
000248-001,Qibthi.,O
000248-001,Keselamatan,O
000248-001,bagi,O
000248-001,siapa,O
000248-001,pun,O
000248-001,yang,O
000248-001,mengikuti,O
000248-001,"petunjuk,",O
000248-001,amma,B_PERSON
000248-001,ba'd.,I_PERSON
000248-001,Aku,O
000248-001,menyeru,O
000248-001,tuan,O
000248-001,dengan,O
000248-001,seruan,O
000248-001,Islam.,O
000248-001,Masuklah,O
000248-001,"Islam,",O
000248-001,niscaya,O
000248-001,tuan,O
000248-001,akan,O
000248-001,selamat.,O
000248-001,Masuklah,O
000248-001,Islam,O
000248-001,niscaya,O
000248-001,Allah,O
000248-001,akan,O
000248-001,memberikan,O
000248-001,pahala,O
000248-001,kepada,O
000248-001,tuan,O
000248-001,dua,O
000248-001,kali,O
000248-001,lipat.,O
000248-001,Namun,O
000248-001,jika,O
000248-001,tuan,O
000248-001,"berpaling,",O
000248-001,maka,O
000248-001,tuan,O
000248-001,akan,O
000248-001,menanggung,O
000248-001,dosa,O
000248-001,penduduk,O
000248-001,Qibthi.,O
000248-001,224,O
000248-001,Zadul,O
000248-001,"Ma'ad,",O
000248-001,3/61,O
000248-001,"""Katakanlah:",O
000248-001,"""Hai",O
000248-001,Ahli,O
000248-001,"Kitab,",O
000248-001,marilah,O
000248-001,(berpegang),O
000248-001,kepada,O
000248-001,suatu,O
000248-001,kalimat,O
000248-001,(ketetapan),O
000248-001,yang,O
000248-001,tidak,O
000248-001,ada,O
000248-001,perselisihan,O
000248-001,antara,O
000248-001,kami,O
000248-001,dan,O
000248-001,"kamu,",O
000248-001,bahwa,O
000248-001,tidak,O
000248-001,kita,O
000248-001,sembah,O
000248-001,kecuali,O
000248-001,Allah,O
000248-001,dan,O
000248-001,tidak,O
000248-001,kita,O
000248-001,persekutukan,O
000248-001,Dia,O
000248-001,dengan,O
000248-001,sesuatu,O
000248-001,pun,O
000248-001,dan,O
000248-001,tidak,O
000248-001,(pula),O
000248-001,sebagian,O
000248-001,kita,O
000248-001,menjadikan,O
000248-001,sebagian,O
000248-001,yang,O
000248-001,lain,O
000248-001,sebagai,O
000248-001,Tuhan,O
000248-001,selain,O
000248-001,Allah.,O
000248-001,"""",O
000248-001,Jika,O
000248-001,mereka,O
000248-001,berpaling,O
000248-001,maka,O
000248-001,katakanlah,O
000248-001,kepada,O
000248-001,mereka:,O
000248-001,"""Saksikanlah,",O
000248-001,bahwa,O
000248-001,kami,O
000248-001,adalah,O
000248-001,orang-orang,O
000248-001,yang,O
000248-001,berserah,O
000248-001,diri,O
000248-001,(kepada,O
000248-001,Allah).,O
000248-001,"""",O
000248-001,(Ali,B_PERSON
000248-001,Imran:,I_PERSON
000248-001,64),O
000248-001,Surat,O
000248-001,ini,O
000248-001,dibawa,O
000248-001,Hathib,B_PERSON
000248-001,bin,I_PERSON
000248-001,Abu,I_PERSON
000248-001,Balta'ah.,I_PERSON
000248-001,Setelah,O
000248-001,menghadap,O
000248-001,"Muqauqis,",O
000248-001,Hathib,B_PERSON
000248-001,berkata,O
000248-001,"kepadanya,",O
000248-001,"""Sebelumnya",O
000248-001,sebelum,O
000248-001,tuan,O
000248-001,ada,O
000248-001,seseorang,O
000248-001,yang,O
000248-001,mengaku,O
000248-001,bahwa,O
000248-001,dia,O
000248-001,adalah,O
000248-001,tuhan,O
000248-001,yang,O
000248-001,paling,O
000248-001,tinggi.,O
000248-001,Lalu,O
000248-001,Allah,O
000248-001,menimpakkan,O
000248-001,hukuman,O
000248-001,kepadanya,O
000248-001,di,O
000248-001,dunia,O
000248-001,dan,O
000248-001,akhirat.,O
000248-001,Allah,O
000248-001,menyiksanya,O
000248-001,lalu,O
000248-001,menyiksanya,O
000248-001,lagi.,O
000248-002,Allah,O
000248-002,menyiksanya,O
000248-002,lalu,O
000248-002,menyiksanya,O
000248-002,lagi.,O
000248-002,Maka,O
000248-002,ambillah,O
000248-002,pelajaran,O
000248-002,"darinya,",O
000248-002,dan,O
000248-002,jangan,O
000248-002,sampai,O
000248-002,ada,O
000248-002,orang,O
000248-002,lain,O
000248-002,yang,O
000248-002,mengambil,O
000248-002,pelajaran,O
000248-002,dari,O
000248-002,"tuan.""",O
000248-002,Muqauqis,B_PERSON
000248-002,"berkata,",O
000248-002,"""Sesungguhnya",O
000248-002,kami,O
000248-002,mempunyai,O
000248-002,agama,O
000248-002,yang,O
000248-002,tidak,O
000248-002,akan,O
000248-002,kami,O
000248-002,tinggalkan,O
000248-002,kecuali,O
000248-002,jika,O
000248-002,ada,O
000248-002,agama,O
000248-002,lain,O
000248-002,yang,O
000248-002,lebih,O
000248-002,baik,O
000248-002,"lagi.""",O
000248-002,Hathib,B_PERSON
000248-002,"berkata,",O
000248-002,"""Kami",O
000248-002,mengajakmu,O
000248-002,kepada,O
000248-002,Islam,O
000248-002,yang,O
000248-002,Allah,O
000248-002,telah,O
000248-002,men-,O
000248-002,cukupkannya,O
000248-002,dari,O
000248-002,agama,O
000248-002,yang,O
000248-002,lain.,O
000248-002,Sesungguhnya,O
000248-002,Nabi,O
000248-002,ini,O
000248-002,menyeru,O
000248-002,kepada,O
000248-002,semua,O
000248-002,"manusia,",O
000248-002,yang,O
000248-002,paling,O
000248-002,ditekan,O
000248-002,"Quraisy,",O
000248-002,yang,O
000248-002,paling,O
000248-002,dimusuhi,O
000248-002,"Yahudi,",O
000248-002,dan,O
000248-002,yang,O
000248-002,paling,O
000248-002,dekat,O
000248-002,dengan,O
000248-002,orang-orang,O
000248-002,Nashrani.,O
000248-002,Demi,O
000248-002,"Allah,",O
000248-002,kabar,O
000248-002,y,O
000248-002,ang,O
000248-002,dibawa,O
000248-002,Musa,B_PERSON
000248-002,tentang,O
000248-002,Isa,B_PERSON
000248-002,sama,O
000248-002,dengan,O
000248-002,kabar,O
000248-002,yang,O
000248-002,dibawa,O
000248-002,Isa,B_PERSON
000248-002,tentang,O
000248-002,seruan,O
000248-002,tuan,O
000248-002,y,O
000248-002,ang,O
000248-002,memegang,O
000248-002,Taurat,O
000248-002,kepada,O
000248-002,Injil.,O
000248-002,Setiap,O
000248-002,nabi,O
000248-002,yang,O
000248-002,sudah,O
000248-002,mengenal,O
000248-002,suatu,O
000248-002,"kaum,",O
000248-002,maka,O
000248-002,kaum,O
000248-002,itu,O
000248-002,adalah,O
000248-002,umatnya.,O
000248-002,Yang,O
000248-002,"pasti,",O
000248-002,mereka,O
000248-002,harus,O
000248-002,menaatinya.,O
000248-002,Tuan,O
000248-002,termasuk,O
000248-002,orang,O
000248-002,yang,O
000248-002,sudah,O
000248-002,mengenal,O
000248-002,nabi,O
000248-002,ini.,O
000248-002,Kami,O
000248-002,tidak,O
000248-002,melarang,O
000248-002,kalian,O
000248-002,dari,O
000248-002,agama,O
000248-002,"Al-Masih,",O
000248-002,tetapi,O
000248-002,kami,O
000248-002,memerintahkan,O
000248-002,kalian,O
000248-002,untuk,O
000248-002,tetap,O
000248-002,berpegang,O
000248-002,kepadanya.,O
000248-002,Muqauqis,B_PERSON
000248-002,"berkata,",O
000248-002,Memang,O
000248-002,aku,O
000248-002,telah,O
000248-002,memperhatikan,O
000248-002,agama,O
000248-002,nabi,O
000248-002,"ini,",O
000248-002,dan,O
000248-002,kutahu,O
000248-002,bahwa,O
000248-002,dia,O
000248-002,tidak,O
000248-002,memerintahkan,O
000248-002,untuk,O
000248-002,menghindari,O
000248-002,agama,O
000248-002,Al-Masih,O
000248-002,tidak,O
000248-002,pula,O
000248-002,seperti,O
000248-002,tukang,O
000248-002,sihir,O
000248-002,yang,O
000248-002,sesat,O
000248-002,atau,O
000248-002,dukun,O
000248-002,yang,O
000248-002,suka,O
000248-002,berdusta.,O
000248-002,Kulihat,O
000248-002,dia,O
000248-002,membawa,O
000248-002,tanda,O
000248-002,"kenabian,",O
000248-002,dengan,O
000248-002,mengeluarkan,O
000248-002,yang,O
000248-002,tersembunyi,O
000248-002,dan,O
000248-002,mengabarkan,O
000248-002,rahasia.,O
000248-002,Aku,O
000248-002,akan,O
000248-002,"mempertimbangkannya.""",O
000248-002,Lalu,O
000248-002,dia,O
000248-002,mengambil,O
000248-002,surat,O
000248-002,Nabi,O
000248-002,",",O
000248-002,memberinya,O
000248-002,setempel,O
000248-002,lalu,O
000248-002,diserahkan,O
000248-002,kepada,O
000248-002,pembantunya.,O
000251-001,Nabi,O
000251-001,menulis,O
000251-001,surat,O
000251-001,kepada,O
000251-001,Al-Mundzir,B_PERSON
000251-001,bin,I_PERSON
000251-001,"Sawa,",I_PERSON
000251-001,pemimpin,O
000251-001,Bahrain.,B_LOCATION
000251-001,berisi,O
000251-001,seruan,O
000251-001,agar,O
000251-001,dia,O
000251-001,masuk,O
000251-001,Islam.,O
000251-001,Beliau,O
000251-001,mengutus,O
000251-001,Al-Ala',B_PERSON
000251-001,bin,I_PERSON
000251-001,Hadhrami,I_PERSON
000251-001,untuk,O
000251-001,mengantarkannya.,O
000251-001,Setelah,O
000251-001,menerima,O
000251-001,dan,O
000251-001,membaca,O
000251-001,surat,O
000251-001,"beliau,",O
000251-001,Al-Mundzir,B_PERSON
000251-001,menulis,O
000251-001,balasannya,O
000251-001,sebagai,O
000251-001,berikut:,O
000251-001,"""Amma",O
000251-001,ba'd.,O
000251-001,Wahai,O
000251-001,"Rasulullah,",B_PERSON
000251-001,saya,O
000251-001,sudah,O
000251-001,membaca,O
000251-001,surat,O
000251-001,tuan,O
000251-001,yang,O
000251-001,226,O
000251-001,Shahih,O
000251-001,"Bukhari,",O
000251-001,1/4;,O
000251-001,Shahih,O
000251-001,"Muslim,",O
000251-001,2/98-99,O
000251-001,tertuju,O
000251-001,kepada,O
000251-001,rakyat,O
000251-001,Bahrain.,B_LOCATION
000251-001,Di,O
000251-001,antara,O
000251-001,mereka,O
000251-001,ada,O
000251-001,yang,O
000251-001,menyukai,O
000251-001,Islam,O
000251-001,dar,O
000251-001,kagum,O
000251-001,kepadanya,O
000251-001,lalu,O
000251-001,"memeluknya,",O
000251-001,dan,O
000251-001,di,O
000251-001,antara,O
000251-001,mereka,O
000251-001,ada,O
000251-001,pula,O
000251-001,yang,O
000251-001,tidak,O
000251-001,menyukainya.,O
000251-001,Sementara,O
000251-001,di,O
000251-001,negeriku,O
000251-001,ada,O
000251-001,orang-orang,O
000251-001,Majusi,O
000251-001,dan,O
000251-001,Yahudi.,O
000251-001,Maka,O
000251-001,tulislah,O
000251-001,lagi,O
000251-001,surat,O
000251-001,kepadaku,O
000251-001,yang,O
000251-001,bisa,O
000251-001,menjelaskan,O
000251-001,urusan,O
000251-001,"tuan.""",O
000251-001,Maka,O
000251-001,Rasulullah,B_PERSON
000251-001,menulis,O
000251-001,surat,O
000251-001,lagi,O
000251-001,"""Bismillahir",O
000251-001,rahmanir,O
000251-001,rahim.,O
000251-001,Dari,O
000251-001,Muhammad,B_PERSON
000251-001,Rasul,O
000251-001,Allah,O
000251-001,kepada,O
000251-001,Al-Mundzir,B_PERSON
000251-001,bin,I_PERSON
000251-001,Sawa.,I_PERSON
000251-001,Kesejahteraan,O
000251-001,bagi,O
000251-001,dirimu.,O
000251-001,Aku,O
000251-001,memuji,O
000251-001,bagimu,O
000251-001,kepada,O
000251-001,Allah,O
000251-001,yang,O
000251-001,tiada,O
000251-001,Illah,O
000251-001,selain-Nya,O
000251-001,Aku,O
000251-001,bersaksi,O
000251-001,bahwa,O
000251-001,Muhammad,B_PERSON
000251-001,adalah,O
000251-001,hamba,O
000251-001,dan,O
000251-001,"Rasul-Nya,",O
000251-001,amma,O
000251-001,ba,O
000251-001,'d.,O
000251-001,Aku,O
000251-001,mengingatkanmu,O
000251-001,terhadap,O
000251-001,Allah,O
000251-001,.,O
000251-001,Barangsiapa,O
000251-001,yang,O
000251-001,memberi,O
000251-001,nasihat,O
000251-001,kepada,O
000251-001,dirinya,O
000251-001,"sendiri,",O
000251-001,dan,O
000251-001,siapa,O
000251-001,yang,O
000251-001,menaati,O
000251-001,utusan-utusanku,O
000251-001,dan,O
000251-001,mengikuti,O
000251-001,"mereka,",O
000251-001,berarti,O
000251-001,dia,O
000251-001,telah,O
000251-001,menaatiku.,O
000251-001,Barangsiapa,O
000251-001,memberi,O
000251-001,nasihat,O
000251-001,kepada,O
000251-001,"mereka,",O
000251-001,berarti,O
000251-001,dia,O
000251-001,telah,O
000251-001,memberi,O
000251-001,nasihat,O
000251-001,karena,O
000251-001,aku.,O
000251-001,Sesungguhnya,O
000251-001,para,O
000251-001,utusanku,O
000251-001,telah,O
000251-001,menyampaikan,O
000251-001,pujian,O
000251-001,y,O
000251-001,ang,O
000251-001,baik,O
000251-001,atas,O
000251-001,dirimu.,O
000251-001,Aku,O
000251-001,telah,O
000251-001,memberi,O
000251-001,syafaat,O
000251-001,kepadamu,O
000251-001,tentang,O
000251-001,kaummu.,O
000251-001,Biarkanlah,O
000251-001,orang-orang,O
000251-001,Muslim,O
000251-001,karena,O
000251-001,mereka,O
000251-001,telah,O
000251-001,masuk,O
000251-001,"Islam,",O
000251-001,kuampuni,O
000251-001,orang-orang,O
000251-001,yang,O
000251-001,telah,O
000251-001,berbuat,O
000251-001,dosa,O
000251-001,dan,O
000251-001,terimalah,O
000251-001,mereka.,O
000262-001,Dalam,O
000262-001,perjalanannya,O
000262-001,ke,O
000262-001,"Khaibar,",B_LOCATION
000262-001,Rasulullah,B_PERSON
000262-001,mengambil,O
000262-001,jalan,O
000262-001,lewat,O
000262-001,Gunung,O
000262-001,Ashr,O
000262-001,(ada,O
000262-001,yang,O
000262-001,membaca,O
000262-001,Ishr).,O
000262-001,Setelah,O
000262-001,melewati,O
000262-001,"Ash-Shahba',",O
000262-001,beliau,O
000262-001,bermalam,O
000262-001,di,O
000262-001,suatu,O
000262-001,lembah,O
000262-001,yang,O
000262-001,disebut,O
000262-001,Ar-Raji'.,O
000262-001,Dari,O
000262-001,tempat,O
000262-001,ini,O
000262-001,ke,O
000262-001,Ghathafan,B_LOCATION
000262-001,ditempuh,O
000262-001,dengan,O
000262-001,perjalanan,O
000262-001,sehari,O
000262-001,semalam.,O
000262-001,Orang-orang,O
000262-001,Ghathafan,O
000262-001,sudah,O
000262-001,mengadakan,O
000262-001,persiapan,O
000262-001,secara,O
000262-001,matang,O
000262-001,dan,O
000262-001,berangkat,O
000262-001,ke,O
000262-001,Khaibar,B_LOCATION
000262-001,untuk,O
000262-001,mengulurkan,O
000262-001,bantuan,O
000262-001,kepada,O
000262-001,orang-orang,O
000262-001,Yahudi.,O
000262-001,Tak,O
000262-001,seberapa,O
000262-001,jauh,O
000262-001,berjalan.,O
000262-001,mereka,O
000262-001,mendengar,O
000262-001,suara,O
000262-001,gaduh,O
000262-001,dan,O
000262-001,hiruk,O
000262-001,pikuk,O
000262-001,dari,O
000262-001,arah,O
000262-001,belakang.,O
000262-001,Mereka,O
000262-001,mengira,O
000262-001,orang-orang,O
000262-001,Muslim,O
000262-001,menyerbu,O
000262-001,keluarga,O
000262-001,dan,O
000262-001,harta,O
000262-001,benda,O
000262-001,yang,O
000262-001,mereka,O
000262-001,tinggalkan,O
000262-001,di,O
000262-001,Ghathafan.,B_LOCATION
000262-001,Karena,O
000262-001,itu,O
000262-001,mereka,O
000262-001,kembali,O
000262-001,lagi,O
000262-001,dan,O
000262-001,membatalkan,O
000262-001,niat,O
000262-001,untuk,O
000262-001,membantu,O
000262-001,orang-orang,O
000262-001,"Yahudi,",O
000262-001,karena,O
000262-001,khawatir,O
000262-001,suatu,O
000262-001,saat,O
000262-001,orang-orang,O
000262-001,Muslim,O
000262-001,justru,O
000262-001,menyerang,O
000262-001,keluarga,O
000262-001,dan,O
000262-001,harta,O
000262-001,benda,O
000262-001,yang,O
000262-001,mereka,O
000262-001,tinggalkan.,O
000262-001,Mereka,O
000262-001,tidak,O
000262-001,ingin,O
000262-001,ikut,O
000262-001,campur,O
000262-001,lagi,O
000262-001,urusan,O
000262-001,antara,O
000262-001,Nabi,O
000262-001,dan,O
000262-001,orang-orang,O
000262-001,Yahudi,O
000262-001,Khaibar.,B_LOCATION
000262-001,Kemudian,O
000262-001,beliau,O
000262-001,menunjuk,O
000262-001,dua,O
000262-001,orang,O
000262-001,penunjuk,O
000262-001,jalan,O
000262-001,yang,O
000262-001,ikut,O
000262-001,serta,O
000262-001,dalam,O
000262-001,rombongan,O
000262-001,pasukan.,O
000262-001,Salah,O
000262-001,seorang,O
000262-001,di,O
000262-001,antara,O
000262-001,keduanya,O
000262-001,bernama,O
000262-001,Husail.,B_PERSON
000262-001,Mereka,O
000262-001,berdua,O
000262-001,menunjukkan,O
000262-001,jalan,O
000262-001,yang,O
000262-001,lebih,O
000262-001,pas,O
000262-001,untuk,O
000262-001,memasuki,O
000262-001,Khaibar,B_LOCATION
000262-001,dari,O
000262-001,arah,O
000262-001,"utara,",O
000262-001,tepatnya,O
000262-001,dari,O
000262-001,jalur,O
000262-001,Syam.,B_LOCATION
000262-001,Dengan,O
000262-001,begitu,O
000262-001,pasukan,O
000262-001,Muslimin,O
000262-001,bisa,O
000262-001,menghadang,O
000262-001,kemungkinan,O
000262-001,orang-orang,O
000262-001,Yahudi,O
000262-001,akan,O
000262-001,melarikan,O
000262-001,diri,O
000262-001,ke,O
000262-001,arah,O
000262-001,Syam,B_LOCATION
000262-001,atau,O
000262-001,ke,O
000262-001,Ghathafan.,B_LOCATION
000262-001,"""Aku",O
000262-001,akan,O
000262-001,menunjukkan,O
000262-001,jalan,O
000262-001,kepada,O
000262-001,engkau,O
000262-001,wahai,O
000262-001,"Rasulullah,""",B_PERSON
000262-001,kata,O
000262-001,penunjuk,O
000262-001,jalan,O
000262-001,itu.,O
000265-002,Benteng,O
000265-002,Ubay,O
000265-002,5.,O
000265-002,Benteng,O
000265-002,An-Nizar,O
000265-002,Tiga,O
000265-002,benteng,O
000265-002,yang,O
000265-002,pertama,O
000265-002,terletak,O
000265-002,di,O
000265-002,wilayah,O
000265-002,"Nathat,",O
000265-002,sedangkan,O
000265-002,dua,O
000265-002,benteng,O
000265-002,yang,O
000265-002,terakhir,O
000265-002,berada,O
000265-002,di,O
000265-002,wilayah,O
000265-002,Asy-Syiq.,O
000265-002,Sedangkan,O
000265-002,paroh,O
000265-002,kedua,O
000265-002,yang,O
000265-002,juga,O
000265-002,disebut,O
000265-002,"Al-Katibah,",O
000265-002,memiliki,O
000265-002,tiga,O
000265-002,"benteng,",O
000265-002,yaitu:,O
000265-002,1.,O
000265-002,Benteng,O
000265-002,"Al-Qamush,",O
000265-002,benteng,O
000265-002,milik,O
000265-002,Bani,O
000265-002,Abul,B_PERSON
000265-002,Huqaiq,I_PERSON
000265-002,dari,O
000265-002,Bani,O
000265-002,Nadhir,O
000265-002,2.,O
000265-002,Benteng,O
000265-002,Al-Wathih,O
000265-002,3.,O
000265-002,Benteng,O
000265-002,As-Salalim,O
000265-002,Sebenarnya,O
000265-002,di,O
000265-002,Khaibar,B_LOCATION
000265-002,masih,O
000265-002,ada,O
000265-002,beberapa,O
000265-002,benteng,O
000265-002,selain,O
000265-002,delapan,O
000265-002,benteng,O
000265-002,"ini,",O
000265-002,namun,O
000265-002,benteng-benteng,O
000265-002,itu,O
000265-002,relatif,O
000265-002,lebih,O
000265-002,"kecil,",O
000265-002,tidak,O
000265-002,sebesar,O
000265-002,dan,O
000265-002,sekuat,O
000265-002,benteng-benteng,O
000265-002,tersebut.,O
000265-002,Pertempuran,O
000265-002,yang,O
000265-002,seru,O
000265-002,meletus,O
000265-002,di,O
000265-002,sekitar,O
000265-002,benteng-,O
000265-002,benteng,O
000265-002,paroh,O
000265-002,yang,O
000265-002,pertama.,O
000265-002,Sekalipun,O
000265-002,benteng-benteng,O
000265-002,di,O
000265-002,paroh,O
000265-002,kedua,O
000265-002,lebih,O
000265-002,besar,O
000265-002,dan,O
000265-002,lebih,O
000265-002,banyak,O
000265-002,jumlah,O
000265-002,"prajuritnya,",O
000265-002,tetapi,O
000265-002,mereka,O
000265-002,justru,O
000265-002,menyerah,O
000265-002,begitu,O
000265-002,"saja,",O
000265-002,tanpa,O
000265-002,ada,O
000265-002,pertempuran.,O
000267-001,Benteng,O
000267-001,Ash-Sha'b,B_PERSON
000267-001,merupakan,O
000267-001,benteng,O
000267-001,kedua,O
000267-001,yang,O
000267-001,terkokoh,O
000267-001,setelah,O
000267-001,benteng,O
000267-001,Na'im.,O
000267-001,Orang-orang,O
000267-001,Muslim,O
000267-001,melancarkan,O
000267-001,serangan,O
000267-001,di,O
000267-001,bawah,O
000267-001,komando,B_PERSON
000267-001,bin,B_PERSON
000267-001,Al-Anshari.,I_PERSON
000267-001,Mereka,O
000267-001,mengepung,O
000267-001,benteng,O
000267-001,ini,O
000267-001,selama,O
000267-001,tiga,O
000267-001,hari.,O
000267-001,Pada,O
000267-001,hari,B_TIME
000267-001,"ketiga,",I_TIME
000267-001,Rasulullah,B_PERSON
000267-001,mengucapkan,O
000267-001,doa,O
000267-001,khusus,O
000267-001,untuk,O
000267-001,dapat,O
000267-001,menaklukkan,O
000267-001,benteng,O
000267-001,ini.,O
000267-001,Abu,B_PERSON
000267-001,Ishaq,I_PERSON
000267-001,meriwayatkan,O
000267-001,bahwa,O
000267-001,bani,O
000267-001,Sahm,O
000267-001,dari,O
000267-001,Bani,O
000267-001,Aslam,O
000267-001,mendatangi,O
000267-001,beliau,O
000267-001,dan,O
000267-001,"berkata,",O
000267-001,"""Kita",O
000267-001,telah,O
000267-001,berjuang,O
000267-001,dan,O
000267-001,tidak,O
000267-001,ada,O
000267-001,lagi,O
000267-001,sesuatu,O
000267-001,yang,O
000267-001,tersisa,O
000267-001,di,O
000267-001,tangan,O
000267-001,"kita.""",O
000267-001,Beliau,O
000267-001,memanjatkan,O
000267-001,"""Ya",O
000267-001,"Allah,",O
000267-001,Engkau,O
000267-001,sudah,O
000267-001,tahu,O
000267-001,keadaan,O
000267-001,mereka,O
000267-001,(orang-orang,O
000267-001,Muslim).,O
000267-001,Mereka,O
000267-001,tidak,O
000267-001,lagi,O
000267-001,mempunyai,O
000267-001,kekuatan,O
000267-001,dan,O
000267-001,di,O
000267-001,tanganku,O
000267-001,tak,O
000267-001,ada,O
000267-001,lagi,O
000267-001,sesuatu,O
000267-001,pun,O
000267-001,yang,O
000267-001,bisa,O
000267-001,kuberikan,O
000267-001,kepada,O
000267-001,mereka.,O
000267-001,Maka,O
000267-001,berikanlah,O
000267-001,kemenangan,O
000267-001,kepada,O
000267-001,mereka,O
000267-001,dengan,O
000267-001,menaklukkan,O
000267-001,benteng,O
000267-001,yang,O
000267-001,paling,O
000267-001,mereka,O
000267-001,"perlukan,",O
000267-001,paling,O
000267-001,banyak,O
000267-001,makanan,O
000267-001,dan,O
000267-001,paling,O
000267-001,gemuk,O
000267-001,ternak-,O
000267-001,ternaknya.,O
000267-001,"""",O
000267-001,Orang-orang,O
000267-001,muslim,O
000267-001,bangkit,O
000267-001,melakukan,O
000267-001,penyerbuan,O
000267-001,dan,O
000267-001,Allah,O
000267-001,menundukkan,O
000267-001,benteng,O
000267-001,Ash-Sha'b,B_PERSON
000267-001,bin,I_PERSON
000267-001,Muadz.,I_PERSON
000267-001,Sementara,O
000267-001,di,O
000267-001,Khaibar,B_LOCATION
000267-001,tidak,O
000267-001,ada,O
000267-001,benteng,O
000267-001,yang,O
000267-001,lebih,O
000267-001,banyak,O
000267-001,makanannya,O
000267-001,dan,O
000267-001,lebih,O
000267-001,gemuk,O
000267-001,ternak-ternaknya,O
000267-001,selain,O
000267-001,dari,O
000267-001,benteng,O
000267-001,ini.,O
000267-001,Setelah,O
000267-001,Nabi,B_PERSON
000267-001,memanjatkan,O
000267-001,doa,O
000267-001,dan,O
000267-001,memerintahkan,O
000267-001,untuk,O
000267-001,menyerbu,O
000267-001,"benteng,",O
000267-001,maka,O
000267-001,Bani,O
000267-001,Aslamlah,O
000267-001,yang,O
000267-001,berada,O
000267-001,di,O
000267-001,barisan,O
000267-001,terdepan.,O
000267-001,Terjadi,O
000267-001,pertempuran,O
000267-001,yang,O
000267-001,sengit,O
000267-001,di,O
000267-001,depan,O
000267-001,benteng.,O
000267-001,Sebelum,O
000267-001,matahari,O
000267-001,tenggelam,O
000267-001,benteng,O
000267-001,sudah,O
000267-001,bisa,O
000267-001,direbut,O
000267-001,dan,O
000267-001,ditaklukkan.,O
000269-001,Setelah,O
000269-001,benteng,O
000269-001,Az-Zubair,B_PERSON
000269-001,dapat,O
000269-001,direbut,O
000269-001,dan,O
000269-001,"ditaklukkan,",O
000269-001,orang-orang,O
000269-001,Yahudi,O
000269-001,berpindah,O
000269-001,ke,O
000269-001,benteng,O
000269-001,Ubay,B_PERSON
000269-001,dan,O
000269-001,bertahan,O
000269-001,di,O
000269-001,sana.,O
000269-001,Beliau,O
000269-001,memeritahkan,O
000269-001,orang-orang,O
000269-001,Muslim,O
000269-001,untuk,O
000269-001,mengepungnya.,O
000269-001,Satu,O
000269-001,per,O
000269-001,satu,O
000269-001,para,O
000269-001,pahlawan,O
000269-001,Yahudi,O
000269-001,menantang,O
000269-001,adu,O
000269-001,"tanding,",O
000269-001,yang,O
000269-001,semuanya,O
000269-001,dapat,O
000269-001,dibinasakan,O
000269-001,orang-orang,O
000269-001,Muslim,O
000269-001,yang,O
000269-001,meladeninya.,O
000269-001,Yang,O
000269-001,dapat,O
000269-001,membinasakan,O
000269-001,pahlawan,O
000269-001,Yahudi,O
000269-001,giliran,O
000269-001,kedua,O
000269-001,adalah,O
000269-001,seorang,O
000269-001,pahlawan,O
000269-001,Muslim,O
000269-001,yang,O
000269-001,"terkenal,",O
000269-001,yaitu,B_PERSON
000269-001,Abu,B_PERSON
000269-001,Dujanah,I_PERSON
000269-001,Simak,B_PERSON
000269-001,bin,I_PERSON
000269-001,"Kharasyah,",I_PERSON
000269-001,pemilik,O
000269-001,ikat,O
000269-001,kepala,O
000269-001,berwarna,O
000269-001,merah.,O
000269-001,Setelah,O
000269-001,dapat,O
000269-001,membunuh,O
000269-001,tokoh,O
000269-001,Yahudi,O
000269-001,yang,O
000269-001,menjadi,O
000269-001,lawannya,O
000269-001,dalam,O
000269-001,perang,O
000269-001,"tanding,",O
000269-001,dia,O
000269-001,segera,O
000269-001,menyelinap,O
000269-001,ke,O
000269-001,benteng,O
000269-001,di,O
000269-001,atas,O
000269-001,bukit,O
000269-001,bersama,O
000269-001,beberapa,O
000269-001,prajurit,O
000269-001,Muslim.,O
000269-001,Terjadi,O
000269-001,pertempuran,O
000269-001,yang,O
000269-001,seru,O
000269-001,di,O
000269-001,dalam,O
000269-001,benteng,O
000269-001,untuk,O
000269-001,beberapa,O
000269-001,"saat,",O
000269-001,yang,O
000269-001,membuat,O
000269-001,orang-orang,O
000269-001,Yahudi,O
000269-001,keluar,O
000269-001,dari,O
000269-001,benteng,O
000269-001,dan,O
000269-001,berpindah,O
000269-001,ke,O
000269-001,benteng,O
000269-001,"An-Nizar,",B_PERSON
000269-001,benteng,O
000269-001,terakhir,O
000269-001,dari,O
000269-001,paroh,O
000269-001,pertama.,O
000270-001,Benteng,O
000270-001,ini,O
000270-001,merupakan,O
000270-001,benteng,O
000270-001,yang,O
000270-001,paling,O
000270-001,kokoh,O
000270-001,dalam,O
000270-001,paroh,O
000270-001,pertama,O
000270-001,Orang-orang,O
000270-001,Yahudi,O
000270-001,sudah,O
000270-001,merasa,O
000270-001,yakin,O
000270-001,bahwa,O
000270-001,orang-orang,O
000270-001,Muslim,O
000270-001,tidak,O
000270-001,akan,O
000270-001,sanggup,O
000270-001,menyelinap,O
000270-001,ke,O
000270-001,dalam,O
000270-001,benteng,O
000270-001,"ini,",O
000270-001,sekalipun,O
000270-001,mereka,O
000270-001,mengerahkan,O
000270-001,segala,O
000270-001,kemampuannya.,O
000270-001,Oleh,O
000270-001,karena,O
000270-001,itu,O
000270-001,para,O
000270-001,wanita,O
000270-001,dan,O
000270-001,anak-,O
000270-001,anak,O
000270-001,ditempatkan,O
000270-001,di,O
000270-001,dalam,O
000270-001,benteng,O
000270-001,"ini,",O
000270-001,setelah,O
000270-001,benteng-benteng,O
000270-001,yang,O
000270-001,lain,O
000270-001,tidak,O
000270-001,dapat,O
000270-001,dipertahankan.,O
000270-001,Orang-orang,O
000270-001,Muslim,O
000270-001,memutuskan,O
000270-001,untuk,O
000270-001,mengepung,O
000270-001,benteng,O
000270-001,ini,O
000270-001,secara,O
000270-001,ketat.,O
000270-001,Mereka,O
000270-001,melakukan,O
000270-001,tekanan,O
000270-001,sedemikian,O
000270-001,rupa,O
000270-001,secara,O
000270-001,"keras,",O
000270-001,mengingat,O
000270-001,benteng,O
000270-001,ini,O
000270-001,terletak,O
000270-001,di,O
000270-001,atas,O
000270-001,sebuah,O
000270-001,bukit,O
000270-001,yang,O
000270-001,cukup,O
000270-001,tinggi.,O
000270-001,Praktis,O
000270-001,tidak,O
000270-001,ada,O
000270-001,jalan,O
000270-001,yang,O
000270-001,bisa,O
000270-001,ditempuh,O
000270-001,untuk,O
000270-001,menyelinap,O
000270-001,ke,O
000270-001,dalam,O
000270-001,benteng.,O
000270-001,Sementara,O
000270-001,"itu,",O
000270-001,orang-orang,O
000270-001,Yahudi,O
000270-001,tentu,O
000270-001,tidak,O
000270-001,akan,O
000270-001,berani,O
000270-001,keluar,O
000270-001,dari,O
000270-001,benteng,O
000270-001,untuk,O
000270-001,berhadapan,O
000270-001,langsung,O
000270-001,dengan,O
000270-001,kekuatan,O
000270-001,orang-orang,O
000270-001,Muslim.,O
000270-001,Sekalipun,O
000270-001,begitu.,O
000270-001,orang-orang,O
000270-001,Yahudi,O
000270-001,tetap,O
000270-001,melancarkan,O
000270-001,serangan,O
000270-001,ke,O
000270-001,arah,O
000270-001,orang-orang,O
000270-001,Muslim,O
000270-001,dengan,O
000270-001,melepaskan,O
000270-001,anak-anak,O
000270-001,panah,O
000270-001,dan,O
000270-001,melontarkan,O
000270-001,peluru,O
000270-001,batu.,O
000270-001,Karena,O
000270-001,dirasa,O
000270-001,benteng,O
000270-001,An-Nizar,O
000270-001,ini,O
000270-001,terlalu,O
000270-001,kuat,O
000270-001,bagi,O
000270-001,kekuatan,O
000270-001,orang,O
000270-001,orang,O
000270-001,"Muslim,",O
000270-001,maka,O
000270-001,Rasulullah,B_PERSON
000270-001,memerintahkan,O
000270-001,untuk,O
000270-001,memasang,O
000270-001,manjaniq,O
000270-001,Pasukan,O
000270-001,Muslimin,O
000270-001,mulai,O
000270-001,melancarkan,O
000270-001,peluru-peluru,O
000270-001,batu,O
000270-001,sehingga,O
000270-001,bisa,O
000270-001,merusak,O
000270-001,sebagian,O
000270-001,dinding,O
000270-001,benteng.,O
000270-001,Dari,O
000270-001,dinding,O
000270-001,yang,O
000270-001,sudah,O
000270-001,jebol,O
000270-001,inilah,O
000270-001,orang-orang,O
000270-001,Muslim,O
000270-001,masuk,O
000270-001,ke,O
000270-001,dalam,O
000270-001,benteng.,O
000270-001,Karena,O
000270-001,"itu,",O
000270-001,terjadi,O
000270-001,pertempuran,O
000270-001,yang,O
000270-001,seru,O
000270-001,di,O
000270-001,dalam,O
000270-001,benteng.,O
000270-001,Orang-orang,O
000270-001,Yahudi,O
000270-001,mengalami,O
000270-001,kekalahan,O
000270-001,secara,O
000270-001,telak.,O
000276-001,Seperti,O
000276-001,yang,O
000276-001,sudah,O
000276-001,disebutkan,O
000276-001,di,O
000276-001,"atas,",O
000276-001,Shafiyah,O
000276-001,dikumpulkan,O
000276-001,bersama,O
000276-001,para,O
000276-001,tawanan,O
000276-001,setelah,O
000276-001,"suaminya,",O
000276-001,Kinanah,B_PERSON
000276-001,bin,I_PERSON
000276-001,Abul,I_PERSON
000276-001,"Huqaiq,",I_PERSON
000276-001,dibunuh,O
000276-001,karena,O
000276-001,berkhianat.,O
000276-001,Setelah,O
000276-001,semua,O
000276-001,tawanan,O
000276-001,"dikumpulkan,",O
000276-001,Muncul,O
000276-001,Dihyah,B_PERSON
000276-001,bin,I_PERSON
000276-001,Khalifah,I_PERSON
000276-001,"Al-Kalbi,",I_PERSON
000276-001,seraya,O
000276-001,"berkata,",O
000276-001,Wahai,O
000276-001,Nabi,B_PERSON
000276-001,"Allah,",O
000276-001,berikan,O
000276-001,kepadaku,O
000276-001,seorang,O
000276-001,tawanan,O
000276-001,"wanita!""",O
000276-001,Beliau,O
000276-001,"bersabda,",O
000276-001,"""Pergilah",O
000276-001,dan,O
000276-001,"ambilah!""",O
000276-001,Setelah,O
000276-001,dia,O
000276-001,memilih,O
000276-001,Shafiyah,B_PERSON
000276-001,binti,I_PERSON
000276-001,"Huyai,",I_PERSON
000276-001,ada,O
000276-001,seorang,O
000276-001,menemui,O
000276-001,Nabi,O
000276-001,seraya,O
000276-001,"berkata,",O
000276-001,"""Wahai",O
000276-001,nabi,O
000276-001,"Allah,",O
000276-001,apakah,O
000276-001,engkau,O
000276-001,menyerahkan,O
000276-001,Shafiyah,B_PERSON
000276-001,binti,I_PERSON
000276-001,"Huyai,",I_PERSON
000276-001,putri,O
000276-001,pemimpin,O
000276-001,Quraizah,O
000276-001,dan,O
000276-001,Bani,O
000276-001,Nadhir,O
000276-001,kepada,O
000276-001,Dihyah?,B_PERSON
000276-001,Shafiyah,O
000276-001,hanya,O
000276-001,pantas,O
000276-001,milik,O
000276-001,"engkau.""""",O
000276-001,"""Kalau",O
000276-001,begitu,O
000276-001,panggil,O
000276-001,dia,O
000276-001,bersama,O
000276-001,"Shafiyah,""",O
000276-001,sabda,O
000276-001,beliau.,O
000276-001,Setelah,O
000276-001,Shafiyah,B_PERSON
000276-001,binti,I_PERSON
000276-001,Huyai,I_PERSON
000276-001,"dihadirkan,",O
000276-001,beliau,O
000276-001,memandang,O
000276-001,"dirinya,",O
000276-001,lalu,O
000276-001,bersabda,O
000276-001,kepada,O
000276-001,"Dihyah,",B_PERSON
000276-001,"""Ambilah",O
000276-001,tawanan,O
000276-001,wanita,O
000276-001,"selainnya!""",O
000276-001,Beliau,O
000276-001,menawarkan,O
000276-001,kepada,O
000276-001,Shafiyah,B_PERSON
000276-001,agar,O
000276-001,masuk,O
000276-001,"Islam,",O
000276-001,dan,O
000276-001,dia,O
000276-001,pun,O
000276-001,memenuhinya.,O
000276-001,Setelah,O
000276-001,"memerdekakannya,",O
000276-001,beliau,O
000276-001,menikahinya.,O
000276-001,Ada,O
000276-001,pun,O
000276-001,mas,O
000276-001,kawinnya,O
000276-001,adalah,O
000276-001,pembebasan,O
000276-001,dirinya.,O
000276-001,Setiba,O
000276-001,di,O
000276-001,Ash-Shahba',B_LOCATION
000276-001,dalam,O
000276-001,perjalanan,O
000276-001,ke,O
000276-001,"Madinah,",B_LOCATION
000276-001,Ummu,B_PERSON
000276-001,Sulaim,I_PERSON
000276-001,merias,O
000276-001,"Shafiyah,",O
000276-001,dan,O
000276-001,malam,O
000276-001,itu,O
000276-001,menjadi,O
000276-001,miliknya,O
000276-001,bersama,O
000276-001,beliau,O
000276-001,dan,O
000276-001,merupakan,O
000276-001,malam,O
000276-001,pengantinnya.,O
000276-001,Untuk,O
000276-001,acara,O
000276-001,walimah,O
000276-001,dihidangkan,O
000276-001,"korma,",O
000276-001,makanan,O
000276-001,dari,O
000276-001,"tepung,",O
000276-001,dan,O
000276-001,keju.,O
000276-001,Beliau,O
000276-001,berada,O
000276-001,di,O
000276-001,sana,O
000276-001,selama,O
000276-001,tiga,O
000276-001,hari.,O
000276-001,Pada,O
000276-001,saat-saat,O
000276-001,itu,O
000276-001,beliau,O
000276-001,melihat,O
000276-001,ada,O
000276-001,bilur-bilur,O
000276-001,warna,O
000276-001,biru,O
000276-001,membekas,O
000276-001,di,O
000276-001,wajah,O
000276-001,Shafiyah.,B_PERSON
000276-001,Beliau,O
000276-001,"bertanya,",O
000276-001,"""Ada",O
000276-001,apa,O
000276-001,"ini?""",O
000276-001,Shafiyah,B_PERSON
000276-001,"menjawab,",O
000276-001,"""Wahai",O
000276-001,"Rasulullah,",B_PERSON
000276-001,sebelum,O
000276-001,engkau,O
000276-001,mendatangi,O
000276-001,kami.,O
000276-001,aku,O
000276-001,bermimpi,O
000276-001,melihat,O
000276-001,bulan,O
000276-001,seakan-akan,O
000276-001,terlepas,O
000276-001,dari,O
000276-001,tempatnya,O
000276-001,dan,O
000276-001,jatuh,O
000276-001,di,O
000276-001,bilikku.,O
000281-001,Tatkala,O
000281-001,orang-orang,O
000281-001,Yahudi,O
000281-001,Taima',O
000281-001,mendengar,O
000281-001,kabar,O
000281-001,tentang,O
000281-001,penduduk,O
000281-001,Khaibar,B_LOCATION
000281-001,yang,O
000281-001,"menyerah,",O
000281-001,kemudian,O
000281-001,disusul,O
000281-001,penduduk,O
000281-001,Fadak,B_LOCATION
000281-001,dan,O
000281-001,Wadil,B_LOCATION
000281-001,"Qura,",I_LOCATION
000281-001,mereka,O
000281-001,tidak,O
000281-001,berani,O
000281-001,menunjukkan,O
000281-001,perlawanan,O
000281-001,terhadap,O
000281-001,orang-orang,O
000281-001,Muslim,O
000281-001,Mereka,O
000281-001,mengirimkan,O
000281-001,utusan,O
000281-001,untuk,O
000281-001,menawarkan,O
000281-001,perjanjian,O
000281-001,damai.,O
000281-001,Rasulullah,B_PERSON
000281-001,menerima,O
000281-001,tawaran,O
000281-001,ini.,O
000281-001,Isi,O
000281-001,perjanjian,O
000281-001,dituangkan,O
000281-001,dalam,O
000281-001,sebuah,O
000281-001,"tulisan,",O
000281-001,yang,O
000281-001,isinya:,O
000281-001,"""Inilah",O
000281-001,perjanjian,O
000281-001,Muhammad,B_PERSON
000281-001,Rasul,B_PERSON
000281-001,Allah,O
000281-001,dengan,O
000281-001,Bani,O
000281-001,"Adi,",O
000281-001,bahwa,O
000281-001,mereka,O
000281-001,mendapat,O
000281-001,jaminan,O
000281-001,sebagai,O
000281-001,ahli,O
000281-001,"dzimmah,",O
000281-001,mereka,O
000281-001,harus,O
000281-001,menyerahkan,O
000281-001,"jizyah,",O
000281-001,tidak,O
000281-001,ada,O
000281-001,permusuhan,O
000281-001,dan,O
000281-001,kepindahan,O
000281-001,ke,O
000281-001,tempat,O
000281-001,"lain.""",O
000281-001,Yang,O
000281-001,bertugas,O
000281-001,menulis,O
000281-001,surat,O
000281-001,perjanjian,O
000281-001,ini,O
000281-001,adalah,O
000281-001,Khalid,B_PERSON
000281-001,bin,I_PERSON
000281-001,Sa'id.,I_PERSON
000281-001,235,O
000281-001,Zadul,O
000281-001,"Ma'ad,",O
000281-001,2/146-147.,O
000299-001,Di,O
000299-001,bagian,O
000299-001,terdahulu,O
000299-001,sudah,O
000299-001,kami,O
000299-001,paparkan,O
000299-001,tentang,O
000299-001,salah,O
000299-001,satu,O
000299-001,klausul,O
000299-001,perjanjian,B_EVENT
000299-001,"Hudaibiyah,",B_LOCATION
000299-001,bahwa,O
000299-001,siapa,O
000299-001,yang,O
000299-001,ingin,O
000299-001,bergabung,O
000299-001,ke,O
000299-001,pihak,O
000299-001,Muhammad,B_PERSON
000299-001,dan,O
000299-001,membuat,O
000299-001,"perjanjian,",O
000299-001,maka,O
000299-001,dia,O
000299-001,boleh,O
000299-001,"melakukannya,",O
000299-001,dan,O
000299-001,siapa,O
000299-001,yang,O
000299-001,ingin,O
000299-001,bergabung,O
000299-001,ke,O
000299-001,pihak,O
000299-001,Quraisy,O
000299-001,dan,O
000299-001,membuat,O
000299-001,"perjanjian,",O
000299-001,maka,O
000299-001,dia,O
000299-001,pun,O
000299-001,boleh,O
000299-001,melakukannya.,O
000299-001,Kabilah,O
000299-001,manapun,O
000299-001,yang,O
000299-001,bergabung,O
000299-001,ke,O
000299-001,salah,O
000299-001,satu,O
000299-001,"pihak,",O
000299-001,maka,O
000299-001,kabilah,O
000299-001,tersebut,O
000299-001,dianggap,O
000299-001,sebagai,O
000299-001,bagian,O
000299-001,dari,O
000299-001,pihak,O
000299-001,yang,O
000299-001,bersangkutan,O
000299-001,Penyerangan,O
000299-001,terhadap,O
000299-001,suatu,O
000299-001,kabilah,O
000299-001,dianggap,O
000299-001,sebagai,O
000299-001,penyerangan,O
000299-001,terhadap,O
000299-001,pihak,O
000299-001,yang,O
000299-001,bersangkutan.,O
000299-001,Atas,O
000299-001,dasar,O
000299-001,klausul,O
000299-001,"ini,",O
000299-001,maka,O
000299-001,Khuza'ah,O
000299-001,bergabung,O
000299-001,ke,O
000299-001,pihak,O
000299-001,Nabi,B_PERSON
000299-001,sedangkan,O
000299-001,Bani,O
000299-001,Bakr,I_PERSON
000299-001,bergabung,O
000299-001,ke,O
000299-001,pihak,O
000299-001,Quraisy.,O
000299-001,Sehingga,O
000299-001,masing-masing,O
000299-001,dari,O
000299-001,dua,O
000299-001,kabilah,O
000299-001,ini,O
000299-001,merasa,O
000299-001,aman,O
000299-001,dari,O
000299-001,gangguan,O
000299-001,pihak,O
000299-001,lain.,O
000299-001,Semasa,O
000299-001,"jahiliyah,",O
000299-001,dua,O
000299-001,kabilah,O
000299-001,ini,O
000299-001,saling,O
000299-001,bermusuhan,O
000299-001,dan,O
000299-001,saling,O
000299-001,menyerang.,O
000299-001,Setelah,O
000299-001,Islam,B_PERSON
000299-001,datang,O
000299-001,dan,O
000299-001,terjadi,O
000299-001,gencatan,O
000299-001,senjata,O
000299-001,di,O
000299-001,Hudaibiyah,B_LOCATION
000299-001,serta,O
000299-001,masing-masing,O
000299-001,mulai,O
000299-001,merasa,O
000299-001,aman,O
000299-001,dari,O
000299-001,gangguan,O
000299-001,pihak,O
000299-001,"lainnya,",O
000299-001,kesempatan,O
000299-001,ini,O
000299-001,justru,O
000299-001,digunakan,O
000299-001,Bani,O
000299-001,Bakr,I_PERSON
000299-001,untuk,O
000299-001,melampiaskan,O
000299-001,dendam,O
000299-001,lama,O
000299-001,terhadap,O
000299-001,Khuza'ah.,O
000299-001,Naufal,B_PERSON
000299-001,bin,I_PERSON
000299-001,Mu'awiyah,I_PERSON
000299-001,Ad-Daili,I_PERSON
000299-001,bersama,O
000299-001,segolongan,O
000299-001,orang,O
000299-001,dari,O
000299-001,Bani,O
000299-001,Bakr,I_PERSON
000299-001,melakukan,O
000299-001,serangan,O
000299-001,mendadak,O
000299-001,pada,O
000299-001,malam,O
000299-001,hari,O
000299-001,terhadap,O
000299-001,Bani,O
000299-001,Khuza,O
000299-001,ah,O
000299-001,yang,O
000299-001,sedang,O
000299-001,berada,O
000299-001,di,O
000299-001,mata,O
000299-001,air,O
000299-001,"mereka,",O
000299-001,Al-Watir.,O
000299-001,Dalam,O
000299-001,serangan,O
000299-001,mendadak,O
000299-001,ini,O
000299-001,dia,O
000299-001,bisa,O
000299-001,menghabisi,O
000299-001,beberapa,O
000299-001,orang,O
000299-001,Bani,O
000299-001,Khuza'ah.,O
000299-001,Kedua,O
000299-001,belah,O
000299-001,pihak,O
000299-001,bertempur,O
000299-001,seru.,O
000299-002,Kedua,O
000299-002,belah,O
000299-002,pihak,O
000299-002,bertempur,O
000299-002,seru.,O
000299-002,Secara,O
000299-002,diam-diam,O
000299-002,Quraisy,O
000299-002,memberi,O
000299-002,bantuan,O
000299-002,persenjataan,O
000299-002,kepada,O
000299-002,Bani,O
000299-002,"Bakr,",I_PERSON
000299-002,dan,O
000299-002,bahkan,O
000299-002,beberapa,O
000299-002,orang,O
000299-002,Quraisy,O
000299-002,juga,O
000299-002,ada,O
000299-002,yang,O
000299-002,ikut,O
000299-002,terlibat,O
000299-002,langsung,O
000299-002,dalam,O
000299-002,pertempuran,O
000299-002,membantu,O
000299-002,Bani,O
000299-002,Bakr,B_PERSON
000299-002,pada,O
000299-002,malam,O
000299-002,hari.,O
000299-002,Khuza'ah,O
000299-002,terdesak,O
000299-002,hingga,O
000299-002,ke,O
000299-002,tanah,O
000299-002,suci.,O
000299-002,Sesampainya,O
000299-002,di,O
000299-002,"sana,",O
000299-002,orang-orang,O
000299-002,dari,O
000299-002,Bani,O
000299-002,Bakr,O
000299-002,"mengingatkan,",O
000299-002,"""Wahai",O
000299-002,"Naufal,",B_PERSON
000299-002,kita,O
000299-002,sudah,O
000299-002,memasuki,O
000299-002,tanah,O
000299-002,suci,O
000299-002,Ingatlah,O
000299-002,"tuhanmu,",O
000299-002,"tuhanmu!""",O
000299-002,Dia,O
000299-002,memberi,O
000299-002,jawaban,O
000299-002,dengan,O
000299-002,kata-kata,O
000299-002,yang,O
000299-002,tidak,O
000299-002,bisa,O
000299-002,dianggap,O
000299-002,"enteng,",O
000299-002,"""Tidak",O
000299-002,ada,O
000299-002,tuhan,O
000299-002,pada,O
000299-002,hari,O
000299-002,ini.,O
000299-002,Wahai,O
000299-002,Bani,O
000299-002,"Bakr,",O
000299-002,lampiaskan,O
000299-002,dendam,O
000299-002,kalian.,O
000299-002,Demi,O
000299-002,"Allah,",O
000299-002,kalau,O
000299-002,perlu,O
000299-002,kalian,O
000299-002,boleh,O
000299-002,mencuri,O
000299-002,di,O
000299-002,tanah,O
000299-002,suci.,O
000299-002,Apakah,O
000299-002,kalian,O
000299-002,tidak,O
000299-002,ingin,O
000299-002,melampiaskan,O
000299-002,dendam,O
000299-002,di,O
000299-002,tanah,O
000299-002,"suci?""",O
000299-002,Ketika,O
000299-002,penduduk,O
000299-002,Khuza'ah,O
000299-002,benar-benar,O
000299-002,sudah,O
000299-002,memasuki,O
000299-002,Makkah,B_LOCATION
000299-002,mereka,O
000299-002,segera,O
000299-002,berlindung,O
000299-002,ke,O
000299-002,rumah,O
000299-002,Budail,B_PERSON
000299-002,bin,I_PERSON
000299-002,Warqa',I_PERSON
000299-002,Al-Khuza'i,I_PERSON
000299-002,dan,O
000299-002,rumah,O
000299-002,pembantunya,O
000299-002,yang,O
000299-002,bernama,O
000299-002,Rafi,O
000299-002,.,O
000299-002,Sementara,O
000299-002,pada,O
000299-002,saat,O
000299-002,yang,O
000299-002,sama,O
000299-002,Amr,B_PERSON
000299-002,bin,I_PERSON
000299-002,Salim,I_PERSON
000299-002,Al-Khuza'i,I_PERSON
000299-002,cepat-cepat,O
000299-002,pergi,O
000299-002,ke,O
000299-002,Madinah,B_LOCATION
000299-002,hendak,O
000299-002,menemui,O
000299-002,Rasulullah,B_PERSON
000299-002,.,O
000299-002,Setibanya,O
000299-002,di,O
000299-002,sana,O
000299-002,dia,O
000299-002,berdiri,O
000299-002,di,O
000299-002,hadapan,O
000299-002,beliau,O
000299-002,yang,O
000299-002,sedang,O
000299-002,duduk-duduk,O
000299-002,di,O
000299-002,"masjid,",B_LOCATION
000299-002,dikelilingi,O
000299-002,beberapa,O
000299-002,orang,O
000299-002,Muslim.,O
