source_name;source_label;relation_type;relation_subtype;target_name;target_label;chunk_id;evidence;halaman;frequency;weight;periode_bab
Imran bin Amr;PERSON;INVOLVED_IN;;Hijrah;EVENT;000002-002;...erhijrah bisa dibagi menjadi empat golongan: Uzd. Hijrah mereka langsung dipimpin pemuka dan pemimpin mereka, Imran bin Amru Muzaiqiya'. Mereka berpindah-pindah di negeri Yam...;35-42;1;0.5;Hijrah ke Habasyah yang Pertama
Hijrah;EVENT;OCCURRED_AT;;Yaman;LOCATION;000002-002;...erhijrah bisa dibagi menjadi empat golongan: Uzd. Hijrah mereka langsung dipimpin pemuka dan pemimpin mereka, Imran bin Amru Muzaiqiya'. Mereka berpindah-pindah di negeri Yaman dan mengirim para pemandu, lalu berjalan ke arah...;35-42;1;0.2;Hijrah ke Habasyah yang Pertama
Jabalah bin Al-Aiham;PERSON;INVOLVED_IN;;Perang Yarmuk;EVENT;000006-001;...bagai kaki tangan imperium Romawi, hingga meletus Perang Yarmuk pada tahun 13 H. Raja mereka yang terakhir, Jabalah bin Al-Aiham dapat ditarik masuk ke dalam Islam pada masa Amir...;47-48;1;0.4;PERANG TABUK
Umar bin Al-Khaththab;PERSON;INVOLVED_IN;;Perang Yarmuk;EVENT;000006-001;...bagai kaki tangan imperium Romawi, hingga meletus Perang Yarmuk pada tahun 13 H. Raja mereka yang terakhir, Jabalah bin Al-Aiham dapat ditarik masuk ke dalam Islam pada masa Amirul-Mukminin Umar bin Al-Khaththab;47-48;1;0.2;PERANG TABUK
Perang Yarmuk;EVENT;OCCURRED_AT;;Syam;LOCATION;000006-001;...kat mereka sebagai raja bagi semua bangsa Arab di Syam Ibukotanya adalah Dumatul-Jandal. Suku Ghassan ini terus berkuasa sebagai kaki tangan imperium Romawi, hingga meletus Perang Yarmuk pada tahun 13 H. Raja mereka yang terakhir, Jabal...;47-48;1;0.2;PERANG TABUK
Perang Yarmuk;EVENT;OCCURRED_ON;;tahun 13 H;TIME;000006-001;...bagai kaki tangan imperium Romawi, hingga meletus Perang Yarmuk pada tahun 13 H. Raja mereka yang terakhir, Jabalah bin Al-Aiham...;47-48;1;0.5;PERANG TABUK
Bukhtanashar;PERSON;INVOLVED_IN;;Perang Bukhtanashar;EVENT;000007-001;...p di langit Makkah sejak masa itu. Buktinya, saat Bukhtanashar berperang melawan bangsa Arab di Dzatu Irq, pasukan bangsa Arab saat itu tidak berasal dari Bani Jurhum. Bani Adnan berpencar ke Yaman pada saat Perang Bukhtanashar II (tahun 587 SM.), lalu pergi bersama Ma'ad ke S...;48-53;1;0.3;Perang Burhan
Jursyum bin Jalhamah;PERSON;INVOLVED_IN;;Perang Bukhtanashar;EVENT;000007-001;...i Jurhum. Bani Adnan berpencar ke Yaman pada saat Perang Bukhtanashar II (tahun 587 SM.), lalu pergi bersama Ma'ad ke Syam. Setelah tekanan Bukhtanashar mulai mengendor, maka Ma'ad kembali ke Makkah, namun dia tidak mendapatkan seorang pun dari Bani Jurhum kecuali Jursyum bin Jalhamah Lalu dia menikahi anak putrinya, Mu'anah dan mela...;48-53;1;0.2;Perang Burhan
Perang Bukhtanashar;EVENT;OCCURRED_ON;;tahun 587 SM;TIME;000007-001;...i Jurhum. Bani Adnan berpencar ke Yaman pada saat Perang Bukhtanashar II (tahun 587 SM.), lalu pergi bersama Ma'ad ke Syam. Setelah teka...;48-53;1;0.5;Perang Burhan
Harb bin Umayyah;PERSON;INVOLVED_IN;;Perang Fijar;EVENT;000025-001;Pada usia lima belas tahun, meletus Perang Fijar antara pihak Quraisy bersama Kinanah, berhadapan dengan pihak Qais Ailan. Komandan pasukan Quraisy dan Kinanah dipegang oleh Harb bin Umayyah, karena pertimbangan usia dan kedudukannya terpan...;87-88;1;0.2;Perang Fijar
Muhammad;PERSON;INVOLVED_IN;;Perang Fijar;EVENT;000025-001;...n beralih ke pihak Quraisy dan Kinanah. Dinamakan Perang Fijar, karena terjadi pelanggaran terhadap kesucian tanah haram dan bulan-bulan suci. Rasulullah ikut bergabung dalam 42_ Mukhtashar Siratir-Rasul...;87-88;1;0.3;Perang Fijar
Musa bin Imran;PERSON;INVOLVED_IN;;Mi'raj;EVENT;000035-002;..., yaitu di atas lapisan-lapisan langit pada malam Mi'raj, berisi kewajiban shalat dan lain-lainnya. 7. Allah berfirman secara langsung dengan Nabi tanpa menggunakan perantara, sebagaimana Allah berfirman dengan Musa bin Imran. Wahyu semacam ini pasti berlaku bagi Musa berdas...;100-101;1;0.45;
Hijrah;EVENT;OCCURRED_AT;;Habasyah;LOCATION;000051-006;...emerintahkan mereka hijrah untuk kedua kalinya ke Habasyah. Hijrah kali ini lebih sulit daripada hijrah yang pertama...;130-133;1;0.4;Hijrah ke Habasyah yang Pertama
Amr bin Al-Ash;PERSON;INVOLVED_IN;;Perang Badr;EVENT;000052-006;...n riwayat Ibnu Ishaq. Yang lain menyebutkan bahwa Amr bin Al-Ash diutus kepada Najasyi setelah Perang Badr.;133-137;1;0.5;Satuan-satuan Pasukan Sebelum Perang Badr
Najasyi;PERSON;INVOLVED_IN;;Perang Badr;EVENT;000052-006;...in menyebutkan bahwa Amr bin Al-Ash diutus kepada Najasyi setelah Perang Badr.;133-137;1;0.5;Satuan-satuan Pasukan Sebelum Perang Badr
Ubay bin Khalaf;PERSON;INVOLVED_IN;;Perang Uhud;EVENT;000071-003;"...sa orang lain, dan justru hanya memangsa dirinya. Ubay bin Khalaf pernah mengancam akan membunuh beliau. Namun beliau bersabda, Akulah yang akan membunuhmu insya Allah."" Tatkala beliau menggoreskan senjata di leher Ubay pada waktu Perang Uhud, dan hanya berupa goresan yang kecil saja, maka U...";165-168;1;0.2;AKTIVITAS PASUKAN ANTARA PERANG BADR DAN PERANG UHUD
Muhammad;PERSON;INVOLVED_IN;;Perang Badr;EVENT;000071-003 | 000114-009 | 000138-006 | 000147-001 | 000150-003 | 000151-002 | 000158-001 | 000164-003 | 000206-005 | 000215-002 | 000218-001 | 000378-001;"...ah bin Khalaf saat masih di Makkah, Aku mendengar Rasulullah bersabda, Sesungguhnya orang-orang Muslim akan menyerangmu."" Dia langsung tercengang dan kaget mendengarnya dan bersumpah tidak akan keluar dari Makkah. Tatkala Abu Jahal mengajaknya pergi saat Perang Badr, dia membeli seekor onta paling bagus di Makkah y...";165-168 | 256-265 | 289-293 | 306-307 | 310-312 | 312-314 | 324-325 | 327-328 | 368-373 | 385-386 | 390-404 | 612;12;0.5;Satuan-satuan Pasukan Sebelum Perang Badr
Abu Jahal;PERSON;INVOLVED_IN;;Perang Badr;EVENT;000071-003;...bersumpah tidak akan keluar dari Makkah. Tatkala Abu Jahal mengajaknya pergi saat Perang Badr, dia membeli seekor onta paling bagus di Makkah y...;165-168;1;0.5;Satuan-satuan Pasukan Sebelum Perang Badr
Abu Sufyan bin Harb;PERSON;INVOLVED_IN;;Perang Badr;EVENT;000071-003 | 000153-002 | 000158-001 | 000198-002 | 000215-002;"...Makkah. Tatkala Abu Jahal mengajaknya pergi saat Perang Badr, dia membeli seekor onta paling bagus di Makkah yang memungkinkan dapat digunakan untuk melarikan diri jika diperlukan ""Wahai Abu Sufyan,"" kata istrinya, ""Apakah engkau sudah lupa apa ya...";165-168 | 315-316 | 324-325 | 359-360 | 385-386;5;0.5;Satuan-satuan Pasukan Sebelum Perang Badr
Perang Badr;EVENT;OCCURRED_AT;;Yatsrib;LOCATION;000071-003;"...Makkah. Tatkala Abu Jahal mengajaknya pergi saat Perang Badr, dia membeli seekor onta paling bagus di Makkah yang memungkinkan dapat digunakan untuk melarikan diri jika diperlukan ""Wahai Abu Sufyan,"" kata istrinya, ""Apakah engkau sudah lupa apa yang pernah dikatakan saudaramu dari Yastrib?"" ""Tidak. Demi Allah, aku akan menjaga jarak deng...";165-168;1;0.5;Satuan-satuan Pasukan Sebelum Perang Badr
Abu Bakar;PERSON;INVOLVED_IN;;Perang Uhud;EVENT;000071-006;...dan orang-orang sudah sepi, mereka pergi memapah Abu Bakar, hingga tiba di tempat Rasulullah . 108 Benih-benih cinta dan kasih yang tumbuh seperti peristiwa ini akan kami sampaikan di bagian mendatang, terutama pada saat Perang Uhud.;165-168;1;0.2;AKTIVITAS PASUKAN ANTARA PERANG BADR DAN PERANG UHUD
Muhammad;PERSON;INVOLVED_IN;;Perang Uhud;EVENT;000071-006 | 000154-001 | 000206-005 | 000206-008 | 000209-001 | 000213-003 | 000215-001 | 000216-001 | 000225-002 | 000379-001 | 000385-003;...ka pergi memapah Abu Bakar, hingga tiba di tempat Rasulullah . 108 Benih-benih cinta dan kasih yang tumbuh seperti peristiwa ini akan kami sampaikan di bagian mendatang, terutama pada saat Perang Uhud.;165-168 | 316 | 368-373 | 376-377 | 380-382 | 385-386 | 387 | 420-424 | 612 | 613-618;11;0.5;AKTIVITAS PASUKAN ANTARA PERANG BADR DAN PERANG UHUD
Urwah bin Az-Zubair;PERSON;INVOLVED_IN;;Perang Uhud;EVENT;000075-005;"...elah meriwayatkan kisah ini dengan sanadnya, dari Urwah bin Az-Zubair, bahwa Aisyah pernah bertanya kepada Nabi ,""Pernakah engkau mengalami suatu hari yang lebih berat daripada waktu Perang Uhud?"" Beliau menjawab, Aku sudah mendapatkan apa yang...";174-180;1;0.5;AKTIVITAS PASUKAN ANTARA PERANG BADR DAN PERANG UHUD
Aisyah;PERSON;INVOLVED_IN;;Perang Uhud;EVENT;000075-005;"...dengan sanadnya, dari Urwah bin Az-Zubair, bahwa Aisyah pernah bertanya kepada Nabi ,""Pernakah engkau mengalami suatu hari yang lebih berat daripada waktu Perang Uhud?"" Beliau menjawab, Aku sudah mendapatkan apa yang...";174-180;1;0.5;AKTIVITAS PASUKAN ANTARA PERANG BADR DAN PERANG UHUD
Ibnu Abdi;PERSON;INVOLVED_IN;;Perang Uhud;EVENT;000075-005;"...galami suatu hari yang lebih berat daripada waktu Perang Uhud?"" Beliau menjawab, Aku sudah mendapatkan apa yang pernah kudapatkan dari kaummu. Namun yang paling berat adalah saat di Aqabah. Saat itu aku menyeru Ibnu Abdi Yalail bin Abdi Kallal, namun, dia menolak apa ya...";174-180;1;0.2;AKTIVITAS PASUKAN ANTARA PERANG BADR DAN PERANG UHUD
Yalail bin Abdi;PERSON;INVOLVED_IN;;Perang Uhud;EVENT;000075-005;"...galami suatu hari yang lebih berat daripada waktu Perang Uhud?"" Beliau menjawab, Aku sudah mendapatkan apa yang pernah kudapatkan dari kaummu. Namun yang paling berat adalah saat di Aqabah. Saat itu aku menyeru Ibnu Abdi Yalail bin Abdi Kallal, namun, dia menolak apa yang kukehendaki....";174-180;1;0.2;AKTIVITAS PASUKAN ANTARA PERANG BADR DAN PERANG UHUD
Perang Uhud;EVENT;OCCURRED_AT;;Aqabah;LOCATION;000075-005;"...galami suatu hari yang lebih berat daripada waktu Perang Uhud?"" Beliau menjawab, Aku sudah mendapatkan apa yang pernah kudapatkan dari kaummu. Namun yang paling berat adalah saat di Aqabah. Saat itu aku menyeru Ibnu Abdi Yalail bin Abdi K...";174-180;1;0.2;AKTIVITAS PASUKAN ANTARA PERANG BADR DAN PERANG UHUD
Abu Rasulullah;PERSON;INVOLVED_IN;;Perang Badr;EVENT;000075-010;"...melindungi siapa pun yang engkau lindungi,"" kata Abu Rasulullah senantiasa teringat perlindungan yang diberkan Muth'im ini. Maka beliau bersabda tentang para tawanan Perang Badr. ""Andaikata Al-Muth im masih hidup, lalu dia memi...";174-180;1;0.2;Satuan-satuan Pasukan Sebelum Perang Badr
Iyas bin Mu'adz;PERSON;INVOLVED_IN;;Perang Bu'ats;EVENT;000078-001;...etibanya di Yastrib (Madinah), dia terbunuh dalam Perang Bu'ats. Adapun keislamannya terjadi pada awal tahun kesebelas dari 2. Iyas bin Mu'adz Dia seorang pemuda belia dari penduduk Yastrib, y...;182-188;1;0.3;Perang Burhan
Perang Bu'ats;EVENT;OCCURRED_AT;;Yatsrib;LOCATION;000078-001;"...g benar- benar bagus."" Tapi tak lama setibanya di Yastrib (Madinah), dia terbunuh dalam Perang Bu'ats. Adapun keislamannya terjadi pada awal tahun kese...";182-188;1;0.5;Perang Burhan
Perang Bu'ats;EVENT;OCCURRED_AT;;Madinah;LOCATION;000078-001 | 000103-003;"...benar bagus."" Tapi tak lama setibanya di Yastrib (Madinah), dia terbunuh dalam Perang Bu'ats. Adapun keislamannya terjadi pada awal tahun kese...";182-188 | 237-242;2;0.5;Perang Burhan
Perang Khandaq;EVENT;OCCURRED_AT;;Yaman;LOCATION;000078-009;...atau delapan puluh keluarga dari kaumnya setelah Perang Al-Khandaq. Kemudian dia mendapat cobaan yang baik demi Islam, terbunuh sebagai seorang yang mati syahid pada Perang 5._ Dhimad Al-Azdi Dia berasal dari Azd Syanu' ah dari Yaman, dan biasa memberi pengobatan dengan cara menghem...;182-188;1;0.2;Perang Burhan
Muhammad;PERSON;INVOLVED_IN;;Isra';EVENT;000080-002;"...nul Qayyim berkata, ""Menurut riwayat yang shahih. Rasulullah di Isra'kan dengan jasadnya. Dari Masjidil Haram ke Baitul...";191-197;1;0.75;
Jibril;PERSON;INVOLVED_IN;;Isra';EVENT;000080-002;"...kata, ""Menurut riwayat yang shahih. Rasulullah di Isra'kan dengan jasadnya. Dari Masjidil Haram ke Baitul Maqdis. Dengan menaiki Buraq yang disertai Jibril, lalu turun di sana dan shalat mengimami para nab...";191-197;1;0.55;
Isra';EVENT;OCCURRED_AT;;Masjidil Haram;LOCATION;000080-002;"...kata, ""Menurut riwayat yang shahih. Rasulullah di Isra'kan dengan jasadnya. Dari Masjidil Haram ke Baitul Maqdis. Dengan menaiki Buraq yang diser...";191-197;1;0.65;
Isra';EVENT;OCCURRED_AT;;Baitul Maqdis;LOCATION;000080-002;"...kata, ""Menurut riwayat yang shahih. Rasulullah di Isra'kan dengan jasadnya. Dari Masjidil Haram ke Baitul Maqdis. Dengan menaiki Buraq yang disertai Jibril, lalu...";191-197;1;0.65;
Jibril;PERSON;INVOLVED_IN;;Mi'raj;EVENT;000080-005;...n di Sidratul Muntaha. Jadi beliau pernah melihat Jibril dalam dua rupa aslinya, sekali tatkala di bumi dan sekali tatkala di Sidratul Muntaha, wallahu a Peristiwa pembelahan dada juga terjadi pada kali ini. Dalam perjalanan Isra Mi'raj ini banyak peristiwa yang terjadi di dalamnya. Be...;191-197;1;0.45;
Mi'raj;EVENT;OCCURRED_AT;;Sidratul Muntaha;LOCATION;000080-005;...nya, sekali tatkala di bumi dan sekali tatkala di Sidratul Muntaha, wallahu a Peristiwa pembelahan dada juga terjadi pada kali ini. Dalam perjalanan Isra Mi'raj ini banyak peristiwa yang terjadi di dalamnya. Be...;191-197;1;0.55;
Qais bin Al-Aslat;PERSON;INVOLVED_IN;;Perang Khandaq;EVENT;000083-007;Di antara mereka ada Qais bin Al-Aslat, seorang penyair yang selalu ditaati kaumnya. Dia sangat berperan menghalangi mereka masuk Islam, hingga saat Perang Khandaq pada tahun kelima setelah hijrah Sebelum tiba mus...;199-202;1;0.2;Perang Burhan
Mush'ab bin Umair;PERSON;INVOLVED_IN;;Perang Khandaq;EVENT;000083-007;...peran menghalangi mereka masuk Islam, hingga saat Perang Khandaq pada tahun kelima setelah hijrah Sebelum tiba musim haji tahun ketiga belas setelah nubuwah, Mush'ab bin Umair kembali ke Makkah, untuk menyampaikan kabar keber...;199-202;1;0.5;Perang Burhan
Baiat Aqabah Kubra;EVENT;OCCURRED_AT;;Aqabah;LOCATION;000088-005;...Madinah dengan selamat. 127 Begitulah kisah baiat Aqabah kedua yang juga dikenal dengan istilah Baiat Aqabah Kubra. Baiat ini berjalan mulus, dengan mencerminkan ra...;206-209;1;0.5;BAIAT AQABAH KEDUA
Muhammad;PERSON;INVOLVED_IN;;Baiat Aqabah;EVENT;000089-001 | 000124-002;Setelah terjadinya peristiwa Baiat Aqabah kedua, dan Islam berhasil memancangkan tonggak negara di tengah padang pasir yang bergelombang kekufuran dan kebodohan, dan ini merupakan hasil paling besar yang diperoleh Islam semenjak dakwah dimulai, maka Rasulullah dan orang-orang Muslim diperkenankan untuk hijrah...;210-213 | 271-273;2;0.5;BAIAT AQABAH PERTAMA
Muhammad;PERSON;INVOLVED_IN;;Hijrah;EVENT;000089-001;...ang diperoleh Islam semenjak dakwah dimulai, maka Rasulullah dan orang-orang Muslim diperkenankan untuk hijrah ke negara tersebut. Hijrah ini bukan sekedar mengabaikan kepentingan, mengor...;210-213;1;0.3;Hijrah ke Habasyah yang Pertama
Abu Salamah bin Abdul Asad;PERSON;INVOLVED_IN;;Baiat Aqabah Kubra;EVENT;000089-001;...eka: 1. Yang pertama kali melakukan hijrah adalah Abu Salamah, yaitu setahun sebelum Baiat Aqabah Kubra, seperti yang dikatakan Ibnu Ishaq, yang kemudian...;210-213;1;0.5;BAIAT AQABAH KEDUA
Baiat Aqabah Kubra;EVENT;OCCURRED_AT;;Madinah;LOCATION;000089-001;"...hijrah adalah Abu Salamah, yaitu setahun sebelum Baiat Aqabah Kubra, seperti yang dikatakan Ibnu Ishaq, yang kemudian disusul oleh istri dan anaknya. Tatkala dia sudah membulatkan tekad untuk hijrah ke Madinah, maka keluarga istrinya berkata kepadanya, ""Ini a...";210-213;1;0.2;BAIAT AQABAH KEDUA
Muhammad;PERSON;INVOLVED_IN;;Baiat Aqabah Kubra;EVENT;000089-005 | 000090-002;...isa hijrah. Dua bulan lebih beberapa hari setelal Baiat Aqabah Kubra, tak seorang pun dari orang-orang Mukmin yang tersisa di Makkah kecuali Rasulullah , Abu Bakar dan Ali, yang memang diperintah untuk...;210-213 | 214-217;2;0.5;BAIAT AQABAH KEDUA
Abu Bakar;PERSON;INVOLVED_IN;;Baiat Aqabah Kubra;EVENT;000089-005;...isa hijrah. Dua bulan lebih beberapa hari setelal Baiat Aqabah Kubra, tak seorang pun dari orang-orang Mukmin yang tersisa di Makkah kecuali Rasulullah , Abu Bakar dan Ali, yang memang diperintah untuk tetap tingg...;210-213;1;0.5;BAIAT AQABAH KEDUA
Ali bin Abu Thalib;PERSON;INVOLVED_IN;;Baiat Aqabah Kubra;EVENT;000089-005;...isa hijrah. Dua bulan lebih beberapa hari setelal Baiat Aqabah Kubra, tak seorang pun dari orang-orang Mukmin yang tersisa di Makkah kecuali Rasulullah , Abu Bakar dan Ali, yang memang diperintah untuk tetap tinggal di Ma...;210-213;1;0.5;BAIAT AQABAH KEDUA
Baiat Aqabah Kubra;EVENT;OCCURRED_AT;;Makkah;LOCATION;000089-005 | 000090-002;...isa hijrah. Dua bulan lebih beberapa hari setelal Baiat Aqabah Kubra, tak seorang pun dari orang-orang Mukmin yang tersisa di Makkah kecuali Rasulullah , Abu Bakar dan Ali, yang mema...;210-213 | 214-217;2;0.5;BAIAT AQABAH KEDUA
Baiat Aqabah Kubra;EVENT;OCCURRED_ON;;hari Kamis;TIME;000090-002;...kwah Islam, yang tidak lain adalah Muhammad. Pada hari Kamis tanggal 26 Shafar tahun 14 dari nubuwah, bertepatan dengan tanggal 12 September tahun 622 M, atau kira-kira selang dua bulan setengah setelah Baiat Aqabah Kubra, maka diadakan pertemuan anggota Parlemen Makkah...;214-217;1;0.5;BAIAT AQABAH KEDUA
Baiat Aqabah Kubra;EVENT;OCCURRED_ON;;tanggal 26 Shafar;TIME;000090-002;...yang tidak lain adalah Muhammad. Pada hari Kamis tanggal 26 Shafar tahun 14 dari nubuwah, bertepatan dengan tanggal 12 September tahun 622 M, atau kira-kira selang dua bulan setengah setelah Baiat Aqabah Kubra, maka diadakan pertemuan anggota Parlemen Makkah...;214-217;1;0.5;BAIAT AQABAH KEDUA
Baiat Aqabah Kubra;EVENT;OCCURRED_ON;;tahun 14 dari nubuwah;TIME;000090-002;...dalah Muhammad. Pada hari Kamis tanggal 26 Shafar tahun 14 dari nubuwah, bertepatan dengan tanggal 12 September tahun 622 M, atau kira-kira selang dua bulan setengah setelah Baiat Aqabah Kubra, maka diadakan pertemuan anggota Parlemen Makkah...;214-217;1;0.5;BAIAT AQABAH KEDUA
Baiat Aqabah Kubra;EVENT;OCCURRED_ON;;tanggal 12 September;TIME;000090-002;...6 Shafar tahun 14 dari nubuwah, bertepatan dengan tanggal 12 September tahun 622 M, atau kira-kira selang dua bulan setengah setelah Baiat Aqabah Kubra, maka diadakan pertemuan anggota Parlemen Makkah...;214-217;1;0.5;BAIAT AQABAH KEDUA
Baiat Aqabah Kubra;EVENT;OCCURRED_ON;;tahun 622 M;TIME;000090-002;...i nubuwah, bertepatan dengan tanggal 12 September tahun 622 M, atau kira-kira selang dua bulan setengah setelah Baiat Aqabah Kubra, maka diadakan pertemuan anggota Parlemen Makkah...;214-217;1;0.5;BAIAT AQABAH KEDUA
Abu Bakar;PERSON;INVOLVED_IN;;Perang Badr Aisyah;EVENT;000098-002 | 000098-003;...iman, Abdullah bin Abu Bakar dan seluruh keluarga Abu Bakar, termasuk pula Aisyah. Sementara Zainab, putri beliau masih tinggal bersama suaminya, Abul Ash di Makkah. Zainab belum memungkinkan untuk hijrah, dan baru hijrah setelah Perang Badr Aisyah berkata, Tatkala Rasulullah sudah tiba di Madinah...;231-232;2;0.5;PERANG BADR KUBRA
Aisyah;PERSON;INVOLVED_IN;;Perang Badr Aisyah;EVENT;000098-002;...kar dan seluruh keluarga Abu Bakar, termasuk pula Aisyah. Sementara Zainab, putri beliau masih tinggal bersama suaminya, Abul Ash di Makkah. Zainab belum memungkinkan untuk hijrah, dan baru hijrah setelah Perang Badr Aisyah berkata, Tatkala Rasulullah sudah tiba di Madinah...;231-232;1;0.2;PERANG BADR KUBRA
Zainab;PERSON;INVOLVED_IN;;Perang Badr Aisyah;EVENT;000098-002 | 000098-003;...luarga Abu Bakar, termasuk pula Aisyah. Sementara Zainab, putri beliau masih tinggal bersama suaminya, Abul Ash di Makkah. Zainab belum memungkinkan untuk hijrah, dan baru hijrah setelah Perang Badr Aisyah berkata, Tatkala Rasulullah sudah tiba di Madinah...;231-232;2;0.5;PERANG BADR KUBRA
Abul Ash;PERSON;INVOLVED_IN;;Perang Badr Aisyah;EVENT;000098-002;...nab, putri beliau masih tinggal bersama suaminya, Abul Ash di Makkah. Zainab belum memungkinkan untuk hijrah, dan baru hijrah setelah Perang Badr Aisyah berkata, Tatkala Rasulullah sudah tiba di Madinah...;231-232;1;0.3;PERANG BADR KUBRA
Muhammad;PERSON;INVOLVED_IN;;Perang Badr Aisyah;EVENT;000098-002 | 000098-003;...emungkinkan untuk hijrah, dan baru hijrah setelah Perang Badr Aisyah berkata, Tatkala Rasulullah sudah tiba di Madinah, sementara Abu Bakar dan Bi...;231-232;2;0.5;PERANG BADR KUBRA
Bilal bin Rabah;PERSON;INVOLVED_IN;;Perang Badr Aisyah;EVENT;000098-002 | 000098-003;...emungkinkan untuk hijrah, dan baru hijrah setelah Perang Badr Aisyah berkata, Tatkala Rasulullah sudah tiba di Madinah, sementara Abu Bakar dan Bilal merintih kesakitan, aku segera menemui keduanya d...;231-232;2;0.5;PERANG BADR KUBRA
Perjanjian Hudaibiyah;EVENT;OCCURRED_ON;;bulan Ramadhan;TIME;000099-001;...angnya. Tahapan ini berakhir dengan dikukuhkannya Perjanjian Hudaibiyah pada bulan Dzul-Qa'dah tahun dari hijrah 2. Tahapan masa perdamaian dengan para memimpin paganisme, yang berakhir dengan Fathu Makkah pada bulan Ramadhan tahun dari hijrah. Ini juga merupakan tahapan mas...;233;1;0.2;PERJANJIAN HUDAIBIYAH
Fathul Makkah;EVENT;OCCURRED_ON;;bulan Ramadhan;TIME;000099-001;...gan para memimpin paganisme, yang berakhir dengan Fathu Makkah pada bulan Ramadhan tahun dari hijrah. Ini juga merupakan tahapan mas...;233;1;0.5;Peringatan di Makkah
Abdullah bin Ubay bin Salul;PERSON;INVOLVED_IN;;Perang Bu'ats;EVENT;000102-001;...beberapa pertimbangan. Tokoh kelompok ini adalah Abdullah bin Ubay. Sebelum itu, tepatnya seusai Perang Bu'ats, sebenarnya Aus dan Khazraj sudah sepakat untuk m...;236-237;1;0.4;Perang Burhan
Muhammad;PERSON;INVOLVED_IN;;Perang Bu'ats;EVENT;000103-003 | 000219-009;...auh-jauh waktu. Mereka juga mempunyai andil dalam Perang Bu ats, karena masing-masing berkomplot dengan sekutunya. Tentu saja tidak ada yang bisa diharapkan Rasulullah dari orang-orang Yahudi ini. Karena mereka memand...;237-242 | 405-411;2;0.3;Perang Burhan
Al-Miqdad bin Amr;PERSON;INVOLVED_IN;;Perang Abwa';EVENT;000114-003;...Bendera Sa'd berwarna putih dan pembawanya adalah Al-Miqdad bin Amr. Perang Abwa' atau Waddan. Pada bulan Shafar 2 H, atau pada bul...;256-265;1;0.4;PERANG TABUK
Muhammad;PERSON;INVOLVED_IN;;Perang Abwa';EVENT;000114-003;...na putih dan pembawanya adalah Al-Miqdad bin Amr. Perang Abwa' atau Waddan. Pada bulan Shafar 2 H, atau pada bulan Agustus 623 M. Rasulullah pergi sendiri, setelah mengangkat Sa'd bin Ubadah...;256-265;1;0.3;PERANG TABUK
Sa'd bin Ubadah;PERSON;INVOLVED_IN;;Perang Abwa';EVENT;000114-003;...na putih dan pembawanya adalah Al-Miqdad bin Amr. Perang Abwa' atau Waddan. Pada bulan Shafar 2 H, atau pada bulan Agustus 623 M. Rasulullah pergi sendiri, setelah mengangkat Sa'd bin Ubadah sebagai wakil beliau di Madinah. Beliau keluar be...;256-265;1;0.2;PERANG TABUK
Perang Abwa';EVENT;OCCURRED_ON;;bulan Shafar 2 H;TIME;000114-003;...na putih dan pembawanya adalah Al-Miqdad bin Amr. Perang Abwa' atau Waddan. Pada bulan Shafar 2 H, atau pada bulan Agustus 623 M. Rasulullah pergi...;256-265;1;0.4;PERANG TABUK
Muhammad;PERSON;INVOLVED_IN;;Perang Buwath;EVENT;000114-004;...s Ini merupakan peperangan pertama yang dilakukan Rasulullah Kepergiannya untuk tujuan peperangan itu selama lima belas hari. Bendera perang berwarna putih, dan pembawanya adalah Hamzah bin Abdul Muththalib. 5. Perang Buwath. Pada bulan Rabi'ul Awwal 2 H atau pada bulan Sep...;256-265;1;0.3;Perang Burhan
Hamzah bin Abdul Muththalib;PERSON;INVOLVED_IN;;Perang Buwath;EVENT;000114-004;...dera perang berwarna putih, dan pembawanya adalah Hamzah bin Abdul Muththalib. 5. Perang Buwath. Pada bulan Rabi'ul Awwal 2 H atau pada bulan Sep...;256-265;1;0.4;Perang Burhan
Umayyah bin Khalaf;PERSON;INVOLVED_IN;;Perang Buwath;EVENT;000114-004;...pembawanya adalah Hamzah bin Abdul Muththalib. 5. Perang Buwath. Pada bulan Rabi'ul Awwal 2 H atau pada bulan September 623 M, Rasulullah pergi bersama 200 sahabat untuk menghadang kafilah dagang Quraisy yang dipimpin Umayyah bin Khalaf beserta 100 orang Quraisy, membawa 2.500 onta yan...;256-265;1;0.2;Perang Burhan
Perang Buwath;EVENT;OCCURRED_ON;;bulan Rabi'ul Awwal 2 H;TIME;000114-004;...pembawanya adalah Hamzah bin Abdul Muththalib. 5. Perang Buwath. Pada bulan Rabi'ul Awwal 2 H atau pada bulan September 623 M, Rasulullah pergi...;256-265;1;0.4;Perang Burhan
Sa'd bin Mu'adz;PERSON;INVOLVED_IN;;Perang Safawan;EVENT;000114-004;...kali ini tidak terjadi apa-apa. Beliau mengangkat Sa'd bin Mua'dz sebagai wakil beliau di Madinah Sementara bendera perang berwarna putih, dan pembawanya adalah Sa d bin Abi Waqqash. 6. Perang Safawan. Pada bulan Rabi'ul Awwal 2 H bertepatan dengan b...;256-265;1;0.2;Perang As-Sawiq
Kurz bin Jabir;PERSON;INVOLVED_IN;;Perang Safawan;EVENT;000114-004;...h, dan pembawanya adalah Sa d bin Abi Waqqash. 6. Perang Safawan. Pada bulan Rabi'ul Awwal 2 H bertepatan dengan bulan September 623 M, Kurs bin Jabir Al-Firhri bersama beberapa orang 151 Al-Mawahib A...;256-265;1;0.3;Perang As-Sawiq
Perang Safawan;EVENT;OCCURRED_AT;;Madinah;LOCATION;000114-004;...h, dan pembawanya adalah Sa d bin Abi Waqqash. 6. Perang Safawan. Pada bulan Rabi'ul Awwal 2 H bertepatan dengan bulan September 623 M, Kurs bin Jabir Al-Firhri bersama beberapa orang 151 Al-Mawahib Al-Laduniyyah, 1/75 musyrik menyerbu kandang hewan gembala di Madinah dan berhasil merampok domba-dombanya. Maka bersam...;256-265;1;0.2;Perang As-Sawiq
Perang Safawan;EVENT;OCCURRED_ON;;bulan Rabi'ul Awwal 2 H;TIME;000114-004;...h, dan pembawanya adalah Sa d bin Abi Waqqash. 6. Perang Safawan. Pada bulan Rabi'ul Awwal 2 H bertepatan dengan bulan September 623 M, Kurs bin...;256-265;1;0.4;Perang As-Sawiq
Zaid bin Haritsah;PERSON;INVOLVED_IN;;Perang Badr Ula;EVENT;000114-005;...agi tanpa ada peperangan. Perang ini bisa disebut Perang Badr Ula (pertama). Kali ini beliau mengangkat Zaid bin Haritsah sebagai wakil beliau di Madinah. Bendera perang b...;256-265;1;0.4;PERANG BADR KUBRA
Ali bin Abu Thalib;PERSON;INVOLVED_IN;;Perang Badr Ula;EVENT;000114-005;...agi tanpa ada peperangan. Perang ini bisa disebut Perang Badr Ula (pertama). Kali ini beliau mengangkat Zaid bin Haritsah sebagai wakil beliau di Madinah. Bendera perang berwana putih, dan pembawanya adalah Ali bin Abu Thalib. 7. Perang Dzul Usyairah. Pada bulan Jumadal Ula...;256-265;1;0.2;PERANG BADR KUBRA
Perang Badr Ula;EVENT;OCCURRED_ON;;bulan Jumada;TIME;000114-005;...agi tanpa ada peperangan. Perang ini bisa disebut Perang Badr Ula (pertama). Kali ini beliau mengangkat Zaid bin Haritsah sebagai wakil beliau di Madinah. Bendera perang berwana putih, dan pembawanya adalah Ali bin Abu Thalib. 7. Perang Dzul Usyairah. Pada bulan Jumadal Ula dan Jumadal Akhirah 2 H bertepatan dengan bu...;256-265;1;0.2;PERANG BADR KUBRA
Zaid bin Haritsah;PERSON;INVOLVED_IN;;Perang Dzul Usyairah;EVENT;000114-005;...ng Badr Ula (pertama). Kali ini beliau mengangkat Zaid bin Haritsah sebagai wakil beliau di Madinah. Bendera perang berwana putih, dan pembawanya adalah Ali bin Abu Thalib. 7. Perang Dzul Usyairah. Pada bulan Jumadal Ula dan Jumadal Akhirah 2 H b...;256-265;1;0.2;Perang Dumatul Jandal
Ali bin Abu Thalib;PERSON;INVOLVED_IN;;Perang Dzul Usyairah;EVENT;000114-005;...ndera perang berwana putih, dan pembawanya adalah Ali bin Abu Thalib. 7. Perang Dzul Usyairah. Pada bulan Jumadal Ula dan Jumadal Akhirah 2 H b...;256-265;1;0.4;Perang Dumatul Jandal
Muhammad;PERSON;INVOLVED_IN;;Perang Dzul Usyairah;EVENT;000114-005;...tih, dan pembawanya adalah Ali bin Abu Thalib. 7. Perang Dzul Usyairah. Pada bulan Jumadal Ula dan Jumadal Akhirah 2 H bertepatan dengan bulan November dan Desember 623 M, bersama 150 atau 200 Muhajirin, Rasulullah keluar untuk menghadang kafilah dari Quraisy yang...;256-265;1;0.2;Perang Dumatul Jandal
Perang Dzul Usyairah;EVENT;OCCURRED_ON;;bulan Jumada;TIME;000114-005;...tih, dan pembawanya adalah Ali bin Abu Thalib. 7. Perang Dzul Usyairah. Pada bulan Jumadal Ula dan Jumadal Akhirah 2 H bertepatan dengan bu...;256-265;1;0.4;Perang Dumatul Jandal
Kurz bin Jabir;PERSON;INVOLVED_IN;;Perang Badr;EVENT;000114-009;...ataupun yang dipimpin Rasulullah sendiri sebelum Perang Badr. Dalam satu peperangan pun tidak terjadi perampasan harta dan juga tidak ada korban jiwa, kecuali dalam suatu insiden yang dilakukan orang-orang musyrik, di bawah pimpinan Kurz bin Jabir Al-Firhi, yang sebenarnya insiden itu pun bermula...;256-265;1;0.2;Satuan-satuan Pasukan Sebelum Perang Badr
Abdullah bin Jahsy;PERSON;INVOLVED_IN;;Perang Badr Beberapa;EVENT;000114-013;...haq dan batil. Insiden yang dipicu satuan pasukan Abdullah bin Jahsy merupakan pukulan yang telak terhadap kehormatan dan dominasi orang-orang Musyrik Insiden ini membuat mereka terluka lalu membiarkan mereka bergulung-gulung di atas bara api. Lokasi terjadinya Perang Badr Beberapa ayat yang memerintahkan perang, berarti menunjukk...;256-265;1;0.2;PERANG BADR KUBRA
Hakim bin Hizam;PERSON;INVOLVED_IN;;Perang Badr;EVENT;000129-001;"...mata air melainkan pasti mereka terbunuh, kecuali Hakim bin Hizam. Dia tidak terbunuh dan setelah itu dia masuk Islam. Setiap kali berjuang di sisi beliau, dia pun berkata, ""Tidak. Demi yang telah menyelamatkan aku dari Perang Badr."" Setelah pasukan Quraisy agak tenang, mereka men...";277-279;1;0.2;Satuan-satuan Pasukan Sebelum Perang Badr
Umair bin Wahb;PERSON;INVOLVED_IN;;Perang Badr;EVENT;000129-001 | 000148-001;"...a, ""Tidak. Demi yang telah menyelamatkan aku dari Perang Badr."" Setelah pasukan Quraisy agak tenang, mereka mengutus Umair bin Wahb Al-Jumahi untuk menyelidiki dan menaksir seberapa...";277-279 | 308-310;2;0.5;Satuan-satuan Pasukan Sebelum Perang Badr
Perang Badr;EVENT;OCCURRED_AT;;Madinah;LOCATION;000129-001 | 000153-002 | 000164-003 | 000215-002;"...a, ""Tidak. Demi yang telah menyelamatkan aku dari Perang Badr."" Setelah pasukan Quraisy agak tenang, mereka mengutus Umair bin Wahb Al-Jumahi untuk menyelidiki dan menaksir seberapa besar kekuatan pasukan Madinah. Maka Umair berputar-putar di sekitar pasukan Mus...";277-279 | 315-316 | 327-328 | 385-386;4;0.5;Satuan-satuan Pasukan Sebelum Perang Badr
Abdurrahman bin Auf;PERSON;INVOLVED_IN;;Perang Badr;EVENT;000137-001;"...menyedot darahnya lewat tangan dua pemuda Anshar. Abdurrahman bin Auf menuturkan, ""Tatkala aku sedang berada di tengah barisan pada Perang Badr, aku menengok ke arah kiri dan kanan. Kulihat ada...";287-289;1;0.5;Satuan-satuan Pasukan Sebelum Perang Badr
Ukkasyah bin Mihshan;PERSON;INVOLVED_IN;;Perang Badr;EVENT;000138-006;"...ngi daripada membiarkan mereka tetap hidup."" Pada Perang Badr itu pedang Ukkasyah bin Mihshan Al-Asadi patah Karena itu dia menemui Rasulullah...";289-293;1;0.5;Satuan-satuan Pasukan Sebelum Perang Badr
Mush'ab bin Umair;PERSON;INVOLVED_IN;;Perang Riddah;EVENT;000138-006;...erangan bersama beliau, hingga dia terbunuh dalam Perang Riddah, dan saat itu pun pedang tersebut masih tetap 8. Setelah peperangan usai, Mush'ab bin Umair Al-Abdari melewati saudaranya, Abu Aziz bin Umair...;289-293;1;0.3;Perang Burhan
Abu Aziz bin Umair;PERSON;INVOLVED_IN;;Perang Riddah;EVENT;000138-006;...erangan bersama beliau, hingga dia terbunuh dalam Perang Riddah, dan saat itu pun pedang tersebut masih tetap 8. Setelah peperangan usai, Mush'ab bin Umair Al-Abdari melewati saudaranya, Abu Aziz bin Umair yang sebelah tangannya sedang diikat seorang Ansh...;289-293;1;0.2;Perang Burhan
Al-Abbas bin Abdul Muththalib;PERSON;INVOLVED_IN;;Perang Badr;EVENT;000140-001;"...ntu Rasulullah berkata, ""Dulu aku adalah pembantu Al-Abbas. Saat itu Islam sudah masuk kepada beberapa anggota keluarga. Al-Abbas masuk Islam, begitu pula Ummul Fadhl dan aku. Namun Al-Abbas menyembunyikan keislamannya. Saat Perang Badr, Abu Lahab tidak ikut serta. Ketika sudah ada kab...";295-297;1;0.4;Satuan-satuan Pasukan Sebelum Perang Badr
Abu Lahab;PERSON;INVOLVED_IN;;Perang Badr;EVENT;000140-001;...Namun Al-Abbas menyembunyikan keislamannya. Saat Perang Badr, Abu Lahab tidak ikut serta. Ketika sudah ada kabar tentang...;295-297;1;0.5;Satuan-satuan Pasukan Sebelum Perang Badr
Perang Uhud;EVENT;OCCURRED_AT;;Madinah;LOCATION;000146-002 | 000154-001 | 000215-002;...tun mereka ke peperangan yang seru, tak jauh dari Madinah, yang dikenal dalam sejarah dengan Perang Uhud, yang kemudian menimbulkan pengaruh kurang menyed...;305-306 | 316 | 385-386;3;0.5;AKTIVITAS PASUKAN ANTARA PERANG BADR DAN PERANG UHUD
Siba bin Arfazhah;PERSON;INVOLVED_IN;;Perang Badr;EVENT;000147-001;"...tujuh hari sepulang dari Badr. Beliau mengangkat Siba bin Arfazhah sebagai wakil beliau di Madinah. Namun menurut pendapat lain, dia adalah Ibnu Ummi Lokasi Perang Badr 163 Zadul-Ma'ad, 2/90; Sirah An-Nabawiyah, Ibnu H...";306-307;1;0.3;Satuan-satuan Pasukan Sebelum Perang Badr
Ibnu Ummi;PERSON;INVOLVED_IN;;Perang Badr;EVENT;000147-001;"...Madinah. Namun menurut pendapat lain, dia adalah Ibnu Ummi Lokasi Perang Badr 163 Zadul-Ma'ad, 2/90; Sirah An-Nabawiyah, Ibnu H...";306-307;1;0.5;Satuan-satuan Pasukan Sebelum Perang Badr
Perang Badr;EVENT;OCCURRED_AT;;Badr;LOCATION;000147-001 | 000158-001;"...awwal 2 Hijriyah, selang tujuh hari sepulang dari Badr. Beliau mengangkat Siba bin Arfazhah sebagai wakil beliau di Madinah. Namun menurut pendapat lain, dia adalah Ibnu Ummi Lokasi Perang Badr 163 Zadul-Ma'ad, 2/90; Sirah An-Nabawiyah, Ibnu H...";306-307 | 324-325;2;0.2;Satuan-satuan Pasukan Sebelum Perang Badr
Perang Badr;EVENT;OCCURRED_ON;;bulan Syawwal 2 H;TIME;000147-001;"...ngkan Makkah ke Syam. Peperangan ini terjadi pada bulan Syawwal 2 Hijriyah, selang tujuh hari sepulang dari Badr. Beliau mengangkat Siba bin Arfazhah sebagai wakil beliau di Madinah. Namun menurut pendapat lain, dia adalah Ibnu Ummi Lokasi Perang Badr 163 Zadul-Ma'ad, 2/90; Sirah An-Nabawiyah, Ibnu H...";306-307;1;0.2;Satuan-satuan Pasukan Sebelum Perang Badr
Perang Badr;EVENT;OCCURRED_AT;;Makkah;LOCATION;000148-001 | 000158-001 | 000212-002;...kekalahan yang diderita orang-orang musyrik dalam Perang Badr, mereka semakin dibakar kebencian terhadap Nabi dan menjadikan Makkah mendidih layaknya periuk. Tidak heran jika kemudi...;308-310 | 324-325 | 377-379;3;0.5;Satuan-satuan Pasukan Sebelum Perang Badr
Shafwan bin Umayyah;PERSON;INVOLVED_IN;;Perang Badr;EVENT;000148-001 | 000158-001 | 000212-004;...reka, yaitu Nabi Selang tak seberapa lama sesudah Perang Badr, Umair bin Wahb Al-Jumahi duduk-duduk di Hijir bersama Shafwan bin Umayyah. Umair adalah salah seorang pemimpin Quraisy yang...;308-310 | 324-325 | 377-379;3;0.5;Satuan-satuan Pasukan Sebelum Perang Badr
Wahb bin Umair;PERSON;INVOLVED_IN;;Perang Badr;EVENT;000148-001;...dan para sahabat selagi masih di Makkah. Anaknya, Wahb bin Umair menjadi tawanan Perang Badr. Saat duduk itulah Umair menyebut orang-orang yan...;308-310;1;0.5;Satuan-satuan Pasukan Sebelum Perang Badr
Umar bin Al-Khaththab;PERSON;INVOLVED_IN;;Perang Badr;EVENT;000148-002 | 000198-002 | 000318-002;...Setelah itu dia berangkat hingga tiba di Madinah. Umar bin Al-Khaththab yang sedang membicarakan kemuliaan yang dikaruniakan Allah di Perang Badr bersama beberapa orang Muslim, melihat kehadirann...;308-310 | 359-360 | 531-532;3;0.5;Satuan-satuan Pasukan Sebelum Perang Badr
Abdullah bin Abbas;PERSON;INVOLVED_IN;;Perang Badr;EVENT;000151-002;"...lalu. Abu Dawud dan lain-lainya meriwayatkan dari Ibnu Abbas $, dia berkata. ""Setelah Rasulullah memperoleh kemenangan atas Quraisy pada Perang Badr dan kembali ke Madinah, maka beliau mengumpulkan...";312-314;1;0.3;Satuan-satuan Pasukan Sebelum Perang Badr
Abu Lubabah bin Abdul;PERSON;INVOLVED_IN;;Perang Badr;EVENT;000153-002;...Terjadi pada bulan Dzul Hijjah, dua bulan setelah Perang Badr. Urusan di Madinah beliau serahkan kepada Abu Lubabah bin Abdul;315-316;1;0.4;Satuan-satuan Pasukan Sebelum Perang Badr
Perang Badr;EVENT;OCCURRED_ON;;bulan Dzul Hijjah;TIME;000153-002;...erangan ini disebut perang As-Sawiq. Terjadi pada bulan Dzul Hijjah, dua bulan setelah Perang Badr. Urusan di Madinah beliau serahkan kepada Abu Lub...;315-316;1;0.5;Satuan-satuan Pasukan Sebelum Perang Badr
Perang Uhud;EVENT;OCCURRED_ON;;bulan Muharram 3 H;TIME;000154-001;...kan paling besar yang dipimpin Rasulullah sebelum Perang Uhud. Kejadiannya pada bulan Muharram 3 H. Adapun sebabnya, karena mata-mata Madinah menyam...;316;1;0.4;AKTIVITAS PASUKAN ANTARA PERANG BADR DAN PERANG UHUD
Perang Uhud;EVENT;OCCURRED_ON;;bulan Jumada;TIME;000157-001;...upakan mobilitas pasukan terakhir sebelum meletus Perang Uhud. terjadi pada bulan Jumadal Akhirah 3 H Gambarannya, orang-orang Quraisy ter...;321-323;1;0.4;AKTIVITAS PASUKAN ANTARA PERANG BADR DAN PERANG UHUD
Perang Badr;EVENT;OCCURRED_ON;;bulan Jumada;TIME;000157-001;...erakhir sebelum meletus Perang Uhud. terjadi pada bulan Jumadal Akhirah 3 H Gambarannya, orang-orang Quraisy terus dibayangi keresahan dan kegalauan seusai Perang Badr. Tak lama kemudian tiba musim kemarau yang 169 Pe...;321-323;1;0.5;Satuan-satuan Pasukan Sebelum Perang Badr
Furat bin Hayyan;PERSON;INVOLVED_IN;;Perang Badr;EVENT;000157-003;...pasukan, setelah mengambil seperlimanya. Kemudian Furat bin Hayyan masuk Islam di hadapan beliau. Tentu saja kejadian ini merupakan bencana besar yang menimpa Quraisy setelah Perang Badr. Mereka semakin resah, galau, dan sedih. Hanya ad...;321-323;1;0.2;Satuan-satuan Pasukan Sebelum Perang Badr
Perang Uhud Jabal;EVENT;OCCURRED_AT;;Uhud;LOCATION;000157-003;...ghadapi orang-orang Muslim. Inilah yang mengawali Perang Uhud Jabal Uhud;321-323;1;0.5;PERANG UHUD
Ikrimah bin Abu Jahal;PERSON;INVOLVED_IN;;Perang Badr;EVENT;000158-001;...n paling getol mengadakan persiapan perang adalah Ikrimah bin Abu Jahl, Shafwan bin Umayyah, Abu Sufyan bin Harb dan Abdullah bin Abu Rabi'ah Tindakan pertama yang mereka lakukan dalam kesempatan ini ialah menghimpun kembali barang dagangan yang bisa diselamatkan Abu Sufyan dan yang menjadi sebab pecahnya Perang Badr. Mereka juga menghimbau kepada orang-orang yang b...;324-325;1;0.5;Satuan-satuan Pasukan Sebelum Perang Badr
Abdullah bin Abu Rabi'ah;PERSON;INVOLVED_IN;;Perang Badr;EVENT;000158-001;...ahl, Shafwan bin Umayyah, Abu Sufyan bin Harb dan Abdullah bin Abu Rabi'ah Tindakan pertama yang mereka lakukan dalam kesempatan ini ialah menghimpun kembali barang dagangan yang bisa diselamatkan Abu Sufyan dan yang menjadi sebab pecahnya Perang Badr. Mereka juga menghimbau kepada orang-orang yang b...;324-325;1;0.5;Satuan-satuan Pasukan Sebelum Perang Badr
Hamzah bin Abdul Muththalib;PERSON;INVOLVED_IN;;Perang Badr;EVENT;000164-003;...tokoh kelompok yang sangat berantusias ini adalah Hamzah bin Abdul Muththalib, paman Rasulullah , yang pada Perang Badr dia hanya menggantungkan pedangnya. Dia berkata k...;327-328;1;0.5;Satuan-satuan Pasukan Sebelum Perang Badr
Ali bin Abu Thalib;PERSON;INVOLVED_IN;;Perang Badr;EVENT;000206-005 | 000375-001;"...llah. Dan, Allah mempunyai karunia yang besar. "" (Ali Rasulullah berada di Hamra'ul Asad tiga hari lagi, dan setelah itu kembali lagi ke Madinah. Sebelum kembali ke Madinah, beliau dapat menangkap Abu Azzah Al-Jumahi, yang pada saat Perang Badr menjadi tawanan, lalu dibebaskan Rasulullah karen...";368-373 | 611;2;0.5;Satuan-satuan Pasukan Sebelum Perang Badr
Abu Azzah;PERSON;INVOLVED_IN;;Perang Badr;EVENT;000206-005;...ebelum kembali ke Madinah, beliau dapat menangkap Abu Azzah Al-Jumahi, yang pada saat Perang Badr menjadi tawanan, lalu dibebaskan Rasulullah karen...;368-373;1;0.5;Satuan-satuan Pasukan Sebelum Perang Badr
Abu Azzah;PERSON;INVOLVED_IN;;Perang Uhud;EVENT;000206-005;"...bantu seorang pun untuk memerangi beliau. Rupanya Abu Azzah ingkar janji, karena dia membangkitkan semangat orang-orang Quraisy dengan syair-syairnya untuk memerangi beliau dan orang- orang Muslim, dan bahkan ikut bergabung bersama pasukan Quraisy dalam Perang Uhud. Setelah tertangkap, dia berkata, ""Wahai Muhammad...";368-373;1;0.5;AKTIVITAS PASUKAN ANTARA PERANG BADR DAN PERANG UHUD
Abu Sufyan bin Harb;PERSON;INVOLVED_IN;;Perang Uhud;EVENT;000206-008 | 000215-002 | 000216-001 | 000385-003;...kin kuat setelah kita tahu keputusan yang diambil Abu Sufyan, karena dia mengetahui Rasulullah dan pasukan Muslimin menyusulnya hingga tiba di Hamra'ul Asad. Jadi Perang Uhud ini merupakan peperangan yang tidak tuntas, masin...;368-373 | 385-386 | 387 | 613-618;4;0.5;AKTIVITAS PASUKAN ANTARA PERANG BADR DAN PERANG UHUD
As'ad bin Zurarah;PERSON;INVOLVED_IN;;Perang Uhud;EVENT;000209-001;...abut eksistensinya. Belum genap dua bulan setelah Perang Uhud, Bani As'ad sudah menggelar persiapan untuk menyerang Madinah...;376-377;1;0.5;AKTIVITAS PASUKAN ANTARA PERANG BADR DAN PERANG UHUD
Perang Uhud;EVENT;OCCURRED_ON;;bulan Rabi'ul Awwal 4 H;TIME;000209-001;...senantiasa memperlihatkan permusuhan, hingga pada bulan Rabi'ul Awwal 4 H mereka melakukan konspirasi untuk membunuh Muhammad Bani Ghathan juga ikut-ikut latah untuk menyerang Madinah pada bulan Jumadil Ula Angin yang berhembus dari arah orang-orang mukmin seusai Perang Uhud menyebabkan mereka dikepung dari segala penjuru....;376-377;1;0.5;AKTIVITAS PASUKAN ANTARA PERANG BADR DAN PERANG UHUD
Perang Uhud;EVENT;OCCURRED_ON;;bulan Jumadil Ula;TIME;000209-001;...juga ikut-ikut latah untuk menyerang Madinah pada bulan Jumadil Ula Angin yang berhembus dari arah orang-orang mukmin seusai Perang Uhud menyebabkan mereka dikepung dari segala penjuru....;376-377;1;0.5;AKTIVITAS PASUKAN ANTARA PERANG BADR DAN PERANG UHUD
Abu Salamah bin Abdul Asad;PERSON;INVOLVED_IN;;Perang Uhud;EVENT;000210-001;...infeksi pada luka yang didapatakannya pada waktu Perang Uhud, tak lama kemudian Abu Salamah meninggal dunia;377;1;0.5;AKTIVITAS PASUKAN ANTARA PERANG BADR DAN PERANG UHUD
Perang Uhud;EVENT;OCCURRED_ON;;bulan Muharram 4 H;TIME;000210-001;...rang. Peristiwa ini terjadi tepat munculnya hilal bulan Muharram 4 H. Karena ada infeksi pada luka yang didapatakannya pada waktu Perang Uhud, tak lama kemudian Abu Salamah meninggal dunia;377;1;0.3;AKTIVITAS PASUKAN ANTARA PERANG BADR DAN PERANG UHUD
Zaid bin Haritsah;PERSON;INVOLVED_IN;;Perang Badr;EVENT;000212-002 | 000212-004;...nolak, akhirnya orang itu dibunuh. Mereka membawa Zaid dan Khubaib ke Makkah dan menjualnya disana Padahal pada waktu Perang Badr, keduanya telah menghabisi sekian banyak para ban...;377-379;2;0.5;Satuan-satuan Pasukan Sebelum Perang Badr
Hujair bin Abu Ihab;PERSON;INVOLVED_IN;;Perang Badr;EVENT;000212-002;...e Makkah dan menjualnya disana Padahal pada waktu Perang Badr, keduanya telah menghabisi sekian banyak para bangsawan Quraisy. Khubaib ditahan di Makkah dan dimasukan ke dalam penjara setelah dibeli Hujair bin Abu Ihab At-Tamimi, namun kemudian mereka sepakat untuk me...;377-379;1;0.2;Satuan-satuan Pasukan Sebelum Perang Badr
Zaid bin Ad-Dastinah;PERSON;INVOLVED_IN;;Perang Badr;EVENT;000212-004;...Makkah saat itu tidak ada buah anggur. Sedangkan Zaid bin Ad-Datsinah dibeli Shafwan bin Umayyah, lalu dibunuhnya karena Zaid telah membunuh ayahnya Orang-orang Quraisy mengirim utusan untuk mendatangi jasad Ashim dan memotong sebagian tubuhnya, agar mereka dapat benar-benar meyakini kematiannya, karena Ashim telah membunuh sekian banyak pemuka dan bangsawan Quraisy pada waktu Perang Badr. Namun Allah mengutus sekumpulan lebah yang melin...;377-379;1;0.5;Satuan-satuan Pasukan Sebelum Perang Badr
Ka'b bin Zaid bin An-Najjar;PERSON;INVOLVED_IN;;Perang Khandaq;EVENT;000213-002;...mbunuh tanpa ada seorang pun yang tersisa, selain Ka'b bin Zaid bin An-Najjar. Dia pura-pura mati terkena tombak di tengah-tengah rekannya yang sudah mati, hingga dia bisa selamat dan tetap hidup sampai meletus Perang Khandaq.;380-382;1;0.2;Perang Burhan
Amr bin Umayyah;PERSON;INVOLVED_IN;;Perang Khandaq;EVENT;000213-003;...a dia bisa selamat dan tetap hidup sampai meletus Perang Khandaq. Sementara itu Amr bin Umayyah Adh-Dhamiri dan Al-Mundzir bin Uqbah bin Amir yan...;380-382;1;0.4;Perang Burhan
Al-Mundzir bin Uqbah bin Amir;PERSON;INVOLVED_IN;;Perang Khandaq;EVENT;000213-003;...a dia bisa selamat dan tetap hidup sampai meletus Perang Khandaq. Sementara itu Amr bin Umayyah Adh-Dhamiri dan Al-Mundzir bin Uqbah bin Amir yang sedang menggembalakan ternak orang-orang Mus...;380-382;1;0.4;Perang Burhan
Amr bin Umayyah;PERSON;INVOLVED_IN;;Perang Uhud;EVENT;000213-003;...n budak wanita yang mengaku dulunya milik ibunya. Amr bin Umayyah pergi ke Madinah hendak menemui Rasulullah membawa kabar yang menimpa tujuh puluh orang Muslim, dengan korban yang sama dengan Perang Uhud. Hanya saja dalam Perang Uhud mereka jelas pergi...;380-382;1;0.5;AKTIVITAS PASUKAN ANTARA PERANG BADR DAN PERANG UHUD
Ka'b bin Al-Asyraf;PERSON;INVOLVED_IN;;Perang Bani Qainuqa';EVENT;000214-001;...ntara mereka dan kaum muslimin, sekalipun setelah Perang Bani Qainuqa' dan terbunuhnya Ka'b bin Al-Asyraf mereka selalu dicekam ketakutan dan lebih memilih...;382-385;1;0.5;Perang Bani Qainuqa’
Ka'b bin Al-Asyraf;PERSON;INVOLVED_IN;;Perang Uhud;EVENT;000214-001;...ipun setelah Perang Bani Qainuqa' dan terbunuhnya Ka'b bin Al-Asyraf mereka selalu dicekam ketakutan dan lebih memilih diam Tetapi setelah Perang Uhud mereka menjadi lancang, berani menampakkan permus...;382-385;1;0.5;AKTIVITAS PASUKAN ANTARA PERANG BADR DAN PERANG UHUD
Perang Bani Nadhir;EVENT;OCCURRED_ON;;bulan Rabi'ul Awwal 4 H;TIME;000214-007;...at perang sebagai persediaan perang.f sabilillah. Perang Bani Nadhir ini terjadi pada bulan Rabi'ul Awwal 4 H, bertepatan dengan bulan Agustus 625 M. Allah men...;382-385;1;0.5;Perang Bani Nadhir
Perang Bani Nadhir;EVENT;OCCURRED_AT;;Madinah;LOCATION;000215-001;...emenangan yang diperoleh orang-orang Muslim dalam Perang Bani Nadhir tanpa pengorbanan apa pun, pengaruh kekuasaan mereka di Madinah semakin kokoh. Saat ini orang-orang munafik juga...;385-386;1;0.5;Perang Bani Nadhir
Abu Hurairah;PERSON;INVOLVED_IN;;Perang Badr;EVENT;000215-002;...ilangkan terlebih sebelum kaum Muslimin terjun ke Perang Badr (yang kedua). Tidak benar Perang Dzatur Riqa' yang dikomandani Rasulullah terjadi pada bulan Rabi'ul Awwal atau Jumadil Ula itu. Sebab Abu Hurairah dan Abu Musa Al-Asy ari ikut bergabung dalam pepe...;385-386;1;0.2;Satuan-satuan Pasukan Sebelum Perang Badr
Abu Musa;PERSON;INVOLVED_IN;;Perang Badr;EVENT;000215-002;...ilangkan terlebih sebelum kaum Muslimin terjun ke Perang Badr (yang kedua). Tidak benar Perang Dzatur Riqa' yang dikomandani Rasulullah terjadi pada bulan Rabi'ul Awwal atau Jumadil Ula itu. Sebab Abu Hurairah dan Abu Musa Al-Asy ari ikut bergabung dalam peperangan itu. P...;385-386;1;0.2;Satuan-satuan Pasukan Sebelum Perang Badr
Perang Badr;EVENT;OCCURRED_ON;;bulan Rabi'ul Awwal;TIME;000215-002;...ilangkan terlebih sebelum kaum Muslimin terjun ke Perang Badr (yang kedua). Tidak benar Perang Dzatur Riqa' yang dikomandani Rasulullah terjadi pada bulan Rabi'ul Awwal atau Jumadil Ula itu. Sebab Abu Hurairah dan Abu...;385-386;1;0.3;Satuan-satuan Pasukan Sebelum Perang Badr
Perang Badr;EVENT;OCCURRED_ON;;Jumadil Ula;TIME;000215-002;...ilangkan terlebih sebelum kaum Muslimin terjun ke Perang Badr (yang kedua). Tidak benar Perang Dzatur Riqa' yang dikomandani Rasulullah terjadi pada bulan Rabi'ul Awwal atau Jumadil Ula itu. Sebab Abu Hurairah dan Abu Musa Al-Asy ari i...;385-386;1;0.2;Satuan-satuan Pasukan Sebelum Perang Badr
Muhammad;PERSON;INVOLVED_IN;;Perang Dzatur Riqa';EVENT;000215-002 | 000284-001;...n terjun ke Perang Badr (yang kedua). Tidak benar Perang Dzatur Riqa' yang dikomandani Rasulullah terjadi pada bulan Rabi'ul Awwal atau Jumadil Ula...;385-386 | 493-497;2;0.5;Perang Dzatur Riqa’
Abu Hurairah;PERSON;INVOLVED_IN;;Perang Dzatur Riqa';EVENT;000215-002 | 000284-001;...n terjun ke Perang Badr (yang kedua). Tidak benar Perang Dzatur Riqa' yang dikomandani Rasulullah terjadi pada bulan Rabi'ul Awwal atau Jumadil Ula itu. Sebab Abu Hurairah dan Abu Musa Al-Asy ari ikut bergabung dalam pepe...;385-386 | 493-497;2;0.3;Perang Dzatur Riqa’
Abu Musa;PERSON;INVOLVED_IN;;Perang Dzatur Riqa';EVENT;000215-002 | 000284-001;...n terjun ke Perang Badr (yang kedua). Tidak benar Perang Dzatur Riqa' yang dikomandani Rasulullah terjadi pada bulan Rabi'ul Awwal atau Jumadil Ula itu. Sebab Abu Hurairah dan Abu Musa Al-Asy ari ikut bergabung dalam peperangan itu. P...;385-386 | 493-497;2;0.3;Perang Dzatur Riqa’
Perang Dzatur Riqa';EVENT;OCCURRED_ON;;bulan Rabi'ul Awwal;TIME;000215-002;...n terjun ke Perang Badr (yang kedua). Tidak benar Perang Dzatur Riqa' yang dikomandani Rasulullah terjadi pada bulan Rabi'ul Awwal atau Jumadil Ula itu. Sebab Abu Hurairah dan Abu...;385-386;1;0.5;Perang Dzatur Riqa’
Perang Dzatur Riqa';EVENT;OCCURRED_ON;;Jumadil Ula;TIME;000215-002;...n terjun ke Perang Badr (yang kedua). Tidak benar Perang Dzatur Riqa' yang dikomandani Rasulullah terjadi pada bulan Rabi'ul Awwal atau Jumadil Ula itu. Sebab Abu Hurairah dan Abu Musa Al-Asy ari i...;385-386;1;0.5;Perang Dzatur Riqa’
Muhammad;PERSON;INVOLVED_IN;;Perang Khaibar;EVENT;000215-002 | 000255-001 | 000263-001 | 000282-001 | 000284-001;...Tidak benar Perang Dzatur Riqa' yang dikomandani Rasulullah terjadi pada bulan Rabi'ul Awwal atau Jumadil Ula itu. Sebab Abu Hurairah dan Abu Musa Al-Asy ari ikut bergabung dalam peperangan itu. Padahal Abu Hurairal masuk Islam beberapa hari sebelum Perang Khaibar, dan Abu Musa Al-Asy ari bergabung dengan Nabi di...;385-386 | 470-472 | 476-477 | 492 | 493-497;5;1.0;PERANG KHAIBAR DAN WADIL QURA
Abu Hurairah;PERSON;INVOLVED_IN;;Perang Khaibar;EVENT;000215-002 | 000284-001;...a bulan Rabi'ul Awwal atau Jumadil Ula itu. Sebab Abu Hurairah dan Abu Musa Al-Asy ari ikut bergabung dalam peperangan itu. Padahal Abu Hurairal masuk Islam beberapa hari sebelum Perang Khaibar, dan Abu Musa Al-Asy ari bergabung dengan Nabi di...;385-386 | 493-497;2;0.5;PERANG KHAIBAR DAN WADIL QURA
Abu Musa;PERSON;INVOLVED_IN;;Perang Khaibar;EVENT;000215-002 | 000284-001;...wwal atau Jumadil Ula itu. Sebab Abu Hurairah dan Abu Musa Al-Asy ari ikut bergabung dalam peperangan itu. Padahal Abu Hurairal masuk Islam beberapa hari sebelum Perang Khaibar, dan Abu Musa Al-Asy ari bergabung dengan Nabi di...;385-386 | 493-497;2;0.5;PERANG KHAIBAR DAN WADIL QURA
Perang Khaibar;EVENT;OCCURRED_AT;;Khaibar;LOCATION;000215-002 | 000278-001;...al Abu Hurairal masuk Islam beberapa hari sebelum Perang Khaibar, dan Abu Musa Al-Asy ari bergabung dengan Nabi di Khaibar. Jadi Perang Dzatur Riqa' terjadi setelah Perang...;385-386 | 489-490;2;0.5;PERANG KHAIBAR DAN WADIL QURA
Perang Khaibar;EVENT;OCCURRED_ON;;bulan Rabi'ul Awwal;TIME;000215-002;...ur Riqa' yang dikomandani Rasulullah terjadi pada bulan Rabi'ul Awwal atau Jumadil Ula itu. Sebab Abu Hurairah dan Abu Musa Al-Asy ari ikut bergabung dalam peperangan itu. Padahal Abu Hurairal masuk Islam beberapa hari sebelum Perang Khaibar, dan Abu Musa Al-Asy ari bergabung dengan Nabi di...;385-386;1;0.2;PERANG KHAIBAR DAN WADIL QURA
Perang Khaibar;EVENT;OCCURRED_ON;;Jumadil Ula;TIME;000215-002;...Rasulullah terjadi pada bulan Rabi'ul Awwal atau Jumadil Ula itu. Sebab Abu Hurairah dan Abu Musa Al-Asy ari ikut bergabung dalam peperangan itu. Padahal Abu Hurairal masuk Islam beberapa hari sebelum Perang Khaibar, dan Abu Musa Al-Asy ari bergabung dengan Nabi di...;385-386;1;0.2;PERANG KHAIBAR DAN WADIL QURA
Perang Dzatur Riqa';EVENT;OCCURRED_AT;;Khaibar;LOCATION;000215-002;...dan Abu Musa Al-Asy ari bergabung dengan Nabi di Khaibar. Jadi Perang Dzatur Riqa' terjadi setelah Perang Khaibar. Bukti lain yang m...;385-386;1;0.4;Perang Dzatur Riqa’
Perang Asafan;EVENT;OCCURRED_ON;;tahun 4 H;TIME;000215-002;...yang menguatkan bahwa perang ini terjadi setelah tahun 4 H, karena pada saat peperangan itu Nabi mendirikan shalat khauf. Padahal pensyariatan shalat khauf yang pertama kali terjadi pada saat Perang Asafan.;385-386;1;0.2;Perang As-Sawiq
Muhammad;PERSON;INVOLVED_IN;;Perang Khandaq;EVENT;000218-011 | 000218-025 | 000218-026 | 000219-006 | 000220-004 | 000225-004;...ya ada beberapa shalat yang tak sempat dikerjakan Rasulullah dan orang-orang Muslim. Di dalam Ashahihain disebutan dari Jabir bahwa Umar bin Al-Khaththab muncul pada waktu Perang Khandaq, lalu dia terus-menerus mengolok-olok orang-orang...;390-404 | 405-411 | 412-414 | 420-424;6;0.5;Perang Burhan
Jabir bin Abdullah;PERSON;INVOLVED_IN;;Perang Khandaq;EVENT;000218-011;...-orang Muslim. Di dalam Ashahihain disebutan dari Jabir bahwa Umar bin Al-Khaththab muncul pada waktu Perang Khandaq, lalu dia terus-menerus mengolok-olok orang-orang...;390-404;1;0.5;Perang Burhan
Umar bin Al-Khaththab;PERSON;INVOLVED_IN;;Perang Khandaq;EVENT;000218-011;...m. Di dalam Ashahihain disebutan dari Jabir bahwa Umar bin Al-Khaththab muncul pada waktu Perang Khandaq, lalu dia terus-menerus mengolok-olok orang-orang...;390-404;1;0.5;Perang Burhan
Ali bin Abu Thalib;PERSON;INVOLVED_IN;;Perang Khandaq;EVENT;000218-011;...t dilaksanakan. Di dalam riwayat Al-Bukhari, dari Ali, dari Nabi , beliau bersabda pada waktu Perang Khandaq. .Allah memenuhi rumah dan kuburan mereka dengan...;390-404;1;0.5;Perang Burhan
Perang Khandaq;EVENT;OCCURRED_AT;;Khandaq;LOCATION;000218-026;...enurut riwayat Ibnu Sa'd, Rasulullah kembali dari Khandaq pada hari Rabu, seminggu sebelum habisnya bulan Dzul Qa'dah. Pasukan Muslim berhadapan dengan Perang Khandaq atau Ahzab bukan merupakan pasukan Quraisy pada p...;390-404;1;0.3;Perang Burhan
Perang Khandaq;EVENT;OCCURRED_ON;;bulan Syawwal;TIME;000218-026;...ambil kesimpulan bahwa permulaan pengepungan pada bulan Syawwal dan berakhir pada bulan Dzul Qa'dah Menurut riwayat Ibnu Sa'd, Rasulullah kembali dari Khandaq pada hari Rabu, seminggu sebelum habisnya bulan Dzul Qa'dah. Pasukan Muslim berhadapan dengan Perang Khandaq atau Ahzab bukan merupakan pasukan Quraisy pada p...;390-404;1;0.2;Perang Burhan
Perang Khandaq;EVENT;OCCURRED_ON;;bulan Dzul Qa'dah;TIME;000218-026 | 000220-004;...Khandaq pada hari Rabu, seminggu sebelum habisnya bulan Dzul Qa'dah. Pasukan Muslim berhadapan dengan Perang Khandaq atau Ahzab bukan merupakan pasukan Quraisy pada p...;390-404 | 412-414;2;0.4;Perang Burhan
Perang Khandaq;EVENT;OCCURRED_AT;;Madinah;LOCATION;000218-026 | 000219-006;"...umatkan kekuatan lebih kecil yang sedang mekar di Madinah. Sebab bangsa Arab tidak sanggup menghimpun kekuatan yang lebih besar daripada pasukan Ahzab ini Oleh karena itu Rasulullah bersabda, tatkala Allah sudah mengalahkan pasukan musuh Lokasi Perang Ahzab ""Sekarang kitalah yang ganti menyerang mereka dan...";390-404 | 405-411;2;0.5;Perang Burhan
Ali bin Abu Thalib;PERSON;INVOLVED_IN;;Perang Bani Quraizhah;EVENT;000219-005;"...dari Quraisy dan Ghathafan. Tetapi perlu diingat, Perang Bani Quraizhah adalah peperangan urat syaraf. Allah menyusupkan ketakutan ke dalam hati orang-orang Yahudi. Mental mereka langsung merosot. Keadaan ini mencapai puncaknya hingga muncul Ali bin Abu Thalib dan Az-Zubair bin Al-Awwam. Ali Berteriak, ""Wahai...";405-411;1;0.2;PERANG BANI QURAIZHAH
Az-Zubair bin Al-Awwam;PERSON;INVOLVED_IN;;Perang Bani Quraizhah;EVENT;000219-005;"...dari Quraisy dan Ghathafan. Tetapi perlu diingat, Perang Bani Quraizhah adalah peperangan urat syaraf. Allah menyusupkan ketakutan ke dalam hati orang-orang Yahudi. Mental mereka langsung merosot. Keadaan ini mencapai puncaknya hingga muncul Ali bin Abu Thalib dan Az-Zubair bin Al-Awwam. Ali Berteriak, ""Wahai pasukan iman, demi Allah,...";405-411;1;0.2;PERANG BANI QURAIZHAH
Sa'd bin Mu'adz;PERSON;INVOLVED_IN;;Perang Khandaq;EVENT;000219-006 | 000219-011;"..."" jawab mereka. Beliau bersabda, ""Serahkan kepada Sa'd bin Mu'adz."" ""Kami ridha,"" kata mereka Saat itu Sa'd bin Mu'adz berada di Madinah dan tidak ikut pergi ke Bani Qainuqa' karena mendapat luka di lengannya sewaktu Perang Ahzab, maka dia dipanggil untuk datang dengan naik seek...";405-411;2;0.5;Perang Burhan
Huyai bin Akhthab;PERSON;INVOLVED_IN;;Perang Khandaq;EVENT;000219-008;...h bersama mereka Salah seorang di antara penjahat Perang Ahzab adalah Huyai bin Akhthab, ayah Shafiyah Ummul Mukminin . Dia bergabung di...;405-411;1;0.5;Perang Burhan
Ka'b bin Asad;PERSON;INVOLVED_IN;;Perang Khandaq;EVENT;000219-008;...h bersama mereka Salah seorang di antara penjahat Perang Ahzab adalah Huyai bin Akhthab, ayah Shafiyah Ummul Mukminin . Dia bergabung di benteng Bani Quraizhah saat Quraisy dan Ghathafan pulang, karena harus memenuhi janjinya kepada Ka'b bin Asad, yang sebelum itu dia terus-menerus membujuk dan...;405-411;1;0.2;Perang Burhan
Tsabit bin Qais bin Syammas;PERSON;INVOLVED_IN;;Perang Bu'ats;EVENT;000219-009;..., lalu masuk Islam dan menjadi sahabat yang baik. Tsabit bin Qaiz $ meminta kepada Rasulullah agar Az-Zabir bin Batha beserta keluarga dan harta bendanya diserahkan kepadanya. Sewaktu Perang Bu'ats, Az-Zabir berjasa telah menyelamatkan Tsabit bin...;405-411;1;0.5;Perang Burhan
Az-Zabir bin Batha;PERSON;INVOLVED_IN;;Perang Bu'ats;EVENT;000219-009;...Tsabit bin Qaiz $ meminta kepada Rasulullah agar Az-Zabir bin Batha beserta keluarga dan harta bendanya diserahkan kepadanya. Sewaktu Perang Bu'ats, Az-Zabir berjasa telah menyelamatkan Tsabit bin...;405-411;1;0.3;Perang Burhan
Perang Khandaq;EVENT;OCCURRED_ON;;bulan Dzul Qa'dah 5 H;TIME;000219-013;...au melepaskan talinya Peperangan ini terjadi pada bulan Dzul Qa'dah 5 H. Adapun pengepungan berjalan selama dua puluh lima Allah menurunkan beberapa ayat tentang Perang Ahzab dan Bani Quraizhah dalam surat Al-Ahzab. Di dalam...;405-411;1;0.3;Perang Burhan
Abdullah bin Atik;PERSON;INVOLVED_IN;;Perang Khandaq;EVENT;000220-004;...mati. Kemudian para sahabat pulang dan menggotong Abdullah bin Atik hingga bertemu Rasulullah . Peristiwa ini terjadi pada bulan Dzul Qa'dah atau Dzul Hijjah 5 H. Seusai Perang Ahzab dan Bani Quraizhah, serta membungkam para penjaha...;412-414;1;0.2;Perang Burhan
Perang Khandaq;EVENT;OCCURRED_ON;;Dzul Hijjah;TIME;000220-004;...Peristiwa ini terjadi pada bulan Dzul Qa'dah atau Dzul Hijjah 5 H. Seusai Perang Ahzab dan Bani Quraizhah, serta membungkam para penjaha...;412-414;1;0.4;Perang Burhan
Abul Ash;PERSON;INVOLVED_IN;;Fathul Makkah;EVENT;000223-003;...g pada hadits dha'if ini, mereka menyatakan bahwa Abul Ash masuk Islam pada akhir tahun kedelapan sebelum Fathu Makkah. Lalu mereka membuat kontradiksi sendiri, bahwa Z...;416-418;1;0.5;Peringatan di Makkah
Abdullah bin Ubay bin Salul;PERSON;INVOLVED_IN;;Perang Badr;EVENT;000225-001;"...abung bersama mereka dan membaca Al-Qur an. Namun Abdullah bin Ubay berkata, ""Duduk saja di rumahmu dan jangan mengganggu majelis Ini terjadi sebelum dia pura-pura masuk Islam. Sekalipun sudah menyatakan masuk Islam setelah Perang Badr, tetap saja dia menjadi musuh Allah dan Rasul- Ny...";420-424;1;0.2;Satuan-satuan Pasukan Sebelum Perang Badr
Abdullah bin Ubay bin Salul;PERSON;INVOLVED_IN;;Perang Khandaq;EVENT;000225-004;...apan pun yang mereka kehendaki, di bawah pimpinan Abdullah bin Ubay. Rencana mereka yang jahat ini tampak jelas seusai Perang Ahzab, saat Rasulullah menikahi Ummul Mukminin Zainab b...;420-424;1;0.3;Perang Burhan
Zainab binti Jahsy;PERSON;INVOLVED_IN;;Perang Khandaq;EVENT;000225-004;...Rencana mereka yang jahat ini tampak jelas seusai Perang Ahzab, saat Rasulullah menikahi Ummul Mukminin Zainab binti Jahsy, setelah dia diceraikan Zaid bin Haritsah, anak a...;420-424;1;0.5;Perang Burhan
Zaid bin Haritsah;PERSON;INVOLVED_IN;;Perang Khandaq;EVENT;000225-004;...Rencana mereka yang jahat ini tampak jelas seusai Perang Ahzab, saat Rasulullah menikahi Ummul Mukminin Zainab binti Jahsy, setelah dia diceraikan Zaid bin Haritsah, anak angkat beliau. Di antara tradisi yang berla...;420-424;1;0.5;Perang Burhan
Muhammad;PERSON;INVOLVED_IN;;Perang Bani Mushthaliq;EVENT;000225-005;...ntas tentang perilaku orang-orang munafik sebelum Perang Bani Mushthaliq. Sementara, Rasulullah menghadapi semua itu dengan sabar dan lemah lembu...;420-424;1;0.4;Perang Bani Nadhir
Perang Khandaq;EVENT;OCCURRED_ON;;tahun 4 H;TIME;000227-004;...ang ada dua kejadian dalam sekali perjalanan pada tahun 4 H. Al-Allamah Al-Manshuri tidak setuju apabila pengiriman mereka ini dianggap sebagai pengiriman satuan pasukan. Inilah beberapa pengiriman satuan pasukan setelah Perang Ahzab dan Bani Quraizhah. Dalam pengiriman satuan-satua...;430-432;1;0.2;Perang Burhan
Perjanjian Hudaibiyah;EVENT;OCCURRED_AT;;Hudaibiyah;LOCATION;000247-003;...egaskan bahwa surat yang ditulis Nabi ini setelah Perjanjian Hudaibiyah. Adapun tentang keabsahan teks surat tersebut memang perlu penelitian lebih lanjut, dengan melihat beberapa dalil. Kalau pun dikatakan bahwa surat itu ditulis setelah Hudaibiyah, maka tidak ada dalil yang menguatkannya. Yang di...;453-456;1;0.2;PERJANJIAN HUDAIBIYAH
Amr bin Umayyah;PERSON;INVOLVED_IN;;Perang Tabuk;EVENT;000247-005;...dia mengirim mereka dengan menumpang dua perahu. Amr bin Umayyah Adh-Dhamri juga ikut dalam rombongan itu, hingga mereka bertemu Nabi yang saat itu sedang berada di Khaibar. Raja Najasyi ini meninggal dunia pada bulan Rajab tahun 7 H, setelah Perang Tabuk. Beliau bersedih atas kematiannya dan mengucapkan...;453-456;1;0.2;PERANG TABUK
Muhammad;PERSON;INVOLVED_IN;;Perjanjian Hudaibiyah;EVENT;000254-007 | 000255-001;...n daripada surat-surat lain yang dikirimkan Surat Rasulullah kepada Muqaiqis kepada para raja. Menurut pendapat mayoritas, surat ini dikirimkan setelah Perjanjian Hudaibiyah. Jggwlacadya lslx=gahjl alsg Dengan surat-surat i...;465-469 | 470-472;2;0.3;PERJANJIAN HUDAIBIYAH
Salamah bin Al-Akwa';PERSON;INVOLVED_IN;;Perjanjian Hudaibiyah;EVENT;000255-001;...ya. Ini merupakan peperangan yang meletus setelah Perjanjian Hudaibiyah dan sebelum Perang Khaibar. Al-Bukhari menyebutkan bahwa peperangan ini terjadi tiga hari sebelum Perang Khaibar. Muslim meriwayatkannya dari hadits Salamah bin Al-Akwa'. Mayoritas penulis sejarah peperangan menyebutkan...;470-472;1;0.3;PERJANJIAN HUDAIBIYAH
Salamah bin Al-Akwa';PERSON;INVOLVED_IN;;Perang Khaibar;EVENT;000255-001;...meletus setelah Perjanjian Hudaibiyah dan sebelum Perang Khaibar. Al-Bukhari menyebutkan bahwa peperangan ini terjadi tiga hari sebelum Perang Khaibar. Muslim meriwayatkannya dari hadits Salamah bin Al-Akwa'. Mayoritas penulis sejarah peperangan menyebutkan...;470-472;1;0.4;PERANG KHAIBAR DAN WADIL QURA
Ibnu Al-Akwa';PERSON;INVOLVED_IN;;Ghazwah Dzatu Qarad;EVENT;000255-002;"...tiap anak panah kulepas, aku berkata, ""Aku adalah Ibnu Al-Akwa'. Ini adalah hari kehinaan bagi kalian."" Demi Allah, aku terus-menerus melemparkan anak panah ke arah mereka 229 Lihat Shahih Al-Bukhari, bab Ghazwah Dzatu Qarad, 2/603; Shahih Muslim, 2/113-115; Fatahul Bari, 7...";470-472;1;0.2;Perang Dzatur Riqa’
Ibnu Ummi;PERSON;INVOLVED_IN;;Perang Khaibar Bekas;EVENT;000255-004;...aat perjalanan pulang ke Madinah. Beliau menunjuk Ibnu Ummi Maktum sebagai wakil beliau di Madinah dalam peperangan ini. Sedangkan bendera diserahkan kepada Al-Miqdad bin Amr. Lokasi Perang Khaibar Bekas benteng Yahudi Khaibar Bekas bangunan di Khaibar;470-472;1;0.2;PERANG BADR KUBRA
Al-Miqdad bin Amr;PERSON;INVOLVED_IN;;Perang Khaibar Bekas;EVENT;000255-004;...perangan ini. Sedangkan bendera diserahkan kepada Al-Miqdad bin Amr. Lokasi Perang Khaibar Bekas benteng Yahudi Khaibar Bekas bangunan di Khaibar;470-472;1;0.4;PERANG BADR KUBRA
Perang Khaibar Bekas;EVENT;OCCURRED_AT;;Khaibar;LOCATION;000255-004;...ndera diserahkan kepada Al-Miqdad bin Amr. Lokasi Perang Khaibar Bekas benteng Yahudi Khaibar Bekas bangunan di Khaibar;470-472;1;0.5;PERANG BADR KUBRA
Amir bin Al-Akwa';PERSON;INVOLVED_IN;;Perang Khaibar;EVENT;000263-001;"...syair itu?"" Tanya beliau. Orang-orang menjawab, ""Amir bin Al-Akwa'."" Beliau bersabda, ""Allah merahmatinya."" Mereka berkata, Memang sudah selayaknya dia mendapatkan surga wahai Nabi Allah, andaikan kami tidak bisa memberinya kesenangan."" Orang-orang sudah hafal, bahwa apabila Rasulullah memintakan ampunan bagi seseorang secara khusus, pasti orang itu akan mati syahid Dan, memang begitulah yang terjadi pada Perang Khaibar ini. 2. Di tengah perjalanan orang-orang menemuka...";476-477;1;0.5;PERANG KHAIBAR DAN WADIL QURA
Perang Khaibar;EVENT;OCCURRED_AT;;Hudaibiyah;LOCATION;000274-002;Karena bagaimanapun juga, harta rampasan dari Perang Khaibar ini juga tidak lepas dari peran orang-orang yang ikut dalam peristiwa Hudaibiyah. Setiap kuda yang ikut mendapat dua bagian, penun...;486-487;1;0.5;PERANG KHAIBAR DAN WADIL QURA
Ghazwah Mu'tah;EVENT;OCCURRED_AT;;Syam;LOCATION;000294-002;...sukan Muslimin. Dengan 242 Shahih Al-Bukhari, bab Ghazwah Mu 'tah Min Ardhisi Syam, 2/611. begitu orang-orang Muslimin bisa selamat...;507-508;1;0.5;PERANG MU’TAH
Muhammad;PERSON;INVOLVED_IN;;Perang Mu'tah;EVENT;000296-001 | 000357-002;Setelah Rasulullah mengetahui sikap beberapa kabilah Arab di pinggiran Syam yang berpihak kepada pasukan Romawi dalam menghadapi orang-orang Muslim semasa Perang Mu'tah, maka beliau merasa perlu untuk memisahkan Bari,...;508-510 | 577-590;2;0.5;PERANG MU’TAH
Perang Mu'tah;EVENT;OCCURRED_AT;;Syam;LOCATION;000296-001 | 000357-002;...ngetahui sikap beberapa kabilah Arab di pinggiran Syam yang berpihak kepada pasukan Romawi dalam menghadapi orang-orang Muslim semasa Perang Mu'tah, maka beliau merasa perlu untuk memisahkan Bari,...;508-510 | 577-590;2;0.5;PERANG MU’TAH
Abu Bakar;PERSON;INVOLVED_IN;;Perang Bani Al;EVENT;000301-001;"...au. Tak seorang pun yang mengetahui hal ini. Lalu Abu Bakar datang ke rumah Aisyah dan bertanya, ""Wahai putriku, untuk apa peralatan ini?"" ""Demi Allah, aku tidak tahu,"" jawab Aisyah. ""Demi Allah, yang seperti ini hanya terjadi pada Perang Bani Al-Ashfar. Kemana yang hendak dituju Rasulullah?"" ""D...";515-517;1;0.2;Perang Bani Nadhir
Aisyah;PERSON;INVOLVED_IN;;Perang Bani Al;EVENT;000301-001;"...engetahui hal ini. Lalu Abu Bakar datang ke rumah Aisyah dan bertanya, ""Wahai putriku, untuk apa peralatan ini?"" ""Demi Allah, aku tidak tahu,"" jawab Aisyah. ""Demi Allah, yang seperti ini hanya terjadi pada Perang Bani Al-Ashfar. Kemana yang hendak dituju Rasulullah?"" ""D...";515-517;1;0.3;Perang Bani Nadhir
Muhammad;PERSON;INVOLVED_IN;;Perang Bani Al;EVENT;000301-001;"...""Demi Allah, yang seperti ini hanya terjadi pada Perang Bani Al-Ashfar. Kemana yang hendak dituju Rasulullah?"" ""Demi Allah, aku tidak tahu,"" jawab Aisyah Pagi...";515-517;1;0.4;Perang Bani Nadhir
Amr bin Salim;PERSON;INVOLVED_IN;;Perang Bani Al;EVENT;000301-001;"...""Demi Allah, yang seperti ini hanya terjadi pada Perang Bani Al-Ashfar. Kemana yang hendak dituju Rasulullah?"" ""Demi Allah, aku tidak tahu,"" jawab Aisyah Pagi-pagi pada hari ketiga, Amr bin Salim Al-Khuza'i datang bersama 40 orang penunggang, la...";515-517;1;0.2;Perang Bani Nadhir
Abrahah;PERSON;INVOLVED_IN;;Perjanjian Hudaibiyah;EVENT;000320-004;...t pasukan penunggang gajah (pasukan yang dipimpin Abrahah) menyerang Ka'bah, dengan tujuan untuk menghancurkannya. Akibatnya, pasukan mereka hancur lebur seperti daun- daun yang habis dimakan ulat. Perjanjian Hudaibiyah merupakan permulaan dari sinyal datangnya kemenan...;532-536;1;0.2;PERJANJIAN HUDAIBIYAH
Fathul Makkah;EVENT;OCCURRED_AT;;Makkah;LOCATION;000321-001;...selama kurang lebih dua puluh tahun. Penaklukkan Makkah merupakan hasil paling penting yang diraih orang- orang Muslim pada tahun-tahun itu. Alhasil, perjalanan hari dan udara Jazirah Arab berubah total. Penaklukan Makkah ini merupakan batas penentu antara batas sebelumn...;537;1;0.2;Peringatan di Makkah
Fathul Makkah;EVENT;OCCURRED_AT;;Jazirah Arab;LOCATION;000321-001;...hun-tahun itu. Alhasil, perjalanan hari dan udara Jazirah Arab berubah total. Penaklukan Makkah ini merupakan batas penentu antara batas sebelumn...;537;1;0.4;Peringatan di Makkah
Malik bin Auf;PERSON;INVOLVED_IN;;Perang Hunain;EVENT;000332-001;...katnya merupakan perpanjangan dan kelanjutan dari Perang Hunain. Sebab mayoritas pelarian Hawazin dan Tsaqif masuk ke Tha'if bersama komandan tertinggi mereka, Malik bin Auf An-Nashri. Mereka bertahan di sana. Karena itu Ra...;544-545;1;0.3;PERANG HUNAIN
Muhammad;PERSON;INVOLVED_IN;;Perang Hunain;EVENT;000332-001;...katnya merupakan perpanjangan dan kelanjutan dari Perang Hunain. Sebab mayoritas pelarian Hawazin dan Tsaqif masuk ke Tha'if bersama komandan tertinggi mereka, Malik bin Auf An-Nashri. Mereka bertahan di sana. Karena itu Rasulullah beranjak ke Tha'if seusai dari Hunain dan setelah...;544-545;1;0.2;PERANG HUNAIN
Muhammad;PERSON;INVOLVED_IN;;Perang Tabuk;EVENT;000351-001 | 000357-011 | 000357-012;...mang beberapa kabilah Arab mengirim utusan kepada Rasulullah setelah perang penaklukan Makkah dan bahkan sejak sebelumnya. Tetapi setelah Perang Tabuk ini, pengiriman utusan kepada beliau lebih intens...;570 | 577-590;3;1.0;PERANG TABUK
Perang Uhud;EVENT;OCCURRED_AT;;Hunain;LOCATION;000355-001;...nal di dunia. Adapun peristiwa yang terjadi dalam Perang Uhud dan Hunain lebih disebabkan karena kelemahan di dalam diri a...;573-575;1;0.5;AKTIVITAS PASUKAN ANTARA PERANG BADR DAN PERANG UHUD
Muhammad;PERSON;INVOLVED_IN;;Perang Tha'if;EVENT;000357-004 | 000357-007;Dulunya dia suka menyerang Rasulullah lewat syair-syairnya. Setelah beliau pulang dari Perang Tha'if pada tahun 8 H, Ka'b bin Zuhair dikirimi surat ol...;577-590;2;0.5;Perang Tha’if
Ka'b bin Zuhair;PERSON;INVOLVED_IN;;Perang Tha'if;EVENT;000357-004;...lewat syair-syairnya. Setelah beliau pulang dari Perang Tha'if pada tahun 8 H, Ka'b bin Zuhair dikirimi surat oleh saudaranya sendiri, Bujair bi...;577-590;1;0.5;Perang Tha’if
Bujair bin Zuhair;PERSON;INVOLVED_IN;;Perang Tha'if;EVENT;000357-004;"...lewat syair-syairnya. Setelah beliau pulang dari Perang Tha'if pada tahun 8 H, Ka'b bin Zuhair dikirimi surat oleh saudaranya sendiri, Bujair bin Zuhair, yang isinya: ""Rasulullah membunuh beberapa orang...";577-590;1;0.5;Perang Tha’if
Perang Tha'if;EVENT;OCCURRED_AT;;Makkah;LOCATION;000357-004;"...lewat syair-syairnya. Setelah beliau pulang dari Perang Tha'if pada tahun 8 H, Ka'b bin Zuhair dikirimi surat oleh saudaranya sendiri, Bujair bin Zuhair, yang isinya: ""Rasulullah membunuh beberapa orang di Makkah yang dulunya suka menyerang dan mengolok-olok bel...";577-590;1;0.5;Perang Tha’if
Urwah bin Mas'ud;PERSON;INVOLVED_IN;;Perang Tha'if;EVENT;000357-007;...elakang keislaman mereka, karena pemimpin mereka, Urwah bin Mas'ud, Ats-Tsaqafi membuntuti Rasulullah sepulang dari Perang Tha'if pada bulan Dzul Hijjah 8 H. Sebelum tiba di Madin...;577-590;1;0.5;Perang Tha’if
Perang Tha'if;EVENT;OCCURRED_ON;;bulan Ramadhan 9 H;TIME;000357-007;"...lagi."" 8. Utusan dari Tsaqif. Mereka datang pada bulan Ramadhan 9 H, sepulang Rasulullah dari Tabuk. Adapun latar belakang keislaman mereka, karena pemimpin mereka, Urwah bin Mas'ud, Ats-Tsaqafi membuntuti Rasulullah sepulang dari Perang Tha'if pada bulan Dzul Hijjah 8 H. Sebelum tiba di Madin...";577-590;1;0.2;Perang Tha’if
Al-Harits bin Abdi;PERSON;INVOLVED_IN;;Perang Tabuk;EVENT;000357-011;...9. Surat dari raja-raja Yaman. Sepulang Nabi dari Perang Tabuk, datang surat dari raja-raja Himyar. Raja-raja itu adalah Al-Harits bin Abdi Kulal, An- Nu'man bin Qail Dzu Ru'ain, Hamdan dan...;577-590;1;0.3;PERANG TABUK
Nu'man bin Qail;PERSON;INVOLVED_IN;;Perang Tabuk;EVENT;000357-011;...9. Surat dari raja-raja Yaman. Sepulang Nabi dari Perang Tabuk, datang surat dari raja-raja Himyar. Raja-raja itu adalah Al-Harits bin Abdi Kulal, An- Nu'man bin Qail Dzu Ru'ain, Hamdan dan Ma'afir. Adapun yang menja...;577-590;1;0.3;PERANG TABUK
Mu'adz bin Jabal;PERSON;INVOLVED_IN;;Perang Tabuk;EVENT;000357-012;...eberapa orang dari sahabat ke sana, yang dipimpin Mu'adz bin Jabal. 10. Utusan dari Hamdan. Para utusan ini datang pada tahun 9 H, sepulang Nabi dari Perang Tabuk. Beliau menulis sebuah perjanjian bagi mereka dan...;577-590;1;0.3;PERANG TABUK
Malik bin An-Namath;PERSON;INVOLVED_IN;;Perang Tabuk;EVENT;000357-012;...san ini datang pada tahun 9 H, sepulang Nabi dari Perang Tabuk. Beliau menulis sebuah perjanjian bagi mereka dan memberikan apa yang mereka minta. Beliau menunjuk Malik bin An-Namath sebagai pemimpin mereka, khususnya bagi kaumnya y...;577-590;1;0.2;PERANG TABUK
Perang Tabuk;EVENT;OCCURRED_ON;;tahun 9 H;TIME;000357-012;.... Utusan dari Hamdan. Para utusan ini datang pada tahun 9 H, sepulang Nabi dari Perang Tabuk. Beliau menulis sebuah perjanjian bagi mereka dan...;577-590;1;0.5;PERANG TABUK
Abul Ash bin Ar-Rabi';PERSON;INVOLVED_IN;;Perang Badr;EVENT;000375-001;...tsum, dan Fathimah. Zainab dinikahi anak bibinya, Abul Ash bin Ar-Rabi', sebelum hijrah. Sedangkan Ruqayyah dan Ummu Kultsum dinikahi Utsman bin Affan tidak secara bersamaan. Sedangkan Fathimah dinikahi Ali bin Abu Thalib pada waktu antara Perang Badr dan Uhud. Dari pernikahan Fathimah dan Ali ini la...;611;1;0.2;Satuan-satuan Pasukan Sebelum Perang Badr
Ummu Kultsum;PERSON;INVOLVED_IN;;Perang Badr;EVENT;000375-001;...Ar-Rabi', sebelum hijrah. Sedangkan Ruqayyah dan Ummu Kultsum dinikahi Utsman bin Affan tidak secara bersamaan. Sedangkan Fathimah dinikahi Ali bin Abu Thalib pada waktu antara Perang Badr dan Uhud. Dari pernikahan Fathimah dan Ali ini la...;611;1;0.3;Satuan-satuan Pasukan Sebelum Perang Badr
Utsman bin Affan;PERSON;INVOLVED_IN;;Perang Badr;EVENT;000375-001;...rah. Sedangkan Ruqayyah dan Ummu Kultsum dinikahi Utsman bin Affan tidak secara bersamaan. Sedangkan Fathimah dinikahi Ali bin Abu Thalib pada waktu antara Perang Badr dan Uhud. Dari pernikahan Fathimah dan Ali ini la...;611;1;0.3;Satuan-satuan Pasukan Sebelum Perang Badr
Hasan bin Ali;PERSON;INVOLVED_IN;;Perang Badr;EVENT;000375-001;...mah dinikahi Ali bin Abu Thalib pada waktu antara Perang Badr dan Uhud. Dari pernikahan Fathimah dan Ali ini lahir Hasan, Husain, Zainab, dan Ummu Kultsum Sebagaimana yan...;611;1;0.3;Satuan-satuan Pasukan Sebelum Perang Badr
Husain bin Ali;PERSON;INVOLVED_IN;;Perang Badr;EVENT;000375-001;...mah dinikahi Ali bin Abu Thalib pada waktu antara Perang Badr dan Uhud. Dari pernikahan Fathimah dan Ali ini lahir Hasan, Husain, Zainab, dan Ummu Kultsum Sebagaimana yang sudah...;611;1;0.3;Satuan-satuan Pasukan Sebelum Perang Badr
Zainab;PERSON;INVOLVED_IN;;Perang Badr;EVENT;000375-001;...mah dinikahi Ali bin Abu Thalib pada waktu antara Perang Badr dan Uhud. Dari pernikahan Fathimah dan Ali ini lahir Hasan, Husain, Zainab, dan Ummu Kultsum Sebagaimana yang sudah diketahu...;611;1;0.3;Satuan-satuan Pasukan Sebelum Perang Badr
Khunais bin Hudzafah;PERSON;INVOLVED_IN;;Perang Badr;EVENT;000378-001;Dia ditinggal mati suaminya, Khunais bin Hudzafah As-Sahmi, pada waktu antara Perang Badr dan Uhud, lalu dinikahi Rasulullah pada tahun 3 H;612;1;0.5;Satuan-satuan Pasukan Sebelum Perang Badr
Perang Badr;EVENT;OCCURRED_ON;;tahun 3 H;TIME;000378-001;...Khunais bin Hudzafah As-Sahmi, pada waktu antara Perang Badr dan Uhud, lalu dinikahi Rasulullah pada tahun 3 H;612;1;0.5;Satuan-satuan Pasukan Sebelum Perang Badr
Hilal bin Amir bin Sha'sha'ah;PERSON;INVOLVED_IN;;Perang Uhud;EVENT;000379-001;Dia berasal dari Bani Hilal bin Amir bin Sha'sha'ah, yang dijuluki Ummul Masakin (ibunda orang-orang miskin), karena kasih sayang dan kemurahan hatinya terhadap mereka. Sebelum itu dia adalah istri Abdullah bin Jahsy, yang mati syahid pada Perang Uhud, lalu dinikahi Rasulullah pada tahun 4 H. Namun d...;612;1;0.2;AKTIVITAS PASUKAN ANTARA PERANG BADR DAN PERANG UHUD
Abdullah bin Jahsy;PERSON;INVOLVED_IN;;Perang Uhud;EVENT;000379-001;...nya terhadap mereka. Sebelum itu dia adalah istri Abdullah bin Jahsy, yang mati syahid pada Perang Uhud, lalu dinikahi Rasulullah pada tahun 4 H. Namun d...;612;1;0.5;AKTIVITAS PASUKAN ANTARA PERANG BADR DAN PERANG UHUD
Perang Uhud;EVENT;OCCURRED_ON;;tahun 4 H;TIME;000379-001;...h istri Abdullah bin Jahsy, yang mati syahid pada Perang Uhud, lalu dinikahi Rasulullah pada tahun 4 H. Namun dia meninggal dunia dua atau tiga bulan se...;612;1;0.5;AKTIVITAS PASUKAN ANTARA PERANG BADR DAN PERANG UHUD
Ummu Salamah;PERSON;INVOLVED_IN;;Perang Uhud;EVENT;000385-003;...rmusuhan beberapa kabilah terhadap Islam. Setelah Ummu Salamah dari Bani Makhzum yang satu perkampungan dengan Abu Jahl dan Khalid bin Walid dinikahi Rasulullah , membuat sikap Khalid bin Al-Walid tidak segarang sikapnya sewaktu Perang Uhud. Bahkan akhirnya dia masuk Islam tak lama setelah...;613-618;1;0.5;AKTIVITAS PASUKAN ANTARA PERANG BADR DAN PERANG UHUD
Abu Jahal;PERSON;INVOLVED_IN;;Perang Uhud;EVENT;000385-003;...h dari Bani Makhzum yang satu perkampungan dengan Abu Jahl dan Khalid bin Walid dinikahi Rasulullah , membuat sikap Khalid bin Al-Walid tidak segarang sikapnya sewaktu Perang Uhud. Bahkan akhirnya dia masuk Islam tak lama setelah...;613-618;1;0.5;AKTIVITAS PASUKAN ANTARA PERANG BADR DAN PERANG UHUD
Khalid bin Al-Walid;PERSON;INVOLVED_IN;;Perang Uhud;EVENT;000385-003;...akhzum yang satu perkampungan dengan Abu Jahl dan Khalid bin Walid dinikahi Rasulullah , membuat sikap Khalid bin Al-Walid tidak segarang sikapnya sewaktu Perang Uhud. Bahkan akhirnya dia masuk Islam tak lama setelah...;613-618;1;0.5;AKTIVITAS PASUKAN ANTARA PERANG BADR DAN PERANG UHUD
Haritsah bin Amr;PERSON;KELUARGA;anak;Haritsah bin Tsa'labah;PERSON;000002-002;...lah Aus dan Khazraj, yang merupakan dua dari anak Haritsah bin Tsa'labah. Di antara keturunan mereka yang bernama Haritsah bin Amr atau Khuza'ah dan anak keturunannya berpindah ke...;35-42;1;0.55;
Ibrahim;PERSON;KELUARGA;orangtua;Isma'il;PERSON;000002-007 | 000002-008;...seorang wanita dari golongan mereka. Saat itu ibu Isma'il sudah meninggal dunia. Suatu saat Ibrahim hendak menjenguk keluarga yang ditinggalkannya Ma...;35-42;2;0.55;
Mudhadh bin Amr;PERSON;KELUARGA;pasangan;Isma'il;PERSON;000002-008 | 000007-001;...ya dan kawin lagi dengan wanita lain, yaitu putri Mudhadh bin Amru, pemimpin dan pemuka kabilah Setelah perkawinan Isma'il yang kedua ini, Ibrahim datang lagi, namun tidak bisa bertemu dengan Isma'il. Beliau bertanya kepada istri Isma'il tentang kea...;35-42 | 48-53;2;0.55;
Muhammad bin Abdullah bin Abdul Muththalib bin Hasyim;PERSON;KELUARGA;anak;Ibrahim;PERSON;000002-011;"...m. Hasyim adalah keluarga yang dipilih Allah bagi Muhammad bin Abdullah bin Abdul Muththalib bin Hasyim. Rasulullah pernah bersabda, ""Sesungguhnya Allah telah memilih Isma'il dari anak Ibrahim, memilih Kinanah dari anak Isma 'il, memilih Qura...";35-42;1;0.55;
Muhammad;PERSON;KELUARGA;anak;Ibrahim;PERSON;000002-011;"...mad bin Abdullah bin Abdul Muththalib bin Hasyim. Rasulullah pernah bersabda, ""Sesungguhnya Allah telah memilih Isma'il dari anak Ibrahim, memilih Kinanah dari anak Isma 'il, memilih Qura...";35-42;1;0.55;
Isma'il;PERSON;KELUARGA;anak;Ibrahim;PERSON;000002-011;"...ernah bersabda, ""Sesungguhnya Allah telah memilih Isma'il dari anak Ibrahim, memilih Kinanah dari anak Isma 'il, memilih Qura...";35-42;1;0.55;
Hanifah bin Sha'b bin Ali bin Bakr;PERSON;KELUARGA;anak;Bakr bin Wa'il;PERSON;000002-012;...s dan daerah yang subur. Abdul Qais dan anak-anak Bakr bin Wa'il serta anak-anak Tamim pindah ke Bahrain dan menetap di sana. Sedangkan Bani Hanifah bin Sha'b bin Ali bin Bakr pindah ke Yamamah dan menetap di Hijr, ibukota Ya...;35-42;1;0.55;
Adi bin An-Najjar;PERSON;KELUARGA;pasangan;Salma binti Amru;PERSON;000017-001;...untuk berdagang. Setiba di Madinah, dia menikahi Salma binti Amru, dari Bani Adi bin An-Najjar dan menetap di sana bersama istrinya itu. Lalu di...;74-80;1;0.55;
Fathimah binti Amr bin A'idz bin Imran bin Makhzum bin Yaqzhah bin Murrah;PERSON;KELUARGA;anak;Abdul Muththalib;PERSON;000017-010;Ibunya adalah Fathimah binti Amr bin A'idz bin Imran bin Makhzum bin Yaqzhah bin Murrah. Abdullah adalah anak Abdul Muththalib yang paling bagus dan paling dicintainya. Abdulla...;74-80;1;0.55;
Bilal bin Rabah;PERSON;SAHABAT;sekutu;Abu Thalib;PERSON;000025-001;...han yang amat mencolok. Sebab boleh jadi saat itu Bilal belum lahir. Kalaupun sudah lahir, tidak bakalan dia bergabung bersama Abu Thalib atau pun Abu Bakar. Lihat peperangan ini, dengan...;87-88;1;0.55;
Abu Bakar;PERSON;SAHABAT;sekutu;Abu Thalib;PERSON;000025-001;...sudah lahir, tidak bakalan dia bergabung bersama Abu Thalib atau pun Abu Bakar. Lihat peperangan ini, dengan cara mengumpulkan a...;87-88;1;0.55;
Muhammad;PERSON;KELUARGA;anak;Khadijah;PERSON;000027-001 | 000032-005;Pada awal masa remaja, Rasulullah tidak mempunyai pekerjaan tetap Hanya saja beberapa riwayat menyebutkan beliau biasa menggembala kambing di kalangan Bani Sa'd dan juga di Makkah dengan imbalan uang beberapa Pada usia dua puluh lima tahun, beliau pergi berdagang ke Syam menjalankan barang dagang milik Khadijah. Ibnu Ishaq menuturkan Khadijah binti Khuwailid a...;89 | 95-99;2;0.55;
Khadijah;PERSON;KELUARGA;anak;Waraqah bin Naufal;PERSON;000032-005 | 000032-006;"...ong orang yang menegakkan kebenaran."" Selanjutnya Khadijah membawa beliau pergi menemui Waraqah bin Naufal bin Asad bin Abdul Uzza, anak paman Khadijah.";95-99;2;0.55;
Waraqah bin Naufal;PERSON;KELUARGA;paman/bibi;Khadijah;PERSON;000032-005 | 000032-006;...Selanjutnya Khadijah membawa beliau pergi menemui Waraqah bin Naufal bin Asad bin Abdul Uzza, anak paman Khadijah.;95-99;2;0.55;
Zaid bin Haritsah bin Syurahbil;PERSON;KELUARGA;anak;Khadijah;PERSON;000039-001;...slam). Mereka adalah istri beliau, Ummul Mukminin Khadijah binti Khuwailid, pembantu beliau, Zaid bin Haritsah bin Syurahbil anak paman beliau, Ali bin Abu Thalib, yang saat...;106-108;1;0.55;
Ali bin Abu Thalib;PERSON;KELUARGA;anak;Khadijah;PERSON;000039-001;...slam). Mereka adalah istri beliau, Ummul Mukminin Khadijah binti Khuwailid, pembantu beliau, Zaid bin Haritsah bin Syurahbil anak paman beliau, Ali bin Abu Thalib, yang saat itu Ali masih 63_ Dulunya dia merupaka...;106-108;1;0.55;
Abu Bakar;PERSON;KELUARGA;pasangan;Abu Lahab;PERSON;000049-004;"...hadap agamanya kami membenci, "" Setelah itu istri Abu Lahab membalikkan badan pulang. Sedangkan Abu Bakar bertanya kepada beliau, ""Wahai Rasulullah, tidakl...";121-129;1;0.55;
Muhammad;PERSON;KELUARGA;pasangan;Abu Lahab;PERSON;000049-004;"...hadap agamanya kami membenci, "" Setelah itu istri Abu Lahab membalikkan badan pulang. Sedangkan Abu Bakar bertanya kepada beliau, ""Wahai Rasulullah, tidaklah engkau melihatnya dan dia melihat engka...";121-129;1;0.55;
Utsman bin Affan;PERSON;KELUARGA;orangtua;Mush'ab bin Umair;PERSON;000049-010;...k Islam dari kalangan orang awam dan lemah. Paman Utsman bin Affan pernah diselubungi tikar dari daun korma, lalu diasapi dari bawahnya. Tatkala ibu Mush'ab bin Umair tahu anaknya masuk Islam, maka dia tidak diberi m...;121-129;1;0.55;
Umar bin Al-Khaththab;PERSON;MUSUH;musuh;Muhammad;PERSON;000057-004 | 000198-002;"...t riwayat Ibnu Abbas. ""Hendak kemana engkau wahai Umar?"" ""Aku akan menghabisi Muhammad,"" jawabnya .Apa yang bisa menjamin keamanan dirimu dari pembalasan Bani Hasyim dan Bani Zuhrah jika engkau membunuh Muhammad?"" Menurut pengamatanku, rupanya engkau telah kelu...";142-148 | 359-360;2;0.55;
Hamzah bin Abdul Muththalib;PERSON;KELUARGA;anak;Abu Thalib;PERSON;000064-001;"...ni merupakan utusan Quraisy terakhir yang menemui Abu Thalib Ibnu Ishaq dan lain-lainnya menuturkan, tatkala Abu Thalib sakit dan orang- orang Quraisy mengkhaw atirkan keadaannya, mereka pun saling kasak-kusuk ""Sesungguhnya Hamzah dan Umar sudah masuk Islam. Sementara masalah Muh...";157-159;1;0.55;
Umar bin Al-Khaththab;PERSON;KELUARGA;anak;Abu Thalib;PERSON;000064-001;"...ni merupakan utusan Quraisy terakhir yang menemui Abu Thalib Ibnu Ishaq dan lain-lainnya menuturkan, tatkala Abu Thalib sakit dan orang- orang Quraisy mengkhaw atirkan keadaannya, mereka pun saling kasak-kusuk ""Sesungguhnya Hamzah dan Umar sudah masuk Islam. Sementara masalah Muhammad sud...";157-159;1;0.55;
Abu Thalib;PERSON;KELUARGA;anak;Abu Jahal;PERSON;000064-002;"...erkata, Orang-orang Quraisy sengaja menelantarkan Abu Thalib, dan setelah dia meninggal mereka bisa berbuat semaunya terhadap anak saudaranya."" Para utusan itu mendatangi tempat Abu Thalib dan berdialog dengannya Mereka terdiri dari pada pemuka kaummnya, seperti Utbah bin Rabi' ah, Syaibah bin Rabi'ah, Abu Jahal bin Hisyam, Umayyah bin Khalaf, Abu Sufyan bin Harb dan masi...";157-159;1;0.55;
Utbah bin Rabi'ah;PERSON;KELUARGA;anak;Abu Jahal;PERSON;000064-002 | 000090-002;...Mereka terdiri dari pada pemuka kaummnya, seperti Utbah bin Rabi' ah, Syaibah bin Rabi'ah, Abu Jahal bin Hisyam, Umayyah bin Khalaf, Abu Sufyan bin Harb dan masi...;157-159 | 214-217;2;0.55;
Syaibah bin Rabi'ah;PERSON;KELUARGA;anak;Abu Jahal;PERSON;000064-002;...pada pemuka kaummnya, seperti Utbah bin Rabi' ah, Syaibah bin Rabi'ah, Abu Jahal bin Hisyam, Umayyah bin Khalaf, Abu Sufyan bin Harb dan masi...;157-159;1;0.55;
Umayyah bin Khalaf;PERSON;KELUARGA;anak;Abu Jahal;PERSON;000064-002 | 000092-001;...seperti Utbah bin Rabi' ah, Syaibah bin Rabi'ah, Abu Jahal bin Hisyam, Umayyah bin Khalaf, Abu Sufyan bin Harb dan masih banyak lainnya yan...;157-159 | 218-220;2;0.55;
Abu Sufyan bin Harb;PERSON;KELUARGA;anak;Abu Jahal;PERSON;000064-002;...seperti Utbah bin Rabi' ah, Syaibah bin Rabi'ah, Abu Jahal bin Hisyam, Umayyah bin Khalaf, Abu Sufyan bin Harb dan masih banyak lainnya yang jumlahnya kira-kira...;157-159;1;0.55;
Muhammad;PERSON;KELUARGA;pasangan;Saudah binti Zam'ah;PERSON;000068-001;Pada bulan Syawwal tahun kesepuluh dari nubuwah, Rasulullah menikahi Saudah binti Zam'ah. Dia termasuk orang-orang yang lebih dahulu masuk...;163;1;0.55;
Sakran bin Amr;PERSON;KELUARGA;pasangan;Saudah binti Zam'ah;PERSON;000068-001;...tahun kesepuluh dari nubuwah, Rasulullah menikahi Saudah binti Zam'ah. Dia termasuk orang-orang yang lebih dahulu masuk Islam, ikut hijrah ke Habasyah yang kedua. Mantan suaminya adalah As. Sakran bin Amr, yang juga masuk Islam dan hijrah bersamanya pula...;163;1;0.55;
Muhammad;PERSON;KELUARGA;anak;Ummu Jamil;PERSON;000071-005;"...olaknya dan bertanya, ""Apa yang terjadi pada diri Rasulullah ?"" ""Kalau begitu ibu harus pergi menemui Ummu Jamil binti Al-Khaththab. Tanyakan kepadanya!' Ummul Khair pergi menemui Ummu Jamil, lalu bertanya kepadanya, ""Sesungguhnya Abu Bakar...";165-168;1;0.55;
Ummu Jamil binti Al-Khaththab;PERSON;KELUARGA;anak;Muhammad;PERSON;000071-005;"...sulullah ?"" ""Kalau begitu ibu harus pergi menemui Ummu Jamil binti Al-Khaththab. Tanyakan kepadanya!' Ummul Khair pergi menemui Ummu Jamil, lalu bertanya kepadanya, ""Sesungguhnya Abu Bakar bertanya kepadamu tentang Muhammad bin Abdullah."" Ummu Jamil menjawab,""Aku tidak tahu di manaAbu...";165-168;1;0.55;
Ummul Khair;PERSON;KELUARGA;anak;Muhammad;PERSON;000071-005;"...mu Jamil binti Al-Khaththab. Tanyakan kepadanya!' Ummul Khair pergi menemui Ummu Jamil, lalu bertanya kepadanya, ""Sesungguhnya Abu Bakar bertanya kepadamu tentang Muhammad bin Abdullah."" Ummu Jamil menjawab,""Aku tidak tahu di manaAbu...";165-168;1;0.55;
Ummu Jamil;PERSON;KELUARGA;anak;Muhammad;PERSON;000071-005;"...b. Tanyakan kepadanya!' Ummul Khair pergi menemui Ummu Jamil, lalu bertanya kepadanya, ""Sesungguhnya Abu Bakar bertanya kepadamu tentang Muhammad bin Abdullah."" Ummu Jamil menjawab,""Aku tidak tahu di manaAbu...";165-168;1;0.55;
Abu Bakar;PERSON;KELUARGA;anak;Muhammad;PERSON;000071-005 | 000133-001;"...mmu Jamil, lalu bertanya kepadanya, ""Sesungguhnya Abu Bakar bertanya kepadamu tentang Muhammad bin Abdullah."" Ummu Jamil menjawab,""Aku tidak tahu di manaAbu...";165-168 | 284;2;0.55;
Muhammad;PERSON;KELUARGA;pasangan;Aisyah;PERSON;000079-003;"...umah pun di Madinah melainkan sudah menyebut nama Rasulullah 117 Zadul-Ma'ad, 2/50; Sirah An-Nabawiyah, Ibnu Hisyam, 1/429-541. Pada tahun kesebelas dari nubuwah itu, beliau menikahi Aisyah yang saat itu umurnya 6 tahun. Lalu beliau berkum...";188-190;1;0.55;
Adam;PERSON;SAHABAT;sekutu;Jibril;PERSON;000080-002;...Baitul Maqdis beliau naik ke langit dunia bersama Jibril. Jibril meminta izin agar dibukakan. Maka pintu langit dibukakan baginya Di sana beliau melihat Adam, bapak sekalian manusia. Beliau mengucapkan salam...;191-197;1;0.55;
As'ad bin Zurarah;PERSON;SAHABAT;sekutu;Mush'ab bin Umair;PERSON;000087-001;...ia pun menjadi mantap karenanya. Dengan kedudukan As'ad sebagai da'i yang ulung bersama Mush'ab bin Umair, maka secara otomatis dia pun dinobatkan sebagai...;206;1;0.55;
Ubadah bin Ash-Shamit bin Qais;PERSON;KELUARGA;anak;Rifa'ah bin Abdul Mundzir;PERSON;000088-001;...Ma'rur bin Shahr 6. Abdullah bin Amr bin Haram 7. Ubadah bin Ash-Shamit bin Qais Sa'd bin Ubadah bin Dulaim Al-Mundzir bin Amr bin Khunais 10. Usaid bin Hudhair bin Sammak 11. Sa'd bin Khaitsamah bin Al-Harits 12. Rifa'ah bin Abdul Mundzir bin Subair Tiga orang yang terakhir dari Aus.;206-209;1;0.55;
Sa'd bin Ubadah bin Dulaim;PERSON;KELUARGA;anak;Rifa'ah bin Abdul Mundzir;PERSON;000088-001;...n Amr bin Haram 7. Ubadah bin Ash-Shamit bin Qais Sa'd bin Ubadah bin Dulaim Al-Mundzir bin Amr bin Khunais 10. Usaid bin Hudhair bin Sammak 11. Sa'd bin Khaitsamah bin Al-Harits 12. Rifa'ah bin Abdul Mundzir bin Subair Tiga orang yang terakhir dari Aus.;206-209;1;0.55;
Al-Mundzir bin Amr bin Khunais;PERSON;KELUARGA;anak;Rifa'ah bin Abdul Mundzir;PERSON;000088-001;...in Ash-Shamit bin Qais Sa'd bin Ubadah bin Dulaim Al-Mundzir bin Amr bin Khunais 10. Usaid bin Hudhair bin Sammak 11. Sa'd bin Khaitsamah bin Al-Harits 12. Rifa'ah bin Abdul Mundzir bin Subair Tiga orang yang terakhir dari Aus.;206-209;1;0.55;
Usaid bin Hudhair bin Sammak;PERSON;KELUARGA;anak;Rifa'ah bin Abdul Mundzir;PERSON;000088-001;...dah bin Dulaim Al-Mundzir bin Amr bin Khunais 10. Usaid bin Hudhair bin Sammak 11. Sa'd bin Khaitsamah bin Al-Harits 12. Rifa'ah bin Abdul Mundzir bin Subair Tiga orang yang terakhir dari Aus.;206-209;1;0.55;
Sa'd bin Khaitsamah bin Al-Harits;PERSON;KELUARGA;anak;Rifa'ah bin Abdul Mundzir;PERSON;000088-001;...bin Khunais 10. Usaid bin Hudhair bin Sammak 11. Sa'd bin Khaitsamah bin Al-Harits 12. Rifa'ah bin Abdul Mundzir bin Subair Tiga orang yang terakhir dari Aus.;206-209;1;0.55;
Muhammad;PERSON;KELUARGA;anak;Rifa'ah bin Abdul Mundzir;PERSON;000088-002;Rifa'ah bin Abdul Mundzir bin Subair Tiga orang yang terakhir dari Aus. Setelah jelas penunjukan mereka, Rasulullah menyumpah mereka secara khusus sebagai para pemim...;206-209;1;0.55;
Umar bin Al-Khaththab;PERSON;SAHABAT;sekutu;Abu Jahal;PERSON;000089-004;"...Iyasy memutuskan untuk kembali ke Makkah bersama Abu Jahal dan Al-Harits, agar ibunya menghentikan nadzarnya. Maka Umar berkata kepadanya, ""Kalau memang itu pilihanmu, m...";210-213;1;0.55;
Jubair bin Muth'im;PERSON;KELUARGA;anak;Abu Jahal;PERSON;000090-002;...lah para wakil seluruh kabilah Quraisy, yaitu: 1. Abu Jahal bin Hisyam dari kabilah Bani Makhzum 2. Jubair bin Muth'im dan Thu'aimah bin Adi serta Al-Harits bin Amir da...;214-217;1;0.55;
Thu'aimah bin Adi;PERSON;KELUARGA;anak;Abu Jahal;PERSON;000090-002 | 000092-001;...lah para wakil seluruh kabilah Quraisy, yaitu: 1. Abu Jahal bin Hisyam dari kabilah Bani Makhzum 2. Jubair bin Muth'im dan Thu'aimah bin Adi serta Al-Harits bin Amir dari Bani Naufal bin Abd...;214-217 | 218-220;2;0.55;
Al-Harits bin Amir;PERSON;KELUARGA;anak;Abu Jahal;PERSON;000090-002;...lah para wakil seluruh kabilah Quraisy, yaitu: 1. Abu Jahal bin Hisyam dari kabilah Bani Makhzum 2. Jubair bin Muth'im dan Thu'aimah bin Adi serta Al-Harits bin Amir dari Bani Naufal bin Abdi Manaf. 3. Syaiban dan U...;214-217;1;0.55;
Naufal bin Abdi;PERSON;KELUARGA;anak;Abu Jahal;PERSON;000090-002;...lah para wakil seluruh kabilah Quraisy, yaitu: 1. Abu Jahal bin Hisyam dari kabilah Bani Makhzum 2. Jubair bin Muth'im dan Thu'aimah bin Adi serta Al-Harits bin Amir dari Bani Naufal bin Abdi Manaf. 3. Syaiban dan Utbah, anak Rabi'ah serta A...;214-217;1;0.55;
Abul Hakam;PERSON;KELUARGA;anak;Abu Jahal;PERSON;000090-005;"...ni disampaikan penduduk Makkah yang paling jahat, Abu Jahal bin Hisyam. Dia berkata, ""Demi Allah, aku mempunyai satu pendapat yang kujamin pasti akan kalian laksanakan."" ""Apa pendapatmu wahai Abul Hakam?"" tanya mereka. -Menurutku, kita tunjuk salah seo...";214-217;1;0.55;
Al-Hakam bin Abul Ash;PERSON;KELUARGA;anak;Abu Jahal;PERSON;000092-001;...belas orang terkemuka di antara mereka, yaitu: 1. Abu Jahal bin Hisyam 2. Al-Hakam bin Abul Ash 3. Uqbah bin Abu Mu'aith 4. An-Nadhar bin Al-Hari...;218-220;1;0.55;
Uqbah bin Abu Mu'aith;PERSON;KELUARGA;anak;Abu Jahal;PERSON;000092-001;...belas orang terkemuka di antara mereka, yaitu: 1. Abu Jahal bin Hisyam 2. Al-Hakam bin Abul Ash 3. Uqbah bin Abu Mu'aith 4. An-Nadhar bin Al-Harits 5. Umayyah bin Khalaf...;218-220;1;0.55;
An-Nadhr bin Al-Harits;PERSON;KELUARGA;anak;Abu Jahal;PERSON;000092-001;...belas orang terkemuka di antara mereka, yaitu: 1. Abu Jahal bin Hisyam 2. Al-Hakam bin Abul Ash 3. Uqbah bin Abu Mu'aith 4. An-Nadhar bin Al-Harits 5. Umayyah bin Khalaf 6. Zam'ah bin Al-Aswad 7. T...;218-220;1;0.55;
Zam'ah bin Al-Aswad;PERSON;KELUARGA;anak;Abu Jahal;PERSON;000092-001;...belas orang terkemuka di antara mereka, yaitu: 1. Abu Jahal bin Hisyam 2. Al-Hakam bin Abul Ash 3. Uqbah bin Abu Mu'aith 4. An-Nadhar bin Al-Harits 5. Umayyah bin Khalaf 6. Zam'ah bin Al-Aswad 7. Thu'aimah bin Adi 8. Abu Lahab Ubay bin Khalaf...;218-220;1;0.55;
Abu Lahab;PERSON;KELUARGA;anak;Abu Jahal;PERSON;000092-001;...belas orang terkemuka di antara mereka, yaitu: 1. Abu Jahal bin Hisyam 2. Al-Hakam bin Abul Ash 3. Uqbah bin Abu Mu'aith 4. An-Nadhar bin Al-Harits 5. Umayyah bin Khalaf 6. Zam'ah bin Al-Aswad 7. Thu'aimah bin Adi 8. Abu Lahab Ubay bin Khalaf 10. Nubih bin Al-Hajjaj 11._ Muna...;218-220;1;0.55;
Muhammad;PERSON;SAHABAT;sekutu;Abu Bakar;PERSON;000096-002;...g memiliki dua bagian ikat pinggang). Selanjutnya Rasulullah berangkat bersama Abu Bakar dan Amir bin Fuhairah. Abullah bin Uraiqith yang...;223-229;1;0.55;
Amir bin Fuhairah;PERSON;SAHABAT;sekutu;Abu Bakar;PERSON;000096-002;...nggang). Selanjutnya Rasulullah berangkat bersama Abu Bakar dan Amir bin Fuhairah. Abullah bin Uraiqith yang menjadi penunjuk jalan...;223-229;1;0.55;
Abdullah bin Uraiqith;PERSON;SAHABAT;sekutu;Abu Bakar;PERSON;000096-002;...nggang). Selanjutnya Rasulullah berangkat bersama Abu Bakar dan Amir bin Fuhairah. Abullah bin Uraiqith yang menjadi penunjuk jalan mengambil jalan pesis...;223-229;1;0.55;
Sa'd bin Mu'adz;PERSON;KELUARGA;anak;Umayyah;PERSON;000111-001;"Kemudian setelah itu Sa'd bin Mu'adz pergi ke Makkah untuk melakukan umrah. Di Makkah dia menetap di rumah Umayyah bin Khalaf. Dia berkata kepada Umayyah, ""Berilah aku waktu sebentar, siapa tahu aku bisa...";254;1;0.55;
Abu Jahal;PERSON;KELUARGA;anak;Umayyah;PERSON;000111-001;"...p di rumah Umayyah bin Khalaf. Dia berkata kepada Umayyah, ""Berilah aku waktu sebentar, siapa tahu aku bisa melakukan thawaf di Ka'bah."" Maka mendekati siang hari bersama Umayyah dia pergi ke Ka'bah. Abu Jahal yang berpapasan dengan keduanya, bertanya, ""Wahai...";254;1;0.55;
Abu Jahal;PERSON;SAHABAT;sekutu;Umayyah;PERSON;000111-001;"...waf di Ka'bah."" Maka mendekati siang hari bersama Umayyah dia pergi ke Ka'bah. Abu Jahal yang berpapasan dengan keduanya, bertanya, ""Wahai...";254;1;0.55;
Abu Shafwan;PERSON;SAHABAT;sekutu;Umayyah;PERSON;000111-001;"...waf di Ka'bah."" Maka mendekati siang hari bersama Umayyah dia pergi ke Ka'bah. Abu Jahal yang berpapasan dengan keduanya, bertanya, ""Wahai Abu Shafwan. siapakah yang bersamamu ini?"" Umayyah menjawab,...";254;1;0.55;
Muhammad;PERSON;KELUARGA;anak;Abu Jahal;PERSON;000114-002;...da tahun 623 M. Untuk memimpin satuan pasukan ini Rasulullah menunjuk Hamzah bin Abdul Muththalib, bersama 30 orang Muhajirin, untuk menghadang rombongan kafilah Quraisy yang kembali dari Syam, yang di tengah rombongan itu ada Abu Jahal bin Hisyam, bersama 300 orang. Mereka tiba di Siful Bahr di...;256-265;1;0.55;
Hamzah bin Abdul Muththalib;PERSON;KELUARGA;anak;Abu Jahal;PERSON;000114-002;...k memimpin satuan pasukan ini Rasulullah menunjuk Hamzah bin Abdul Muththalib, bersama 30 orang Muhajirin, untuk menghadang rombongan kafilah Quraisy yang kembali dari Syam, yang di tengah rombongan itu ada Abu Jahal bin Hisyam, bersama 300 orang. Mereka tiba di Siful Bahr di...;256-265;1;0.55;
Amar bin Al-Hadhrami;PERSON;KELUARGA;anak;Abdullah bin Al-Mughirah;PERSON;000114-007;...dagangan. Turut serta dalam rombongan itu adalah Amr bin Al-Hadhrami, Utsman dan Naufal, kedua anak Abdullah bin Al-Mughirah. Al-Hakam bin Kaisan, budak Bani Al-Mughirah. Ora...;256-265;1;0.55;
Utsman bin Affan;PERSON;KELUARGA;anak;Abdullah bin Al-Mughirah;PERSON;000114-007;...a dalam rombongan itu adalah Amr bin Al-Hadhrami, Utsman dan Naufal, kedua anak Abdullah bin Al-Mughirah. Al-Hakam bin Kaisan, budak Bani Al-Mughirah. Ora...;256-265;1;0.55;
Al-Hakam bin Kaisan;PERSON;KELUARGA;anak;Abdullah bin Al-Mughirah;PERSON;000114-007;...mr bin Al-Hadhrami, Utsman dan Naufal, kedua anak Abdullah bin Al-Mughirah. Al-Hakam bin Kaisan, budak Bani Al-Mughirah. Orang-orang Muslim bermu...;256-265;1;0.55;
Jibril;PERSON;KELUARGA;anak;Muhammad;PERSON;000133-001;"...bersabda, ""Bergembiralah wahai Abu Bakar. Inilah Jibril yang datang di atas gulungan-gulungan debu."" Dalam riwayat Muhammad bin Ishaq disebutkan: Rasulullah bersabda, ""Bergembiralah wahai Abu Bakar. Telah d...";284;1;0.55;
Mush'ab bin Umair;PERSON;KELUARGA;anak;Abu Aziz;PERSON;000138-006;...tersebut masih tetap 8. Setelah peperangan usai, Mush'ab bin Umair Al-Abdari melewati saudaranya, Abu Aziz bin Umair yang sebelah tangannya sedang diikat seorang Anshar sebagai tawanan. Dalam peperangan itu Abu Aziz bergabung bersama pasukan musyrikin. Mush'ab berk...;289-293;1;0.55;
Muhammad;PERSON;KELUARGA;pasangan;Utsman bin Affan;PERSON;000141-002;"...rah Badr, bersiap-siap untuk menyambut kedatangan Rasulullah atas kemenangan ini Usamah bin Zaid berkata, ""Kami menerima kabar itu selagi kami sedang meratakan tanah di rumah Ruqayah binti Rasulullah yang menjadi istri Utsman bin Affan, karena beliau telah menyerahkan kepadaku perlind...";297;1;0.55;
Usamah bin Zaid;PERSON;KELUARGA;pasangan;Utsman bin Affan;PERSON;000141-002;"...nyambut kedatangan Rasulullah atas kemenangan ini Usamah bin Zaid berkata, ""Kami menerima kabar itu selagi kami sedang meratakan tanah di rumah Ruqayah binti Rasulullah yang menjadi istri Utsman bin Affan, karena beliau telah menyerahkan kepadaku perlind...";297;1;0.55;
Ruqayah binti Rasulullah;PERSON;KELUARGA;pasangan;Utsman bin Affan;PERSON;000141-002;...r itu selagi kami sedang meratakan tanah di rumah Ruqayah binti Rasulullah yang menjadi istri Utsman bin Affan, karena beliau telah menyerahkan kepadaku perlind...;297;1;0.55;
Umair bin Wahb;PERSON;SAHABAT;sekutu;Shafwan bin Umayyah;PERSON;000148-001;...abi Selang tak seberapa lama sesudah Perang Badr, Umair bin Wahb Al-Jumahi duduk-duduk di Hijir bersama Shafwan bin Umayyah. Umair adalah salah seorang pemimpin Quraisy yang...;308-310;1;0.55;
Wahb bin Umair;PERSON;SAHABAT;sekutu;Shafwan bin Umayyah;PERSON;000148-001;...r bin Wahb Al-Jumahi duduk-duduk di Hijir bersama Shafwan bin Umayyah. Umair adalah salah seorang pemimpin Quraisy yang dulu sering menyiksa Nabi dan para sahabat selagi masih di Makkah. Anaknya, Wahb bin Umair menjadi tawanan Perang Badr. Saat duduk itulah Um...;308-310;1;0.55;
Muhammad;PERSON;SAHABAT;sekutu;Shafwan bin Umayyah;PERSON;000148-003;"...abda, ""Bukankah engkau pernah duduk-duduk bersama Shafwan bin Umayyah di Hijr, lalu kalian berdua menyebut-nyebut orang-orang Quraisy yang dimasukkan ke dalam sumur, kemudian engkau berkata, ""Kalau tidak karena aku masih ada hutang yang harus kulunasi, dan kalau tidak karena keluarga yang kutakutkan akan musnah setelah kematianku, niscaya saat ini pun aku akan menunggang onta, akan kutemui Muhammad dan kubunuh dia? Bukankah Shafwan hendak menanggu...";308-310;1;0.55;
Ka'b bin Al-Asyraf;PERSON;KELUARGA;anak;Muhammad;PERSON;000155-004;"...jawab Ka'b bin Al-Asyraf. ""Kedatangan orang ini (Rasulullah) akan menjadi bencana bagi kami, karena bangsa Arab akan menyerang kami, melemparkan anak panah dari satu busur, memutus jalan kehidupan kami hingga keluarga menjadi terlantar, semua orang menjadi susah payah, kami dan keluarga kami akan menjadi payah pula."" Kemudian terjadi dialog Abu Na'ilah dan Ka'b bin Al-Asyraf, seperti yang dilakukan Muhammad bin Maslamah. Ab...";317-321;1;0.55;
Sulaith bin An- Nu'man;PERSON;SAHABAT;sekutu;Nu'aim bin Ma'ud;PERSON;000157-002;...rdengar sampai ke Madinah. Ceritanya bermula dari Sulaith bin An- Nu'man yang telah masuk Islam dan masih berada di Makkah. Dia ikut-ikutan minum khamr bersama Nu'aim bin Ma'ud Al-Asy'ay. Saat itu khamr belum diharamkan. Karen...;321-323;1;0.55;
Abu Zaid;PERSON;KELUARGA;anak;Syurahbil bin Hasyim;PERSON;000175-002;...kejantanannya. Kemudian bendera beralih ke tangan Abu Zaid Amr bin Abdi Manaf Al-Abdari, yang akhirnya dia dapat dibunuh Quzman pula. Kemudian bendera beralih ke tangan seorang anak Syurahbil bin Hasyim Al-Abdari, yang akhirnya dia dapat dibunuh Quzman...;337-338;1;0.55;
Amr bin Abdi;PERSON;KELUARGA;anak;Syurahbil bin Hasyim;PERSON;000175-002;...nnya. Kemudian bendera beralih ke tangan Abu Zaid Amr bin Abdi Manaf Al-Abdari, yang akhirnya dia dapat dibunuh Quzman pula. Kemudian bendera beralih ke tangan seorang anak Syurahbil bin Hasyim Al-Abdari, yang akhirnya dia dapat dibunuh Quzman...;337-338;1;0.55;
Abu Sufyan bin Harb;PERSON;MUSUH;musuh;Muhammad;PERSON;000198-002;"...lah dia, lihat apa maunya!"" Maka Umar menghampiri Abu Sufyan. Setelah mendekat, Abu Sufyan bertanya, ""Demi Allah aku memohon kepadamu wahai Umar, apakah kam benar-benar telah membunuh Muhammad?"" ""Demi Allah, sama sekali tidak,"" jawab Umar, be...";359-360;1;0.55;
Ibnu Qami'ah;PERSON;MUSUH;musuh;Muhammad;PERSON;000198-002;"...wahai Umar, apakah kam benar-benar telah membunuh Muhammad?"" ""Demi Allah, sama sekali tidak,"" jawab Umar, beliau pun bisa mendengar perkataanmu saat ini."" Abu Sufyan berkata, ""Bagiku engkau lebih jujur dan lebih baik daripada Ibnu Qami'ah. Karena Ibnu Qami'ah yang berteriak saat pertempu...";359-360;1;0.55;
Ka'b bin Asad;PERSON;MUSUH;musuh;Muhammad;PERSON;000218-014 | 000218-015;"...nggalkan aku dan urusanku! Aku tidak melihat diri Muhammad melainkan sosok orang yang jujur dan menepati janji."" Huyai terus-menerus membujuk dan merayu Ka'b, hingga akhirnya Huyai bersumpah atas nama Allah dan berjanji, ""Jika orang-orang Quraisy dan Ghathafan mundur, mereka tidak jadi menyerang Muhammad, maka aku akan bergabung denganmu di dalam bentengmu, dan aku siap menanggung akibatnya bersamamu.' Jadilah Ka'b bin As' ad melanggar perjanjian yang telah disepakatinya.";390-404;2;0.55;
Ka'b bin Malik;PERSON;MUSUH;musuh;Muhammad;PERSON;000218-014 | 000218-015;"...i janji."" Huyai terus-menerus membujuk dan merayu Ka'b, hingga akhirnya Huyai bersumpah atas nama Allah dan berjanji, ""Jika orang-orang Quraisy dan Ghathafan mundur, mereka tidak jadi menyerang Muhammad, maka aku akan bergabung denganmu di dalam benten...";390-404;2;0.55;
Muhammad;PERSON;MUSUH;musuh;Sallam bin Abul Huqaiq;PERSON;000220-001;...bahan makanan. Dahulu dia juga sering mengganggu Rasulullah . Setelah orang-orang Muslim usai menangani urusan Bani Quraizhah, orang-orang Khazraj meminta izin kepada beliau untuk membunuh Sallam bin Abul Huqaiq. Karena sebelumnya orang-orang Auslah yang telah...;412-414;1;0.55;
Sallam bin Abul Huqaiq;PERSON;MUSUH;musuh;Ka'b bin Al-Asyraf;PERSON;000220-001;...Khazraj meminta izin kepada beliau untuk membunuh Sallam bin Abul Huqaiq. Karena sebelumnya orang-orang Auslah yang telah membunuh Ka'b bin Al-Asyraf. Oleh karena itu orang-orang Khazraj ingin mendap...;412-414;1;0.55;
Abdullah bin Unais;PERSON;MUSUH;musuh;Abu Rafi';PERSON;000220-004;...tkan bahwa mereka berlima masuk ke tempat tinggal Abu Rafi', dan secara bersama-sama membunuhnya. Adapun yang membunuh Abu Rafi' adalah Abdullah bin Unais. Di sini disebutkan bahwa peristiwa ini terjadi p...;412-414;1;0.55;
Abdullah bin Atik;PERSON;MUSUH;musuh;Abu Rafi';PERSON;000220-004;...ra bersama-sama membunuhnya. Adapun yang membunuh Abu Rafi' adalah Abdullah bin Unais. Di sini disebutkan bahwa peristiwa ini terjadi pada malam hari dan gelap. Sementara saat itu betis Abdullah bin Atik terkoyak atau patah tulangnya. Karena itu, teman-...;412-414;1;0.55;
Usaid bin Hudhair;PERSON;KELUARGA;anak;Muhammad;PERSON;000224-002;...idak disebutkan nama Sa'd bin Mu'adz, tetapi nama Usaid bin Hudhair. Menurut Abu Muhammad bin Hazm, inilah yang benar dan tidak bisa diragukan lagi kebenarannya. Yang aneh adalah pernyataan Muhammad Al-Ghazali, yang menisbatkan kepada Ibnul Qayyim,...;419-420;1;0.55;
Abdullah bin Ubay bin Salul;PERSON;SAHABAT;sekutu;Aisyah;PERSON;000226-006;...Zhahirah. Saat melihat kedatangan Shafwan bersama Aisyah, orang-orang berbicara kasak kusuk, masing-masing dengan versinya. Musuh Allah yang paling jahat, Abdullah bin Ubay menghembuskan nafas panjang, menyemburkan kemunaf...;424-429;1;0.55;
Muhammad;PERSON;SAHABAT;sekutu;Ummu Misthah;PERSON;000226-007;...saja dia tidak mendapat sentuhan kelembutan dari Rasulullah seperti yang biasa beliau lakukan saat dia sakit. Setelah keadaannya sudah membaik, malam-malam dia keluar ke jamban bersama Ummu Misthah, untuk buang hajat. Ummu Misthah terpeleset karen...;424-429;1;0.55;
Aisyah;PERSON;SAHABAT;sekutu;Ummu Misthah;PERSON;000226-007;...membaik, malam-malam dia keluar ke jamban bersama Ummu Misthah, untuk buang hajat. Ummu Misthah terpeleset karena terserimpet bajunya. Dia ingin memanggil anak laki-lakinya. tetapi Aisyah menolaknya. Ketika itulah Ummu Misthah menceritak...;424-429;1;0.55;
Aisyah;PERSON;KELUARGA;orangtua;Yusuf;PERSON;000226-009;"...u dan diri kalian, kecuali seperti perkataan ayah Yusuf, Maka kesabaran yang baik itulah (kesabaranku).' Dan, Allah sajalah dimohonkan pertolongan- Nya terhadap apa yang kalian ceritakan."" Kemudian Aisyah beranjak dan berbaring di tempat tidur. Saat itu...";424-429;1;0.55;
Ummu Abi;PERSON;KELUARGA;pasangan;Tumadhir bin Al-Ashba';PERSON;000227-001;...Mereka pun masuk Islam, lalu Abdurrahman menikahi Tumadhir bin Al-Ashba', atau berjuluk Ummu Abi Salamah, putri pemimpin mereka. 2. Satuan pasukan...;430-432;1;0.55;
Ali bin Abu Thalib;PERSON;KELUARGA;pasangan;Tumadhir bin Al-Ashba';PERSON;000227-001;...Mereka pun masuk Islam, lalu Abdurrahman menikahi Tumadhir bin Al-Ashba', atau berjuluk Ummu Abi Salamah, putri pemimpin mereka. 2. Satuan pasukan Ali bin Abu Thalib ke Bani Sa'd bin Bakr di Fadak pada bulan Sya'ban...;430-432;1;0.55;
Sa'd bin Bakr;PERSON;KELUARGA;pasangan;Tumadhir bin Al-Ashba';PERSON;000227-001;...Mereka pun masuk Islam, lalu Abdurrahman menikahi Tumadhir bin Al-Ashba', atau berjuluk Ummu Abi Salamah, putri pemimpin mereka. 2. Satuan pasukan Ali bin Abu Thalib ke Bani Sa'd bin Bakr di Fadak pada bulan Sya'ban 6 H. Kejadian ini ber...;430-432;1;0.55;
Amr bin Umayyah;PERSON;SAHABAT;sekutu;Salamah bin Abu Salamah;PERSON;000227-003;...122. Para penulis sejarah juga menulis pengiriman Amr bin Umayyah Adh- Dhamiri bersama Salamah bin Abu Salamah pada bulan Syawwal 6 H. Mereka berdua pergi ke Ma...;430-432;1;0.55;
Abu Sufyan bin Harb;PERSON;SAHABAT;sekutu;Salamah bin Abu Salamah;PERSON;000227-003;...s pengiriman Amr bin Umayyah Adh- Dhamiri bersama Salamah bin Abu Salamah pada bulan Syawwal 6 H. Mereka berdua pergi ke Makkah untuk membunuh Abu Sufyan. Sebab Abu Sufyan mengirim seorang Arab Badui den...;430-432;1;0.55;
Abu Jandal;PERSON;SAHABAT;sekutu;Abu Bashir;PERSON;000243-002;...engar pula orang-orang Muslim di sana. Karena itu Abu Jandal meloloskan diri dari Makkah dan bergabung bersama Abu Bashir. Langkah Abu Jandal ini diikuti teman-temannya ya...;449-450;1;0.55;
Najasyi;PERSON;SAHABAT;sekutu;Amr bin Umayyah;PERSON;000247-001;Najasyi ini namanya Ashhamah bin Al-Aijar. Beliau menulis surat ini bersama Amr bin Umayyah Adh-Dhamri pada akhir tahun 6 H, atau pada bulan...;453-456;1;0.55;
Ashhamah bin Al-Aijar;PERSON;SAHABAT;sekutu;Amr bin Umayyah;PERSON;000247-001;Najasyi ini namanya Ashhamah bin Al-Aijar. Beliau menulis surat ini bersama Amr bin Umayyah Adh-Dhamri pada akhir tahun 6 H, atau pada bulan...;453-456;1;0.55;
Heraklius;PERSON;KELUARGA;anak;Muhammad;PERSON;000250-001;"...teks surat yang ditulis Nabi kepada Raja Romawi, Heraklius. Inilah surat tersebut. 225 Muhadharat Tarikhul Umam Al-Islamiyah, Al-Khadhri, 1/147; Fathul Bari, 8/127-128 ""Bismilahir-rahmanir-rahim Dari Muhammad bin Abdullah, kepada Heraklius pemimpin Romawi Kesejahteraan b...";459-463;1;0.55;
Abd bin Al-Julunda;PERSON;KELUARGA;anak;Muhammad;PERSON;000254-001;"...h surat beliau: ""Bismillahir-rahmanir-rahim. Dari Muhammad bin Abdullah, kepada Jaifar dan Abd bin Al-Julunda Kesejahteraan bagi siapa pun yang mengkuti petunj...";465-469;1;0.55;
Muhammad;PERSON;KELUARGA;anak;Abul Huqaiq;PERSON;000273-002;...eng itu. Ibnul Qayyim menyebutkan bahwa peristiwa Rasulullah memerintahkan untuk membunuh dua anak Abul Huqaiq, setelah diketahui keduanya menyimpan harta benda...;485-486;1;0.55;
Shafiyyah binti Huyai bin Akhthab;PERSON;KELUARGA;anak;Abul Huqaiq;PERSON;000273-002;...Rasulullah memerintahkan untuk membunuh dua anak Abul Huqaiq, setelah diketahui keduanya menyimpan harta benda yang semestinya diserahkan kepada beliau. Beliau menahan Shafiyah binti Huyai bin Akhthab, yang saat itu baru saja melangsungkan pernikahan...;485-486;1;0.55;
Usamah bin Zaid;PERSON;MUSUH;musuh;Mirdas bin Nuhaik;PERSON;000284-007;"...dapat menawan ternak musuh. Dalam peperangan ini, Usamah bin Zaid dapat membunuh Mirdas bin Nuhaik, setelah dia mengucapkan, ""La ilaha illallah. "" S...";493-497;1;0.55;
Muhammad;PERSON;KELUARGA;pasangan;Maimunah binti Al-Harits Al-Amiriyah;PERSON;000285-004;...bibi anak itu adalah istri Ja'far. Saat umrah ini Rasulullah menikahi Maimunah binti Al-Harits Al-Amiriyah. Sebelum memasuki Makkah, beliau sudah mengutus J...;498-501;1;0.55;
Muhammad;PERSON;KELUARGA;anak;Maimunah;PERSON;000285-004;...bibi anak itu adalah istri Ja'far. Saat umrah ini Rasulullah menikahi Maimunah binti Al-Harits Al-Amiriyah. Sebelum memasuki Makkah, beliau sudah mengutus Ja'far bin Abu Thalib untuk menemui Maimunah. Sementara Maimunah telah menyerahkan urusan diri...;498-501;1;0.55;
Ja'far bin Abu Thalib;PERSON;KELUARGA;pasangan;Maimunah binti Al-Harits Al-Amiriyah;PERSON;000285-004;...istri Ja'far. Saat umrah ini Rasulullah menikahi Maimunah binti Al-Harits Al-Amiriyah. Sebelum memasuki Makkah, beliau sudah mengutus Ja'far bin Abu Thalib untuk menemui Maimunah. Sementara Maimunah telah...;498-501;1;0.55;
Ali bin Abu Thalib;PERSON;KELUARGA;saudara;Yusuf;PERSON;000302-001;"...enjadi anak yang paling menderita karena engkau."" Ali bin Abu Thalib memberi saran kepada Abu Sufyan bin Al-Harits. ""Temuilah Rasulullah langsung di hadapan beliau lalu katakan seperti yang dikatakan saudara Yusuf kepadanya, Mereka berkata, Demi Allah sesungguhny...";517-518;1;0.55;
Abu Sufyan bin Al-Harits bin Abdul Muththalib;PERSON;KELUARGA;saudara;Yusuf;PERSON;000302-001;"...engkau."" Ali bin Abu Thalib memberi saran kepada Abu Sufyan bin Al-Harits. ""Temuilah Rasulullah langsung di hadapan beliau lalu katakan seperti yang dikatakan saudara Yusuf kepadanya, Mereka berkata, Demi Allah sesungguhny...";517-518;1;0.55;
Muhammad;PERSON;KELUARGA;saudara;Yusuf;PERSON;000302-001;"...saran kepada Abu Sufyan bin Al-Harits. ""Temuilah Rasulullah langsung di hadapan beliau lalu katakan seperti yang dikatakan saudara Yusuf kepadanya, Mereka berkata, Demi Allah sesungguhny...";517-518;1;0.55;
Abu Sufyan bin Harb;PERSON;SAHABAT;sekutu;Hakim bin Hizam;PERSON;000304-001;"...alipun sebenarnya mereka selalu bersikap waspada. Abu Sufyan juga berputar-putar mencari informasi bersama Hakim bin Hizam dan Budail bin Zarqa' Al-Abbas berkata, ""Demi All...";519-521;1;0.55;
Budail bin Zarqa';PERSON;SAHABAT;sekutu;Hakim bin Hizam;PERSON;000304-001;"...yan juga berputar-putar mencari informasi bersama Hakim bin Hizam dan Budail bin Zarqa' Al-Abbas berkata, ""Demi Allah, ketika aku menungg...";519-521;1;0.55;
Al-Abbas bin Abdul Muththalib;PERSON;SAHABAT;sekutu;Hakim bin Hizam;PERSON;000304-001;"...yan juga berputar-putar mencari informasi bersama Hakim bin Hizam dan Budail bin Zarqa' Al-Abbas berkata, ""Demi Allah, ketika aku menunggang bagha...";519-521;1;0.55;
Muhammad;PERSON;KELUARGA;saudara;Adi bin Hatim;PERSON;000339-004;"...im yang ditawan. Setelah tiba di Madinah, saudari Adi bin Hatim meminta belas kasihan Rasulullah , seraya berkata, ""Wahai Rasulullah, pelindungku...";553-557;1;0.55;
Abu Bakar;PERSON;KELUARGA;saudara;Yusuf;PERSON;000365-002;"...Aisyah menyarankan agar Nabi tidak hanya menunjuk Abu Bakar sebagai imam, supaya orang-orang tidak merasa bosan kepadanya. Tetapi beliau menolaknya, seraya bersabda, ""Kalian sama dengan saudara-saudara Yusuf. Suruh Abu Bakar agar dia menjadi imam bagi orang...";604-605;1;0.55;
Hilal bin Amir bin Sha'sha'ah;PERSON;KELUARGA;pasangan;Abdullah bin Jahsy;PERSON;000379-001;Dia berasal dari Bani Hilal bin Amir bin Sha'sha'ah, yang dijuluki Ummul Masakin (ibunda orang-orang miskin), karena kasih sayang dan kemurahan hatinya terhadap mereka. Sebelum itu dia adalah istri Abdullah bin Jahsy, yang mati syahid pada Perang Uhud, lalu dinikahi...;612;1;0.55;
Muhammad;PERSON;KELUARGA;pasangan;Abdullah bin Jahsy;PERSON;000379-001;...nya terhadap mereka. Sebelum itu dia adalah istri Abdullah bin Jahsy, yang mati syahid pada Perang Uhud, lalu dinikahi Rasulullah pada tahun 4 H. Namun dia meninggal dunia dua ata...;612;1;0.55;
Abu Bakar;PERSON;KELUARGA;pasangan;Aisyah;PERSON;000385-002;...yang bisa dibaca, mengapa beliau berbesan dengan Abu Bakar dan Umar, dengan menikahi Aisyah dan Hafshah, mengapa beliau menikahkan putri beli...;613-618;1;0.55;
Umar bin Al-Khaththab;PERSON;KELUARGA;pasangan;Aisyah;PERSON;000385-002;...aca, mengapa beliau berbesan dengan Abu Bakar dan Umar, dengan menikahi Aisyah dan Hafshah, mengapa beliau menikahkan putri beli...;613-618;1;0.55;
Hafshah;PERSON;KELUARGA;pasangan;Aisyah;PERSON;000385-002;...rbesan dengan Abu Bakar dan Umar, dengan menikahi Aisyah dan Hafshah, mengapa beliau menikahkan putri beliau, Fathimah...;613-618;1;0.55;
Ali bin Abu Thalib;PERSON;KELUARGA;pasangan;Aisyah;PERSON;000385-002;...rbesan dengan Abu Bakar dan Umar, dengan menikahi Aisyah dan Hafshah, mengapa beliau menikahkan putri beliau, Fathimah dengan Ali bin Abu Thalib, Ruqayah kemudian disusul Ummu Kultsum dengan Ust...;613-618;1;0.55;
Ummu Kultsum;PERSON;KELUARGA;pasangan;Aisyah;PERSON;000385-002;...rbesan dengan Abu Bakar dan Umar, dengan menikahi Aisyah dan Hafshah, mengapa beliau menikahkan putri beliau, Fathimah dengan Ali bin Abu Thalib, Ruqayah kemudian disusul Ummu Kultsum dengan Ustman bin Affan, mengisyaratkan bahwa bel...;613-618;1;0.55;
Utsman bin Affan;PERSON;KELUARGA;pasangan;Aisyah;PERSON;000385-002;...rbesan dengan Abu Bakar dan Umar, dengan menikahi Aisyah dan Hafshah, mengapa beliau menikahkan putri beliau, Fathimah dengan Ali bin Abu Thalib, Ruqayah kemudian disusul Ummu Kultsum dengan Ustman bin Affan, mengisyaratkan bahwa beliau ingin menjalin hubun...;613-618;1;0.55;
Muhammad;PERSON;KELUARGA;pasangan;Juwairiyah;PERSON;000385-003;...gi melancarkan permusuhan setelah beliau menikahi Juwairiyah dan Shafiyah Bahkan Juwairiyah merupakan wanita yang paling banyak mendatangkan barakah bagi kaumnya. Setelah dia dinikahi Rasulullah , para sahabat membebaskan 100 keluarga dari kaum...;613-618;1;0.55;
Muhammad;PERSON;KELUARGA;anak;Zainab;PERSON;000385-005;...mengenyahkan kepercayaan ini, Allah memerintahkan Rasulullah untuk menikahi putri bibi beliau, Zainab binti Jahsy, yang sebelumnya menjadi istri Zaid. Karena tidak ada kecocokan antara Zaid dan Zainab, maka Zaid ada niat untuk menceraikannya.;613-618;1;0.55;
Zaid bin Haritsah;PERSON;KELUARGA;anak;Zainab;PERSON;000385-005;...Zainab binti Jahsy, yang sebelumnya menjadi istri Zaid. Karena tidak ada kecocokan antara Zaid dan Zainab, maka Zaid ada niat untuk menceraikannya.;613-618;1;0.55;
Perang Fijar;EVENT;PRECEDES;;Hijrah;EVENT;;Perang Fijar (BAB: Perang Fijar) -> Hijrah (BAB: Hijrah ke Habasyah yang Pertama);87;1;1.0;
Hijrah;EVENT;PRECEDES;;Isra' Mi'raj;EVENT;;Hijrah (BAB: Hijrah ke Habasyah yang Pertama) -> Isra' Mi'raj (BAB: ISRA’ DAN MI’RAJ);130;1;1.0;
Isra' Mi'raj;EVENT;PRECEDES;;Baiat Aqabah;EVENT;;Isra' Mi'raj (BAB: ISRA’ DAN MI’RAJ) -> Baiat Aqabah (BAB: BAIAT AQABAH PERTAMA);191;1;1.0;
Baiat Aqabah;EVENT;PRECEDES;;Baiat Aqabah Kubra;EVENT;;Baiat Aqabah (BAB: BAIAT AQABAH PERTAMA) -> Baiat Aqabah Kubra (BAB: BAIAT AQABAH KEDUA);198;1;1.0;
Baiat Aqabah Kubra;EVENT;PRECEDES;;Perang Badr;EVENT;;Baiat Aqabah Kubra (BAB: BAIAT AQABAH KEDUA) -> Perang Badr (BAB: Satuan-satuan Pasukan Sebelum Perang Badr);203;1;1.0;
Perang Badr;EVENT;PRECEDES;;Perang Badr Aisyah;EVENT;;Perang Badr (BAB: Satuan-satuan Pasukan Sebelum Perang Badr) -> Perang Badr Aisyah (BAB: PERANG BADR KUBRA);256;1;1.0;
Perang Badr Aisyah;EVENT;PRECEDES;;Fathul Makkah;EVENT;;Perang Badr Aisyah (BAB: PERANG BADR KUBRA) -> Fathul Makkah (BAB: Peringatan di Makkah);266;1;1.0;
Fathul Makkah;EVENT;PRECEDES;;Perang Uhud;EVENT;;Fathul Makkah (BAB: Peringatan di Makkah) -> Perang Uhud (BAB: AKTIVITAS PASUKAN ANTARA PERANG BADR DAN PERANG UHUD);267;1;1.0;
Perang Uhud;EVENT;PRECEDES;;Perang Asafan;EVENT;;Perang Uhud (BAB: AKTIVITAS PASUKAN ANTARA PERANG BADR DAN PERANG UHUD) -> Perang Asafan (BAB: Perang As-Sawiq);305;1;1.0;
Perang Asafan;EVENT;PRECEDES;;Perang Khandaq;EVENT;;Perang Asafan (BAB: Perang As-Sawiq) -> Perang Khandaq (BAB: Perang Burhan);315;1;1.0;
Perang Khandaq;EVENT;PRECEDES;;Perang Bani Mushthaliq;EVENT;;Perang Khandaq (BAB: Perang Burhan) -> Perang Bani Mushthaliq (BAB: Perang Bani Nadhir);321;1;1.0;
Perang Bani Mushthaliq;EVENT;PRECEDES;;Perjanjian Hudaibiyah;EVENT;;Perang Bani Mushthaliq (BAB: Perang Bani Nadhir) -> Perjanjian Hudaibiyah (BAB: PERJANJIAN HUDAIBIYAH);382;1;1.0;
Perjanjian Hudaibiyah;EVENT;PRECEDES;;Perang Khaibar;EVENT;;Perjanjian Hudaibiyah (BAB: PERJANJIAN HUDAIBIYAH) -> Perang Khaibar (BAB: PERANG KHAIBAR DAN WADIL QURA);433;1;1.0;
Perang Khaibar;EVENT;PRECEDES;;Perang Dzatur Riqa';EVENT;;Perang Khaibar (BAB: PERANG KHAIBAR DAN WADIL QURA) -> Perang Dzatur Riqa' (BAB: Perang Dzatur Riqa’);473;1;1.0;
Perang Dzatur Riqa';EVENT;PRECEDES;;Perang Mu'tah;EVENT;;Perang Dzatur Riqa' (BAB: Perang Dzatur Riqa’) -> Perang Mu'tah (BAB: PERANG MU’TAH);493;1;1.0;
Perang Mu'tah;EVENT;PRECEDES;;Perang Hunain;EVENT;;Perang Mu'tah (BAB: PERANG MU’TAH) -> Perang Hunain (BAB: PERANG HUNAIN);502;1;1.0;
Perang Hunain;EVENT;PRECEDES;;Perang Tha'if;EVENT;;Perang Hunain (BAB: PERANG HUNAIN) -> Perang Tha'if (BAB: Perang Tha’if);538;1;1.0;
Perang Tha'if;EVENT;PRECEDES;;Perang Tabuk;EVENT;;Perang Tha'if (BAB: Perang Tha’if) -> Perang Tabuk (BAB: PERANG TABUK);544;1;1.0;
