source_name;source_label;relation_type;relation_subtype;target_name;target_label;chunk_id;evidence;halaman;frequency;weight;periode_bab
Jabalah Bin Al-Aiham;PERSON;INVOLVED_IN;;Perang Yarmuk;EVENT;000006-001;...bagai kaki tangan imperium Romawi, hingga meletus Perang Yarmuk pada tahun 13 H. Raja mereka yang terakhir, Jabalah bin Al-Aiham dapat ditarik masuk ke dalam Islam pada masa Amir...;47-48;1;0.4;Konteks Arab Jahiliyah
Umar bin Al-Khaththab;PERSON;INVOLVED_IN;;Perang Yarmuk;EVENT;000006-001;...bagai kaki tangan imperium Romawi, hingga meletus Perang Yarmuk pada tahun 13 H. Raja mereka yang terakhir, Jabalah bin Al-Aiham dapat ditarik masuk ke dalam Islam pada masa Amirul-Mukminin Umar bin Al-Khaththab;47-48;1;0.2;Konteks Arab Jahiliyah
Perang Yarmuk;EVENT;OCCURRED_AT;;Syam;LOCATION;000006-001;...kat mereka sebagai raja bagi semua bangsa Arab di Syam Ibukotanya adalah Dumatul-Jandal. Suku Ghassan ini terus berkuasa sebagai kaki tangan imperium Romawi, hingga meletus Perang Yarmuk pada tahun 13 H. Raja mereka yang terakhir, Jabal...;47-48;1;0.2;Konteks Arab Jahiliyah
Perang Yarmuk;EVENT;OCCURRED_ON;;Tahun 13 H;TIME;000006-001;...bagai kaki tangan imperium Romawi, hingga meletus Perang Yarmuk pada tahun 13 H. Raja mereka yang terakhir, Jabalah bin Al-Aiham...;47-48;1;0.5;Konteks Arab Jahiliyah
Bukhtanashar;PERSON;INVOLVED_IN;;Perang Bukhtanashar;EVENT;000007-001;...p di langit Makkah sejak masa itu. Buktinya, saat Bukhtanashar berperang melawan bangsa Arab di Dzatu Irq, pasukan bangsa Arab saat itu tidak berasal dari Bani Jurhum. Bani Adnan berpencar ke Yaman pada saat Perang Bukhtanashar II (tahun 587 SM.), lalu pergi bersama Ma'ad ke S...;48-53;1;0.3;Konteks Arab Jahiliyah
Jursyum Bin Jalhamah;PERSON;INVOLVED_IN;;Perang Bukhtanashar;EVENT;000007-001;...i Jurhum. Bani Adnan berpencar ke Yaman pada saat Perang Bukhtanashar II (tahun 587 SM.), lalu pergi bersama Ma'ad ke Syam. Setelah tekanan Bukhtanashar mulai mengendor, maka Ma'ad kembali ke Makkah, namun dia tidak mendapatkan seorang pun dari Bani Jurhum kecuali Jursyum bin Jalhamah Lalu dia menikahi anak putrinya, Mu'anah dan mela...;48-53;1;0.2;Konteks Arab Jahiliyah
Perang Bukhtanashar;EVENT;OCCURRED_ON;;Tahun 587 Sm;TIME;000007-001;...i Jurhum. Bani Adnan berpencar ke Yaman pada saat Perang Bukhtanashar II (tahun 587 SM.), lalu pergi bersama Ma'ad ke Syam. Setelah teka...;48-53;1;0.5;Konteks Arab Jahiliyah
Harb Bin Umayyah;PERSON;INVOLVED_IN;;Perang Fijar;EVENT;000025-001;Pada usia lima belas tahun, meletus Perang Fijar antara pihak Quraisy bersama Kinanah, berhadapan dengan pihak Qais Ailan. Komandan pasukan Quraisy dan Kinanah dipegang oleh Harb bin Umayyah, karena pertimbangan usia dan kedudukannya terpan...;87-88;1;0.2;Nasab & Kelahiran Nabi
Muhammad;PERSON;INVOLVED_IN;;Perang Fijar;EVENT;000025-001;...n beralih ke pihak Quraisy dan Kinanah. Dinamakan Perang Fijar, karena terjadi pelanggaran terhadap kesucian tanah haram dan bulan-bulan suci. Rasulullah ikut bergabung dalam 42_ Mukhtashar Siratir-Rasul...;87-88;1;0.3;Nasab & Kelahiran Nabi
Musa bin Imran;PERSON;INVOLVED_IN;;Mi'Raj;EVENT;000035-002;..., yaitu di atas lapisan-lapisan langit pada malam Mi'raj, berisi kewajiban shalat dan lain-lainnya. 7. Allah berfirman secara langsung dengan Nabi tanpa menggunakan perantara, sebagaimana Allah berfirman dengan Musa bin Imran. Wahyu semacam ini pasti berlaku bagi Musa berdas...;100-101;1;0.45;Awal Kenabian & Mandat Dakwah
Amr bin Al-Ash;PERSON;INVOLVED_IN;;Perang Badr;EVENT;000052-006 | 000052-007;...n riwayat Ibnu Ishaq. Yang lain menyebutkan bahwa Amr bin Al-Ash diutus kepada Najasyi setelah Perang Badr.;133-137;2;0.5;Perang Badr & Dampaknya
Najasyi;PERSON;INVOLVED_IN;;Perang Badr;EVENT;000052-006 | 000052-007;...in menyebutkan bahwa Amr bin Al-Ash diutus kepada Najasyi setelah Perang Badr.;133-137;2;0.5;Perang Badr & Dampaknya
Ja'Far;PERSON;INVOLVED_IN;;Perang Badr;EVENT;000052-007;...ahwa Amr bin Al-Ash diutus kepada Najasyi setelah Perang Badr. Namun sebagian yang lain telah sepakat bahwa pengiriman utusan itu dua kali, dan materi dialog antara Najasyi dan Ja'far pada pengiriman utusan yang kedua juga sama denga...;133-137;1;0.2;Perang Badr & Dampaknya
Ubay Bin Khalaf;PERSON;INVOLVED_IN;;Perang Uhud;EVENT;000071-003;"...sa orang lain, dan justru hanya memangsa dirinya. Ubay bin Khalaf pernah mengancam akan membunuh beliau. Namun beliau bersabda, Akulah yang akan membunuhmu insya Allah."" Tatkala beliau menggoreskan senjata di leher Ubay pada waktu Perang Uhud, dan hanya berupa goresan yang kecil saja, maka U...";165-168;1;0.2;Perang Uhud & Satuan Pasukan Pasca Uhud
Muhammad;PERSON;INVOLVED_IN;;Perang Badr;EVENT;000071-003 | 000098-002 | 000098-003 | 000114-009 | 000138-006 | 000147-001 | 000150-003 | 000151-002 | 000158-001 | 000158-002 | 000164-002 | 000164-003 | 000177-001 | 000206-005 | 000215-002 | 000218-001 | 000301-004 | 000378-001;"...ah bin Khalaf saat masih di Makkah, Aku mendengar Rasulullah bersabda, Sesungguhnya orang-orang Muslim akan menyerangmu."" Dia langsung tercengang dan kaget mendengarnya dan bersumpah tidak akan keluar dari Makkah. Tatkala Abu Jahal mengajaknya pergi saat Perang Badr, dia membeli seekor onta paling bagus di Makkah y...";165-168 | 231-232 | 256-265 | 289-293 | 306-307 | 310-312 | 312-314 | 324-325 | 327-328 | 340 | 368-373 | 385-386 | 390-404 | 515-517 | 612;18;0.5;Perang Badr & Dampaknya
Abu Jahal;PERSON;INVOLVED_IN;;Perang Badr;EVENT;000071-003;...bersumpah tidak akan keluar dari Makkah. Tatkala Abu Jahal mengajaknya pergi saat Perang Badr, dia membeli seekor onta paling bagus di Makkah y...;165-168;1;0.5;Perang Badr & Dampaknya
Abu Sufyan bin Harb;PERSON;INVOLVED_IN;;Perang Badr;EVENT;000071-003 | 000144-004 | 000153-002 | 000158-001 | 000171-001 | 000198-002 | 000215-002;"...Makkah. Tatkala Abu Jahal mengajaknya pergi saat Perang Badr, dia membeli seekor onta paling bagus di Makkah yang memungkinkan dapat digunakan untuk melarikan diri jika diperlukan ""Wahai Abu Sufyan,"" kata istrinya, ""Apakah engkau sudah lupa apa ya...";165-168 | 300-302 | 315-316 | 324-325 | 334-335 | 359-360 | 385-386;7;0.5;Perang Badr & Dampaknya
Perang Badr;EVENT;OCCURRED_AT;;Yatsrib;LOCATION;000071-003;"...Makkah. Tatkala Abu Jahal mengajaknya pergi saat Perang Badr, dia membeli seekor onta paling bagus di Makkah yang memungkinkan dapat digunakan untuk melarikan diri jika diperlukan ""Wahai Abu Sufyan,"" kata istrinya, ""Apakah engkau sudah lupa apa yang pernah dikatakan saudaramu dari Yastrib?"" ""Tidak. Demi Allah, aku akan menjaga jarak deng...";165-168;1;0.5;Perang Badr & Dampaknya
Abu Bakar;PERSON;INVOLVED_IN;;Perang Uhud;EVENT;000071-006 | 000187-005 | 000187-006 | 000188-001;...dan orang-orang sudah sepi, mereka pergi memapah Abu Bakar, hingga tiba di tempat Rasulullah . 108 Benih-benih cinta dan kasih yang tumbuh seperti peristiwa ini akan kami sampaikan di bagian mendatang, terutama pada saat Perang Uhud.;165-168 | 347-350 | 350-351;4;0.5;Perang Uhud & Satuan Pasukan Pasca Uhud
Muhammad;PERSON;INVOLVED_IN;;Perang Uhud;EVENT;000071-006 | 000154-001 | 000166-001 | 000176-001 | 000187-006 | 000188-001 | 000189-001 | 000190-001 | 000199-003 | 000201-001 | 000202-001 | 000202-002 | 000206-001 | 000206-005 | 000206-006 | 000206-008 | 000209-001 | 000213-003 | 000215-001 | 000216-001 | 000225-002 | 000379-001 | 000385-003;...ka pergi memapah Abu Bakar, hingga tiba di tempat Rasulullah . 108 Benih-benih cinta dan kasih yang tumbuh seperti peristiwa ini akan kami sampaikan di bagian mendatang, terutama pada saat Perang Uhud.;165-168 | 316 | 329-330 | 338-340 | 347-350 | 350-351 | 351 | 351-353 | 360-362 | 364-365 | 365-367 | 368-373 | 376-377 | 380-382 | 385-386 | 387 | 420-424 | 612 | 613-618;23;0.5;Perang Uhud & Satuan Pasukan Pasca Uhud
Urwah Bin Az-Zubair;PERSON;INVOLVED_IN;;Perang Uhud;EVENT;000075-005;"...elah meriwayatkan kisah ini dengan sanadnya, dari Urwah bin Az-Zubair, bahwa Aisyah pernah bertanya kepada Nabi ,""Pernakah engkau mengalami suatu hari yang lebih berat daripada waktu Perang Uhud?"" Beliau menjawab, Aku sudah mendapatkan apa yang...";174-180;1;0.5;Perang Uhud & Satuan Pasukan Pasca Uhud
Aisyah;PERSON;INVOLVED_IN;;Perang Uhud;EVENT;000075-005 | 000185-001 | 000187-005 | 000188-001;"...dengan sanadnya, dari Urwah bin Az-Zubair, bahwa Aisyah pernah bertanya kepada Nabi ,""Pernakah engkau mengalami suatu hari yang lebih berat daripada waktu Perang Uhud?"" Beliau menjawab, Aku sudah mendapatkan apa yang...";174-180 | 344-346 | 347-350 | 350-351;4;0.5;Perang Uhud & Satuan Pasukan Pasca Uhud
Ibnu Abdi;PERSON;INVOLVED_IN;;Perang Uhud;EVENT;000075-005;"...galami suatu hari yang lebih berat daripada waktu Perang Uhud?"" Beliau menjawab, Aku sudah mendapatkan apa yang pernah kudapatkan dari kaummu. Namun yang paling berat adalah saat di Aqabah. Saat itu aku menyeru Ibnu Abdi Yalail bin Abdi Kallal, namun, dia menolak apa ya...";174-180;1;0.2;Perang Uhud & Satuan Pasukan Pasca Uhud
Yalail Bin Abdi;PERSON;INVOLVED_IN;;Perang Uhud;EVENT;000075-005;"...galami suatu hari yang lebih berat daripada waktu Perang Uhud?"" Beliau menjawab, Aku sudah mendapatkan apa yang pernah kudapatkan dari kaummu. Namun yang paling berat adalah saat di Aqabah. Saat itu aku menyeru Ibnu Abdi Yalail bin Abdi Kallal, namun, dia menolak apa yang kukehendaki....";174-180;1;0.2;Perang Uhud & Satuan Pasukan Pasca Uhud
Perang Uhud;EVENT;OCCURRED_AT;;Aqabah;LOCATION;000075-005;"...galami suatu hari yang lebih berat daripada waktu Perang Uhud?"" Beliau menjawab, Aku sudah mendapatkan apa yang pernah kudapatkan dari kaummu. Namun yang paling berat adalah saat di Aqabah. Saat itu aku menyeru Ibnu Abdi Yalail bin Abdi K...";174-180;1;0.2;Perang Uhud & Satuan Pasukan Pasca Uhud
Abu Rasulullah;PERSON;INVOLVED_IN;;Perang Badr;EVENT;000075-010;"...melindungi siapa pun yang engkau lindungi,"" kata Abu Rasulullah senantiasa teringat perlindungan yang diberkan Muth'im ini. Maka beliau bersabda tentang para tawanan Perang Badr. ""Andaikata Al-Muth im masih hidup, lalu dia memi...";174-180;1;0.2;Perang Badr & Dampaknya
Iyas Bin Mu'Adz;PERSON;INVOLVED_IN;;Perang Bu'ats;EVENT;000078-001;...etibanya di Yastrib (Madinah), dia terbunuh dalam Perang Bu'ats. Adapun keislamannya terjadi pada awal tahun kesebelas dari 2. Iyas bin Mu'adz Dia seorang pemuda belia dari penduduk Yastrib, y...;182-188;1;0.3;Dakwah di Luar Makkah & Isra Mi'raj
Perang Bu'ats;EVENT;OCCURRED_AT;;Yatsrib;LOCATION;000078-001;"...g benar- benar bagus."" Tapi tak lama setibanya di Yastrib (Madinah), dia terbunuh dalam Perang Bu'ats. Adapun keislamannya terjadi pada awal tahun kese...";182-188;1;0.5;Dakwah di Luar Makkah & Isra Mi'raj
Perang Bu'ats;EVENT;OCCURRED_AT;;Madinah;LOCATION;000078-001;"...benar bagus."" Tapi tak lama setibanya di Yastrib (Madinah), dia terbunuh dalam Perang Bu'ats. Adapun keislamannya terjadi pada awal tahun kese...";182-188;1;0.5;Dakwah di Luar Makkah & Isra Mi'raj
Perang Khandaq;EVENT;OCCURRED_AT;;Yaman;LOCATION;000078-009;...atau delapan puluh keluarga dari kaumnya setelah Perang Al-Khandaq. Kemudian dia mendapat cobaan yang baik demi Islam, terbunuh sebagai seorang yang mati syahid pada Perang 5._ Dhimad Al-Azdi Dia berasal dari Azd Syanu' ah dari Yaman, dan biasa memberi pengobatan dengan cara menghem...;182-188;1;0.2;Perang Khandaq hingga Bani Mushthaliq
Jibril;PERSON;INVOLVED_IN;;Mi'Raj;EVENT;000080-005;...n di Sidratul Muntaha. Jadi beliau pernah melihat Jibril dalam dua rupa aslinya, sekali tatkala di bumi dan sekali tatkala di Sidratul Muntaha, wallahu a Peristiwa pembelahan dada juga terjadi pada kali ini. Dalam perjalanan Isra Mi'raj ini banyak peristiwa yang terjadi di dalamnya. Be...;191-197;1;0.45;Awal Kenabian & Mandat Dakwah
Mi'Raj;EVENT;OCCURRED_AT;;Sidratul Muntaha;LOCATION;000080-005;...nya, sekali tatkala di bumi dan sekali tatkala di Sidratul Muntaha, wallahu a Peristiwa pembelahan dada juga terjadi pada kali ini. Dalam perjalanan Isra Mi'raj ini banyak peristiwa yang terjadi di dalamnya. Be...;191-197;1;0.55;Awal Kenabian & Mandat Dakwah
Qais Bin Al-Aslat;PERSON;INVOLVED_IN;;Perang Khandaq;EVENT;000083-007;Di antara mereka ada Qais bin Al-Aslat, seorang penyair yang selalu ditaati kaumnya. Dia sangat berperan menghalangi mereka masuk Islam, hingga saat Perang Khandaq pada tahun kelima setelah hijrah Sebelum tiba mus...;199-202;1;0.2;Perang Khandaq hingga Bani Mushthaliq
Mush'ab bin Umair;PERSON;INVOLVED_IN;;Perang Khandaq;EVENT;000083-007;...peran menghalangi mereka masuk Islam, hingga saat Perang Khandaq pada tahun kelima setelah hijrah Sebelum tiba musim haji tahun ketiga belas setelah nubuwah, Mush'ab bin Umair kembali ke Makkah, untuk menyampaikan kabar keber...;199-202;1;0.5;Perang Khandaq hingga Bani Mushthaliq
Baiat Aqabah Kubra;EVENT;OCCURRED_AT;;Aqabah;LOCATION;000088-005;...Madinah dengan selamat. 127 Begitulah kisah baiat Aqabah kedua yang juga dikenal dengan istilah Baiat Aqabah Kubra. Baiat ini berjalan mulus, dengan mencerminkan ra...;206-209;1;0.5;Dakwah di Luar Makkah & Isra Mi'raj
Muhammad;PERSON;INVOLVED_IN;;Baiat Aqabah;EVENT;000089-001 | 000124-002;Setelah terjadinya peristiwa Baiat Aqabah kedua, dan Islam berhasil memancangkan tonggak negara di tengah padang pasir yang bergelombang kekufuran dan kebodohan, dan ini merupakan hasil paling besar yang diperoleh Islam semenjak dakwah dimulai, maka Rasulullah dan orang-orang Muslim diperkenankan untuk hijrah...;210-213 | 271-273;2;0.5;Dakwah di Luar Makkah & Isra Mi'raj
Abu Salamah bin Abdul Asad;PERSON;INVOLVED_IN;;Baiat Aqabah Kubra;EVENT;000089-001;...eka: 1. Yang pertama kali melakukan hijrah adalah Abu Salamah, yaitu setahun sebelum Baiat Aqabah Kubra, seperti yang dikatakan Ibnu Ishaq, yang kemudian...;210-213;1;0.5;Dakwah di Luar Makkah & Isra Mi'raj
Baiat Aqabah Kubra;EVENT;OCCURRED_AT;;Madinah;LOCATION;000089-001;"...hijrah adalah Abu Salamah, yaitu setahun sebelum Baiat Aqabah Kubra, seperti yang dikatakan Ibnu Ishaq, yang kemudian disusul oleh istri dan anaknya. Tatkala dia sudah membulatkan tekad untuk hijrah ke Madinah, maka keluarga istrinya berkata kepadanya, ""Ini a...";210-213;1;0.2;Dakwah di Luar Makkah & Isra Mi'raj
Muhammad;PERSON;INVOLVED_IN;;Baiat Aqabah Kubra;EVENT;000089-005 | 000090-002;...isa hijrah. Dua bulan lebih beberapa hari setelal Baiat Aqabah Kubra, tak seorang pun dari orang-orang Mukmin yang tersisa di Makkah kecuali Rasulullah , Abu Bakar dan Ali, yang memang diperintah untuk...;210-213 | 214-217;2;0.5;Dakwah di Luar Makkah & Isra Mi'raj
Abu Bakar;PERSON;INVOLVED_IN;;Baiat Aqabah Kubra;EVENT;000089-005;...isa hijrah. Dua bulan lebih beberapa hari setelal Baiat Aqabah Kubra, tak seorang pun dari orang-orang Mukmin yang tersisa di Makkah kecuali Rasulullah , Abu Bakar dan Ali, yang memang diperintah untuk tetap tingg...;210-213;1;0.5;Dakwah di Luar Makkah & Isra Mi'raj
Ali bin Abu Thalib;PERSON;INVOLVED_IN;;Baiat Aqabah Kubra;EVENT;000089-005;...isa hijrah. Dua bulan lebih beberapa hari setelal Baiat Aqabah Kubra, tak seorang pun dari orang-orang Mukmin yang tersisa di Makkah kecuali Rasulullah , Abu Bakar dan Ali, yang memang diperintah untuk tetap tinggal di Ma...;210-213;1;0.5;Dakwah di Luar Makkah & Isra Mi'raj
Baiat Aqabah Kubra;EVENT;OCCURRED_AT;;Makkah;LOCATION;000089-005 | 000090-002;...isa hijrah. Dua bulan lebih beberapa hari setelal Baiat Aqabah Kubra, tak seorang pun dari orang-orang Mukmin yang tersisa di Makkah kecuali Rasulullah , Abu Bakar dan Ali, yang mema...;210-213 | 214-217;2;0.5;Dakwah di Luar Makkah & Isra Mi'raj
Baiat Aqabah Kubra;EVENT;OCCURRED_ON;;Hari Kamis;TIME;000090-002;...kwah Islam, yang tidak lain adalah Muhammad. Pada hari Kamis tanggal 26 Shafar tahun 14 dari nubuwah, bertepatan dengan tanggal 12 September tahun 622 M, atau kira-kira selang dua bulan setengah setelah Baiat Aqabah Kubra, maka diadakan pertemuan anggota Parlemen Makkah...;214-217;1;0.5;Dakwah di Luar Makkah & Isra Mi'raj
Baiat Aqabah Kubra;EVENT;OCCURRED_ON;;Tanggal 26 Shafar;TIME;000090-002;...yang tidak lain adalah Muhammad. Pada hari Kamis tanggal 26 Shafar tahun 14 dari nubuwah, bertepatan dengan tanggal 12 September tahun 622 M, atau kira-kira selang dua bulan setengah setelah Baiat Aqabah Kubra, maka diadakan pertemuan anggota Parlemen Makkah...;214-217;1;0.5;Dakwah di Luar Makkah & Isra Mi'raj
Baiat Aqabah Kubra;EVENT;OCCURRED_ON;;14;TIME;000090-002;...Muhammad. Pada hari Kamis tanggal 26 Shafar tahun 14 dari nubuwah, bertepatan dengan tanggal 12 September tahun 622 M, atau kira-kira selang dua bulan setengah setelah Baiat Aqabah Kubra, maka diadakan pertemuan anggota Parlemen Makkah...;214-217;1;0.5;Dakwah di Luar Makkah & Isra Mi'raj
Baiat Aqabah Kubra;EVENT;OCCURRED_ON;;Tanggal 12;TIME;000090-002;...6 Shafar tahun 14 dari nubuwah, bertepatan dengan tanggal 12 September tahun 622 M, atau kira-kira selang dua bulan setengah setelah Baiat Aqabah Kubra, maka diadakan pertemuan anggota Parlemen Makkah...;214-217;1;0.5;Dakwah di Luar Makkah & Isra Mi'raj
Baiat Aqabah Kubra;EVENT;OCCURRED_ON;;Tahun 622;TIME;000090-002;...i nubuwah, bertepatan dengan tanggal 12 September tahun 622 M, atau kira-kira selang dua bulan setengah setelah Baiat Aqabah Kubra, maka diadakan pertemuan anggota Parlemen Makkah...;214-217;1;0.5;Dakwah di Luar Makkah & Isra Mi'raj
Abu Bakar;PERSON;INVOLVED_IN;;Perang Badr;EVENT;000098-002 | 000098-003;...iman, Abdullah bin Abu Bakar dan seluruh keluarga Abu Bakar, termasuk pula Aisyah. Sementara Zainab, putri beliau masih tinggal bersama suaminya, Abul Ash di Makkah. Zainab belum memungkinkan untuk hijrah, dan baru hijrah setelah Perang Badr Aisyah berkata, Tatkala Rasulullah sudah tiba di...;231-232;2;0.5;Perang Badr & Dampaknya
Aisyah;PERSON;INVOLVED_IN;;Perang Badr;EVENT;000098-002 | 000098-003;...kar dan seluruh keluarga Abu Bakar, termasuk pula Aisyah. Sementara Zainab, putri beliau masih tinggal bersama suaminya, Abul Ash di Makkah. Zainab belum memungkinkan untuk hijrah, dan baru hijrah setelah Perang Badr Aisyah berkata, Tatkala Rasulullah sudah tiba di...;231-232;2;0.5;Perang Badr & Dampaknya
Zainab;PERSON;INVOLVED_IN;;Perang Badr;EVENT;000098-002 | 000098-003 | 000375-001;...luarga Abu Bakar, termasuk pula Aisyah. Sementara Zainab, putri beliau masih tinggal bersama suaminya, Abul Ash di Makkah. Zainab belum memungkinkan untuk hijrah, dan baru hijrah setelah Perang Badr Aisyah berkata, Tatkala Rasulullah sudah tiba di...;231-232 | 611;3;0.5;Perang Badr & Dampaknya
Abul Ash;PERSON;INVOLVED_IN;;Perang Badr;EVENT;000098-002;...nab, putri beliau masih tinggal bersama suaminya, Abul Ash di Makkah. Zainab belum memungkinkan untuk hijrah, dan baru hijrah setelah Perang Badr Aisyah berkata, Tatkala Rasulullah sudah tiba di...;231-232;1;0.3;Perang Badr & Dampaknya
Bilal bin Rabah;PERSON;INVOLVED_IN;;Perang Badr;EVENT;000098-002 | 000098-003;...emungkinkan untuk hijrah, dan baru hijrah setelah Perang Badr Aisyah berkata, Tatkala Rasulullah sudah tiba di Madinah, sementara Abu Bakar dan Bilal merintih kesakitan, aku segera menemui keduanya d...;231-232;2;0.5;Perang Badr & Dampaknya
Perjanjian Hudaibiyah;EVENT;OCCURRED_ON;;Bulan Ramadhan;TIME;000099-001;...angnya. Tahapan ini berakhir dengan dikukuhkannya Perjanjian Hudaibiyah pada bulan Dzul-Qa'dah tahun dari hijrah 2. Tahapan masa perdamaian dengan para memimpin paganisme, yang berakhir dengan Fathu Makkah pada bulan Ramadhan tahun dari hijrah. Ini juga merupakan tahapan mas...;233;1;0.2;Hudaibiyah & Babak Baru Diplomasi
Fathul Makkah;EVENT;OCCURRED_ON;;Bulan Ramadhan;TIME;000099-001;...gan para memimpin paganisme, yang berakhir dengan Fathu Makkah pada bulan Ramadhan tahun dari hijrah. Ini juga merupakan tahapan mas...;233;1;0.5;Perang Mu'tah & Penaklukan Makkah
Abdullah bin Ubay bin Salul;PERSON;INVOLVED_IN;;Perang Bu'ats;EVENT;000102-001;...beberapa pertimbangan. Tokoh kelompok ini adalah Abdullah bin Ubay. Sebelum itu, tepatnya seusai Perang Bu'ats, sebenarnya Aus dan Khazraj sudah sepakat untuk m...;236-237;1;0.4;Dakwah di Luar Makkah & Isra Mi'raj
Muhammad;PERSON;INVOLVED_IN;;Perang Bu'ats;EVENT;000103-003;...auh-jauh waktu. Mereka juga mempunyai andil dalam Perang Bu ats, karena masing-masing berkomplot dengan sekutunya. Tentu saja tidak ada yang bisa diharapkan Rasulullah dari orang-orang Yahudi ini. Karena mereka memand...;237-242;1;0.3;Membangun Masyarakat Madinah
Perang Bu'ats;EVENT;OCCURRED_AT;;Madinah;LOCATION;000103-003;...rsama dengan Bani Nadhir, yang menetap di pinggir Madinah. Tiga kabilah inilah yang membangkitkan peperangan antara Aus dan Khazraj sejak jauh-jauh waktu. Mereka juga mempunyai andil dalam Perang Bu ats, karena masing-masing berkomplot dengan sekut...;237-242;1;0.2;Membangun Masyarakat Madinah
Al-Miqdad Bin Amr;PERSON;INVOLVED_IN;;Perang Abwa;EVENT;000114-003;...Bendera Sa'd berwarna putih dan pembawanya adalah Al-Miqdad bin Amr. Perang Abwa' atau Waddan. Pada bulan Shafar 2 H, atau pada bu...;256-265;1;0.4;Membangun Masyarakat Madinah
Muhammad;PERSON;INVOLVED_IN;;Perang Abwa;EVENT;000114-003;...na putih dan pembawanya adalah Al-Miqdad bin Amr. Perang Abwa' atau Waddan. Pada bulan Shafar 2 H, atau pada bulan Agustus 623 M. Rasulullah pergi sendiri, setelah mengangkat Sa'd bin Ubadah...;256-265;1;0.3;Membangun Masyarakat Madinah
Sa'd bin Ubadah;PERSON;INVOLVED_IN;;Perang Abwa;EVENT;000114-003;...na putih dan pembawanya adalah Al-Miqdad bin Amr. Perang Abwa' atau Waddan. Pada bulan Shafar 2 H, atau pada bulan Agustus 623 M. Rasulullah pergi sendiri, setelah mengangkat Sa'd bin Ubadah sebagai wakil beliau di Madinah. Beliau keluar be...;256-265;1;0.2;Membangun Masyarakat Madinah
Perang Abwa;EVENT;OCCURRED_ON;;Bulan Shafar 2 H;TIME;000114-003;...na putih dan pembawanya adalah Al-Miqdad bin Amr. Perang Abwa' atau Waddan. Pada bulan Shafar 2 H, atau pada bulan Agustus 623 M. Rasulullah pergi...;256-265;1;0.4;Membangun Masyarakat Madinah
Muhammad;PERSON;INVOLVED_IN;;Perang Buwath;EVENT;000114-004;...s Ini merupakan peperangan pertama yang dilakukan Rasulullah Kepergiannya untuk tujuan peperangan itu selama lima belas hari. Bendera perang berwarna putih, dan pembawanya adalah Hamzah bin Abdul Muththalib. 5. Perang Buwath. Pada bulan Rabi'ul Awwal 2 H atau pada bulan Sep...;256-265;1;0.3;Perang Badr & Dampaknya
Hamzah bin Abdul Muththalib;PERSON;INVOLVED_IN;;Perang Buwath;EVENT;000114-004;...dera perang berwarna putih, dan pembawanya adalah Hamzah bin Abdul Muththalib. 5. Perang Buwath. Pada bulan Rabi'ul Awwal 2 H atau pada bulan Sep...;256-265;1;0.4;Perang Badr & Dampaknya
Umayyah Bin Khalaf;PERSON;INVOLVED_IN;;Perang Buwath;EVENT;000114-004;...pembawanya adalah Hamzah bin Abdul Muththalib. 5. Perang Buwath. Pada bulan Rabi'ul Awwal 2 H atau pada bulan September 623 M, Rasulullah pergi bersama 200 sahabat untuk menghadang kafilah dagang Quraisy yang dipimpin Umayyah bin Khalaf beserta 100 orang Quraisy, membawa 2.500 onta yan...;256-265;1;0.2;Perang Badr & Dampaknya
Perang Buwath;EVENT;OCCURRED_ON;;Bulan Rabi'Ul Awwal 2 H;TIME;000114-004;...pembawanya adalah Hamzah bin Abdul Muththalib. 5. Perang Buwath. Pada bulan Rabi'ul Awwal 2 H atau pada bulan September 623 M, Rasulullah pergi...;256-265;1;0.4;Perang Badr & Dampaknya
Sa'd bin Mu'adz;PERSON;INVOLVED_IN;;Perang Safawan;EVENT;000114-004;...kali ini tidak terjadi apa-apa. Beliau mengangkat Sa'd bin Mua'dz sebagai wakil beliau di Madinah Sementara bendera perang berwarna putih, dan pembawanya adalah Sa d bin Abi Waqqash. 6. Perang Safawan. Pada bulan Rabi'ul Awwal 2 H bertepatan dengan b...;256-265;1;0.2;Perang Badr & Dampaknya
Kurz bin Jabir;PERSON;INVOLVED_IN;;Perang Safawan;EVENT;000114-004;...h, dan pembawanya adalah Sa d bin Abi Waqqash. 6. Perang Safawan. Pada bulan Rabi'ul Awwal 2 H bertepatan dengan bulan September 623 M, Kurs bin Jabir Al-Firhri bersama beberapa orang 151 Al-Mawahib A...;256-265;1;0.3;Perang Badr & Dampaknya
Perang Safawan;EVENT;OCCURRED_AT;;Madinah;LOCATION;000114-004;...h, dan pembawanya adalah Sa d bin Abi Waqqash. 6. Perang Safawan. Pada bulan Rabi'ul Awwal 2 H bertepatan dengan bulan September 623 M, Kurs bin Jabir Al-Firhri bersama beberapa orang 151 Al-Mawahib Al-Laduniyyah, 1/75 musyrik menyerbu kandang hewan gembala di Madinah dan berhasil merampok domba-dombanya. Maka bersam...;256-265;1;0.2;Perang Badr & Dampaknya
Perang Safawan;EVENT;OCCURRED_ON;;Bulan Rabi'Ul Awwal 2 H;TIME;000114-004;...h, dan pembawanya adalah Sa d bin Abi Waqqash. 6. Perang Safawan. Pada bulan Rabi'ul Awwal 2 H bertepatan dengan bulan September 623 M, Kurs bin...;256-265;1;0.4;Perang Badr & Dampaknya
Zaid bin Haritsah;PERSON;INVOLVED_IN;;Perang Badr Ula;EVENT;000114-005;...agi tanpa ada peperangan. Perang ini bisa disebut Perang Badr Ula (pertama). Kali ini beliau mengangkat Zaid bin Haritsah sebagai wakil beliau di Madinah. Bendera perang b...;256-265;1;0.4;Perang Uhud & Satuan Pasukan Pasca Uhud
Ali bin Abu Thalib;PERSON;INVOLVED_IN;;Perang Badr Ula;EVENT;000114-005;...agi tanpa ada peperangan. Perang ini bisa disebut Perang Badr Ula (pertama). Kali ini beliau mengangkat Zaid bin Haritsah sebagai wakil beliau di Madinah. Bendera perang berwana putih, dan pembawanya adalah Ali bin Abu Thalib. 7. Perang Dzul Usyairah. Pada bulan Jumadal Ula...;256-265;1;0.2;Perang Uhud & Satuan Pasukan Pasca Uhud
Perang Badr Ula;EVENT;OCCURRED_ON;;Bulan Jumadal;TIME;000114-005;...agi tanpa ada peperangan. Perang ini bisa disebut Perang Badr Ula (pertama). Kali ini beliau mengangkat Zaid bin Haritsah sebagai wakil beliau di Madinah. Bendera perang berwana putih, dan pembawanya adalah Ali bin Abu Thalib. 7. Perang Dzul Usyairah. Pada bulan Jumadal Ula dan Jumadal Akhirah 2 H bertepatan dengan bul...;256-265;1;0.2;Perang Uhud & Satuan Pasukan Pasca Uhud
Zaid bin Haritsah;PERSON;INVOLVED_IN;;Perang Dzul Usyairah;EVENT;000114-005;...ng Badr Ula (pertama). Kali ini beliau mengangkat Zaid bin Haritsah sebagai wakil beliau di Madinah. Bendera perang berwana putih, dan pembawanya adalah Ali bin Abu Thalib. 7. Perang Dzul Usyairah. Pada bulan Jumadal Ula dan Jumadal Akhirah 2 H b...;256-265;1;0.2;Perang Badr & Dampaknya
Ali bin Abu Thalib;PERSON;INVOLVED_IN;;Perang Dzul Usyairah;EVENT;000114-005;...ndera perang berwana putih, dan pembawanya adalah Ali bin Abu Thalib. 7. Perang Dzul Usyairah. Pada bulan Jumadal Ula dan Jumadal Akhirah 2 H b...;256-265;1;0.4;Perang Badr & Dampaknya
Muhammad;PERSON;INVOLVED_IN;;Perang Dzul Usyairah;EVENT;000114-005;...tih, dan pembawanya adalah Ali bin Abu Thalib. 7. Perang Dzul Usyairah. Pada bulan Jumadal Ula dan Jumadal Akhirah 2 H bertepatan dengan bulan November dan Desember 623 M, bersama 150 atau 200 Muhajirin, Rasulullah keluar untuk menghadang kafilah dari Quraisy yang...;256-265;1;0.2;Perang Badr & Dampaknya
Perang Dzul Usyairah;EVENT;OCCURRED_ON;;Bulan Jumadal;TIME;000114-005;...tih, dan pembawanya adalah Ali bin Abu Thalib. 7. Perang Dzul Usyairah. Pada bulan Jumadal Ula dan Jumadal Akhirah 2 H bertepatan dengan bul...;256-265;1;0.4;Perang Badr & Dampaknya
Kurz bin Jabir;PERSON;INVOLVED_IN;;Perang Badr;EVENT;000114-009;...ataupun yang dipimpin Rasulullah sendiri sebelum Perang Badr. Dalam satu peperangan pun tidak terjadi perampasan harta dan juga tidak ada korban jiwa, kecuali dalam suatu insiden yang dilakukan orang-orang musyrik, di bawah pimpinan Kurz bin Jabir Al-Firhi, yang sebenarnya insiden itu pun bermula...;256-265;1;0.2;Perang Badr & Dampaknya
Abdullah bin Jahsy;PERSON;INVOLVED_IN;;Perang Badr;EVENT;000114-013;...haq dan batil. Insiden yang dipicu satuan pasukan Abdullah bin Jahsy merupakan pukulan yang telak terhadap kehormatan dan dominasi orang-orang Musyrik Insiden ini membuat mereka terluka lalu membiarkan mereka bergulung-gulung di atas bara api. Lokasi terjadinya Perang Badr Beberapa ayat yang memerintahkan perang, berarti...;256-265;1;0.2;Perang Badr & Dampaknya
Hakim Bin Hizam;PERSON;INVOLVED_IN;;Perang Badr;EVENT;000129-001;"...mata air melainkan pasti mereka terbunuh, kecuali Hakim bin Hizam. Dia tidak terbunuh dan setelah itu dia masuk Islam. Setiap kali berjuang di sisi beliau, dia pun berkata, ""Tidak. Demi yang telah menyelamatkan aku dari Perang Badr."" Setelah pasukan Quraisy agak tenang, mereka men...";277-279;1;0.2;Perang Badr & Dampaknya
Umair Bin Wahb;PERSON;INVOLVED_IN;;Perang Badr;EVENT;000129-001 | 000148-001;"...a, ""Tidak. Demi yang telah menyelamatkan aku dari Perang Badr."" Setelah pasukan Quraisy agak tenang, mereka mengutus Umair bin Wahb Al-Jumahi untuk menyelidiki dan menaksir seberapa...";277-279 | 308-310;2;0.5;Perang Badr & Dampaknya
Perang Badr;EVENT;OCCURRED_AT;;Madinah;LOCATION;000129-001 | 000153-002 | 000164-003 | 000215-002;"...a, ""Tidak. Demi yang telah menyelamatkan aku dari Perang Badr."" Setelah pasukan Quraisy agak tenang, mereka mengutus Umair bin Wahb Al-Jumahi untuk menyelidiki dan menaksir seberapa besar kekuatan pasukan Madinah. Maka Umair berputar-putar di sekitar pasukan Mus...";277-279 | 315-316 | 327-328 | 385-386;4;0.5;Perang Badr & Dampaknya
Ali bin Abu Thalib;PERSON;INVOLVED_IN;;Perang Badr;EVENT;000131-002 | 000206-005 | 000375-001;...unia di Ash-Shafra', empat atau lima hari setelah Perang Badr, di tengah perjalanan pulang ke Madinah. Pada saat itu Ali bersumpah kepada Allah, hingga karenanya turun ay...;281-282 | 368-373 | 611;3;0.4;Perang Badr & Dampaknya
Abdurrahman Bin Auf;PERSON;INVOLVED_IN;;Perang Badr;EVENT;000137-001 | 000138-003;"...menyedot darahnya lewat tangan dua pemuda Anshar. Abdurrahman bin Auf menuturkan, ""Tatkala aku sedang berada di tengah barisan pada Perang Badr, aku menengok ke arah kiri dan kanan. Kulihat ada...";287-289 | 289-293;2;0.5;Perang Badr & Dampaknya
Abu Hudzaifah;PERSON;INVOLVED_IN;;Perang Al-Yamamah;EVENT;000138-002;"...aku bisa menebusnya dengan mati syahid."" Akhirnya Abu Hudzaifah benar-benar terbunuh seorang syahid pada perang Al-Yamamah 2. Beliau melarang membunuh Abul Bakhtari, karena...";289-293;1;0.5;Perang Badr & Dampaknya
Abul Bakhtari bin Hisyam;PERSON;INVOLVED_IN;;Perang Al-Yamamah;EVENT;000138-002;...udzaifah benar-benar terbunuh seorang syahid pada perang Al-Yamamah 2. Beliau melarang membunuh Abul Bakhtari, karena dulu dia adalah orang yang paling sering...;289-293;1;0.4;Perang Badr & Dampaknya
Muhammad;PERSON;INVOLVED_IN;;Perang Al-Yamamah;EVENT;000138-002;...udzaifah benar-benar terbunuh seorang syahid pada perang Al-Yamamah 2. Beliau melarang membunuh Abul Bakhtari, karena dulu dia adalah orang yang paling sering melindungi Rasulullah selagi masih berada di Makkah. Dia juga tidak per...;289-293;1;0.2;Perang Badr & Dampaknya
Perang Al-Yamamah;EVENT;OCCURRED_AT;;Makkah;LOCATION;000138-002;...udzaifah benar-benar terbunuh seorang syahid pada perang Al-Yamamah 2. Beliau melarang membunuh Abul Bakhtari, karena dulu dia adalah orang yang paling sering melindungi Rasulullah selagi masih berada di Makkah. Dia juga tidak pernah mengganggu beliau atau men...;289-293;1;0.2;Perang Badr & Dampaknya
Abul Bakhtari bin Hisyam;PERSON;INVOLVED_IN;;Perang Badr;EVENT;000138-003;"...gitu aku akan mati bersama-sama dengannya,"" jawab Abul Bakhtari. Lalu mereka berdua melancarkan serangan sehingga terpaksa Al-Mujadzdz membunuh Abul Bakhtari. 3. Abdurrahman bin Auf dan Umayyah bin Khalaf merupakan teman karib semasa Jahiliyah di Makkah. Pada Perang Badr itu Abdurrahman melewati Umayyah bin Khalaf yang...";289-293;1;0.2;Perang Badr & Dampaknya
Umayyah Bin Khalaf;PERSON;INVOLVED_IN;;Perang Badr;EVENT;000138-003;...embunuh Abul Bakhtari. 3. Abdurrahman bin Auf dan Umayyah bin Khalaf merupakan teman karib semasa Jahiliyah di Makkah. Pada Perang Badr itu Abdurrahman melewati Umayyah bin Khalaf yang...;289-293;1;0.5;Perang Badr & Dampaknya
Abdurrahman;PERSON;INVOLVED_IN;;Perang Badr;EVENT;000138-003;...akan teman karib semasa Jahiliyah di Makkah. Pada Perang Badr itu Abdurrahman melewati Umayyah bin Khalaf yang sedang berpegang...;289-293;1;0.5;Perang Badr & Dampaknya
Ali Bin Umayyah;PERSON;INVOLVED_IN;;Perang Badr;EVENT;000138-003;...akan teman karib semasa Jahiliyah di Makkah. Pada Perang Badr itu Abdurrahman melewati Umayyah bin Khalaf yang sedang berpegangan tangan dengan anaknya, Ali bin Umayyah. Sementara saat itu Abdurrahman membawa beberapa...;289-293;1;0.5;Perang Badr & Dampaknya
Perang Badr;EVENT;OCCURRED_AT;;Makkah;LOCATION;000138-003 | 000148-001 | 000158-001 | 000212-002;...Khalaf merupakan teman karib semasa Jahiliyah di Makkah. Pada Perang Badr itu Abdurrahman melewati Umayyah bin Khalaf yang...;289-293 | 308-310 | 324-325 | 377-379;4;0.5;Perang Badr & Dampaknya
Ukkasyah Bin Mihshan;PERSON;INVOLVED_IN;;Perang Badr;EVENT;000138-006;"...ngi daripada membiarkan mereka tetap hidup."" Pada Perang Badr itu pedang Ukkasyah bin Mihshan Al-Asadi patah Karena itu dia menemui Rasulullah...";289-293;1;0.5;Perang Badr & Dampaknya
Mush'ab bin Umair;PERSON;INVOLVED_IN;;Perang Riddah;EVENT;000138-006;...erangan bersama beliau, hingga dia terbunuh dalam Perang Riddah, dan saat itu pun pedang tersebut masih tetap 8. Setelah peperangan usai, Mush'ab bin Umair Al-Abdari melewati saudaranya, Abu Aziz bin Umair...;289-293;1;0.3;Perang Badr & Dampaknya
Abu Aziz Bin Umair;PERSON;INVOLVED_IN;;Perang Riddah;EVENT;000138-006;...erangan bersama beliau, hingga dia terbunuh dalam Perang Riddah, dan saat itu pun pedang tersebut masih tetap 8. Setelah peperangan usai, Mush'ab bin Umair Al-Abdari melewati saudaranya, Abu Aziz bin Umair yang sebelah tangannya sedang diikat seorang Ansh...;289-293;1;0.2;Perang Badr & Dampaknya
Perang Badr;EVENT;OCCURRED_AT;;Badr;LOCATION;000139-001 | 000147-001 | 000158-001;...suatu kemenangan, maka mereka mengadakan pesta di Badr selama tiga malam. Pada hari ketiga dari Perang Badr, beliau meminta hewan kendaraannya dan mengikatny...;294 | 306-307 | 324-325;3;0.4;Perang Badr & Dampaknya
Al-Abbas bin Abdul Muththalib;PERSON;INVOLVED_IN;;Perang Badr;EVENT;000140-001;"...ntu Rasulullah berkata, ""Dulu aku adalah pembantu Al-Abbas. Saat itu Islam sudah masuk kepada beberapa anggota keluarga. Al-Abbas masuk Islam, begitu pula Ummul Fadhl dan aku. Namun Al-Abbas menyembunyikan keislamannya. Saat Perang Badr, Abu Lahab tidak ikut serta. Ketika sudah ada kab...";295-297;1;0.3;Perang Badr & Dampaknya
Ummul Fadhl;PERSON;INVOLVED_IN;;Perang Badr;EVENT;000140-001;...ggota keluarga. Al-Abbas masuk Islam, begitu pula Ummul Fadhl dan aku. Namun Al-Abbas menyembunyikan keislamannya. Saat Perang Badr, Abu Lahab tidak ikut serta. Ketika sudah ada kab...;295-297;1;0.3;Perang Badr & Dampaknya
Abu Lahab;PERSON;INVOLVED_IN;;Perang Badr;EVENT;000140-001;...Namun Al-Abbas menyembunyikan keislamannya. Saat Perang Badr, Abu Lahab tidak ikut serta. Ketika sudah ada kabar tentang...;295-297;1;0.5;Perang Badr & Dampaknya
Al-Aswad Bin Al-Muththalib;PERSON;INVOLVED_IN;;Perang Badr;EVENT;000140-004;...terpuruk karena dicerca orang-orang Muslim. Dalam Perang Badr ini Al-Aswad bin Al-Muththalib kehilangan tiga anaknya. Karena buta, dia lebih s...;295-297;1;0.5;Perang Badr & Dampaknya
Ubadah Bin Ash-Shamit;PERSON;INVOLVED_IN;;Perang Badr;EVENT;000142-001;"...alu turun wahyu yang memecahkan masalah ini. Dari Ubadah bin Ash-Shamit, dia berkata, ""Kami pergi bersama Nabi bergabung dalam Perang Badr. Dua pasukan saling berhadapan dan Allah mengalah...";298-299;1;0.5;Perang Badr & Dampaknya
Perang Badr;EVENT;OCCURRED_ON;;Bulan Syawwal 2 Hijriyah;TIME;000145-002 | 000147-001;...Muslim dalam hidup mereka adalah Idul Fitri pada bulan Syawwal 2 Hijriyah, setelah mereka memperoleh kemenangan yang gemilang di Perang Badr. Betapa mengesankan Id yang penuh kebahagiaan ini...;302-304 | 306-307;2;0.5;Perang Badr & Dampaknya
Perang Uhud;EVENT;OCCURRED_AT;;Madinah;LOCATION;000146-002 | 000154-001 | 000205-001 | 000215-002;...tun mereka ke peperangan yang seru, tak jauh dari Madinah, yang dikenal dalam sejarah dengan Perang Uhud, yang kemudian menimbulkan pengaruh kurang menyed...;305-306 | 316 | 367-368 | 385-386;4;0.5;Perang Uhud & Satuan Pasukan Pasca Uhud
Siba Bin Arfazhah;PERSON;INVOLVED_IN;;Perang Badr;EVENT;000147-001;"...tujuh hari sepulang dari Badr. Beliau mengangkat Siba bin Arfazhah sebagai wakil beliau di Madinah. Namun menurut pendapat lain, dia adalah Ibnu Ummi Lokasi Perang Badr 163 Zadul-Ma'ad, 2/90; Sirah An-Nabawiyah, Ibnu H...";306-307;1;0.3;Perang Badr & Dampaknya
Ibnu Ummi;PERSON;INVOLVED_IN;;Perang Badr;EVENT;000147-001;"...Madinah. Namun menurut pendapat lain, dia adalah Ibnu Ummi Lokasi Perang Badr 163 Zadul-Ma'ad, 2/90; Sirah An-Nabawiyah, Ibnu H...";306-307;1;0.5;Perang Badr & Dampaknya
Shafwan Bin Umayyah;PERSON;INVOLVED_IN;;Perang Badr;EVENT;000148-001 | 000158-001 | 000158-002 | 000212-004;...reka, yaitu Nabi Selang tak seberapa lama sesudah Perang Badr, Umair bin Wahb Al-Jumahi duduk-duduk di Hijir bersama Shafwan bin Umayyah. Umair adalah salah seorang pemimpin Quraisy yang...;308-310 | 324-325 | 377-379;4;0.5;Perang Badr & Dampaknya
Perang Badr;EVENT;OCCURRED_AT;;Hijir;LOCATION;000148-001;...reka, yaitu Nabi Selang tak seberapa lama sesudah Perang Badr, Umair bin Wahb Al-Jumahi duduk-duduk di Hijir bersama Shafwan bin Umayyah. Umair adalah salah s...;308-310;1;0.5;Perang Badr & Dampaknya
Wahb Bin Umair;PERSON;INVOLVED_IN;;Perang Badr;EVENT;000148-001;...dan para sahabat selagi masih di Makkah. Anaknya, Wahb bin Umair menjadi tawanan Perang Badr. Saat duduk itulah Umair menyebut orang-orang yan...;308-310;1;0.5;Perang Badr & Dampaknya
Umar bin Al-Khaththab;PERSON;INVOLVED_IN;;Perang Badr;EVENT;000148-002 | 000301-004;...Setelah itu dia berangkat hingga tiba di Madinah. Umar bin Al-Khaththab yang sedang membicarakan kemuliaan yang dikaruniakan Allah di Perang Badr bersama beberapa orang Muslim, melihat kehadirann...;308-310 | 515-517;2;0.5;Perang Badr & Dampaknya
Umar bin Al-Khaththab;PERSON;INVOLVED_IN;;Perang Badr;EVENT;000148-002 | 000198-002 | 000301-004 | 000318-002;"...membicarakan kemuliaan yang dikaruniakan Allah di Perang Badr bersama beberapa orang Muslim, melihat kehadirannya diambang pintu masjid sambil menderumkan ontanya. Umar berkata, ""Anjing musuh Allah ini adalah Umair, ya...";308-310 | 359-360 | 515-517 | 531-532;4;0.5;Perang Badr & Dampaknya
Abdullah bin Abbas;PERSON;INVOLVED_IN;;Perang Badr;EVENT;000151-002;"...lalu. Abu Dawud dan lain-lainya meriwayatkan dari Ibnu Abbas $, dia berkata. ""Setelah Rasulullah memperoleh kemenangan atas Quraisy pada Perang Badr dan kembali ke Madinah, maka beliau mengumpulkan...";312-314;1;0.3;Perang Badr & Dampaknya
Abu Sufyan bin Harb;PERSON;INVOLVED_IN;;Perang As-Sawiq;EVENT;000153-002;...m membawa sawiq (tepung gandum) yang ditinggalkan Abu Sofyan dan pasukannya, sehingga peperangan ini disebut perang As-Sawiq. Terjadi pada bulan Dzul Hijjah, dua bulan setela...;315-316;1;0.5;Perang Badr & Dampaknya
Abu Lubabah Bin Abdul;PERSON;INVOLVED_IN;;Perang As-Sawiq;EVENT;000153-002;...n dan pasukannya, sehingga peperangan ini disebut perang As-Sawiq. Terjadi pada bulan Dzul Hijjah, dua bulan setelah Perang Badr. Urusan di Madinah beliau serahkan kepada Abu Lubabah bin Abdul;315-316;1;0.2;Perang Badr & Dampaknya
Perang As-Sawiq;EVENT;OCCURRED_AT;;Madinah;LOCATION;000153-002;...n dan pasukannya, sehingga peperangan ini disebut perang As-Sawiq. Terjadi pada bulan Dzul Hijjah, dua bulan setelah Perang Badr. Urusan di Madinah beliau serahkan kepada Abu Lubabah bin Abdul;315-316;1;0.3;Perang Badr & Dampaknya
Perang As-Sawiq;EVENT;OCCURRED_ON;;Bulan Dzul Hijjah;TIME;000153-002;...n dan pasukannya, sehingga peperangan ini disebut perang As-Sawiq. Terjadi pada bulan Dzul Hijjah, dua bulan setelah Perang Badr. Urusan di Madinah...;315-316;1;0.4;Perang Badr & Dampaknya
Abu Lubabah Bin Abdul;PERSON;INVOLVED_IN;;Perang Badr;EVENT;000153-002;...Terjadi pada bulan Dzul Hijjah, dua bulan setelah Perang Badr. Urusan di Madinah beliau serahkan kepada Abu Lubabah bin Abdul;315-316;1;0.4;Perang Badr & Dampaknya
Perang Badr;EVENT;OCCURRED_ON;;Bulan Dzul Hijjah;TIME;000153-002;...erangan ini disebut perang As-Sawiq. Terjadi pada bulan Dzul Hijjah, dua bulan setelah Perang Badr. Urusan di Madinah beliau serahkan kepada Abu Lub...;315-316;1;0.5;Perang Badr & Dampaknya
Perang Uhud;EVENT;OCCURRED_ON;;Bulan Muharram 3 H;TIME;000154-001;...kan paling besar yang dipimpin Rasulullah sebelum Perang Uhud. Kejadiannya pada bulan Muharram 3 H. Adapun sebabnya, karena mata-mata Madinah menyam...;316;1;0.4;Perang Uhud & Satuan Pasukan Pasca Uhud
Perang Uhud;EVENT;OCCURRED_ON;;Bulan Jumadal;TIME;000157-001;...upakan mobilitas pasukan terakhir sebelum meletus Perang Uhud. terjadi pada bulan Jumadal Akhirah 3 H Gambarannya, orang-orang Quraisy teru...;321-323;1;0.4;Perang Uhud & Satuan Pasukan Pasca Uhud
Perang Badr;EVENT;OCCURRED_ON;;Bulan Jumadal;TIME;000157-001;...erakhir sebelum meletus Perang Uhud. terjadi pada bulan Jumadal Akhirah 3 H Gambarannya, orang-orang Quraisy terus dibayangi keresahan dan kegalauan seusai Perang Badr. Tak lama kemudian tiba musim kemarau yang 169 Pe...;321-323;1;0.5;Perang Badr & Dampaknya
Furat Bin Hayyan;PERSON;INVOLVED_IN;;Perang Badr;EVENT;000157-003;...pasukan, setelah mengambil seperlimanya. Kemudian Furat bin Hayyan masuk Islam di hadapan beliau. Tentu saja kejadian ini merupakan bencana besar yang menimpa Quraisy setelah Perang Badr. Mereka semakin resah, galau, dan sedih. Hanya ad...;321-323;1;0.2;Perang Badr & Dampaknya
Ikrimah bin Abu Jahal;PERSON;INVOLVED_IN;;Perang Badr;EVENT;000158-001;...n paling getol mengadakan persiapan perang adalah Ikrimah bin Abu Jahl, Shafwan bin Umayyah, Abu Sufyan bin Harb dan Abdullah bin Abu Rabi'ah Tindakan pertama yang mereka lakukan dalam kesempatan ini ialah menghimpun kembali barang dagangan yang bisa diselamatkan Abu Sufyan dan yang menjadi sebab pecahnya Perang Badr. Mereka juga menghimbau kepada orang-orang yang b...;324-325;1;0.5;Perang Badr & Dampaknya
Abu Sufyan bin Harb;PERSON;INVOLVED_IN;;Perang Badr;EVENT;000158-001;...adalah Ikrimah bin Abu Jahl, Shafwan bin Umayyah, Abu Sufyan bin Harb dan Abdullah bin Abu Rabi'ah Tindakan pertama yang mereka lakukan dalam kesempatan ini ialah menghimpun kembali barang dagangan yang bisa diselamatkan Abu Sufyan dan yang menjadi sebab pecahnya Perang Badr. Mereka juga menghimbau kepada orang-orang yang b...;324-325;1;0.5;Perang Badr & Dampaknya
Abdullah Bin Abu Rabi'Ah;PERSON;INVOLVED_IN;;Perang Badr;EVENT;000158-001;...ahl, Shafwan bin Umayyah, Abu Sufyan bin Harb dan Abdullah bin Abu Rabi'ah Tindakan pertama yang mereka lakukan dalam kesempatan ini ialah menghimpun kembali barang dagangan yang bisa diselamatkan Abu Sufyan dan yang menjadi sebab pecahnya Perang Badr. Mereka juga menghimbau kepada orang-orang yang b...;324-325;1;0.5;Perang Badr & Dampaknya
Abu Azzah;PERSON;INVOLVED_IN;;Perang Badr;EVENT;000158-002 | 000206-005;...ngat manusia. Bahkan Shafwan bin Umayyah membujuk Abu Azzah, seorang penyair yang tertawan di Perang Badr, namun kemudian dibebaskan Rasulullah tanpa tebus...;324-325 | 368-373;2;0.5;Perang Badr & Dampaknya
Abu Shafwan;PERSON;INVOLVED_IN;;Perang Badr;EVENT;000158-002;...bujuk Abu Azzah, seorang penyair yang tertawan di Perang Badr, namun kemudian dibebaskan Rasulullah tanpa tebusan apa pun, dengan syarat dia tidak boleh memerangi beliau lagi dalam bentuk apa pun. Abu Shafwan mem- bunjuknya agar menggugah semangat berbagai k...;324-325;1;0.2;Perang Badr & Dampaknya
Perang Badr;EVENT;OCCURRED_AT;;Habasyah;LOCATION;000158-002;...erangi orang-orang Muslim, entah dia berasal dari Habasyah. Kinanah, atau pun Tihamah. Untuk keperluan ini mereka menggunakan segala cara untuk membangkitkan semangat manusia. Bahkan Shafwan bin Umayyah membujuk Abu Azzah, seorang penyair yang tertawan di Perang Badr, namun kemudian dibebaskan Rasulullah tanpa tebus...;324-325;1;0.2;Perang Badr & Dampaknya
Perang Badr;EVENT;OCCURRED_AT;;Tihamah;LOCATION;000158-002;...ntah dia berasal dari Habasyah. Kinanah, atau pun Tihamah. Untuk keperluan ini mereka menggunakan segala cara untuk membangkitkan semangat manusia. Bahkan Shafwan bin Umayyah membujuk Abu Azzah, seorang penyair yang tertawan di Perang Badr, namun kemudian dibebaskan Rasulullah tanpa tebus...;324-325;1;0.2;Perang Badr & Dampaknya
Musafi' Bin Abdi;PERSON;INVOLVED_IN;;Perang Sawiq;EVENT;000158-003;...a menggunakan penyair lain untuk tugas ini, yaitu Musafi' bin Abdi Manaf Al-Jumahi Abu Sufyan adalah orang paling bersemangat melakukan persiapan menghadapi orang-orang Muslim, setelah dia kembali dari Perang Sawiq dengan tangan hampa, dan bahkan dia kehilangan ha...;324-325;1;0.5;Perang Uhud & Satuan Pasukan Pasca Uhud
Abu Sufyan bin Harb;PERSON;INVOLVED_IN;;Perang Sawiq;EVENT;000158-003;...tugas ini, yaitu Musafi' bin Abdi Manaf Al-Jumahi Abu Sufyan adalah orang paling bersemangat melakukan persiapan menghadapi orang-orang Muslim, setelah dia kembali dari Perang Sawiq dengan tangan hampa, dan bahkan dia kehilangan ha...;324-325;1;0.5;Perang Uhud & Satuan Pasukan Pasca Uhud
Hamzah bin Abdul Muththalib;PERSON;INVOLVED_IN;;Perang Badr;EVENT;000164-002 | 000164-003;...tokoh kelompok yang sangat berantusias ini adalah Hamzah bin Abdul Muththalib, paman Rasulullah , yang pada Perang Badr dia hanya menggantungkan pedangnya.;327-328;2;0.5;Perang Badr & Dampaknya
Zaid Bin Tsabit;PERSON;INVOLVED_IN;;Perang Uhud;EVENT;000166-001;...Al-Khaththab, Usamah bin Zaid, Usaid bin Zhuhair, Zaid bin Tsabit, Zaid bin Arqam, Amr bin Hazm, Abu Sa'id Al-Khudri. dan Sa d bin Habbah. Di antara mereka ini pula nama Al-Barra' bin Azib. Tetapi Al-Bukhari menyebutkan bahwa Al-Barra' mati syahid dalam Perang Uhud ini Sedangkan Rafi' bin Khadij dan Samurah bin Ju...;329-330;1;0.2;Perang Uhud & Satuan Pasukan Pasca Uhud
Zaid Bin Arqam;PERSON;INVOLVED_IN;;Perang Uhud;EVENT;000166-001;...mah bin Zaid, Usaid bin Zhuhair, Zaid bin Tsabit, Zaid bin Arqam, Amr bin Hazm, Abu Sa'id Al-Khudri. dan Sa d bin Habbah. Di antara mereka ini pula nama Al-Barra' bin Azib. Tetapi Al-Bukhari menyebutkan bahwa Al-Barra' mati syahid dalam Perang Uhud ini Sedangkan Rafi' bin Khadij dan Samurah bin Ju...;329-330;1;0.2;Perang Uhud & Satuan Pasukan Pasca Uhud
Amr Bin Hazm;PERSON;INVOLVED_IN;;Perang Uhud;EVENT;000166-001;...aid bin Zhuhair, Zaid bin Tsabit, Zaid bin Arqam, Amr bin Hazm, Abu Sa'id Al-Khudri. dan Sa d bin Habbah. Di antara mereka ini pula nama Al-Barra' bin Azib. Tetapi Al-Bukhari menyebutkan bahwa Al-Barra' mati syahid dalam Perang Uhud ini Sedangkan Rafi' bin Khadij dan Samurah bin Ju...;329-330;1;0.2;Perang Uhud & Satuan Pasukan Pasca Uhud
Abu Sa'id;PERSON;INVOLVED_IN;;Perang Uhud;EVENT;000166-001;...r, Zaid bin Tsabit, Zaid bin Arqam, Amr bin Hazm, Abu Sa'id Al-Khudri. dan Sa d bin Habbah. Di antara mereka ini pula nama Al-Barra' bin Azib. Tetapi Al-Bukhari menyebutkan bahwa Al-Barra' mati syahid dalam Perang Uhud ini Sedangkan Rafi' bin Khadij dan Samurah bin Ju...;329-330;1;0.2;Perang Uhud & Satuan Pasukan Pasca Uhud
Sa;PERSON;INVOLVED_IN;;Perang Uhud;EVENT;000166-001;...bin Arqam, Amr bin Hazm, Abu Sa'id Al-Khudri. dan Sa d bin Habbah. Di antara mereka ini pula nama Al-Barra' bin Azib. Tetapi Al-Bukhari menyebutkan bahwa Al-Barra' mati syahid dalam Perang Uhud ini Sedangkan Rafi' bin Khadij dan Samurah bin Ju...;329-330;1;0.2;Perang Uhud & Satuan Pasukan Pasca Uhud
Bin Habbah;PERSON;INVOLVED_IN;;Perang Uhud;EVENT;000166-001;...rqam, Amr bin Hazm, Abu Sa'id Al-Khudri. dan Sa d bin Habbah. Di antara mereka ini pula nama Al-Barra' bin Azib. Tetapi Al-Bukhari menyebutkan bahwa Al-Barra' mati syahid dalam Perang Uhud ini Sedangkan Rafi' bin Khadij dan Samurah bin Ju...;329-330;1;0.2;Perang Uhud & Satuan Pasukan Pasca Uhud
Al-Barra' Bin Azib;PERSON;INVOLVED_IN;;Perang Uhud;EVENT;000166-001;...n Sa d bin Habbah. Di antara mereka ini pula nama Al-Barra' bin Azib. Tetapi Al-Bukhari menyebutkan bahwa Al-Barra' mati syahid dalam Perang Uhud ini Sedangkan Rafi' bin Khadij dan Samurah bin Ju...;329-330;1;0.3;Perang Uhud & Satuan Pasukan Pasca Uhud
Rafi' Bin Khadij;PERSON;INVOLVED_IN;;Perang Uhud;EVENT;000166-001;...ari menyebutkan bahwa Al-Barra' mati syahid dalam Perang Uhud ini Sedangkan Rafi' bin Khadij dan Samurah bin Jundab diperbolehkan bergabung se...;329-330;1;0.5;Perang Uhud & Satuan Pasukan Pasca Uhud
Samurah Bin Jundab;PERSON;INVOLVED_IN;;Perang Uhud;EVENT;000166-001;...ari menyebutkan bahwa Al-Barra' mati syahid dalam Perang Uhud ini Sedangkan Rafi' bin Khadij dan Samurah bin Jundab diperbolehkan bergabung sekalipun usia mereka mas...;329-330;1;0.5;Perang Uhud & Satuan Pasukan Pasca Uhud
Ibnu Hajar;PERSON;INVOLVED_IN;;Perang Uhud;EVENT;000166-001 | 000208-001;"...atakan Ibnul Qayyim di dalam Al-Huda, 2/92. Namun Ibnu Hajar membantah dengan berkata, ""Ini merupakan kesalahan yang sangat mencolok,"" Musa bin Uqbah menegaskan bahwa tak seorang pun penunggang kuda saat Perang Uhud. Kami lebih cenderung kepada pendapat Al-Waqidi,...";329-330 | 374-375;2;0.5;Perang Uhud & Satuan Pasukan Pasca Uhud
Musa Bin Uqbah;PERSON;INVOLVED_IN;;Perang Uhud;EVENT;000166-001;"..., ""Ini merupakan kesalahan yang sangat mencolok,"" Musa bin Uqbah menegaskan bahwa tak seorang pun penunggang kuda saat Perang Uhud. Kami lebih cenderung kepada pendapat Al-Waqidi,...";329-330;1;0.5;Perang Uhud & Satuan Pasukan Pasca Uhud
Abu Burdah;PERSON;INVOLVED_IN;;Perang Uhud;EVENT;000166-001;...gaskan bahwa tak seorang pun penunggang kuda saat Perang Uhud. Kami lebih cenderung kepada pendapat Al-Waqidi, bahwa di sana ada kuda milik Rasulullah dan kuda milik Abu Burdah. Lihat Fathul-Bari, 7/350. dari Rafi', karena aku...;329-330;1;0.2;Perang Uhud & Satuan Pasukan Pasca Uhud
An-Nadhr bin Al-Harits;PERSON;INVOLVED_IN;;Perang Badr;EVENT;000171-001;"...entang apa yang menimpa pasukan Quraisy pada saat Perang Badr, yaitu saat pembawa bendera mereka, An-Nadhr bin Al-Harits tertawan. Dia berkata kepada mereka, ""Wahai Bani...";334-335;1;0.5;Perang Badr & Dampaknya
Abu Dujanah;PERSON;INVOLVED_IN;;Perang Uhud;EVENT;000176-001;"...atilah, matilah!"" Begitu seruan mereka pada waktu Perang Uhud. Abu Dujanah datang menyeruak sambil mengikatkan sorban berwar...";338-340;1;0.4;Perang Uhud & Satuan Pasukan Pasca Uhud
Hamzah bin Abdul Muththalib;PERSON;INVOLVED_IN;;Perang Badr;EVENT;000177-001;"...penuturan yang disampaikan sendiri oleh pembunuh Hamzah, Wahsy bin Harb, ""Sebelumnya aku adalah budak Jubair bin Muth'im. Paman Jubair. Thu'aimah bin Adi terbunuh pada Perang Badr. Pada saat Quraisy pergi ke Uhud, Jubair berkata...";340;1;0.3;Perang Badr & Dampaknya
Wahsy Bin Harb;PERSON;INVOLVED_IN;;Perang Badr;EVENT;000177-001;"...an yang disampaikan sendiri oleh pembunuh Hamzah, Wahsy bin Harb, ""Sebelumnya aku adalah budak Jubair bin Muth'im. Paman Jubair. Thu'aimah bin Adi terbunuh pada Perang Badr. Pada saat Quraisy pergi ke Uhud, Jubair berkata...";340;1;0.3;Perang Badr & Dampaknya
Jubair Bin Muth'Im;PERSON;INVOLVED_IN;;Perang Badr;EVENT;000177-001;"...zah, Wahsy bin Harb, ""Sebelumnya aku adalah budak Jubair bin Muth'im. Paman Jubair. Thu'aimah bin Adi terbunuh pada Perang Badr. Pada saat Quraisy pergi ke Uhud, Jubair berkata...";340;1;0.4;Perang Badr & Dampaknya
Thu'Aimah Bin Adi;PERSON;INVOLVED_IN;;Perang Badr;EVENT;000177-001;...ku adalah budak Jubair bin Muth'im. Paman Jubair. Thu'aimah bin Adi terbunuh pada Perang Badr. Pada saat Quraisy pergi ke Uhud, Jubair berkata...;340;1;0.5;Perang Badr & Dampaknya
Hamzah bin Abdul Muththalib;PERSON;INVOLVED_IN;;Perang Tha'If;EVENT;000177-002;"...ku tidak mempunyai kepentingan lain. Aku membunuh Hamzah dengan tujuan agar aku menjadi orang merdeka. Maka setiba di Makkah, aku pun 176 Sirah An-Nabawiyah, Ibnu Hisyam, 2/69-72; Shahih Al-Bukhari, 2/583. Akhirnya Wahsyi masuk Islam setelah Perang Tha'if dan akhirnya dia dapat membunuh Musailamah Al-Kad...";340;1;0.2;Perang Uhud & Satuan Pasukan Pasca Uhud
Musailamah;PERSON;INVOLVED_IN;;Perang Tha'If;EVENT;000177-002;...khari, 2/583. Akhirnya Wahsyi masuk Islam setelah Perang Tha'if dan akhirnya dia dapat membunuh Musailamah Al-Kadzdzab dengan tombaknya itu pula. Dia juga i...;340;1;0.5;Perang Uhud & Satuan Pasukan Pasca Uhud
Musailamah;PERSON;INVOLVED_IN;;Perang Yarmuk;EVENT;000177-002;...lah Perang Tha'if dan akhirnya dia dapat membunuh Musailamah Al-Kadzdzab dengan tombaknya itu pula. Dia juga ikut bergabung dalam Perang Yarmuk melawan pasukan Romawi.;340;1;0.3;Konteks Arab Jahiliyah
Qais Bin Abu Hazim;PERSON;INVOLVED_IN;;Perang Uhud;EVENT;000187-005;"...iga puluh sembilan atau tiga puluh lima luka pada Perang Uhud dan jari-jari tangannya putus. Al-Bukhari meriwayatkan dari Qais bin Abu Hazim, dia berkata, ""Kulihat jari-jari tangan Thalhah t...";347-350;1;0.5;Perang Uhud & Satuan Pasukan Pasca Uhud
Thalhah Bin Ubaidillah;PERSON;INVOLVED_IN;;Perang Uhud;EVENT;000187-005 | 000187-006 | 000189-001;"...an Thalhah terpotong, karena melindungi Nabi pada Perang Uhud. At-Tirmidzi meriwayatkan bahwa saat itu Nabi bersabda tentang diri Thalhah, ""Barangsiapa ingin melihat orang mati syahid yang berjalan di muka bumi, maka hendaklah dia melihat Thalhah bin Ubaidillah."" Abu Dawud Ath-Thayalisi meriwayatkan dari Aisya...";347-350 | 351;3;0.5;Perang Uhud & Satuan Pasukan Pasca Uhud
Ibnu Hibban;PERSON;INVOLVED_IN;;Perang Uhud;EVENT;000188-001;"...adalah rekan beliau di gua, Abu Bakar Ash-Shiddiq Ibnu Hibban meriwayatkan di dalam Shahih-nya, dari Aisyah, dia berkata. ""Abu Bakar Ash-Shidddiq berkata,'Pada waktu Perang Uhud semua orang hendak menghampiri Rasulullah . Aku a...";350-351;1;0.2;Perang Uhud & Satuan Pasukan Pasca Uhud
Abu Bakar Ash-Shidddiq;PERSON;INVOLVED_IN;;Perang Uhud;EVENT;000188-001;"...n di dalam Shahih-nya, dari Aisyah, dia berkata. ""Abu Bakar Ash-Shidddiq berkata,'Pada waktu Perang Uhud semua orang hendak menghampiri Rasulullah . Aku a...";350-351;1;0.5;Perang Uhud & Satuan Pasukan Pasca Uhud
Ali bin Abu Thalib;PERSON;INVOLVED_IN;;Perang Uhud;EVENT;000189-001;"...lam lubang yang sengaja dibuat Abu Amir si Fasik. Ali segera meraih tangan beliau, lalu Thalhah bin Ubaidillah merangkulnya hingga beliau bisa berdiri lagi Naf' bin Jubair berkata, ""Aku mendengar ada seseorang dari Muhajirin berkata, Aku ikut dalam Perang Uhud. Kulihat bagaimana anak panah melesat dari segala...";351;1;0.5;Perang Uhud & Satuan Pasukan Pasca Uhud
Naf' Bin Jubair;PERSON;INVOLVED_IN;;Perang Uhud;EVENT;000189-001;"...llah merangkulnya hingga beliau bisa berdiri lagi Naf' bin Jubair berkata, ""Aku mendengar ada seseorang dari Muhajirin berkata, Aku ikut dalam Perang Uhud. Kulihat bagaimana anak panah melesat dari segala...";351;1;0.5;Perang Uhud & Satuan Pasukan Pasca Uhud
Abdullah Bin Syihab;PERSON;INVOLVED_IN;;Perang Uhud;EVENT;000189-001;...seseorang dari Muhajirin berkata, Aku ikut dalam Perang Uhud. Kulihat bagaimana anak panah melesat dari segala arah, tertuju kepada Rasulullah . Namun semua anak panah itu sama sekali tidak mengenai beliau. Kulihat Abdullah bin Syihab Az-Zuhri berkata saat itu, Tunjukkan kepadaku di...;351;1;0.2;Perang Uhud & Satuan Pasukan Pasca Uhud
Abu Thalhah;PERSON;INVOLVED_IN;;Perang Uhud;EVENT;000190-001 | 000192-002;"...hkan tidak pernah ada tandingannya dalam sejarah. Abu Thalhah menjadikan dirinya sebagai pagar di hadapan Rasulullah . Dia membusungkan dadanya menerima hujaman anak panah yang dilontarkan musuh karena hendak melindungi beliau Anas berkata, ""Pada saat Perang Uhud, musuh memusatkan serangan terhadap Rasulullah ,...";351-353 | 353-355;2;0.5;Perang Uhud & Satuan Pasukan Pasca Uhud
Umar bin Al-Khaththab;PERSON;INVOLVED_IN;;Perang Uhud;EVENT;000196-002;"...uhi geribanya, lalu maju lagi untuk memberi minum Umar berkata, ""Ummu Sulaith memberikan geriba kepada kami pada waktu Perang Uhud."" Di antara para wanita itu ada juga Ummu Aiman....";357-358;1;0.5;Perang Uhud & Satuan Pasukan Pasca Uhud
Ummu Sulaith;PERSON;INVOLVED_IN;;Perang Uhud;EVENT;000196-002;"...lalu maju lagi untuk memberi minum Umar berkata, ""Ummu Sulaith memberikan geriba kepada kami pada waktu Perang Uhud."" Di antara para wanita itu ada juga Ummu Aiman....";357-358;1;0.5;Perang Uhud & Satuan Pasukan Pasca Uhud
Ummu Aiman;PERSON;INVOLVED_IN;;Perang Uhud;EVENT;000196-002;"...Sulaith memberikan geriba kepada kami pada waktu Perang Uhud."" Di antara para wanita itu ada juga Ummu Aiman. Saat dia melihat orang- orang Muslim lari kocar-...";357-358;1;0.5;Perang Uhud & Satuan Pasukan Pasca Uhud
Perang Uhud;EVENT;OCCURRED_ON;;Hari Sabtu;TIME;000199-003;"...hudi dari Bani Tsa'labah. Namanya Mukhairiq. Saat Perang Uhud itu dia berkata kepada kaumnya, ""Wahai semua orang Yahudi, demi Allah, kalian sudah tahu bahwa membantu Muhammad saat ini merupakan kewajiban bagi kalian."" Mereka berkata, ""Hari ini adalah hari Sabtu."" Hari Sabtu adalah hari besar dan suci bagi oran...";360-362;1;0.5;Perang Uhud & Satuan Pasukan Pasca Uhud
Mush'ab bin Umair;PERSON;INVOLVED_IN;;Perang Uhud;EVENT;000202-001;"...Muththalib. Ketika dikabarkan kematian suaminya, Mush'ab bin Umair, maka dia menjerit dengan suara keras Saat itu beliau bersabda, ""Sesungguhnya suami wanita itu mempunyai tempat tersendiri di hatinya."" Di tengah perjalanan beliau juga berpapasan dengan seorang wanita dari Bani Dinar, yang suami, saudaranya dan ayahnya terbunuh dalam Perang Uhud. Saat orang-orang memberitahukan kematian mereka,...";365-367;1;0.5;Perang Uhud & Satuan Pasukan Pasca Uhud
Ummu Fulan;PERSON;INVOLVED_IN;;Perang Uhud;EVENT;000202-001;"...yang suami, saudaranya dan ayahnya terbunuh dalam Perang Uhud. Saat orang-orang memberitahukan kematian mereka, wanita ini justru bertanya, "" Lalu apa yang terjadi pada diri Rasulullah ?"" ""Beliau baik-baik saja wahai Ummu Fulan. Beliau membawa puji bagi Allah seperti yang engk...";365-367;1;0.2;Perang Uhud & Satuan Pasukan Pasca Uhud
Ummu Sa'D;PERSON;INVOLVED_IN;;Perang Uhud;EVENT;000202-002;"...z, anaknya yang lain berusaha menghiburnya. Namun Ummu Sa'd berkata kepada Rasulullah. ""Selagi kulihat engkau selamat, maka musibah yang menimpa kuanggap ringan."" Kemudian beliau berdoa untuk keluarga para korban Perang Uhud Lalu beliau bersabda, ""Wahai Ummu Sa'd, bergembir...";365-367;1;0.5;Perang Uhud & Satuan Pasukan Pasca Uhud
Perang Uhud;EVENT;OCCURRED_ON;;Hari Ahad;TIME;000206-001;"...jar musuh. Ini terjadi pada keesokan hari setelah Perang Uhud, tepatnya hari Ahad tanggal 8 Syawwal 3 H. Beliau bersabda, ""Yang bol...";368-373;1;0.5;Perang Uhud & Satuan Pasukan Pasca Uhud
Perang Uhud;EVENT;OCCURRED_ON;;Tanggal 8 Syawwal;TIME;000206-001;"...jar musuh. Ini terjadi pada keesokan hari setelah Perang Uhud, tepatnya hari Ahad tanggal 8 Syawwal 3 H. Beliau bersabda, ""Yang boleh bergabung bersa...";368-373;1;0.5;Perang Uhud & Satuan Pasukan Pasca Uhud
Abdullah bin Ubay bin Salul;PERSON;INVOLVED_IN;;Perang Uhud;EVENT;000206-001;"...alah orang- orang yang sebelumnya bergabung dalam Perang Uhud."" ""Bagaimana jika aku ikut bersamamu?"" tanya Abdullah bin Ubay pimpinan orang-orang munafik. ""Tidak,"" jawab beli...";368-373;1;0.5;Perang Uhud & Satuan Pasukan Pasca Uhud
Jabir bin Abdullah;PERSON;INVOLVED_IN;;Perang Uhud;EVENT;000206-001;"...da beliau karena orang-orang yang bergabung dalam Perang Uhud banyak yang terluka, dan beliau mengizinkan mereka. Jabir bin Abdullah juga meminta izin seraya berkata, ""Wahai Rasulull...";368-373;1;0.3;Perang Uhud & Satuan Pasukan Pasca Uhud
Abu Azzah;PERSON;INVOLVED_IN;;Perang Uhud;EVENT;000206-005;"...bantu seorang pun untuk memerangi beliau. Rupanya Abu Azzah ingkar janji, karena dia membangkitkan semangat orang-orang Quraisy dengan syair-syairnya untuk memerangi beliau dan orang- orang Muslim, dan bahkan ikut bergabung bersama pasukan Quraisy dalam Perang Uhud. Setelah tertangkap, dia berkata, ""Wahai Muhammad...";368-373;1;0.5;Perang Uhud & Satuan Pasukan Pasca Uhud
Mu'Awiyah Bin Al-Mughirah Bin Abul Ash;PERSON;INVOLVED_IN;;Perang Uhud;EVENT;000206-006;...ma kepada salah seorang mata- mata Quraisy, yaitu Mu'awiyah bin Al-Mughirah bin Abul Ash, kakek Abdul Malik bin Marwan dari garis ibunya. Hal ini bermula dari inisiatif Mu awiyah untuk menemui keponakannya, Utsman bin Affan $% setelah orang-orang Quraisy kembali dari Perang Uhud. Lalu Utsman meminta perlindungan keamanan baginy...;368-373;1;0.2;Perang Uhud & Satuan Pasukan Pasca Uhud
Abdul Malik Bin Marwan;PERSON;INVOLVED_IN;;Perang Uhud;EVENT;000206-006;...itu Mu'awiyah bin Al-Mughirah bin Abul Ash, kakek Abdul Malik bin Marwan dari garis ibunya. Hal ini bermula dari inisiatif Mu awiyah untuk menemui keponakannya, Utsman bin Affan $% setelah orang-orang Quraisy kembali dari Perang Uhud. Lalu Utsman meminta perlindungan keamanan baginy...;368-373;1;0.2;Perang Uhud & Satuan Pasukan Pasca Uhud
Utsman bin Affan;PERSON;INVOLVED_IN;;Perang Uhud;EVENT;000206-006;...i inisiatif Mu awiyah untuk menemui keponakannya, Utsman bin Affan $% setelah orang-orang Quraisy kembali dari Perang Uhud. Lalu Utsman meminta perlindungan keamanan baginy...;368-373;1;0.5;Perang Uhud & Satuan Pasukan Pasca Uhud
Abu Sufyan bin Harb;PERSON;INVOLVED_IN;;Perang Uhud;EVENT;000206-008 | 000215-002 | 000216-001 | 000385-003;...kin kuat setelah kita tahu keputusan yang diambil Abu Sufyan, karena dia mengetahui Rasulullah dan pasukan Muslimin menyusulnya hingga tiba di Hamra'ul Asad. Jadi Perang Uhud ini merupakan peperangan yang tidak tuntas, masin...;368-373 | 385-386 | 387 | 613-618;4;0.5;Perang Uhud & Satuan Pasukan Pasca Uhud
As'ad bin Zurarah;PERSON;INVOLVED_IN;;Perang Uhud;EVENT;000209-001;...abut eksistensinya. Belum genap dua bulan setelah Perang Uhud, Bani As'ad sudah menggelar persiapan untuk menyerang Madinah...;376-377;1;0.5;Perang Uhud & Satuan Pasukan Pasca Uhud
Perang Uhud;EVENT;OCCURRED_ON;;Bulan Rabi'Ul Awwal 4 H;TIME;000209-001;...senantiasa memperlihatkan permusuhan, hingga pada bulan Rabi'ul Awwal 4 H mereka melakukan konspirasi untuk membunuh Muhammad Bani Ghathan juga ikut-ikut latah untuk menyerang Madinah pada bulan Jumadil Ula Angin yang berhembus dari arah orang-orang mukmin seusai Perang Uhud menyebabkan mereka dikepung dari segala penjuru....;376-377;1;0.5;Perang Uhud & Satuan Pasukan Pasca Uhud
Perang Uhud;EVENT;OCCURRED_ON;;Bulan Jumadil Ula;TIME;000209-001;...juga ikut-ikut latah untuk menyerang Madinah pada bulan Jumadil Ula Angin yang berhembus dari arah orang-orang mukmin seusai Perang Uhud menyebabkan mereka dikepung dari segala penjuru....;376-377;1;0.5;Perang Uhud & Satuan Pasukan Pasca Uhud
Abu Salamah bin Abdul Asad;PERSON;INVOLVED_IN;;Perang Uhud;EVENT;000210-001;...infeksi pada luka yang didapatakannya pada waktu Perang Uhud, tak lama kemudian Abu Salamah meninggal dunia;377;1;0.5;Perang Uhud & Satuan Pasukan Pasca Uhud
Perang Uhud;EVENT;OCCURRED_ON;;Bulan Muharram 4 H;TIME;000210-001;...rang. Peristiwa ini terjadi tepat munculnya hilal bulan Muharram 4 H. Karena ada infeksi pada luka yang didapatakannya pada waktu Perang Uhud, tak lama kemudian Abu Salamah meninggal dunia;377;1;0.3;Perang Uhud & Satuan Pasukan Pasca Uhud
Zaid bin Haritsah;PERSON;INVOLVED_IN;;Perang Badr;EVENT;000212-002 | 000212-004;...nolak, akhirnya orang itu dibunuh. Mereka membawa Zaid dan Khubaib ke Makkah dan menjualnya disana Padahal pada waktu Perang Badr, keduanya telah menghabisi sekian banyak para ban...;377-379;2;0.5;Perang Badr & Dampaknya
Hujair Bin Abu Ihab;PERSON;INVOLVED_IN;;Perang Badr;EVENT;000212-002;...e Makkah dan menjualnya disana Padahal pada waktu Perang Badr, keduanya telah menghabisi sekian banyak para bangsawan Quraisy. Khubaib ditahan di Makkah dan dimasukan ke dalam penjara setelah dibeli Hujair bin Abu Ihab At-Tamimi, namun kemudian mereka sepakat untuk me...;377-379;1;0.2;Perang Badr & Dampaknya
Amr Bin Umayyah;PERSON;INVOLVED_IN;;Perang Badr;EVENT;000212-003;...apa orang untuk menjaga jasadnya. Kemudian muncul Amr bin Umayyah Adh-Dhamiri dan pada malam harinya dia dapat mengakali para penjaga, lalu membawa jasadnya untuk dikuburkan. Yang menangani eksekusi terhadap Khubaib adalah Uqbah bin Al-Harits, yang pada waktu Perang Badr, Khubaib telah membunuh ayahnya Uqbah. Di dalam A...;377-379;1;0.2;Perang Badr & Dampaknya
Uqbah Bin Al-Harits;PERSON;INVOLVED_IN;;Perang Badr;EVENT;000212-003;.... Yang menangani eksekusi terhadap Khubaib adalah Uqbah bin Al-Harits, yang pada waktu Perang Badr, Khubaib telah membunuh ayahnya Uqbah. Di dalam A...;377-379;1;0.5;Perang Badr & Dampaknya
Zaid bin Ad-Dastinah;PERSON;INVOLVED_IN;;Perang Badr;EVENT;000212-004;...Makkah saat itu tidak ada buah anggur. Sedangkan Zaid bin Ad-Datsinah dibeli Shafwan bin Umayyah, lalu dibunuhnya karena Zaid telah membunuh ayahnya Orang-orang Quraisy mengirim utusan untuk mendatangi jasad Ashim dan memotong sebagian tubuhnya, agar mereka dapat benar-benar meyakini kematiannya, karena Ashim telah membunuh sekian banyak pemuka dan bangsawan Quraisy pada waktu Perang Badr. Namun Allah mengutus sekumpulan lebah yang melin...;377-379;1;0.5;Perang Badr & Dampaknya
Ka'B Bin Zaid Bin An-Najjar;PERSON;INVOLVED_IN;;Perang Khandaq;EVENT;000213-002;...mbunuh tanpa ada seorang pun yang tersisa, selain Ka'b bin Zaid bin An-Najjar. Dia pura-pura mati terkena tombak di tengah-tengah rekannya yang sudah mati, hingga dia bisa selamat dan tetap hidup sampai meletus Perang Khandaq.;380-382;1;0.2;Perang Khandaq hingga Bani Mushthaliq
Amr Bin Umayyah;PERSON;INVOLVED_IN;;Perang Khandaq;EVENT;000213-003;...a dia bisa selamat dan tetap hidup sampai meletus Perang Khandaq. Sementara itu Amr bin Umayyah Adh-Dhamiri dan Al-Mundzir bin Uqbah bin Amir yan...;380-382;1;0.4;Perang Khandaq hingga Bani Mushthaliq
Al-Mundzir Bin Uqbah Bin Amir;PERSON;INVOLVED_IN;;Perang Khandaq;EVENT;000213-003;...a dia bisa selamat dan tetap hidup sampai meletus Perang Khandaq. Sementara itu Amr bin Umayyah Adh-Dhamiri dan Al-Mundzir bin Uqbah bin Amir yang sedang menggembalakan ternak orang-orang Mus...;380-382;1;0.4;Perang Khandaq hingga Bani Mushthaliq
Amr Bin Umayyah;PERSON;INVOLVED_IN;;Perang Uhud;EVENT;000213-003;...n budak wanita yang mengaku dulunya milik ibunya. Amr bin Umayyah pergi ke Madinah hendak menemui Rasulullah membawa kabar yang menimpa tujuh puluh orang Muslim, dengan korban yang sama dengan Perang Uhud. Hanya saja dalam Perang Uhud mereka jelas pergi...;380-382;1;0.5;Perang Uhud & Satuan Pasukan Pasca Uhud
Ka'b bin Al-Asyraf;PERSON;INVOLVED_IN;;Perang Bani Qainuqa;EVENT;000214-001;...ntara mereka dan kaum muslimin, sekalipun setelah Perang Bani Qainuqa' dan terbunuhnya Ka'b bin Al-Asyraf mereka selalu dicekam ketakutan dan lebih memilih...;382-385;1;0.5;Perang Uhud & Satuan Pasukan Pasca Uhud
Ka'b bin Al-Asyraf;PERSON;INVOLVED_IN;;Perang Uhud;EVENT;000214-001;...ipun setelah Perang Bani Qainuqa' dan terbunuhnya Ka'b bin Al-Asyraf mereka selalu dicekam ketakutan dan lebih memilih diam Tetapi setelah Perang Uhud mereka menjadi lancang, berani menampakkan permus...;382-385;1;0.5;Perang Uhud & Satuan Pasukan Pasca Uhud
Perang Bani Nadhir;EVENT;OCCURRED_ON;;Bulan Rabi'Ul Awwal 4 H;TIME;000214-007;...at perang sebagai persediaan perang.f sabilillah. Perang Bani Nadhir ini terjadi pada bulan Rabi'ul Awwal 4 H, bertepatan dengan bulan Agustus 625 M. Allah men...;382-385;1;0.5;Perang Uhud & Satuan Pasukan Pasca Uhud
Perang Bani Nadhir;EVENT;OCCURRED_AT;;Madinah;LOCATION;000215-001;...emenangan yang diperoleh orang-orang Muslim dalam Perang Bani Nadhir tanpa pengorbanan apa pun, pengaruh kekuasaan mereka di Madinah semakin kokoh. Saat ini orang-orang munafik juga...;385-386;1;0.5;Perang Uhud & Satuan Pasukan Pasca Uhud
Abu Hurairah;PERSON;INVOLVED_IN;;Perang Badr;EVENT;000215-002;...ilangkan terlebih sebelum kaum Muslimin terjun ke Perang Badr (yang kedua). Tidak benar Perang Dzatur Riqa' yang dikomandani Rasulullah terjadi pada bulan Rabi'ul Awwal atau Jumadil Ula itu. Sebab Abu Hurairah dan Abu Musa Al-Asy ari ikut bergabung dalam pepe...;385-386;1;0.2;Perang Badr & Dampaknya
Abu Musa;PERSON;INVOLVED_IN;;Perang Badr;EVENT;000215-002;...ilangkan terlebih sebelum kaum Muslimin terjun ke Perang Badr (yang kedua). Tidak benar Perang Dzatur Riqa' yang dikomandani Rasulullah terjadi pada bulan Rabi'ul Awwal atau Jumadil Ula itu. Sebab Abu Hurairah dan Abu Musa Al-Asy ari ikut bergabung dalam peperangan itu. P...;385-386;1;0.2;Perang Badr & Dampaknya
Perang Badr;EVENT;OCCURRED_ON;;Bulan Rabi'Ul Awwal;TIME;000215-002;...ilangkan terlebih sebelum kaum Muslimin terjun ke Perang Badr (yang kedua). Tidak benar Perang Dzatur Riqa' yang dikomandani Rasulullah terjadi pada bulan Rabi'ul Awwal atau Jumadil Ula itu. Sebab Abu Hurairah dan Abu...;385-386;1;0.3;Perang Badr & Dampaknya
Perang Badr;EVENT;OCCURRED_ON;;Jumadil Ula;TIME;000215-002;...ilangkan terlebih sebelum kaum Muslimin terjun ke Perang Badr (yang kedua). Tidak benar Perang Dzatur Riqa' yang dikomandani Rasulullah terjadi pada bulan Rabi'ul Awwal atau Jumadil Ula itu. Sebab Abu Hurairah dan Abu Musa Al-Asy ari i...;385-386;1;0.2;Perang Badr & Dampaknya
Muhammad;PERSON;INVOLVED_IN;;Perang Dzatur Riqa;EVENT;000215-002 | 000284-001;...n terjun ke Perang Badr (yang kedua). Tidak benar Perang Dzatur Riqa' yang dikomandani Rasulullah terjadi pada bulan Rabi'ul Awwal atau Jumadil Ula...;385-386 | 493-497;2;0.5;Perang Uhud & Satuan Pasukan Pasca Uhud
Abu Hurairah;PERSON;INVOLVED_IN;;Perang Dzatur Riqa;EVENT;000215-002 | 000284-001;...n terjun ke Perang Badr (yang kedua). Tidak benar Perang Dzatur Riqa' yang dikomandani Rasulullah terjadi pada bulan Rabi'ul Awwal atau Jumadil Ula itu. Sebab Abu Hurairah dan Abu Musa Al-Asy ari ikut bergabung dalam pepe...;385-386 | 493-497;2;0.3;Perang Uhud & Satuan Pasukan Pasca Uhud
Abu Musa;PERSON;INVOLVED_IN;;Perang Dzatur Riqa;EVENT;000215-002 | 000284-001;...n terjun ke Perang Badr (yang kedua). Tidak benar Perang Dzatur Riqa' yang dikomandani Rasulullah terjadi pada bulan Rabi'ul Awwal atau Jumadil Ula itu. Sebab Abu Hurairah dan Abu Musa Al-Asy ari ikut bergabung dalam peperangan itu. P...;385-386 | 493-497;2;0.3;Perang Uhud & Satuan Pasukan Pasca Uhud
Perang Dzatur Riqa;EVENT;OCCURRED_ON;;Bulan Rabi'Ul Awwal;TIME;000215-002;...n terjun ke Perang Badr (yang kedua). Tidak benar Perang Dzatur Riqa' yang dikomandani Rasulullah terjadi pada bulan Rabi'ul Awwal atau Jumadil Ula itu. Sebab Abu Hurairah dan Abu...;385-386;1;0.5;Perang Uhud & Satuan Pasukan Pasca Uhud
Perang Dzatur Riqa;EVENT;OCCURRED_ON;;Jumadil Ula;TIME;000215-002;...n terjun ke Perang Badr (yang kedua). Tidak benar Perang Dzatur Riqa' yang dikomandani Rasulullah terjadi pada bulan Rabi'ul Awwal atau Jumadil Ula itu. Sebab Abu Hurairah dan Abu Musa Al-Asy ari i...;385-386;1;0.5;Perang Uhud & Satuan Pasukan Pasca Uhud
Muhammad;PERSON;INVOLVED_IN;;Perang Khaibar;EVENT;000215-002 | 000255-001 | 000263-001 | 000282-001 | 000284-001;...Tidak benar Perang Dzatur Riqa' yang dikomandani Rasulullah terjadi pada bulan Rabi'ul Awwal atau Jumadil Ula itu. Sebab Abu Hurairah dan Abu Musa Al-Asy ari ikut bergabung dalam peperangan itu. Padahal Abu Hurairal masuk Islam beberapa hari sebelum Perang Khaibar, dan Abu Musa Al-Asy ari bergabung dengan Nabi di...;385-386 | 470-472 | 476-477 | 492 | 493-497;5;1.0;Hudaibiyah & Babak Baru Diplomasi
Abu Hurairah;PERSON;INVOLVED_IN;;Perang Khaibar;EVENT;000215-002 | 000284-001;...a bulan Rabi'ul Awwal atau Jumadil Ula itu. Sebab Abu Hurairah dan Abu Musa Al-Asy ari ikut bergabung dalam peperangan itu. Padahal Abu Hurairal masuk Islam beberapa hari sebelum Perang Khaibar, dan Abu Musa Al-Asy ari bergabung dengan Nabi di...;385-386 | 493-497;2;0.5;Hudaibiyah & Babak Baru Diplomasi
Abu Musa;PERSON;INVOLVED_IN;;Perang Khaibar;EVENT;000215-002 | 000284-001;...wwal atau Jumadil Ula itu. Sebab Abu Hurairah dan Abu Musa Al-Asy ari ikut bergabung dalam peperangan itu. Padahal Abu Hurairal masuk Islam beberapa hari sebelum Perang Khaibar, dan Abu Musa Al-Asy ari bergabung dengan Nabi di...;385-386 | 493-497;2;0.5;Hudaibiyah & Babak Baru Diplomasi
Perang Khaibar;EVENT;OCCURRED_AT;;Khaibar;LOCATION;000215-002 | 000255-004 | 000278-001;...al Abu Hurairal masuk Islam beberapa hari sebelum Perang Khaibar, dan Abu Musa Al-Asy ari bergabung dengan Nabi di Khaibar. Jadi Perang Dzatur Riqa' terjadi setelah Perang...;385-386 | 470-472 | 489-490;3;0.5;Hudaibiyah & Babak Baru Diplomasi
Perang Khaibar;EVENT;OCCURRED_ON;;Bulan Rabi'Ul Awwal;TIME;000215-002;...ur Riqa' yang dikomandani Rasulullah terjadi pada bulan Rabi'ul Awwal atau Jumadil Ula itu. Sebab Abu Hurairah dan Abu Musa Al-Asy ari ikut bergabung dalam peperangan itu. Padahal Abu Hurairal masuk Islam beberapa hari sebelum Perang Khaibar, dan Abu Musa Al-Asy ari bergabung dengan Nabi di...;385-386;1;0.2;Hudaibiyah & Babak Baru Diplomasi
Perang Khaibar;EVENT;OCCURRED_ON;;Jumadil Ula;TIME;000215-002;...Rasulullah terjadi pada bulan Rabi'ul Awwal atau Jumadil Ula itu. Sebab Abu Hurairah dan Abu Musa Al-Asy ari ikut bergabung dalam peperangan itu. Padahal Abu Hurairal masuk Islam beberapa hari sebelum Perang Khaibar, dan Abu Musa Al-Asy ari bergabung dengan Nabi di...;385-386;1;0.2;Hudaibiyah & Babak Baru Diplomasi
Perang Dzatur Riqa;EVENT;OCCURRED_AT;;Khaibar;LOCATION;000215-002;...dan Abu Musa Al-Asy ari bergabung dengan Nabi di Khaibar. Jadi Perang Dzatur Riqa' terjadi setelah Perang Khaibar. Bukti lain yang...;385-386;1;0.4;Perang Uhud & Satuan Pasukan Pasca Uhud
Perang Asafan;EVENT;OCCURRED_ON;;Tahun 4 H;TIME;000215-002;...yang menguatkan bahwa perang ini terjadi setelah tahun 4 H, karena pada saat peperangan itu Nabi mendirikan shalat khauf. Padahal pensyariatan shalat khauf yang pertama kali terjadi pada saat Perang Asafan.;385-386;1;0.2;Perang Uhud & Satuan Pasukan Pasca Uhud
Muhammad;PERSON;INVOLVED_IN;;Perang Khandaq;EVENT;000218-011 | 000218-025 | 000218-026 | 000219-006 | 000220-004 | 000225-004;...ya ada beberapa shalat yang tak sempat dikerjakan Rasulullah dan orang-orang Muslim. Di dalam Ashahihain disebutan dari Jabir bahwa Umar bin Al-Khaththab muncul pada waktu Perang Khandaq, lalu dia terus-menerus mengolok-olok orang-orang...;390-404 | 405-411 | 412-414 | 420-424;6;0.5;Perang Khandaq hingga Bani Mushthaliq
Jabir bin Abdullah;PERSON;INVOLVED_IN;;Perang Khandaq;EVENT;000218-011;...-orang Muslim. Di dalam Ashahihain disebutan dari Jabir bahwa Umar bin Al-Khaththab muncul pada waktu Perang Khandaq, lalu dia terus-menerus mengolok-olok orang-orang...;390-404;1;0.5;Perang Khandaq hingga Bani Mushthaliq
Umar bin Al-Khaththab;PERSON;INVOLVED_IN;;Perang Khandaq;EVENT;000218-011;...m. Di dalam Ashahihain disebutan dari Jabir bahwa Umar bin Al-Khaththab muncul pada waktu Perang Khandaq, lalu dia terus-menerus mengolok-olok orang-orang...;390-404;1;0.5;Perang Khandaq hingga Bani Mushthaliq
Ali bin Abu Thalib;PERSON;INVOLVED_IN;;Perang Khandaq;EVENT;000218-011;...t dilaksanakan. Di dalam riwayat Al-Bukhari, dari Ali, dari Nabi , beliau bersabda pada waktu Perang Khandaq. .Allah memenuhi rumah dan kuburan mereka dengan...;390-404;1;0.5;Perang Khandaq hingga Bani Mushthaliq
Ibnu Sa'd;PERSON;INVOLVED_IN;;Perang Khandaq;EVENT;000218-026;...n berakhir pada bulan Dzul Qa'dah Menurut riwayat Ibnu Sa'd, Rasulullah kembali dari Khandaq pada hari Rabu, seminggu sebelum habisnya bulan Dzul Qa'dah. Pasukan Muslim berhadapan dengan Perang Khandaq atau Ahzab bukan merupakan pasukan Quraisy pada p...;390-404;1;0.2;Perang Khandaq hingga Bani Mushthaliq
Perang Khandaq;EVENT;OCCURRED_AT;;Khandaq;LOCATION;000218-026;...enurut riwayat Ibnu Sa'd, Rasulullah kembali dari Khandaq pada hari Rabu, seminggu sebelum habisnya bulan Dzul Qa'dah. Pasukan Muslim berhadapan dengan Perang Khandaq atau Ahzab bukan merupakan pasukan Quraisy pada p...;390-404;1;0.3;Perang Khandaq hingga Bani Mushthaliq
Perang Khandaq;EVENT;OCCURRED_ON;;Bulan Syawwal;TIME;000218-026;...ambil kesimpulan bahwa permulaan pengepungan pada bulan Syawwal dan berakhir pada bulan Dzul Qa'dah Menurut riwayat Ibnu Sa'd, Rasulullah kembali dari Khandaq pada hari Rabu, seminggu sebelum habisnya bulan Dzul Qa'dah. Pasukan Muslim berhadapan dengan Perang Khandaq atau Ahzab bukan merupakan pasukan Quraisy pada p...;390-404;1;0.2;Perang Khandaq hingga Bani Mushthaliq
Perang Khandaq;EVENT;OCCURRED_ON;;Bulan Dzul Qa'Dah;TIME;000218-026 | 000220-004;...Khandaq pada hari Rabu, seminggu sebelum habisnya bulan Dzul Qa'dah. Pasukan Muslim berhadapan dengan Perang Khandaq atau Ahzab bukan merupakan pasukan Quraisy pada p...;390-404 | 412-414;2;0.4;Perang Khandaq hingga Bani Mushthaliq
Perang Khandaq;EVENT;OCCURRED_AT;;Madinah;LOCATION;000218-026 | 000219-006;"...umatkan kekuatan lebih kecil yang sedang mekar di Madinah. Sebab bangsa Arab tidak sanggup menghimpun kekuatan yang lebih besar daripada pasukan Ahzab ini Oleh karena itu Rasulullah bersabda, tatkala Allah sudah mengalahkan pasukan musuh Lokasi Perang Ahzab ""Sekarang kitalah yang ganti menyerang mereka dan...";390-404 | 405-411;2;0.5;Perang Khandaq hingga Bani Mushthaliq
Ali bin Abu Thalib;PERSON;INVOLVED_IN;;Perang Bani Quraizhah;EVENT;000219-005;"...dari Quraisy dan Ghathafan. Tetapi perlu diingat, Perang Bani Quraizhah adalah peperangan urat syaraf. Allah menyusupkan ketakutan ke dalam hati orang-orang Yahudi. Mental mereka langsung merosot. Keadaan ini mencapai puncaknya hingga muncul Ali bin Abu Thalib dan Az-Zubair bin Al-Awwam. Ali Berteriak, ""Wahai...";405-411;1;0.2;Perang Khandaq hingga Bani Mushthaliq
Az-Zubair bin Al-Awwam;PERSON;INVOLVED_IN;;Perang Bani Quraizhah;EVENT;000219-005;"...dari Quraisy dan Ghathafan. Tetapi perlu diingat, Perang Bani Quraizhah adalah peperangan urat syaraf. Allah menyusupkan ketakutan ke dalam hati orang-orang Yahudi. Mental mereka langsung merosot. Keadaan ini mencapai puncaknya hingga muncul Ali bin Abu Thalib dan Az-Zubair bin Al-Awwam. Ali Berteriak, ""Wahai pasukan iman, demi Allah,...";405-411;1;0.2;Perang Khandaq hingga Bani Mushthaliq
Sa'd bin Mu'adz;PERSON;INVOLVED_IN;;Perang Khandaq;EVENT;000219-006 | 000219-011;"..."" jawab mereka. Beliau bersabda, ""Serahkan kepada Sa'd bin Mu'adz."" ""Kami ridha,"" kata mereka Saat itu Sa'd bin Mu'adz berada di Madinah dan tidak ikut pergi ke Bani Qainuqa' karena mendapat luka di lengannya sewaktu Perang Ahzab, maka dia dipanggil untuk datang dengan naik seek...";405-411;2;0.5;Perang Khandaq hingga Bani Mushthaliq
Huyai Bin Akhthab;PERSON;INVOLVED_IN;;Perang Khandaq;EVENT;000219-008;...h bersama mereka Salah seorang di antara penjahat Perang Ahzab adalah Huyai bin Akhthab, ayah Shafiyah Ummul Mukminin . Dia bergabung di...;405-411;1;0.5;Perang Khandaq hingga Bani Mushthaliq
Ka'B Bin Asad;PERSON;INVOLVED_IN;;Perang Khandaq;EVENT;000219-008;...h bersama mereka Salah seorang di antara penjahat Perang Ahzab adalah Huyai bin Akhthab, ayah Shafiyah Ummul Mukminin . Dia bergabung di benteng Bani Quraizhah saat Quraisy dan Ghathafan pulang, karena harus memenuhi janjinya kepada Ka'b bin Asad, yang sebelum itu dia terus-menerus membujuk dan...;405-411;1;0.2;Perang Khandaq hingga Bani Mushthaliq
Tsabit bin Qais bin Syammas;PERSON;INVOLVED_IN;;Perang Bu'ats;EVENT;000219-009;..., lalu masuk Islam dan menjadi sahabat yang baik. Tsabit bin Qaiz $ meminta kepada Rasulullah agar Az-Zabir bin Batha beserta keluarga dan harta bendanya diserahkan kepadanya. Sewaktu Perang Bu'ats, Az-Zabir berjasa telah menyelamatkan Tsabit bin...;405-411;1;0.5;Dakwah di Luar Makkah & Isra Mi'raj
Muhammad;PERSON;INVOLVED_IN;;Perang Bu'ats;EVENT;000219-009;...habat yang baik. Tsabit bin Qaiz $ meminta kepada Rasulullah agar Az-Zabir bin Batha beserta keluarga dan harta bendanya diserahkan kepadanya. Sewaktu Perang Bu'ats, Az-Zabir berjasa telah menyelamatkan Tsabit bin...;405-411;1;0.3;Dakwah di Luar Makkah & Isra Mi'raj
Az-Zabir Bin Batha;PERSON;INVOLVED_IN;;Perang Bu'ats;EVENT;000219-009;...Tsabit bin Qaiz $ meminta kepada Rasulullah agar Az-Zabir bin Batha beserta keluarga dan harta bendanya diserahkan kepadanya. Sewaktu Perang Bu'ats, Az-Zabir berjasa telah menyelamatkan Tsabit bin...;405-411;1;0.3;Dakwah di Luar Makkah & Isra Mi'raj
Perang Khandaq;EVENT;OCCURRED_ON;;Bulan Dzul Qa'Dah 5 H;TIME;000219-013;...au melepaskan talinya Peperangan ini terjadi pada bulan Dzul Qa'dah 5 H. Adapun pengepungan berjalan selama dua puluh lima Allah menurunkan beberapa ayat tentang Perang Ahzab dan Bani Quraizhah dalam surat Al-Ahzab. Di dalam...;405-411;1;0.3;Perang Khandaq hingga Bani Mushthaliq
Abdullah Bin Atik;PERSON;INVOLVED_IN;;Perang Khandaq;EVENT;000220-004;...mati. Kemudian para sahabat pulang dan menggotong Abdullah bin Atik hingga bertemu Rasulullah . Peristiwa ini terjadi pada bulan Dzul Qa'dah atau Dzul Hijjah 5 H. Seusai Perang Ahzab dan Bani Quraizhah, serta membungkam para penjaha...;412-414;1;0.2;Perang Khandaq hingga Bani Mushthaliq
Perang Khandaq;EVENT;OCCURRED_ON;;Dzul Hijjah;TIME;000220-004;...Peristiwa ini terjadi pada bulan Dzul Qa'dah atau Dzul Hijjah 5 H. Seusai Perang Ahzab dan Bani Quraizhah, serta membungkam para penjaha...;412-414;1;0.4;Perang Khandaq hingga Bani Mushthaliq
Abul Ash;PERSON;INVOLVED_IN;;Fathul Makkah;EVENT;000223-003;...g pada hadits dha'if ini, mereka menyatakan bahwa Abul Ash masuk Islam pada akhir tahun kedelapan sebelum Fathu Makkah. Lalu mereka membuat kontradiksi sendiri, bahwa Z...;416-418;1;0.5;Perang Mu'tah & Penaklukan Makkah
Jabir bin Abdullah;PERSON;INVOLVED_IN;;Perjanjian Hudaibiyah;EVENT;000223-005;...Maka kami menyerahkannya kepada beliau Penuturan Jabir ini menunjukkan bahwa peristiwa ini terjadi sebelum Hudaibiyah. Sebab orang-orang Muslim tidak lagi mengintai kafilah dagang Quraisy setelah perjanjian Hudaibiyah.;416-418;1;0.2;Hudaibiyah & Babak Baru Diplomasi
Perjanjian Hudaibiyah;EVENT;OCCURRED_AT;;Hudaibiyah;LOCATION;000223-005 | 000247-003;...i menunjukkan bahwa peristiwa ini terjadi sebelum Hudaibiyah. Sebab orang-orang Muslim tidak lagi mengintai kafilah dagang Quraisy setelah perjanjian Hudaibiyah.;416-418 | 453-456;2;0.3;Hudaibiyah & Babak Baru Diplomasi
Abdullah bin Ubay bin Salul;PERSON;INVOLVED_IN;;Perang Badr;EVENT;000225-001;"...abung bersama mereka dan membaca Al-Qur an. Namun Abdullah bin Ubay berkata, ""Duduk saja di rumahmu dan jangan mengganggu majelis Ini terjadi sebelum dia pura-pura masuk Islam. Sekalipun sudah menyatakan masuk Islam setelah Perang Badr, tetap saja dia menjadi musuh Allah dan Rasul- Ny...";420-424;1;0.2;Perang Badr & Dampaknya
Abdullah bin Ubay bin Salul;PERSON;INVOLVED_IN;;Perang Khandaq;EVENT;000225-004;...apan pun yang mereka kehendaki, di bawah pimpinan Abdullah bin Ubay. Rencana mereka yang jahat ini tampak jelas seusai Perang Ahzab, saat Rasulullah menikahi Ummul Mukminin Zainab b...;420-424;1;0.3;Perang Khandaq hingga Bani Mushthaliq
Zainab Binti Jahsy;PERSON;INVOLVED_IN;;Perang Khandaq;EVENT;000225-004;...Rencana mereka yang jahat ini tampak jelas seusai Perang Ahzab, saat Rasulullah menikahi Ummul Mukminin Zainab binti Jahsy, setelah dia diceraikan Zaid bin Haritsah, anak a...;420-424;1;0.5;Perang Khandaq hingga Bani Mushthaliq
Zaid bin Haritsah;PERSON;INVOLVED_IN;;Perang Khandaq;EVENT;000225-004;...Rencana mereka yang jahat ini tampak jelas seusai Perang Ahzab, saat Rasulullah menikahi Ummul Mukminin Zainab binti Jahsy, setelah dia diceraikan Zaid bin Haritsah, anak angkat beliau. Di antara tradisi yang berla...;420-424;1;0.5;Perang Khandaq hingga Bani Mushthaliq
Muhammad;PERSON;INVOLVED_IN;;Perang Bani Mushthaliq;EVENT;000225-005;...ntas tentang perilaku orang-orang munafik sebelum Perang Bani Mushthaliq. Sementara, Rasulullah menghadapi semua itu dengan sabar dan lemah lembu...;420-424;1;0.4;Perang Khandaq hingga Bani Mushthaliq
Perang Khandaq;EVENT;OCCURRED_ON;;Tahun 4 H;TIME;000227-004;...ang ada dua kejadian dalam sekali perjalanan pada tahun 4 H. Al-Allamah Al-Manshuri tidak setuju apabila pengiriman mereka ini dianggap sebagai pengiriman satuan pasukan. Inilah beberapa pengiriman satuan pasukan setelah Perang Ahzab dan Bani Quraizhah. Dalam pengiriman satuan-satua...;430-432;1;0.2;Perang Khandaq hingga Bani Mushthaliq
Perjanjian Hudaibiyah;EVENT;OCCURRED_AT;;Habasyah;LOCATION;000247-001;...an itu bukan teks surat yang ditulis Nabi setelah perjanjian Hudaibiyah, tetapi boleh jadi itu merupakan surat yang dibawa Ja'far ketika dia hijrah ke Habasyah bersama rekan-rekannya semasa periode Makkah. Apa...;453-456;1;0.5;Hudaibiyah & Babak Baru Diplomasi
Perjanjian Hudaibiyah;EVENT;OCCURRED_AT;;Makkah;LOCATION;000247-001;...an itu bukan teks surat yang ditulis Nabi setelah perjanjian Hudaibiyah, tetapi boleh jadi itu merupakan surat yang dibawa Ja'far ketika dia hijrah ke Habasyah bersama rekan-rekannya semasa periode Makkah. Apalagi di akhir surat itu disebutkan orang-oran...;453-456;1;0.5;Hudaibiyah & Babak Baru Diplomasi
Perjanjian Hudaibiyah;EVENT;OCCURRED_ON;;Tahun 6 H;TIME;000247-001;...ini bersama Amr bin Umayyah Adh-Dhamri pada akhir tahun 6 H, atau pada bulan Muharram tahun 7 H. Ath-Thabari telah menyebutkan teks surat itu, tetapi perlu penelitian lebih lanjut. Sebab ada kemungkinan itu bukan teks surat yang ditulis Nabi setelah perjanjian Hudaibiyah, tetapi boleh jadi itu merupakan surat yang dibaw...;453-456;1;0.2;Hudaibiyah & Babak Baru Diplomasi
Perjanjian Hudaibiyah;EVENT;OCCURRED_ON;;Bulan Muharram Tahun 7 H;TIME;000247-001;...mayyah Adh-Dhamri pada akhir tahun 6 H, atau pada bulan Muharram tahun 7 H. Ath-Thabari telah menyebutkan teks surat itu, tetapi perlu penelitian lebih lanjut. Sebab ada kemungkinan itu bukan teks surat yang ditulis Nabi setelah perjanjian Hudaibiyah, tetapi boleh jadi itu merupakan surat yang dibaw...;453-456;1;0.2;Hudaibiyah & Babak Baru Diplomasi
Amr Bin Umayyah;PERSON;INVOLVED_IN;;Perang Tabuk;EVENT;000247-005;...dia mengirim mereka dengan menumpang dua perahu. Amr bin Umayyah Adh-Dhamri juga ikut dalam rombongan itu, hingga mereka bertemu Nabi yang saat itu sedang berada di Khaibar. Raja Najasyi ini meninggal dunia pada bulan Rajab tahun 7 H, setelah Perang Tabuk. Beliau bersedih atas kematiannya dan mengucapkan...;453-456;1;0.2;Hunain, Tabuk & Puncak Kekuatan Islam
Muhammad;PERSON;INVOLVED_IN;;Perjanjian Hudaibiyah;EVENT;000254-007 | 000255-001;...n daripada surat-surat lain yang dikirimkan Surat Rasulullah kepada Muqaiqis kepada para raja. Menurut pendapat mayoritas, surat ini dikirimkan setelah Perjanjian Hudaibiyah. Jggwlacadya lslx=gahjl alsg Dengan surat-surat i...;465-469 | 470-472;2;0.3;Hudaibiyah & Babak Baru Diplomasi
Salamah bin Al-Akwa';PERSON;INVOLVED_IN;;Perjanjian Hudaibiyah;EVENT;000255-001;...ya. Ini merupakan peperangan yang meletus setelah Perjanjian Hudaibiyah dan sebelum Perang Khaibar. Al-Bukhari menyebutkan bahwa peperangan ini terjadi tiga hari sebelum Perang Khaibar. Muslim meriwayatkannya dari hadits Salamah bin Al-Akwa'. Mayoritas penulis sejarah peperangan menyebutka...;470-472;1;0.3;Hudaibiyah & Babak Baru Diplomasi
Salamah bin Al-Akwa';PERSON;INVOLVED_IN;;Perang Khaibar;EVENT;000255-001;...meletus setelah Perjanjian Hudaibiyah dan sebelum Perang Khaibar. Al-Bukhari menyebutkan bahwa peperangan ini terjadi tiga hari sebelum Perang Khaibar. Muslim meriwayatkannya dari hadits Salamah bin Al-Akwa'. Mayoritas penulis sejarah peperangan menyebutka...;470-472;1;0.4;Hudaibiyah & Babak Baru Diplomasi
Ibnu Ummi;PERSON;INVOLVED_IN;;Perang Khaibar;EVENT;000255-004;...aat perjalanan pulang ke Madinah. Beliau menunjuk Ibnu Ummi Maktum sebagai wakil beliau di Madinah dalam peperangan ini. Sedangkan bendera diserahkan kepada Al-Miqdad bin Amr. Lokasi Perang Khaibar Bekas benteng Yahudi Khaibar Bekas bangunan di Kh...;470-472;1;0.2;Hudaibiyah & Babak Baru Diplomasi
Al-Miqdad Bin Amr;PERSON;INVOLVED_IN;;Perang Khaibar;EVENT;000255-004;...perangan ini. Sedangkan bendera diserahkan kepada Al-Miqdad bin Amr. Lokasi Perang Khaibar Bekas benteng Yahudi Khaibar Bekas bangunan di Kh...;470-472;1;0.4;Hudaibiyah & Babak Baru Diplomasi
Amir Bin Al-Akwa;PERSON;INVOLVED_IN;;Perang Khaibar;EVENT;000263-001;"...syair itu?"" Tanya beliau. Orang-orang menjawab, ""Amir bin Al-Akwa'."" Beliau bersabda, ""Allah merahmatinya."" Mereka berkata, Memang sudah selayaknya dia mendapatkan surga wahai Nabi Allah, andaikan kami tidak bisa memberinya kesenangan."" Orang-orang sudah hafal, bahwa apabila Rasulullah memintakan ampunan bagi seseorang secara khusus, pasti orang itu akan mati syahid Dan, memang begitulah yang terjadi pada Perang Khaibar ini. 2. Di tengah perjalanan orang-orang menemuka...";476-477;1;0.5;Hudaibiyah & Babak Baru Diplomasi
Perang Khaibar;EVENT;OCCURRED_AT;;Hudaibiyah;LOCATION;000274-002;Karena bagaimanapun juga, harta rampasan dari Perang Khaibar ini juga tidak lepas dari peran orang-orang yang ikut dalam peristiwa Hudaibiyah. Setiap kuda yang ikut mendapat dua bagian, penun...;486-487;1;0.5;Hudaibiyah & Babak Baru Diplomasi
Khalid bin Al-Walid;PERSON;INVOLVED_IN;;Perang Mu'Tah;EVENT;000293-001;"...a. ""Aku tidak sanggup,"" jawabnya. Mereka menunjuk Khalid bin Al-Walid. Maka setelah mengambil bendera. dia bertempur dengan hebat dan gagah berani. Al-Bukhari meriwayatkan dari Khalid bin dia berkata, ""Ada sembilan pedang yang patah di tanganku pada waktu perang Mu'tah. Yang tinggal di tanganku hanya sebatang pedang l...";506-507;1;0.2;Perang Mu'tah & Penaklukan Makkah
Khalid Bin Dia;PERSON;INVOLVED_IN;;Perang Mu'Tah;EVENT;000293-001;"...at dan gagah berani. Al-Bukhari meriwayatkan dari Khalid bin dia berkata, ""Ada sembilan pedang yang patah di tanganku pada waktu perang Mu'tah. Yang tinggal di tanganku hanya sebatang pedang l...";506-507;1;0.5;Perang Mu'tah & Penaklukan Makkah
Muhammad;PERSON;INVOLVED_IN;;Perang Mu'Tah;EVENT;000293-001 | 000296-001 | 000357-002;...sembilan pedang yang patah di tanganku pada waktu perang Mu'tah. Yang tinggal di tanganku hanya sebatang pedang lebar model Yaman. Sebelum orang-orang di Madinah mendengar kabar dari kancah peperangan, Rasulullah telah bersabda mengabarkan apa yang terjadi denga...;506-507 | 508-510 | 577-590;3;0.5;Perang Mu'tah & Penaklukan Makkah
Perang Mu'Tah;EVENT;OCCURRED_AT;;Yaman;LOCATION;000293-001;...sembilan pedang yang patah di tanganku pada waktu perang Mu'tah. Yang tinggal di tanganku hanya sebatang pedang lebar model Yaman. Sebelum orang-orang di Madinah mendengar kabar d...;506-507;1;0.3;Perang Mu'tah & Penaklukan Makkah
Perang Mu'Tah;EVENT;OCCURRED_AT;;Syam;LOCATION;000296-001 | 000357-002;...ngetahui sikap beberapa kabilah Arab di pinggiran Syam yang berpihak kepada pasukan Romawi dalam menghadapi orang-orang Muslim semasa Perang Mu'tah, maka beliau merasa perlu untuk memisahkan Bari,...;508-510 | 577-590;2;0.5;Perang Mu'tah & Penaklukan Makkah
Amr bin Al-Ash;PERSON;INVOLVED_IN;;Perang Mu'Tah;EVENT;000296-001;...pas. Untuk melaksanakan tugas ini beliau menunjuk Amru bin Al-Ash. Sebab neneknya berasal dari Balli (salah satu kabilah di perbatasan Syam). Maka beliau mengutusnya untuk menemui mereka pada bulan Jumadal Akhirah 8 H seusai perang Mu'tah, dengan tujuan untuk membujuk dan melunakkan hati...;508-510;1;0.2;Perang Mu'tah & Penaklukan Makkah
Perang Mu'Tah;EVENT;OCCURRED_AT;;Madinah;LOCATION;000296-001;...emui mereka pada bulan Jumadal Akhirah 8 H seusai perang Mu'tah, dengan tujuan untuk membujuk dan melunakkan hati mereka. Ada yang berpendapat, sebelumnya ada informasi yang masuk bahwa penduduk Qudha'ah telah berhimpun dan hendak mendekati pinggiran Madinah Maka beliau mengutus Amru bin Al-Ash untuk mendat...;508-510;1;0.2;Perang Mu'tah & Penaklukan Makkah
Perang Mu'Tah;EVENT;OCCURRED_ON;;Bulan Jumadal;TIME;000296-001;...Maka beliau mengutusnya untuk menemui mereka pada bulan Jumadal Akhirah 8 H seusai perang Mu'tah, dengan tujuan untuk membujuk dan melunakkan hati...;508-510;1;0.5;Perang Mu'tah & Penaklukan Makkah
Perang Mu'Tah;EVENT;OCCURRED_ON;;8 H;TIME;000296-001;...a untuk menemui mereka pada bulan Jumadal Akhirah 8 H seusai perang Mu'tah, dengan tujuan untuk membujuk dan melunakkan hati...;508-510;1;0.5;Perang Mu'tah & Penaklukan Makkah
Abu Bakar;PERSON;INVOLVED_IN;;Perang Bani Al-Ashfar;EVENT;000301-001;"...au. Tak seorang pun yang mengetahui hal ini. Lalu Abu Bakar datang ke rumah Aisyah dan bertanya, ""Wahai putriku, untuk apa peralatan ini?"" ""Demi Allah, aku tidak tahu,"" jawab Aisyah. ""Demi Allah, yang seperti ini hanya terjadi pada Perang Bani Al-Ashfar. Kemana yang hendak dituju Rasulullah?"" ""Demi All...";515-517;1;0.2;Perang Mu'tah & Penaklukan Makkah
Aisyah;PERSON;INVOLVED_IN;;Perang Bani Al-Ashfar;EVENT;000301-001;"...engetahui hal ini. Lalu Abu Bakar datang ke rumah Aisyah dan bertanya, ""Wahai putriku, untuk apa peralatan ini?"" ""Demi Allah, aku tidak tahu,"" jawab Aisyah. ""Demi Allah, yang seperti ini hanya terjadi pada Perang Bani Al-Ashfar. Kemana yang hendak dituju Rasulullah?"" ""Demi All...";515-517;1;0.3;Perang Mu'tah & Penaklukan Makkah
Muhammad;PERSON;INVOLVED_IN;;Perang Bani Al-Ashfar;EVENT;000301-001;"...""Demi Allah, yang seperti ini hanya terjadi pada Perang Bani Al-Ashfar. Kemana yang hendak dituju Rasulullah?"" ""Demi Allah, aku tidak tahu,"" jawab Aisyah Pagi...";515-517;1;0.4;Perang Mu'tah & Penaklukan Makkah
Amr bin Salim;PERSON;INVOLVED_IN;;Perang Bani Al-Ashfar;EVENT;000301-001;"...""Demi Allah, yang seperti ini hanya terjadi pada Perang Bani Al-Ashfar. Kemana yang hendak dituju Rasulullah?"" ""Demi Allah, aku tidak tahu,"" jawab Aisyah Pagi-pagi pada hari ketiga, Amr bin Salim Al-Khuza'i datang bersama 40 orang penunggang, la...";515-517;1;0.2;Perang Mu'tah & Penaklukan Makkah
Abrahah;PERSON;INVOLVED_IN;;Perjanjian Hudaibiyah;EVENT;000320-004;...t pasukan penunggang gajah (pasukan yang dipimpin Abrahah) menyerang Ka'bah, dengan tujuan untuk menghancurkannya. Akibatnya, pasukan mereka hancur lebur seperti daun- daun yang habis dimakan ulat. Perjanjian Hudaibiyah merupakan permulaan dari sinyal datangnya kemenan...;532-536;1;0.2;Hudaibiyah & Babak Baru Diplomasi
Fathul Makkah;EVENT;OCCURRED_AT;;Makkah;LOCATION;000321-001;...selama kurang lebih dua puluh tahun. Penaklukkan Makkah merupakan hasil paling penting yang diraih orang- orang Muslim pada tahun-tahun itu. Alhasil, perjalanan hari dan udara Jazirah Arab berubah total. Penaklukan Makkah ini merupakan batas penentu antara batas sebelumn...;537;1;0.2;Perang Mu'tah & Penaklukan Makkah
Fathul Makkah;EVENT;OCCURRED_AT;;Jazirah Arab;LOCATION;000321-001;...hun-tahun itu. Alhasil, perjalanan hari dan udara Jazirah Arab berubah total. Penaklukan Makkah ini merupakan batas penentu antara batas sebelumn...;537;1;0.4;Perang Mu'tah & Penaklukan Makkah
Mas'Ud Bin Amr;PERSON;INVOLVED_IN;;Perang Tha'If;EVENT;000331-001;...mpan sementara waktu di Ji'ranah. Beliau menunjuk Mas'ud bin Amr Al-Ghifari sebagai penanggung jawabnya. Harta rampasan ini tidak dibagi kecuali sepulang dari perang Tha'if. Di antara para tawanan itu terdapat Asy-Syaima'...;543-544;1;0.3;Perang Uhud & Satuan Pasukan Pasca Uhud
Asy-Syaima' Binti Al-Harits;PERSON;INVOLVED_IN;;Perang Tha'If;EVENT;000331-001;...a rampasan ini tidak dibagi kecuali sepulang dari perang Tha'if. Di antara para tawanan itu terdapat Asy-Syaima' binti Al-Harits As- Sa' diyah, saudari sesusuan Nabi . Ketika wan...;543-544;1;0.4;Perang Uhud & Satuan Pasukan Pasca Uhud
Malik Bin Auf;PERSON;INVOLVED_IN;;Perang Hunain;EVENT;000332-001;...katnya merupakan perpanjangan dan kelanjutan dari Perang Hunain. Sebab mayoritas pelarian Hawazin dan Tsaqif masuk ke Tha'if bersama komandan tertinggi mereka, Malik bin Auf An-Nashri. Mereka bertahan di sana. Karena itu Ra...;544-545;1;0.3;Hunain, Tabuk & Puncak Kekuatan Islam
Muhammad;PERSON;INVOLVED_IN;;Perang Hunain;EVENT;000332-001;...katnya merupakan perpanjangan dan kelanjutan dari Perang Hunain. Sebab mayoritas pelarian Hawazin dan Tsaqif masuk ke Tha'if bersama komandan tertinggi mereka, Malik bin Auf An-Nashri. Mereka bertahan di sana. Karena itu Rasulullah beranjak ke Tha'if seusai dari Hunain dan setelah...;544-545;1;0.2;Hunain, Tabuk & Puncak Kekuatan Islam
Muhammad;PERSON;INVOLVED_IN;;Perang Tabuk;EVENT;000351-001 | 000357-011 | 000357-012;...mang beberapa kabilah Arab mengirim utusan kepada Rasulullah setelah perang penaklukan Makkah dan bahkan sejak sebelumnya. Tetapi setelah Perang Tabuk ini, pengiriman utusan kepada beliau lebih intens...;570 | 577-590;3;1.0;Hunain, Tabuk & Puncak Kekuatan Islam
Perang Uhud;EVENT;OCCURRED_AT;;Hunain;LOCATION;000355-001;...nal di dunia. Adapun peristiwa yang terjadi dalam Perang Uhud dan Hunain lebih disebabkan karena kelemahan di dalam diri a...;573-575;1;0.5;Perang Uhud & Satuan Pasukan Pasca Uhud
Muhammad;PERSON;INVOLVED_IN;;Perang Tha'If;EVENT;000357-004 | 000357-007;Dulunya dia suka menyerang Rasulullah lewat syair-syairnya. Setelah beliau pulang dari Perang Tha'if pada tahun 8 H, Ka'b bin Zuhair dikirimi surat ol...;577-590;2;0.5;Perang Uhud & Satuan Pasukan Pasca Uhud
Ka'B Bin Zuhair;PERSON;INVOLVED_IN;;Perang Tha'If;EVENT;000357-004;...lewat syair-syairnya. Setelah beliau pulang dari Perang Tha'if pada tahun 8 H, Ka'b bin Zuhair dikirimi surat oleh saudaranya sendiri, Bujair bi...;577-590;1;0.5;Perang Uhud & Satuan Pasukan Pasca Uhud
Bujair Bin Zuhair;PERSON;INVOLVED_IN;;Perang Tha'If;EVENT;000357-004;"...lewat syair-syairnya. Setelah beliau pulang dari Perang Tha'if pada tahun 8 H, Ka'b bin Zuhair dikirimi surat oleh saudaranya sendiri, Bujair bin Zuhair, yang isinya: ""Rasulullah membunuh beberapa orang...";577-590;1;0.5;Perang Uhud & Satuan Pasukan Pasca Uhud
Perang Tha'If;EVENT;OCCURRED_AT;;Makkah;LOCATION;000357-004;"...lewat syair-syairnya. Setelah beliau pulang dari Perang Tha'if pada tahun 8 H, Ka'b bin Zuhair dikirimi surat oleh saudaranya sendiri, Bujair bin Zuhair, yang isinya: ""Rasulullah membunuh beberapa orang di Makkah yang dulunya suka menyerang dan mengolok-olok bel...";577-590;1;0.5;Perang Uhud & Satuan Pasukan Pasca Uhud
Urwah Bin Mas'Ud;PERSON;INVOLVED_IN;;Perang Tha'If;EVENT;000357-007;...elakang keislaman mereka, karena pemimpin mereka, Urwah bin Mas'ud, Ats-Tsaqafi membuntuti Rasulullah sepulang dari Perang Tha'if pada bulan Dzul Hijjah 8 H. Sebelum tiba di Madin...;577-590;1;0.5;Perang Uhud & Satuan Pasukan Pasca Uhud
Perang Tha'If;EVENT;OCCURRED_ON;;Bulan Ramadhan 9 H;TIME;000357-007;"...lagi."" 8. Utusan dari Tsaqif. Mereka datang pada bulan Ramadhan 9 H, sepulang Rasulullah dari Tabuk. Adapun latar belakang keislaman mereka, karena pemimpin mereka, Urwah bin Mas'ud, Ats-Tsaqafi membuntuti Rasulullah sepulang dari Perang Tha'if pada bulan Dzul Hijjah 8 H. Sebelum tiba di Madin...";577-590;1;0.2;Perang Uhud & Satuan Pasukan Pasca Uhud
Al-Harits Bin Abdi;PERSON;INVOLVED_IN;;Perang Tabuk;EVENT;000357-011;...9. Surat dari raja-raja Yaman. Sepulang Nabi dari Perang Tabuk, datang surat dari raja-raja Himyar. Raja-raja itu adalah Al-Harits bin Abdi Kulal, An- Nu'man bin Qail Dzu Ru'ain, Hamdan dan...;577-590;1;0.3;Hunain, Tabuk & Puncak Kekuatan Islam
An- Nu'Man Bin Qail;PERSON;INVOLVED_IN;;Perang Tabuk;EVENT;000357-011;...9. Surat dari raja-raja Yaman. Sepulang Nabi dari Perang Tabuk, datang surat dari raja-raja Himyar. Raja-raja itu adalah Al-Harits bin Abdi Kulal, An- Nu'man bin Qail Dzu Ru'ain, Hamdan dan Ma'afir. Adapun yang menja...;577-590;1;0.3;Hunain, Tabuk & Puncak Kekuatan Islam
Mu'adz bin Jabal;PERSON;INVOLVED_IN;;Perang Tabuk;EVENT;000357-012;...eberapa orang dari sahabat ke sana, yang dipimpin Mu'adz bin Jabal. 10. Utusan dari Hamdan. Para utusan ini datang pada tahun 9 H, sepulang Nabi dari Perang Tabuk. Beliau menulis sebuah perjanjian bagi mereka dan...;577-590;1;0.3;Hunain, Tabuk & Puncak Kekuatan Islam
Malik Bin An-Namath;PERSON;INVOLVED_IN;;Perang Tabuk;EVENT;000357-012;...san ini datang pada tahun 9 H, sepulang Nabi dari Perang Tabuk. Beliau menulis sebuah perjanjian bagi mereka dan memberikan apa yang mereka minta. Beliau menunjuk Malik bin An-Namath sebagai pemimpin mereka, khususnya bagi kaumnya y...;577-590;1;0.2;Hunain, Tabuk & Puncak Kekuatan Islam
Perang Tabuk;EVENT;OCCURRED_ON;;Tahun 9 H;TIME;000357-012;.... Utusan dari Hamdan. Para utusan ini datang pada tahun 9 H, sepulang Nabi dari Perang Tabuk. Beliau menulis sebuah perjanjian bagi mereka dan...;577-590;1;0.5;Hunain, Tabuk & Puncak Kekuatan Islam
Abul Ash Bin Ar-Rabi;PERSON;INVOLVED_IN;;Perang Badr;EVENT;000375-001;...tsum, dan Fathimah. Zainab dinikahi anak bibinya, Abul Ash bin Ar-Rabi', sebelum hijrah. Sedangkan Ruqayyah dan Ummu Kultsum dinikahi Utsman bin Affan tidak secara bersamaan. Sedangkan Fathimah dinikahi Ali bin Abu Thalib pada waktu antara Perang Badr dan Uhud. Dari pernikahan Fathimah dan Ali ini la...;611;1;0.2;Perang Badr & Dampaknya
Ummu Kultsum;PERSON;INVOLVED_IN;;Perang Badr;EVENT;000375-001;...Ar-Rabi', sebelum hijrah. Sedangkan Ruqayyah dan Ummu Kultsum dinikahi Utsman bin Affan tidak secara bersamaan. Sedangkan Fathimah dinikahi Ali bin Abu Thalib pada waktu antara Perang Badr dan Uhud. Dari pernikahan Fathimah dan Ali ini la...;611;1;0.3;Perang Badr & Dampaknya
Utsman bin Affan;PERSON;INVOLVED_IN;;Perang Badr;EVENT;000375-001;...rah. Sedangkan Ruqayyah dan Ummu Kultsum dinikahi Utsman bin Affan tidak secara bersamaan. Sedangkan Fathimah dinikahi Ali bin Abu Thalib pada waktu antara Perang Badr dan Uhud. Dari pernikahan Fathimah dan Ali ini la...;611;1;0.3;Perang Badr & Dampaknya
Ali bin Abu Thalib;PERSON;INVOLVED_IN;;Perang Badr;EVENT;000375-001;...dak secara bersamaan. Sedangkan Fathimah dinikahi Ali bin Abu Thalib pada waktu antara Perang Badr dan Uhud. Dari pernikahan Fathimah dan Ali ini la...;611;1;0.5;Perang Badr & Dampaknya
Hasan bin Ali;PERSON;INVOLVED_IN;;Perang Badr;EVENT;000375-001;...mah dinikahi Ali bin Abu Thalib pada waktu antara Perang Badr dan Uhud. Dari pernikahan Fathimah dan Ali ini lahir Hasan, Husain, Zainab, dan Ummu Kultsum Sebagaimana yan...;611;1;0.3;Perang Badr & Dampaknya
Husain bin Ali;PERSON;INVOLVED_IN;;Perang Badr;EVENT;000375-001;...mah dinikahi Ali bin Abu Thalib pada waktu antara Perang Badr dan Uhud. Dari pernikahan Fathimah dan Ali ini lahir Hasan, Husain, Zainab, dan Ummu Kultsum Sebagaimana yang sudah...;611;1;0.3;Perang Badr & Dampaknya
Khunais Bin Hudzafah;PERSON;INVOLVED_IN;;Perang Badr;EVENT;000378-001;Dia ditinggal mati suaminya, Khunais bin Hudzafah As-Sahmi, pada waktu antara Perang Badr dan Uhud, lalu dinikahi Rasulullah pada tahun 3 H;612;1;0.5;Perang Badr & Dampaknya
Perang Badr;EVENT;OCCURRED_ON;;Tahun 3 H;TIME;000378-001;...Khunais bin Hudzafah As-Sahmi, pada waktu antara Perang Badr dan Uhud, lalu dinikahi Rasulullah pada tahun 3 H;612;1;0.5;Perang Badr & Dampaknya
Hilal Bin Amir Bin Sha'Sha'Ah;PERSON;INVOLVED_IN;;Perang Uhud;EVENT;000379-001;Dia berasal dari Bani Hilal bin Amir bin Sha'sha'ah, yang dijuluki Ummul Masakin (ibunda orang-orang miskin), karena kasih sayang dan kemurahan hatinya terhadap mereka. Sebelum itu dia adalah istri Abdullah bin Jahsy, yang mati syahid pada Perang Uhud, lalu dinikahi Rasulullah pada tahun 4 H. Namun d...;612;1;0.2;Perang Uhud & Satuan Pasukan Pasca Uhud
Abdullah bin Jahsy;PERSON;INVOLVED_IN;;Perang Uhud;EVENT;000379-001;...nya terhadap mereka. Sebelum itu dia adalah istri Abdullah bin Jahsy, yang mati syahid pada Perang Uhud, lalu dinikahi Rasulullah pada tahun 4 H. Namun d...;612;1;0.5;Perang Uhud & Satuan Pasukan Pasca Uhud
Perang Uhud;EVENT;OCCURRED_ON;;Tahun 4 H;TIME;000379-001;...h istri Abdullah bin Jahsy, yang mati syahid pada Perang Uhud, lalu dinikahi Rasulullah pada tahun 4 H. Namun dia meninggal dunia dua atau tiga bulan se...;612;1;0.5;Perang Uhud & Satuan Pasukan Pasca Uhud
Ummu Salamah;PERSON;INVOLVED_IN;;Perang Uhud;EVENT;000385-003;...rmusuhan beberapa kabilah terhadap Islam. Setelah Ummu Salamah dari Bani Makhzum yang satu perkampungan dengan Abu Jahl dan Khalid bin Walid dinikahi Rasulullah , membuat sikap Khalid bin Al-Walid tidak segarang sikapnya sewaktu Perang Uhud. Bahkan akhirnya dia masuk Islam tak lama setelah...;613-618;1;0.5;Perang Uhud & Satuan Pasukan Pasca Uhud
Abu Jahal;PERSON;INVOLVED_IN;;Perang Uhud;EVENT;000385-003;...h dari Bani Makhzum yang satu perkampungan dengan Abu Jahl dan Khalid bin Walid dinikahi Rasulullah , membuat sikap Khalid bin Al-Walid tidak segarang sikapnya sewaktu Perang Uhud. Bahkan akhirnya dia masuk Islam tak lama setelah...;613-618;1;0.5;Perang Uhud & Satuan Pasukan Pasca Uhud
Khalid bin Al-Walid;PERSON;INVOLVED_IN;;Perang Uhud;EVENT;000385-003;...akhzum yang satu perkampungan dengan Abu Jahl dan Khalid bin Walid dinikahi Rasulullah , membuat sikap Khalid bin Al-Walid tidak segarang sikapnya sewaktu Perang Uhud. Bahkan akhirnya dia masuk Islam tak lama setelah...;613-618;1;0.5;Perang Uhud & Satuan Pasukan Pasca Uhud
Haritsah Bin Amr;PERSON;KELUARGA;anak;Haritsah Bin Tsa'Labah;PERSON;000002-002;...lah Aus dan Khazraj, yang merupakan dua dari anak Haritsah bin Tsa'labah. Di antara keturunan mereka yang bernama Haritsah bin Amr atau Khuza'ah dan anak keturunannya berpindah ke...;35-42;1;0.55;
Ibrahim;PERSON;KELUARGA;orangtua;Isma'Il;PERSON;000002-007 | 000002-008;...seorang wanita dari golongan mereka. Saat itu ibu Isma'il sudah meninggal dunia. Suatu saat Ibrahim hendak menjenguk keluarga yang ditinggalkannya Ma...;35-42;2;0.55;
Mudhadh bin Amr;PERSON;KELUARGA;pasangan;Isma'Il;PERSON;000002-008;...ya dan kawin lagi dengan wanita lain, yaitu putri Mudhadh bin Amru, pemimpin dan pemuka kabilah Setelah perkawinan Isma'il yang kedua ini, Ibrahim datang lagi, namun tidak bisa bertemu dengan Isma'il. Beliau bertanya kepada istri Isma'il tentang kea...;35-42;1;0.55;
Muhammad Bin Abdullah Bin Abdul Muththalib Bin Hasyim;PERSON;KELUARGA;anak;Ibrahim;PERSON;000002-011;"...m. Hasyim adalah keluarga yang dipilih Allah bagi Muhammad bin Abdullah bin Abdul Muththalib bin Hasyim. Rasulullah pernah bersabda, ""Sesungguhnya Allah telah memilih Isma'il dari anak Ibrahim, memilih Kinanah dari anak Isma 'il, memilih Qura...";35-42;1;0.55;
Muhammad;PERSON;KELUARGA;anak;Ibrahim;PERSON;000002-011;"...mad bin Abdullah bin Abdul Muththalib bin Hasyim. Rasulullah pernah bersabda, ""Sesungguhnya Allah telah memilih Isma'il dari anak Ibrahim, memilih Kinanah dari anak Isma 'il, memilih Qura...";35-42;1;0.55;
Isma'Il;PERSON;KELUARGA;anak;Ibrahim;PERSON;000002-011;"...ernah bersabda, ""Sesungguhnya Allah telah memilih Isma'il dari anak Ibrahim, memilih Kinanah dari anak Isma 'il, memilih Qura...";35-42;1;0.55;
Hanifah Bin Sha'B Bin Ali Bin Bakr;PERSON;KELUARGA;anak;Bakr Bin Wa'Il;PERSON;000002-012;...s dan daerah yang subur. Abdul Qais dan anak-anak Bakr bin Wa'il serta anak-anak Tamim pindah ke Bahrain dan menetap di sana. Sedangkan Bani Hanifah bin Sha'b bin Ali bin Bakr pindah ke Yamamah dan menetap di Hijr, ibukota Ya...;35-42;1;0.55;
Mudhadh bin Amr;PERSON;KELUARGA;anak;Isma'Il;PERSON;000007-001;...dar. Ada yang berpendapat sebaliknya. Setelah itu Mudhadh bin Amr Al-Jurhumi. Maka. kepemimpinan Makkah beralih ke tangan orang-orang Jurhum dan terus berada di tangan mereka. Anak-anak Isma'il merupakan titik pusat kemuliaan. Sebab ayahnyalah...;48-53;1;0.55;
Adi Bin An-Najjar;PERSON;KELUARGA;pasangan;Salma Binti Amru;PERSON;000017-001;...untuk berdagang. Setiba di Madinah, dia menikahi Salma binti Amru, dari Bani Adi bin An-Najjar dan menetap di sana bersama istrinya itu. Lalu di...;74-80;1;0.55;
Fathimah Binti Amr Bin A'Idz Bin Imran Bin Makhzum Bin Yaqzhah Bin Murrah;PERSON;KELUARGA;anak;Abdul Muththalib;PERSON;000017-010;Ibunya adalah Fathimah binti Amr bin A'idz bin Imran bin Makhzum bin Yaqzhah bin Murrah. Abdullah adalah anak Abdul Muththalib yang paling bagus dan paling dicintainya. Abdulla...;74-80;1;0.55;
Bilal bin Rabah;PERSON;SAHABAT;sekutu;Abu Thalib;PERSON;000025-001;...han yang amat mencolok. Sebab boleh jadi saat itu Bilal belum lahir. Kalaupun sudah lahir, tidak bakalan dia bergabung bersama Abu Thalib atau pun Abu Bakar. Lihat peperangan ini, dengan...;87-88;1;0.55;
Abu Bakar;PERSON;SAHABAT;sekutu;Abu Thalib;PERSON;000025-001;...sudah lahir, tidak bakalan dia bergabung bersama Abu Thalib atau pun Abu Bakar. Lihat peperangan ini, dengan cara mengumpulkan a...;87-88;1;0.55;
Muhammad;PERSON;KELUARGA;anak;Khadijah;PERSON;000027-001;Pada awal masa remaja, Rasulullah tidak mempunyai pekerjaan tetap Hanya saja beberapa riwayat menyebutkan beliau biasa menggembala kambing di kalangan Bani Sa'd dan juga di Makkah dengan imbalan uang beberapa Pada usia dua puluh lima tahun, beliau pergi berdagang ke Syam menjalankan barang dagang milik Khadijah. Ibnu Ishaq menuturkan Khadijah binti Khuwailid a...;89;1;0.55;
Nafisah Binti Munyah;PERSON;KELUARGA;pasangan;Khadijah;PERSON;000028-001;...au. Tiba-tiba saja dia teringat seorang rekannya, Nafisah binti Munyah Dia meminta agar rekannya ini menemui beliau dan membuka jalan agar mau menikah dengan Khadijah. Ternyata beliau menerima tawaran itu, lalu belia...;89-90;1;0.55;
Jabir bin Abdullah;PERSON;SAHABAT;sekutu;Abbas;PERSON;000030-003;"...gin berbuat hal yang Al-Bukhari meriwayatkan dari Jabir bin Abdullah, dia berkata ""Tatkala Ka'bah sedang direnovasi, Nabi ikut bergabung bersama Abbas, mengambil batu. Abbas berkata kepada beliau, ""An...";92-93;1;0.55;
Waraqah bin Naufal;PERSON;KELUARGA;paman/bibi;Khadijah;PERSON;000032-005 | 000032-006;"...ong orang yang menegakkan kebenaran."" Selanjutnya Khadijah membawa beliau pergi menemui Waraqah bin Naufal bin Asad bin Abdul Uzza, anak paman Khadijah.";95-99;2;0.55;
Khadijah;PERSON;KELUARGA;anak;Waraqah bin Naufal;PERSON;000032-006;"...ong orang yang menegakkan kebenaran."" Selanjutnya Khadijah membawa beliau pergi menemui Waraqah bin Naufal bin Asad bin Abdul Uzza, anak paman Khadijah. Waraqah adalah seorang Nashrani semasa Jahiliyah. Dia men...";95-99;1;0.55;
Waraqah bin Naufal;PERSON;KELUARGA;anak;Waraqah bin Naufal;PERSON;000032-006;...Selanjutnya Khadijah membawa beliau pergi menemui Waraqah bin Naufal bin Asad bin Abdul Uzza, anak paman Khadijah. Waraqah adalah seorang Nashrani semasa Jahiliyah. Dia men...;95-99;1;0.55;
Waraqah bin Naufal;PERSON;KELUARGA;paman/bibi;Khadijah;PERSON;000032-006;...ah bin Naufal bin Asad bin Abdul Uzza, anak paman Khadijah. Waraqah adalah seorang Nashrani semasa Jahiliyah. Dia men...;95-99;1;0.55;
Ummul Mukminin;PERSON;KELUARGA;anak;Khadijah;PERSON;000039-001;...ma-tama masuk Islam). Mereka adalah istri beliau, Ummul Mukminin Khadijah binti Khuwailid, pembantu beliau, Zaid bin Haritsah bin Syurahbil anak paman beliau, Ali bin Abu Thalib, yang saat itu Ali masih 63_ Dulunya dia merupakan tawanan lalu dijadikan budak dan dimiliki Khadijah. Kemudian Khadijah memberikan kepada Rasulullah....;106-108;1;0.55;
Zaid Bin Haritsah Bin Syurahbil;PERSON;KELUARGA;anak;Khadijah;PERSON;000039-001;...kminin Khadijah binti Khuwailid, pembantu beliau, Zaid bin Haritsah bin Syurahbil anak paman beliau, Ali bin Abu Thalib, yang saat itu Ali masih 63_ Dulunya dia merupakan tawanan lalu dijadikan budak dan dimiliki Khadijah. Kemudian Khadijah memberikan kepada Rasulullah....;106-108;1;0.55;
Abdullah;PERSON;KELUARGA;anak;Abu Lahab;PERSON;000049-002;...ancaman keras. Tidak ada pilihan bagi kedua anak Abu Lahab kecuali menceraikan istrinya Setelah Abdullah, putra Rasulullah yang kedua meninggal dunia, Abu...;121-129;1;0.55;
Muhammad;PERSON;KELUARGA;anak;Abu Lahab;PERSON;000049-002 | 000049-004;...ancaman keras. Tidak ada pilihan bagi kedua anak Abu Lahab kecuali menceraikan istrinya Setelah Abdullah, putra Rasulullah yang kedua meninggal dunia, Abu Lahab merasa sena...;121-129;2;0.55;
Ummu Jamil Binti Harb Bin Umayyah;PERSON;KELUARGA;pasangan;Abu Lahab;PERSON;000049-003;...bahwa tidak hanya pendustaan saja yang dilakukan Abu Lahab, tetapi dia melempari beliau dengan batu, hingga sempat membuat kedua tumit beliau berdarah. Istri Abu Lahab, Ummu Jamil binti Harb bin Umayyah, saudari Abu Sufy an, tidak kalah sengitnya dalam...;121-129;1;0.55;
Abu Sufyan bin Harb;PERSON;KELUARGA;pasangan;Abu Lahab;PERSON;000049-003;...sempat membuat kedua tumit beliau berdarah. Istri Abu Lahab, Ummu Jamil binti Harb bin Umayyah, saudari Abu Sufy an, tidak kalah sengitnya dalam memerangi beliau...;121-129;1;0.55;
Muhammad;PERSON;SAHABAT;sekutu;Abu Bakar Ash-;PERSON;000049-003;...g dirinya dan suaminya, maka dia langsung mencari Rasulullah , yang saat itu beliau sedang duduk di masjid di dekat Ka'bah bersama Abu Bakar Ash- Shiddiq. Dia membawa segenggam batu. Selagi dia s...;121-129;1;0.55;
Abu Bakar;PERSON;KELUARGA;pasangan;Abu Lahab;PERSON;000049-004;"...hadap agamanya kami membenci, "" Setelah itu istri Abu Lahab membalikkan badan pulang. Sedangkan Abu Bakar bertanya kepada beliau, ""Wahai Rasulullah, tidakl...";121-129;1;0.55;
Ubay Bin Khalaf;PERSON;KELUARGA;saudara;Umayyah Bin Khalaf;PERSON;000049-007;...ara sembunyi-sembunyi atau mengganggunya. Saudara Umayyah bin Khalaf, Ubay bin Khalaf, tak jauh berbeda dengan Uqbah bin Abu Mu'ith. Su...;121-129;1;0.55;
Uqbah bin Abu Mu'aith;PERSON;KELUARGA;saudara;Umayyah Bin Khalaf;PERSON;000049-007;...ara sembunyi-sembunyi atau mengganggunya. Saudara Umayyah bin Khalaf, Ubay bin Khalaf, tak jauh berbeda dengan Uqbah bin Abu Mu'ith. Suatu kali Uqbah mengintip di dekat Nabi dan men...;121-129;1;0.55;
Utsman bin Affan;PERSON;KELUARGA;orangtua;Mush'ab bin Umair;PERSON;000049-010;...k Islam dari kalangan orang awam dan lemah. Paman Utsman bin Affan pernah diselubungi tikar dari daun korma, lalu diasapi dari bawahnya. Tatkala ibu Mush'ab bin Umair tahu anaknya masuk Islam, maka dia tidak diberi m...;121-129;1;0.55;
Umar bin Al-Khaththab;PERSON;MUSUH;musuh;Muhammad;PERSON;000057-004 | 000198-002;"...t riwayat Ibnu Abbas. ""Hendak kemana engkau wahai Umar?"" ""Aku akan menghabisi Muhammad,"" jawabnya .Apa yang bisa menjamin keamanan dirimu dari pembalasan Bani Hasyim dan Bani Zuhrah jika engkau membunuh Muhammad?"" Menurut pengamatanku, rupanya engkau telah kelu...";142-148 | 359-360;2;0.55;
Hamzah bin Abdul Muththalib;PERSON;KELUARGA;anak;Abu Thalib;PERSON;000064-001;"...ni merupakan utusan Quraisy terakhir yang menemui Abu Thalib Ibnu Ishaq dan lain-lainnya menuturkan, tatkala Abu Thalib sakit dan orang- orang Quraisy mengkhaw atirkan keadaannya, mereka pun saling kasak-kusuk ""Sesungguhnya Hamzah dan Umar sudah masuk Islam. Sementara masalah Muh...";157-159;1;0.55;
Umar bin Al-Khaththab;PERSON;KELUARGA;anak;Abu Thalib;PERSON;000064-001;"...ni merupakan utusan Quraisy terakhir yang menemui Abu Thalib Ibnu Ishaq dan lain-lainnya menuturkan, tatkala Abu Thalib sakit dan orang- orang Quraisy mengkhaw atirkan keadaannya, mereka pun saling kasak-kusuk ""Sesungguhnya Hamzah dan Umar sudah masuk Islam. Sementara masalah Muhammad sud...";157-159;1;0.55;
Muhammad;PERSON;KELUARGA;pasangan;Saudah Binti Zam'Ah;PERSON;000068-001;Pada bulan Syawwal tahun kesepuluh dari nubuwah, Rasulullah menikahi Saudah binti Zam'ah. Dia termasuk orang-orang yang lebih dahulu masuk...;163;1;0.55;
Sakran Bin Amr;PERSON;KELUARGA;pasangan;Saudah Binti Zam'Ah;PERSON;000068-001;...tahun kesepuluh dari nubuwah, Rasulullah menikahi Saudah binti Zam'ah. Dia termasuk orang-orang yang lebih dahulu masuk Islam, ikut hijrah ke Habasyah yang kedua. Mantan suaminya adalah As. Sakran bin Amr, yang juga masuk Islam dan hijrah bersamanya pula...;163;1;0.55;
Muhammad;PERSON;KELUARGA;anak;Ummu Jamil;PERSON;000071-005;"...olaknya dan bertanya, ""Apa yang terjadi pada diri Rasulullah ?"" ""Kalau begitu ibu harus pergi menemui Ummu Jamil binti Al-Khaththab. Tanyakan kepadanya!' Ummul Khair pergi menemui Ummu Jamil, lalu bertanya kepadanya, ""Sesungguhnya Abu Bakar...";165-168;1;0.55;
Muhammad;PERSON;KELUARGA;pasangan;Aisyah;PERSON;000079-003;"...umah pun di Madinah melainkan sudah menyebut nama Rasulullah 117 Zadul-Ma'ad, 2/50; Sirah An-Nabawiyah, Ibnu Hisyam, 1/429-541. Pada tahun kesebelas dari nubuwah itu, beliau menikahi Aisyah yang saat itu umurnya 6 tahun. Lalu beliau berkum...";188-190;1;0.55;
Adam;PERSON;SAHABAT;sekutu;Jibril;PERSON;000080-002;...Baitul Maqdis beliau naik ke langit dunia bersama Jibril. Jibril meminta izin agar dibukakan. Maka pintu langit dibukakan baginya Di sana beliau melihat Adam, bapak sekalian manusia. Beliau mengucapkan salam...;191-197;1;0.55;
As'ad bin Zurarah;PERSON;SAHABAT;sekutu;Mush'ab bin Umair;PERSON;000083-001;...ambarkan keberhasilan dakwahnya, bahwa suatu hari As'ad bin Zurarah pergi bersama Mush'ab dengan tujuan perkampungan Bani Abdul Asyhal dan...;199-202;1;0.55;
Jabir bin Abdullah;PERSON;KELUARGA;anak;As'ad bin Zurarah;PERSON;000087-001;"...ah pelaksanaan baiat dengan cara berjabat tangan. Jabir berkata setelah menuturkan apa yang disampaikan As'ad bin Zurarah, ""Mereka bertanya, ""Wahai As'ad. demi Allah, ulurkanlah tanganmu. Demi Allah kami...";206;1;0.55;
As'ad bin Zurarah;PERSON;SAHABAT;sekutu;Mush'ab bin Umair;PERSON;000087-001;...ia pun menjadi mantap karenanya. Dengan kedudukan As'ad sebagai da'i yang ulung bersama Mush'ab bin Umair, maka secara otomatis dia pun dinobatkan sebagai...;206;1;0.55;
Umar bin Al-Khaththab;PERSON;SAHABAT;sekutu;Abu Jahal;PERSON;000089-004;"...Iyasy memutuskan untuk kembali ke Makkah bersama Abu Jahal dan Al-Harits, agar ibunya menghentikan nadzarnya. Maka Umar berkata kepadanya, ""Kalau memang itu pilihanmu, m...";210-213;1;0.55;
Muhammad;PERSON;SAHABAT;sekutu;Abu Bakar;PERSON;000096-002 | 000144-001;...g memiliki dua bagian ikat pinggang). Selanjutnya Rasulullah berangkat bersama Abu Bakar dan Amir bin Fuhairah. Abullah bin Uraiqith yang...;223-229 | 300-302;2;0.55;
Amir Bin Fuhairah;PERSON;SAHABAT;sekutu;Abu Bakar;PERSON;000096-002;...nggang). Selanjutnya Rasulullah berangkat bersama Abu Bakar dan Amir bin Fuhairah. Abullah bin Uraiqith yang menjadi penunjuk jalan...;223-229;1;0.55;
Abdullah bin Uraiqith;PERSON;SAHABAT;sekutu;Abu Bakar;PERSON;000096-002;...nggang). Selanjutnya Rasulullah berangkat bersama Abu Bakar dan Amir bin Fuhairah. Abullah bin Uraiqith yang menjadi penunjuk jalan mengambil jalan pesis...;223-229;1;0.55;
Amar bin Al-Hadhrami;PERSON;KELUARGA;anak;Abdullah Bin Al-Mughirah;PERSON;000114-007;...dagangan. Turut serta dalam rombongan itu adalah Amr bin Al-Hadhrami, Utsman dan Naufal, kedua anak Abdullah bin Al-Mughirah. Al-Hakam bin Kaisan, budak Bani Al-Mughirah. Ora...;256-265;1;0.55;
Utsman bin Affan;PERSON;KELUARGA;anak;Abdullah Bin Al-Mughirah;PERSON;000114-007;...a dalam rombongan itu adalah Amr bin Al-Hadhrami, Utsman dan Naufal, kedua anak Abdullah bin Al-Mughirah. Al-Hakam bin Kaisan, budak Bani Al-Mughirah. Ora...;256-265;1;0.55;
Al-Hakam Bin Kaisan;PERSON;KELUARGA;anak;Abdullah Bin Al-Mughirah;PERSON;000114-007;...mr bin Al-Hadhrami, Utsman dan Naufal, kedua anak Abdullah bin Al-Mughirah. Al-Hakam bin Kaisan, budak Bani Al-Mughirah. Orang-orang Muslim bermu...;256-265;1;0.55;
Al-Miqdad Bin Al-Aswad;PERSON;SAHABAT;sekutu;Ali bin Abu Thalib;PERSON;000116-001;...milik Az Zubair bin Al-Awwam dan satu lagi milik Al-Miqdad bin Al-Aswad Al-Kindi Sedangkan ontanya ada 70 ekor. Satu ekor dinaiki dua atau tiga orang. Sementara Rasulullah naik seekor onta bersama Ali bin Abu Thalib dan Martsad bin Abu Martsad Al-Ghanaw. Beliau men...;267;1;0.55;
Muhammad;PERSON;SAHABAT;sekutu;Ali bin Abu Thalib;PERSON;000116-001;...Satu ekor dinaiki dua atau tiga orang. Sementara Rasulullah naik seekor onta bersama Ali bin Abu Thalib dan Martsad bin Abu Martsad Al-Ghanaw. Beliau men...;267;1;0.55;
Martsad Bin Abu Martsad;PERSON;SAHABAT;sekutu;Ali bin Abu Thalib;PERSON;000116-001;...ng. Sementara Rasulullah naik seekor onta bersama Ali bin Abu Thalib dan Martsad bin Abu Martsad Al-Ghanaw. Beliau mengangkat Ibnu Ummi Maktum men...;267;1;0.55;
Ibnu Ummi;PERSON;SAHABAT;sekutu;Ali bin Abu Thalib;PERSON;000116-001;...ng. Sementara Rasulullah naik seekor onta bersama Ali bin Abu Thalib dan Martsad bin Abu Martsad Al-Ghanaw. Beliau mengangkat Ibnu Ummi Maktum menjadi wakil beliau di Madinah Namun seti...;267;1;0.55;
Utbah bin Rabi'ah;PERSON;MUSUH;musuh;Muhammad;PERSON;000129-003;"...rang-orang ini menjadi terpecah karena dia."" Lalu Utbah bin Rabi'ah berdiri di hadapan mereka dan berkata, ""Wahai semua orang Quraisy, demi Allah, sebenarnya tak ada gunanya kalian memerangi Muhammad dan rekan-rekannya. Demi Allah, kalau pun kalian...";277-279;1;0.55;
Utbah bin Rabi'ah;PERSON;KELUARGA;saudara;Amar bin Al-Hadhrami;PERSON;000129-004;"...ak lama masuk Islam dan juga ikut hijrah. Tatkala Utbah mendengar ucapan Abu Jahl, ""Demi Allah, rupanya dia benar-benar ketakutan,"" maka dia berkata, ""Perlu dilihat pantat siapa yang lebih takut, entah dia atau aku."" Karena merasa khawatir aksi penentangan ini semakin kuat dan untuk menghentikan dialog ini, maka Abu Jahl segera memanggil Amir bin Al-Hadhrami, saudara Amr bin Al-Hadhrami yang menjadi korban di Nakhlah, seraya berkata ke...";277-279;1;0.55;
Abu Jahal;PERSON;KELUARGA;saudara;Amar bin Al-Hadhrami;PERSON;000129-004;"...juga ikut hijrah. Tatkala Utbah mendengar ucapan Abu Jahl, ""Demi Allah, rupanya dia benar-benar ketakutan,"" maka dia berkata, ""Perlu dilihat pantat siapa yang lebih takut, entah dia atau aku."" Karena merasa khawatir aksi penentangan ini semakin kuat dan untuk menghentikan dialog ini, maka Abu Jahl segera memanggil Amir bin Al-Hadhrami, saudara Amr bin Al-Hadhrami yang menjadi korban di Nakhlah, seraya berkata ke...";277-279;1;0.55;
Amir Bin Al-Hadhrami;PERSON;KELUARGA;saudara;Amar bin Al-Hadhrami;PERSON;000129-004;...ntikan dialog ini, maka Abu Jahl segera memanggil Amir bin Al-Hadhrami, saudara Amr bin Al-Hadhrami yang menjadi korban di Nakhlah, seraya berkata ke...;277-279;1;0.55;
Sa'd bin Mu'adz;PERSON;SAHABAT;sekutu;Abu Bakar;PERSON;000130-002;...Setelah itu beliau kembali lagi ke tenda bersama Abu Bakar. Sementara Sa'd bin Mu'adz bertanggung jawab memimpin satuan pasukan yang be...;279-281;1;0.55;
Abu Jahal;PERSON;SAHABAT;sekutu;Abu Bakar;PERSON;000130-002;...Setelah itu beliau kembali lagi ke tenda bersama Abu Bakar. Sementara Sa'd bin Mu'adz bertanggung jawab memimpin satuan pasukan yang bertugas melindungi beliau. Ternyata pada hari itu Abu Jahl juga mencari-cari keputusan dari Allah dan mengha...;279-281;1;0.55;
Abu Bakar;PERSON;KELUARGA;anak;Muhammad;PERSON;000133-001;"...kkan kepala seraya bersabda, ""Bergembiralah wahai Abu Bakar. Inilah Jibril yang datang di atas gulungan-gulungan debu."" Dalam riwayat Muhammad bin Ishaq disebutkan: Rasulullah bersabda, ""Bergembiralah wahai Abu Bakar. Telah d...";284;1;0.55;
Jibril;PERSON;KELUARGA;anak;Muhammad;PERSON;000133-001;"...bersabda, ""Bergembiralah wahai Abu Bakar. Inilah Jibril yang datang di atas gulungan-gulungan debu."" Dalam riwayat Muhammad bin Ishaq disebutkan: Rasulullah bersabda, ""Bergembiralah wahai Abu Bakar. Telah d...";284;1;0.55;
Muhammad;PERSON;MUSUH;musuh;Abu Jahal;PERSON;000137-002;"...yakan itu."" Dua pemuda itu pun langsung menyerang Abu Jahal secara serentak dengan pedangnya hingga dapat membunuhnya. Kemudian keduannya menemui Rasulullah dan beliau bertanya, Siapakah di antara kalian be...";287-289;1;0.55;
Mu'Awwidz Bin Ibnu Ishaq;PERSON;KELUARGA;anak;Mu'Adz Bin Amr;PERSON;000137-003;"...hkan harta rampasan miliknya secara khusus kepada Mu'adz bin Amr Al-Jamuh. Dua pemuda itu adalah Mu' adz bin Amr Al-Jamuh dan Mu'awwidz bin Ibnu Ishaq menuturkan, ""Mu'adz bin Amr bin Al-Jamuh berkata,...";287-289;1;0.55;
Mu'Awwidz Bin Ibnu Ishaq;PERSON;KELUARGA;anak;Bin Amr;PERSON;000137-003;"...z bin Amr Al-Jamuh. Dua pemuda itu adalah Mu' adz bin Amr Al-Jamuh dan Mu'awwidz bin Ibnu Ishaq menuturkan, ""Mu'adz bin Amr bin Al-Jamuh berkata,...";287-289;1;0.55;
Abu Jahal;PERSON;KELUARGA;anak;Bin Amr;PERSON;000137-003;"...z bin Amr Al-Jamuh. Dua pemuda itu adalah Mu' adz bin Amr Al-Jamuh dan Mu'awwidz bin Ibnu Ishaq menuturkan, ""Mu'adz bin Amr bin Al-Jamuh berkata, ""Aku mencari informasi dari orang-orang. Sementara saat itu Abu Jahal berada di dekat pohon yang rimbun, berbaur dengan...";287-289;1;0.55;
Abul Bakhtari bin Hisyam;PERSON;KELUARGA;anak;Abdurrahman;PERSON;000138-003;...n serangan sehingga terpaksa Al-Mujadzdz membunuh Abul Bakhtari. 3. Abdurrahman bin Auf dan Umayyah bin Khalaf merupakan teman karib semasa Jahiliyah di Makkah. Pada Perang Badr itu Abdurrahman melewati Umayyah bin Khalaf yang sedang berpegang...;289-293;1;0.55;
Umayyah Bin Khalaf;PERSON;KELUARGA;anak;Abdurrahman;PERSON;000138-003;...embunuh Abul Bakhtari. 3. Abdurrahman bin Auf dan Umayyah bin Khalaf merupakan teman karib semasa Jahiliyah di Makkah. Pada Perang Badr itu Abdurrahman melewati Umayyah bin Khalaf yang sedang berpegang...;289-293;1;0.55;
Muhammad;PERSON;SAHABAT;sekutu;Sa;PERSON;000138-005;...menyerah dan kemudian ditawan, sementara saat itu Rasulullah berada di tenda bersama Sa d bin Mu adz yang berdiri di pintu tenda melihat...;289-293;1;0.55;
Bin Mu;PERSON;SAHABAT;sekutu;Sa;PERSON;000138-005;...ntara saat itu Rasulullah berada di tenda bersama Sa d bin Mu adz yang berdiri di pintu tenda melihat ada rona...;289-293;1;0.55;
Mush'ab bin Umair;PERSON;KELUARGA;anak;Abu Aziz;PERSON;000138-006;...tersebut masih tetap 8. Setelah peperangan usai, Mush'ab bin Umair Al-Abdari melewati saudaranya, Abu Aziz bin Umair yang sebelah tangannya sedang diikat seorang Anshar sebagai tawanan. Dalam peperangan itu Abu Aziz bergabung bersama pasukan musyrikin. Mush'ab berk...;289-293;1;0.55;
Abu Aziz Bin Umair;PERSON;KELUARGA;anak;Mush'ab bin Umair;PERSON;000138-006;"...Mush'ab bin Umair Al-Abdari melewati saudaranya, Abu Aziz bin Umair yang sebelah tangannya sedang diikat seorang Anshar sebagai tawanan. Dalam peperangan itu Abu Aziz bergabung bersama pasukan musyrikin. Mush'ab berkata kepada orang Anshar yang menawannya, ""Ika...";289-293;1;0.55;
Muhammad;PERSON;KELUARGA;pasangan;Utsman bin Affan;PERSON;000141-002;"...rah Badr, bersiap-siap untuk menyambut kedatangan Rasulullah atas kemenangan ini Usamah bin Zaid berkata, ""Kami menerima kabar itu selagi kami sedang meratakan tanah di rumah Ruqayah binti Rasulullah yang menjadi istri Utsman bin Affan, karena beliau telah menyerahkan kepadaku perlind...";297;1;0.55;
Usamah bin Zaid;PERSON;KELUARGA;pasangan;Utsman bin Affan;PERSON;000141-002;"...nyambut kedatangan Rasulullah atas kemenangan ini Usamah bin Zaid berkata, ""Kami menerima kabar itu selagi kami sedang meratakan tanah di rumah Ruqayah binti Rasulullah yang menjadi istri Utsman bin Affan, karena beliau telah menyerahkan kepadaku perlind...";297;1;0.55;
Ruqayah Binti Rasulullah;PERSON;KELUARGA;pasangan;Utsman bin Affan;PERSON;000141-002;...r itu selagi kami sedang meratakan tanah di rumah Ruqayah binti Rasulullah yang menjadi istri Utsman bin Affan, karena beliau telah menyerahkan kepadaku perlind...;297;1;0.55;
Muhammad;PERSON;MUSUH;musuh;Uqbah bin Abu Mu'aith;PERSON;000142-002;...hat, paling banyak memperdayai Islam dan menyiksa Rasulullah . Akhirnya dia dipenggal oleh Ali bin Abu Thalib Setibanya di Irquzh Zhabyah, beliau juga memerintahkan untuk membunuh Uqbah bin Abu Mu'aith. Di bagian terdahulu sudah kami paparkan tentang...;298-299;1;0.55;
Ali bin Abu Thalib;PERSON;MUSUH;musuh;Uqbah bin Abu Mu'aith;PERSON;000142-002;...menyiksa Rasulullah . Akhirnya dia dipenggal oleh Ali bin Abu Thalib Setibanya di Irquzh Zhabyah, beliau juga memerintahkan untuk membunuh Uqbah bin Abu Mu'aith. Di bagian terdahulu sudah kami paparkan tentang...;298-299;1;0.55;
Umar bin Al-Khaththab;PERSON;SAHABAT;sekutu;Abu Bakar;PERSON;000144-001;"...tuk meminta tebusan dari mereka. Inilah penuturan Umar bin Al-Khaththab pada keesokan harinya, ""Aku menemui Rasulullah yang bersama Abu Bakar. Keduanya menangis. Aku berkata, ""Wahai Rasululla...";300-302;1;0.55;
Umair Bin Wahb;PERSON;SAHABAT;sekutu;Shafwan Bin Umayyah;PERSON;000148-001;...abi Selang tak seberapa lama sesudah Perang Badr, Umair bin Wahb Al-Jumahi duduk-duduk di Hijir bersama Shafwan bin Umayyah. Umair adalah salah seorang pemimpin Quraisy yang...;308-310;1;0.55;
Wahb Bin Umair;PERSON;SAHABAT;sekutu;Shafwan Bin Umayyah;PERSON;000148-001;...r bin Wahb Al-Jumahi duduk-duduk di Hijir bersama Shafwan bin Umayyah. Umair adalah salah seorang pemimpin Quraisy yang dulu sering menyiksa Nabi dan para sahabat selagi masih di Makkah. Anaknya, Wahb bin Umair menjadi tawanan Perang Badr. Saat duduk itulah Um...;308-310;1;0.55;
Muhammad;PERSON;SAHABAT;sekutu;Shafwan Bin Umayyah;PERSON;000148-003;"...abda, ""Bukankah engkau pernah duduk-duduk bersama Shafwan bin Umayyah di Hijr, lalu kalian berdua menyebut-nyebut orang-orang Quraisy yang dimasukkan ke dalam sumur, kemudian engkau berkata, ""Kalau tidak karena aku masih ada hutang yang harus kulunasi, dan kalau tidak karena keluarga yang kutakutkan akan musnah setelah kematianku, niscaya saat ini pun aku akan menunggang onta, akan kutemui Muhammad dan kubunuh dia? Bukankah Shafwan hendak menanggu...";308-310;1;0.55;
Muhammad bin Maslamah;PERSON;KELUARGA;saudara;Ka'b bin Malik;PERSON;000155-003;...ka ada beberapa sahabat yang maju ke depan, yaitu Muhammad bin Maslamah, Ubbad bin Bisyr, Abu Na'ilah atau Sulkan bin Salamah, saudara Ka'b dari susuan, Al-Harits bin Aus dan Abu Abbas bin...;317-321;1;0.55;
Ubbad Bin Bisyr;PERSON;KELUARGA;saudara;Ka'b bin Malik;PERSON;000155-003;...yang maju ke depan, yaitu Muhammad bin Maslamah, Ubbad bin Bisyr, Abu Na'ilah atau Sulkan bin Salamah, saudara Ka'b dari susuan, Al-Harits bin Aus dan Abu Abbas bin...;317-321;1;0.55;
Abu Na'Ilah;PERSON;KELUARGA;saudara;Ka'b bin Malik;PERSON;000155-003;...an, yaitu Muhammad bin Maslamah, Ubbad bin Bisyr, Abu Na'ilah atau Sulkan bin Salamah, saudara Ka'b dari susuan, Al-Harits bin Aus dan Abu Abbas bin...;317-321;1;0.55;
Sulkan Bin Salamah;PERSON;KELUARGA;saudara;Ka'b bin Malik;PERSON;000155-003;...d bin Maslamah, Ubbad bin Bisyr, Abu Na'ilah atau Sulkan bin Salamah, saudara Ka'b dari susuan, Al-Harits bin Aus dan Abu Abbas bin...;317-321;1;0.55;
Al-Harits Bin Aus;PERSON;KELUARGA;saudara;Ka'b bin Malik;PERSON;000155-003;...syr, Abu Na'ilah atau Sulkan bin Salamah, saudara Ka'b dari susuan, Al-Harits bin Aus dan Abu Abbas bin Jabr. Yang memimpin kelompok in...;317-321;1;0.55;
Abu Abbas Bin Jabr;PERSON;KELUARGA;saudara;Ka'b bin Malik;PERSON;000155-003;...syr, Abu Na'ilah atau Sulkan bin Salamah, saudara Ka'b dari susuan, Al-Harits bin Aus dan Abu Abbas bin Jabr. Yang memimpin kelompok ini adalah Muhammad bin M...;317-321;1;0.55;
Ka'b bin Al-Asyraf;PERSON;KELUARGA;anak;Muhammad;PERSON;000155-003 | 000155-004;"...lullah bersabda, ""Siapakah yang berani menghadapi Ka'b bin Al-Asyraf? Sesungguhnya dia telah menyakiti Allah dan Rasul-Nya"", maka Muhammad bin Maslamah bangkit seraya berkata, ""Aku wahai Rasulullah. Apakah engkau suka jika aku membunuhnya?' ""Benar...";317-321;2;0.55;
Ka'b bin Malik;PERSON;KELUARGA;anak;Muhammad;PERSON;000155-003;"...h. ""Katakanlah! Inilah skenarionya untuk menjebak Ka'b. Muhammad bin Maslamah akan mendatangi Ka'b bin Al-Asyraf sambil berkata, ""Sesungguhnya Muhammad telah meminta sedekah kepada kami, namun begitu d...";317-321;1;0.55;
Muhammad;PERSON;KELUARGA;anak;Ka'b bin Malik;PERSON;000155-003 | 000357-004;"...Ka'b bin Al-Asyraf sambil berkata, ""Sesungguhnya Muhammad telah meminta sedekah kepada kami, namun begitu dia juga telah banyak menolong kami."" katanya seolah-olah dia tidak suka terhadap Rasulullah Ka'b berkata, ""Kamu pasti akan merasa bosan menghadapi...";317-321 | 577-590;2;0.55;
Sulaith Bin An- Nu'Man;PERSON;SAHABAT;sekutu;Nu'Aim Bin Ma'Ud;PERSON;000157-002;...rdengar sampai ke Madinah. Ceritanya bermula dari Sulaith bin An- Nu'man yang telah masuk Islam dan masih berada di Makkah. Dia ikut-ikutan minum khamr bersama Nu'aim bin Ma'ud Al-Asy'ay. Saat itu khamr belum diharamkan. Karen...;321-323;1;0.55;
Abdullah Bin Haram;PERSON;KELUARGA;anak;Jabir bin Abdullah;PERSON;000167-002;"...ah saja orang-orang Mukmin bertawakal. "" Saat itu Abdullah bin Haram, anak Jabir bin Abdullah, berusaha meng- ingatkan orang-orang munafik itu,...";330-331;1;0.55;
Abu Zaid;PERSON;KELUARGA;anak;Syurahbil Bin Hasyim;PERSON;000175-002;...kejantanannya. Kemudian bendera beralih ke tangan Abu Zaid Amr bin Abdi Manaf Al-Abdari, yang akhirnya dia dapat dibunuh Quzman pula. Kemudian bendera beralih ke tangan seorang anak Syurahbil bin Hasyim Al-Abdari, yang akhirnya dia dapat dibunuh Quzman...;337-338;1;0.55;
Amr Bin Abdi;PERSON;KELUARGA;anak;Syurahbil Bin Hasyim;PERSON;000175-002;...nnya. Kemudian bendera beralih ke tangan Abu Zaid Amr bin Abdi Manaf Al-Abdari, yang akhirnya dia dapat dibunuh Quzman pula. Kemudian bendera beralih ke tangan seorang anak Syurahbil bin Hasyim Al-Abdari, yang akhirnya dia dapat dibunuh Quzman...;337-338;1;0.55;
Thu'Aimah Bin Adi;PERSON;KELUARGA;paman/bibi;Muhammad;PERSON;000177-001;"...ku adalah budak Jubair bin Muth'im. Paman Jubair. Thu'aimah bin Adi terbunuh pada Perang Badr. Pada saat Quraisy pergi ke Uhud, Jubair berkata kepadaku, "" Jika kamu dapat membunuh Hamzah, paman Muhammad, sebagai pembalasan atas terbunuhnya pamanku, mak...";340;1;0.55;
Hamzah bin Abdul Muththalib;PERSON;KELUARGA;paman/bibi;Muhammad;PERSON;000177-001;"...bair berkata kepadaku, "" Jika kamu dapat membunuh Hamzah, paman Muhammad, sebagai pembalasan atas terbunuhnya pamanku, mak...";340;1;0.55;
Abu Dujanah;PERSON;KELUARGA;orangtua;Abu Sa'id;PERSON;000188-002;...t yang sudah berhimpun di sekitar beliau, seperti Abu Dujanah. Mush'ab bin Umair, Ali bin Abu Thalib, Sahl bin Hanif, Malik bin Sinan, ayah Abu Sa'id Al-Khudri, Ummu Ammarah Nasibah binti Ka'b Al-Maz...;350-351;1;0.55;
Mush'ab bin Umair;PERSON;KELUARGA;orangtua;Abu Sa'id;PERSON;000188-002;...berhimpun di sekitar beliau, seperti Abu Dujanah. Mush'ab bin Umair, Ali bin Abu Thalib, Sahl bin Hanif, Malik bin Sinan, ayah Abu Sa'id Al-Khudri, Ummu Ammarah Nasibah binti Ka'b Al-Maz...;350-351;1;0.55;
Ali bin Abu Thalib;PERSON;KELUARGA;orangtua;Abu Sa'id;PERSON;000188-002;...r beliau, seperti Abu Dujanah. Mush'ab bin Umair, Ali bin Abu Thalib, Sahl bin Hanif, Malik bin Sinan, ayah Abu Sa'id Al-Khudri, Ummu Ammarah Nasibah binti Ka'b Al-Maz...;350-351;1;0.55;
Sahl Bin Hanif;PERSON;KELUARGA;orangtua;Abu Sa'id;PERSON;000188-002;...u Dujanah. Mush'ab bin Umair, Ali bin Abu Thalib, Sahl bin Hanif, Malik bin Sinan, ayah Abu Sa'id Al-Khudri, Ummu Ammarah Nasibah binti Ka'b Al-Maz...;350-351;1;0.55;
Malik Bin Sinan;PERSON;KELUARGA;orangtua;Abu Sa'id;PERSON;000188-002 | 000190-003;...ab bin Umair, Ali bin Abu Thalib, Sahl bin Hanif, Malik bin Sinan, ayah Abu Sa'id Al-Khudri, Ummu Ammarah Nasibah binti Ka'b Al-Maz...;350-351 | 351-353;2;0.55;
Ummu Ammarah;PERSON;KELUARGA;orangtua;Abu Sa'id;PERSON;000188-002;...Abu Thalib, Sahl bin Hanif, Malik bin Sinan, ayah Abu Sa'id Al-Khudri, Ummu Ammarah Nasibah binti Ka'b Al-Maziniyah, Qatadah bin An-N...;350-351;1;0.55;
Nasibah Binti Ka'B;PERSON;KELUARGA;orangtua;Abu Sa'id;PERSON;000188-002;...Abu Thalib, Sahl bin Hanif, Malik bin Sinan, ayah Abu Sa'id Al-Khudri, Ummu Ammarah Nasibah binti Ka'b Al-Maziniyah, Qatadah bin An-Nu'man, Umar bin Al-...;350-351;1;0.55;
Qatadah Bin An-Nu'Man;PERSON;KELUARGA;orangtua;Abu Sa'id;PERSON;000188-002;...Abu Thalib, Sahl bin Hanif, Malik bin Sinan, ayah Abu Sa'id Al-Khudri, Ummu Ammarah Nasibah binti Ka'b Al-Maziniyah, Qatadah bin An-Nu'man, Umar bin Al-Khaththab, Hathib bin Abu Balta'ah,...;350-351;1;0.55;
Umar bin Al-Khaththab;PERSON;KELUARGA;orangtua;Abu Sa'id;PERSON;000188-002;...Abu Thalib, Sahl bin Hanif, Malik bin Sinan, ayah Abu Sa'id Al-Khudri, Ummu Ammarah Nasibah binti Ka'b Al-Maziniyah, Qatadah bin An-Nu'man, Umar bin Al-Khaththab, Hathib bin Abu Balta'ah, dan Abu Thalhah;350-351;1;0.55;
Hathib bin Abi Balta'ah;PERSON;KELUARGA;orangtua;Abu Sa'id;PERSON;000188-002;...Abu Thalib, Sahl bin Hanif, Malik bin Sinan, ayah Abu Sa'id Al-Khudri, Ummu Ammarah Nasibah binti Ka'b Al-Maziniyah, Qatadah bin An-Nu'man, Umar bin Al-Khaththab, Hathib bin Abu Balta'ah, dan Abu Thalhah;350-351;1;0.55;
Abu Thalhah;PERSON;KELUARGA;orangtua;Abu Sa'id;PERSON;000188-002;...Abu Thalib, Sahl bin Hanif, Malik bin Sinan, ayah Abu Sa'id Al-Khudri, Ummu Ammarah Nasibah binti Ka'b Al-Maziniyah, Qatadah bin An-Nu'man, Umar bin Al-Khaththab, Hathib bin Abu Balta'ah, dan Abu Thalhah;350-351;1;0.55;
Muhammad;PERSON;KELUARGA;orangtua;Abu Sa'id;PERSON;000190-003;"...ya hingga jalannya pincang. Malik bin Sinan, ayah Abu Sa'id Al-Khudri menghisap darah yang mengucur dari gigi seri Rasulullah hingga bersih. Beliau bersabda, ""Muntahkanlah!""""...";351-353;1;0.55;
Abu Dujanah;PERSON;MUSUH;musuh;Abdullah Bin Jabir;PERSON;000192-002;...betkan pedang ke pundak Al-Harits hingga terluka. Abu Dujanah, seorang prajurit yang heroik dengan sorban merah yang diikatkan di kepala menyerang Abdullah bin Jabir dan menyabetkan pedang ke arahnya hingga kepalany...;353-355;1;0.55;
Abu Sufyan bin Harb;PERSON;MUSUH;musuh;Muhammad;PERSON;000198-002;"...lah dia, lihat apa maunya!"" Maka Umar menghampiri Abu Sufyan. Setelah mendekat, Abu Sufyan bertanya, ""Demi Allah aku memohon kepadamu wahai Umar, apakah kam benar-benar telah membunuh Muhammad?"" ""Demi Allah, sama sekali tidak,"" jawab Umar, be...";359-360;1;0.55;
Ibnu Qami'Ah;PERSON;MUSUH;musuh;Muhammad;PERSON;000198-002;"...wahai Umar, apakah kam benar-benar telah membunuh Muhammad?"" ""Demi Allah, sama sekali tidak,"" jawab Umar, beliau pun bisa mendengar perkataanmu saat ini."" Abu Sufyan berkata, ""Bagiku engkau lebih jujur dan lebih baik daripada Ibnu Qami'ah. Karena Ibnu Qami'ah yang berteriak saat pertempu...";359-360;1;0.55;
Ka'B Bin As;PERSON;MUSUH;musuh;Muhammad;PERSON;000218-014 | 000218-015;"...nggalkan aku dan urusanku! Aku tidak melihat diri Muhammad melainkan sosok orang yang jujur dan menepati janji."" Huyai terus-menerus membujuk dan merayu Ka'b, hingga akhirnya Huyai bersumpah atas nama Allah dan berjanji, ""Jika orang-orang Quraisy dan Ghathafan mundur, mereka tidak jadi menyerang Muhammad, maka aku akan bergabung denganmu di dalam bentengmu, dan aku siap menanggung akibatnya bersamamu.' Jadilah Ka'b bin As' ad melanggar perjanjian yang telah disepakatinya...";390-404;2;0.55;
Ka'b bin Malik;PERSON;MUSUH;musuh;Muhammad;PERSON;000218-014 | 000218-015;"...i janji."" Huyai terus-menerus membujuk dan merayu Ka'b, hingga akhirnya Huyai bersumpah atas nama Allah dan berjanji, ""Jika orang-orang Quraisy dan Ghathafan mundur, mereka tidak jadi menyerang Muhammad, maka aku akan bergabung denganmu di dalam benten...";390-404;2;0.55;
Muhammad;PERSON;MUSUH;musuh;Sallam Bin Abul Huqaiq;PERSON;000220-001;...bahan makanan. Dahulu dia juga sering mengganggu Rasulullah . Setelah orang-orang Muslim usai menangani urusan Bani Quraizhah, orang-orang Khazraj meminta izin kepada beliau untuk membunuh Sallam bin Abul Huqaiq. Karena sebelumnya orang-orang Auslah yang telah...;412-414;1;0.55;
Sallam Bin Abul Huqaiq;PERSON;MUSUH;musuh;Ka'b bin Al-Asyraf;PERSON;000220-001;...Khazraj meminta izin kepada beliau untuk membunuh Sallam bin Abul Huqaiq. Karena sebelumnya orang-orang Auslah yang telah membunuh Ka'b bin Al-Asyraf. Oleh karena itu orang-orang Khazraj ingin mendap...;412-414;1;0.55;
Abdullah Bin Unais;PERSON;MUSUH;musuh;Abu Rafi';PERSON;000220-004;...tkan bahwa mereka berlima masuk ke tempat tinggal Abu Rafi', dan secara bersama-sama membunuhnya. Adapun yang membunuh Abu Rafi' adalah Abdullah bin Unais. Di sini disebutkan bahwa peristiwa ini terjadi p...;412-414;1;0.55;
Abdullah Bin Atik;PERSON;MUSUH;musuh;Abu Rafi';PERSON;000220-004;...ra bersama-sama membunuhnya. Adapun yang membunuh Abu Rafi' adalah Abdullah bin Unais. Di sini disebutkan bahwa peristiwa ini terjadi pada malam hari dan gelap. Sementara saat itu betis Abdullah bin Atik terkoyak atau patah tulangnya. Karena itu, teman-...;412-414;1;0.55;
Usaid bin Hudhair;PERSON;KELUARGA;anak;Muhammad;PERSON;000224-002;...idak disebutkan nama Sa'd bin Mu'adz, tetapi nama Usaid bin Hudhair. Menurut Abu Muhammad bin Hazm, inilah yang benar dan tidak bisa diragukan lagi kebenarannya. Yang aneh adalah pernyataan Muhammad Al-Ghazali, yang menisbatkan kepada Ibnul Qayyim,...;419-420;1;0.55;
Abdullah bin Ubay bin Salul;PERSON;SAHABAT;sekutu;Aisyah;PERSON;000226-006;...Zhahirah. Saat melihat kedatangan Shafwan bersama Aisyah, orang-orang berbicara kasak kusuk, masing-masing dengan versinya. Musuh Allah yang paling jahat, Abdullah bin Ubay menghembuskan nafas panjang, menyemburkan kemunaf...;424-429;1;0.55;
Sa'd bin Ubadah;PERSON;MUSUH;musuh;Abdullah bin Ubay bin Salul;PERSON;000226-007;..., memohon perlindungan kepada Allah dari tindakan Abdullah bin Ubay. Usaid bin Hudhair, pemimpin Aus menyatakan kesediaannya untuk membunuh Abdullah bin Ubay. Sa'd bin Ubadah, pemimpin Khazraj yang sedang dirasuki fanatisme...;424-429;1;0.55;
Usaid bin Hudhair;PERSON;MUSUH;musuh;Abdullah bin Ubay bin Salul;PERSON;000226-007;...gan kepada Allah dari tindakan Abdullah bin Ubay. Usaid bin Hudhair, pemimpin Aus menyatakan kesediaannya untuk membunuh Abdullah bin Ubay. Sa'd bin Ubadah, pemimpin Khazraj yang sedang di...;424-429;1;0.55;
Muhammad;PERSON;SAHABAT;sekutu;Ummu Misthah;PERSON;000226-007;...saja dia tidak mendapat sentuhan kelembutan dari Rasulullah seperti yang biasa beliau lakukan saat dia sakit. Setelah keadaannya sudah membaik, malam-malam dia keluar ke jamban bersama Ummu Misthah, untuk buang hajat. Ummu Misthah terpeleset karen...;424-429;1;0.55;
Aisyah;PERSON;SAHABAT;sekutu;Ummu Misthah;PERSON;000226-007;...membaik, malam-malam dia keluar ke jamban bersama Ummu Misthah, untuk buang hajat. Ummu Misthah terpeleset karena terserimpet bajunya. Dia ingin memanggil anak laki-lakinya. tetapi Aisyah menolaknya. Ketika itulah Ummu Misthah menceritak...;424-429;1;0.55;
Aisyah;PERSON;KELUARGA;orangtua;Yusuf;PERSON;000226-009;"...u dan diri kalian, kecuali seperti perkataan ayah Yusuf, Maka kesabaran yang baik itulah (kesabaranku).' Dan, Allah sajalah dimohonkan pertolongan- Nya terhadap apa yang kalian ceritakan."" Kemudian Aisyah beranjak dan berbaring di tempat tidur. Saat itu...";424-429;1;0.55;
Ummu Abi Salamah;PERSON;KELUARGA;pasangan;Tumadhir Bin Al-Ashba;PERSON;000227-001;...Mereka pun masuk Islam, lalu Abdurrahman menikahi Tumadhir bin Al-Ashba', atau berjuluk Ummu Abi Salamah, putri pemimpin mereka. 2. Satuan pasukan Ali bin...;430-432;1;0.55;
Ali bin Abu Thalib;PERSON;KELUARGA;pasangan;Tumadhir Bin Al-Ashba;PERSON;000227-001;...Mereka pun masuk Islam, lalu Abdurrahman menikahi Tumadhir bin Al-Ashba', atau berjuluk Ummu Abi Salamah, putri pemimpin mereka. 2. Satuan pasukan Ali bin Abu Thalib ke Bani Sa'd bin Bakr di Fadak pada bulan Sya'ban...;430-432;1;0.55;
Sa'D Bin Bakr;PERSON;KELUARGA;pasangan;Tumadhir Bin Al-Ashba;PERSON;000227-001;...Mereka pun masuk Islam, lalu Abdurrahman menikahi Tumadhir bin Al-Ashba', atau berjuluk Ummu Abi Salamah, putri pemimpin mereka. 2. Satuan pasukan Ali bin Abu Thalib ke Bani Sa'd bin Bakr di Fadak pada bulan Sya'ban 6 H. Kejadian ini ber...;430-432;1;0.55;
Amr Bin Umayyah;PERSON;SAHABAT;sekutu;Salamah Bin Abu Salamah;PERSON;000227-003;...122. Para penulis sejarah juga menulis pengiriman Amr bin Umayyah Adh- Dhamiri bersama Salamah bin Abu Salamah pada bulan Syawwal 6 H. Mereka berdua pergi ke Ma...;430-432;1;0.55;
Abu Sufyan bin Harb;PERSON;SAHABAT;sekutu;Salamah Bin Abu Salamah;PERSON;000227-003;...s pengiriman Amr bin Umayyah Adh- Dhamiri bersama Salamah bin Abu Salamah pada bulan Syawwal 6 H. Mereka berdua pergi ke Makkah untuk membunuh Abu Sufyan. Sebab Abu Sufyan mengirim seorang Arab Badui den...;430-432;1;0.55;
Abu Jandal;PERSON;SAHABAT;sekutu;Abu Bashir;PERSON;000243-002;...engar pula orang-orang Muslim di sana. Karena itu Abu Jandal meloloskan diri dari Makkah dan bergabung bersama Abu Bashir. Langkah Abu Jandal ini diikuti teman-temannya ya...;449-450;1;0.55;
Najasyi;PERSON;SAHABAT;sekutu;Amr Bin Umayyah;PERSON;000247-001;Najasyi ini namanya Ashhamah bin Al-Aijar. Beliau menulis surat ini bersama Amr bin Umayyah Adh-Dhamri pada akhir tahun 6 H, atau pada bulan...;453-456;1;0.55;
Ashhamah Bin Al-Aijar;PERSON;SAHABAT;sekutu;Amr Bin Umayyah;PERSON;000247-001;Najasyi ini namanya Ashhamah bin Al-Aijar. Beliau menulis surat ini bersama Amr bin Umayyah Adh-Dhamri pada akhir tahun 6 H, atau pada bulan...;453-456;1;0.55;
Muhammad;PERSON;KELUARGA;anak;Kisra;PERSON;000249-002;...an Qaishar. Pemberontakan ini dimotori oleh putra Kisra sendiri, Syiruyah. Dia bangkit melawan ayahnya dan membunuhnya lalu merebut kerajannya. Hal ini terjadi pada malam Selasa tanggal 10 Jumadal Rasulullah mengetahuinya lewat pemberitaan wahyu.;458-459;1;0.55;
Muhammad;PERSON;KELUARGA;anak;Abul Huqaiq;PERSON;000273-002;...eng itu. Ibnul Qayyim menyebutkan bahwa peristiwa Rasulullah memerintahkan untuk membunuh dua anak Abul Huqaiq, setelah diketahui keduanya menyimpan harta benda...;485-486;1;0.55;
Shafiyyah binti Huyai bin Akhthab;PERSON;KELUARGA;anak;Abul Huqaiq;PERSON;000273-002;...Rasulullah memerintahkan untuk membunuh dua anak Abul Huqaiq, setelah diketahui keduanya menyimpan harta benda yang semestinya diserahkan kepada beliau. Beliau menahan Shafiyah binti Huyai bin Akhthab, yang saat itu baru saja melangsungkan pernikahan...;485-486;1;0.55;
Muhammad;PERSON;KELUARGA;pasangan;Sallam Bin Misykam;PERSON;000277-001;Setelah Rasulullah merasa tenang karena sudah bisa menaklukkan Khaibar, tiba-tiba muncul Zainab binti Al-Harits, istri Sallam bin Misykam di hadapan beliau sambil menyodorkan daging domba...;489;1;0.55;
Zainab Binti Al-Harits;PERSON;KELUARGA;pasangan;Sallam Bin Misykam;PERSON;000277-001;...sudah bisa menaklukkan Khaibar, tiba-tiba muncul Zainab binti Al-Harits, istri Sallam bin Misykam di hadapan beliau sambil menyodorkan daging domba...;489;1;0.55;
Usamah bin Zaid;PERSON;MUSUH;musuh;Mirdas Bin Nuhaik;PERSON;000284-007;"...dapat menawan ternak musuh. Dalam peperangan ini, Usamah bin Zaid dapat membunuh Mirdas bin Nuhaik, setelah dia mengucapkan, ""La ilaha illallah. "" S...";493-497;1;0.55;
Muhammad;PERSON;KELUARGA;pasangan;Maimunah Binti Al-Harits;PERSON;000285-004;...bibi anak itu adalah istri Ja'far. Saat umrah ini Rasulullah menikahi Maimunah binti Al-Harits Al-Amiriyah. Sebelum memasuki Makkah, beliau suda...;498-501;1;0.55;
Ja'Far Bin Abu Thalib;PERSON;KELUARGA;pasangan;Maimunah Binti Al-Harits;PERSON;000285-004;...istri Ja'far. Saat umrah ini Rasulullah menikahi Maimunah binti Al-Harits Al-Amiriyah. Sebelum memasuki Makkah, beliau sudah mengutus Ja'far bin Abu Thalib untuk menemui Maimunah. Sementara Maimunah telah...;498-501;1;0.55;
Ali bin Abu Thalib;PERSON;KELUARGA;saudara;Yusuf;PERSON;000302-001;"...enjadi anak yang paling menderita karena engkau."" Ali bin Abu Thalib memberi saran kepada Abu Sufyan bin Al-Harits. ""Temuilah Rasulullah langsung di hadapan beliau lalu katakan seperti yang dikatakan saudara Yusuf kepadanya, Mereka berkata, Demi Allah sesungguhny...";517-518;1;0.55;
Abu Sufyan bin Al-Harits bin Abdul Muththalib;PERSON;KELUARGA;saudara;Yusuf;PERSON;000302-001;"...engkau."" Ali bin Abu Thalib memberi saran kepada Abu Sufyan bin Al-Harits. ""Temuilah Rasulullah langsung di hadapan beliau lalu katakan seperti yang dikatakan saudara Yusuf kepadanya, Mereka berkata, Demi Allah sesungguhny...";517-518;1;0.55;
Muhammad;PERSON;KELUARGA;saudara;Yusuf;PERSON;000302-001;"...saran kepada Abu Sufyan bin Al-Harits. ""Temuilah Rasulullah langsung di hadapan beliau lalu katakan seperti yang dikatakan saudara Yusuf kepadanya, Mereka berkata, Demi Allah sesungguhny...";517-518;1;0.55;
Abu Sufyan bin Harb;PERSON;SAHABAT;sekutu;Hakim Bin Hizam;PERSON;000304-001;"...alipun sebenarnya mereka selalu bersikap waspada. Abu Sufyan juga berputar-putar mencari informasi bersama Hakim bin Hizam dan Budail bin Zarqa' Al-Abbas berkata, ""Demi All...";519-521;1;0.55;
Budail Bin Zarqa;PERSON;SAHABAT;sekutu;Hakim Bin Hizam;PERSON;000304-001;"...yan juga berputar-putar mencari informasi bersama Hakim bin Hizam dan Budail bin Zarqa' Al-Abbas berkata, ""Demi Allah, ketika aku menung...";519-521;1;0.55;
Al-Abbas bin Abdul Muththalib;PERSON;SAHABAT;sekutu;Hakim Bin Hizam;PERSON;000304-001;"...yan juga berputar-putar mencari informasi bersama Hakim bin Hizam dan Budail bin Zarqa' Al-Abbas berkata, ""Demi Allah, ketika aku menunggang bagha...";519-521;1;0.55;
Shafwan Bin Umayyah;PERSON;SAHABAT;sekutu;Ikrimah bin Abu Jahal;PERSON;000306-001 | 000306-002;...tidak berpikir secara bijaksana berhimpun bersama Ikrimah bin Abu Jahl, Shafwan bin Umayyah, dan Suhail bin Amr Khandamah, dengan maksud untu...;522-523;2;0.55;
Suhail Bin Amr;PERSON;SAHABAT;sekutu;Ikrimah bin Abu Jahal;PERSON;000306-001 | 000306-002;...tidak berpikir secara bijaksana berhimpun bersama Ikrimah bin Abu Jahl, Shafwan bin Umayyah, dan Suhail bin Amr Khandamah, dengan maksud untuk memerangi orang-or...;522-523;2;0.55;
Bakr;PERSON;SAHABAT;sekutu;Ikrimah bin Abu Jahal;PERSON;000306-002;...tidak berpikir secara bijaksana berhimpun bersama Ikrimah bin Abu Jahl, Shafwan bin Umayyah, dan Suhail bin Amr Khandamah, dengan maksud untuk memerangi orang-orang Muslim. Di antara mereka juga ada seseorang dari Bani Bakr yang bernama Hammas bin Qais, yang bertugas mempe...;522-523;1;0.55;
Muhammad;PERSON;KELUARGA;saudara;Adi Bin Hatim;PERSON;000339-004;"...im yang ditawan. Setelah tiba di Madinah, saudari Adi bin Hatim meminta belas kasihan Rasulullah , seraya berkata, ""Wahai Rasulullah, pelindungku...";553-557;1;0.55;
Abu Bakar;PERSON;KELUARGA;saudara;Yusuf;PERSON;000365-002;"...Aisyah menyarankan agar Nabi tidak hanya menunjuk Abu Bakar sebagai imam, supaya orang-orang tidak merasa bosan kepadanya. Tetapi beliau menolaknya, seraya bersabda, ""Kalian sama dengan saudara-saudara Yusuf. Suruh Abu Bakar agar dia menjadi imam bagi orang...";604-605;1;0.55;
Hilal Bin Amir Bin Sha'Sha'Ah;PERSON;KELUARGA;pasangan;Abdullah bin Jahsy;PERSON;000379-001;Dia berasal dari Bani Hilal bin Amir bin Sha'sha'ah, yang dijuluki Ummul Masakin (ibunda orang-orang miskin), karena kasih sayang dan kemurahan hatinya terhadap mereka. Sebelum itu dia adalah istri Abdullah bin Jahsy, yang mati syahid pada Perang Uhud, lalu dinikahi...;612;1;0.55;
Muhammad;PERSON;KELUARGA;pasangan;Abdullah bin Jahsy;PERSON;000379-001;...nya terhadap mereka. Sebelum itu dia adalah istri Abdullah bin Jahsy, yang mati syahid pada Perang Uhud, lalu dinikahi Rasulullah pada tahun 4 H. Namun dia meninggal dunia dua ata...;612;1;0.55;
Asad Bin Khuzaimah;PERSON;KELUARGA;pasangan;Zaid bin Haritsah;PERSON;000381-001;Dia berasal dari Bani Asad bin Khuzaimah dan putri bibi Rasulullah sendiri. Sebelumnya dia adalah istri Zaid binti Haritsah, yang dianggap sebagai putra beliau sendiri. Zaid...;612;1;0.55;
Muhammad;PERSON;KELUARGA;pasangan;Zaid bin Haritsah;PERSON;000381-001;...rasal dari Bani Asad bin Khuzaimah dan putri bibi Rasulullah sendiri. Sebelumnya dia adalah istri Zaid binti Haritsah, yang dianggap sebagai putra beliau sendiri. Zaid...;612;1;0.55;
Zaid bin Haritsah;PERSON;KELUARGA;pasangan;Zaid bin Haritsah;PERSON;000381-001;...i Rasulullah sendiri. Sebelumnya dia adalah istri Zaid binti Haritsah, yang dianggap sebagai putra beliau sendiri. Zaid menceraikannya, lalu Allah menurunkan ayat Al-Qur...;612;1;0.55;
Lubabah Binti Al-Harits;PERSON;KELUARGA;saudara;Ummul Fadhl;PERSON;000385-001;Dia adalah saudari Ummul Fadhl, Lubabah binti Al-Harits. Rasulullah menikahinya pada bulan Dzul Qa'dah 7...;613-618;1;0.55;
Muhammad;PERSON;KELUARGA;saudara;Ummul Fadhl;PERSON;000385-001;Dia adalah saudari Ummul Fadhl, Lubabah binti Al-Harits. Rasulullah menikahinya pada bulan Dzul Qa'dah 7 H saat umrah...;613-618;1;0.55;
Abu Bakar;PERSON;KELUARGA;pasangan;Aisyah;PERSON;000385-002;...yang bisa dibaca, mengapa beliau berbesan dengan Abu Bakar dan Umar, dengan menikahi Aisyah dan Hafshah, mengapa beliau menikahkan putri beli...;613-618;1;0.55;
Umar bin Al-Khaththab;PERSON;KELUARGA;pasangan;Aisyah;PERSON;000385-002;...aca, mengapa beliau berbesan dengan Abu Bakar dan Umar, dengan menikahi Aisyah dan Hafshah, mengapa beliau menikahkan putri beli...;613-618;1;0.55;
Hafshah;PERSON;KELUARGA;pasangan;Aisyah;PERSON;000385-002;...rbesan dengan Abu Bakar dan Umar, dengan menikahi Aisyah dan Hafshah, mengapa beliau menikahkan putri beliau, Fathimah...;613-618;1;0.55;
Ali bin Abu Thalib;PERSON;KELUARGA;pasangan;Aisyah;PERSON;000385-002;...rbesan dengan Abu Bakar dan Umar, dengan menikahi Aisyah dan Hafshah, mengapa beliau menikahkan putri beliau, Fathimah dengan Ali bin Abu Thalib, Ruqayah kemudian disusul Ummu Kultsum dengan Ust...;613-618;1;0.55;
Ummu Kultsum;PERSON;KELUARGA;pasangan;Aisyah;PERSON;000385-002;...rbesan dengan Abu Bakar dan Umar, dengan menikahi Aisyah dan Hafshah, mengapa beliau menikahkan putri beliau, Fathimah dengan Ali bin Abu Thalib, Ruqayah kemudian disusul Ummu Kultsum dengan Ustman bin Affan, mengisyaratkan bahwa bel...;613-618;1;0.55;
Utsman bin Affan;PERSON;KELUARGA;pasangan;Aisyah;PERSON;000385-002;...rbesan dengan Abu Bakar dan Umar, dengan menikahi Aisyah dan Hafshah, mengapa beliau menikahkan putri beliau, Fathimah dengan Ali bin Abu Thalib, Ruqayah kemudian disusul Ummu Kultsum dengan Ustman bin Affan, mengisyaratkan bahwa beliau ingin menjalin hubun...;613-618;1;0.55;
Muhammad;PERSON;KELUARGA;pasangan;Juwairiyah;PERSON;000385-003;...gi melancarkan permusuhan setelah beliau menikahi Juwairiyah dan Shafiyah Bahkan Juwairiyah merupakan wanita yang paling banyak mendatangkan barakah bagi kaumnya. Setelah dia dinikahi Rasulullah , para sahabat membebaskan 100 keluarga dari kaum...;613-618;1;0.55;
Muhammad;PERSON;KELUARGA;anak;Zainab;PERSON;000385-005;...mengenyahkan kepercayaan ini, Allah memerintahkan Rasulullah untuk menikahi putri bibi beliau, Zainab binti Jahsy, yang sebelumnya menjadi istri Zaid. Karena tidak ada kecocokan antara Zaid dan Zainab, maka Zaid ada niat untuk menceraikannya.;613-618;1;0.55;
Zaid bin Haritsah;PERSON;KELUARGA;anak;Zainab;PERSON;000385-005;...Zainab binti Jahsy, yang sebelumnya menjadi istri Zaid. Karena tidak ada kecocokan antara Zaid dan Zainab, maka Zaid ada niat untuk menceraikannya.;613-618;1;0.55;
Abu Thalib;PERSON;INVOLVED_IN;;Kelahiran Nabi;EVENT;000018-001;;;15;1.0;Nasab & Kelahiran Nabi
Ibnu Hisyam;PERSON;INVOLVED_IN;;Kelahiran Nabi;EVENT;000018-001;;;13;1.0;Nasab & Kelahiran Nabi
Muhammad;PERSON;INVOLVED_IN;;Kelahiran Nabi;EVENT;000018-001;;;12;1.0;Nasab & Kelahiran Nabi
Abdul Muththalib;PERSON;INVOLVED_IN;;Kelahiran Nabi;EVENT;000018-001;;;10;1.0;Nasab & Kelahiran Nabi
Khadijah;PERSON;INVOLVED_IN;;Kelahiran Nabi;EVENT;000018-001;;;10;1.0;Nasab & Kelahiran Nabi
Halimah;PERSON;INVOLVED_IN;;Kelahiran Nabi;EVENT;000018-001;;;9;0.95;Nasab & Kelahiran Nabi
Al-Khadhri;PERSON;INVOLVED_IN;;Kelahiran Nabi;EVENT;000018-001;;;3;0.65;Nasab & Kelahiran Nabi
Ibnu Ishaq;PERSON;INVOLVED_IN;;Kelahiran Nabi;EVENT;000018-001;;;3;0.65;Nasab & Kelahiran Nabi
Jibril;PERSON;INVOLVED_IN;;Kelahiran Nabi;EVENT;000018-001;;;3;0.65;Nasab & Kelahiran Nabi
Kisra;PERSON;INVOLVED_IN;;Kelahiran Nabi;EVENT;000018-001;;;2;0.6;Nasab & Kelahiran Nabi
Hamzah bin Abdul Muththalib;PERSON;INVOLVED_IN;;Kelahiran Nabi;EVENT;000018-001;;;2;0.6;Nasab & Kelahiran Nabi
Ibrahim;PERSON;INVOLVED_IN;;Kelahiran Nabi;EVENT;000018-001;;;2;0.6;Nasab & Kelahiran Nabi
Kelahiran Nabi;EVENT;OCCURRED_AT;;Makkah;LOCATION;000018-001;;;18;1.0;Nasab & Kelahiran Nabi
Kelahiran Nabi;EVENT;OCCURRED_AT;;Ka'bah;LOCATION;000018-001;;;16;1.0;Nasab & Kelahiran Nabi
Kelahiran Nabi;EVENT;OCCURRED_AT;;Syam;LOCATION;000018-001;;;9;0.95;Nasab & Kelahiran Nabi
Kelahiran Nabi;EVENT;OCCURRED_AT;;Zamzam;LOCATION;000018-001;;;1;0.55;Nasab & Kelahiran Nabi
Kelahiran Nabi;EVENT;OCCURRED_AT;;Madinah;LOCATION;000018-001;;;1;0.55;Nasab & Kelahiran Nabi
Kelahiran Nabi;EVENT;OCCURRED_AT;;Aqabah;LOCATION;000018-001;;;1;0.55;Nasab & Kelahiran Nabi
Kelahiran Nabi;EVENT;OCCURRED_AT;;Baitul- Haram;LOCATION;000018-001;;;1;0.55;Nasab & Kelahiran Nabi
Khadijah;PERSON;INVOLVED_IN;;Wahyu Pertama;EVENT;000031-001;;;15;1.0;Awal Kenabian & Mandat Dakwah
Jibril;PERSON;INVOLVED_IN;;Wahyu Pertama;EVENT;000031-001;;;12;1.0;Awal Kenabian & Mandat Dakwah
Muhammad;PERSON;INVOLVED_IN;;Wahyu Pertama;EVENT;000031-001;;;4;0.7;Awal Kenabian & Mandat Dakwah
Ath-Thabari;PERSON;INVOLVED_IN;;Wahyu Pertama;EVENT;000031-001;;;3;0.65;Awal Kenabian & Mandat Dakwah
Ibnu Hisyam;PERSON;INVOLVED_IN;;Wahyu Pertama;EVENT;000031-001;;;3;0.65;Awal Kenabian & Mandat Dakwah
Ibnu Hajar;PERSON;INVOLVED_IN;;Wahyu Pertama;EVENT;000031-001;;;2;0.6;Awal Kenabian & Mandat Dakwah
Al-Khadhri;PERSON;INVOLVED_IN;;Wahyu Pertama;EVENT;000031-001;;;2;0.6;Awal Kenabian & Mandat Dakwah
Wahyu Pertama;EVENT;OCCURRED_AT;;Gua Hira;LOCATION;000031-001;;;7;0.8500000000000001;Awal Kenabian & Mandat Dakwah
Wahyu Pertama;EVENT;OCCURRED_AT;;Makkah;LOCATION;000031-001;;;6;0.8;Awal Kenabian & Mandat Dakwah
Wahyu Pertama;EVENT;OCCURRED_AT;;Jabal Nur;LOCATION;000031-001;;;2;0.6;Awal Kenabian & Mandat Dakwah
Wahyu Pertama;EVENT;OCCURRED_ON;;Ramadhan;TIME;000031-001;;;2;0.6;Awal Kenabian & Mandat Dakwah
Wahyu Pertama;EVENT;OCCURRED_ON;;Lailatul-Qadar;TIME;000031-001;;;2;0.6;Awal Kenabian & Mandat Dakwah
Wahyu Pertama;EVENT;OCCURRED_ON;;Lailatul-Qadr;TIME;000031-001;;;2;0.6;Awal Kenabian & Mandat Dakwah
Najasyi;PERSON;INVOLVED_IN;;Hijrah Ke Habasyah;EVENT;000051-001;;;26;1.0;Dakwah Jahriyah & Tekanan Quraisy
Isa bin Maryam;PERSON;INVOLVED_IN;;Hijrah Ke Habasyah;EVENT;000051-001;;;3;0.65;Dakwah Jahriyah & Tekanan Quraisy
Ibnu Ishaq;PERSON;INVOLVED_IN;;Hijrah Ke Habasyah;EVENT;000051-001;;;2;0.6;Dakwah Jahriyah & Tekanan Quraisy
Abu Thalib;PERSON;INVOLVED_IN;;Hijrah Ke Habasyah;EVENT;000051-001;;;2;0.6;Dakwah Jahriyah & Tekanan Quraisy
Hijrah Ke Habasyah;EVENT;OCCURRED_AT;;Habasyah;LOCATION;000051-001;;;9;0.95;Dakwah Jahriyah & Tekanan Quraisy
Hijrah Ke Habasyah;EVENT;OCCURRED_AT;;Makkah;LOCATION;000051-001;;;5;0.75;Dakwah Jahriyah & Tekanan Quraisy
Hijrah Ke Habasyah;EVENT;OCCURRED_AT;;Masjidil Haram;LOCATION;000051-001;;;2;0.6;Dakwah Jahriyah & Tekanan Quraisy
Hijrah Ke Habasyah;EVENT;OCCURRED_AT;;Baitul-Haram;LOCATION;000051-001;;;1;0.55;Dakwah Jahriyah & Tekanan Quraisy
Abu Thalib;PERSON;INVOLVED_IN;;Pemboikotan Bani Hasyim;EVENT;000060-001;;;9;0.95;Dakwah Jahriyah & Tekanan Quraisy
Muhammad;PERSON;INVOLVED_IN;;Pemboikotan Bani Hasyim;EVENT;000060-001;;;4;0.7;Dakwah Jahriyah & Tekanan Quraisy
Abu Jahal;PERSON;INVOLVED_IN;;Pemboikotan Bani Hasyim;EVENT;000060-001;;;4;0.7;Dakwah Jahriyah & Tekanan Quraisy
Pemboikotan Bani Hasyim;EVENT;OCCURRED_AT;;Makkah;LOCATION;000060-001;;;6;0.8;Dakwah Jahriyah & Tekanan Quraisy
Pemboikotan Bani Hasyim;EVENT;OCCURRED_AT;;Ka'bah;LOCATION;000060-001;;;3;0.65;Dakwah Jahriyah & Tekanan Quraisy
Abu Thalib;PERSON;INVOLVED_IN;;Tahun Berduka;EVENT;000065-001;;;8;0.9;Dakwah Jahriyah & Tekanan Quraisy
Khadijah;PERSON;INVOLVED_IN;;Tahun Berduka;EVENT;000065-001;;;6;0.8;Dakwah Jahriyah & Tekanan Quraisy
Abu Jahal;PERSON;INVOLVED_IN;;Tahun Berduka;EVENT;000065-001;;;2;0.6;Dakwah Jahriyah & Tekanan Quraisy
Abdul Muththalib;PERSON;INVOLVED_IN;;Tahun Berduka;EVENT;000065-001;;;2;0.6;Dakwah Jahriyah & Tekanan Quraisy
Tahun Berduka;EVENT;OCCURRED_AT;;Habasyah;LOCATION;000065-001;;;4;0.7;Dakwah Jahriyah & Tekanan Quraisy
Tahun Berduka;EVENT;OCCURRED_AT;;Makkah;LOCATION;000065-001;;;3;0.65;Dakwah Jahriyah & Tekanan Quraisy
Tahun Berduka;EVENT;OCCURRED_AT;;Tha'if;LOCATION;000065-001;;;1;0.55;Dakwah Jahriyah & Tekanan Quraisy
Abu Bakar;PERSON;INVOLVED_IN;;Hijrah Ke Madinah;EVENT;000091-001;;;48;1.0;Hijrah ke Madinah
Muhammad;PERSON;INVOLVED_IN;;Hijrah Ke Madinah;EVENT;000091-001;;;8;0.9;Hijrah ke Madinah
Aisyah;PERSON;INVOLVED_IN;;Hijrah Ke Madinah;EVENT;000091-001;;;6;0.8;Hijrah ke Madinah
Abu Ayyub;PERSON;INVOLVED_IN;;Hijrah Ke Madinah;EVENT;000091-001;;;3;0.65;Hijrah ke Madinah
Zainab;PERSON;INVOLVED_IN;;Hijrah Ke Madinah;EVENT;000091-001;;;3;0.65;Hijrah ke Madinah
Jibril;PERSON;INVOLVED_IN;;Hijrah Ke Madinah;EVENT;000091-001;;;2;0.6;Hijrah ke Madinah
Ibnu Ishaq;PERSON;INVOLVED_IN;;Hijrah Ke Madinah;EVENT;000091-001;;;2;0.6;Hijrah ke Madinah
Abu Jahal;PERSON;INVOLVED_IN;;Hijrah Ke Madinah;EVENT;000091-001;;;2;0.6;Hijrah ke Madinah
Ali bin Abu Thalib;PERSON;INVOLVED_IN;;Hijrah Ke Madinah;EVENT;000091-001;;;2;0.6;Hijrah ke Madinah
Hijrah Ke Madinah;EVENT;OCCURRED_AT;;Makkah;LOCATION;000091-001;;;17;1.0;Hijrah ke Madinah
Hijrah Ke Madinah;EVENT;OCCURRED_AT;;Madinah;LOCATION;000091-001;;;15;1.0;Hijrah ke Madinah
Hijrah Ke Madinah;EVENT;OCCURRED_AT;;Yaman;LOCATION;000091-001;;;2;0.6;Hijrah ke Madinah
Hijrah Ke Madinah;EVENT;OCCURRED_AT;;Ka'bah;LOCATION;000091-001;;;1;0.55;Hijrah ke Madinah
Hijrah Ke Madinah;EVENT;OCCURRED_AT;;Laut Merah;LOCATION;000091-001;;;1;0.55;Hijrah ke Madinah
Hijrah Ke Madinah;EVENT;OCCURRED_AT;;Qudaid;LOCATION;000091-001;;;1;0.55;Hijrah ke Madinah
Hijrah Ke Madinah;EVENT;OCCURRED_AT;;Syam;LOCATION;000091-001;;;1;0.55;Hijrah ke Madinah
Ibnu Hisyam;PERSON;INVOLVED_IN;;Haji Wada';EVENT;000359-001;;;2;0.6;Penaklukan Makkah hingga Akhir Kenabian
Usamah bin Zaid;PERSON;INVOLVED_IN;;Haji Wada';EVENT;000359-001;;;2;0.6;Penaklukan Makkah hingga Akhir Kenabian
Haji Wada';EVENT;OCCURRED_AT;;Makkah;LOCATION;000359-001;;;5;0.75;Penaklukan Makkah hingga Akhir Kenabian
Haji Wada';EVENT;OCCURRED_AT;;Ka'bah;LOCATION;000359-001;;;4;0.7;Penaklukan Makkah hingga Akhir Kenabian
Haji Wada';EVENT;OCCURRED_AT;;Mina;LOCATION;000359-001;;;4;0.7;Penaklukan Makkah hingga Akhir Kenabian
Haji Wada';EVENT;OCCURRED_AT;;Madinah;LOCATION;000359-001;;;3;0.65;Penaklukan Makkah hingga Akhir Kenabian
Haji Wada';EVENT;OCCURRED_AT;;Dzul Hulaifah;LOCATION;000359-001;;;2;0.6;Penaklukan Makkah hingga Akhir Kenabian
Haji Wada';EVENT;OCCURRED_AT;;Shafa;LOCATION;000359-001;;;2;0.6;Penaklukan Makkah hingga Akhir Kenabian
Haji Wada';EVENT;OCCURRED_AT;;Marwah;LOCATION;000359-001;;;2;0.6;Penaklukan Makkah hingga Akhir Kenabian
Haji Wada';EVENT;OCCURRED_AT;;Arafah;LOCATION;000359-001;;;2;0.6;Penaklukan Makkah hingga Akhir Kenabian
Haji Wada';EVENT;OCCURRED_AT;;Muzdalifah;LOCATION;000359-001;;;2;0.6;Penaklukan Makkah hingga Akhir Kenabian
Haji Wada';EVENT;OCCURRED_AT;;Yaman;LOCATION;000359-001;;;1;0.55;Penaklukan Makkah hingga Akhir Kenabian
Haji Wada';EVENT;OCCURRED_AT;;Masjidil Haram;LOCATION;000359-001;;;1;0.55;Penaklukan Makkah hingga Akhir Kenabian
Haji Wada';EVENT;OCCURRED_AT;;Aqabah;LOCATION;000359-001;;;1;0.55;Penaklukan Makkah hingga Akhir Kenabian
Haji Wada';EVENT;OCCURRED_AT;;Zamzam;LOCATION;000359-001;;;1;0.55;Penaklukan Makkah hingga Akhir Kenabian
Haji Wada';EVENT;OCCURRED_AT;;Al-Munawarah;LOCATION;000359-001;;;1;0.55;Penaklukan Makkah hingga Akhir Kenabian
Haji Wada';EVENT;OCCURRED_AT;;Palestina;LOCATION;000359-001;;;1;0.55;Penaklukan Makkah hingga Akhir Kenabian
Haji Wada';EVENT;OCCURRED_ON;;Dzul Hijjah;TIME;000359-001;;;1;0.55;Penaklukan Makkah hingga Akhir Kenabian
Haji Wada';EVENT;OCCURRED_ON;;Muharram;TIME;000359-001;;;1;0.55;Penaklukan Makkah hingga Akhir Kenabian
Haji Wada';EVENT;OCCURRED_ON;;Rajab;TIME;000359-001;;;1;0.55;Penaklukan Makkah hingga Akhir Kenabian
Haji Wada';EVENT;OCCURRED_ON;;Jumada;TIME;000359-001;;;1;0.55;Penaklukan Makkah hingga Akhir Kenabian
Abu Bakar;PERSON;INVOLVED_IN;;Wafat Nabi;EVENT;000361-001;;;25;1.0;Penaklukan Makkah hingga Akhir Kenabian
Aisyah;PERSON;INVOLVED_IN;;Wafat Nabi;EVENT;000361-001;;;13;1.0;Penaklukan Makkah hingga Akhir Kenabian
Muhammad;PERSON;INVOLVED_IN;;Wafat Nabi;EVENT;000361-001;;;3;0.65;Penaklukan Makkah hingga Akhir Kenabian
Jibril;PERSON;INVOLVED_IN;;Wafat Nabi;EVENT;000361-001;;;2;0.6;Penaklukan Makkah hingga Akhir Kenabian
Abu Thalhah;PERSON;INVOLVED_IN;;Wafat Nabi;EVENT;000361-001;;;2;0.6;Penaklukan Makkah hingga Akhir Kenabian
Wafat Nabi;EVENT;OCCURRED_AT;;Khaibar;LOCATION;000361-001;;;2;0.6;Penaklukan Makkah hingga Akhir Kenabian
Wafat Nabi;EVENT;OCCURRED_AT;;Madinah;LOCATION;000361-001;;;2;0.6;Penaklukan Makkah hingga Akhir Kenabian
Wafat Nabi;EVENT;OCCURRED_AT;;Aqabah;LOCATION;000361-001;;;1;0.55;Penaklukan Makkah hingga Akhir Kenabian
Wafat Nabi;EVENT;OCCURRED_AT;;Uhud;LOCATION;000361-001;;;1;0.55;Penaklukan Makkah hingga Akhir Kenabian
Wafat Nabi;EVENT;OCCURRED_AT;;Jazirah Arab;LOCATION;000361-001;;;1;0.55;Penaklukan Makkah hingga Akhir Kenabian
Perang Fijar;EVENT;PRECEDES;;Wahyu Pertama;EVENT;;Perang Fijar -> Wahyu Pertama (chronology Sirah Mubarakfuri);87;1;1.0;Awal Kenabian & Mandat Dakwah
Wahyu Pertama;EVENT;PRECEDES;;Hijrah Ke Habasyah;EVENT;;Wahyu Pertama -> Hijrah Ke Habasyah (chronology Sirah Mubarakfuri);95;1;1.0;Dakwah Jahriyah & Tekanan Quraisy
Hijrah Ke Habasyah;EVENT;PRECEDES;;Pemboikotan Bani Hasyim;EVENT;;Hijrah Ke Habasyah -> Pemboikotan Bani Hasyim (chronology Sirah Mubarakfuri);135;1;1.0;Dakwah Jahriyah & Tekanan Quraisy
Pemboikotan Bani Hasyim;EVENT;PRECEDES;;Tahun Berduka;EVENT;;Pemboikotan Bani Hasyim -> Tahun Berduka (chronology Sirah Mubarakfuri);153;1;1.0;Dakwah Jahriyah & Tekanan Quraisy
Tahun Berduka;EVENT;PRECEDES;;Isra' Mi'raj;EVENT;;Tahun Berduka -> Isra' Dan Mi'Raj (chronology Sirah Mubarakfuri);168;1;1.0;Dakwah di Luar Makkah & Isra Mi'raj
Isra' Mi'raj;EVENT;PRECEDES;;Baiat Aqabah;EVENT;;Isra' Dan Mi'Raj -> Baiat Aqabah (chronology Sirah Mubarakfuri);191;1;1.0;Dakwah di Luar Makkah & Isra Mi'raj
Baiat Aqabah;EVENT;PRECEDES;;Baiat Aqabah Kubra;EVENT;;Baiat Aqabah -> Baiat Aqabah Kubra (chronology Sirah Mubarakfuri);198;1;1.0;Dakwah di Luar Makkah & Isra Mi'raj
Baiat Aqabah Kubra;EVENT;PRECEDES;;Hijrah Ke Madinah;EVENT;;Baiat Aqabah Kubra -> Hijrah Ke Madinah (chronology Sirah Mubarakfuri);203;1;1.0;Hijrah ke Madinah
Hijrah Ke Madinah;EVENT;PRECEDES;;Perang Badr;EVENT;;Hijrah Ke Madinah -> Perang Badr (chronology Sirah Mubarakfuri);220;1;1.0;Membangun Masyarakat Madinah
Perang Badr;EVENT;PRECEDES;;Perang Uhud;EVENT;;Perang Badr -> Perang Uhud (chronology Sirah Mubarakfuri);304;1;1.0;Perang Badr & Dampaknya
Perang Uhud;EVENT;PRECEDES;;Perang Bani Nadhir;EVENT;;Perang Uhud -> Perang Bani Nadhir (chronology Sirah Mubarakfuri);374;1;1.0;Perang Uhud & Satuan Pasukan Pasca Uhud
Perang Bani Nadhir;EVENT;PRECEDES;;Perang Khandaq;EVENT;;Perang Bani Nadhir -> Perang Khandaq (chronology Sirah Mubarakfuri);386;1;1.0;Perang Khandaq hingga Bani Mushthaliq
Perang Khandaq;EVENT;PRECEDES;;Perang Bani Mushthaliq;EVENT;;Perang Khandaq -> Perang Bani Mushthaliq (chronology Sirah Mubarakfuri);410;1;1.0;Perang Khandaq hingga Bani Mushthaliq
Perang Bani Mushthaliq;EVENT;PRECEDES;;Perjanjian Hudaibiyah;EVENT;;Perang Bani Mushthaliq -> Perjanjian Hudaibiyah (chronology Sirah Mubarakfuri);432;1;1.0;Hudaibiyah & Babak Baru Diplomasi
Perjanjian Hudaibiyah;EVENT;PRECEDES;;Perang Khaibar;EVENT;;Perjanjian Hudaibiyah -> Perang Khaibar (chronology Sirah Mubarakfuri);450;1;1.0;Hudaibiyah & Babak Baru Diplomasi
Perang Khaibar;EVENT;PRECEDES;;Perang Mu'Tah;EVENT;;Perang Khaibar -> Perang Mu'Tah (chronology Sirah Mubarakfuri);492;1;1.0;Perang Mu'tah & Penaklukan Makkah
Perang Mu'Tah;EVENT;PRECEDES;;Fathul Makkah;EVENT;;Perang Mu'Tah -> Fathul Makkah (chronology Sirah Mubarakfuri);502;1;1.0;Perang Mu'tah & Penaklukan Makkah
Fathul Makkah;EVENT;PRECEDES;;Perang Hunain;EVENT;;Fathul Makkah -> Perang Hunain (chronology Sirah Mubarakfuri);530;1;1.0;Hunain, Tabuk & Puncak Kekuatan Islam
Perang Hunain;EVENT;PRECEDES;;Perang Tha'If;EVENT;;Perang Hunain -> Perang Tha'If (chronology Sirah Mubarakfuri);538;1;1.0;Hunain, Tabuk & Puncak Kekuatan Islam
Perang Tha'If;EVENT;PRECEDES;;Perang Tabuk;EVENT;;Perang Tha'If -> Perang Tabuk (chronology Sirah Mubarakfuri);544;1;1.0;Hunain, Tabuk & Puncak Kekuatan Islam
Perang Tabuk;EVENT;PRECEDES;;Haji Wada';EVENT;;Perang Tabuk -> Haji Wada' (chronology Sirah Mubarakfuri);580;1;1.0;Penaklukan Makkah hingga Akhir Kenabian
Haji Wada';EVENT;PRECEDES;;Wafat Nabi;EVENT;;Haji Wada' -> Wafat Nabi (chronology Sirah Mubarakfuri);605;1;1.0;Penaklukan Makkah hingga Akhir Kenabian
