node_id;name;label;aliases;chunk_ids;frequency;periode_bab;page_range
ec44716ac4d6;Perang Badr;EVENT;;000052-006 | 000052-007 | 000071-003 | 000075-010 | 000098-002 | 000098-003 | 000106-001 | 000114-009 | 000114-013 | 000129-001 | 000131-002 | 000137-001 | 000138-003 | 000138-006 | 000139-001 | 000140-001 | 000140-004 | 000142-001 | 000144-004 | 000145-002 | 000146-001 | 000147-001 | 000148-001 | 000148-002 | 000150-003 | 000151-001 | 000151-002 | 000153-002 | 000157-001 | 000157-003 | 000158-001 | 000158-002 | 000164-002 | 000164-003 | 000171-001 | 000177-001 | 000182-001 | 000198-002 | 000206-005 | 000212-002 | 000212-003 | 000212-004 | 000215-002 | 000216-002 | 000218-001 | 000225-001 | 000278-001 | 000301-004 | 000318-002 | 000375-001 | 000378-001;66;Satuan-satuan Pasukan Sebelum Perang Badr;256-265
2ac235ec1e41;Perang Uhud;EVENT;;000071-003 | 000071-006 | 000075-005 | 000083-006 | 000146-002 | 000154-001 | 000157-001 | 000157-003 | 000166-001 | 000176-001 | 000185-001 | 000187-005 | 000187-006 | 000188-001 | 000189-001 | 000190-001 | 000192-002 | 000196-002 | 000199-003 | 000201-001 | 000202-001 | 000202-002 | 000205-001 | 000206-001 | 000206-005 | 000206-006 | 000206-007 | 000206-008 | 000208-001 | 000209-001 | 000210-001 | 000213-003 | 000214-001 | 000215-001 | 000215-002 | 000216-001 | 000225-002 | 000355-001 | 000355-002 | 000379-001 | 000385-003;55;AKTIVITAS PASUKAN ANTARA PERANG BADR DAN PERANG UHUD;305-307
eaa1aba992f8;Perang Khandaq;EVENT;Perang Ahzab | Perang Al-Khandaq;000078-008 | 000078-009 | 000083-007 | 000213-002 | 000213-003 | 000215-003 | 000218-011 | 000218-012 | 000218-025 | 000218-026 | 000219-006 | 000219-008 | 000219-011 | 000219-013 | 000220-004 | 000221-001 | 000225-003 | 000225-004 | 000227-004 | 000287-001;24;Perang Burhan;321-323
a364a8d874fb;Isra;EVENT;;000035-002 | 000040-001 | 000080-001 | 000080-002 | 000080-005 | 000080-007 | 000080-009 | 000080-010 | 000080-011;17;ISRA’ DAN MI’RAJ;191-197
f90ea270344a;Hudaibiyah;EVENT;;000223-004 | 000223-005 | 000243-002 | 000247-001 | 000247-003 | 000258-001 | 000260-001 | 000274-001 | 000274-002 | 000285-001 | 000285-005 | 000299-001 | 000338-001;15;PERJANJIAN HUDAIBIYAH;433-450
d76568c60f42;Perjanjian Hudaibiyah;EVENT;;000099-001 | 000223-005 | 000227-005 | 000247-003 | 000250-007 | 000254-007 | 000255-001 | 000259-001 | 000299-001 | 000320-004 | 000320-005;14;PERJANJIAN HUDAIBIYAH;433-450
d3f1e3f46352;Perang Khaibar;EVENT;;000215-002 | 000255-001 | 000255-004 | 000263-001 | 000274-001 | 000274-002 | 000278-001 | 000282-001 | 000284-001;13;PERANG KHAIBAR DAN WADIL QURA;473-492
5397136583c1;Perang Tabuk;EVENT;;000247-005 | 000351-001 | 000351-002 | 000356-002 | 000357-011 | 000357-012;8;PERANG TABUK;558-571
09e4b9814599;Perang Bu'ats;EVENT;Perang Bu Ats;000078-001 | 000078-002 | 000102-001 | 000103-003 | 000150-001 | 000219-009;6;Perang Burhan;321-323
f6d107357819;Badr;EVENT;;000145-001 | 000147-001 | 000148-004 | 000158-001 | 000182-001 | 000217-001;6;Satuan-satuan Pasukan Sebelum Perang Badr;256-265
dc7dab06d145;Perang Hunain;EVENT;Perang Khunain;000284-005 | 000332-001 | 000336-001 | 000344-001 | 000355-001 | 000355-002;6;PERANG HUNAIN;538-551
0c77b0427eb0;Perang Mu'tah;EVENT;;000293-001 | 000295-001 | 000296-001 | 000341-002 | 000357-002;6;PERANG MU’TAH;502-510
e1881f5ae384;Khaibar;EVENT;;000275-001 | 000280-001 | 000384-001;5;PERANG KHAIBAR DAN WADIL QURA;473-492
be3ec22cbc5d;Baiat Aqabah Kubra;EVENT;;000088-005 | 000089-001 | 000089-005 | 000090-002;4;BAIAT AQABAH KEDUA;203-209
e3d9171c739e;Perang Tha'if;EVENT;;000177-002 | 000331-001 | 000357-004 | 000357-007;4;Perang Tha’if;544-551
9cc2185190cb;Perang Fijar;EVENT;;000025-001 | 000026-002;3;Perang Fijar;87-93
af7be2402d6d;Fathul Makkah;EVENT;Fathu Makkah | Penaklukan Makkah;000099-001 | 000223-003 | 000321-001;3;Peringatan di Makkah;267-304
be6b6b6f2733;Uhud;EVENT;;000210-001 | 000375-001 | 000378-001;3;AKTIVITAS PASUKAN ANTARA PERANG BADR DAN PERANG UHUD;305-307
385b69c8cd73;Perang Bani Nadhir;EVENT;;000213-004 | 000214-007 | 000215-001;3;Perang Bani Nadhir;382-389
7ccdb4397932;Perang Dzatur Riqa;EVENT;;000215-002 | 000284-001;3;Perang Dzatur Riqa’;493-497
bcaa2d7ae36f;Perang Asafan;EVENT;;000215-002 | 000215-003;3;Perang As-Sawiq;315-323
fc077c37fbb0;Hunain;EVENT;;000329-001 | 000334-001 | 000355-001;3;PERANG HUNAIN;538-551
44e111bce1c3;Hijrah;EVENT;;000002-002 | 000051-006;2;Hijrah ke Habasyah yang Pertama;130-151
64125ec3e9a4;Perang Yarmuk;EVENT;;000006-001 | 000177-002;2;PERANG TABUK;558-571
8e591fb09d92;Mi'raj;EVENT;;000035-002 | 000080-001;2;;
4647e226b6fb;Al-Isra;EVENT;;000080-001 | 000080-002;2;Al-Qur’an;169-173
147f39b148ff;Isra Mi'raj;EVENT;Isra' Mi'raj;000080-005 | 000080-009;2;ISRA’ DAN MI’RAJ;191-197
a5e28269fb58;Baiat Aqabah;EVENT;;000089-001 | 000124-002;2;BAIAT AQABAH PERTAMA;198-202
1cb20830a588;Perang As-Sawiq;EVENT;Perang Sawiq;000153-002 | 000158-003;2;Perang As-Sawiq;315-323
ab9b85cc3d0f;Perang Bani Quraizhah;EVENT;;000219-005 | 000224-002;2;PERANG BANI QURAIZHAH;405-411
564e5f97dfae;Perang Bani Mushthaliq;EVENT;;000225-005 | 000226-001;2;Perang Bani Nadhir;382-389
ec402151bd83;Perang Bukhtanashar;EVENT;;000007-001;1;Perang Burhan;321-323
7e6b669743ff;Perang Abwa;EVENT;;000114-003;1;PERANG TABUK;558-571
2be564ea1156;Perang Buwath;EVENT;;000114-004;1;Perang Burhan;321-323
6a799492b87d;Perang Safawan;EVENT;;000114-004;1;Perang As-Sawiq;315-323
34d2b06e0945;Perang Badr Ula;EVENT;;000114-005;1;PERANG BADR KUBRA;266-304
f2c923cb6f65;Perang Dzul Usyairah;EVENT;;000114-005;1;Perang Dumatul Jandal;387-389
031c2f2a431a;Perang Badr Kubra;EVENT;;000114-005;1;PERANG BADR KUBRA;266-304
bac9d5b24121;Perang Al-Yamamah;EVENT;;000138-002;1;PERANG MU’TAH;502-510
16c0dcb36fe7;Perang Riddah;EVENT;;000138-006;1;Perang Burhan;321-323
4a920d266cc0;Jabal Uhud;EVENT;;000157-003;1;PERANG UHUD;324-375
eb98342a30a1;Al-Umawi;EVENT;;000194-001;1;Al-Qur’an;169-173
b3198dfee831;Perang Hamra'ul Asad;EVENT;;000206-007;1;Perang Hamra’ul-Asad;368-375
7bca5d697f16;Hamra'ul Asad;EVENT;;000206-007;1;Perang Hamra’ul-Asad;368-375
543bbb58b67d;Perang Bani Qainuqa;EVENT;;000214-001;1;Perang Bani Qainuqa’;310-323
bbfe8ae2b09e;Perang Badr Shughra;EVENT;;000216-002;1;PERANG BADR KUBRA;266-304
9435fcadd588;Ahzab;EVENT;;000218-026;1;SATUAN-SATUAN PERANG ANTARA PERANG UHUD DAN AHZAB;376-389
2f69c4ffcf12;Perang Bani Al-Ashfar;EVENT;;000301-001;1;Perang Bani Nadhir;382-389
801b22c82659;Makkah;LOCATION;;000002-002 | 000002-003 | 000002-005 | 000002-006 | 000002-009 | 000002-012 | 000007-001 | 000007-002 | 000007-003 | 000007-004 | 000007-005 | 000007-006 | 000007-007 | 000010-001 | 000010-002 | 000010-010 | 000010-014 | 000017-001 | 000017-002 | 000017-003 | 000017-004 | 000017-005 | 000017-006 | 000017-007 | 000017-011 | 000017-012 | 000018-001 | 000019-002 | 000019-003 | 000019-006 | 000020-001 | 000021-001 | 000021-002 | 000023-001 | 000026-001 | 000027-001 | 000028-001 | 000029-001 | 000030-002 | 000030-003 | 000031-001 | 000032-006 | 000032-007 | 000032-008 | 000032-009 | 000037-001 | 000038-001 | 000039-003 | 000045-001 | 000049-009 | 000049-010 | 000049-011 | 000051-001 | 000051-005 | 000051-006 | 000055-001 | 000055-002 | 000057-007 | 000060-001 | 000062-001 | 000063-003 | 000063-005 | 000067-001 | 000068-001 | 000071-003 | 000071-004 | 000074-001 | 000074-002 | 000074-003 | 000075-001 | 000075-004 | 000075-005 | 000075-008 | 000075-009 | 000075-010 | 000076-001 | 000077-002 | 000078-001 | 000078-002 | 000078-003 | 000078-004 | 000078-006 | 000078-009 | 000079-001 | 000080-006 | 000080-010 | 000081-001 | 000081-002 | 000083-007 | 000084-001 | 000088-003 | 000088-005 | 000088-006 | 000089-001 | 000089-003 | 000089-004 | 000089-005 | 000089-006 | 000090-001 | 000090-002 | 000090-005 | 000090-006 | 000092-001 | 000094-001 | 000095-002 | 000095-003 | 000096-002 | 000096-003 | 000096-009 | 000097-001 | 000097-003 | 000098-002 | 000098-003 | 000101-001 | 000103-008 | 000103-009 | 000110-001 | 000111-001 | 000113-001 | 000114-001 | 000114-006 | 000115-001 | 000117-001 | 000118-001 | 000119-001 | 000121-001 | 000122-001 | 000123-001 | 000125-001 | 000126-001 | 000126-002 | 000126-003 | 000127-001 | 000129-002 | 000137-005 | 000138-002 | 000138-003 | 000138-004 | 000140-001 | 000140-004 | 000144-004 | 000146-002 | 000147-001 | 000148-001 | 000148-004 | 000153-002 | 000155-001 | 000155-002 | 000157-001 | 000157-002 | 000158-001 | 000159-001 | 000160-001 | 000161-001 | 000163-001 | 000164-001 | 000171-001 | 000172-001 | 000172-002 | 000177-002 | 000193-001 | 000193-002 | 000195-001 | 000198-001 | 000198-002 | 000198-003 | 000206-004 | 000206-006 | 000206-008 | 000212-002 | 000212-003 | 000212-004 | 000214-001 | 000216-001 | 000216-002 | 000218-001 | 000218-025 | 000221-002 | 000222-001 | 000223-003 | 000227-002 | 000227-003 | 000228-001 | 000229-001 | 000230-001 | 000231-001 | 000234-001 | 000235-001 | 000235-002 | 000236-001 | 000237-001 | 000238-001 | 000241-002 | 000241-003 | 000241-004 | 000243-001 | 000243-002 | 000243-003 | 000247-001 | 000252-001 | 000284-001 | 000284-005 | 000285-001 | 000285-002 | 000285-003 | 000285-004 | 000285-005 | 000299-002 | 000299-003 | 000300-001 | 000300-002 | 000301-001 | 000301-002 | 000302-001 | 000304-001 | 000305-001 | 000306-001 | 000307-001 | 000308-001 | 000314-001 | 000314-002 | 000315-001 | 000316-001 | 000317-001 | 000318-001 | 000319-001 | 000320-001 | 000320-002 | 000320-004 | 000320-005 | 000321-001 | 000322-001 | 000323-001 | 000326-001 | 000333-001 | 000336-001 | 000338-001 | 000339-003 | 000340-001 | 000345-001 | 000351-001 | 000355-006 | 000356-001 | 000356-002 | 000357-001 | 000357-002 | 000357-004 | 000357-006 | 000357-013 | 000357-023 | 000359-001 | 000359-002 | 000359-003 | 000359-007 | 000375-001 | 000388-013;411;;
55ffd15c2ec3;Madinah;LOCATION;;000002-002 | 000002-012 | 000017-001 | 000017-004 | 000017-011 | 000020-001 | 000037-001 | 000079-002 | 000079-003 | 000088-005 | 000089-001 | 000089-002 | 000089-003 | 000089-004 | 000089-006 | 000090-001 | 000090-006 | 000094-001 | 000096-001 | 000096-003 | 000097-001 | 000097-002 | 000097-003 | 000098-001 | 000098-002 | 000098-003 | 000099-001 | 000100-001 | 000101-001 | 000101-003 | 000101-004 | 000102-001 | 000103-003 | 000103-005 | 000103-007 | 000103-008 | 000103-009 | 000103-010 | 000105-002 | 000106-002 | 000108-001 | 000109-001 | 000109-002 | 000109-003 | 000110-001 | 000112-001 | 000112-002 | 000113-001 | 000113-002 | 000114-001 | 000114-003 | 000114-004 | 000114-005 | 000114-007 | 000114-010 | 000115-001 | 000115-002 | 000116-001 | 000117-001 | 000121-001 | 000123-001 | 000125-001 | 000129-001 | 000131-002 | 000141-001 | 000141-002 | 000142-002 | 000143-001 | 000143-002 | 000144-001 | 000144-003 | 000144-004 | 000146-001 | 000146-002 | 000147-001 | 000148-001 | 000148-002 | 000150-003 | 000151-001 | 000151-002 | 000151-003 | 000152-001 | 000152-002 | 000153-001 | 000153-002 | 000154-001 | 000155-001 | 000155-002 | 000155-008 | 000156-001 | 000157-002 | 000160-001 | 000161-001 | 000162-001 | 000163-001 | 000164-001 | 000164-002 | 000164-003 | 000165-001 | 000165-002 | 000167-001 | 000168-001 | 000172-001 | 000185-001 | 000196-002 | 000198-003 | 000200-001 | 000202-001 | 000203-001 | 000205-001 | 000206-001 | 000206-002 | 000206-003 | 000206-004 | 000206-005 | 000206-006 | 000206-008 | 000209-001 | 000210-001 | 000211-001 | 000213-003 | 000213-004 | 000214-001 | 000214-002 | 000214-003 | 000214-005 | 000214-006 | 000215-001 | 000215-002 | 000216-001 | 000216-002 | 000217-001 | 000217-002 | 000218-002 | 000218-003 | 000218-007 | 000218-008 | 000218-009 | 000218-019 | 000218-020 | 000218-021 | 000218-025 | 000218-026 | 000219-001 | 000219-006 | 000219-007 | 000221-001 | 000222-001 | 000222-002 | 000223-001 | 000223-002 | 000223-003 | 000223-004 | 000223-005 | 000224-002 | 000225-001 | 000225-004 | 000226-001 | 000226-002 | 000226-003 | 000226-004 | 000226-006 | 000226-007 | 000226-008 | 000226-010 | 000227-003 | 000228-001 | 000237-001 | 000241-004 | 000243-001 | 000243-003 | 000244-001 | 000245-001 | 000249-002 | 000255-004 | 000256-001 | 000258-001 | 000260-001 | 000274-002 | 000276-001 | 000276-002 | 000282-001 | 000283-001 | 000284-001 | 000284-002 | 000284-006 | 000284-007 | 000284-008 | 000285-001 | 000293-001 | 000296-001 | 000296-002 | 000296-003 | 000299-002 | 000300-001 | 000300-002 | 000302-001 | 000314-001 | 000314-002 | 000336-001 | 000337-001 | 000338-001 | 000339-001 | 000339-002 | 000339-004 | 000342-001 | 000343-001 | 000344-001 | 000346-001 | 000347-001 | 000349-001 | 000349-002 | 000350-001 | 000350-002 | 000350-004 | 000351-001 | 000352-001 | 000355-003 | 000356-002 | 000357-001 | 000357-002 | 000357-004 | 000357-006 | 000357-007 | 000357-008 | 000357-011 | 000357-014 | 000357-019 | 000357-020 | 000357-021 | 000357-023 | 000359-001 | 000359-010 | 000360-002 | 000370-001 | 000372-001 | 000377-001 | 000385-001 | 000387-001 | 000388-003 | 000388-013;400;;
322545c4eb51;Ka'bah;LOCATION;Baitullah;000002-008 | 000004-003 | 000007-001 | 000007-002 | 000007-004 | 000007-005 | 000007-006 | 000007-007 | 000009-002 | 000010-001 | 000010-002 | 000010-009 | 000010-010 | 000010-014 | 000015-004 | 000017-004 | 000017-005 | 000017-006 | 000017-007 | 000017-008 | 000017-010 | 000018-001 | 000021-001 | 000023-001 | 000029-001 | 000029-002 | 000029-003 | 000029-004 | 000030-003 | 000038-001 | 000048-006 | 000049-003 | 000049-005 | 000055-003 | 000055-004 | 000055-005 | 000056-001 | 000057-002 | 000057-011 | 000061-001 | 000063-003 | 000063-005 | 000074-005 | 000075-001 | 000078-007 | 000095-003 | 000103-008 | 000111-001 | 000213-002 | 000228-001 | 000242-002 | 000305-002 | 000309-001 | 000310-001 | 000311-001 | 000312-001 | 000314-001 | 000320-004 | 000339-007 | 000359-003 | 000359-007 | 000359-010;105;;
3a50ca3b3122;Syam;LOCATION;;000001-001 | 000002-001 | 000002-002 | 000002-003 | 000002-009 | 000005-001 | 000005-002 | 000006-001 | 000007-001 | 000007-004 | 000009-001 | 000009-002 | 000010-001 | 000010-014 | 000014-001 | 000017-001 | 000017-002 | 000017-011 | 000018-001 | 000024-001 | 000024-002 | 000027-001 | 000028-001 | 000055-001 | 000055-002 | 000071-003 | 000090-001 | 000096-010 | 000113-001 | 000114-002 | 000114-005 | 000114-010 | 000115-001 | 000147-001 | 000152-002 | 000157-001 | 000157-002 | 000214-006 | 000217-001 | 000217-002 | 000222-001 | 000243-003 | 000248-003 | 000250-001 | 000250-002 | 000262-001 | 000286-001 | 000287-001 | 000289-002 | 000294-002 | 000296-001 | 000339-004 | 000339-005 | 000343-001 | 000346-001 | 000346-002 | 000348-002 | 000355-002 | 000357-002 | 000357-006;81;;
109a89ed4a56;Khaibar;LOCATION;;000002-012 | 000010-012 | 000105-001 | 000214-006 | 000215-002 | 000218-001 | 000220-001 | 000227-001 | 000245-001 | 000246-001 | 000247-005 | 000255-004 | 000256-001 | 000257-001 | 000259-001 | 000260-001 | 000261-001 | 000262-001 | 000263-001 | 000263-002 | 000264-001 | 000264-002 | 000265-001 | 000265-002 | 000266-001 | 000267-001 | 000270-002 | 000272-001 | 000273-001 | 000274-001 | 000274-002 | 000275-001 | 000277-001 | 000278-001 | 000279-001 | 000280-001 | 000281-001 | 000283-001 | 000284-001 | 000284-007 | 000284-008 | 000357-002 | 000368-002 | 000384-001;74;;
32aa06008609;Yaman;LOCATION;;000002-001 | 000002-002 | 000002-004 | 000002-006 | 000002-009 | 000004-001 | 000004-002 | 000004-003 | 000004-004 | 000007-001 | 000007-002 | 000010-012 | 000010-013 | 000010-014 | 000014-001 | 000017-003 | 000017-006 | 000017-008 | 000017-009 | 000078-006 | 000078-009 | 000094-001 | 000096-002 | 000218-007 | 000249-002 | 000275-001 | 000284-008 | 000293-001 | 000314-001 | 000315-001 | 000316-002 | 000357-003 | 000357-011 | 000357-013 | 000357-018 | 000357-019 | 000357-021 | 000357-023 | 000359-001;58;;
9b40a7be3792;Habasyah;LOCATION;;000004-002 | 000004-003 | 000004-004 | 000009-002 | 000010-013 | 000010-014 | 000017-008 | 000051-002 | 000051-003 | 000051-005 | 000051-006 | 000067-001 | 000068-001 | 000074-003 | 000089-006 | 000157-001 | 000157-002 | 000158-002 | 000175-002 | 000177-001 | 000241-004 | 000244-001 | 000247-001 | 000247-002 | 000247-005 | 000275-001 | 000339-003 | 000383-001;44;;
8388f302e313;Jazirah Arab;LOCATION;;000001-001 | 000001-002 | 000002-011 | 000002-012 | 000008-001 | 000009-001 | 000009-002 | 000010-011 | 000010-012 | 000012-001 | 000014-001 | 000015-004 | 000047-001 | 000103-008 | 000114-001 | 000187-004 | 000218-001 | 000227-005 | 000228-001 | 000241-001 | 000245-001 | 000320-004 | 000320-005 | 000321-001 | 000340-001 | 000348-001 | 000351-001 | 000354-001 | 000357-021 | 000358-002 | 000358-003 | 000358-005 | 000365-001;41;;
e0180ee04b12;Yatsrib;LOCATION;Yastrib;000010-012 | 000010-013 | 000017-002 | 000020-001 | 000071-003 | 000078-001 | 000078-002 | 000078-003 | 000079-001 | 000079-002 | 000081-001 | 000082-001 | 000083-001 | 000083-007 | 000084-001 | 000088-003 | 000088-004 | 000088-005 | 000088-006 | 000090-002 | 000098-001 | 000103-004 | 000107-001 | 000109-002 | 000112-001 | 000114-001 | 000121-001 | 000129-001 | 000129-002 | 000218-019 | 000285-002;40;;
016114bfe6fc;Badr;LOCATION;;000114-004 | 000114-010 | 000115-002 | 000117-001 | 000120-001 | 000121-001 | 000122-001 | 000124-004 | 000126-001 | 000127-001 | 000129-001 | 000139-001 | 000140-001 | 000141-002 | 000142-001 | 000142-002 | 000143-001 | 000145-003 | 000151-001 | 000155-001 | 000155-002 | 000198-002 | 000216-001 | 000216-002 | 000217-001;31;;
6f846f6354c3;Masjidil Haram;LOCATION;;000010-002 | 000049-008 | 000051-003 | 000051-004 | 000057-010 | 000058-001 | 000075-009 | 000075-010 | 000080-002 | 000114-008 | 000114-011 | 000114-014 | 000228-001 | 000229-001 | 000230-001 | 000232-001 | 000233-001 | 000237-002 | 000237-003 | 000241-003 | 000242-001 | 000304-004 | 000359-003 | 000388-013;28;;
b66ce3e21f12;Tha'if;LOCATION;Thaif | Thaw'if;000002-012 | 000005-001 | 000010-001 | 000067-001 | 000075-001 | 000075-002 | 000075-008 | 000075-011 | 000090-001 | 000114-006 | 000330-001 | 000332-001 | 000332-002 | 000357-010;26;;
47bd433ebab8;Hijaz;LOCATION;;000002-002 | 000002-003 | 000002-005 | 000002-009 | 000004-002 | 000009-002 | 000010-001 | 000010-002 | 000010-012 | 000103-001 | 000156-001 | 000212-001 | 000220-003 | 000222-001 | 000249-002 | 000289-002;23;;
521bcee2814b;Najd;LOCATION;;000002-003 | 000007-003 | 000090-003 | 000090-004 | 000090-005 | 000090-006 | 000147-001 | 000213-001 | 000215-001 | 000215-002 | 000218-008 | 000219-010 | 000219-011 | 000221-001 | 000257-001 | 000283-001 | 000284-001 | 000297-001;20;;
ee82075a69d8;Aqabah;LOCATION;;000007-003 | 000024-001 | 000075-005 | 000079-001 | 000080-011 | 000081-001 | 000081-002 | 000084-001 | 000084-002 | 000088-002 | 000088-005 | 000088-006 | 000359-006 | 000361-001;18;;
3dbe05a852bc;Tabuk;LOCATION;;000347-001 | 000347-002 | 000347-003 | 000348-001 | 000348-003 | 000349-001 | 000349-002 | 000352-001 | 000353-001 | 000357-007;18;;
9c2396d40256;Irak;LOCATION;;000001-001 | 000002-004 | 000005-001 | 000005-002 | 000007-003 | 000009-001 | 000009-002 | 000010-014 | 000010-015 | 000125-001 | 000157-002 | 000355-002;17;;
9dc590308045;Uhud;LOCATION;;000144-003 | 000163-001 | 000168-001 | 000177-001 | 000184-001 | 000185-002 | 000185-003 | 000200-001 | 000208-002 | 000218-008 | 000218-014 | 000320-004 | 000349-001 | 000361-001;17;;
8c5641573698;Zamzam;LOCATION;;000002-005 | 000002-006 | 000002-008 | 000007-002 | 000017-005 | 000019-006 | 000078-004 | 000140-002 | 000140-003 | 000359-007;16;;
7e2cfbda530c;Shafa;LOCATION;;000007-002 | 000044-001 | 000049-002 | 000050-002 | 000056-001 | 000057-006 | 000285-003 | 000285-006 | 000307-001 | 000308-001 | 000317-001 | 000318-001 | 000359-003;16;;
d3ab151448a8;Mina;LOCATION;;000007-002 | 000007-003 | 000017-007 | 000079-001 | 000081-001 | 000081-002 | 000084-001 | 000088-003 | 000359-003 | 000359-006 | 000359-009 | 000359-010 | 000360-001;15;;
c9eb58282d7f;Najran;LOCATION;;000004-003 | 000010-013 | 000338-001 | 000357-013 | 000357-015 | 000357-017;11;;
73324ed1f7f0;Baitul Maqdis;LOCATION;;000017-008 | 000079-003 | 000080-002 | 000080-007 | 000080-010 | 000105-001 | 000114-014 | 000250-002 | 000286-001;10;;
8b4bb7941d5a;Palestina;LOCATION;;000002-004 | 000002-005 | 000002-008 | 000010-012 | 000017-002 | 000357-003 | 000360-001;9;;
272047670c43;Baitul-Haram;LOCATION;;000002-005 | 000007-003 | 000007-004 | 000007-006 | 000010-010 | 000051-003 | 000057-002 | 000057-011;9;;
4a59c0abf585;Persia;LOCATION;Persi;000004-003 | 000004-004 | 000005-001 | 000218-007 | 000245-002 | 000249-001 | 000249-002 | 000355-002;9;;
338080a29e65;Gua Hira;LOCATION;;000031-001 | 000032-001 | 000032-002 | 000032-003 | 000032-007 | 000034-001 | 000035-002;8;;
f615af955240;Arafah;LOCATION;;000007-002 | 000007-003 | 000010-009 | 000010-010 | 000323-001 | 000359-003;7;;
e872f75feba8;Muzdalifah;LOCATION;;000007-002 | 000007-003 | 000010-009 | 000010-010 | 000017-007 | 000359-006;7;;
c363b4a5e668;Marwah;LOCATION;;000285-003 | 000285-004 | 000285-006 | 000359-003;7;;
e6e4844c70a6;Mesir;LOCATION;;000002-002 | 000002-004 | 000002-009 | 000004-002 | 000248-001;6;;
37df454de2e0;Tihamah;LOCATION;;000002-003 | 000002-012 | 000010-002 | 000158-002 | 000218-002 | 000333-002;6;;
bf1727d5e7c0;Eufrat;LOCATION;;000002-004 | 000002-012 | 000005-001 | 000080-005 | 000080-006;6;;
baef32bbe671;Hajar Aswad;LOCATION;;000011-002 | 000029-002 | 000055-003 | 000075-010 | 000309-001;6;;
96284d31b341;Hudaibiyah;LOCATION;;000231-001 | 000232-001 | 000240-001 | 000246-001 | 000385-007;6;;
90cc0e2d25da;Hunain;LOCATION;;000323-001 | 000326-001 | 000327-001 | 000330-001 | 000332-001;6;;
7312f9f89d0c;Laut Merah;LOCATION;;000001-001 | 000010-001 | 000090-001 | 000096-002 | 000327-001;5;;
87dc068bb5a3;Dzul Hulaifah;LOCATION;;000229-001 | 000243-001 | 000285-001 | 000359-001 | 000359-002;5;;
7d6e8357966f;Hadhramaut;LOCATION;Hadramaut;000002-003 | 000074-005 | 000093-001 | 000338-001;4;;
99fd85513b40;Bahrain;LOCATION;;000002-003 | 000251-001;3;;
ef682b9acbd6;Qudaid;LOCATION;;000010-001 | 000096-002 | 000224-003;3;;
40f7d544302e;Hijir;LOCATION;;000017-004 | 000055-003 | 000148-001;3;;
0e70252fca2b;Ukazh;LOCATION;;000047-004 | 000074-004 | 000206-004;3;;
adc10b0fd910;Sidratul Muntaha;LOCATION;;000080-003 | 000080-005;3;;
5fe91c810e55;Nil;LOCATION;;000080-005 | 000080-006;3;;
4270ed7988bb;Dzu Thuwa;LOCATION;Dzi Thuwa;000230-001 | 000307-001 | 000359-002;3;;
fd174b1f4226;Timur;LOCATION;;000001-002;2;;
c70ca19c4a43;Hijabah;LOCATION;;000007-007 | 000007-009;2;;
8052498d21a1;Hajar;LOCATION;;000029-003;2;;
357fff4cdded;Ka Bah;LOCATION;;000029-003 | 000235-002;2;;
8d5ae16d1b23;Jabal Nur;LOCATION;;000031-001 | 000035-002;2;;
86d2767f1532;Dzil- Majaz;LOCATION;Dzil-Majaz;000074-004 | 000193-002;2;;
314942ef0032;Gua Tsaur;LOCATION;Gua Tsur;000090-006 | 000093-001;2;;
1746e1298ce5;Yamamah;LOCATION;;000252-002 | 000357-017;2;;
312a9e675fa8;India;LOCATION;;000001-002;1;;
b3d34b427a45;Pakistan;LOCATION;;000002-004;1;;
642b374031e0;Al-Bathra;LOCATION;;000002-009;1;;
62452f849de7;Kalb;LOCATION;;000005-003;1;;
43707202c618;Iraq;LOCATION;;000009-002;1;;
50cb66dad377;Arab Saudi;LOCATION;;000009-002;1;;
b949970a7766;Babilon;LOCATION;;000010-012;1;;
ba15993ceb6a;Babilonia;LOCATION;;000010-012;1;;
c4900906e96a;Thawaf;LOCATION;;000029-003;1;;
a84689e4a3a4;Sudan;LOCATION;;000041-001;1;;
37916385429c;Eritrea;LOCATION;;000041-001;1;;
9b7dac1a943b;Addis Ababa;LOCATION;;000041-001;1;;
c897991d3fd3;Al-Baitul-Ma'mur;LOCATION;;000080-003;1;;
9ea236176245;Masjid Nabawi;LOCATION;;000098-001;1;;
a284985b934b;Ash-Shafra;LOCATION;;000131-002;1;;
a88e67768555;Al-Kudr;LOCATION;;000147-001;1;;
52e2ef12db40;Al-Uraidh;LOCATION;;000153-001;1;;
83178577bef6;Al-Asyraf;LOCATION;;000155-005;1;;
ce1309386a75;Harratul Uraidh;LOCATION;;000155-007;1;;
202cc8e00364;Kaba;LOCATION;;000185-004;1;;
5f2492578f3a;Sarif;LOCATION;;000193-002;1;;
a3b835c02cc1;Damaskus;LOCATION;;000217-002;1;;
a3403e485945;Masjid;LOCATION;;000219-004;1;;
f00ab3f16c0f;Nabawi;LOCATION;;000219-004;1;;
3493f64b7663;Hubaibiyah;LOCATION;;000241-001;1;;
32fbc5b5ee77;Iskandaria;LOCATION;;000248-001;1;;
07d5261e0bf5;Al-Baqa;LOCATION;;000289-002;1;;
e669058a8ed8;Dzu Khasyab;LOCATION;;000301-001;1;;
ad935a49f586;Dzul Marwah;LOCATION;;000301-001;1;;
97209ed80cb8;Qada;LOCATION;;000307-001;1;;
7bbdd508d772;Khandamah;LOCATION;;000308-001;1;;
3b90d247e565;Qadid;LOCATION;;000320-002;1;;
baed50ea8bfa;Dzul Majaz;LOCATION;;000323-001;1;;
39ecda014b6b;Tha If;LOCATION;;000333-001;1;;
22521fc9811f;Balqa;LOCATION;;000343-001;1;;
48f98905d5c8;Muhammad;PERSON;Muhammad bin Abdullah | Rasululah | Rasulullah;000000-001 | 000002-005 | 000002-011 | 000005-004 | 000007-009 | 000010-002 | 000013-003 | 000013-004 | 000016-001 | 000016-002 | 000017-009 | 000017-012 | 000018-001 | 000018-002 | 000019-001 | 000019-002 | 000019-003 | 000019-006 | 000020-001 | 000021-001 | 000021-002 | 000024-001 | 000025-001 | 000026-001 | 000027-001 | 000028-001 | 000028-002 | 000029-001 | 000029-002 | 000029-003 | 000030-002 | 000031-001 | 000031-002 | 000032-003 | 000032-004 | 000032-005 | 000032-006 | 000032-007 | 000032-008 | 000032-009 | 000033-001 | 000034-001 | 000036-003 | 000036-004 | 000037-001 | 000039-001 | 000039-003 | 000040-001 | 000041-001 | 000042-001 | 000043-001 | 000044-002 | 000045-001 | 000046-001 | 000047-001 | 000047-004 | 000048-001 | 000048-002 | 000048-003 | 000048-004 | 000048-005 | 000048-006 | 000049-001 | 000049-002 | 000049-003 | 000049-004 | 000049-005 | 000049-006 | 000049-007 | 000049-008 | 000049-009 | 000049-011 | 000049-012 | 000050-001 | 000050-002 | 000051-002 | 000051-003 | 000051-005 | 000051-006 | 000052-007 | 000053-001 | 000054-001 | 000055-001 | 000055-002 | 000055-003 | 000056-001 | 000057-002 | 000057-003 | 000057-004 | 000057-005 | 000057-006 | 000057-007 | 000057-008 | 000057-010 | 000057-011 | 000058-001 | 000058-003 | 000059-001 | 000060-001 | 000061-001 | 000062-001 | 000062-002 | 000063-004 | 000064-001 | 000064-002 | 000064-004 | 000064-005 | 000065-002 | 000066-001 | 000067-001 | 000068-001 | 000071-001 | 000071-002 | 000071-003 | 000071-004 | 000071-005 | 000071-006 | 000074-004 | 000075-001 | 000075-002 | 000075-004 | 000075-005 | 000075-006 | 000075-007 | 000075-009 | 000075-010 | 000076-001 | 000077-001 | 000078-001 | 000078-003 | 000078-005 | 000078-009 | 000079-001 | 000079-003 | 000080-002 | 000080-007 | 000080-010 | 000080-011 | 000081-001 | 000081-002 | 000084-001 | 000084-002 | 000085-001 | 000086-001 | 000086-002 | 000087-001 | 000088-001 | 000088-002 | 000089-001 | 000089-003 | 000089-005 | 000089-006 | 000090-001 | 000090-002 | 000090-003 | 000090-005 | 000091-001 | 000092-001 | 000092-002 | 000093-001 | 000093-002 | 000094-001 | 000095-001 | 000095-002 | 000095-003 | 000096-001 | 000096-002 | 000096-003 | 000096-004 | 000096-005 | 000096-006 | 000096-007 | 000096-009 | 000096-010 | 000097-001 | 000097-002 | 000097-003 | 000098-001 | 000098-002 | 000098-003 | 000099-001 | 000100-001 | 000101-002 | 000101-003 | 000102-001 | 000102-002 | 000103-003 | 000103-004 | 000103-005 | 000103-006 | 000103-007 | 000103-008 | 000103-009 | 000104-001 | 000105-001 | 000106-001 | 000106-002 | 000106-003 | 000107-001 | 000107-002 | 000108-001 | 000108-004 | 000108-005 | 000109-002 | 000109-003 | 000110-001 | 000110-002 | 000112-001 | 000112-002 | 000113-001 | 000113-002 | 000114-002 | 000114-003 | 000114-004 | 000114-005 | 000114-006 | 000114-007 | 000114-009 | 000115-001 | 000115-002 | 000116-001 | 000117-001 | 000118-001 | 000119-001 | 000120-001 | 000123-001 | 000124-001 | 000124-002 | 000124-003 | 000124-004 | 000125-001 | 000126-001 | 000126-002 | 000127-001 | 000127-002 | 000128-001 | 000129-001 | 000129-003 | 000129-004 | 000130-001 | 000131-002 | 000132-001 | 000132-002 | 000133-001 | 000134-001 | 000134-002 | 000134-003 | 000137-001 | 000137-002 | 000137-003 | 000137-004 | 000137-005 | 000138-001 | 000138-002 | 000138-005 | 000138-006 | 000138-007 | 000139-001 | 000139-002 | 000140-001 | 000141-001 | 000141-002 | 000142-001 | 000142-002 | 000142-003 | 000143-001 | 000144-001 | 000144-003 | 000144-004 | 000147-001 | 000148-002 | 000148-003 | 000149-001 | 000150-002 | 000150-003 | 000151-001 | 000151-002 | 000151-003 | 000152-001 | 000152-002 | 000153-001 | 000153-002 | 000154-001 | 000155-001 | 000155-002 | 000155-003 | 000155-005 | 000155-007 | 000155-008 | 000156-001 | 000157-001 | 000157-003 | 000158-001 | 000158-002 | 000162-001 | 000163-001 | 000164-001 | 000164-002 | 000164-003 | 000165-001 | 000165-002 | 000166-001 | 000166-002 | 000168-001 | 000169-001 | 000169-002 | 000169-003 | 000170-001 | 000171-001 | 000171-002 | 000172-001 | 000176-001 | 000176-002 | 000177-001 | 000180-001 | 000182-001 | 000182-002 | 000184-001 | 000185-002 | 000185-003 | 000185-004 | 000186-001 | 000187-001 | 000187-002 | 000187-003 | 000187-004 | 000187-005 | 000187-006 | 000188-001 | 000188-002 | 000189-001 | 000190-001 | 000190-002 | 000190-003 | 000190-004 | 000191-001 | 000192-001 | 000192-002 | 000193-001 | 000193-002 | 000194-001 | 000196-002 | 000197-001 | 000198-001 | 000198-002 | 000198-003 | 000199-001 | 000199-002 | 000199-003 | 000200-001 | 000200-002 | 000200-003 | 000201-001 | 000202-001 | 000202-002 | 000203-001 | 000205-001 | 000206-001 | 000206-002 | 000206-004 | 000206-005 | 000206-006 | 000206-008 | 000208-001 | 000209-001 | 000209-002 | 000210-001 | 000211-001 | 000212-001 | 000212-003 | 000213-001 | 000213-002 | 000213-003 | 000214-002 | 000214-003 | 000214-005 | 000214-006 | 000214-007 | 000215-001 | 000215-002 | 000216-001 | 000217-001 | 000217-002 | 000218-001 | 000218-002 | 000218-003 | 000218-004 | 000218-005 | 000218-006 | 000218-007 | 000218-008 | 000218-011 | 000218-014 | 000218-015 | 000218-016 | 000218-017 | 000218-018 | 000218-019 | 000218-020 | 000218-021 | 000218-022 | 000218-023 | 000218-024 | 000218-025 | 000218-026 | 000219-001 | 000219-002 | 000219-003 | 000219-004 | 000219-005 | 000219-006 | 000219-007 | 000219-008 | 000219-009 | 000219-010 | 000219-011 | 000219-012 | 000219-013 | 000220-001 | 000220-004 | 000221-001 | 000221-002 | 000223-001 | 000223-002 | 000223-003 | 000224-001 | 000224-002 | 000224-003 | 000224-004 | 000225-001 | 000225-002 | 000225-003 | 000225-004 | 000225-005 | 000226-001 | 000226-002 | 000226-003 | 000226-004 | 000226-005 | 000226-006 | 000226-007 | 000226-008 | 000226-009 | 000226-010 | 000226-011 | 000227-001 | 000227-002 | 000228-001 | 000229-001 | 000230-001 | 000231-001 | 000231-002 | 000232-001 | 000232-002 | 000233-001 | 000233-002 | 000233-003 | 000235-001 | 000235-002 | 000236-001 | 000236-002 | 000237-001 | 000237-002 | 000237-003 | 000238-001 | 000239-001 | 000241-004 | 000242-001 | 000242-002 | 000245-002 | 000246-001 | 000247-001 | 000247-002 | 000247-004 | 000248-001 | 000248-003 | 000249-001 | 000249-002 | 000249-003 | 000250-001 | 000250-006 | 000250-007 | 000251-001 | 000252-001 | 000252-002 | 000253-001 | 000254-001 | 000254-002 | 000254-003 | 000254-004 | 000254-005 | 000254-006 | 000254-007 | 000255-001 | 000255-002 | 000255-003 | 000255-004 | 000258-001 | 000260-001 | 000261-001 | 000262-001 | 000262-002 | 000263-001 | 000264-001 | 000265-001 | 000266-002 | 000267-001 | 000267-002 | 000268-001 | 000270-001 | 000271-001 | 000272-001 | 000273-002 | 000274-001 | 000274-002 | 000275-001 | 000276-001 | 000277-001 | 000279-001 | 000280-001 | 000280-002 | 000281-001 | 000282-001 | 000284-001 | 000284-002 | 000284-003 | 000284-004 | 000284-006 | 000284-009 | 000285-001 | 000285-004 | 000286-001 | 000287-001 | 000288-001 | 000289-001 | 000290-001 | 000292-001 | 000293-001 | 000296-001 | 000296-002 | 000297-001 | 000299-001 | 000299-002 | 000299-003 | 000300-001 | 000300-002 | 000300-003 | 000300-004 | 000301-001 | 000301-002 | 000301-003 | 000301-004 | 000302-001 | 000302-002 | 000303-001 | 000304-001 | 000304-002 | 000304-003 | 000304-004 | 000305-001 | 000305-002 | 000306-001 | 000306-002 | 000307-001 | 000308-001 | 000309-001 | 000311-001 | 000312-001 | 000313-001 | 000314-001 | 000314-002 | 000315-001 | 000316-001 | 000316-002 | 000317-001 | 000318-001 | 000318-002 | 000319-001 | 000320-001 | 000320-002 | 000320-003 | 000320-006 | 000321-001 | 000325-001 | 000326-001 | 000326-002 | 000327-001 | 000327-002 | 000328-001 | 000331-001 | 000332-001 | 000332-002 | 000332-003 | 000332-004 | 000333-001 | 000333-002 | 000334-001 | 000334-002 | 000334-003 | 000334-004 | 000335-001 | 000335-002 | 000336-001 | 000337-001 | 000338-001 | 000339-001 | 000339-002 | 000339-004 | 000339-005 | 000339-006 | 000340-001 | 000341-001 | 000342-002 | 000342-003 | 000344-001 | 000345-001 | 000346-001 | 000346-002 | 000347-001 | 000347-002 | 000347-003 | 000348-001 | 000348-002 | 000349-001 | 000350-001 | 000350-002 | 000350-004 | 000351-001 | 000353-001 | 000354-001 | 000355-001 | 000355-003 | 000355-005 | 000356-002 | 000357-001 | 000357-002 | 000357-003 | 000357-004 | 000357-005 | 000357-006 | 000357-007 | 000357-008 | 000357-009 | 000357-010 | 000357-011 | 000357-012 | 000357-014 | 000357-015 | 000357-016 | 000357-017 | 000357-018 | 000357-020 | 000358-001 | 000358-002 | 000358-003 | 000359-001 | 000359-005 | 000359-006 | 000360-001 | 000360-002 | 000361-001 | 000362-001 | 000363-001 | 000364-001 | 000364-003 | 000365-001 | 000365-002 | 000368-001 | 000368-002 | 000369-001 | 000370-001 | 000371-001 | 000372-001 | 000373-001 | 000373-002 | 000375-001 | 000376-001 | 000377-001 | 000378-001 | 000379-001 | 000380-001 | 000381-001 | 000382-001 | 000383-001 | 000384-001 | 000385-001 | 000385-002 | 000385-003 | 000385-004 | 000385-005 | 000385-006 | 000385-007 | 000385-008 | 000385-009 | 000385-010 | 000387-001 | 000387-002 | 000387-003 | 000387-005 | 000387-006 | 000388-001 | 000388-002 | 000388-003 | 000388-007 | 000388-012 | 000388-013;1358;;
01b9ae2c58f6;Umar bin Al-Khaththab;PERSON;Ibnul Khaththab | Uamr bin Al-Khaththab | Umar | Umar bin Al-Kahththab | Umar bin Al-Kaththab | Umar bin Al-Khathab;000006-001 | 000049-013 | 000055-001 | 000057-001 | 000057-002 | 000057-003 | 000057-004 | 000057-005 | 000057-006 | 000057-007 | 000057-008 | 000057-009 | 000057-010 | 000057-011 | 000058-001 | 000058-002 | 000059-001 | 000060-001 | 000064-001 | 000089-003 | 000089-004 | 000089-006 | 000124-001 | 000138-002 | 000138-005 | 000139-002 | 000144-001 | 000144-003 | 000144-004 | 000148-002 | 000170-001 | 000178-001 | 000185-004 | 000188-002 | 000194-001 | 000196-002 | 000198-001 | 000198-002 | 000212-004 | 000214-002 | 000218-011 | 000226-001 | 000226-002 | 000226-010 | 000226-011 | 000235-001 | 000236-002 | 000237-003 | 000238-002 | 000240-002 | 000242-001 | 000242-002 | 000242-003 | 000243-002 | 000262-002 | 000274-002 | 000284-006 | 000284-007 | 000285-003 | 000300-002 | 000300-003 | 000300-004 | 000301-004 | 000303-001 | 000304-002 | 000304-003 | 000318-001 | 000318-002 | 000332-003 | 000342-001 | 000346-003 | 000353-001 | 000359-004 | 000359-005 | 000365-001 | 000371-001 | 000372-001 | 000372-002 | 000385-002 | 000385-008;184;;
39ac13982da7;Abu Sufyan bin Harb;PERSON;Abu Sofy | Abu Sofyan | Abu Sufy | Abu Sufyan;000049-003 | 000064-002 | 000071-001 | 000071-003 | 000090-002 | 000090-003 | 000114-002 | 000115-001 | 000118-001 | 000120-001 | 000121-001 | 000123-001 | 000126-001 | 000140-002 | 000144-004 | 000153-001 | 000153-002 | 000155-002 | 000158-001 | 000158-003 | 000159-001 | 000163-001 | 000171-001 | 000171-002 | 000172-001 | 000173-001 | 000179-001 | 000185-002 | 000194-001 | 000198-001 | 000198-002 | 000206-002 | 000206-003 | 000206-004 | 000206-005 | 000206-008 | 000212-003 | 000215-002 | 000216-001 | 000218-002 | 000227-003 | 000227-004 | 000250-001 | 000250-002 | 000250-003 | 000250-006 | 000300-001 | 000300-002 | 000300-003 | 000300-004 | 000301-001 | 000302-001 | 000302-002 | 000303-001 | 000304-001 | 000304-002 | 000304-003 | 000304-004 | 000305-001 | 000305-002 | 000306-001 | 000312-001 | 000314-003 | 000318-001 | 000318-002 | 000327-001 | 000333-001 | 000385-003 | 000388-005;177;;
e075cdf01d30;Abu Bakar;PERSON;Abu Bakar Ash- Shiddiq | Abu Bakar Ash-Shiddiq | Abu Bakkar;000025-001 | 000039-001 | 000039-002 | 000049-003 | 000049-004 | 000049-011 | 000049-013 | 000055-004 | 000055-005 | 000067-001 | 000071-004 | 000071-005 | 000071-006 | 000079-001 | 000080-008 | 000089-005 | 000089-006 | 000090-004 | 000091-001 | 000093-001 | 000094-001 | 000095-001 | 000095-002 | 000095-003 | 000095-004 | 000096-001 | 000096-002 | 000096-003 | 000096-004 | 000096-005 | 000096-006 | 000096-007 | 000096-010 | 000097-002 | 000097-003 | 000098-002 | 000098-003 | 000124-001 | 000125-001 | 000130-002 | 000132-001 | 000133-001 | 000138-005 | 000142-002 | 000144-001 | 000178-001 | 000185-004 | 000187-005 | 000187-006 | 000188-001 | 000188-002 | 000198-001 | 000214-002 | 000224-003 | 000227-002 | 000229-001 | 000233-002 | 000237-003 | 000242-002 | 000296-002 | 000300-002 | 000301-001 | 000346-002 | 000346-003 | 000354-001 | 000357-009 | 000357-018 | 000357-019 | 000364-003 | 000365-002 | 000366-001 | 000368-001 | 000372-001 | 000372-002 | 000373-001 | 000373-002 | 000385-002 | 000385-008 | 000387-005;172;;
29b33264ed47;Ali bin Abu Thalib;PERSON;Ali | Ali bin Abi Thalib;000039-001 | 000040-001 | 000078-004 | 000079-001 | 000089-005 | 000093-001 | 000093-002 | 000095-003 | 000097-003 | 000114-005 | 000116-001 | 000126-001 | 000131-002 | 000132-001 | 000142-002 | 000142-003 | 000144-001 | 000170-001 | 000175-001 | 000175-002 | 000178-001 | 000185-004 | 000188-002 | 000189-001 | 000192-001 | 000197-001 | 000198-002 | 000198-003 | 000203-001 | 000214-002 | 000214-005 | 000216-001 | 000218-010 | 000218-011 | 000219-001 | 000219-005 | 000226-007 | 000227-001 | 000237-002 | 000237-003 | 000265-001 | 000266-001 | 000266-002 | 000280-002 | 000285-004 | 000300-003 | 000300-004 | 000301-002 | 000301-003 | 000302-001 | 000311-001 | 000313-001 | 000314-002 | 000320-003 | 000339-003 | 000347-001 | 000354-001 | 000357-012 | 000357-015 | 000359-007 | 000363-001 | 000373-001 | 000375-001 | 000385-002 | 000387-002 | 000387-003 | 000388-002 | 000388-003 | 000388-004;119;;
5ce5fd4bd499;Ibnu Hisyam;PERSON;Ibnu Hasyim;000007-003 | 000007-004 | 000007-007 | 000008-001 | 000010-008 | 000016-002 | 000017-003 | 000017-009 | 000017-012 | 000019-002 | 000019-006 | 000021-001 | 000023-001 | 000025-001 | 000026-002 | 000028-001 | 000029-001 | 000029-002 | 000029-004 | 000030-002 | 000030-003 | 000032-006 | 000032-007 | 000034-001 | 000039-002 | 000039-003 | 000040-001 | 000041-001 | 000048-006 | 000049-005 | 000049-006 | 000049-012 | 000050-001 | 000057-002 | 000057-004 | 000057-008 | 000057-009 | 000059-001 | 000063-005 | 000064-006 | 000067-002 | 000075-011 | 000078-004 | 000078-009 | 000079-003 | 000080-008 | 000080-009 | 000088-005 | 000088-006 | 000089-006 | 000097-003 | 000103-007 | 000108-001 | 000109-003 | 000114-009 | 000147-001 | 000150-001 | 000150-003 | 000151-003 | 000153-001 | 000154-001 | 000157-001 | 000169-001 | 000176-003 | 000177-002 | 000187-002 | 000192-001 | 000196-002 | 000198-002 | 000199-001 | 000199-002 | 000202-002 | 000205-001 | 000206-007 | 000212-002 | 000215-001 | 000218-015 | 000219-013 | 000225-002 | 000226-005 | 000243-002 | 000278-001 | 000280-001 | 000283-001 | 000291-001 | 000297-001 | 000320-005 | 000352-001 | 000359-005 | 000360-001 | 000372-001 | 000387-004;100;;
2991fb8f61d3;Abu Jahal;PERSON;Abu Jahal bin Hisyam | Abu Jahl;000049-005 | 000049-006 | 000049-007 | 000049-008 | 000049-009 | 000049-010 | 000049-011 | 000055-002 | 000055-003 | 000056-001 | 000056-002 | 000057-001 | 000057-007 | 000057-008 | 000059-001 | 000062-001 | 000063-003 | 000063-004 | 000064-002 | 000064-004 | 000064-005 | 000065-001 | 000071-001 | 000071-002 | 000071-003 | 000075-010 | 000089-004 | 000089-005 | 000090-002 | 000090-005 | 000092-001 | 000095-003 | 000111-001 | 000114-002 | 000119-001 | 000122-001 | 000126-002 | 000129-002 | 000129-003 | 000129-004 | 000130-002 | 000137-001 | 000137-002 | 000137-003 | 000137-004 | 000137-005 | 000239-001 | 000385-003 | 000388-004;90;;
4101c44cc0da;Abu Thalib;PERSON;;000017-009 | 000017-010 | 000021-002 | 000022-001 | 000023-001 | 000024-001 | 000024-002 | 000025-001 | 000040-001 | 000043-002 | 000044-001 | 000046-001 | 000049-001 | 000049-002 | 000049-009 | 000052-007 | 000053-001 | 000053-002 | 000054-001 | 000055-001 | 000059-001 | 000061-001 | 000062-001 | 000062-002 | 000063-001 | 000063-003 | 000063-004 | 000064-001 | 000064-002 | 000064-003 | 000064-004 | 000064-005 | 000065-001 | 000065-002 | 000066-001 | 000067-001 | 000067-002 | 000074-005;84;;
18940d6849a7;Aisyah;PERSON;;000013-001 | 000032-003 | 000075-005 | 000079-003 | 000080-005 | 000089-006 | 000090-004 | 000091-001 | 000095-002 | 000098-002 | 000098-003 | 000112-001 | 000112-002 | 000185-001 | 000187-005 | 000188-001 | 000224-002 | 000226-004 | 000226-005 | 000226-006 | 000226-007 | 000226-008 | 000226-009 | 000274-002 | 000301-001 | 000359-002 | 000363-001 | 000365-002 | 000367-001 | 000368-001 | 000368-002 | 000369-001 | 000369-002 | 000372-001 | 000373-002 | 000377-001 | 000385-002 | 000385-005 | 000385-009 | 000385-010 | 000387-005 | 000388-001 | 000388-005 | 000388-006;73;;
dcd24f67b5f4;Hamzah bin Abdul Muththalib;PERSON;Hamzah | Hamzah bin Abdul Muthalib | Hamzah bin Abdul Muththtalib;000017-009 | 000018-002 | 000019-001 | 000019-002 | 000055-001 | 000055-003 | 000056-001 | 000056-002 | 000057-001 | 000057-006 | 000057-007 | 000057-010 | 000058-001 | 000059-001 | 000060-001 | 000064-001 | 000114-002 | 000114-004 | 000114-005 | 000131-001 | 000131-002 | 000132-001 | 000138-003 | 000144-001 | 000152-001 | 000164-002 | 000164-003 | 000175-001 | 000175-002 | 000176-003 | 000177-001 | 000177-002 | 000178-001 | 000195-001 | 000200-002 | 000200-003 | 000202-001 | 000219-005 | 000285-004 | 000303-001 | 000318-001 | 000357-018;68;;
d9d3adb70064;Ibnu Ishaq;PERSON;;000007-002 | 000010-004 | 000010-005 | 000019-002 | 000019-006 | 000027-001 | 000039-003 | 000046-001 | 000048-006 | 000049-004 | 000052-006 | 000052-007 | 000055-002 | 000055-003 | 000057-004 | 000057-005 | 000057-007 | 000058-001 | 000064-001 | 000064-004 | 000064-005 | 000067-001 | 000077-001 | 000086-001 | 000086-002 | 000087-001 | 000088-001 | 000089-001 | 000090-003 | 000090-004 | 000092-001 | 000096-002 | 000103-004 | 000103-005 | 000114-005 | 000132-001 | 000138-001 | 000140-001 | 000150-001 | 000181-001 | 000181-002 | 000193-001 | 000194-001 | 000198-002 | 000204-001 | 000212-001 | 000213-001 | 000218-007 | 000218-015 | 000220-004 | 000224-002 | 000226-010 | 000247-001 | 000247-003 | 000260-001 | 000267-002 | 000271-001 | 000273-001 | 000296-003 | 000301-003 | 000314-003 | 000334-001 | 000339-006;67;;
15dc45d5fcd4;Ka'b bin Malik;PERSON;Ka'b;000016-001 | 000044-002 | 000075-009 | 000084-001 | 000085-001 | 000086-001 | 000088-001 | 000096-009 | 000155-002 | 000155-003 | 000155-004 | 000155-005 | 000155-006 | 000155-007 | 000155-008 | 000192-001 | 000196-001 | 000218-014 | 000218-015 | 000219-007 | 000219-008 | 000230-001 | 000235-001 | 000299-003 | 000338-001 | 000350-002 | 000357-004 | 000357-005 | 000357-006 | 000387-005;65;;
f3a4040357a4;Zaid bin Haritsah;PERSON;Zaid | Zaid binti Haritsah;000002-001 | 000016-001 | 000035-002 | 000040-001 | 000075-001 | 000075-002 | 000075-009 | 000075-010 | 000114-005 | 000141-001 | 000144-004 | 000157-002 | 000157-003 | 000158-003 | 000206-006 | 000212-002 | 000212-004 | 000223-001 | 000223-002 | 000223-003 | 000223-004 | 000224-002 | 000225-004 | 000225-005 | 000226-003 | 000226-004 | 000227-002 | 000250-006 | 000250-007 | 000285-004 | 000288-001 | 000292-001 | 000293-001 | 000341-001 | 000357-020 | 000357-021 | 000381-001 | 000385-005 | 000385-006 | 000385-007 | 000385-008;63;;
c105e95dd511;Khalid bin Al-Walid;PERSON;Khalid | Khalid bin Walid;000005-004 | 000159-001 | 000169-002 | 000180-001 | 000183-001 | 000184-001 | 000185-003 | 000192-002 | 000194-001 | 000230-001 | 000231-001 | 000244-001 | 000293-001 | 000294-001 | 000307-001 | 000308-001 | 000320-001 | 000320-003 | 000320-004 | 000332-001 | 000348-002 | 000357-010 | 000357-011 | 000357-012 | 000385-003;54;;
a87c131e8360;Ibrahim;PERSON;;000002-004 | 000002-005 | 000002-006 | 000002-007 | 000002-008 | 000002-010 | 000002-011 | 000009-002 | 000010-001 | 000010-002 | 000010-003 | 000010-009 | 000010-010 | 000010-014 | 000011-001 | 000011-002 | 000016-001 | 000016-002 | 000028-002 | 000029-001 | 000042-001 | 000049-008 | 000051-003 | 000080-003 | 000080-008 | 000080-010 | 000248-003 | 000309-001 | 000359-009 | 000385-001 | 000388-013;52;;
8fe63332fbd9;Abdullah bin Ubay bin Salul;PERSON;Abdullah bin Ubay | Abdullan bin Ubay bin Salul;000088-004 | 000102-001 | 000110-001 | 000110-002 | 000143-001 | 000143-002 | 000146-001 | 000152-001 | 000164-001 | 000164-002 | 000167-001 | 000168-001 | 000185-002 | 000185-003 | 000206-001 | 000214-003 | 000214-004 | 000224-004 | 000225-001 | 000225-003 | 000225-004 | 000226-001 | 000226-002 | 000226-003 | 000226-004 | 000226-006 | 000226-007 | 000226-010 | 000261-001 | 000350-002 | 000353-001;50;;
87488f534fdf;Khadijah;PERSON;Khadijah binti Khuwailid;000027-001 | 000028-001 | 000028-002 | 000030-004 | 000032-003 | 000032-005 | 000032-006 | 000032-008 | 000032-009 | 000039-001 | 000062-001 | 000065-001 | 000066-001 | 000068-001 | 000080-001 | 000144-003 | 000375-001 | 000376-001 | 000385-001 | 000385-002;49;;
130b1fc795ae;Jibril;PERSON;;000019-006 | 000032-001 | 000032-002 | 000032-003 | 000032-008 | 000033-001 | 000034-001 | 000055-003 | 000075-004 | 000075-005 | 000080-002 | 000080-004 | 000080-005 | 000090-003 | 000090-004 | 000091-001 | 000097-002 | 000133-001 | 000134-002 | 000134-003 | 000187-006 | 000214-002 | 000214-003 | 000219-001 | 000252-001 | 000361-001 | 000370-001 | 000388-002;47;;
084aae022f91;Najasyi;PERSON;An-Najasyi;000051-002 | 000051-003 | 000052-001 | 000052-002 | 000052-004 | 000052-005 | 000052-006 | 000052-007 | 000244-001 | 000245-002 | 000247-001 | 000247-002 | 000247-004 | 000247-005 | 000254-002 | 000254-003 | 000275-001 | 000353-001 | 000383-001;45;;
f6e6d44f384f;Utsman bin Affan;PERSON;Ustman bin Affan | Utsman;000039-002 | 000049-010 | 000051-003 | 000089-002 | 000089-003 | 000114-007 | 000141-002 | 000154-001 | 000192-002 | 000206-006 | 000235-001 | 000235-002 | 000236-001 | 000284-002 | 000311-001 | 000314-001 | 000346-001 | 000346-002 | 000353-001 | 000357-009 | 000375-001 | 000385-002;44;;
b2002153eec5;Abdul Muththalib;PERSON;Abdul Muthalib;000016-001 | 000017-001 | 000017-002 | 000017-003 | 000017-004 | 000017-005 | 000017-006 | 000017-009 | 000017-010 | 000017-011 | 000018-001 | 000019-001 | 000020-001 | 000021-001 | 000021-002 | 000063-001 | 000065-001 | 000077-002 | 000237-003;43;;
6de28588db1f;Isma'il;PERSON;Ismail;000002-001 | 000002-004 | 000002-005 | 000002-006 | 000002-007 | 000002-008 | 000002-009 | 000002-011 | 000007-001 | 000007-002 | 000007-004 | 000010-001 | 000016-002 | 000017-011 | 000029-001 | 000077-003;39;;
912778a44ccf;Abu Lahab;PERSON;Abu Lahb;000017-009 | 000018-002 | 000043-001 | 000043-002 | 000044-001 | 000044-002 | 000047-004 | 000048-001 | 000048-002 | 000049-001 | 000049-002 | 000049-003 | 000049-004 | 000059-002 | 000061-001 | 000092-001 | 000119-001 | 000140-001 | 000140-002 | 000140-003;39;;
9d85cfe90345;Utbah bin Rabi'ah;PERSON;Utbah | Utbah bin Rabi | Uthbah bin Rabi;000049-002 | 000049-006 | 000055-001 | 000055-002 | 000058-001 | 000058-002 | 000058-003 | 000058-004 | 000064-002 | 000071-004 | 000074-005 | 000075-002 | 000075-003 | 000090-002 | 000090-003 | 000129-002 | 000129-003 | 000129-004 | 000131-001 | 000131-002 | 000132-001 | 000137-001 | 000138-007 | 000190-002;38;;
b249525e8ac8;Al-Abbas bin Abdul Muththalib;PERSON;Al-Abbas | Al-Abbas bin Abdul Muthalib;000002-011 | 000017-009 | 000065-002 | 000078-005 | 000078-006 | 000084-002 | 000085-001 | 000134-003 | 000138-001 | 000140-001 | 000161-001 | 000285-004 | 000302-001 | 000304-001 | 000304-004 | 000305-001 | 000305-002 | 000306-001 | 000311-001 | 000316-001 | 000327-002 | 000328-001 | 000346-003 | 000373-001;37;;
e2896d869117;Zainab;PERSON;;000028-002 | 000098-002 | 000098-003 | 000144-003 | 000144-004 | 000223-002 | 000223-003 | 000224-001 | 000224-002 | 000225-004 | 000225-005 | 000314-002 | 000375-001 | 000385-005 | 000385-006 | 000385-008;33;;
e8d695c41d62;Kisra;PERSON;;000004-004 | 000005-002 | 000005-003 | 000005-004 | 000018-001 | 000074-006 | 000218-019 | 000233-003 | 000245-002 | 000249-001 | 000249-002 | 000249-003;31;;
47867bff5b4b;Mush'ab bin Umair;PERSON;Mush'ab;000049-010 | 000082-001 | 000083-001 | 000083-002 | 000083-004 | 000083-005 | 000083-006 | 000083-007 | 000087-001 | 000138-006 | 000138-007 | 000165-001 | 000178-001 | 000188-002 | 000190-003 | 000190-004 | 000192-001 | 000200-003 | 000202-001;31;;
05bae56ed445;Sa'd bin Mu'adz;PERSON;Sa'd bin Mu'ad | Sa'd bin Mua'dz | Sa'd bin Muadz;000071-003 | 000083-001 | 000083-003 | 000083-004 | 000083-005 | 000111-001 | 000114-004 | 000116-001 | 000124-002 | 000124-003 | 000127-002 | 000130-002 | 000162-001 | 000165-001 | 000165-002 | 000178-001 | 000218-017 | 000218-020 | 000219-006 | 000219-011 | 000219-012 | 000224-002;30;;
f576c9cfe002;Musa bin Imran;PERSON;Musa;000032-006 | 000032-009 | 000035-002 | 000042-001 | 000051-001 | 000051-002 | 000075-007 | 000080-003 | 000080-004 | 000080-008 | 000124-001 | 000248-002 | 000266-002 | 000326-001 | 000347-001 | 000371-001;28;;
ce4345d4cca7;Usaid bin Hudhair;PERSON;Usaid;000083-001 | 000083-002 | 000083-003 | 000083-004 | 000143-001 | 000162-001 | 000165-001 | 000224-002 | 000226-002 | 000226-003 | 000226-007 | 000312-001;26;;
57c0065a8f34;Heraklius;PERSON;;000250-001 | 000250-002 | 000250-003 | 000250-004 | 000250-005 | 000250-006 | 000254-003 | 000254-007 | 000289-002 | 000291-001 | 000343-001 | 000388-005;26;;
3736f175fce1;Muhammad bin Maslamah;PERSON;Muhammad bin Salamah;000155-003 | 000155-004 | 000155-005 | 000155-007 | 000197-001 | 000214-003 | 000219-005 | 000219-010 | 000223-001 | 000234-001 | 000273-001 | 000273-002 | 000346-003 | 000347-001;25;;
6bf39f302ad9;Isa bin Maryam;PERSON;Isa;000004-003 | 000052-004 | 000052-005 | 000052-006 | 000080-002 | 000088-002 | 000247-003 | 000247-004 | 000247-005 | 000248-002 | 000357-014;22;;
c059b95032fe;Bilal bin Rabah;PERSON;Bilal;000025-001 | 000049-010 | 000049-011 | 000049-013 | 000098-002 | 000098-003 | 000138-004 | 000154-001 | 000282-001 | 000310-001 | 000312-001 | 000359-005 | 000359-006;22;;
be6c20b2f538;Jabir bin Abdullah;PERSON;Jabir;000030-003 | 000034-001 | 000086-001 | 000087-001 | 000167-002 | 000187-004 | 000187-005 | 000206-001 | 000218-005 | 000218-006 | 000218-011 | 000219-012 | 000223-004 | 000223-005 | 000284-002 | 000284-003 | 000387-007 | 000388-002;22;;
46092ecdd936;Abu Dujanah;PERSON;;000170-001 | 000176-001 | 000176-002 | 000176-003 | 000188-002 | 000190-001 | 000190-002 | 000192-002 | 000203-001 | 000214-007 | 000269-001;22;;
1346f22706d5;Abdullah bin Abbas;PERSON;Ibnu Abbas | Ibnul Abbas;000002-007 | 000033-001 | 000040-001 | 000044-001 | 000048-005 | 000057-004 | 000057-010 | 000078-003 | 000080-005 | 000134-002 | 000138-001 | 000151-002 | 000169-003 | 000214-007 | 000247-004 | 000250-001 | 000250-002 | 000372-002 | 000387-006 | 000388-002;21;;
7a6bddaef8b5;Ibnul Qayyim;PERSON;;000019-002 | 000035-001 | 000061-001 | 000080-002 | 000080-004 | 000080-007 | 000097-002 | 000106-001 | 000166-001 | 000208-001 | 000224-002 | 000224-003 | 000247-002 | 000250-007 | 000273-002 | 000284-008 | 000298-001 | 000385-001 | 000385-002;19;;
64dae68503eb;Abu Ubaidah bin Al-Jarrah;PERSON;Abu Ubaidah;000039-002 | 000188-001 | 000188-002 | 000223-001 | 000223-004 | 000223-005 | 000296-002 | 000307-001 | 000385-002;19;;
faa00213c951;Abu Lubabah;PERSON;;000116-001 | 000219-003 | 000219-004 | 000219-012 | 000219-013;19;;
bafbd1a42c3e;Abdullah bin Rawahah;PERSON;Ibnu Rawahah;000131-001 | 000141-001 | 000216-001 | 000218-004 | 000218-017 | 000274-001 | 000284-007 | 000284-008 | 000285-003 | 000288-001 | 000289-001 | 000290-001 | 000292-002 | 000292-003 | 000293-001;19;;
2129d4b36729;Abdullah bin Mas'ud;PERSON;Ibnu Mas'ud;000039-002 | 000049-006 | 000057-001 | 000057-011 | 000080-005 | 000108-004 | 000137-004 | 000137-005 | 000200-002 | 000357-018;17;;
b409d828510c;Umayyah bin Khalaf;PERSON;Ummayah bin Khalaf;000049-006 | 000049-007 | 000049-010 | 000064-002 | 000071-003 | 000090-003 | 000092-001 | 000111-001 | 000114-004 | 000126-002 | 000138-003 | 000138-004 | 000140-001;17;;
6b7259926060;Abul Bakhtari bin Hisyam;PERSON;Abul Bakhtari;000062-001 | 000063-002 | 000063-003 | 000090-003 | 000090-004 | 000090-005 | 000126-002 | 000138-001 | 000138-002 | 000138-003;17;;
0ae25f58f066;Ka'b bin Al-Asyraf;PERSON;Ibnul Asyraf;000151-001 | 000155-001 | 000155-002 | 000155-003 | 000155-004 | 000155-006 | 000155-008 | 000214-001 | 000220-001;17;;
e8dcd22a37f8;Umayyah;PERSON;;000049-010 | 000049-011 | 000111-001 | 000138-003 | 000138-004 | 000138-005;16;;
bb4815223586;Amr bin Al-Ash;PERSON;Amru bin Al-Ash;000052-001 | 000052-005 | 000052-006 | 000052-007 | 000244-001 | 000254-001 | 000296-001 | 000296-002 | 000320-001 | 000338-001;16;;
19f25c212752;Ummu Salamah;PERSON;;000052-006 | 000089-002 | 000219-001 | 000219-012 | 000219-013 | 000228-001 | 000239-001 | 000302-001 | 000385-003 | 000387-007;16;;
cd8095305a22;Sa'd bin Ubadah;PERSON;Sa'ad bin Ubadah | Sa'd bin Ubaidah;000088-005 | 000114-003 | 000162-001 | 000165-002 | 000178-001 | 000218-017 | 000218-020 | 000224-002 | 000224-003 | 000225-001 | 000226-007 | 000280-001 | 000305-002 | 000334-001 | 000334-002 | 000346-003;16;;
f14c18b2a5ff;Shafwan bin Umayyah;PERSON;;000140-001 | 000148-001 | 000148-003 | 000153-001 | 000157-001 | 000158-001 | 000158-002 | 000171-001 | 000206-003 | 000212-004 | 000240-002 | 000306-001 | 000306-002 | 000326-001 | 000333-001;16;;
3c236c4f0bab;Abu Na'ilah;PERSON;;000155-003 | 000155-004 | 000155-005 | 000155-006 | 000155-007;16;;
04c25280e788;As'ad bin Zurarah;PERSON;As'ad;000079-001 | 000083-001 | 000083-002 | 000083-004 | 000083-006 | 000087-001;15;;
4c07142efeae;Abu Dawud;PERSON;;000013-001 | 000013-003 | 000013-004 | 000105-002 | 000108-002 | 000108-003 | 000132-001 | 000134-003 | 000151-002 | 000157-001 | 000187-005 | 000359-009;14;;
e555cc331b76;Waraqah bin Naufal;PERSON;Waraqah | Waraqah bin Naufal bin Asad bin Abdul Uzza;000032-005 | 000032-006 | 000032-007 | 000032-009;14;;
430b96f3872c;Az-Zubair bin Al-Awwam;PERSON;Az-Zubair bin Al-Awwan | Zubair bin Al-Awwam;000039-002 | 000116-001 | 000126-001 | 000169-002 | 000170-001 | 000176-001 | 000176-002 | 000176-003 | 000178-001 | 000219-005 | 000280-001 | 000307-001;13;;
8e5260fb706c;Abu Rafi;PERSON;Abu Raf;000140-001 | 000220-001 | 000220-002 | 000220-003 | 000220-004 | 000285-004 | 000285-005;13;;
c676020715af;Sa'd bin Abu Waqqash;PERSON;Sa'd bin Abi Waqqash;000013-004 | 000039-002 | 000050-001 | 000114-003 | 000114-006 | 000126-001 | 000175-001 | 000187-001 | 000187-003 | 000187-004 | 000190-002 | 000196-002;12;;
6f80ba436c6b;Ummu Ma'bad;PERSON;;000096-006 | 000096-007 | 000096-008 | 000096-009 | 000387-001;12;;
fcc8865f982a;Usamah bin Zaid;PERSON;Usamah;000098-002 | 000141-002 | 000166-001 | 000226-007 | 000284-007 | 000284-009 | 000310-001 | 000359-006 | 000360-001 | 000360-002 | 000365-001 | 000373-001;12;;
77bc35a8709b;Abu Thalhah;PERSON;;000139-001 | 000188-002 | 000190-001 | 000192-002 | 000218-005 | 000255-001 | 000373-001 | 000373-002 | 000388-003;12;;
67def20b59cc;Abu Bashir;PERSON;;000223-003 | 000243-001 | 000243-002 | 000243-003;12;;
01b8929ca6e9;Abrahah;PERSON;;000004-003 | 000010-014 | 000017-006 | 000017-007 | 000017-008 | 000320-004;11;;
93d13da3f541;Adam;PERSON;;000010-011 | 000016-001 | 000016-002 | 000080-002 | 000247-003 | 000310-002 | 000357-014 | 000358-004;11;;
abfde2018345;Abu Salamah bin Abdul Asad;PERSON;Abu Salamah;000018-002 | 000039-002 | 000089-001 | 000089-002 | 000114-005 | 000210-001 | 000380-001;11;;
b60bf14c0e69;Abdurrahman bin Auf;PERSON;;000039-002 | 000106-002 | 000137-001 | 000138-003 | 000138-005 | 000190-002 | 000200-003 | 000227-001 | 000320-003 | 000320-004 | 000346-002;11;;
31b32b90a71b;Thalhah bin Ubaidillah;PERSON;;000039-002 | 000115-001 | 000178-001 | 000187-001 | 000187-003 | 000187-004 | 000187-005 | 000187-006 | 000189-001 | 000193-002;11;;
3b431a58f984;Abu Hurairah;PERSON;Abu Hurairal;000044-002 | 000049-009 | 000066-001 | 000106-003 | 000199-002 | 000215-002 | 000260-001 | 000284-001 | 000387-005;11;;
3077622591e4;Amr bin Umayyah;PERSON;;000212-003 | 000213-003 | 000214-001 | 000214-002 | 000227-003 | 000247-001 | 000247-004 | 000247-005 | 000383-001;11;;
d9c181a2e322;Al-Khadhri;PERSON;Al-Khadri;000002-005 | 000006-001 | 000010-008 | 000018-002 | 000019-002 | 000021-001 | 000026-002 | 000032-002 | 000032-003 | 000250-001;10;;
9e3a91257ab0;Yusuf;PERSON;;000010-013 | 000074-003 | 000080-002 | 000226-009 | 000302-001 | 000310-002 | 000365-002;10;;
ac662e9ef6a1;Halimah;PERSON;;000019-001 | 000019-002 | 000019-003 | 000019-004 | 000020-001 | 000223-002;10;;
a4c83fefe025;Abbas;PERSON;;000030-003 | 000304-003 | 000305-001 | 000305-002;10;;
7c3fc2e6459a;Ibnu Hajar;PERSON;Ibnu Haja;000032-001 | 000034-001 | 000040-001 | 000106-001 | 000166-001 | 000208-001 | 000283-001 | 000284-004 | 000314-002 | 000359-002;10;;
f46464df4188;Abdullah bin Abu Bakar;PERSON;Abdullah bin Abu Rabi'ah | Abdullah bin Abu Sarh | Abdullah bin Abu Umayyah | Abdullah bin Umayyah;000052-001 | 000065-001 | 000095-002 | 000098-002 | 000158-001 | 000302-001 | 000314-001;10;;
a75acaf6125f;Abul Walid;PERSON;;000058-001 | 000058-002 | 000058-003 | 000058-004 | 000129-002;10;;
f3e7da2e869f;Hakim bin Hizam;PERSON;;000062-001 | 000090-003 | 000126-002 | 000129-001 | 000129-002 | 000129-003 | 000304-001 | 000333-001;10;;
a13333d0e784;Abul Ash;PERSON;;000098-002 | 000144-003 | 000223-002 | 000223-003 | 000224-001 | 000224-002;10;;
c6e5004cad5e;Abdullah bin Jahsy;PERSON;Abdullah bin Jahsi;000114-006 | 000114-009 | 000114-010 | 000114-013 | 000178-001 | 000200-002 | 000379-001;10;;
faafed3c4723;Ikrimah bin Abu Jahal;PERSON;Ikrimah bin Abu Jahl;000158-001 | 000159-001 | 000171-001 | 000218-009 | 000218-010 | 000306-001 | 000306-002 | 000314-001;10;;
850933bbcb33;Ibnu Ummi;PERSON;;000116-001 | 000147-001 | 000165-002 | 000214-005 | 000218-008 | 000219-001 | 000222-001 | 000228-001 | 000255-004;9;;
9d9c8fce3aea;Hindun binti Utbah;PERSON;Hindun binti Uthbah;000173-001 | 000176-002 | 000176-003 | 000181-002 | 000195-001 | 000306-001 | 000314-003 | 000318-001;9;;
760aa68160c4;Uyainah bin Hishn;PERSON;;000217-002 | 000218-002 | 000218-020 | 000335-001 | 000335-002 | 000335-003 | 000338-001 | 000339-001;9;;
25bf94263c20;Ka'b bin Asad;PERSON;Ka'b bin As;000218-013 | 000218-014 | 000218-015 | 000219-002 | 000219-003 | 000219-007 | 000219-008;9;;
68d623d46596;Abu Jandal;PERSON;;000238-001 | 000238-002 | 000243-002 | 000243-003;9;;
51500502c998;Adi bin Hatim;PERSON;;000338-001 | 000339-004 | 000339-005 | 000339-006;9;;
ae86e7c81b51;Ath-Thabari;PERSON;Ath-Thabarani;000017-003 | 000032-006 | 000032-007 | 000080-001 | 000247-001 | 000278-001 | 000301-001;8;;
5e20bb625545;Az-Zubair;PERSON;;000017-009 | 000096-010 | 000175-001 | 000206-006 | 000265-001 | 000280-002 | 000305-002 | 000308-001;8;;
32ac2e2c86d1;Uqbah bin Abu Mu'ith;PERSON;Uqbah bin Abu Mu'aith;000049-004 | 000049-005 | 000049-007 | 000055-005 | 000059-001 | 000092-001 | 000142-002;8;;
62ef4f9351a6;Ja'far bin Abu Thalib;PERSON;;000052-002 | 000247-004 | 000275-001 | 000285-004 | 000292-001 | 000292-002;8;;
7eb6aede81f9;Abdullah bin Umar;PERSON;Ibnu Umar;000057-001 | 000057-009 | 000292-002 | 000320-003 | 000347-002 | 000359-007;8;;
f77be5b3646c;Abu Bakrah;PERSON;Abu Bakarlah | Abu Bara;000144-003 | 000213-001 | 000213-002 | 000332-002 | 000332-003 | 000359-008;8;;
0562e9b5bae0;Malik bin Auf;PERSON;;000322-001 | 000323-001 | 000324-001 | 000324-002 | 000325-001 | 000327-001 | 000332-001;8;;
686be9189079;Ummu Kultsum;PERSON;;000028-002 | 000049-002 | 000098-002 | 000375-001 | 000385-002;7;;
95087cefc93f;An-Nadhr bin Al-Harits;PERSON;An-Nadhar bin Al-Harits;000048-003 | 000090-002 | 000090-003 | 000092-001 | 000126-002 | 000142-002 | 000171-001;7;;
cf32940399cc;Abu Amir;PERSON;Abu Amr;000057-009 | 000172-001 | 000172-002 | 000180-001 | 000189-001 | 000330-001;7;;
97fad57e80a3;Al-Muth'im bin Adi;PERSON;Muth'im bin Adi;000063-001 | 000063-002 | 000063-003 | 000075-009 | 000075-010 | 000088-005;7;;
e99eed9734c7;Suhail bin Amr;PERSON;;000075-009 | 000144-004 | 000237-001 | 000306-001 | 000306-002;7;;
eff9c886d7ae;Huyai bin Akhthab;PERSON;Huyai bin Akhtab;000103-005 | 000153-001 | 000214-004 | 000214-005 | 000214-006 | 000219-008 | 000273-001;7;;
41953ad1e0ca;Abu Hudzaifah;PERSON;;000138-001 | 000138-002 | 000138-007;7;;
99df36b5ff0d;Abu Azzah;PERSON;;000144-003 | 000158-002 | 000158-003 | 000206-005;7;;
8911272dff5d;Utsman bin Thalhah;PERSON;Utsman bin Abu Thalhah;000175-001 | 000244-001 | 000309-001 | 000311-001;7;;
11dae848317b;Hathib bin Abu Balta'ah;PERSON;Hathib bin Abi Balta'ah | Hathib bin Abu Balta;000188-002 | 000190-002 | 000248-001 | 000301-002 | 000301-003 | 000314-001;7;;
0b493a0ef181;Salamah bin Al-Akwa;PERSON;;000227-002 | 000236-001 | 000255-001 | 000255-002 | 000263-001 | 000266-001;7;;
49318a91a516;Ibnu Sa'd;PERSON;Ibnu Sad;000016-002 | 000033-001 | 000134-002 | 000218-025 | 000218-026 | 000311-001;6;;
ea53c5471e2c;Abu Qatadah;PERSON;;000032-004 | 000255-003 | 000255-004 | 000297-001;6;;
afc561f8e0ae;Khabbab bin Al-Aratt;PERSON;Khabbab | Khabbab bin Al-Art;000039-002 | 000049-012 | 000057-004 | 000057-005 | 000057-006 | 000074-005;6;;
a35486dca48d;Ibnul Jauzi;PERSON;;000057-004 | 000057-008 | 000066-001 | 000144-003 | 000243-002;6;;
162eb7765c67;Anas bin Malik;PERSON;;000057-004 | 000106-001 | 000186-001 | 000368-001 | 000387-002 | 000387-003;6;;
2bf28126b639;Ummul Khair;PERSON;;000071-004 | 000071-005;6;;
99d53598111d;Abu Dzar Al-Ghifari;PERSON;Abu Dzar | Abu Dzarr;000078-003 | 000078-005 | 000224-002 | 000284-002;6;;
d10f43987e8a;Al-Barra;PERSON;;000086-002 | 000166-001 | 000218-006 | 000387-004;6;;
ebe9a6174a2e;Abdullah bin Salam;PERSON;;000103-005 | 000103-006 | 000103-007 | 000108-001;6;;
307064022f1b;Abu Sa'id;PERSON;Abu Sa'ida | Abu Said;000166-001 | 000188-002 | 000190-003 | 000334-001 | 000364-003 | 000388-003;6;;
cf2acbf7620e;Abdullah bin Jubair;PERSON;Abdullah bin Jabir;000182-001 | 000182-002 | 000183-001 | 000192-002;6;;
a677b72aed8f;Ibnu Qami'ah;PERSON;;000187-002 | 000190-003 | 000190-004 | 000198-002;6;;
e953c4c27a5c;Amir bin Ath- Thufail;PERSON;Amir bin Ath-Thufail;000213-001 | 000213-002 | 000213-003 | 000357-019;6;;
975a8a0d39d8;Abu Musa;PERSON;;000215-002 | 000275-001 | 000284-001 | 000284-002;6;;
16531bd9399f;Tsabit bin Qais bin Syammas;PERSON;Tsabit bin Qais | Tsabit bin Qaiz;000219-009 | 000219-010 | 000224-003 | 000339-002 | 000382-001;6;;
49e652ed5cfc;Ummu Hani;PERSON;;000313-001 | 000314-002;6;;
66d990ece0db;Ka'b bin Zuhair;PERSON;;000314-002 | 000314-003 | 000357-004 | 000357-005;6;;
c0eab272583e;Jabir bin Samurah;PERSON;;000387-002 | 000387-003 | 000387-004 | 000387-005 | 000387-006 | 000387-007;6;;
225e295ef004;Ilyas bin Mudhar;PERSON;Ilyas bin Mudha;000002-010 | 000002-011 | 000007-002 | 000007-003;5;;
6b3f009b598b;Bukhtanashar;PERSON;;000007-001 | 000010-012 | 000017-008;5;;
8bfe277b5ed6;Abdullah;PERSON;;000016-001 | 000017-009 | 000049-002 | 000249-001;5;;
5c9941e188da;Ummu Aiman;PERSON;;000017-012 | 000020-001 | 000098-002 | 000196-002 | 000196-003;5;;
b43f4f3279e8;Al-Baihaqi;PERSON;;000018-001 | 000032-004 | 000247-001 | 000247-003 | 000247-004;5;;
070a7e7cefb4;Abu Sufyan bin Al-Harits bin Abdul Muththalib;PERSON;Abu Sufyan bin Al-Harits;000019-001 | 000140-002 | 000302-001 | 000327-002;5;;
b857df26b95f;Zaid bin Tsabit;PERSON;;000035-002 | 000166-001 | 000199-001 | 000333-002;5;;
6e00fed5a463;Syaibah bin Rabi'ah;PERSON;Syaibah bin Rabi;000049-006 | 000064-002 | 000131-001 | 000131-002 | 000140-001;5;;
929f1edf3c29;Ubay bin Khalaf;PERSON;;000049-007 | 000071-003 | 000092-001 | 000193-001;5;;
26974978659a;Abul Hakam;PERSON;;000049-009 | 000055-002 | 000055-003 | 000090-005 | 000129-003;5;;
01b218afc2a0;Ummu Jamil;PERSON;;000071-005 | 000071-006;5;;
adf6e8924467;Ubadah bin Ash-Shamit;PERSON;;000081-001 | 000081-002 | 000086-002 | 000142-001;5;;
ca4c82d8cb1c;Amr bin Auf;PERSON;;000081-001 | 000081-002 | 000097-002 | 000103-005;5;;
90784b994821;Abu Ayyub;PERSON;;000098-002 | 000104-001 | 000105-002;5;;
8d2c59cb85ac;Al-Miqdad bin Amr;PERSON;;000114-002 | 000114-003 | 000116-001 | 000124-001 | 000255-004;5;;
012c448e30fb;Kurz bin Jabir;PERSON;Kurs bin Jabir;000114-004 | 000114-009 | 000227-002 | 000227-003 | 000308-001;5;;
14a2ee93cf9c;Amr bin Al-Hadhrami;PERSON;Amar bin Al-Hadhrami | Amir bin Al-Hadhrami;000114-007 | 000129-002 | 000129-004;5;;
ba3123b83990;Ummul Fadhl;PERSON;;000140-001 | 000140-002 | 000140-003 | 000285-004;5;;
0d1c85f96320;Abbad bin Bisyr;PERSON;Abbad bin Bisri | Ubbad bin Bisyr;000155-003 | 000226-002 | 000280-001 | 000284-004 | 000338-001;5;;
ffac6fbe8a7b;Zaid bin Arqam;PERSON;;000166-001 | 000226-001 | 000226-002 | 000226-003 | 000226-004;5;;
23f7afd24da3;Ummu Sa'd;PERSON;;000202-002 | 000314-003;5;;
fd5271d371ea;Hassan bin Tsabit;PERSON;Hassan bin Tsabir;000218-015 | 000218-016 | 000226-010 | 000248-003 | 000339-002;5;;
e1ab4164c1a4;Abdullah bin Atik;PERSON;;000220-001 | 000220-002 | 000220-004;5;;
0d742282c306;Budail bin Warqa;PERSON;Budail bin Zarqa;000232-001 | 000299-002 | 000300-001 | 000304-001;5;;
01f7fac03595;Ummu Habibah;PERSON;;000300-002 | 000383-001 | 000385-003;5;;
f00c8d8dbfff;Al-Aqra' bin Habis;PERSON;Al-Aqra' bin Habislah;000335-001 | 000335-002 | 000339-002 | 000339-003;5;;
4de3fb92afad;Qushay bin Kilab;PERSON;;000002-012 | 000007-003 | 000007-004 | 000171-001;4;;
313ecef35067;Sa'd bin Zaid;PERSON;;000007-003 | 000219-010 | 000219-011 | 000320-002;4;;
099bb036f136;Amr bin Luhay;PERSON;;000010-001 | 000010-002 | 000010-006;4;;
ffc3b79b89f8;An-Nawawi;PERSON;;000010-010 | 000218-012 | 000218-013 | 000352-001;4;;
384992899a82;Idris;PERSON;;000016-002 | 000080-002 | 000080-003;4;;
ad51e9b4dac3;Abu;PERSON;;000019-001 | 000096-010 | 000196-001 | 000364-003;4;;
df2863d58fb5;Abul Qasim;PERSON;Abdul Qasim | Abu Qasim;000028-002 | 000032-008 | 000214-002 | 000268-001;4;;
3b57daf97294;Al-Barra' bin Azib;PERSON;;000040-001 | 000166-001 | 000181-002 | 000218-004;4;;
b64df7680aad;Al-Akhnas bin Syariq;PERSON;;000049-007 | 000071-001 | 000075-009 | 000122-001;4;;
f79ab348846d;Amir bin Fuhairah;PERSON;;000049-013 | 000095-002 | 000096-002 | 000096-006;4;;
ec45007158a2;Urwah bin Az-Zubair;PERSON;;000055-005 | 000075-005 | 000097-001 | 000097-002;4;;
8cd7bb35abdc;Zam'ah bin Al-Aswad;PERSON;;000063-003 | 000090-003 | 000092-001 | 000126-002;4;;
440928388d5a;Iyas bin Mu'adz;PERSON;;000078-001 | 000078-002 | 000078-003;4;;
f808ce8ce19c;Abdullah bin Amr bin Haram;PERSON;;000084-001 | 000084-002 | 000088-001 | 000200-001;4;;
edcb294ddcaf;Thu'aimah bin Adi;PERSON;;000090-002 | 000092-001 | 000126-002 | 000177-001;4;;
bb963de69b22;Abdullah bin Uraiqith;PERSON;Abullah bin Uraiqith;000096-001 | 000096-002;4;;
93c644864a86;Al-Hubab bin Al-Mundzir;PERSON;;000127-001 | 000165-001 | 000264-001 | 000280-001;4;;
ec6621de694e;Ashim bin Tsabit;PERSON;;000142-002 | 000142-003 | 000206-006 | 000212-001;4;;
eafd4a8110a6;Sahl bin Hanif;PERSON;Sahl bin Hunaif;000188-002 | 000190-002 | 000203-001 | 000214-007;4;;
cc3892d7d350;Siba' bin Urfuthah;PERSON;;000217-001 | 000260-001 | 000347-001;4;;
832834cb4890;Ummu Misthah;PERSON;;000226-007 | 000226-008;4;;
39fb20b0662d;Urwah bin Mas'ud;PERSON;;000233-001 | 000357-007 | 000385-007 | 000385-008;4;;
dbd5e4c1641e;Amr bin Salim;PERSON;Amr bin Salamah;000299-002 | 000299-003 | 000301-001 | 000356-001;4;;
bf8835c56114;Isma Il;PERSON;;000002-007 | 000002-008;3;;
325cba8f78c4;Asad bin Khuzaimah;PERSON;;000002-010 | 000002-011 | 000381-001;3;;
c07cd1549ba4;Bakr bin Wa'il;PERSON;;000002-012 | 000157-002;3;;
7683348e45af;Dzu Nuwas;PERSON;;000004-003 | 000010-013 | 000010-014;3;;
6d14612ae328;Al-Harits bin Amir;PERSON;Al-Harits bin Amr;000005-003 | 000090-002 | 000126-002;3;;
d985da6f2433;Hani' bin Mas'ud;PERSON;Hani bin Mas'ud;000005-003 | 000015-003;3;;
a0245b1b12db;Muhammad bin Abdul Wahhab;PERSON;;000010-002 | 000017-005 | 000050-001;3;;
1e12b3ff697c;Nahits;PERSON;Nahisy;000016-001 | 000016-002;3;;
f67cc25842bf;Nuh;PERSON;;000016-002 | 000042-001 | 000080-011;3;;
4fc67f1449c7;Al-Muththalib bin Abdi;PERSON;;000017-002 | 000043-001 | 000063-002;3;;
8defcbd58b9f;Abu Sa'd;PERSON;;000017-004 | 000175-001;3;;
c5342ea32f60;Abu Sa;PERSON;;000017-004 | 000065-002 | 000175-001;3;;
f1aea9fc50e0;Syams bin Abdi;PERSON;;000017-004 | 000090-002 | 000090-003;3;;
40b8f6d9f83a;Sa'd bin Bakr;PERSON;;000019-001 | 000227-001 | 000322-001;3;;
44f318900bd2;Abdullah bin Jud'an;PERSON;Abdullah bin Jad'an;000026-001 | 000056-001;3;;
4a3b46c0c55a;Al-Ash bin Wa'il;PERSON;;000026-001 | 000048-006 | 000057-009;3;;
a671f0cd6a47;Al-Walid bin Al-Mughirah;PERSON;;000029-001 | 000047-001 | 000057-007;3;;
1e3f0c7e50f9;Ibnu Majah;PERSON;;000040-001 | 000108-001 | 000108-003;3;;
003db52dfffd;Thariq bin Abdullah;PERSON;;000048-001 | 000048-002 | 000049-003;3;;
07f770ac91cd;Jahal;PERSON;;000049-009 | 000071-001 | 000137-003;3;;
81c0e8f65ff3;Ammar bin Yasir;PERSON;;000049-011 | 000206-006 | 000284-004;3;;
30901a934e7c;Utbah bin Abu Lahab;PERSON;Uthbah bin Abu Lahab | Uthbah bin Abu Waqqash;000055-001 | 000071-002 | 000187-001;3;;
ee8fbe68993f;Amir bin Sha'sha'ah;PERSON;Amir bin Sha'sha;000077-001 | 000077-002 | 000357-019;3;;
9ce786540b2e;Malik bin Al-Ajlan;PERSON;;000079-001 | 000079-002 | 000088-001;3;;
3e5bf86129b7;Harun bin Imran;PERSON;Harun;000080-003 | 000347-001;3;;
188b686c2f63;As Ad bin Zurarah;PERSON;As' Ad bin Zurarah;000083-003 | 000083-004;3;;
ca37d001bec9;Asma' binti Abu Bakar;PERSON;;000095-003 | 000096-001 | 000096-009;3;;
eb785c190b14;Suraqah bin Malik bin Ju'syum;PERSON;Suraqah bin Malik bin Ju'stum;000096-006 | 000119-002 | 000135-001;3;;
753fcc59b2f3;Abu Ma'bad;PERSON;;000096-008 | 000096-009;3;;
d63a04a2e134;Shafiyyah binti Huyai bin Akhthab;PERSON;Shafiyah binti Huyai bin Akhthab;000103-004 | 000103-005 | 000273-002;3;;
8b97a9b49ed8;Sa'd bin Ar-Rabi;PERSON;;000106-002 | 000178-001 | 000199-001;3;;
1467f4d9b8f5;Abu Shafwan;PERSON;;000111-001 | 000158-002;3;;
8385083a8ee1;Al-Miqdad bin Al-Aswad;PERSON;;000116-001 | 000169-002 | 000255-003;3;;
a24befbe526e;Auf bin Al-Harits;PERSON;;000131-001 | 000134-001 | 000138-001;3;;
f54129bfa73f;Mu'adz bin Amr;PERSON;Mas'ud bin Amr;000137-002 | 000137-003 | 000331-001;3;;
5f9180f0d615;Sallam bin Misykam;PERSON;;000153-001 | 000214-002 | 000277-001;3;;
c0f9ef90a548;Amr bin Abdi;PERSON;;000175-002 | 000218-009 | 000218-010;3;;
3393016fef3b;Abdullah bin Qami'ah;PERSON;Abdullah bin Qami;000187-001 | 000187-002;3;;
ed9688d12b0d;Ibnu Qami;PERSON;;000187-002 | 000190-003;3;;
0ff21a65abb6;Qatadah bin An-Nu'man;PERSON;Qatadal bin An-Nu'man;000188-002 | 000190-002;3;;
25bf3858f042;Abdullah bin Unais;PERSON;;000211-001 | 000220-004;3;;
0023d1fe29aa;Sallam bin Abul Huqaiq;PERSON;;000220-001 | 000257-002;3;;
d05a9a5c8119;Al-Harits bin Abu Dhirar;PERSON;;000224-001 | 000224-002 | 000224-003;3;;
bceef929a3f7;Numailah bin Abdullah;PERSON;;000224-002 | 000260-001 | 000314-002;3;;
4a132cdaf0ba;Zainab binti Jahsy;PERSON;;000225-004 | 000385-002 | 000385-005;3;;
7ffaa070eb3f;Ummu Qirfah;PERSON;;000227-002;3;;
c0cc54ca4917;Dihyah bin Khalifah;PERSON;;000250-001 | 000250-006 | 000276-001;3;;
199053d0e1c6;Abd bin Al-Julunda;PERSON;;000254-001 | 000254-006;3;;
5b68e40e6798;Ibnu Al-Akwa;PERSON;;000255-001 | 000255-002 | 000255-004;3;;
9e4719e3574a;Kinanah bin Abul Huqaiq;PERSON;;000261-001 | 000273-002 | 000276-001;3;;
170eb3556adc;Abul Huqaiq;PERSON;;000265-002 | 000271-001 | 000273-002;3;;
4cb743514fbf;Shafiyah binti Huyai;PERSON;;000276-001;3;;
eaf0bb174051;Zainab binti Al-Harits;PERSON;;000277-001;3;;
3d3dcaa24c44;Ghalib bin Abdullah;PERSON;;000284-006 | 000284-007 | 000285-005;3;;
c52f12e4e2ba;Basyir bin Sa'd;PERSON;;000284-007 | 000284-008 | 000285-005;3;;
729ba2957071;Abu Hadrad;PERSON;;000284-009 | 000325-001;3;;
5f32f143399c;Aus bin Khauli;PERSON;Aus bin Khaili;000285-001 | 000285-002 | 000373-001;3;;
22869e564392;Maimunah;PERSON;;000285-004 | 000285-005;3;;
562c34e0a3f9;Al-Harits bin Umair;PERSON;Al-Haritsah bin Umair;000287-001 | 000288-001 | 000341-001;3;;
441e114ef5b1;Attab bin Usaid;PERSON;;000312-001 | 000326-001 | 000336-001;3;;
af32c112f30e;Ibnu Khathal;PERSON;;000314-001 | 000314-003;3;;
1065abd92347;Adh-Dhahak bin Sufyan;PERSON;;000338-001 | 000339-002 | 000339-003;3;;
aee3fc11e3df;Utsman bin Abul Ash;PERSON;Utsman bin Abu Ash;000357-008 | 000357-009;3;;
c57049905914;Juwairiyah;PERSON;;000382-001 | 000385-003;3;;
6fc4128c9c8d;Abu Juhaifah;PERSON;;000387-004 | 000387-006 | 000387-007;3;;
658a1ff9e14e;Imran bin Amr;PERSON;Imran bin Amru;000002-002 | 000002-003;2;;
b5bc5d92539a;Haritsah bin Amr;PERSON;;000002-002 | 000002-003;2;;
441feb537b98;Mudhadh bin Amr;PERSON;Mudhadh bin Amru;000002-008 | 000007-001;2;;
9b0fc0504a3e;Tamim bin Murrah;PERSON;;000002-010 | 000002-011;2;;
dfb80963d585;Hudzail bin Mudrikah;PERSON;;000002-010 | 000002-011;2;;
e6b559d7f040;Kinanah bin Khuzimah;PERSON;;000002-010 | 000002-011;2;;
8df021a0d99e;Iyas bin Qubaishah;PERSON;Lyas bin Qubaishah;000005-003 | 000005-004;2;;
828e3958602e;Ghauts bin Murrah;PERSON;;000007-002 | 000007-003;2;;
758a45af19b5;Abu Ghibsyan;PERSON;;000007-005;2;;
52f421214362;Murrah bin Auf;PERSON;;000007-006 | 000007-007;2;;
8863815cfe6d;Hasyim bin Abdi;PERSON;;000007-009;2;;
46d88a557a95;As-Samhudi;PERSON;;000010-012 | 000010-013;2;;
071ffa6ce0e4;As'ad Abu Karib;PERSON;;000010-012 | 000010-013;2;;
694dfea82143;An-Nadhr;PERSON;;000016-001 | 000048-004;2;;
3e1f4532fab7;Yatsribi;PERSON;;000016-001 | 000016-002;2;;
1de64850b69e;Yahzan;PERSON;;000016-001 | 000016-002;2;;
efb2d5731e06;Yalhan;PERSON;;000016-001 | 000016-002;2;;
0666caff449d;Ar'awy;PERSON;;000016-001 | 000016-002;2;;
bc59b02e6b86;Aid;PERSON;;000016-001 | 000016-002;2;;
14f8170ba8ca;Daisyan;PERSON;;000016-001 | 000016-002;2;;
9609e00c32e5;Aishar;PERSON;;000016-001 | 000016-002;2;;
0af651b9e8b7;Afnad;PERSON;;000016-001 | 000016-002;2;;
d055d377933f;Aiham;PERSON;;000016-001 | 000016-002;2;;
7fb7db15a511;Muqshir;PERSON;;000016-001 | 000016-002;2;;
6c34c0ce1d80;Zarih;PERSON;;000016-001 | 000016-002;2;;
4bbe54ea5255;Sumay;PERSON;;000016-001 | 000016-002;2;;
d860ee92b148;Muththalib;PERSON;;000017-002 | 000043-002;2;;
97562f6c7d2f;Ka'bah;PERSON;;000017-009;2;;
35dab12d6512;Fathimah binti Amr bin A'idz bin Imran bin Makhzum bin Yaqzhah bin Murrah;PERSON;;000017-009 | 000017-010;2;;
987c56ca0db9;Aminah;PERSON;;000017-012 | 000020-001;2;;
f71de0e20807;Asad bin Abdul Uzza;PERSON;;000026-001 | 000090-003;2;;
6b43eb9f01e9;Abu Qubais;PERSON;;000026-002 | 000075-005;2;;
c6848e7f7408;Ibnu-Atsir;PERSON;Ibnul Atsir;000030-002 | 000044-001;2;;
dea8e6f820a8;Al-Arqam bin Abil-Alqam;PERSON;Al-Arqam bin Abil-Arqam;000039-002 | 000050-002;2;;
f7a4c438d38e;Ubaidah bin Al-Harits bin Abdul Muththalib;PERSON;Ubaidah bin Al-Harits bin Al-Muththalib bin Abdi;000039-002 | 000114-002;2;;
8e508b825a9f;Sa'id bin Zaid;PERSON;;000039-002 | 000115-001;2;;
db44c65924f7;Yazid bin Ruman;PERSON;;000048-001 | 000048-002;2;;
92f5060bd4d8;Al-Hakam bin Abul Ash;PERSON;;000049-005 | 000092-001;2;;
a2c76b00d3e4;Al-Walid bin Utbah;PERSON;;000049-006 | 000131-001;2;;
5165720546f5;Ummu Ubais;PERSON;;000049-012 | 000049-013;2;;
b6254080020d;Abdullah bin Rabi;PERSON;Abdullah bin Rabi'ah;000052-005 | 000171-001;2;;
229ce855c6f2;Ibnu Ibnu Amru;PERSON;;000055-004 | 000055-005;2;;
5d1145c425f1;bin Abu Umayyah;PERSON;;000063-002;2;;
81657567e0a1;Sakran bin Amr;PERSON;Sakran bin Amru;000068-001 | 000376-001;2;;
560153129d9e;Bakar;PERSON;;000071-005 | 000300-004;2;;
8dda74fb0708;Al-Aswad bin Al-Muththalib;PERSON;;000074-006 | 000140-004;2;;
93c569d84a25;Yunus bin Matta;PERSON;;000075-004;2;;
1072a770b142;Az-Zuhri;PERSON;;000077-001;2;;
0aa7d42e4fb0;Al-Harits bin Ka'b;PERSON;;000077-001 | 000357-021;2;;
0aecb83a1fc8;Suwaid bin Shamit;PERSON;;000078-001 | 000078-003;2;;
e2bb0225c67f;Jabir bin Abdullah bin Ri'ab;PERSON;;000079-002 | 000081-001;2;;
cac1a83a5d5c;Dzakwan bin Abd Qais;PERSON;Dzakwan bin Abdul Qais;000081-001 | 000166-002;2;;
857426355524;Al-Abbas bin Ubadah bin Nadhlah;PERSON;;000081-001 | 000088-003;2;;
9b3e721af3fd;Abul Haitsam bin At-Taihan;PERSON;Abul Haritsam bin At-Taihan;000081-001 | 000086-002;2;;
75233e311b71;Uwaim bin Sa'idah;PERSON;;000081-001 | 000081-002;2;;
b5615e0c6cae;Abu Umamah;PERSON;;000083-004 | 000087-001;2;;
345a4fe36073;Qais bin Al-Aslat;PERSON;;000083-006 | 000083-007;2;;
9eb5052215f6;Nasibah binti Ka'b;PERSON;;000084-002 | 000188-002;2;;
647d7f89d607;Ummu Ammarah;PERSON;;000084-002 | 000188-002;2;;
bb31b1c00cb7;Al-Barra' bin Ma'rur;PERSON;;000086-001 | 000088-001;2;;
3f3c56765bb8;Ibnu Hibban;PERSON;;000086-002 | 000188-001;2;;
d10d97534b1f;Rifa'ah bin Abdul Mundzir;PERSON;Rifa'ah bin Abdul Mundzir bin Subair;000088-001 | 000088-002;2;;
c2796804c41d;Jubair bin Muth'im;PERSON;;000090-002 | 000177-001;2;;
f16008357638;Abul Aswad;PERSON;;000090-003 | 000193-002;2;;
11fa9806ef53;Abu Buraidah;PERSON;Abu Burdah;000096-010 | 000166-001;2;;
94239804c421;Abdullah bin Az-Zubair;PERSON;;000097-001 | 000181-002;2;;
5a9ab987199c;Abu Yasir;PERSON;;000103-004 | 000103-005;2;;
4d8064b9d929;Abdurrahman bin Ka'b;PERSON;;000110-001 | 000110-002;2;;
0a85acde1d50;Ubay bin Ka'b;PERSON;;000112-002 | 000161-001;2;;
1b0b0be84575;Majdi bin Amr;PERSON;;000114-002 | 000121-001;2;;
8c6312f8e5aa;Martsad bin Abu Martsad;PERSON;;000116-001 | 000212-001;2;;
fc7c406b9069;Abu Lubabah bin Abdul Mudzir;PERSON;Abu Lubabah bin Abdul Mundzir;000116-001 | 000152-001;2;;
7855e7828f15;Umair bin Wahb;PERSON;;000129-001 | 000148-001;2;;
74c188a3ceab;Ubaidah;PERSON;;000132-001 | 000357-015;2;;
9d80bf62de8c;Al-Harits bin Hisyam;PERSON;;000135-001 | 000312-001;2;;
7246d17c1c1b;Ikrimah;PERSON;;000137-003 | 000314-001;2;;
4108124c4a35;Mu Awwidz bin Afra;PERSON;;000137-003 | 000137-004;2;;
5842423c2bc6;Mu;PERSON;;000137-004 | 000359-001;2;;
9852ffd54015;Abdurrahman;PERSON;;000138-003;2;;
a7d013c7acc0;Ukkasyah bin Mihshan;PERSON;;000138-006 | 000223-001;2;;
958710092320;Abu Aziz;PERSON;;000138-006 | 000138-007;2;;
b1c059391f61;Fulan bin Fulan;PERSON;;000139-002;2;;
6d32d47185e0;Salamah bin Abu Salamah;PERSON;Salamah bin Salamah;000143-001 | 000227-003;2;;
91735d5fb274;Al-Harits bin Aus;PERSON;;000155-003 | 000155-007;2;;
1765efb8d980;Furat bin Hayyan;PERSON;;000157-002 | 000157-003;2;;
ee7f37543b23;Sa;PERSON;;000166-001 | 000334-002;2;;
86072e14398c;Rafi' bin Khadij;PERSON;;000166-001;2;;
6c7d5e3cf747;Abdullah bin Haram;PERSON;;000167-002;2;;
329bb97b6332;Al-Mundzir bin Amr;PERSON;;000169-002 | 000213-001;2;;
5bb170407d09;Simak bin Kharasyah;PERSON;;000170-001 | 000269-001;2;;
5a470d76518e;Thalhah bin Abu Thalhah;PERSON;;000174-001 | 000175-001;2;;
72acd42732cf;Dujanah;PERSON;;000176-001 | 000176-002;2;;
08db18398d05;Wahsy bin Harb;PERSON;;000177-001 | 000314-003;2;;
58e59258f99d;Anas bin An- Nadhr;PERSON;Anas bin An-Nadhr;000178-001 | 000185-002;2;;
e5064368f01f;Sa'd bin Mu;PERSON;;000185-002 | 000219-006;2;;
813ef28aeaf7;Tsabit bin Ad-Dahdah;PERSON;;000185-003;2;;
8035f95af2f0;Umarah bin Yazid bin As-Sakan;PERSON;;000186-001 | 000186-002;2;;
cb1b351d56ea;Abdullah bin Syihab;PERSON;;000187-001 | 000189-001;2;;
80f70fc772a4;Malik bin Sinan;PERSON;;000188-002 | 000190-003;2;;
99bae14ec169;Utbah bin Abi Waqqas;PERSON;Utbah bin Abi Waqqash;000190-002;2;;
29fd386e33e6;Ummu Umarah;PERSON;;000190-003;2;;
df136c695acf;Utsman bin Abdullah bin Al-Mughirah;PERSON;;000192-001 | 000192-002;2;;
7d8cc51700dc;Al-Harits bin Ash-Shimmah;PERSON;;000192-002 | 000193-001;2;;
48cc5fed60a7;Ummu Sulaim;PERSON;;000196-002 | 000276-001;2;;
f2e3f5d4778b;Hamnah binti Jahsy;PERSON;;000202-001 | 000226-010;2;;
d5f1391e6eb4;Ummu Sa'd bin Mu'adz;PERSON;;000202-001 | 000202-002;2;;
d3a99a53d81d;As'ad bin Khuzaimah;PERSON;Asad bin Khuzainah;000210-001 | 000253-001;2;;
ccb47b2471b9;Khalid bin Sufyan;PERSON;;000211-001;2;;
30c86898f648;Zaid bin Ad-Dastinah;PERSON;Zaid bin Ad-Datsinah;000212-002 | 000212-004;2;;
94d4ef46c19a;Harram bin Milhan;PERSON;;000213-001 | 000213-002;2;;
d2471a7e83af;Al-Harits bin Auf;PERSON;;000218-002 | 000218-020;2;;
0200ec63618f;Salman;PERSON;;000218-003 | 000218-007;2;;
7549faf287cc;An-Nu'man bin Basyir;PERSON;;000218-005 | 000218-006;2;;
1f2cce114090;Dhirar bin Al-Khaththab;PERSON;;000218-009 | 000218-010;2;;
0e1eed5d423f;Habban bin Qais bin Al-Ariqah;PERSON;;000218-012 | 000218-013;2;;
f6615e372e58;Hudzaifah bin Al-Yaman;PERSON;;000218-025 | 000349-001;2;;
40ae764482b4;Khalad bin Suwaid;PERSON;Khallad bin Suwaid;000219-009 | 000219-012;2;;
7a17e0ed49a8;Abdullah bin Abdullah bin Ubay;PERSON;;000226-004;2;;
2ffd8094643b;Shafwan bin Al-Mu'aththal;PERSON;;000226-005 | 000226-006;2;;
fe9cb660cd9f;Al-Mughirah bin Syu'bah;PERSON;;000233-002 | 000357-010;2;;
c5a3e3daf066;Aban bin Sa'id bin Al-Ash;PERSON;;000235-001 | 000235-002;2;;
8676517e934f;Al-Mundzir bin Sawa;PERSON;;000251-001;2;;
98c81e5cdca9;Al-A'la bin Al-Hadhrami;PERSON;Al-Ala' bin Hadhrami;000251-001 | 000338-001;2;;
818280c95502;Haudzah bin Ali;PERSON;;000252-001;2;;
8d1d137a4a6e;Syuja' bin Wahb;PERSON;;000253-001 | 000285-006;2;;
cb9948151f29;Ash-Sha'b bin Muadz;PERSON;Ash-Shab bin Muadz;000265-001 | 000267-001;2;;
cb1a9a232b9f;Mahmud bin Maslamah;PERSON;;000273-001 | 000273-002;2;;
36eb5b32a18c;Syurahbil bin Amr;PERSON;;000287-001 | 000341-001;2;;
d23730949a68;Rafi' bin Mukaits;PERSON;;000296-002 | 000338-001;2;;
423b3ef4c43c;Naufal bin Mu'awiyah;PERSON;Naufal bin Mu'awiyyah;000299-001 | 000332-003;2;;
9eaf81a95cd0;Abu Fadhl;PERSON;;000304-001 | 000305-002;2;;
1b807497e5a1;Hammas bin Qais;PERSON;;000306-002 | 000308-001;2;;
eb7d467aa4ee;Miqyas bin Shubabah;PERSON;;000314-001 | 000314-002;2;;
f0d22606a459;Habbar bin Al-Aswad;PERSON;;000314-001 | 000314-002;2;;
b34b62ffcb1e;Abu Syah;PERSON;;000316-002;2;;
37df1da39efd;Duraid bin Ash-Shimah;PERSON;;000324-001 | 000330-001;2;;
35a20e252e11;Al-Harits bin Al-Harits bin Kaladah;PERSON;;000333-001 | 000333-002;2;;
771f429ddbfa;Al-Abbas bin Mirdas;PERSON;;000335-002;2;;
d85d4ee273d4;Az-Zibriqan bin Badr;PERSON;;000338-001 | 000339-002;2;;
c7a8cc0de4dc;Mu'adz bin Jabal;PERSON;;000357-012 | 000359-001;2;;
48211f54a212;Abu Haritsah bin Alqamah;PERSON;;000357-013 | 000357-014;2;;
f0936d31aa89;Al-Fadhl bin Abbas;PERSON;;000359-006 | 000363-001;2;;
478cc1c11a19;Hasan bin Ali;PERSON;Hasan;000368-002 | 000375-001;2;;
af42d9ae5484;Husain bin Ali;PERSON;Husain;000368-002 | 000375-001;2;;
fb5085b865d4;Zainab binti Khuzaimah;PERSON;;000375-001 | 000385-001;2;;
856f1d892af7;Anas;PERSON;;000385-009 | 000385-010;2;;
faa23b092236;Abu Thufail;PERSON;;000387-002 | 000387-003;2;;
fed54cab38a3;Yasyjub bin Qahthan;PERSON;;000002-001;1;;
cf3001ad02c1;Tsa'labah bin Amru;PERSON;;000002-002;1;;
61ccecaa944c;Haritsah bin Tsa'labah;PERSON;;000002-002;1;;
13441f09a232;Nash bin Al-Uzd;PERSON;;000002-003;1;;
20420f21189b;Jafnah bin Amr;PERSON;;000002-003;1;;
01a871e6f721;Abul Muluk;PERSON;;000002-003;1;;
49111f882d83;Nashr bin Rabi'ah;PERSON;;000002-003;1;;
8928c6f38690;Isma;PERSON;;000002-004;1;;
2caef722b0d6;Hajar;PERSON;;000002-005;1;;
cb0dada0f4cc;Qaidar bin Isma'il;PERSON;;000002-009;1;;
07f1636f0db3;Asad bin Rabi'ah;PERSON;;000002-010;1;;
d3160eaf16ae;Ailan bin Mudhar;PERSON;;000002-010;1;;
0724ea01f451;Fihr bin Malik bin An-Nadhar bin Kinanah;PERSON;;000002-011;1;;
bd474bf63831;Quraisy bin Kilab;PERSON;;000002-011;1;;
6fcf6210eff8;Abdud-Dar bin Qushay;PERSON;;000002-011;1;;
3e3d8e911d64;Asad bin Abdul Uzza bin Qushay;PERSON;;000002-011;1;;
4200f6b368be;Manaf bin Qushay;PERSON;;000002-011;1;;
ddee40922bbf;Muhammad bin Abdullah bin Abdul Muththalib bin Hasyim;PERSON;;000002-011;1;;
e5f4d1881e18;Hanifah bin Sha'b bin Ali bin Bakr;PERSON;;000002-012;1;;
c05202fd8c16;Yakrib bin Saif;PERSON;;000004-004;1;;
97ae8f21b4d2;Amru bin Adi bin Nashr;PERSON;;000005-002;1;;
aed9132cb527;Sabur bin Ardasyir;PERSON;;000005-002;1;;
a3c367d2cdaf;Qubadz bin Fairuz;PERSON;;000005-002;1;;
46eb1365296e;Al-Mundzir bin Ma;PERSON;;000005-002;1;;
edfdbf553668;Al-Harits bin Amr bin Hijr;PERSON;;000005-003;1;;
b783ec952782;Al-Mundzir bin Ma'us;PERSON;;000005-003;1;;
32c79206663e;An-Nu'man bin Al-Mundzir;PERSON;;000005-003;1;;
c990a93c57ed;Zaid bin Adi;PERSON;;000005-003;1;;
15d6083eb95f;Sulaih bin Halwan;PERSON;;000006-001;1;;
665a9d9764fd;Ziyad bin Habulah;PERSON;;000006-001;1;;
b956934da983;Jabalah bin Al-Aiham;PERSON;;000006-001;1;;
e5ae2fd096fa;Jursyum bin Jalhamah;PERSON;;000007-001;1;;
9ea53564a5c1;bin Al-Harits bin Mudhadh;PERSON;;000007-002;1;;
842000219675;Tamim bin Adi;PERSON;;000007-003;1;;
a502911c6563;Rabi'ah bin Haram;PERSON;;000007-004;1;;
e92f3ba51a79;Hulail bin Hubsyah;PERSON;;000007-004;1;;
1ba7b717d39c;Ya'mar bin Auf;PERSON;;000007-006;1;;
92c78b6fce80;Al-Muththalib bin Hasyim bin Abdi;PERSON;;000007-009;1;;
989386b7a8fb;Al-Abbas bin Abdul;PERSON;;000007-009;1;;
f988e7d594c0;Sa'id bin Al-Musayyab;PERSON;;000010-006;1;;
2217f9e73aaf;Amr bin Syu'aib;PERSON;;000013-004;1;;
e1ad52ee80b8;Abd bin Zum'ah;PERSON;;000013-004;1;;
b9f210481299;Abdurrahman bin Zum'ah;PERSON;;000013-004;1;;
c2122b859f9c;Antarah bin Syaddad;PERSON;;000015-002;1;;
9bb8b66712c8;As-Samau'al bin Adiya;PERSON;;000015-003;1;;
1da4afd2ae3f;Hajib bin Zararah;PERSON;;000015-003;1;;
2a1e1a207404;Syaibah;PERSON;;000016-001;1;;
de159d4b23b4;Hasyim;PERSON;;000016-001;1;;
7c8661c3d999;Amru;PERSON;;000016-001;1;;
708dcea327f5;Abdu Manaf;PERSON;;000016-001;1;;
b79a0022e81d;Al-Mughirah;PERSON;;000016-001;1;;
fe0585c48e46;Qushay;PERSON;;000016-001;1;;
f1e3f8b3278e;Kilab;PERSON;;000016-001;1;;
b5f803bcba71;Murrah;PERSON;;000016-001;1;;
01ca2f34a8fd;Lu'ay;PERSON;;000016-001;1;;
f6a063285da6;Ghalib;PERSON;;000016-001;1;;
90c2b8ea543b;Fihr;PERSON;;000016-001;1;;
b3367592fb36;Quraisy;PERSON;;000016-001;1;;
6144f2d1f26c;Malik;PERSON;;000016-001;1;;
04430b8e6f50;Qais;PERSON;;000016-001;1;;
630eccec69e9;Kinanah;PERSON;;000016-001;1;;
9f4f68ed27b8;Khuzaimah;PERSON;;000016-001;1;;
9347ba7b577c;Mudrikah;PERSON;;000016-001;1;;
55b164beca3d;Amir;PERSON;;000016-001;1;;
da08a934aafe;Ilyas;PERSON;;000016-001;1;;
a5c55e1d4dc7;Mudhar;PERSON;;000016-001;1;;
4046db9883ca;Nizar;PERSON;;000016-001;1;;
639b7cf7e198;Ma'ad;PERSON;;000016-001;1;;
d55cbef78a0f;Bagian;PERSON;;000016-001;1;;
b35a2ceb2e46;Udad;PERSON;;000016-001;1;;
a9166b039673;Hamaisa;PERSON;;000016-001;1;;
d68e1b891726;Salaman;PERSON;;000016-001;1;;
1da596029463;Aush;PERSON;;000016-001;1;;
5d7ccf507699;Bauz;PERSON;;000016-001;1;;
d9cf08ac5b24;Qimwal;PERSON;;000016-001;1;;
b592e2a94328;Ubay;PERSON;;000016-001;1;;
7f3cbf902b34;Awwam;PERSON;;000016-001;1;;
b764a510f41f;Nasyid;PERSON;;000016-001;1;;
995c811bb400;Haza;PERSON;;000016-001;1;;
34f50ed09645;Baldas;PERSON;;000016-001;1;;
f8d1ac41ef9a;Yadlaf;PERSON;;000016-001;1;;
ea15bb7c60c6;Thabikh;PERSON;;000016-001;1;;
b7677e939d9b;Jahim;PERSON;;000016-001;1;;
c3495d809bc7;Makhi;PERSON;;000016-001;1;;
4470a12e8952;Aidh;PERSON;;000016-001;1;;
1dbb0f8845cc;Abqar;PERSON;;000016-001;1;;
2ae194bbc99b;Ubaid;PERSON;;000016-001;1;;
0fdfed3d18c5;Ad-Da'a;PERSON;;000016-001;1;;
eff070370fe0;Hamdan;PERSON;;000016-001;1;;
d0d765f9b7f9;Sinbar;PERSON;;000016-001;1;;
2ba9200e4bdb;Muzay;PERSON;;000016-002;1;;
2e31108a7b0a;Iwadhah;PERSON;;000016-002;1;;
02f7d31667a6;Aram;PERSON;;000016-002;1;;
b7d2bf9e7fb0;Qaidar;PERSON;;000016-002;1;;
fe0f0ce239b7;Sulaiman;PERSON;;000016-002;1;;
c32fefe77d37;Al-Kalbi;PERSON;;000016-002;1;;
bfb07bcfcf5b;Tarih;PERSON;;000016-002;1;;
ead7e8bf1ed1;Azar;PERSON;;000016-002;1;;
95e421a784a3;Nahur;PERSON;;000016-002;1;;
f99d9d90d199;Saru;PERSON;;000016-002;1;;
7e767fdc91cf;Sarugh;PERSON;;000016-002;1;;
d5f834f328fd;Ra'u;PERSON;;000016-002;1;;
5300ce07d9af;Falakh;PERSON;;000016-002;1;;
20471a90221f;Aibar;PERSON;;000016-002;1;;
1f02a6f050db;Syalakh;PERSON;;000016-002;1;;
6508dda80ae5;Arfakhsyad;PERSON;;000016-002;1;;
5e2e149bf98f;Sam;PERSON;;000016-002;1;;
9042cbe8dc0c;Lamk;PERSON;;000016-002;1;;
804409c13164;Matausyalakh;PERSON;;000016-002;1;;
835f55f01522;Akhnukh;PERSON;;000016-002;1;;
e78f7ccb2465;Yard;PERSON;;000016-002;1;;
4665208eae87;Mahla'il;PERSON;;000016-002;1;;
6b315ee405ed;Qainan;PERSON;;000016-002;1;;
bfe0d29e0134;Yanisya;PERSON;;000016-002;1;;
8bcae85b1b6f;Syaits;PERSON;;000016-002;1;;
f9800a3afff8;Hasyim bin Abdu Manaf;PERSON;;000017-001;1;;
8c5fb0e42fe6;Salma binti Amru;PERSON;;000017-001;1;;
d39375872c7a;Adi bin An-Najjar;PERSON;;000017-001;1;;
be11588af0d5;Abu Shaifi;PERSON;;000017-002;1;;
177c51df3509;Abu Sa'd bin Adi;PERSON;;000017-004;1;;
26a0b5e88655;Aminah binti Wahb bin Abdi;PERSON;;000017-011;1;;
e1c6781ba727;Manaf bin Zuhrah bin Kilab;PERSON;;000017-011;1;;
4753056e81be;Ibnu Sa D;PERSON;;000018-001;1;;
e29ed1fc45c0;Al-Arbadh bin Sariyah;PERSON;;000018-001;1;;
9aa868701a6e;Sa D bin Bakr;PERSON;;000019-001;1;;
446201f58209;Halimah bin Abu Dzu'aib;PERSON;;000019-001;1;;
647dee95be30;Al-Harits bin Abdul Uzza;PERSON;;000019-001;1;;
7d17e43cbb62;Abdullah bin Al-Harits;PERSON;;000019-001;1;;
9517906ba20f;Anisa binti Al-Harits;PERSON;;000019-001;1;;
a371668fcbba;Judzamah binti Al-Harits;PERSON;;000019-001;1;;
5af3dc862de8;Abu Dzu'aib;PERSON;;000019-004;1;;
c969eb504f62;Abu Dzu-;PERSON;;000019-005;1;;
a581eaa362a0;Ibnu Asakir;PERSON;;000023-001;1;;
4dcfa74eb09c;Julhumah bin Arfathah;PERSON;;000023-001;1;;
85b98813b026;Harb bin Umayyah;PERSON;;000025-001;1;;
966078ce8560;Zuhrah bin Kilab;PERSON;;000026-001;1;;
dcf7878e8347;Taimi bin Murrah;PERSON;;000026-001;1;;
706376759434;Az-Zubair bin Abdul Muththalib;PERSON;;000026-002;1;;
e2e6aa42c642;Al-Ash bin Wa;PERSON;;000026-002;1;;
73205a1804b7;Nafisah binti Munyah;PERSON;;000028-001;1;;
cc56026d74b3;Abu Umayyah bin Al-Mughirah;PERSON;;000029-002;1;;
ede375ccf4e8;Ummul;PERSON;;000030-004;1;;
0e6bceccd4d6;Ibnu Katsir;PERSON;;000030-004;1;;
eff4560f7f9a;Abdullah bin Muhammad bin Abdul Wahhab;PERSON;;000032-002;1;;
586785c59372;Zaid bin Haritsah bin Syurahbil;PERSON;;000039-001;1;;
a90593a1f274;Bilal bin Rabbah;PERSON;;000039-002;1;;
2ecb024bc3bf;Amir bin Al-Jarrah;PERSON;;000039-002;1;;
7ab96e2430be;Al-Harits bin Fihr;PERSON;;000039-002;1;;
b872929571d2;Utsman bin Mazh'un;PERSON;;000039-002;1;;
8d7cc24f1308;bin Muhammad;PERSON;;000039-003;1;;
1aea90496dca;Muqatil bin Sulaiman;PERSON;;000040-001;1;;
ce4df3db5a2e;Al-Harits bin Usamah;PERSON;;000040-001;1;;
838d4222cb75;Ibnu Luhai'ah;PERSON;;000040-001;1;;
80c8725d0a6d;Umayyah bin Ash-Shallat;PERSON;;000041-001;1;;
8933aea53b2d;Qus bin Sa'idah;PERSON;;000041-001;1;;
cee1977f66bd;Amr bin Nufail;PERSON;;000041-001;1;;
905a6a5ff15a;Fathimah binti Muhammad;PERSON;;000044-002;1;;
35a97da4bc7d;Ibnu Jarir;PERSON;;000048-006;1;;
3448833678d0;Abd bin Humaid;PERSON;;000048-006;1;;
98cc26994e7b;Al-Aswad bin Al-Muththalib bin Asad bin Abdul Uzza;PERSON;;000048-006;1;;
28fe9f48b09f;Al-Walid bin Al-Mughirah bin Khalaf;PERSON;;000048-006;1;;
f17ee46484a8;Utaibah;PERSON;;000049-002;1;;
0153a827fd7c;Ummu Jamil binti Harb bin Umayyah;PERSON;;000049-003;1;;
cb7f7a4ca46c;Al-Hakam bin Abul Ash bin Umayyah;PERSON;;000049-004;1;;
2e307bd9f464;Adi bin Hamra;PERSON;;000049-004;1;;
1e92a58fce05;Ibnul Ashda'al-Hudzali;PERSON;;000049-004;1;;
0d0e141d2f0e;Abdullah bin Mas-Ud;PERSON;;000049-005;1;;
91ddc03c1951;Uqbah bin Abu Demi;PERSON;;000049-006;1;;
abfb4ab3c2a1;Rasulullah Shallallahu Alaihi Wa Sallam;PERSON;;000049-006;1;;
c5149155be29;Yasir;PERSON;;000049-011;1;;
0aac5b291982;Sumayyah;PERSON;;000049-011;1;;
79676c6af181;Ammar;PERSON;;000049-012;1;;
21bd9ae4f57e;Abu Fakihah;PERSON;;000049-012;1;;
f4128f3f80c1;Ummu Ammar binti Siba;PERSON;;000049-012;1;;
1bdf7713d3eb;Naj Asyi;PERSON;;000052-002;1;;
132ed201bef2;Maryam;PERSON;;000052-004;1;;
03f115b7ee4c;Ibnu Bisa;PERSON;;000052-007;1;;
ba2e544559ff;Ammarah bin Al-Walid bin Al-Mughirah;PERSON;;000054-001;1;;
3930245edb6b;Ibnu Terbenam;PERSON;;000055-001;1;;
a64babb43146;Abdullah bin Amru bin Al-Ash;PERSON;;000055-003;1;;
bceb345d7a74;Abu Al-Qasim;PERSON;;000055-004;1;;
4e494a35a644;Ibnu Amru bin Al-Ash;PERSON;;000055-005;1;;
f4aeced03966;Abu Ammarah;PERSON;;000056-002;1;;
4fc26b1c24e6;Uamr bin Al-Khaththab;PERSON;Umar bin Kaththab;000057-001;1;;
0804eae1e83f;Al-Ashy bin Hasyim;PERSON;;000057-008;1;;
d1f70910fa62;Jamil bin Ma'mar;PERSON;;000057-008;1;;
af09344fce44;Shuhaib bin Sinar;PERSON;;000057-011;1;;
b31cbf72f58c;Yazid bin Ziyad;PERSON;;000058-001;1;;
ae7fa41597e5;Muhammad bin Ka'b;PERSON;;000058-001;1;;
a3d732a158eb;Ammarah bin Al-Walid;PERSON;;000059-001;1;;
d621fe45d562;Manshur bin Ikrimah bin Amir bin Hasyim;PERSON;;000061-001;1;;
79da7f7397f3;Nadhr bin Al-Harits;PERSON;;000061-001;1;;
7d4d3783fdab;Baghidh bin Amir bin Hayim;PERSON;;000061-001;1;;
357be732416c;Hisyam bin Amr;PERSON;;000063-001;1;;
0e0f0b732919;Amir bin Lu'ay;PERSON;;000063-001;1;;
98aa60782771;Zuhair bin Abu Umayyah;PERSON;;000063-001;1;;
16a3c1640766;Zam'ah bin Al-Aswad bin Al-Muththalib bin Asad;PERSON;;000063-002;1;;
70e03580bfc5;Saudah binti Zam'ah;PERSON;;000068-001;1;;
290adc7bff24;Ummu Jamil binti Al-Khaththab;PERSON;;000071-005;1;;
e496bba41312;Ibnul Arqam;PERSON;;000071-006;1;;
deb7cffbc3fd;Amr bin Umair;PERSON;;000075-001;1;;
037691870f36;Ibnu Abdi;PERSON;;000075-005;1;;
a77bff4c30b1;Yalail bin Abdi;PERSON;;000075-005;1;;
a8cf1970f6dc;Abu Rasulullah;PERSON;;000075-010;1;;
fb531d6f7c9a;Muharib bin Khashafah;PERSON;;000077-001;1;;
84a0c25b8cb0;Baiharah bin Firas;PERSON;;000077-002;1;;
358003ae338c;Abul Haisar;PERSON;;000078-002;1;;
ed7bd45f4c6d;Anas bin Rafi;PERSON;;000078-002;1;;
ec5c4d97412f;Thufail bin Amr;PERSON;;000078-006;1;;
3f1345207b4c;Thufail;PERSON;;000078-007;1;;
e04201d3f25b;Syaiban bin Tsa'labah;PERSON;;000079-001;1;;
8e6235ef2020;Auf bin Al-Harits bin Rifa'ah bin Afra;PERSON;;000079-001;1;;
b4d311d1787c;Quthbah bin Amir bin Hadidah;PERSON;;000079-002;1;;
725815e4177f;Uqbah bin Amir bin Nabi;PERSON;;000079-002;1;;
049c96fc90b4;Ubaid bin Ka'b;PERSON;;000079-002;1;;
20acd5271259;Ubaid bin Ghanm;PERSON;;000079-002;1;;
1d7fe4408b47;Yahya bin Zakaria;PERSON;;000080-002;1;;
4d995790a8b5;Ibnu Taimiyah;PERSON;;000080-004;1;;
95a4aa827b12;Mu'adz bin Al-Harits bin Afra;PERSON;;000081-001;1;;
fde75a9228d2;Yazin bin Tsa'labah;PERSON;;000081-001;1;;
52dfc770e575;Mush Ab;PERSON;;000083-001;1;;
1b887499ce68;Umayyah bin Zaid;PERSON;;000083-006;1;;
0477123a8ac8;Abu Jabir;PERSON;;000084-002;1;;
ddb576de3922;Mazin bin An-Najj;PERSON;;000084-002;1;;
0e0d35190d84;Asma binti Amr;PERSON;;000084-002;1;;
bc845f7b04a0;Ummu Mani;PERSON;;000084-002;1;;
2aa48b633d1b;As'ad bin Zurarah bin Ads;PERSON;;000088-001;1;;
87be21f0b486;Sa'd bin Ar-Rabi' bin Amr;PERSON;;000088-001;1;;
9777f2027cc0;Abul Haitsam;PERSON;;000088-001;1;;
219b174bd409;As'ad bin Zararah;PERSON;;000088-001;1;;
f6191792ba33;Abdullah bin Rawahah bin Tsa'labah;PERSON;;000088-001;1;;
26254e1ed5d9;Raff' bin;PERSON;;000088-001;1;;
fd179ff7ab4a;Al-Barra' bin Ma'rur bin Shahr;PERSON;;000088-001;1;;
2198f4ab69da;Ubadah bin Ash-Shamit bin Qais;PERSON;;000088-001;1;;
9882b6495648;Sa'd bin Ubadah bin Dulaim;PERSON;;000088-001;1;;
1016e4aea775;Al-Mundzir bin;PERSON;;000088-001;1;;
1a0998a01b74;Amr bin Khunais;PERSON;;000088-001;1;;
38700474e2be;Usaid bin Hudhair bin Sammak;PERSON;;000088-001;1;;
ed90509e41e3;Sa'd bin Khaitsamah bin Al-Harits;PERSON;;000088-001;1;;
96852203f1e8;Al-Harits bin Harb bin Umayyah;PERSON;;000088-005;1;;
8cbbc59b8d39;Utsman bin Thalhah bin Abu Thalhah;PERSON;;000089-002;1;;
24209844d90f;Iyash bin Abi Rabi'ah;PERSON;;000089-003;1;;
16d0e079fb18;Hisyam bin Al-Ashy;PERSON;;000089-003;1;;
c41ed924cbb8;A-Walid bin Al-Walid;PERSON;;000089-005;1;;
06920ddd5590;Naufal bin Abdi;PERSON;;000090-002;1;;
e89d21514966;Nubih bin Al-Hajjaj;PERSON;;000092-001;1;;
6e06c95cea9f;Suraqah bin Malik;PERSON;;000096-004;1;;
7900008b16c6;Kultsum bin Al-Hadm;PERSON;;000097-003;1;;
f80a80c11fa3;Sa'd bin Khaitsamah;PERSON;;000097-003;1;;
ec0ebeec59eb;Salim bin Auf;PERSON;;000097-003;1;;
c429f986b895;Abu Yasir bin Akhthab;PERSON;;000103-005;1;;
5cb2e7a9f8ab;Abdullah bin Zaid bin Abdi;PERSON;;000105-002;1;;
8fe01ac379bf;bin Abi Waqqash;PERSON;;000112-001;1;;
825f511bc2ac;Kannaz bin Hishn;PERSON;;000114-002;1;;
7c215b6f5829;Utbah bin Ghazwan;PERSON;;000114-002;1;;
f9ef85a9dbb1;Misthah bin Utsatsah bin Al-Muththalib bin Abdi;PERSON;;000114-003;1;;
b4e3e3de618d;Amr bin Makshsyi;PERSON;;000114-003;1;;
856854399952;Sa D bin Abi Waqqash;PERSON;;000114-004;1;;
7523b27cf0f0;Uthbah bin Ghazwan;PERSON;;000114-006;1;;
aced7fb1d31c;Abdullah bin Al-Mughirah;PERSON;;000114-007;1;;
409b1ad0f266;Al-Hakam bin Kaisan;PERSON;;000114-007;1;;
05bb20fa7c3f;Ibnu Ummu Maktum;PERSON;;000116-001;1;;
e3efaf1fbc56;Ibnu Maktum;PERSON;;000116-001;1;;
1809ce331de5;Mush Ab bin Umair;PERSON;;000116-001;1;;
8d676b4efbd7;Qais bin Sha'sha'ah;PERSON;;000116-001;1;;
a00d63d81074;Basbas bin Amr;PERSON;;000117-001;1;;
5e63324bffd9;Adi bin Abu Az-Za'ba;PERSON;;000117-001;1;;
0e73e04500f9;Dhamdham bin Amr;PERSON;;000118-001;1;;
6c527da8c5b6;Ibnul Hadhrami;PERSON;;000119-001;1;;
3eff1f964c82;Sa'd;PERSON;;000124-004;1;;
dccd1b10fd0c;Uthbah;PERSON;;000126-002;1;;
ce9e374f3622;Naufal bin Khuwalid;PERSON;;000126-002;1;;
e53a19be1fa3;Hudzaifah bin Utbah;PERSON;;000129-004;1;;
346022261985;Sawad bin Ghaziyyah;PERSON;;000130-001;1;;
d4891088e08c;Sawad;PERSON;;000130-001;1;;
628bb2e9922c;Al-Aswad bin Abdul Asad;PERSON;;000131-001;1;;
42b2c39c8913;Mu'awwidz bin Al-Harits;PERSON;;000131-001;1;;
6168ff087ae6;Ubaidah bin Al-Harits;PERSON;;000131-002;1;;
b9be717f903f;Muhammad bin Ishaq;PERSON;;000133-001;1;;
005f94605582;Al-Umair bin Al-Hammam;PERSON;;000134-001;1;;
c19a94614852;Mu' Adz bin Amr;PERSON;;000137-003;1;;
54a6f793180a;Mu'awwidz bin Ibnu Ishaq;PERSON;;000137-003;1;;
887a599a246c;bin Amr bin Al-Jamuh;PERSON;;000137-003;1;;
6f7a4cbf6b44;Hakam;PERSON;;000137-003;1;;
ff6006bcca1e;Umar bin Al-Hammam;PERSON;;000138-001;1;;
6f79739e8275;Al-Abbas bin Al-Muththalib;PERSON;;000138-001;1;;
f8758718e89d;Abu Hudzaifah bin Utbah;PERSON;;000138-001;1;;
df47ba94513b;Abu Hafsh;PERSON;;000138-002;1;;
9d003188cb85;Al;PERSON;;000138-002;1;;
4ed87e6b352e;Mujadzdzar bin Ziyad;PERSON;;000138-002;1;;
b1eeeb544101;Ali bin Umayyah;PERSON;;000138-003;1;;
b10ab7cd7332;Al-Ash bin Hisyam bin Al-Mughirah;PERSON;;000138-005;1;;
539782f8601c;Sa D bin Mu Adz;PERSON;;000138-005;1;;
6d8d97c97985;Abu Aziz bin Umair;PERSON;;000138-006;1;;
11897bf75d25;Al-Haisuman bin Abdullah;PERSON;;000140-001;1;;
4127b53081d4;bin Rabi'ah;PERSON;;000140-001;1;;
d1bda14dffdd;Abul Hakam bin Hisyam;PERSON;;000140-001;1;;
e432d2a967cf;Rafi;PERSON;;000140-003;1;;
2408de99479a;Abu Hakimah;PERSON;;000140-004;1;;
aa7499141c8f;Ruqayah binti Rasulullah;PERSON;;000141-002;1;;
6cbe6e13c2e4;Abdullah bin Ka'b;PERSON;;000142-002;1;;
43a195c3eed5;Uqbah;PERSON;;000142-003;1;;
561b98765f7c;Uqail bin Abu Thalib;PERSON;;000144-001;1;;
b2d88e3bac8d;Al-Muththalib bin Hanthab;PERSON;;000144-003;1;;
89a2340fd3e2;Shaifl bin Abu Rifa'ah;PERSON;;000144-003;1;;
52fc8f1467a3;Siba bin Arfazhah;PERSON;;000147-001;1;;
1206029e8575;Wahb bin Umair;PERSON;;000148-001;1;;
238e92123bf1;bin Qais;PERSON;;000150-001;1;;
76777a89e4ff;Syas bin Qais;PERSON;;000150-002;1;;
638c1209b052;Abu Aun;PERSON;;000151-003;1;;
15fd9e814c87;Muhammad bin;PERSON;;000152-002;1;;
7b4e2376227b;Abu Lubabah bin Abdul;PERSON;;000153-002;1;;
33647f4d8e03;Al-Muththalib bin Abu Wada'ah;PERSON;;000155-001;1;;
0cf32f4926d7;Sulkan bin Salamah;PERSON;;000155-003;1;;
c962b32d4c4f;Abu Abbas bin Jabr;PERSON;;000155-003;1;;
58fc2a9c3c4c;Abu Na;PERSON;;000155-005;1;;
eac2de23f6dd;Ka B;PERSON;;000155-007;1;;
9825d0c8bc7e;Al-Aswad bin Abdul Muththalib;PERSON;;000157-002;1;;
f5dcac4b2fb9;Sulaith bin An- Nu'man;PERSON;;000157-002;1;;
40320052f5a6;Nu'aim bin Ma'ud;PERSON;;000157-002;1;;
731cc96192f1;Musafi' bin Abdi;PERSON;;000158-003;1;;
3b250ee7ef0e;Hindun binti Uthbah;PERSON;Hindun bin Uthbah;000163-001;1;;
c559a126eb51;Abdullah bin Umar bin Al-Khaththab;PERSON;;000166-001;1;;
de52bd9b8da9;Usaid bin Zhuhair;PERSON;;000166-001;1;;
f9ad619b8df8;Amr bin Hazm;PERSON;;000166-001;1;;
79f36db531d5;D bin Habbah;PERSON;;000166-001;1;;
42b5250d95bf;Samurah bin Jundab;PERSON;;000166-001;1;;
9e8d4713b0f4;Musa bin Uqbah;PERSON;;000166-001;1;;
7de32dc36e88;Abu Khaitsamah;PERSON;;000168-001;1;;
b46f97e4832a;Mirba bin Qaizhi;PERSON;;000168-001;1;;
8f4e0344598f;Abdullah bin Jubair bin An-Nu'man;PERSON;;000169-001;1;;
9e9d1ec7f557;Abd Amr bin Shaifi;PERSON;;000172-001;1;;
20144f57c011;Abu Syaibah;PERSON;;000175-001;1;;
995b672aca0e;Abu Sa'd bin Abu Thalhah;PERSON;;000175-001;1;;
fdba3737ae16;Musafi' bin Thalhah bin Abu Thalhah;PERSON;;000175-002;1;;
554b38252a8f;Ashim bin Tsabit bin Abu Al-Aqlah;PERSON;;000175-002;1;;
55f55ec64cd2;Al-Julas bin Thalhah bin Abu Thalhah;PERSON;;000175-002;1;;
0778f1c7c243;Syuraih bin Qarizh;PERSON;;000175-002;1;;
8262de5addc1;Abu Zaid;PERSON;;000175-002;1;;
23799c5799d6;Syurahbil bin Hasyim;PERSON;;000175-002;1;;
a819494720e5;Shu'ab;PERSON;;000175-002;1;;
405937177642;Ibnu Dujanah;PERSON;;000176-002;1;;
7a2c2f778b3b;Abu-Abu;PERSON;;000177-001;1;;
df09a75afec5;Siba' bin Abdul Uzza;PERSON;;000177-001;1;;
3c8b580975e3;Musailamah;PERSON;;000177-002;1;;
a074cc821206;Az-;PERSON;;000178-001;1;;
4f30a19eb706;Hanzhalah bin Abu Amir;PERSON;;000179-001;1;;
afc40322b813;Shaddad bin Al-Aswad;PERSON;;000179-001;1;;
c8ce7cf05e6a;Ibnu Jubair;PERSON;;000182-002;1;;
2d2d18634299;Amrah binti Alqamah;PERSON;;000183-001;1;;
3a80423e5336;Al-Yaman;PERSON;;000185-001;1;;
2d07ca6e4d49;Abu Umar;PERSON;;000185-002;1;;
6a5641bc759c;Umarah bin As-Sakan;PERSON;;000187-001;1;;
8d29118bac43;Abu Utsman;PERSON;;000187-001;1;;
f03ad4951cf1;Ibnu A'idz;PERSON;;000187-002;1;;
90ae3e9c12ba;Qais bin Abu Hazim;PERSON;;000187-005;1;;
8d0cd7b61d4f;Mika'il;PERSON;;000187-006;1;;
bb34f242c946;Bakar Ash-Shidddiq;PERSON;;000188-001;1;;
239b8567d8ee;Naf' bin Jubair;PERSON;;000189-001;1;;
678ab3155ece;Thalhah;PERSON;;000190-001;1;;
1f3c0231b688;Abu Talhah;PERSON;;000190-001;1;;
563cb73a3167;Utsman bin Abdullah;PERSON;;000192-002;1;;
b10868f69d90;Aisyah binti Abu Bakar;PERSON;;000196-002;1;;
08707a4ca8a9;Sulaith;PERSON;;000196-002;1;;
314d80c7610f;Hibban bin Al-Ariqah;PERSON;;000196-002;1;;
cc551db4f3ca;Sahl;PERSON;;000197-001;1;;
440038cc3ee8;Ibnu Qahafah;PERSON;;000198-001;1;;
2002d26ba349;Abdul Ashal;PERSON;;000199-001;1;;
423d16b6ff77;Amr bin Tsabit;PERSON;;000199-001;1;;
08c576533f8d;Amr bin Al-Jamuh;PERSON;;000200-001;1;;
a6c1e71b318b;Ummu Fulan;PERSON;;000202-001;1;;
0259a8db28a1;Amr bin Mu'adz;PERSON;;000202-002;1;;
487d1d73692a;Ma'bad bin Abu Ma'bad;PERSON;;000206-002;1;;
80def78b8aba;Ma'bad bin Ma'bad;PERSON;;000206-003;1;;
71fe3fa9945c;Mu'awiyah bin Al-Mughirah bin Abul Ash;PERSON;;000206-006;1;;
27a781796624;Abdul Malik bin Marwan;PERSON;;000206-006;1;;
df34c4d39457;Ali Imran;PERSON;;000207-001;1;;
98baaf9578ba;Khubaib bin Adi;PERSON;;000212-002;1;;
890e9df8b220;Hujair bin Abu Ihab;PERSON;;000212-002;1;;
2e59af765983;Uqbah bin Al-Harits;PERSON;;000212-003;1;;
f5b5c4d93a89;Amir bin Malik;PERSON;;000213-001;1;;
fec5bb074191;Ka'b bin Zaid bin An-Najjar;PERSON;;000213-002;1;;
52f0f26fcacd;Al-Mundzir bin Uqbah bin Amir;PERSON;;000213-003;1;;
4a7666de010d;Amr bin Jahsy;PERSON;;000214-002;1;;
ca23599be12d;Sallam bin Al-Huqaiq;PERSON;;000214-006;1;;
2c054e6d65b9;Yamin bin Amr;PERSON;;000214-006;1;;
68e6ae343e4a;Abu Sa'd bin Wahb;PERSON;;000214-006;1;;
dbd47f838dfb;Sahl bin Sa'd;PERSON;;000218-004;1;;
b196ddeeea62;Amr bin Abi Wudd;PERSON;;000218-010;1;;
91a4f41e3252;Sa D bin Mu'adz;PERSON;;000218-012;1;;
4e000387fa27;bin Akhthab;PERSON;;000218-013;1;;
dee94b997b82;binti Abdul Muthalib;PERSON;;000218-015;1;;
04b25f493955;Khawwat bin Jubair;PERSON;;000218-017;1;;
3abf2a12db8e;Nu'aim bin Mas Ud bin Amir;PERSON;;000218-021;1;;
f904a81240a0;Khudzaifah bin Al-Yaman;PERSON;;000218-025;1;;
ea122fdb16c4;binti Al-Harits;PERSON;;000219-007;1;;
a8e43ab8f67a;Az-Zabir bin Batha;PERSON;;000219-009;1;;
0505e31621f0;Abdurrahman bin Az-Zabir;PERSON;;000219-010;1;;
b2882d1bede0;Salma binti Qaiz;PERSON;;000219-010;1;;
bc2f1667f43b;Raihanah binti Amr bin Junafah;PERSON;;000219-011;1;;
4c7955f107b6;Abu Sinan bin Minshan;PERSON;;000219-012;1;;
c514d5bf7609;Abu Raf;PERSON;Abu Raff;000220-002;1;;
8aa296cae8fc;Bakr bin Kilab;PERSON;;000221-001;1;;
e67d0b222ce3;Tsumamah bin Ustal;PERSON;;000221-001;1;;
2c7d644c01f1;Buraidah bin Al-Hushaib;PERSON;;000224-001;1;;
7cf5fce72d22;Al-Harits bin Al-Dhirar;PERSON;;000224-001;1;;
25e0d10bc8af;Ubaidillah bin Abdullah bin Utbah;PERSON;;000224-002;1;;
6ae970ea19d9;Abu Muhammad bin Hazm;PERSON;;000224-002;1;;
64c963c9db97;Juwairiyah binti Al-Harits;PERSON;;000224-003;1;;
7d3777be869b;Sinan bin Wabar;PERSON;;000226-001;1;;
25e76f2d18c9;Misthah bin Utsatsah;PERSON;;000226-010;1;;
b5846d5dd87a;Tumadhir bin Al-Ashba;PERSON;;000227-001;1;;
c8a9222fb880;Ummu Abi Salamah;PERSON;;000227-001;1;;
12e5213afb74;Wabar bin Alim;PERSON;;000227-001;1;;
6312e700bc7e;Ka'b bin Lu;PERSON;;000229-001;1;;
fb191ba4e2f0;Ka'b bin Lu'ay;PERSON;;000232-001;1;;
c43258ae226e;Mikraz;PERSON;;000232-002;1;;
a11e8a44ff40;Hafsh;PERSON;;000232-002;1;;
70700c9a7e30;Al-Hulais bin Alqamah;PERSON;;000233-001;1;;
42f5b1cb2bc7;bin Syu'bah;PERSON;;000233-002;1;;
1772f5ce0736;Urwah;PERSON;;000233-003;1;;
308aa329f609;Abu Sinan;PERSON;;000236-001;1;;
3ec9ad073400;Jadd bin Qais;PERSON;;000236-001;1;;
b0ec637dbdb8;Ma Qal bin Yassar;PERSON;;000236-002;1;;
c86493d34abf;Abu Jandal bin Suhail;PERSON;;000238-001;1;;
6b6233a22253;Mu'awiyah;PERSON;;000240-002;1;;
936233d0856c;Ashhamah bin Al-Aijar;PERSON;;000247-001;1;;
c228dcf0dbc2;Juraij bin Mata;PERSON;;000248-001;1;;
76e146f3f0a1;Abdullah bin Hudzafah;PERSON;;000249-001;1;;
497defe64261;Sufyan;PERSON;;000250-004;1;;
008e35722408;Ibnu Abu;PERSON;;000250-006;1;;
f514d96ece75;Salith bin Al-Amiri;PERSON;;000252-001;1;;
9bb38115bd50;Al-Harits bin Abu Syamr;PERSON;;000253-001;1;;
8d49bb6cfd6e;Usair bin Razzam;PERSON;;000257-002;1;;
4ed7ae9acd53;Haudzah bin Qais;PERSON;;000261-001;1;;
2181ef42317c;bin Al-Akwa;PERSON;;000263-001;1;;
615ad6c447a3;bin Al-Anshari;PERSON;;000267-001;1;;
a51011a71f57;Abu Ishaq;PERSON;;000267-001;1;;
94d6e707762f;Ibnu Abul Huqaiq;PERSON;;000272-001;1;;
d4c4f64515c1;Ibnu Abil Huqaiq;PERSON;;000272-001;1;;
af398eb3218f;Abil;PERSON;;000273-001;1;;
d6159015d07a;Kinanah bin Ar-Rabi;PERSON;;000273-001;1;;
6bdd2ee77e68;Az;PERSON;;000273-002;1;;
a344aa146b5c;Zubair;PERSON;;000273-002;1;;
f231f2c27aa5;Bisyr bin Al-Barra' bin Ma'rur;PERSON;;000277-001;1;;
2dea67050ff9;Muhayyishah bin Mas'ud;PERSON;;000279-001;1;;
fb4732ed1714;Khalid bin Sa'id;PERSON;;000281-001;1;;
45c6c75d18ee;Aban bin Sa'id;PERSON;;000283-001;1;;
a3139ce5e60d;Abu Awanah;PERSON;;000284-004;1;;
55dc6a68bd7b;Abu Bisyr;PERSON;;000284-004;1;;
59b50f8f7eba;Ghaurats bin Al-Harits;PERSON;;000284-004;1;;
c72e7f0708c3;Basyir bin Suwaid;PERSON;;000284-006;1;;
421ef8f9d6c5;Abd bin Tsa'labah;PERSON;;000284-007;1;;
156c5a378a2e;Mirdas bin Nuhaik;PERSON;;000284-007;1;;
2eeaeaf69d5f;Usair bin Basyir bin Razzam;PERSON;;000284-008;1;;
13ac065dee30;Usair;PERSON;;000284-008;1;;
afdb2e7b06ed;Jusyam bin Mu'awiyah;PERSON;;000284-008;1;;
b89611725bdc;Uwaih bin Abu Rahm;PERSON;;000285-001;1;;
914eb2853d7a;Najiyah bin Jundab;PERSON;;000285-001;1;;
b6ac0e2a9956;Maimunah binti Al-Harits;PERSON;;000285-004;1;;
0a09e29925ee;Ibnu Abil;PERSON;;000285-005;1;;
6a81d0ddb0a5;Abul Auja;PERSON;;000285-005;1;;
dbf95b0ba2c5;Ka'b bin Umari;PERSON;;000285-005;1;;
456597b781c3;Quthbah bin Qatadah;PERSON;;000291-001;1;;
409ab4004847;Ubadah bin Malik;PERSON;;000291-001;1;;
30426fa177f5;Tsabit bin Arqam;PERSON;;000293-001;1;;
8308c013fb0e;Khalid bin Dia;PERSON;;000293-001;1;;
87fa437ed3c8;Auf bin Malik;PERSON;;000296-002;1;;
6b4f71c02a13;Abu Qahafah;PERSON;;000300-004;1;;
4755f1151cc0;Abu Qatadah bin Rab'i;PERSON;;000301-001;1;;
5e8a573cf651;Al-Miqdad;PERSON;;000301-002;1;;
94d9b9e4038d;Amir bin Al-Adhbath;PERSON;;000301-002;1;;
b8f05cdde8d9;Muhallim bin Jatstsamah;PERSON;;000301-003;1;;
828afbeb8491;Abu Ruhm;PERSON;;000302-001;1;;
fb21274d35c6;Abu Hanzhalah;PERSON;;000304-001;1;;
c420c3ed016c;Adi bin Ka'ab;PERSON;;000304-003;1;;
e15353db5456;Utsman bin Abdurrahman bin Auf;PERSON;;000305-002;1;;
bb80a6b95baa;Khunais bin Khalid bin Rabi'ah;PERSON;;000308-001;1;;
eacdbb647899;Ummu Hani binti Abu Thalib;PERSON;;000313-001;1;;
5c3a73631f92;Abdul Uzza bin Khathal;PERSON;;000314-001;1;;
737c30aa19aa;Al-Harits bin Nufail bin Wahb;PERSON;;000314-001;1;;
d22829a85153;Abdullah bin Sarh;PERSON;;000314-001;1;;
73359228078c;Al-Harits bin Nufail;PERSON;;000314-002;1;;
14c26fbe4571;Zainab binti Rasulullah;PERSON;;000314-002;1;;
063c0ec0c3e1;Abu Ma'syar;PERSON;;000314-002;1;;
6f1e15d0c25d;Al-Harits bin Ath-Thulatil;PERSON;;000314-002;1;;
a36cd7c85931;Arnab;PERSON;;000314-003;1;;
05f550224038;Umair bin Al-Wahb;PERSON;;000315-001;1;;
9a4ee219a3bb;Abu Usaid;PERSON;;000319-001;1;;
0596df5b92a6;bin Auf;PERSON;;000324-001;1;;
e04739dae76f;Anas bin Abu Martsad;PERSON;;000326-001;1;;
026fdebc21de;Kaladah bin Al-Junaid;PERSON;;000327-001;1;;
39dffb8d4da7;Al-Harits bin Al-Khazraj;PERSON;;000328-001;1;;
88df80d44455;Rabi Ah bin Rufai;PERSON;;000330-001;1;;
37a971f0230f;Asy-Syaima' binti Al-Harits;PERSON;;000331-001;1;;
a6dac2b755a6;D bin Ubadah;PERSON;;000334-002;1;;
ffe79b9bce0b;Zuhair bin Shurad;PERSON;;000335-001;1;;
226448ffaa96;Abu Burqan;PERSON;;000335-001;1;;
e03667bce761;Yazid bin Al-Hushain;PERSON;;000338-001;1;;
76a4e0e6fce9;Basyir bin Sufyan;PERSON;;000338-001;1;;
c479636ae65e;Ibnul Latibah;PERSON;;000338-001;1;;
8cc49b1c1d5f;Al-Muhajir bin Abu Umayyah;PERSON;;000338-001;1;;
1594a89c77ab;Ziyad bin Lubaid;PERSON;;000338-001;1;;
c5b47f42a44c;Malik bin Nuwairah;PERSON;;000338-001;1;;
1770b6464822;Qais bin Ashim;PERSON;;000338-001;1;;
04f659bbd906;Al-Bahrain bin Abu Thalib;PERSON;;000338-001;1;;
6ac3168170b3;Ramlah binti Al-Harits;PERSON;;000339-001;1;;
af66c49af3f7;Utharid bin Hajib;PERSON;;000339-002;1;;
aa6e57ef968d;Quthbah bin Amir;PERSON;;000339-002;1;;
bb6177f48fd8;Alqamah bin Mujazziz;PERSON;;000339-003;1;;
78fbcd4b1483;bin Hatim;PERSON;;000339-004;1;;
18ba166e9569;Kisra bin Hurmuz;PERSON;;000339-007;1;;
f6c0e25408f0;Ashim bin Adi;PERSON;;000346-003;1;;
75a7e857ff89;Yuhannah bin Ru;PERSON;;000348-001;1;;
9a1c18001cb3;Yuhannah bin Ru'bah;PERSON;;000348-002;1;;
50ccf15e641c;Murarah bin Rabi;PERSON;;000350-002;1;;
d433feb4e40e;Hilal bin Umayyah;PERSON;;000350-002;1;;
60e779b95b73;Ummu Kultsum binti Rasululllah;PERSON;;000353-001;1;;
f6944bad03d9;Sulaiman bin Buraidah;PERSON;;000355-005;1;;
2d79504d29a1;Munkid bin Hayyan;PERSON;;000357-001;1;;
60383673a9c1;Al-Jarud bin Al-Ala;PERSON;;000357-001;1;;
41c2780f2315;Ath-Thufail bin Amr;PERSON;;000357-002;1;;
e298e9375696;Farwah bin Amr Al-Judzami;PERSON;;000357-002;1;;
7e28896542e7;Ziyad bin Al-Harits;PERSON;;000357-003;1;;
5ec40dfe26cc;Ka'b bin Zuhair bin Abu Sulma;PERSON;;000357-003;1;;
66d0b56503c9;Bujair bin Zuhair;PERSON;;000357-004;1;;
63211d3d8bcd;Hamzah bin An-Nu'man;PERSON;;000357-006;1;;
13781ea8608a;Al-Harits bin Abdi;PERSON;;000357-011;1;;
979f6d82c9db;An- Nu'man bin Qail;PERSON;;000357-011;1;;
a478b024a775;Malik bin Murrah;PERSON;;000357-011;1;;
891c6ef417e0;Malik bin An-Namath;PERSON;;000357-012;1;;
345e11935869;Musailamah bin Tsumamah bin Kabir bin Hubaib bin Al-Harits;PERSON;;000357-016;1;;
2dbff39953ed;Nawwahah;PERSON;;000357-018;1;;
4baa58ef03af;Ibnul Atsal;PERSON;;000357-018;1;;
cf5c261f39b4;Al-Aswad;PERSON;;000357-018;1;;
4d6e3879b0b7;Arbad bin Qais;PERSON;;000357-019;1;;
8b51a079da37;Khalid bin Ja'far;PERSON;;000357-019;1;;
ecf39ed91c23;Jabbar bin Aslam;PERSON;;000357-019;1;;
7723ebfdcd1d;Anir bin Qais;PERSON;;000357-021;1;;
e7bcd8c24b92;Ibnu Rabi;PERSON;;000359-004;1;;
78d50eb71ad4;Abbas bin Abdul Muthalib;PERSON;;000359-004;1;;
98a4a922d5e4;Rabi'ah bin Umayyah bin;PERSON;;000359-005;1;;
35db8ab645d2;Sira' binti Nabhan;PERSON;;000359-009;1;;
e37aa17b2094;Farwah bin Amr;PERSON;;000360-001;1;;
241c4c4921af;Abu 265;PERSON;;000360-002;1;;
758e4bd96557;Abu Kemudian;PERSON;;000364-003;1;;
1faea27c6676;Abdurrahman bin Abu Bakar;PERSON;;000369-001;1;;
32bd4ed6f024;Ibnul Musayyab;PERSON;;000372-002;1;;
2c7d242f04fa;Tahun.Khadijah;PERSON;;000375-001;1;;
f636a21474a1;Abul Ash bin Ar-Rabi;PERSON;;000375-001;1;;
b8be43e6b376;As-;PERSON;;000376-001;1;;
20c2dc1bab8c;Khunais bin Hudzafah;PERSON;;000378-001;1;;
57c8add76ed7;Hilal bin Amir bin Sha'sha'ah;PERSON;;000379-001;1;;
481c235c125d;Ubaidillah bin Jahsy;PERSON;;000383-001;1;;
e121dc9501b0;Lubabah binti Al-Harits;PERSON;;000385-001;1;;
f4cfaf4890ef;Raihanah binti Zaid;PERSON;;000385-001;1;;
433e797c36a7;Abdullah bin Bisri;PERSON;;000387-004;1;;
eca301e9f69b;Ar-Rubayyi binti Mu'awwidz;PERSON;;000387-004;1;;
96ee212daf99;Abu Kabir;PERSON;;000387-005;1;;
a6fcd5d2a5dd;Hindun bin Abu Halah;PERSON;;000388-007;1;;
a64832a224c6;Kharijah binti Zaid;PERSON;;000388-012;1;;
0e47be13b9cb;Bulan Ramadhan;TIME;;000031-001 | 000032-001 | 000032-002 | 000032-004 | 000032-005 | 000051-003 | 000051-004 | 000063-001 | 000065-001 | 000066-001 | 000080-001 | 000097-001 | 000099-001 | 000320-001 | 000349-002 | 000388-002;24;;
595c34fa5232;Bulan Muharram;TIME;;000017-008 | 000061-001 | 000063-001 | 000080-001 | 000095-001 | 000211-001 | 000258-001;9;;
39bd79f6a48e;Bulan Syawwal;TIME;;000051-005 | 000068-001 | 000218-025 | 000218-026 | 000377-001 | 000380-001;8;;
3f6738fa06d2;Hari Sabtu;TIME;;000152-001 | 000199-003 | 000211-001 | 000218-023 | 000219-003 | 000359-001 | 000366-001;8;;
4e7443899c96;Bulan Rajab;TIME;;000032-002 | 000051-003 | 000063-001 | 000065-001 | 000114-007 | 000349-002 | 000357-015;7;;
3f4c665a2c91;Hari Senin;TIME;;000032-004 | 000032-005 | 000097-003 | 000362-001 | 000368-001 | 000373-001;7;;
afdac80a1b87;Bulan Shafar;TIME;;000095-001 | 000212-001 | 000282-001 | 000285-005 | 000357-015;6;;
eed7e901030a;Bulan Dzul Qa'dah;TIME;;000218-025 | 000218-026 | 000285-001 | 000359-002;6;;
19ed4913f601;Tahun 7 H;TIME;;000244-001 | 000284-008 | 000357-002 | 000384-001;6;;
d2f00a0230fa;Tahun 9 H;TIME;;000356-002 | 000357-012 | 000357-013 | 000357-016 | 000357-021;6;;
5b794d404c4a;Bulan Dzul Hijjah;TIME;;000056-001 | 000057-001 | 000153-002 | 000258-001 | 000359-008;5;;
53c7c5c281dd;Bulan Rabi'ul Awwal;TIME;;000080-001 | 000099-001 | 000215-001 | 000215-002 | 000285-005;5;;
f0e7d11a6243;Bulan Sya'ban 6 H;TIME;;000224-001 | 000227-001 | 000381-001 | 000382-001;5;;
f33dd30bdce2;Tahun 8 H;TIME;;000244-001 | 000338-001 | 000357-003 | 000357-004;4;;
6f61eaa2beb2;Bulan Syawwal 7 H;TIME;;000284-006 | 000284-007 | 000284-008;4;;
9ef5107a5a47;Bulan Muharram 9 H;TIME;;000338-001 | 000339-001 | 000339-003;4;;
55cb8059c305;Bulan Rabi'ul Awwal 9 H;TIME;;000339-002 | 000339-003 | 000357-006;4;;
c78374efbeb9;Lailatul-Qadr;TIME;;000032-004 | 000032-005;3;;
3d1d104f4530;Pertengahan Hari-Hari Tasyriq;TIME;;000084-001 | 000359-009 | 000359-010;3;;
5692f2ca89f4;Tahun 4 H;TIME;;000215-002 | 000227-004 | 000379-001;3;;
897d31424ef6;Tahun 5 H;TIME;;000218-025 | 000224-002 | 000357-001;3;;
f523e0b0ac18;Hari Rabu;TIME;;000218-025 | 000218-026 | 000364-001;3;;
666b11d3cf63;Tahun 6 H;TIME;;000219-011 | 000246-001 | 000247-001;3;;
e1a584261228;Bulan Syawwal 6 H;TIME;;000227-002 | 000227-003;3;;
30008b0c8e0f;Hari Kamis;TIME;;000347-001 | 000365-001;3;;
b6ee0c137228;Hari Kurban;TIME;;000359-008 | 000359-009 | 000359-010;3;;
80e78cd301af;Tahun 650 Sm;TIME;;000004-001;2;;
b40df84ec072;Tahun 300 M;TIME;;000004-001 | 000004-002;2;;
cc8e4ade70a2;Tahun 587 Sm;TIME;;000010-012 | 000017-008;2;;
65fc81ea81fc;Bulan;TIME;;000017-008 | 000076-001;2;;
c32a290fceb5;Lailatul-Qadar;TIME;;000032-002;2;;
ef064c0f7451;Hari Senin Dari Bulan Ramadhan;TIME;;000032-004 | 000032-005;2;;
917be7fd74b2;Hari Tasyriq;TIME;;000084-001 | 000359-009;2;;
942cc134a953;Tahun 623 M;TIME;;000114-001 | 000114-002;2;;
974a3875d9d2;Bulan Rabi'ul Awwal 2 H;TIME;;000114-004;2;;
af52cbe3c725;Bulan Jumadal Ula;TIME;;000114-005;2;;
6cb41478a019;Bulan Syawwal 2 Hijriyah;TIME;;000145-002 | 000147-001;2;;
07018b05abdf;Bulan Shafar 4 H;TIME;;000209-001 | 000227-004;2;;
9db9822537f4;Bulan Rabi'ul Awwal 4 H;TIME;;000209-001 | 000214-007;2;;
029ef086ff1e;Bulan Rabi'ul Akhir 6 H;TIME;;000223-001 | 000223-002;2;;
acab69677d0a;Sya'ban;TIME;;000224-002 | 000359-008;2;;
0d91189d06cd;Bulan Muharram Tahun 7 H;TIME;;000246-001 | 000247-001;2;;
1105d8e38782;Malam Selasa Tanggal 10 Jumadal;TIME;;000249-002 | 000249-003;2;;
b61e2a2758fb;Bulan Rabi'ul Awwal 7 H;TIME;;000282-001 | 000284-001;2;;
1c059c1f98d9;Bulan Sya'ban 7 H;TIME;;000284-006 | 000284-007;2;;
4081309ea2a5;Bulan Ramadhan 8 H;TIME;;000301-001 | 000302-001;2;;
933fd4198d7d;Bulan Dzul Hijjah 8 H;TIME;;000336-001 | 000357-007;2;;
655558bd2410;Bulan Shafar 9 H;TIME;;000339-002 | 000357-006;2;;
54314efcc0b3;Rabi'ul Awwal 9 H;TIME;;000339-003 | 000339-004;2;;
4093ec2e9bf6;H;TIME;;000356-002 | 000357-021;2;;
2dce3c76dd60;Tahun 10 H;TIME;;000357-018 | 000359-001;2;;
7e722e7060a1;Bulan Shafar Tahun 11 H;TIME;;000360-001 | 000361-001;2;;
c350f1f0cc26;Hari Selasa;TIME;;000373-001 | 000373-002;2;;
1557cf9ca04f;Tahun 110 Sm;TIME;;000004-001;1;;
1227253b367f;Tahun 115 Sm;TIME;;000004-001;1;;
ee0c93f92829;Tahun 340 M;TIME;;000004-002;1;;
851e618784eb;Tahun 378 M;TIME;;000004-002;1;;
2503e51dc8e1;Tahun 525 M;TIME;;000004-003;1;;
3db39dd1bf69;Tahun 575 M;TIME;;000004-004;1;;
36580068de0b;Tahun 638 M;TIME;;000004-004;1;;
edf1b791b31c;Tahun 326 Sm;TIME;;000005-001;1;;
9493f4be806c;Tahun 230 Sm;TIME;;000005-001;1;;
1a33dae8e5ab;Tahun 226 M;TIME;;000005-001;1;;
4bf93c3ffdd6;Tahun 268 M;TIME;;000005-002;1;;
f386ef5fa401;Tahun 632 M;TIME;;000005-004;1;;
6875049c6afe;Tahun 13 H;TIME;;000006-001;1;;
14aed4e7df65;587 Sm;TIME;;000007-001;1;;
ba99c3772b41;Abad Kelima Masehi;TIME;;000007-006;1;;
b075b62bb688;Tahun 440 M;TIME;;000007-006;1;;
a58bdf8ee3b7;Tahun 70 Masehi;TIME;;000010-012;1;;
0a5144a85842;Bulan Oktober Tahun 523 Masehi;TIME;;000010-013;1;;
587440c5787a;Tahun 340 Masehi;TIME;;000010-013;1;;
323bce1f90c2;Tahun 497 M;TIME;;000017-002;1;;
70490bce5003;Maret 571 M;TIME;;000017-008;1;;
1ff8da6aa956;Tahun 70 M;TIME;;000017-008;1;;
1ba03a2552d9;Senin Pagi, Tanggal 9 Rabi'ul Awwal;TIME;;000018-001;1;;
c6c36dfb8f94;Tanggal 20;TIME;;000018-001;1;;
505ca6219570;Bulan April Tahun 571 M;TIME;;000018-001;1;;
14c769b63049;Bulan Dzul- Qa Dah;TIME;;000026-001;1;;
1712b4f4cede;Hari Senin, Malam Tanggal 21 Dari Bulan Ramadhan;TIME;;000032-001;1;;
167514bf1d15;Tanggal 10 Agustus 610 M;TIME;;000032-001;1;;
80e7fbeb47c1;Rabi'ul Awwal;TIME;;000032-001;1;;
cf22ab5cdcda;Bulan Rab'ul Awwal;TIME;;000032-002;1;;
41f0721c7b9b;Ramadhan;TIME;;000032-002;1;;
e179c769279b;Tahun 2;TIME;;000037-001;1;;
4fd131281209;Tahun 3;TIME;;000037-001;1;;
e0780e6a4083;Tahun;TIME;;000054-002;1;;
6c8caa160ca6;Malam Kamis;TIME;;000057-006;1;;
1f0c453d9c7a;Bulan Mei;TIME;;000075-001;1;;
f0bf67b80dba;Bulan Juni 619 M;TIME;;000075-001;1;;
8bbfc9ce63dd;Bulan Dzul-Qa'dah;TIME;;000076-001;1;;
b0e3c469c746;Tahun 619 M;TIME;;000076-001;1;;
87be4ec52542;Bulan Juli Tahun 620 M;TIME;;000079-001;1;;
2bc946a18249;Malam;TIME;;000080-001;1;;
fd06fbe332ae;Tanggal 27 Bulan Rajab;TIME;;000080-001;1;;
5be677e9670f;Hari Kamis Tanggal 26 Shafar Tahun 14 Dari Nubuwah;TIME;;000090-002;1;;
10e33668ee0d;Tanggal 12 September Tahun 622 M;TIME;;000090-002;1;;
b15667c3f6cc;Malam Hari Tanggal 27 Shafai Tahun 14 Nubuwah;TIME;;000094-001;1;;
14d5c1c2d28e;16;TIME;;000096-001;1;;
d588a4a1e6e3;September Tahun 622 M;TIME;;000096-001;1;;
0f8260ebcad9;Hari Senin Tanggal 8 Rabi'ul Awwal;TIME;;000097-001;1;;
8e7a728dc646;Tanggal 23 September 622 M;TIME;;000097-001;1;;
decbfb6709a7;Tanggal 9 Rabi' Ul Awwal Tahun 41;TIME;;000097-001;1;;
4712835d5261;41;TIME;;000097-001;1;;
4929ca1ccb15;Hari Senin Bulan Rabi'ul Awwal;TIME;;000097-002;1;;
26d614e67e66;Hari Jum'at Tanggal 12 Rabi'ul Awwal 1 H;TIME;;000104-001;1;;
8e758f0c9f10;Tanggal 27 September 622 M;TIME;;000104-001;1;;
022e876ce63d;Tanggal 1 Ramadhan Tahun Pertama H;TIME;;000114-001;1;;
c40207aac1a9;Tanggal 1 Ramadhan;TIME;;000114-002;1;;
c7d444df364d;Tanggal 1 Syawwal 1 H;TIME;;000114-002;1;;
8b23f2486e98;Bulan Shafar 2 H;TIME;;000114-003;1;;
31df9d212f29;Bulan Jumadal Akhirah;TIME;;000114-005;1;;
4eaf2a7fec16;Bulan Rajab 2 H;TIME;;000114-006;1;;
f190b9d38e0c;Bulan Sya'ban 2 H;TIME;;000114-010;1;;
cd11d67f678a;Bulan Sya'ban 2 H Atau;TIME;;000114-014;1;;
61a4f0e223dc;Tanggal 17 Ramadhan 2 H;TIME;;000128-001;1;;
30c9f4d718dc;Tahun Kedua Hijriyah;TIME;;000145-002;1;;
74eb72aa1a6e;Fitri;TIME;;000145-002;1;;
edbbf9aa65d0;Syawwal 2 H;TIME;;000152-001;1;;
5cf5274aefb4;Bulan Muharram 3 H;TIME;;000154-001;1;;
5a94f7e72ff2;Bulan Shafar 3 H;TIME;;000154-001;1;;
d415c528d0dd;Tanggal 14 Rabi'ul Awwal 3 H;TIME;;000155-005;1;;
078752e1f91e;Bulan Rabi'ul Akhir 3 H;TIME;;000156-001;1;;
407976db88a5;Bulan Rabi'ul Akhir;TIME;;000156-001;1;;
441862e0cf66;Jumadal Ula;TIME;;000156-001;1;;
3b743046b06c;Bulan Jumadal Akhirah 3 H;TIME;;000157-001;1;;
d79abf9229d2;Hari Jum'at Tanggal 6 Syawwal 3 H;TIME;;000163-001;1;;
b440f01fb007;Hari Sabtu Pagi Tanggal 7 Syawwal 3 H;TIME;;000169-003;1;;
ff3a735668fb;Sabtu Tanggal 7 Syawwal 3 H;TIME;;000203-001;1;;
d1949277b53b;Malam Ahad;TIME;;000205-001;1;;
dff3fd4d544d;Hari Ahad Tanggal 8 Syawwal 3 H;TIME;;000206-001;1;;
c7bd5eab38b4;Bulan Jumadil Ula;TIME;;000209-001;1;;
6fc48980fbcb;Bulan Muharram 4 H;TIME;;000210-001;1;;
4d006561cfee;Tanggal 5 Muharram;TIME;;000211-001;1;;
86b60740de0d;Agustus 625 M;TIME;;000214-007;1;;
dde0e3252755;Bulan Rabi'ul Awwal Atau Jumadil Ula;TIME;;000215-002;1;;
b926dd5c6cd4;Bulan Sya'ban 4 H Atau;TIME;;000216-001;1;;
162262dc6eca;Rabi'ul Awwal 5 H;TIME;;000217-001;1;;
2278a0545776;Malam Sabtu, Bulan Syawwal 5 H;TIME;;000218-023;1;;
9d05bb4fcfbe;Bulan Dzul Qa'dah 5 H;TIME;;000219-013;1;;
fff37c69e145;Bulan Dzul Qa'dah Atau Dzul Hijjah 5 H;TIME;;000220-004;1;;
051944c79cb6;Bulan Rabi'ul Awwal Atau Jumadil;TIME;;000222-001;1;;
c897dc89797c;Bulan Rabi'ul Awwal 6 H;TIME;;000223-001;1;;
b2da6a74b6ed;Bulan Rabi'ul Awwal Atau Rabi'ul Akhir;TIME;;000223-001;1;;
50129100e87a;Rabi'ul Akhir 6 H;TIME;;000223-001;1;;
b360be988c7d;Bulan Jumadil Akhir 6 H;TIME;;000223-003;1;;
bbe724225a84;Bulan Rajab 6 H;TIME;;000223-004;1;;
6f5f0a2081c2;Bulan Rajab 8 H;TIME;;000223-004;1;;
f4405d6b8f44;Bulan 213;TIME;;000224-001;1;;
549face4c37c;Bulan Ramadhan 6 H;TIME;;000227-002;1;;
a17d69e1a25b;Tahun Zadul Ma'ad;TIME;;000227-003;1;;
ba7901e0d5a7;Hari Senin Tanggal 1 Dzul Qa'dah 6 H;TIME;;000228-001;1;;
9b689ccfde22;Bulan Rajab Tahun 7 H;TIME;;000247-005;1;;
826c7ac6f52b;Awiyah;TIME;;000248-003;1;;
4f386a0a3722;Bulan Shafar 7 H;TIME;;000283-001;1;;
0e589ef8444f;4 H;TIME;;000284-001;1;;
80668684ecf3;Bulan Shafar Atau Rabi'ul Awwal 7 H;TIME;;000284-006;1;;
bfd8714fd533;Bulan Jumadats;TIME;;000284-006;1;;
2a25045662b1;Bulan Dzul Hijjah 7 H;TIME;;000285-005;1;;
6878c5d2456c;Bulan Rabi'ul 4. Awwal;TIME;;000285-006;1;;
da1d19f0536a;Bulan Jumadal Akhirah 8 H;TIME;;000296-001;1;;
0f3f1e96fc0f;Bulan Sya'ban 8 H;TIME;;000297-001;1;;
82bc0e471ee2;Selasa Pagi Hari Tanggal 17 Ramadhan 8 H;TIME;;000305-001;1;;
db190fc3be70;Bulan Sya'ban;TIME;;000320-003;1;;
9ba4422751da;Tanggal 6 Syawwal 8 H;TIME;;000326-001;1;;
b962ac2d7f59;Malam Rabu Tanggal 10 Syawwal;TIME;;000327-001;1;;
a2cfd0cc6fa0;Hari-Hari;TIME;;000338-001;1;;
70aee37c897a;Bulan Muharram Tahun 9 H;TIME;;000338-001;1;;
f6d158ce5c24;Bulan Dzul Qi'dah Atau Dzul Hijjah Tahu 9 H;TIME;;000354-001;1;;
7cedf6d0c8f6;Bulan Ramadhan 9 H;TIME;;000357-007;1;;
cced1485c64b;Bulan Rabi'ul Awwal 12 H;TIME;;000357-018;1;;
6d056510238f;Bulan Muharram 11 H;TIME;;000357-021;1;;
bddaf2781d38;Dzul;TIME;;000359-001;1;;
499a9b5ad8e0;Hari Senin Tanggal 4 Dzul Hijjah 10 H;TIME;;000359-002;1;;
9feddb27ec65;Tanggal 8 Dzul Hijjah;TIME;;000359-003;1;;
4de46fdc03fa;Hari Tarwiyah;TIME;;000359-003;1;;
535312e30075;Hari Kurban Atau Tanggal 10 Dzul Hijjah;TIME;;000359-007;1;;
a5541911ded8;Dzul Hijjah;TIME;;000359-008;1;;
3347d148331f;Muharram;TIME;;000359-008;1;;
7aedb12bac48;Rajab;TIME;;000359-008;1;;
c4b91541fb25;Jumada;TIME;;000359-008;1;;
efa012c4d80b;Hari-Hari Tasyriq;TIME;;000359-009;1;;
02c13db0cf76;Hari Nafar;TIME;;000359-010;1;;
d6c0212b51e0;Tanggal 13 Dzul Hijjah;TIME;;000359-010;1;;
1874b006fd2b;Bulan Ramadhan Tahun 10 H;TIME;;000361-001;1;;
a2a7419bf058;Tanggal 29 Shafar Tahun 11 H;TIME;;000362-001;1;;
ef5fe8a0afbc;Hari Ahad;TIME;;000367-001;1;;
7c03cd425741;Hari Senin Tanggal 12 Rabi'ul Awwal 11 H;TIME;;000369-002;1;;
59e12d1a5e0e;Malam Rabu;TIME;;000373-002;1;;
d0ef0f7aa0cd;Bulan Syawal Tahun Kesepuluh Dar Nubuwah;TIME;;000376-001;1;;
3e68546b5d50;Tahun 3 H;TIME;;000378-001;1;;
8dff309ca597;Bulan Jumdats Tsaniyah Tahun 4 H;TIME;;000380-001;1;;
8518a3a08c9a;Bulan Muharram 7 H;TIME;;000383-001;1;;
ecfcdd9d69ec;Bulan Dzul Qa'dah 7 H;TIME;;000385-001;1;;
eb3457a07084;Tanggal 28 Atau 29 Syawwal 10 H;TIME;;000385-001;1;;
f64d1f3cc15c;Tanggal 27 Januari 632 M;TIME;;000385-001;1;;
