node_id;name;label;aliases;chunk_ids;frequency;periode_bab;page_range
a5e28269fb58;Baiat Aqabah;EVENT;;000089-001|000124-002;2;Dakwah di Luar Makkah & Isra Mi'raj;198-202
be3ec22cbc5d;Baiat Aqabah Kubra;EVENT;;000088-005|000089-001|000089-005|000090-002;4;Dakwah di Luar Makkah & Isra Mi'raj;203-209
af7be2402d6d;Fathul Makkah;EVENT;Fathu Makkah | Penaklukan Makkah;000099-001|000223-003|000321-001;3;Perang Mu'tah & Penaklukan Makkah;524-536
876f2449d4fc;Haji Wada';EVENT;;000359-001|000359-002|000359-003|000359-004|000359-005|000359-006|000359-007|000359-008|000359-009|000359-010|000360-001|000360-002;12;Penaklukan Makkah hingga Akhir Kenabian;596-610
9aa593607e6f;Hijrah Ke Habasyah;EVENT;;000051-001|000051-002|000051-003|000051-004|000051-005|000051-006|000052-001|000052-002|000052-003|000052-004|000052-005|000052-006|000052-007;13;Dakwah Jahriyah & Tekanan Quraisy;133-160
ffd80e80fffa;Hijrah Ke Madinah;EVENT;;000091-001|000092-001|000092-002|000093-001|000093-002|000094-001|000095-001|000095-002|000095-003|000095-004|000096-001|000096-002|000096-003|000096-004|000096-005|000096-006|000096-007|000096-008|000096-009|000096-010|000097-001|000097-002|000097-003|000098-001|000098-002|000098-003;26;Hijrah ke Madinah;214-232
f90ea270344a;Hudaibiyah;EVENT;;000274-001;1;Hudaibiyah & Babak Baru Diplomasi;486-487
a7f0f1d42cd8;Isra' Mi'raj;EVENT;Isra' Dan Mi'Raj | Isra' Mi'Raj;000080-001|000080-009;2;Dakwah di Luar Makkah & Isra Mi'raj;191-197
abd83d2a0067;Kelahiran Nabi;EVENT;;000018-001|000018-002|000019-001|000019-002|000019-003|000019-004|000019-005|000019-006|000020-001|000021-001|000021-002|000022-001|000023-001|000024-001|000024-002|000025-001|000026-001|000026-002|000027-001|000028-001|000028-002|000029-001|000029-002|000029-003|000029-004|000030-001|000030-002|000030-003|000030-004;29;Nasab & Kelahiran Nabi;73-93
1a8d5ae3b5b4;Mi'Raj;EVENT;;000035-002|000080-005;2;Awal Kenabian & Mandat Dakwah;100-197
ca40e2ba9d02;Pemboikotan Bani Hasyim;EVENT;;000060-001|000061-001|000062-001|000062-002|000063-001|000063-002|000063-003|000063-004|000063-005;9;Dakwah Jahriyah & Tekanan Quraisy;152-160
7e6b669743ff;Perang Abwa;EVENT;;000114-003;1;Membangun Masyarakat Madinah;256-265
bac9d5b24121;Perang Al-Yamamah;EVENT;;000138-002;1;Perang Badr & Dampaknya;289-293
1cb20830a588;Perang As-Sawiq;EVENT;;000153-002;1;Perang Badr & Dampaknya;315-316
bcaa2d7ae36f;Perang Asafan;EVENT;;000215-002|000215-003;2;Perang Uhud & Satuan Pasukan Pasca Uhud;385-386
ec44716ac4d6;Perang Badr;EVENT;;000052-006|000052-007|000071-003|000075-010|000098-002|000098-003|000106-001|000114-009|000114-013|000129-001|000131-002|000137-001|000138-003|000138-006|000139-001|000140-001|000140-004|000142-001|000144-004|000145-002|000146-001|000147-001|000148-001|000148-002|000150-003|000151-001|000151-002|000153-002|000157-001|000157-003|000158-001|000158-002|000164-002|000164-003|000171-001|000177-001|000182-001|000198-002|000206-005|000212-002|000212-003|000212-004|000215-002|000216-002|000218-001|000225-001|000278-001|000301-004|000318-002|000375-001|000378-001;51;Perang Badr & Dampaknya;266-304
031c2f2a431a;Perang Badr Kubra;EVENT;;000114-005;1;Perang Badr & Dampaknya;266-304
bbfe8ae2b09e;Perang Badr Shughra;EVENT;;000216-002;1;Perang Uhud & Satuan Pasukan Pasca Uhud;385-389
34d2b06e0945;Perang Badr Ula;EVENT;;000114-005;1;Perang Uhud & Satuan Pasukan Pasca Uhud;385-389
2f69c4ffcf12;Perang Bani Al-Ashfar;EVENT;;000301-001;1;Perang Mu'tah & Penaklukan Makkah;515-517
564e5f97dfae;Perang Bani Mushthaliq;EVENT;;000225-005|000226-001;2;Perang Khandaq hingga Bani Mushthaliq;390-432
385b69c8cd73;Perang Bani Nadhir;EVENT;;000214-007|000215-001;2;Perang Uhud & Satuan Pasukan Pasca Uhud;382-389
543bbb58b67d;Perang Bani Qainuqa;EVENT;;000214-001;1;Perang Uhud & Satuan Pasukan Pasca Uhud;382-385
ab9b85cc3d0f;Perang Bani Quraizhah;EVENT;;000219-005;1;Perang Khandaq hingga Bani Mushthaliq;405-411
21eaa3822025;Perang Bu'ats;EVENT;Perang Bu | Perang Bu'Ats;000078-001|000078-002|000102-001|000150-001|000219-009|000103-003;6;Dakwah di Luar Makkah & Isra Mi'raj;182-411
ec402151bd83;Perang Bukhtanashar;EVENT;;000007-001;1;Konteks Arab Jahiliyah;48-53
2be564ea1156;Perang Buwath;EVENT;;000114-004;1;Perang Badr & Dampaknya;321-323
7ccdb4397932;Perang Dzatur Riqa;EVENT;;000215-002|000284-001;2;Perang Uhud & Satuan Pasukan Pasca Uhud;385-497
f2c923cb6f65;Perang Dzul Usyairah;EVENT;;000114-005;1;Perang Badr & Dampaknya;266-304
9cc2185190cb;Perang Fijar;EVENT;;000025-001|000026-002;2;Nasab & Kelahiran Nabi;87-93
87c4eb6d82e5;Perang Hamra'Ul Asad;EVENT;;000206-007;1;Perang Uhud & Satuan Pasukan Pasca Uhud;368-373
dc7dab06d145;Perang Hunain;EVENT;Perang Khunain;000284-005|000332-001|000336-001|000344-001|000355-001|000355-002;6;Hunain, Tabuk & Puncak Kekuatan Islam;538-551
d3f1e3f46352;Perang Khaibar;EVENT;;000215-002|000255-001|000255-004|000263-001|000274-001|000274-002|000278-001|000282-001|000284-001;9;Hudaibiyah & Babak Baru Diplomasi;473-492
eaa1aba992f8;Perang Khandaq;EVENT;Perang Ahzab | Perang Al-Khandaq;000078-008|000078-009|000083-007|000213-002|000213-003|000215-003|000218-011|000218-012|000218-025|000218-026|000219-006|000219-008|000219-011|000219-013|000220-004|000221-001|000225-003|000225-004|000227-004|000287-001;20;Perang Khandaq hingga Bani Mushthaliq;390-404
40de85ea3887;Perang Mu'Tah;EVENT;;000293-001|000295-001|000296-001|000357-002;4;Perang Mu'tah & Penaklukan Makkah;506-590
16c0dcb36fe7;Perang Riddah;EVENT;;000138-006;1;Perang Badr & Dampaknya;289-293
6a799492b87d;Perang Safawan;EVENT;;000114-004;1;Perang Badr & Dampaknya;315-323
5c5948326f2a;Perang Sawiq;EVENT;;000158-003;1;Perang Uhud & Satuan Pasukan Pasca Uhud;324-325
5397136583c1;Perang Tabuk;EVENT;;000247-005|000351-001|000351-002|000356-002|000357-011|000357-012;6;Hunain, Tabuk & Puncak Kekuatan Islam;558-571
06512abeb436;Perang Tha'If;EVENT;;000177-002|000331-001|000357-004|000357-007;4;Perang Uhud & Satuan Pasukan Pasca Uhud;340-590
2ac235ec1e41;Perang Uhud;EVENT;;000071-003|000071-006|000075-005|000083-006|000146-002|000154-001|000157-001|000157-003|000166-001|000176-001|000185-001|000187-005|000187-006|000188-001|000189-001|000190-001|000192-002|000196-002|000199-003|000201-001|000202-001|000202-002|000205-001|000206-001|000206-005|000206-006|000206-007|000206-008|000208-001|000209-001|000210-001|000213-003|000214-001|000215-001|000215-002|000216-001|000225-002|000355-001|000355-002|000379-001|000385-003;41;Perang Uhud & Satuan Pasukan Pasca Uhud;324-375
64125ec3e9a4;Perang Yarmuk;EVENT;;000006-001|000177-002;2;Konteks Arab Jahiliyah;47-340
d76568c60f42;Perjanjian Hudaibiyah;EVENT;;000099-001|000223-005|000247-001|000247-003|000250-007|000254-007|000255-001|000259-001|000320-004|000320-005;10;Hudaibiyah & Babak Baru Diplomasi;433-450
fbf771ac3a38;Tahun Berduka;EVENT;;000065-001|000065-002|000066-001|000067-001|000067-002|000068-001;6;Dakwah Jahriyah & Tekanan Quraisy;165-175
d179eb8ce072;Wafat Nabi;EVENT;;000361-001|000361-002|000362-001|000363-001|000364-001|000364-002|000364-003|000365-001|000365-002|000366-001|000367-001|000368-001|000368-002|000369-001|000369-002|000370-001|000371-001|000372-001|000372-002|000373-001|000373-002;21;Penaklukan Makkah hingga Akhir Kenabian;601-610
f4242a1814db;Wahyu Pertama;EVENT;;000031-001|000031-002|000032-001|000032-002|000032-003|000032-004|000032-005|000032-006|000032-007|000032-008|000032-009|000033-001|000034-001|000035-001|000035-002;15;Awal Kenabian & Mandat Dakwah;94-105
9b7dac1a943b;Addis Ababa;LOCATION;;000041-001;1;;
4e8d4e5f2c7e;Al-Baitul-Ma'Mur;LOCATION;;000080-003;1;;
a88e67768555;Al-Kudr;LOCATION;;000147-001;1;;
58bfd37affb8;Al-Munawarah;LOCATION;;000359-010;1;;
ee82075a69d8;Aqabah;LOCATION;;000007-003|000024-001|000075-005|000079-001|000080-011|000081-001|000081-002|000084-001|000084-002|000088-002|000088-005|000088-006|000359-006|000361-001;14;;
4a9f0634e844;Arab;LOCATION;;000004-003|000010-013|000010-015;3;;
50cb66dad377;Arab Saudi;LOCATION;;000009-002;1;;
f615af955240;Arafah;LOCATION;;000007-002|000007-003|000010-009|000010-010|000323-001|000359-003;6;;
b949970a7766;Babilon;LOCATION;;000010-012;1;;
ba15993ceb6a;Babilonia;LOCATION;;000010-012;1;;
016114bfe6fc;Badr;LOCATION;;000114-004|000114-010|000115-002|000117-001|000120-001|000121-001|000122-001|000124-004|000126-001|000127-001|000129-001|000139-001|000140-001|000141-002|000142-001|000142-002|000143-001|000145-001|000145-003|000147-001|000148-004|000151-001|000155-001|000155-002|000158-001|000182-001|000198-002|000216-001|000216-002|000217-001;30;;
99fd85513b40;Bahrain;LOCATION;;000002-003|000010-014;2;;
73324ed1f7f0;Baitul Maqdis;LOCATION;;000017-008|000079-003|000080-002|000080-007|000080-010|000105-001|000114-014|000250-002|000286-001;9;;
16bc980e7ee7;Baitul- Haram;LOCATION;;000029-001;1;;
272047670c43;Baitul-Haram;LOCATION;;000002-005|000007-004|000010-010|000051-003|000057-002|000057-011;6;;
22521fc9811f;Balqa;LOCATION;;000343-001;1;;
a3b835c02cc1;Damaskus;LOCATION;;000217-002;1;;
387f6552a29b;Darul Kalb;LOCATION;;000005-003;1;;
87dc068bb5a3;Dzul Hulaifah;LOCATION;;000229-001|000243-001|000285-001|000359-001|000359-002;5;;
ad935a49f586;Dzul Marwah;LOCATION;;000301-001;1;;
37916385429c;Eritrea;LOCATION;;000041-001;1;;
7703d30d645c;Ethiopia;LOCATION;;000041-001;1;;
b8b8fd6900a6;Ethopia;LOCATION;;000041-001;1;;
bf1727d5e7c0;Eufrat;LOCATION;;000002-004|000002-012|000005-001|000080-005|000080-006;5;;
098663c1bd1c;Fadak;LOCATION;;000281-001;1;;
338080a29e65;Gua Hira;LOCATION;;000031-001|000032-001|000032-003|000032-007|000034-001|000035-002;6;;
cc52175452bc;Gua Tsur;LOCATION;;000090-006;1;;
9b40a7be3792;Habasyah;LOCATION;;000004-002|000004-003|000004-004|000009-002|000010-013|000041-001|000051-002|000051-003|000051-005|000051-006|000067-001|000068-001|000074-003|000089-006|000157-001|000157-002|000158-002|000175-002|000177-001|000241-004|000244-001|000247-001|000247-002|000247-005|000275-001|000339-003|000383-001;27;;
7d6e8357966f;Hadhramaut;LOCATION;;000074-005;1;;
47bd433ebab8;Hijaz;LOCATION;;000002-002|000002-003|000002-005|000002-009|000004-002|000009-002|000010-001|000010-002|000010-012|000103-001|000156-001|000212-001|000220-003|000222-001|000249-002|000289-002;16;;
40f7d544302e;Hijir;LOCATION;;000055-003|000148-001;2;;
ec7965921fdf;Hijr;LOCATION;;000148-003;1;;
96284d31b341;Hudaibiyah;LOCATION;;000223-004|000223-005|000227-005|000231-001|000232-001|000240-001|000243-002|000246-001|000247-003|000258-001|000260-001|000274-002|000285-001|000285-005|000299-001|000338-001|000385-007;17;;
90cc0e2d25da;Hunain;LOCATION;;000323-001|000326-001|000327-001|000329-001|000330-001|000332-001|000334-001|000355-001;8;;
312a9e675fa8;India;LOCATION;;000001-002;1;;
9c2396d40256;Irak;LOCATION;;000001-001|000002-004|000005-001|000005-002|000007-003|000009-001|000009-002|000010-014|000010-015|000125-001|000157-002|000355-002;12;;
43707202c618;Iraq;LOCATION;;000009-002;1;;
32fbc5b5ee77;Iskandaria;LOCATION;;000248-001;1;;
cd8e71644627;Jabal Ar-Rumah;LOCATION;;000208-002;1;;
8d5ae16d1b23;Jabal Nur;LOCATION;;000031-001|000035-002;2;;
4c271f1b14ea;Jabbar;LOCATION;;000284-008;1;;
81c762713d04;Jazirah;LOCATION;;000003-001;1;;
8388f302e313;Jazirah Arab;LOCATION;;000001-001|000001-002|000002-011|000002-012|000008-001|000009-001|000009-002|000010-011|000010-012|000012-001|000014-001|000015-004|000047-001|000103-008|000114-001|000187-004|000218-001|000227-005|000228-001|000241-001|000245-001|000320-004|000320-005|000321-001|000340-001|000348-001|000351-001|000354-001|000357-021|000358-002|000358-003|000358-005|000365-001;33;;
880ac26fea81;Ka'bah;LOCATION;Baitullah | Ka'Bah;000002-008|000004-003|000007-001|000007-002|000007-004|000007-005|000007-006|000007-007|000009-002|000010-001|000010-002|000010-009|000010-010|000010-014|000015-004|000017-004|000017-005|000017-006|000017-007|000017-008|000017-010|000018-001|000021-001|000023-001|000029-001|000029-002|000029-003|000029-004|000030-003|000038-001|000048-006|000049-003|000049-004|000049-005|000055-003|000055-004|000055-005|000056-001|000057-002|000057-011|000061-001|000063-003|000063-005|000074-005|000075-001|000078-007|000095-003|000111-001|000213-002|000228-001|000242-002|000305-002|000309-001|000310-001|000311-001|000312-001|000314-001|000320-004|000339-007|000359-003|000359-007|000359-010|000103-008;63;;
202cc8e00364;Kaba;LOCATION;;000185-004;1;;
109a89ed4a56;Khaibar;LOCATION;;000002-012|000010-012|000105-001|000214-006|000215-002|000218-001|000220-001|000227-001|000245-001|000246-001|000247-005|000255-004|000256-001|000257-001|000259-001|000260-001|000261-001|000262-001|000263-001|000263-002|000264-001|000264-002|000265-001|000265-002|000266-001|000267-001|000270-002|000272-001|000273-001|000274-001|000274-002|000275-001|000277-001|000278-001|000279-001|000280-001|000281-001|000283-001|000284-001|000284-007|000284-008|000357-002|000368-002|000384-001;44;;
4e53ac054822;Khandaq;LOCATION;;000218-025|000218-026;2;;
7312f9f89d0c;Laut Merah;LOCATION;;000001-001|000010-001|000090-001|000096-002|000327-001;5;;
55ffd15c2ec3;Madinah;LOCATION;;000002-002|000002-012|000017-001|000017-004|000017-011|000020-001|000037-001|000078-001|000079-002|000079-003|000088-005|000089-001|000089-002|000089-003|000089-004|000089-006|000090-001|000090-006|000094-001|000096-001|000096-003|000097-001|000097-002|000097-003|000098-001|000098-002|000098-003|000099-001|000100-001|000101-001|000101-003|000101-004|000102-001|000103-003|000103-005|000103-007|000103-008|000103-009|000103-010|000105-002|000106-002|000108-001|000109-001|000109-002|000109-003|000110-001|000112-001|000112-002|000113-001|000113-002|000114-001|000114-003|000114-004|000114-005|000114-007|000114-010|000115-001|000115-002|000116-001|000117-001|000121-001|000123-001|000125-001|000129-001|000131-002|000141-001|000141-002|000142-002|000143-001|000143-002|000144-001|000144-003|000144-004|000145-003|000146-001|000146-002|000147-001|000148-001|000148-002|000150-003|000151-001|000151-002|000151-003|000152-001|000152-002|000153-001|000153-002|000154-001|000155-001|000155-002|000155-008|000156-001|000157-002|000160-001|000161-001|000162-001|000163-001|000164-001|000164-002|000164-003|000165-001|000165-002|000167-001|000168-001|000172-001|000185-001|000196-002|000198-003|000200-001|000202-001|000203-001|000205-001|000206-001|000206-002|000206-003|000206-004|000206-005|000206-006|000206-008|000209-001|000210-001|000211-001|000213-003|000213-004|000214-001|000214-002|000214-003|000214-005|000214-006|000215-001|000215-002|000216-001|000216-002|000217-001|000217-002|000218-002|000218-003|000218-007|000218-008|000218-009|000218-019|000218-020|000218-021|000218-025|000218-026|000219-001|000219-006|000219-007|000221-001|000222-001|000222-002|000223-001|000223-002|000223-003|000223-004|000223-005|000224-002|000225-001|000225-004|000226-001|000226-002|000226-003|000226-004|000226-006|000226-007|000226-008|000226-010|000227-003|000228-001|000237-001|000241-004|000243-001|000243-003|000244-001|000245-001|000249-002|000255-004|000256-001|000258-001|000260-001|000274-002|000276-001|000276-002|000282-001|000283-001|000284-001|000284-002|000284-006|000284-007|000284-008|000285-001|000293-001|000296-001|000296-002|000296-003|000299-002|000300-001|000300-002|000302-001|000314-001|000314-002|000336-001|000337-001|000338-001|000339-001|000339-002|000339-004|000342-001|000343-001|000344-001|000346-001|000347-001|000349-001|000349-002|000350-001|000350-002|000350-004|000351-001|000352-001|000355-003|000356-002|000357-001|000357-002|000357-004|000357-006|000357-007|000357-008|000357-011|000357-014|000357-019|000357-020|000357-021|000357-023|000359-001|000359-010|000360-002|000370-001|000372-001|000377-001|000385-001|000387-001|000388-003|000388-013;243;;
801b22c82659;Makkah;LOCATION;;000002-002|000002-003|000002-005|000002-006|000002-009|000002-012|000007-001|000007-002|000007-003|000007-004|000007-005|000007-006|000007-007|000010-001|000010-002|000010-010|000010-014|000017-001|000017-002|000017-003|000017-004|000017-005|000017-006|000017-007|000017-011|000017-012|000018-001|000019-002|000019-003|000019-006|000020-001|000021-001|000021-002|000023-001|000026-001|000027-001|000028-001|000029-001|000030-002|000030-003|000031-001|000032-006|000032-007|000032-008|000032-009|000037-001|000038-001|000039-003|000045-001|000049-009|000049-010|000049-011|000051-001|000051-005|000051-006|000055-001|000055-002|000057-007|000060-001|000062-001|000063-003|000063-005|000067-001|000068-001|000071-003|000071-004|000074-001|000074-002|000074-003|000075-001|000075-004|000075-005|000075-008|000075-009|000075-010|000076-001|000077-002|000078-001|000078-002|000078-003|000078-004|000078-006|000078-009|000079-001|000080-006|000080-010|000081-001|000081-002|000083-007|000084-001|000088-003|000088-005|000088-006|000089-001|000089-003|000089-004|000089-005|000089-006|000090-001|000090-002|000090-005|000090-006|000092-001|000094-001|000095-002|000095-003|000096-002|000096-003|000096-009|000097-001|000097-003|000098-002|000098-003|000101-001|000103-008|000103-009|000110-001|000111-001|000113-001|000114-001|000114-006|000114-011|000115-001|000117-001|000118-001|000119-001|000121-001|000122-001|000123-001|000125-001|000126-001|000126-002|000126-003|000127-001|000129-002|000137-005|000138-002|000138-003|000138-004|000140-001|000140-004|000144-004|000145-003|000146-002|000147-001|000148-001|000148-004|000153-002|000155-001|000155-002|000157-001|000157-002|000158-001|000159-001|000160-001|000161-001|000163-001|000164-001|000171-001|000172-001|000172-002|000177-002|000193-001|000193-002|000195-001|000198-001|000198-002|000198-003|000206-004|000206-006|000206-008|000212-002|000212-003|000212-004|000214-001|000216-001|000216-002|000218-001|000218-025|000221-002|000222-001|000223-003|000227-002|000227-003|000228-001|000229-001|000230-001|000231-001|000234-001|000235-001|000235-002|000236-001|000237-001|000238-001|000241-002|000241-003|000241-004|000243-001|000243-002|000243-003|000244-001|000247-001|000252-001|000284-001|000284-005|000285-001|000285-002|000285-003|000285-004|000285-005|000299-002|000299-003|000300-001|000300-002|000301-001|000301-002|000302-001|000304-001|000305-001|000306-001|000307-001|000308-001|000314-001|000314-002|000315-001|000316-001|000317-001|000318-001|000319-001|000320-001|000320-002|000320-004|000320-005|000321-001|000322-001|000323-001|000326-001|000333-001|000336-001|000338-001|000339-003|000340-001|000345-001|000351-001|000355-006|000356-001|000356-002|000357-001|000357-002|000357-004|000357-006|000357-013|000357-023|000359-001|000359-002|000359-003|000359-007|000375-001|000388-013;259;;
c363b4a5e668;Marwah;LOCATION;;000285-003|000285-004|000285-006|000359-003;4;;
4d2987c50c41;Masjidil;LOCATION;;000057-007;1;;
6f846f6354c3;Masjidil Haram;LOCATION;;000010-002|000049-008|000051-003|000051-004|000057-010|000058-001|000075-009|000075-010|000080-002|000114-008|000114-011|000114-014|000228-001|000229-001|000230-001|000232-001|000233-001|000237-002|000237-003|000241-003|000242-001|000304-004|000359-003|000388-013;24;;
e6e4844c70a6;Mesir;LOCATION;;000002-002|000002-004|000002-009|000004-002|000248-001;5;;
d3ab151448a8;Mina;LOCATION;;000007-002|000007-003|000017-007|000079-001|000081-001|000081-002|000084-001|000088-003|000359-003|000359-006|000359-009|000359-010;12;;
e872f75feba8;Muzdalifah;LOCATION;;000007-002|000007-003|000010-009|000010-010|000017-007|000359-006;6;;
521bcee2814b;Najd;LOCATION;;000002-003|000007-003|000090-003|000090-004|000090-005|000090-006|000147-001|000213-001|000215-001|000215-002|000218-008|000219-010|000219-011|000221-001|000257-001|000283-001|000284-001|000297-001;18;;
c9eb58282d7f;Najran;LOCATION;;000004-003|000010-013|000338-001|000357-013|000357-015|000357-017;6;;
5fe91c810e55;Nil;LOCATION;;000080-005|000080-006;2;;
8b4bb7941d5a;Palestina;LOCATION;;000002-004|000002-005|000002-008|000010-012|000017-002|000357-003|000360-001;7;;
4a59c0abf585;Persia;LOCATION;;000004-003|000004-004|000005-001|000245-002|000249-001|000249-002|000355-002;7;;
97209ed80cb8;Qada;LOCATION;;000307-001;1;;
ef682b9acbd6;Qudaid;LOCATION;;000010-001|000096-002;2;;
7e2cfbda530c;Shafa;LOCATION;;000007-002|000044-001|000049-002|000050-002|000056-001|000057-006|000285-003|000285-006|000307-001|000308-001|000317-001|000318-001|000359-003;13;;
adc10b0fd910;Sidratul Muntaha;LOCATION;;000080-003|000080-005;2;;
84ecef982620;Somalia;LOCATION;;000041-001;1;;
a84689e4a3a4;Sudan;LOCATION;;000041-001;1;;
28f06aad5fcb;Suez;LOCATION;;000009-002;1;;
3a50ca3b3122;Syam;LOCATION;;000001-001|000002-001|000002-002|000002-003|000002-009|000005-001|000005-002|000006-001|000007-001|000007-004|000009-001|000009-002|000010-001|000010-014|000014-001|000017-001|000017-002|000017-011|000018-001|000024-001|000024-002|000027-001|000028-001|000055-001|000055-002|000071-003|000090-001|000096-010|000113-001|000114-002|000114-005|000114-010|000115-001|000147-001|000152-002|000157-001|000157-002|000214-006|000217-001|000217-002|000222-001|000243-003|000248-003|000250-001|000250-002|000262-001|000286-001|000287-001|000289-002|000294-002|000296-001|000339-004|000339-005|000343-001|000346-001|000346-002|000348-002|000355-002|000357-002|000357-006;60;;
3dbe05a852bc;Tabuk;LOCATION;;000347-001|000347-002|000347-003|000348-001|000348-003|000349-001|000349-002|000352-001|000353-001|000357-007;10;;
2f5e88b5e4e9;Tanah;LOCATION;;000009-002;1;;
39ecda014b6b;Tha If;LOCATION;;000333-001;1;;
3b5b1d2e0098;Tha'if;LOCATION;Thaif | Tha'If;000002-012|000010-001|000067-001|000075-001|000075-002|000075-008|000075-011|000090-001|000114-006|000330-001|000332-001|000332-002|000357-010;13;;
37df454de2e0;Tihamah;LOCATION;;000002-003|000002-012|000010-002|000158-002|000218-002|000333-002;6;;
9c81dad767c5;Timur Tengah;LOCATION;;000001-002;1;;
9dc590308045;Uhud;LOCATION;Jabal Uhud;000144-003|000163-001|000168-001|000177-001|000184-001|000185-002|000185-003|000200-001|000208-002|000210-001|000218-008|000218-014|000320-004|000349-001|000361-001|000375-001|000378-001;17;;
4b562369be3a;Wadi Nakhlah;LOCATION;;000010-001|000075-006;2;;
ac326dc522d3;Wadil Qura;LOCATION;;000280-002;1;;
32aa06008609;Yaman;LOCATION;;000002-001|000002-002|000002-004|000002-006|000002-009|000004-001|000004-002|000004-003|000004-004|000007-001|000007-002|000010-012|000010-013|000010-014|000014-001|000017-003|000017-006|000017-008|000017-009|000078-006|000078-009|000094-001|000096-002|000218-007|000249-002|000275-001|000284-008|000293-001|000314-001|000315-001|000316-002|000357-003|000357-011|000357-013|000357-018|000357-019|000357-021|000357-023|000359-001;39;;
e0180ee04b12;Yatsrib;LOCATION;Yastrib;000010-012|000010-013|000017-002|000020-001|000071-003|000078-001|000078-002|000078-003|000079-001|000079-002|000081-001|000082-001|000083-001|000083-007|000084-001|000088-003|000088-004|000088-005|000088-006|000090-002|000098-001|000103-004|000107-001|000109-002|000112-001|000114-001|000121-001|000129-001|000129-002|000218-019|000285-002;31;;
8c5641573698;Zamzam;LOCATION;;000002-005|000002-006|000002-008|000007-002|000017-005|000019-006|000078-004|000140-002|000140-003|000359-007;10;;
eb0110042e21;265;PERSON;;000360-002;1;;
418190adf7e6;A-Walid Bin Al-Walid;PERSON;;000089-005;1;;
ced619bf5209;Aban Bin Sa'Id;PERSON;;000283-001;1;;
8c35ada88eb2;Aban Bin Sa'Id Bin Al-Ash;PERSON;;000235-001|000235-002;2;;
d1dee580b684;Abbad bin Bisyr;PERSON;Abbad Bin Bisyr | Abbad Bin Bisri;000280-001|000284-004|000338-001|000226-002;4;;
a4c83fefe025;Abbas;PERSON;;000030-003|000305-001|000305-002;3;;
d5e4d743261f;Abbas Bin Abdul Muthalib;PERSON;;000359-004;1;;
bda3fe898ef1;Abd Amr Bin Shaifi;PERSON;;000172-001;1;;
a33b6a9556e9;Abd Bin Al-Julunda;PERSON;;000254-001|000254-006;2;;
7ddf5ab94a77;Abd Bin Humaid;PERSON;;000048-006;1;;
76758d15082a;Abd Bin Tsa'Labah;PERSON;;000284-007;1;;
c5fc55de09c4;Abd Bin Zum'Ah;PERSON;;000013-004;1;;
8ea55de5443c;Abdud-Dar Bin Qushay;PERSON;;000002-011;1;;
370a0f322c92;Abdul;PERSON;;000017-009;1;;
2002d26ba349;Abdul Ashal;PERSON;;000199-001;1;;
dc465be123c4;Abdul Malik Bin Marwan;PERSON;;000206-006;1;;
7f22e372f922;Abdul Muthalib;PERSON;;000237-003;1;;
0cbdfb695945;Abdul Muthathalib;PERSON;;000327-002;1;;
b2002153eec5;Abdul Muththalib;PERSON;;000017-001|000017-002|000017-003|000017-004|000017-005|000017-006|000017-009|000017-010|000017-011|000018-001|000019-001|000020-001|000021-001|000021-002|000043-002|000063-001|000065-001|000077-002;18;;
31d0963f13ee;Abdul Qasim;PERSON;;000268-001;1;;
e9735cb6877c;Abdul Uzza Bin Khathal;PERSON;;000314-001;1;;
8bfe277b5ed6;Abdullah;PERSON;;000049-002;1;;
1346f22706d5;Abdullah bin Abbas;PERSON;Ibnu Abbas | Ibnul Abbas;000002-007|000033-001|000040-001|000044-001|000048-005|000057-004|000057-010|000078-003|000080-005|000134-002|000138-001|000151-002|000169-003|000214-007|000247-004|000250-001|000250-002|000372-002|000387-006|000388-002;20;;
f53089f9a066;Abdullah Bin Abdul Muththalib;PERSON;;000016-001;1;;
9af33d831b19;Abdullah Bin Abdullah Bin Ubay;PERSON;;000226-004;1;;
108357e6d056;Abdullah Bin Abu Bakar;PERSON;;000095-002|000098-002;2;;
7acbb63074d4;Abdullah Bin Abu Rabi'Ah;PERSON;;000052-001|000158-001;2;;
57fcf94a6584;Abdullah Bin Abu Sarh;PERSON;;000314-001;1;;
d111021ccb91;Abdullah bin Abu Umayyah;PERSON;Abdullah Bin Abu Umayyah | Abdullah Bin Umayyah;000065-001|000302-001;2;;
61e7bc93ed84;Abdullah Bin Al-Harits;PERSON;;000019-001;1;;
421205c1aa3d;Abdullah Bin Al-Mughirah;PERSON;;000114-007;1;;
e78a619c5b6e;Abdullah Bin Amr Bin Haram;PERSON;;000084-001|000084-002|000088-001|000200-001;4;;
7d4c0d05dea6;Abdullah Bin Amru Bin Al-Ash;PERSON;;000055-003;1;;
481ff06b61cf;Abdullah Bin Atik;PERSON;;000220-001|000220-002|000220-004;3;;
52db54c75f84;Abdullah Bin Az-Zubair;PERSON;;000097-001|000181-002;2;;
40ae65f9e681;Abdullah Bin Bisri;PERSON;;000387-004;1;;
be263dffced0;Abdullah Bin Haram;PERSON;;000167-002;1;;
19fad8e94d10;Abdullah Bin Hudzafah;PERSON;;000249-001;1;;
e98fad6d793a;Abdullah Bin Jabir;PERSON;;000192-002;1;;
d576d119787e;Abdullah bin Jahsy;PERSON;Abdullah Bin Jahsy | Abdullah Bin Jahsi;000114-006|000114-009|000114-010|000114-013|000178-001|000200-002|000379-001;7;;
89ddc55914bc;Abdullah Bin Jubair;PERSON;;000182-001|000182-002|000183-001;3;;
e39e91a7e8d6;Abdullah Bin Jubair Bin An-Nu'Man;PERSON;;000169-001;1;;
c248e492b334;Abdullah bin Jud'an;PERSON;Abdullah Bin Jud'An | Abdullah Bin Jad'An;000026-001|000056-001;2;;
5e9b1b0adfea;Abdullah Bin Ka'B;PERSON;;000142-002;1;;
d49bf7ba87ce;Abdullah bin Mas'ud;PERSON;Abdullah Bin Mas'Ud | Ibnu Mas'Ud;000039-002|000049-006|000057-011|000108-004|000137-004|000137-005|000057-001|000080-005|000200-002|000357-018;10;;
fd25e7556fdb;Abdullah Bin Mas-Ud;PERSON;;000049-005;1;;
b0a66cfe0eec;Abdullah Bin Muhammad Bin Abdul Wahhab;PERSON;;000032-002;1;;
247dd8c1163a;Abdullah Bin Qami;PERSON;;000187-001;1;;
1e60e757e049;Abdullah Bin Qami'Ah;PERSON;;000187-001|000187-002;2;;
f003909dbd3f;Abdullah Bin Rabi;PERSON;;000171-001;1;;
a106c893b36d;Abdullah Bin Rabi'Ah;PERSON;;000052-005;1;;
740fcb66af17;Abdullah bin Rawahah;PERSON;Ibnu Rawahah | Abdullah Bin Rawahah;000131-001|000141-001|000216-001|000218-017|000274-001|000284-007|000284-008|000285-003|000288-001|000289-001|000290-001|000292-002|000292-003|000218-004|000293-001;15;;
d4a674bc7827;Abdullah Bin Rawahah Bin Tsa'Labah;PERSON;;000088-001;1;;
218fa9f44448;Abdullah Bin Salam;PERSON;;000103-005|000103-006|000103-007|000108-001;4;;
eca4ec89dbc2;Abdullah Bin Sarh;PERSON;;000314-001;1;;
d0cc2e212752;Abdullah Bin Syihab;PERSON;;000187-001|000189-001;2;;
db8de7b188f0;Abdullah bin Ubay bin Salul;PERSON;Abdullah Bin Ubay | Abdullah Bin Ubay Bin Salul | Abdullan Bin Ubay Bin Salul;000088-004|000102-001|000110-001|000110-002|000143-001|000143-002|000146-001|000152-001|000164-001|000164-002|000167-001|000168-001|000185-002|000185-003|000206-001|000214-004|000225-001|000225-003|000225-004|000226-001|000226-002|000226-003|000226-004|000226-006|000226-007|000226-010|000261-001|000350-002|000214-003|000224-004|000353-001;31;;
7eb6aede81f9;Abdullah bin Umar;PERSON;Ibnu Umar | Abdullah Bin Umar;000057-001|000292-002|000320-003|000347-002|000359-007|000057-009;6;;
104137742638;Abdullah Bin Umar Bin Al-Khaththab;PERSON;;000166-001;1;;
1fd4683ed9a8;Abdullah Bin Unais;PERSON;;000211-001|000220-004;2;;
6a9f266c596f;Abdullah bin Uraiqith;PERSON;Abdullah Bin Uraiqith | Abullah Bin Uraiqith;000096-001|000096-002;2;;
f562b39d4550;Abdullah Bin Zaid Bin Abdi;PERSON;;000105-002;1;;
9852ffd54015;Abdurrahman;PERSON;;000138-003;1;;
c4df000e327d;Abdurrahman Bin Abu Bakar;PERSON;;000369-001;1;;
bae84af22786;Abdurrahman Bin Auf;PERSON;;000039-002|000106-002|000137-001|000138-003|000138-005|000190-002|000200-003|000227-001|000320-003|000320-004|000346-002;11;;
b68e98f531cf;Abdurrahman Bin Az-Zabir;PERSON;;000219-010;1;;
4181bc713705;Abdurrahman Bin Ka'B;PERSON;;000110-001|000110-002;2;;
9d72502224bb;Abdurrahman Bin Zum'Ah;PERSON;;000013-004;1;;
af398eb3218f;Abil;PERSON;;000273-001;1;;
01b8929ca6e9;Abrahah;PERSON;;000004-003|000010-014|000017-006|000017-007|000017-008|000320-004;6;;
ad51e9b4dac3;Abu;PERSON;;000096-010;1;;
fc5d046bf72f;Abu 2;PERSON;;000196-001;1;;
6c03da1e5ad7;Abu Abbas Bin Jabr;PERSON;;000155-003;1;;
bceb345d7a74;Abu Al-Qasim;PERSON;;000055-004;1;;
cf32940399cc;Abu Amir;PERSON;Abu Amr;000057-009|000172-001|000172-002|000180-001|000189-001|000330-001;6;;
f4aeced03966;Abu Ammarah;PERSON;;000056-002;1;;
638c1209b052;Abu Aun;PERSON;;000151-003;1;;
a3139ce5e60d;Abu Awanah;PERSON;;000284-003|000284-004;2;;
90784b994821;Abu Ayyub;PERSON;;000098-002|000104-001|000105-002;3;;
958710092320;Abu Aziz;PERSON;;000138-006|000138-007;2;;
d8de58f58c33;Abu Aziz Bin Umair;PERSON;;000138-006;1;;
99df36b5ff0d;Abu Azzah;PERSON;;000144-003|000158-002|000158-003|000206-005;4;;
e075cdf01d30;Abu Bakar;PERSON;Abu Bakar Ash-Shiddiq | Abu Bakkar;000025-001|000039-001|000039-002|000049-003|000049-004|000049-011|000049-013|000055-004|000055-005|000067-001|000071-004|000071-005|000071-006|000079-001|000080-008|000089-005|000089-006|000090-004|000091-001|000093-001|000094-001|000095-001|000095-002|000095-003|000095-004|000096-001|000096-002|000096-003|000096-004|000096-005|000096-006|000096-007|000096-010|000097-002|000097-003|000098-002|000098-003|000124-001|000125-001|000130-002|000132-001|000133-001|000138-005|000142-002|000144-001|000178-001|000185-004|000187-005|000187-006|000188-001|000188-002|000198-001|000214-002|000224-003|000227-002|000229-001|000233-002|000237-003|000242-002|000296-002|000300-002|000300-004|000301-001|000346-002|000346-003|000354-001|000357-009|000357-018|000357-019|000364-003|000365-002|000366-001|000368-001|000372-001|000372-002|000373-001|000373-002|000385-002|000385-008|000387-005;80;;
2133c5ea87ea;Abu Bakar Ash-;PERSON;;000049-003;1;;
b6288d41a363;Abu Bakar Ash-Shidddiq;PERSON;;000188-001;1;;
31af551d299e;Abu Bakarlah;PERSON;;000144-003;1;;
f77be5b3646c;Abu Bakrah;PERSON;;000332-002|000332-003|000359-008;3;;
ba5a08e6e688;Abu Bara';PERSON;Abu Bara;000213-001|000213-002;2;;
67def20b59cc;Abu Bashir;PERSON;;000223-003|000243-001|000243-002|000243-003;4;;
55dc6a68bd7b;Abu Bisyr;PERSON;;000284-004;1;;
11fa9806ef53;Abu Buraidah;PERSON;;000096-010;1;;
4c65a8ca79a6;Abu Burdah;PERSON;;000166-001;1;;
226448ffaa96;Abu Burqan;PERSON;;000335-001;1;;
4c07142efeae;Abu Dawud;PERSON;;000013-001|000013-003|000013-004|000105-002|000108-002|000108-003|000132-001|000134-003|000151-002|000157-001|000187-005|000359-009;12;;
46092ecdd936;Abu Dujanah;PERSON;;000170-001|000176-001|000176-002|000176-003|000188-002|000190-001|000190-002|000192-002|000203-001|000214-007|000269-001;11;;
99d53598111d;Abu Dzar Al-Ghifari;PERSON;Abu Dzar | Abu Dzarr;000078-003|000078-005|000224-002|000284-002;4;;
f326c5ec728c;Abu Dzu'Aib;PERSON;;000019-004;1;;
c969eb504f62;Abu Dzu-;PERSON;;000019-005;1;;
9eaf81a95cd0;Abu Fadhl;PERSON;;000304-001|000305-002;2;;
21bd9ae4f57e;Abu Fakihah;PERSON;;000049-012;1;;
758a45af19b5;Abu Ghibsyan;PERSON;;000007-005;1;;
729ba2957071;Abu Hadrad;PERSON;;000284-009|000325-001;2;;
df47ba94513b;Abu Hafsh;PERSON;;000138-002;1;;
2408de99479a;Abu Hakimah;PERSON;;000140-004;1;;
fb21274d35c6;Abu Hanzhalah;PERSON;;000304-001;1;;
2c412d3e965e;Abu Haritsah Bin Alqamah;PERSON;;000357-013|000357-014;2;;
41953ad1e0ca;Abu Hudzaifah;PERSON;;000138-001|000138-002|000138-007;3;;
f5ff0b44eea1;Abu Hudzaifah Bin Utbah;PERSON;;000138-001;1;;
3b431a58f984;Abu Hurairah;PERSON;Abu Hurairal;000044-002|000049-009|000066-001|000106-003|000199-002|000215-002|000260-001|000284-001|000387-005;9;;
a51011a71f57;Abu Ishaq;PERSON;;000267-001;1;;
0477123a8ac8;Abu Jabir;PERSON;;000084-002;1;;
2991fb8f61d3;Abu Jahal;PERSON;Abu Jahl | Abu Jahal Bin Hisyam;000049-005|000049-006|000049-007|000049-008|000049-009|000049-010|000049-011|000055-002|000055-003|000056-001|000056-002|000057-007|000057-008|000059-001|000062-001|000063-003|000063-004|000064-004|000064-005|000065-001|000071-001|000071-002|000071-003|000075-010|000089-004|000089-005|000092-001|000095-003|000111-001|000122-001|000129-002|000129-003|000129-004|000130-002|000137-001|000137-002|000137-003|000137-004|000137-005|000239-001|000385-003|000388-004|000057-001|000064-002|000090-002|000090-005|000114-002|000119-001|000126-002;49;;
68d623d46596;Abu Jandal;PERSON;;000238-001|000238-002|000243-002|000243-003;4;;
990b69704653;Abu Jandal Bin Suhail;PERSON;;000238-001;1;;
6fc4128c9c8d;Abu Juhaifah;PERSON;;000387-004|000387-006|000387-007;3;;
96ee212daf99;Abu Kabir;PERSON;;000387-005;1;;
78834050acf6;Abu Kabsyah;PERSON;;000019-001;1;;
758e4bd96557;Abu Kemudian;PERSON;;000364-003;1;;
7de32dc36e88;Abu Khaitsamah;PERSON;;000168-001;1;;
912778a44ccf;Abu Lahab;PERSON;Abu Lahb;000017-009|000018-002|000043-001|000043-002|000044-001|000044-002|000047-004|000048-001|000048-002|000049-001|000049-002|000049-003|000049-004|000059-002|000061-001|000092-001|000119-001|000140-001|000140-002|000140-003;20;;
faa00213c951;Abu Lubabah;PERSON;;000116-001|000219-003|000219-004|000219-012|000219-013;5;;
91f7189e38ec;Abu Lubabah Bin Abdul;PERSON;;000153-002;1;;
892bb2091f4f;Abu Lubabah Bin Abdul Mudzir;PERSON;;000116-001;1;;
0618c2687eea;Abu Lubabah Bin Abdul Mundzir;PERSON;;000152-001;1;;
b47a8e1b8051;Abu Ma'Bad;PERSON;;000096-008|000096-009;2;;
04667e47900a;Abu Ma'Syar;PERSON;;000314-002;1;;
d7a2b7c430b8;Abu Muhammad Bin Hazm;PERSON;;000224-002;1;;
975a8a0d39d8;Abu Musa;PERSON;;000215-002|000275-001|000284-001|000284-002;4;;
58fc2a9c3c4c;Abu Na;PERSON;;000155-005;1;;
68f347e1aa87;Abu Na'Ilah;PERSON;;000155-003|000155-004|000155-005|000155-006|000155-007;5;;
6b4f71c02a13;Abu Qahafah;PERSON;;000300-004;1;;
ea53c5471e2c;Abu Qatadah;PERSON;;000032-004|000255-003|000255-004|000297-001;4;;
2ed1b0fc7d3e;Abu Qatadah Bin Rab'I;PERSON;;000301-001;1;;
6b43eb9f01e9;Abu Qubais;PERSON;;000026-002|000075-005;2;;
c514d5bf7609;Abu Raf;PERSON;;000220-001;1;;
67db8514de7d;Abu Raff;PERSON;;000220-002;1;;
35f0701a2041;Abu Rafi';PERSON;Abu Rafi;000140-001|000140-003|000220-001|000220-002|000220-003|000220-004|000285-004|000285-005;8;;
a8cf1970f6dc;Abu Rasulullah;PERSON;;000075-010;1;;
828afbeb8491;Abu Ruhm;PERSON;;000302-001;1;;
c5342ea32f60;Abu Sa;PERSON;;000017-004|000065-002|000175-001;3;;
c13ab0435b25;Abu Sa'D;PERSON;;000017-004|000175-001;2;;
9cef75a07eef;Abu Sa'D Bin Abu Thalhah;PERSON;;000175-001;1;;
bae9dd7fb1b9;Abu Sa'D Bin Adi;PERSON;;000017-004;1;;
16f41663b14e;Abu Sa'D Bin Wahb;PERSON;;000214-006;1;;
0c32c307d618;Abu Sa'id;PERSON;Abu Said | Abu Sa'Id | Abu Sa'Ida;000166-001|000188-002|000190-003|000388-003|000334-001|000364-003;6;;
abfde2018345;Abu Salamah bin Abdul Asad;PERSON;Abu Salamah | Abu Salamah Bin Abdul Asad;000089-001|000089-002|000114-005|000210-001|000380-001|000018-002|000039-002;7;;
1467f4d9b8f5;Abu Shafwan;PERSON;;000111-001|000158-002;2;;
be11588af0d5;Abu Shaifi;PERSON;;000017-002;1;;
308aa329f609;Abu Sinan;PERSON;;000236-001;1;;
08a19d97c1d4;Abu Sinan Bin Minshan;PERSON;;000219-012;1;;
e04944983d17;Abu Sofy;PERSON;;000153-001;1;;
6e559c6fda0c;Abu Sufyan bin Al-Harits bin Abdul Muththalib;PERSON;Abu Sufyan Bin Al-Harits | Abu Sufyan Bin Al-Harits Bin Abdul Muththalib;000302-001|000327-002|000019-001|000140-002;4;;
39ac13982da7;Abu Sufyan bin Harb;PERSON;Abu Sofyan | Abu Sufy | Abu Sufyan | Abu Sufyan Bin Harb;000049-003|000071-001|000071-003|000114-002|000115-001|000118-001|000120-001|000121-001|000123-001|000126-001|000140-002|000144-004|000153-001|000153-002|000155-002|000158-001|000158-003|000163-001|000171-001|000171-002|000172-001|000173-001|000179-001|000185-002|000194-001|000198-001|000198-002|000206-002|000206-003|000206-004|000206-005|000206-008|000212-003|000215-002|000216-001|000218-002|000227-003|000227-004|000250-002|000250-003|000250-004|000250-006|000300-001|000300-002|000300-003|000300-004|000301-001|000302-001|000302-002|000303-001|000304-001|000304-002|000304-003|000304-004|000305-001|000305-002|000306-001|000312-001|000314-003|000318-001|000318-002|000333-001|000385-003|000388-005|000064-002|000090-002|000090-003|000159-001|000250-001|000327-001;70;;
b34b62ffcb1e;Abu Syah;PERSON;;000316-002;1;;
20144f57c011;Abu Syaibah;PERSON;;000175-001;1;;
1f3c0231b688;Abu Talhah;PERSON;;000190-001;1;;
77bc35a8709b;Abu Thalhah;PERSON;;000139-001|000188-002|000190-001|000192-002|000218-005|000255-001|000373-001|000373-002|000388-003;9;;
4101c44cc0da;Abu Thalib;PERSON;;000017-009|000017-010|000021-002|000022-001|000023-001|000024-001|000024-002|000025-001|000040-001|000043-002|000044-001|000046-001|000049-001|000049-002|000049-009|000052-007|000053-001|000053-002|000054-001|000055-001|000059-001|000061-001|000062-001|000062-002|000063-001|000063-003|000063-004|000064-001|000064-002|000064-003|000064-004|000064-005|000065-001|000065-002|000066-001|000067-001|000067-002|000074-005;38;;
faa23b092236;Abu Thufail;PERSON;;000387-002|000387-003;2;;
64dae68503eb;Abu Ubaidah bin Al-Jarrah;PERSON;Abu Ubaidah | Abu Ubaidah Bin Al-Jarrah;000039-002|000188-001|000188-002|000223-001|000223-004|000223-005|000296-002|000307-001|000385-002;9;;
b5615e0c6cae;Abu Umamah;PERSON;;000083-004|000087-001;2;;
2d07ca6e4d49;Abu Umar;PERSON;;000185-002;1;;
3d5003de7db3;Abu Umayyah Bin Al-Mughirah;PERSON;;000029-002;1;;
9a4ee219a3bb;Abu Usaid;PERSON;;000319-001;1;;
8d29118bac43;Abu Utsman;PERSON;;000187-001;1;;
5a9ab987199c;Abu Yasir;PERSON;;000103-004|000103-005;2;;
03fd42781e00;Abu Yasir Bin Akhthab;PERSON;;000103-005;1;;
8262de5addc1;Abu Zaid;PERSON;;000175-002;1;;
7a2c2f778b3b;Abu-Abu;PERSON;;000177-001;1;;
a13333d0e784;Abul Ash;PERSON;;000098-002|000144-003|000223-002|000223-003|000224-001|000224-002;6;;
4d272c7fda43;Abul Ash Bin Ar-Rabi;PERSON;;000375-001;1;;
f16008357638;Abul Aswad;PERSON;;000090-003|000193-002;2;;
6a81d0ddb0a5;Abul Auja;PERSON;;000285-005;1;;
6b7259926060;Abul Bakhtari bin Hisyam;PERSON;Abul Bakhtari | Abul Bakhtari Bin Hisyam;000062-001|000063-002|000063-003|000090-004|000090-005|000138-002|000138-003|000090-003|000126-002|000138-001;10;;
358003ae338c;Abul Haisar;PERSON;;000078-002;1;;
9777f2027cc0;Abul Haitsam;PERSON;;000088-001;1;;
87d01c13217a;Abul Haitsam bin At-Taihan;PERSON;Abul Haritsam Bin At-Taihan | Abul Haitsam Bin At-Taihan;000081-001|000086-002;2;;
26974978659a;Abul Hakam;PERSON;;000049-009|000055-002|000055-003|000090-005|000129-003|000137-003;6;;
87a5442975ea;Abul Hakam Bin Hisyam;PERSON;;000140-001;1;;
170eb3556adc;Abul Huqaiq;PERSON;;000271-001|000273-002;2;;
df2863d58fb5;Abul Qasim;PERSON;Abu Qasim;000028-002|000032-008|000214-002;3;;
a75acaf6125f;Abul Walid;PERSON;;000058-001|000058-002|000058-003|000058-004|000129-002;5;;
93d13da3f541;Adam;PERSON;;000010-011|000016-001|000080-002|000247-003|000310-002|000357-014|000358-004;7;;
9f1866a82227;Adh-Dhahak Bin Sufyan;PERSON;;000338-001|000339-002|000339-003;3;;
5f10b7ca6493;Adi Bin Abu Az-Za'Ba;PERSON;;000117-001;1;;
4826732eacd1;Adi Bin An-Najjar;PERSON;;000017-001;1;;
c19886ab075d;Adi Bin Hamra;PERSON;;000049-004;1;;
724caa8d432f;Adi Bin Hatim;PERSON;;000338-001|000339-004|000339-005|000339-006;4;;
10ea9306b2d5;Adi Bin Ka'Ab;PERSON;;000304-003;1;;
b58e5254d6ff;Ah Bin Al-Harits;PERSON;;000359-004;1;;
5f92cabccfe8;Ahmad;PERSON;;000048-001|000048-002;2;;
5ddbcc5170d7;Ailan Bin Mudhar;PERSON;;000002-010;1;;
18940d6849a7;Aisyah;PERSON;;000013-001|000032-003|000075-005|000079-003|000080-005|000089-006|000090-004|000091-001|000095-002|000098-002|000098-003|000112-001|000112-002|000185-001|000187-005|000188-001|000224-002|000226-004|000226-005|000226-006|000226-007|000226-008|000226-009|000274-002|000301-001|000359-002|000363-001|000365-002|000367-001|000368-001|000368-002|000369-001|000369-002|000372-001|000373-002|000377-001|000385-002|000385-005|000385-009|000385-010|000387-005|000388-001|000388-005|000388-006;44;;
193302fa726d;Aisyah Binti Abu Bakar;PERSON;;000196-002;1;;
9d003188cb85;Al;PERSON;;000138-002;1;;
be7c67816ba1;Al-A'La Bin Al-Hadhrami;PERSON;;000338-001;1;;
b249525e8ac8;Al-Abbas bin Abdul Muththalib;PERSON;Al-Abbas | Al-Abbas Bin Abdul Muththalib | Al-Abbas Bin Abdul Muthalib;000017-009|000078-005|000078-006|000134-003|000138-001|000140-001|000285-004|000304-001|000304-004|000305-001|000305-002|000306-001|000311-001|000316-001|000327-002|000328-001|000346-003|000373-001|000002-011|000065-002|000084-002|000085-001|000161-001|000302-001;24;;
f46f05f16dd9;Al-Abbas Bin Abdul Selain;PERSON;;000007-009;1;;
a84ce5fccce5;Al-Abbas Bin Al-Muththalib;PERSON;;000138-001;1;;
aab532f71a2c;Al-Abbas Bin Mirdas;PERSON;;000335-002;1;;
5cb7fe37ccbf;Al-Abbas Bin Ubadah Bin Nadhlah;PERSON;;000081-001|000088-003;2;;
1e8b15487cfa;Al-Akhnas Bin Syariq;PERSON;;000049-007|000071-001|000075-009|000122-001;4;;
1ef14400cd7a;Al-Ala' Bin Hadhrami;PERSON;;000251-001;1;;
67d4c07fb81c;Al-Aqra' bin Habis;PERSON;Al-Aqra' Bin Habis | Al-Aqra' Bin Habislah;000335-001|000335-002|000339-002|000339-003;4;;
94002541a720;Al-Arbadh Bin Sariyah;PERSON;;000018-001;1;;
ffe84c37e200;Al-Arqam Bin Abil-Alqam;PERSON;;000050-002;1;;
e5758b07541e;Al-Arqam Bin Abil-Arqam;PERSON;;000039-002;1;;
346f21fa02c4;Al-Ash Bin Hisyam Bin Al-Mughirah;PERSON;;000138-005;1;;
48ec3c2a9d8a;Al-Ash Bin Wa;PERSON;;000026-002;1;;
78b4bbcb594f;Al-Ash Bin Wa'Il;PERSON;;000026-001|000048-006|000057-009;3;;
24e8dc1beb23;Al-Ashy Bin Hasyim;PERSON;;000057-008;1;;
fbc86a824178;Al-Aswad Bin Abdul Asad;PERSON;;000131-001;1;;
58ec887af912;Al-Aswad Bin Abdul Muththalib;PERSON;;000157-002;1;;
a1633760ba4e;Al-Aswad Bin Al-Muththalib;PERSON;;000074-006|000140-004;2;;
4707f98ddb07;Al-Aswad Bin Al-Muththalib Bin Asad Bin Abdul Uzza;PERSON;;000048-006;1;;
cff0b0a5b72f;Al-Bahrain Bin Abu Thalib;PERSON;;000338-001;1;;
b43f4f3279e8;Al-Baihaqi;PERSON;;000018-001|000032-004|000247-001|000247-003|000247-004;5;;
18af2887c0fd;Al-Barra' Bin Azib;PERSON;;000040-001|000166-001|000181-002|000218-004;4;;
d662bc1ea7d1;Al-Barra' Bin Ma'Rur;PERSON;;000086-001|000088-001;2;;
45f469213a51;Al-Barra' Bin Ma'Rur Bin Shahr;PERSON;;000088-001;1;;
0c04dbf1f0e9;Al-Fadhl Bin Abbas;PERSON;;000359-006|000363-001;2;;
935a09c16bf3;Al-Haisuman Bin Abdullah;PERSON;;000140-001;1;;
eab92b8d573d;Al-Hakam Bin Abul Ash;PERSON;;000049-005|000092-001;2;;
a3d8c850fd44;Al-Hakam Bin Abul Ash Bin Umayyah;PERSON;;000049-004;1;;
bff471b1e81c;Al-Hakam Bin Kaisan;PERSON;;000114-007;1;;
2f8eb3485568;Al-Harits Bin Abdi;PERSON;;000357-011;1;;
6e4bdb781b87;Al-Harits Bin Abdul Uzza;PERSON;;000019-001;1;;
00b8b9cba679;Al-Harits Bin Abu Dhirar;PERSON;;000224-001|000224-002|000224-003;3;;
883890ca80ec;Al-Harits Bin Abu Syamr;PERSON;;000253-001;1;;
a403c8413886;Al-Harits Bin Al-Dhirar;PERSON;;000224-001;1;;
cc2ee470cc27;Al-Harits Bin Al-Harits Bin Kaladah;PERSON;;000333-001|000333-002;2;;
154eb74ec5c3;Al-Harits Bin Al-Khazraj;PERSON;;000328-001;1;;
ce34c4719341;Al-Harits bin Amir;PERSON;Al-Harits Bin Amir | Al-Harits Bin Amr;000090-002|000126-002|000005-003;3;;
8c64b0505174;Al-Harits Bin Amr Bin Hijr;PERSON;;000005-003;1;;
d7636956fa3c;Al-Harits Bin Ash-Shimmah;PERSON;;000192-002|000193-001;2;;
5e5b19711137;Al-Harits Bin Ath-Thulatil;PERSON;;000314-002;1;;
734d16fe957d;Al-Harits Bin Auf;PERSON;;000218-002|000218-020;2;;
af8d9e6b740d;Al-Harits Bin Aus;PERSON;;000155-003|000155-007;2;;
3a4c8b378cee;Al-Harits Bin Fihr;PERSON;;000039-002;1;;
ac9153bdbc2f;Al-Harits Bin Harb Bin Umayyah;PERSON;;000088-005;1;;
fd689a591352;Al-Harits Bin Hisyam;PERSON;;000135-001|000312-001;2;;
5e8fbeb82009;Al-Harits Bin Ka'B;PERSON;;000077-001|000357-021;2;;
cf555c050335;Al-Harits Bin Nufail;PERSON;;000314-002;1;;
03fc04298c75;Al-Harits Bin Nufail Bin Wahb;PERSON;;000314-001;1;;
5cfe5292e60d;Al-Harits bin Umair;PERSON;Al-Harits Bin Umair | Al-Haritsah Bin Umair;000287-001|000341-001|000288-001;3;;
4afcc6f1d9e2;Al-Harits Bin Usamah;PERSON;;000040-001;1;;
b7739745cd53;Al-Hubab Bin Al-Mundzir;PERSON;;000127-001|000165-001|000264-001|000280-001;4;;
bfb66e11283e;Al-Hulais Bin Alqamah;PERSON;;000233-001;1;;
e7866f20b2d4;Al-Jarud Bin Al-Ala;PERSON;;000357-001;1;;
981e310bd116;Al-Julas Bin Thalhah Bin Abu Thalhah;PERSON;;000175-002;1;;
d9c181a2e322;Al-Khadhri;PERSON;;000002-005|000006-001|000010-008|000018-002|000019-002|000026-002|000032-002|000032-003|000250-001;9;;
ed10841a0b35;Al-Miqdad Bin Al-Aswad;PERSON;;000116-001|000169-002|000255-003;3;;
2c0647871994;Al-Miqdad Bin Amr;PERSON;;000114-002|000114-003|000116-001|000124-001|000255-004;5;;
14db02296370;Al-Mughirah Bin Syu'Bah;PERSON;;000233-002|000357-010;2;;
b6615ded7f59;Al-Muhajir Bin Abu Umayyah;PERSON;;000338-001;1;;
b44056b68807;Al-Mundzir Bin Amr;PERSON;;000169-002|000213-001;2;;
a6e6a33614fd;Al-Mundzir Bin Amr Bin Khunais;PERSON;;000088-001;1;;
7b462d117d49;Al-Mundzir Bin Ma;PERSON;;000005-002;1;;
f2f59618a5bf;Al-Mundzir Bin Ma'Us;PERSON;;000005-003;1;;
1f6a5392699b;Al-Mundzir Bin Sawa;PERSON;;000251-001;1;;
d138461334f0;Al-Mundzir Bin Uqbah Bin Amir;PERSON;;000213-003;1;;
3c64f3a3f593;Al-Muth'im bin Adi;PERSON;Al-Muth'Im Bin Adi | Muth'Im Bin Adi;000063-001|000063-002|000063-003|000075-009|000088-005|000075-010;6;;
9c732284f762;Al-Muththalib;PERSON;;000059-001|000059-002;2;;
1efeab9e18f8;Al-Muththalib Bin Abdi;PERSON;;000017-002|000043-001|000063-002;3;;
4541a045dfc3;Al-Muththalib Bin Abu Wada'Ah;PERSON;;000155-001;1;;
234e3b608429;Al-Muththalib Bin Hanthab;PERSON;;000144-003;1;;
c61c42b42605;Al-Muththalib Bin Hasyim Bin Abdi;PERSON;;000007-009;1;;
a778ebf5e167;Al-Qurthubi;PERSON;;000080-001;1;;
6650303cd92b;Al-Umair Bin Al-Hammam;PERSON;;000134-001;1;;
649e945dcc8f;Al-Walid Bin Al-Mughirah;PERSON;;000029-001|000047-001|000057-007;3;;
ec9d2ca95088;Al-Walid Bin Al-Mughirah Bin Khalaf;PERSON;;000048-006;1;;
f53d2a5544bf;Al-Walid Bin Utbah;PERSON;;000049-006|000131-001;2;;
3a80423e5336;Al-Yaman;PERSON;;000185-001;1;;
29b33264ed47;Ali bin Abu Thalib;PERSON;Ali | Ali Bin Abu Thalib | Ali Bin Abi Thalib;000039-001|000040-001|000078-004|000079-001|000089-005|000093-002|000095-003|000131-002|000132-001|000189-001|000198-003|000206-005|000207-001|000207-002|000214-002|000218-010|000218-011|000219-005|000226-007|000227-001|000237-002|000237-003|000247-002|000248-001|000250-001|000265-001|000266-002|000285-004|000300-003|000300-004|000301-002|000301-003|000302-001|000313-001|000350-001|000354-001|000357-012|000357-014|000359-007|000372-002|000373-001|000375-001|000388-002|000388-003|000388-004|000093-001|000097-003|000114-005|000116-001|000126-001|000142-002|000142-003|000144-001|000170-001|000175-001|000175-002|000178-001|000185-004|000188-002|000197-001|000198-002|000203-001|000216-001|000266-001|000280-002|000311-001|000314-002|000320-003|000339-003|000347-001|000357-015|000363-001|000385-002|000387-002|000387-003|000192-001|000214-005|000219-001;78;;
e7f66dee5982;Ali Bin Umayyah;PERSON;;000138-003;1;;
be6c622ece2c;Ali-Imran;PERSON;;000103-001|000187-003|000207-001|000207-002;4;;
ce806b2ed0a8;Alqamah Bin Mujazziz;PERSON;;000339-003;1;;
9ca81a8bf14e;Amar bin Al-Hadhrami;PERSON;Amr Bin Al-Hadhrami | Amar Bin Al-Hadhrami;000114-007|000129-002|000129-004;3;;
9937ef2c2aca;Aminah Binti Wahb Bin Abdi;PERSON;;000017-011;1;;
cc9dc7e0ce4a;Amir Bin Al-Adhbath;PERSON;;000301-002;1;;
4dee256c6e5a;Amir Bin Al-Akwa;PERSON;;000263-001;1;;
c750e318349f;Amir Bin Al-Hadhrami;PERSON;;000129-004;1;;
3ca75ca6a294;Amir Bin Al-Jarrah;PERSON;;000039-002;1;;
b4d4e859cfe1;Amir Bin Ath-;PERSON;;000213-001|000213-002;2;;
8484f062b79e;Amir Bin Ath-Thufail;PERSON;;000213-002|000213-003|000357-019;3;;
85010a5d7531;Amir Bin Fuhairah;PERSON;;000049-013|000095-002|000096-002|000096-006;4;;
80f5b789a513;Amir Bin Lu'Ay;PERSON;;000063-001;1;;
365433ea1932;Amir Bin Malik;PERSON;;000213-001;1;;
8d88fefd8fd7;Amir Bin Sha'Sha;PERSON;;000077-002;1;;
39b92c3fbc07;Amir Bin Sha'Sha'Ah;PERSON;;000077-001|000357-019;2;;
f4258b415f5b;Ammar Bin Yasir;PERSON;;000049-011|000206-006|000284-004;3;;
7d6e63524503;Ammarah Bin Al-Walid;PERSON;;000059-001;1;;
677fb1f79b2c;Ammarah Bin Al-Walid Bin Al-Mughirah;PERSON;;000054-001;1;;
07e79274d348;Amr Bin Abdi;PERSON;;000175-002|000218-009|000218-010;3;;
d2c6f27e9ec7;Amr Bin Abi Wudd;PERSON;;000218-010;1;;
106e7297de4c;Amr bin Al-Ash;PERSON;Amr Bin Al-Ash | Amru Bin Al-Ash;000052-001|000052-005|000052-006|000052-007|000244-001|000254-001|000296-001|000296-002|000320-001|000338-001;10;;
d37565e7a258;Amr Bin Al-Harits Bin Mudhadh;PERSON;;000007-002;1;;
9d94f5a0e367;Amr Bin Al-Jamuh;PERSON;;000200-001;1;;
50ab7cb22243;Amr Bin Auf;PERSON;;000081-001|000081-002|000097-002|000103-005;4;;
74bc70df4700;Amr Bin Hazm;PERSON;;000166-001;1;;
e2cd785cf167;Amr Bin Jahsy;PERSON;;000214-002;1;;
13f903827e58;Amr Bin Luhay;PERSON;;000010-001|000010-002|000010-006;3;;
7feffc2722c3;Amr Bin Makshsyi;PERSON;;000114-003;1;;
1eb5548c11d3;Amr Bin Mu'Adz;PERSON;;000202-002;1;;
0acf04b67066;Amr Bin Nufail;PERSON;;000041-001;1;;
f3e8f8fec35c;Amr bin Salim;PERSON;Amr Bin Salim | Amr Bin Salamah;000299-002|000299-003|000301-001|000356-001;4;;
5c028ec96ffa;Amr Bin Syu'Aib;PERSON;;000013-004;1;;
2387d7fbc0c7;Amr Bin Tsabit;PERSON;;000199-001;1;;
c3f9f917da2a;Amr Bin Umair;PERSON;;000075-001;1;;
79d8bc0c75e0;Amr Bin Umayyah;PERSON;;000212-003|000213-003|000214-001|000214-002|000227-003|000247-001|000247-004|000247-005|000383-001;9;;
ab20d228cb54;Amrah Binti Alqamah;PERSON;;000183-001;1;;
7059f9926408;Amru Bin Adi Bin Nashr;PERSON;;000005-002;1;;
58956c2df19b;An- Nu'Man Bin Qail;PERSON;;000357-011;1;;
694dfea82143;An-Nadhr;PERSON;;000048-004;1;;
6d495ac12836;An-Nadhr bin Al-Harits;PERSON;An-Nadhr Bin Al-Harits | An-Nadhar Bin Al-Harits;000090-002|000090-003|000126-002|000142-002|000171-001|000048-003|000092-001;7;;
ffc3b79b89f8;An-Nawawi;PERSON;;000010-010|000218-012|000218-013|000352-001;4;;
5a7445303074;An-Nu'Man Bin Al-Mundzir;PERSON;;000005-003;1;;
2a42e3e7a37b;An-Nu'Man Bin Basyir;PERSON;;000218-005|000218-006;2;;
c9b5be9ee872;Anas Bin Abu Martsad;PERSON;;000326-001;1;;
dde42cf3eb3f;Anas Bin An-;PERSON;;000178-001;1;;
6a9fd4d36e73;Anas Bin An-Nadhr;PERSON;;000185-002;1;;
ae32e88d0a1c;Anas Bin Malik;PERSON;;000057-004|000106-001|000186-001|000368-001|000387-002|000387-003;6;;
faa4260ffc83;Anas Bin Rafi;PERSON;;000078-002;1;;
912ea238904a;Anir Bin Qais;PERSON;;000357-021;1;;
dd5c6cc395c4;Anisa Binti Al-Harits;PERSON;;000019-001;1;;
cb70c1fef55a;Antarah Bin Syaddad;PERSON;;000015-002;1;;
3239294ded5d;Ar-Rubayyi Binti Mu'Awwidz;PERSON;;000387-004;1;;
9c25dc32b9ab;Arbad Bin Qais;PERSON;;000357-019;1;;
c103f2e6283a;As'Ad Abu Karib;PERSON;;000010-012|000010-013;2;;
408a83810455;As'ad bin Khuzaimah;PERSON;As'Ad Bin Khuzaimah | Asad Bin Khuzainah;000210-001|000253-001;2;;
8c787e4f677d;As'Ad Bin Zararah;PERSON;;000088-001;1;;
001dfc438cc5;As'ad bin Zurarah;PERSON;As'Ad Bin Zurarah | As'Ad;000079-001|000083-001|000083-004|000083-006|000087-001|000083-002|000209-001|000210-001;8;;
492852dff9af;As'Ad Bin Zurarah Bin Ads;PERSON;;000088-001;1;;
b8be43e6b376;As-;PERSON;;000376-001;1;;
57373ef57f44;As-Samau'Al Bin Adiya;PERSON;;000015-003;1;;
46d88a557a95;As-Samhudi;PERSON;;000010-012|000010-013;2;;
e5649ab612fc;Asad Bin Abdul Uzza;PERSON;;000026-001|000090-003;2;;
e104d84c9580;Asad Bin Abdul Uzza Bin Qushay;PERSON;;000002-011;1;;
a259142706f5;Asad Bin Khuzaimah;PERSON;;000002-010|000002-011|000381-001;3;;
96d7a622ee05;Asad Bin Rabi'Ah;PERSON;;000002-010;1;;
84bb2efa7726;Ash-Sha'B;PERSON;;000266-003|000267-001;2;;
8ac68a4dcd51;Ash-Sha'B Bin Muadz;PERSON;;000267-001;1;;
e7377f0b5c7f;Ash-Shab Bin Muadz;PERSON;;000265-001;1;;
b5d2f35143b8;Ashhamah Bin Al-Aijar;PERSON;;000247-001;1;;
75b40bf8adfb;Ashim Bin Adi;PERSON;;000346-003;1;;
b3c3ae152eba;Ashim Bin Tsabit;PERSON;;000142-002|000142-003|000206-006|000212-001;4;;
fb0b58ccfbe0;Ashim Bin Tsabit Bin Abu Al-Aqlah;PERSON;;000175-002;1;;
48a154242776;Asma Binti Amr;PERSON;;000084-002;1;;
d81b3857c571;Asma' Binti Abu Bakar;PERSON;;000095-003|000096-001|000096-009;3;;
7f4fac036071;Asy-Syaima' Binti Al-Harits;PERSON;;000331-001;1;;
f092a4497b2a;At-;PERSON;;000057-001;1;;
523b684458f2;Ath-Thabarani;PERSON;;000048-006|000057-001|000187-003|000301-001;4;;
ae86e7c81b51;Ath-Thabari;PERSON;;000017-003|000032-006|000032-007|000080-001|000247-001|000278-001;6;;
52c5e90d26f3;Ath-Thufail Bin Amr;PERSON;;000357-002;1;;
af54660840cc;Athiyyah;PERSON;;000219-009;1;;
479dec8044e8;Attab Bin Usaid;PERSON;;000312-001|000326-001|000336-001;3;;
befc8002745f;Auf Bin Al-Harits;PERSON;;000131-001|000134-001|000138-001;3;;
4c1db0c5e7be;Auf Bin Al-Harits Bin Rifa'Ah Bin Afra;PERSON;;000079-001;1;;
c27cdc135b78;Auf Bin Malik;PERSON;;000296-002;1;;
583aac5f76a9;Aus bin Khauli;PERSON;Aus Bin Khauli | Aus Bin Khaili;000285-001|000285-002|000373-001;3;;
6bdd2ee77e68;Az;PERSON;;000116-001;1;;
a074cc821206;Az-;PERSON;;000178-001;1;;
cd4e6ec5f680;Az-Zabir Bin Batha;PERSON;;000219-009;1;;
30b581e0f02b;Az-Zibriqan Bin Badr;PERSON;;000338-001|000339-002;2;;
5e20bb625545;Az-Zubair;PERSON;;000017-009|000096-010|000200-002|000206-006|000269-001|000280-002|000305-002;7;;
9ee8f5eac081;Az-Zubair Bin Abdul Muththalib;PERSON;;000026-002;1;;
5f6d917cb554;Az-Zubair bin Al-Awwam;PERSON;Az-Zubair Bin Al-Awwam | Zubair Bin Al-Awwam | Az-Zubair Bin Al-Awwan;000116-001|000126-001|000169-002|000170-001|000176-001|000176-002|000176-003|000219-005|000280-001|000307-001|000178-001|000039-002;12;;
1bafbd9645d9;Baghidh Bin Amir Bin Hayim;PERSON;;000061-001;1;;
4eea91554d2a;Baiharah Bin Firas;PERSON;;000077-002;1;;
560153129d9e;Bakar;PERSON;;000071-005;1;;
7cbff6a05698;Bakr;PERSON;;000306-002;1;;
5fcee44a047e;Bakr Bin Kilab;PERSON;;000221-001;1;;
24c6b41a4bcb;Bakr Bin Wa'Il;PERSON;;000002-012|000157-002;2;;
761e736e5e5c;Basbas Bin Amr;PERSON;;000117-001;1;;
acb095e13c48;Basyir Bin Sa'D;PERSON;;000284-007|000284-008|000285-005;3;;
85f9fa9a896b;Basyir Bin Sufyan;PERSON;;000338-001;1;;
22bb22134dea;Basyir Bin Suwaid;PERSON;;000284-006;1;;
c059b95032fe;Bilal bin Rabah;PERSON;Bilal;000025-001|000049-010|000049-011|000049-013|000098-002|000098-003|000138-004|000154-001|000282-001|000310-001|000312-001|000359-005|000359-006;13;;
137819a018ee;Bilal Bin Rabbah;PERSON;;000039-002;1;;
7569fac4f0d7;Bin Al-Anshari;PERSON;;000267-001;1;;
4c553b8b78b4;Bin Amr;PERSON;;000137-003|000144-004;2;;
1997e906162b;Bin Amru;PERSON;;000376-001;1;;
a9dd6dcdb5d1;Bin Bakr;PERSON;;000019-001;1;;
7d86ac791c0a;Bin Habbah;PERSON;;000166-001;1;;
2ae03683a85a;Bin Mu;PERSON;;000138-005;1;;
fc7070437a26;Bin Rufai;PERSON;;000330-001;1;;
25030847127b;Bin Samwal;PERSON;;000219-010;1;;
e978876fccaa;Bin Yassar;PERSON;;000236-002;1;;
bdd6886c7c7b;Binti Al-Harits;PERSON;;000219-007;1;;
0ea91c8bf615;Bisyr Bin Al-Barra' Bin Ma'Rur;PERSON;;000277-001;1;;
885cba5802ff;Budail Bin Warqa;PERSON;;000232-001|000299-002|000300-001;3;;
7817bec4728f;Budail Bin Zarqa;PERSON;;000304-001;1;;
85761d0516fa;Bujair Bin Zuhair;PERSON;;000357-004;1;;
6b3f009b598b;Bukhtanashar;PERSON;;000007-001|000010-012|000017-008;3;;
3f78acfe3556;Buraidah Bin Al-Hushaib;PERSON;;000224-001;1;;
d05cf9a8da4c;Dhamdham Bin Amr;PERSON;;000118-001;1;;
b9b54053bb07;Dhirar Bin Al-Khaththab;PERSON;;000218-009|000218-010;2;;
473ed0f0fd8b;Dihyah Bin Khalifah;PERSON;;000250-001|000250-006|000276-001;3;;
72acd42732cf;Dujanah;PERSON;;000176-001;1;;
85089ae5af2c;Duraid Bin Ash-Shimah;PERSON;;000324-001|000330-001;2;;
1cb28aee0ead;Dzakwan Bin Abd Qais;PERSON;;000166-002;1;;
39465fcd1a2a;Dzakwan Bin Abdul Qais;PERSON;;000081-001;1;;
7683348e45af;Dzu Nuwas;PERSON;;000010-013|000010-014;2;;
1253a01128e1;Farwah Bin Amr;PERSON;;000360-001;1;;
1adbf9aff76b;Farwah Bin Amr Al-Judzami;PERSON;;000357-002;1;;
b7cf226f2392;Fathimah Binti Amr Bin A'Idz Bin Imran Bin Makhzum Bin Yaqzhah Bin Murrah;PERSON;;000017-009|000017-010;2;;
4c706c7b87bb;Fathimah Binti Muhammad;PERSON;;000044-002;1;;
67cadb599b67;Fihr Bin Malik Bin An-Nadhar Bin Kinanah;PERSON;;000002-011;1;;
3af749a8a5e7;Fulan Bin Fulan;PERSON;;000139-002;1;;
0c718c10e67c;Furat Bin Hayyan;PERSON;;000157-002|000157-003;2;;
cc015a31448c;Ghalib Bin Abdullah;PERSON;;000284-006|000284-007|000285-005;3;;
1996cb7f90d7;Ghaurats Bin Al-Harits;PERSON;;000284-004;1;;
03ed0c3d6ed8;Ghauts Bin Murrah;PERSON;;000007-002|000007-003;2;;
296327d16662;Habasyah;PERSON;;000010-014|000017-008;2;;
67e47c3fd043;Habban Bin Qais Bin Al-Ariqah;PERSON;;000218-012|000218-013;2;;
a18d96a16145;Habbar Bin Al-Aswad;PERSON;;000314-001|000314-002;2;;
86d9e8f7db48;Hafshah;PERSON;;000385-002;1;;
bbff7c5827a7;Hajib Bin Zararah;PERSON;;000015-003;1;;
2b375a335614;Hakim Bin Hizam;PERSON;;000062-001|000090-003|000126-002|000129-001|000129-002|000129-003|000304-001|000333-001;8;;
ac662e9ef6a1;Halimah;PERSON;;000019-001|000019-002|000019-003|000019-004|000020-001|000223-002;6;;
f1dc2bf69ddf;Halimah Bin Abu Dzu'Aib;PERSON;;000019-001;1;;
f92c249124f5;Hammas Bin Qais;PERSON;;000306-002|000308-001;2;;
c444bb7ff9fb;Hamnah Binti Jahsy;PERSON;;000202-001|000226-010;2;;
2dd3ec414878;Hamzah Bin Abdul Muthalib;PERSON;;000176-003;1;;
dcd24f67b5f4;Hamzah bin Abdul Muththalib;PERSON;Hamzah | Hamzah Bin Abdul Muththalib;000017-009|000019-001|000019-002|000055-003|000056-001|000056-002|000057-006|000057-007|000057-010|000058-001|000059-001|000060-001|000064-001|000114-002|000131-001|000131-002|000132-001|000144-001|000175-001|000177-001|000177-002|000195-001|000200-002|000200-003|000219-005|000285-004|000303-001|000318-001|000357-018|000018-002|000055-001|000057-001|000114-004|000114-005|000138-003|000152-001|000164-002|000164-003|000175-002|000178-001|000202-001;41;;
375befb9277c;Hamzah Bin Abdul Muththtalib;PERSON;;000175-001;1;;
305a5b35fee2;Hamzah Bin An-Nu'Man;PERSON;;000357-006;1;;
7f6e2eea2d0c;Hani' bin Mas'ud;PERSON;Hani' Bin Mas'Ud | Hani Bin Mas'Ud;000005-003|000015-003;2;;
b2cb34ab75cb;Hanifah Bin Sha'B Bin Ali Bin Bakr;PERSON;;000002-012;1;;
cf8cf05da56f;Hanzhalah Bin Abu Amir;PERSON;;000179-001;1;;
0f9a48f3043f;Harb Bin Umayyah;PERSON;;000025-001;1;;
5282880df768;Haritsah Bin Amr;PERSON;;000002-002|000002-003;2;;
d78762dcdf43;Haritsah Bin Tsa'Labah;PERSON;;000002-002;1;;
bd0fbe4cfe61;Harram Bin Milhan;PERSON;;000213-001|000213-002;2;;
cd9761d2b9f5;Harun bin Imran;PERSON;Harun | Harun Bin Imran;000080-003|000347-001;2;;
478cc1c11a19;Hasan bin Ali;PERSON;Hasan;000368-002|000375-001;2;;
6b52b1a9ced3;Hassan bin Tsabit;PERSON;Hassan Bin Tsabit | Hassan Bin Tsabir;000218-015|000218-016|000226-010|000339-002|000248-003;5;;
55df4f83343e;Hasyim Bin Abdi;PERSON;;000007-009;1;;
24c67487b6cb;Hasyim Bin Abdu Manaf;PERSON;;000017-001;1;;
a7a6075276f3;Hathib bin Abi Balta'ah;PERSON;Hathib Bin Abu Balta'Ah | Hathib Bin Abi Balta'Ah;000188-002|000190-002|000248-001|000301-002|000314-001;5;;
05acfdec679c;Hathib Bin Abu Balta;PERSON;;000301-003;1;;
276c72934e99;Haudzah Bin Ali;PERSON;;000252-001;1;;
9feefa9843fb;Haudzah Bin Qais;PERSON;;000261-001;1;;
57c0065a8f34;Heraklius;PERSON;;000250-001|000250-002|000250-003|000250-004|000250-005|000250-006|000254-003|000254-007|000289-002|000291-001|000343-001|000388-005;12;;
13f907c8c85a;Hibban Bin Al-Ariqah;PERSON;;000196-002;1;;
617f4b6b1ab7;Hilal Bin Amir Bin Sha'Sha'Ah;PERSON;;000379-001;1;;
097db897434a;Hilal Bin Umayyah;PERSON;;000350-002;1;;
a08e58317723;Hindun Bin Abu Halah;PERSON;;000388-007;1;;
feaa9c75c470;Hindun Bin Uthbah;PERSON;;000163-001;1;;
9ed777458b03;Hindun binti Uthbah;PERSON;Hindun Binti Utbah | Hindun Binti Uthbah;000173-001|000176-002|000176-003|000181-002|000195-001|000306-001|000314-003|000318-001;8;;
bf1ba234bbaf;Hisyam Bin Al-Ashy;PERSON;;000089-003;1;;
d494f434df5f;Hisyam Bin Amr;PERSON;;000063-001;1;;
602798eb3fc9;Hudzaifah Bin Al-Yaman;PERSON;;000218-025|000349-001;2;;
2215f99098a2;Hudzaifah Bin Utbah;PERSON;;000129-004;1;;
d1695b8cc23a;Hudzail Bin Mudrikah;PERSON;;000002-010|000002-011;2;;
ec29fceba20a;Hujair Bin Abu Ihab;PERSON;;000212-002;1;;
e780b997dc3f;Hulail Bin Hubsyah;PERSON;;000007-004;1;;
af42d9ae5484;Husain bin Ali;PERSON;Husain;000368-002|000375-001;2;;
ff28367fa983;Huyai Bin Akhtab;PERSON;;000153-001;1;;
0fb33ed5ae80;Huyai Bin Akhthab;PERSON;;000103-005|000214-004|000214-005|000214-006|000218-013|000219-008|000273-001;7;;
f578a241342d;Ibnu;PERSON;;000052-007;1;;
791e0ee5cba4;Ibnu A'Idz;PERSON;;000187-002;1;;
037691870f36;Ibnu Abdi;PERSON;;000075-005;1;;
0a09e29925ee;Ibnu Abil;PERSON;;000272-001|000285-005;2;;
008e35722408;Ibnu Abu;PERSON;Ibnu Abul;000272-001;1;;
5597a6af8e54;Ibnu Abu Kabsyah;PERSON;;000250-006;1;;
5b68e40e6798;Ibnu Al-Akwa;PERSON;;000255-001|000255-002|000255-004;3;;
2cc662154df2;Ibnu Amru Bin Al-Ash;PERSON;;000055-005;1;;
a581eaa362a0;Ibnu Asakir;PERSON;;000023-001;1;;
405937177642;Ibnu Dujanah;PERSON;;000176-002;1;;
7c3fc2e6459a;Ibnu Hajar;PERSON;Ibnu Haja;000032-001|000034-001|000040-001|000106-001|000166-001|000208-001|000283-001|000284-004|000314-002|000359-002;10;;
3f3c56765bb8;Ibnu Hibban;PERSON;;000086-002|000188-001;2;;
5ce5fd4bd499;Ibnu Hisyam;PERSON;Ibnu Hasyim;000007-003|000007-004|000007-007|000008-001|000010-008|000016-002|000017-003|000017-009|000017-012|000019-002|000019-006|000021-001|000023-001|000025-001|000026-002|000028-001|000029-001|000029-002|000029-004|000030-002|000030-003|000032-006|000032-007|000034-001|000039-002|000039-003|000040-001|000041-001|000048-006|000049-005|000049-006|000049-012|000050-001|000057-002|000057-004|000057-008|000057-009|000059-001|000063-005|000064-006|000067-002|000075-011|000078-004|000078-009|000079-003|000080-008|000080-009|000088-005|000088-006|000089-006|000097-003|000103-007|000108-001|000109-003|000114-009|000147-001|000150-001|000150-003|000151-003|000153-001|000154-001|000157-001|000169-001|000176-003|000177-002|000187-002|000192-001|000196-002|000198-002|000199-001|000199-002|000202-002|000205-001|000206-007|000212-002|000215-001|000218-015|000219-013|000225-002|000226-005|000243-002|000278-001|000280-001|000283-001|000291-001|000297-001|000320-005|000352-001|000359-005|000360-001|000372-001|000387-004;92;;
229ce855c6f2;Ibnu Ibnu Amru;PERSON;;000055-004|000055-005;2;;
d9d3adb70064;Ibnu Ishaq;PERSON;;000007-002|000010-004|000010-005|000019-002|000019-006|000027-001|000039-003|000046-001|000048-006|000049-004|000052-006|000052-007|000055-002|000055-003|000057-004|000057-005|000057-007|000058-001|000064-001|000064-004|000064-005|000067-001|000077-001|000086-001|000086-002|000087-001|000088-001|000089-001|000090-003|000090-004|000092-001|000096-002|000103-004|000103-005|000114-005|000132-001|000138-001|000140-001|000150-001|000181-001|000181-002|000193-001|000194-001|000198-002|000204-001|000212-001|000213-001|000218-007|000218-015|000220-004|000224-002|000226-010|000247-001|000247-003|000260-001|000267-002|000271-001|000273-001|000296-003|000301-003|000314-003|000334-001|000339-006;63;;
35a97da4bc7d;Ibnu Jarir;PERSON;;000048-006;1;;
c8ce7cf05e6a;Ibnu Jubair;PERSON;;000182-002;1;;
0e6bceccd4d6;Ibnu Katsir;PERSON;;000030-004;1;;
af32c112f30e;Ibnu Khathal;PERSON;;000314-001;1;;
3ec4222f1bfe;Ibnu Luhai'Ah;PERSON;;000040-001;1;;
1e3f0c7e50f9;Ibnu Majah;PERSON;;000040-001|000108-001|000108-003;3;;
e3efaf1fbc56;Ibnu Maktum;PERSON;;000116-001;1;;
440038cc3ee8;Ibnu Qahafah;PERSON;;000198-001;1;;
ed9688d12b0d;Ibnu Qami;PERSON;;000187-002|000190-003;2;;
9436e0c36005;Ibnu Qami'Ah;PERSON;;000187-002|000190-003|000190-004|000198-002;4;;
e7bcd8c24b92;Ibnu Rabi;PERSON;;000359-004;1;;
bcdbd42ea3fb;Ibnu Sa;PERSON;;000018-001;1;;
7af7f98b1e98;Ibnu Sa'd;PERSON;Ibnu Sad | Ibnu Sa'D;000016-002|000033-001|000218-025|000218-026|000311-001|000134-002;6;;
4d995790a8b5;Ibnu Taimiyah;PERSON;;000080-004;1;;
3930245edb6b;Ibnu Terbenam;PERSON;;000055-001;1;;
850933bbcb33;Ibnu Ummi;PERSON;;000116-001|000147-001|000165-002|000214-005|000218-008|000219-001|000222-001|000228-001|000255-004;9;;
05bb20fa7c3f;Ibnu Ummu Maktum;PERSON;;000116-001;1;;
c6848e7f7408;Ibnu-Atsir;PERSON;;000044-001;1;;
1fdae7b70cd5;Ibnud;PERSON;;000067-001;1;;
e496bba41312;Ibnul Arqam;PERSON;;000071-006;1;;
ecb4a0c249d5;Ibnul Ashda'Al-Hudzali;PERSON;;000049-004;1;;
4baa58ef03af;Ibnul Atsal;PERSON;;000357-018;1;;
a079e62aee73;Ibnul Atsir;PERSON;;000030-002;1;;
6c527da8c5b6;Ibnul Hadhrami;PERSON;;000119-001;1;;
a35486dca48d;Ibnul Jauzi;PERSON;;000057-004|000057-008|000066-001|000144-003|000243-002;5;;
c479636ae65e;Ibnul Latibah;PERSON;;000338-001;1;;
32bd4ed6f024;Ibnul Musayyab;PERSON;;000372-002;1;;
7a6bddaef8b5;Ibnul Qayyim;PERSON;;000019-002|000035-001|000061-001|000080-002|000080-004|000080-007|000097-002|000106-001|000166-001|000208-001|000224-002|000224-003|000247-002|000250-007|000273-002|000284-008|000298-001|000385-001|000385-002;19;;
5093a1d16285;Ibnus-Sauda;PERSON;;000138-004;1;;
a87c131e8360;Ibrahim;PERSON;;000002-004|000002-005|000002-006|000002-007|000002-008|000002-010|000002-011|000009-002|000010-001|000010-002|000010-003|000010-009|000010-010|000010-014|000011-001|000011-002|000016-001|000016-002|000028-002|000029-001|000042-001|000049-008|000051-003|000074-003|000080-003|000080-008|000080-010|000248-003|000309-001|000359-009|000385-001|000388-013;32;;
384992899a82;Idris;PERSON;;000080-002|000080-003;2;;
7246d17c1c1b;Ikrimah;PERSON;;000137-003|000314-001;2;;
80422071548c;Ikrimah bin Abu Jahal;PERSON;Ikrimah Bin Abu Jahl;000158-001|000159-001|000171-001|000218-009|000218-010|000306-001|000306-002|000314-001;8;;
a06b99f891a1;Ilyas bin Mudhar;PERSON;Ilyas Bin Mudhar | Ilyas Bin Mudha;000002-010|000007-002|000007-003|000002-011;4;;
9426800e33a1;Imran bin Amr;PERSON;Imran Bin Amru | Imran Bin Amr;000002-002|000002-003;2;;
6bf39f302ad9;Isa bin Maryam;PERSON;Isa | Isa Bin Maryam;000052-004|000052-005|000052-006|000247-003|000247-004|000247-005|000248-002|000357-014|000080-002|000088-002;10;;
8928c6f38690;Isma;PERSON;;000002-008;1;;
51a9939e38c5;Isma'Il;PERSON;;000002-001|000002-004|000002-005|000002-006|000002-007|000002-008|000002-009|000002-011|000007-001|000007-002|000007-004|000010-001|000016-002|000017-011|000029-001|000077-003;16;;
ece47e75a724;Iyas Bin Mu'Adz;PERSON;;000078-001|000078-002|000078-003;3;;
c3b8aba1a107;Iyas Bin Qubaishah;PERSON;;000005-004;1;;
9477c421c8c7;Iyash Bin Abi Rabi'Ah;PERSON;;000089-003;1;;
20dcc7270297;Ja'Far;PERSON;;000052-007|000293-001;2;;
40e680df23b0;Ja'Far Bin Abu Thalib;PERSON;;000052-002|000247-004|000275-001|000285-004|000292-001|000292-002;6;;
9cf8934ff18a;Jabalah Bin Al-Aiham;PERSON;;000006-001;1;;
679c6cecc438;Jabbar Bin Aslam;PERSON;;000357-019;1;;
be6c20b2f538;Jabir bin Abdullah;PERSON;Jabir | Jabir Bin Abdullah;000086-001|000087-001|000187-004|000187-005|000218-005|000218-006|000218-011|000219-012|000223-004|000223-005|000284-002|000284-003|000387-007|000388-002|000030-003|000034-001|000167-002|000206-001;18;;
833e92fc0fb8;Jabir Bin Abdullah Bin Ri'Ab;PERSON;;000079-002|000081-001;2;;
b00a2409edcb;Jabir Bin Samurah;PERSON;;000387-002|000387-003|000387-004|000387-005|000387-006|000387-007;6;;
63a87c0232d2;Jadd Bin Qais;PERSON;;000236-001;1;;
60c022672a9c;Jafnah Bin Amr;PERSON;;000002-003;1;;
bd7f60f59b4d;Jamil Bin Ma'Mar;PERSON;;000057-008;1;;
130b1fc795ae;Jibril;PERSON;;000019-006|000032-001|000032-002|000032-003|000032-008|000033-001|000034-001|000055-001|000055-003|000066-001|000075-004|000075-005|000080-002|000080-004|000080-005|000090-003|000090-004|000091-001|000097-002|000133-001|000134-002|000134-003|000187-006|000214-002|000214-003|000219-001|000252-001|000361-001|000370-001|000388-002;30;;
5b47ab638c6f;Jubair Bin Muth'Im;PERSON;;000090-002|000177-001;2;;
c631377f1e7a;Judzamah Binti Al-Harits;PERSON;;000019-001;1;;
7f4781d35932;Julhumah Bin Arfathah;PERSON;;000023-001;1;;
6d16484cca59;Juraij Bin Mata;PERSON;;000248-001;1;;
8cf39d57597c;Jursyum Bin Jalhamah;PERSON;;000007-001;1;;
bd2ae1d1ee64;Jusyam Bin Mu'Awiyah;PERSON;;000284-008;1;;
c57049905914;Juwairiyah;PERSON;;000382-001|000385-003;2;;
28267434fcc0;Juwairiyah Binti Al-Harits;PERSON;;000224-003;1;;
7ff8682b4c59;Ka'b bin Al-Asyraf;PERSON;Ibnul Asyraf | Ka'B Bin Al-Asyraf;000151-001|000155-001|000155-002|000155-003|000155-004|000155-006|000155-008|000214-001|000220-001;9;;
373246c974fd;Ka'B Bin As;PERSON;;000218-014|000218-015;2;;
5b9b32227771;Ka'B Bin Asad;PERSON;;000218-013|000218-014|000219-002|000219-003|000219-007|000219-008;6;;
65d637d2b085;Ka'B Bin Lu;PERSON;;000229-001;1;;
e4c4f5d6de3d;Ka'B Bin Lu'Ay;PERSON;;000232-001;1;;
29c0a7d6d5f3;Ka'b bin Malik;PERSON;Ka'B | Ka'B Bin Malik;000016-001|000044-002|000075-009|000085-001|000086-001|000096-009|000155-002|000155-003|000155-004|000155-005|000155-006|000155-007|000155-008|000192-001|000196-001|000218-014|000218-015|000219-007|000219-008|000230-001|000235-001|000299-003|000338-001|000357-004|000357-005|000357-006|000084-001|000088-001|000350-002|000387-005;30;;
d770b4f8e283;Ka'B Bin Umari;PERSON;;000285-005;1;;
514f78c013a5;Ka'B Bin Zaid Bin An-Najjar;PERSON;;000213-002;1;;
5527a60e0c14;Ka'B Bin Zuhair;PERSON;;000314-002|000314-003|000357-004|000357-005;4;;
44ba929d9323;Ka'B Bin Zuhair Bin Abu Sulma;PERSON;;000357-003;1;;
9ac2dd15f403;Ka'Bah;PERSON;;000017-009;1;;
2655176611d9;Kaladah Bin Al-Junaid;PERSON;;000327-001;1;;
4ad42aa991bd;Kannaz Bin Hishn;PERSON;;000114-002;1;;
a098cbac8549;Khabbab bin Al-Aratt;PERSON;Khabbab | Khabbab Bin Al-Aratt | Khabbab Bin Al-Art;000039-002|000049-012|000074-005|000057-004|000057-005|000057-006;6;;
87488f534fdf;Khadijah;PERSON;Khadijah Binti Khuwailid;000027-001|000028-001|000028-002|000030-004|000032-003|000032-005|000032-006|000032-008|000032-009|000039-001|000062-001|000065-001|000066-001|000068-001|000080-001|000144-003|000375-001|000376-001|000385-001|000385-002;20;;
eda7264ebe56;Khalad bin Suwaid;PERSON;Khalad Bin Suwaid | Khallad Bin Suwaid;000219-009|000219-012;2;;
eaa1c9ead75d;Khalid bin Al-Walid;PERSON;Khalid | Khalid Bin Al-Walid | Khalid Bin Walid;000005-004|000159-001|000169-002|000180-001|000183-001|000185-003|000192-002|000194-001|000230-001|000231-001|000244-001|000293-001|000294-001|000307-001|000308-001|000320-001|000320-003|000348-002|000357-010|000357-011|000357-012|000385-003|000184-001|000320-004|000332-001;25;;
900118e9f76b;Khalid Bin Dia;PERSON;;000293-001;1;;
f50724c871f4;Khalid Bin Ja'Far;PERSON;;000357-019;1;;
cd60bff77474;Khalid Bin Sa'Id;PERSON;;000281-001;1;;
73be2f97bf52;Khalid Bin Sufyan;PERSON;;000211-001;1;;
b1963c5461e3;Kharijah Binti Zaid;PERSON;;000388-012;1;;
8f8f00f134f2;Khawwat Bin Jubair;PERSON;;000218-017;1;;
e9c2f0e32955;Khubaib Bin Adi;PERSON;;000212-002;1;;
b38449fa1fd3;Khudzaifah Bin Al-Yaman;PERSON;;000218-025;1;;
0ec5eb35cc26;Khunais Bin Hudzafah;PERSON;;000378-001;1;;
6a8e61b0c395;Khunais Bin Khalid Bin Rabi'Ah;PERSON;;000308-001;1;;
9aa109545e3f;Kinanah Bin Abul Huqaiq;PERSON;;000261-001|000273-002|000276-001;3;;
1d3286ed570c;Kinanah Bin Ar-Rabi;PERSON;;000273-001;1;;
ca24c86e59fd;Kinanah Bin Khuzimah;PERSON;;000002-010|000002-011;2;;
e8d695c41d62;Kisra;PERSON;;000004-004|000005-002|000005-003|000005-004|000018-001|000074-006|000218-019|000233-003|000245-002|000249-001|000249-002|000249-003;12;;
b5f27ef16958;Kisra Bin Hurmuz;PERSON;;000339-007;1;;
a060a190c43c;Kultsum Bin Al-Hadm;PERSON;;000097-003;1;;
3b05ff85ff4c;Kurz bin Jabir;PERSON;Kurz Bin Jabir | Kurs Bin Jabir;000114-009|000227-002|000227-003|000308-001|000114-004;5;;
8d186b788430;Lubabah Binti Al-Harits;PERSON;;000385-001;1;;
44934d06e35b;Lyas Bin Qubaishah;PERSON;;000005-003;1;;
69626f6dd170;Ma;PERSON;;000236-002;1;;
ec7ae299f30d;Ma'Ad Bin;PERSON;;000016-001;1;;
527faa2b5702;Ma'Bad Bin Abu Ma'Bad;PERSON;;000206-002;1;;
4ad053e424a6;Ma'Bad Bin Ma'Bad;PERSON;;000206-003;1;;
f2451c017a79;Mahmud Bin Maslamah;PERSON;;000273-001|000273-002;2;;
22869e564392;Maimunah;PERSON;;000285-005;1;;
acbf66ee8c03;Maimunah Binti Al-Harits;PERSON;;000285-004;1;;
5e9d969e08d7;Majdi Bin Amr;PERSON;;000114-002|000121-001;2;;
07d06e005281;Malik Bin Al-Ajlan;PERSON;;000079-001|000079-002;2;;
21fd9cb5e818;Malik Bin An-Namath;PERSON;;000357-012;1;;
af647e1a3eea;Malik Bin Auf;PERSON;;000322-001|000323-001|000324-001|000324-002|000325-001|000327-001|000332-001;7;;
46da1cdfdc01;Malik Bin Murrah;PERSON;;000357-011;1;;
c10203f87b59;Malik Bin Nuwairah;PERSON;;000338-001;1;;
bbb6b0554d28;Malik Bin Sinan;PERSON;;000188-002|000190-003;2;;
b7e493f3f921;Manaf Bin Qushay;PERSON;;000002-011;1;;
a5da8c560524;Manaf Bin Zuhrah Bin Kilab;PERSON;;000017-011;1;;
96ef6d09a9b1;Manshur Bin Ikrimah Bin Amir Bin Hasyim;PERSON;;000061-001;1;;
55a52e57bc83;Martsad;PERSON;;000114-002;1;;
0fe68b88c956;Martsad Bin Abu Martsad;PERSON;;000116-001|000212-001;2;;
92164501113b;Mas'Ud Bin Amr;PERSON;;000331-001;1;;
a70f156d9108;Mazin Bin An-Najj;PERSON;;000084-002;1;;
b05e9a6d0333;Mika'Il;PERSON;;000187-006;1;;
ab8b37cdc793;Miqyas Bin Shubabah;PERSON;;000314-001|000314-002;2;;
edbc4645df8c;Mirba Bin Qaizhi;PERSON;;000168-001;1;;
1317682214d1;Mirdas Bin Nuhaik;PERSON;;000284-007;1;;
983fbfc129e0;Misthah Bin Utsatsah;PERSON;;000226-010;1;;
c74ca566e93d;Misthah Bin Utsatsah Bin Al-Muththalib Bin Abdi;PERSON;;000114-003;1;;
5842423c2bc6;Mu;PERSON;;000137-003|000137-004;2;;
211cae423158;Mu Awwidz Bin Afra;PERSON;;000137-003|000137-004;2;;
2a3287737716;Mu'Adz Bin Al-Harits Bin Afra;PERSON;;000081-001;1;;
318a82060318;Mu'Adz Bin Amr;PERSON;;000137-002|000137-003;2;;
b9fb50f9af85;Mu'Adz Bin Amr Bin Al-Jamuh;PERSON;;000137-003;1;;
b7e4bf30e53d;Mu'adz bin Jabal;PERSON;Mu'Adz | Mu'Adz Bin Jabal;000218-012|000359-001|000357-012;3;;
cf0b12c7f197;Mu'Awiyah;PERSON;;000240-002|000333-001;2;;
0eed380a4f0d;Mu'Awiyah Bin Al-Mughirah Bin Abul Ash;PERSON;;000206-006;1;;
498b7973bb71;Mu'Awwidz Bin Al-Harits;PERSON;;000131-001;1;;
c027caeadf8e;Mu'Awwidz Bin Ibnu Ishaq;PERSON;;000137-003;1;;
28fecd86524b;Mudhadh bin Amr;PERSON;Mudhadh Bin Amru | Mudhadh Bin Amr;000002-008|000007-001;2;;
e8ab3a1548c5;Muhallim Bin Jatstsamah;PERSON;;000301-003;1;;
48f98905d5c8;Muhammad;PERSON;Rasulullah | Muhammad Bin Abdullah;000000-001|000002-005|000002-011|000005-004|000007-009|000010-002|000013-003|000013-004|000016-001|000016-002|000017-009|000017-012|000018-001|000018-002|000019-001|000019-002|000019-003|000019-006|000020-001|000021-001|000021-002|000024-001|000025-001|000026-001|000027-001|000028-001|000028-002|000029-001|000029-002|000029-003|000030-002|000031-001|000031-002|000032-003|000032-004|000032-005|000032-006|000032-007|000032-008|000032-009|000033-001|000034-001|000036-003|000036-004|000037-001|000039-001|000039-003|000040-001|000041-001|000042-001|000043-001|000044-002|000045-001|000046-001|000047-001|000047-004|000048-001|000048-002|000048-003|000048-004|000048-005|000048-006|000049-001|000049-002|000049-003|000049-004|000049-005|000049-006|000049-007|000049-008|000049-009|000049-011|000049-012|000050-001|000050-002|000051-002|000051-003|000051-005|000051-006|000052-004|000052-007|000053-001|000054-001|000055-001|000055-002|000055-003|000056-001|000057-002|000057-003|000057-004|000057-005|000057-006|000057-007|000057-008|000057-010|000057-011|000058-001|000058-003|000059-001|000060-001|000061-001|000062-001|000062-002|000063-004|000064-001|000064-002|000064-004|000064-005|000065-002|000066-001|000067-001|000068-001|000071-001|000071-002|000071-003|000071-004|000071-005|000071-006|000074-002|000074-004|000075-001|000075-002|000075-004|000075-005|000075-006|000075-007|000075-009|000075-010|000076-001|000077-001|000078-001|000078-003|000078-005|000078-009|000079-001|000079-003|000080-002|000080-007|000080-010|000080-011|000081-001|000081-002|000084-001|000084-002|000085-001|000086-001|000086-002|000087-001|000088-001|000088-002|000089-001|000089-003|000089-005|000089-006|000090-001|000090-002|000090-003|000090-005|000091-001|000092-001|000092-002|000093-001|000093-002|000094-001|000095-001|000095-002|000095-003|000096-001|000096-002|000096-003|000096-004|000096-005|000096-006|000096-007|000096-009|000096-010|000097-001|000097-002|000097-003|000098-001|000098-002|000098-003|000099-001|000100-001|000101-002|000101-003|000102-001|000102-002|000103-003|000103-004|000103-005|000103-006|000103-007|000103-008|000103-009|000104-001|000105-001|000106-001|000106-002|000106-003|000107-001|000107-002|000108-001|000108-004|000108-005|000109-002|000109-003|000110-001|000110-002|000112-001|000112-002|000113-001|000113-002|000114-002|000114-003|000114-004|000114-005|000114-006|000114-007|000114-009|000114-012|000114-013|000115-001|000115-002|000116-001|000117-001|000118-001|000119-001|000120-001|000123-001|000124-001|000124-002|000124-003|000124-004|000125-001|000126-001|000126-002|000127-001|000127-002|000128-001|000129-001|000129-003|000129-004|000130-001|000131-002|000132-001|000132-002|000133-001|000134-001|000134-002|000134-003|000137-001|000137-002|000137-003|000137-004|000137-005|000138-001|000138-002|000138-005|000138-006|000138-007|000139-001|000139-002|000140-001|000141-001|000141-002|000142-001|000142-002|000142-003|000143-001|000144-001|000144-002|000144-003|000144-004|000147-001|000148-002|000148-003|000149-001|000150-002|000150-003|000151-001|000151-002|000151-003|000152-001|000152-002|000153-001|000153-002|000154-001|000155-001|000155-002|000155-003|000155-004|000155-005|000155-007|000155-008|000156-001|000157-001|000157-003|000158-001|000158-002|000162-001|000163-001|000164-001|000164-002|000164-003|000165-001|000165-002|000166-001|000166-002|000168-001|000169-001|000169-002|000169-003|000170-001|000171-001|000171-002|000172-001|000176-001|000176-002|000177-001|000180-001|000182-001|000182-002|000184-001|000185-002|000185-003|000185-004|000186-001|000187-001|000187-002|000187-003|000187-004|000187-005|000187-006|000188-001|000188-002|000189-001|000190-001|000190-002|000190-003|000190-004|000191-001|000192-001|000192-002|000193-001|000193-002|000194-001|000196-002|000197-001|000198-001|000198-002|000198-003|000199-001|000199-002|000199-003|000200-001|000200-002|000200-003|000201-001|000202-001|000202-002|000203-001|000205-001|000206-001|000206-002|000206-003|000206-004|000206-005|000206-006|000206-008|000208-001|000209-001|000209-002|000210-001|000211-001|000212-001|000212-003|000213-001|000213-002|000213-003|000214-002|000214-003|000214-005|000214-006|000214-007|000215-001|000215-002|000216-001|000217-001|000217-002|000218-001|000218-002|000218-003|000218-004|000218-005|000218-006|000218-007|000218-008|000218-011|000218-014|000218-015|000218-016|000218-017|000218-018|000218-019|000218-020|000218-021|000218-022|000218-023|000218-024|000218-025|000218-026|000219-001|000219-002|000219-003|000219-004|000219-005|000219-006|000219-007|000219-008|000219-009|000219-010|000219-011|000219-012|000219-013|000220-001|000220-004|000221-001|000221-002|000223-001|000223-002|000223-003|000223-004|000224-001|000224-002|000224-003|000224-004|000225-001|000225-002|000225-003|000225-004|000225-005|000226-001|000226-002|000226-003|000226-004|000226-005|000226-006|000226-007|000226-008|000226-009|000226-010|000226-011|000227-001|000227-002|000228-001|000229-001|000230-001|000231-001|000231-002|000232-001|000232-002|000233-001|000233-002|000233-003|000235-001|000235-002|000236-001|000236-002|000237-001|000237-002|000237-003|000238-001|000239-001|000241-004|000242-001|000242-002|000245-002|000246-001|000247-001|000247-002|000247-004|000248-001|000248-003|000249-001|000249-002|000249-003|000250-002|000250-003|000250-006|000250-007|000251-001|000252-001|000252-002|000253-001|000254-001|000254-002|000254-003|000254-004|000254-005|000254-006|000254-007|000255-001|000255-002|000255-003|000255-004|000258-001|000260-001|000261-001|000262-001|000262-002|000263-001|000264-001|000265-001|000266-002|000267-001|000267-002|000268-001|000270-001|000271-001|000272-001|000273-001|000273-002|000274-001|000274-002|000275-001|000276-001|000277-001|000279-001|000280-001|000280-002|000281-001|000282-001|000284-001|000284-002|000284-003|000284-004|000284-006|000284-009|000285-001|000285-004|000286-001|000287-001|000288-001|000289-001|000290-001|000292-001|000293-001|000296-001|000296-002|000297-001|000299-001|000299-002|000299-003|000300-001|000300-002|000300-003|000300-004|000301-001|000301-002|000301-003|000301-004|000302-001|000302-002|000303-001|000304-001|000304-002|000304-003|000304-004|000305-001|000305-002|000306-001|000306-002|000307-001|000308-001|000309-001|000311-001|000312-001|000313-001|000314-001|000314-002|000315-001|000316-001|000316-002|000317-001|000318-001|000318-002|000319-001|000320-001|000320-002|000320-003|000320-006|000321-001|000325-001|000326-001|000326-002|000327-001|000327-002|000328-001|000331-001|000332-001|000332-002|000332-003|000332-004|000333-001|000333-002|000334-001|000334-002|000334-003|000334-004|000335-001|000335-002|000336-001|000337-001|000338-001|000339-001|000339-002|000339-004|000339-005|000339-006|000340-001|000341-001|000342-002|000342-003|000344-001|000345-001|000346-001|000346-002|000347-001|000347-002|000347-003|000348-001|000348-002|000349-001|000350-001|000350-002|000350-004|000351-001|000353-001|000354-001|000355-001|000355-003|000355-005|000356-001|000356-002|000357-001|000357-002|000357-003|000357-004|000357-005|000357-006|000357-007|000357-008|000357-009|000357-010|000357-011|000357-012|000357-014|000357-015|000357-016|000357-017|000357-018|000357-020|000358-001|000358-002|000358-003|000359-001|000359-005|000359-006|000359-009|000360-001|000360-002|000361-001|000362-001|000363-001|000364-001|000364-003|000365-001|000365-002|000368-001|000368-002|000369-001|000370-001|000371-001|000372-001|000373-001|000373-002|000375-001|000376-001|000377-001|000378-001|000379-001|000380-001|000381-001|000382-001|000383-001|000384-001|000385-001|000385-002|000385-003|000385-004|000385-005|000385-006|000385-007|000385-008|000385-009|000385-010|000387-001|000387-002|000387-003|000387-005|000387-006|000388-001|000388-002|000388-003|000388-007|000388-012|000388-013|000250-001;719;;
9404c25d379f;Muhammad Bin Abdul Wahhab;PERSON;;000010-002|000017-005|000050-001;3;;
80589a964a65;Muhammad Bin Abdullah Bin Abdul Muththalib Bin Hasyim;PERSON;;000002-011;1;;
059c189fefa6;Muhammad Bin Ishaq;PERSON;;000133-001;1;;
571c17a130bc;Muhammad Bin Ka'B;PERSON;;000058-001;1;;
6c37d6596683;Muhammad bin Maslamah;PERSON;Muhammad Bin Maslamah | Muhammad Bin Salamah;000155-003|000155-004|000155-005|000155-007|000197-001|000214-003|000219-010|000223-001|000234-001|000273-001|000273-002|000346-003|000347-001|000219-005;14;;
8ed882024149;Muharib Bin Khashafah;PERSON;;000077-001;1;;
f216fd823530;Muhayyishah Bin Mas'Ud;PERSON;;000279-001;1;;
a0e9ca1debf6;Mujadzdzar Bin Ziyad;PERSON;;000138-002;1;;
55595358e52b;Munkid Bin Hayyan;PERSON;;000357-001;1;;
81d21e85b800;Muqatil Bin Sulaiman;PERSON;;000040-001;1;;
a619559342c0;Murarah Bin Rabi;PERSON;;000350-002;1;;
ae07de6f52ac;Murrah Bin Auf;PERSON;;000007-006|000007-007;2;;
f576c9cfe002;Musa bin Imran;PERSON;Musa | Musa Bin Imran;000032-006|000032-009|000035-002|000042-001|000051-001|000051-002|000075-007|000080-003|000080-004|000080-008|000124-001|000248-002|000266-002|000326-001|000347-001|000371-001;16;;
25b825e1f074;Musa Bin Uqbah;PERSON;;000166-001;1;;
5708c6387a35;Musafi' Bin Abdi;PERSON;;000158-003;1;;
e49d809c11b2;Musafi' Bin Thalhah Bin Abu Thalhah;PERSON;;000175-002;1;;
3c8b580975e3;Musailamah;PERSON;;000177-002|000221-001|000357-016;3;;
389893fb9853;Musailamah Bin Tsumamah Bin Kabir Bin Hubaib Bin Al-Harits;PERSON;;000357-016;1;;
5030e6beb79a;Mush Ab Bin Umair;PERSON;;000116-001;1;;
d1d00c321d07;Mush'ab bin Umair;PERSON;Mush'Ab | Mush'Ab Bin Umair;000083-001|000083-002|000083-004|000083-005|000083-006|000138-006|000138-007|000190-004|000049-010|000082-001|000083-007|000087-001|000165-001|000178-001|000188-002|000190-003|000192-001|000200-003|000202-001;19;;
275c917671dd;Nadhr Bin Al-Harits;PERSON;;000061-001;1;;
b7347a870d33;Naf' Bin Jubair;PERSON;;000189-001;1;;
ef966382489d;Nafisah Binti Munyah;PERSON;;000028-001;1;;
084aae022f91;Najasyi;PERSON;An-Najasyi;000051-002|000052-001|000052-002|000052-004|000052-005|000052-006|000052-007|000244-001|000245-002|000247-001|000247-002|000247-004|000247-005|000254-002|000254-003|000275-001|000353-001|000383-001;18;;
79c68aeb8d76;Najiyah Bin Jundab;PERSON;;000285-001;1;;
d7811db00321;Nash Bin Al-Uzd;PERSON;;000002-003;1;;
24efbf3553fe;Nashr Bin Rabi'Ah;PERSON;;000002-003;1;;
d2d4bd11d890;Nasibah Binti Ka'B;PERSON;;000084-002|000188-002;2;;
40118ff79f8b;Naufal Bin Abdi;PERSON;;000090-002;1;;
b3619206dc68;Naufal Bin Khuwalid;PERSON;;000126-002;1;;
84e9dc5610b6;Naufal Bin Mu'Awiyah;PERSON;;000299-001;1;;
d4ef7132d6da;Naufal Bin Mu'Awiyyah;PERSON;;000332-003;1;;
83b78b80a6e1;Nu'Aim Bin Ma'Ud;PERSON;;000157-002;1;;
4a38a3a5f10c;Nu'Aim Bin Mas Ud Bin Amir;PERSON;;000218-021;1;;
e16fbc4cb95e;Nubih Bin Al-Hajjaj;PERSON;;000092-001;1;;
f67cc25842bf;Nuh;PERSON;;000042-001|000080-011;2;;
2ebb529e7c4c;Numailah Bin Abdullah;PERSON;;000224-002|000260-001|000314-002;3;;
6a0723f0b3cd;Qaidar Bin Isma'Il;PERSON;;000002-009;1;;
02b4e6362ee6;Qais Bin Abu Hazim;PERSON;;000187-005;1;;
cdf7f46f3669;Qais Bin Al-Aslat;PERSON;;000083-006|000083-007;2;;
0dcfd9b7e133;Qais Bin Ashim;PERSON;;000338-001;1;;
a45623a28c28;Qais Bin Sha'Sha'Ah;PERSON;;000116-001;1;;
3b4ba13cef54;Qatadah Bin An-Nu'Man;PERSON;;000188-002|000190-002;2;;
185113af0efe;Qatadal Bin An-Nu'Man;PERSON;;000190-002;1;;
f70b550d8155;Qubadz Bin Fairuz;PERSON;;000005-002;1;;
b38c5af1fd6d;Quraisy Bin Kilab;PERSON;;000002-011;1;;
afdf4229e9e8;Qus Bin Sa'Idah;PERSON;;000041-001;1;;
6883535bed32;Qushay Bin Kilab;PERSON;;000002-012|000007-003|000007-004|000171-001;4;;
417e0eb06c8b;Quthbah Bin Amir;PERSON;;000339-002;1;;
2f9d50fb8f9a;Quthbah Bin Amir Bin Hadidah;PERSON;;000079-002;1;;
9266e80db1b6;Quthbah Bin Qatadah;PERSON;;000291-001;1;;
c540fa659d77;Rabi;PERSON;;000330-001;1;;
ffac200e3360;Rabi'Ah Bin Haram;PERSON;;000007-004;1;;
7b3fde1592ec;Rabi'Ah Bin Umayyah Bin Setelah;PERSON;;000359-005;1;;
959e9075ef23;Raff' Bin Malik Bin Al-Ajlan;PERSON;;000088-001;1;;
4dc28256c2fb;Rafi' Bin Khadij;PERSON;;000166-001;1;;
3098e7ff0acc;Rafi' Bin Mukaits;PERSON;;000296-002|000338-001;2;;
7ac83b687a24;Raihanah Binti Amr Bin Junafah;PERSON;;000219-011;1;;
c138f6edac81;Raihanah Binti Zaid;PERSON;;000385-001;1;;
4645a4f0ab85;Ramlah Binti Al-Harits;PERSON;;000339-001;1;;
d37e4df04133;Rasululah;PERSON;;000232-001|000243-001;2;;
abfb4ab3c2a1;Rasulullah Shallallahu Alaihi Wa Sallam;PERSON;;000049-006;1;;
d77e3cc46338;Rifa;PERSON;;000219-010;1;;
88bbfca82a6a;Rifa'ah bin Abdul Mundzir;PERSON;Rifa'Ah Bin Abdul Mundzir Bin Subair;000088-001|000088-002;2;;
20ca96f98474;Ruqayah Binti Rasulullah;PERSON;;000141-002;1;;
3f7d98826bb3;Ruqayyah;PERSON;;000049-002|000051-003;2;;
ee7f37543b23;Sa;PERSON;;000019-001|000138-005|000166-001;3;;
495af713bb30;Sa'd bin Abu Waqqash;PERSON;Sa'D Bin Abi Waqqash | Sa'D Bin Abu Waqqash;000039-002|000050-001|000112-001|000114-003|000114-006|000126-001|000175-001|000187-003|000187-004|000190-002|000196-002|000013-004|000187-001;13;;
7f1046776b66;Sa'D Bin Ar-Rabi;PERSON;;000106-002|000178-001|000199-001;3;;
63bd813f2e9a;Sa'D Bin Ar-Rabi' Bin Amr;PERSON;;000088-001;1;;
6a879e8ee925;Sa'D Bin Bakr;PERSON;;000019-001|000227-001|000322-001;3;;
47d99cb5d1c8;Sa'D Bin Khaitsamah;PERSON;;000097-003;1;;
1192a7cdee40;Sa'D Bin Khaitsamah Bin Al-Harits;PERSON;;000088-001;1;;
b65da477c8bb;Sa'D Bin Mu;PERSON;;000185-002|000219-006;2;;
e2d0c8e20ec3;Sa'd bin Mu'adz;PERSON;Sa'D Bin Mu'Adz | Sa'D Bin Mu'Ad | Sa'D Bin Mua'Dz | Sa'D Bin Muadz;000071-003|000083-001|000083-003|000083-005|000111-001|000116-001|000124-003|000127-002|000130-002|000162-001|000165-001|000165-002|000178-001|000218-017|000218-020|000219-006|000219-011|000219-012|000224-002|000083-004|000114-004|000124-002;22;;
c0b396bddf1c;Sa'd bin Ubadah;PERSON;Sa'D Bin Ubadah | Sa'Ad Bin Ubadah | Sa'D Bin Ubaidah;000088-005|000114-003|000162-001|000165-002|000178-001|000218-017|000224-002|000224-003|000225-001|000226-007|000280-001|000334-002|000346-003|000305-002|000334-001|000218-020;16;;
cb8473bf4cf0;Sa'D Bin Ubadah Bin Dulaim;PERSON;;000088-001;1;;
6a44c244d128;Sa'D Bin Zaid;PERSON;;000007-003|000219-010|000219-011|000320-002;4;;
330531b37983;Sa'Id Bin Al-Musayyab;PERSON;;000010-006;1;;
7056158440cf;Sa'Id Bin Zaid;PERSON;;000039-002|000115-001;2;;
5e58aa8f2284;Sabur Bin Ardasyir;PERSON;;000005-002;1;;
cc551db4f3ca;Sahl;PERSON;;000197-001;1;;
a3b362d262ad;Sahl Bin Hanif;PERSON;;000188-002|000190-002;2;;
17bff09720fa;Sahl Bin Hunaif;PERSON;;000203-001|000214-007;2;;
ab8fe386f1b8;Sahl Bin Sa'D;PERSON;;000218-004;1;;
c4c3cb359eb0;Sakran Bin Amr;PERSON;;000068-001;1;;
74c2ed557a74;Salamah Bin Abu Salamah;PERSON;;000227-003;1;;
94505548a8b3;Salamah bin Al-Akwa';PERSON;Salamah Bin Al-Akwa;000227-002|000236-001|000255-001|000255-002|000263-001|000266-001;6;;
155b829fc996;Salamah Bin Salamah;PERSON;;000143-001;1;;
22ab486285c3;Salim Bin Auf;PERSON;;000097-003;1;;
1aea9a154bd4;Salith Bin Al-Amiri;PERSON;;000252-001;1;;
2583ca3ea58e;Sallam Bin Abul Huqaiq;PERSON;;000220-001|000257-002;2;;
118aa36bf8bf;Sallam Bin Al-Huqaiq;PERSON;;000214-006;1;;
d83784eefd59;Sallam Bin Misykam;PERSON;;000153-001|000214-002|000277-001;3;;
40c8394917b8;Salma Binti Amru;PERSON;;000017-001;1;;
0eca54ef6c8b;Salma Binti Qaiz;PERSON;;000219-010;1;;
34a7f544a0f4;Salman Al-Farisi;PERSON;;000218-003|000218-007;2;;
caf8fbec6183;Samurah Bin Jundab;PERSON;;000166-001;1;;
06faaf2a16b9;Saudah Binti Zam'Ah;PERSON;;000068-001;1;;
d4891088e08c;Sawad;PERSON;;000130-001;1;;
d1711e845f87;Sawad Bin Ghaziyyah;PERSON;;000130-001;1;;
a230b3d32d1a;Shaddad Bin Al-Aswad;PERSON;;000179-001;1;;
9242897aff76;Shafiyah;PERSON;;000200-002;1;;
36073a57a0cf;Shafiyah Binti Abdul Muthalib;PERSON;;000218-015;1;;
ae054e36c7e9;Shafiyah Binti Huyai;PERSON;;000276-001;1;;
ea66a83581f1;Shafiyyah binti Huyai bin Akhthab;PERSON;Shafiyyah | Shafiyyah Binti Huyai Bin Akhthab | Shafiyah Binti Huyai Bin Akhthab;000103-004|000103-005|000273-002;3;;
4f6e140a619e;Shafwan Bin Al-Mu'Aththal;PERSON;;000226-005|000226-006;2;;
082aaa1d8a25;Shafwan Bin Umayyah;PERSON;;000140-001|000148-001|000148-003|000153-001|000157-001|000158-001|000158-002|000171-001|000206-003|000212-004|000240-002|000306-001|000306-002|000326-001|000333-001;15;;
7bfa97a90ee3;Shaifl Bin Abu Rifa'Ah;PERSON;;000144-003;1;;
5429c750c58b;Shalallahu Alaihi Wa;PERSON;;000010-002;1;;
5d122797be35;Shu'Ab;PERSON;;000175-003;1;;
6a8c5837a66e;Shuhaib;PERSON;;000089-003;1;;
ebaba935085b;Shuhaib Bin Sinar;PERSON;;000057-011;1;;
5dc02ac4674b;Siba Bin Arfazhah;PERSON;;000147-001;1;;
b1b44c2b3e26;Siba' Bin Abdul Uzza;PERSON;;000177-001;1;;
7e2ad16f0986;Siba' Bin Urfuthah;PERSON;;000217-001|000260-001|000347-001;3;;
1fe6687285eb;Simak Bin Kharasyah;PERSON;;000170-001|000269-001;2;;
8c52700365f1;Sinan Bin Wabar;PERSON;;000226-001;1;;
df4059d5a3fd;Sira' Binti Nabhan;PERSON;;000359-009;1;;
8c83c9df2f15;Suhail Bin Amr;PERSON;;000075-009|000144-004|000237-001|000306-001|000306-002;5;;
80ae7f649f4f;Sulaih Bin Halwan;PERSON;;000006-001;1;;
73884b3d2cf3;Sulaiman Bin Buraidah;PERSON;;000355-005;1;;
aca6fd1a48b5;Sulaith Bin An- Nu'Man;PERSON;;000157-002;1;;
3ef390ef3dfc;Sulkan Bin Salamah;PERSON;;000155-003;1;;
0aac5b291982;Sumayyah;PERSON;;000049-011;1;;
7cd3e3623884;Suraqah Bin Malik;PERSON;;000096-004;1;;
5222cd69d793;Suraqah Bin Malik Bin Ju'Stum;PERSON;;000119-002;1;;
4a25549fbced;Suraqah Bin Malik Bin Ju'Syum;PERSON;;000096-006|000135-001;2;;
b970c659a7f4;Suwaid Bin Shamit;PERSON;;000078-001|000078-003;2;;
6fb491d72612;Syaibah Bin Rabi;PERSON;;000131-002;1;;
3f721e5b3d42;Syaibah Bin Rabi'Ah;PERSON;;000049-006|000064-002|000131-001|000140-001;4;;
32c75213e932;Syaiban Bin Tsa'Labah;PERSON;;000079-001;1;;
8e1fcadbea21;Syams Bin Abdi;PERSON;;000017-004|000090-002|000090-003;3;;
6b9662fc6cb2;Syas Bin Qais;PERSON;;000150-001|000150-002;2;;
e32ac6d35d22;Syuja' Bin Wahb;PERSON;;000253-001|000285-006;2;;
92821f4897c5;Syurahbil Bin Amr;PERSON;;000287-001|000341-001;2;;
84052a464143;Syurahbil Bin Hasyim;PERSON;;000175-002;1;;
de272e8421c8;Syuraih Bin Qarizh;PERSON;;000175-002;1;;
8f8f5d618312;Taimi Bin Murrah;PERSON;;000026-001;1;;
20506a7fbafd;Tamim Bin Adi;PERSON;;000007-003;1;;
89735a1742f3;Tamim Bin Murrah;PERSON;;000002-010|000002-011;2;;
236687abd528;Thalhah Bin Abu Thalhah;PERSON;;000174-001|000175-001;2;;
a5f3aa666be6;Thalhah Bin Ubaidillah;PERSON;;000039-002|000115-001|000178-001|000187-001|000187-003|000187-004|000187-005|000187-006|000189-001|000193-002;10;;
7259f3583880;Thariq Bin Abdullah;PERSON;;000048-001|000048-002|000049-003;3;;
70d71f47c294;Thu'Aimah Bin Adi;PERSON;;000090-002|000092-001|000126-002|000177-001;4;;
699cc8ace69c;Thufail Bin Amr;PERSON;;000078-006;1;;
eab5060c9aa0;Tsa'Labah Bin Amru;PERSON;;000002-002;1;;
2d1ad626b753;Tsabit Bin Ad-Dahdah;PERSON;;000185-003;1;;
9be5d2e8b3cf;Tsabit Bin Arqam;PERSON;;000293-001;1;;
0ac5ed72d496;Tsabit bin Qais bin Syammas;PERSON;Tsabit Bin Qaiz | Tsabit Bin Qais Bin Syammas | Tsabit Bin Qais;000219-009|000219-010|000339-002|000382-001|000224-003;5;;
5e776c3e3829;Tsumamah Bin Ustal;PERSON;;000221-001;1;;
2e1ec26a5e34;Tumadhir Bin Al-Ashba;PERSON;;000227-001;1;;
5924aa1cdc48;Ubadah Bin Ash-Shamit;PERSON;;000081-001|000081-002|000086-002|000142-001;4;;
ae931399bf0b;Ubadah Bin Ash-Shamit Bin Qais;PERSON;;000088-001;1;;
ddec6a34ce30;Ubadah Bin Malik;PERSON;;000291-001;1;;
9401484a63e1;Ubaid Bin Ghanm;PERSON;;000079-002;1;;
b2e54be9a668;Ubaid Bin Ka'B;PERSON;;000079-002;1;;
bbcd4191bc7e;Ubaidah Bin Al-Harits;PERSON;;000131-002;1;;
3fc813acb873;Ubaidah bin Al-Harits bin Abdul Muththalib;PERSON;Ubaidah Bin Al-Harits Bin Al-Muththalib Bin Abdi | Ubaidah Bin Al-Harits Bin Abdul Muththalib;000039-002|000114-002;2;;
14ddad2ffdf4;Ubaidillah Bin Abdullah Bin Utbah;PERSON;;000224-002;1;;
af80679061a3;Ubaidillah Bin Jahsy;PERSON;;000383-001;1;;
f4dbc4454cb6;Ubay Bin Ka'B;PERSON;;000112-002|000161-001;2;;
e3d7e6f8e2ab;Ubay Bin Khalaf;PERSON;;000049-007|000071-003|000092-001|000193-001;4;;
8996b160c72c;Ubbad Bin Bisyr;PERSON;;000155-003;1;;
40fdc0898ca6;Ukkasyah Bin Mihshan;PERSON;;000138-006|000223-001;2;;
f83c0457fc78;Umair Bin Al-Wahb;PERSON;;000315-001;1;;
5a4d6f6de79a;Umair Bin Wahb;PERSON;;000129-001|000148-001;2;;
30534426d804;Umar Bin Al-Hammam;PERSON;;000138-001;1;;
c610b9d61f3d;Umar Bin Al-Kaththab;PERSON;;000057-001;1;;
01b9ae2c58f6;Umar bin Al-Khaththab;PERSON;Ibnul Khaththab | Umar | Umar Bin Al-Khaththab | Uamr Bin Al-Khaththab | Umar Bin Al-Khathab | Umar Bin Al-Kahththab;000049-013|000057-001|000057-002|000057-003|000057-004|000057-005|000057-006|000057-007|000057-008|000057-009|000057-010|000057-011|000058-001|000059-001|000060-001|000064-001|000089-003|000089-004|000089-006|000138-002|000139-002|000144-001|000144-004|000148-002|000196-002|000198-001|000198-002|000214-002|000226-002|000226-010|000226-011|000235-001|000236-002|000237-003|000238-002|000242-001|000242-002|000242-003|000274-002|000284-007|000285-003|000300-002|000300-003|000301-004|000304-002|000304-003|000318-001|000318-002|000346-003|000359-004|000365-001|000371-001|000372-001|000372-002|000385-002|000385-008|000006-001|000055-001|000058-002|000124-001|000138-005|000144-003|000170-001|000178-001|000185-004|000188-002|000194-001|000212-004|000218-011|000226-001|000240-002|000262-002|000300-004|000303-001|000332-003|000342-001|000353-001|000359-005|000243-002|000284-006;80;;
b21d012fb087;Umar Bin Kaththab;PERSON;;000057-001;1;;
1e27cdad4766;Umarah Bin As-Sakan;PERSON;;000187-001;1;;
4b15394897e6;Umarah Bin Yazid Bin As-Sakan;PERSON;;000186-001|000186-002;2;;
e8dcd22a37f8;Umayyah;PERSON;;000049-010;1;;
8e9b9cd97d87;Umayyah Bin Ash-Shallat;PERSON;;000041-001;1;;
2d1534ee6554;Umayyah Bin Khalaf;PERSON;;000049-006|000049-007|000049-010|000064-002|000071-003|000090-003|000092-001|000111-001|000114-004|000126-002|000138-003|000138-004|000140-001;13;;
911f1f6834fd;Umayyah Bin Zaid;PERSON;;000083-006;1;;
68e3febe9945;Ummayah Bin Khalaf;PERSON;;000138-003;1;;
c8a9222fb880;Ummu Abi Salamah;PERSON;;000227-001;1;;
5c9941e188da;Ummu Aiman;PERSON;;000017-012|000020-001|000098-002|000196-002|000196-003;5;;
410f1c5d343e;Ummu Ammar Binti Siba;PERSON;;000049-012;1;;
647d7f89d607;Ummu Ammarah;PERSON;;000084-002|000188-002;2;;
a6c1e71b318b;Ummu Fulan;PERSON;;000202-001;1;;
01f7fac03595;Ummu Habibah;PERSON;;000300-002|000383-001|000385-003;3;;
49e652ed5cfc;Ummu Hani;PERSON;;000313-001|000314-002;2;;
8d47ec3fa49f;Ummu Hani Binti Abu Thalib;PERSON;;000313-001;1;;
01b218afc2a0;Ummu Jamil;PERSON;;000071-005|000071-006;2;;
5e697d707d7b;Ummu Jamil Binti Al-Khaththab;PERSON;;000071-005;1;;
faf4612c014b;Ummu Jamil Binti Harb Bin Umayyah;PERSON;;000049-003;1;;
686be9189079;Ummu Kultsum;PERSON;;000028-002|000049-002|000098-002|000375-001|000385-002;5;;
0b6f018a05b8;Ummu Kultsum Binti Rasululllah;PERSON;;000353-001;1;;
1a7575239f79;Ummu Ma'Bad;PERSON;;000096-006|000096-007|000096-008|000096-009|000387-001;5;;
bc845f7b04a0;Ummu Mani;PERSON;;000084-002;1;;
832834cb4890;Ummu Misthah;PERSON;;000226-007|000226-008;2;;
7ffaa070eb3f;Ummu Qirfah;PERSON;;000227-002;1;;
174a378529d7;Ummu Sa'D;PERSON;;000202-002|000314-003;2;;
2bfbfe866dfc;Ummu Sa'D Bin Mu'Adz;PERSON;;000202-001|000202-002;2;;
19f25c212752;Ummu Salamah;PERSON;;000052-006|000089-002|000219-001|000219-012|000219-013|000228-001|000239-001|000302-001|000385-003|000387-007;10;;
48cc5fed60a7;Ummu Sulaim;PERSON;;000196-002|000276-001;2;;
79f81ed17f31;Ummu Sulaith;PERSON;;000196-002;1;;
5165720546f5;Ummu Ubais;PERSON;;000049-012|000049-013;2;;
29fd386e33e6;Ummu Umarah;PERSON;;000190-003;1;;
ede375ccf4e8;Ummul;PERSON;;000030-004;1;;
ba3123b83990;Ummul Fadhl;PERSON;;000140-001|000140-002|000140-003|000285-004|000385-001;5;;
2bf28126b639;Ummul Khair;PERSON;;000071-004|000071-005;2;;
a632670a29d7;Ummul Mukminin;PERSON;;000039-001;1;;
53d28d987462;Ummul Mundzir;PERSON;;000219-010;1;;
af98153f5e59;Ummul-Hakim;PERSON;;000017-009;1;;
019becff59f0;Uqail Bin Abu Thalib;PERSON;;000144-001;1;;
38c383d12136;Uqbah Bin Abu Demi;PERSON;;000049-006;1;;
c03bb47a9cdf;Uqbah bin Abu Mu'aith;PERSON;Uqbah Bin Abu Mu'Ith | Uqbah Bin Abu Mu'Aith;000049-004|000049-005|000049-007|000059-001|000055-005|000092-001|000142-002;7;;
0320dc05639b;Uqbah Bin Al-Harits;PERSON;;000212-003;1;;
f36af5ca9906;Uqbah Bin Amir Bin Nabi;PERSON;;000079-002;1;;
a6812c9c468f;Urwah Bin Az-Zubair;PERSON;;000055-005|000075-005|000097-001|000097-002;4;;
ae9978a35577;Urwah Bin Mas'Ud;PERSON;;000233-001|000357-007|000385-007|000385-008;4;;
ce4345d4cca7;Usaid bin Hudhair;PERSON;Usaid | Usaid Bin Hudhair;000083-001|000083-002|000083-003|000083-004|000226-003|000312-001|000143-001|000162-001|000165-001|000224-002|000226-002|000226-007;12;;
a940e4ea52c2;Usaid Bin Hudhair Bin Sammak;PERSON;;000088-001;1;;
0c51e27609ca;Usaid Bin Zhuhair;PERSON;;000166-001;1;;
13ac065dee30;Usair;PERSON;;000284-008;1;;
99af191bbe3f;Usair Bin Basyir Bin Razzam;PERSON;;000284-008;1;;
11d92056e783;Usair Bin Razzam;PERSON;;000257-002;1;;
78cf44ff6be2;Usamah bin Zaid;PERSON;Usamah | Usamah Bin Zaid;000098-002|000141-002|000166-001|000284-007|000360-001|000360-002|000373-001|000226-007|000284-009|000310-001|000359-006|000365-001;12;;
f17ee46484a8;Utaibah;PERSON;;000049-002;1;;
79796948e549;Utbah Bin Abi Waqqas;PERSON;;000190-002;1;;
8d7702974029;Utbah Bin Abi Waqqash;PERSON;;000190-002;1;;
22642c1f7538;Utbah Bin Abu Lahab;PERSON;;000071-002;1;;
1a601f8ce70d;Utbah Bin Ghazwan;PERSON;;000114-002;1;;
9d85cfe90345;Utbah bin Rabi'ah;PERSON;Utbah | Utbah Bin Rabi'Ah | Utbah Bin Rabi;000049-002|000055-001|000055-002|000058-001|000058-003|000058-004|000075-002|000075-003|000090-002|000090-003|000129-002|000129-003|000129-004|000131-002|000132-001|000137-001|000138-007|000190-002|000049-006|000131-001|000140-001|000064-002|000071-004|000074-005;24;;
dc25ce8345f8;Utharid Bin Hajib;PERSON;;000339-002;1;;
dccd1b10fd0c;Uthbah;PERSON;;000126-002;1;;
9f3916d70af9;Uthbah Bin Abu Lahab;PERSON;;000055-001;1;;
362f2c60d645;Uthbah Bin Abu Waqqash;PERSON;;000187-001;1;;
322558398547;Uthbah Bin Ghazwan;PERSON;;000114-006;1;;
ab97488a1e46;Uthbah Bin Rabi;PERSON;;000058-001;1;;
4de16cda04ec;Utsman Bin Abdullah;PERSON;;000192-002;1;;
3cdafac08ca5;Utsman Bin Abdullah Bin Al-Mughirah;PERSON;;000192-001|000192-002;2;;
119076b8e9cb;Utsman Bin Abdurrahman Bin Auf;PERSON;;000305-002;1;;
9cd4ef1ecd89;Utsman Bin Abu Thalhah;PERSON;;000175-001;1;;
5bbe29dcf4cd;Utsman bin Abul Ash;PERSON;Utsman Bin Abul Ash | Utsman Bin Abu Ash;000357-008|000357-009;2;;
f6e6d44f384f;Utsman bin Affan;PERSON;Utsman | Utsman Bin Affan | Ustman Bin Affan;000089-002|000089-003|000114-007|000192-002|000206-006|000235-001|000235-002|000236-001|000311-001|000314-001|000346-002|000353-001|000357-009|000039-002|000049-010|000051-003|000141-002|000154-001|000284-002|000346-001|000375-001|000385-002;22;;
ada9fcd37fe9;Utsman Bin Mazh'Un;PERSON;;000039-002;1;;
3c3a81f92289;Utsman Bin Thalhah;PERSON;;000244-001|000309-001|000311-001;3;;
70645e06c262;Utsman Bin Thalhah Bin Abu Thalhah;PERSON;;000089-002;1;;
3e9e24df2036;Uwaih Bin Abu Rahm;PERSON;;000285-001;1;;
7fe2872e96cc;Uwaim Bin Sa'Idah;PERSON;;000081-001|000081-002;2;;
b98d30a7a7d4;Uyainah Bin Hishn;PERSON;;000217-002|000218-002|000218-020|000335-001|000335-002|000335-003|000338-001|000339-001;8;;
ad4ce0afbecf;Wabar Bin Alim;PERSON;;000227-001;1;;
e130f71a9aff;Wahai;PERSON;;000144-004;1;;
899a027c0127;Wahb Bin Umair;PERSON;;000148-001;1;;
ed38b194d7a3;Wahsy Bin Harb;PERSON;;000177-001|000314-003;2;;
e555cc331b76;Waraqah bin Naufal;PERSON;Waraqah | Waraqah Bin Naufal Bin Asad Bin Abdul Uzza;000032-006|000032-007|000032-009|000032-005;4;;
eec7b506ca38;Ya'Mar Bin Auf;PERSON;;000007-006;1;;
86a6821b8827;Ya'Rub;PERSON;;000002-001;1;;
4fc353ab6788;Yahya Bin Zakaria;PERSON;;000080-002;1;;
601e83c216c8;Yakrib Bin Saif;PERSON;;000004-004;1;;
397212e88e11;Yalail Bin Abdi;PERSON;;000075-005;1;;
66e79683d9eb;Yamin Bin Amr;PERSON;;000214-006;1;;
c5149155be29;Yasir;PERSON;;000049-011;1;;
4078120e655b;Yasyjub Bin Qahthan;PERSON;;000002-001;1;;
99241f7a26cc;Yazid;PERSON;;000333-001;1;;
9cf88988dc6d;Yazid Bin Al-Hushain;PERSON;;000338-001;1;;
5832001af28d;Yazid Bin Ruman;PERSON;;000048-001|000048-002;2;;
d8c97f6968ce;Yazid Bin Ziyad;PERSON;;000058-001;1;;
67e0f7bdf87a;Yazin Bin Tsa'Labah;PERSON;;000081-001;1;;
466ce462c4dd;Yuhannah Bin Ru;PERSON;;000348-001;1;;
0fb15acb2296;Yuhannah Bin Ru'Bah;PERSON;;000348-002;1;;
e753c6405cf4;Yunus Bin Matta;PERSON;;000075-004;1;;
9e3a91257ab0;Yusuf;PERSON;;000010-013|000074-003|000080-002|000226-009|000302-001|000310-002|000365-002;7;;
d5f32e8922b7;Zaid bin Ad-Dastinah;PERSON;Zaid Bin Ad-Dastinah | Zaid Bin Ad-Datsinah;000212-002|000212-004;2;;
2709fab1cb3b;Zaid Bin Adi;PERSON;;000005-003;1;;
fc89099d05ec;Zaid Bin Arqam;PERSON;;000166-001|000226-001|000226-002|000226-003|000226-004;5;;
f3a4040357a4;Zaid bin Haritsah;PERSON;Zaid | Zaid Bin Haritsah | Zaid Binti Haritsah;000002-001|000016-001|000035-002|000075-009|000141-001|000157-002|000157-003|000212-002|000212-004|000223-004|000225-005|000226-003|000226-004|000250-006|000250-007|000285-004|000288-001|000293-001|000357-020|000357-021|000381-001|000385-005|000385-006|000385-007|000385-008|000040-001|000075-001|000075-002|000075-010|000114-005|000144-004|000158-003|000206-006|000223-001|000223-002|000223-003|000224-002|000225-004|000227-002|000292-001|000341-001;41;;
9a75ec32d3e0;Zaid Bin Haritsah Bin Syurahbil;PERSON;;000039-001;1;;
bd1bd0af7db3;Zaid Bin Muhammad;PERSON;;000039-003;1;;
b7e867a59aaa;Zaid Bin Tsabit;PERSON;;000035-002|000166-001|000199-001|000333-002;4;;
e2896d869117;Zainab;PERSON;;000028-002|000098-002|000098-003|000144-003|000144-004|000223-002|000223-003|000224-001|000224-002|000225-004|000225-005|000314-002|000375-001|000385-005|000385-006|000385-008;16;;
b7520d9640c7;Zainab Binti Al-Harits;PERSON;;000277-001;1;;
27dcd41eb33a;Zainab Binti Jahsy;PERSON;;000225-004|000385-002|000385-005;3;;
7625c9bd5dfe;Zainab Binti Khuzaimah;PERSON;;000375-001|000385-001;2;;
20dbef8faf3b;Zainab Binti Rasulullah;PERSON;;000314-002;1;;
84cbdb35db72;Zam'Ah Bin Al-Aswad;PERSON;;000063-003|000090-003|000092-001|000126-002;4;;
ef326635045b;Zam'Ah Bin Al-Aswad Bin Al-Muththalib Bin Asad;PERSON;;000063-002;1;;
786e7d22e2ca;Ziyad Bin Al-Harits;PERSON;;000357-003;1;;
598a7a0e5c3b;Ziyad Bin Habulah;PERSON;;000006-001;1;;
f2255255d801;Ziyad Bin Lubaid;PERSON;;000338-001;1;;
ba7eb042cb4f;Zuhair Bin Abu Umayyah;PERSON;;000063-001|000063-002;2;;
b34618a6f7b9;Zuhair Bin Shurad;PERSON;;000335-001;1;;
909ac8bf3963;Zuhrah Bin Kilab;PERSON;;000026-001;1;;
559488e5cca5;14;TIME;;000090-002;1;;
c6d79598e17f;8 H;TIME;;000296-001;1;;
65fc81ea81fc;Bulan;TIME;;000032-002;1;;
f4405d6b8f44;Bulan 213;TIME;;000224-001;1;;
5b794d404c4a;Bulan Dzul Hijjah;TIME;;000056-001|000057-001|000153-002|000258-001|000359-008;5;;
2a25045662b1;Bulan Dzul Hijjah 7 H;TIME;;000285-005;1;;
933fd4198d7d;Bulan Dzul Hijjah 8 H;TIME;;000336-001|000357-007;2;;
1b79c28fff42;Bulan Dzul Qa'Dah;TIME;;000218-025|000218-026|000220-004|000285-001|000359-002;5;;
bd55915b6880;Bulan Dzul Qa'Dah 5 H;TIME;;000219-013;1;;
0f03b62a741c;Bulan Dzul Qa'Dah 7 H;TIME;;000385-001;1;;
511f973252f7;Bulan Dzul Qi'Dah;TIME;;000354-001;1;;
12034a08c5f3;Bulan Dzul-;TIME;;000026-001;1;;
2fdadfb1cead;Bulan Jumadal;TIME;;000114-005|000157-001|000296-001;3;;
bfd8714fd533;Bulan Jumadats;TIME;;000284-006;1;;
b360be988c7d;Bulan Jumadil Akhir 6 H;TIME;;000223-003;1;;
c7bd5eab38b4;Bulan Jumadil Ula;TIME;;000209-001;1;;
595c34fa5232;Bulan Muharram;TIME;;000017-008|000061-001|000063-001|000080-001|000095-001|000211-001;6;;
6d056510238f;Bulan Muharram 11 H;TIME;;000357-021;1;;
5cf5274aefb4;Bulan Muharram 3 H;TIME;;000154-001;1;;
6fc48980fbcb;Bulan Muharram 4 H;TIME;;000210-001;1;;
8518a3a08c9a;Bulan Muharram 7 H;TIME;;000383-001;1;;
9ef5107a5a47;Bulan Muharram 9 H;TIME;;000338-001|000339-001|000339-003;3;;
0d91189d06cd;Bulan Muharram Tahun 7 H;TIME;;000246-001|000247-001;2;;
70aee37c897a;Bulan Muharram Tahun 9 H;TIME;;000338-001;1;;
bde521b60783;Bulan Rabi'Ul 4;TIME;;000285-006;1;;
f7ab32e2db63;Bulan Rabi'Ul Akhir;TIME;;000156-001;1;;
b9f98b1e2744;Bulan Rabi'Ul Akhir 3 H;TIME;;000156-001;1;;
c4d46fcdbec3;Bulan Rabi'Ul Akhir 6 H;TIME;;000223-001|000223-002;2;;
480f2f4beed6;Bulan Rabi'Ul Awwal;TIME;;000080-001|000097-002|000099-001|000215-001|000215-002|000222-001|000223-001|000285-005;8;;
8bd15bbf37c6;Bulan Rabi'Ul Awwal 12 H;TIME;;000357-018;1;;
7322a66e90f9;Bulan Rabi'Ul Awwal 2 H;TIME;;000114-004;1;;
56bf14b72b59;Bulan Rabi'Ul Awwal 4 H;TIME;;000209-001|000214-007;2;;
b30e1bad867b;Bulan Rabi'Ul Awwal 6 H;TIME;;000223-001;1;;
d723bff2bc17;Bulan Rabi'Ul Awwal 7 H;TIME;;000282-001|000284-001;2;;
b20a3dfe9430;Bulan Rabi'Ul Awwal 9 H;TIME;;000339-002|000339-003|000357-006;3;;
4e7443899c96;Bulan Rajab;TIME;;000032-002|000051-003|000063-001|000065-001|000114-007|000349-002|000357-015;7;;
4eaf2a7fec16;Bulan Rajab 2 H;TIME;;000114-006;1;;
bbe724225a84;Bulan Rajab 6 H;TIME;;000223-004;1;;
6f5f0a2081c2;Bulan Rajab 8 H;TIME;;000223-004;1;;
9b689ccfde22;Bulan Rajab Tahun 7 H;TIME;;000247-005;1;;
0e47be13b9cb;Bulan Ramadhan;TIME;;000031-001|000032-001|000032-002|000032-004|000032-005|000051-003|000051-004|000063-001|000065-001|000066-001|000080-001|000099-001|000320-001|000349-002|000388-002;15;;
549face4c37c;Bulan Ramadhan 6 H;TIME;;000227-002;1;;
4081309ea2a5;Bulan Ramadhan 8 H;TIME;;000301-001|000302-001;2;;
7cedf6d0c8f6;Bulan Ramadhan 9 H;TIME;;000357-007;1;;
1874b006fd2b;Bulan Ramadhan Tahun 10 H;TIME;;000361-001;1;;
eeb5f389de9e;Bulan Ramadhan Tahun 41;TIME;;000097-001;1;;
afdac80a1b87;Bulan Shafar;TIME;;000095-001|000212-001|000282-001|000284-006|000285-005|000357-015;6;;
8b23f2486e98;Bulan Shafar 2 H;TIME;;000114-003;1;;
5a94f7e72ff2;Bulan Shafar 3 H;TIME;;000154-001;1;;
07018b05abdf;Bulan Shafar 4 H;TIME;;000209-001|000227-004;2;;
4f386a0a3722;Bulan Shafar 7 H;TIME;;000283-001;1;;
655558bd2410;Bulan Shafar 9 H;TIME;;000339-002|000357-006;2;;
7e722e7060a1;Bulan Shafar Tahun 11 H;TIME;;000360-001|000361-001;2;;
9affddca1cb5;Bulan Sya'Ban;TIME;;000320-003;1;;
4411dfbeba24;Bulan Sya'Ban 2 H;TIME;;000114-010|000114-014;2;;
f7486536186f;Bulan Sya'Ban 4 H;TIME;;000216-001;1;;
a94c68368db6;Bulan Sya'Ban 6 H;TIME;;000224-001|000227-001|000381-001|000382-001;4;;
150bde65ca3c;Bulan Sya'Ban 7 H;TIME;;000284-006|000284-007;2;;
b2f1d36b2851;Bulan Sya'Ban 8 H;TIME;;000297-001;1;;
772257d34e50;Bulan Syawal;TIME;;000376-001;1;;
39bd79f6a48e;Bulan Syawwal;TIME;;000051-005|000068-001|000218-025|000218-026|000377-001|000380-001;6;;
6cb41478a019;Bulan Syawwal 2 Hijriyah;TIME;;000145-002|000147-001;2;;
b269e840f135;Bulan Syawwal 5 H;TIME;;000218-023;1;;
e1a584261228;Bulan Syawwal 6 H;TIME;;000227-002|000227-003;2;;
6f61eaa2beb2;Bulan Syawwal 7 H;TIME;;000284-006|000284-007|000284-008;3;;
a5541911ded8;Dzul Hijjah;TIME;;000220-004|000354-001|000359-008;3;;
13b12167bcb4;Hari;TIME;;000199-003;1;;
ef5fe8a0afbc;Hari Ahad;TIME;;000206-001;1;;
a3233468c2f1;Hari Jum'At;TIME;;000104-001|000163-001;2;;
30008b0c8e0f;Hari Kamis;TIME;;000090-002|000347-001|000365-001;3;;
b6ee0c137228;Hari Kurban;TIME;;000359-007|000359-008|000359-009|000359-010;4;;
f523e0b0ac18;Hari Rabu;TIME;;000218-025|000218-026|000364-001;3;;
3f6738fa06d2;Hari Sabtu;TIME;;000152-001|000169-003|000199-003|000211-001|000218-023|000219-003|000359-001|000366-001;8;;
c350f1f0cc26;Hari Selasa;TIME;;000373-001|000373-002;2;;
3f4c665a2c91;Hari Senin;TIME;;000032-001|000032-004|000032-005|000097-001|000097-002|000097-003|000228-001|000359-002|000362-001|000368-001|000369-002|000373-001;12;;
4de46fdc03fa;Hari Tarwiyah;TIME;;000359-003;1;;
917be7fd74b2;Hari Tasyriq;TIME;;000084-001|000359-009;2;;
efa012c4d80b;Hari-Hari Tasyriq;TIME;;000084-001|000359-009;2;;
c4b91541fb25;Jumada;TIME;;000359-008;1;;
31c477815d6b;Jumadil Ula;TIME;;000215-002;1;;
c32a290fceb5;Lailatul-Qadar;TIME;;000032-002;1;;
c78374efbeb9;Lailatul-Qadr;TIME;;000032-004|000032-005;2;;
21413465c6e8;Malam Selasa;TIME;;000249-002;1;;
56d0df9ebd51;Malam Tanggal 27 Bulan Rajab;TIME;;000080-001;1;;
3347d148331f;Muharram;TIME;;000359-008;1;;
3d1d104f4530;Pertengahan Hari-Hari Tasyriq;TIME;;000359-009|000359-010;2;;
6955b988a6cc;Rabi'Ul;TIME;;000339-003;1;;
ea9afc680af2;Rabi'Ul Akhir;TIME;;000223-001;1;;
097fe10796e7;Rabi'Ul Awwal;TIME;;000032-001|000217-001|000284-006|000339-004;4;;
7aedb12bac48;Rajab;TIME;;000359-008;1;;
41f0721c7b9b;Ramadhan;TIME;;000032-002|000145-002;2;;
0e73d74b0291;Sya'Ban;TIME;;000224-002|000359-008;2;;
f1581f4aa377;Syawwal;TIME;;000152-001|000385-001;2;;
2dce3c76dd60;Tahun 10 H;TIME;;000357-018|000359-001;2;;
65bce94d71f5;Tahun 11 H;TIME;;000362-001;1;;
1557cf9ca04f;Tahun 110 Sm;TIME;;000004-001;1;;
1227253b367f;Tahun 115 Sm;TIME;;000004-001;1;;
6875049c6afe;Tahun 13 H;TIME;;000006-001;1;;
d2e5454428d8;Tahun 14;TIME;;000094-001;1;;
e179c769279b;Tahun 2;TIME;;000037-001;1;;
1a33dae8e5ab;Tahun 226 M;TIME;;000005-001;1;;
9493f4be806c;Tahun 230 Sm;TIME;;000005-001;1;;
4bf93c3ffdd6;Tahun 268 M;TIME;;000005-002;1;;
4fd131281209;Tahun 3;TIME;;000037-001;1;;
3e68546b5d50;Tahun 3 H;TIME;;000378-001;1;;
b40df84ec072;Tahun 300 M;TIME;;000004-001|000004-002;2;;
edf1b791b31c;Tahun 326 Sm;TIME;;000005-001;1;;
ee0c93f92829;Tahun 340 M;TIME;;000004-002;1;;
587440c5787a;Tahun 340 Masehi;TIME;;000010-013;1;;
851e618784eb;Tahun 378 M;TIME;;000004-002;1;;
5692f2ca89f4;Tahun 4 H;TIME;;000215-002|000227-004|000379-001|000380-001;4;;
cd0d3725c824;Tahun 41;TIME;;000097-001;1;;
b075b62bb688;Tahun 440 M;TIME;;000007-006;1;;
323bce1f90c2;Tahun 497 M;TIME;;000017-002;1;;
897d31424ef6;Tahun 5 H;TIME;;000218-025|000224-002|000357-001;3;;
d93b455f967c;Tahun 523 Masehi;TIME;;000010-013;1;;
2503e51dc8e1;Tahun 525 M;TIME;;000004-003;1;;
96e32b1d21fa;Tahun 571 M;TIME;;000018-001;1;;
3db39dd1bf69;Tahun 575 M;TIME;;000004-004;1;;
cc8e4ade70a2;Tahun 587 Sm;TIME;;000007-001|000010-012|000017-008;3;;
666b11d3cf63;Tahun 6 H;TIME;;000219-011|000246-001|000247-001;3;;
b0e3c469c746;Tahun 619 M;TIME;;000076-001;1;;
66f4f699bd7e;Tahun 620 M;TIME;;000079-001;1;;
63f920b4ec78;Tahun 622;TIME;;000090-002;1;;
b526838f1fb4;Tahun 622 M;TIME;;000096-001;1;;
942cc134a953;Tahun 623 M;TIME;;000114-001|000114-002;2;;
f386ef5fa401;Tahun 632 M;TIME;;000005-004;1;;
36580068de0b;Tahun 638 M;TIME;;000004-004;1;;
80e78cd301af;Tahun 650 Sm;TIME;;000004-001;1;;
19ed4913f601;Tahun 7 H;TIME;;000244-001|000284-008|000357-002|000384-001;4;;
1ff8da6aa956;Tahun 70 M;TIME;;000017-008;1;;
a58bdf8ee3b7;Tahun 70 Masehi;TIME;;000010-012;1;;
f33dd30bdce2;Tahun 8 H;TIME;;000244-001|000338-001|000357-003|000357-004;4;;
d2f00a0230fa;Tahun 9 H;TIME;;000356-002|000357-012|000357-013|000357-016|000357-021;5;;
39e2f4943c10;Tanggal 1 Dzul;TIME;;000228-001;1;;
c40207aac1a9;Tanggal 1 Ramadhan;TIME;;000114-001|000114-002;2;;
be2a8027ab2b;Tanggal 1 Syawwal;TIME;;000114-002;1;;
a7685e36895e;Tanggal 10 Agustus;TIME;;000032-001;1;;
6e20d87bea15;Tanggal 10 Dzul;TIME;;000359-007;1;;
72deab0ba191;Tanggal 10 Jumadal;TIME;;000249-002|000249-003;2;;
dfcc80e167a1;Tanggal 10 Syawwal;TIME;;000327-001;1;;
6c82042fbf44;Tanggal 12;TIME;;000090-002;1;;
dfd25a6ef285;Tanggal 12 Rabi'Ul;TIME;;000104-001|000369-002;2;;
a240fee8764b;Tanggal 13 Dzul;TIME;;000359-010;1;;
b921d0220f09;Tanggal 14 Rabi'Ul;TIME;;000155-005;1;;
081676c74d39;Tanggal 17 Ramadhan;TIME;;000305-001;1;;
61a4f0e223dc;Tanggal 17 Ramadhan 2 H;TIME;;000128-001;1;;
38e2231ba703;Tanggal 20 Atau;TIME;;000018-001;1;;
8327749aa1c2;Tanggal 21;TIME;;000032-001;1;;
7ebf54ce967e;Tanggal 23 September;TIME;;000097-001;1;;
429285103ab4;Tanggal 26 Shafar;TIME;;000090-002;1;;
9da44cd40f93;Tanggal 27 Januari;TIME;;000385-001;1;;
37708bfc5bdc;Tanggal 27 September;TIME;;000104-001;1;;
3510e31fcff4;Tanggal 27 Shafai;TIME;;000094-001;1;;
9a47f272c9e0;Tanggal 28 Atau;TIME;;000385-001;1;;
22590d51ad3a;Tanggal 29 Shafar;TIME;;000362-001;1;;
4a6d3ded9c12;Tanggal 4 Dzul;TIME;;000359-002;1;;
4d006561cfee;Tanggal 5 Muharram;TIME;;000211-001;1;;
d42d684fb8a9;Tanggal 6 Syawwal;TIME;;000163-001|000326-001;2;;
969613d276e8;Tanggal 7 Syawwal;TIME;;000169-003|000203-001;2;;
8256fc844277;Tanggal 8 Dzul;TIME;;000359-003;1;;
02d9f42bda1a;Tanggal 8 Rabi'Ul;TIME;;000097-001;1;;
0d79b0ac7a4e;Tanggal 8 Syawwal;TIME;;000206-001;1;;
c16d00c51ff1;Tanggal 9 Rabi;TIME;;000097-001;1;;
c412631ecf36;Tanggal 9 Rabi'Ul;TIME;;000018-001;1;;
