text_id,token,label
000051-005,4,O
000051-005,84,O
000051-005,Tafhimul-Qur,O
000051-005,'an,O
000051-005,",",O
000051-005,5/188,O
000051-005,.,O
000051-005,Makna,O
000051-005,ini,O
000051-005,yang,O
000051-005,bisa,O
000051-005,disimpulkan,O
000051-005,para,O
000051-005,peneliti,O
000051-005,mengenai,O
000051-005,hadits,O
000051-005,Gharaniq,O
000051-005,.,O
000051-005,Apa,O
000051-005,yang,O
000051-005,selama,O
000051-005,itu,O
000051-005,mereka,O
000051-005,pegang,O
000051-005,telah,O
000051-005,jatuh,O
000051-005,",",O
000051-005,karena,O
000051-005,mereka,O
000051-005,merasakan,O
000051-005,keagungan,O
000051-005,kalam,O
000051-005,Allah,O
000051-005,yang,O
000051-005,benar-benar,O
000051-005,telah,O
000051-005,menguasai,O
000051-005,kendali,O
000051-005,mereka,O
000051-005,.,O
000051-005,Saat,O
000051-005,itu,O
000051-005,mereka,O
000051-005,melakukan,O
000051-005,apa,O
000051-005,yang,O
000051-005,sebelumnya,O
000051-005,hendak,O
000051-005,mereka,O
000051-005,punahkan,O
000051-005,dan,O
000051-005,basmi,O
000051-005,.,O
000051-005,Maka,O
000051-005,setelah,O
000051-005,itu,O
000051-005,mereka,O
000051-005,yang,O
000051-005,sujud,O
000051-005,itu,O
000051-005,mendapat,O
000051-005,cercaan,O
000051-005,dan,O
000051-005,makian,O
000051-005,dari,O
000051-005,segala,O
000051-005,arah,O
000051-005,",",O
000051-005,yaitu,O
000051-005,dilontarkan,O
000051-005,orang-orang,O
000051-005,musyrik,O
000051-005,yang,O
000051-005,tidak,O
000051-005,ikut,O
000051-005,sujud,O
000051-005,.,O
000051-005,Pada,O
000051-005,saat,O
000051-005,itulah,O
000051-005,mereka,O
000051-005,mendustakan,O
000051-005,Rasulullah,B_PERSON
000051-005,dan,O
000051-005,mengada-ngadakan,O
000051-005,perkataan,O
000051-005,untuk,O
000051-005,memojokkan,O
000051-005,beliau,O
000051-005,",",O
000051-005,bahwa,O
000051-005,beliau,O
000051-005,menyebutkan,O
000051-005,nama-nama,O
000051-005,berhala,O
000051-005,mereka,O
000051-005,dengan,O
000051-005,ungkapan,O
000051-005,berisi,O
000051-005,sanjungan,O
000051-005,",",O
000051-005,bahwa,O
000051-005,beliau,O
000051-005,berkata,O
000051-005,tentang,O
000051-005,berhala-berhala,O
000051-005,itu,O
000051-005,.,O
000051-005,"""",O
000051-005,Itulah,O
000051-005,Gharaniq,O
000051-005,yang,O
000051-005,luhur,O
000051-005,",",O
000051-005,yang,O
000051-005,syafaatnya,O
000051-005,benar-benar,O
000051-005,diharapkan,O
000051-005,".""",O
000051-005,Mereka,O
000051-005,membuat,O
000051-005,kedustaan,O
000051-005,yang,O
000051-005,nyata,O
000051-005,ini,O
000051-005,",",O
000051-005,sebagai,O
000051-005,alasan,O
000051-005,untuk,O
000051-005,menutup-nutupi,O
000051-005,sujud,O
000051-005,mereka,O
000051-005,bersama,O
000051-005,Nabi,O
000051-005,.,O
000051-005,Tindakan,O
000051-005,seperti,O
000051-005,ini,O
000051-005,tidak,O
000051-005,terlalu,O
000051-005,mengherankan,O
000051-005,",",O
000051-005,sebab,O
000051-005,mereka,O
000051-005,sudah,O
000051-005,biasa,O
000051-005,membuat,O
000051-005,kedustaan,O
000051-005,dan,O
000051-005,mengarang-ngarang,O
000051-005,cerita,O
000051-005,bohong,O
000051-005,.,O
000051-005,5,O
000051-005,Cerita,O
000051-005,tentang,O
000051-005,Gharabiq,O
000051-005,dan,O
000051-005,sujudnya,O
000051-005,orang-orang,O
000051-005,musyrik,O
000051-005,ini,O
000051-005,didengar,O
000051-005,para,O
000051-005,Muhajirin,O
000051-005,di,O
000051-005,Habasyah,B_LOCATION
000051-005,",",O
000051-005,tetapi,O
000051-005,dengan,O
000051-005,versi,O
000051-005,yang,O
000051-005,berbeda,O
000051-005,jauh,O
000051-005,dengan,O
000051-005,gambaran,O
000051-005,yang,O
000051-005,hakiki,O
000051-005,.,O
000051-005,Ceritanya,O
000051-005,bahwa,O
000051-005,orang-orang,O
000051-005,Quraisy,O
000051-005,sudah,O
000051-005,masuk,O
000051-005,Islam,O
000051-005,.,O
000051-005,Oleh,O
000051-005,karena,O
000051-005,itu,O
000051-005,mereka,O
000051-005,pulang,O
000051-005,ke,O
000051-005,Makkah,B_LOCATION
000051-005,pada,O
000051-005,bulan,B_TIME
000051-005,Syawwal,I_TIME
000051-005,pada,O
000051-005,tahun,O
000051-005,yang,O
000051-005,sama,O
000051-005,.,O
000051-005,Hampir,O
000051-005,mendekati,O
000051-005,Makkah,B_LOCATION
000051-005,sebelum,O
000051-005,tengah,O
000051-005,hari,O
000051-005,",",O
000051-005,mereka,O
000051-005,pun,O
000051-005,tahu,O
000051-005,apa,O
000051-005,yang,O
000051-005,sebenarnya,O
000051-005,terjadi,O
000051-005,.,O
000052-004,Lalu,O
000052-004,kaum,O
000052-004,kami,O
000052-004,memusuhi,O
000052-004,kami,O
000052-004,",",O
000052-004,menyiksa,O
000052-004,kami,O
000052-004,dan,O
000052-004,menimbulkan,O
000052-004,cobaan,O
000052-004,terhadap,O
000052-004,agama,O
000052-004,kami,O
000052-004,",",O
000052-004,dengan,O
000052-004,tujuan,O
000052-004,untuk,O
000052-004,mengembalikan,O
000052-004,kami,O
000052-004,kepada,O
000052-004,penyembahan,O
000052-004,terhadap,O
000052-004,patung,O
000052-004,",",O
000052-004,tanpa,O
000052-004,diperbolehkan,O
000052-004,menyembah,O
000052-004,Allah,O
000052-004,",",O
000052-004,agar,O
000052-004,kami,O
000052-004,menghalalkan,O
000052-004,berbagai,O
000052-004,macam,O
000052-004,keburukan,O
000052-004,seperti,O
000052-004,dahulu,O
000052-004,.,O
000052-004,Setelah,O
000052-004,mereka,O
000052-004,menekan,O
000052-004,",",O
000052-004,berbuat,O
000052-004,semena-mena,O
000052-004,",",O
000052-004,mempersempit,O
000052-004,gerak,O
000052-004,kami,O
000052-004,dan,O
000052-004,menghalangi,O
000052-004,diri,O
000052-004,kami,O
000052-004,dari,O
000052-004,agama,O
000052-004,kami,O
000052-004,",",O
000052-004,maka,O
000052-004,kami,O
000052-004,pun,O
000052-004,pergi,O
000052-004,ke,O
000052-004,negeri,O
000052-004,tuan,O
000052-004,dan,O
000052-004,memilih,O
000052-004,tuan,O
000052-004,daripada,O
000052-004,orang,O
000052-004,lain,O
000052-004,.,O
000052-004,Kami,O
000052-004,gembira,O
000052-004,mendapat,O
000052-004,perlindungan,O
000052-004,tuan,O
000052-004,dan,O
000052-004,kami,O
000052-004,tetap,O
000052-004,berharap,O
000052-004,agar,O
000052-004,kami,O
000052-004,tidak,O
000052-004,dizhalimi,O
000052-004,di,O
000052-004,sisi,O
000052-004,tuan,O
000052-004,",",O
000052-004,wahai,O
000052-004,tuan,O
000052-004,Raja,O
000052-004,"!""""",O
000052-004,"""",O
000052-004,Apakah,O
000052-004,engkau,O
000052-004,bisa,O
000052-004,membacakan,O
000052-004,sedikit,O
000052-004,ajaran,O
000052-004,dari,O
000052-004,Allah,O
000052-004,yang,O
000052-004,dibawa,O
000052-004,(,O
000052-004,Rasulullah,B_PERSON
000052-004,")?""",O
000052-004,tanya,O
000052-004,Najasyi,B_PERSON
000052-004,.,O
000052-004,"""",O
000052-004,Ya,O
000052-004,".""",O
000052-004,Jawab,O
000052-004,Ja'far,O
000052-004,.,O
000052-004,"""",O
000052-004,Kalau,O
000052-004,begitu,O
000052-004,bacakanlah,O
000052-004,kepadaku,O
000052-004,"!""",O
000052-004,Lalu,O
000052-004,Ja'far,O
000052-004,membacakan,O
000052-004,dengan,O
000052-004,menghafal,O
000052-004,",",O
000052-004,dari,O
000052-004,",",O
000052-004,"""",O
000052-004,Kaf,O
000052-004,ha'ya',O
000052-004,ain,O
000052-004,shad,O
000052-004,""".",O
000052-004,Dari,O
000052-004,surat,O
000052-004,Maryam,O
000052-004,.,O
000052-004,Demi,O
000052-004,Allah,O
000052-004,",",O
000052-004,Najasyi,B_PERSON
000052-004,menangis,O
000052-004,hingga,O
000052-004,membasahi,O
000052-004,jenggotnya,O
000052-004,",",O
000052-004,begitu,O
000052-004,pula,O
000052-004,para,O
000052-004,uskupnya,O
000052-004,hingga,O
000052-004,jenggot,O
000052-004,mereka,O
000052-004,basah,O
000052-004,oleh,O
000052-004,air,O
000052-004,mata,O
000052-004,",",O
000052-004,tatkala,O
000052-004,mendengar,O
000052-004,apa,O
000052-004,yang,O
000052-004,dibacakan,O
000052-004,kepada,O
000052-004,mereka,O
000052-004,.,O
000052-004,Kemudian,O
000052-004,Najasyi,B_PERSON
000052-004,berkata,O
000052-004,",",O
000052-004,"""",O
000052-004,Sesungguhnya,O
000052-004,ini,O
000052-004,dan,O
000052-004,yang,O
000052-004,dibawa,O
000052-004,Isa,B_PERSON
000052-004,benar-,O
000052-004,benar,O
000052-004,keluar,O
000052-004,dari,O
000052-004,satu,O
000052-004,misykat,O
000052-004,.,O
000052-004,Pergilah,O
000052-004,kalian,O
000052-004,berdua,O
000052-004,.,O
000052-004,Demi,O
000052-004,Allah,O
000052-004,aku,O
000052-004,tidak,O
000052-004,akan,O
000052-004,menyerahkan,O
000052-004,mereka,O
000052-004,kepada,O
000052-004,kalian,O
000052-004,berdua,O
000052-004,dan,O
000052-004,sama,O
000052-004,sekali,O
000052-004,tidak,O
000052-004,".""",O
000052-004,Maka,O
000052-004,keduanya,O
000052-004,beranjak,O
000052-004,pergi,O
000052-004,dari,O
000052-004,hadapan,O
000052-004,Najasyi,B_PERSON
000052-004,.,O
000055-004,Kemudian,O
000055-004,beliau,O
000055-004,melewati,O
000055-004,mereka,O
000055-004,dalam,O
000055-004,keadaan,O
000055-004,thawaf,O
000055-004,mengelilingi,O
000055-004,Ka'bah,B_LOCATION
000055-004,.,O
000055-004,Mereka,O
000055-004,memberondong,O
000055-004,beliau,O
000055-004,dengan,O
000055-004,kata-kata,O
000055-004,penghinaan,O
000055-004,.,O
000055-004,Aku,O
000055-004,bisa,O
000055-004,melihat,O
000055-004,yang,O
000055-004,demikian,O
000055-004,itu,O
000055-004,di,O
000055-004,wajah,O
000055-004,beliau,O
000055-004,.,O
000055-004,Tatkala,O
000055-004,lewat,O
000055-004,untuk,O
000055-004,kedua,O
000055-004,kalinya,O
000055-004,",",O
000055-004,mereka,O
000055-004,melakukan,O
000055-004,hal,O
000055-004,yang,O
000055-004,sama,O
000055-004,lagi,O
000055-004,.,O
000055-004,Aku,O
000055-004,bisa,O
000055-004,mengetahui,O
000055-004,yang,O
000055-004,demikian,O
000055-004,itu,O
000055-004,di,O
000055-004,wajah,O
000055-004,beliau,O
000055-004,.,O
000055-004,Kemudian,O
000055-004,tatkala,O
000055-004,beliau,O
000055-004,lewat,O
000055-004,untuk,O
000055-004,ketiga,O
000055-004,kalinya,O
000055-004,",",O
000055-004,mereka,O
000055-004,melakukan,O
000055-004,hal,O
000055-004,yang,O
000055-004,sama,O
000055-004,lagi,O
000055-004,.,O
000055-004,Saat,O
000055-004,itu,O
000055-004,beliau,O
000055-004,berdiri,O
000055-004,kemudian,O
000055-004,bersabda,O
000055-004,",",O
000055-004,"""",O
000055-004,Adakah,O
000055-004,kalian,O
000055-004,mendengar,O
000055-004,wahai,O
000055-004,semua,O
000055-004,orang,O
000055-004,Quraisy,O
000055-004,?,O
000055-004,Demi,O
000055-004,diriku,O
000055-004,ada,O
000055-004,di,O
000055-004,Tangan-Nya,O
000055-004,",",O
000055-004,aku,O
000055-004,telah,O
000055-004,datang,O
000055-004,kepada,O
000055-004,kalian,O
000055-004,sambil,O
000055-004,membawa,O
000055-004,sembelihan,O
000055-004,".""",O
000055-004,Kata-kata,O
000055-004,beliau,O
000055-004,ini,O
000055-004,terus,O
000055-004,mengiang-ngiang,O
000055-004,di,O
000055-004,dalam,O
000055-004,diri,O
000055-004,mereka,O
000055-004,",",O
000055-004,hingga,O
000055-004,masing-masing,O
000055-004,di,O
000055-004,antara,O
000055-004,mereka,O
000055-004,merasa,O
000055-004,di,O
000055-004,atas,O
000055-004,kepalanya,O
000055-004,ada,O
000055-004,burung,O
000055-004,yang,O
000055-004,akan,O
000055-004,menyambar,O
000055-004,.,O
000055-004,Hingga,O
000055-004,ada,O
000055-004,di,O
000055-004,antara,O
000055-004,mereka,O
000055-004,yang,O
000055-004,berusaha,O
000055-004,menghibur,O
000055-004,diri,O
000055-004,dari,O
000055-004,rasa,O
000055-004,takutnya,O
000055-004,dengan,O
000055-004,cara,O
000055-004,yang,O
000055-004,dianggap,O
000055-004,paling,O
000055-004,baik,O
000055-004,",",O
000055-004,lalu,O
000055-004,berkata,O
000055-004,",",O
000055-004,"""",O
000055-004,Pergilah,O
000055-004,wahai,O
000055-004,Abu,B_PERSON
000055-004,Al-Qasim,I_PERSON
000055-004,.,O
000055-004,Demi,O
000055-004,Allah,O
000055-004,",",O
000055-004,engkau,O
000055-004,bukanlah,O
000055-004,orang,O
000055-004,yang,O
000055-004,asing,O
000055-004,".""",O
000055-004,Besoknya,O
000055-004,mereka,O
000055-004,berkumpul,O
000055-004,lagi,O
000055-004,",",O
000055-004,dan,O
000055-004,selagi,O
000055-004,beliau,O
000055-004,muncul,O
000055-004,",",O
000055-004,mereka,O
000055-004,berembug,O
000055-004,.,O
000055-004,Akhirnya,O
000055-004,secara,O
000055-004,serentak,O
000055-004,mereka,O
000055-004,merembug,O
000055-004,dan,O
000055-004,mengepung,O
000055-004,beliau,O
000055-004,.,O
000055-004,Kulihat,O
000055-004,seorang,O
000055-004,di,O
000055-004,antara,O
000055-004,mereka,O
000055-004,memegang,O
000055-004,jubah,O
000055-004,beliau,O
000055-004,.,O
000055-004,Abu,B_PERSON
000055-004,Bakar,I_PERSON
000055-004,berdiri,O
000055-004,di,O
000055-004,samping,O
000055-004,beliau,O
000055-004,",",O
000055-004,sambil,O
000055-004,menangis,O
000055-004,dia,O
000055-004,berkata,O
000055-004,",",O
000055-004,"""",O
000055-004,Apakah,O
000055-004,kalian,O
000055-004,tega,O
000055-004,membunuh,O
000055-004,seseorang,O
000055-004,yang,O
000055-004,berkata,O
000055-004,",",O
000055-004,Rabb-ku,O
000055-004,adalah,O
000055-004,Allah,O
000055-004,"?""",O
000055-004,Kemudian,O
000055-004,mereka,O
000055-004,beranjak,O
000055-004,pergi,O
000055-004,meninggalkan,O
000055-004,beliau,O
000055-004,.,O
000055-004,An-Nabawiyah,O
000055-004,",",O
000055-004,Ibnu,B_PERSON
000055-004,Ibnu,I_PERSON
000055-004,Amru,I_PERSON
000055-004,berkata,O
000055-004,",",O
000055-004,"""",O
000055-004,Itulah,O
000055-004,kondisi,O
000055-004,paling,O
000055-004,keras,O
000055-004,yang,O
000055-004,dilakukan,O
000055-004,Quraisy,O
000055-004,.,O
000057-011,Apalagi,O
000057-011,jika,O
000057-011,pertemuan,O
000057-011,itu,O
000057-011,satu,O
000057-011,lawan,O
000057-011,satu,O
000057-011,.,O
000057-011,Tatkala,O
000057-011,mereka,O
000057-011,bergerombol,O
000057-011,dan,O
000057-011,tahu,O
000057-011,keislaman,O
000057-011,Umar,B_PERSON
000057-011,",",O
000057-011,mereka,O
000057-011,pun,O
000057-011,berani,O
000057-011,mengeroyoknya,O
000057-011,dan,O
000057-011,terjadilah,O
000057-011,apa,O
000057-011,yang,O
000057-011,terjadi,O
000057-011,",",O
000057-011,pent,O
000057-011,.,O
000057-011,itulah,O
000057-011,Rasulullah,B_PERSON
000057-011,menjuluki,O
000057-011,"""",O
000057-011,Al-Faruq,O
000057-011,"""",O
000057-011,(,O
000057-011,yang,O
000057-011,suka,O
000057-011,memisahkan,O
000057-011,antara,O
000057-011,haq,O
000057-011,dan,O
000057-011,Ibnu,B_PERSON
000057-011,Mas'ud,I_PERSON
000057-011,"berkata,""Hampir-hampir",O
000057-011,kami,O
000057-011,tidak,O
000057-011,bisa,O
000057-011,mendirikan,O
000057-011,shalat,O
000057-011,di,O
000057-011,dekat,O
000057-011,Ka'bah,B_LOCATION
000057-011,hingga,O
000057-011,Umar,B_PERSON
000057-011,masuk,O
000057-011,Dari,O
000057-011,Shuhaib,B_PERSON
000057-011,bin,I_PERSON
000057-011,Sinar,I_PERSON
000057-011,Ar-Rumi,I_PERSON
000057-011,",",O
000057-011,dia,O
000057-011,berkata,O
000057-011,",",O
000057-011,"""",O
000057-011,Setelah,O
000057-011,Umar,B_PERSON
000057-011,masuk,O
000057-011,Islam,O
000057-011,",",O
000057-011,maka,O
000057-011,Islam,O
000057-011,menjadi,O
000057-011,tampak,O
000057-011,dan,O
000057-011,dakwah,O
000057-011,kepadanya,O
000057-011,dilakukan,O
000057-011,secara,O
000057-011,terang-terangan,O
000057-011,.,O
000057-011,Kami,O
000057-011,bisa,O
000057-011,duduk,O
000057-011,membuat,O
000057-011,lingkaran,O
000057-011,di,O
000057-011,sekitar,O
000057-011,Baitul-Haram,B_LOCATION
000057-011,",",O
000057-011,thawaf,O
000057-011,di,O
000057-011,sekeliling,O
000057-011,Ka'bah,B_LOCATION
000057-011,",",O
000057-011,berani,O
000057-011,mengambil,O
000057-011,tindakan,O
000057-011,terhadap,O
000057-011,orang,O
000057-011,yang,O
000057-011,berlaku,O
000057-011,kasar,O
000057-011,kepada,O
000057-011,kami,O
000057-011,dan,O
000057-011,Diriwayatkan,O
000057-011,dari,O
000057-011,Abdullah,B_PERSON
000057-011,bin,I_PERSON
000057-011,Mas'ud,I_PERSON
000057-011,",",O
000057-011,dia,O
000057-011,berkata,O
000057-011,",",O
000057-011,"""",O
000057-011,Kami,O
000057-011,merasa,O
000057-011,kuat,O
000115-002,Oleh,O
000115-002,karena,O
000115-002,itu,O
000115-002,",",O
000115-002,Rasulullah,B_PERSON
000115-002,mengumumkan,O
000115-002,kepada,O
000115-002,orang-orang,O
000115-002,Muslim,O
000115-002,",",O
000115-002,"""",O
000115-002,Ini,O
000115-002,adalah,O
000115-002,kafilah,O
000115-002,dagang,O
000115-002,Quraisy,O
000115-002,yang,O
000115-002,membawa,O
000115-002,harta,O
000115-002,benda,O
000115-002,mereka,O
000115-002,.,O
000115-002,Hadanglah,O
000115-002,kafilah,O
000115-002,itu,O
000115-002,",",O
000115-002,semoga,O
000115-002,Allah,O
000115-002,memberikan,O
000115-002,barang,O
000115-002,rampasan,O
000115-002,itu,O
000115-002,kepada,O
000115-002,kalian,O
000115-002,".""",O
000115-002,Beliau,O
000115-002,tidak,O
000115-002,menekankan,O
000115-002,kepada,O
000115-002,seorang,O
000115-002,pun,O
000115-002,di,O
000115-002,antara,O
000115-002,mereka,O
000115-002,untuk,O
000115-002,bergabung,O
000115-002,",",O
000115-002,tetapi,O
000115-002,beliau,O
000115-002,menyerahkan,O
000115-002,masalah,O
000115-002,ini,O
000115-002,kepada,O
000115-002,kerelaan,O
000115-002,mereka,O
000115-002,Sebab,O
000115-002,kali,O
000115-002,ini,O
000115-002,tidak,O
000115-002,akan,O
000115-002,terjadi,O
000115-002,bentrokan,O
000115-002,yang,O
000115-002,seru,O
000115-002,dengan,O
000115-002,pasukan,O
000115-002,Quraisy,O
000115-002,",",O
000115-002,dan,O
000115-002,memang,O
000115-002,bentrokan,O
000115-002,ini,O
000115-002,baru,O
000115-002,terjadi,O
000115-002,saat,O
000115-002,di,O
000115-002,Badr,B_LOCATION
000115-002,.,O
000115-002,Oleh,O
000115-002,karena,O
000115-002,itu,O
000115-002,",",O
000115-002,banyak,O
000115-002,sahabat,O
000115-002,yang,O
000115-002,memilih,O
000115-002,tetap,O
000115-002,di,O
000115-002,Madinah,B_LOCATION
000115-002,.,O
000115-002,Sebab,O
000115-002,ketetapan,O
000115-002,kali,O
000115-002,ini,O
000115-002,tak,O
000115-002,berbeda,O
000115-002,dengan,O
000115-002,ketetapan,O
000115-002,beliau,O
000115-002,dalam,O
000115-002,mengirimkan,O
000115-002,satuan-satuan,O
000115-002,pasukan,O
000115-002,sebelumnya,O
000115-002,.,O
000115-002,Karena,O
000115-002,itu,O
000115-002,",",O
000115-002,mereka,O
000115-002,pun,O
000115-002,tidak,O
000115-002,mengingkari,O
000115-002,keputusan,O
000115-002,beliau,O
000115-002,untuk,O
000115-002,tidak,O
000115-002,ikut,O
000115-002,dalam,O
000115-002,penghadangan,O
000115-002,ini,O
000115-002,.,O
000117-001,Tanpa,O
000117-001,rasa,O
000117-001,gentar,O
000117-001,sedikit,O
000117-001,pun,O
000117-001,Rasulullah,B_PERSON
000117-001,berangkat,O
000117-001,dari,O
000117-001,jantung,O
000117-001,Madinah,B_LOCATION
000117-001,bersama,O
000117-001,pasukan,O
000117-001,ini,O
000117-001,",",O
000117-001,berjalan,O
000117-001,melewati,O
000117-001,jalur,O
000117-001,pokok,O
000117-001,menuju,O
000117-001,Makkah,B_LOCATION
000117-001,",",O
000117-001,hingga,O
000117-001,tiba,O
000117-001,di,O
000117-001,sumur,O
000117-001,Ar-Rauha,O
000117-001,yang,O
000117-001,sekalipun,O
000117-001,belum,O
000117-001,pernah,O
000117-001,didatangi,O
000117-001,beliau,O
000117-001,.,O
000117-001,Dari,O
000117-001,sini,O
000117-001,beliau,O
000117-001,tidak,O
000117-001,mengambil,O
000117-001,jalan,O
000117-001,ke,O
000117-001,kiri,O
000117-001,yang,O
000117-001,menuju,O
000117-001,Makkah,B_LOCATION
000117-001,",",O
000117-001,tetapi,O
000117-001,justru,O
000117-001,mengambil,O
000117-001,jalan,O
000117-001,ke,O
000117-001,arah,O
000117-001,kanan,O
000117-001,menuju,O
000117-001,Badr,B_LOCATION
000117-001,",",O
000117-001,melewati,O
000117-001,Rahaqan,B_LOCATION
000117-001,dan,O
000117-001,tiba,O
000117-001,di,O
000117-001,Ash-Shafra',O
000117-001,.,O
000117-001,Dari,O
000117-001,sana,O
000117-001,beliau,O
000117-001,mengirim,O
000117-001,Basbas,B_PERSON
000117-001,bin,I_PERSON
000117-001,Amr,I_PERSON
000117-001,dan,O
000117-001,Adi,B_PERSON
000117-001,bin,I_PERSON
000117-001,Abu,I_PERSON
000117-001,Az-Za'ba',I_PERSON
000117-001,Al-Juhannya,O
000117-001,agar,O
000117-001,pergi,O
000117-001,ke,O
000117-001,Badr,B_LOCATION
000117-001,",",O
000117-001,untuk,O
000117-001,mencari,O
000117-001,berita,O
000117-001,tenang,O
000117-001,kafilah,O
000117-001,dagang,O
000117-001,Quraisy,O
000119-002,Mereka,O
000119-002,benar-benar,O
000119-002,bimbang,O
000119-002,.,O
000119-002,Namun,O
000119-002,kemudian,O
000119-002,muncul,O
000119-002,seorang,O
000119-002,iblis,O
000119-002,yang,O
000119-002,bernama,O
000119-002,Suraqah,B_PERSON
000119-002,bin,I_PERSON
000119-002,Malik,I_PERSON
000119-002,bin,I_PERSON
000119-002,Ju'stum,I_PERSON
000119-002,Al-Mudliji,O
000119-002,pemimpin,O
000119-002,Bani,O
000119-002,Kinanah,O
000119-002,",",O
000119-002,lalu,O
000119-002,berkata,O
000119-002,kepada,O
000119-002,mereka,O
000119-002,",",O
000119-002,"""",O
000119-002,Akulah,O
000119-002,yang,O
000119-002,akan,O
000119-002,menjamin,O
000119-002,bagi,O
000119-002,kalian,O
000119-002,andaikan,O
000119-002,Bani,O
000119-002,Kinanah,O
000119-002,memukul,O
000119-002,kalian,O
000119-002,dari,O
000119-002,belakang,O
000119-002,.,O
000119-002,yang,O
000119-002,dapat,O
000119-002,merugikan,O
000119-002,kalian,O
000119-002,".""",O
000121-001,Seperti,O
000121-001,yang,O
000121-001,dituturkan,O
000121-001,Abu,B_PERSON
000121-001,Sufyan,I_PERSON
000121-001,",",O
000121-001,tadinya,O
000121-001,dia,O
000121-001,mengambil,O
000121-001,jalur,O
000121-001,pokok,O
000121-001,yang,O
000121-001,menuju,O
000121-001,Makkah,B_LOCATION
000121-001,.,O
000121-001,Oleh,O
000121-001,karena,O
000121-001,itu,O
000121-001,dia,O
000121-001,meningkatkan,O
000121-001,kewaspadaan,O
000121-001,dan,O
000121-001,selalu,O
000121-001,menyelidiki,O
000121-001,.,O
000121-001,Tatkala,O
000121-001,kafilahnya,O
000121-001,sudah,O
000121-001,mendekati,O
000121-001,Badr,B_LOCATION
000121-001,",",O
000121-001,dia,O
000121-001,mendahului,O
000121-001,rombongan,O
000121-001,hingga,O
000121-001,bertemu,O
000121-001,dengan,O
000121-001,Majdi,B_PERSON
000121-001,bin,I_PERSON
000121-001,Amr,I_PERSON
000121-001,",",O
000121-001,dan,O
000121-001,menanyakan,O
000121-001,pasukan,O
000121-001,Madinah,B_LOCATION
000121-001,kepadanya,O
000121-001,.,O
000121-001,"""",O
000121-001,Aku,O
000121-001,tidak,O
000121-001,melihat,O
000121-001,seorang,O
000121-001,pun,O
000121-001,yang,O
000121-001,dicurigai,O
000121-001,.,O
000121-001,Hanya,O
000121-001,saja,O
000121-001,tadi,O
000121-001,kulihat,O
000121-001,ada,O
000121-001,dua,O
000121-001,orang,O
000121-001,penunggang,O
000121-001,yang,O
000121-001,berhenti,O
000121-001,di,O
000121-001,bukit,O
000121-001,itu,O
000121-001,",""",O
000121-001,jawab,O
000121-001,Majdi,O
000121-001,Setelah,O
000121-001,mengisi,O
000121-001,kantong,O
000121-001,air,O
000121-001,",",O
000121-001,keduanya,O
000121-001,pun,O
000121-001,pergi,O
000121-001,.,O
000121-001,Abu,B_PERSON
000121-001,Sufyan,I_PERSON
000121-001,segera,O
000121-001,mendatangi,O
000121-001,tempat,O
000121-001,menderum,O
000121-001,onta,O
000121-001,dua,O
000121-001,orang,O
000121-001,yang,O
000121-001,dimaksudkan,O
000121-001,Majdi,O
000121-001,dan,O
000121-001,meneliti,O
000121-001,kotorannya,O
000121-001,",",O
000121-001,yang,O
000121-001,ternyata,O
000121-001,di,O
000121-001,sana,O
000121-001,ada,O
000121-001,biji-bijian,O
000121-001,yang,O
000121-001,masih,O
000121-001,utuh,O
000121-001,.,O
000121-001,Dia,O
000121-001,berkata,O
000121-001,",",O
000121-001,Demi,O
000121-001,Allah,O
000121-001,",",O
000121-001,ini,O
000121-001,adalah,O
000121-001,makanan,O
000121-001,hewan,O
000121-001,dari,O
000121-001,Yatsrib,B_LOCATION
000121-001,".""",O
000121-001,Secepat,O
000121-001,itu,O
000121-001,pula,O
000121-001,dia,O
000121-001,kembali,O
000121-001,menemui,O
000121-001,kafilahnya,O
000121-001,dan,O
000121-001,mengalihkan,O
000121-001,arah,O
000121-001,perjalanan,O
000121-001,menuju,O
000121-001,ke,O
000121-001,barat,O
000121-001,menuju,O
000121-001,pesisir,O
000121-001,pantai,O
000121-001,",",O
000121-001,tidak,O
000121-001,jadi,O
000121-001,mengambil,O
000121-001,jalan,O
000121-001,pokok,O
000121-001,yang,O
000121-001,melewati,O
000121-001,Badr,B_LOCATION
000121-001,",",O
000121-001,tepatnya,O
000121-001,ke,O
000121-001,arah,O
000121-001,kiri,O
000121-001,.,O
000121-001,Dengan,O
000121-001,cara,O
000121-001,itu,O
000121-001,kafilah,O
000121-001,Abu,B_PERSON
000121-001,Sufyan,I_PERSON
000121-001,bisa,O
000121-001,selamat,O
000121-001,dari,O
000121-001,hadangan,O
000121-001,pasukan,O
000121-001,Madinah,B_LOCATION
000121-001,lalu,O
000121-001,mengirim,O
000121-001,surat,O
000121-001,ke,O
000121-001,pasukan,O
000121-001,Makkah,B_LOCATION
000121-001,yang,O
000121-001,sudah,O
000121-001,tiba,O
000121-001,di,O
000121-001,Al-Juhfah,B_LOCATION
000121-001,.,O
000124-004,Demi,O
000124-004,Allah,O
000124-004,",",O
000124-004,jika,O
000124-004,engkau,O
000124-004,maju,O
000124-004,hingga,O
000124-004,mencapai,O
000124-004,dasar,O
000124-004,sumur,O
000124-004,yang,O
000124-004,gelap,O
000124-004,",",O
000124-004,tentu,O
000124-004,kami,O
000124-004,akan,O
000124-004,maju,O
000124-004,bersama,O
000124-004,engkau,O
000124-004,.,O
000124-004,Demi,O
000124-004,Allah,O
000124-004,",",O
000124-004,jika,O
000124-004,engkau,O
000124-004,terhalang,O
000124-004,lautan,O
000124-004,bersama,O
000124-004,kami,O
000124-004,",",O
000124-004,lalu,O
000124-004,engkau,O
000124-004,terjun,O
000124-004,ke,O
000124-004,lautan,O
000124-004,itu,O
000124-004,",",O
000124-004,tentu,O
000124-004,kami,O
000124-004,juga,O
000124-004,akan,O
000124-004,terjun,O
000124-004,bersama,O
000124-004,engkau,O
000124-004,.,O
000124-004,Rasulullah,B_PERSON
000124-004,merasa,O
000124-004,gembira,O
000124-004,dengan,O
000124-004,apa,O
000124-004,yang,O
000124-004,dikatakan,O
000124-004,Sa'd,O
000124-004,dan,O
000124-004,semangatnya,O
000124-004,yang,O
000124-004,menggebu-gebu,O
000124-004,.,O
000124-004,Maka,O
000124-004,beliau,O
000124-004,bersabda,O
000124-004,",",O
000124-004,"""",O
000124-004,Majulah,O
000124-004,kalian,O
000124-004,dan,O
000124-004,terimalah,O
000124-004,kabar,O
000124-004,gembira,O
000124-004,",",O
000124-004,karena,O
000124-004,Allah,O
000124-004,telah,O
000124-004,menjanjikan,O
000124-004,salah,O
000124-004,satu,O
000124-004,dari,O
000124-004,dua,O
000124-004,pihak,O
000124-004,kepadaku,O
000124-004,.,O
000124-004,Demi,O
000124-004,Allah,O
000124-004,",",O
000124-004,seakan-akan,O
000124-004,saat,O
000124-004,ini,O
000124-004,aku,O
000124-004,bisa,O
000124-004,melihat,O
000124-004,tempat,O
000124-004,kematian,O
000124-004,mereka,O
000124-004,".""",O
000124-004,Setelah,O
000124-004,itu,O
000124-004,Rasulullah,B_PERSON
000124-004,meninggalkan,O
000124-004,Dzafiran,O
000124-004,untuk,O
000124-004,melanjutkan,O
000124-004,perjalanan,O
000124-004,.,O
000124-004,Beliau,O
000124-004,melewati,O
000124-004,jalan,O
000124-004,bukit,O
000124-004,yang,O
000124-004,disebut,O
000124-004,Al-Ashafir,O
000124-004,",",O
000124-004,kemudian,O
000124-004,cepat-cepat,O
000124-004,menuju,O
000124-004,suatu,O
000124-004,tempat,O
000124-004,yang,O
000124-004,disebut,O
000124-004,Ad-Dabbah,O
000124-004,dan,O
000124-004,meninggalkan,O
000124-004,Al-Hannan,O
000124-004,di,O
000124-004,sebelah,O
000124-004,kanannya,O
000124-004,",",O
000124-004,yaitu,O
000124-004,sebuah,O
000124-004,bukit,O
000124-004,pasir,O
000124-004,yang,O
000124-004,menyerupai,O
000124-004,gunung,O
000124-004,yang,O
000124-004,kokoh,O
000124-004,",",O
000124-004,kemudian,O
000124-004,tiba,O
000124-004,di,O
000124-004,dekat,O
000124-004,Badr,B_LOCATION
000124-004,.,O
000128-001,Kemudian,O
000128-001,Rasulullah,B_PERSON
000128-001,mempersiapkan,O
000128-001,pasukan,O
000128-001,",",O
000128-001,berkeliling,O
000128-001,di,O
000128-001,sekitar,O
000128-001,arena,O
000128-001,yang,O
000128-001,akan,O
000128-001,dijadikan,O
000128-001,ajang,O
000128-001,pertempuran,O
000128-001,.,O
000128-001,Beliau,O
000128-001,menunjukkan,O
000128-001,jarinya,O
000128-001,ke,O
000128-001,suatu,O
000128-001,tempat,O
000128-001,sambil,O
000128-001,bersabda,O
000128-001,",",O
000128-001,Ini,O
000128-001,tempat,O
000128-001,kematian,O
000128-001,Fulan,O
000128-001,esok,O
000128-001,hari,O
000128-001,insya,O
000128-001,Allah,O
000128-001,",",O
000128-001,dan,O
000128-001,ini,O
000128-001,tempat,O
000128-001,kematiannya,O
000128-001,Fulan,O
000128-001,insya,O
000128-001,Allah,O
000128-001,".""",O
000128-001,Pada,O
000128-001,malam,O
000128-001,itu,O
000128-001,beliau,O
000128-001,sering,O
000128-001,melaksanakan,O
000128-001,shalat,O
000128-001,di,O
000128-001,dekat,O
000128-001,pangkal,O
000128-001,pohon,O
000128-001,yang,O
000128-001,tumbuh,O
000128-001,di,O
000128-001,sana,O
000128-001,.,O
000128-001,Sedangkan,O
000128-001,orang-orang,O
000128-001,Muslim,O
000128-001,tidur,O
000128-001,dengan,O
000128-001,hembusan,O
000128-001,napas,O
000128-001,yang,O
000128-001,tenang,O
000128-001,seakan,O
000128-001,menyinari,O
000128-001,angkasa,O
000128-001,.,O
000128-001,Hati,O
000128-001,mereka,O
000128-001,ditaburi,O
000128-001,keyakinan,O
000128-001,Mereka,O
000128-001,cukup,O
000128-001,istirahat,O
000128-001,pada,O
000128-001,malam,O
000128-001,itu,O
000128-001,",",O
000128-001,dengan,O
000128-001,harapan,O
000128-001,esok,O
000128-001,paginya,O
000128-001,dapat,O
000128-001,melihat,O
000128-001,kabar,O
000128-001,gembira,O
000128-001,dari,O
000128-001,Allah,O
000128-001,"""(",O
000128-001,Ingatlah,O
000128-001,),O
000128-001,ketika,O
000128-001,Allah,O
000128-001,menjadikan,O
000128-001,kalian,O
000128-001,mengantuk,O
000128-001,sebagai,O
000128-001,suatu,O
000128-001,penentram,O
000128-001,dari-Nya,O
000128-001,",",O
000128-001,dan,O
000128-001,Allah,O
000128-001,menurunkan,O
000128-001,kepada,O
000128-001,kalian,O
000128-001,hujan,O
000128-001,dari,O
000128-001,langit,O
000128-001,untuk,O
000128-001,mensucikan,O
000128-001,kalian,O
000128-001,dengan,O
000128-001,hujan,O
000128-001,itu,O
000128-001,dan,O
000128-001,menghilangkan,O
000128-001,dari,O
000128-001,kalian,O
000128-001,gangguan-gangguan,O
000128-001,setan,O
000128-001,dan,O
000128-001,untuk,O
000128-001,menguatkan,O
000128-001,hati,O
000128-001,kalian,O
000128-001,dan,O
000128-001,memperteguh,O
000128-001,dengannya,O
000128-001,telapak,O
000128-001,kaki,O
000128-001,(,O
000128-001,kalian,O
000128-001,).,O
000128-001,"""",O
000128-001,(,O
000128-001,Al-Anfal,O
000128-001,:,O
000128-001,11,O
000128-001,),O
000128-001,Malam,O
000128-001,itu,O
000128-001,adalah,O
000128-001,malam,O
000128-001,Jum'at,O
000128-001,",",O
000128-001,tanggal,B_TIME
000128-001,17,I_TIME
000128-001,Ramadhan,I_TIME
000128-001,2,I_TIME
000128-001,H,I_TIME
000128-001,.,O
000128-001,Sementara,O
000128-001,keberangkatan,O
000128-001,beliau,O
000128-001,pada,O
000128-001,tanggal,O
000128-001,8,O
000128-001,atau,O
000128-001,12,O
000128-001,dari,O
000128-001,bulan,O
000128-001,yang,O
000128-001,sama,O
000128-001,.,O
000137-003,Beliau,O
000137-003,memandang,O
000137-003,pedang,O
000137-003,milik,O
000137-003,mereka,O
000137-003,berdua,O
000137-003,",",O
000137-003,lalu,O
000137-003,bersabda,O
000137-003,",",O
000137-003,"""",O
000137-003,Kalian,O
000137-003,berdua,O
000137-003,telah,O
000137-003,membunuhnya,O
000137-003,".""",O
000137-003,Rasulullah,B_PERSON
000137-003,menyerahkan,O
000137-003,harta,O
000137-003,rampasan,O
000137-003,miliknya,O
000137-003,secara,O
000137-003,khusus,O
000137-003,kepada,O
000137-003,Mu'adz,B_PERSON
000137-003,bin,I_PERSON
000137-003,Amr,I_PERSON
000137-003,Al-Jamuh,O
000137-003,.,O
000137-003,Dua,O
000137-003,pemuda,O
000137-003,itu,O
000137-003,adalah,O
000137-003,Mu',B_PERSON
000137-003,adz,B_PERSON
000137-003,bin,I_PERSON
000137-003,Amr,I_PERSON
000137-003,Al-Jamuh,O
000137-003,dan,O
000137-003,Mu'awwidz,B_PERSON
000137-003,bin,I_PERSON
000137-003,Ibnu,I_PERSON
000137-003,Ishaq,I_PERSON
000137-003,menuturkan,O
000137-003,",",O
000137-003,"""",O
000137-003,Mu'adz,B_PERSON
000137-003,bin,I_PERSON
000137-003,Amr,I_PERSON
000137-003,bin,I_PERSON
000137-003,Al-Jamuh,I_PERSON
000137-003,berkata,O
000137-003,",",O
000137-003,"""",O
000137-003,Aku,O
000137-003,mencari,O
000137-003,informasi,O
000137-003,dari,O
000137-003,orang-orang,O
000137-003,.,O
000137-003,Sementara,O
000137-003,saat,O
000137-003,itu,O
000137-003,Abu,B_PERSON
000137-003,Jahal,I_PERSON
000137-003,berada,O
000137-003,di,O
000137-003,dekat,O
000137-003,pohon,O
000137-003,yang,O
000137-003,rimbun,O
000137-003,",",O
000137-003,berbaur,O
000137-003,dengan,O
000137-003,orang-orang,O
000137-003,musyrik,O
000137-003,yang,O
000137-003,membawa,O
000137-003,tombak,O
000137-003,dan,O
000137-003,pedang,O
000137-003,yang,O
000137-003,memang,O
000137-003,bergerombol,O
000137-003,di,O
000137-003,sekitarnya,O
000137-003,untuk,O
000137-003,melindunginya,O
000137-003,.,O
000137-003,Orang-orang,O
000137-003,berkata,O
000137-003,",",O
000137-003,"""",O
000137-003,Abul,B_PERSON
000137-003,Hakam,I_PERSON
000137-003,(,O
000137-003,Abu,B_PERSON
000137-003,Jahal,I_PERSON
000137-003,),O
000137-003,tidak,O
000137-003,akan,O
000137-003,bisa,O
000137-003,lolos,O
000137-003,".""",O
000137-003,Tatkala,O
000137-003,kudengar,O
000137-003,tentang,O
000137-003,dirinya,O
000137-003,",",O
000137-003,maka,O
000137-003,aku,O
000137-003,mempersiapkan,O
000137-003,diri,O
000137-003,lalu,O
000137-003,mendekati,O
000137-003,dirinya,O
000137-003,.,O
000137-003,Selagi,O
000137-003,jarak,O
000137-003,sudah,O
000137-003,memungkinkan,O
000137-003,",",O
000137-003,aku,O
000137-003,segera,O
000137-003,menyerangnya,O
000137-003,dan,O
000137-003,dapat,O
000137-003,menyabetnya,O
000137-003,hingga,O
000137-003,kakinya,O
000137-003,putus,O
000137-003,pada,O
000137-003,bagian,O
000137-003,betis,O
000137-003,.,O
000137-003,Namun,O
000137-003,kemudian,O
000137-003,anaknya,O
000137-003,",",O
000137-003,Ikrimah,O
000137-003,",",O
000137-003,menyerangku,O
000137-003,dan,O
000137-003,mengenai,O
000137-003,pundakku,O
000137-003,.,O
000137-003,hingga,O
000137-003,tanganku,O
000137-003,putus,O
000137-003,dan,O
000137-003,bergelantungan,O
000137-003,",",O
000137-003,karena,O
000137-003,kulitnya,O
000137-003,masih,O
000137-003,belum,O
000137-003,putus,O
000137-003,.,O
000137-003,Pertempuran,O
000137-003,yang,O
000137-003,terus,O
000137-003,berkecamuk,O
000137-003,membuatku,O
000137-003,tersingkir,O
000137-003,dari,O
000137-003,kancah,O
000137-003,pertempuran,O
000137-003,.,O
000137-003,Setelah,O
000137-003,berhasil,O
000137-003,membunuh,O
000137-003,sekian,O
000137-003,banyak,O
000137-003,musuh,O
000137-003,pada,O
000137-003,hari,O
000137-003,ini,O
000137-003,.,O
000137-003,akhirnya,O
000137-003,aku,O
000137-003,agak,O
000137-003,mundur,O
000137-003,ke,O
000137-003,belakang,O
000137-003,.,O
000137-003,Karena,O
000137-003,rasa,O
000137-003,sakit,O
000137-003,yang,O
000137-003,amat,O
000137-003,sangat,O
000137-003,",",O
000137-003,tanganku,O
000137-003,yang,O
000137-003,tertebas,O
000137-003,kuputus,O
000137-003,dan,O
000137-003,kubuang,O
000137-003,.,O
000137-003,Pada,O
000137-003,saat,O
000137-003,itu,O
000137-003,Mu,B_PERSON
000137-003,awwidz,B_PERSON
000137-003,bin,I_PERSON
000137-003,Afra,I_PERSON
000137-003,mendekati,O
000137-003,Abu,B_PERSON
000137-003,Jahal,I_PERSON
000137-003,dan,O
000137-003,menyabetnya,O
000137-003,hingga,O
000137-003,tersungkur,O
000137-003,dan,O
000137-003,membiarkannya,O
000137-003,dalam,O
000137-003,keadaan,O
000137-003,sekarat,O
000137-003,.,O
000138-008,Tatkala,O
000138-008,beliau,O
000138-008,bersabda,O
000138-008,",",O
000138-008,"""",O
000138-008,Ada,O
000138-008,tujuh,O
000138-008,puluh,O
000138-008,ribu,O
000138-008,umatku,O
000138-008,yang,O
000138-008,masuk,O
000138-008,surga,O
000138-008,dalam,O
000138-008,rupa,O
000138-008,bulan,O
000138-008,purnama,O
000138-008,".""",O
000138-008,Lalu,O
000138-008,Ukkasyah,O
000138-008,memohon,O
000138-008,kepada,O
000138-008,beliau,O
000138-008,untuk,O
000138-008,berdoa,O
000138-008,kepada,O
000138-008,Allah,O
000138-008,",",O
000138-008,agar,O
000138-008,dia,O
000138-008,dijadikan,O
000138-008,golongan,O
000138-008,ini,O
000138-008,.,O
000138-008,Maka,O
000138-008,sabda,O
000138-008,beliau,O
000138-008,",",O
000138-008,"""",O
000138-008,Engkau,O
000138-008,termasuk,O
000138-008,golongan,O
000138-008,mereka,O
000138-008,".""",O
000138-008,Kemudian,O
000138-008,tatkala,O
000138-008,ada,O
000138-008,orang,O
000138-008,Anshar,O
000138-008,yang,O
000138-008,meminta,O
000138-008,seperti,O
000138-008,yang,O
000138-008,dipinta,O
000138-008,Ukkasyah,O
000138-008,",",O
000138-008,beliau,O
000138-008,menjawab,O
000138-008,",",O
000138-008,"""",O
000138-008,Engkau,O
000138-008,sudah,O
000138-008,didahului,O
000138-008,Ukkasyah,O
000138-008,""",",O
000138-008,pent,O
000138-008,.,O
000138-008,159,O
000138-008,AkhirnyaAbu,O
000138-008,Aziz,I_PERSON
000138-008,ditebus,O
000138-008,dengan,O
000138-008,nilai,O
000138-008,yang,O
000138-008,paling,O
000138-008,tinggi,O
000138-008,di,O
000138-008,antara,O
000138-008,semua,O
000138-008,tawanan,O
000138-008,yaitu,O
000138-008,sebanyak,O
000138-008,empat,O
000138-008,ribu,O
000138-008,dirham,O
000138-008,",",O
000138-008,pent,O
000138-008,.,O
000140-002,Ketika,O
000140-002,sudah,O
000140-002,ada,O
000140-002,kabar,O
000140-002,tentang,O
000140-002,kekalahan,O
000140-002,pasukan,O
000140-002,Quraisy,O
000140-002,",",O
000140-002,maka,O
000140-002,Allah,O
000140-002,membuatnya,O
000140-002,rendah,O
000140-002,dan,O
000140-002,hina,O
000140-002,.,O
000140-002,Sedangkan,O
000140-002,kami,O
000140-002,merasa,O
000140-002,kuat,O
000140-002,dan,O
000140-002,perkasa,O
000140-002,.,O
000140-002,Sementara,O
000140-002,aku,O
000140-002,adalah,O
000140-002,orang,O
000140-002,lemah,O
000140-002,yang,O
000140-002,bertugas,O
000140-002,membuat,O
000140-002,anak,O
000140-002,panah,O
000140-002,Aku,O
000140-002,merautnya,O
000140-002,sambil,O
000140-002,duduk,O
000140-002,di,O
000140-002,batu,O
000140-002,pembatas,O
000140-002,sumur,B_LOCATION
000140-002,Zamzam,B_LOCATION
000140-002,.,O
000140-002,Demi,O
000140-002,Allah,O
000140-002,",",O
000140-002,tatkala,O
000140-002,aku,O
000140-002,sedang,O
000140-002,duduk,O
000140-002,sambil,O
000140-002,meraut,O
000140-002,anak-anak,O
000140-002,panahku,O
000140-002,dan,O
000140-002,di,O
000140-002,sisiku,O
000140-002,ada,O
000140-002,Ummul,B_PERSON
000140-002,Fadhl,I_PERSON
000140-002,yang,O
000140-002,juga,O
000140-002,sedang,O
000140-002,duduk-duduk,O
000140-002,",",O
000140-002,sementara,O
000140-002,saat,O
000140-002,itu,O
000140-002,kami,O
000140-002,amat,O
000140-002,gembira,O
000140-002,dengan,O
000140-002,kabar,O
000140-002,itu,O
000140-002,",",O
000140-002,tiba-tiba,O
000140-002,Abu,B_PERSON
000140-002,Lahab,I_PERSON
000140-002,berjalan,O
000140-002,dengan,O
000140-002,menyeret,O
000140-002,kedua,O
000140-002,kakinya,O
000140-002,yang,O
000140-002,tak,O
000140-002,berdaya,O
000140-002,",",O
000140-002,hingga,O
000140-002,dia,O
000140-002,duduk,O
000140-002,di,O
000140-002,pinggir,O
000140-002,batu,O
000140-002,pembatas,O
000140-002,Zamzam,B_LOCATION
000140-002,Punggungnya,O
000140-002,menyandar,O
000140-002,ke,O
000140-002,punggungku,O
000140-002,.,O
000140-002,"""""",O
000140-002,Ini,O
000140-002,dia,O
000140-002,Abu,B_PERSON
000140-002,Sufyan,I_PERSON
000140-002,bin,I_PERSON
000140-002,Al-Harits,I_PERSON
000140-002,bin,I_PERSON
000140-002,Abdul,I_PERSON
000140-002,Muththalib,I_PERSON
000140-002,sudah,O
000140-002,datang,O
000140-002,",""",O
000140-002,orang-orang,O
000140-002,berkata,O
000140-002,.,O
000140-002,Abu,B_PERSON
000140-002,Lahab,I_PERSON
000140-002,berkata,O
000140-002,",",O
000140-002,"""",O
000140-002,Mari,O
000140-002,ke,O
000140-002,sini,O
000140-002,.,O
000140-002,Demi,O
000140-002,Allah,O
000140-002,",",O
000140-002,kabar,O
000140-002,apa,O
000140-002,yang,O
000140-002,engkau,O
000140-002,bawa,O
000140-002,"?""",O
000140-002,Lalu,O
000140-002,Abu,B_PERSON
000140-002,Sufyan,I_PERSON
000140-002,duduk,O
000140-002,di,O
000140-002,sampingnya,O
000140-002,",",O
000140-002,sementara,O
000140-002,orang-orang,O
000140-002,berdiri,O
000140-002,di,O
000140-002,hadapannya,O
000140-002,.,O
000140-002,.,O
000140-002,Wahai,O
000140-002,keponakkanku,O
000140-002,",",O
000140-002,kabarkan,O
000140-002,kepadaku,O
000140-002,bagaimana,O
000140-002,urusan,O
000140-002,orang-,O
000140-002,orang,O
000140-002,"?""",O
000140-002,tanya,O
000140-002,Abu,B_PERSON
000140-002,Lahab,I_PERSON
000140-002,.,O
000140-002,Abu,B_PERSON
000140-002,Sufyan,I_PERSON
000140-002,menjawab,O
000140-002,",",O
000140-002,"""",O
000140-002,Selagi,O
000140-002,kami,O
000140-002,berhadapan,O
000140-002,dengan,O
000140-002,segolongan,O
000140-002,orang,O
000140-002,",",O
000140-002,justru,O
000140-002,kami,O
000140-002,menyerahkan,O
000140-002,pundak-pundak,O
000140-002,kami,O
000140-002,kepada,O
000140-002,mereka,O
000140-002,.,O
000140-002,Mereka,O
000140-002,menyerang,O
000140-002,kami,O
000140-002,sekehendak,O
000140-002,hatinya,O
000140-002,dan,O
000140-002,menawan,O
000140-002,kami,O
000140-002,sekehendak,O
000140-002,hatinya,O
000140-002,Demi,O
000140-002,Allah,O
000140-002,",",O
000140-002,sekalipun,O
000140-002,begitu,O
000140-002,aku,O
000140-002,tidak,O
000140-002,mencela,O
000140-002,siapa,O
000140-002,pun,O
000140-002,.,O
000140-002,Kami,O
000140-002,harus,O
000140-002,berhadapan,O
000140-002,dengan,O
000140-002,orang-orang,O
000140-002,yang,O
000140-002,berpakaian,O
000140-002,putih,O
000140-002,sambil,O
000140-002,menunggang,O
000140-002,kuda,O
000140-002,yang,O
000140-002,perkasa,O
000140-002,",",O
000140-002,berseliweran,O
000140-002,di,O
000140-002,antara,O
000140-002,langit,O
000140-002,dan,O
000140-002,bumi,O
000140-002,.,O
000140-004,Namun,O
000140-004,karena,O
000140-004,mereka,O
000140-004,takut,O
000140-004,akan,O
000140-004,dicemooh,O
000140-004,sebagai,O
000140-004,akibat,O
000140-004,dari,O
000140-004,tindakannya,O
000140-004,ini,O
000140-004,",",O
000140-004,mereka,O
000140-004,pun,O
000140-004,membuatkan,O
000140-004,sebuah,O
000140-004,lubang,O
000140-004,di,O
000140-004,dekatnya,O
000140-004,.,O
000140-004,lalu,O
000140-004,mendorong,O
000140-004,tubuhnya,O
000140-004,masuk,O
000140-004,ke,O
000140-004,dalam,O
000140-004,lubang,O
000140-004,itu,O
000140-004,",",O
000140-004,lalu,O
000140-004,mereka,O
000140-004,menimbun,O
000140-004,lubang,O
000140-004,kuburan,O
000140-004,dengan,O
000140-004,cara,O
000140-004,melemparkan,O
000140-004,batu,O
000140-004,dari,O
000140-004,kejauhan,O
000140-004,Begitulah,O
000140-004,penduduk,O
000140-004,Makkah,B_LOCATION
000140-004,menerima,O
000140-004,kabar,O
000140-004,kekalahan,O
000140-004,telak,O
000140-004,di,O
000140-004,medan,O
000140-004,Perang,B_EVENT
000140-004,Badr,I_EVENT
000140-004,.,O
000140-004,Tentu,O
000140-004,saja,O
000140-004,hal,O
000140-004,ini,O
000140-004,menimbulkan,O
000140-004,pengaruh,O
000140-004,yang,O
000140-004,buruk,O
000140-004,.,O
000140-004,Bahkan,O
000140-004,mereka,O
000140-004,melarang,O
000140-004,untuk,O
000140-004,meratapi,O
000140-004,orang-orang,O
000140-004,yang,O
000140-004,mati,O
000140-004,terbunuh,O
000140-004,",",O
000140-004,agar,O
000140-004,mereka,O
000140-004,tidak,O
000140-004,semakin,O
000140-004,terpuruk,O
000140-004,karena,O
000140-004,dicerca,O
000140-004,orang-orang,O
000140-004,Muslim,O
000140-004,.,O
000140-004,Dalam,O
000140-004,Perang,B_EVENT
000140-004,Badr,I_EVENT
000140-004,ini,O
000140-004,Al-Aswad,B_PERSON
000140-004,bin,I_PERSON
000140-004,Al-Muththalib,I_PERSON
000140-004,kehilangan,O
000140-004,tiga,O
000140-004,anaknya,O
000140-004,.,O
000140-004,Karena,O
000140-004,buta,O
000140-004,",",O
000140-004,dia,O
000140-004,lebih,O
000140-004,suka,O
000140-004,menangisi,O
000140-004,nasib,O
000140-004,yang,O
000140-004,menimpa,O
000140-004,mereka,O
000140-004,.,O
000140-004,Suatu,O
000140-004,malam,O
000140-004,dia,O
000140-004,mendengar,O
000140-004,suara,O
000140-004,ratap,O
000140-004,tangis,O
000140-004,.,O
000140-004,Dia,O
000140-004,mengutus,O
000140-004,pembantunya,O
000140-004,dengan,O
000140-004,berkata,O
000140-004,",",O
000140-004,"""",O
000140-004,Lihatlah,O
000140-004,",",O
000140-004,apakah,O
000140-004,ratap,O
000140-004,tangis,O
000140-004,memang,O
000140-004,diperbolehkan,O
000140-004,?,O
000140-004,Apakah,O
000140-004,orang-orang,O
000140-004,Quraisy,O
000140-004,juga,O
000140-004,menangisi,O
000140-004,meratapi,O
000140-004,para,O
000140-004,korban,O
000140-004,yang,O
000140-004,mati,O
000140-004,?,O
000140-004,Karena,O
000140-004,aku,O
000140-004,pun,O
000140-004,ingin,O
000140-004,meratapi,O
000140-004,Abu,B_PERSON
000140-004,Hakimah,I_PERSON
000140-004,(,O
000140-004,anaknya,O
000140-004,"),",O
000140-004,karena,O
000140-004,kelopak,O
000140-004,mataku,O
000140-004,sudah,O
000140-004,hampir,O
000140-004,terbakar,O
000140-004,".""",O
000140-004,Setelah,O
000140-004,menyelidiki,O
000140-004,",",O
000140-004,pembantunya,O
000140-004,kembali,O
000140-004,lagi,O
000140-004,dan,O
000140-004,berkata,O
000140-004,",",O
000140-004,"""",O
000140-004,Yang,O
000140-004,menangis,O
000140-004,itu,O
000140-004,adalah,O
000140-004,seorang,O
000140-004,wanita,O
000140-004,yang,O
000140-004,meratapi,O
000140-004,ontanya,O
000140-004,yang,O
000140-004,lepas,O
000140-004,".""",O
000140-004,Al-Aswad,O
000140-004,hampir,O
000140-004,tak,O
000140-004,mampu,O
000140-004,menguasai,O
000140-004,dirinya,O
000140-004,.,O
000140-004,Lalu,O
000140-004,dia,O
000140-004,menurunkan,O
000140-004,sebuah,O
000140-004,syair,O
000140-004,yang,O
000140-004,sendu,O
000142-001,Seusai,O
000142-001,perang,O
000142-001,",",O
000142-001,Rasulullah,B_PERSON
000142-001,masih,O
000142-001,berada,O
000142-001,di,O
000142-001,Badr,B_LOCATION
000142-001,selama,O
000142-001,tiga,O
000142-001,hari,O
000142-001,Sebelum,O
000142-001,meninggalkan,O
000142-001,kancah,O
000142-001,peperangan,O
000142-001,",",O
000142-001,terjadi,O
000142-001,silang,O
000142-001,pendapat,O
000142-001,di,O
000142-001,antara,O
000142-001,anggota,O
000142-001,pasukan,O
000142-001,tentang,O
000142-001,pembagian,O
000142-001,harta,O
000142-001,rampasan,O
000142-001,.,O
000142-001,Ketika,O
000142-001,silang,O
000142-001,pendapat,O
000142-001,ini,O
000142-001,semakin,O
000142-001,meruncing,O
000142-001,maka,O
000142-001,beliau,O
000142-001,memerintahkan,O
000142-001,agar,O
000142-001,semua,O
000142-001,harta,O
000142-001,rampasan,O
000142-001,di,O
000142-001,tangan,O
000142-001,mereka,O
000142-001,diserahkan,O
000142-001,.,O
000142-001,Mereka,O
000142-001,pun,O
000142-001,menurutinya,O
000142-001,",",O
000142-001,lalu,O
000142-001,turun,O
000142-001,wahyu,O
000142-001,yang,O
000142-001,memecahkan,O
000142-001,masalah,O
000142-001,ini,O
000142-001,.,O
000142-001,Dari,O
000142-001,Ubadah,B_PERSON
000142-001,bin,I_PERSON
000142-001,Ash-Shamit,I_PERSON
000142-001,",",O
000142-001,dia,O
000142-001,berkata,O
000142-001,",",O
000142-001,"""",O
000142-001,Kami,O
000142-001,pergi,O
000142-001,bersama,O
000142-001,Nabi,O
000142-001,bergabung,O
000142-001,dalam,O
000142-001,Perang,B_EVENT
000142-001,Badr,I_EVENT
000142-001,.,O
000142-001,Dua,O
000142-001,pasukan,O
000142-001,saling,O
000142-001,berhadapan,O
000142-001,dan,O
000142-001,Allah,O
000142-001,mengalahkan,O
000142-001,pasukan,O
000142-001,musuh,O
000142-001,.,O
000142-001,Ada,O
000142-001,segolongan,O
000142-001,pasukan,O
000142-001,Muslimin,O
000142-001,yang,O
000142-001,mengejar,O
000142-001,musuh,O
000142-001,",",O
000142-001,mengusir,O
000142-001,dan,O
000142-001,membunuh,O
000142-001,.,O
000142-001,Ada,O
000142-001,pula,O
000142-001,sebagian,O
000142-001,lain,O
000142-001,y,O
000142-001,ang,O
000142-001,meng-,O
000142-001,uasai,O
000142-001,harta,O
000142-001,rampasan,O
000142-001,yang,O
000142-001,telah,O
000142-001,dikumpulkan,O
000142-001,.,O
000142-001,Ada,O
000142-001,pula,O
000142-001,sebagian,O
000142-001,lain,O
000142-001,yang,O
000142-001,menjaga,O
000142-001,Rasulullah,B_PERSON
000142-001,dan,O
000142-001,tidak,O
000142-001,berhadapan,O
000142-001,langsung,O
000142-001,dengan,O
000142-001,musuh,O
000142-001,.,O
000142-001,Pada,O
000142-001,malam,O
000142-001,harinya,O
000142-001,",",O
000142-001,selagi,O
000142-001,sebagian,O
000142-001,sudah,O
000142-001,berkumpul,O
000142-001,dengan,O
000142-001,sebagian,O
000142-001,yang,O
000142-001,lain,O
000142-001,mereka,O
000142-001,yang,O
000142-001,berhasil,O
000142-001,mengumpulkan,O
000142-001,harta,O
000142-001,rampasan,O
000142-001,berkata,O
000142-001,",",O
000142-001,"""",O
000142-001,Kamilah,O
000142-001,yang,O
000142-001,telah,O
000142-001,mengumpulkan,O
000142-001,dan,O
000142-001,siapa,O
000142-001,pun,O
000142-001,tidak,O
000142-001,boleh,O
000142-001,mengusiknya,O
000142-001,".""",O
000142-001,Sedangkan,O
000142-001,mereka,O
000142-001,yang,O
000142-001,bertugas,O
000142-001,mengejar,O
000142-001,musuh,O
000142-001,menyahut,O
000142-001,",",O
000142-001,"""",O
000142-001,Kalian,O
000142-001,tidak,O
000142-001,lebih,O
000142-001,berhak,O
000142-001,daripada,O
000142-001,kami,O
000142-001,.,O
000142-001,Kamilah,O
000142-001,yang,O
000142-001,sebenarnya,O
000142-001,telah,O
000142-001,mengumpulkan,O
000142-001,harta,O
000142-001,rampasan,O
000142-001,itu,O
000142-001,dan,O
000142-001,mengalahkan,O
000142-001,musuh,O
000142-001,".""",O
000142-001,Sedangkan,O
000142-001,mereka,O
000142-001,yang,O
000142-001,bertugas,O
000142-001,menjaga,O
000142-001,beliau,O
000142-001,berkata,O
000142-001,",",O
000142-001,"""",O
000142-001,Kami,O
000142-001,khawatir,O
000142-001,musuh,O
000142-001,akan,O
000142-001,menyerang,O
000142-001,beliau,O
000142-001,",",O
000142-001,maka,O
000142-001,sejak,O
000142-001,awal,O
000142-001,kami,O
000142-001,melindungi,O
000142-001,beliau,O
000142-001,".""",O
000142-001,Maka,O
000142-001,kemudian,O
000142-001,Allah,O
000142-001,menurunkan,O
000142-001,ayat,O
000142-001,",",O
000142-001,JWJT,O
000142-001,"""",O
000142-001,Mereka,O
000142-001,menanyakan,O
000142-001,kepadamu,O
000142-001,tentang,O
000142-001,(,O
000142-001,pembagian,O
000142-001,),O
000142-001,harta,O
000142-001,rampasan,O
000142-001,.,O
000142-001,"Katakanlah,'Harta",O
000142-001,perang,O
000142-001,itu,O
000142-001,kepunyaan,O
000142-001,Allah,O
000142-001,dan,O
000142-001,Rasul,O
000142-001,.,O
000145-002,Setelah,O
000145-002,itu,O
000145-002,Allah,O
000145-002,berfirman,O
000145-002,kepada,O
000145-002,orang-orang,O
000145-002,Muslim,O
000145-002,tentang,O
000145-002,masalah,O
000145-002,harta,O
000145-002,rampasan,O
000145-002,dan,O
000145-002,meletakkan,O
000145-002,dasar-dasar,O
000145-002,masalah,O
000145-002,ini,O
000145-002,.,O
000145-002,Kemudian,O
000145-002,Allah,O
000145-002,menjelaskan,O
000145-002,dan,O
000145-002,menetapkan,O
000145-002,aturan-aturan,O
000145-002,main,O
000145-002,saat,O
000145-002,perang,O
000145-002,dan,O
000145-002,damai,O
000145-002,",",O
000145-002,karena,O
000145-002,dakwah,O
000145-002,Islam,O
000145-002,saat,O
000145-002,itu,O
000145-002,sudah,O
000145-002,memasuki,O
000145-002,tahapan,O
000145-002,ini,O
000145-002,",",O
000145-002,agar,O
000145-002,perang,O
000145-002,yang,O
000145-002,dilakukan,O
000145-002,orang-orang,O
000145-002,Muslim,O
000145-002,berbeda,O
000145-002,dengan,O
000145-002,perang,O
000145-002,yang,O
000145-002,dilakukan,O
000145-002,orang-,O
000145-002,orang,O
000145-002,Jahiliyah,O
000145-002,.,O
000145-002,Mereka,O
000145-002,unggul,O
000145-002,karena,O
000145-002,akhlak,O
000145-002,dan,O
000145-002,nilai-nilai,O
000145-002,yang,O
000145-002,luhur,O
000145-002,serta,O
000145-002,menegaskan,O
000145-002,kepada,O
000145-002,dunia,O
000145-002,bahwa,O
000145-002,Islam,O
000145-002,bukan,O
000145-002,sekedar,O
000145-002,teori,O
000145-002,yang,O
000145-002,mentah,O
000145-002,.,O
000145-002,tetapi,O
000145-002,Islam,O
000145-002,membekali,O
000145-002,para,O
000145-002,pemeluknya,O
000145-002,secara,O
000145-002,praktis,O
000145-002,",",O
000145-002,berlandaskan,O
000145-002,kepada,O
000145-002,dasar-dasar,O
000145-002,dan,O
000145-002,prinsip-prinsip,O
000145-002,yang,O
000145-002,diserunya,O
000145-002,.,O
000145-002,Kemudian,O
000145-002,Allah,O
000145-002,menetapan,O
000145-002,beberapa,O
000145-002,butir,O
000145-002,undang-undang,O
000145-002,Daulah,O
000145-002,Islam,O
000145-002,",",O
000145-002,dengan,O
000145-002,membuat,O
000145-002,perbedaan,O
000145-002,antara,O
000145-002,orang-orang,O
000145-002,Muslim,O
000145-002,yang,O
000145-002,menetap,O
000145-002,di,O
000145-002,wilayah,O
000145-002,Islam,O
000145-002,dan,O
000145-002,mereka,O
000145-002,yang,O
000145-002,menetap,O
000145-002,di,O
000145-002,luar,O
000145-002,wilayah,O
000145-002,Islam,O
000145-002,.,O
000145-002,Pada,O
000145-002,tahun,O
000145-002,kedua,O
000145-002,Hijriyah,O
000145-002,turun,O
000145-002,kewajiban,O
000145-002,puasa,B_TIME
000145-002,Ramadhan,I_TIME
000145-002,",",O
000145-002,membayar,O
000145-002,zakat,O
000145-002,fitrah,O
000145-002,dan,O
000145-002,penjelasan,O
000145-002,tentang,O
000145-002,batasan-batasan,O
000145-002,zakat,O
000145-002,yang,O
000145-002,lain,O
000145-002,.,O
000145-002,Kewajiban,O
000145-002,membay,O
000145-002,ar,O
000145-002,zakat,O
000145-002,fitrah,O
000145-002,dan,O
000145-002,zakat-zakat,O
000145-002,lainnya,O
000145-002,dimaksudkan,O
000145-002,untuk,O
000145-002,memperingan,O
000145-002,beban,O
000145-002,hidup,O
000145-002,yang,O
000145-002,dijalani,O
000145-002,orang-orang,O
000145-002,Muhajirin,O
000145-002,dan,O
000145-002,Anshar,O
000145-002,yang,O
000145-002,miskin,O
000145-002,",",O
000145-002,yang,O
000145-002,tidak,O
000145-002,mempunyai,O
000145-002,bakat,O
000145-002,usaha,O
000145-002,.,O
000145-002,Ada,O
000145-002,momen,O
000145-002,yang,O
000145-002,paling,O
000145-002,mengesankan,O
000145-002,",",O
000145-002,karena,O
000145-002,Id,O
000145-002,pertama,O
000145-002,yang,O
000145-002,dijalani,O
000145-002,orang-orang,O
000145-002,Muslim,O
000145-002,dalam,O
000145-002,hidup,O
000145-002,mereka,O
000145-002,adalah,O
000145-002,Idul,O
000145-002,Fitri,I_TIME
000145-002,pada,O
000145-002,bulan,B_TIME
000145-002,Syawwal,I_TIME
000145-002,2,I_TIME
000145-002,Hijriyah,I_TIME
000145-002,",",O
000145-002,setelah,O
000145-002,mereka,O
000145-002,memperoleh,O
000145-002,kemenangan,O
000145-002,yang,O
000145-002,gemilang,O
000145-002,di,O
000145-002,Perang,B_EVENT
000145-002,Badr,I_EVENT
000145-002,.,O
000145-002,Betapa,O
000145-002,mengesankan,O
000145-002,Id,O
000145-002,yang,O
000145-002,penuh,O
000145-002,kebahagiaan,O
000145-002,ini,O
000145-002,",",O
000145-002,setelah,O
000145-002,Allah,O
000145-002,menyematkan,O
000145-002,mahkota,O
000145-002,kemenangan,O
000145-002,dan,O
000145-002,keperkasaan,O
000145-002,kepada,O
000145-002,mereka,O
000145-002,.,O
000158-002,Maka,O
000158-002,tolonglah,O
000158-002,kami,O
000158-002,dengan,O
000158-002,harta,O
000158-002,kalian,O
000158-002,untuk,O
000158-002,memeranginya,O
000158-002,.,O
000158-002,Siapa,O
000158-002,tahu,O
000158-002,kita,O
000158-002,bisa,O
000158-002,menuntut,O
000158-002,balas,O
000158-002,".""",O
000158-002,Mereka,O
000158-002,memenuhi,O
000158-002,himbauan,O
000158-002,ini,O
000158-002,",",O
000158-002,hingga,O
000158-002,terkumpul,O
000158-002,seribu,O
000158-002,onta,O
000158-002,dan,O
000158-002,seribu,O
000158-002,lima,O
000158-002,ratus,O
000158-002,dinar,O
000158-002,.,O
000158-002,Tentang,O
000158-002,hal,O
000158-002,ini,O
000158-002,Allah,O
000158-002,menurunkan,O
000158-002,ayat,O
000158-002,.,O
000158-002,XI,O
000158-002,"""",O
000158-002,Sesungguhnya,O
000158-002,orang-orang,O
000158-002,kafir,O
000158-002,itu,O
000158-002,",",O
000158-002,menafkahkan,O
000158-002,harta,O
000158-002,mereka,O
000158-002,untuk,O
000158-002,menghalangi,O
000158-002,(,O
000158-002,orang,O
000158-002,),O
000158-002,dari,O
000158-002,jalan,O
000158-002,Allah,O
000158-002,.,O
000158-002,Mereka,O
000158-002,akan,O
000158-002,menafkahkan,O
000158-002,harta,O
000158-002,itu,O
000158-002,",",O
000158-002,kemudian,O
000158-002,menjadi,O
000158-002,sesalan,O
000158-002,bagi,O
000158-002,mereka,O
000158-002,",",O
000158-002,dan,O
000158-002,mereka,O
000158-002,akan,O
000158-002,dikalahkan,O
000158-002,.,O
000158-002,"""",O
000158-002,(,O
000158-002,Al-Anfal,O
000158-002,:,O
000158-002,36,O
000158-002,Mereka,O
000158-002,membukakan,O
000158-002,pintu,O
000158-002,dukungan,O
000158-002,bagi,O
000158-002,siapa,O
000158-002,pun,O
000158-002,yang,O
000158-002,hendak,O
000158-002,ikut,O
000158-002,andil,O
000158-002,untuk,O
000158-002,memerangi,O
000158-002,orang-orang,O
000158-002,Muslim,O
000158-002,",",O
000158-002,entah,O
000158-002,dia,O
000158-002,berasal,O
000158-002,dari,O
000158-002,Habasyah,B_LOCATION
000158-002,.,O
000158-002,Kinanah,O
000158-002,",",O
000158-002,atau,O
000158-002,pun,O
000158-002,Tihamah,O
000158-002,.,O
000158-002,Untuk,O
000158-002,keperluan,O
000158-002,ini,O
000158-002,mereka,O
000158-002,menggunakan,O
000158-002,segala,O
000158-002,cara,O
000158-002,untuk,O
000158-002,membangkitkan,O
000158-002,semangat,O
000158-002,manusia,O
000158-002,.,O
000158-002,Bahkan,O
000158-002,Shafwan,B_PERSON
000158-002,bin,I_PERSON
000158-002,Umayyah,I_PERSON
000158-002,membujuk,O
000158-002,Abu,B_PERSON
000158-002,Azzah,I_PERSON
000158-002,",",O
000158-002,seorang,O
000158-002,penyair,O
000158-002,yang,O
000158-002,tertawan,O
000158-002,di,O
000158-002,Perang,B_EVENT
000158-002,Badr,I_EVENT
000158-002,",",O
000158-002,namun,O
000158-002,kemudian,O
000158-002,dibebaskan,O
000158-002,Rasulullah,B_PERSON
000158-002,tanpa,O
000158-002,tebusan,O
000158-002,apa,O
000158-002,pun,O
000158-002,",",O
000158-002,dengan,O
000158-002,syarat,O
000158-002,dia,O
000158-002,tidak,O
000158-002,boleh,O
000158-002,memerangi,O
000158-002,beliau,O
000158-002,lagi,O
000158-002,dalam,O
000158-002,bentuk,O
000158-002,apa,O
000158-002,pun,O
000158-002,.,O
000158-002,Abu,B_PERSON
000158-002,Shafwan,I_PERSON
000158-002,mem-,O
000158-002,bunjuknya,O
000158-002,agar,O
000158-002,menggugah,O
000158-002,semangat,O
000158-002,berbagai,O
000158-002,kabilah,O
000158-002,untuk,O
000158-002,memerangi,O
000158-002,kaum,O
000158-002,Muslimin,O
000158-002,.,O
000158-002,Dia,O
000158-002,berjanji,O
000158-002,",",O
000158-002,jika,O
000158-002,Abu,B_PERSON
000158-002,Azzah,I_PERSON
000158-002,kembali,O
000158-002,dari,O
000158-002,perang,O
000158-002,dalam,O
000158-002,keadaan,O
000158-002,selamat,O
000158-002,",",O
000158-002,maka,O
000158-002,dia,O
000158-002,akan,O
000158-002,memberinya,O
000158-002,harta,O
000158-002,yang,O
000158-002,melimpah,O
000158-002,.,O
000158-002,Jika,O
000158-002,tidak,O
000158-002,",",O
000158-002,maka,O
000158-002,anak-anaknya,O
000158-002,akan,O
000158-002,mendapatkan,O
000158-002,perlindungan,O
000158-002,.,O
000158-002,Maka,O
000158-002,Abu,B_PERSON
000158-002,Azzah,I_PERSON
000158-002,bangkit,O
000158-002,membangkitkan,O
000158-002,semangat,O
000158-002,berbagai,O
000158-002,kabilah,O
000158-002,dengan,O
000158-002,syair-syairnya,O
000158-002,.,O
000166-002,dari,O
000166-002,Rafi',B_PERSON
000166-002,",",O
000166-002,karena,O
000166-002,aku,O
000166-002,pernah,O
000166-002,mengalahkannya,O
000166-002,".""",O
000166-002,Tatkala,O
000166-002,hal,O
000166-002,ini,O
000166-002,disampaikan,O
000166-002,kepada,O
000166-002,Rasulullah,B_PERSON
000166-002,",",O
000166-002,maka,O
000166-002,beliau,O
000166-002,memerintahkan,O
000166-002,agar,O
000166-002,keduanya,O
000166-002,bertanding,O
000166-002,di,O
000166-002,hadapan,O
000166-002,beliau,O
000166-002,",",O
000166-002,dan,O
000166-002,ternyata,O
000166-002,Samurah,O
000166-002,dapat,O
000166-002,mengalahkan,O
000166-002,Raft',O
000166-002,.,O
000166-002,Maka,O
000166-002,dia,O
000166-002,pun,O
000166-002,diperbolehkan,O
000166-002,untuk,O
000166-002,Karena,O
000166-002,sudah,O
000166-002,petang,O
000166-002,",",O
000166-002,beliau,O
000166-002,berhenti,O
000166-002,di,O
000166-002,tempat,O
000166-002,itu,O
000166-002,",",O
000166-002,lalu,O
000166-002,shalat,O
000166-002,Magrib,O
000166-002,.,O
000166-002,kemudian,O
000166-002,Isya',O
000166-002,bersama,O
000166-002,seluruh,O
000166-002,pasukan,O
000166-002,",",O
000166-002,dan,O
000166-002,diputuskan,O
000166-002,untuk,O
000166-002,tetap,O
000166-002,berada,O
000166-002,di,O
000166-002,sana,O
000166-002,.,O
000166-002,Beliau,O
000166-002,memilih,O
000166-002,lima,O
000166-002,puluh,O
000166-002,orang,O
000166-002,untuk,O
000166-002,berjaga-jaga,O
000166-002,dan,O
000166-002,berkeliling,O
000166-002,di,O
000166-002,sekitar,O
000166-002,pasukan,O
000166-002,.,O
000166-002,Beliau,O
000166-002,menunjuk,O
000166-002,Dzakwan,B_PERSON
000166-002,bin,I_PERSON
000166-002,Abd,I_PERSON
000166-002,Qais,I_PERSON
000166-002,sebagai,O
000166-002,penjaga,O
000166-002,beliau,O
000166-002,secara,O
000166-002,khusus,O
000166-002,.,O
000177-001,Inilah,O
000177-001,penuturan,O
000177-001,yang,O
000177-001,disampaikan,O
000177-001,sendiri,O
000177-001,oleh,O
000177-001,pembunuh,O
000177-001,Hamzah,B_PERSON
000177-001,",",O
000177-001,Wahsy,B_PERSON
000177-001,bin,I_PERSON
000177-001,Harb,I_PERSON
000177-001,",",O
000177-001,"""",O
000177-001,Sebelumnya,O
000177-001,aku,O
000177-001,adalah,O
000177-001,budak,O
000177-001,Jubair,B_PERSON
000177-001,bin,I_PERSON
000177-001,Muth'im,I_PERSON
000177-001,.,O
000177-001,Paman,O
000177-001,Jubair,B_PERSON
000177-001,.,O
000177-001,Thu'aimah,B_PERSON
000177-001,bin,I_PERSON
000177-001,Adi,I_PERSON
000177-001,terbunuh,O
000177-001,pada,O
000177-001,Perang,B_EVENT
000177-001,Badr,I_EVENT
000177-001,.,O
000177-001,Pada,O
000177-001,saat,O
000177-001,Quraisy,O
000177-001,pergi,O
000177-001,ke,O
000177-001,Uhud,B_LOCATION
000177-001,",",O
000177-001,Jubair,O
000177-001,berkata,O
000177-001,kepadaku,O
000177-001,",",O
000177-001,"""",O
000177-001,Jika,O
000177-001,kamu,O
000177-001,dapat,O
000177-001,membunuh,O
000177-001,Hamzah,B_PERSON
000177-001,",",O
000177-001,paman,O
000177-001,Muhammad,B_PERSON
000177-001,",",O
000177-001,sebagai,O
000177-001,pembalasan,O
000177-001,atas,O
000177-001,terbunuhnya,O
000177-001,pamanku,O
000177-001,",",O
000177-001,maka,O
000177-001,engkau,O
000177-001,jadi,O
000177-001,merdeka',O
000177-001,.,O
000177-001,Maka,O
000177-001,aku,O
000177-001,pun,O
000177-001,ikut,O
000177-001,bergabung,O
000177-001,bersama,O
000177-001,pasukan,O
000177-001,.,O
000177-001,Aku,O
000177-001,adalah,O
000177-001,seorang,O
000177-001,penduduk,O
000177-001,Habasyah,B_LOCATION
000177-001,.,O
000177-001,Seperti,O
000177-001,lazimnya,O
000177-001,orang-orang,O
000177-001,Habasyah,B_LOCATION
000177-001,",",O
000177-001,aku,O
000177-001,juga,O
000177-001,mahir,O
000177-001,dalam,O
000177-001,melontarkan,O
000177-001,tombak,O
000177-001,kecil,O
000177-001,.,O
000177-001,Jarang,O
000177-001,sekali,O
000177-001,aku,O
000177-001,meleset,O
000177-001,dari,O
000177-001,sasaran,O
000177-001,.,O
000177-001,Saat,O
000177-001,mereka,O
000177-001,bertempur,O
000177-001,",",O
000177-001,aku,O
000177-001,segera,O
000177-001,beranjak,O
000177-001,mencari-cari,O
000177-001,Hamzah,B_PERSON
000177-001,.,O
000177-001,Akhirnya,O
000177-001,aku,O
000177-001,dapat,O
000177-001,melihat,O
000177-001,kelebatnya,O
000177-001,di,O
000177-001,tengah,O
000177-001,manusia,O
000177-001,layaknya,O
000177-001,onta,O
000177-001,abu-abu,B_PERSON
000177-001,yang,O
000177-001,lincah,O
000177-001,.,O
000177-001,Tak,O
000177-001,seorang,O
000177-001,pun,O
000177-001,mampu,O
000177-001,menghadapi,O
000177-001,terjangannya,O
000177-001,.,O
000177-001,Demi,O
000177-001,Allah,O
000177-001,",",O
000177-001,aku,O
000177-001,pun,O
000177-001,bersiap-siap,O
000177-001,menjadikan,O
000177-001,sebagai,O
000177-001,sasaran,O
000177-001,.,O
000177-001,Aku,O
000177-001,berlindung,O
000177-001,di,O
000177-001,balik,O
000177-001,batu,O
000177-001,atau,O
000177-001,pohon,O
000177-001,untuk,O
000177-001,dapat,O
000177-001,mendekatinya,O
000177-001,.,O
000177-001,Tetapi,O
000177-001,tiba-tiba,O
000177-001,Siba',B_PERSON
000177-001,bin,I_PERSON
000177-001,Abdul,I_PERSON
000177-001,Uzza,I_PERSON
000177-001,mencul,O
000177-001,mendahuluiku,O
000177-001,dengan,O
000177-001,mendatangi,O
000177-001,Hamzah,B_PERSON
000177-001,"""",O
000177-001,Kemarilah,O
000177-001,wahai,O
000177-001,anak,O
000177-001,wanita,O
000177-001,tukang,O
000177-001,supit,O
000177-001,"!""",O
000177-001,kata,O
000177-001,Siba',O
000177-001,kepada,O
000177-001,Hamzah,B_PERSON
000177-001,",",O
000177-001,karena,O
000177-001,memang,O
000177-001,ibunya,O
000177-001,adalah,O
000177-001,tukang,O
000177-001,supit,O
000177-001,.,O
000177-001,Seketika,O
000177-001,Hamzah,B_PERSON
000177-001,menyabetkan,O
000177-001,pedangnya,O
000177-001,",",O
000177-001,tepat,O
000177-001,mengenai,O
000177-001,kepala,O
000177-001,Siba',O
000177-001,.,O
000177-001,Tombak,O
000177-001,kecil,O
000177-001,sudah,O
000177-001,kuayun-ayunkan,O
000177-001,di,O
000177-001,tangan,O
000177-001,.,O
000177-001,Saat,O
000177-001,kurasa,O
000177-001,sudah,O
000177-001,me-,O
000177-001,mungkinkan,O
000177-001,",",O
000177-001,tombak,O
000177-001,kulontarkan,O
000177-001,tepat,O
000177-001,mengenai,O
000177-001,perutnya,O
000177-001,bagian,O
000177-001,bawah,O
000177-001,",",O
000177-001,hingga,O
000177-001,tembus,O
000177-001,ke,O
000177-001,selangkangannya,O
000177-001,.,O
000177-001,Dia,O
000177-001,berjalan,O
000177-001,ke,O
000177-001,arahku,O
000177-001,dengan,O
000177-001,badan,O
000177-001,limbung,O
000177-001,lalu,O
000177-001,terjerembab,O
000177-001,ke,O
000177-001,tanah,O
000177-001,.,O
000177-001,Aku,O
000177-001,menungguinya,O
000177-001,beberapa,O
000177-001,saat,O
000177-001,hingga,O
000177-001,dia,O
000177-001,benar-benar,O
000177-001,meninggal,O
000177-001,.,O
000177-002,Aku,O
000177-002,menungguinya,O
000177-002,beberapa,O
000177-002,saat,O
000177-002,hingga,O
000177-002,dia,O
000177-002,benar-benar,O
000177-002,meninggal,O
000177-002,.,O
000177-002,Setelah,O
000177-002,itu,O
000177-002,baru,O
000177-002,kuhampiri,O
000177-002,jasadnya,O
000177-002,dan,O
000177-002,kucabut,O
000177-002,tombakku,O
000177-002,.,O
000177-002,Kemudian,O
000177-002,aku,O
000177-002,kembali,O
000177-002,lagi,O
000177-002,ke,O
000177-002,tenda,O
000177-002,dan,O
000177-002,duduk,O
000177-002,di,O
000177-002,sana,O
000177-002,.,O
000177-002,Aku,O
000177-002,tidak,O
000177-002,mempunyai,O
000177-002,kepentingan,O
000177-002,lain,O
000177-002,.,O
000177-002,Aku,O
000177-002,membunuh,O
000177-002,Hamzah,B_PERSON
000177-002,dengan,O
000177-002,tujuan,O
000177-002,agar,O
000177-002,aku,O
000177-002,menjadi,O
000177-002,orang,O
000177-002,merdeka,O
000177-002,.,O
000177-002,Maka,O
000177-002,setiba,O
000177-002,di,O
000177-002,Makkah,B_LOCATION
000177-002,",",O
000177-002,aku,O
000177-002,pun,O
000177-002,176,O
000177-002,Sirah,O
000177-002,An-Nabawiyah,O
000177-002,",",O
000177-002,Ibnu,B_PERSON
000177-002,Hisyam,I_PERSON
000177-002,",",O
000177-002,2/69-72,O
000177-002,;,O
000177-002,Shahih,O
000177-002,Al-Bukhari,O
000177-002,",",O
000177-002,2/583,O
000177-002,.,O
000177-002,Akhirnya,O
000177-002,Wahsyi,O
000177-002,masuk,O
000177-002,Islam,O
000177-002,setelah,O
000177-002,Perang,B_EVENT
000177-002,Tha'if,I_EVENT
000177-002,dan,O
000177-002,akhirnya,O
000177-002,dia,O
000177-002,dapat,O
000177-002,membunuh,O
000177-002,Musailamah,O
000177-002,Al-Kadzdzab,O
000177-002,dengan,O
000177-002,tombaknya,O
000177-002,itu,O
000177-002,pula,O
000177-002,.,O
000177-002,Dia,O
000177-002,juga,O
000177-002,ikut,O
000177-002,bergabung,O
000177-002,dalam,O
000177-002,Perang,B_EVENT
000177-002,Yarmuk,I_EVENT
000177-002,melawan,O
000177-002,pasukan,O
000177-002,Romawi,O
000177-002,.,O
000178-001,Sekalipun,O
000178-001,pasukan,O
000178-001,Muslimin,O
000178-001,mengalami,O
000178-001,kerugian,O
000178-001,yang,O
000178-001,besar,O
000178-001,dengan,O
000178-001,terbunuhnya,O
000178-001,singa,O
000178-001,Allah,O
000178-001,dan,O
000178-001,singa,O
000178-001,Rasul-Nya,O
000178-001,",",O
000178-001,Hamzah,B_PERSON
000178-001,bin,I_PERSON
000178-001,Abdul,I_PERSON
000178-001,Muththalib,I_PERSON
000178-001,.,O
000178-001,mereka,O
000178-001,tetap,O
000178-001,mampu,O
000178-001,menguasai,O
000178-001,seluruh,O
000178-001,keadaan,O
000178-001,.,O
000178-001,Yang,O
000178-001,ikut,O
000178-001,bertempur,O
000178-001,pada,O
000178-001,saat,O
000178-001,itu,O
000178-001,adalah,O
000178-001,Abu,B_PERSON
000178-001,Bakar,I_PERSON
000178-001,",",O
000178-001,Umar,B_PERSON
000178-001,bin,I_PERSON
000178-001,Al-Khaththab,I_PERSON
000178-001,",",O
000178-001,Ali,B_PERSON
000178-001,bin,I_PERSON
000178-001,Abu,I_PERSON
000178-001,Thalib,I_PERSON
000178-001,",",O
000178-001,Az-Zubair,B_PERSON
000178-001,bin,I_PERSON
000178-001,Al-Awwam,I_PERSON
000178-001,",",O
000178-001,Mush'ab,B_PERSON
000178-001,bin,I_PERSON
000178-001,Umair,I_PERSON
000178-001,",",O
000178-001,Thalhah,B_PERSON
000178-001,bin,I_PERSON
000178-001,Ubaidillah,I_PERSON
000178-001,",",O
000178-001,Abdullah,B_PERSON
000178-001,bin,I_PERSON
000178-001,Jahsy,I_PERSON
000178-001,",",O
000178-001,Sa'd,B_PERSON
000178-001,bin,I_PERSON
000178-001,Mu'adz,I_PERSON
000178-001,",",O
000178-001,Sa'd,B_PERSON
000178-001,bin,I_PERSON
000178-001,Ubadah,I_PERSON
000178-001,",",O
000178-001,Sa'd,B_PERSON
000178-001,bin,I_PERSON
000178-001,Ar-Rabi',I_PERSON
000178-001,",",O
000178-001,Anas,B_PERSON
000178-001,bin,I_PERSON
000178-001,An-Nadhr,I_PERSON
000178-001,",",O
000178-001,dan,O
000178-001,masih,O
000178-001,banyak,O
000178-001,orang-orang,O
000178-001,seperti,O
000178-001,mereka,O
000178-001,yang,O
000178-001,mampu,O
000178-001,merontokkan,O
000178-001,ambisi,O
000178-001,orang-orang,O
000178-001,musyrik,O
000178-001,.,O
000182-001,Pada,O
000182-001,saat,O
000182-001,pasukan,O
000182-001,Islam,O
000182-001,yang,O
000182-001,kecil,O
000182-001,tinggal,O
000182-001,meraih,O
000182-001,kemenangan,O
000182-001,sebentar,O
000182-001,lagi,O
000182-001,atas,O
000182-001,pasukan,O
000182-001,Quraisy,O
000182-001,",",O
000182-001,yang,O
000182-001,nilai,O
000182-001,kemenangannya,O
000182-001,tidak,O
000182-001,kalah,O
000182-001,sedikit,O
000182-001,dari,O
000182-001,kemenangan,O
000182-001,yang,O
000182-001,diraih,O
000182-001,di,O
000182-001,Perang,B_EVENT
000182-001,Badr,I_EVENT
000182-001,",",O
000182-001,terjadi,O
000182-001,kesalahan,O
000182-001,fatal,O
000182-001,yang,O
000182-001,dilakukan,O
000182-001,para,O
000182-001,pemanah,O
000182-001,",",O
000182-001,sehingga,O
000182-001,bisa,O
000182-001,membalik,O
000182-001,keadaan,O
000182-001,secara,O
000182-001,total,O
000182-001,dan,O
000182-001,akhirnya,O
000182-001,menimbulkan,O
000182-001,kerugian,O
000182-001,yang,O
000182-001,amat,O
000182-001,banyak,O
000182-001,bagi,O
000182-001,pasukan,O
000182-001,Muslimin,O
000182-001,",",O
000182-001,bahkan,O
000182-001,hampir,O
000182-001,saja,O
000182-001,menyebabkan,O
000182-001,kematian,O
000182-001,bagi,O
000182-001,Nabi,O
000182-001,.,O
000182-001,Kejadian,O
000182-001,ini,O
000182-001,membiaskan,O
000182-001,pengaruh,O
000182-001,yang,O
000182-001,kurang,O
000182-001,menguntungkan,O
000182-001,bagi,O
000182-001,ketenaran,O
000182-001,dan,O
000182-001,kehebatan,O
000182-001,mereka,O
000182-001,setelah,O
000182-001,meraih,O
000182-001,kemenangan,O
000182-001,di,O
000182-001,Badr,B_LOCATION
000182-001,.,O
000182-001,Telah,O
000182-001,kami,O
000182-001,utarakan,O
000182-001,teks,O
000182-001,perintah,O
000182-001,Nabi,O
000182-001,yang,O
000182-001,sangat,O
000182-001,keras,O
000182-001,terhadap,O
000182-001,para,O
000182-001,pemanah,O
000182-001,itu,O
000182-001,",",O
000182-001,agar,O
000182-001,mereka,O
000182-001,tetap,O
000182-001,berada,O
000182-001,di,O
000182-001,atas,O
000182-001,bukit,O
000182-001,",",O
000182-001,dalam,O
000182-001,keadaan,O
000182-001,kalah,O
000182-001,maupun,O
000182-001,menang,O
000182-001,.,O
000182-001,Sekalipun,O
000182-001,sudah,O
000182-001,ada,O
000182-001,perintah,O
000182-001,yang,O
000182-001,sangat,O
000182-001,tegas,O
000182-001,ini,O
000182-001,",",O
000182-001,tatkala,O
000182-001,pasukan,O
000182-001,pemanah,O
000182-001,melihat,O
000182-001,orang-orang,O
000182-001,Muslim,O
000182-001,sudah,O
000182-001,mengumpulkan,O
000182-001,harta,O
000182-001,rampasan,O
000182-001,dari,O
000182-001,pihak,O
000182-001,musuh,O
000182-001,",",O
000182-001,mereka,O
000182-001,pun,O
000182-001,dikuasai,O
000182-001,egoisme,O
000182-001,kecintaan,O
000182-001,terhadap,O
000182-001,duniawi,O
000182-001,.,O
000182-001,Mereka,O
000182-001,saling,O
000182-001,berkata,O
000182-001,",",O
000182-001,"""",O
000182-001,Harta,O
000182-001,rampasan,O
000182-001,",",O
000182-001,harta,O
000182-001,rampasan,O
000182-001,!,O
000182-001,Rekan-rekan,O
000182-001,kalian,O
000182-001,sudah,O
000182-001,menang,O
000182-001,.,O
000182-001,Apa,O
000182-001,lagi,O
000182-001,yang,O
000182-001,kalian,O
000182-001,tunggu,O
000182-001,"?""",O
000182-001,Komandan,O
000182-001,mereka,O
000182-001,",",O
000182-001,Abdullah,B_PERSON
000182-001,bin,I_PERSON
000182-001,Jubair,I_PERSON
000182-001,mengingatkan,O
000182-001,perintah,O
000182-001,Rasulullah,B_PERSON
000182-001,kepada,O
000182-001,mereka,O
000182-001,",",O
000182-001,dengan,O
000182-001,berkata,O
000182-001,",",O
000182-001,"""",O
000182-001,Apakah,O
000182-001,kalian,O
000182-001,sudah,O
000182-001,lupa,O
000182-001,apa,O
000182-001,yang,O
000182-001,dikatakan,O
000182-001,Rasulullah,B_PERSON
000182-001,kepada,O
000182-001,kalian,O
000182-001,"?""",O
000182-001,Tetapi,O
000182-001,mayoritas,O
000182-001,di,O
000182-001,antara,O
000182-001,mereka,O
000182-001,tidak,O
000182-001,mempedulikan,O
000182-001,peringatan,O
000182-001,ini,O
000182-001,.,O
000185-001,Saat,O
000185-001,pasukan,O
000185-001,Muslimin,O
000185-001,terjepit,O
000185-001,",",O
000185-001,banyak,O
000185-001,di,O
000185-001,antara,O
000185-001,mereka,O
000185-001,yang,O
000185-001,hilang,O
000185-001,kendalinya,O
000185-001,.,O
000185-001,Tidak,O
000185-001,ada,O
000185-001,yang,O
000185-001,dipikirkan,O
000185-001,kecuali,O
000185-001,keselamatan,O
000185-001,diri,O
000185-001,sendiri,O
000185-001,.,O
000185-001,Mereka,O
000185-001,lari,O
000185-001,dan,O
000185-001,meninggalkan,O
000185-001,kancah,O
000185-001,pertempuran,O
000185-001,.,O
000185-001,Mereka,O
000185-001,tidak,O
000185-001,tahu,O
000185-001,apa,O
000185-001,yang,O
000185-001,terjadi,O
000185-001,di,O
000185-001,belakang,O
000185-001,mereka,O
000185-001,setelah,O
000185-001,itu,O
000185-001,.,O
000185-001,Bahkan,O
000185-001,di,O
000185-001,antara,O
000185-001,mereka,O
000185-001,ada,O
000185-001,yang,O
000185-001,kembali,O
000185-001,ke,O
000185-001,Madinah,B_LOCATION
000185-001,.,O
000185-001,Sebagian,O
000185-001,yang,O
000185-001,lain,O
000185-001,ada,O
000185-001,yang,O
000185-001,melarikan,O
000185-001,diri,O
000185-001,ke,O
000185-001,atas,O
000185-001,gunung,O
000185-001,dan,O
000185-001,sebagian,O
000185-001,lain,O
000185-001,ada,O
000185-001,yang,O
000185-001,berbaur,O
000185-001,dengan,O
000185-001,orang-orang,O
000185-001,musyrik,O
000185-001,.,O
000185-001,Dua,O
000185-001,pasukan,O
000185-001,saling,O
000185-001,bercampur,O
000185-001,baur,O
000185-001,dan,O
000185-001,sulit,O
000185-001,dibeda-bedakan,O
000185-001,",",O
000185-001,sehingga,O
000185-001,tak,O
000185-001,jarang,O
000185-001,orang,O
000185-001,Muslim,O
000185-001,ada,O
000185-001,yang,O
000185-001,menyerang,O
000185-001,orang,O
000185-001,Muslim,O
000185-001,lainnya,O
000185-001,.,O
000185-001,Al-Bukhari,O
000185-001,meriwayatkan,O
000185-001,dari,O
000185-001,Aisyah,B_PERSON
000185-001,",",O
000185-001,dia,O
000185-001,berkata,O
000185-001,",",O
000185-001,"""",O
000185-001,Pada,O
000185-001,saat,O
000185-001,Perang,B_EVENT
000185-001,Uhud,I_EVENT
000185-001,",",O
000185-001,orang-orang,O
000185-001,musyrik,O
000185-001,sudah,O
000185-001,kalah,O
000185-001,telak,O
000185-001,.,O
000185-001,Lalu,O
000185-001,ada,O
000185-001,iblis,O
000185-001,yang,O
000185-001,berseru,O
000185-001,.,O
000185-001,'Hai,O
000185-001,hamba-hamba,O
000185-001,Allah,O
000185-001,",",O
000185-001,waspadailah,O
000185-001,orang-orang,O
000185-001,di,O
000185-001,belakang,O
000185-001,kalian,O
000185-001,!,O
000185-001,Keadaan,O
000185-001,menjadi,O
000185-001,berbalik,O
000185-001,dan,O
000185-001,mereka,O
000185-001,menjadi,O
000185-001,campur,O
000185-001,aduk,O
000185-001,.,O
000185-001,Hudzifah,O
000185-001,segera,O
000185-001,menyadari,O
000185-001,hal,O
000185-001,ini,O
000185-001,.,O
000185-001,Dia,O
000185-001,yang,O
000185-001,bersama,O
000185-001,ayahnya,O
000185-001,",",O
000185-001,Al-Yaman,O
000185-001,",",O
000185-001,berteriak-teriak,O
000185-001,"""",O
000185-001,Hai,O
000185-001,hamba-hamba,O
000185-001,Allah,O
000185-001,",",O
000185-001,dia,O
000185-001,adalah,O
000185-001,ayahku,O
000185-001,"!""",O
000185-001,Dia,O
000185-001,khawatir,O
000185-001,ayahnya,O
000185-001,menjadi,O
000185-001,korban,O
000185-001,salah,O
000185-001,sasaran,O
000185-001,.,O
000185-001,Namun,O
000185-001,tak,O
000185-001,ada,O
000185-001,orang,O
000185-001,yang,O
000185-001,menghalangi,O
000185-001,mereka,O
000185-001,",",O
000185-001,tatkala,O
000185-001,mereka,O
000185-001,membunuh,O
000185-001,ayahnya,O
000185-001,.,O
000185-001,Akhinya,O
000185-001,Hudzaifah,O
000185-001,hanya,O
000185-001,bisa,O
000185-001,berkata,O
000185-001,",",O
000185-001,"""",O
000185-001,Semoga,O
000185-001,Allah,O
000185-001,mengampuni,O
000185-001,kalian,O
000185-001,".""",O
000185-001,Ini,O
000185-001,terjadi,O
000185-001,saat,O
000185-001,barisan,O
000185-001,menjadi,O
000185-001,kacau,O
000185-001,balau,O
000185-001,",",O
000185-001,centang,O
000185-001,perenang,O
000185-001,dan,O
000185-001,keadaan,O
000185-001,menjadi,O
000185-001,hingar,O
000185-001,bingar,O
000185-001,.,O
000185-001,Mereka,O
000185-001,tidak,O
000185-001,tahu,O
000185-001,harus,O
000185-001,menghadang,O
000185-001,ke,O
000185-001,mana,O
000185-001,.,O
000196-001,Pada,O
000196-001,detik-detik,O
000196-001,terakhir,O
000196-001,ini,O
000196-001,ada,O
000196-001,dua,O
000196-001,peristiwa,O
000196-001,yang,O
000196-001,menunjukkan,O
000196-001,seberapa,O
000196-001,jauh,O
000196-001,kesiapan,O
000196-001,para,O
000196-001,pahlawan,O
000196-001,Muslim,O
000196-001,untuk,O
000196-001,terus,O
000196-001,berperang,O
000196-001,dan,O
000196-001,seberapa,O
000196-001,jauh,O
000196-001,keteguhan,O
000196-001,hati,O
000196-001,mereka,O
000196-001,di,O
000196-001,jalan,O
000196-001,Allah,O
000196-001,.,O
000196-001,Inilah,O
000196-001,dua,O
000196-001,peristiwa,O
000196-001,tersebut,O
000196-001,.,O
000196-001,Ka'b,B_PERSON
000196-001,bin,I_PERSON
000196-001,Malik,I_PERSON
000196-001,menuturkan,O
000196-001,",",O
000196-001,"""",O
000196-001,Aku,O
000196-001,termasuk,O
000196-001,orang-orang,O
000196-001,yang,O
000196-001,bergabung,O
000196-001,1,O
000196-001,.,O
000196-001,dalam,O
000196-001,peperangan,O
000196-001,.,O
000196-001,Setelah,O
000196-001,kulihat,O
000196-001,tindakan,O
000196-001,orang-orang,O
000196-001,musyrik,O
000196-001,terhadap,O
000196-001,tubuh,O
000196-001,orang-orang,O
000196-001,Muslim,O
000196-001,yang,O
000196-001,terbunuh,O
000196-001,",",O
000196-001,maka,O
000196-001,aku,O
000196-001,pun,O
000196-001,berlalu,O
000196-001,ke,O
000196-001,sana,O
000196-001,dan,O
000196-001,mengintip,O
000196-001,.,O
000196-001,Kulihat,O
000196-001,ada,O
000196-001,seorang,O
000196-001,musyrik,O
000196-001,yang,O
000196-001,mengumpulkan,O
000196-001,baju-,O
000196-001,baju,O
000196-001,besi,O
000196-001,yang,O
000196-001,di,O
000196-001,dalamnya,O
000196-001,masih,O
000196-001,ada,O
000196-001,jasad,O
000196-001,orang-orang,O
000196-001,Muslim,O
000196-001,seraya,O
000196-001,berkata,O
000196-001,",",O
000196-001,"""",O
000196-001,Kumpulkanlah,O
000196-001,sebagaimana,O
000196-001,kalian,O
000196-001,mengumpulkan,O
000196-001,kambing,O
000196-001,kambing,O
000196-001,yang,O
000196-001,sudah,O
000196-001,disembelih,O
000196-001,".""",O
000196-001,Ternyata,O
000196-001,ada,O
000196-001,seorang,O
000196-001,Muslim,O
000196-001,yang,O
000196-001,sudah,O
000196-001,menunggu,O
000196-001,kedatangannya,O
000196-001,sejak,O
000196-001,tadi,O
000196-001,sambil,O
000196-001,mengenakan,O
000196-001,baju,O
000196-001,besinya,O
000196-001,.,O
000196-001,Aku,O
000196-001,berjalan,O
000196-001,mendekat,O
000196-001,di,O
000196-001,belakangnya,O
000196-001,dan,O
000196-001,telah,O
000196-001,kuperkirakan,O
000196-001,jarak,O
000196-001,antara,O
000196-001,diriku,O
000196-001,dan,O
000196-001,orang,O
000196-001,Muslim,O
000196-001,serta,O
000196-001,orang,O
000196-001,musyrik,O
000196-001,itu,O
000196-001,hingga,O
000196-001,semuanya,O
000196-001,bisa,O
000196-001,kulihat,O
000196-001,dengan,O
000196-001,jelas,O
000196-001,.,O
000196-001,Ternyata,O
000196-001,orang,O
000196-001,musyrik,O
000196-001,itu,O
000196-001,lebih,O
000196-001,lengkap,O
000196-001,dan,O
000196-001,lebih,O
000196-001,baik,O
000196-001,keadaannya,O
000196-001,.,O
000196-001,Aku,O
000196-001,terus,O
000196-001,mengawasi,O
000196-001,keduanya,O
000196-001,hingga,O
000196-001,mereka,O
000196-001,saling,O
000196-001,berhadapan,O
000196-001,.,O
000196-001,Lalu,O
000196-001,orang,O
000196-001,Muslim,O
000196-001,memukul,O
000196-001,orang,O
000196-001,musyrik,O
000196-001,hingga,O
000196-001,terputus,O
000196-001,menjadi,O
000196-001,dua,O
000196-001,bagian,O
000196-001,.,O
000196-001,Orang,O
000196-001,Muslim,O
000196-001,itu,O
000196-001,menampakkan,O
000196-001,wajahnya,O
000196-001,dan,O
000196-001,bertanya,O
000196-001,kepadaku,O
000196-001,",",O
000196-001,"""",O
000196-001,Bagaimana,O
000196-001,menurut,O
000196-001,pendapatmu,O
000196-001,wahai,O
000196-001,Ka'b,B_PERSON
000196-001,?,O
000196-001,Aku,O
000196-001,adalah,O
000196-001,Abu,O
000196-001,2,O
000196-001,.,O
000196-001,Ada,O
000196-001,beberapa,O
000196-001,wanita,O
000196-001,Mukminah,O
000196-001,yang,O
000196-001,datang,O
000196-001,ke,O
000196-001,medan,O
000196-001,peperangan,O
000196-001,setelah,O
000196-001,pertempuran,O
000196-001,usai,O
000196-001,.,O
000200-001,Rasulullah,B_PERSON
000200-001,menghampiri,O
000200-001,orang-orang,O
000200-001,yang,O
000200-001,terbunuh,O
000200-001,sebagai,O
000200-001,syuhada,O
000200-001,dan,O
000200-001,bersabda,O
000200-001,",",O
000200-001,"""",O
000200-001,Aku,O
000200-001,menjadi,O
000200-001,saksi,O
000200-001,atas,O
000200-001,mereka,O
000200-001,",",O
000200-001,bahwa,O
000200-001,tidaklah,O
000200-001,ada,O
000200-001,yang,O
000200-001,terluka,O
000200-001,karena,O
000200-001,Allah,O
000200-001,",",O
000200-001,melainkan,O
000200-001,Allah,O
000200-001,akan,O
000200-001,membangkitkannya,O
000200-001,pada,O
000200-001,Hari,O
000200-001,Kiamat,O
000200-001,lukanya,O
000200-001,berdarah,O
000200-001,",",O
000200-001,warnanya,O
000200-001,warna,O
000200-001,darah,O
000200-001,namun,O
000200-001,baunya,O
000200-001,adalah,O
000200-001,bau,O
000200-001,minyak,O
000200-001,kesturi,O
000200-001,.,O
000200-001,"""",O
000200-001,Sebagian,O
000200-001,sahabat,O
000200-001,ada,O
000200-001,yang,O
000200-001,sudah,O
000200-001,membawa,O
000200-001,para,O
000200-001,korban,O
000200-001,yang,O
000200-001,terbunuh,O
000200-001,ke,O
000200-001,Madinah,B_LOCATION
000200-001,.,O
000200-001,Lalu,O
000200-001,beliau,O
000200-001,memerintahkan,O
000200-001,agar,O
000200-001,mengembalikan,O
000200-001,para,O
000200-001,korban,O
000200-001,itu,O
000200-001,ke,O
000200-001,Uhud,B_LOCATION
000200-001,dan,O
000200-001,menguburkannya,O
000200-001,di,O
000200-001,tempat,O
000200-001,masing-masing,O
000200-001,menemui,O
000200-001,ajalnya,O
000200-001,",",O
000200-001,tanpa,O
000200-001,dimandikan,O
000200-001,.,O
000200-001,Jasad,O
000200-001,mereka,O
000200-001,dikuburkan,O
000200-001,beserta,O
000200-001,pakaian,O
000200-001,yang,O
000200-001,melekat,O
000200-001,di,O
000200-001,badan,O
000200-001,setelah,O
000200-001,melepas,O
000200-001,bahan-bahan,O
000200-001,pakaian,O
000200-001,dari,O
000200-001,besi,O
000200-001,dan,O
000200-001,kulit,O
000200-001,.,O
000200-001,Satu,O
000200-001,lubang,O
000200-001,diisi,O
000200-001,dua,O
000200-001,atau,O
000200-001,tiga,O
000200-001,jasad,O
000200-001,",",O
000200-001,dan,O
000200-001,setiap,O
000200-001,dua,O
000200-001,orang,O
000200-001,dibungkus,O
000200-001,dengan,O
000200-001,satu,O
000200-001,lembar,O
000200-001,kain,O
000200-001,.,O
000200-001,.,O
000200-001,Siapakah,O
000200-001,yang,O
000200-001,lebih,O
000200-001,banyak,O
000200-001,hapal,O
000200-001,Al-Qur',O
000200-001,an,O
000200-001,"?""",O
000200-001,tanya,O
000200-001,beliau,O
000200-001,.,O
000200-001,Setelah,O
000200-001,mereka,O
000200-001,menunjuk,O
000200-001,seseorang,O
000200-001,yang,O
000200-001,dimaksudkan,O
000200-001,",",O
000200-001,maka,O
000200-001,orang,O
000200-001,itulah,O
000200-001,yang,O
000200-001,lebih,O
000200-001,dahulu,O
000200-001,dimasukkan,O
000200-001,ke,O
000200-001,dalam,O
000200-001,liang,O
000200-001,lahat,O
000200-001,",",O
000200-001,dan,O
000200-001,beliau,O
000200-001,bersabda,O
000200-001,",",O
000200-001,Aku,O
000200-001,menjadi,O
000200-001,saksi,O
000200-001,atas,O
000200-001,mereka,O
000200-001,pada,O
000200-001,Hari,O
000200-001,Kiamat,O
000200-001,".""",O
000200-001,Jasad,O
000200-001,Abdullah,B_PERSON
000200-001,bin,I_PERSON
000200-001,Amr,I_PERSON
000200-001,bin,I_PERSON
000200-001,Haram,I_PERSON
000200-001,dan,O
000200-001,Amr,B_PERSON
000200-001,bin,I_PERSON
000200-001,Al-Jamuh,I_PERSON
000200-001,dihimpun,O
000200-001,dalam,O
000200-001,satu,O
000200-001,liang,O
000200-001,",",O
000200-001,karena,O
000200-001,diketahui,O
000200-001,keduanya,O
000200-001,saling,O
000200-001,mencintai,O
000200-001,.,O
000200-001,Mereka,O
000200-001,kehilangan,O
000200-001,mayat,O
000200-001,Hanzhalah,O
000200-001,.,O
000200-001,Setelah,O
000200-001,mencari,O
000200-001,kesana,O
000200-001,kemari,O
000200-001,",",O
000200-001,mereka,O
000200-001,mendapatkannya,O
000200-001,di,O
000200-001,sebuah,O
000200-001,gundukan,O
000200-001,tanah,O
000200-001,yang,O
000200-001,masih,O
000200-001,menyisakan,O
000200-001,guyuran,O
000200-001,air,O
000200-001,di,O
000200-001,sana,O
000200-001,.,O
000200-001,Rasulullah,B_PERSON
000200-001,mengabarkan,O
000200-001,para,O
000200-001,sahabat,O
000200-001,bahwa,O
000200-001,malaikat,O
000200-001,sedang,O
000200-001,memandikan,O
000200-001,jasadnya,O
000200-001,.,O
000200-003,Beliau,O
000200-003,menangis,O
000200-003,lagi,O
000200-003,hingga,O
000200-003,terisak-isak,O
000200-003,".""",O
000200-003,191,O
000200-003,Zadul-Ma'ad,O
000200-003,",",O
000200-003,2/94,O
000200-003,Pemandangan,O
000200-003,para,O
000200-003,syuhada,O
000200-003,benar-benar,O
000200-003,sangat,O
000200-003,mengenaskan,O
000200-003,dan,O
000200-003,membuat,O
000200-003,hati,O
000200-003,teriris-iris,O
000200-003,.,O
000200-003,Khabbab,B_PERSON
000200-003,berkata,O
000200-003,",",O
000200-003,"""",O
000200-003,Tidak,O
000200-003,ada,O
000200-003,kafan,O
000200-003,bagi,O
000200-003,Hamzah,B_PERSON
000200-003,selain,O
000200-003,selembar,O
000200-003,mantel,O
000200-003,yang,O
000200-003,berwarna,O
000200-003,putih,O
000200-003,bercampur,O
000200-003,hitam,O
000200-003,.,O
000200-003,Jika,O
000200-003,mantel,O
000200-003,itu,O
000200-003,ditarik,O
000200-003,ke,O
000200-003,bagian,O
000200-003,pala,O
000200-003,",",O
000200-003,maka,O
000200-003,kakinya,O
000200-003,menyembul,O
000200-003,",",O
000200-003,dan,O
000200-003,jika,O
000200-003,ditarik,O
000200-003,ke,O
000200-003,bagian,O
000200-003,kaki,O
000200-003,",",O
000200-003,maka,O
000200-003,kepalanya,O
000200-003,yang,O
000200-003,menyembul,O
000200-003,.,O
000200-003,Akhirnya,O
000200-003,mantel,O
000200-003,itu,O
000200-003,ditarik,O
000200-003,menutupi,O
000200-003,kepala,O
000200-003,dan,O
000200-003,kakinya,O
000200-003,ditutupi,O
000200-003,dengan,O
000200-003,Abdurrahman,B_PERSON
000200-003,bin,I_PERSON
000200-003,Auf,I_PERSON
000200-003,berkata,O
000200-003,",",O
000200-003,"""",O
000200-003,Mush'ab,B_PERSON
000200-003,bin,I_PERSON
000200-003,Umair,I_PERSON
000200-003,terbunuh,O
000200-003,",",O
000200-003,padahal,O
000200-003,dia,O
000200-003,lebih,O
000200-003,baik,O
000200-003,daripada,O
000200-003,aku,O
000200-003,.,O
000200-003,Dia,O
000200-003,dikafani,O
000200-003,dengan,O
000200-003,mantel,O
000200-003,.,O
000200-003,Jika,O
000200-003,bagian,O
000200-003,kepalanya,O
000200-003,ditutupi,O
000200-003,",",O
000200-003,maka,O
000200-003,kakinya,O
000200-003,menyembul,O
000200-003,",",O
000200-003,dan,O
000200-003,jika,O
000200-003,kakinya,O
000200-003,yang,O
000200-003,ditutupi,O
000200-003,",",O
000200-003,maka,O
000200-003,kepalanya,O
000200-003,yang,O
000200-003,menyembul,O
000200-003,".""",O
000200-003,Riwayat,O
000200-003,serupa,O
000200-003,juga,O
000200-003,berlaku,O
000200-003,bagi,O
000200-003,Khabbab,B_PERSON
000200-003,Dalam,O
000200-003,keadaan,O
000200-003,seperti,O
000200-003,ini,O
000200-003,Rasulullah,B_PERSON
000200-003,bersabda,O
000200-003,kepada,O
000200-003,kami,O
000200-003,",",O
000200-003,"""",O
000200-003,Tutuplah,O
000200-003,mantel,O
000200-003,itu,O
000200-003,ke,O
000200-003,bagian,O
000200-003,kepalanya,O
000200-003,dan,O
000200-003,tutupkan,O
000200-003,dedaunan,O
000200-003,ke,O
000200-003,bagian,O
000207-001,Al-Qur',O
000207-001,an,O
000207-001,turun,O
000207-001,menyoroti,O
000207-001,setiap,O
000207-001,kejadian,O
000207-001,yang,O
000207-001,penting,O
000207-001,dalam,O
000207-001,peperangan,O
000207-001,ini,O
000207-001,",",O
000207-001,tahapan,O
000207-001,demi,O
000207-001,tahapan,O
000207-001,",",O
000207-001,ditambah,O
000207-001,dengan,O
000207-001,berberapa,O
000207-001,catatan,O
000207-001,yang,O
000207-001,menjelaskan,O
000207-001,berberapa,O
000207-001,sebab,O
000207-001,yang,O
000207-001,mengakibatkan,O
000207-001,kerugian,O
000207-001,yang,O
000207-001,besar,O
000207-001,itu,O
000207-001,.,O
000207-001,Al-Qur,O
000207-001,an,O
000207-001,juga,O
000207-001,menampakkan,O
000207-001,beberapa,O
000207-001,sisi,O
000207-001,kelemahan,O
000207-001,yang,O
000207-001,ada,O
000207-001,di,O
000207-001,tengah,O
000207-001,pasukan,O
000207-001,orang-orang,O
000207-001,Mukmin,O
000207-001,ini,O
000207-001,jika,O
000207-001,dikaitkan,O
000207-001,dengan,O
000207-001,kewajiban,O
000207-001,yang,O
000207-001,seharusnya,O
000207-001,mereka,O
000207-001,kerjakan,O
000207-001,pada,O
000207-001,saat-saat,O
000207-001,yang,O
000207-001,kritis,O
000207-001,",",O
000207-001,apalagi,O
000207-001,jika,O
000207-001,dikaitkan,O
000207-001,dengan,O
000207-001,tujuan,O
000207-001,yang,O
000207-001,hendak,O
000207-001,diraih,O
000207-001,umat,O
000207-001,ini,O
000207-001,",",O
000207-001,sebagai,O
000207-001,umat,O
000207-001,paling,O
000207-001,baik,O
000207-001,yang,O
000207-001,dikeluarkan,O
000207-001,bagi,O
000207-001,manusia,O
000207-001,.,O
000207-001,Al-Qur',O
000207-001,an,O
000207-001,juga,O
000207-001,membicarakan,O
000207-001,sikap,O
000207-001,orang-orang,O
000207-001,munafik,O
000207-001,",",O
000207-001,melecehkan,O
000207-001,mereka,O
000207-001,dan,O
000207-001,menyingkap,O
000207-001,permusuhan,O
000207-001,terhadap,O
000207-001,Allah,O
000207-001,dan,O
000207-001,Rasul-Nya,O
000207-001,yang,O
000207-001,tersimpan,O
000207-001,di,O
000207-001,dalam,O
000207-001,hati,O
000207-001,mereka,O
000207-001,",",O
000207-001,sambil,O
000207-001,berusaha,O
000207-001,mengenyahkan,O
000207-001,keragu-raguan,O
000207-001,dan,O
000207-001,kebimbangan,O
000207-001,yang,O
000207-001,bersemayam,O
000207-001,di,O
000207-001,dalam,O
000207-001,hati,O
000207-001,orang-orang,O
000207-001,Mukmin,O
000207-001,yang,O
000207-001,lemah,O
000207-001,.,O
000207-001,Karena,O
000207-001,kelompok,O
000207-001,inilah,O
000207-001,yang,O
000207-001,menjadi,O
000207-001,sasaran,O
000207-001,orang-orang,O
000207-001,munafik,O
000207-001,dan,O
000207-001,Yahudi,O
000207-001,.,O
000207-001,Al-Qur',O
000207-001,an,O
000207-001,juga,O
000207-001,mengisyaratkan,O
000207-001,tujuan,O
000207-001,yang,O
000207-001,mulia,O
000207-001,dari,O
000207-001,peperangan,O
000207-001,ini,O
000207-001,.,O
000207-001,Ada,O
000207-001,enam,O
000207-001,puluh,O
000207-001,ay,O
000207-001,at,O
000207-001,dari,O
000207-001,surah,O
000207-001,Ali,B_PERSON
000207-001,Imran,O
000207-001,yang,O
000207-001,turun,O
000207-001,mengenai,O
000207-001,peperangan,O
000207-001,ini,O
000207-001,",",O
000207-001,diawali,O
000207-001,dengan,O
000207-001,permulaan,O
000207-001,tahapan,O
000207-001,perang,O
000207-001,",",O
000207-001,JIy,O
000207-001,JCnW,O
000207-001,Kq',O
000207-001,"""",O
000207-001,Dan,O
000207-001,(,O
000207-001,ingatlah,O
000207-001,"),",O
000207-001,ketika,O
000207-001,kamu,O
000207-001,berangkat,O
000207-001,pada,O
000207-001,pagi,O
000207-001,hari,O
000207-001,dari,O
000207-001,(,O
000207-001,rumah,O
000207-001,),O
000207-001,keluargamu,O
000207-001,akan,O
000207-001,menempatkan,O
000207-001,para,O
000207-001,mukmin,O
000207-001,pada,O
000207-001,beberapa,O
000207-001,tempat,O
000207-001,untuk,O
000207-001,berperang,O
000207-001,.,O
000207-001,"""",O
000207-001,(,O
000207-001,Ali-Imran,B_PERSON
000207-001,:,O
000207-001,121,O
000207-001,),O
000207-001,Kesudahan,O
000207-001,ayat-ayat,O
000207-001,ini,O
000207-001,merupakan,O
000207-001,catatan,O
000207-001,menyeluruh,O
000207-001,dari,O
000207-001,hasil,O
000207-001,peperangan,O
000207-001,dan,O
000207-001,hikmahnya,O
000207-001,.,O
000232-001,Setelah,O
000232-001,Rasululah,O
000232-001,merasa,O
000232-001,tenang,O
000232-001,berada,O
000232-001,di,O
000232-001,sana,O
000232-001,",",O
000232-001,tiba-tiba,O
000232-001,muncul,O
000232-001,Budail,B_PERSON
000232-001,bin,I_PERSON
000232-001,Warqa',I_PERSON
000232-001,Al-Khuza'y,O
000232-001,bersama,O
000232-001,beberapa,O
000232-001,orang,O
000232-001,dari,O
000232-001,Bani,O
000232-001,Khuza'ah,O
000232-001,Bani,O
000232-001,Khuza'ah,O
000232-001,biasa,O
000232-001,memberi,O
000232-001,nasihat,O
000232-001,kepada,O
000232-001,beliau,O
000232-001,.,O
000232-001,Budial,O
000232-001,berkata,O
000232-001,",",O
000232-001,"""",O
000232-001,Saat,O
000232-001,aku,O
000232-001,meninggalkan,O
000232-001,Ka'b,B_PERSON
000232-001,bin,I_PERSON
000232-001,Lu'ay,I_PERSON
000232-001,",",O
000232-001,mereka,O
000232-001,siap,O
000232-001,berangkat,O
000232-001,ke,O
000232-001,Hudaibiyah,B_LOCATION
000232-001,dengan,O
000232-001,membawa,O
000232-001,pasukan,O
000232-001,.,O
000232-001,Mereka,O
000232-001,hendak,O
000232-001,memerangi,O
000232-001,engkau,O
000232-001,dan,O
000232-001,menghalangi,O
000232-001,engkau,O
000232-001,memasuki,O
000232-001,Masjidil,B_LOCATION
000232-001,Haram,I_LOCATION
000232-001,",""",O
000232-001,Rasulullah,B_PERSON
000232-001,bersabda,O
000232-001,",",O
000232-001,"""",O
000232-001,Sesungguhnya,O
000232-001,kami,O
000232-001,datang,O
000232-001,bukan,O
000232-001,untuk,O
000232-001,memerangi,O
000232-001,seseorang,O
000232-001,.,O
000232-001,Tetapi,O
000232-001,kami,O
000232-001,datang,O
000232-001,untuk,O
000232-001,melakukan,O
000232-001,umrah,O
000232-001,.,O
000232-001,Rupanya,O
000232-001,orang-orang,O
000232-001,Quraisy,O
000232-001,sudah,O
000232-001,semakin,O
000232-001,surut,O
000232-001,dan,O
000232-001,menjadi,O
000232-001,buta,O
000232-001,karena,O
000232-001,peperangan,O
000232-001,.,O
000232-001,Jika,O
000232-001,mereka,O
000232-001,menghendaki,O
000232-001,",",O
000232-001,engkau,O
000232-001,bisa,O
000232-001,membujuk,O
000232-001,mereka,O
000232-001,dan,O
000232-001,membukakan,O
000232-001,jalan,O
000232-001,bagiku,O
000232-001,",",O
000232-001,dan,O
000232-001,jika,O
000232-001,mereka,O
000232-001,menghendaki,O
000232-001,untuk,O
000232-001,memasuki,O
000232-001,sesuatu,O
000232-001,yang,O
000232-001,biasa,O
000232-001,dimasuki,O
000232-001,manusia,O
000232-001,",",O
000232-001,maka,O
000232-001,mereka,O
000232-001,bisa,O
000232-001,melakukannya,O
000232-001,yang,O
000232-001,berarti,O
000232-001,mereka,O
000232-001,masih,O
000232-001,memiliki,O
000232-001,nyali,O
000232-001,.,O
000232-001,Namun,O
000232-001,jika,O
000232-001,tidak,O
000232-001,menghendaki,O
000232-001,kecuali,O
000232-001,perang,O
000232-001,",",O
000232-001,maka,O
000232-001,demi,O
000232-001,diriku,O
000232-001,yang,O
000232-001,ada,O
000232-001,di,O
000232-001,tangan-Nya,O
000232-001,",",O
000232-001,aku,O
000232-001,pasti,O
000232-001,akan,O
000232-001,melayani,O
000232-001,keinginan,O
000232-001,mereka,O
000232-001,hingga,O
000232-001,kemenangan,O
000232-001,yang,O
000232-001,lalu,O
000232-001,hanya,O
000232-001,menjadi,O
000232-001,milikku,O
000232-001,atau,O
000232-001,biarlah,O
000232-001,Allah,O
000232-001,menentukan,O
000232-001,keputusan-Nya,O
000232-001,".""",O
000232-001,Budail,O
000232-001,berkata,O
000232-001,",",O
000232-001,"""",O
000232-001,Aku,O
000232-001,akan,O
000232-001,menyampaikan,O
000232-001,apa,O
000232-001,yang,O
000232-001,engkau,O
000232-001,katakan,O
000232-001,ini,O
000232-001,kepada,O
000232-001,mereka,O
000232-001,".""",O
000232-001,Lalu,O
000232-001,dia,O
000232-001,beranjak,O
000232-001,pergi,O
000232-001,untuk,O
000232-001,menemui,O
000232-001,Quraisy,O
000232-001,",",O
000232-001,seraya,O
000232-001,berkata,O
000232-001,",",O
000232-001,"""",O
000232-001,Aku,O
000232-001,datang,O
000232-001,kepada,O
000232-001,kalian,O
000232-001,setelah,O
000232-001,menemui,O
000232-001,Muhammad,B_PERSON
000232-001,dan,O
000232-001,aku,O
000232-001,mendengar,O
000232-001,dia,O
000232-001,telah,O
000232-001,mengucapkan,O
000232-001,suatu,O
000232-001,perkataan,O
000232-001,.,O
000241-004,Di,O
000241-004,sini,O
000241-004,tidak,O
000241-004,ada,O
000241-004,sesuatu,O
000241-004,yang,O
000241-004,membahayakan,O
000241-004,bagi,O
000241-004,orang-orang,O
000241-004,Muslim,O
000241-004,.,O
000241-004,Sebagaimana,O
000241-004,diketahui,O
000241-004,",",O
000241-004,selagi,O
000241-004,seseorang,O
000241-004,disebut,O
000241-004,orang,O
000241-004,Muslim,O
000241-004,",",O
000241-004,tentu,O
000241-004,dia,O
000241-004,tidak,O
000241-004,akan,O
000241-004,lari,O
000241-004,dari,O
000241-004,Allah,O
000241-004,dan,O
000241-004,Rasul-Nya,O
000241-004,",",O
000241-004,tidak,O
000241-004,meninggalkan,O
000241-004,wilayah,O
000241-004,Islam,O
000241-004,",",O
000241-004,kecuali,O
000241-004,dia,O
000241-004,memang,O
000241-004,murtad,O
000241-004,secara,O
000241-004,lahir,O
000241-004,dan,O
000241-004,batin,O
000241-004,.,O
000241-004,Jika,O
000241-004,dia,O
000241-004,murtad,O
000241-004,",",O
000241-004,maka,O
000241-004,Islam,O
000241-004,dan,O
000241-004,orang-orang,O
000241-004,Muslim,O
000241-004,sama,O
000241-004,sekali,O
000241-004,tidak,O
000241-004,membutuhkan,O
000241-004,dirinya,O
000241-004,.,O
000241-004,Bahkan,O
000241-004,tindakannya,O
000241-004,yang,O
000241-004,memisahkan,O
000241-004,diri,O
000241-004,dari,O
000241-004,masyarakat,O
000241-004,Islam,O
000241-004,jauh,O
000241-004,lebih,O
000241-004,baik,O
000241-004,daripada,O
000241-004,dia,O
000241-004,berada,O
000241-004,di,O
000241-004,tengah,O
000241-004,mereka,O
000241-004,Ini,O
000241-004,yang,O
000241-004,diisyaratkan,O
000241-004,Rasulullah,B_PERSON
000241-004,dalam,O
000241-004,sabda,O
000241-004,beliau,O
000241-004,",",O
000241-004,"""",O
000241-004,Sesungguhnya,O
000241-004,siapa,O
000241-004,pun,O
000241-004,di,O
000241-004,antara,O
000241-004,kita,O
000241-004,yang,O
000241-004,pergi,O
000241-004,bergabung,O
000241-004,dengan,O
000241-004,mereka,O
000241-004,",",O
000241-004,maka,O
000241-004,dia,O
000241-004,akan,O
000241-004,dijauhi,O
000241-004,Allah,O
000241-004,.,O
000241-004,Sedangkan,O
000241-004,di,O
000241-004,antara,O
000241-004,orang,O
000241-004,Makkah,B_LOCATION
000241-004,yang,O
000241-004,masuk,O
000241-004,Islam,O
000241-004,",",O
000241-004,kalaupun,O
000241-004,dia,O
000241-004,tidak,O
000241-004,bisa,O
000241-004,datang,O
000241-004,ke,O
000241-004,Madinah,B_LOCATION
000241-004,",",O
000241-004,toh,O
000241-004,bumi,O
000241-004,Allah,O
000241-004,itu,O
000241-004,amat,O
000241-004,luas,O
000241-004,.,O
000241-004,Bukankah,O
000241-004,Habasyah,B_LOCATION
000241-004,terbuka,O
000241-004,lebar,O
000241-004,bagi,O
000241-004,orang-orang,O
000241-004,Muslim,O
000241-004,pada,O
000241-004,saat,O
000241-004,penduduk,O
000241-004,Madinah,B_LOCATION
000241-004,belum,O
000241-004,mengenal,O
000241-004,Islam,O
000241-004,sedikit,O
000241-004,pun,O
000241-004,"?""",O
000241-004,Ini,O
000241-004,pula,O
000241-004,yang,O
000241-004,diisyaratkan,O
000241-004,Rasulullah,B_PERSON
000241-004,dalam,O
000241-004,sabda,O
000241-004,beliau,O
000241-004,",",O
000241-004,"""",O
000241-004,Dan,O
000241-004,barangsiapa,O
000241-004,di,O
000241-004,antara,O
000241-004,mereka,O
000241-004,yang,O
000241-004,hendak,O
000241-004,mendatangi,O
000241-004,kita,O
000241-004,",",O
000241-004,tentu,O
000241-004,Allah,O
000241-004,akan,O
000241-004,memberikan,O
000241-004,pemecahan,O
000241-004,dan,O
000241-004,jalan,O
000241-004,keluar,O
000241-004,kepadanya,O
000241-004,".""",O
000241-004,Mengambil,O
000241-004,langkah,O
000241-004,seperti,O
000241-004,ini,O
000241-004,",",O
000241-004,sekalipun,O
000241-004,secara,O
000241-004,sepintas,O
000241-004,lalu,O
000241-004,tampak,O
000241-004,keunggulan,O
000241-004,bagi,O
000241-004,Quraisy,O
000241-004,",",O
000241-004,pada,O
000241-004,hakikatnya,O
000241-004,mencerminkan,O
000241-004,kegundahan,O
000241-004,",",O
000241-004,kegelisahan,O
000241-004,",",O
000241-004,dan,O
000241-004,ketakutan,O
000241-004,mereka,O
000241-004,terhadap,O
000241-004,eksistensi,O
000241-004,paganisme,O
000241-004,.,O
000241-004,Mereka,O
000241-004,merasa,O
000241-004,seakan-akan,O
000241-004,eksistensi,O
000241-004,mereka,O
000241-004,berada,O
000241-004,di,O
000241-004,pinggir,O
000241-004,jurang,O
000241-004,yang,O
000241-004,terjal,O
000241-004,Maka,O
000241-004,langkah,O
000241-004,inilah,O
000241-004,yang,O
000241-004,mereka,O
000241-004,ambil,O
000241-004,.,O
000241-004,Kalaupun,O
000241-004,ada,O
000241-004,di,O
000241-004,antara,O
000241-004,orang-orang,O
000241-004,Muslim,O
000241-004,yang,O
000241-004,lari,O
000241-004,ke,O
000241-004,pihak,O
000241-004,Quraisy,O
000241-004,",",O
000241-004,maka,O
000241-004,Nabi,O
000241-004,tak,O
000241-004,akan,O
000241-004,meminta,O
000241-004,untuk,O
000241-004,mengembalikannya,O
000241-004,.,O
000250-003,Kemudian,O
000250-003,Heraklius,B_PERSON
000250-003,berkata,O
000250-003,kepada,O
000250-003,para,O
000250-003,penerjemahnya,O
000250-003,",",O
000250-003,.,O
000250-003,Aku,O
000250-003,akan,O
000250-003,bertanya,O
000250-003,tentang,O
000250-003,orang,O
000250-003,tersebut,O
000250-003,(,O
000250-003,Rasulullah,B_PERSON
000250-003,),O
000250-003,kepada,O
000250-003,orang,O
000250-003,ini,O
000250-003,.,O
000250-003,Jika,O
000250-003,dia,O
000250-003,bohong,O
000250-003,",",O
000250-003,maka,O
000250-003,bohongi,O
000250-003,pula,O
000250-003,dia,O
000250-003,".""",O
000250-003,Abu,B_PERSON
000250-003,Sufyan,I_PERSON
000250-003,berkata,O
000250-003,sendiri,O
000250-003,",",O
000250-003,"""",O
000250-003,Demi,O
000250-003,Allah,O
000250-003,",",O
000250-003,kalau,O
000250-003,bukan,O
000250-003,karena,O
000250-003,rasa,O
000250-003,malu,O
000250-003,jika,O
000250-003,mereka,O
000250-003,lebih,O
000250-003,banyak,O
000250-003,membohongiku,O
000250-003,",",O
000250-003,tentu,O
000250-003,aku,O
000250-003,akan,O
000250-003,berkata,O
000250-003,bohong,O
000250-003,kepadanya,O
000250-003,".""",O
000250-003,Kemudian,O
000250-003,dia,O
000250-003,menuturkan,O
000250-003,",",O
000250-003,"""",O
000250-003,Pertanyaan,O
000250-003,pertama,O
000250-003,yang,O
000250-003,diajukan,O
000250-003,kepadaku,O
000250-003,adalah,O
000250-003,",",O
000250-003,"""",O
000250-003,Bagaimana,O
000250-003,nasabnya,O
000250-003,di,O
000250-003,tengah,O
000250-003,kalian,O
000250-003,"?""",O
000250-003,Aku,O
000250-003,menjawab,O
000250-003,",",O
000250-003,"""",O
000250-003,Dia,O
000250-003,orang,O
000250-003,yang,O
000250-003,terpandang,O
000250-003,di,O
000250-003,antara,O
000250-003,kami,O
000250-003,".""",O
000250-003,"""",O
000250-003,Apakah,O
000250-003,pernah,O
000250-003,ada,O
000250-003,seorang,O
000250-003,sebelumnya,O
000250-003,yang,O
000250-003,berkata,O
000250-003,seperti,O
000250-003,yang,O
000250-003,dia,O
000250-003,katakan?',O
000250-003,"""",O
000250-003,"""",O
000250-003,Tidak,O
000250-003,ada,O
000250-003,",""",O
000250-003,jawabku,O
000250-003,"""",O
000250-003,Apakah,O
000250-003,di,O
000250-003,antara,O
000250-003,bapak-bapaknya,O
000250-003,ada,O
000250-003,yang,O
000250-003,menjadi,O
000250-003,raja,O
000250-003,"?""",O
000250-003,"""",O
000250-003,Tidak,O
000250-003,ada,O
000250-003,".""",O
000250-003,"""",O
000250-003,Apakah,O
000250-003,yang,O
000250-003,mengikutinya,O
000250-003,dari,O
000250-003,kalangan,O
000250-003,orang-orang,O
000250-003,yang,O
000250-003,terpandang,O
000250-003,atau,O
000250-003,orang,O
000250-003,yang,O
000250-003,lemah,O
000250-003,"?""",O
000250-003,"""",O
000250-003,Orang-orang,O
000250-003,yang,O
000250-003,lemah,O
000250-003,di,O
000250-003,antara,O
000250-003,mereka,O
000250-003,".""",O
000250-003,"""",O
000250-003,Apakah,O
000250-003,jumlah,O
000250-003,mereka,O
000250-003,semakin,O
000250-003,hari,O
000250-003,semakin,O
000250-003,bertambah,O
000250-003,atau,O
000250-003,semakin,O
000250-003,berkurang?',O
000250-003,.,O
000250-003,Semakin,O
000250-003,bertambah,O
000250-003,".""",O
000250-003,"""",O
000250-003,Adakah,O
000250-003,di,O
000250-003,antara,O
000250-003,pengikutnya,O
000250-003,yang,O
000250-003,keluar,O
000250-003,dari,O
000250-003,agamanya,O
000250-003,karena,O
000250-003,benci,O
000250-003,agama,O
000250-003,itu,O
000250-003,setelah,O
000250-003,dia,O
000250-003,memasukinya,O
000250-003,?,O
000250-003,"""",O
000250-003,Tidak,O
000250-003,ada,O
000250-003,".""",O
000250-003,"""",O
000250-003,Apakah,O
000250-003,kalian,O
000250-003,menuduhnya,O
000250-003,pembohong,O
000250-003,sebelum,O
000250-003,dia,O
000250-003,mengatakan,O
000250-003,apa,O
000250-003,yang,O
000250-003,dikatakannya,O
000250-003,"?""",O
000250-003,"""",O
000250-003,Tidak,O
000250-003,".""",O
000250-003,"""",O
000250-003,Apakah,O
000250-003,dia,O
000250-003,pernah,O
000250-003,berkhianat,O
000250-003,"?""""",O
000250-003,.,O
000250-003,Tidak,O
000250-003,pernah,O
000250-003,.,O
000250-003,Selama,O
000250-003,kami,O
000250-003,bergaul,O
000250-003,dengannya,O
000250-003,",",O
000250-003,kami,O
000250-003,tidak,O
000250-003,pernah,O
000250-003,melihat,O
000250-003,melakukan,O
000250-003,hal,O
000250-003,itu,O
000250-003,".""",O
000250-003,"""",O
000250-003,Tidak,O
000250-003,ada,O
000250-003,kata-kata,O
000250-003,lain,O
000250-003,yang,O
000250-003,memungkinkan,O
000250-003,bagiku,O
000250-003,untuk,O
000250-003,mengorek,O
000250-003,keterangan,O
000250-003,".""",O
000250-003,Tetapi,O
000250-003,kemudian,O
000250-003,Heraklius,B_PERSON
000250-003,bertanya,O
000250-003,lagi,O
000250-003,",",O
000250-003,"""",O
000250-003,Apakah,O
000250-003,kalian,O
000250-003,memeranginya,O
000250-003,"?""",O
000250-003,"""",O
000250-003,Ya,O
000250-003,",""",O
000250-003,jawabku,O
000250-003,.,O
000250-003,"""",O
000250-003,Bagaimana,O
000250-003,cara,O
000250-003,kalian,O
000250-003,memeranginya,O
000250-003,"?""",O
000250-003,-Peperangan,O
000250-003,antara,O
000250-003,kami,O
000250-003,dan,O
000250-003,dia,O
000250-003,silih,O
000250-003,berganti,O
000250-003,.,O
000254-005,Lalu,O
000254-005,dia,O
000254-005,berkata,O
000254-005,",",O
000254-005,"""",O
000254-005,Katakan,O
000254-005,apa,O
000254-005,keperluanmu,O
000254-005,"!""",O
000254-005,Aku,O
000254-005,menyerahkan,O
000254-005,surat,O
000254-005,Rasulullah,B_PERSON
000254-005,yang,O
000254-005,masih,O
000254-005,terbungkus,O
000254-005,dengan,O
000254-005,cincin,O
000254-005,stempelnya,O
000254-005,.,O
000254-005,Setelah,O
000254-005,menerima,O
000254-005,surat,O
000254-005,beliau,O
000254-005,",",O
000254-005,Jaifar,B_PERSON
000254-005,merobek,O
000254-005,tutupnya,O
000254-005,dan,O
000254-005,membacanya,O
000254-005,hingga,O
000254-005,selesai,O
000254-005,",",O
000254-005,lalu,O
000254-005,menyerahkannya,O
000254-005,kepada,O
000254-005,saudaranya,O
000254-005,",",O
000254-005,Abd,O
000254-005,.,O
000254-005,yang,O
000254-005,juga,O
000254-005,membacanya,O
000254-005,hingga,O
000254-005,selesai,O
000254-005,"""",O
000254-005,Maukah,O
000254-005,engkau,O
000254-005,memberitahukan,O
000254-005,kepadaku,O
000254-005,apa,O
000254-005,yang,O
000254-005,dilakukan,O
000254-005,Quraisy,O
000254-005,"?""""",O
000254-005,Tanya,O
000254-005,Jaifar,B_PERSON
000254-005,kepadaku,O
000254-005,.,O
000254-005,Aku,O
000254-005,menjawab,O
000254-005,",",O
000254-005,"""",O
000254-005,Mereka,O
000254-005,sudah,O
000254-005,banyak,O
000254-005,yang,O
000254-005,mengikuti,O
000254-005,beliau,O
000254-005,",",O
000254-005,entah,O
000254-005,karena,O
000254-005,memang,O
000254-005,menyenangi,O
000254-005,agamanya,O
000254-005,entah,O
000254-005,karena,O
000254-005,kalah,O
000254-005,dalam,O
000254-005,peperangan,O
000254-005,.,O
000254-005,"""",O
000254-005,Siapa,O
000254-005,saja,O
000254-005,yang,O
000254-005,bersamanya,O
000254-005,(,O
000254-005,Rasulullah,B_PERSON
000254-005,")?""",O
000254-005,Tanya,O
000254-005,Jaifar,O
000254-005,.,O
000254-005,"""",O
000254-005,Sudah,O
000254-005,cukup,O
000254-005,banyak,O
000254-005,orang,O
000254-005,yang,O
000254-005,menyenangi,O
000254-005,Islam,O
000254-005,dan,O
000254-005,memeluknya,O
000254-005,.,O
000254-005,Dengan,O
000254-005,akalnya,O
000254-005,dan,O
000254-005,berkat,O
000254-005,petunjuk,O
000254-005,Allah,O
000254-005,mereka,O
000254-005,sudah,O
000254-005,sadar,O
000254-005,bahwa,O
000254-005,mereka,O
000254-005,sebelumnya,O
000254-005,berada,O
000254-005,dalam,O
000254-005,kesesatan,O
000254-005,.,O
000254-005,Dalam,O
000254-005,kepasrahan,O
000254-005,ini,O
000254-005,aku,O
000254-005,tidak,O
000254-005,melihat,O
000254-005,seorang,O
000254-005,pun,O
000254-005,yang,O
000254-005,masih,O
000254-005,tersisa,O
000254-005,selain,O
000254-005,diri,O
000254-005,tuan,O
000254-005,.,O
000254-005,Jika,O
000254-005,saat,O
000254-005,ini,O
000254-005,tuan,O
000254-005,tidak,O
000254-005,mau,O
000254-005,masuk,O
000254-005,Islam,O
000254-005,dan,O
000254-005,mengikuti,O
000254-005,beliau,O
000254-005,",",O
000254-005,maka,O
000254-005,sepasukan,O
000254-005,berkuda,O
000254-005,akan,O
000254-005,datang,O
000254-005,ke,O
000254-005,sini,O
000254-005,dan,O
000254-005,merebut,O
000254-005,harta,O
000254-005,benda,O
000254-005,tuan,O
000254-005,.,O
000254-005,Maka,O
000254-005,masuklah,O
000254-005,Islam,O
000254-005,",",O
000254-005,niscaya,O
000254-005,tuan,O
000254-005,akan,O
000254-005,selamat,O
000254-005,dan,O
000254-005,beliau,O
000254-005,tetap,O
000254-005,akan,O
000254-005,mengangkat,O
000254-005,tuan,O
000254-005,sebagai,O
000254-005,pemimpin,O
000254-005,kaum,O
000254-005,tuan,O
000254-005,.,O
000254-005,Jangan,O
000254-005,sampai,O
000254-005,ada,O
000254-005,pasukan,O
000254-005,yang,O
000254-005,menyerang,O
000254-005,tuan,O
000254-005,".""",O
000254-005,"""",O
000254-005,Akan,O
000254-005,kupertimbangkan,O
000254-005,hari,O
000254-005,ini,O
000254-005,juga,O
000254-005,dan,O
000254-005,besok,O
000254-005,silahkan,O
000254-005,datang,O
000254-005,lagi,O
000254-005,ke,O
000254-005,sini,O
000254-005,"!""",O
000254-005,kata,O
000254-005,Jaifar,O
000254-005,.,O
000254-005,Aku,O
000254-005,kembali,O
000254-005,menemui,O
000254-005,Abd,O
000254-005,.,O
000254-005,Dia,O
000254-005,berkata,O
000254-005,",",O
000254-005,"""",O
000254-005,Wahai,O
000254-005,Amr,O
000254-005,",",O
000254-005,aku,O
000254-005,benar-,O
000254-005,benar,O
000254-005,berharap,O
000254-005,dia,O
000254-005,masuk,O
000254-005,Islam,O
000254-005,asalkan,O
000254-005,dia,O
000254-005,tidak,O
000254-005,merasa,O
000254-005,sayang,O
000254-005,terhadap,O
000254-005,kerajaannya,O
000254-005,".""",O
000254-005,Besoknya,O
000254-005,aku,O
000254-005,hendak,O
000254-005,menemui,O
000254-005,Jaifar,B_PERSON
000254-005,.,O
000265-002,Benteng,O
000265-002,Ubay,O
000265-002,5,O
000265-002,.,O
000265-002,Benteng,O
000265-002,An-Nizar,O
000265-002,Tiga,O
000265-002,benteng,O
000265-002,yang,O
000265-002,pertama,O
000265-002,terletak,O
000265-002,di,O
000265-002,wilayah,O
000265-002,Nathat,O
000265-002,",",O
000265-002,sedangkan,O
000265-002,dua,O
000265-002,benteng,O
000265-002,yang,O
000265-002,terakhir,O
000265-002,berada,O
000265-002,di,O
000265-002,wilayah,O
000265-002,Asy-Syiq,O
000265-002,.,O
000265-002,Sedangkan,O
000265-002,paroh,O
000265-002,kedua,O
000265-002,yang,O
000265-002,juga,O
000265-002,disebut,O
000265-002,Al-Katibah,O
000265-002,",",O
000265-002,memiliki,O
000265-002,tiga,O
000265-002,benteng,O
000265-002,",",O
000265-002,yaitu,O
000265-002,:,O
000265-002,1,O
000265-002,.,O
000265-002,Benteng,O
000265-002,Al-Qamush,O
000265-002,",",O
000265-002,benteng,O
000265-002,milik,O
000265-002,Bani,O
000265-002,Abul,B_PERSON
000265-002,Huqaiq,I_PERSON
000265-002,dari,O
000265-002,Bani,O
000265-002,Nadhir,O
000265-002,2,O
000265-002,.,O
000265-002,Benteng,O
000265-002,Al-Wathih,O
000265-002,3,O
000265-002,.,O
000265-002,Benteng,O
000265-002,As-Salalim,O
000265-002,Sebenarnya,O
000265-002,di,O
000265-002,Khaibar,B_LOCATION
000265-002,masih,O
000265-002,ada,O
000265-002,beberapa,O
000265-002,benteng,O
000265-002,selain,O
000265-002,delapan,O
000265-002,benteng,O
000265-002,ini,O
000265-002,",",O
000265-002,namun,O
000265-002,benteng-benteng,O
000265-002,itu,O
000265-002,relatif,O
000265-002,lebih,O
000265-002,kecil,O
000265-002,",",O
000265-002,tidak,O
000265-002,sebesar,O
000265-002,dan,O
000265-002,sekuat,O
000265-002,benteng-benteng,O
000265-002,tersebut,O
000265-002,.,O
000265-002,Pertempuran,O
000265-002,yang,O
000265-002,seru,O
000265-002,meletus,O
000265-002,di,O
000265-002,sekitar,O
000265-002,benteng-,O
000265-002,benteng,O
000265-002,paroh,O
000265-002,yang,O
000265-002,pertama,O
000265-002,.,O
000265-002,Sekalipun,O
000265-002,benteng-benteng,O
000265-002,di,O
000265-002,paroh,O
000265-002,kedua,O
000265-002,lebih,O
000265-002,besar,O
000265-002,dan,O
000265-002,lebih,O
000265-002,banyak,O
000265-002,jumlah,O
000265-002,prajuritnya,O
000265-002,",",O
000265-002,tetapi,O
000265-002,mereka,O
000265-002,justru,O
000265-002,menyerah,O
000265-002,begitu,O
000265-002,saja,O
000265-002,",",O
000265-002,tanpa,O
000265-002,ada,O
000265-002,pertempuran,O
000265-002,.,O
000267-001,Benteng,O
000267-001,Ash-Sha'b,O
000267-001,merupakan,O
000267-001,benteng,O
000267-001,kedua,O
000267-001,yang,O
000267-001,terkokoh,O
000267-001,setelah,O
000267-001,benteng,O
000267-001,Na'im,O
000267-001,.,O
000267-001,Orang-orang,O
000267-001,Muslim,O
000267-001,melancarkan,O
000267-001,serangan,O
000267-001,di,O
000267-001,bawah,O
000267-001,komando,O
000267-001,bin,I_PERSON
000267-001,Al-Anshari,I_PERSON
000267-001,.,O
000267-001,Mereka,O
000267-001,mengepung,O
000267-001,benteng,O
000267-001,ini,O
000267-001,selama,O
000267-001,tiga,O
000267-001,hari,O
000267-001,.,O
000267-001,Pada,O
000267-001,hari,O
000267-001,ketiga,O
000267-001,",",O
000267-001,Rasulullah,B_PERSON
000267-001,mengucapkan,O
000267-001,doa,O
000267-001,khusus,O
000267-001,untuk,O
000267-001,dapat,O
000267-001,menaklukkan,O
000267-001,benteng,O
000267-001,ini,O
000267-001,.,O
000267-001,Abu,B_PERSON
000267-001,Ishaq,I_PERSON
000267-001,meriwayatkan,O
000267-001,bahwa,O
000267-001,bani,O
000267-001,Sahm,O
000267-001,dari,O
000267-001,Bani,O
000267-001,Aslam,O
000267-001,mendatangi,O
000267-001,beliau,O
000267-001,dan,O
000267-001,berkata,O
000267-001,",",O
000267-001,"""",O
000267-001,Kita,O
000267-001,telah,O
000267-001,berjuang,O
000267-001,dan,O
000267-001,tidak,O
000267-001,ada,O
000267-001,lagi,O
000267-001,sesuatu,O
000267-001,yang,O
000267-001,tersisa,O
000267-001,di,O
000267-001,tangan,O
000267-001,kita,O
000267-001,".""",O
000267-001,Beliau,O
000267-001,memanjatkan,O
000267-001,"""",O
000267-001,Ya,O
000267-001,Allah,O
000267-001,",",O
000267-001,Engkau,O
000267-001,sudah,O
000267-001,tahu,O
000267-001,keadaan,O
000267-001,mereka,O
000267-001,(,O
000267-001,orang-orang,O
000267-001,Muslim,O
000267-001,).,O
000267-001,Mereka,O
000267-001,tidak,O
000267-001,lagi,O
000267-001,mempunyai,O
000267-001,kekuatan,O
000267-001,dan,O
000267-001,di,O
000267-001,tanganku,O
000267-001,tak,O
000267-001,ada,O
000267-001,lagi,O
000267-001,sesuatu,O
000267-001,pun,O
000267-001,yang,O
000267-001,bisa,O
000267-001,kuberikan,O
000267-001,kepada,O
000267-001,mereka,O
000267-001,.,O
000267-001,Maka,O
000267-001,berikanlah,O
000267-001,kemenangan,O
000267-001,kepada,O
000267-001,mereka,O
000267-001,dengan,O
000267-001,menaklukkan,O
000267-001,benteng,O
000267-001,yang,O
000267-001,paling,O
000267-001,mereka,O
000267-001,perlukan,O
000267-001,",",O
000267-001,paling,O
000267-001,banyak,O
000267-001,makanan,O
000267-001,dan,O
000267-001,paling,O
000267-001,gemuk,O
000267-001,ternak-,O
000267-001,ternaknya,O
000267-001,.,O
000267-001,"""",O
000267-001,Orang-orang,O
000267-001,muslim,O
000267-001,bangkit,O
000267-001,melakukan,O
000267-001,penyerbuan,O
000267-001,dan,O
000267-001,Allah,O
000267-001,menundukkan,O
000267-001,benteng,O
000267-001,Ash-Sha'b,B_PERSON
000267-001,bin,I_PERSON
000267-001,Muadz,I_PERSON
000267-001,.,O
000267-001,Sementara,O
000267-001,di,O
000267-001,Khaibar,B_LOCATION
000267-001,tidak,O
000267-001,ada,O
000267-001,benteng,O
000267-001,yang,O
000267-001,lebih,O
000267-001,banyak,O
000267-001,makanannya,O
000267-001,dan,O
000267-001,lebih,O
000267-001,gemuk,O
000267-001,ternak-ternaknya,O
000267-001,selain,O
000267-001,dari,O
000267-001,benteng,O
000267-001,ini,O
000267-001,.,O
000267-001,Setelah,O
000267-001,Nabi,O
000267-001,memanjatkan,O
000267-001,doa,O
000267-001,dan,O
000267-001,memerintahkan,O
000267-001,untuk,O
000267-001,menyerbu,O
000267-001,benteng,O
000267-001,",",O
000267-001,maka,O
000267-001,Bani,O
000267-001,Aslamlah,O
000267-001,yang,O
000267-001,berada,O
000267-001,di,O
000267-001,barisan,O
000267-001,terdepan,O
000267-001,.,O
000267-001,Terjadi,O
000267-001,pertempuran,O
000267-001,yang,O
000267-001,sengit,O
000267-001,di,O
000267-001,depan,O
000267-001,benteng,O
000267-001,.,O
000267-001,Sebelum,O
000267-001,matahari,O
000267-001,tenggelam,O
000267-001,benteng,O
000267-001,sudah,O
000267-001,bisa,O
000267-001,direbut,O
000267-001,dan,O
000267-001,ditaklukkan,O
000267-001,.,O
000274-001,Rasulullah,B_PERSON
000274-001,meninginkan,O
000274-001,agar,O
000274-001,orang-orang,O
000274-001,Yahudi,O
000274-001,hengkang,O
000274-001,dari,O
000274-001,Khaibar,B_LOCATION
000274-001,.,O
000274-001,Tetapi,O
000274-001,mereka,O
000274-001,berkata,O
000274-001,",",O
000274-001,"""",O
000274-001,Wahai,O
000274-001,Muhammad,B_PERSON
000274-001,",",O
000274-001,berilah,O
000274-001,kami,O
000274-001,kesempatan,O
000274-001,untuk,O
000274-001,tetap,O
000274-001,berada,O
000274-001,di,O
000274-001,tanah,O
000274-001,ini,O
000274-001,agar,O
000274-001,kami,O
000274-001,bisa,O
000274-001,mengolah,O
000274-001,dan,O
000274-001,menanganinya,O
000274-001,Kami,O
000274-001,lebih,O
000274-001,berpengalaman,O
000274-001,daripada,O
000274-001,kalian,O
000274-001,.,O
000274-001,Dan,O
000274-001,memang,O
000274-001,Rasulullah,B_PERSON
000274-001,maupun,O
000274-001,para,O
000274-001,sahabat,O
000274-001,tidak,O
000274-001,mempunyai,O
000274-001,tenaga,O
000274-001,untuk,O
000274-001,mengolah,O
000274-001,tanah-tanah,O
000274-001,itu,O
000274-001,.,O
000274-001,Mereka,O
000274-001,sendiri,O
000274-001,tak,O
000274-001,punya,O
000274-001,banyak,O
000274-001,kesempatan,O
000274-001,untuk,O
000274-001,menanganinya,O
000274-001,.,O
000274-001,Karena,O
000274-001,itu,O
000274-001,beliau,O
000274-001,menyerahkan,O
000274-001,tanah,O
000274-001,Khaibar,B_LOCATION
000274-001,kepada,O
000274-001,orang-orang,O
000274-001,Yahudi,O
000274-001,",",O
000274-001,dan,O
000274-001,mereka,O
000274-001,memperoleh,O
000274-001,bagian,O
000274-001,dari,O
000274-001,hasil,O
000274-001,tanaman,O
000274-001,dan,O
000274-001,panen,O
000274-001,buahnya,O
000274-001,",",O
000274-001,tergantung,O
000274-001,kepada,O
000274-001,Rasulullah,B_PERSON
000274-001,",",O
000274-001,seberapa,O
000274-001,banyak,O
000274-001,beliau,O
000274-001,akan,O
000274-001,menetapkan,O
000274-001,bagian,O
000274-001,bagi,O
000274-001,mereka,O
000274-001,Yang,O
000274-001,membuat,O
000274-001,ancar-ancar,O
000274-001,tentang,O
000274-001,pembagian,O
000274-001,hasil,O
000274-001,pengolahan,O
000274-001,tanah,O
000274-001,ini,O
000274-001,adalah,O
000274-001,Abdullah,B_PERSON
000274-001,bin,I_PERSON
000274-001,Rawahah,I_PERSON
000274-001,Tanah,O
000274-001,Khaibar,B_LOCATION
000274-001,dibagi,O
000274-001,menjadi,O
000274-001,30,O
000274-001,kelompok,O
000274-001,.,O
000274-001,Setiap,O
000274-001,kelompok,O
000274-001,dibagi,O
000274-001,lagi,O
000274-001,menjadi,O
000274-001,100,O
000274-001,bagian,O
000274-001,",",O
000274-001,hingga,O
000274-001,jumlah,O
000274-001,totalnya,O
000274-001,ada,O
000274-001,3600,O
000274-001,bagian,O
000274-001,.,O
000274-001,Nabi,O
000274-001,dan,O
000274-001,orang-orang,O
000274-001,Muslim,O
000274-001,mendapat,O
000274-001,separohnya,O
000274-001,",",O
000274-001,yaitu,O
000274-001,1800,O
000274-001,bagian,O
000274-001,.,O
000274-001,Beliau,O
000274-001,mendapat,O
000274-001,satu,O
000274-001,bagian,O
000274-001,seperti,O
000274-001,yang,O
000274-001,didapat,O
000274-001,Muslim,O
000274-001,lainya,O
000274-001,.,O
000274-001,Sementara,O
000274-001,separoh,O
000274-001,lainnya,O
000274-001,",",O
000274-001,sebanyak,O
000274-001,1800,O
000274-001,bagian,O
000274-001,dikhususkan,O
000274-001,untuk,O
000274-001,para,O
000274-001,wakil,O
000274-001,beliau,O
000274-001,dan,O
000274-001,untuk,O
000274-001,urusan,O
000274-001,umum,O
000274-001,kaum,O
000274-001,Muslimin,O
000274-001,.,O
000274-001,Orang-orang,O
000274-001,Muslim,O
000274-001,yang,O
000274-001,ikut,O
000274-001,dalam,O
000274-001,peristiwa,B_EVENT
000274-001,Hudaibiyah,B_EVENT
000274-001,",",O
000274-001,yang,O
000274-001,jumlahnya,O
000274-001,1400,O
000274-001,orang,O
000274-001,",",O
000274-001,juga,O
000274-001,mendapat,O
000274-001,bagian,O
000274-001,dari,O
000274-001,separoh,O
000274-001,yang,O
000274-001,terakhir,O
000274-001,ini,O
000274-001,",",O
000274-001,baik,O
000274-001,yang,O
000274-001,saat,O
000274-001,Perang,B_EVENT
000274-001,Khaibar,I_EVENT
000274-001,itu,O
000274-001,mereka,O
000274-001,ikut,O
000274-001,bergabung,O
000274-001,atau,O
000274-001,tidak,O
000274-001,.,O
000274-001,Karena,O
000274-001,bagaimanapun,O
000274-001,juga,O
000274-001,",",O
000274-001,harta,O
000274-001,rampasan,O
000274-001,dari,O
000274-001,Perang,B_EVENT
000274-001,Khaibar,I_EVENT
000274-001,ini,O
000274-001,juga,O
000274-001,tidak,O
000274-001,lepas,O
000274-001,dari,O
000274-001,peran,O
000274-001,orang-orang,O
000274-001,yang,O
000274-001,ikut,O
000274-001,dalam,O
000274-001,peristiwa,B_EVENT
000274-001,Hudaibiyah,B_EVENT
000274-001,.,O
000280-001,Setelah,O
000280-001,urusan,O
000280-001,Khaibar,B_LOCATION
000280-001,selesai,O
000280-001,",",O
000280-001,Rasulullah,B_PERSON
000280-001,mengalihkan,O
000280-001,sasaran,O
000280-001,ke,O
000280-001,Wadil,O
000280-001,Qura,O
000280-001,.,O
000280-001,Di,O
000280-001,sana,O
000280-001,ada,O
000280-001,segolongan,O
000280-001,orang-orang,O
000280-001,Yahudi,O
000280-001,yang,O
000280-001,hidup,O
000280-001,bersama,O
000280-001,segolongan,O
000280-001,orang-orang,O
000280-001,Arab,O
000280-001,.,O
000280-001,Saat,O
000280-001,orang-orang,O
000280-001,Muslim,O
000280-001,tiba,O
000280-001,di,O
000280-001,sana,O
000280-001,",",O
000280-001,orang-orang,O
000280-001,Yahudi,O
000280-001,menyambut,O
000280-001,mereka,O
000280-001,dengan,O
000280-001,lemparan,O
000280-001,anak,O
000280-001,panah,O
000280-001,",",O
000280-001,hingga,O
000280-001,mengenai,O
000280-001,seorang,O
000280-001,pembantu,O
000280-001,Rasulullah,B_PERSON
000280-001,hingga,O
000280-001,meninggal,O
000280-001,dunia,O
000280-001,.,O
000280-001,Orang-orang,O
000280-001,berkata,O
000280-001,",",O
000280-001,"""",O
000280-001,Selamat,O
000280-001,atas,O
000280-001,surga,O
000280-001,yang,O
000280-001,diperolehnya,O
000280-001,".""",O
000280-001,Beliau,O
000280-001,bersabda,O
000280-001,",",O
000280-001,Sama,O
000280-001,sekali,O
000280-001,tidak,O
000280-001,.,O
000280-001,Demi,O
000280-001,yang,O
000280-001,diriku,O
000280-001,ada,O
000280-001,di,O
000280-001,tangan-Nya,O
000280-001,mantel,O
000280-001,yang,O
000280-001,dia,O
000280-001,curi,O
000280-001,dari,O
000280-001,harta,O
000280-001,rampasan,O
000280-001,Khaibar,B_LOCATION
000280-001,",",O
000280-001,padahal,O
000280-001,dia,O
000280-001,tidak,O
000280-001,mendapat,O
000280-001,bagian,O
000280-001,dari,O
000280-001,harta,O
000280-001,rampasan,O
000280-001,itu,O
000280-001,",",O
000280-001,benar-benar,O
000280-001,menjadi,O
000280-001,api,O
000280-001,yang,O
000280-001,membakarnya,O
000280-001,".""",O
000280-001,Saat,O
000280-001,orang-orang,O
000280-001,mendengarkan,O
000280-001,sabda,O
000280-001,beliau,O
000280-001,ini,O
000280-001,",",O
000280-001,tiba-tiba,O
000280-001,muncul,O
000280-001,seseorang,O
000280-001,ke,O
000280-001,hadapan,O
000280-001,beliau,O
000280-001,sambil,O
000280-001,membawa,O
000280-001,satu,O
000280-001,atau,O
000280-001,dua,O
000280-001,tali,O
000280-001,terompah,O
000280-001,Beliau,O
000280-001,bersabda,O
000280-001,",",O
000280-001,"""",O
000280-001,Ini,O
000280-001,adalan,O
000280-001,terompah,O
000280-001,dari,O
000280-001,api,O
000280-001,233,O
000280-001,Sirah,O
000280-001,An-Nabawiyah,O
000280-001,",",O
000280-001,Ibnu,B_PERSON
000280-001,Hisyam,I_PERSON
000280-001,",",O
000280-001,2/337-353,O
000280-001,234,O
000280-001,Shahih,O
000280-001,Al-Bukhari,O
000280-001,",",O
000280-001,2/608,O
000280-001,.,O
000280-001,Nabi,O
000280-001,menyiapkan,O
000280-001,para,O
000280-001,sahabat,O
000280-001,untuk,O
000280-001,berperang,O
000280-001,dan,O
000280-001,membariskan,O
000280-001,mereka,O
000280-001,.,O
000280-001,Satu,O
000280-001,bendera,O
000280-001,diserahkan,O
000280-001,kepada,O
000280-001,Sa'd,B_PERSON
000280-001,bin,I_PERSON
000280-001,Ubadah,I_PERSON
000280-001,",",O
000280-001,satu,O
000280-001,bendera,O
000280-001,lagi,O
000280-001,diserahkan,O
000280-001,kepada,O
000280-001,Al-Hubab,B_PERSON
000280-001,bin,I_PERSON
000280-001,Al-Mundzir,I_PERSON
000280-001,dan,O
000280-001,satu,O
000280-001,bendera,O
000280-001,lagi,O
000280-001,diserahkan,O
000280-001,kepada,O
000280-001,kepada,O
000280-001,Abbad,B_PERSON
000280-001,bin,I_PERSON
000280-001,Bisyr,I_PERSON
000280-001,.,O
000280-001,Beliau,O
000280-001,menyeru,O
000280-001,agar,O
000280-001,mereka,O
000280-001,mau,O
000280-001,masuk,O
000280-001,Islam,O
000280-001,",",O
000280-001,namun,O
000280-001,mereka,O
000280-001,menolaknya,O
000280-001,.,O
000280-001,Muncul,O
000280-001,salah,O
000280-001,seorang,O
000280-001,dari,O
000280-001,mereka,O
000280-001,yang,O
000280-001,mengajak,O
000280-001,adu,O
000280-001,tanding,O
000280-001,.,O
000280-001,Az-Zubair,B_PERSON
000280-001,bin,I_PERSON
000280-001,Al-Awwam,I_PERSON
000280-001,melayani,O
000280-001,tantangannya,O
000280-001,dan,O
000280-001,dapat,O
000280-001,membunuhnya,O
000280-001,.,O
000280-001,Muncul,O
000280-001,orang,O
000280-001,kedua,O
000280-001,dari,O
000280-001,mereka,O
000280-001,dan,O
000280-001,akhirnya,O
000280-001,dapat,O
000280-001,dibunuh,O
000280-001,lagi,O
000280-001,oleh,O
000280-001,Az-Zubair,B_PERSON
000280-001,.,O
