text_id,token,label
000043-001,Langkah,O
000043-001,pertama,O
000043-001,yang,O
000043-001,dilakukan,O
000043-001,Rasulullah,B_PERSON
000043-001,setelah,O
000043-001,turun,O
000043-001,ayat,O
000043-001,di,O
000043-001,atas,O
000043-001,ialah,O
000043-001,mengundang,O
000043-001,Bani,O
000043-001,Hasyim,O
000043-001,.,O
000043-001,Mereka,O
000043-001,memenuhi,O
000043-001,undangan,O
000043-001,ini,O
000043-001,",",O
000043-001,yaitu,O
000043-001,beberapa,O
000043-001,orang,O
000043-001,dari,O
000043-001,Bani,O
000043-001,Al-Muththalib,B_PERSON
000043-001,bin,I_PERSON
000043-001,Abdi,I_PERSON
000043-001,Manaf,O
000043-001,",",O
000043-001,yang,O
000043-001,jumlahnya,O
000043-001,ada,O
000043-001,45,O
000043-001,orang,O
000043-001,.,O
000043-001,Sebelum,O
000043-001,beliau,O
000043-001,berbicara,O
000043-001,",",O
000043-001,Abu,B_PERSON
000043-001,Lahab,I_PERSON
000043-001,sudah,O
000043-001,mendahului,O
000043-001,angkat,O
000043-001,bicara,O
000043-001,",",O
000043-001,"""",O
000043-001,Mereka,O
000043-001,yang,O
000043-001,hadir,O
000043-001,di,O
000043-001,sini,O
000043-001,adalah,O
000043-001,paman-pamanmu,O
000043-001,sendiri,O
000043-001,dan,O
000043-001,anak-,O
000043-001,anaknya,O
000043-001,.,O
000043-001,Maka,O
000043-001,bicaralah,O
000043-001,jika,O
000043-001,ingin,O
000043-001,berbicara,O
000043-001,dan,O
000043-001,tidak,O
000043-001,perlu,O
000043-001,bersikap,O
000043-001,kekanak-,O
000043-001,kanakan,O
000043-001,.,O
000043-001,Ketahuilah,O
000043-001,bahwa,O
000043-001,tidak,O
000043-001,ada,O
000043-001,orang,O
000043-001,Arab,O
000043-001,yang,O
000043-001,berani,O
000043-001,mengernyitkan,O
000043-001,dahi,O
000043-001,terhadap,O
000043-001,kaummu,O
000043-001,.,O
000043-001,Dengan,O
000043-001,begitu,O
000043-001,aku,O
000043-001,berhak,O
000043-001,menghukummu,O
000043-001,.,O
000043-001,Biarkanlah,O
000043-001,urusan,O
000043-001,bani,O
000043-001,bapakmu,O
000043-001,.,O
000043-001,Jika,O
000043-001,engkau,O
000043-001,tetap,O
000043-001,bertahan,O
000043-001,pada,O
000043-001,urusanmu,O
000043-001,ini,O
000043-001,",",O
000043-001,maka,O
000043-001,itu,O
000043-001,lebih,O
000043-001,mudah,O
000043-001,bagi,O
000043-001,mereka,O
000043-001,daripada,O
000043-001,seluruh,O
000043-001,kabilah,O
000043-001,Quraisy,O
000043-001,menerkammu,O
000043-001,dan,O
000043-001,semua,O
000043-001,bangsa,O
000043-001,Arab,O
000043-001,ikut,O
000043-001,campur,O
000043-001,tangan,O
000043-001,.,O
000043-001,Engkau,O
000043-001,tidak,O
000043-001,pernah,O
000043-001,melihat,O
000043-001,seorang,O
000043-001,pun,O
000043-001,dari,O
000043-001,bani,O
000043-001,bapaknya,O
000043-001,yang,O
000043-001,pernah,O
000043-001,berbuat,O
000043-001,macam-macam,O
000043-001,seperti,O
000043-001,engkau,O
000043-001,perbuat,O
000043-001,saat,O
000043-001,ini,O
000043-001,".""",O
000043-001,Rasulullah,B_PERSON
000043-001,hanya,O
000043-001,diam,O
000043-001,dan,O
000043-001,sama,O
000043-001,sekali,O
000043-001,tidak,O
000043-001,berbicara,O
000043-001,dalam,O
000043-001,pertemuan,O
000043-001,itu,O
000043-001,.,O
000043-001,Kemudian,O
000043-001,beliau,O
000043-001,mengundang,O
000043-001,mereka,O
000043-001,untuk,O
000043-001,yang,O
000043-001,kedua,O
000043-001,kalinya,O
000043-001,",",O
000043-001,dan,O
000043-001,dalam,O
000043-001,pertemuan,O
000043-001,itu,O
000043-001,beliau,O
000043-001,bersabda,O
000043-001,",",O
000043-001,"""",O
000043-001,Segala,O
000043-001,puji,O
000043-001,bagi,O
000043-001,Allah,O
000043-001,dan,O
000043-001,aku,O
000043-001,memuji-Nya,O
000043-001,",",O
000043-001,memohon,O
000043-001,pertolongan,O
000043-001,",",O
000043-001,percaya,O
000043-001,dan,O
000043-001,tawakal,O
000043-001,kepada-Nya,O
000043-001,.,O
000043-001,Aku,O
000043-001,bersaksi,O
000043-001,bahwa,O
000043-001,tiada,O
000043-001,Ilah,O
000043-001,selain,O
000043-001,Allah,O
000043-001,semata,O
000043-001,yang,O
000043-001,tiada,O
000043-001,sekutu,O
000043-001,bagi-Nya,O
000043-001,".""",O
000043-001,Kemudian,O
000043-001,beliau,O
000043-001,melanjutkan,O
000043-001,lagi,O
000043-001,",",O
000043-001,Sesungguhnya,O
000043-001,seorang,O
000043-001,pemandu,O
000043-001,itu,O
000043-001,tidak,O
000043-001,akan,O
000043-001,mendustakan,O
000043-001,keluarganya,O
000043-001,.,O
000043-001,Demi,O
000043-001,Allah,O
000043-001,yang,O
000043-001,tidak,O
000043-001,ada,O
000043-001,Ilah,O
000043-001,selain,O
000043-001,Dia,O
000043-001,",",O
000043-001,sesungguhnya,O
000043-001,aku,O
000043-001,adalah,O
000043-001,utusan,O
000043-001,Allah,O
000043-001,kepada,O
000043-001,kalian,O
000043-001,secara,O
000043-001,khusus,O
000043-001,dan,O
000043-001,kepada,O
000043-001,manusia,O
000043-001,secara,O
000043-001,umum,O
000043-001,.,O
000047-001,Selama,O
000047-001,masa-masa,O
000047-001,itu,O
000047-001,orang-orang,O
000047-001,Quraisy,O
000047-001,juga,O
000047-001,disibukkan,O
000047-001,urusan,O
000047-001,lain,O
000047-001,",",O
000047-001,yaitu,O
000047-001,semakin,O
000047-001,dekatnya,O
000047-001,jarak,O
000047-001,antara,O
000047-001,dakwah,O
000047-001,secara,O
000047-001,terang-terangan,O
000047-001,dengan,O
000047-001,musim,O
000047-001,haji,O
000047-001,.,O
000047-001,Mereka,O
000047-001,menyadari,O
000047-001,bahwa,O
000047-001,berbagai,O
000047-001,utusan,O
000047-001,dari,O
000047-001,seluruh,O
000047-001,Jazirah,B_LOCATION
000047-001,Arab,I_LOCATION
000047-001,akan,O
000047-001,mendatangi,O
000047-001,mereka,O
000047-001,.,O
000047-001,Oleh,O
000047-001,karena,O
000047-001,itu,O
000047-001,mereka,O
000047-001,berpendapat,O
000047-001,untuk,O
000047-001,mengeluarkan,O
000047-001,satu,O
000047-001,pernyataan,O
000047-001,resmi,O
000047-001,yang,O
000047-001,disampaikan,O
000047-001,kepada,O
000047-001,bangsa,O
000047-001,Arab,O
000047-001,tentang,O
000047-001,status,O
000047-001,Muhammad,B_PERSON
000047-001,",",O
000047-001,agar,O
000047-001,dakwah,O
000047-001,beliau,O
000047-001,tidak,O
000047-001,meninggalkan,O
000047-001,pengaruh,O
000047-001,di,O
000047-001,dalam,O
000047-001,jiwa,O
000047-001,mereka,O
000047-001,.,O
000047-001,Mereka,O
000047-001,pun,O
000047-001,berkumpul,O
000047-001,di,O
000047-001,tempat,O
000047-001,Al-Walid,B_PERSON
000047-001,bin,I_PERSON
000047-001,Al-Mughirah,I_PERSON
000047-001,",",O
000047-001,memperbincangkan,O
000047-001,masalah,O
000047-001,ini,O
000047-001,.,O
000047-001,Al-Walid,O
000047-001,berkata,O
000047-001,",",O
000047-001,Ambil,O
000047-001,satu,O
000047-001,kesimpulan,O
000047-001,tentang,O
000047-001,masalah,O
000047-001,ini,O
000047-001,",",O
000047-001,dan,O
000047-001,jangan,O
000047-001,sampai,O
000047-001,kalian,O
000047-001,saling,O
000047-001,berbeda,O
000047-001,pendapat,O
000047-001,",",O
000047-001,sehingga,O
000047-001,sebagian,O
000047-001,di,O
000047-001,antara,O
000047-001,kalian,O
000047-001,mendustakan,O
000047-001,sebagian,O
000047-001,yang,O
000047-001,lain,O
000047-001,",",O
000047-001,sebagian,O
000047-001,menyanggah,O
000047-001,sebagian,O
000047-001,yang,O
000047-001,lain,O
000047-001,".""""",O
000047-001,"""",O
000047-001,Pendapatmu,O
000047-001,sendiri,O
000047-001,bagaimana,O
000047-001,"?""",O
000047-001,tanya,O
000047-001,mereka,O
000047-001,.,O
000047-001,"""",O
000047-001,Sampaikan,O
000047-001,dulu,O
000047-001,pendapat,O
000047-001,kalian,O
000047-001,",",O
000047-001,biar,O
000047-001,aku,O
000047-001,mendengarnya,O
000047-001,",""",O
000047-001,kata,O
000047-001,Al-Walid,O
000047-001,"""",O
000047-001,Kita,O
000047-001,katakan,O
000047-001,saja,O
000047-001,bahwa,O
000047-001,dia,O
000047-001,adalah,O
000047-001,seorang,O
000047-001,dukun,O
000047-001,".""",O
000047-001,"""",O
000047-001,Tidak,O
000047-001,",",O
000047-001,demi,O
000047-001,Allah,O
000047-001,",",O
000047-001,dia,O
000047-001,bukanlah,O
000047-001,seorang,O
000047-001,dukun,O
000047-001,",""",O
000047-001,jawab,O
000047-001,Al-Walid,O
000047-001,",",O
000047-001,toh,O
000047-001,kita,O
000047-001,pernah,O
000047-001,melihat,O
000047-001,para,O
000047-001,dukun,O
000047-001,.,O
000047-001,Dia,O
000047-001,sama,O
000047-001,sekali,O
000047-001,tidak,O
000047-001,menggunakan,O
000047-001,sajak,O
000047-001,dan,O
000047-001,mantera,O
000047-001,seperti,O
000047-001,dukun,O
000047-001,".""",O
000047-001,"""",O
000047-001,Kita,O
000047-001,katakan,O
000047-001,saja,O
000047-001,",",O
000047-001,dia,O
000047-001,orang,O
000047-001,sinting,O
000047-001,",""",O
000047-001,kata,O
000047-001,mereka,O
000047-001,.,O
000047-001,"""",O
000047-001,Dia,O
000047-001,bukanlah,O
000047-001,orang,O
000047-001,sinting,O
000047-001,",""",O
000047-001,kata,O
000047-001,Al-Walid,O
000047-001,",",O
000047-001,"""",O
000047-001,toh,O
000047-001,kita,O
000047-001,sudah,O
000047-001,melihat,O
000047-001,orang-orang,O
000047-001,sinting,O
000047-001,dan,O
000047-001,mengetahuinya,O
000047-001,.,O
000047-001,Dia,O
000047-001,tidak,O
000047-001,menangis,O
000047-001,tersedu-sedu,O
000047-001,tidak,O
000047-001,bertindak,O
000047-001,sekenanya,O
000047-001,dan,O
000047-001,tidak,O
000047-001,berbisik-bisik,O
000047-001,layaknya,O
000047-001,orang,O
000047-001,sinting,O
000047-001,".""",O
000047-001,"""",O
000047-001,Kita,O
000047-001,katakan,O
000047-001,saja,O
000047-001,",",O
000047-001,dia,O
000047-001,seorang,O
000047-001,penyair,O
000047-001,",""",O
000047-001,kata,O
000047-001,mereka,O
000047-001,.,O
000049-012,Sedangkan,O
000049-012,Ammar,B_PERSON
000049-012,yang,O
000049-012,masih,O
000049-012,hidup,O
000049-012,harus,O
000049-012,menghadapi,O
000049-012,penyiksaan,O
000049-012,yang,O
000049-012,lebih,O
000049-012,menyakitkan,O
000049-012,lagi,O
000049-012,Sebuah,O
000049-012,batu,O
000049-012,yang,O
000049-012,panas,O
000049-012,diletakkan,O
000049-012,di,O
000049-012,dadanya,O
000049-012,dan,O
000049-012,sebagian,O
000049-012,tubuhnya,O
000049-012,yang,O
000049-012,lain,O
000049-012,dibenamkan,O
000049-012,di,O
000049-012,dalam,O
000049-012,pasir,O
000049-012,yang,O
000049-012,panas,O
000049-012,membara,O
000049-012,.,O
000049-012,Kami,O
000049-012,tidak,O
000049-012,akan,O
000049-012,membiarkanmu,O
000049-012,kecuali,O
000049-012,jika,O
000049-012,engkau,O
000049-012,mau,O
000049-012,mencaci,O
000049-012,Muhammad,B_PERSON
000049-012,",",O
000049-012,atau,O
000049-012,engkau,O
000049-012,mau,O
000049-012,mengatakan,O
000049-012,hal-hal,O
000049-012,yang,O
000049-012,baik,O
000049-012,tentang,O
000049-012,Lata,B_PERSON
000049-012,dan,O
000049-012,Uzza,O
000049-012,",""",O
000049-012,kata,O
000049-012,mereka,O
000049-012,.,O
000049-012,Dengan,O
000049-012,terpaksa,O
000049-012,Ammar,B_PERSON
000049-012,memenuhi,O
000049-012,permintaan,O
000049-012,mereka,O
000049-012,itu,O
000049-012,hingga,O
000049-012,dilepaskan,O
000049-012,.,O
000049-012,Setelah,O
000049-012,itu,O
000049-012,dia,O
000049-012,menemu,O
000049-012,Nabi,O
000049-012,sambil,O
000049-012,menangis,O
000049-012,dan,O
000049-012,meminta,O
000049-012,ampun,O
000049-012,.,O
000049-012,Lalu,O
000049-012,turun,O
000049-012,ayat,O
000049-012,tentang,O
000049-012,dirinya,O
000049-012,",",O
000049-012,O,O
000049-012,"""",O
000049-012,Barangsiapa,O
000049-012,yang,O
000049-012,kafir,O
000049-012,kepada,O
000049-012,Allah,O
000049-012,sesudah,O
000049-012,dia,O
000049-012,beriman,O
000049-012,(,O
000049-012,dia,O
000049-012,mendapat,O
000049-012,kemurkaan,O
000049-012,Allah,O
000049-012,"),",O
000049-012,kecuali,O
000049-012,orang,O
000049-012,yang,O
000049-012,dipaksa,O
000049-012,kafir,O
000049-012,padahal,O
000049-012,hatinya,O
000049-012,tetap,O
000049-012,tenang,O
000049-012,dalam,O
000049-012,beriman,O
000049-012,(,O
000049-012,dia,O
000049-012,tidak,O
000049-012,berdosa,O
000049-012,).,O
000049-012,"""",O
000049-012,(,O
000049-012,An-Nahl,O
000049-012,:,O
000049-012,103,O
000049-012,),O
000049-012,Abu,B_PERSON
000049-012,Fakihah,I_PERSON
000049-012,",",O
000049-012,yang,O
000049-012,nama,O
000049-012,aslinya,O
000049-012,Aflah,O
000049-012,",",O
000049-012,budak,O
000049-012,Bani,O
000049-012,Abdid-Dar,O
000049-012,diikat,O
000049-012,kakinya,O
000049-012,dengan,O
000049-012,ikatan,O
000049-012,kencang,O
000049-012,",",O
000049-012,lalu,O
000049-012,diseret,O
000049-012,di,O
000049-012,atas,O
000049-012,tanah,O
000049-012,Khabbab,B_PERSON
000049-012,bin,I_PERSON
000049-012,Al-Aratt,I_PERSON
000049-012,",",O
000049-012,budak,O
000049-012,milik,O
000049-012,Ummu,B_PERSON
000049-012,Ammar,I_PERSON
000049-012,binti,I_PERSON
000049-012,Siba',I_PERSON
000049-012,Al,O
000049-012,Khuza'iyah,I_PERSON
000049-012,juga,O
000049-012,mendapat,O
000049-012,berbagai,O
000049-012,macam,O
000049-012,penyiksaan,O
000049-012,.,O
000049-012,Mereka,O
000049-012,mencengkeram,O
000049-012,rambutnya,O
000049-012,lalu,O
000049-012,menariknya,O
000049-012,dengan,O
000049-012,tarikan,O
000049-012,yang,O
000049-012,keras,O
000049-012,dan,O
000049-012,membelitkan,O
000049-012,tali,O
000049-012,di,O
000049-012,lehernya,O
000049-012,dan,O
000049-012,menelentangkannya,O
000049-012,di,O
000049-012,tanah,O
000049-012,hingga,O
000049-012,beberapa,O
000049-012,kali,O
000049-012,di,O
000049-012,atas,O
000049-012,pasir,O
000049-012,yang,O
000049-012,menyengat,O
000049-012,",",O
000049-012,kemudian,O
000049-012,mereka,O
000049-012,meletakkan,O
000049-012,sebuah,O
000049-012,batu,O
000049-012,di,O
000049-012,atas,O
000049-012,tubuhnya,O
000049-012,",",O
000049-012,hingga,O
000049-012,dia,O
000049-012,tidak,O
000049-012,mampu,O
000049-012,berdiri,O
000049-012,lagi,O
000049-012,.,O
000049-012,80,O
000049-012,Rahmah,O
000049-012,Lil-,O
000049-012,'alamin,O
000049-012,",",O
000049-012,1/57,O
000049-012,;,O
000049-012,Talqihul-Fuhum,O
000049-012,",",O
000049-012,hal,O
000049-012,61,O
000049-012,;,O
000049-012,Sirah,O
000049-012,An-Nabawiyah,O
000049-012,",",O
000049-012,Ibnu,B_PERSON
000049-012,Hisyam,I_PERSON
000049-012,",",O
000049-012,1/317,O
000049-012,318,O
000049-012,.,O
000049-012,81,O
000049-012,Rahmah,O
000049-012,Lil-,O
000049-012,alamin,O
000049-012,",",O
000049-012,1/57,O
000049-012,Zinnirah,O
000049-012,",",O
000049-012,Nahdiyah,O
000049-012,",",O
000049-012,dan,O
000049-012,kedua,O
000049-012,putrinya,O
000049-012,",",O
000049-012,serta,O
000049-012,Ummu,B_PERSON
000049-012,Ubais,I_PERSON
000049-012,",",O
000049-012,yang,O
000049-012,semuanya,O
000049-012,hamba,O
000049-012,sahaya,O
000049-012,",",O
000049-012,juga,O
000049-012,masuk,O
000049-012,Islam,O
000049-012,.,O
000051-004,Pada,O
000051-004,bulan,B_TIME
000051-004,Ramadhan,I_TIME
000051-004,di,O
000051-004,tahun,O
000051-004,yang,O
000051-004,sama,O
000051-004,",",O
000051-004,Nabi,O
000051-004,keluar,O
000051-004,dari,O
000051-004,Masjidil,B_LOCATION
000051-004,Haram,I_LOCATION
000051-004,",",O
000051-004,yang,O
000051-004,saat,O
000051-004,itu,O
000051-004,para,O
000051-004,pemuka,O
000051-004,dan,O
000051-004,pembesar,O
000051-004,Quraisy,O
000051-004,sedang,O
000051-004,berkumpul,O
000051-004,di,O
000051-004,sana,O
000051-004,.,O
000051-004,Beliau,O
000051-004,berdiri,O
000051-004,di,O
000051-004,hadapan,O
000051-004,mereka,O
000051-004,",",O
000051-004,lalu,O
000051-004,seketika,O
000051-004,itu,O
000051-004,pula,O
000051-004,membacakan,O
000051-004,surat,O
000051-004,An-Najm,O
000051-004,.,O
000051-004,Orang-orang,O
000051-004,kafir,O
000051-004,itu,O
000051-004,tidak,O
000051-004,pernah,O
000051-004,mendengarkan,O
000051-004,kalam,O
000051-004,Allah,O
000051-004,yang,O
000051-004,seperti,O
000051-004,itu,O
000051-004,sebelumnya,O
000051-004,.,O
000051-004,Sebab,O
000051-004,redaksi,O
000051-004,mereka,O
000051-004,panjang-panjang,O
000051-004,seperti,O
000051-004,biasanya,O
000051-004,",",O
000051-004,memaksa,O
000051-004,sebagian,O
000051-004,di,O
000051-004,antara,O
000051-004,mereka,O
000051-004,untuk,O
000051-004,menjelaskan,O
000051-004,kepada,O
000051-004,sebagian,O
000051-004,yang,O
000051-004,lain,O
000051-004,",",O
000051-004,seperti,O
000051-004,yang,O
000051-004,dijelaskan,O
000051-004,Allah,O
000051-004,",",O
000051-004,"""",O
000051-004,Dan,O
000051-004,orang-orang,O
000051-004,yang,O
000051-004,kafir,O
000051-004,berkata,O
000051-004,",",O
000051-004,Janganlah,O
000051-004,kalian,O
000051-004,mendengar,O
000051-004,dengan,O
000051-004,sungguh-sungguh,O
000051-004,akan,O
000051-004,Al-Qur'an,O
000051-004,ini,O
000051-004,dan,O
000051-004,buatlah,O
000051-004,hiruk,O
000051-004,pikuk,O
000051-004,terhadapnya,O
000051-004,",",O
000051-004,supaya,O
000051-004,kalian,O
000051-004,dapat,O
000051-004,mengalahkannya,O
000051-004,".""",O
000051-004,(,O
000051-004,Fushshilat,O
000051-004,:,O
000051-004,26,O
000051-004,),O
000051-004,Tetapi,O
000051-004,tatkala,O
000051-004,dilantunkan,O
000051-004,bacaan,O
000051-004,surat,O
000051-004,ini,O
000051-004,",",O
000051-004,gendang,O
000051-004,telinga,O
000051-004,mereka,O
000051-004,diketuk,O
000051-004,kalam,O
000051-004,Ilahi,O
000051-004,yang,O
000051-004,indah,O
000051-004,menawan,O
000051-004,",",O
000051-004,yang,O
000051-004,keindahannya,O
000051-004,sulit,O
000051-004,dilukiskan,O
000051-004,dengan,O
000051-004,suatu,O
000051-004,gambaran,O
000051-004,",",O
000051-004,mereka,O
000051-004,pun,O
000051-004,diam,O
000051-004,terpesona,O
000051-004,",",O
000051-004,menyimak,O
000051-004,isinya,O
000051-004,dan,O
000051-004,semua,O
000051-004,orang,O
000051-004,khidmat,O
000051-004,mendengarnya,O
000051-004,",",O
000051-004,sehingga,O
000051-004,tidak,O
000051-004,ada,O
000051-004,pikiran,O
000051-004,lain,O
000051-004,yang,O
000051-004,melintas,O
000051-004,di,O
000051-004,dalam,O
000051-004,benak,O
000051-004,mereka,O
000051-004,.,O
000051-004,Tatkala,O
000051-004,beliau,O
000051-004,membacakan,O
000051-004,penutup,O
000051-004,surat,O
000051-004,ini,O
000051-004,",",O
000051-004,hati,O
000051-004,mereka,O
000051-004,serasa,O
000051-004,terbang,O
000051-004,.,O
000051-004,Akhirnya,O
000051-004,beliau,O
000051-004,membaca,O
000051-004,ayat,O
000051-004,terakhir,O
000051-004,",",O
000051-004,'Maka,O
000051-004,bersujudlah,O
000051-004,kepada,O
000051-004,Allah,O
000051-004,dan,O
000051-004,sembahlah,O
000051-004,(,O
000051-004,Dia,O
000051-004,),O
000051-004,""".",O
000051-004,(,O
000051-004,An-Najam,O
000051-004,:,O
000051-004,62,O
000051-004,),O
000051-004,Mereka,O
000051-004,pun,O
000051-004,sujud,O
000051-004,.,O
000051-004,Tak,O
000051-004,seorang,O
000051-004,pun,O
000051-004,mampu,O
000051-004,menguasai,O
000051-004,diri,O
000051-004,",",O
000051-004,dan,O
000051-004,mereka,O
000051-004,semua,O
000051-004,merunduk,O
000051-004,dalam,O
000051-004,keadaan,O
000051-004,sujud,O
000051-004,.,O
000051-004,Sebenarnya,O
000051-004,sinar-sinar,O
000051-004,kebenaran,O
000051-004,telah,O
000051-004,merasuk,O
000051-004,ke,O
000051-004,dalam,O
000051-004,jiwa,O
000051-004,orang-orang,O
000051-004,yang,O
000051-004,sombong,O
000051-004,dan,O
000051-004,selalu,O
000051-004,mengolok-ngolok,O
000051-004,itu,O
000051-004,.,O
000051-004,Mereka,O
000051-004,tidak,O
000051-004,mampu,O
000051-004,menahan,O
000051-004,diri,O
000051-004,untuk,O
000051-004,sujud,O
000051-004,.,O
000051-004,4,O
000051-004,84,O
000051-004,Tafhimul-Qur,O
000051-004,'an,O
000051-004,",",O
000051-004,5/188,O
000051-004,.,O
000051-005,4,O
000051-005,84,O
000051-005,Tafhimul-Qur,O
000051-005,'an,O
000051-005,",",O
000051-005,5/188,O
000051-005,.,O
000051-005,Makna,O
000051-005,ini,O
000051-005,yang,O
000051-005,bisa,O
000051-005,disimpulkan,O
000051-005,para,O
000051-005,peneliti,O
000051-005,mengenai,O
000051-005,hadits,O
000051-005,Gharaniq,O
000051-005,.,O
000051-005,Apa,O
000051-005,yang,O
000051-005,selama,O
000051-005,itu,O
000051-005,mereka,O
000051-005,pegang,O
000051-005,telah,O
000051-005,jatuh,O
000051-005,",",O
000051-005,karena,O
000051-005,mereka,O
000051-005,merasakan,O
000051-005,keagungan,O
000051-005,kalam,O
000051-005,Allah,O
000051-005,yang,O
000051-005,benar-benar,O
000051-005,telah,O
000051-005,menguasai,O
000051-005,kendali,O
000051-005,mereka,O
000051-005,.,O
000051-005,Saat,O
000051-005,itu,O
000051-005,mereka,O
000051-005,melakukan,O
000051-005,apa,O
000051-005,yang,O
000051-005,sebelumnya,O
000051-005,hendak,O
000051-005,mereka,O
000051-005,punahkan,O
000051-005,dan,O
000051-005,basmi,O
000051-005,.,O
000051-005,Maka,O
000051-005,setelah,O
000051-005,itu,O
000051-005,mereka,O
000051-005,yang,O
000051-005,sujud,O
000051-005,itu,O
000051-005,mendapat,O
000051-005,cercaan,O
000051-005,dan,O
000051-005,makian,O
000051-005,dari,O
000051-005,segala,O
000051-005,arah,O
000051-005,",",O
000051-005,yaitu,O
000051-005,dilontarkan,O
000051-005,orang-orang,O
000051-005,musyrik,O
000051-005,yang,O
000051-005,tidak,O
000051-005,ikut,O
000051-005,sujud,O
000051-005,.,O
000051-005,Pada,O
000051-005,saat,O
000051-005,itulah,O
000051-005,mereka,O
000051-005,mendustakan,O
000051-005,Rasulullah,B_PERSON
000051-005,dan,O
000051-005,mengada-ngadakan,O
000051-005,perkataan,O
000051-005,untuk,O
000051-005,memojokkan,O
000051-005,beliau,O
000051-005,",",O
000051-005,bahwa,O
000051-005,beliau,O
000051-005,menyebutkan,O
000051-005,nama-nama,O
000051-005,berhala,O
000051-005,mereka,O
000051-005,dengan,O
000051-005,ungkapan,O
000051-005,berisi,O
000051-005,sanjungan,O
000051-005,",",O
000051-005,bahwa,O
000051-005,beliau,O
000051-005,berkata,O
000051-005,tentang,O
000051-005,berhala-berhala,O
000051-005,itu,O
000051-005,.,O
000051-005,"""",O
000051-005,Itulah,O
000051-005,Gharaniq,O
000051-005,yang,O
000051-005,luhur,O
000051-005,",",O
000051-005,yang,O
000051-005,syafaatnya,O
000051-005,benar-benar,O
000051-005,diharapkan,O
000051-005,".""",O
000051-005,Mereka,O
000051-005,membuat,O
000051-005,kedustaan,O
000051-005,yang,O
000051-005,nyata,O
000051-005,ini,O
000051-005,",",O
000051-005,sebagai,O
000051-005,alasan,O
000051-005,untuk,O
000051-005,menutup-nutupi,O
000051-005,sujud,O
000051-005,mereka,O
000051-005,bersama,O
000051-005,Nabi,O
000051-005,.,O
000051-005,Tindakan,O
000051-005,seperti,O
000051-005,ini,O
000051-005,tidak,O
000051-005,terlalu,O
000051-005,mengherankan,O
000051-005,",",O
000051-005,sebab,O
000051-005,mereka,O
000051-005,sudah,O
000051-005,biasa,O
000051-005,membuat,O
000051-005,kedustaan,O
000051-005,dan,O
000051-005,mengarang-ngarang,O
000051-005,cerita,O
000051-005,bohong,O
000051-005,.,O
000051-005,5,O
000051-005,Cerita,O
000051-005,tentang,O
000051-005,Gharabiq,O
000051-005,dan,O
000051-005,sujudnya,O
000051-005,orang-orang,O
000051-005,musyrik,O
000051-005,ini,O
000051-005,didengar,O
000051-005,para,O
000051-005,Muhajirin,O
000051-005,di,O
000051-005,Habasyah,B_LOCATION
000051-005,",",O
000051-005,tetapi,O
000051-005,dengan,O
000051-005,versi,O
000051-005,yang,O
000051-005,berbeda,O
000051-005,jauh,O
000051-005,dengan,O
000051-005,gambaran,O
000051-005,yang,O
000051-005,hakiki,O
000051-005,.,O
000051-005,Ceritanya,O
000051-005,bahwa,O
000051-005,orang-orang,O
000051-005,Quraisy,O
000051-005,sudah,O
000051-005,masuk,O
000051-005,Islam,O
000051-005,.,O
000051-005,Oleh,O
000051-005,karena,O
000051-005,itu,O
000051-005,mereka,O
000051-005,pulang,O
000051-005,ke,O
000051-005,Makkah,B_LOCATION
000051-005,pada,O
000051-005,bulan,B_TIME
000051-005,Syawwal,I_TIME
000051-005,pada,O
000051-005,tahun,O
000051-005,yang,O
000051-005,sama,O
000051-005,.,O
000051-005,Hampir,O
000051-005,mendekati,O
000051-005,Makkah,B_LOCATION
000051-005,sebelum,O
000051-005,tengah,O
000051-005,hari,O
000051-005,",",O
000051-005,mereka,O
000051-005,pun,O
000051-005,tahu,O
000051-005,apa,O
000051-005,yang,O
000051-005,sebenarnya,O
000051-005,terjadi,O
000051-005,.,O
000055-004,Kemudian,O
000055-004,beliau,O
000055-004,melewati,O
000055-004,mereka,O
000055-004,dalam,O
000055-004,keadaan,O
000055-004,thawaf,O
000055-004,mengelilingi,O
000055-004,Ka'bah,B_LOCATION
000055-004,.,O
000055-004,Mereka,O
000055-004,memberondong,O
000055-004,beliau,O
000055-004,dengan,O
000055-004,kata-kata,O
000055-004,penghinaan,O
000055-004,.,O
000055-004,Aku,O
000055-004,bisa,O
000055-004,melihat,O
000055-004,yang,O
000055-004,demikian,O
000055-004,itu,O
000055-004,di,O
000055-004,wajah,O
000055-004,beliau,O
000055-004,.,O
000055-004,Tatkala,O
000055-004,lewat,O
000055-004,untuk,O
000055-004,kedua,O
000055-004,kalinya,O
000055-004,",",O
000055-004,mereka,O
000055-004,melakukan,O
000055-004,hal,O
000055-004,yang,O
000055-004,sama,O
000055-004,lagi,O
000055-004,.,O
000055-004,Aku,O
000055-004,bisa,O
000055-004,mengetahui,O
000055-004,yang,O
000055-004,demikian,O
000055-004,itu,O
000055-004,di,O
000055-004,wajah,O
000055-004,beliau,O
000055-004,.,O
000055-004,Kemudian,O
000055-004,tatkala,O
000055-004,beliau,O
000055-004,lewat,O
000055-004,untuk,O
000055-004,ketiga,O
000055-004,kalinya,O
000055-004,",",O
000055-004,mereka,O
000055-004,melakukan,O
000055-004,hal,O
000055-004,yang,O
000055-004,sama,O
000055-004,lagi,O
000055-004,.,O
000055-004,Saat,O
000055-004,itu,O
000055-004,beliau,O
000055-004,berdiri,O
000055-004,kemudian,O
000055-004,bersabda,O
000055-004,",",O
000055-004,"""",O
000055-004,Adakah,O
000055-004,kalian,O
000055-004,mendengar,O
000055-004,wahai,O
000055-004,semua,O
000055-004,orang,O
000055-004,Quraisy,O
000055-004,?,O
000055-004,Demi,O
000055-004,diriku,O
000055-004,ada,O
000055-004,di,O
000055-004,Tangan-Nya,O
000055-004,",",O
000055-004,aku,O
000055-004,telah,O
000055-004,datang,O
000055-004,kepada,O
000055-004,kalian,O
000055-004,sambil,O
000055-004,membawa,O
000055-004,sembelihan,O
000055-004,".""",O
000055-004,Kata-kata,O
000055-004,beliau,O
000055-004,ini,O
000055-004,terus,O
000055-004,mengiang-ngiang,O
000055-004,di,O
000055-004,dalam,O
000055-004,diri,O
000055-004,mereka,O
000055-004,",",O
000055-004,hingga,O
000055-004,masing-masing,O
000055-004,di,O
000055-004,antara,O
000055-004,mereka,O
000055-004,merasa,O
000055-004,di,O
000055-004,atas,O
000055-004,kepalanya,O
000055-004,ada,O
000055-004,burung,O
000055-004,yang,O
000055-004,akan,O
000055-004,menyambar,O
000055-004,.,O
000055-004,Hingga,O
000055-004,ada,O
000055-004,di,O
000055-004,antara,O
000055-004,mereka,O
000055-004,yang,O
000055-004,berusaha,O
000055-004,menghibur,O
000055-004,diri,O
000055-004,dari,O
000055-004,rasa,O
000055-004,takutnya,O
000055-004,dengan,O
000055-004,cara,O
000055-004,yang,O
000055-004,dianggap,O
000055-004,paling,O
000055-004,baik,O
000055-004,",",O
000055-004,lalu,O
000055-004,berkata,O
000055-004,",",O
000055-004,"""",O
000055-004,Pergilah,O
000055-004,wahai,O
000055-004,Abu,B_PERSON
000055-004,Al-Qasim,I_PERSON
000055-004,.,O
000055-004,Demi,O
000055-004,Allah,O
000055-004,",",O
000055-004,engkau,O
000055-004,bukanlah,O
000055-004,orang,O
000055-004,yang,O
000055-004,asing,O
000055-004,".""",O
000055-004,Besoknya,O
000055-004,mereka,O
000055-004,berkumpul,O
000055-004,lagi,O
000055-004,",",O
000055-004,dan,O
000055-004,selagi,O
000055-004,beliau,O
000055-004,muncul,O
000055-004,",",O
000055-004,mereka,O
000055-004,berembug,O
000055-004,.,O
000055-004,Akhirnya,O
000055-004,secara,O
000055-004,serentak,O
000055-004,mereka,O
000055-004,merembug,O
000055-004,dan,O
000055-004,mengepung,O
000055-004,beliau,O
000055-004,.,O
000055-004,Kulihat,O
000055-004,seorang,O
000055-004,di,O
000055-004,antara,O
000055-004,mereka,O
000055-004,memegang,O
000055-004,jubah,O
000055-004,beliau,O
000055-004,.,O
000055-004,Abu,B_PERSON
000055-004,Bakar,I_PERSON
000055-004,berdiri,O
000055-004,di,O
000055-004,samping,O
000055-004,beliau,O
000055-004,",",O
000055-004,sambil,O
000055-004,menangis,O
000055-004,dia,O
000055-004,berkata,O
000055-004,",",O
000055-004,"""",O
000055-004,Apakah,O
000055-004,kalian,O
000055-004,tega,O
000055-004,membunuh,O
000055-004,seseorang,O
000055-004,yang,O
000055-004,berkata,O
000055-004,",",O
000055-004,Rabb-ku,O
000055-004,adalah,O
000055-004,Allah,O
000055-004,"?""",O
000055-004,Kemudian,O
000055-004,mereka,O
000055-004,beranjak,O
000055-004,pergi,O
000055-004,meninggalkan,O
000055-004,beliau,O
000055-004,.,O
000055-004,An-Nabawiyah,O
000055-004,",",O
000055-004,Ibnu,B_PERSON
000055-004,Ibnu,I_PERSON
000055-004,Amru,I_PERSON
000055-004,berkata,O
000055-004,",",O
000055-004,"""",O
000055-004,Itulah,O
000055-004,kondisi,O
000055-004,paling,O
000055-004,keras,O
000055-004,yang,O
000055-004,dilakukan,O
000055-004,Quraisy,O
000055-004,.,O
000057-002,Yang,O
000057-002,pasti,O
000057-002,",",O
000057-002,di,O
000057-002,dalam,O
000057-002,hatinya,O
000057-002,bergolak,O
000057-002,berbagai,O
000057-002,perasaan,O
000057-002,yang,O
000057-002,sebenarnya,O
000057-002,saling,O
000057-002,bertentangan,O
000057-002,.,O
000057-002,Penghormatannya,O
000057-002,terhadap,O
000057-002,tradisi-tradisi,O
000057-002,leluhur,O
000057-002,",",O
000057-002,kebebasan,O
000057-002,menenggak,O
000057-002,minuman,O
000057-002,keras,O
000057-002,hingga,O
000057-002,mabuk,O
000057-002,dan,O
000057-002,bercanda,O
000057-002,ria,O
000057-002,",",O
000057-002,bercampur,O
000057-002,baur,O
000057-002,dengan,O
000057-002,ketaajubannya,O
000057-002,terhadap,O
000057-002,ketabahan,O
000057-002,dan,O
000057-002,kesabaran,O
000057-002,orang-orang,O
000057-002,Muslim,O
000057-002,dalam,O
000057-002,menghadapi,O
000057-002,cobaan,O
000057-002,dalam,O
000057-002,rangka,O
000057-002,mempertahankan,O
000057-002,akidahnya,O
000057-002,.,O
000057-002,Keadaan,O
000057-002,ini,O
000057-002,masih,O
000057-002,ditambah,O
000057-002,lagi,O
000057-002,dengan,O
000057-002,keragu-raguan,O
000057-002,yang,O
000057-002,menari-nari,O
000057-002,di,O
000057-002,dalam,O
000057-002,benaknya,O
000057-002,dan,O
000057-002,benak,O
000057-002,siapa,O
000057-002,pun,O
000057-002,yang,O
000057-002,berakal,O
000057-002,",",O
000057-002,bahwa,O
000057-002,apa,O
000057-002,yang,O
000057-002,diserukan,O
000057-002,Islam,O
000057-002,jauh,O
000057-002,lebih,O
000057-002,bagus,O
000057-002,dan,O
000057-002,agung,O
000057-002,daripada,O
000057-002,yang,O
000057-002,lain,O
000057-002,.,O
000057-002,Umar,B_PERSON
000057-002,benar-benar,O
000057-002,bingung,O
000057-002,hingga,O
000057-002,dia,O
000057-002,menjadi,O
000057-002,lemas,O
000057-002,sendiri,O
000057-002,.,O
000057-002,Begitulah,O
000057-002,yang,O
000057-002,dikatakan,O
000057-002,Muhammad,B_PERSON
000057-002,Inilah,O
000057-002,kesimpulan,O
000057-002,dari,O
000057-002,beberapa,O
000057-002,riwayat,O
000057-002,tentang,O
000057-002,keislamannya,O
000057-002,dan,O
000057-002,setelah,O
000057-002,mengompromikan,O
000057-002,riwayat-riwayat,O
000057-002,tersebut,O
000057-002,",",O
000057-002,bahwa,O
000057-002,suatu,O
000057-002,malam,O
000057-002,dia,O
000057-002,kelua,O
000057-002,rumah,O
000057-002,hingga,O
000057-002,dia,O
000057-002,tiba,O
000057-002,di,O
000057-002,Baitul-Haram,B_LOCATION
000057-002,.,O
000057-002,Dia,O
000057-002,menyibak,O
000057-002,kain,O
000057-002,penutup,O
000057-002,Ka'bah,B_LOCATION
000057-002,90,O
000057-002,Mukhtashar,O
000057-002,Siratir-Rasul,O
000057-002,",",O
000057-002,hal,O
000057-002,.,O
000057-002,66,O
000057-002,;,O
000057-002,Rahmah,O
000057-002,Lil-,O
000057-002,alamin,O
000057-002,",",O
000057-002,1/68,O
000057-002,;,O
000057-002,Sirah,O
000057-002,An-Nabawiyah,O
000057-002,",",O
000057-002,Ibnu,B_PERSON
000057-002,Hisyam,I_PERSON
000057-002,",",O
000057-002,1/291-292,O
000057-002,92-93,O
000057-002,dan,O
000057-002,dilihatnya,O
000057-002,Nabi,O
000057-002,sedang,O
000057-002,berdiri,O
000057-002,melaksanakan,O
000057-002,shalat,O
000057-002,.,O
000057-002,Saat,O
000057-002,itu,O
000057-002,beliau,O
000057-002,membaca,O
000057-002,surah,O
000057-002,Al-Haqqah,O
000057-002,.,O
000057-002,Umar,B_PERSON
000057-002,menyimak,O
000057-002,bacaan,O
000057-002,Al-Qur,O
000057-002,an,O
000057-002,itu,O
000057-002,dan,O
000057-002,dia,O
000057-002,merasa,O
000057-002,taajub,O
000057-002,terhadap,O
000057-002,susunan,O
000057-002,bahasanya,O
000057-002,.,O
000057-002,Dia,O
000057-002,berkata,O
000057-002,di,O
000057-002,dalam,O
000057-002,hati,O
000057-002,",",O
000057-002,"""",O
000057-002,Demi,O
000057-002,Allah,O
000057-002,tentunya,O
000057-002,ini,O
000057-002,adalah,O
000057-002,ucapan,O
000057-002,seorang,O
000057-002,penyair,O
000057-002,seperti,O
000057-002,yang,O
000057-002,biasa,O
000057-002,diucapkan,O
000057-002,orang-orang,O
000057-002,Quraisy,O
000057-002,".""",O
000057-002,Lalu,O
000057-002,beliau,O
000057-002,membaca,O
000057-002,ayat,O
000057-002,",",O
000057-002,ucJ,O
000057-002,O,O
000057-002,"JJ,X",O
000057-002,1-2,O
000057-002,:,O
000057-002,"""",O
000057-002,Sesungguhnya,O
000057-002,Al-Qur'an,O
000057-002,itu,O
000057-002,adalah,O
000057-002,benar-benar,O
000057-002,wahyu,O
000057-002,(,O
000057-002,Allah,O
000057-002,yang,O
000057-002,diturunkan,O
000057-002,kepada,O
000057-002,),O
000057-002,Rasul,O
000057-002,yang,O
000057-002,mulia,O
000057-002,",",O
000057-002,dan,O
000057-002,Al-Qur'an,O
000057-002,itu,O
000057-002,bukanlah,O
000057-002,perkataan,O
000057-002,seorang,O
000057-002,penyair,O
000057-002,.,O
000059-002,Dia,O
000059-002,berdiri,O
000059-002,di,O
000059-002,tengah,O
000059-002,anggota,O
000059-002,keluarganya,O
000059-002,dari,O
000059-002,Bani,O
000059-002,Hasyim,O
000059-002,",",O
000059-002,Bani,O
000059-002,Al-Muththalib,O
000059-002,dan,O
000059-002,Abdi,O
000059-002,Manaf,O
000059-002,",",O
000059-002,meminta,O
000059-002,kesediaan,O
000059-002,mereka,O
000059-002,untuk,O
000059-002,melindungi,O
000059-002,anak,O
000059-002,saudaranya,O
000059-002,.,O
000059-002,Ternyata,O
000059-002,mereka,O
000059-002,menyanggupinya,O
000059-002,",",O
000059-002,yang,O
000059-002,kafir,O
000059-002,maupun,O
000059-002,yang,O
000059-002,Muslim,O
000059-002,",",O
000059-002,sebagai,O
000059-002,langkah,O
000059-002,untuk,O
000059-002,menjaga,O
000059-002,kekerabatan,O
000059-002,.,O
000059-002,Yang,O
000059-002,tidak,O
000059-002,bergabung,O
000059-002,dalam,O
000059-002,kesediaan,O
000059-002,ini,O
000059-002,adalah,O
000059-002,saudaranya,O
000059-002,",",O
000059-002,Abu,B_PERSON
000059-002,Lahab,I_PERSON
000059-002,.,O
000059-002,Dia,O
000059-002,memisahkan,O
000059-002,diri,O
000059-002,dari,O
000059-002,mereka,O
000059-002,dan,O
000059-002,bergabung,O
000059-002,bersama,O
000059-002,orang-orang,O
000059-002,Quraisy,O
000059-002,lainnya,O
000059-002,.,O
000115-002,Oleh,O
000115-002,karena,O
000115-002,itu,O
000115-002,",",O
000115-002,Rasulullah,B_PERSON
000115-002,mengumumkan,O
000115-002,kepada,O
000115-002,orang-orang,O
000115-002,Muslim,O
000115-002,",",O
000115-002,"""",O
000115-002,Ini,O
000115-002,adalah,O
000115-002,kafilah,O
000115-002,dagang,O
000115-002,Quraisy,O
000115-002,yang,O
000115-002,membawa,O
000115-002,harta,O
000115-002,benda,O
000115-002,mereka,O
000115-002,.,O
000115-002,Hadanglah,O
000115-002,kafilah,O
000115-002,itu,O
000115-002,",",O
000115-002,semoga,O
000115-002,Allah,O
000115-002,memberikan,O
000115-002,barang,O
000115-002,rampasan,O
000115-002,itu,O
000115-002,kepada,O
000115-002,kalian,O
000115-002,".""",O
000115-002,Beliau,O
000115-002,tidak,O
000115-002,menekankan,O
000115-002,kepada,O
000115-002,seorang,O
000115-002,pun,O
000115-002,di,O
000115-002,antara,O
000115-002,mereka,O
000115-002,untuk,O
000115-002,bergabung,O
000115-002,",",O
000115-002,tetapi,O
000115-002,beliau,O
000115-002,menyerahkan,O
000115-002,masalah,O
000115-002,ini,O
000115-002,kepada,O
000115-002,kerelaan,O
000115-002,mereka,O
000115-002,Sebab,O
000115-002,kali,O
000115-002,ini,O
000115-002,tidak,O
000115-002,akan,O
000115-002,terjadi,O
000115-002,bentrokan,O
000115-002,yang,O
000115-002,seru,O
000115-002,dengan,O
000115-002,pasukan,O
000115-002,Quraisy,O
000115-002,",",O
000115-002,dan,O
000115-002,memang,O
000115-002,bentrokan,O
000115-002,ini,O
000115-002,baru,O
000115-002,terjadi,O
000115-002,saat,O
000115-002,di,O
000115-002,Badr,B_LOCATION
000115-002,.,O
000115-002,Oleh,O
000115-002,karena,O
000115-002,itu,O
000115-002,",",O
000115-002,banyak,O
000115-002,sahabat,O
000115-002,yang,O
000115-002,memilih,O
000115-002,tetap,O
000115-002,di,O
000115-002,Madinah,B_LOCATION
000115-002,.,O
000115-002,Sebab,O
000115-002,ketetapan,O
000115-002,kali,O
000115-002,ini,O
000115-002,tak,O
000115-002,berbeda,O
000115-002,dengan,O
000115-002,ketetapan,O
000115-002,beliau,O
000115-002,dalam,O
000115-002,mengirimkan,O
000115-002,satuan-satuan,O
000115-002,pasukan,O
000115-002,sebelumnya,O
000115-002,.,O
000115-002,Karena,O
000115-002,itu,O
000115-002,",",O
000115-002,mereka,O
000115-002,pun,O
000115-002,tidak,O
000115-002,mengingkari,O
000115-002,keputusan,O
000115-002,beliau,O
000115-002,untuk,O
000115-002,tidak,O
000115-002,ikut,O
000115-002,dalam,O
000115-002,penghadangan,O
000115-002,ini,O
000115-002,.,O
000117-001,Tanpa,O
000117-001,rasa,O
000117-001,gentar,O
000117-001,sedikit,O
000117-001,pun,O
000117-001,Rasulullah,B_PERSON
000117-001,berangkat,O
000117-001,dari,O
000117-001,jantung,O
000117-001,Madinah,B_LOCATION
000117-001,bersama,O
000117-001,pasukan,O
000117-001,ini,O
000117-001,",",O
000117-001,berjalan,O
000117-001,melewati,O
000117-001,jalur,O
000117-001,pokok,O
000117-001,menuju,O
000117-001,Makkah,B_LOCATION
000117-001,",",O
000117-001,hingga,O
000117-001,tiba,O
000117-001,di,O
000117-001,sumur,O
000117-001,Ar-Rauha,O
000117-001,yang,O
000117-001,sekalipun,O
000117-001,belum,O
000117-001,pernah,O
000117-001,didatangi,O
000117-001,beliau,O
000117-001,.,O
000117-001,Dari,O
000117-001,sini,O
000117-001,beliau,O
000117-001,tidak,O
000117-001,mengambil,O
000117-001,jalan,O
000117-001,ke,O
000117-001,kiri,O
000117-001,yang,O
000117-001,menuju,O
000117-001,Makkah,B_LOCATION
000117-001,",",O
000117-001,tetapi,O
000117-001,justru,O
000117-001,mengambil,O
000117-001,jalan,O
000117-001,ke,O
000117-001,arah,O
000117-001,kanan,O
000117-001,menuju,O
000117-001,Badr,B_LOCATION
000117-001,",",O
000117-001,melewati,O
000117-001,Rahaqan,O
000117-001,dan,O
000117-001,tiba,O
000117-001,di,O
000117-001,Ash-Shafra',O
000117-001,.,O
000117-001,Dari,O
000117-001,sana,O
000117-001,beliau,O
000117-001,mengirim,O
000117-001,Basbas,B_PERSON
000117-001,bin,I_PERSON
000117-001,Amr,I_PERSON
000117-001,dan,O
000117-001,Adi,B_PERSON
000117-001,bin,I_PERSON
000117-001,Abu,I_PERSON
000117-001,Az-Za'ba',I_PERSON
000117-001,Al-Juhannya,O
000117-001,agar,O
000117-001,pergi,O
000117-001,ke,O
000117-001,Badr,B_LOCATION
000117-001,",",O
000117-001,untuk,O
000117-001,mencari,O
000117-001,berita,O
000117-001,tenang,O
000117-001,kafilah,O
000117-001,dagang,O
000117-001,Quraisy,O
000121-001,Seperti,O
000121-001,yang,O
000121-001,dituturkan,O
000121-001,Abu,B_PERSON
000121-001,Sufyan,I_PERSON
000121-001,",",O
000121-001,tadinya,O
000121-001,dia,O
000121-001,mengambil,O
000121-001,jalur,O
000121-001,pokok,O
000121-001,yang,O
000121-001,menuju,O
000121-001,Makkah,B_LOCATION
000121-001,.,O
000121-001,Oleh,O
000121-001,karena,O
000121-001,itu,O
000121-001,dia,O
000121-001,meningkatkan,O
000121-001,kewaspadaan,O
000121-001,dan,O
000121-001,selalu,O
000121-001,menyelidiki,O
000121-001,.,O
000121-001,Tatkala,O
000121-001,kafilahnya,O
000121-001,sudah,O
000121-001,mendekati,O
000121-001,Badr,B_LOCATION
000121-001,",",O
000121-001,dia,O
000121-001,mendahului,O
000121-001,rombongan,O
000121-001,hingga,O
000121-001,bertemu,O
000121-001,dengan,O
000121-001,Majdi,B_PERSON
000121-001,bin,I_PERSON
000121-001,Amr,I_PERSON
000121-001,",",O
000121-001,dan,O
000121-001,menanyakan,O
000121-001,pasukan,O
000121-001,Madinah,B_LOCATION
000121-001,kepadanya,O
000121-001,.,O
000121-001,"""",O
000121-001,Aku,O
000121-001,tidak,O
000121-001,melihat,O
000121-001,seorang,O
000121-001,pun,O
000121-001,yang,O
000121-001,dicurigai,O
000121-001,.,O
000121-001,Hanya,O
000121-001,saja,O
000121-001,tadi,O
000121-001,kulihat,O
000121-001,ada,O
000121-001,dua,O
000121-001,orang,O
000121-001,penunggang,O
000121-001,yang,O
000121-001,berhenti,O
000121-001,di,O
000121-001,bukit,O
000121-001,itu,O
000121-001,",""",O
000121-001,jawab,O
000121-001,Majdi,O
000121-001,Setelah,O
000121-001,mengisi,O
000121-001,kantong,O
000121-001,air,O
000121-001,",",O
000121-001,keduanya,O
000121-001,pun,O
000121-001,pergi,O
000121-001,.,O
000121-001,Abu,B_PERSON
000121-001,Sufyan,I_PERSON
000121-001,segera,O
000121-001,mendatangi,O
000121-001,tempat,O
000121-001,menderum,O
000121-001,onta,O
000121-001,dua,O
000121-001,orang,O
000121-001,yang,O
000121-001,dimaksudkan,O
000121-001,Majdi,O
000121-001,dan,O
000121-001,meneliti,O
000121-001,kotorannya,O
000121-001,",",O
000121-001,yang,O
000121-001,ternyata,O
000121-001,di,O
000121-001,sana,O
000121-001,ada,O
000121-001,biji-bijian,O
000121-001,yang,O
000121-001,masih,O
000121-001,utuh,O
000121-001,.,O
000121-001,Dia,O
000121-001,berkata,O
000121-001,",",O
000121-001,Demi,O
000121-001,Allah,O
000121-001,",",O
000121-001,ini,O
000121-001,adalah,O
000121-001,makanan,O
000121-001,hewan,O
000121-001,dari,O
000121-001,Yatsrib,B_LOCATION
000121-001,".""",O
000121-001,Secepat,O
000121-001,itu,O
000121-001,pula,O
000121-001,dia,O
000121-001,kembali,O
000121-001,menemui,O
000121-001,kafilahnya,O
000121-001,dan,O
000121-001,mengalihkan,O
000121-001,arah,O
000121-001,perjalanan,O
000121-001,menuju,O
000121-001,ke,O
000121-001,barat,O
000121-001,menuju,O
000121-001,pesisir,O
000121-001,pantai,O
000121-001,",",O
000121-001,tidak,O
000121-001,jadi,O
000121-001,mengambil,O
000121-001,jalan,O
000121-001,pokok,O
000121-001,yang,O
000121-001,melewati,O
000121-001,Badr,B_LOCATION
000121-001,",",O
000121-001,tepatnya,O
000121-001,ke,O
000121-001,arah,O
000121-001,kiri,O
000121-001,.,O
000121-001,Dengan,O
000121-001,cara,O
000121-001,itu,O
000121-001,kafilah,O
000121-001,Abu,B_PERSON
000121-001,Sufyan,I_PERSON
000121-001,bisa,O
000121-001,selamat,O
000121-001,dari,O
000121-001,hadangan,O
000121-001,pasukan,O
000121-001,Madinah,B_LOCATION
000121-001,lalu,O
000121-001,mengirim,O
000121-001,surat,O
000121-001,ke,O
000121-001,pasukan,O
000121-001,Makkah,B_LOCATION
000121-001,yang,O
000121-001,sudah,O
000121-001,tiba,O
000121-001,di,O
000121-001,Al-Juhfah,O
000121-001,.,O
000124-004,Demi,O
000124-004,Allah,O
000124-004,",",O
000124-004,jika,O
000124-004,engkau,O
000124-004,maju,O
000124-004,hingga,O
000124-004,mencapai,O
000124-004,dasar,O
000124-004,sumur,O
000124-004,yang,O
000124-004,gelap,O
000124-004,",",O
000124-004,tentu,O
000124-004,kami,O
000124-004,akan,O
000124-004,maju,O
000124-004,bersama,O
000124-004,engkau,O
000124-004,.,O
000124-004,Demi,O
000124-004,Allah,O
000124-004,",",O
000124-004,jika,O
000124-004,engkau,O
000124-004,terhalang,O
000124-004,lautan,O
000124-004,bersama,O
000124-004,kami,O
000124-004,",",O
000124-004,lalu,O
000124-004,engkau,O
000124-004,terjun,O
000124-004,ke,O
000124-004,lautan,O
000124-004,itu,O
000124-004,",",O
000124-004,tentu,O
000124-004,kami,O
000124-004,juga,O
000124-004,akan,O
000124-004,terjun,O
000124-004,bersama,O
000124-004,engkau,O
000124-004,.,O
000124-004,Rasulullah,B_PERSON
000124-004,merasa,O
000124-004,gembira,O
000124-004,dengan,O
000124-004,apa,O
000124-004,yang,O
000124-004,dikatakan,O
000124-004,Sa'd,B_PERSON
000124-004,dan,O
000124-004,semangatnya,O
000124-004,yang,O
000124-004,menggebu-gebu,O
000124-004,.,O
000124-004,Maka,O
000124-004,beliau,O
000124-004,bersabda,O
000124-004,",",O
000124-004,"""",O
000124-004,Majulah,O
000124-004,kalian,O
000124-004,dan,O
000124-004,terimalah,O
000124-004,kabar,O
000124-004,gembira,O
000124-004,",",O
000124-004,karena,O
000124-004,Allah,O
000124-004,telah,O
000124-004,menjanjikan,O
000124-004,salah,O
000124-004,satu,O
000124-004,dari,O
000124-004,dua,O
000124-004,pihak,O
000124-004,kepadaku,O
000124-004,.,O
000124-004,Demi,O
000124-004,Allah,O
000124-004,",",O
000124-004,seakan-akan,O
000124-004,saat,O
000124-004,ini,O
000124-004,aku,O
000124-004,bisa,O
000124-004,melihat,O
000124-004,tempat,O
000124-004,kematian,O
000124-004,mereka,O
000124-004,".""",O
000124-004,Setelah,O
000124-004,itu,O
000124-004,Rasulullah,B_PERSON
000124-004,meninggalkan,O
000124-004,Dzafiran,O
000124-004,untuk,O
000124-004,melanjutkan,O
000124-004,perjalanan,O
000124-004,.,O
000124-004,Beliau,O
000124-004,melewati,O
000124-004,jalan,O
000124-004,bukit,O
000124-004,yang,O
000124-004,disebut,O
000124-004,Al-Ashafir,O
000124-004,",",O
000124-004,kemudian,O
000124-004,cepat-cepat,O
000124-004,menuju,O
000124-004,suatu,O
000124-004,tempat,O
000124-004,yang,O
000124-004,disebut,O
000124-004,Ad-Dabbah,O
000124-004,dan,O
000124-004,meninggalkan,O
000124-004,Al-Hannan,O
000124-004,di,O
000124-004,sebelah,O
000124-004,kanannya,O
000124-004,",",O
000124-004,yaitu,O
000124-004,sebuah,O
000124-004,bukit,O
000124-004,pasir,O
000124-004,yang,O
000124-004,menyerupai,O
000124-004,gunung,O
000124-004,yang,O
000124-004,kokoh,O
000124-004,",",O
000124-004,kemudian,O
000124-004,tiba,O
000124-004,di,O
000124-004,dekat,O
000124-004,Badr,B_LOCATION
000124-004,.,O
000127-001,Rasulullah,B_PERSON
000127-001,membawa,O
000127-001,pasukannya,O
000127-001,ke,O
000127-001,mata,O
000127-001,air,O
000127-001,Badr,B_LOCATION
000127-001,agar,O
000127-001,bisa,O
000127-001,mendahului,O
000127-001,pasukan,O
000127-001,orang-orang,O
000127-001,Quraisy,O
000127-001,",",O
000127-001,sehingga,O
000127-001,mereka,O
000127-001,bisa,O
000127-001,menghalangi,O
000127-001,orang-orang,O
000127-001,Quraisy,O
000127-001,untuk,O
000127-001,menguasai,O
000127-001,mata,O
000127-001,air,O
000127-001,itu,O
000127-001,.,O
000127-001,Maka,O
000127-001,pada,O
000127-001,petang,O
000127-001,hari,O
000127-001,mereka,O
000127-001,sudah,O
000127-001,tiba,O
000127-001,di,O
000127-001,dekat,O
000127-001,mata,O
000127-001,air,O
000127-001,Badr,B_LOCATION
000127-001,.,O
000127-001,Di,O
000127-001,sinilah,O
000127-001,Al-Hubab,B_PERSON
000127-001,bin,I_PERSON
000127-001,Al-Mundzir,I_PERSON
000127-001,tampil,O
000127-001,layaknya,O
000127-001,seorang,O
000127-001,penasihat,O
000127-001,militer,O
000127-001,",",O
000127-001,seraya,O
000127-001,bertanya,O
000127-001,",",O
000127-001,"""",O
000127-001,Wahai,O
000127-001,Rasulullah,B_PERSON
000127-001,",",O
000127-001,bagaimana,O
000127-001,pendapat,O
000127-001,engkau,O
000127-001,tentang,O
000127-001,keputusan,O
000127-001,berhenti,O
000127-001,di,O
000127-001,tempat,O
000127-001,ini,O
000127-001,?,O
000127-001,Apakah,O
000127-001,ini,O
000127-001,tempat,O
000127-001,berhenti,O
000127-001,yang,O
000127-001,diturunkan,O
000127-001,Allah,O
000127-001,kepada,O
000127-001,engkau,O
000127-001,?,O
000127-001,Jika,O
000127-001,begitu,O
000127-001,keadaannya,O
000127-001,",",O
000127-001,maka,O
000127-001,tidak,O
000127-001,ada,O
000127-001,pilihan,O
000127-001,bagi,O
000127-001,kami,O
000127-001,maju,O
000127-001,atau,O
000127-001,mundur,O
000127-001,dari,O
000127-001,tempat,O
000127-001,ini,O
000127-001,.,O
000127-001,Ataukah,O
000127-001,in,O
000127-001,sekedar,O
000127-001,pendapat,O
000127-001,",",O
000127-001,siasat,O
000127-001,",",O
000127-001,dan,O
000127-001,taktik,O
000127-001,perang,O
000127-001,"?""",O
000127-001,Beliau,O
000127-001,menjawab,O
000127-001,",",O
000127-001,"""",O
000127-001,Ini,O
000127-001,adalah,O
000127-001,pendapatku,O
000127-001,",",O
000127-001,siasat,O
000127-001,",",O
000127-001,dan,O
000127-001,taktik,O
000127-001,perang,O
000127-001,".""",O
000127-001,Dia,O
000127-001,berkata,O
000127-001,",",O
000127-001,"""",O
000127-001,Wahai,O
000127-001,Rasulullah,B_PERSON
000127-001,",",O
000127-001,menurutku,O
000127-001,tidak,O
000127-001,tepat,O
000127-001,jika,O
000127-001,kita,O
000127-001,berhenti,O
000127-001,di,O
000127-001,sini,O
000127-001,.,O
000127-001,Pindahkanlah,O
000127-001,orang-orang,O
000127-001,ke,O
000127-001,tempat,O
000127-001,yang,O
000127-001,lebih,O
000127-001,dekat,O
000127-001,lagi,O
000127-001,dengan,O
000127-001,mata,O
000127-001,air,O
000127-001,daripada,O
000127-001,mereka,O
000127-001,(,O
000127-001,orang-orang,O
000127-001,musyrik,O
000127-001,Makkah,B_LOCATION
000127-001,).,O
000127-001,Kita,O
000127-001,berhenti,O
000127-001,di,O
000127-001,tempat,O
000127-001,itu,O
000127-001,dan,O
000127-001,kita,O
000127-001,timbun,O
000127-001,kolam-kolam,O
000127-001,di,O
000127-001,belakang,O
000127-001,mereka,O
000127-001,",",O
000127-001,lalu,O
000127-001,kita,O
000127-001,buat,O
000127-001,kolam,O
000127-001,yang,O
000127-001,kita,O
000127-001,isi,O
000127-001,air,O
000127-001,hingga,O
000127-001,penuh,O
000127-001,.,O
000127-001,Setelah,O
000127-001,itu,O
000127-001,kita,O
000127-001,berperang,O
000127-001,menghadapi,O
000127-001,mereka,O
000127-001,.,O
000127-001,Kita,O
000127-001,bisa,O
000127-001,minum,O
000127-001,dan,O
000127-001,mereka,O
000127-001,tidak,O
000127-001,bisa,O
000127-001,".""",O
000127-001,Beliau,O
000127-001,bersabda,O
000127-001,",",O
000127-001,"""",O
000127-001,Engkau,O
000127-001,telah,O
000127-001,menyampaikan,O
000127-001,pendapat,O
000127-001,yang,O
000127-001,jitu,O
000127-001,".""",O
000127-001,Maka,O
000127-001,Rasulullah,B_PERSON
000127-001,memindahkan,O
000127-001,pasukannya,O
000127-001,",",O
000127-001,sehingga,O
000127-001,jarak,O
000127-001,mereka,O
000127-001,dengan,O
000127-001,mata,O
000127-001,air,O
000127-001,lebih,O
000127-001,dekat,O
000127-001,lagi,O
000127-001,daripada,O
000127-001,pihak,O
000127-001,musuh,O
000127-001,.,O
000127-001,Separoh,O
000127-001,malam,O
000127-001,mereka,O
000127-001,berada,O
000127-001,di,O
000127-001,tempat,O
000127-001,itu,O
000127-001,",",O
000127-001,lalu,O
000127-001,mereka,O
000127-001,membuat,O
000127-001,sebuah,O
000127-001,kolom,O
000127-001,air,O
000127-001,dan,O
000127-001,menimbun,O
000127-001,kolam-kolam,O
000127-001,yang,O
000127-001,lain,O
000127-001,.,O
000127-001,Tatkala,O
000127-001,orang-orang,O
000127-001,Muslim,O
000127-001,sudah,O
000127-001,berhenti,O
000127-001,di,O
000127-001,tempat,O
000127-001,yang,O
000127-001,dimaksudkan,O
000127-001,.,O
000128-001,Kemudian,O
000128-001,Rasulullah,B_PERSON
000128-001,mempersiapkan,O
000128-001,pasukan,O
000128-001,",",O
000128-001,berkeliling,O
000128-001,di,O
000128-001,sekitar,O
000128-001,arena,O
000128-001,yang,O
000128-001,akan,O
000128-001,dijadikan,O
000128-001,ajang,O
000128-001,pertempuran,O
000128-001,.,O
000128-001,Beliau,O
000128-001,menunjukkan,O
000128-001,jarinya,O
000128-001,ke,O
000128-001,suatu,O
000128-001,tempat,O
000128-001,sambil,O
000128-001,bersabda,O
000128-001,",",O
000128-001,Ini,O
000128-001,tempat,O
000128-001,kematian,O
000128-001,Fulan,O
000128-001,esok,O
000128-001,hari,O
000128-001,insya,O
000128-001,Allah,O
000128-001,",",O
000128-001,dan,O
000128-001,ini,O
000128-001,tempat,O
000128-001,kematiannya,O
000128-001,Fulan,O
000128-001,insya,O
000128-001,Allah,O
000128-001,".""",O
000128-001,Pada,O
000128-001,malam,O
000128-001,itu,O
000128-001,beliau,O
000128-001,sering,O
000128-001,melaksanakan,O
000128-001,shalat,O
000128-001,di,O
000128-001,dekat,O
000128-001,pangkal,O
000128-001,pohon,O
000128-001,yang,O
000128-001,tumbuh,O
000128-001,di,O
000128-001,sana,O
000128-001,.,O
000128-001,Sedangkan,O
000128-001,orang-orang,O
000128-001,Muslim,O
000128-001,tidur,O
000128-001,dengan,O
000128-001,hembusan,O
000128-001,napas,O
000128-001,yang,O
000128-001,tenang,O
000128-001,seakan,O
000128-001,menyinari,O
000128-001,angkasa,O
000128-001,.,O
000128-001,Hati,O
000128-001,mereka,O
000128-001,ditaburi,O
000128-001,keyakinan,O
000128-001,Mereka,O
000128-001,cukup,O
000128-001,istirahat,O
000128-001,pada,O
000128-001,malam,O
000128-001,itu,O
000128-001,",",O
000128-001,dengan,O
000128-001,harapan,O
000128-001,esok,O
000128-001,paginya,O
000128-001,dapat,O
000128-001,melihat,O
000128-001,kabar,O
000128-001,gembira,O
000128-001,dari,O
000128-001,Allah,O
000128-001,"""(",O
000128-001,Ingatlah,O
000128-001,),O
000128-001,ketika,O
000128-001,Allah,O
000128-001,menjadikan,O
000128-001,kalian,O
000128-001,mengantuk,O
000128-001,sebagai,O
000128-001,suatu,O
000128-001,penentram,O
000128-001,dari-Nya,O
000128-001,",",O
000128-001,dan,O
000128-001,Allah,O
000128-001,menurunkan,O
000128-001,kepada,O
000128-001,kalian,O
000128-001,hujan,O
000128-001,dari,O
000128-001,langit,O
000128-001,untuk,O
000128-001,mensucikan,O
000128-001,kalian,O
000128-001,dengan,O
000128-001,hujan,O
000128-001,itu,O
000128-001,dan,O
000128-001,menghilangkan,O
000128-001,dari,O
000128-001,kalian,O
000128-001,gangguan-gangguan,O
000128-001,setan,O
000128-001,dan,O
000128-001,untuk,O
000128-001,menguatkan,O
000128-001,hati,O
000128-001,kalian,O
000128-001,dan,O
000128-001,memperteguh,O
000128-001,dengannya,O
000128-001,telapak,O
000128-001,kaki,O
000128-001,(,O
000128-001,kalian,O
000128-001,).,O
000128-001,"""",O
000128-001,(,O
000128-001,Al-Anfal,O
000128-001,:,O
000128-001,11,O
000128-001,),O
000128-001,Malam,O
000128-001,itu,O
000128-001,adalah,O
000128-001,malam,O
000128-001,Jum'at,O
000128-001,",",O
000128-001,tanggal,B_TIME
000128-001,17,I_TIME
000128-001,Ramadhan,I_TIME
000128-001,2,I_TIME
000128-001,H,I_TIME
000128-001,.,O
000128-001,Sementara,O
000128-001,keberangkatan,O
000128-001,beliau,O
000128-001,pada,O
000128-001,tanggal,O
000128-001,8,O
000128-001,atau,O
000128-001,12,O
000128-001,dari,O
000128-001,bulan,O
000128-001,yang,O
000128-001,sama,O
000128-001,.,O
000129-002,Tetapi,O
000129-002,wahai,O
000129-002,orang,O
000129-002,orang,O
000129-002,Quraisy,O
000129-002,",",O
000129-002,kulihat,O
000129-002,bencana,O
000129-002,besar,O
000129-002,yang,O
000129-002,membawa,O
000129-002,mimpi,O
000129-002,",",O
000129-002,kolam-kolam,O
000129-002,Yatsrib,B_LOCATION
000129-002,yang,O
000129-002,membawa,O
000129-002,kematian,O
000129-002,yang,O
000129-002,memilukan,O
000129-002,.,O
000129-002,Mereka,O
000129-002,adalah,O
000129-002,orang-orang,O
000129-002,yang,O
000129-002,tidak,O
000129-002,mempunyai,O
000129-002,tameng,O
000129-002,dan,O
000129-002,benteng,O
000129-002,kecuali,O
000129-002,pedang-pedang,O
000129-002,mereka,O
000129-002,Demi,O
000129-002,Allah,O
000129-002,",",O
000129-002,tidak,O
000129-002,ada,O
000129-002,seseorang,O
000129-002,di,O
000129-002,antara,O
000129-002,mereka,O
000129-002,yang,O
000129-002,terbunuh,O
000129-002,",",O
000129-002,melainkan,O
000129-002,dia,O
000129-002,telah,O
000129-002,membunuh,O
000129-002,salah,O
000129-002,seorang,O
000129-002,di,O
000129-002,antara,O
000129-002,kalian,O
000129-002,.,O
000129-002,Jika,O
000129-002,jumlah,O
000129-002,mereka,O
000129-002,sama,O
000129-002,dengan,O
000129-002,jumlah,O
000129-002,kalian,O
000129-002,",",O
000129-002,maka,O
000129-002,tidak,O
000129-002,ada,O
000129-002,artinya,O
000129-002,hidup,O
000129-002,setelah,O
000129-002,itu,O
000129-002,.,O
000129-002,Maka,O
000129-002,pikirkanlah,O
000129-002,hal,O
000129-002,ini,O
000129-002,"!""""",O
000129-002,Pada,O
000129-002,saat,O
000129-002,itu,O
000129-002,ada,O
000129-002,pula,O
000129-002,aksi,O
000129-002,penentangan,O
000129-002,terhadap,O
000129-002,Abu,B_PERSON
000129-002,Jahl,I_PERSON
000129-002,yang,O
000129-002,ngotot,O
000129-002,untuk,O
000129-002,berperang,O
000129-002,.,O
000129-002,Aksi,O
000129-002,penentangan,O
000129-002,ini,O
000129-002,mengajak,O
000129-002,pasukan,O
000129-002,untuk,O
000129-002,kembali,O
000129-002,ke,O
000129-002,Makkah,B_LOCATION
000129-002,tanpa,O
000129-002,harus,O
000129-002,bertempur,O
000129-002,dengan,O
000129-002,musuh,O
000129-002,.,O
000129-002,Maka,O
000129-002,Hakim,B_PERSON
000129-002,bin,I_PERSON
000129-002,Hizam,I_PERSON
000129-002,kembali,O
000129-002,bersama,O
000129-002,beberapa,O
000129-002,orang,O
000129-002,.,O
000129-002,Lalu,O
000129-002,dia,O
000129-002,menemui,O
000129-002,Utbah,B_PERSON
000129-002,bin,I_PERSON
000129-002,Rabi'ah,I_PERSON
000129-002,dan,O
000129-002,berkata,O
000129-002,",",O
000129-002,"""",O
000129-002,Wahai,O
000129-002,Abul,B_PERSON
000129-002,Walid,I_PERSON
000129-002,",",O
000129-002,engkau,O
000129-002,adalah,O
000129-002,pemuka,O
000129-002,Quraisy,O
000129-002,",",O
000129-002,pemimpin,O
000129-002,dan,O
000129-002,orang,O
000129-002,yang,O
000129-002,dipatuhi,O
000129-002,.,O
000129-002,Apakah,O
000129-002,engkau,O
000129-002,ingin,O
000129-002,memperoleh,O
000129-002,kenangan,O
000129-002,yang,O
000129-002,manis,O
000129-002,sepanjang,O
000129-002,masa,O
000129-002,"?""",O
000129-002,"""",O
000129-002,Apa,O
000129-002,itu,O
000129-002,wahai,O
000129-002,Hakim,O
000129-002,"?""",O
000129-002,tanya,O
000129-002,Utbah,B_PERSON
000129-002,.,O
000129-002,"""",O
000129-002,Pulanglah,O
000129-002,dengan,O
000129-002,orang-orangmu,O
000129-002,dan,O
000129-002,bawalah,O
000129-002,urusan,O
000129-002,sekutumu,O
000129-002,Amr,B_PERSON
000129-002,bin,I_PERSON
000129-002,Al-Hadhrami,I_PERSON
000129-002,".""",O
000129-002,Amr,O
000129-002,adalah,O
000129-002,orang,O
000129-002,yang,O
000129-002,terbunuh,O
000129-002,saat,O
000129-002,dipanah,O
000129-002,satuan,O
000129-002,perang,O
000129-002,Muslimin,O
000129-002,di,O
000129-002,Nakhlah,O
000129-002,.,O
000129-002,Utbah,B_PERSON
000129-002,berkata,O
000129-002,",",O
000129-002,"""",O
000129-002,Aku,O
000129-002,pasti,O
000129-002,akan,O
000129-002,melakukannya,O
000129-002,dan,O
000129-002,engkaulah,O
000129-002,penjaminku,O
000129-002,atas,O
000129-002,tindakan,O
000129-002,ini,O
000129-002,.,O
000129-002,Memang,O
000129-002,dia,O
000129-002,adalah,O
000129-002,sekutuku,O
000129-002,.,O
000129-002,Maka,O
000129-002,akulah,O
000129-002,yang,O
000129-002,akan,O
000129-002,menangani,O
000129-002,masalah,O
000129-002,tebusannya,O
000129-002,dan,O
000129-002,harta,O
000129-002,yang,O
000129-002,seharusnya,O
000129-002,milik,O
000129-002,dia,O
000129-002,".""",O
000129-002,Kemudian,O
000129-002,Utbah,B_PERSON
000129-002,berkata,O
000129-002,kepada,O
000129-002,Hakim,B_PERSON
000129-002,bin,I_PERSON
000129-002,Hizam,I_PERSON
000129-002,",",O
000129-002,"""",O
000129-002,Kalau,O
000129-002,begitu,O
000129-002,temuilah,O
000129-002,Abu,B_PERSON
000129-002,Jahl,I_PERSON
000129-002,.,O
000139-001,Peperangan,O
000139-001,sudah,O
000139-001,usai,O
000139-001,dengan,O
000139-001,kekalahan,O
000139-001,telak,O
000139-001,di,O
000139-001,pihak,O
000139-001,orang-orang,O
000139-001,musyrik,O
000139-001,dan,O
000139-001,kemenangan,O
000139-001,yang,O
000139-001,nyata,O
000139-001,di,O
000139-001,pihak,O
000139-001,orang-orang,O
000139-001,Muslim,O
000139-001,.,O
000139-001,Yang,O
000139-001,mati,O
000139-001,syahid,O
000139-001,dari,O
000139-001,pasukan,O
000139-001,Muslimin,O
000139-001,dalam,O
000139-001,peperangan,O
000139-001,ini,O
000139-001,ada,O
000139-001,empat,O
000139-001,belas,O
000139-001,orang,O
000139-001,",",O
000139-001,enam,O
000139-001,dari,O
000139-001,Muhajirin,O
000139-001,dan,O
000139-001,delapan,O
000139-001,dari,O
000139-001,Anshar,O
000139-001,.,O
000139-001,Sedangkan,O
000139-001,orang-orang,O
000139-001,musyrik,O
000139-001,mengalami,O
000139-001,kerugian,O
000139-001,yang,O
000139-001,amat,O
000139-001,banyak,O
000139-001,Korban,O
000139-001,di,O
000139-001,antara,O
000139-001,mereka,O
000139-001,ada,O
000139-001,tujuh,O
000139-001,puluh,O
000139-001,orang,O
000139-001,dan,O
000139-001,tujuh,O
000139-001,puluh,O
000139-001,orang,O
000139-001,pula,O
000139-001,yang,O
000139-001,tertawan,O
000139-001,",",O
000139-001,yang,O
000139-001,kebanyakan,O
000139-001,justru,O
000139-001,terdiri,O
000139-001,dari,O
000139-001,para,O
000139-001,pemuka,O
000139-001,dan,O
000139-001,pemimpin,O
000139-001,mereka,O
000139-001,.,O
000139-001,Setelah,O
000139-001,peperangan,O
000139-001,usai,O
000139-001,",",O
000139-001,Rasulullah,B_PERSON
000139-001,berkeliling,O
000139-001,hingga,O
000139-001,berdiri,O
000139-001,di,O
000139-001,dekat,O
000139-001,korban,O
000139-001,dari,O
000139-001,orang-orang,O
000139-001,musyrik,O
000139-001,",",O
000139-001,"""",O
000139-001,Keluarga,O
000139-001,yang,O
000139-001,paling,O
000139-001,buruk,O
000139-001,terhadap,O
000139-001,nabi,O
000139-001,kalian,O
000139-001,adalah,O
000139-001,diri,O
000139-001,kalian,O
000139-001,.,O
000139-001,Kalian,O
000139-001,mendustakan,O
000139-001,aku,O
000139-001,selagi,O
000139-001,orang-orang,O
000139-001,membenarkan,O
000139-001,aku,O
000139-001,.,O
000139-001,Kalian,O
000139-001,menelantarkan,O
000139-001,aku,O
000139-001,selagi,O
000139-001,orang-orang,O
000139-001,menolongku,O
000139-001,.,O
000139-001,Kalian,O
000139-001,mengusir,O
000139-001,aku,O
000139-001,selagi,O
000139-001,orang-orang,O
000139-001,melindungi,O
000139-001,aku,O
000139-001,".""",O
000139-001,Lalu,O
000139-001,beliau,O
000139-001,memerintahkan,O
000139-001,agar,O
000139-001,tubuh,O
000139-001,mereka,O
000139-001,dimasukkan,O
000139-001,ke,O
000139-001,dalam,O
000139-001,sumur,O
000139-001,.,O
000139-001,Diriwayatkan,O
000139-001,dari,O
000139-001,Abu,B_PERSON
000139-001,Thalhah,I_PERSON
000139-001,",",O
000139-001,bahwa,O
000139-001,Nabi,O
000139-001,Allah,O
000139-001,memerintahkan,O
000139-001,untuk,O
000139-001,mengumpulkan,O
000139-001,dua,O
000139-001,puluh,O
000139-001,empat,O
000139-001,pemuka,O
000139-001,Quraisy,O
000139-001,yang,O
000139-001,terbunuh,O
000139-001,",",O
000139-001,lalu,O
000139-001,mereka,O
000139-001,dilemparkan,O
000139-001,ke,O
000139-001,dalam,O
000139-001,sumur,O
000139-001,yang,O
000139-001,kotor,O
000139-001,dan,O
000139-001,bau,O
000139-001,.,O
000139-001,Sebelum,O
000139-001,itu,O
000139-001,",",O
000139-001,jika,O
000139-001,ada,O
000139-001,suatu,O
000139-001,kaum,O
000139-001,mendapatkan,O
000139-001,suatu,O
000139-001,kemenangan,O
000139-001,",",O
000139-001,maka,O
000139-001,mereka,O
000139-001,mengadakan,O
000139-001,pesta,O
000139-001,di,O
000139-001,Badr,B_LOCATION
000139-001,selama,O
000139-001,tiga,O
000139-001,malam,O
000139-001,.,O
000139-001,Pada,O
000139-001,hari,O
000139-001,ketiga,O
000139-001,dari,O
000139-001,Perang,B_EVENT
000139-001,Badr,I_EVENT
000139-001,",",O
000139-001,beliau,O
000139-001,meminta,O
000139-001,hewan,O
000139-001,kendaraannya,O
000139-001,dan,O
000139-001,mengikatnya,O
000139-001,.,O
000139-001,Kemudian,O
000139-001,beliau,O
000139-001,berjalan,O
000139-001,mengikuti,O
000139-001,para,O
000139-001,sahabat,O
000139-001,",",O
000139-001,hingga,O
000139-001,beliau,O
000139-001,berdiri,O
000139-001,di,O
000139-001,bibir,O
000139-001,sumur,O
000139-001,.,O
000139-001,Beliau,O
000139-001,menyebutkan,O
000139-001,nama,O
000139-001,orang-orang,O
000139-001,musyrik,O
000139-001,yang,O
000139-001,jasadnya,O
000139-001,dilemparkan,O
000139-001,ke,O
000139-001,dalam,O
000139-001,sumur,O
000139-001,itu,O
000139-001,",",O
000139-001,begitu,O
000139-001,nama,O
000139-001,bapak-bapak,O
000139-001,mereka,O
000139-001,.,O
000142-001,Seusai,O
000142-001,perang,O
000142-001,",",O
000142-001,Rasulullah,B_PERSON
000142-001,masih,O
000142-001,berada,O
000142-001,di,O
000142-001,Badr,B_LOCATION
000142-001,selama,O
000142-001,tiga,O
000142-001,hari,O
000142-001,Sebelum,O
000142-001,meninggalkan,O
000142-001,kancah,O
000142-001,peperangan,O
000142-001,",",O
000142-001,terjadi,O
000142-001,silang,O
000142-001,pendapat,O
000142-001,di,O
000142-001,antara,O
000142-001,anggota,O
000142-001,pasukan,O
000142-001,tentang,O
000142-001,pembagian,O
000142-001,harta,O
000142-001,rampasan,O
000142-001,.,O
000142-001,Ketika,O
000142-001,silang,O
000142-001,pendapat,O
000142-001,ini,O
000142-001,semakin,O
000142-001,meruncing,O
000142-001,maka,O
000142-001,beliau,O
000142-001,memerintahkan,O
000142-001,agar,O
000142-001,semua,O
000142-001,harta,O
000142-001,rampasan,O
000142-001,di,O
000142-001,tangan,O
000142-001,mereka,O
000142-001,diserahkan,O
000142-001,.,O
000142-001,Mereka,O
000142-001,pun,O
000142-001,menurutinya,O
000142-001,",",O
000142-001,lalu,O
000142-001,turun,O
000142-001,wahyu,O
000142-001,yang,O
000142-001,memecahkan,O
000142-001,masalah,O
000142-001,ini,O
000142-001,.,O
000142-001,Dari,O
000142-001,Ubadah,B_PERSON
000142-001,bin,I_PERSON
000142-001,Ash-Shamit,I_PERSON
000142-001,",",O
000142-001,dia,O
000142-001,berkata,O
000142-001,",",O
000142-001,"""",O
000142-001,Kami,O
000142-001,pergi,O
000142-001,bersama,O
000142-001,Nabi,O
000142-001,bergabung,O
000142-001,dalam,O
000142-001,Perang,B_EVENT
000142-001,Badr,I_EVENT
000142-001,.,O
000142-001,Dua,O
000142-001,pasukan,O
000142-001,saling,O
000142-001,berhadapan,O
000142-001,dan,O
000142-001,Allah,O
000142-001,mengalahkan,O
000142-001,pasukan,O
000142-001,musuh,O
000142-001,.,O
000142-001,Ada,O
000142-001,segolongan,O
000142-001,pasukan,O
000142-001,Muslimin,O
000142-001,yang,O
000142-001,mengejar,O
000142-001,musuh,O
000142-001,",",O
000142-001,mengusir,O
000142-001,dan,O
000142-001,membunuh,O
000142-001,.,O
000142-001,Ada,O
000142-001,pula,O
000142-001,sebagian,O
000142-001,lain,O
000142-001,y,O
000142-001,ang,O
000142-001,meng-,O
000142-001,uasai,O
000142-001,harta,O
000142-001,rampasan,O
000142-001,yang,O
000142-001,telah,O
000142-001,dikumpulkan,O
000142-001,.,O
000142-001,Ada,O
000142-001,pula,O
000142-001,sebagian,O
000142-001,lain,O
000142-001,yang,O
000142-001,menjaga,O
000142-001,Rasulullah,B_PERSON
000142-001,dan,O
000142-001,tidak,O
000142-001,berhadapan,O
000142-001,langsung,O
000142-001,dengan,O
000142-001,musuh,O
000142-001,.,O
000142-001,Pada,O
000142-001,malam,O
000142-001,harinya,O
000142-001,",",O
000142-001,selagi,O
000142-001,sebagian,O
000142-001,sudah,O
000142-001,berkumpul,O
000142-001,dengan,O
000142-001,sebagian,O
000142-001,yang,O
000142-001,lain,O
000142-001,mereka,O
000142-001,yang,O
000142-001,berhasil,O
000142-001,mengumpulkan,O
000142-001,harta,O
000142-001,rampasan,O
000142-001,berkata,O
000142-001,",",O
000142-001,"""",O
000142-001,Kamilah,O
000142-001,yang,O
000142-001,telah,O
000142-001,mengumpulkan,O
000142-001,dan,O
000142-001,siapa,O
000142-001,pun,O
000142-001,tidak,O
000142-001,boleh,O
000142-001,mengusiknya,O
000142-001,".""",O
000142-001,Sedangkan,O
000142-001,mereka,O
000142-001,yang,O
000142-001,bertugas,O
000142-001,mengejar,O
000142-001,musuh,O
000142-001,menyahut,O
000142-001,",",O
000142-001,"""",O
000142-001,Kalian,O
000142-001,tidak,O
000142-001,lebih,O
000142-001,berhak,O
000142-001,daripada,O
000142-001,kami,O
000142-001,.,O
000142-001,Kamilah,O
000142-001,yang,O
000142-001,sebenarnya,O
000142-001,telah,O
000142-001,mengumpulkan,O
000142-001,harta,O
000142-001,rampasan,O
000142-001,itu,O
000142-001,dan,O
000142-001,mengalahkan,O
000142-001,musuh,O
000142-001,".""",O
000142-001,Sedangkan,O
000142-001,mereka,O
000142-001,yang,O
000142-001,bertugas,O
000142-001,menjaga,O
000142-001,beliau,O
000142-001,berkata,O
000142-001,",",O
000142-001,"""",O
000142-001,Kami,O
000142-001,khawatir,O
000142-001,musuh,O
000142-001,akan,O
000142-001,menyerang,O
000142-001,beliau,O
000142-001,",",O
000142-001,maka,O
000142-001,sejak,O
000142-001,awal,O
000142-001,kami,O
000142-001,melindungi,O
000142-001,beliau,O
000142-001,".""",O
000142-001,Maka,O
000142-001,kemudian,O
000142-001,Allah,O
000142-001,menurunkan,O
000142-001,ayat,O
000142-001,",",O
000142-001,JWJT,O
000142-001,"""",O
000142-001,Mereka,O
000142-001,menanyakan,O
000142-001,kepadamu,O
000142-001,tentang,O
000142-001,(,O
000142-001,pembagian,O
000142-001,),O
000142-001,harta,O
000142-001,rampasan,O
000142-001,.,O
000142-001,"Katakanlah,'Harta",O
000142-001,perang,O
000142-001,itu,O
000142-001,kepunyaan,O
000142-001,Allah,O
000142-001,dan,O
000142-001,Rasul,O
000142-001,.,O
000145-002,Setelah,O
000145-002,itu,O
000145-002,Allah,O
000145-002,berfirman,O
000145-002,kepada,O
000145-002,orang-orang,O
000145-002,Muslim,O
000145-002,tentang,O
000145-002,masalah,O
000145-002,harta,O
000145-002,rampasan,O
000145-002,dan,O
000145-002,meletakkan,O
000145-002,dasar-dasar,O
000145-002,masalah,O
000145-002,ini,O
000145-002,.,O
000145-002,Kemudian,O
000145-002,Allah,O
000145-002,menjelaskan,O
000145-002,dan,O
000145-002,menetapkan,O
000145-002,aturan-aturan,O
000145-002,main,O
000145-002,saat,O
000145-002,perang,O
000145-002,dan,O
000145-002,damai,O
000145-002,",",O
000145-002,karena,O
000145-002,dakwah,O
000145-002,Islam,O
000145-002,saat,O
000145-002,itu,O
000145-002,sudah,O
000145-002,memasuki,O
000145-002,tahapan,O
000145-002,ini,O
000145-002,",",O
000145-002,agar,O
000145-002,perang,O
000145-002,yang,O
000145-002,dilakukan,O
000145-002,orang-orang,O
000145-002,Muslim,O
000145-002,berbeda,O
000145-002,dengan,O
000145-002,perang,O
000145-002,yang,O
000145-002,dilakukan,O
000145-002,orang-,O
000145-002,orang,O
000145-002,Jahiliyah,O
000145-002,.,O
000145-002,Mereka,O
000145-002,unggul,O
000145-002,karena,O
000145-002,akhlak,O
000145-002,dan,O
000145-002,nilai-nilai,O
000145-002,yang,O
000145-002,luhur,O
000145-002,serta,O
000145-002,menegaskan,O
000145-002,kepada,O
000145-002,dunia,O
000145-002,bahwa,O
000145-002,Islam,O
000145-002,bukan,O
000145-002,sekedar,O
000145-002,teori,O
000145-002,yang,O
000145-002,mentah,O
000145-002,.,O
000145-002,tetapi,O
000145-002,Islam,O
000145-002,membekali,O
000145-002,para,O
000145-002,pemeluknya,O
000145-002,secara,O
000145-002,praktis,O
000145-002,",",O
000145-002,berlandaskan,O
000145-002,kepada,O
000145-002,dasar-dasar,O
000145-002,dan,O
000145-002,prinsip-prinsip,O
000145-002,yang,O
000145-002,diserunya,O
000145-002,.,O
000145-002,Kemudian,O
000145-002,Allah,O
000145-002,menetapan,O
000145-002,beberapa,O
000145-002,butir,O
000145-002,undang-undang,O
000145-002,Daulah,O
000145-002,Islam,O
000145-002,",",O
000145-002,dengan,O
000145-002,membuat,O
000145-002,perbedaan,O
000145-002,antara,O
000145-002,orang-orang,O
000145-002,Muslim,O
000145-002,yang,O
000145-002,menetap,O
000145-002,di,O
000145-002,wilayah,O
000145-002,Islam,O
000145-002,dan,O
000145-002,mereka,O
000145-002,yang,O
000145-002,menetap,O
000145-002,di,O
000145-002,luar,O
000145-002,wilayah,O
000145-002,Islam,O
000145-002,.,O
000145-002,Pada,O
000145-002,tahun,B_TIME
000145-002,kedua,I_TIME
000145-002,Hijriyah,I_TIME
000145-002,turun,O
000145-002,kewajiban,O
000145-002,puasa,O
000145-002,Ramadhan,O
000145-002,",",O
000145-002,membayar,O
000145-002,zakat,O
000145-002,fitrah,O
000145-002,dan,O
000145-002,penjelasan,O
000145-002,tentang,O
000145-002,batasan-batasan,O
000145-002,zakat,O
000145-002,yang,O
000145-002,lain,O
000145-002,.,O
000145-002,Kewajiban,O
000145-002,membay,O
000145-002,ar,O
000145-002,zakat,O
000145-002,fitrah,O
000145-002,dan,O
000145-002,zakat-zakat,O
000145-002,lainnya,O
000145-002,dimaksudkan,O
000145-002,untuk,O
000145-002,memperingan,O
000145-002,beban,O
000145-002,hidup,O
000145-002,yang,O
000145-002,dijalani,O
000145-002,orang-orang,O
000145-002,Muhajirin,O
000145-002,dan,O
000145-002,Anshar,O
000145-002,yang,O
000145-002,miskin,O
000145-002,",",O
000145-002,yang,O
000145-002,tidak,O
000145-002,mempunyai,O
000145-002,bakat,O
000145-002,usaha,O
000145-002,.,O
000145-002,Ada,O
000145-002,momen,O
000145-002,yang,O
000145-002,paling,O
000145-002,mengesankan,O
000145-002,",",O
000145-002,karena,O
000145-002,Id,O
000145-002,pertama,O
000145-002,yang,O
000145-002,dijalani,O
000145-002,orang-orang,O
000145-002,Muslim,O
000145-002,dalam,O
000145-002,hidup,O
000145-002,mereka,O
000145-002,adalah,O
000145-002,Idul,B_TIME
000145-002,Fitri,I_TIME
000145-002,pada,O
000145-002,bulan,B_TIME
000145-002,Syawwal,I_TIME
000145-002,2,I_TIME
000145-002,Hijriyah,I_TIME
000145-002,",",O
000145-002,setelah,O
000145-002,mereka,O
000145-002,memperoleh,O
000145-002,kemenangan,O
000145-002,yang,O
000145-002,gemilang,O
000145-002,di,O
000145-002,Perang,B_EVENT
000145-002,Badr,I_EVENT
000145-002,.,O
000145-002,Betapa,O
000145-002,mengesankan,O
000145-002,Id,O
000145-002,yang,O
000145-002,penuh,O
000145-002,kebahagiaan,O
000145-002,ini,O
000145-002,",",O
000145-002,setelah,O
000145-002,Allah,O
000145-002,menyematkan,O
000145-002,mahkota,O
000145-002,kemenangan,O
000145-002,dan,O
000145-002,keperkasaan,O
000145-002,kepada,O
000145-002,mereka,O
000145-002,.,O
000145-003,Betapa,O
000145-003,mengesankan,O
000145-003,Id,O
000145-003,yang,O
000145-003,penuh,O
000145-003,kebahagiaan,O
000145-003,ini,O
000145-003,",",O
000145-003,setelah,O
000145-003,Allah,O
000145-003,menyematkan,O
000145-003,mahkota,O
000145-003,kemenangan,O
000145-003,dan,O
000145-003,keperkasaan,O
000145-003,kepada,O
000145-003,mereka,O
000145-003,.,O
000145-003,Betapa,O
000145-003,mengagumkan,O
000145-003,shalat,O
000145-003,Idul,O
000145-003,Fitri,O
000145-003,yang,O
000145-003,mereka,O
000145-003,lakukan,O
000145-003,saat,O
000145-003,itu,O
000145-003,",",O
000145-003,setelah,O
000145-003,mereka,O
000145-003,keluar,O
000145-003,dari,O
000145-003,rumah,O
000145-003,dengan,O
000145-003,menyerukan,O
000145-003,suara,O
000145-003,takbir,O
000145-003,",",O
000145-003,tahmid,O
000145-003,",",O
000145-003,dan,O
000145-003,tauhid,O
000145-003,.,O
000145-003,Hat,O
000145-003,mereka,O
000145-003,mekar,O
000145-003,dipenuhi,O
000145-003,kecintaan,O
000145-003,kepada,O
000145-003,Allah,O
000145-003,",",O
000145-003,sambil,O
000145-003,tetap,O
000145-003,mengharapkan,O
000145-003,rahmat,O
000145-003,dan,O
000145-003,keridhaan-Nya,O
000145-003,",",O
000145-003,setelah,O
000145-003,Dia,O
000145-003,memuliakan,O
000145-003,mereka,O
000145-003,dengan,O
000145-003,nikmat,O
000145-003,dan,O
000145-003,menguatkan,O
000145-003,mereka,O
000145-003,dengan,O
000145-003,pertolongan-Nya,O
000145-003,.,O
000145-003,Lalu,O
000145-003,Allah,O
000145-003,mengingatkan,O
000145-003,mereka,O
000145-003,tentang,O
000145-003,semua,O
000145-003,ini,O
000145-003,dengan,O
000145-003,berfirman,O
000145-003,",",O
000145-003,81,O
000145-003,I,O
000145-003,x,O
000145-003,i,O
000145-003,"""",O
000145-003,"Dan,ingatlah",O
000145-003,(,O
000145-003,hai,O
000145-003,para,O
000145-003,Muhajirin,O
000145-003,),O
000145-003,ketika,O
000145-003,kalian,O
000145-003,masih,O
000145-003,berjumlah,O
000145-003,sedikit,O
000145-003,lagi,O
000145-003,tertindas,O
000145-003,di,O
000145-003,bumi,O
000145-003,(,O
000145-003,Makkah,B_LOCATION
000145-003,).,O
000145-003,Kalian,O
000145-003,takut,O
000145-003,orang-orang,O
000145-003,(,O
000145-003,Makkah,B_LOCATION
000145-003,),O
000145-003,akar,O
000145-003,menculik,O
000145-003,kalian,O
000145-003,",",O
000145-003,maka,O
000145-003,Allah,O
000145-003,memberi,O
000145-003,kalian,O
000145-003,tempat,O
000145-003,menetap,O
000145-003,(,O
000145-003,Madinah,B_LOCATION
000145-003,),O
000145-003,dan,O
000145-003,dijadikan-Nya,O
000145-003,kalian,O
000145-003,kuat,O
000145-003,dengan,O
000145-003,pertolongan-Nya,O
000145-003,dan,O
000145-003,diberi-Nya,O
000145-003,kalian,O
000145-003,rezeki,O
000145-003,dari,O
000145-003,yang,O
000145-003,baik-baik,O
000145-003,agar,O
000145-003,kalian,O
000145-003,bersyukur,O
000145-003,.,O
000145-003,"""",O
000145-003,(,O
000145-003,Al-Anfal,O
000145-003,:,O
000145-003,26,O
000145-003,),O
000145-003,Sumur,O
000145-003,Badr,B_LOCATION
000161-001,Al-Abbas,B_PERSON
000161-001,bin,I_PERSON
000161-001,Abdul,I_PERSON
000161-001,Muththalib,I_PERSON
000161-001,yang,O
000161-001,masih,O
000161-001,menetap,O
000161-001,di,O
000161-001,Makkah,B_LOCATION
000161-001,terus,O
000161-001,memata-matai,O
000161-001,setiap,O
000161-001,tindakan,O
000161-001,Quraisy,O
000161-001,dan,O
000161-001,persiapan,O
000161-001,militer,O
000161-001,mereka,O
000161-001,.,O
000161-001,Setelah,O
000161-001,pasukan,O
000161-001,berangkat,O
000161-001,",",O
000161-001,maka,O
000161-001,Al-Abbas,B_PERSON
000161-001,mengirim,O
000161-001,kabar,O
000161-001,surat,O
000161-001,kilat,O
000161-001,kepada,O
000161-001,Nabi,O
000161-001,",",O
000161-001,berupa,O
000161-001,kabar,O
000161-001,secara,O
000161-001,rinci,O
000161-001,tentang,O
000161-001,pasukan,O
000161-001,Quraisy,O
000161-001,Secepat,O
000161-001,kilat,O
000161-001,utusan,O
000161-001,Al-Abbas,B_PERSON
000161-001,pergi,O
000161-001,menyampaikan,O
000161-001,surat,O
000161-001,",",O
000161-001,menempuh,O
000161-001,perjalanan,O
000161-001,antara,O
000161-001,Makkah,B_LOCATION
000161-001,dan,O
000161-001,Madinah,B_LOCATION
000161-001,hanya,O
000161-001,jangka,O
000161-001,waktu,O
000161-001,tiga,O
000161-001,hari,O
000161-001,.,O
000161-001,Dia,O
000161-001,menyertakan,O
000161-001,surat,O
000161-001,itu,O
000161-001,tatkala,O
000161-001,beliau,O
000161-001,sedang,O
000161-001,berada,O
000161-001,di,O
000161-001,masjid,B_LOCATION
000161-001,Quba',B_LOCATION
000161-001,.,O
000161-001,Beliau,O
000161-001,menyuruh,O
000161-001,Ubay,B_PERSON
000161-001,bin,I_PERSON
000161-001,Ka'b,I_PERSON
000161-001,untuk,O
000161-001,membacakan,O
000161-001,surat,O
000161-001,tersebut,O
000161-001,dan,O
000161-001,memerintahkan,O
000161-001,untuk,O
000161-001,merahasiakannya,O
000161-001,.,O
000161-001,Seketika,O
000161-001,itu,O
000161-001,pula,O
000161-001,beliau,O
000161-001,pergi,O
000161-001,ke,O
000161-001,Madinah,B_LOCATION
000161-001,",",O
000161-001,lalu,O
000161-001,merembugkan,O
000161-001,permasalahannya,O
000161-001,dengan,O
000161-001,para,O
000161-001,pemuka,O
000161-001,Muhajirin,O
000161-001,dan,O
000161-001,Anshar,O
000161-001,.,O
000163-001,Pasukan,O
000163-001,Makkah,B_LOCATION
000163-001,meneruskan,O
000163-001,perjalanan,O
000163-001,",",O
000163-001,mengambil,O
000163-001,jalur,O
000163-001,utama,O
000163-001,ke,O
000163-001,arah,O
000163-001,barat,O
000163-001,menuju,O
000163-001,Madinah,B_LOCATION
000163-001,.,O
000163-001,Setiba,O
000163-001,di,O
000163-001,Abwa',O
000163-001,",",O
000163-001,Hindun,B_PERSON
000163-001,bin,I_PERSON
000163-001,Uthbah,I_PERSON
000163-001,",",O
000163-001,istri,O
000163-001,Abu,B_PERSON
000163-001,Sufyan,I_PERSON
000163-001,mengusulkan,O
000163-001,untuk,O
000163-001,menggali,O
000163-001,kuburan,O
000163-001,ibunda,O
000163-001,Rasulullah,B_PERSON
000163-001,.,O
000163-001,Namun,O
000163-001,para,O
000163-001,komandan,O
000163-001,pasukan,O
000163-001,Quraisy,O
000163-001,menolak,O
000163-001,usulan,O
000163-001,ini,O
000163-001,.,O
000163-001,Kali,O
000163-001,ini,O
000163-001,mereka,O
000163-001,bersikap,O
000163-001,sangat,O
000163-001,hati-hati,O
000163-001,terhadap,O
000163-001,akibat,O
000163-001,yang,O
000163-001,harus,O
000163-001,dihadapi,O
000163-001,jika,O
000163-001,mereka,O
000163-001,berbuat,O
000163-001,seperti,O
000163-001,itu,O
000163-001,.,O
000163-001,Maka,O
000163-001,pasukan,O
000163-001,melanjutkan,O
000163-001,perjalanan,O
000163-001,hingga,O
000163-001,mendekati,O
000163-001,Madinah,B_LOCATION
000163-001,.,O
000163-001,Mereka,O
000163-001,melewati,O
000163-001,Wadi,O
000163-001,Al-Aqiq,O
000163-001,",",O
000163-001,lalu,O
000163-001,membelok,O
000163-001,ke,O
000163-001,arah,O
000163-001,kanan,O
000163-001,hingga,O
000163-001,tiba,O
000163-001,di,O
000163-001,dekat,O
000163-001,bukit,O
000163-001,Uhud,B_LOCATION
000163-001,",",O
000163-001,di,O
000163-001,suatu,O
000163-001,tempat,O
000163-001,disebut,O
000163-001,Ainain,O
000163-001,",",O
000163-001,di,O
000163-001,sebelah,O
000163-001,utara,O
000163-001,Madinah,B_LOCATION
000163-001,.,O
000163-001,Pasukan,O
000163-001,Quraisy,O
000163-001,mengambil,O
000163-001,tempat,O
000163-001,di,O
000163-001,sana,O
000163-001,pada,O
000163-001,hari,B_TIME
000163-001,Jum'at,I_TIME
000163-001,tanggal,I_TIME
000163-001,6,I_TIME
000163-001,Syawwal,I_TIME
000163-001,3,I_TIME
000163-001,H,I_TIME
000163-001,.,O
000169-002,Jika,O
000169-002,kalian,O
000169-002,melihat,O
000169-002,kami,O
000169-002,telah,O
000169-002,mengumpulkan,O
000169-002,harta,O
000169-002,rampasan,O
000169-002,",",O
000169-002,maka,O
000169-002,janganlah,O
000169-002,kalian,O
000169-002,turun,O
000169-002,bergabung,O
000169-002,bersama,O
000169-002,Dalam,O
000169-002,riwayat,O
000169-002,Al-Bukhari,O
000169-002,disebutkan,O
000169-002,",",O
000169-002,beliau,O
000169-002,bersabda,O
000169-002,",",O
000169-002,"""",O
000169-002,Jika,O
000169-002,kalian,O
000169-002,melihat,O
000169-002,kami,O
000169-002,disambar,O
000169-002,burung,O
000169-002,sekalipun,O
000169-002,",",O
000169-002,maka,O
000169-002,janganlah,O
000169-002,kalian,O
000169-002,meninggalkan,O
000169-002,tempat,O
000169-002,itu,O
000169-002,",",O
000169-002,kecuali,O
000169-002,ada,O
000169-002,utusan,O
000169-002,yang,O
000169-002,datang,O
000169-002,kepada,O
000169-002,kalian,O
000169-002,.,O
000169-002,Jika,O
000169-002,kalian,O
000169-002,melihat,O
000169-002,kami,O
000169-002,dapat,O
000169-002,mengalahkan,O
000169-002,mereka,O
000169-002,",",O
000169-002,maka,O
000169-002,janganlah,O
000169-002,kalian,O
000169-002,meninggalkan,O
000169-002,tempat,O
000169-002,",",O
000169-002,hingga,O
000169-002,ada,O
000169-002,utusan,O
000169-002,yang,O
000169-002,datang,O
000169-002,kepada,O
000169-002,kalian,O
000169-002,".""",O
000169-002,Dengan,O
000169-002,ditempatkannya,O
000169-002,detasemen,O
000169-002,di,O
000169-002,atas,O
000169-002,bukit,O
000169-002,dengan,O
000169-002,disertai,O
000169-002,perintah-,O
000169-002,perintah,O
000169-002,militer,O
000169-002,yang,O
000169-002,keras,O
000169-002,",",O
000169-002,maka,O
000169-002,beliau,O
000169-002,sudah,O
000169-002,bisa,O
000169-002,menyumbat,O
000169-002,satu,O
000169-002,celah,O
000169-002,yang,O
000169-002,memungkinkan,O
000169-002,bagi,O
000169-002,kavaleri,O
000169-002,Quraisy,O
000169-002,untuk,O
000169-002,menyusup,O
000169-002,ke,O
000169-002,barisan,O
000169-002,orang-orang,O
000169-002,Muslim,O
000169-002,dari,O
000169-002,arah,O
000169-002,belakang,O
000169-002,dan,O
000169-002,mengacaukannya,O
000169-002,.,O
000169-002,Pasukan,O
000169-002,Muslimin,O
000169-002,di,O
000169-002,sayap,O
000169-002,kanan,O
000169-002,dikomandani,O
000169-002,Al-Mundzir,B_PERSON
000169-002,bin,I_PERSON
000169-002,Amr,I_PERSON
000169-002,",",O
000169-002,di,O
000169-002,sayap,O
000169-002,kiri,O
000169-002,dikomandani,O
000169-002,Az-Zubair,B_PERSON
000169-002,bin,I_PERSON
000169-002,Al-Awwam,I_PERSON
000169-002,",",O
000169-002,dan,O
000169-002,masih,O
000169-002,didukung,O
000169-002,oleh,O
000169-002,satuan,O
000169-002,pasukan,O
000169-002,yang,O
000169-002,dikomandani,O
000169-002,Al-Miqdad,B_PERSON
000169-002,bin,I_PERSON
000169-002,Al-Aswad,I_PERSON
000169-002,.,O
000169-002,Az-Zubair,O
000169-002,bertugas,O
000169-002,menghadang,O
000169-002,laju,O
000169-002,kavaleri,O
000169-002,(,O
000169-002,pasukan,O
000169-002,penunggang,O
000169-002,kuda,O
000169-002,),O
000169-002,Quraisy,O
000169-002,yang,O
000169-002,dipimpin,O
000169-002,Khalid,B_PERSON
000169-002,bin,I_PERSON
000169-002,Al-Walid,I_PERSON
000169-002,(,O
000169-002,yang,O
000169-002,saat,O
000169-002,itu,O
000169-002,masih,O
000169-002,kafir,O
000169-002,).,O
000169-002,Di,O
000169-002,barisan,O
000169-002,terdepan,O
000169-002,ada,O
000169-002,sejumlah,O
000169-002,orang,O
000169-002,yang,O
000169-002,pemberani,O
000169-002,",",O
000169-002,tokoh-tokoh,O
000169-002,yang,O
000169-002,dikenal,O
000169-002,gagah,O
000169-002,perkasa,O
000169-002,dan,O
000169-002,hebat,O
000169-002,sepak,O
000169-002,terjangnya,O
000169-002,",",O
000169-002,yang,O
000169-002,kemampuannya,O
000169-002,bisa,O
000169-002,disamakan,O
000169-002,dengan,O
000169-002,beribu-ribu,O
000169-002,orang,O
000169-002,.,O
000169-002,Pengaturan,O
000169-002,ini,O
000169-002,merupakan,O
000169-002,strategi,O
000169-002,yang,O
000169-002,sangat,O
000169-002,bijaksana,O
000169-002,dan,O
000169-002,sekaligus,O
000169-002,amat,O
000169-002,detil,O
000169-002,",",O
000169-002,yang,O
000169-002,menggambarkan,O
000169-002,kecerdikan,O
000169-002,Rasulullah,B_PERSON
000169-002,sebagai,O
000169-002,seorang,O
000169-002,komandan,O
000169-002,perang,O
000169-002,.,O
000174-001,Dua,O
000174-001,pihak,O
000174-001,saling,O
000174-001,mendekat,O
000174-001,dan,O
000174-001,merangsek,O
000174-001,ke,O
000174-001,depan,O
000174-001,.,O
000174-001,Tahapan-tahapan,O
000174-001,perang,O
000174-001,sudah,O
000174-001,dimulai,O
000174-001,.,O
000174-001,Yang,O
000174-001,pertama,O
000174-001,kali,O
000174-001,menyulut,O
000174-001,bara,O
000174-001,pertempuran,O
000174-001,adalah,O
000174-001,pembawa,O
000174-001,bendera,O
000174-001,dari,O
000174-001,kalangan,O
000174-001,musyrikin,O
000174-001,",",O
000174-001,yaitu,O
000174-001,Thalhah,B_PERSON
000174-001,bin,I_PERSON
000174-001,Abu,I_PERSON
000174-001,Thalhah,I_PERSON
000174-001,Al-Abdari,O
000174-001,.,O
000174-001,Dia,O
000174-001,adalah,O
000174-001,penunggang,O
000174-001,kuda,O
000174-001,Quraisy,O
000174-001,yang,O
000174-001,paling,O
000174-001,pemberani,O
000174-001,.,O
000174-001,Orang-,O
000174-001,orang,O
000174-001,Muslim,O
000174-001,menyebutnya,O
000174-001,Kabsyul,O
000174-001,Katibah,O
000174-001,.,O
000174-001,Dia,O
000174-001,keluar,O
000174-001,sambil,O
000174-001,menunggang,O
000174-001,onta,O
000174-001,",",O
000174-001,mengajak,O
000174-001,untuk,O
000174-001,adu,O
000174-001,tanding,O
000174-001,.,O
000174-001,Tak,O
000174-001,seorang,O
000174-001,pun,O
000174-001,yang,O
000174-001,segera,O
000174-001,menyambut,O
000174-001,tantangannya,O
000174-001,untuk,O
000174-001,adu,O
000174-001,tanding,O
000174-001,karena,O
000174-001,keberaniannya,O
000174-001,itu,O
000174-001,.,O
000174-001,Akhirnya,O
000174-001,Az-Zubair,B_PERSON
000174-001,maju,O
000174-001,menghampirinya,O
000174-001,.,O
000174-001,Dia,O
000174-001,maju,O
000174-001,tidak,O
000174-001,dengan,O
000174-001,cara,O
000174-001,pelan-pelan,O
000174-001,",",O
000174-001,tetapi,O
000174-001,langsung,O
000174-001,melompat,O
000174-001,layaknya,O
000174-001,seekor,O
000174-001,singa,O
000174-001,.,O
000174-001,Sehingga,O
000174-001,sebelum,O
000174-001,sempat,O
000174-001,Thalhah,O
000174-001,turun,O
000174-001,dari,O
000174-001,punggung,O
000174-001,ontanya,O
000174-001,",",O
000174-001,Az-Zubair,B_PERSON
000174-001,sudah,O
000174-001,menusukkan,O
000174-001,pedangnya,O
000174-001,hingga,O
000174-001,Thalhah,O
000174-001,terjerembab,O
000174-001,ke,O
000174-001,tanah,O
000174-001,",",O
000174-001,mati,O
000174-001,.,O
000174-001,Nabi,O
000174-001,menyaksikan,O
000174-001,adu,O
000174-001,tanding,O
000174-001,yang,O
000174-001,sangat,O
000174-001,mencengankan,O
000174-001,ini,O
000174-001,Maka,O
000174-001,seketika,O
000174-001,beliau,O
000174-001,bertakbir,O
000174-001,yang,O
000174-001,kemudian,O
000174-001,dikuti,O
000174-001,semua,O
000174-001,orang,O
000174-001,Muslim,O
000174-001,.,O
000174-001,Beliau,O
000174-001,memuji,O
000174-001,Az-Zubair,B_PERSON
000174-001,dan,O
000174-001,bersabda,O
000174-001,sesuai,O
000174-001,dengan,O
000174-001,kapasitas,O
000174-001,dirinya,O
000174-001,",",O
000174-001,"""",O
000174-001,Sesungguhnya,O
000174-001,setiap,O
000174-001,Nabi,O
000174-001,itu,O
000174-001,mempunyai,O
000174-001,pengikut,O
000174-001,setia,O
000174-001,.,O
000174-001,Adapun,O
000174-001,pengikut,O
000174-001,setiaku,O
000174-001,adalah,O
000174-001,Az-Zubair,B_PERSON
000174-001,".""",O
000177-001,Inilah,O
000177-001,penuturan,O
000177-001,yang,O
000177-001,disampaikan,O
000177-001,sendiri,O
000177-001,oleh,O
000177-001,pembunuh,O
000177-001,Hamzah,B_PERSON
000177-001,",",O
000177-001,Wahsy,B_PERSON
000177-001,bin,I_PERSON
000177-001,Harb,I_PERSON
000177-001,",",O
000177-001,"""",O
000177-001,Sebelumnya,O
000177-001,aku,O
000177-001,adalah,O
000177-001,budak,O
000177-001,Jubair,B_PERSON
000177-001,bin,I_PERSON
000177-001,Muth'im,I_PERSON
000177-001,.,O
000177-001,Paman,O
000177-001,Jubair,O
000177-001,.,O
000177-001,Thu'aimah,B_PERSON
000177-001,bin,I_PERSON
000177-001,Adi,I_PERSON
000177-001,terbunuh,O
000177-001,pada,O
000177-001,Perang,B_EVENT
000177-001,Badr,I_EVENT
000177-001,.,O
000177-001,Pada,O
000177-001,saat,O
000177-001,Quraisy,O
000177-001,pergi,O
000177-001,ke,O
000177-001,Uhud,B_LOCATION
000177-001,",",O
000177-001,Jubair,O
000177-001,berkata,O
000177-001,kepadaku,O
000177-001,",",O
000177-001,"""",O
000177-001,Jika,O
000177-001,kamu,O
000177-001,dapat,O
000177-001,membunuh,O
000177-001,Hamzah,B_PERSON
000177-001,",",O
000177-001,paman,O
000177-001,Muhammad,B_PERSON
000177-001,",",O
000177-001,sebagai,O
000177-001,pembalasan,O
000177-001,atas,O
000177-001,terbunuhnya,O
000177-001,pamanku,O
000177-001,",",O
000177-001,maka,O
000177-001,engkau,O
000177-001,jadi,O
000177-001,merdeka',O
000177-001,.,O
000177-001,Maka,O
000177-001,aku,O
000177-001,pun,O
000177-001,ikut,O
000177-001,bergabung,O
000177-001,bersama,O
000177-001,pasukan,O
000177-001,.,O
000177-001,Aku,O
000177-001,adalah,O
000177-001,seorang,O
000177-001,penduduk,O
000177-001,Habasyah,B_LOCATION
000177-001,.,O
000177-001,Seperti,O
000177-001,lazimnya,O
000177-001,orang-orang,O
000177-001,Habasyah,B_LOCATION
000177-001,",",O
000177-001,aku,O
000177-001,juga,O
000177-001,mahir,O
000177-001,dalam,O
000177-001,melontarkan,O
000177-001,tombak,O
000177-001,kecil,O
000177-001,.,O
000177-001,Jarang,O
000177-001,sekali,O
000177-001,aku,O
000177-001,meleset,O
000177-001,dari,O
000177-001,sasaran,O
000177-001,.,O
000177-001,Saat,O
000177-001,mereka,O
000177-001,bertempur,O
000177-001,",",O
000177-001,aku,O
000177-001,segera,O
000177-001,beranjak,O
000177-001,mencari-cari,O
000177-001,Hamzah,B_PERSON
000177-001,.,O
000177-001,Akhirnya,O
000177-001,aku,O
000177-001,dapat,O
000177-001,melihat,O
000177-001,kelebatnya,O
000177-001,di,O
000177-001,tengah,O
000177-001,manusia,O
000177-001,layaknya,O
000177-001,onta,O
000177-001,abu-abu,B_PERSON
000177-001,yang,O
000177-001,lincah,O
000177-001,.,O
000177-001,Tak,O
000177-001,seorang,O
000177-001,pun,O
000177-001,mampu,O
000177-001,menghadapi,O
000177-001,terjangannya,O
000177-001,.,O
000177-001,Demi,O
000177-001,Allah,O
000177-001,",",O
000177-001,aku,O
000177-001,pun,O
000177-001,bersiap-siap,O
000177-001,menjadikan,O
000177-001,sebagai,O
000177-001,sasaran,O
000177-001,.,O
000177-001,Aku,O
000177-001,berlindung,O
000177-001,di,O
000177-001,balik,O
000177-001,batu,O
000177-001,atau,O
000177-001,pohon,O
000177-001,untuk,O
000177-001,dapat,O
000177-001,mendekatinya,O
000177-001,.,O
000177-001,Tetapi,O
000177-001,tiba-tiba,O
000177-001,Siba',B_PERSON
000177-001,bin,I_PERSON
000177-001,Abdul,I_PERSON
000177-001,Uzza,I_PERSON
000177-001,mencul,O
000177-001,mendahuluiku,O
000177-001,dengan,O
000177-001,mendatangi,O
000177-001,Hamzah,B_PERSON
000177-001,"""",O
000177-001,Kemarilah,O
000177-001,wahai,O
000177-001,anak,O
000177-001,wanita,O
000177-001,tukang,O
000177-001,supit,O
000177-001,"!""",O
000177-001,kata,O
000177-001,Siba',O
000177-001,kepada,O
000177-001,Hamzah,B_PERSON
000177-001,",",O
000177-001,karena,O
000177-001,memang,O
000177-001,ibunya,O
000177-001,adalah,O
000177-001,tukang,O
000177-001,supit,O
000177-001,.,O
000177-001,Seketika,O
000177-001,Hamzah,B_PERSON
000177-001,menyabetkan,O
000177-001,pedangnya,O
000177-001,",",O
000177-001,tepat,O
000177-001,mengenai,O
000177-001,kepala,O
000177-001,Siba',O
000177-001,.,O
000177-001,Tombak,O
000177-001,kecil,O
000177-001,sudah,O
000177-001,kuayun-ayunkan,O
000177-001,di,O
000177-001,tangan,O
000177-001,.,O
000177-001,Saat,O
000177-001,kurasa,O
000177-001,sudah,O
000177-001,me-,O
000177-001,mungkinkan,O
000177-001,",",O
000177-001,tombak,O
000177-001,kulontarkan,O
000177-001,tepat,O
000177-001,mengenai,O
000177-001,perutnya,O
000177-001,bagian,O
000177-001,bawah,O
000177-001,",",O
000177-001,hingga,O
000177-001,tembus,O
000177-001,ke,O
000177-001,selangkangannya,O
000177-001,.,O
000177-001,Dia,O
000177-001,berjalan,O
000177-001,ke,O
000177-001,arahku,O
000177-001,dengan,O
000177-001,badan,O
000177-001,limbung,O
000177-001,lalu,O
000177-001,terjerembab,O
000177-001,ke,O
000177-001,tanah,O
000177-001,.,O
000177-001,Aku,O
000177-001,menungguinya,O
000177-001,beberapa,O
000177-001,saat,O
000177-001,hingga,O
000177-001,dia,O
000177-001,benar-benar,O
000177-001,meninggal,O
000177-001,.,O
000177-002,Aku,O
000177-002,menungguinya,O
000177-002,beberapa,O
000177-002,saat,O
000177-002,hingga,O
000177-002,dia,O
000177-002,benar-benar,O
000177-002,meninggal,O
000177-002,.,O
000177-002,Setelah,O
000177-002,itu,O
000177-002,baru,O
000177-002,kuhampiri,O
000177-002,jasadnya,O
000177-002,dan,O
000177-002,kucabut,O
000177-002,tombakku,O
000177-002,.,O
000177-002,Kemudian,O
000177-002,aku,O
000177-002,kembali,O
000177-002,lagi,O
000177-002,ke,O
000177-002,tenda,O
000177-002,dan,O
000177-002,duduk,O
000177-002,di,O
000177-002,sana,O
000177-002,.,O
000177-002,Aku,O
000177-002,tidak,O
000177-002,mempunyai,O
000177-002,kepentingan,O
000177-002,lain,O
000177-002,.,O
000177-002,Aku,O
000177-002,membunuh,O
000177-002,Hamzah,B_PERSON
000177-002,dengan,O
000177-002,tujuan,O
000177-002,agar,O
000177-002,aku,O
000177-002,menjadi,O
000177-002,orang,O
000177-002,merdeka,O
000177-002,.,O
000177-002,Maka,O
000177-002,setiba,O
000177-002,di,O
000177-002,Makkah,B_LOCATION
000177-002,",",O
000177-002,aku,O
000177-002,pun,O
000177-002,176,O
000177-002,Sirah,O
000177-002,An-Nabawiyah,O
000177-002,",",O
000177-002,Ibnu,B_PERSON
000177-002,Hisyam,I_PERSON
000177-002,",",O
000177-002,2/69-72,O
000177-002,;,O
000177-002,Shahih,O
000177-002,Al-Bukhari,O
000177-002,",",O
000177-002,2/583,O
000177-002,.,O
000177-002,Akhirnya,O
000177-002,Wahsyi,O
000177-002,masuk,O
000177-002,Islam,O
000177-002,setelah,O
000177-002,Perang,B_EVENT
000177-002,Tha'if,I_EVENT
000177-002,dan,O
000177-002,akhirnya,O
000177-002,dia,O
000177-002,dapat,O
000177-002,membunuh,O
000177-002,Musailamah,O
000177-002,Al-Kadzdzab,O
000177-002,dengan,O
000177-002,tombaknya,O
000177-002,itu,O
000177-002,pula,O
000177-002,.,O
000177-002,Dia,O
000177-002,juga,O
000177-002,ikut,O
000177-002,bergabung,O
000177-002,dalam,O
000177-002,Perang,B_EVENT
000177-002,Yarmuk,I_EVENT
000177-002,melawan,O
000177-002,pasukan,O
000177-002,Romawi,O
000177-002,.,O
000185-003,Aku,O
000185-003,bisa,O
000185-003,mencium,O
000185-003,baunya,O
000185-003,dari,O
000185-003,arah,O
000185-003,Uhud,B_LOCATION
000185-003,".""",O
000185-003,Setelah,O
000185-003,itu,O
000185-003,dia,O
000185-003,beranjak,O
000185-003,dan,O
000185-003,menyerbu,O
000185-003,",",O
000185-003,tak,O
000185-003,seorang,O
000185-003,pun,O
000185-003,mendapatkan,O
000185-003,jasadnya,O
000185-003,.,O
000185-003,Namun,O
000185-003,kemudian,O
000185-003,saudarinya,O
000185-003,bisa,O
000185-003,mengenalinya,O
000185-003,dari,O
000185-003,perawakan,O
000185-003,tubuhnya,O
000185-003,",",O
000185-003,yang,O
000185-003,ternyata,O
000185-003,di,O
000185-003,tubuhnya,O
000185-003,terdapat,O
000185-003,lebih,O
000185-003,dari,O
000185-003,delapan,O
000185-003,puluh,O
000185-003,luka,O
000185-003,",",O
000185-003,ada,O
000185-003,yang,O
000185-003,berupa,O
000185-003,sabetan,O
000185-003,pedang,O
000185-003,dan,O
000185-003,ada,O
000185-003,yang,O
000185-003,berupa,O
000185-003,hujaman,O
000185-003,anak,O
000185-003,panah,O
000185-003,dan,O
000185-003,ada,O
000185-003,yang,O
000185-003,berupa,O
000185-003,tusukan,O
000185-003,tombak,O
000185-003,Tsabit,B_PERSON
000185-003,bin,I_PERSON
000185-003,Ad-Dahdah,I_PERSON
000185-003,berseru,O
000185-003,kepada,O
000185-003,kaumnya,O
000185-003,",",O
000185-003,"""",O
000185-003,Wahai,O
000185-003,semua,O
000185-003,orang,O
000185-003,Anshar,O
000185-003,",",O
000185-003,kalau,O
000185-003,pun,O
000185-003,Muhammad,B_PERSON
000185-003,benar-benar,O
000185-003,terbunuh,O
000185-003,",",O
000185-003,toh,O
000185-003,Allah,O
000185-003,hidup,O
000185-003,tidak,O
000185-003,mati,O
000185-003,.,O
000185-003,Berperanglah,O
000185-003,atas,O
000185-003,nama,O
000185-003,agama,O
000185-003,kalian,O
000185-003,",",O
000185-003,karena,O
000185-003,Allah,O
000185-003,akan,O
000185-003,memenangkan,O
000185-003,dan,O
000185-003,menolong,O
000185-003,kalian,O
000185-003,".""",O
000185-003,Maka,O
000185-003,beberapa,O
000185-003,orang,O
000185-003,Anshar,O
000185-003,bangkit,O
000185-003,bersamanya,O
000185-003,untuk,O
000185-003,menghalangi,O
000185-003,kavaleri,O
000185-003,Khalid,B_PERSON
000185-003,bin,I_PERSON
000185-003,Al-Walid,I_PERSON
000185-003,.,O
000185-003,Mereka,O
000185-003,terus,O
000185-003,berperang,O
000185-003,hingga,O
000185-003,Tsabit,B_PERSON
000185-003,bin,I_PERSON
000185-003,Ad-Dahdah,I_PERSON
000185-003,bisa,O
000185-003,dibunuh,O
000185-003,Khalid,B_PERSON
000185-003,dengan,O
000185-003,tombak,O
000185-003,",",O
000185-003,dan,O
000185-003,akhirny,O
000185-003,a,O
000185-003,semua,O
000185-003,rekannya,O
000185-003,juga,O
000185-003,mati,O
000185-003,.,O
000185-003,Ada,O
000185-003,seorang,O
000185-003,Muhajirin,O
000185-003,melewati,O
000185-003,salah,O
000185-003,seorang,O
000185-003,Anshar,O
000185-003,yang,O
000185-003,sedang,O
000185-003,berlumuran,O
000185-003,darah,O
000185-003,.,O
000185-003,Dia,O
000185-003,bertanya,O
000185-003,",",O
000185-003,"""",O
000185-003,Wahai,O
000185-003,Fulan,O
000185-003,",",O
000185-003,apakah,O
000185-003,engkau,O
000185-003,merasa,O
000185-003,bahwa,O
000185-003,Muhammad,B_PERSON
000185-003,benar-benar,O
000185-003,telah,O
000185-003,terbunuh,O
000185-003,"?""",O
000185-003,Orang,O
000185-003,Anshar,O
000185-003,itu,O
000185-003,menjawab,O
000185-003,",",O
000185-003,"""",O
000185-003,Jika,O
000185-003,Muhammad,B_PERSON
000185-003,telah,O
000185-003,terbunuh,O
000185-003,berarti,O
000185-003,di,O
000185-003,telah,O
000185-003,sampai,O
000185-003,ke,O
000185-003,surga,O
000185-003,.,O
000185-003,Maka,O
000185-003,berperanglah,O
000185-003,kalian,O
000185-003,atas,O
000185-003,nama,O
000185-003,agama,O
000185-003,Dengan,O
000185-003,keberanian,O
000185-003,",",O
000185-003,semangat,O
000185-003,dan,O
000185-003,sifat,O
000185-003,kesatria,O
000185-003,semacam,O
000185-003,ini,O
000185-003,",",O
000185-003,maka,O
000185-003,menta,O
000185-003,orang-orang,O
000185-003,Muslim,O
000185-003,kembali,O
000185-003,bangkit,O
000185-003,.,O
000185-003,Mereka,O
000185-003,segera,O
000185-003,membuang,O
000185-003,jauh-jauh,O
000185-003,pikiran,O
000185-003,untuk,O
000185-003,menyerah,O
000185-003,atau,O
000185-003,berhubungan,O
000185-003,dengan,O
000185-003,Abdullah,B_PERSON
000185-003,bin,I_PERSON
000185-003,Ubay,I_PERSON
000185-003,.,O
000185-003,Mereka,O
000185-003,memungut,O
000185-003,senjatanya,O
000185-003,kembali,O
000185-003,dan,O
000185-003,menghadang,O
000185-003,gelombang,O
000185-003,serangan,O
000185-003,pasukan,O
000185-003,Quraisy,O
000185-003,.,O
000187-003,Sambil,O
000187-003,mengusap,O
000187-003,darah,O
000187-003,y,O
000187-003,ang,O
000187-003,mengalir,O
000187-003,dari,O
000187-003,lukanya,O
000187-003,",",O
000187-003,beliau,O
000187-003,bersabda,O
000187-003,",",O
000187-003,"""",O
000187-003,Bagaimana,O
000187-003,mungkin,O
000187-003,suatu,O
000187-003,kaum,O
000187-003,mendapat,O
000187-003,keberuntungan,O
000187-003,jika,O
000187-003,mereka,O
000187-003,melukai,O
000187-003,wajah,O
000187-003,Rasul-Nya,O
000187-003,dan,O
000187-003,memecahkan,O
000187-003,gigi,O
000187-003,serinya,O
000187-003,",",O
000187-003,padahal,O
000187-003,dia,O
000187-003,mendoakan,O
000187-003,mereka,O
000187-003,kepada,O
000187-003,Allah,O
000187-003,"?""",O
000187-003,Lalu,O
000187-003,Allah,O
000187-003,menurunkan,O
000187-003,ayat,O
000187-003,",",O
000187-003,JTg,O
000187-003,"""",O
000187-003,Tak,O
000187-003,ada,O
000187-003,sedikit,O
000187-003,pun,O
000187-003,campur,O
000187-003,tanganmu,O
000187-003,dalam,O
000187-003,urusan,O
000187-003,mereka,O
000187-003,itu,O
000187-003,atau,O
000187-003,Allah,O
000187-003,menerima,O
000187-003,taubat,O
000187-003,mereka,O
000187-003,atau,O
000187-003,mengadzab,O
000187-003,mereka,O
000187-003,itu,O
000187-003,",",O
000187-003,karena,O
000187-003,sesungguhnya,O
000187-003,mereka,O
000187-003,itu,O
000187-003,orang-orang,O
000187-003,yang,O
000187-003,zhalim,O
000187-003,.,O
000187-003,"""",O
000187-003,(,O
000187-003,Ali-Imran,B_PERSON
000187-003,:,O
000187-003,128,O
000187-003,),O
000187-003,Dalam,O
000187-003,riwayat,O
000187-003,Ath-Thabarani,B_PERSON
000187-003,disebutkan,O
000187-003,",",O
000187-003,beliau,O
000187-003,bersabda,O
000187-003,saat,O
000187-003,itu,O
000187-003,",",O
000187-003,"""",O
000187-003,Amat,O
000187-003,besar,O
000187-003,kemarahan,O
000187-003,Allah,O
000187-003,terhadap,O
000187-003,suatu,O
000187-003,kaum,O
000187-003,yang,O
000187-003,membuat,O
000187-003,wajah,O
000187-003,Rasul-Nya,O
000187-003,berdarah,O
000187-003,".""",O
000187-003,Setelah,O
000187-003,diam,O
000187-003,sejenak,O
000187-003,beliau,O
000187-003,bersabda,O
000187-003,lagi,O
000187-003,",",O
000187-003,"""",O
000187-003,Ya,O
000187-003,Allah,O
000187-003,",",O
000187-003,ampunilah,O
000187-003,kaumku,O
000187-003,",",O
000187-003,karena,O
000187-003,sesungguhnya,O
000187-003,mereka,O
000187-003,tidak,O
000187-003,mengetahui,O
000187-003,".""",O
000187-003,Begitu,O
000187-003,pula,O
000187-003,yang,O
000187-003,disebutkan,O
000187-003,dalam,O
000187-003,Shahih,O
000187-003,Muslim,O
000187-003,",",O
000187-003,beliau,O
000187-003,bersabda,O
000187-003,",",O
000187-003,"""",O
000187-003,Ya,O
000187-003,Rabbi,O
000187-003,",",O
000187-003,ampunilah,O
000187-003,kaumku,O
000187-003,",",O
000187-003,karena,O
000187-003,sesungguhnya,O
000187-003,mereka,O
000187-003,tidak,O
000187-003,mengetahui,O
000187-003,".""",O
000187-003,Di,O
000187-003,dalam,O
000187-003,Asy-Shifa,O
000187-003,",",O
000187-003,karangan,O
000187-003,Al-Qadhy,O
000187-003,Iyadh,O
000187-003,",",O
000187-003,beliau,O
000187-003,bersabda,O
000187-003,",",O
000187-003,"""",O
000187-003,Ya,O
000187-003,Allah,O
000187-003,",",O
000187-003,berikanlah,O
000187-003,petunjuk,O
000187-003,kepada,O
000187-003,kaumku,O
000187-003,",",O
000187-003,karena,O
000187-003,sesungguhnya,O
000187-003,mereka,O
000187-003,tidak,O
000187-003,mengetahui,O
000187-003,".""",O
000187-003,Tidak,O
000187-003,dapat,O
000187-003,diragukan,O
000187-003,bahwa,O
000187-003,orang-orang,O
000187-003,musyrik,O
000187-003,bermaksud,O
000187-003,hendak,O
000187-003,membunuh,O
000187-003,Rasulullah,B_PERSON
000187-003,.,O
000187-003,Hanya,O
000187-003,saja,O
000187-003,dua,O
000187-003,orang,O
000187-003,sahabat,O
000187-003,yang,O
000187-003,menyertai,O
000187-003,beliau,O
000187-003,",",O
000187-003,Sa'd,B_PERSON
000187-003,bin,I_PERSON
000187-003,Abi,I_PERSON
000187-003,Waqqash,I_PERSON
000187-003,dan,O
000187-003,Thalhah,B_PERSON
000187-003,bin,I_PERSON
000187-003,Ubaidillah,I_PERSON
000187-003,berjuang,O
000187-003,dengan,O
000187-003,segenap,O
000187-003,keberanian,O
000187-003,dan,O
000187-003,kepahlawanan,O
000187-003,yang,O
000187-003,jarang,O
000187-003,ditemui,O
000187-003,.,O
000187-003,Mereka,O
000187-003,berdua,O
000187-003,",",O
000187-003,sekalipun,O
000187-003,hanya,O
000187-003,berdua,O
000187-003,di,O
000187-003,sisi,O
000187-003,beliau,O
000187-003,tidak,O
000187-003,memberi,O
000187-003,kesempatan,O
000187-003,kepada,O
000187-003,orang-orang,O
000187-003,musyrik,O
000187-003,untuk,O
000187-003,mewujudkan,O
000187-003,maksudnya,O
000187-003,.,O
000187-006,"""",O
000187-006,Jika,O
000187-006,Abu,B_PERSON
000187-006,Bakar,I_PERSON
000187-006,mengingat,O
000187-006,Perang,B_EVENT
000187-006,Uhud,I_EVENT
000187-006,",",O
000187-006,maka,O
000187-006,dia,O
000187-006,berkata,O
000187-006,",",O
000187-006,'Hari,O
000187-006,itu,O
000187-006,semuanya,O
000187-006,milik,O
000187-006,Thalhah',B_PERSON
000187-006,".""",O
000187-006,Dia,O
000187-006,juga,O
000187-006,berkata,O
000187-006,",",O
000187-006,"""",O
000187-006,Wahai,O
000187-006,Thalhah,B_PERSON
000187-006,bin,I_PERSON
000187-006,Ubaidillah,I_PERSON
000187-006,",",O
000187-006,sudah,O
000187-006,selayaknya,O
000187-006,jika,O
000187-006,engkau,O
000187-006,mendapat,O
000187-006,surga,O
000187-006,dan,O
000187-006,duduk,O
000187-006,di,O
000187-006,atas,O
000187-006,kristal-kristal,O
000187-006,mutiara,O
000187-006,yang,O
000187-006,indah,O
000187-006,".""",O
000187-006,Pada,O
000187-006,saat,O
000187-006,yang,O
000187-006,kritis,O
000187-006,itu,O
000187-006,Allah,O
000187-006,menurunkan,O
000187-006,pertolongan,O
000187-006,secara,O
000187-006,gaib,O
000187-006,.,O
000187-006,Di,O
000187-006,dalam,O
000187-006,Ash-Shahihain,O
000187-006,dari,O
000187-006,Sa',O
000187-006,d,O
000187-006,",",O
000187-006,dia,O
000187-006,berkata,O
000187-006,",",O
000187-006,"""",O
000187-006,Kulihat,O
000187-006,Rasulullah,B_PERSON
000187-006,pada,O
000187-006,Perang,B_EVENT
000187-006,Uhud,I_EVENT
000187-006,bersama,O
000187-006,dua,O
000187-006,orang,O
000187-006,yang,O
000187-006,bertempur,O
000187-006,dengan,O
000187-006,gigih,O
000187-006,",",O
000187-006,mengenakan,O
000187-006,pakaian,O
000187-006,berwarna,O
000187-006,putih,O
000187-006,.,O
000187-006,Dua,O
000187-006,orang,O
000187-006,itu,O
000187-006,tidak,O
000187-006,pernah,O
000187-006,kulihat,O
000187-006,sebelum,O
000187-006,maupun,O
000187-006,sesudah,O
000187-006,itu,O
000187-006,".""",O
000187-006,Dalam,O
000187-006,suatu,O
000187-006,riwayat,O
000187-006,disebutkan,O
000187-006,",",O
000187-006,bahwa,O
000187-006,dua,O
000187-006,orang,O
000187-006,itu,O
000187-006,adalah,O
000187-006,Malaikat,O
000187-006,Jibril,B_PERSON
000187-006,dan,O
000187-006,Mika'il,B_PERSON
000187-006,.,O
000193-002,Aku,O
000193-002,akan,O
000193-002,membunuhmu',O
000193-002,.,O
000193-002,Demi,O
000193-002,Allah,O
000193-002,",",O
000193-002,andaikan,O
000193-002,dia,O
000193-002,meludahiku,O
000193-002,",",O
000193-002,maka,O
000193-002,ludahnya,O
000193-002,itu,O
000193-002,pun,O
000193-002,sudah,O
000193-002,bisa,O
000193-002,Akhirnya,O
000193-002,musuh,O
000193-002,Allah,O
000193-002,ini,O
000193-002,mati,O
000193-002,di,O
000193-002,Sarif,B_LOCATION
000193-002,",",O
000193-002,selagi,O
000193-002,orang-orang,O
000193-002,Quraisy,O
000193-002,pulang,O
000193-002,bersamanya,O
000193-002,ke,O
000193-002,Makkah,B_LOCATION
000193-002,Dalam,O
000193-002,riwayat,O
000193-002,Abul,B_PERSON
000193-002,Aswad,I_PERSON
000193-002,dari,O
000193-002,Urwah,O
000193-002,disebutkan,O
000193-002,bahwa,O
000193-002,Ubay,O
000193-002,melenguh,O
000193-002,seperti,O
000193-002,sapi,O
000193-002,yang,O
000193-002,sedang,O
000193-002,melenguh,O
000193-002,",",O
000193-002,seraya,O
000193-002,berkata,O
000193-002,",",O
000193-002,"""",O
000193-002,Demi,O
000193-002,yang,O
000193-002,diriku,O
000193-002,ada,O
000193-002,di,O
000193-002,tangan-Nya,O
000193-002,",",O
000193-002,andaikata,O
000193-002,yang,O
000193-002,terjadi,O
000193-002,pada,O
000193-002,diriku,O
000193-002,ini,O
000193-002,adalah,O
000193-002,pada,O
000193-002,penduduk,O
000193-002,Dzil-Majaz,O
000193-002,",",O
000193-002,tentulah,O
000193-002,mereka,O
000193-002,akan,O
000193-002,mati,O
000193-002,Pada,O
000193-002,saat,O
000193-002,mundur,O
000193-002,ke,O
000193-002,jalan,O
000193-002,bukit,O
000193-002,itu,O
000193-002,",",O
000193-002,mereka,O
000193-002,harus,O
000193-002,melewati,O
000193-002,gundukan,O
000193-002,pasir,O
000193-002,yang,O
000193-002,cukup,O
000193-002,tinggi,O
000193-002,.,O
000193-002,Rasulullah,B_PERSON
000193-002,berusaha,O
000193-002,mendaki,O
000193-002,gundukan,O
000193-002,itu,O
000193-002,",",O
000193-002,namun,O
000193-002,181,O
000193-002,Sewaktu,O
000193-002,di,O
000193-002,Makkah,B_LOCATION
000193-002,pula,O
000193-002,",",O
000193-002,Ubay,O
000193-002,pernah,O
000193-002,menemui,O
000193-002,Rasulullah,B_PERSON
000193-002,sambil,O
000193-002,berkata,O
000193-002,",",O
000193-002,"""",O
000193-002,Sesungguhnya,O
000193-002,aku,O
000193-002,mempunyai,O
000193-002,kandang,O
000193-002,kuda,O
000193-002,.,O
000193-002,Setiap,O
000193-002,hari,O
000193-002,aku,O
000193-002,memberinya,O
000193-002,makan,O
000193-002,beberapa,O
000193-002,takar,O
000193-002,biji,O
000193-002,jangung,O
000193-002,Aku,O
000193-002,akan,O
000193-002,membunuhmu,O
000193-002,di,O
000193-002,sana,O
000193-002,".""",O
000193-002,Beliau,O
000193-002,menjawab,O
000193-002,"""",O
000193-002,Justru,O
000193-002,akulah,O
000193-002,yang,O
000193-002,akan,O
000193-002,membunuhmu,O
000193-002,dengan,O
000193-002,seizin,O
000193-002,Allah.',O
000193-002,182,O
000193-002,Mukhtashar,O
000193-002,Siratir-Rasul,O
000193-002,",",O
000193-002,Syaikh,O
000193-002,Abdullah,O
000193-002,An-Najdi,O
000193-002,",",O
000193-002,hal,O
000193-002,.,O
000193-002,250,O
000193-002,.,O
000193-002,tidak,O
000193-002,bisa,O
000193-002,",",O
000193-002,sebab,O
000193-002,beliau,O
000193-002,mengenakan,O
000193-002,dua,O
000193-002,lapis,O
000193-002,baju,O
000193-002,besi,O
000193-002,",",O
000193-002,di,O
000193-002,samping,O
000193-002,luka,O
000193-002,yang,O
000193-002,cukup,O
000193-002,menganggu,O
000193-002,gerakan,O
000193-002,beliau,O
000193-002,.,O
000193-002,Akhirnya,O
000193-002,Thalhah,B_PERSON
000193-002,bin,I_PERSON
000193-002,Ubaidillah,I_PERSON
000193-002,jongkok,O
000193-002,di,O
000193-002,bawah,O
000193-002,",",O
000193-002,lalu,O
000193-002,beliau,O
000193-002,berdiri,O
000193-002,di,O
000193-002,atas,O
000193-002,Thalhah,O
000193-002,hingga,O
000193-002,dapat,O
000193-002,mendaki,O
000193-002,gundukan,O
000193-002,itu,O
000193-002,.,O
000193-002,Saat,O
000193-002,itu,O
000193-002,beliau,O
000193-002,bersabda,O
000193-002,",",O
000193-002,"""",O
000193-002,Sudah,O
000193-002,seharusnya,O
000193-002,Thalhah,O
000193-002,masuk,O
000193-002,surga,O
000193-002,".""",O
000196-001,Pada,O
000196-001,detik-detik,O
000196-001,terakhir,O
000196-001,ini,O
000196-001,ada,O
000196-001,dua,O
000196-001,peristiwa,O
000196-001,yang,O
000196-001,menunjukkan,O
000196-001,seberapa,O
000196-001,jauh,O
000196-001,kesiapan,O
000196-001,para,O
000196-001,pahlawan,O
000196-001,Muslim,O
000196-001,untuk,O
000196-001,terus,O
000196-001,berperang,O
000196-001,dan,O
000196-001,seberapa,O
000196-001,jauh,O
000196-001,keteguhan,O
000196-001,hati,O
000196-001,mereka,O
000196-001,di,O
000196-001,jalan,O
000196-001,Allah,O
000196-001,.,O
000196-001,Inilah,O
000196-001,dua,O
000196-001,peristiwa,O
000196-001,tersebut,O
000196-001,.,O
000196-001,Ka'b,B_PERSON
000196-001,bin,I_PERSON
000196-001,Malik,I_PERSON
000196-001,menuturkan,O
000196-001,",",O
000196-001,"""",O
000196-001,Aku,O
000196-001,termasuk,O
000196-001,orang-orang,O
000196-001,yang,O
000196-001,bergabung,O
000196-001,1,O
000196-001,.,O
000196-001,dalam,O
000196-001,peperangan,O
000196-001,.,O
000196-001,Setelah,O
000196-001,kulihat,O
000196-001,tindakan,O
000196-001,orang-orang,O
000196-001,musyrik,O
000196-001,terhadap,O
000196-001,tubuh,O
000196-001,orang-orang,O
000196-001,Muslim,O
000196-001,yang,O
000196-001,terbunuh,O
000196-001,",",O
000196-001,maka,O
000196-001,aku,O
000196-001,pun,O
000196-001,berlalu,O
000196-001,ke,O
000196-001,sana,O
000196-001,dan,O
000196-001,mengintip,O
000196-001,.,O
000196-001,Kulihat,O
000196-001,ada,O
000196-001,seorang,O
000196-001,musyrik,O
000196-001,yang,O
000196-001,mengumpulkan,O
000196-001,baju-,O
000196-001,baju,O
000196-001,besi,O
000196-001,yang,O
000196-001,di,O
000196-001,dalamnya,O
000196-001,masih,O
000196-001,ada,O
000196-001,jasad,O
000196-001,orang-orang,O
000196-001,Muslim,O
000196-001,seraya,O
000196-001,berkata,O
000196-001,",",O
000196-001,"""",O
000196-001,Kumpulkanlah,O
000196-001,sebagaimana,O
000196-001,kalian,O
000196-001,mengumpulkan,O
000196-001,kambing,O
000196-001,kambing,O
000196-001,yang,O
000196-001,sudah,O
000196-001,disembelih,O
000196-001,".""",O
000196-001,Ternyata,O
000196-001,ada,O
000196-001,seorang,O
000196-001,Muslim,O
000196-001,yang,O
000196-001,sudah,O
000196-001,menunggu,O
000196-001,kedatangannya,O
000196-001,sejak,O
000196-001,tadi,O
000196-001,sambil,O
000196-001,mengenakan,O
000196-001,baju,O
000196-001,besinya,O
000196-001,.,O
000196-001,Aku,O
000196-001,berjalan,O
000196-001,mendekat,O
000196-001,di,O
000196-001,belakangnya,O
000196-001,dan,O
000196-001,telah,O
000196-001,kuperkirakan,O
000196-001,jarak,O
000196-001,antara,O
000196-001,diriku,O
000196-001,dan,O
000196-001,orang,O
000196-001,Muslim,O
000196-001,serta,O
000196-001,orang,O
000196-001,musyrik,O
000196-001,itu,O
000196-001,hingga,O
000196-001,semuanya,O
000196-001,bisa,O
000196-001,kulihat,O
000196-001,dengan,O
000196-001,jelas,O
000196-001,.,O
000196-001,Ternyata,O
000196-001,orang,O
000196-001,musyrik,O
000196-001,itu,O
000196-001,lebih,O
000196-001,lengkap,O
000196-001,dan,O
000196-001,lebih,O
000196-001,baik,O
000196-001,keadaannya,O
000196-001,.,O
000196-001,Aku,O
000196-001,terus,O
000196-001,mengawasi,O
000196-001,keduanya,O
000196-001,hingga,O
000196-001,mereka,O
000196-001,saling,O
000196-001,berhadapan,O
000196-001,.,O
000196-001,Lalu,O
000196-001,orang,O
000196-001,Muslim,O
000196-001,memukul,O
000196-001,orang,O
000196-001,musyrik,O
000196-001,hingga,O
000196-001,terputus,O
000196-001,menjadi,O
000196-001,dua,O
000196-001,bagian,O
000196-001,.,O
000196-001,Orang,O
000196-001,Muslim,O
000196-001,itu,O
000196-001,menampakkan,O
000196-001,wajahnya,O
000196-001,dan,O
000196-001,bertanya,O
000196-001,kepadaku,O
000196-001,",",O
000196-001,"""",O
000196-001,Bagaimana,O
000196-001,menurut,O
000196-001,pendapatmu,O
000196-001,wahai,O
000196-001,Ka'b,B_PERSON
000196-001,?,O
000196-001,Aku,O
000196-001,adalah,O
000196-001,Abu,O
000196-001,2,O
000196-001,.,O
000196-001,Ada,O
000196-001,beberapa,O
000196-001,wanita,O
000196-001,Mukminah,O
000196-001,yang,O
000196-001,datang,O
000196-001,ke,O
000196-001,medan,O
000196-001,peperangan,O
000196-001,setelah,O
000196-001,pertempuran,O
000196-001,usai,O
000196-001,.,O
000199-003,Kalau,O
000199-003,tidak,O
000199-003,karena,O
000199-003,itu,O
000199-003,",",O
000199-003,aku,O
000199-003,tak,O
000199-003,kan,O
000199-003,sudi,O
000199-003,berperang,O
000199-003,".""",O
000199-003,Karena,O
000199-003,merasa,O
000199-003,tidak,O
000199-003,tahan,O
000199-003,lagi,O
000199-003,dengan,O
000199-003,sakit,O
000199-003,yang,O
000199-003,dideritanya,O
000199-003,",",O
000199-003,maka,O
000199-003,dia,O
000199-003,pun,O
000199-003,bunuh,O
000199-003,diri,O
000199-003,.,O
000199-003,Setelah,O
000199-003,mendengar,O
000199-003,kabarnya,O
000199-003,",",O
000199-003,Rasulullah,B_PERSON
000199-003,bersabda,O
000199-003,",",O
000199-003,"""",O
000199-003,Jika,O
000199-003,dia,O
000199-003,berkata,O
000199-003,seperti,O
000199-003,itu,O
000199-003,",",O
000199-003,maka,O
000199-003,dia,O
000199-003,termasuk,O
000199-003,penghuni,O
000199-003,neraka,O
000199-003,".""",O
000199-003,Begitulah,O
000199-003,akhir,O
000199-003,perjalanan,O
000199-003,orang-orang,O
000199-003,yang,O
000199-003,berperang,O
000199-003,karena,O
000199-003,membela,O
000199-003,kesukuannya,O
000199-003,atau,O
000199-003,karena,O
000199-003,berjuang,O
000199-003,untuk,O
000199-003,meninggikan,O
000199-003,kalimat,O
000199-003,Allah,O
000199-003,",",O
000199-003,sekalipun,O
000199-003,mereka,O
000199-003,berperang,O
000199-003,di,O
000199-003,bawah,O
000199-003,bendera,O
000199-003,Islam,O
000199-003,dan,O
000199-003,bergabung,O
000199-003,bersama,O
000199-003,pasukan,O
000199-003,Rasulullah,B_PERSON
000199-003,dan,O
000199-003,para,O
000199-003,sahabat,O
000199-003,.,O
000199-003,Sebaliknya,O
000199-003,",",O
000199-003,di,O
000199-003,antara,O
000199-003,orang-orang,O
000199-003,yang,O
000199-003,terbunuh,O
000199-003,terdapat,O
000199-003,seorang,O
000199-003,Yahudi,O
000199-003,dari,O
000199-003,Bani,O
000199-003,Tsa'labah,O
000199-003,.,O
000199-003,Namanya,O
000199-003,Mukhairiq,O
000199-003,.,O
000199-003,Saat,O
000199-003,Perang,B_EVENT
000199-003,Uhud,I_EVENT
000199-003,itu,O
000199-003,dia,O
000199-003,berkata,O
000199-003,kepada,O
000199-003,kaumnya,O
000199-003,",",O
000199-003,"""",O
000199-003,Wahai,O
000199-003,semua,O
000199-003,orang,O
000199-003,Yahudi,O
000199-003,",",O
000199-003,demi,O
000199-003,Allah,O
000199-003,",",O
000199-003,kalian,O
000199-003,sudah,O
000199-003,tahu,O
000199-003,bahwa,O
000199-003,membantu,O
000199-003,Muhammad,B_PERSON
000199-003,saat,O
000199-003,ini,O
000199-003,merupakan,O
000199-003,kewajiban,O
000199-003,bagi,O
000199-003,kalian,O
000199-003,".""",O
000199-003,Mereka,O
000199-003,berkata,O
000199-003,",",O
000199-003,"""",O
000199-003,Hari,O
000199-003,ini,O
000199-003,adalah,O
000199-003,hari,B_TIME
000199-003,Sabtu,I_TIME
000199-003,".""",O
000199-003,Hari,B_TIME
000199-003,Sabtu,I_TIME
000199-003,adalah,O
000199-003,hari,O
000199-003,besar,O
000199-003,dan,O
000199-003,suci,O
000199-003,bagi,O
000199-003,orang-orang,O
000199-003,Yahudi,O
000199-003,.,O
000199-003,Pada,O
000199-003,hari,O
000199-003,ini,O
000199-003,mereka,O
000199-003,tidak,O
000199-003,diperkenankan,O
000199-003,berperang,O
000199-003,.,O
000199-003,"""",O
000199-003,Tidak,O
000199-003,ada,O
000199-003,hari,B_TIME
000199-003,Sabtu,O
000199-003,bagi,O
000199-003,kalian,O
000199-003,",""",O
000199-003,jawabnya,O
000199-003,.,O
000199-003,Lalu,O
000199-003,mengambil,O
000199-003,pedang,O
000199-003,dan,O
000199-003,segala,O
000199-003,perlengkapan,O
000199-003,",",O
000199-003,seraya,O
000199-003,berkata,O
000199-003,",",O
000199-003,"""",O
000199-003,Kalau,O
000199-003,pun,O
000199-003,aku,O
000199-003,mendapat,O
000199-003,celaka,O
000199-003,.,O
000199-003,aku,O
000199-003,tak,O
000199-003,peduli,O
000199-003,dengan,O
000199-003,diri,O
000199-003,Muhammad,B_PERSON
000199-003,.,O
000199-003,Biarlah,O
000199-003,dia,O
000199-003,berbuat,O
000199-003,semaunya,O
000199-003,dalam,O
000199-003,peperangan,O
000199-003,ini,O
000199-003,".""",O
000199-003,Kemudian,O
000199-003,dia,O
000199-003,pergi,O
000199-003,ke,O
000199-003,medan,O
000199-003,perang,O
000199-003,dan,O
000199-003,bertempur,O
000199-003,hingga,O
000199-003,terbunuh,O
000199-003,.,O
000199-003,Rasulullah,B_PERSON
000199-003,bersabda,O
000199-003,tentang,O
000199-003,dirinya,O
000199-003,",",O
000199-003,"""",O
000199-003,Mukhairiq,O
000199-003,adalah,O
000199-003,sebaik-baik,O
000199-003,orang,O
000199-003,Yahudi,O
000199-003,".""",O
000201-001,Al-Imam,O
000201-001,Ahmad,O
000201-001,meriway,O
000201-001,atkan,O
000201-001,tentang,O
000201-001,kejadian,O
000201-001,pada,O
000201-001,Perang,B_EVENT
000201-001,Uhud,I_EVENT
000201-001,",",O
000201-001,setelah,O
000201-001,orang-orang,O
000201-001,musyrik,O
000201-001,kembali,O
000201-001,.,O
000201-001,Rasulullah,B_PERSON
000201-001,bersabda,O
000201-001,",",O
000201-001,Berbarislah,O
000201-001,yang,O
000201-001,lurus,O
000201-001,Aku,O
000201-001,akan,O
000201-001,memuji,O
000201-001,Allah,O
000201-001,dan,O
000201-001,berdoa,O
000201-001,kepada-Nya,O
000201-001,".""",O
000201-001,Maka,O
000201-001,mereka,O
000201-001,pun,O
000201-001,berjajar,O
000201-001,membuat,O
000201-001,beberapa,O
000201-001,shaff,O
000201-001,ke,O
000201-001,belakang,O
000201-001,beliau,O
000201-001,",",O
000201-001,lalu,O
000201-001,beliau,O
000201-001,membaca,O
000201-001,Yg,O
000201-001,yg,O
000201-001,yg,O
000201-001,yg,O
000201-001,yg,O
000201-001,yg,O
000201-001,1/140,O
000201-001,.,O
000201-001,193,O
000201-001,Shahih,O
000201-001,Al-Bukhari,O
000201-001,",",O
000201-001,2/579,O
000201-001,",",O
000201-001,Yg,O
000201-001,"""",O
000201-001,Ya,O
000201-001,Allah,O
000201-001,",",O
000201-001,segala,O
000201-001,puji,O
000201-001,bagi-Mu,O
000201-001,",",O
000201-001,Ya,O
000201-001,Allah,O
000201-001,",",O
000201-001,tidak,O
000201-001,ada,O
000201-001,yang,O
000201-001,bisa,O
000201-001,memungut,O
000201-001,apa,O
000201-001,yang,O
000201-001,Engkau,O
000201-001,hamparkan,O
000201-001,",",O
000201-001,tidak,O
000201-001,ada,O
000201-001,yang,O
000201-001,bisa,O
000201-001,menghamparkan,O
000201-001,apa,O
000201-001,yang,O
000201-001,Engkau,O
000201-001,pungut,O
000201-001,.,O
000201-001,Tidak,O
000201-001,ada,O
000201-001,yang,O
000201-001,bisa,O
000201-001,memberi,O
000201-001,petunjuk,O
000201-001,kepada,O
000201-001,orang,O
000201-001,yang,O
000201-001,Engkau,O
000201-001,sesatkan,O
000201-001,dan,O
000201-001,tidak,O
000201-001,ada,O
000201-001,yang,O
000201-001,bisa,O
000201-001,memberi,O
000201-001,kesesatan,O
000201-001,kepada,O
000201-001,orang,O
000201-001,yang,O
000201-001,Engkau,O
000201-001,beri,O
000201-001,petunjuk,O
000201-001,.,O
000201-001,Tidak,O
000201-001,ada,O
000201-001,yang,O
000201-001,bisa,O
000201-001,memberi,O
000201-001,apa,O
000201-001,yang,O
000201-001,Engkau,O
000201-001,tahan,O
000201-001,dan,O
000201-001,tidak,O
000201-001,ada,O
000201-001,yang,O
000201-001,bisa,O
000201-001,menahan,O
000201-001,apa,O
000201-001,yang,O
000201-001,Engkau,O
000201-001,berikan,O
000201-001,.,O
000201-001,Tidak,O
000201-001,ada,O
000201-001,yang,O
000201-001,bisa,O
000201-001,mendekatkan,O
000201-001,apa,O
000201-001,yang,O
000201-001,Engkau,O
000201-001,jauhkan,O
000201-001,dan,O
000201-001,tidak,O
000201-001,ada,O
000201-001,yang,O
000201-001,bisa,O
000201-001,menjauhkan,O
000201-001,apa,O
000201-001,yang,O
000201-001,Engkau,O
000201-001,dekatkan,O
000201-001,.,O
000201-001,Ya,O
000201-001,Allah,O
000201-001,",",O
000201-001,hamparkanlah,O
000201-001,kepada,O
000201-001,kami,O
000201-001,dari,O
000201-001,barakah-Mu,O
000201-001,",",O
000201-001,rahmat-Mu,O
000201-001,",",O
000201-001,karunia-Mu,O
000201-001,",",O
000201-001,dan,O
000201-001,rezeki-Mu,O
000201-001,.,O
000201-001,Ya,O
000201-001,Allah,O
000201-001,",",O
000201-001,sesungguhnya,O
000201-001,aku,O
000201-001,memohon,O
000201-001,kenikmatan,O
000201-001,yang,O
000201-001,kekal,O
000201-001,kepada-Mu,O
000201-001,",",O
000201-001,yang,O
000201-001,tidak,O
000201-001,berubah,O
000201-001,dan,O
000201-001,habis,O
000201-001,.,O
000201-001,Ya,O
000201-001,Allah,O
000201-001,",",O
000201-001,sesungguhnya,O
000201-001,aku,O
000201-001,memohon,O
000201-001,pertolongan,O
000201-001,kepada-Mu,O
000201-001,saat,O
000201-001,lemah,O
000201-001,dan,O
000201-001,keamanan,O
000201-001,pada,O
000201-001,saat,O
000201-001,ketakutan,O
000201-001,.,O
000201-001,Ya,O
000201-001,Allah,O
000201-001,",",O
000201-001,sesungguhnya,O
000201-001,aku,O
000201-001,berlindung,O
000201-001,kepada-Mu,O
000201-001,dari,O
000201-001,kejahatan,O
000201-001,yang,O
000201-001,Engkau,O
000201-001,berikan,O
000201-001,kepada,O
000201-001,kami,O
000201-001,dan,O
000201-001,kejahatan,O
000201-001,yang,O
000201-001,Engkau,O
000201-001,tahan,O
000201-001,dari,O
000201-001,kami,O
000201-001,.,O
000201-001,Ya,O
000201-001,Allah,O
000201-001,",",O
000201-001,buatlah,O
000201-001,kami,O
000201-001,mencintai,O
000201-001,iman,O
000201-001,dan,O
000201-001,buatlah,O
000201-001,iman,O
000201-001,itu,O
000201-001,bagus,O
000201-001,di,O
000201-001,dalam,O
000201-001,hati,O
000201-001,kami,O
000201-001,.,O
000201-001,Buatlah,O
000201-001,kami,O
000201-001,membenci,O
000201-001,kekufuran,O
000201-001,",",O
000201-001,kefasikan,O
000201-001,",",O
000201-001,dan,O
000201-001,kedurhakaan,O
000201-001,.,O
000207-001,Al-Qur',O
000207-001,an,O
000207-001,turun,O
000207-001,menyoroti,O
000207-001,setiap,O
000207-001,kejadian,O
000207-001,yang,O
000207-001,penting,O
000207-001,dalam,O
000207-001,peperangan,O
000207-001,ini,O
000207-001,",",O
000207-001,tahapan,O
000207-001,demi,O
000207-001,tahapan,O
000207-001,",",O
000207-001,ditambah,O
000207-001,dengan,O
000207-001,berberapa,O
000207-001,catatan,O
000207-001,yang,O
000207-001,menjelaskan,O
000207-001,berberapa,O
000207-001,sebab,O
000207-001,yang,O
000207-001,mengakibatkan,O
000207-001,kerugian,O
000207-001,yang,O
000207-001,besar,O
000207-001,itu,O
000207-001,.,O
000207-001,Al-Qur,O
000207-001,an,O
000207-001,juga,O
000207-001,menampakkan,O
000207-001,beberapa,O
000207-001,sisi,O
000207-001,kelemahan,O
000207-001,yang,O
000207-001,ada,O
000207-001,di,O
000207-001,tengah,O
000207-001,pasukan,O
000207-001,orang-orang,O
000207-001,Mukmin,O
000207-001,ini,O
000207-001,jika,O
000207-001,dikaitkan,O
000207-001,dengan,O
000207-001,kewajiban,O
000207-001,yang,O
000207-001,seharusnya,O
000207-001,mereka,O
000207-001,kerjakan,O
000207-001,pada,O
000207-001,saat-saat,O
000207-001,yang,O
000207-001,kritis,O
000207-001,",",O
000207-001,apalagi,O
000207-001,jika,O
000207-001,dikaitkan,O
000207-001,dengan,O
000207-001,tujuan,O
000207-001,yang,O
000207-001,hendak,O
000207-001,diraih,O
000207-001,umat,O
000207-001,ini,O
000207-001,",",O
000207-001,sebagai,O
000207-001,umat,O
000207-001,paling,O
000207-001,baik,O
000207-001,yang,O
000207-001,dikeluarkan,O
000207-001,bagi,O
000207-001,manusia,O
000207-001,.,O
000207-001,Al-Qur',O
000207-001,an,O
000207-001,juga,O
000207-001,membicarakan,O
000207-001,sikap,O
000207-001,orang-orang,O
000207-001,munafik,O
000207-001,",",O
000207-001,melecehkan,O
000207-001,mereka,O
000207-001,dan,O
000207-001,menyingkap,O
000207-001,permusuhan,O
000207-001,terhadap,O
000207-001,Allah,O
000207-001,dan,O
000207-001,Rasul-Nya,O
000207-001,yang,O
000207-001,tersimpan,O
000207-001,di,O
000207-001,dalam,O
000207-001,hati,O
000207-001,mereka,O
000207-001,",",O
000207-001,sambil,O
000207-001,berusaha,O
000207-001,mengenyahkan,O
000207-001,keragu-raguan,O
000207-001,dan,O
000207-001,kebimbangan,O
000207-001,yang,O
000207-001,bersemayam,O
000207-001,di,O
000207-001,dalam,O
000207-001,hati,O
000207-001,orang-orang,O
000207-001,Mukmin,O
000207-001,yang,O
000207-001,lemah,O
000207-001,.,O
000207-001,Karena,O
000207-001,kelompok,O
000207-001,inilah,O
000207-001,yang,O
000207-001,menjadi,O
000207-001,sasaran,O
000207-001,orang-orang,O
000207-001,munafik,O
000207-001,dan,O
000207-001,Yahudi,O
000207-001,.,O
000207-001,Al-Qur',O
000207-001,an,O
000207-001,juga,O
000207-001,mengisyaratkan,O
000207-001,tujuan,O
000207-001,yang,O
000207-001,mulia,O
000207-001,dari,O
000207-001,peperangan,O
000207-001,ini,O
000207-001,.,O
000207-001,Ada,O
000207-001,enam,O
000207-001,puluh,O
000207-001,ay,O
000207-001,at,O
000207-001,dari,O
000207-001,surah,O
000207-001,Ali,B_PERSON
000207-001,Imran,I_PERSON
000207-001,yang,O
000207-001,turun,O
000207-001,mengenai,O
000207-001,peperangan,O
000207-001,ini,O
000207-001,",",O
000207-001,diawali,O
000207-001,dengan,O
000207-001,permulaan,O
000207-001,tahapan,O
000207-001,perang,O
000207-001,",",O
000207-001,JIy,O
000207-001,JCnW,O
000207-001,Kq',O
000207-001,"""",O
000207-001,Dan,O
000207-001,(,O
000207-001,ingatlah,O
000207-001,"),",O
000207-001,ketika,O
000207-001,kamu,O
000207-001,berangkat,O
000207-001,pada,O
000207-001,pagi,O
000207-001,hari,O
000207-001,dari,O
000207-001,(,O
000207-001,rumah,O
000207-001,),O
000207-001,keluargamu,O
000207-001,akan,O
000207-001,menempatkan,O
000207-001,para,O
000207-001,mukmin,O
000207-001,pada,O
000207-001,beberapa,O
000207-001,tempat,O
000207-001,untuk,O
000207-001,berperang,O
000207-001,.,O
000207-001,"""",O
000207-001,(,O
000207-001,Ali-Imran,B_PERSON
000207-001,:,O
000207-001,121,O
000207-001,),O
000207-001,Kesudahan,O
000207-001,ayat-ayat,O
000207-001,ini,O
000207-001,merupakan,O
000207-001,catatan,O
000207-001,menyeluruh,O
000207-001,dari,O
000207-001,hasil,O
000207-001,peperangan,O
000207-001,dan,O
000207-001,hikmahnya,O
000207-001,.,O
000218-007,Kami,O
000218-007,melaporkan,O
000218-007,hal,O
000218-007,ini,O
000218-007,kepada,O
000218-007,Rasulullah,B_PERSON
000218-007,.,O
000218-007,Beliau,O
000218-007,datang,O
000218-007,",",O
000218-007,mengambil,O
000218-007,cangkul,O
000218-007,dan,O
000218-007,bersabda,O
000218-007,",",O
000218-007,"""",O
000218-007,Bismillah,O
000218-007,"...""",O
000218-007,Kemudian,O
000218-007,menghantam,O
000218-007,tanah,O
000218-007,yang,O
000218-007,keras,O
000218-007,itu,O
000218-007,dengan,O
000218-007,sekali,O
000218-007,hantaman,O
000218-007,.,O
000218-007,Beliau,O
000218-007,bersabda,O
000218-007,",",O
000218-007,"""",O
000218-007,Allah,O
000218-007,Mahabesar,O
000218-007,",",O
000218-007,aku,O
000218-007,diberi,O
000218-007,tanah,O
000218-007,Persi,O
000218-007,.,O
000218-007,Demi,O
000218-007,Allah,O
000218-007,saat,O
000218-007,ini,O
000218-007,pun,O
000218-007,aku,O
000218-007,bisa,O
000218-007,melihat,O
000218-007,Istana,O
000218-007,Mada'in,O
000218-007,yang,O
000218-007,bercat,O
000218-007,putih,O
000218-007,".""",O
000218-007,Kemudian,O
000218-007,beliau,O
000218-007,menghantam,O
000218-007,untuk,O
000218-007,ketiga,O
000218-007,kalinya,O
000218-007,",",O
000218-007,dan,O
000218-007,bersabda,O
000218-007,.,O
000218-007,"""",O
000218-007,Bismillah,O
000218-007,"...""",O
000218-007,Maka,O
000218-007,hancurlah,O
000218-007,tanah,O
000218-007,yang,O
000218-007,masih,O
000218-007,tersisa,O
000218-007,.,O
000218-007,Kemudian,O
000218-007,beliau,O
000218-007,bersabda,O
000218-007,",",O
000218-007,"""",O
000218-007,Allah,O
000218-007,Mahabesar,O
000218-007,.,O
000218-007,Aku,O
000218-007,diberi,O
000218-007,kunci-kunci,O
000218-007,Yaman,B_LOCATION
000218-007,.,O
000218-007,Demi,O
000218-007,Allah,O
000218-007,dari,O
000218-007,tempatku,O
000218-007,ini,O
000218-007,aku,O
000218-007,bisa,O
000218-007,melihat,O
000218-007,pintu-pintu,O
000218-007,gerbang,O
000218-007,Ibnu,B_PERSON
000218-007,Ishaq,I_PERSON
000218-007,juga,O
000218-007,meriwayatkan,O
000218-007,yang,O
000218-007,serupa,O
000218-007,dengan,O
000218-007,ini,O
000218-007,dari,O
000218-007,Salman,B_PERSON
000218-007,Al-Farisi,I_PERSON
000218-007,.,O
000218-007,Karena,O
000218-007,Madinah,B_LOCATION
000218-007,dikepung,O
000218-007,dengan,O
000218-007,gunung,O
000218-007,",",O
000218-007,tanah-tanah,O
000218-007,kasar,O
000218-007,yang,O
000218-007,berbatuan,O
000218-007,",",O
000218-007,dan,O
000218-007,kebun-kebun,O
000218-007,korma,O
000218-007,di,O
000218-007,segala,O
000218-007,sudutnya,O
000218-007,kecuali,O
000218-007,bagian,O
000218-007,utara,O
000218-007,",",O
000218-007,tentunya,O
000218-007,pasukan,O
000218-007,musuh,O
000218-007,sebanyak,O
000218-007,itu,O
000218-007,akan,O
000218-007,menyerbu,O
000218-007,Madinah,B_LOCATION
000218-007,dari,O
000218-007,arah,O
000218-007,utara,O
000218-007,Sebagai,O
000218-007,pemegang,O
000218-007,pucuk,O
000218-007,pimpinan,O
000218-007,militer,O
000218-007,beliau,O
000218-007,tahu,O
000218-007,betul,O
000218-007,hal,O
000218-007,ini,O
000218-007,.,O
000218-007,Untuk,O
000218-007,itu,O
000218-007,parit,O
000218-007,digali,O
000218-007,di,O
000218-007,bagian,O
000218-007,ini,O
000218-007,.,O
000218-007,Orang-orang,O
000218-007,Muslim,O
000218-007,terus,O
000218-007,menggali,O
000218-007,parit,O
000218-007,tanpa,O
000218-007,henti,O
000218-007,sepanjang,O
000218-007,siang,O
000218-007,Baru,O
000218-007,pada,O
000218-007,sore,O
000218-007,harinya,O
000218-007,mereka,O
000218-007,pulang,O
000218-007,ke,O
000218-007,rumah,O
000218-007,menemui,O
000218-007,keluarga,O
000218-007,",",O
000218-007,hingga,O
000218-007,204,O
000218-007,Sunan,O
000218-007,An-Nasai,O
000218-007,",",O
000218-007,2/56,O
000218-007,",",O
000218-007,Ahmad,O
000218-007,juga,O
000218-007,meriwayatkannya,O
000218-007,di,O
000218-007,dalam,O
000218-007,Al-Musnad,O
000218-007,.,O
000218-007,Lafazh,O
000218-007,ini,O
000218-007,bukan,O
000218-007,dari,O
000218-007,An-Nasa'i,O
000218-007,.,O
000218-007,penggalian,O
000218-007,parit,O
000218-007,selesai,O
000218-007,seperti,O
000218-007,rencana,O
000218-007,semula,O
000218-007,sebelum,O
000218-007,pasukan,O
000218-007,paganis,O
000218-007,yang,O
000218-007,tidak,O
000218-007,terkira,O
000218-007,bayaknya,O
000218-007,tiba,O
000218-007,di,O
000218-007,pinggiran,O
000218-007,Madinah,B_LOCATION
000218-007,.,O
000232-001,Setelah,O
000232-001,Rasululah,B_PERSON
000232-001,merasa,O
000232-001,tenang,O
000232-001,berada,O
000232-001,di,O
000232-001,sana,O
000232-001,",",O
000232-001,tiba-tiba,O
000232-001,muncul,O
000232-001,Budail,B_PERSON
000232-001,bin,I_PERSON
000232-001,Warqa',I_PERSON
000232-001,Al-Khuza'y,O
000232-001,bersama,O
000232-001,beberapa,O
000232-001,orang,O
000232-001,dari,O
000232-001,Bani,O
000232-001,Khuza'ah,O
000232-001,Bani,O
000232-001,Khuza'ah,O
000232-001,biasa,O
000232-001,memberi,O
000232-001,nasihat,O
000232-001,kepada,O
000232-001,beliau,O
000232-001,.,O
000232-001,Budial,O
000232-001,berkata,O
000232-001,",",O
000232-001,"""",O
000232-001,Saat,O
000232-001,aku,O
000232-001,meninggalkan,O
000232-001,Ka'b,B_PERSON
000232-001,bin,I_PERSON
000232-001,Lu'ay,I_PERSON
000232-001,",",O
000232-001,mereka,O
000232-001,siap,O
000232-001,berangkat,O
000232-001,ke,O
000232-001,Hudaibiyah,B_LOCATION
000232-001,dengan,O
000232-001,membawa,O
000232-001,pasukan,O
000232-001,.,O
000232-001,Mereka,O
000232-001,hendak,O
000232-001,memerangi,O
000232-001,engkau,O
000232-001,dan,O
000232-001,menghalangi,O
000232-001,engkau,O
000232-001,memasuki,O
000232-001,Masjidil,B_LOCATION
000232-001,Haram,I_LOCATION
000232-001,",""",O
000232-001,Rasulullah,B_PERSON
000232-001,bersabda,O
000232-001,",",O
000232-001,"""",O
000232-001,Sesungguhnya,O
000232-001,kami,O
000232-001,datang,O
000232-001,bukan,O
000232-001,untuk,O
000232-001,memerangi,O
000232-001,seseorang,O
000232-001,.,O
000232-001,Tetapi,O
000232-001,kami,O
000232-001,datang,O
000232-001,untuk,O
000232-001,melakukan,O
000232-001,umrah,O
000232-001,.,O
000232-001,Rupanya,O
000232-001,orang-orang,O
000232-001,Quraisy,O
000232-001,sudah,O
000232-001,semakin,O
000232-001,surut,O
000232-001,dan,O
000232-001,menjadi,O
000232-001,buta,O
000232-001,karena,O
000232-001,peperangan,O
000232-001,.,O
000232-001,Jika,O
000232-001,mereka,O
000232-001,menghendaki,O
000232-001,",",O
000232-001,engkau,O
000232-001,bisa,O
000232-001,membujuk,O
000232-001,mereka,O
000232-001,dan,O
000232-001,membukakan,O
000232-001,jalan,O
000232-001,bagiku,O
000232-001,",",O
000232-001,dan,O
000232-001,jika,O
000232-001,mereka,O
000232-001,menghendaki,O
000232-001,untuk,O
000232-001,memasuki,O
000232-001,sesuatu,O
000232-001,yang,O
000232-001,biasa,O
000232-001,dimasuki,O
000232-001,manusia,O
000232-001,",",O
000232-001,maka,O
000232-001,mereka,O
000232-001,bisa,O
000232-001,melakukannya,O
000232-001,yang,O
000232-001,berarti,O
000232-001,mereka,O
000232-001,masih,O
000232-001,memiliki,O
000232-001,nyali,O
000232-001,.,O
000232-001,Namun,O
000232-001,jika,O
000232-001,tidak,O
000232-001,menghendaki,O
000232-001,kecuali,O
000232-001,perang,O
000232-001,",",O
000232-001,maka,O
000232-001,demi,O
000232-001,diriku,O
000232-001,yang,O
000232-001,ada,O
000232-001,di,O
000232-001,tangan-Nya,O
000232-001,",",O
000232-001,aku,O
000232-001,pasti,O
000232-001,akan,O
000232-001,melayani,O
000232-001,keinginan,O
000232-001,mereka,O
000232-001,hingga,O
000232-001,kemenangan,O
000232-001,yang,O
000232-001,lalu,O
000232-001,hanya,O
000232-001,menjadi,O
000232-001,milikku,O
000232-001,atau,O
000232-001,biarlah,O
000232-001,Allah,O
000232-001,menentukan,O
000232-001,keputusan-Nya,O
000232-001,".""",O
000232-001,Budail,O
000232-001,berkata,O
000232-001,",",O
000232-001,"""",O
000232-001,Aku,O
000232-001,akan,O
000232-001,menyampaikan,O
000232-001,apa,O
000232-001,yang,O
000232-001,engkau,O
000232-001,katakan,O
000232-001,ini,O
000232-001,kepada,O
000232-001,mereka,O
000232-001,".""",O
000232-001,Lalu,O
000232-001,dia,O
000232-001,beranjak,O
000232-001,pergi,O
000232-001,untuk,O
000232-001,menemui,O
000232-001,Quraisy,O
000232-001,",",O
000232-001,seraya,O
000232-001,berkata,O
000232-001,",",O
000232-001,"""",O
000232-001,Aku,O
000232-001,datang,O
000232-001,kepada,O
000232-001,kalian,O
000232-001,setelah,O
000232-001,menemui,O
000232-001,Muhammad,B_PERSON
000232-001,dan,O
000232-001,aku,O
000232-001,mendengar,O
000232-001,dia,O
000232-001,telah,O
000232-001,mengucapkan,O
000232-001,suatu,O
000232-001,perkataan,O
000232-001,.,O
000233-003,Beliau,O
000233-003,bersabda,O
000233-003,saat,O
000233-003,itu,O
000233-003,",",O
000233-003,Aku,O
000233-003,bisa,O
000233-003,menerima,O
000233-003,keislamanmu,O
000233-003,.,O
000233-003,Tetapi,O
000233-003,harta,O
000233-003,benda,O
000233-003,yang,O
000233-003,engkau,O
000233-003,bawa,O
000233-003,",",O
000233-003,aku,O
000233-003,tidak,O
000233-003,mempunyai,O
000233-003,urusan,O
000233-003,dengannnya,O
000233-003,".""",O
000233-003,Kemudian,O
000233-003,Urwah,B_PERSON
000233-003,menyibak,O
000233-003,kerumunan,O
000233-003,para,O
000233-003,sahabat,O
000233-003,dan,O
000233-003,kembali,O
000233-003,ke,O
000233-003,rekan-rekannya,O
000233-003,dari,O
000233-003,Quraisy,O
000233-003,.,O
000233-003,Di,O
000233-003,sana,O
000233-003,dia,O
000233-003,berkata,O
000233-003,",",O
000233-003,"""",O
000233-003,Wahai,O
000233-003,semua,O
000233-003,orang,O
000233-003,",",O
000233-003,demi,O
000233-003,Allah,O
000233-003,",",O
000233-003,aku,O
000233-003,pernah,O
000233-003,menjadi,O
000233-003,utusan,O
000233-003,untuk,O
000233-003,menemui,O
000233-003,para,O
000233-003,raja,O
000233-003,",",O
000233-003,Qaishar,O
000233-003,dan,O
000233-003,Kisra,B_PERSON
000233-003,.,O
000233-003,Demi,O
000233-003,Allah,O
000233-003,",",O
000233-003,tidak,O
000233-003,pernah,O
000233-003,kulihat,O
000233-003,seorang,O
000233-003,raja,O
000233-003,yang,O
000233-003,diagung-agungkan,O
000233-003,rekan-,O
000233-003,rekannya,O
000233-003,seperti,O
000233-003,yang,O
000233-003,dilakukan,O
000233-003,rekan-rekan,O
000233-003,Muhammad,B_PERSON
000233-003,terhadap,O
000233-003,dirinya,O
000233-003,.,O
000233-003,Demi,O
000233-003,Allah,O
000233-003,",",O
000233-003,setiap,O
000233-003,kali,O
000233-003,Muhammad,B_PERSON
000233-003,mengeluarkan,O
000233-003,dahak,O
000233-003,",",O
000233-003,maka,O
000233-003,dahak,O
000233-003,itu,O
000233-003,pasti,O
000233-003,jatuh,O
000233-003,di,O
000233-003,telapak,O
000233-003,tangan,O
000233-003,salah,O
000233-003,seorang,O
000233-003,di,O
000233-003,antara,O
000233-003,mereka,O
000233-003,",",O
000233-003,lalu,O
000233-003,dia,O
000233-003,mengusap-,O
000233-003,usapkannya,O
000233-003,ke,O
000233-003,wajah,O
000233-003,atau,O
000233-003,kulit,O
000233-003,badannya,O
000233-003,.,O
000233-003,Jika,O
000233-003,dia,O
000233-003,memberikan,O
000233-003,suatu,O
000233-003,perintah,O
000233-003,.,O
000233-003,maka,O
000233-003,mereka,O
000233-003,segera,O
000233-003,melaksanakan,O
000233-003,perintahnya,O
000233-003,.,O
000233-003,Jika,O
000233-003,dia,O
000233-003,wudhu,O
000233-003,",",O
000233-003,maka,O
000233-003,mereka,O
000233-003,seperti,O
000233-003,orang,O
000233-003,yang,O
000233-003,sedang,O
000233-003,bertengkar,O
000233-003,karena,O
000233-003,berebut,O
000233-003,sisa,O
000233-003,air,O
000233-003,wudhunya,O
000233-003,.,O
000233-003,Jika,O
000233-003,dia,O
000233-003,berbicara,O
000233-003,",",O
000233-003,maka,O
000233-003,mereka,O
000233-003,menghentikan,O
000233-003,pembicaraan,O
000233-003,di,O
000233-003,depannya,O
000233-003,.,O
000233-003,Mereka,O
000233-003,tidak,O
000233-003,pernah,O
000233-003,menghujam,O
000233-003,pandangan,O
000233-003,ke,O
000233-003,wajah,O
000233-003,beliau,O
000233-003,karena,O
000233-003,penghormatan,O
000233-003,terhadap,O
000233-003,dirinya,O
000233-003,.,O
000233-003,Dia,O
000233-003,telah,O
000233-003,menyampaikan,O
000233-003,tawaran,O
000233-003,yang,O
000233-003,layak,O
000233-003,kepada,O
000233-003,kalian,O
000233-003,Karena,O
000233-003,itu,O
000233-003,terimalah,O
000233-003,tawaran,O
000233-003,tersebut,O
000233-003,".""",O
000248-001,Nabi,O
000248-001,menulis,O
000248-001,surat,O
000248-001,kepada,O
000248-001,Juraij,B_PERSON
000248-001,bin,I_PERSON
000248-001,Mata,I_PERSON
000248-001,",",O
000248-001,yang,O
000248-001,bergelar,O
000248-001,Muqauqis,O
000248-001,.,O
000248-001,raja,O
000248-001,Mesir,B_LOCATION
000248-001,dan,O
000248-001,Iskandaria,B_LOCATION
000248-001,.,O
000248-001,Inilah,O
000248-001,isi,O
000248-001,surat,O
000248-001,beliau,O
000248-001,:,O
000248-001,"""",O
000248-001,Bismillahir,O
000248-001,rahmanir,O
000248-001,rahim,O
000248-001,.,O
000248-001,Dari,O
000248-001,Muhammad,B_PERSON
000248-001,",",O
000248-001,hamba,O
000248-001,Allah,O
000248-001,dan,O
000248-001,Rasul-Nya,O
000248-001,",",O
000248-001,kepada,O
000248-001,Muqauqis,O
000248-001,Raja,O
000248-001,Qibthi,O
000248-001,.,O
000248-001,Keselamatan,O
000248-001,bagi,O
000248-001,siapa,O
000248-001,pun,O
000248-001,yang,O
000248-001,mengikuti,O
000248-001,petunjuk,O
000248-001,",",O
000248-001,amma,O
000248-001,ba'd,O
000248-001,.,O
000248-001,Aku,O
000248-001,menyeru,O
000248-001,tuan,O
000248-001,dengan,O
000248-001,seruan,O
000248-001,Islam,O
000248-001,.,O
000248-001,Masuklah,O
000248-001,Islam,O
000248-001,",",O
000248-001,niscaya,O
000248-001,tuan,O
000248-001,akan,O
000248-001,selamat,O
000248-001,.,O
000248-001,Masuklah,O
000248-001,Islam,O
000248-001,niscaya,O
000248-001,Allah,O
000248-001,akan,O
000248-001,memberikan,O
000248-001,pahala,O
000248-001,kepada,O
000248-001,tuan,O
000248-001,dua,O
000248-001,kali,O
000248-001,lipat,O
000248-001,.,O
000248-001,Namun,O
000248-001,jika,O
000248-001,tuan,O
000248-001,berpaling,O
000248-001,",",O
000248-001,maka,O
000248-001,tuan,O
000248-001,akan,O
000248-001,menanggung,O
000248-001,dosa,O
000248-001,penduduk,O
000248-001,Qibthi,O
000248-001,.,O
000248-001,224,O
000248-001,Zadul,O
000248-001,Ma'ad,O
000248-001,",",O
000248-001,3/61,O
000248-001,"""",O
000248-001,Katakanlah,O
000248-001,:,O
000248-001,"""",O
000248-001,Hai,O
000248-001,Ahli,O
000248-001,Kitab,O
000248-001,",",O
000248-001,marilah,O
000248-001,(,O
000248-001,berpegang,O
000248-001,),O
000248-001,kepada,O
000248-001,suatu,O
000248-001,kalimat,O
000248-001,(,O
000248-001,ketetapan,O
000248-001,),O
000248-001,yang,O
000248-001,tidak,O
000248-001,ada,O
000248-001,perselisihan,O
000248-001,antara,O
000248-001,kami,O
000248-001,dan,O
000248-001,kamu,O
000248-001,",",O
000248-001,bahwa,O
000248-001,tidak,O
000248-001,kita,O
000248-001,sembah,O
000248-001,kecuali,O
000248-001,Allah,O
000248-001,dan,O
000248-001,tidak,O
000248-001,kita,O
000248-001,persekutukan,O
000248-001,Dia,O
000248-001,dengan,O
000248-001,sesuatu,O
000248-001,pun,O
000248-001,dan,O
000248-001,tidak,O
000248-001,(,O
000248-001,pula,O
000248-001,),O
000248-001,sebagian,O
000248-001,kita,O
000248-001,menjadikan,O
000248-001,sebagian,O
000248-001,yang,O
000248-001,lain,O
000248-001,sebagai,O
000248-001,Tuhan,O
000248-001,selain,O
000248-001,Allah,O
000248-001,.,O
000248-001,"""",O
000248-001,Jika,O
000248-001,mereka,O
000248-001,berpaling,O
000248-001,maka,O
000248-001,katakanlah,O
000248-001,kepada,O
000248-001,mereka,O
000248-001,:,O
000248-001,"""",O
000248-001,Saksikanlah,O
000248-001,",",O
000248-001,bahwa,O
000248-001,kami,O
000248-001,adalah,O
000248-001,orang-orang,O
000248-001,yang,O
000248-001,berserah,O
000248-001,diri,O
000248-001,(,O
000248-001,kepada,O
000248-001,Allah,O
000248-001,).,O
000248-001,"""",O
000248-001,(,O
000248-001,Ali,B_PERSON
000248-001,Imran,O
000248-001,:,O
000248-001,64,O
000248-001,),O
000248-001,Surat,O
000248-001,ini,O
000248-001,dibawa,O
000248-001,Hathib,B_PERSON
000248-001,bin,I_PERSON
000248-001,Abu,I_PERSON
000248-001,Balta'ah,I_PERSON
000248-001,.,O
000248-001,Setelah,O
000248-001,menghadap,O
000248-001,Muqauqis,O
000248-001,",",O
000248-001,Hathib,O
000248-001,berkata,O
000248-001,kepadanya,O
000248-001,",",O
000248-001,"""",O
000248-001,Sebelumnya,O
000248-001,sebelum,O
000248-001,tuan,O
000248-001,ada,O
000248-001,seseorang,O
000248-001,yang,O
000248-001,mengaku,O
000248-001,bahwa,O
000248-001,dia,O
000248-001,adalah,O
000248-001,tuhan,O
000248-001,yang,O
000248-001,paling,O
000248-001,tinggi,O
000248-001,.,O
000248-001,Lalu,O
000248-001,Allah,O
000248-001,menimpakkan,O
000248-001,hukuman,O
000248-001,kepadanya,O
000248-001,di,O
000248-001,dunia,O
000248-001,dan,O
000248-001,akhirat,O
000248-001,.,O
000248-001,Allah,O
000248-001,menyiksanya,O
000248-001,lalu,O
000248-001,menyiksanya,O
000248-001,lagi,O
000248-001,.,O
000249-002,Dengan,O
000249-002,congkak,O
000249-002,dia,O
000249-002,berkata,O
000249-002,",",O
000249-002,"""",O
000249-002,Seorang,O
000249-002,budak,O
000249-002,yang,O
000249-002,hina,O
000249-002,dina,O
000249-002,dari,O
000249-002,rakyatku,O
000249-002,pernah,O
000249-002,menulis,O
000249-002,namanya,O
000249-002,sebelum,O
000249-002,aku,O
000249-002,berkuasa,O
000249-002,".""",O
000249-002,Setelah,O
000249-002,mendengar,O
000249-002,apa,O
000249-002,yang,O
000249-002,dilakukan,O
000249-002,Kisra,B_PERSON
000249-002,",",O
000249-002,Nabi,O
000249-002,bersabda,O
000249-002,",",O
000249-002,"""",O
000249-002,Allah,O
000249-002,akan,O
000249-002,mencabik-cabik,O
000249-002,kerajaannya,O
000249-002,".""",O
000249-002,Kisra,B_PERSON
000249-002,benar-benar,O
000249-002,akan,O
000249-002,mengalami,O
000249-002,seperti,O
000249-002,apa,O
000249-002,yang,O
000249-002,disabdakan,O
000249-002,beliau,O
000249-002,ini,O
000249-002,.,O
000249-002,Setelah,O
000249-002,itu,O
000249-002,Kisra,B_PERSON
000249-002,menulis,O
000249-002,surat,O
000249-002,kepada,O
000249-002,Badzan,B_PERSON
000249-002,",",O
000249-002,gubernurnya,O
000249-002,di,O
000249-002,Yaman,B_LOCATION
000249-002,",",O
000249-002,yang,O
000249-002,isinya,O
000249-002,:,O
000249-002,"""",O
000249-002,Utuslah,O
000249-002,dua,O
000249-002,orang,O
000249-002,yang,O
000249-002,gagah,O
000249-002,perkasa,O
000249-002,untuk,O
000249-002,menemui,O
000249-002,orang,O
000249-002,dari,O
000249-002,Hijaz,B_LOCATION
000249-002,ini,O
000249-002,",",O
000249-002,dan,O
000249-002,setelah,O
000249-002,itu,O
000249-002,hendaklah,O
000249-002,mereka,O
000249-002,membawanya,O
000249-002,untuk,O
000249-002,menemuiku,O
000249-002,".""",O
000249-002,Maka,O
000249-002,Badzan,O
000249-002,menunjuk,O
000249-002,dua,O
000249-002,orang,O
000249-002,bawahannya,O
000249-002,",",O
000249-002,membawa,O
000249-002,surat,O
000249-002,yang,O
000249-002,disampaikan,O
000249-002,kepada,O
000249-002,Rasulullah,B_PERSON
000249-002,",",O
000249-002,dan,O
000249-002,pulangnya,O
000249-002,disuruh,O
000249-002,langsung,O
000249-002,menemui,O
000249-002,Kisra,B_PERSON
000249-002,.,O
000249-002,Setelah,O
000249-002,dua,O
000249-002,utusan,O
000249-002,itu,O
000249-002,tiba,O
000249-002,di,O
000249-002,Madinah,B_LOCATION
000249-002,dan,O
000249-002,menghadap,O
000249-002,beliau,O
000249-002,",",O
000249-002,salah,O
000249-002,seorang,O
000249-002,di,O
000249-002,antara,O
000249-002,dua,O
000249-002,orang,O
000249-002,itu,O
000249-002,berkata,O
000249-002,",",O
000249-002,Sesungguhnya,O
000249-002,Syahinsyah,O
000249-002,(,O
000249-002,Raja,O
000249-002,Diraja,O
000249-002,),O
000249-002,Kisra,B_PERSON
000249-002,telah,O
000249-002,mengirim,O
000249-002,surat,O
000249-002,kepada,O
000249-002,Raja,O
000249-002,Badzan,O
000249-002,",",O
000249-002,agar,O
000249-002,dia,O
000249-002,mengirim,O
000249-002,utusan,O
000249-002,untuk,O
000249-002,menemui,O
000249-002,tuan,O
000249-002,",",O
000249-002,lalu,O
000249-002,membawa,O
000249-002,tuan,O
000249-002,ke,O
000249-002,hadapannya,O
000249-002,".""",O
000249-002,Kata-katanya,O
000249-002,bernada,O
000249-002,ancaman,O
000249-002,.,O
000249-002,Nabi,O
000249-002,menyuruh,O
000249-002,agar,O
000249-002,keduanya,O
000249-002,menemui,O
000249-002,beliau,O
000249-002,lagi,O
000249-002,esok,O
000249-002,harinya,O
000249-002,Pada,O
000249-002,saat,O
000249-002,yang,O
000249-002,sama,O
000249-002,di,O
000249-002,Persia,B_LOCATION
000249-002,terjadi,O
000249-002,pemberontakan,O
000249-002,besar-besaran,O
000249-002,terhadap,O
000249-002,Kisra,B_PERSON
000249-002,",",O
000249-002,yang,O
000249-002,justru,O
000249-002,berasal,O
000249-002,dari,O
000249-002,keluarganya,O
000249-002,sendiri,O
000249-002,.,O
000249-002,Padahal,O
000249-002,sebelum,O
000249-002,itu,O
000249-002,mereka,O
000249-002,juga,O
000249-002,mengalami,O
000249-002,banyak,O
000249-002,kekalahan,O
000249-002,cukup,O
000249-002,telak,O
000249-002,dari,O
000249-002,pasukan,O
000249-002,Qaishar,O
000249-002,.,O
000249-002,Pemberontakan,O
000249-002,ini,O
000249-002,dimotori,O
000249-002,oleh,O
000249-002,putra,O
000249-002,Kisra,B_PERSON
000249-002,sendiri,O
000249-002,",",O
000249-002,Syiruyah,B_PERSON
000249-002,.,O
000249-002,Dia,O
000249-002,bangkit,O
000249-002,melawan,O
000249-002,ayahnya,O
000249-002,dan,O
000249-002,membunuhnya,O
000249-002,lalu,O
000249-002,merebut,O
000249-002,kerajannya,O
000249-002,.,O
000249-002,Hal,O
000249-002,ini,O
000249-002,terjadi,O
000249-002,pada,O
000249-002,malam,B_TIME
000249-002,Selasa,I_TIME
000249-002,tanggal,I_TIME
000249-002,10,I_TIME
000249-002,Jumadal,I_TIME
000249-002,Rasulullah,B_PERSON
000249-002,mengetahuinya,O
000249-002,lewat,O
000249-002,pemberitaan,O
000249-002,wahyu,O
000249-002,.,O
000267-001,Benteng,O
000267-001,Ash-Sha'b,O
000267-001,merupakan,O
000267-001,benteng,O
000267-001,kedua,O
000267-001,yang,O
000267-001,terkokoh,O
000267-001,setelah,O
000267-001,benteng,O
000267-001,Na'im,O
000267-001,.,O
000267-001,Orang-orang,O
000267-001,Muslim,O
000267-001,melancarkan,O
000267-001,serangan,O
000267-001,di,O
000267-001,bawah,O
000267-001,komando,O
000267-001,bin,B_PERSON
000267-001,Al-Anshari,I_PERSON
000267-001,.,O
000267-001,Mereka,O
000267-001,mengepung,O
000267-001,benteng,O
000267-001,ini,O
000267-001,selama,O
000267-001,tiga,O
000267-001,hari,O
000267-001,.,O
000267-001,Pada,O
000267-001,hari,O
000267-001,ketiga,O
000267-001,",",O
000267-001,Rasulullah,B_PERSON
000267-001,mengucapkan,O
000267-001,doa,O
000267-001,khusus,O
000267-001,untuk,O
000267-001,dapat,O
000267-001,menaklukkan,O
000267-001,benteng,O
000267-001,ini,O
000267-001,.,O
000267-001,Abu,B_PERSON
000267-001,Ishaq,I_PERSON
000267-001,meriwayatkan,O
000267-001,bahwa,O
000267-001,bani,O
000267-001,Sahm,O
000267-001,dari,O
000267-001,Bani,O
000267-001,Aslam,O
000267-001,mendatangi,O
000267-001,beliau,O
000267-001,dan,O
000267-001,berkata,O
000267-001,",",O
000267-001,"""",O
000267-001,Kita,O
000267-001,telah,O
000267-001,berjuang,O
000267-001,dan,O
000267-001,tidak,O
000267-001,ada,O
000267-001,lagi,O
000267-001,sesuatu,O
000267-001,yang,O
000267-001,tersisa,O
000267-001,di,O
000267-001,tangan,O
000267-001,kita,O
000267-001,".""",O
000267-001,Beliau,O
000267-001,memanjatkan,O
000267-001,"""",O
000267-001,Ya,O
000267-001,Allah,O
000267-001,",",O
000267-001,Engkau,O
000267-001,sudah,O
000267-001,tahu,O
000267-001,keadaan,O
000267-001,mereka,O
000267-001,(,O
000267-001,orang-orang,O
000267-001,Muslim,O
000267-001,).,O
000267-001,Mereka,O
000267-001,tidak,O
000267-001,lagi,O
000267-001,mempunyai,O
000267-001,kekuatan,O
000267-001,dan,O
000267-001,di,O
000267-001,tanganku,O
000267-001,tak,O
000267-001,ada,O
000267-001,lagi,O
000267-001,sesuatu,O
000267-001,pun,O
000267-001,yang,O
000267-001,bisa,O
000267-001,kuberikan,O
000267-001,kepada,O
000267-001,mereka,O
000267-001,.,O
000267-001,Maka,O
000267-001,berikanlah,O
000267-001,kemenangan,O
000267-001,kepada,O
000267-001,mereka,O
000267-001,dengan,O
000267-001,menaklukkan,O
000267-001,benteng,O
000267-001,yang,O
000267-001,paling,O
000267-001,mereka,O
000267-001,perlukan,O
000267-001,",",O
000267-001,paling,O
000267-001,banyak,O
000267-001,makanan,O
000267-001,dan,O
000267-001,paling,O
000267-001,gemuk,O
000267-001,ternak-,O
000267-001,ternaknya,O
000267-001,.,O
000267-001,"""",O
000267-001,Orang-orang,O
000267-001,muslim,O
000267-001,bangkit,O
000267-001,melakukan,O
000267-001,penyerbuan,O
000267-001,dan,O
000267-001,Allah,O
000267-001,menundukkan,O
000267-001,benteng,O
000267-001,Ash-Sha'b,B_PERSON
000267-001,bin,I_PERSON
000267-001,Muadz,I_PERSON
000267-001,.,O
000267-001,Sementara,O
000267-001,di,O
000267-001,Khaibar,B_LOCATION
000267-001,tidak,O
000267-001,ada,O
000267-001,benteng,O
000267-001,yang,O
000267-001,lebih,O
000267-001,banyak,O
000267-001,makanannya,O
000267-001,dan,O
000267-001,lebih,O
000267-001,gemuk,O
000267-001,ternak-ternaknya,O
000267-001,selain,O
000267-001,dari,O
000267-001,benteng,O
000267-001,ini,O
000267-001,.,O
000267-001,Setelah,O
000267-001,Nabi,O
000267-001,memanjatkan,O
000267-001,doa,O
000267-001,dan,O
000267-001,memerintahkan,O
000267-001,untuk,O
000267-001,menyerbu,O
000267-001,benteng,O
000267-001,",",O
000267-001,maka,O
000267-001,Bani,O
000267-001,Aslamlah,O
000267-001,yang,O
000267-001,berada,O
000267-001,di,O
000267-001,barisan,O
000267-001,terdepan,O
000267-001,.,O
000267-001,Terjadi,O
000267-001,pertempuran,O
000267-001,yang,O
000267-001,sengit,O
000267-001,di,O
000267-001,depan,O
000267-001,benteng,O
000267-001,.,O
000267-001,Sebelum,O
000267-001,matahari,O
000267-001,tenggelam,O
000267-001,benteng,O
000267-001,sudah,O
000267-001,bisa,O
000267-001,direbut,O
000267-001,dan,O
000267-001,ditaklukkan,O
000267-001,.,O
000268-001,Setelah,O
000268-001,benteng,O
000268-001,An-Na'im,O
000268-001,dan,O
000268-001,Ash-Sha'b,O
000268-001,dapat,O
000268-001,ditaklukan,O
000268-001,",",O
000268-001,orang-orang,O
000268-001,Yahudi,O
000268-001,yang,O
000268-001,berada,O
000268-001,di,O
000268-001,setiap,O
000268-001,benteng,O
000268-001,di,O
000268-001,wilayah,O
000268-001,Nathat,O
000268-001,",",O
000268-001,berpindah,O
000268-001,ke,O
000268-001,benteng,O
000268-001,Az-Zubair,O
000268-001,",",O
000268-001,sebuah,O
000268-001,benteng,O
000268-001,yang,O
000268-001,kokoh,O
000268-001,",",O
000268-001,terletak,O
000268-001,di,O
000268-001,sebuah,O
000268-001,puncak,O
000268-001,bukit,O
000268-001,",",O
000268-001,yang,O
000268-001,tidak,O
000268-001,bisa,O
000268-001,dijangkau,O
000268-001,kuda,O
000268-001,atau,O
000268-001,pejalan,O
000268-001,kaki,O
000268-001,",",O
000268-001,karena,O
000268-001,perjalanan,O
000268-001,ke,O
000268-001,sana,O
000268-001,cukup,O
000268-001,terjal,O
000268-001,dan,O
000268-001,sulit,O
000268-001,",",O
000268-001,di,O
000268-001,samping,O
000268-001,benteng,O
000268-001,itu,O
000268-001,sendiri,O
000268-001,yang,O
000268-001,sangat,O
000268-001,kokoh,O
000268-001,.,O
000268-001,Rasulullah,B_PERSON
000268-001,memerintahkan,O
000268-001,untuk,O
000268-001,mengepung,O
000268-001,benteng,O
000268-001,ini,O
000268-001,.,O
000268-001,Pengepungan,O
000268-001,berjalan,O
000268-001,selama,O
000268-001,tiga,O
000268-001,hari,O
000268-001,.,O
000268-001,Ada,O
000268-001,seorang,O
000268-001,Yahudi,O
000268-001,menemui,O
000268-001,beliau,O
000268-001,seraya,O
000268-001,berkata,O
000268-001,",",O
000268-001,"""",O
000268-001,Wahai,O
000268-001,Abdul,B_PERSON
000268-001,Qasim,I_PERSON
000268-001,",",O
000268-001,sekalipun,O
000268-001,engkau,O
000268-001,berada,O
000268-001,di,O
000268-001,sini,O
000268-001,selama,O
000268-001,sebulan,O
000268-001,",",O
000268-001,mereka,O
000268-001,tak,O
000268-001,akan,O
000268-001,ambil,O
000268-001,pusing,O
000268-001,",",O
000268-001,sebab,O
000268-001,mereka,O
000268-001,mempunyai,O
000268-001,mata,O
000268-001,air,O
000268-001,dan,O
000268-001,cadangan,O
000268-001,minuman,O
000268-001,di,O
000268-001,bawah,O
000268-001,tanah,O
000268-001,.,O
000268-001,Mereka,O
000268-001,bisa,O
000268-001,pergi,O
000268-001,ke,O
000268-001,sana,O
000268-001,pada,O
000268-001,malam,O
000268-001,hari,O
000268-001,dan,O
000268-001,mengambil,O
000268-001,minum,O
000268-001,dari,O
000268-001,sana,O
000268-001,",",O
000268-001,lalu,O
000268-001,kembali,O
000268-001,lagi,O
000268-001,ke,O
000268-001,benteng,O
000268-001,untuk,O
000268-001,bertahan,O
000268-001,di,O
000268-001,sana,O
000268-001,.,O
000268-001,Jika,O
000268-001,engkau,O
000268-001,hendak,O
000268-001,memotong,O
000268-001,jalan,O
000268-001,mereka,O
000268-001,ke,O
000268-001,mata,O
000268-001,air,O
000268-001,",",O
000268-001,tentu,O
000268-001,mereka,O
000268-001,akan,O
000268-001,keluar,O
000268-001,untuk,O
000268-001,berhadapan,O
000268-001,denganmu,O
000268-001,".""",O
000268-001,Maka,O
000268-001,beliau,O
000268-001,memutuskan,O
000268-001,untuk,O
000268-001,menghadang,O
000268-001,jalan,O
000268-001,ke,O
000268-001,mata,O
000268-001,air,O
000268-001,ini,O
000268-001,.,O
000268-001,Karena,O
000268-001,itu,O
000268-001,",",O
000268-001,orang-orang,O
000268-001,Yahudi,O
000268-001,keluar,O
000268-001,bertempur,O
000268-001,hebat,O
000268-001,untuk,O
000268-001,mempertahankan,O
000268-001,mata,O
000268-001,air,O
000268-001,itu,O
000268-001,.,O
000268-001,Dalam,O
000268-001,pertempuran,O
000268-001,ini,O
000268-001,ada,O
000268-001,seorang,O
000268-001,Muslim,O
000268-001,yang,O
000268-001,menjadi,O
000268-001,korban,O
000268-001,",",O
000268-001,sedangkan,O
000268-001,dari,O
000268-001,pihak,O
000268-001,Yahudi,O
000268-001,ada,O
000268-001,sepuluh,O
000268-001,orang,O
000268-001,.,O
000268-001,Tak,O
000268-001,lama,O
000268-001,kemudian,O
000268-001,beliau,O
000268-001,dapat,O
000268-001,menaklukkan,O
000268-001,benteng,O
000268-001,ini,O
000269-001,Setelah,O
000269-001,benteng,O
000269-001,Az-Zubair,B_PERSON
000269-001,dapat,O
000269-001,direbut,O
000269-001,dan,O
000269-001,ditaklukkan,O
000269-001,",",O
000269-001,orang-orang,O
000269-001,Yahudi,O
000269-001,berpindah,O
000269-001,ke,O
000269-001,benteng,O
000269-001,Ubay,O
000269-001,dan,O
000269-001,bertahan,O
000269-001,di,O
000269-001,sana,O
000269-001,.,O
000269-001,Beliau,O
000269-001,memeritahkan,O
000269-001,orang-orang,O
000269-001,Muslim,O
000269-001,untuk,O
000269-001,mengepungnya,O
000269-001,.,O
000269-001,Satu,O
000269-001,per,O
000269-001,satu,O
000269-001,para,O
000269-001,pahlawan,O
000269-001,Yahudi,O
000269-001,menantang,O
000269-001,adu,O
000269-001,tanding,O
000269-001,",",O
000269-001,yang,O
000269-001,semuanya,O
000269-001,dapat,O
000269-001,dibinasakan,O
000269-001,orang-orang,O
000269-001,Muslim,O
000269-001,yang,O
000269-001,meladeninya,O
000269-001,.,O
000269-001,Yang,O
000269-001,dapat,O
000269-001,membinasakan,O
000269-001,pahlawan,O
000269-001,Yahudi,O
000269-001,giliran,O
000269-001,kedua,O
000269-001,adalah,O
000269-001,seorang,O
000269-001,pahlawan,O
000269-001,Muslim,O
000269-001,yang,O
000269-001,terkenal,O
000269-001,",",O
000269-001,yaitu,O
000269-001,Abu,B_PERSON
000269-001,Dujanah,I_PERSON
000269-001,Simak,B_PERSON
000269-001,bin,I_PERSON
000269-001,Kharasyah,I_PERSON
000269-001,",",O
000269-001,pemilik,O
000269-001,ikat,O
000269-001,kepala,O
000269-001,berwarna,O
000269-001,merah,O
000269-001,.,O
000269-001,Setelah,O
000269-001,dapat,O
000269-001,membunuh,O
000269-001,tokoh,O
000269-001,Yahudi,O
000269-001,yang,O
000269-001,menjadi,O
000269-001,lawannya,O
000269-001,dalam,O
000269-001,perang,O
000269-001,tanding,O
000269-001,",",O
000269-001,dia,O
000269-001,segera,O
000269-001,menyelinap,O
000269-001,ke,O
000269-001,benteng,O
000269-001,di,O
000269-001,atas,O
000269-001,bukit,O
000269-001,bersama,O
000269-001,beberapa,O
000269-001,prajurit,O
000269-001,Muslim,O
000269-001,.,O
000269-001,Terjadi,O
000269-001,pertempuran,O
000269-001,yang,O
000269-001,seru,O
000269-001,di,O
000269-001,dalam,O
000269-001,benteng,O
000269-001,untuk,O
000269-001,beberapa,O
000269-001,saat,O
000269-001,",",O
000269-001,yang,O
000269-001,membuat,O
000269-001,orang-orang,O
000269-001,Yahudi,O
000269-001,keluar,O
000269-001,dari,O
000269-001,benteng,O
000269-001,dan,O
000269-001,berpindah,O
000269-001,ke,O
000269-001,benteng,O
000269-001,An-Nizar,O
000269-001,",",O
000269-001,benteng,O
000269-001,terakhir,O
000269-001,dari,O
000269-001,paroh,O
000269-001,pertama,O
000269-001,.,O
000274-001,Rasulullah,B_PERSON
000274-001,meninginkan,O
000274-001,agar,O
000274-001,orang-orang,O
000274-001,Yahudi,O
000274-001,hengkang,O
000274-001,dari,O
000274-001,Khaibar,B_LOCATION
000274-001,.,O
000274-001,Tetapi,O
000274-001,mereka,O
000274-001,berkata,O
000274-001,",",O
000274-001,"""",O
000274-001,Wahai,O
000274-001,Muhammad,B_PERSON
000274-001,",",O
000274-001,berilah,O
000274-001,kami,O
000274-001,kesempatan,O
000274-001,untuk,O
000274-001,tetap,O
000274-001,berada,O
000274-001,di,O
000274-001,tanah,O
000274-001,ini,O
000274-001,agar,O
000274-001,kami,O
000274-001,bisa,O
000274-001,mengolah,O
000274-001,dan,O
000274-001,menanganinya,O
000274-001,Kami,O
000274-001,lebih,O
000274-001,berpengalaman,O
000274-001,daripada,O
000274-001,kalian,O
000274-001,.,O
000274-001,Dan,O
000274-001,memang,O
000274-001,Rasulullah,B_PERSON
000274-001,maupun,O
000274-001,para,O
000274-001,sahabat,O
000274-001,tidak,O
000274-001,mempunyai,O
000274-001,tenaga,O
000274-001,untuk,O
000274-001,mengolah,O
000274-001,tanah-tanah,O
000274-001,itu,O
000274-001,.,O
000274-001,Mereka,O
000274-001,sendiri,O
000274-001,tak,O
000274-001,punya,O
000274-001,banyak,O
000274-001,kesempatan,O
000274-001,untuk,O
000274-001,menanganinya,O
000274-001,.,O
000274-001,Karena,O
000274-001,itu,O
000274-001,beliau,O
000274-001,menyerahkan,O
000274-001,tanah,O
000274-001,Khaibar,B_LOCATION
000274-001,kepada,O
000274-001,orang-orang,O
000274-001,Yahudi,O
000274-001,",",O
000274-001,dan,O
000274-001,mereka,O
000274-001,memperoleh,O
000274-001,bagian,O
000274-001,dari,O
000274-001,hasil,O
000274-001,tanaman,O
000274-001,dan,O
000274-001,panen,O
000274-001,buahnya,O
000274-001,",",O
000274-001,tergantung,O
000274-001,kepada,O
000274-001,Rasulullah,B_PERSON
000274-001,",",O
000274-001,seberapa,O
000274-001,banyak,O
000274-001,beliau,O
000274-001,akan,O
000274-001,menetapkan,O
000274-001,bagian,O
000274-001,bagi,O
000274-001,mereka,O
000274-001,Yang,O
000274-001,membuat,O
000274-001,ancar-ancar,O
000274-001,tentang,O
000274-001,pembagian,O
000274-001,hasil,O
000274-001,pengolahan,O
000274-001,tanah,O
000274-001,ini,O
000274-001,adalah,O
000274-001,Abdullah,B_PERSON
000274-001,bin,I_PERSON
000274-001,Rawahah,I_PERSON
000274-001,Tanah,O
000274-001,Khaibar,B_LOCATION
000274-001,dibagi,O
000274-001,menjadi,O
000274-001,30,O
000274-001,kelompok,O
000274-001,.,O
000274-001,Setiap,O
000274-001,kelompok,O
000274-001,dibagi,O
000274-001,lagi,O
000274-001,menjadi,O
000274-001,100,O
000274-001,bagian,O
000274-001,",",O
000274-001,hingga,O
000274-001,jumlah,O
000274-001,totalnya,O
000274-001,ada,O
000274-001,3600,O
000274-001,bagian,O
000274-001,.,O
000274-001,Nabi,O
000274-001,dan,O
000274-001,orang-orang,O
000274-001,Muslim,O
000274-001,mendapat,O
000274-001,separohnya,O
000274-001,",",O
000274-001,yaitu,O
000274-001,1800,O
000274-001,bagian,O
000274-001,.,O
000274-001,Beliau,O
000274-001,mendapat,O
000274-001,satu,O
000274-001,bagian,O
000274-001,seperti,O
000274-001,yang,O
000274-001,didapat,O
000274-001,Muslim,O
000274-001,lainya,O
000274-001,.,O
000274-001,Sementara,O
000274-001,separoh,O
000274-001,lainnya,O
000274-001,",",O
000274-001,sebanyak,O
000274-001,1800,O
000274-001,bagian,O
000274-001,dikhususkan,O
000274-001,untuk,O
000274-001,para,O
000274-001,wakil,O
000274-001,beliau,O
000274-001,dan,O
000274-001,untuk,O
000274-001,urusan,O
000274-001,umum,O
000274-001,kaum,O
000274-001,Muslimin,O
000274-001,.,O
000274-001,Orang-orang,O
000274-001,Muslim,O
000274-001,yang,O
000274-001,ikut,O
000274-001,dalam,O
000274-001,peristiwa,B_EVENT
000274-001,Hudaibiyah,I_EVENT
000274-001,",",O
000274-001,yang,O
000274-001,jumlahnya,O
000274-001,1400,O
000274-001,orang,O
000274-001,",",O
000274-001,juga,O
000274-001,mendapat,O
000274-001,bagian,O
000274-001,dari,O
000274-001,separoh,O
000274-001,yang,O
000274-001,terakhir,O
000274-001,ini,O
000274-001,",",O
000274-001,baik,O
000274-001,yang,O
000274-001,saat,O
000274-001,Perang,B_EVENT
000274-001,Khaibar,I_EVENT
000274-001,itu,O
000274-001,mereka,O
000274-001,ikut,O
000274-001,bergabung,O
000274-001,atau,O
000274-001,tidak,O
000274-001,.,O
000274-001,Karena,O
000274-001,bagaimanapun,O
000274-001,juga,O
000274-001,",",O
000274-001,harta,O
000274-001,rampasan,O
000274-001,dari,O
000274-001,Perang,B_EVENT
000274-001,Khaibar,I_EVENT
000274-001,ini,O
000274-001,juga,O
000274-001,tidak,O
000274-001,lepas,O
000274-001,dari,O
000274-001,peran,O
000274-001,orang-orang,O
000274-001,yang,O
000274-001,ikut,O
000274-001,dalam,O
000274-001,peristiwa,B_EVENT
000274-001,Hudaibiyah,I_EVENT
000274-001,.,O
000280-002,Muncul,O
000280-002,orang,O
000280-002,kedua,O
000280-002,dari,O
000280-002,mereka,O
000280-002,dan,O
000280-002,akhirnya,O
000280-002,dapat,O
000280-002,dibunuh,O
000280-002,lagi,O
000280-002,oleh,O
000280-002,Az-Zubair,B_PERSON
000280-002,.,O
000280-002,Orang,O
000280-002,ketiga,O
000280-002,dilayani,O
000280-002,oleh,O
000280-002,Ali,B_PERSON
000280-002,bin,I_PERSON
000280-002,Abu,I_PERSON
000280-002,Thalib,I_PERSON
000280-002,dan,O
000280-002,dapat,O
000280-002,dibunuhnya,O
000280-002,",",O
000280-002,hingga,O
000280-002,ada,O
000280-002,sebelas,O
000280-002,orang,O
000280-002,di,O
000280-002,antara,O
000280-002,mereka,O
000280-002,yang,O
000280-002,semuanya,O
000280-002,dapat,O
000280-002,dibunuh,O
000280-002,.,O
000280-002,Setiap,O
000280-002,kali,O
000280-002,ada,O
000280-002,satu,O
000280-002,orang,O
000280-002,di,O
000280-002,antara,O
000280-002,mereka,O
000280-002,yang,O
000280-002,dapat,O
000280-002,dibunuh,O
000280-002,",",O
000280-002,maka,O
000280-002,sisanya,O
000280-002,diseru,O
000280-002,untuk,O
000280-002,masuk,O
000280-002,Islam,O
000280-002,.,O
000280-002,Saat,O
000280-002,itu,O
000280-002,tiba,O
000280-002,waktu,O
000280-002,shalat,O
000280-002,.,O
000280-002,Maka,O
000280-002,beliau,O
000280-002,melaksanakan,O
000280-002,shalat,O
000280-002,bersama,O
000280-002,para,O
000280-002,sahabat,O
000280-002,.,O
000280-002,Setelah,O
000280-002,selesai,O
000280-002,shalat,O
000280-002,",",O
000280-002,beliau,O
000280-002,kembali,O
000280-002,menyeru,O
000280-002,mereka,O
000280-002,lagi,O
000280-002,agar,O
000280-002,mau,O
000280-002,masuk,O
000280-002,Islam,O
000280-002,",",O
000280-002,mengajak,O
000280-002,kepada,O
000280-002,Allah,O
000280-002,dan,O
000280-002,Rasul-Nya,O
000280-002,.,O
000280-002,Tetapi,O
000280-002,mereka,O
000280-002,tetap,O
000280-002,menolak,O
000280-002,.,O
000280-002,Pertempuran,O
000280-002,berjalan,O
000280-002,terus,O
000280-002,hingga,O
000280-002,sore,O
000280-002,hari,O
000280-002,.,O
000280-002,Esok,O
000280-002,paginya,O
000280-002,selagi,O
000280-002,matahari,O
000280-002,belum,O
000280-002,naik,O
000280-002,sepenggalah,O
000280-002,",",O
000280-002,mereka,O
000280-002,sudah,O
000280-002,menyerah,O
000280-002,.,O
000280-002,Beliau,O
000280-002,dapat,O
000280-002,menaklukkan,O
000280-002,mereka,O
000280-002,dengan,O
000280-002,cara,O
000280-002,damai,O
000280-002,.,O
000280-002,Cukup,O
000280-002,banyak,O
000280-002,harta,O
000280-002,rampasan,O
000280-002,yang,O
000280-002,diperoleh,O
000280-002,dari,O
000280-002,mereka,O
000280-002,Rasulullah,B_PERSON
000280-002,di,O
000280-002,Wadil,O
000280-002,Qura,O
000280-002,selama,O
000280-002,empat,O
000280-002,hari,O
000280-002,",",O
000280-002,dan,O
000280-002,membagi,O
000280-002,harta,O
000280-002,rampasan,O
000280-002,di,O
000280-002,antara,O
000280-002,para,O
000280-002,sahabat,O
000280-002,.,O
000280-002,Sedangkan,O
000280-002,tanahnya,O
000280-002,diserahkan,O
000280-002,kepada,O
000280-002,penduduk,O
000280-002,Wadil,O
000280-002,Qura,O
000280-002,untuk,O
000280-002,diolah,O
000280-002,",",O
000280-002,seperti,O
000280-002,yang,O
000280-002,diberlakukan,O
000280-002,terhadap,O
000280-002,penduduk,O
000281-001,Tatkala,O
000281-001,orang-orang,O
000281-001,Yahudi,O
000281-001,Taima',O
000281-001,mendengar,O
000281-001,kabar,O
000281-001,tentang,O
000281-001,penduduk,O
000281-001,Khaibar,B_LOCATION
000281-001,yang,O
000281-001,menyerah,O
000281-001,",",O
000281-001,kemudian,O
000281-001,disusul,O
000281-001,penduduk,O
000281-001,Fadak,O
000281-001,dan,O
000281-001,Wadil,O
000281-001,Qura,O
000281-001,",",O
000281-001,mereka,O
000281-001,tidak,O
000281-001,berani,O
000281-001,menunjukkan,O
000281-001,perlawanan,O
000281-001,terhadap,O
000281-001,orang-orang,O
000281-001,Muslim,O
000281-001,Mereka,O
000281-001,mengirimkan,O
000281-001,utusan,O
000281-001,untuk,O
000281-001,menawarkan,O
000281-001,perjanjian,O
000281-001,damai,O
000281-001,.,O
000281-001,Rasulullah,B_PERSON
000281-001,menerima,O
000281-001,tawaran,O
000281-001,ini,O
000281-001,.,O
000281-001,Isi,O
000281-001,perjanjian,O
000281-001,dituangkan,O
000281-001,dalam,O
000281-001,sebuah,O
000281-001,tulisan,O
000281-001,",",O
000281-001,yang,O
000281-001,isinya,O
000281-001,:,O
000281-001,"""",O
000281-001,Inilah,O
000281-001,perjanjian,O
000281-001,Muhammad,B_PERSON
000281-001,Rasul,O
000281-001,Allah,O
000281-001,dengan,O
000281-001,Bani,O
000281-001,Adi,O
000281-001,",",O
000281-001,bahwa,O
000281-001,mereka,O
000281-001,mendapat,O
000281-001,jaminan,O
000281-001,sebagai,O
000281-001,ahli,O
000281-001,dzimmah,O
000281-001,",",O
000281-001,mereka,O
000281-001,harus,O
000281-001,menyerahkan,O
000281-001,jizyah,O
000281-001,",",O
000281-001,tidak,O
000281-001,ada,O
000281-001,permusuhan,O
000281-001,dan,O
000281-001,kepindahan,O
000281-001,ke,O
000281-001,tempat,O
000281-001,lain,O
000281-001,".""",O
000281-001,Yang,O
000281-001,bertugas,O
000281-001,menulis,O
000281-001,surat,O
000281-001,perjanjian,O
000281-001,ini,O
000281-001,adalah,O
000281-001,Khalid,B_PERSON
000281-001,bin,I_PERSON
000281-001,Sa'id,I_PERSON
000281-001,.,O
000281-001,235,O
000281-001,Zadul,O
000281-001,Ma'ad,O
000281-001,",",O
000281-001,2/146-147,O
000281-001,.,O
000343-001,Begitulah,O
000343-001,informasi,O
000343-001,yang,O
000343-001,masih,O
000343-001,simpang,O
000343-001,siur,O
000343-001,yang,O
000343-001,diterima,O
000343-001,orang-,O
000343-001,orang,O
000343-001,Muslim,O
000343-001,dan,O
000343-001,gambaran,O
000343-001,keadaan,O
000343-001,mereka,O
000343-001,saat,O
000343-001,itu,O
000343-001,",",O
000343-001,hingga,O
000343-001,kemudian,O
000343-001,ada,O
000343-001,serombongan,O
000343-001,orang,O
000343-001,yang,O
000343-001,datang,O
000343-001,dari,O
000343-001,Syam,B_LOCATION
000343-001,ke,O
000343-001,Madinah,B_LOCATION
000343-001,sambil,O
000343-001,membawa,O
000343-001,minyak,O
000343-001,.,O
000343-001,Mereka,O
000343-001,mengabarkan,O
000343-001,bahwa,O
000343-001,Heraklius,B_PERSON
000343-001,sudah,O
000343-001,menyiapkan,O
000343-001,segelar,O
000343-001,pasukan,O
000343-001,yang,O
000343-001,amat,O
000343-001,besar,O
000343-001,",",O
000343-001,berkekuatan,O
000343-001,40.000,O
000343-001,prajurit,O
000343-001,",",O
000343-001,yang,O
000343-001,dipimpin,O
000343-001,salah,O
000343-001,seorang,O
000343-001,pembesar,O
000343-001,Romawi,O
000343-001,.,O
000343-001,Beberapa,O
000343-001,kabilah,O
000343-001,juga,O
000343-001,bergabung,O
000343-001,bersama,O
000343-001,mereka,O
000343-001,seperti,O
000343-001,kabilah,O
000343-001,Lakhm,O
000343-001,",",O
000343-001,Judzam,O
000343-001,",",O
000343-001,dan,O
000343-001,lain-lainnya,O
000343-001,dari,O
000343-001,kabilah-kabilah,O
000343-001,Arab,O
000343-001,yang,O
000343-001,beragama,O
000343-001,Nashrani,O
000343-001,.,O
000343-001,Pasukan,O
000343-001,mereka,O
000343-001,yang,O
000343-001,terdepan,O
000343-001,sudah,O
000343-001,tiba,O
000343-001,di,O
000343-001,Balqa',B_LOCATION
000343-001,.,O
000343-001,Begitulah,O
000343-001,keadaan,O
000343-001,yang,O
000343-001,cukup,O
000343-001,rawan,O
000343-001,",",O
000343-001,yang,O
000343-001,harus,O
000343-001,dihadapi,O
000343-001,orang-orang,O
000343-001,Muslim,O
000343-001,.,O
000343-001,Keadaan,O
000343-001,ini,O
000343-001,semakin,O
000343-001,diperparah,O
000343-001,karena,O
000343-001,saat,O
000343-001,itu,O
000343-001,bertepatan,O
000343-001,dengan,O
000343-001,musim,O
000343-001,kemarau,O
000343-001,yang,O
000343-001,amat,O
000343-001,panas,O
000343-001,dan,O
000343-001,kering,O
000343-001,.,O
000343-001,Orang-orang,O
000343-001,menghadapi,O
000343-001,keadaan,O
000343-001,yang,O
000343-001,lebih,O
000343-001,sulit,O
000343-001,dan,O
000343-001,jarang-jarang,O
000343-001,menampakkan,O
000343-001,diri,O
000343-001,.,O
000343-001,Sementara,O
000343-001,buah-buah,O
000343-001,juga,O
000343-001,mulai,O
000343-001,masak,O
000343-001,",",O
000343-001,sehingga,O
000343-001,mereka,O
000343-001,lebih,O
000343-001,suka,O
000343-001,berada,O
000343-001,di,O
000343-001,kebun,O
000343-001,buah-buahan,O
000343-001,dan,O
000343-001,keteduhan,O
000343-001,pepohonannya,O
000343-001,.,O
000343-001,Jarak,O
000343-001,yang,O
000343-001,harus,O
000343-001,mereka,O
000343-001,tempuh,O
000343-001,jika,O
000343-001,harus,O
000343-001,berperang,O
000343-001,juga,O
000343-001,amat,O
000343-001,jauh,O
000343-001,lagi,O
000343-001,sulit,O
000343-001,.,O
000347-003,Saat,O
000347-003,perjalanan,O
000347-003,sudah,O
000347-003,mendekati,O
000347-003,Tabuk,B_LOCATION
000347-003,",",O
000347-003,beliau,O
000347-003,bersabda,O
000347-003,",",O
000347-003,"""",O
000347-003,Insya,O
000347-003,Allah,O
000347-003,besok,O
000347-003,kalian,O
000347-003,sudah,O
000347-003,sampai,O
000347-003,di,O
000347-003,mata,O
000347-003,air,O
000347-003,Tabuk,B_LOCATION
000347-003,.,O
000347-003,Paling,O
000347-003,cepat,O
000347-003,kalian,O
000347-003,tiba,O
000347-003,di,O
000347-003,sana,O
000347-003,pada,O
000347-003,waktu,O
000347-003,dhuha,O
000347-003,.,O
000347-003,Siapa,O
000347-003,pun,O
000347-003,yang,O
000347-003,sudah,O
000347-003,tiba,O
000347-003,di,O
000347-003,sana,O
000347-003,",",O
000347-003,maka,O
000347-003,dia,O
000347-003,tidak,O
000347-003,boleh,O
000347-003,mengambil,O
000347-003,air,O
000347-003,sedikit,O
000347-003,pun,O
000347-003,di,O
000347-003,sana,O
000347-003,hingga,O
000347-003,aku,O
000347-003,tiba,O
000347-003,".""",O
000347-003,Mu'adz,B_PERSON
000347-003,menuturkan,O
000347-003,",",O
000347-003,"""",O
000347-003,Ada,O
000347-003,dua,O
000347-003,orang,O
000347-003,yang,O
000347-003,lebih,O
000347-003,dahulu,O
000347-003,tiba,O
000347-003,di,O
000347-003,sana,O
000347-003,.,O
000347-003,Mata,O
000347-003,airnya,O
000347-003,hanya,O
000347-003,mengeluarkan,O
000347-003,sedikit,O
000347-003,air,O
000347-003,.,O
000347-003,Beliau,O
000347-003,bertanya,O
000347-003,kepada,O
000347-003,dua,O
000347-003,orang,O
000347-003,itu,O
000347-003,",",O
000347-003,"""",O
000347-003,Apakah,O
000347-003,kalian,O
000347-003,berdua,O
000347-003,sudah,O
000347-003,mengambil,O
000347-003,airnya,O
000347-003,walau,O
000347-003,sedikit,O
000347-003,"?""",O
000347-003,"""",O
000347-003,Sudah,O
000347-003,",""",O
000347-003,jawab,O
000347-003,keduanya,O
000347-003,Beliau,O
000347-003,mengucapkan,O
000347-003,sepatah,O
000347-003,dua,O
000347-003,patah,O
000347-003,kata,O
000347-003,kepada,O
000347-003,keduanya,O
000347-003,seperti,O
000347-003,yang,O
000347-003,dikehendaki,O
000347-003,Allah,O
000347-003,untuk,O
000347-003,dikatakan,O
000347-003,kepada,O
000347-003,mereka,O
000347-003,berdua,O
000347-003,.,O
000347-003,Kemudian,O
000347-003,beliau,O
000347-003,mengambil,O
000347-003,sedikit,O
000347-003,airnya,O
000347-003,lalu,O
000347-003,beliau,O
000347-003,menggunakannya,O
000347-003,untuk,O
000347-003,membasuh,O
000347-003,muka,O
000347-003,dan,O
000347-003,tangan,O
000347-003,.,O
000347-003,Kemudian,O
000347-003,air,O
000347-003,itu,O
000347-003,dikembalikan,O
000347-003,lagi,O
000347-003,ke,O
000347-003,mata,O
000347-003,airnya,O
000347-003,",",O
000347-003,hingga,O
000347-003,airnya,O
000347-003,berlimpah,O
000347-003,ruah,O
000347-003,.,O
000347-003,Maka,O
000347-003,orang-orang,O
000347-003,bisa,O
000347-003,mengambil,O
000347-003,air,O
000347-003,dari,O
000347-003,mata,O
000347-003,air,O
000347-003,itu,O
000347-003,.,O
000347-003,Kemudian,O
000347-003,beliau,O
000347-003,bersabda,O
000347-003,",",O
000347-003,"""",O
000347-003,Wahai,O
000347-003,Mu'adz,O
000347-003,",",O
000347-003,jika,O
000347-003,umurmu,O
000347-003,panjang,O
000347-003,",",O
000347-003,maka,O
000347-003,tak,O
000347-003,seberapa,O
000347-003,lama,O
000347-003,kemudian,O
000347-003,engkau,O
000347-003,akan,O
000347-003,melihat,O
000347-003,di,O
000347-003,sini,O
000347-003,sudah,O
000347-003,penuh,O
000347-003,dengan,O
000347-003,kebun-kebun,O
000347-003,".""",O
000347-003,Saat,O
000347-003,masih,O
000347-003,di,O
000347-003,perjalanan,O
000347-003,ke,O
000347-003,Tabuk,B_LOCATION
000347-003,atau,O
000347-003,menurut,O
000347-003,riwayat,O
000347-003,lain,O
000347-003,sudah,O
000347-003,tiba,O
000347-003,di,O
000347-003,sana,O
000347-003,",",O
000347-003,Rasulullah,B_PERSON
000347-003,bersabda,O
000347-003,",",O
000347-003,"""",O
000347-003,Malam,O
000347-003,ini,O
000347-003,akan,O
000347-003,berhembus,O
000347-003,angin,O
000347-003,y,O
000347-003,ang,O
000347-003,kencang,O
000347-003,".""""",O
000347-003,Ada,O
000347-003,seseorang,O
000347-003,yang,O
000347-003,keluar,O
000347-003,dan,O
000347-003,berdiri,O
000347-003,hingga,O
000347-003,berhembus,O
000347-003,angin,O
000347-003,dan,O
000347-003,jatuh,O
000347-003,di,O
000347-003,celah,O
000347-003,antara,O
000347-003,dua,O
000347-003,bukit,O
000347-003,.,O
000347-003,Dalam,O
000347-003,perjalanan,O
000347-003,ini,O
000347-003,Rasulullah,B_PERSON
000347-003,senantiasa,O
000347-003,menjama',O
000347-003,antara,O
000347-003,shalat,O
000347-003,zhuhur,O
000347-003,dan,O
000347-003,anshar,O
000347-003,",",O
000347-003,magrib,O
000347-003,dan,O
000347-003,isya',O
000347-003,",",O
000347-003,kadang,O
000347-003,dengan,O
000347-003,jama',O
000347-003,taqdim,O
000347-003,kadang,O
000347-003,dengan,O
000347-003,jama',O
000347-003,ta'khir,O
000347-003,.,O
000349-002,Ia,O
000349-002,mencintai,O
000349-002,kami,O
000349-002,dan,O
000349-002,kami,O
000349-002,mencintainya,O
000349-002,".""",O
000349-002,Secara,O
000349-002,lamat-lamat,O
000349-002,orang,O
000349-002,yang,O
000349-002,berada,O
000349-002,di,O
000349-002,Madinah,B_LOCATION
000349-002,bisa,O
000349-002,mendengar,O
000349-002,kedatangan,O
000349-002,beliau,O
000349-002,.,O
000349-002,Maka,O
000349-002,para,O
000349-002,wanita,O
000349-002,dan,O
000349-002,anak-anak,O
000349-002,keluar,O
000349-002,untuk,O
000349-002,menyongsong,O
000349-002,kedatangan,O
000349-002,pasukan,O
000349-002,dengan,O
000349-002,suasana,O
000349-002,gembira,O
000349-002,",",O
000349-002,sambil,O
000349-002,mengucapkan,O
000349-002,syair,O
000349-002,seperti,O
000349-002,yang,O
000349-002,mereka,O
000349-002,ucapkan,O
000349-002,saat,O
000349-002,kedatangan,O
000349-002,beliau,O
000349-002,ke,O
000349-002,Madinah,B_LOCATION
000349-002,pertama,O
000349-002,kali,O
000349-002,Keberangkatan,O
000349-002,beliau,O
000349-002,ke,O
000349-002,Tabuk,B_LOCATION
000349-002,pada,O
000349-002,bulan,B_TIME
000349-002,Rajab,I_TIME
000349-002,dan,O
000349-002,pulang,O
000349-002,dari,O
000349-002,sana,O
000349-002,pada,O
000349-002,bulan,B_TIME
000349-002,Ramadhan,I_TIME
000349-002,.,O
000349-002,Peperangan,O
000349-002,ini,O
000349-002,memakan,O
000349-002,waktu,O
000349-002,selama,O
000349-002,50,O
000349-002,hari,O
000349-002,.,O
000349-002,Beliau,O
000349-002,berada,O
000349-002,di,O
000349-002,Tabuk,B_LOCATION
000349-002,selama,O
000349-002,20,O
000349-002,hari,O
000349-002,",",O
000349-002,sedangkan,O
000349-002,sisanya,O
000349-002,dihabiskan,O
000349-002,di,O
000349-002,perjalanan,O
000349-002,pulang,O
000349-002,pergi,O
000349-002,.,O
000349-002,Ini,O
000349-002,merupakan,O
000349-002,peperangan,O
000349-002,beliau,O
000349-002,yang,O
000349-002,terakhir,O
000349-002,kali,O
000349-002,.,O
