text_id,token,label
000048-004,Demi,O
000048-004,"Allah,",O
000048-004,telah,O
000048-004,datang,O
000048-004,satu,O
000048-004,urusan,O
000048-004,yang,O
000048-004,kalian,O
000048-004,belum,O
000048-004,juga,O
000048-004,bisa,O
000048-004,mencari,O
000048-004,alasan,O
000048-004,untuk,O
000048-004,menghadapinya.,O
000048-004,Muhammad,B_PERSON
000048-004,adalah,O
000048-004,seorang,O
000048-004,pemuda,O
000048-004,belia,O
000048-004,di,O
000048-004,tengah,O
000048-004,"kalian,",O
000048-004,yang,O
000048-004,paling,O
000048-004,kalian,O
000048-004,"ridhai,",O
000048-004,paling,O
000048-004,jujur,O
000048-004,perkataannya,O
000048-004,dan,O
000048-004,paling,O
000048-004,besar,O
000048-004,"amanatnya,",O
000048-004,sehingga,O
000048-004,tatkala,O
000048-004,kalian,O
000048-004,melihat,O
000048-004,uban,O
000048-004,di,O
000048-004,kedua,O
000048-004,pelipisnya,O
000048-004,dan,O
000048-004,dia,O
000048-004,membawa,O
000048-004,apa,O
000048-004,yang,O
000048-004,telah,O
000048-004,dia,O
000048-004,bawa,O
000048-004,kepada,O
000048-004,"kalian,",O
000048-004,tiba-tiba,O
000048-004,kalian,O
000048-004,"mengatakan,",O
000048-004,Dia,O
000048-004,adalah,O
000048-004,laki-laki,O
000048-004,penyihir.',O
000048-004,"Tidak,",O
000048-004,demi,O
000048-004,"Allah,",O
000048-004,dia,O
000048-004,bukanlah,O
000048-004,laki-laki,O
000048-004,penyihir.,O
000048-004,Kita,O
000048-004,sudah,O
000048-004,mengetahui,O
000048-004,para,O
000048-004,penyihir.,O
000048-004,hembusan,O
000048-004,dan,O
000048-004,buhul,O
000048-004,talinya.,O
000048-004,Kalian,O
000048-004,"mengatakan,",O
000048-004,Dia,O
000048-004,adalah,O
000048-004,dukun'.,O
000048-004,"Tidak,",O
000048-004,demi,O
000048-004,"Allah,",O
000048-004,dia,O
000048-004,bukanlah,O
000048-004,dukun.,O
000048-004,Kita,O
000048-004,sudah,O
000048-004,pernah,O
000048-004,melihat,O
000048-004,dukun-,O
000048-004,"dukun,",O
000048-004,yang,O
000048-004,komat-kamit,O
000048-004,dan,O
000048-004,membacakan,O
000048-004,mantera.,O
000048-004,Kalian,O
000048-004,mengatakan.,O
000048-004,Dia,O
000048-004,adalah,O
000048-004,penyair.',O
000048-004,"Tidak,",O
000048-004,demi,O
000048-004,"Allah,",O
000048-004,dia,O
000048-004,bukanlah,O
000048-004,penyair.,O
000048-004,Kita,O
000048-004,sudah,O
000048-004,mengetahui,O
000048-004,syair,O
000048-004,dan,O
000048-004,mendengar,O
000048-004,semua,O
000048-004,"jenis-jenisnya,",O
000048-004,baik,O
000048-004,hazaj,O
000048-004,maupun,O
000048-004,rajaz.,O
000048-004,Kalian,O
000048-004,"berkata,",O
000048-004,Dia,O
000048-004,adalah,O
000048-004,orang,O
000048-004,sinting.',O
000048-004,"Tidak,",O
000048-004,demi,O
000048-004,"Allah,",O
000048-004,dia,O
000048-004,bukan,O
000048-004,orang,O
000048-004,sinting.,O
000048-004,Kita,O
000048-004,sudah,O
000048-004,mengetahui,O
000048-004,orang-orang,O
000048-004,yang,O
000048-004,sinting.,O
000048-004,sementara,O
000048-004,dia,O
000048-004,tidak,O
000048-004,menangis,O
000048-004,"tersedu-sedu,",O
000048-004,tidak,O
000048-004,bertindak,O
000048-004,sekenanya,O
000048-004,dan,O
000048-004,tidak,O
000048-004,berbisik-bisik,O
000048-004,layaknya,O
000048-004,orang,O
000048-004,sinting.,O
000048-004,Wahai,O
000048-004,semua,O
000048-004,orang,O
000048-004,Quraisy.,O
000048-004,Lihatlah,O
000048-004,lagi,O
000048-004,kedudukan,O
000048-004,kalian.,O
000048-004,Demi,O
000048-004,"Allah,",O
000048-004,kini,O
000048-004,ada,O
000048-004,urusan,O
000048-004,besar,O
000048-004,yang,O
000048-004,datang,O
000048-004,kepada,O
000048-004,"kalian.""",O
000048-004,Kemudian,O
000048-004,An-Nadhr,O
000048-004,pergi,O
000048-004,ke,O
000048-004,Hirah.,O
000048-004,Di,O
000048-004,sana,O
000048-004,dia,O
000048-004,mempelajari,O
000048-004,kisah,O
000048-004,para,O
000048-004,raja,O
000048-004,"Persi,",O
000048-004,perkataan,O
000048-004,Rustum,O
000048-004,dan,O
000048-004,Asfandiyar.,O
000049-005,yang,O
000049-005,semuanya,O
000049-005,merupakan,O
000049-005,tetangga,O
000049-005,beliau.,O
000049-005,Tak,O
000049-005,seorang,O
000049-005,pun,O
000049-005,di,O
000049-005,antara,O
000049-005,mereka,O
000049-005,yang,O
000049-005,masuk,O
000049-005,Islam,O
000049-005,selain,O
000049-005,Al-Hakam,B_PERSON
000049-005,bin,I_PERSON
000049-005,Abul,I_PERSON
000049-005,Ash.,I_PERSON
000049-005,Di,O
000049-005,antara,O
000049-005,mereka,O
000049-005,ada,O
000049-005,yang,O
000049-005,melemparkan,O
000049-005,isi,O
000049-005,perut,O
000049-005,seekor,O
000049-005,domba,O
000049-005,selagi,O
000049-005,beliau,O
000049-005,sedang,O
000049-005,shalat.,O
000049-005,Di,O
000049-005,antara,O
000049-005,mereka,O
000049-005,ada,O
000049-005,pula,O
000049-005,yang,O
000049-005,meletakkannya,O
000049-005,di,O
000049-005,dalam,O
000049-005,periuk,O
000049-005,beliau.,O
000049-005,Sehingga,O
000049-005,beliau,O
000049-005,perlu,O
000049-005,memasang,O
000049-005,bebatuan,O
000049-005,untuk,O
000049-005,memberi,O
000049-005,tanda,O
000049-005,pembatas,O
000049-005,agar,O
000049-005,tidak,O
000049-005,mereka,O
000049-005,76_,O
000049-005,Lihat,O
000049-005,Sirah,O
000049-005,"An-Nabawiyah,",O
000049-005,Ibnu,B_PERSON
000049-005,"Hisyam,",I_PERSON
000049-005,1/335-336.,O
000049-005,langgar,O
000049-005,selagi,O
000049-005,sedang,O
000049-005,shalat.,O
000049-005,Jika,O
000049-005,beliau,O
000049-005,dilempari,O
000049-005,kotoran-kotoran,O
000049-005,"itu,",O
000049-005,maka,O
000049-005,beliau,O
000049-005,keluar,O
000049-005,rumah,O
000049-005,sambil,O
000049-005,memegangi,O
000049-005,sepotong,O
000049-005,"dahan,",O
000049-005,lalu,O
000049-005,beliau,O
000049-005,berdiri,O
000049-005,di,O
000049-005,ambang,O
000049-005,pintu,O
000049-005,sambil,O
000049-005,"membersihkannya,",O
000049-005,seraya,O
000049-005,"bersabda,",O
000049-005,"""Wahai",O
000049-005,Bani,O
000049-005,Abdi,O
000049-005,"Manaf,",O
000049-005,tetangga,O
000049-005,macam,O
000049-005,apakah,O
000049-005,"ini?""",O
000049-005,Kemudian,O
000049-005,beliau,O
000049-005,membuang,O
000049-005,kotoran-,O
000049-005,kotoran,O
000049-005,itu,O
000049-005,ke,O
000049-005,jalan,O
000049-005,Terlebih,O
000049-005,lagi,O
000049-005,kebengisan,O
000049-005,Uqbah,B_PERSON
000049-005,bin,I_PERSON
000049-005,Abu,I_PERSON
000049-005,Mu'ith.,I_PERSON
000049-005,Al-Bukhari,O
000049-005,meriwayatkan,O
000049-005,dari,O
000049-005,Abdullah,B_PERSON
000049-005,bin,I_PERSON
000049-005,Mas-ud,I_PERSON
000049-005,",",O
000049-005,bahwa,O
000049-005,suatu,O
000049-005,kali,O
000049-005,Nabi,O
000049-005,shalat,O
000049-005,di,O
000049-005,dekat,O
000049-005,Ka'bah,B_LOCATION
000049-005,sedangkan,O
000049-005,Abu,B_PERSON
000049-005,Jahal,I_PERSON
000049-005,dan,O
000049-005,rekan-rekannya,O
000049-005,sedang,O
000049-005,duduk-duduk.,O
000049-005,Sebagian,O
000049-005,di,O
000049-005,antara,O
000049-005,mereka,O
000049-005,ada,O
000049-005,yang,O
000049-005,berkata,O
000049-005,kepada,O
000049-005,sebagian,O
000049-005,yang,O
000049-005,"lain,",O
000049-005,"""Siapakah",O
000049-005,di,O
000049-005,antara,O
000049-005,kalian,O
000049-005,yang,O
000049-005,berani,O
000049-005,mengambil,O
000049-005,kotoran,O
000049-005,onta,O
000049-005,yang,O
000049-005,disembelih,O
000049-005,di,O
000049-005,Bani,O
000049-005,"Fulan,",O
000049-005,dan,O
000049-005,meletakkannya,O
000049-005,di,O
000049-005,punggung,O
000049-005,Muhammad,B_PERSON
000049-005,selagi,O
000049-005,sedang,O
000049-005,shalat?',O
000049-005,Maka,O
000049-005,manusia,O
000049-005,yang,O
000049-005,paling,O
000049-005,"celaka,",O
000049-005,Uqbah,B_PERSON
000049-005,bin,I_PERSON
000049-005,Abu,I_PERSON
000049-005,"Mu'ith,",I_PERSON
000049-005,melaksanakannya,O
000049-005,Dia,O
000049-005,menunggu,O
000049-005,dan,O
000049-005,memandang.,O
000049-005,Tatkala,O
000049-005,beliau,O
000049-005,sedang,O
000049-005,sujud,O
000049-005,kepada,O
000049-005,"Allah,",O
000049-005,maka,O
000049-005,dia,O
000049-005,meletakkan,O
000049-005,kotoran,O
000049-005,itu,O
000049-005,di,O
000049-005,antara,O
000049-005,pundak,O
000049-005,beliau.,O
000049-005,Aku,O
000049-005,hanya,O
000049-005,bisa,O
000049-005,mengawasi,O
000049-005,dan,O
000049-005,tidak,O
000049-005,mampu,O
000049-005,berbuat,O
000049-005,apa-apa.,O
000051-005,4,O
000051-005,84,O
000051-005,Tafhimul-Qur,O
000051-005,"'an,",O
000051-005,5/188.,O
000051-005,Makna,O
000051-005,ini,O
000051-005,yang,O
000051-005,bisa,O
000051-005,disimpulkan,O
000051-005,para,O
000051-005,peneliti,O
000051-005,mengenai,O
000051-005,hadits,O
000051-005,Gharaniq.,O
000051-005,Apa,O
000051-005,yang,O
000051-005,selama,O
000051-005,itu,O
000051-005,mereka,O
000051-005,pegang,O
000051-005,telah,O
000051-005,"jatuh,",O
000051-005,karena,O
000051-005,mereka,O
000051-005,merasakan,O
000051-005,keagungan,O
000051-005,kalam,O
000051-005,Allah,O
000051-005,yang,O
000051-005,benar-benar,O
000051-005,telah,O
000051-005,menguasai,O
000051-005,kendali,O
000051-005,mereka.,O
000051-005,Saat,O
000051-005,itu,O
000051-005,mereka,O
000051-005,melakukan,O
000051-005,apa,O
000051-005,yang,O
000051-005,sebelumnya,O
000051-005,hendak,O
000051-005,mereka,O
000051-005,punahkan,O
000051-005,dan,O
000051-005,basmi.,O
000051-005,Maka,O
000051-005,setelah,O
000051-005,itu,O
000051-005,mereka,O
000051-005,yang,O
000051-005,sujud,O
000051-005,itu,O
000051-005,mendapat,O
000051-005,cercaan,O
000051-005,dan,O
000051-005,makian,O
000051-005,dari,O
000051-005,segala,O
000051-005,"arah,",O
000051-005,yaitu,O
000051-005,dilontarkan,O
000051-005,orang-orang,O
000051-005,musyrik,O
000051-005,yang,O
000051-005,tidak,O
000051-005,ikut,O
000051-005,sujud.,O
000051-005,Pada,O
000051-005,saat,O
000051-005,itulah,O
000051-005,mereka,O
000051-005,mendustakan,O
000051-005,Rasulullah,B_PERSON
000051-005,dan,O
000051-005,mengada-ngadakan,O
000051-005,perkataan,O
000051-005,untuk,O
000051-005,memojokkan,O
000051-005,"beliau,",O
000051-005,bahwa,O
000051-005,beliau,O
000051-005,menyebutkan,O
000051-005,nama-nama,O
000051-005,berhala,O
000051-005,mereka,O
000051-005,dengan,O
000051-005,ungkapan,O
000051-005,berisi,O
000051-005,"sanjungan,",O
000051-005,bahwa,O
000051-005,beliau,O
000051-005,berkata,O
000051-005,tentang,O
000051-005,berhala-berhala,O
000051-005,itu.,O
000051-005,"""Itulah",O
000051-005,Gharaniq,O
000051-005,yang,O
000051-005,"luhur,",O
000051-005,yang,O
000051-005,syafaatnya,O
000051-005,benar-benar,O
000051-005,"diharapkan.""",O
000051-005,Mereka,O
000051-005,membuat,O
000051-005,kedustaan,O
000051-005,yang,O
000051-005,nyata,O
000051-005,"ini,",O
000051-005,sebagai,O
000051-005,alasan,O
000051-005,untuk,O
000051-005,menutup-nutupi,O
000051-005,sujud,O
000051-005,mereka,O
000051-005,bersama,O
000051-005,Nabi,O
000051-005,.,O
000051-005,Tindakan,O
000051-005,seperti,O
000051-005,ini,O
000051-005,tidak,O
000051-005,terlalu,O
000051-005,"mengherankan,",O
000051-005,sebab,O
000051-005,mereka,O
000051-005,sudah,O
000051-005,biasa,O
000051-005,membuat,O
000051-005,kedustaan,O
000051-005,dan,O
000051-005,mengarang-ngarang,O
000051-005,cerita,O
000051-005,bohong.,O
000051-005,5,O
000051-005,Cerita,O
000051-005,tentang,O
000051-005,Gharabiq,O
000051-005,dan,O
000051-005,sujudnya,O
000051-005,orang-orang,O
000051-005,musyrik,O
000051-005,ini,O
000051-005,didengar,O
000051-005,para,O
000051-005,Muhajirin,O
000051-005,di,O
000051-005,"Habasyah,",B_LOCATION
000051-005,tetapi,O
000051-005,dengan,O
000051-005,versi,O
000051-005,yang,O
000051-005,berbeda,O
000051-005,jauh,O
000051-005,dengan,O
000051-005,gambaran,O
000051-005,yang,O
000051-005,hakiki.,O
000051-005,Ceritanya,O
000051-005,bahwa,O
000051-005,orang-orang,O
000051-005,Quraisy,O
000051-005,sudah,O
000051-005,masuk,O
000051-005,Islam.,O
000051-005,Oleh,O
000051-005,karena,O
000051-005,itu,O
000051-005,mereka,O
000051-005,pulang,O
000051-005,ke,O
000051-005,Makkah,B_LOCATION
000051-005,pada,O
000051-005,bulan,B_TIME
000051-005,Syawwal,I_TIME
000051-005,pada,O
000051-005,tahun,O
000051-005,yang,O
000051-005,sama.,O
000051-005,Hampir,O
000051-005,mendekati,O
000051-005,Makkah,B_LOCATION
000051-005,sebelum,O
000051-005,tengah,O
000051-005,"hari,",O
000051-005,mereka,O
000051-005,pun,O
000051-005,tahu,O
000051-005,apa,O
000051-005,yang,O
000051-005,sebenarnya,O
000051-005,terjadi.,O
000052-004,Lalu,O
000052-004,kaum,O
000052-004,kami,O
000052-004,memusuhi,O
000052-004,"kami,",O
000052-004,menyiksa,O
000052-004,kami,O
000052-004,dan,O
000052-004,menimbulkan,O
000052-004,cobaan,O
000052-004,terhadap,O
000052-004,agama,O
000052-004,"kami,",O
000052-004,dengan,O
000052-004,tujuan,O
000052-004,untuk,O
000052-004,mengembalikan,O
000052-004,kami,O
000052-004,kepada,O
000052-004,penyembahan,O
000052-004,terhadap,O
000052-004,"patung,",O
000052-004,tanpa,O
000052-004,diperbolehkan,O
000052-004,menyembah,O
000052-004,"Allah,",O
000052-004,agar,O
000052-004,kami,O
000052-004,menghalalkan,O
000052-004,berbagai,O
000052-004,macam,O
000052-004,keburukan,O
000052-004,seperti,O
000052-004,dahulu.,O
000052-004,Setelah,O
000052-004,mereka,O
000052-004,"menekan,",O
000052-004,berbuat,O
000052-004,"semena-mena,",O
000052-004,mempersempit,O
000052-004,gerak,O
000052-004,kami,O
000052-004,dan,O
000052-004,menghalangi,O
000052-004,diri,O
000052-004,kami,O
000052-004,dari,O
000052-004,agama,O
000052-004,"kami,",O
000052-004,maka,O
000052-004,kami,O
000052-004,pun,O
000052-004,pergi,O
000052-004,ke,O
000052-004,negeri,O
000052-004,tuan,O
000052-004,dan,O
000052-004,memilih,O
000052-004,tuan,O
000052-004,daripada,O
000052-004,orang,O
000052-004,lain.,O
000052-004,Kami,O
000052-004,gembira,O
000052-004,mendapat,O
000052-004,perlindungan,O
000052-004,tuan,O
000052-004,dan,O
000052-004,kami,O
000052-004,tetap,O
000052-004,berharap,O
000052-004,agar,O
000052-004,kami,O
000052-004,tidak,O
000052-004,dizhalimi,O
000052-004,di,O
000052-004,sisi,O
000052-004,"tuan,",O
000052-004,wahai,O
000052-004,tuan,O
000052-004,"Raja!""""",O
000052-004,"""Apakah",O
000052-004,engkau,O
000052-004,bisa,O
000052-004,membacakan,O
000052-004,sedikit,O
000052-004,ajaran,O
000052-004,dari,O
000052-004,Allah,O
000052-004,yang,O
000052-004,dibawa,O
000052-004,"(Rasulullah)?""",B_PERSON
000052-004,tanya,O
000052-004,Najasyi.,B_PERSON
000052-004,"""Ya.""",O
000052-004,Jawab,O
000052-004,Ja'far.,O
000052-004,"""Kalau",O
000052-004,begitu,O
000052-004,bacakanlah,O
000052-004,"kepadaku!""",O
000052-004,Lalu,O
000052-004,Ja'far,O
000052-004,membacakan,O
000052-004,dengan,O
000052-004,"menghafal,",O
000052-004,"dari,",O
000052-004,"""Kaf",O
000052-004,ha'ya',O
000052-004,ain,O
000052-004,shad,O
000052-004,""".",O
000052-004,Dari,O
000052-004,surat,O
000052-004,Maryam.,O
000052-004,Demi,O
000052-004,"Allah,",O
000052-004,Najasyi,B_PERSON
000052-004,menangis,O
000052-004,hingga,O
000052-004,membasahi,O
000052-004,"jenggotnya,",O
000052-004,begitu,O
000052-004,pula,O
000052-004,para,O
000052-004,uskupnya,O
000052-004,hingga,O
000052-004,jenggot,O
000052-004,mereka,O
000052-004,basah,O
000052-004,oleh,O
000052-004,air,O
000052-004,"mata,",O
000052-004,tatkala,O
000052-004,mendengar,O
000052-004,apa,O
000052-004,yang,O
000052-004,dibacakan,O
000052-004,kepada,O
000052-004,mereka.,O
000052-004,Kemudian,O
000052-004,Najasyi,B_PERSON
000052-004,"berkata,",O
000052-004,"""Sesungguhnya",O
000052-004,ini,O
000052-004,dan,O
000052-004,yang,O
000052-004,dibawa,O
000052-004,Isa,B_PERSON
000052-004,benar-,O
000052-004,benar,O
000052-004,keluar,O
000052-004,dari,O
000052-004,satu,O
000052-004,misykat.,O
000052-004,Pergilah,O
000052-004,kalian,O
000052-004,berdua.,O
000052-004,Demi,O
000052-004,Allah,O
000052-004,aku,O
000052-004,tidak,O
000052-004,akan,O
000052-004,menyerahkan,O
000052-004,mereka,O
000052-004,kepada,O
000052-004,kalian,O
000052-004,berdua,O
000052-004,dan,O
000052-004,sama,O
000052-004,sekali,O
000052-004,"tidak.""",O
000052-004,Maka,O
000052-004,keduanya,O
000052-004,beranjak,O
000052-004,pergi,O
000052-004,dari,O
000052-004,hadapan,O
000052-004,Najasyi.,B_PERSON
000057-011,Apalagi,O
000057-011,jika,O
000057-011,pertemuan,O
000057-011,itu,O
000057-011,satu,O
000057-011,lawan,O
000057-011,satu.,O
000057-011,Tatkala,O
000057-011,mereka,O
000057-011,bergerombol,O
000057-011,dan,O
000057-011,tahu,O
000057-011,keislaman,O
000057-011,"Umar,",B_PERSON
000057-011,mereka,O
000057-011,pun,O
000057-011,berani,O
000057-011,mengeroyoknya,O
000057-011,dan,O
000057-011,terjadilah,O
000057-011,apa,O
000057-011,yang,O
000057-011,"terjadi,",O
000057-011,pent.,O
000057-011,itulah,O
000057-011,Rasulullah,B_PERSON
000057-011,menjuluki,O
000057-011,"""Al-Faruq""",O
000057-011,(yang,O
000057-011,suka,O
000057-011,memisahkan,O
000057-011,antara,O
000057-011,haq,O
000057-011,dan,O
000057-011,Ibnu,B_PERSON
000057-011,Mas'ud,I_PERSON
000057-011,"berkata,""Hampir-hampir",O
000057-011,kami,O
000057-011,tidak,O
000057-011,bisa,O
000057-011,mendirikan,O
000057-011,shalat,O
000057-011,di,O
000057-011,dekat,O
000057-011,Ka'bah,B_LOCATION
000057-011,hingga,O
000057-011,Umar,B_PERSON
000057-011,masuk,O
000057-011,Dari,O
000057-011,Shuhaib,B_PERSON
000057-011,bin,I_PERSON
000057-011,Sinar,I_PERSON
000057-011,Ar-Rumi,O
000057-011,",",O
000057-011,dia,O
000057-011,"berkata,",O
000057-011,"""Setelah",O
000057-011,Umar,B_PERSON
000057-011,masuk,O
000057-011,"Islam,",O
000057-011,maka,O
000057-011,Islam,O
000057-011,menjadi,O
000057-011,tampak,O
000057-011,dan,O
000057-011,dakwah,O
000057-011,kepadanya,O
000057-011,dilakukan,O
000057-011,secara,O
000057-011,terang-terangan.,O
000057-011,Kami,O
000057-011,bisa,O
000057-011,duduk,O
000057-011,membuat,O
000057-011,lingkaran,O
000057-011,di,O
000057-011,sekitar,O
000057-011,"Baitul-Haram,",O
000057-011,thawaf,O
000057-011,di,O
000057-011,sekeliling,O
000057-011,"Ka'bah,",B_LOCATION
000057-011,berani,O
000057-011,mengambil,O
000057-011,tindakan,O
000057-011,terhadap,O
000057-011,orang,O
000057-011,yang,O
000057-011,berlaku,O
000057-011,kasar,O
000057-011,kepada,O
000057-011,kami,O
000057-011,dan,O
000057-011,Diriwayatkan,O
000057-011,dari,O
000057-011,Abdullah,B_PERSON
000057-011,bin,I_PERSON
000057-011,"Mas'ud,",I_PERSON
000057-011,dia,O
000057-011,"berkata,",O
000057-011,"""Kami",O
000057-011,merasa,O
000057-011,kuat,O
000059-002,Dia,O
000059-002,berdiri,O
000059-002,di,O
000059-002,tengah,O
000059-002,anggota,O
000059-002,keluarganya,O
000059-002,dari,O
000059-002,Bani,O
000059-002,"Hasyim,",O
000059-002,Bani,O
000059-002,Al-Muththalib,O
000059-002,dan,O
000059-002,Abdi,O
000059-002,"Manaf,",O
000059-002,meminta,O
000059-002,kesediaan,O
000059-002,mereka,O
000059-002,untuk,O
000059-002,melindungi,O
000059-002,anak,O
000059-002,saudaranya.,O
000059-002,Ternyata,O
000059-002,mereka,O
000059-002,"menyanggupinya,",O
000059-002,yang,O
000059-002,kafir,O
000059-002,maupun,O
000059-002,yang,O
000059-002,"Muslim,",O
000059-002,sebagai,O
000059-002,langkah,O
000059-002,untuk,O
000059-002,menjaga,O
000059-002,kekerabatan.,O
000059-002,Yang,O
000059-002,tidak,O
000059-002,bergabung,O
000059-002,dalam,O
000059-002,kesediaan,O
000059-002,ini,O
000059-002,adalah,O
000059-002,"saudaranya,",O
000059-002,Abu,B_PERSON
000059-002,Lahab.,I_PERSON
000059-002,Dia,O
000059-002,memisahkan,O
000059-002,diri,O
000059-002,dari,O
000059-002,mereka,O
000059-002,dan,O
000059-002,bergabung,O
000059-002,bersama,O
000059-002,orang-orang,O
000059-002,Quraisy,O
000059-002,lainnya.,O
000121-001,Seperti,O
000121-001,yang,O
000121-001,dituturkan,O
000121-001,Abu,B_PERSON
000121-001,"Sufyan,",I_PERSON
000121-001,tadinya,O
000121-001,dia,O
000121-001,mengambil,O
000121-001,jalur,O
000121-001,pokok,O
000121-001,yang,O
000121-001,menuju,O
000121-001,Makkah.,B_LOCATION
000121-001,Oleh,O
000121-001,karena,O
000121-001,itu,O
000121-001,dia,O
000121-001,meningkatkan,O
000121-001,kewaspadaan,O
000121-001,dan,O
000121-001,selalu,O
000121-001,menyelidiki.,O
000121-001,Tatkala,O
000121-001,kafilahnya,O
000121-001,sudah,O
000121-001,mendekati,O
000121-001,"Badr,",B_LOCATION
000121-001,dia,O
000121-001,mendahului,O
000121-001,rombongan,O
000121-001,hingga,O
000121-001,bertemu,O
000121-001,dengan,O
000121-001,Majdi,B_PERSON
000121-001,bin,I_PERSON
000121-001,"Amr,",I_PERSON
000121-001,dan,O
000121-001,menanyakan,O
000121-001,pasukan,O
000121-001,Madinah,B_LOCATION
000121-001,kepadanya.,O
000121-001,"""Aku",O
000121-001,tidak,O
000121-001,melihat,O
000121-001,seorang,O
000121-001,pun,O
000121-001,yang,O
000121-001,dicurigai.,O
000121-001,Hanya,O
000121-001,saja,O
000121-001,tadi,O
000121-001,kulihat,O
000121-001,ada,O
000121-001,dua,O
000121-001,orang,O
000121-001,penunggang,O
000121-001,yang,O
000121-001,berhenti,O
000121-001,di,O
000121-001,bukit,O
000121-001,"itu,""",O
000121-001,jawab,O
000121-001,Majdi,O
000121-001,Setelah,O
000121-001,mengisi,O
000121-001,kantong,O
000121-001,"air,",O
000121-001,keduanya,O
000121-001,pun,O
000121-001,pergi.,O
000121-001,Abu,B_PERSON
000121-001,Sufyan,I_PERSON
000121-001,segera,O
000121-001,mendatangi,O
000121-001,tempat,O
000121-001,menderum,O
000121-001,onta,O
000121-001,dua,O
000121-001,orang,O
000121-001,yang,O
000121-001,dimaksudkan,O
000121-001,Majdi,O
000121-001,dan,O
000121-001,meneliti,O
000121-001,"kotorannya,",O
000121-001,yang,O
000121-001,ternyata,O
000121-001,di,O
000121-001,sana,O
000121-001,ada,O
000121-001,biji-bijian,O
000121-001,yang,O
000121-001,masih,O
000121-001,utuh.,O
000121-001,Dia,O
000121-001,"berkata,",O
000121-001,Demi,O
000121-001,"Allah,",O
000121-001,ini,O
000121-001,adalah,O
000121-001,makanan,O
000121-001,hewan,O
000121-001,dari,O
000121-001,"Yatsrib.""",B_LOCATION
000121-001,Secepat,O
000121-001,itu,O
000121-001,pula,O
000121-001,dia,O
000121-001,kembali,O
000121-001,menemui,O
000121-001,kafilahnya,O
000121-001,dan,O
000121-001,mengalihkan,O
000121-001,arah,O
000121-001,perjalanan,O
000121-001,menuju,O
000121-001,ke,O
000121-001,barat,O
000121-001,menuju,O
000121-001,pesisir,O
000121-001,"pantai,",O
000121-001,tidak,O
000121-001,jadi,O
000121-001,mengambil,O
000121-001,jalan,O
000121-001,pokok,O
000121-001,yang,O
000121-001,melewati,O
000121-001,"Badr,",B_LOCATION
000121-001,tepatnya,O
000121-001,ke,O
000121-001,arah,O
000121-001,kiri.,O
000121-001,Dengan,O
000121-001,cara,O
000121-001,itu,O
000121-001,kafilah,O
000121-001,Abu,B_PERSON
000121-001,Sufyan,I_PERSON
000121-001,bisa,O
000121-001,selamat,O
000121-001,dari,O
000121-001,hadangan,O
000121-001,pasukan,O
000121-001,Madinah,B_LOCATION
000121-001,lalu,O
000121-001,mengirim,O
000121-001,surat,O
000121-001,ke,O
000121-001,pasukan,O
000121-001,Makkah,B_LOCATION
000121-001,yang,O
000121-001,sudah,O
000121-001,tiba,O
000121-001,di,O
000121-001,Al-Juhfah.,O
000124-004,Demi,O
000124-004,"Allah,",O
000124-004,jika,O
000124-004,engkau,O
000124-004,maju,O
000124-004,hingga,O
000124-004,mencapai,O
000124-004,dasar,O
000124-004,sumur,O
000124-004,yang,O
000124-004,"gelap,",O
000124-004,tentu,O
000124-004,kami,O
000124-004,akan,O
000124-004,maju,O
000124-004,bersama,O
000124-004,engkau.,O
000124-004,Demi,O
000124-004,"Allah,",O
000124-004,jika,O
000124-004,engkau,O
000124-004,terhalang,O
000124-004,lautan,O
000124-004,bersama,O
000124-004,"kami,",O
000124-004,lalu,O
000124-004,engkau,O
000124-004,terjun,O
000124-004,ke,O
000124-004,lautan,O
000124-004,"itu,",O
000124-004,tentu,O
000124-004,kami,O
000124-004,juga,O
000124-004,akan,O
000124-004,terjun,O
000124-004,bersama,O
000124-004,engkau.,O
000124-004,Rasulullah,B_PERSON
000124-004,merasa,O
000124-004,gembira,O
000124-004,dengan,O
000124-004,apa,O
000124-004,yang,O
000124-004,dikatakan,O
000124-004,Sa'd,O
000124-004,dan,O
000124-004,semangatnya,O
000124-004,yang,O
000124-004,menggebu-gebu.,O
000124-004,Maka,O
000124-004,beliau,O
000124-004,"bersabda,",O
000124-004,"""Majulah",O
000124-004,kalian,O
000124-004,dan,O
000124-004,terimalah,O
000124-004,kabar,O
000124-004,"gembira,",O
000124-004,karena,O
000124-004,Allah,O
000124-004,telah,O
000124-004,menjanjikan,O
000124-004,salah,O
000124-004,satu,O
000124-004,dari,O
000124-004,dua,O
000124-004,pihak,O
000124-004,kepadaku.,O
000124-004,Demi,O
000124-004,"Allah,",O
000124-004,seakan-akan,O
000124-004,saat,O
000124-004,ini,O
000124-004,aku,O
000124-004,bisa,O
000124-004,melihat,O
000124-004,tempat,O
000124-004,kematian,O
000124-004,"mereka.""",O
000124-004,Setelah,O
000124-004,itu,O
000124-004,Rasulullah,B_PERSON
000124-004,meninggalkan,O
000124-004,Dzafiran,O
000124-004,untuk,O
000124-004,melanjutkan,O
000124-004,perjalanan.,O
000124-004,Beliau,O
000124-004,melewati,O
000124-004,jalan,O
000124-004,bukit,O
000124-004,yang,O
000124-004,disebut,O
000124-004,"Al-Ashafir,",O
000124-004,kemudian,O
000124-004,cepat-cepat,O
000124-004,menuju,O
000124-004,suatu,O
000124-004,tempat,O
000124-004,yang,O
000124-004,disebut,O
000124-004,Ad-Dabbah,O
000124-004,dan,O
000124-004,meninggalkan,O
000124-004,Al-Hannan,O
000124-004,di,O
000124-004,sebelah,O
000124-004,"kanannya,",O
000124-004,yaitu,O
000124-004,sebuah,O
000124-004,bukit,O
000124-004,pasir,O
000124-004,yang,O
000124-004,menyerupai,O
000124-004,gunung,O
000124-004,yang,O
000124-004,"kokoh,",O
000124-004,kemudian,O
000124-004,tiba,O
000124-004,di,O
000124-004,dekat,O
000124-004,Badr.,B_LOCATION
000127-002,Tatkala,O
000127-002,orang-orang,O
000127-002,Muslim,O
000127-002,sudah,O
000127-002,berhenti,O
000127-002,di,O
000127-002,tempat,O
000127-002,yang,O
000127-002,dimaksudkan.,O
000127-002,dekat,O
000127-002,dengan,O
000127-002,mata,O
000127-002,"air,",O
000127-002,maka,O
000127-002,Sa'd,B_PERSON
000127-002,bin,I_PERSON
000127-002,Mu'adz,I_PERSON
000127-002,mengusulkan,O
000127-002,kepada,O
000127-002,Rasulullah,B_PERSON
000127-002,",",O
000127-002,bagaimana,O
000127-002,jika,O
000127-002,orang-orang,O
000127-002,Muslim,O
000127-002,membuat,O
000127-002,tempat,O
000127-002,khusus,O
000127-002,bagi,O
000127-002,beliau,O
000127-002,untuk,O
000127-002,memberikan,O
000127-002,"komando,",O
000127-002,sekaligus,O
000127-002,sebagai,O
000127-002,antisipasi,O
000127-002,adanya,O
000127-002,serangan,O
000127-002,mendadak,O
000127-002,serta,O
000127-002,kemungkinan,O
000127-002,jika,O
000127-002,mereka,O
000127-002,terdesak,O
000127-002,dan,O
000127-002,sebelum,O
000127-002,memastikan,O
000127-002,kemenangan.,O
000127-002,Dia,O
000127-002,"berkata,",O
000127-002,"""Wahai",O
000127-002,Nabi,O
000127-002,"Allah,",O
000127-002,bagaimana,O
000127-002,jika,O
000127-002,kami,O
000127-002,membuat,O
000127-002,sebuah,O
000127-002,tenda,O
000127-002,bagi,O
000127-002,engkau,O
000127-002,dan,O
000127-002,kami,O
000127-002,siapkan,O
000127-002,kendaraan,O
000127-002,di,O
000127-002,sisi,O
000127-002,"engkau,",O
000127-002,kemudian,O
000127-002,biarlah,O
000127-002,kami,O
000127-002,menghadapi,O
000127-002,musuh?,O
000127-002,Jika,O
000127-002,Allah,O
000127-002,memberikan,O
000127-002,kemenangan,O
000127-002,kepada,O
000127-002,kita,O
000127-002,atau,O
000127-002,"musuh,",O
000127-002,maka,O
000127-002,memang,O
000127-002,itulah,O
000127-002,yang,O
000127-002,kami,O
000127-002,sukai.,O
000127-002,Tetapi,O
000127-002,jika,O
000127-002,hasilnya,O
000127-002,"lain,",O
000127-002,maka,O
000127-002,engkau,O
000127-002,bisa,O
000127-002,langsung,O
000127-002,duduk,O
000127-002,di,O
000127-002,atas,O
000127-002,"kendaraan,",O
000127-002,lalu,O
000127-002,bisa,O
000127-002,menyusul,O
000127-002,orang-orang,O
000127-002,di,O
000127-002,belakang,O
000127-002,kami.,O
000127-002,Di,O
000127-002,sana,O
000127-002,masih,O
000127-002,ada,O
000127-002,beberapa,O
000127-002,orang,O
000127-002,yang,O
000127-002,tidak,O
000127-002,ikut,O
000127-002,bergabung,O
000127-002,dengan,O
000127-002,kami.,O
000127-002,Wahai,O
000127-002,Nabi,O
000127-002,"Allah,",O
000127-002,mereka,O
000127-002,jauh,O
000127-002,lebih,O
000127-002,mencintai,O
000127-002,engkau,O
000127-002,daripada,O
000127-002,cinta,O
000127-002,kami,O
000127-002,kepada,O
000127-002,engkau.,O
000127-002,Jika,O
000127-002,mereka,O
000127-002,menganggap,O
000127-002,bahwa,O
000127-002,engkau,O
000127-002,harus,O
000127-002,menghadapi,O
000127-002,"perang,",O
000127-002,tentu,O
000127-002,mereka,O
000127-002,tidak,O
000127-002,akan,O
000127-002,mangkir,O
000127-002,dari,O
000127-002,sisi,O
000127-002,engkau.,O
000127-002,Allah,O
000127-002,pasti,O
000127-002,akan,O
000127-002,membela,O
000127-002,engkau,O
000127-002,bersama,O
000127-002,"mereka,",O
000127-002,memberikan,O
000127-002,nasihat,O
000127-002,kepada,O
000127-002,engkau,O
000127-002,dan,O
000127-002,berjihad,O
000127-002,bersama,O
000127-002,"engkau.""",O
000127-002,Maka,O
000127-002,Rasulullah,B_PERSON
000127-002,memohon,O
000127-002,dan,O
000127-002,mendoakan,O
000127-002,kebaikan,O
000127-002,bagi,O
000127-002,Sa'd.,O
000127-002,Lalu,O
000127-002,orang-orang,O
000127-002,Muslim,O
000127-002,membuat,O
000127-002,sebuah,O
000127-002,tenda,O
000127-002,di,O
000127-002,tempat,O
000127-002,yang,O
000127-002,"tinggi,",O
000127-002,tepatnya,O
000127-002,di,O
000127-002,sebelah,O
000127-002,timur,O
000127-002,laut,O
000127-002,dari,O
000127-002,medan,O
000127-002,perang.,O
000127-002,Ada,O
000127-002,beberapa,O
000127-002,pemuda,O
000127-002,Anshar,O
000127-002,yang,O
000127-002,telah,O
000127-002,ditunjuk,O
000127-002,menyertai,O
000127-002,Sa'd,B_PERSON
000127-002,bin,I_PERSON
000127-002,"Mu'adz,",I_PERSON
000127-002,yang,O
000127-002,berjaga-jaga,O
000127-002,di,O
000127-002,sekitar,O
000127-002,Rasulullah,B_PERSON
000128-001,Kemudian,O
000128-001,Rasulullah,B_PERSON
000128-001,mempersiapkan,O
000128-001,"pasukan,",O
000128-001,berkeliling,O
000128-001,di,O
000128-001,sekitar,O
000128-001,arena,O
000128-001,yang,O
000128-001,akan,O
000128-001,dijadikan,O
000128-001,ajang,O
000128-001,pertempuran.,O
000128-001,Beliau,O
000128-001,menunjukkan,O
000128-001,jarinya,O
000128-001,ke,O
000128-001,suatu,O
000128-001,tempat,O
000128-001,sambil,O
000128-001,"bersabda,",O
000128-001,Ini,O
000128-001,tempat,O
000128-001,kematian,O
000128-001,Fulan,O
000128-001,esok,O
000128-001,hari,O
000128-001,insya,O
000128-001,"Allah,",O
000128-001,dan,O
000128-001,ini,O
000128-001,tempat,O
000128-001,kematiannya,O
000128-001,Fulan,O
000128-001,insya,O
000128-001,"Allah.""",O
000128-001,Pada,O
000128-001,malam,O
000128-001,itu,O
000128-001,beliau,O
000128-001,sering,O
000128-001,melaksanakan,O
000128-001,shalat,O
000128-001,di,O
000128-001,dekat,O
000128-001,pangkal,O
000128-001,pohon,O
000128-001,yang,O
000128-001,tumbuh,O
000128-001,di,O
000128-001,sana.,O
000128-001,Sedangkan,O
000128-001,orang-orang,O
000128-001,Muslim,O
000128-001,tidur,O
000128-001,dengan,O
000128-001,hembusan,O
000128-001,napas,O
000128-001,yang,O
000128-001,tenang,O
000128-001,seakan,O
000128-001,menyinari,O
000128-001,angkasa.,O
000128-001,Hati,O
000128-001,mereka,O
000128-001,ditaburi,O
000128-001,keyakinan,O
000128-001,Mereka,O
000128-001,cukup,O
000128-001,istirahat,O
000128-001,pada,O
000128-001,malam,O
000128-001,"itu,",O
000128-001,dengan,O
000128-001,harapan,O
000128-001,esok,O
000128-001,paginya,O
000128-001,dapat,O
000128-001,melihat,O
000128-001,kabar,O
000128-001,gembira,O
000128-001,dari,O
000128-001,Allah,O
000128-001,"""(Ingatlah)",O
000128-001,ketika,O
000128-001,Allah,O
000128-001,menjadikan,O
000128-001,kalian,O
000128-001,mengantuk,O
000128-001,sebagai,O
000128-001,suatu,O
000128-001,penentram,O
000128-001,"dari-Nya,",O
000128-001,dan,O
000128-001,Allah,O
000128-001,menurunkan,O
000128-001,kepada,O
000128-001,kalian,O
000128-001,hujan,O
000128-001,dari,O
000128-001,langit,O
000128-001,untuk,O
000128-001,mensucikan,O
000128-001,kalian,O
000128-001,dengan,O
000128-001,hujan,O
000128-001,itu,O
000128-001,dan,O
000128-001,menghilangkan,O
000128-001,dari,O
000128-001,kalian,O
000128-001,gangguan-gangguan,O
000128-001,setan,O
000128-001,dan,O
000128-001,untuk,O
000128-001,menguatkan,O
000128-001,hati,O
000128-001,kalian,O
000128-001,dan,O
000128-001,memperteguh,O
000128-001,dengannya,O
000128-001,telapak,O
000128-001,kaki,O
000128-001,(kalian).,O
000128-001,"""",O
000128-001,(Al-Anfal:,O
000128-001,11),O
000128-001,Malam,O
000128-001,itu,O
000128-001,adalah,O
000128-001,malam,O
000128-001,"Jum'at,",O
000128-001,tanggal,B_TIME
000128-001,17,I_TIME
000128-001,Ramadhan,I_TIME
000128-001,2,I_TIME
000128-001,H.,I_TIME
000128-001,Sementara,O
000128-001,keberangkatan,O
000128-001,beliau,O
000128-001,pada,O
000128-001,tanggal,O
000128-001,8,O
000128-001,atau,O
000128-001,12,O
000128-001,dari,O
000128-001,bulan,O
000128-001,yang,O
000128-001,sama.,O
000140-004,Namun,O
000140-004,karena,O
000140-004,mereka,O
000140-004,takut,O
000140-004,akan,O
000140-004,dicemooh,O
000140-004,sebagai,O
000140-004,akibat,O
000140-004,dari,O
000140-004,tindakannya,O
000140-004,"ini,",O
000140-004,mereka,O
000140-004,pun,O
000140-004,membuatkan,O
000140-004,sebuah,O
000140-004,lubang,O
000140-004,di,O
000140-004,dekatnya.,O
000140-004,lalu,O
000140-004,mendorong,O
000140-004,tubuhnya,O
000140-004,masuk,O
000140-004,ke,O
000140-004,dalam,O
000140-004,lubang,O
000140-004,"itu,",O
000140-004,lalu,O
000140-004,mereka,O
000140-004,menimbun,O
000140-004,lubang,O
000140-004,kuburan,O
000140-004,dengan,O
000140-004,cara,O
000140-004,melemparkan,O
000140-004,batu,O
000140-004,dari,O
000140-004,kejauhan,O
000140-004,Begitulah,O
000140-004,penduduk,O
000140-004,Makkah,B_LOCATION
000140-004,menerima,O
000140-004,kabar,O
000140-004,kekalahan,O
000140-004,telak,O
000140-004,di,O
000140-004,medan,O
000140-004,Perang,B_EVENT
000140-004,Badr.,I_EVENT
000140-004,Tentu,O
000140-004,saja,O
000140-004,hal,O
000140-004,ini,O
000140-004,menimbulkan,O
000140-004,pengaruh,O
000140-004,yang,O
000140-004,buruk.,O
000140-004,Bahkan,O
000140-004,mereka,O
000140-004,melarang,O
000140-004,untuk,O
000140-004,meratapi,O
000140-004,orang-orang,O
000140-004,yang,O
000140-004,mati,O
000140-004,"terbunuh,",O
000140-004,agar,O
000140-004,mereka,O
000140-004,tidak,O
000140-004,semakin,O
000140-004,terpuruk,O
000140-004,karena,O
000140-004,dicerca,O
000140-004,orang-orang,O
000140-004,Muslim.,O
000140-004,Dalam,O
000140-004,Perang,B_EVENT
000140-004,Badr,I_EVENT
000140-004,ini,O
000140-004,Al-Aswad,B_PERSON
000140-004,bin,I_PERSON
000140-004,Al-Muththalib,I_PERSON
000140-004,kehilangan,O
000140-004,tiga,O
000140-004,anaknya.,O
000140-004,Karena,O
000140-004,"buta,",O
000140-004,dia,O
000140-004,lebih,O
000140-004,suka,O
000140-004,menangisi,O
000140-004,nasib,O
000140-004,yang,O
000140-004,menimpa,O
000140-004,mereka.,O
000140-004,Suatu,O
000140-004,malam,O
000140-004,dia,O
000140-004,mendengar,O
000140-004,suara,O
000140-004,ratap,O
000140-004,tangis.,O
000140-004,Dia,O
000140-004,mengutus,O
000140-004,pembantunya,O
000140-004,dengan,O
000140-004,"berkata,",O
000140-004,"""Lihatlah,",O
000140-004,apakah,O
000140-004,ratap,O
000140-004,tangis,O
000140-004,memang,O
000140-004,diperbolehkan?,O
000140-004,Apakah,O
000140-004,orang-orang,O
000140-004,Quraisy,O
000140-004,juga,O
000140-004,menangisi,O
000140-004,meratapi,O
000140-004,para,O
000140-004,korban,O
000140-004,yang,O
000140-004,mati?,O
000140-004,Karena,O
000140-004,aku,O
000140-004,pun,O
000140-004,ingin,O
000140-004,meratapi,O
000140-004,Abu,B_PERSON
000140-004,Hakimah,I_PERSON
000140-004,"(anaknya),",O
000140-004,karena,O
000140-004,kelopak,O
000140-004,mataku,O
000140-004,sudah,O
000140-004,hampir,O
000140-004,"terbakar.""",O
000140-004,Setelah,O
000140-004,"menyelidiki,",O
000140-004,pembantunya,O
000140-004,kembali,O
000140-004,lagi,O
000140-004,dan,O
000140-004,"berkata,",O
000140-004,"""Yang",O
000140-004,menangis,O
000140-004,itu,O
000140-004,adalah,O
000140-004,seorang,O
000140-004,wanita,O
000140-004,yang,O
000140-004,meratapi,O
000140-004,ontanya,O
000140-004,yang,O
000140-004,"lepas.""",O
000140-004,Al-Aswad,O
000140-004,hampir,O
000140-004,tak,O
000140-004,mampu,O
000140-004,menguasai,O
000140-004,dirinya.,O
000140-004,Lalu,O
000140-004,dia,O
000140-004,menurunkan,O
000140-004,sebuah,O
000140-004,syair,O
000140-004,yang,O
000140-004,sendu,O
000163-001,Pasukan,O
000163-001,Makkah,B_LOCATION
000163-001,meneruskan,O
000163-001,"perjalanan,",O
000163-001,mengambil,O
000163-001,jalur,O
000163-001,utama,O
000163-001,ke,O
000163-001,arah,O
000163-001,barat,O
000163-001,menuju,O
000163-001,Madinah.,B_LOCATION
000163-001,Setiba,O
000163-001,di,O
000163-001,"Abwa',",O
000163-001,Hindun,B_PERSON
000163-001,bin,I_PERSON
000163-001,"Uthbah,",I_PERSON
000163-001,istri,O
000163-001,Abu,B_PERSON
000163-001,Sufyan,I_PERSON
000163-001,mengusulkan,O
000163-001,untuk,O
000163-001,menggali,O
000163-001,kuburan,O
000163-001,ibunda,O
000163-001,Rasulullah,B_PERSON
000163-001,.,O
000163-001,Namun,O
000163-001,para,O
000163-001,komandan,O
000163-001,pasukan,O
000163-001,Quraisy,O
000163-001,menolak,O
000163-001,usulan,O
000163-001,ini.,O
000163-001,Kali,O
000163-001,ini,O
000163-001,mereka,O
000163-001,bersikap,O
000163-001,sangat,O
000163-001,hati-hati,O
000163-001,terhadap,O
000163-001,akibat,O
000163-001,yang,O
000163-001,harus,O
000163-001,dihadapi,O
000163-001,jika,O
000163-001,mereka,O
000163-001,berbuat,O
000163-001,seperti,O
000163-001,itu.,O
000163-001,Maka,O
000163-001,pasukan,O
000163-001,melanjutkan,O
000163-001,perjalanan,O
000163-001,hingga,O
000163-001,mendekati,O
000163-001,Madinah.,B_LOCATION
000163-001,Mereka,O
000163-001,melewati,O
000163-001,Wadi,O
000163-001,"Al-Aqiq,",O
000163-001,lalu,O
000163-001,membelok,O
000163-001,ke,O
000163-001,arah,O
000163-001,kanan,O
000163-001,hingga,O
000163-001,tiba,O
000163-001,di,O
000163-001,dekat,O
000163-001,bukit,O
000163-001,"Uhud,",B_LOCATION
000163-001,di,O
000163-001,suatu,O
000163-001,tempat,O
000163-001,disebut,O
000163-001,"Ainain,",O
000163-001,di,O
000163-001,sebelah,O
000163-001,utara,O
000163-001,Madinah.,B_LOCATION
000163-001,Pasukan,O
000163-001,Quraisy,O
000163-001,mengambil,O
000163-001,tempat,O
000163-001,di,O
000163-001,sana,O
000163-001,pada,O
000163-001,hari,O
000163-001,Jum'at,O
000163-001,tanggal,B_TIME
000163-001,6,I_TIME
000163-001,Syawwal,I_TIME
000163-001,3,O
000163-001,H.,I_TIME
000169-002,Jika,O
000169-002,kalian,O
000169-002,melihat,O
000169-002,kami,O
000169-002,telah,O
000169-002,mengumpulkan,O
000169-002,harta,O
000169-002,"rampasan,",O
000169-002,maka,O
000169-002,janganlah,O
000169-002,kalian,O
000169-002,turun,O
000169-002,bergabung,O
000169-002,bersama,O
000169-002,Dalam,O
000169-002,riwayat,O
000169-002,Al-Bukhari,O
000169-002,"disebutkan,",O
000169-002,beliau,O
000169-002,"bersabda,",O
000169-002,"""Jika",O
000169-002,kalian,O
000169-002,melihat,O
000169-002,kami,O
000169-002,disambar,O
000169-002,burung,O
000169-002,"sekalipun,",O
000169-002,maka,O
000169-002,janganlah,O
000169-002,kalian,O
000169-002,meninggalkan,O
000169-002,tempat,O
000169-002,"itu,",O
000169-002,kecuali,O
000169-002,ada,O
000169-002,utusan,O
000169-002,yang,O
000169-002,datang,O
000169-002,kepada,O
000169-002,kalian.,O
000169-002,Jika,O
000169-002,kalian,O
000169-002,melihat,O
000169-002,kami,O
000169-002,dapat,O
000169-002,mengalahkan,O
000169-002,"mereka,",O
000169-002,maka,O
000169-002,janganlah,O
000169-002,kalian,O
000169-002,meninggalkan,O
000169-002,"tempat,",O
000169-002,hingga,O
000169-002,ada,O
000169-002,utusan,O
000169-002,yang,O
000169-002,datang,O
000169-002,kepada,O
000169-002,"kalian.""",O
000169-002,Dengan,O
000169-002,ditempatkannya,O
000169-002,detasemen,O
000169-002,di,O
000169-002,atas,O
000169-002,bukit,O
000169-002,dengan,O
000169-002,disertai,O
000169-002,perintah-,O
000169-002,perintah,O
000169-002,militer,O
000169-002,yang,O
000169-002,"keras,",O
000169-002,maka,O
000169-002,beliau,O
000169-002,sudah,O
000169-002,bisa,O
000169-002,menyumbat,O
000169-002,satu,O
000169-002,celah,O
000169-002,yang,O
000169-002,memungkinkan,O
000169-002,bagi,O
000169-002,kavaleri,O
000169-002,Quraisy,O
000169-002,untuk,O
000169-002,menyusup,O
000169-002,ke,O
000169-002,barisan,O
000169-002,orang-orang,O
000169-002,Muslim,O
000169-002,dari,O
000169-002,arah,O
000169-002,belakang,O
000169-002,dan,O
000169-002,mengacaukannya.,O
000169-002,Pasukan,O
000169-002,Muslimin,O
000169-002,di,O
000169-002,sayap,O
000169-002,kanan,O
000169-002,dikomandani,O
000169-002,Al-Mundzir,B_PERSON
000169-002,bin,I_PERSON
000169-002,"Amr,",I_PERSON
000169-002,di,O
000169-002,sayap,O
000169-002,kiri,O
000169-002,dikomandani,O
000169-002,Az-Zubair,B_PERSON
000169-002,bin,I_PERSON
000169-002,"Al-Awwam,",I_PERSON
000169-002,dan,O
000169-002,masih,O
000169-002,didukung,O
000169-002,oleh,O
000169-002,satuan,O
000169-002,pasukan,O
000169-002,yang,O
000169-002,dikomandani,O
000169-002,Al-Miqdad,B_PERSON
000169-002,bin,I_PERSON
000169-002,Al-Aswad.,I_PERSON
000169-002,Az-Zubair,O
000169-002,bertugas,O
000169-002,menghadang,O
000169-002,laju,O
000169-002,kavaleri,O
000169-002,(pasukan,O
000169-002,penunggang,O
000169-002,kuda),O
000169-002,Quraisy,O
000169-002,yang,O
000169-002,dipimpin,O
000169-002,Khalid,B_PERSON
000169-002,bin,I_PERSON
000169-002,Al-Walid,I_PERSON
000169-002,(yang,O
000169-002,saat,O
000169-002,itu,O
000169-002,masih,O
000169-002,kafir).,O
000169-002,Di,O
000169-002,barisan,O
000169-002,terdepan,O
000169-002,ada,O
000169-002,sejumlah,O
000169-002,orang,O
000169-002,yang,O
000169-002,"pemberani,",O
000169-002,tokoh-tokoh,O
000169-002,yang,O
000169-002,dikenal,O
000169-002,gagah,O
000169-002,perkasa,O
000169-002,dan,O
000169-002,hebat,O
000169-002,sepak,O
000169-002,"terjangnya,",O
000169-002,yang,O
000169-002,kemampuannya,O
000169-002,bisa,O
000169-002,disamakan,O
000169-002,dengan,O
000169-002,beribu-ribu,O
000169-002,orang.,O
000169-002,Pengaturan,O
000169-002,ini,O
000169-002,merupakan,O
000169-002,strategi,O
000169-002,yang,O
000169-002,sangat,O
000169-002,bijaksana,O
000169-002,dan,O
000169-002,sekaligus,O
000169-002,amat,O
000169-002,"detil,",O
000169-002,yang,O
000169-002,menggambarkan,O
000169-002,kecerdikan,O
000169-002,Rasulullah,B_PERSON
000169-002,sebagai,O
000169-002,seorang,O
000169-002,komandan,O
000169-002,perang.,O
000169-003,Pengaturan,O
000169-003,ini,O
000169-003,merupakan,O
000169-003,strategi,O
000169-003,yang,O
000169-003,sangat,O
000169-003,bijaksana,O
000169-003,dan,O
000169-003,sekaligus,O
000169-003,amat,O
000169-003,"detil,",O
000169-003,yang,O
000169-003,menggambarkan,O
000169-003,kecerdikan,O
000169-003,Rasulullah,B_PERSON
000169-003,sebagai,O
000169-003,seorang,O
000169-003,komandan,O
000169-003,perang.,O
000169-003,Tidak,O
000169-003,ada,O
000169-003,seorang,O
000169-003,komandan,O
000169-003,perang,O
000169-003,pun,O
000169-003,yang,O
000169-003,memiliki,O
000169-003,kecerdikan,O
000169-003,dalam,O
000169-003,menetapkan,O
000169-003,strategi,O
000169-003,yang,O
000169-003,sangat,O
000169-003,jitu,O
000169-003,"ini,",O
000169-003,seperti,O
000169-003,apa,O
000169-003,pun,O
000169-003,keandalannya.,O
000169-003,Beliau,O
000169-003,memilih,O
000169-003,tempat,O
000169-003,yang,O
000169-003,sangat,O
000169-003,"strategis,",O
000169-003,padahal,O
000169-003,kedatangan,O
000169-003,beliau,O
000169-003,di,O
000169-003,sana,O
000169-003,didahului,O
000169-003,pasukan,O
000169-003,musuh.,O
000169-003,Punggung,O
000169-003,dan,O
000169-003,sayap,O
000169-003,kanan,O
000169-003,pasukan,O
000169-003,terlindungi,O
000169-003,oleh,O
000169-003,satu-satunya,O
000169-003,tebing,O
000169-003,yang,O
000169-003,ada,O
000169-003,di,O
000169-003,situ.,O
000169-003,Beliau,O
000169-003,memilihkan,O
000169-003,tempat,O
000169-003,yang,O
000169-003,relatif,O
000169-003,lebih,O
000169-003,tinggi,O
000169-003,dari,O
000169-003,pasukannya.,O
000169-003,Jika,O
000169-003,"terdesak,",O
000169-003,anggota,O
000169-003,pasukannya,O
000169-003,tidak,O
000169-003,mudah,O
000169-003,menyerah,O
000169-003,lalu,O
000169-003,melarikan,O
000169-003,"diri,",O
000169-003,justru,O
000169-003,membuka,O
000169-003,peluang,O
000169-003,bagi,O
000169-003,musuh,O
000169-003,untuk,O
000169-003,menghabisi,O
000169-003,dan,O
000169-003,menawan,O
000169-003,mereka.,O
000169-003,Jika,O
000169-003,mereka,O
000169-003,terus,O
000169-003,"bertahan,",O
000169-003,musuh,O
000169-003,justru,O
000169-003,terus,O
000169-003,mendesak,O
000169-003,maju.,O
000169-003,Sementara,O
000169-003,musuh,O
000169-003,tidak,O
000169-003,mempunyai,O
000169-003,pilihan,O
000169-003,lain,O
000169-003,untuk,O
000169-003,menyerang,O
000169-003,mereka,O
000169-003,dari,O
000169-003,sisi,O
000169-003,lain.,O
000169-003,"Sebaliknya,",O
000169-003,jika,O
000169-003,kemenangan,O
000169-003,berpihak,O
000169-003,kepada,O
000169-003,pasukan,O
000169-003,"Muslimin,",O
000169-003,maka,O
000169-003,musuh,O
000169-003,tidak,O
000169-003,dapat,O
000169-003,menghindar,O
000169-003,dari,O
000169-003,kejaran,O
000169-003,174,O
000169-003,Sabda,O
000169-003,beliau,O
000169-003,ini,O
000169-003,diriwayatkan,O
000169-003,"Ahmad,",O
000169-003,Ath-Thabrany,O
000169-003,dan,O
000169-003,Al-Hakim,O
000169-003,dari,O
000169-003,Ibnu,B_PERSON
000169-003,Abbas.,I_PERSON
000169-003,Lihat,O
000169-003,Fathul-,O
000169-003,"Bari,",O
000169-003,7/350.,O
000169-003,mereka.,O
000169-003,Di,O
000169-003,samping,O
000169-003,semua,O
000169-003,"itu,",O
000169-003,beliau,O
000169-003,telah,O
000169-003,menunjuk,O
000169-003,beberapa,O
000169-003,orang,O
000169-003,di,O
000169-003,front,O
000169-003,"terdepan,",O
000169-003,yang,O
000169-003,terdiri,O
000169-003,dari,O
000169-003,orang-orang,O
000169-003,yang,O
000169-003,gagah,O
000169-003,perkasa,O
000169-003,dan,O
000169-003,pemberani,O
000169-003,Begitulah,O
000169-003,Nabi,O
000169-003,mengatur,O
000169-003,pasukannya,O
000169-003,pada,O
000169-003,hari,B_TIME
000169-003,Sabtu,I_TIME
000169-003,pagi,O
000169-003,tanggal,B_TIME
000169-003,7,I_TIME
000169-003,Syawwal,I_TIME
000169-003,3,O
000169-003,H.,O
000174-001,Dua,O
000174-001,pihak,O
000174-001,saling,O
000174-001,mendekat,O
000174-001,dan,O
000174-001,merangsek,O
000174-001,ke,O
000174-001,depan.,O
000174-001,Tahapan-tahapan,O
000174-001,perang,O
000174-001,sudah,O
000174-001,dimulai.,O
000174-001,Yang,O
000174-001,pertama,O
000174-001,kali,O
000174-001,menyulut,O
000174-001,bara,O
000174-001,pertempuran,O
000174-001,adalah,O
000174-001,pembawa,O
000174-001,bendera,O
000174-001,dari,O
000174-001,kalangan,O
000174-001,"musyrikin,",O
000174-001,yaitu,O
000174-001,Thalhah,B_PERSON
000174-001,bin,I_PERSON
000174-001,Abu,I_PERSON
000174-001,Thalhah,I_PERSON
000174-001,Al-Abdari.,O
000174-001,Dia,O
000174-001,adalah,O
000174-001,penunggang,O
000174-001,kuda,O
000174-001,Quraisy,O
000174-001,yang,O
000174-001,paling,O
000174-001,pemberani.,O
000174-001,Orang-,O
000174-001,orang,O
000174-001,Muslim,O
000174-001,menyebutnya,O
000174-001,Kabsyul,O
000174-001,Katibah.,O
000174-001,Dia,O
000174-001,keluar,O
000174-001,sambil,O
000174-001,menunggang,O
000174-001,"onta,",O
000174-001,mengajak,O
000174-001,untuk,O
000174-001,adu,O
000174-001,tanding.,O
000174-001,Tak,O
000174-001,seorang,O
000174-001,pun,O
000174-001,yang,O
000174-001,segera,O
000174-001,menyambut,O
000174-001,tantangannya,O
000174-001,untuk,O
000174-001,adu,O
000174-001,tanding,O
000174-001,karena,O
000174-001,keberaniannya,O
000174-001,itu.,O
000174-001,Akhirnya,O
000174-001,Az-Zubair,O
000174-001,maju,O
000174-001,menghampirinya.,O
000174-001,Dia,O
000174-001,maju,O
000174-001,tidak,O
000174-001,dengan,O
000174-001,cara,O
000174-001,"pelan-pelan,",O
000174-001,tetapi,O
000174-001,langsung,O
000174-001,melompat,O
000174-001,layaknya,O
000174-001,seekor,O
000174-001,singa.,O
000174-001,Sehingga,O
000174-001,sebelum,O
000174-001,sempat,O
000174-001,Thalhah,O
000174-001,turun,O
000174-001,dari,O
000174-001,punggung,O
000174-001,"ontanya,",O
000174-001,Az-Zubair,O
000174-001,sudah,O
000174-001,menusukkan,O
000174-001,pedangnya,O
000174-001,hingga,O
000174-001,Thalhah,O
000174-001,terjerembab,O
000174-001,ke,O
000174-001,"tanah,",O
000174-001,mati.,O
000174-001,Nabi,O
000174-001,menyaksikan,O
000174-001,adu,O
000174-001,tanding,O
000174-001,yang,O
000174-001,sangat,O
000174-001,mencengankan,O
000174-001,ini,O
000174-001,Maka,O
000174-001,seketika,O
000174-001,beliau,O
000174-001,bertakbir,O
000174-001,yang,O
000174-001,kemudian,O
000174-001,dikuti,O
000174-001,semua,O
000174-001,orang,O
000174-001,Muslim.,O
000174-001,Beliau,O
000174-001,memuji,O
000174-001,Az-Zubair,O
000174-001,dan,O
000174-001,bersabda,O
000174-001,sesuai,O
000174-001,dengan,O
000174-001,kapasitas,O
000174-001,"dirinya,",O
000174-001,"""Sesungguhnya",O
000174-001,setiap,O
000174-001,Nabi,O
000174-001,itu,O
000174-001,mempunyai,O
000174-001,pengikut,O
000174-001,setia.,O
000174-001,Adapun,O
000174-001,pengikut,O
000174-001,setiaku,O
000174-001,adalah,O
000174-001,"Az-Zubair.""",O
000177-002,Aku,O
000177-002,menungguinya,O
000177-002,beberapa,O
000177-002,saat,O
000177-002,hingga,O
000177-002,dia,O
000177-002,benar-benar,O
000177-002,meninggal.,O
000177-002,Setelah,O
000177-002,itu,O
000177-002,baru,O
000177-002,kuhampiri,O
000177-002,jasadnya,O
000177-002,dan,O
000177-002,kucabut,O
000177-002,tombakku.,O
000177-002,Kemudian,O
000177-002,aku,O
000177-002,kembali,O
000177-002,lagi,O
000177-002,ke,O
000177-002,tenda,O
000177-002,dan,O
000177-002,duduk,O
000177-002,di,O
000177-002,sana.,O
000177-002,Aku,O
000177-002,tidak,O
000177-002,mempunyai,O
000177-002,kepentingan,O
000177-002,lain.,O
000177-002,Aku,O
000177-002,membunuh,O
000177-002,Hamzah,B_PERSON
000177-002,dengan,O
000177-002,tujuan,O
000177-002,agar,O
000177-002,aku,O
000177-002,menjadi,O
000177-002,orang,O
000177-002,merdeka.,O
000177-002,Maka,O
000177-002,setiba,O
000177-002,di,O
000177-002,"Makkah,",B_LOCATION
000177-002,aku,O
000177-002,pun,O
000177-002,176,O
000177-002,Sirah,O
000177-002,"An-Nabawiyah,",O
000177-002,Ibnu,B_PERSON
000177-002,"Hisyam,",I_PERSON
000177-002,2/69-72;,O
000177-002,Shahih,O
000177-002,"Al-Bukhari,",O
000177-002,2/583.,O
000177-002,Akhirnya,O
000177-002,Wahsyi,O
000177-002,masuk,O
000177-002,Islam,O
000177-002,setelah,O
000177-002,Perang,B_EVENT
000177-002,Tha'if,I_EVENT
000177-002,dan,O
000177-002,akhirnya,O
000177-002,dia,O
000177-002,dapat,O
000177-002,membunuh,O
000177-002,Musailamah,O
000177-002,Al-Kadzdzab,O
000177-002,dengan,O
000177-002,tombaknya,O
000177-002,itu,O
000177-002,pula.,O
000177-002,Dia,O
000177-002,juga,O
000177-002,ikut,O
000177-002,bergabung,O
000177-002,dalam,O
000177-002,Perang,B_EVENT
000177-002,Yarmuk,I_EVENT
000177-002,melawan,O
000177-002,pasukan,O
000177-002,Romawi.,O
000182-001,Pada,O
000182-001,saat,O
000182-001,pasukan,O
000182-001,Islam,O
000182-001,yang,O
000182-001,kecil,O
000182-001,tinggal,O
000182-001,meraih,O
000182-001,kemenangan,O
000182-001,sebentar,O
000182-001,lagi,O
000182-001,atas,O
000182-001,pasukan,O
000182-001,"Quraisy,",O
000182-001,yang,O
000182-001,nilai,O
000182-001,kemenangannya,O
000182-001,tidak,O
000182-001,kalah,O
000182-001,sedikit,O
000182-001,dari,O
000182-001,kemenangan,O
000182-001,yang,O
000182-001,diraih,O
000182-001,di,O
000182-001,Perang,B_EVENT
000182-001,"Badr,",I_EVENT
000182-001,terjadi,O
000182-001,kesalahan,O
000182-001,fatal,O
000182-001,yang,O
000182-001,dilakukan,O
000182-001,para,O
000182-001,"pemanah,",O
000182-001,sehingga,O
000182-001,bisa,O
000182-001,membalik,O
000182-001,keadaan,O
000182-001,secara,O
000182-001,total,O
000182-001,dan,O
000182-001,akhirnya,O
000182-001,menimbulkan,O
000182-001,kerugian,O
000182-001,yang,O
000182-001,amat,O
000182-001,banyak,O
000182-001,bagi,O
000182-001,pasukan,O
000182-001,"Muslimin,",O
000182-001,bahkan,O
000182-001,hampir,O
000182-001,saja,O
000182-001,menyebabkan,O
000182-001,kematian,O
000182-001,bagi,O
000182-001,Nabi,O
000182-001,.,O
000182-001,Kejadian,O
000182-001,ini,O
000182-001,membiaskan,O
000182-001,pengaruh,O
000182-001,yang,O
000182-001,kurang,O
000182-001,menguntungkan,O
000182-001,bagi,O
000182-001,ketenaran,O
000182-001,dan,O
000182-001,kehebatan,O
000182-001,mereka,O
000182-001,setelah,O
000182-001,meraih,O
000182-001,kemenangan,O
000182-001,di,O
000182-001,Badr.,B_LOCATION
000182-001,Telah,O
000182-001,kami,O
000182-001,utarakan,O
000182-001,teks,O
000182-001,perintah,O
000182-001,Nabi,O
000182-001,yang,O
000182-001,sangat,O
000182-001,keras,O
000182-001,terhadap,O
000182-001,para,O
000182-001,pemanah,O
000182-001,"itu,",O
000182-001,agar,O
000182-001,mereka,O
000182-001,tetap,O
000182-001,berada,O
000182-001,di,O
000182-001,atas,O
000182-001,"bukit,",O
000182-001,dalam,O
000182-001,keadaan,O
000182-001,kalah,O
000182-001,maupun,O
000182-001,menang.,O
000182-001,Sekalipun,O
000182-001,sudah,O
000182-001,ada,O
000182-001,perintah,O
000182-001,yang,O
000182-001,sangat,O
000182-001,tegas,O
000182-001,"ini,",O
000182-001,tatkala,O
000182-001,pasukan,O
000182-001,pemanah,O
000182-001,melihat,O
000182-001,orang-orang,O
000182-001,Muslim,O
000182-001,sudah,O
000182-001,mengumpulkan,O
000182-001,harta,O
000182-001,rampasan,O
000182-001,dari,O
000182-001,pihak,O
000182-001,"musuh,",O
000182-001,mereka,O
000182-001,pun,O
000182-001,dikuasai,O
000182-001,egoisme,O
000182-001,kecintaan,O
000182-001,terhadap,O
000182-001,duniawi.,O
000182-001,Mereka,O
000182-001,saling,O
000182-001,"berkata,",O
000182-001,"""Harta",O
000182-001,"rampasan,",O
000182-001,harta,O
000182-001,rampasan!,O
000182-001,Rekan-rekan,O
000182-001,kalian,O
000182-001,sudah,O
000182-001,menang.,O
000182-001,Apa,O
000182-001,lagi,O
000182-001,yang,O
000182-001,kalian,O
000182-001,"tunggu?""",O
000182-001,Komandan,O
000182-001,"mereka,",O
000182-001,Abdullah,B_PERSON
000182-001,bin,I_PERSON
000182-001,Jubair,I_PERSON
000182-001,mengingatkan,O
000182-001,perintah,O
000182-001,Rasulullah,B_PERSON
000182-001,kepada,O
000182-001,"mereka,",O
000182-001,dengan,O
000182-001,"berkata,",O
000182-001,"""Apakah",O
000182-001,kalian,O
000182-001,sudah,O
000182-001,lupa,O
000182-001,apa,O
000182-001,yang,O
000182-001,dikatakan,O
000182-001,Rasulullah,B_PERSON
000182-001,kepada,O
000182-001,"kalian?""",O
000182-001,Tetapi,O
000182-001,mayoritas,O
000182-001,di,O
000182-001,antara,O
000182-001,mereka,O
000182-001,tidak,O
000182-001,mempedulikan,O
000182-001,peringatan,O
000182-001,ini.,O
000185-001,Saat,O
000185-001,pasukan,O
000185-001,Muslimin,O
000185-001,"terjepit,",O
000185-001,banyak,O
000185-001,di,O
000185-001,antara,O
000185-001,mereka,O
000185-001,yang,O
000185-001,hilang,O
000185-001,kendalinya.,O
000185-001,Tidak,O
000185-001,ada,O
000185-001,yang,O
000185-001,dipikirkan,O
000185-001,kecuali,O
000185-001,keselamatan,O
000185-001,diri,O
000185-001,sendiri.,O
000185-001,Mereka,O
000185-001,lari,O
000185-001,dan,O
000185-001,meninggalkan,O
000185-001,kancah,O
000185-001,pertempuran.,O
000185-001,Mereka,O
000185-001,tidak,O
000185-001,tahu,O
000185-001,apa,O
000185-001,yang,O
000185-001,terjadi,O
000185-001,di,O
000185-001,belakang,O
000185-001,mereka,O
000185-001,setelah,O
000185-001,itu.,O
000185-001,Bahkan,O
000185-001,di,O
000185-001,antara,O
000185-001,mereka,O
000185-001,ada,O
000185-001,yang,O
000185-001,kembali,O
000185-001,ke,O
000185-001,Madinah.,B_LOCATION
000185-001,Sebagian,O
000185-001,yang,O
000185-001,lain,O
000185-001,ada,O
000185-001,yang,O
000185-001,melarikan,O
000185-001,diri,O
000185-001,ke,O
000185-001,atas,O
000185-001,gunung,O
000185-001,dan,O
000185-001,sebagian,O
000185-001,lain,O
000185-001,ada,O
000185-001,yang,O
000185-001,berbaur,O
000185-001,dengan,O
000185-001,orang-orang,O
000185-001,musyrik.,O
000185-001,Dua,O
000185-001,pasukan,O
000185-001,saling,O
000185-001,bercampur,O
000185-001,baur,O
000185-001,dan,O
000185-001,sulit,O
000185-001,"dibeda-bedakan,",O
000185-001,sehingga,O
000185-001,tak,O
000185-001,jarang,O
000185-001,orang,O
000185-001,Muslim,O
000185-001,ada,O
000185-001,yang,O
000185-001,menyerang,O
000185-001,orang,O
000185-001,Muslim,O
000185-001,lainnya.,O
000185-001,Al-Bukhari,O
000185-001,meriwayatkan,O
000185-001,dari,O
000185-001,"Aisyah,",B_PERSON
000185-001,dia,O
000185-001,"berkata,",O
000185-001,"""Pada",O
000185-001,saat,O
000185-001,Perang,B_EVENT
000185-001,"Uhud,",I_EVENT
000185-001,orang-orang,O
000185-001,musyrik,O
000185-001,sudah,O
000185-001,kalah,O
000185-001,telak.,O
000185-001,Lalu,O
000185-001,ada,O
000185-001,iblis,O
000185-001,yang,O
000185-001,berseru.,O
000185-001,'Hai,O
000185-001,hamba-hamba,O
000185-001,"Allah,",O
000185-001,waspadailah,O
000185-001,orang-orang,O
000185-001,di,O
000185-001,belakang,O
000185-001,kalian!,O
000185-001,Keadaan,O
000185-001,menjadi,O
000185-001,berbalik,O
000185-001,dan,O
000185-001,mereka,O
000185-001,menjadi,O
000185-001,campur,O
000185-001,aduk.,O
000185-001,Hudzifah,O
000185-001,segera,O
000185-001,menyadari,O
000185-001,hal,O
000185-001,ini.,O
000185-001,Dia,O
000185-001,yang,O
000185-001,bersama,O
000185-001,"ayahnya,",O
000185-001,"Al-Yaman,",O
000185-001,berteriak-teriak,O
000185-001,"""Hai",O
000185-001,hamba-hamba,O
000185-001,"Allah,",O
000185-001,dia,O
000185-001,adalah,O
000185-001,"ayahku!""",O
000185-001,Dia,O
000185-001,khawatir,O
000185-001,ayahnya,O
000185-001,menjadi,O
000185-001,korban,O
000185-001,salah,O
000185-001,sasaran.,O
000185-001,Namun,O
000185-001,tak,O
000185-001,ada,O
000185-001,orang,O
000185-001,yang,O
000185-001,menghalangi,O
000185-001,"mereka,",O
000185-001,tatkala,O
000185-001,mereka,O
000185-001,membunuh,O
000185-001,ayahnya.,O
000185-001,Akhinya,O
000185-001,Hudzaifah,O
000185-001,hanya,O
000185-001,bisa,O
000185-001,"berkata,",O
000185-001,"""Semoga",O
000185-001,Allah,O
000185-001,mengampuni,O
000185-001,"kalian.""",O
000185-001,Ini,O
000185-001,terjadi,O
000185-001,saat,O
000185-001,barisan,O
000185-001,menjadi,O
000185-001,kacau,O
000185-001,"balau,",O
000185-001,centang,O
000185-001,perenang,O
000185-001,dan,O
000185-001,keadaan,O
000185-001,menjadi,O
000185-001,hingar,O
000185-001,bingar.,O
000185-001,Mereka,O
000185-001,tidak,O
000185-001,tahu,O
000185-001,harus,O
000185-001,menghadang,O
000185-001,ke,O
000185-001,mana.,O
000187-006,"""Jika",O
000187-006,Abu,B_PERSON
000187-006,Bakar,I_PERSON
000187-006,mengingat,O
000187-006,Perang,B_EVENT
000187-006,"Uhud,",I_EVENT
000187-006,maka,O
000187-006,dia,O
000187-006,"berkata,",O
000187-006,'Hari,O
000187-006,itu,O
000187-006,semuanya,O
000187-006,milik,O
000187-006,"Thalhah'.""",O
000187-006,Dia,O
000187-006,juga,O
000187-006,"berkata,",O
000187-006,"""Wahai",O
000187-006,Thalhah,B_PERSON
000187-006,bin,I_PERSON
000187-006,"Ubaidillah,",I_PERSON
000187-006,sudah,O
000187-006,selayaknya,O
000187-006,jika,O
000187-006,engkau,O
000187-006,mendapat,O
000187-006,surga,O
000187-006,dan,O
000187-006,duduk,O
000187-006,di,O
000187-006,atas,O
000187-006,kristal-kristal,O
000187-006,mutiara,O
000187-006,yang,O
000187-006,"indah.""",O
000187-006,Pada,O
000187-006,saat,O
000187-006,yang,O
000187-006,kritis,O
000187-006,itu,O
000187-006,Allah,O
000187-006,menurunkan,O
000187-006,pertolongan,O
000187-006,secara,O
000187-006,gaib.,O
000187-006,Di,O
000187-006,dalam,O
000187-006,Ash-Shahihain,O
000187-006,dari,O
000187-006,Sa',O
000187-006,"d,",O
000187-006,dia,O
000187-006,"berkata,",O
000187-006,"""Kulihat",O
000187-006,Rasulullah,B_PERSON
000187-006,pada,O
000187-006,Perang,B_EVENT
000187-006,Uhud,I_EVENT
000187-006,bersama,O
000187-006,dua,O
000187-006,orang,O
000187-006,yang,O
000187-006,bertempur,O
000187-006,dengan,O
000187-006,"gigih,",O
000187-006,mengenakan,O
000187-006,pakaian,O
000187-006,berwarna,O
000187-006,putih.,O
000187-006,Dua,O
000187-006,orang,O
000187-006,itu,O
000187-006,tidak,O
000187-006,pernah,O
000187-006,kulihat,O
000187-006,sebelum,O
000187-006,maupun,O
000187-006,sesudah,O
000187-006,"itu.""",O
000187-006,Dalam,O
000187-006,suatu,O
000187-006,riwayat,O
000187-006,"disebutkan,",O
000187-006,bahwa,O
000187-006,dua,O
000187-006,orang,O
000187-006,itu,O
000187-006,adalah,O
000187-006,Malaikat,O
000187-006,Jibril,B_PERSON
000187-006,dan,O
000187-006,Mika'il.,O
000199-003,Kalau,O
000199-003,tidak,O
000199-003,karena,O
000199-003,"itu,",O
000199-003,aku,O
000199-003,tak,O
000199-003,kan,O
000199-003,sudi,O
000199-003,"berperang.""",O
000199-003,Karena,O
000199-003,merasa,O
000199-003,tidak,O
000199-003,tahan,O
000199-003,lagi,O
000199-003,dengan,O
000199-003,sakit,O
000199-003,yang,O
000199-003,"dideritanya,",O
000199-003,maka,O
000199-003,dia,O
000199-003,pun,O
000199-003,bunuh,O
000199-003,diri.,O
000199-003,Setelah,O
000199-003,mendengar,O
000199-003,"kabarnya,",O
000199-003,Rasulullah,B_PERSON
000199-003,"bersabda,",O
000199-003,"""Jika",O
000199-003,dia,O
000199-003,berkata,O
000199-003,seperti,O
000199-003,"itu,",O
000199-003,maka,O
000199-003,dia,O
000199-003,termasuk,O
000199-003,penghuni,O
000199-003,"neraka.""",O
000199-003,Begitulah,O
000199-003,akhir,O
000199-003,perjalanan,O
000199-003,orang-orang,O
000199-003,yang,O
000199-003,berperang,O
000199-003,karena,O
000199-003,membela,O
000199-003,kesukuannya,O
000199-003,atau,O
000199-003,karena,O
000199-003,berjuang,O
000199-003,untuk,O
000199-003,meninggikan,O
000199-003,kalimat,O
000199-003,"Allah,",O
000199-003,sekalipun,O
000199-003,mereka,O
000199-003,berperang,O
000199-003,di,O
000199-003,bawah,O
000199-003,bendera,O
000199-003,Islam,O
000199-003,dan,O
000199-003,bergabung,O
000199-003,bersama,O
000199-003,pasukan,O
000199-003,Rasulullah,B_PERSON
000199-003,dan,O
000199-003,para,O
000199-003,sahabat.,O
000199-003,"Sebaliknya,",O
000199-003,di,O
000199-003,antara,O
000199-003,orang-orang,O
000199-003,yang,O
000199-003,terbunuh,O
000199-003,terdapat,O
000199-003,seorang,O
000199-003,Yahudi,O
000199-003,dari,O
000199-003,Bani,O
000199-003,Tsa'labah.,O
000199-003,Namanya,O
000199-003,Mukhairiq.,O
000199-003,Saat,O
000199-003,Perang,B_EVENT
000199-003,Uhud,I_EVENT
000199-003,itu,O
000199-003,dia,O
000199-003,berkata,O
000199-003,kepada,O
000199-003,"kaumnya,",O
000199-003,"""Wahai",O
000199-003,semua,O
000199-003,orang,O
000199-003,"Yahudi,",O
000199-003,demi,O
000199-003,"Allah,",O
000199-003,kalian,O
000199-003,sudah,O
000199-003,tahu,O
000199-003,bahwa,O
000199-003,membantu,O
000199-003,Muhammad,B_PERSON
000199-003,saat,O
000199-003,ini,O
000199-003,merupakan,O
000199-003,kewajiban,O
000199-003,bagi,O
000199-003,"kalian.""",O
000199-003,Mereka,O
000199-003,"berkata,",O
000199-003,"""Hari",O
000199-003,ini,O
000199-003,adalah,O
000199-003,hari,B_TIME
000199-003,"Sabtu.""",I_TIME
000199-003,Hari,B_TIME
000199-003,Sabtu,I_TIME
000199-003,adalah,O
000199-003,hari,O
000199-003,besar,O
000199-003,dan,O
000199-003,suci,O
000199-003,bagi,O
000199-003,orang-orang,O
000199-003,Yahudi.,O
000199-003,Pada,O
000199-003,hari,O
000199-003,ini,O
000199-003,mereka,O
000199-003,tidak,O
000199-003,diperkenankan,O
000199-003,berperang.,O
000199-003,"""Tidak",O
000199-003,ada,O
000199-003,hari,B_TIME
000199-003,Sabtu,O
000199-003,bagi,O
000199-003,"kalian,""",O
000199-003,jawabnya.,O
000199-003,Lalu,O
000199-003,mengambil,O
000199-003,pedang,O
000199-003,dan,O
000199-003,segala,O
000199-003,"perlengkapan,",O
000199-003,seraya,O
000199-003,"berkata,",O
000199-003,"""Kalau",O
000199-003,pun,O
000199-003,aku,O
000199-003,mendapat,O
000199-003,celaka.,O
000199-003,aku,O
000199-003,tak,O
000199-003,peduli,O
000199-003,dengan,O
000199-003,diri,O
000199-003,Muhammad.,B_PERSON
000199-003,Biarlah,O
000199-003,dia,O
000199-003,berbuat,O
000199-003,semaunya,O
000199-003,dalam,O
000199-003,peperangan,O
000199-003,"ini.""",O
000199-003,Kemudian,O
000199-003,dia,O
000199-003,pergi,O
000199-003,ke,O
000199-003,medan,O
000199-003,perang,O
000199-003,dan,O
000199-003,bertempur,O
000199-003,hingga,O
000199-003,terbunuh.,O
000199-003,Rasulullah,B_PERSON
000199-003,bersabda,O
000199-003,tentang,O
000199-003,"dirinya,",O
000199-003,"""Mukhairiq",O
000199-003,adalah,O
000199-003,sebaik-baik,O
000199-003,orang,O
000199-003,"Yahudi.""",O
000201-001,Al-Imam,O
000201-001,Ahmad,O
000201-001,meriway,O
000201-001,atkan,O
000201-001,tentang,O
000201-001,kejadian,O
000201-001,pada,O
000201-001,Perang,B_EVENT
000201-001,"Uhud,",I_EVENT
000201-001,setelah,O
000201-001,orang-orang,O
000201-001,musyrik,O
000201-001,kembali.,O
000201-001,Rasulullah,B_PERSON
000201-001,"bersabda,",O
000201-001,Berbarislah,O
000201-001,yang,O
000201-001,lurus,O
000201-001,Aku,O
000201-001,akan,O
000201-001,memuji,O
000201-001,Allah,O
000201-001,dan,O
000201-001,berdoa,O
000201-001,"kepada-Nya.""",O
000201-001,Maka,O
000201-001,mereka,O
000201-001,pun,O
000201-001,berjajar,O
000201-001,membuat,O
000201-001,beberapa,O
000201-001,shaff,O
000201-001,ke,O
000201-001,belakang,O
000201-001,"beliau,",O
000201-001,lalu,O
000201-001,beliau,O
000201-001,membaca,O
000201-001,Yg,O
000201-001,yg,O
000201-001,yg,O
000201-001,yg,O
000201-001,yg,O
000201-001,yg,O
000201-001,1/140.,O
000201-001,193,O
000201-001,Shahih,O
000201-001,"Al-Bukhari,",O
000201-001,"2/579,",O
000201-001,Yg,O
000201-001,"""Ya",O
000201-001,"Allah,",O
000201-001,segala,O
000201-001,puji,O
000201-001,"bagi-Mu,",O
000201-001,Ya,O
000201-001,"Allah,",O
000201-001,tidak,O
000201-001,ada,O
000201-001,yang,O
000201-001,bisa,O
000201-001,memungut,O
000201-001,apa,O
000201-001,yang,O
000201-001,Engkau,O
000201-001,"hamparkan,",O
000201-001,tidak,O
000201-001,ada,O
000201-001,yang,O
000201-001,bisa,O
000201-001,menghamparkan,O
000201-001,apa,O
000201-001,yang,O
000201-001,Engkau,O
000201-001,pungut.,O
000201-001,Tidak,O
000201-001,ada,O
000201-001,yang,O
000201-001,bisa,O
000201-001,memberi,O
000201-001,petunjuk,O
000201-001,kepada,O
000201-001,orang,O
000201-001,yang,O
000201-001,Engkau,O
000201-001,sesatkan,O
000201-001,dan,O
000201-001,tidak,O
000201-001,ada,O
000201-001,yang,O
000201-001,bisa,O
000201-001,memberi,O
000201-001,kesesatan,O
000201-001,kepada,O
000201-001,orang,O
000201-001,yang,O
000201-001,Engkau,O
000201-001,beri,O
000201-001,petunjuk.,O
000201-001,Tidak,O
000201-001,ada,O
000201-001,yang,O
000201-001,bisa,O
000201-001,memberi,O
000201-001,apa,O
000201-001,yang,O
000201-001,Engkau,O
000201-001,tahan,O
000201-001,dan,O
000201-001,tidak,O
000201-001,ada,O
000201-001,yang,O
000201-001,bisa,O
000201-001,menahan,O
000201-001,apa,O
000201-001,yang,O
000201-001,Engkau,O
000201-001,berikan.,O
000201-001,Tidak,O
000201-001,ada,O
000201-001,yang,O
000201-001,bisa,O
000201-001,mendekatkan,O
000201-001,apa,O
000201-001,yang,O
000201-001,Engkau,O
000201-001,jauhkan,O
000201-001,dan,O
000201-001,tidak,O
000201-001,ada,O
000201-001,yang,O
000201-001,bisa,O
000201-001,menjauhkan,O
000201-001,apa,O
000201-001,yang,O
000201-001,Engkau,O
000201-001,dekatkan.,O
000201-001,Ya,O
000201-001,"Allah,",O
000201-001,hamparkanlah,O
000201-001,kepada,O
000201-001,kami,O
000201-001,dari,O
000201-001,"barakah-Mu,",O
000201-001,"rahmat-Mu,",O
000201-001,"karunia-Mu,",O
000201-001,dan,O
000201-001,rezeki-Mu.,O
000201-001,Ya,O
000201-001,"Allah,",O
000201-001,sesungguhnya,O
000201-001,aku,O
000201-001,memohon,O
000201-001,kenikmatan,O
000201-001,yang,O
000201-001,kekal,O
000201-001,"kepada-Mu,",O
000201-001,yang,O
000201-001,tidak,O
000201-001,berubah,O
000201-001,dan,O
000201-001,habis.,O
000201-001,Ya,O
000201-001,"Allah,",O
000201-001,sesungguhnya,O
000201-001,aku,O
000201-001,memohon,O
000201-001,pertolongan,O
000201-001,kepada-Mu,O
000201-001,saat,O
000201-001,lemah,O
000201-001,dan,O
000201-001,keamanan,O
000201-001,pada,O
000201-001,saat,O
000201-001,ketakutan.,O
000201-001,Ya,O
000201-001,"Allah,",O
000201-001,sesungguhnya,O
000201-001,aku,O
000201-001,berlindung,O
000201-001,kepada-Mu,O
000201-001,dari,O
000201-001,kejahatan,O
000201-001,yang,O
000201-001,Engkau,O
000201-001,berikan,O
000201-001,kepada,O
000201-001,kami,O
000201-001,dan,O
000201-001,kejahatan,O
000201-001,yang,O
000201-001,Engkau,O
000201-001,tahan,O
000201-001,dari,O
000201-001,kami.,O
000201-001,Ya,O
000201-001,"Allah,",O
000201-001,buatlah,O
000201-001,kami,O
000201-001,mencintai,O
000201-001,iman,O
000201-001,dan,O
000201-001,buatlah,O
000201-001,iman,O
000201-001,itu,O
000201-001,bagus,O
000201-001,di,O
000201-001,dalam,O
000201-001,hati,O
000201-001,kami.,O
000201-001,Buatlah,O
000201-001,kami,O
000201-001,membenci,O
000201-001,"kekufuran,",O
000201-001,"kefasikan,",O
000201-001,dan,O
000201-001,kedurhakaan.,O
000206-007,Keduanya,O
000206-007,dapat,O
000206-007,menyusul,O
000206-007,Mu,O
000206-007,awiyah,O
000206-007,lalu,O
000206-007,membunuhnya.,O
000206-007,199,O
000206-007,Yang,O
000206-007,"pasti,",O
000206-007,Perang,O
000206-007,Hamra'ul,O
000206-007,Asad,O
000206-007,ini,O
000206-007,bukan,O
000206-007,merupakan,O
000206-007,peperangan,O
000206-007,yang,O
000206-007,berdiri,O
000206-007,"sendiri,",O
000206-007,tetapi,O
000206-007,merupakan,O
000206-007,bagian,O
000206-007,dari,O
000206-007,Perang,B_EVENT
000206-007,Uhud,I_EVENT
000206-007,dan,O
000206-007,kelanjutannya.,O
000206-007,Itulah,O
000206-007,Perang,B_EVENT
000206-007,Uhud,I_EVENT
000206-007,dengan,O
000206-007,seluruh,O
000206-007,tahapan,O
000206-007,dan,O
000206-007,rinciannya.,O
000206-007,Para,O
000206-007,pengkaji,O
000206-007,telah,O
000206-007,menguraikan,O
000206-007,peristiwa,O
000206-007,ini,O
000206-007,panjang,O
000206-007,lebar.,O
000206-007,Lalu,O
000206-007,pihak,O
000206-007,manakah,O
000206-007,yang,O
000206-007,bisa,O
000206-007,dikatakan,O
000206-007,kalah,O
000206-007,atau,O
000206-007,menang?,O
000206-007,Yang,O
000206-007,"pasti,",O
000206-007,pada,O
000206-007,putaran,O
000206-007,kedua,O
000206-007,pasukan,O
000206-007,Quraisy,O
000206-007,lebih,O
000206-007,unggul,O
000206-007,dan,O
000206-007,mereka,O
000206-007,bisa,O
000206-007,menguasai,O
000206-007,keadaan.,O
000206-007,Sementara,O
000206-007,jumlah,O
000206-007,korban,O
000206-007,di,O
000206-007,pasukan,O
000206-007,Islam,O
000206-007,juga,O
000206-007,lebih,O
000206-007,banyak,O
000206-007,serta,O
000206-007,lebih,O
000206-007,parah.,O
000206-007,Bahkan,O
000206-007,ada,O
000206-007,satu,O
000206-007,kelompok,O
000206-007,pasukan,O
000206-007,Muslimin,O
000206-007,yang,O
000206-007,kalah,O
000206-007,total.,O
000206-007,Tetapi,O
000206-007,semua,O
000206-007,ini,O
000206-007,belum,O
000206-007,cukup,O
000206-007,bagi,O
000206-007,kita,O
000206-007,199,O
000206-007,Pembahasan,O
000206-007,tentang,O
000206-007,Perang,B_EVENT
000206-007,Uhud,I_EVENT
000206-007,dan,O
000206-007,Hamra'ul,O
000206-007,Asad,O
000206-007,ini,O
000206-007,kami,O
000206-007,kutip,O
000206-007,dari,O
000206-007,Sirah,O
000206-007,An-Nabawiyah.,O
000206-007,Ibnu,B_PERSON
000206-007,"Hisyam,",I_PERSON
000206-007,2/60-129;,O
000206-007,"Zadul-Ma'ad,",O
000206-007,2/91-108;,O
000206-007,"Fathul-Bari,",O
000206-007,7/345-377;,O
000206-007,Mukhtashar,O
000206-007,Siratir-,O
000206-007,"Rasul,",O
000206-007,Syaikh,O
000206-007,Abdullah,O
000206-007,"An-Najdi,",O
000206-007,hal.,O
000206-007,242-257.,O
000206-007,Kami,O
000206-007,juga,O
000206-007,menulisnya,O
000206-007,dari,O
000206-007,rujukan-rujukan,O
000206-007,yang,O
000206-007,lain.,O
000206-007,untuk,O
000206-007,beranggapan,O
000206-007,bahwa,O
000206-007,ini,O
000206-007,sudah,O
000206-007,mencerminkan,O
000206-007,kemenangan,O
000206-007,bagi,O
000206-007,pasukan,O
000206-007,Quraisy.,O
000206-007,Yang,O
000206-007,tidak,O
000206-007,dapat,O
000206-007,"diragukan,",O
000206-007,pasukan,O
000206-007,Quraisy,O
000206-007,tidak,O
000206-007,mampu,O
000206-007,melibas,O
000206-007,pasukan,O
000206-007,Muslimin.,O
000206-007,Sekalipun,O
000206-007,pasukan,O
000206-007,Muslimin,O
000206-007,sempat,O
000206-007,kacau,O
000206-007,"balau,",O
000206-007,tetapi,O
000206-007,hampir,O
000206-007,mereka,O
000206-007,semua,O
000206-007,tidak,O
000206-007,melarikan,O
000206-007,diri.,O
000206-007,Mereka,O
000206-007,terus,O
000206-007,bertempur,O
000206-007,dengan,O
000206-007,gagah,O
000206-007,berani,O
000206-007,hingga,O
000206-007,dapat,O
000206-007,berhimpun,O
000206-007,kembali,O
000206-007,dengan,O
000206-007,komandan,O
000206-007,pasukan.,O
000206-007,Mereka,O
000206-007,sama,O
000206-007,sekali,O
000206-007,tidak,O
000206-007,jatuh,O
000206-007,ke,O
000206-007,tangan,O
000206-007,pasukan,O
000206-007,Quraisy,O
000206-007,dan,O
000206-007,tak,O
000206-007,seorang,O
000206-007,pun,O
000206-007,di,O
000206-007,antara,O
000206-007,mereka,O
000206-007,yang,O
000206-007,tertawan.,O
000206-007,Di,O
000206-007,samping,O
000206-007,"itu,",O
000206-007,pasukan,O
000206-007,Quraisy,O
000206-007,tak,O
000206-007,mendapatkan,O
000206-007,barang,O
000206-007,rampasan,O
000206-007,walau,O
000206-007,sedikit,O
000206-007,pun.,O
000207-001,Al-Qur',O
000207-001,an,O
000207-001,turun,O
000207-001,menyoroti,O
000207-001,setiap,O
000207-001,kejadian,O
000207-001,yang,O
000207-001,penting,O
000207-001,dalam,O
000207-001,peperangan,O
000207-001,"ini,",O
000207-001,tahapan,O
000207-001,demi,O
000207-001,"tahapan,",O
000207-001,ditambah,O
000207-001,dengan,O
000207-001,berberapa,O
000207-001,catatan,O
000207-001,yang,O
000207-001,menjelaskan,O
000207-001,berberapa,O
000207-001,sebab,O
000207-001,yang,O
000207-001,mengakibatkan,O
000207-001,kerugian,O
000207-001,yang,O
000207-001,besar,O
000207-001,itu.,O
000207-001,Al-Qur,O
000207-001,an,O
000207-001,juga,O
000207-001,menampakkan,O
000207-001,beberapa,O
000207-001,sisi,O
000207-001,kelemahan,O
000207-001,yang,O
000207-001,ada,O
000207-001,di,O
000207-001,tengah,O
000207-001,pasukan,O
000207-001,orang-orang,O
000207-001,Mukmin,O
000207-001,ini,O
000207-001,jika,O
000207-001,dikaitkan,O
000207-001,dengan,O
000207-001,kewajiban,O
000207-001,yang,O
000207-001,seharusnya,O
000207-001,mereka,O
000207-001,kerjakan,O
000207-001,pada,O
000207-001,saat-saat,O
000207-001,yang,O
000207-001,"kritis,",O
000207-001,apalagi,O
000207-001,jika,O
000207-001,dikaitkan,O
000207-001,dengan,O
000207-001,tujuan,O
000207-001,yang,O
000207-001,hendak,O
000207-001,diraih,O
000207-001,umat,O
000207-001,"ini,",O
000207-001,sebagai,O
000207-001,umat,O
000207-001,paling,O
000207-001,baik,O
000207-001,yang,O
000207-001,dikeluarkan,O
000207-001,bagi,O
000207-001,manusia.,O
000207-001,Al-Qur',O
000207-001,an,O
000207-001,juga,O
000207-001,membicarakan,O
000207-001,sikap,O
000207-001,orang-orang,O
000207-001,"munafik,",O
000207-001,melecehkan,O
000207-001,mereka,O
000207-001,dan,O
000207-001,menyingkap,O
000207-001,permusuhan,O
000207-001,terhadap,O
000207-001,Allah,O
000207-001,dan,O
000207-001,Rasul-Nya,O
000207-001,yang,O
000207-001,tersimpan,O
000207-001,di,O
000207-001,dalam,O
000207-001,hati,O
000207-001,"mereka,",O
000207-001,sambil,O
000207-001,berusaha,O
000207-001,mengenyahkan,O
000207-001,keragu-raguan,O
000207-001,dan,O
000207-001,kebimbangan,O
000207-001,yang,O
000207-001,bersemayam,O
000207-001,di,O
000207-001,dalam,O
000207-001,hati,O
000207-001,orang-orang,O
000207-001,Mukmin,O
000207-001,yang,O
000207-001,lemah.,O
000207-001,Karena,O
000207-001,kelompok,O
000207-001,inilah,O
000207-001,yang,O
000207-001,menjadi,O
000207-001,sasaran,O
000207-001,orang-orang,O
000207-001,munafik,O
000207-001,dan,O
000207-001,Yahudi.,O
000207-001,Al-Qur',O
000207-001,an,O
000207-001,juga,O
000207-001,mengisyaratkan,O
000207-001,tujuan,O
000207-001,yang,O
000207-001,mulia,O
000207-001,dari,O
000207-001,peperangan,O
000207-001,ini.,O
000207-001,Ada,O
000207-001,enam,O
000207-001,puluh,O
000207-001,ay,O
000207-001,at,O
000207-001,dari,O
000207-001,surah,O
000207-001,Ali,B_PERSON
000207-001,Imran,O
000207-001,yang,O
000207-001,turun,O
000207-001,mengenai,O
000207-001,peperangan,O
000207-001,"ini,",O
000207-001,diawali,O
000207-001,dengan,O
000207-001,permulaan,O
000207-001,tahapan,O
000207-001,"perang,",O
000207-001,JIy,O
000207-001,JCnW,O
000207-001,Kq',O
000207-001,"""Dan",O
000207-001,"(ingatlah),",O
000207-001,ketika,O
000207-001,kamu,O
000207-001,berangkat,O
000207-001,pada,O
000207-001,pagi,O
000207-001,hari,O
000207-001,dari,O
000207-001,(rumah),O
000207-001,keluargamu,O
000207-001,akan,O
000207-001,menempatkan,O
000207-001,para,O
000207-001,mukmin,O
000207-001,pada,O
000207-001,beberapa,O
000207-001,tempat,O
000207-001,untuk,O
000207-001,berperang.,O
000207-001,"""",O
000207-001,(Ali-Imran:,B_PERSON
000207-001,121),O
000207-001,Kesudahan,O
000207-001,ayat-ayat,O
000207-001,ini,O
000207-001,merupakan,O
000207-001,catatan,O
000207-001,menyeluruh,O
000207-001,dari,O
000207-001,hasil,O
000207-001,peperangan,O
000207-001,dan,O
000207-001,hikmahnya.,O
000232-001,Setelah,O
000232-001,Rasululah,B_PERSON
000232-001,merasa,O
000232-001,tenang,O
000232-001,berada,O
000232-001,di,O
000232-001,"sana,",O
000232-001,tiba-tiba,O
000232-001,muncul,O
000232-001,Budail,B_PERSON
000232-001,bin,I_PERSON
000232-001,Warqa',I_PERSON
000232-001,Al-Khuza'y,O
000232-001,bersama,O
000232-001,beberapa,O
000232-001,orang,O
000232-001,dari,O
000232-001,Bani,O
000232-001,Khuza'ah,O
000232-001,Bani,O
000232-001,Khuza'ah,O
000232-001,biasa,O
000232-001,memberi,O
000232-001,nasihat,O
000232-001,kepada,O
000232-001,beliau.,O
000232-001,Budial,O
000232-001,"berkata,",O
000232-001,"""Saat",O
000232-001,aku,O
000232-001,meninggalkan,O
000232-001,Ka'b,B_PERSON
000232-001,bin,I_PERSON
000232-001,"Lu'ay,",I_PERSON
000232-001,mereka,O
000232-001,siap,O
000232-001,berangkat,O
000232-001,ke,O
000232-001,Hudaibiyah,B_LOCATION
000232-001,dengan,O
000232-001,membawa,O
000232-001,pasukan.,O
000232-001,Mereka,O
000232-001,hendak,O
000232-001,memerangi,O
000232-001,engkau,O
000232-001,dan,O
000232-001,menghalangi,O
000232-001,engkau,O
000232-001,memasuki,O
000232-001,Masjidil,B_LOCATION
000232-001,"Haram,""",I_LOCATION
000232-001,Rasulullah,B_PERSON
000232-001,"bersabda,",O
000232-001,"""Sesungguhnya",O
000232-001,kami,O
000232-001,datang,O
000232-001,bukan,O
000232-001,untuk,O
000232-001,memerangi,O
000232-001,seseorang.,O
000232-001,Tetapi,O
000232-001,kami,O
000232-001,datang,O
000232-001,untuk,O
000232-001,melakukan,O
000232-001,umrah.,O
000232-001,Rupanya,O
000232-001,orang-orang,O
000232-001,Quraisy,O
000232-001,sudah,O
000232-001,semakin,O
000232-001,surut,O
000232-001,dan,O
000232-001,menjadi,O
000232-001,buta,O
000232-001,karena,O
000232-001,peperangan.,O
000232-001,Jika,O
000232-001,mereka,O
000232-001,"menghendaki,",O
000232-001,engkau,O
000232-001,bisa,O
000232-001,membujuk,O
000232-001,mereka,O
000232-001,dan,O
000232-001,membukakan,O
000232-001,jalan,O
000232-001,"bagiku,",O
000232-001,dan,O
000232-001,jika,O
000232-001,mereka,O
000232-001,menghendaki,O
000232-001,untuk,O
000232-001,memasuki,O
000232-001,sesuatu,O
000232-001,yang,O
000232-001,biasa,O
000232-001,dimasuki,O
000232-001,"manusia,",O
000232-001,maka,O
000232-001,mereka,O
000232-001,bisa,O
000232-001,melakukannya,O
000232-001,yang,O
000232-001,berarti,O
000232-001,mereka,O
000232-001,masih,O
000232-001,memiliki,O
000232-001,nyali.,O
000232-001,Namun,O
000232-001,jika,O
000232-001,tidak,O
000232-001,menghendaki,O
000232-001,kecuali,O
000232-001,"perang,",O
000232-001,maka,O
000232-001,demi,O
000232-001,diriku,O
000232-001,yang,O
000232-001,ada,O
000232-001,di,O
000232-001,"tangan-Nya,",O
000232-001,aku,O
000232-001,pasti,O
000232-001,akan,O
000232-001,melayani,O
000232-001,keinginan,O
000232-001,mereka,O
000232-001,hingga,O
000232-001,kemenangan,O
000232-001,yang,O
000232-001,lalu,O
000232-001,hanya,O
000232-001,menjadi,O
000232-001,milikku,O
000232-001,atau,O
000232-001,biarlah,O
000232-001,Allah,O
000232-001,menentukan,O
000232-001,"keputusan-Nya.""",O
000232-001,Budail,O
000232-001,"berkata,",O
000232-001,"""Aku",O
000232-001,akan,O
000232-001,menyampaikan,O
000232-001,apa,O
000232-001,yang,O
000232-001,engkau,O
000232-001,katakan,O
000232-001,ini,O
000232-001,kepada,O
000232-001,"mereka.""",O
000232-001,Lalu,O
000232-001,dia,O
000232-001,beranjak,O
000232-001,pergi,O
000232-001,untuk,O
000232-001,menemui,O
000232-001,"Quraisy,",O
000232-001,seraya,O
000232-001,"berkata,",O
000232-001,"""Aku",O
000232-001,datang,O
000232-001,kepada,O
000232-001,kalian,O
000232-001,setelah,O
000232-001,menemui,O
000232-001,Muhammad,B_PERSON
000232-001,dan,O
000232-001,aku,O
000232-001,mendengar,O
000232-001,dia,O
000232-001,telah,O
000232-001,mengucapkan,O
000232-001,suatu,O
000232-001,perkataan.,O
000240-002,"Dan,",O
000240-002,janganlah,O
000240-002,kalian,O
000240-002,tetap,O
000240-002,berpegang,O
000240-002,kepada,O
000240-002,tali,O
000240-002,(perkawinan),O
000240-002,dengan,O
000240-002,perempuan-perempuan,O
000240-002,kafir.,O
000240-002,"""",O
000240-002,(Al-Mumtahanah:,O
000240-002,10),O
000240-002,Nabi,O
000240-002,menguji,O
000240-002,para,O
000240-002,wanita,O
000240-002,itu,O
000240-002,berdasarkan,O
000240-002,perintah,O
000240-002,dari,O
000240-002,"Allah,",O
000240-002,Ka,O
000240-002,I,O
000240-002,EL,O
000240-002,e,O
000240-002,EEgx,O
000240-002,"""Hai",O
000240-002,"Nabi,",O
000240-002,apabila,O
000240-002,datang,O
000240-002,kepadamu,O
000240-002,perempuan-perempuan,O
000240-002,yang,O
000240-002,beriman,O
000240-002,untuk,O
000240-002,mengadakan,O
000240-002,janji,O
000240-002,"setia,",O
000240-002,bahwa,O
000240-002,mereka,O
000240-002,tiada,O
000240-002,akan,O
000240-002,menyekutukan,O
000240-002,"Allah,",O
000240-002,tidak,O
000240-002,akan,O
000240-002,"mencuri,",O
000240-002,tidak,O
000240-002,akan,O
000240-002,"berzina,",O
000240-002,tidak,O
000240-002,akan,O
000240-002,membunuh,O
000240-002,"anak-anaknya,",O
000240-002,tidak,O
000240-002,akan,O
000240-002,berbuat,O
000240-002,dusta,O
000240-002,yang,O
000240-002,mereka,O
000240-002,ada-adakan,O
000240-002,antara,O
000240-002,tangan,O
000240-002,dan,O
000240-002,kaki,O
000240-002,mereka,O
000240-002,dan,O
000240-002,tidak,O
000240-002,akan,O
000240-002,mendurhakaimu,O
000240-002,dalam,O
000240-002,urusan,O
000240-002,yang,O
000240-002,"baik,",O
000240-002,maka,O
000240-002,terimalah,O
000240-002,janji,O
000240-002,setia,O
000240-002,mereka,O
000240-002,dan,O
000240-002,mohonkanlah,O
000240-002,ampunan,O
000240-002,kepada,O
000240-002,Allah,O
000240-002,untuk,O
000240-002,mereka.,O
000240-002,Sesungguhnya,O
000240-002,Allah,O
000240-002,Maha,O
000240-002,Pengampun,O
000240-002,lagi,O
000240-002,Maha,O
000240-002,Penyayang.,O
000240-002,"""",O
000240-002,(Al-Mumtahanah:,O
000240-002,12),O
000240-002,Siapa,O
000240-002,yang,O
000240-002,menerima,O
000240-002,syarat-syarat,O
000240-002,"ini,",O
000240-002,maka,O
000240-002,beliau,O
000240-002,bersabda,O
000240-002,"kepadanya,",O
000240-002,"""Aku",O
000240-002,telah,O
000240-002,"membaiatmu.""",O
000240-002,Setelah,O
000240-002,itu,O
000240-002,beliau,O
000240-002,tidak,O
000240-002,mengembalikan,O
000240-002,mereka,O
000240-002,kepada,O
000240-002,pihak,O
000240-002,Quraisy.,O
000240-002,Dengan,O
000240-002,hukum,O
000240-002,dalam,O
000240-002,ayat-ayat,O
000240-002,"ini,",O
000240-002,orang-orang,O
000240-002,Muslim,O
000240-002,menceraikan,O
000240-002,istri-istri,O
000240-002,mereka,O
000240-002,yang,O
000240-002,kafir.,O
000240-002,Sehingga,O
000240-002,saat,O
000240-002,itu,O
000240-002,pula,O
000240-002,Umar,B_PERSON
000240-002,bin,I_PERSON
000240-002,Al-Khaththab,I_PERSON
000240-002,menceraikan,O
000240-002,dua,O
000240-002,istrinya,O
000240-002,yang,O
000240-002,kafir.,O
000240-002,Lalu,O
000240-002,salah,O
000240-002,seorang,O
000240-002,dari,O
000240-002,keduanya,O
000240-002,dikawin,O
000240-002,Mu'awiyah,O
000240-002,dan,O
000240-002,satunya,O
000240-002,lagi,O
000240-002,dikawin,O
000240-002,Shafwan,B_PERSON
000240-002,bin,I_PERSON
000240-002,Umayyah,I_PERSON
000241-004,Di,O
000241-004,sini,O
000241-004,tidak,O
000241-004,ada,O
000241-004,sesuatu,O
000241-004,yang,O
000241-004,membahayakan,O
000241-004,bagi,O
000241-004,orang-orang,O
000241-004,Muslim.,O
000241-004,Sebagaimana,O
000241-004,"diketahui,",O
000241-004,selagi,O
000241-004,seseorang,O
000241-004,disebut,O
000241-004,orang,O
000241-004,"Muslim,",O
000241-004,tentu,O
000241-004,dia,O
000241-004,tidak,O
000241-004,akan,O
000241-004,lari,O
000241-004,dari,O
000241-004,Allah,O
000241-004,dan,O
000241-004,Rasul-,O
000241-004,"Nya,",O
000241-004,tidak,O
000241-004,meninggalkan,O
000241-004,wilayah,O
000241-004,"Islam,",O
000241-004,kecuali,O
000241-004,dia,O
000241-004,memang,O
000241-004,murtad,O
000241-004,secara,O
000241-004,lahir,O
000241-004,dan,O
000241-004,batin.,O
000241-004,Jika,O
000241-004,dia,O
000241-004,"murtad,",O
000241-004,maka,O
000241-004,Islam,O
000241-004,dan,O
000241-004,orang-orang,O
000241-004,Muslim,O
000241-004,sama,O
000241-004,sekali,O
000241-004,tidak,O
000241-004,membutuhkan,O
000241-004,dirinya.,O
000241-004,Bahkan,O
000241-004,tindakannya,O
000241-004,yang,O
000241-004,memisahkan,O
000241-004,diri,O
000241-004,dari,O
000241-004,masyarakat,O
000241-004,Islam,O
000241-004,jauh,O
000241-004,lebih,O
000241-004,baik,O
000241-004,daripada,O
000241-004,dia,O
000241-004,berada,O
000241-004,di,O
000241-004,tengah,O
000241-004,mereka,O
000241-004,Ini,O
000241-004,yang,O
000241-004,diisyaratkan,O
000241-004,Rasulullah,B_PERSON
000241-004,dalam,O
000241-004,sabda,O
000241-004,"beliau,",O
000241-004,"""Sesungguhnya",O
000241-004,siapa,O
000241-004,pun,O
000241-004,di,O
000241-004,antara,O
000241-004,kita,O
000241-004,yang,O
000241-004,pergi,O
000241-004,bergabung,O
000241-004,dengan,O
000241-004,"mereka,",O
000241-004,maka,O
000241-004,dia,O
000241-004,akan,O
000241-004,dijauhi,O
000241-004,Allah.,O
000241-004,Sedangkan,O
000241-004,di,O
000241-004,antara,O
000241-004,orang,O
000241-004,Makkah,B_LOCATION
000241-004,yang,O
000241-004,masuk,O
000241-004,"Islam,",O
000241-004,kalaupun,O
000241-004,dia,O
000241-004,tidak,O
000241-004,bisa,O
000241-004,datang,O
000241-004,ke,O
000241-004,"Madinah,",B_LOCATION
000241-004,toh,O
000241-004,bumi,O
000241-004,Allah,O
000241-004,itu,O
000241-004,amat,O
000241-004,luas.,O
000241-004,Bukankah,O
000241-004,Habasyah,B_LOCATION
000241-004,terbuka,O
000241-004,lebar,O
000241-004,bagi,O
000241-004,orang-orang,O
000241-004,Muslim,O
000241-004,pada,O
000241-004,saat,O
000241-004,penduduk,O
000241-004,Madinah,B_LOCATION
000241-004,belum,O
000241-004,mengenal,O
000241-004,Islam,O
000241-004,sedikit,O
000241-004,"pun?""",O
000241-004,Ini,O
000241-004,pula,O
000241-004,yang,O
000241-004,diisyaratkan,O
000241-004,Rasulullah,B_PERSON
000241-004,dalam,O
000241-004,sabda,O
000241-004,"beliau,",O
000241-004,"""Dan",O
000241-004,barangsiapa,O
000241-004,di,O
000241-004,antara,O
000241-004,mereka,O
000241-004,yang,O
000241-004,hendak,O
000241-004,mendatangi,O
000241-004,"kita,",O
000241-004,tentu,O
000241-004,Allah,O
000241-004,akan,O
000241-004,memberikan,O
000241-004,pemecahan,O
000241-004,dan,O
000241-004,jalan,O
000241-004,keluar,O
000241-004,"kepadanya.""",O
000241-004,Mengambil,O
000241-004,langkah,O
000241-004,seperti,O
000241-004,"ini,",O
000241-004,sekalipun,O
000241-004,secara,O
000241-004,sepintas,O
000241-004,lalu,O
000241-004,tampak,O
000241-004,keunggulan,O
000241-004,bagi,O
000241-004,"Quraisy,",O
000241-004,pada,O
000241-004,hakikatnya,O
000241-004,mencerminkan,O
000241-004,"kegundahan,",O
000241-004,"kegelisahan,",O
000241-004,dan,O
000241-004,ketakutan,O
000241-004,mereka,O
000241-004,terhadap,O
000241-004,eksistensi,O
000241-004,paganisme.,O
000241-004,Mereka,O
000241-004,merasa,O
000241-004,seakan-akan,O
000241-004,eksistensi,O
000241-004,mereka,O
000241-004,berada,O
000241-004,di,O
000241-004,pinggir,O
000241-004,jurang,O
000241-004,yang,O
000241-004,terjal,O
000241-004,Maka,O
000241-004,langkah,O
000241-004,inilah,O
000241-004,yang,O
000241-004,mereka,O
000241-004,ambil.,O
000241-004,Kalaupun,O
000241-004,ada,O
000241-004,di,O
000241-004,antara,O
000241-004,orang-orang,O
000241-004,Muslim,O
000241-004,yang,O
000241-004,lari,O
000241-004,ke,O
000241-004,pihak,O
000241-004,"Quraisy,",O
000241-004,maka,O
000241-004,Nabi,O
000241-004,tak,O
000241-004,akan,O
000241-004,meminta,O
000241-004,untuk,O
000241-004,mengembalikannya.,O
000248-001,Nabi,O
000248-001,menulis,O
000248-001,surat,O
000248-001,kepada,O
000248-001,Juraij,B_PERSON
000248-001,bin,I_PERSON
000248-001,"Mata,",I_PERSON
000248-001,yang,O
000248-001,bergelar,O
000248-001,Muqauqis.,O
000248-001,raja,O
000248-001,Mesir,B_LOCATION
000248-001,dan,O
000248-001,Iskandaria.,B_LOCATION
000248-001,Inilah,O
000248-001,isi,O
000248-001,surat,O
000248-001,beliau:,O
000248-001,"""Bismillahir",O
000248-001,rahmanir,O
000248-001,rahim.,O
000248-001,Dari,O
000248-001,"Muhammad,",B_PERSON
000248-001,hamba,O
000248-001,Allah,O
000248-001,dan,O
000248-001,"Rasul-Nya,",O
000248-001,kepada,O
000248-001,Muqauqis,O
000248-001,Raja,O
000248-001,Qibthi.,O
000248-001,Keselamatan,O
000248-001,bagi,O
000248-001,siapa,O
000248-001,pun,O
000248-001,yang,O
000248-001,mengikuti,O
000248-001,"petunjuk,",O
000248-001,amma,O
000248-001,ba'd.,O
000248-001,Aku,O
000248-001,menyeru,O
000248-001,tuan,O
000248-001,dengan,O
000248-001,seruan,O
000248-001,Islam.,O
000248-001,Masuklah,O
000248-001,"Islam,",O
000248-001,niscaya,O
000248-001,tuan,O
000248-001,akan,O
000248-001,selamat.,O
000248-001,Masuklah,O
000248-001,Islam,O
000248-001,niscaya,O
000248-001,Allah,O
000248-001,akan,O
000248-001,memberikan,O
000248-001,pahala,O
000248-001,kepada,O
000248-001,tuan,O
000248-001,dua,O
000248-001,kali,O
000248-001,lipat.,O
000248-001,Namun,O
000248-001,jika,O
000248-001,tuan,O
000248-001,"berpaling,",O
000248-001,maka,O
000248-001,tuan,O
000248-001,akan,O
000248-001,menanggung,O
000248-001,dosa,O
000248-001,penduduk,O
000248-001,Qibthi.,O
000248-001,224,O
000248-001,Zadul,O
000248-001,"Ma'ad,",O
000248-001,3/61,O
000248-001,"""Katakanlah:",O
000248-001,"""Hai",O
000248-001,Ahli,O
000248-001,"Kitab,",O
000248-001,marilah,O
000248-001,(berpegang),O
000248-001,kepada,O
000248-001,suatu,O
000248-001,kalimat,O
000248-001,(ketetapan),O
000248-001,yang,O
000248-001,tidak,O
000248-001,ada,O
000248-001,perselisihan,O
000248-001,antara,O
000248-001,kami,O
000248-001,dan,O
000248-001,"kamu,",O
000248-001,bahwa,O
000248-001,tidak,O
000248-001,kita,O
000248-001,sembah,O
000248-001,kecuali,O
000248-001,Allah,O
000248-001,dan,O
000248-001,tidak,O
000248-001,kita,O
000248-001,persekutukan,O
000248-001,Dia,O
000248-001,dengan,O
000248-001,sesuatu,O
000248-001,pun,O
000248-001,dan,O
000248-001,tidak,O
000248-001,(pula),O
000248-001,sebagian,O
000248-001,kita,O
000248-001,menjadikan,O
000248-001,sebagian,O
000248-001,yang,O
000248-001,lain,O
000248-001,sebagai,O
000248-001,Tuhan,O
000248-001,selain,O
000248-001,Allah.,O
000248-001,"""",O
000248-001,Jika,O
000248-001,mereka,O
000248-001,berpaling,O
000248-001,maka,O
000248-001,katakanlah,O
000248-001,kepada,O
000248-001,mereka:,O
000248-001,"""Saksikanlah,",O
000248-001,bahwa,O
000248-001,kami,O
000248-001,adalah,O
000248-001,orang-orang,O
000248-001,yang,O
000248-001,berserah,O
000248-001,diri,O
000248-001,(kepada,O
000248-001,Allah).,O
000248-001,"""",O
000248-001,(Ali,B_PERSON
000248-001,Imran:,O
000248-001,64),O
000248-001,Surat,O
000248-001,ini,O
000248-001,dibawa,O
000248-001,Hathib,B_PERSON
000248-001,bin,I_PERSON
000248-001,Abu,I_PERSON
000248-001,Balta'ah.,I_PERSON
000248-001,Setelah,O
000248-001,menghadap,O
000248-001,"Muqauqis,",O
000248-001,Hathib,O
000248-001,berkata,O
000248-001,"kepadanya,",O
000248-001,"""Sebelumnya",O
000248-001,sebelum,O
000248-001,tuan,O
000248-001,ada,O
000248-001,seseorang,O
000248-001,yang,O
000248-001,mengaku,O
000248-001,bahwa,O
000248-001,dia,O
000248-001,adalah,O
000248-001,tuhan,O
000248-001,yang,O
000248-001,paling,O
000248-001,tinggi.,O
000248-001,Lalu,O
000248-001,Allah,O
000248-001,menimpakkan,O
000248-001,hukuman,O
000248-001,kepadanya,O
000248-001,di,O
000248-001,dunia,O
000248-001,dan,O
000248-001,akhirat.,O
000248-001,Allah,O
000248-001,menyiksanya,O
000248-001,lalu,O
000248-001,menyiksanya,O
000248-001,lagi.,O
000267-001,Benteng,O
000267-001,Ash-Sha'b,O
000267-001,merupakan,O
000267-001,benteng,O
000267-001,kedua,O
000267-001,yang,O
000267-001,terkokoh,O
000267-001,setelah,O
000267-001,benteng,O
000267-001,Na'im.,O
000267-001,Orang-orang,O
000267-001,Muslim,O
000267-001,melancarkan,O
000267-001,serangan,O
000267-001,di,O
000267-001,bawah,O
000267-001,komando,O
000267-001,bin,B_PERSON
000267-001,Al-Anshari.,I_PERSON
000267-001,Mereka,O
000267-001,mengepung,O
000267-001,benteng,O
000267-001,ini,O
000267-001,selama,O
000267-001,tiga,O
000267-001,hari.,O
000267-001,Pada,O
000267-001,hari,O
000267-001,"ketiga,",O
000267-001,Rasulullah,B_PERSON
000267-001,mengucapkan,O
000267-001,doa,O
000267-001,khusus,O
000267-001,untuk,O
000267-001,dapat,O
000267-001,menaklukkan,O
000267-001,benteng,O
000267-001,ini.,O
000267-001,Abu,B_PERSON
000267-001,Ishaq,I_PERSON
000267-001,meriwayatkan,O
000267-001,bahwa,O
000267-001,bani,O
000267-001,Sahm,O
000267-001,dari,O
000267-001,Bani,O
000267-001,Aslam,O
000267-001,mendatangi,O
000267-001,beliau,O
000267-001,dan,O
000267-001,"berkata,",O
000267-001,"""Kita",O
000267-001,telah,O
000267-001,berjuang,O
000267-001,dan,O
000267-001,tidak,O
000267-001,ada,O
000267-001,lagi,O
000267-001,sesuatu,O
000267-001,yang,O
000267-001,tersisa,O
000267-001,di,O
000267-001,tangan,O
000267-001,"kita.""",O
000267-001,Beliau,O
000267-001,memanjatkan,O
000267-001,"""Ya",O
000267-001,"Allah,",O
000267-001,Engkau,O
000267-001,sudah,O
000267-001,tahu,O
000267-001,keadaan,O
000267-001,mereka,O
000267-001,(orang-orang,O
000267-001,Muslim).,O
000267-001,Mereka,O
000267-001,tidak,O
000267-001,lagi,O
000267-001,mempunyai,O
000267-001,kekuatan,O
000267-001,dan,O
000267-001,di,O
000267-001,tanganku,O
000267-001,tak,O
000267-001,ada,O
000267-001,lagi,O
000267-001,sesuatu,O
000267-001,pun,O
000267-001,yang,O
000267-001,bisa,O
000267-001,kuberikan,O
000267-001,kepada,O
000267-001,mereka.,O
000267-001,Maka,O
000267-001,berikanlah,O
000267-001,kemenangan,O
000267-001,kepada,O
000267-001,mereka,O
000267-001,dengan,O
000267-001,menaklukkan,O
000267-001,benteng,O
000267-001,yang,O
000267-001,paling,O
000267-001,mereka,O
000267-001,"perlukan,",O
000267-001,paling,O
000267-001,banyak,O
000267-001,makanan,O
000267-001,dan,O
000267-001,paling,O
000267-001,gemuk,O
000267-001,ternak-,O
000267-001,ternaknya.,O
000267-001,"""",O
000267-001,Orang-orang,O
000267-001,muslim,O
000267-001,bangkit,O
000267-001,melakukan,O
000267-001,penyerbuan,O
000267-001,dan,O
000267-001,Allah,O
000267-001,menundukkan,O
000267-001,benteng,O
000267-001,Ash-Sha'b,B_PERSON
000267-001,bin,I_PERSON
000267-001,Muadz.,I_PERSON
000267-001,Sementara,O
000267-001,di,O
000267-001,Khaibar,B_LOCATION
000267-001,tidak,O
000267-001,ada,O
000267-001,benteng,O
000267-001,yang,O
000267-001,lebih,O
000267-001,banyak,O
000267-001,makanannya,O
000267-001,dan,O
000267-001,lebih,O
000267-001,gemuk,O
000267-001,ternak-ternaknya,O
000267-001,selain,O
000267-001,dari,O
000267-001,benteng,O
000267-001,ini.,O
000267-001,Setelah,O
000267-001,Nabi,O
000267-001,memanjatkan,O
000267-001,doa,O
000267-001,dan,O
000267-001,memerintahkan,O
000267-001,untuk,O
000267-001,menyerbu,O
000267-001,"benteng,",O
000267-001,maka,O
000267-001,Bani,O
000267-001,Aslamlah,O
000267-001,yang,O
000267-001,berada,O
000267-001,di,O
000267-001,barisan,O
000267-001,terdepan.,O
000267-001,Terjadi,O
000267-001,pertempuran,O
000267-001,yang,O
000267-001,sengit,O
000267-001,di,O
000267-001,depan,O
000267-001,benteng.,O
000267-001,Sebelum,O
000267-001,matahari,O
000267-001,tenggelam,O
000267-001,benteng,O
000267-001,sudah,O
000267-001,bisa,O
000267-001,direbut,O
000267-001,dan,O
000267-001,ditaklukkan.,O
000281-001,Tatkala,O
000281-001,orang-orang,O
000281-001,Yahudi,O
000281-001,Taima',O
000281-001,mendengar,O
000281-001,kabar,O
000281-001,tentang,O
000281-001,penduduk,O
000281-001,Khaibar,B_LOCATION
000281-001,yang,O
000281-001,"menyerah,",O
000281-001,kemudian,O
000281-001,disusul,O
000281-001,penduduk,O
000281-001,Fadak,O
000281-001,dan,O
000281-001,Wadil,O
000281-001,"Qura,",O
000281-001,mereka,O
000281-001,tidak,O
000281-001,berani,O
000281-001,menunjukkan,O
000281-001,perlawanan,O
000281-001,terhadap,O
000281-001,orang-orang,O
000281-001,Muslim,O
000281-001,Mereka,O
000281-001,mengirimkan,O
000281-001,utusan,O
000281-001,untuk,O
000281-001,menawarkan,O
000281-001,perjanjian,O
000281-001,damai.,O
000281-001,Rasulullah,B_PERSON
000281-001,menerima,O
000281-001,tawaran,O
000281-001,ini.,O
000281-001,Isi,O
000281-001,perjanjian,O
000281-001,dituangkan,O
000281-001,dalam,O
000281-001,sebuah,O
000281-001,"tulisan,",O
000281-001,yang,O
000281-001,isinya:,O
000281-001,"""Inilah",O
000281-001,perjanjian,O
000281-001,Muhammad,B_PERSON
000281-001,Rasul,O
000281-001,Allah,O
000281-001,dengan,O
000281-001,Bani,O
000281-001,"Adi,",O
000281-001,bahwa,O
000281-001,mereka,O
000281-001,mendapat,O
000281-001,jaminan,O
000281-001,sebagai,O
000281-001,ahli,O
000281-001,"dzimmah,",O
000281-001,mereka,O
000281-001,harus,O
000281-001,menyerahkan,O
000281-001,"jizyah,",O
000281-001,tidak,O
000281-001,ada,O
000281-001,permusuhan,O
000281-001,dan,O
000281-001,kepindahan,O
000281-001,ke,O
000281-001,tempat,O
000281-001,"lain.""",O
000281-001,Yang,O
000281-001,bertugas,O
000281-001,menulis,O
000281-001,surat,O
000281-001,perjanjian,O
000281-001,ini,O
000281-001,adalah,O
000281-001,Khalid,B_PERSON
000281-001,bin,I_PERSON
000281-001,Sa'id.,I_PERSON
000281-001,235,O
000281-001,Zadul,O
000281-001,"Ma'ad,",O
000281-001,2/146-147.,O
000332-002,Mereka,O
000332-002,pun,O
000332-002,bermarkas,O
000332-002,di,O
000332-002,sana.,O
000332-002,Nabi,O
000332-002,memasang,O
000332-002,manjaniq,O
000332-002,ke,O
000332-002,arah,O
000332-002,penduduk,O
000332-002,Tha'if,B_LOCATION
000332-002,di,O
000332-002,dalam,O
000332-002,benteng,O
000332-002,dan,O
000332-002,melontarkan,O
000332-002,peluru-peluru,O
000332-002,"batu,",O
000332-002,hingga,O
000332-002,dapat,O
000332-002,merontokkan,O
000332-002,sebagian,O
000332-002,dinding,O
000332-002,benteng,O
000332-002,dan,O
000332-002,beberapa,O
000332-002,prajurit,O
000332-002,Muslim,O
000332-002,masuk,O
000332-002,ke,O
000332-002,dalam,O
000332-002,benteng,O
000332-002,lewat,O
000332-002,dinding,O
000332-002,yang,O
000332-002,sudah,O
000332-002,terlubangi,O
000332-002,itu.,O
000332-002,Mereka,O
000332-002,masuk,O
000332-002,ke,O
000332-002,arah,O
000332-002,pagar,O
000332-002,benteng,O
000332-002,untuk,O
000332-002,membakarnya.,O
000332-002,Tetapi,O
000332-002,musuh,O
000332-002,melontarkan,O
000332-002,besi,O
000332-002,yang,O
000332-002,sudah,O
000332-002,dibakar,O
000332-002,panas,O
000332-002,dan,O
000332-002,juga,O
000332-002,serangan,O
000332-002,anak,O
000332-002,panah,O
000332-002,ke,O
000332-002,arah,O
000332-002,orang-orang,O
000332-002,Muslim,O
000332-002,yang,O
000332-002,masuk,O
000332-002,ke,O
000332-002,dalam,O
000332-002,benteng,O
000332-002,hingga,O
000332-002,dapat,O
000332-002,membunuh,O
000332-002,sebagian,O
000332-002,di,O
000332-002,antara,O
000332-002,mereka,O
000332-002,Sebagai,O
000332-002,bagian,O
000332-002,dari,O
000332-002,siasat,O
000332-002,"perang,",O
000332-002,Rasulullah,B_PERSON
000332-002,memerintahkan,O
000332-002,untuk,O
000332-002,menebangi,O
000332-002,pohon,O
000332-002,anggur,O
000332-002,dan,O
000332-002,membakarnya.,O
000332-002,Karena,O
000332-002,cukup,O
000332-002,banyak,O
000332-002,pohon-,O
000332-002,pohon,O
000332-002,anggur,O
000332-002,yang,O
000332-002,"ditebangi,",O
000332-002,pihak,O
000332-002,musuh,O
000332-002,dari,O
000332-002,pihak,O
000332-002,Tha'if,O
000332-002,memohon,O
000332-002,atas,O
000332-002,nama,O
000332-002,Allah,O
000332-002,dan,O
000332-002,hubungan,O
000332-002,"kekerabatan,",O
000332-002,agar,O
000332-002,penebangan,O
000332-002,itu,O
000332-002,dihentikan.,O
000332-002,Beliau,O
000332-002,mengabulkan,O
000332-002,permohonan,O
000332-002,mereka.,O
000332-002,Lalu,O
000332-002,beliau,O
000332-002,"berseru,",O
000332-002,"""Siapa",O
000332-002,pun,O
000332-002,yang,O
000332-002,mau,O
000332-002,turun,O
000332-002,dari,O
000332-002,benteng,O
000332-002,dan,O
000332-002,datang,O
000332-002,ke,O
000332-002,"sini,",O
000332-002,maka,O
000332-002,dia,O
000332-002,"bebas.""",O
000332-002,Ada,O
000332-002,20,O
000332-002,orang,O
000332-002,yang,O
000332-002,turun,O
000332-002,dari,O
000332-002,benteng,O
000332-002,dan,O
000332-002,mendatangi,O
000332-002,pasukan,O
000332-002,Muslimin.,O
000332-002,Di,O
000332-002,antara,O
000332-002,mereka,O
000332-002,ada,O
000332-002,yang,O
000332-002,dijuluki,O
000332-002,Abu,B_PERSON
000332-002,Bakrah.,I_PERSON
000332-002,Pekerjaannya,O
000332-002,memanjat,O
000332-002,dinding,O
000332-002,benteng,O
000332-002,Tha'if,B_LOCATION
000332-002,lalu,O
000332-002,menjulurkan,O
000332-002,kerekan,O
000332-002,bundar,O
000332-002,untuk,O
000332-002,mengambil,O
000332-002,air,O
000332-002,minum.,O
000332-002,Maka,O
000332-002,beliau,O
000332-002,menjulukinya,O
000332-002,Abu,B_PERSON
000332-002,Bakrah,I_PERSON
000332-002,(tukang,O
000332-002,kerek).,O
000347-003,Saat,O
000347-003,perjalanan,O
000347-003,sudah,O
000347-003,mendekati,O
000347-003,"Tabuk,",B_LOCATION
000347-003,beliau,O
000347-003,"bersabda,",O
000347-003,"""Insya",O
000347-003,Allah,O
000347-003,besok,O
000347-003,kalian,O
000347-003,sudah,O
000347-003,sampai,O
000347-003,di,O
000347-003,mata,O
000347-003,air,O
000347-003,Tabuk.,B_LOCATION
000347-003,Paling,O
000347-003,cepat,O
000347-003,kalian,O
000347-003,tiba,O
000347-003,di,O
000347-003,sana,O
000347-003,pada,O
000347-003,waktu,O
000347-003,dhuha.,O
000347-003,Siapa,O
000347-003,pun,O
000347-003,yang,O
000347-003,sudah,O
000347-003,tiba,O
000347-003,di,O
000347-003,"sana,",O
000347-003,maka,O
000347-003,dia,O
000347-003,tidak,O
000347-003,boleh,O
000347-003,mengambil,O
000347-003,air,O
000347-003,sedikit,O
000347-003,pun,O
000347-003,di,O
000347-003,sana,O
000347-003,hingga,O
000347-003,aku,O
000347-003,"tiba.""",O
000347-003,Mu,O
000347-003,adz,O
000347-003,"menuturkan,",O
000347-003,"""Ada",O
000347-003,dua,O
000347-003,orang,O
000347-003,yang,O
000347-003,lebih,O
000347-003,dahulu,O
000347-003,tiba,O
000347-003,di,O
000347-003,sana.,O
000347-003,Mata,O
000347-003,airnya,O
000347-003,hanya,O
000347-003,mengeluarkan,O
000347-003,sedikit,O
000347-003,air.,O
000347-003,Beliau,O
000347-003,bertanya,O
000347-003,kepada,O
000347-003,dua,O
000347-003,orang,O
000347-003,"itu,",O
000347-003,"""Apakah",O
000347-003,kalian,O
000347-003,berdua,O
000347-003,sudah,O
000347-003,mengambil,O
000347-003,airnya,O
000347-003,walau,O
000347-003,"sedikit?""",O
000347-003,"""Sudah,""",O
000347-003,jawab,O
000347-003,keduanya,O
000347-003,Beliau,O
000347-003,mengucapkan,O
000347-003,sepatah,O
000347-003,dua,O
000347-003,patah,O
000347-003,kata,O
000347-003,kepada,O
000347-003,keduanya,O
000347-003,seperti,O
000347-003,yang,O
000347-003,dikehendaki,O
000347-003,Allah,O
000347-003,untuk,O
000347-003,dikatakan,O
000347-003,kepada,O
000347-003,mereka,O
000347-003,berdua.,O
000347-003,Kemudian,O
000347-003,beliau,O
000347-003,mengambil,O
000347-003,sedikit,O
000347-003,airnya,O
000347-003,lalu,O
000347-003,beliau,O
000347-003,menggunakannya,O
000347-003,untuk,O
000347-003,membasuh,O
000347-003,muka,O
000347-003,dan,O
000347-003,tangan.,O
000347-003,Kemudian,O
000347-003,air,O
000347-003,itu,O
000347-003,dikembalikan,O
000347-003,lagi,O
000347-003,ke,O
000347-003,mata,O
000347-003,"airnya,",O
000347-003,hingga,O
000347-003,airnya,O
000347-003,berlimpah,O
000347-003,ruah.,O
000347-003,Maka,O
000347-003,orang-orang,O
000347-003,bisa,O
000347-003,mengambil,O
000347-003,air,O
000347-003,dari,O
000347-003,mata,O
000347-003,air,O
000347-003,itu.,O
000347-003,Kemudian,O
000347-003,beliau,O
000347-003,"bersabda,",O
000347-003,"""Wahai",O
000347-003,"Mu'adz,",O
000347-003,jika,O
000347-003,umurmu,O
000347-003,"panjang,",O
000347-003,maka,O
000347-003,tak,O
000347-003,seberapa,O
000347-003,lama,O
000347-003,kemudian,O
000347-003,engkau,O
000347-003,akan,O
000347-003,melihat,O
000347-003,di,O
000347-003,sini,O
000347-003,sudah,O
000347-003,penuh,O
000347-003,dengan,O
000347-003,"kebun-kebun.""",O
000347-003,Saat,O
000347-003,masih,O
000347-003,di,O
000347-003,perjalanan,O
000347-003,ke,O
000347-003,Tabuk,B_LOCATION
000347-003,atau,O
000347-003,menurut,O
000347-003,riwayat,O
000347-003,lain,O
000347-003,sudah,O
000347-003,tiba,O
000347-003,di,O
000347-003,"sana,",O
000347-003,Rasulullah,B_PERSON
000347-003,"bersabda,",O
000347-003,"""Malam",O
000347-003,ini,O
000347-003,akan,O
000347-003,berhembus,O
000347-003,angin,O
000347-003,y,O
000347-003,ang,O
000347-003,"kencang.""""",O
000347-003,Ada,O
000347-003,seseorang,O
000347-003,yang,O
000347-003,keluar,O
000347-003,dan,O
000347-003,berdiri,O
000347-003,hingga,O
000347-003,berhembus,O
000347-003,angin,O
000347-003,dan,O
000347-003,jatuh,O
000347-003,di,O
000347-003,celah,O
000347-003,antara,O
000347-003,dua,O
000347-003,bukit.,O
000347-003,Dalam,O
000347-003,perjalanan,O
000347-003,ini,O
000347-003,Rasulullah,B_PERSON
000347-003,senantiasa,O
000347-003,menjama',O
000347-003,antara,O
000347-003,shalat,O
000347-003,zhuhur,O
000347-003,dan,O
000347-003,"anshar,",O
000347-003,magrib,O
000347-003,dan,O
000347-003,"isya',",O
000347-003,kadang,O
000347-003,dengan,O
000347-003,jama',O
000347-003,taqdim,O
000347-003,kadang,O
000347-003,dengan,O
000347-003,jama',O
000347-003,ta'khir.,O
000349-002,Ia,O
000349-002,mencintai,O
000349-002,kami,O
000349-002,dan,O
000349-002,kami,O
000349-002,"mencintainya.""",O
000349-002,Secara,O
000349-002,lamat-lamat,O
000349-002,orang,O
000349-002,yang,O
000349-002,berada,O
000349-002,di,O
000349-002,Madinah,B_LOCATION
000349-002,bisa,O
000349-002,mendengar,O
000349-002,kedatangan,O
000349-002,beliau.,O
000349-002,Maka,O
000349-002,para,O
000349-002,wanita,O
000349-002,dan,O
000349-002,anak-anak,O
000349-002,keluar,O
000349-002,untuk,O
000349-002,menyongsong,O
000349-002,kedatangan,O
000349-002,pasukan,O
000349-002,dengan,O
000349-002,suasana,O
000349-002,"gembira,",O
000349-002,sambil,O
000349-002,mengucapkan,O
000349-002,syair,O
000349-002,seperti,O
000349-002,yang,O
000349-002,mereka,O
000349-002,ucapkan,O
000349-002,saat,O
000349-002,kedatangan,O
000349-002,beliau,O
000349-002,ke,O
000349-002,Madinah,B_LOCATION
000349-002,pertama,O
000349-002,kali,O
000349-002,Keberangkatan,O
000349-002,beliau,O
000349-002,ke,O
000349-002,Tabuk,B_LOCATION
000349-002,pada,O
000349-002,bulan,B_TIME
000349-002,Rajab,I_TIME
000349-002,dan,O
000349-002,pulang,O
000349-002,dari,O
000349-002,sana,O
000349-002,pada,O
000349-002,bulan,B_TIME
000349-002,Ramadhan.,I_TIME
000349-002,Peperangan,O
000349-002,ini,O
000349-002,memakan,O
000349-002,waktu,O
000349-002,selama,O
000349-002,50,O
000349-002,hari.,O
000349-002,Beliau,O
000349-002,berada,O
000349-002,di,O
000349-002,Tabuk,B_LOCATION
000349-002,selama,O
000349-002,20,O
000349-002,"hari,",O
000349-002,sedangkan,O
000349-002,sisanya,O
000349-002,dihabiskan,O
000349-002,di,O
000349-002,perjalanan,O
000349-002,pulang,O
000349-002,pergi.,O
000349-002,Ini,O
000349-002,merupakan,O
000349-002,peperangan,O
000349-002,beliau,O
000349-002,yang,O
000349-002,terakhir,O
000349-002,kali.,O
